CaseMasterID,ActID,SectionID,ActOrderID,SectionOrderID
1,IPC,326,1,1
2,IPC,380,1,1
3,IPC,379,1,1
4,IPC,147,1,1
5,IPC,380,1,1
6,IPC,380,1,1
7,IPC,498A,1,1
8,IPC,379,1,1
9,IPC,323,1,1
10,IPC,326,1,1
11,IPC,66D-ITACT,1,1
12,IPC,376,1,1
13,BNS,64,1,1
14,IPC,354,1,1
15,IPC,392,1,1
16,IPC,392,1,1
17,IPC,379,1,1
18,IPC,380,1,1
19,IPC,304,1,1
20,IPC,380,1,1
21,IPC,406,1,1
22,IPC,379,1,1
23,IPC,147,1,1
24,IPC,420,1,1
25,IPC,323,1,1
26,IPC,379,1,1
27,IPC,354,1,1
28,IPC,144,1,1
29,IPC,144,1,1
30,IPC,380,1,1
31,IPC,379,1,1
32,IPC,379,1,1
33,IPC,323,1,1
34,IPC,379,1,1
35,IPC,147,1,1
36,BNS,109,1,1
37,IPC,498A,1,1
38,IPC,379A,1,1
39,IPC,144,1,1
40,IPC,323,1,1
41,IPC,379,1,1
42,IPC,144,1,1
43,POCSO,4,1,1
44,IPC,66D-ITACT,1,1
45,POCSO,4,1,1
46,NDPS,20,1,1
47,ARMS,25,1,1
47,ARMS,27,2,2
48,IPC,392,1,1
49,IPC,354,1,1
50,IPC,323,1,1
51,IPC,323,1,1
52,IPC,66D-ITACT,1,1
53,IPC,66D-ITACT,1,1
54,IPC,420,1,1
55,IPC,498A,1,1
56,IPC,420,1,1
57,IPC,379A,1,1
58,IPC,354,1,1
59,NDPS,20,1,1
60,IPC,376,1,1
61,IPC,380,1,1
62,NDPS,20,1,1
63,IPC,379A,1,1
64,IPC,380,1,1
65,IPC,406,1,1
66,IPC,420,1,1
67,IPC,354,1,1
68,IPC,376,1,1
68,BNS,64,2,2
69,IPC,323,1,1
70,IPC,379,1,1
71,IPC,323,1,1
72,IPC,436,1,1
73,IPC,379A,1,1
74,IPC,354,1,1
75,IPC,379A,1,1
76,IPC,379A,1,1
77,IPC,144,1,1
78,IPC,304,1,1
79,IPC,304B,1,1
80,IPC,420,1,1
81,IPC,498A,1,1
82,IPC,144,1,1
83,IPC,380,1,1
84,IPC,420,1,1
85,IPC,323,1,1
86,IPC,379,1,1
87,IPC,304,1,1
88,IPC,420,1,1
89,IPC,380,1,1
90,IPC,66D-ITACT,1,1
91,NDPS,20,1,1
92,BNS,64,1,1
93,IPC,380,1,1
94,IPC,420,1,1
95,BNS,64,1,1
95,IPC,376,2,2
96,IPC,379A,1,1
97,IPC,379,1,1
98,IPC,420,1,1
99,BNS,103,1,1
99,IPC,302,2,2
100,BNS,109,1,1
101,IPC,380,1,1
102,IPC,323,1,1
103,IPC,379,1,1
104,IPC,304,1,1
105,IPC,379,1,1
106,IPC,323,1,1
107,IPC,376,1,1
108,IPC,380,1,1
109,IPC,379,1,1
110,IPC,379,1,1
111,IPC,323,1,1
112,IPC,326,1,1
113,IPC,380,1,1
114,IPC,379,1,1
115,IPC,380,1,1
116,IPC,380,1,1
117,IPC,379,1,1
118,IPC,354,1,1
119,IPC,379,1,1
120,IPC,392,1,1
121,IPC,379A,1,1
122,IPC,379,1,1
123,IPC,379,1,1
124,IPC,323,1,1
125,IPC,147,1,1
126,IPC,379A,1,1
127,IPC,380,1,1
128,IPC,379,1,1
129,IPC,379,1,1
130,IPC,380,1,1
131,IPC,323,1,1
132,IPC,436,1,1
133,IPC,354,1,1
134,IPC,147,1,1
135,BNS,64,1,1
136,IPC,147,1,1
137,IPC,406,1,1
138,IPC,379,1,1
139,IPC,420,1,1
140,IPC,395,1,1
141,IPC,420,1,1
142,POCSO,4,1,1
143,IPC,354,1,1
144,IPC,379,1,1
145,IPC,380,1,1
146,BNS,109,1,1
146,IPC,307,2,2
147,IPC,380,1,1
148,IPC,379,1,1
149,IPC,326,1,1
150,IPC,380,1,1
151,IPC,376,1,1
152,IPC,354,1,1
153,IPC,326,1,1
154,IPC,420,1,1
155,ARMS,27,1,1
156,IPC,323,1,1
157,NDPS,20,1,1
158,IPC,379A,1,1
159,IPC,147,1,1
160,NDPS,20,1,1
161,IPC,420,1,1
162,IPC,498A,1,1
163,IPC,498A,1,1
164,IPC,379A,1,1
165,IPC,379A,1,1
166,IPC,66D-ITACT,1,1
167,IPC,420,1,1
168,IPC,379,1,1
169,IPC,420,1,1
170,IPC,379,1,1
171,IPC,379A,1,1
172,IPC,144,1,1
173,IPC,379,1,1
174,IPC,380,1,1
175,IPC,392,1,1
176,BNS,103,1,1
177,IPC,498A,1,1
178,IPC,420,1,1
179,IPC,379,1,1
180,IPC,379,1,1
181,IPC,379,1,1
182,IPC,354,1,1
183,IPC,326,1,1
184,IPC,323,1,1
185,IPC,379,1,1
186,IPC,144,1,1
187,BNS,103,1,1
188,IPC,326,1,1
189,IPC,326,1,1
190,IPC,323,1,1
191,POCSO,4,1,1
192,IPC,392,1,1
193,IPC,354,1,1
194,IPC,420,1,1
195,BNS,109,1,1
196,IPC,379,1,1
197,IPC,363,1,1
198,IPC,380,1,1
199,IPC,395,1,1
200,IPC,363,1,1
201,IPC,379,1,1
202,IPC,323,1,1
203,IPC,379,1,1
204,IPC,379,1,1
205,IPC,380,1,1
206,IPC,323,1,1
207,IPC,379,1,1
208,IPC,498A,1,1
209,IPC,302,1,1
209,BNS,103,2,2
210,IPC,380,1,1
211,IPC,354,1,1
212,IPC,379,1,1
213,IPC,380,1,1
214,IPC,420,1,1
215,IPC,380,1,1
216,IPC,379,1,1
217,IPC,66D-ITACT,1,1
218,IPC,420,1,1
219,IPC,304B,1,1
220,IPC,66D-ITACT,1,1
221,IPC,498A,1,1
222,IPC,379A,1,1
223,IPC,380,1,1
224,IPC,420,1,1
225,IPC,498A,1,1
226,IPC,66D-ITACT,1,1
227,IPC,420,1,1
228,IPC,323,1,1
229,IPC,379A,1,1
230,IPC,379,1,1
231,IPC,498A,1,1
232,IPC,354,1,1
233,IPC,380,1,1
234,IPC,436,1,1
235,IPC,379,1,1
236,IPC,354,1,1
237,IPC,379,1,1
238,IPC,323,1,1
239,IPC,420,1,1
240,IPC,323,1,1
241,IPC,326,1,1
242,IPC,354,1,1
243,IPC,379,1,1
244,IPC,144,1,1
245,IPC,379,1,1
246,POCSO,4,1,1
247,POCSO,4,1,1
248,IPC,326,1,1
249,IPC,363,1,1
250,IPC,379,1,1
251,IPC,323,1,1
252,IPC,379,1,1
253,IPC,379,1,1
254,IPC,323,1,1
255,NDPS,20,1,1
256,IPC,406,1,1
257,IPC,354,1,1
258,IPC,323,1,1
259,IPC,66D-ITACT,1,1
260,IPC,420,1,1
261,IPC,354,1,1
262,IPC,392,1,1
263,IPC,380,1,1
264,IPC,379A,1,1
265,IPC,66D-ITACT,1,1
266,IPC,354,1,1
267,IPC,379,1,1
268,IPC,379,1,1
269,IPC,379A,1,1
270,IPC,323,1,1
271,IPC,379,1,1
272,IPC,326,1,1
273,IPC,66D-ITACT,1,1
274,IPC,323,1,1
275,IPC,144,1,1
276,IPC,420,1,1
277,IPC,420,1,1
278,IPC,66D-ITACT,1,1
279,IPC,302,1,1
280,IPC,363,1,1
281,IPC,392,1,1
282,IPC,498A,1,1
283,IPC,379A,1,1
284,IPC,323,1,1
285,IPC,498A,1,1
286,IPC,66D-ITACT,1,1
287,IPC,354,1,1
288,IPC,379,1,1
289,IPC,363,1,1
290,IPC,379,1,1
291,IPC,379,1,1
292,IPC,379A,1,1
293,IPC,379,1,1
294,IPC,326,1,1
295,IPC,66D-ITACT,1,1
296,IPC,498A,1,1
297,IPC,323,1,1
298,IPC,395,1,1
299,IPC,380,1,1
300,IPC,420,1,1
301,IPC,326,1,1
302,IPC,379,1,1
303,IPC,326,1,1
304,IPC,380,1,1
305,IPC,380,1,1
306,IPC,304B,1,1
307,IPC,498A,1,1
308,IPC,498A,1,1
309,IPC,323,1,1
310,IPC,420,1,1
311,IPC,498A,1,1
312,IPC,66D-ITACT,1,1
313,IPC,392,1,1
314,IPC,66D-ITACT,1,1
315,IPC,380,1,1
316,IPC,363,1,1
317,IPC,420,1,1
318,IPC,363,1,1
319,IPC,323,1,1
320,IPC,420,1,1
321,IPC,307,1,1
321,BNS,109,2,2
322,IPC,420,1,1
323,IPC,420,1,1
324,IPC,323,1,1
325,IPC,326,1,1
326,IPC,354,1,1
327,NDPS,20,1,1
328,IPC,379,1,1
329,IPC,380,1,1
330,IPC,498A,1,1
331,IPC,406,1,1
332,IPC,380,1,1
333,IPC,323,1,1
334,IPC,354,1,1
335,IPC,420,1,1
336,IPC,379,1,1
337,IPC,326,1,1
338,IPC,376,1,1
338,BNS,64,2,2
339,NDPS,20,1,1
340,IPC,379,1,1
341,IPC,379,1,1
342,IPC,420,1,1
343,IPC,147,1,1
344,IPC,379,1,1
345,IPC,66D-ITACT,1,1
346,IPC,498A,1,1
347,IPC,380,1,1
348,IPC,420,1,1
349,BNS,103,1,1
350,IPC,406,1,1
351,IPC,147,1,1
352,IPC,326,1,1
353,IPC,379,1,1
354,IPC,379,1,1
355,IPC,379,1,1
356,IPC,66D-ITACT,1,1
357,IPC,379,1,1
358,BNS,64,1,1
359,IPC,354,1,1
360,IPC,380,1,1
361,IPC,392,1,1
362,IPC,392,1,1
363,IPC,380,1,1
364,IPC,379A,1,1
365,IPC,144,1,1
366,IPC,436,1,1
367,IPC,354,1,1
368,IPC,406,1,1
369,BNS,103,1,1
370,IPC,66D-ITACT,1,1
371,POCSO,4,1,1
372,IPC,66D-ITACT,1,1
373,IPC,392,1,1
374,IPC,420,1,1
375,IPC,323,1,1
376,IPC,379,1,1
377,IPC,420,1,1
378,IPC,354,1,1
379,ARMS,27,1,1
380,IPC,144,1,1
381,IPC,379,1,1
382,IPC,66D-ITACT,1,1
383,IPC,66D-ITACT,1,1
384,IPC,323,1,1
385,IPC,489A,1,1
386,IPC,363,1,1
387,IPC,379A,1,1
388,IPC,498A,1,1
389,IPC,66D-ITACT,1,1
390,NDPS,20,1,1
391,IPC,66D-ITACT,1,1
392,IPC,307,1,1
393,IPC,380,1,1
394,NDPS,20,1,1
395,IPC,379,1,1
396,IPC,420,1,1
397,IPC,406,1,1
398,IPC,420,1,1
399,BNS,64,1,1
399,IPC,376,2,2
400,IPC,380,1,1
401,IPC,354,1,1
402,IPC,420,1,1
403,IPC,323,1,1
404,IPC,323,1,1
405,POCSO,4,1,1
406,IPC,144,1,1
407,IPC,380,1,1
408,IPC,144,1,1
409,IPC,420,1,1
410,IPC,323,1,1
411,IPC,147,1,1
412,POCSO,4,1,1
413,IPC,66D-ITACT,1,1
414,IPC,379A,1,1
415,IPC,380,1,1
416,IPC,66D-ITACT,1,1
417,IPC,379A,1,1
418,IPC,307,1,1
419,IPC,379A,1,1
420,IPC,379,1,1
421,IPC,323,1,1
422,IPC,363,1,1
423,ARMS,25,1,1
424,IPC,326,1,1
425,IPC,380,1,1
426,IPC,323,1,1
427,IPC,406,1,1
428,IPC,379A,1,1
429,IPC,379,1,1
430,IPC,420,1,1
431,IPC,363,1,1
432,IPC,420,1,1
433,IPC,436,1,1
434,IPC,406,1,1
435,IPC,392,1,1
436,IPC,354,1,1
437,IPC,380,1,1
438,IPC,379,1,1
439,BNS,109,1,1
440,ARMS,25,1,1
440,ARMS,27,2,2
441,IPC,323,1,1
442,IPC,144,1,1
443,IPC,420,1,1
444,IPC,379A,1,1
445,IPC,363,1,1
446,IPC,326,1,1
447,IPC,354,1,1
448,IPC,395,1,1
449,IPC,380,1,1
450,IPC,379,1,1
451,IPC,304B,1,1
452,IPC,304,1,1
453,IPC,379,1,1
454,IPC,498A,1,1
455,IPC,380,1,1
456,IPC,323,1,1
457,IPC,326,1,1
458,IPC,380,1,1
459,BNS,109,1,1
460,IPC,379,1,1
461,IPC,498A,1,1
462,IPC,326,1,1
463,IPC,326,1,1
464,IPC,498A,1,1
465,IPC,354,1,1
466,IPC,326,1,1
467,IPC,379,1,1
468,IPC,376,1,1
468,BNS,64,2,2
469,IPC,380,1,1
470,IPC,392,1,1
471,IPC,380,1,1
472,IPC,379,1,1
473,IPC,420,1,1
474,ARMS,27,1,1
474,ARMS,25,2,2
475,NDPS,20,1,1
476,IPC,379A,1,1
477,ARMS,27,1,1
478,NDPS,20,1,1
479,IPC,354,1,1
480,IPC,302,1,1
481,IPC,380,1,1
482,IPC,326,1,1
483,IPC,66D-ITACT,1,1
484,IPC,379A,1,1
485,IPC,489A,1,1
486,IPC,304,1,1
487,IPC,323,1,1
488,IPC,420,1,1
489,POCSO,4,1,1
490,IPC,379,1,1
491,IPC,323,1,1
492,IPC,420,1,1
493,IPC,498A,1,1
494,ARMS,27,1,1
495,NDPS,20,1,1
496,IPC,380,1,1
497,IPC,420,1,1
498,IPC,420,1,1
499,IPC,420,1,1
500,IPC,66D-ITACT,1,1
501,IPC,498A,1,1
502,IPC,392,1,1
503,IPC,323,1,1
504,IPC,379,1,1
505,IPC,380,1,1
506,BNS,109,1,1
507,IPC,354,1,1
508,IPC,66D-ITACT,1,1
509,IPC,379,1,1
510,IPC,323,1,1
511,IPC,420,1,1
512,IPC,323,1,1
513,IPC,392,1,1
514,IPC,66D-ITACT,1,1
515,IPC,380,1,1
516,IPC,363,1,1
517,IPC,420,1,1
518,IPC,363,1,1
519,IPC,420,1,1
520,IPC,420,1,1
521,POCSO,4,1,1
522,IPC,363,1,1
523,IPC,420,1,1
524,IPC,420,1,1
525,IPC,66D-ITACT,1,1
526,IPC,498A,1,1
527,IPC,323,1,1
528,IPC,436,1,1
529,IPC,66D-ITACT,1,1
530,IPC,323,1,1
531,IPC,380,1,1
532,IPC,392,1,1
533,IPC,380,1,1
534,IPC,354,1,1
535,NDPS,20,1,1
536,IPC,379,1,1
537,BNS,109,1,1
537,IPC,307,2,2
538,IPC,395,1,1
539,IPC,420,1,1
540,IPC,326,1,1
541,IPC,354,1,1
542,IPC,379A,1,1
543,IPC,354,1,1
544,IPC,420,1,1
545,IPC,379,1,1
546,IPC,379,1,1
547,IPC,379,1,1
548,IPC,420,1,1
549,NDPS,20,1,1
550,IPC,392,1,1
551,IPC,66D-ITACT,1,1
552,IPC,380,1,1
553,IPC,406,1,1
554,IPC,379,1,1
555,IPC,363,1,1
556,IPC,379,1,1
557,IPC,380,1,1
558,IPC,380,1,1
559,IPC,323,1,1
560,NDPS,20,1,1
561,IPC,436,1,1
562,IPC,379A,1,1
563,IPC,323,1,1
564,IPC,420,1,1
565,IPC,323,1,1
566,IPC,354,1,1
567,IPC,363,1,1
568,IPC,144,1,1
569,IPC,323,1,1
570,IPC,323,1,1
571,IPC,66D-ITACT,1,1
572,IPC,307,1,1
572,BNS,109,2,2
573,IPC,302,1,1
574,NDPS,20,1,1
575,IPC,66D-ITACT,1,1
576,IPC,379,1,1
577,IPC,380,1,1
578,IPC,379,1,1
579,IPC,304,1,1
580,IPC,144,1,1
581,IPC,144,1,1
582,IPC,326,1,1
583,IPC,66D-ITACT,1,1
584,IPC,326,1,1
585,IPC,380,1,1
586,IPC,379,1,1
587,IPC,307,1,1
588,IPC,380,1,1
589,IPC,379,1,1
590,IPC,379A,1,1
591,BNS,103,1,1
591,IPC,302,2,2
592,IPC,379A,1,1
593,IPC,379A,1,1
594,IPC,379,1,1
595,IPC,66D-ITACT,1,1
596,IPC,326,1,1
597,IPC,498A,1,1
598,IPC,379,1,1
599,IPC,379A,1,1
600,IPC,144,1,1
601,IPC,323,1,1
602,IPC,379A,1,1
603,IPC,420,1,1
604,POCSO,4,1,1
605,IPC,379A,1,1
606,IPC,379,1,1
607,IPC,379,1,1
608,IPC,147,1,1
609,IPC,326,1,1
610,IPC,379,1,1
611,IPC,323,1,1
612,ARMS,27,1,1
613,IPC,323,1,1
614,IPC,379,1,1
615,IPC,379A,1,1
616,IPC,379,1,1
617,IPC,379,1,1
618,POCSO,4,1,1
619,IPC,323,1,1
620,ARMS,27,1,1
621,IPC,380,1,1
622,IPC,420,1,1
623,IPC,66D-ITACT,1,1
624,NDPS,20,1,1
625,BNS,64,1,1
625,IPC,376,2,2
626,IPC,147,1,1
627,IPC,326,1,1
628,IPC,498A,1,1
629,ARMS,27,1,1
630,IPC,379A,1,1
631,IPC,380,1,1
632,IPC,379,1,1
633,IPC,379,1,1
634,IPC,380,1,1
635,IPC,498A,1,1
636,IPC,326,1,1
637,IPC,436,1,1
638,IPC,304B,1,1
639,BNS,109,1,1
640,IPC,379,1,1
641,IPC,498A,1,1
642,IPC,380,1,1
643,BNS,64,1,1
643,IPC,376,2,2
644,IPC,147,1,1
645,IPC,323,1,1
646,IPC,323,1,1
647,IPC,379,1,1
648,IPC,420,1,1
649,IPC,379A,1,1
650,IPC,392,1,1
651,IPC,489A,1,1
652,IPC,326,1,1
653,IPC,379A,1,1
654,IPC,379,1,1
655,IPC,420,1,1
656,IPC,379,1,1
657,IPC,406,1,1
658,IPC,420,1,1
659,IPC,395,1,1
660,IPC,326,1,1
661,IPC,498A,1,1
662,IPC,420,1,1
663,IPC,379,1,1
664,BNS,103,1,1
665,IPC,323,1,1
666,IPC,380,1,1
667,IPC,66D-ITACT,1,1
668,IPC,147,1,1
669,IPC,420,1,1
670,IPC,420,1,1
671,IPC,420,1,1
672,IPC,326,1,1
673,IPC,379,1,1
674,IPC,323,1,1
675,IPC,380,1,1
676,IPC,379,1,1
677,IPC,323,1,1
678,IPC,436,1,1
679,IPC,323,1,1
680,IPC,144,1,1
681,IPC,379,1,1
682,IPC,380,1,1
683,IPC,323,1,1
684,IPC,380,1,1
685,IPC,363,1,1
686,IPC,66D-ITACT,1,1
687,IPC,379,1,1
688,IPC,66D-ITACT,1,1
689,IPC,392,1,1
690,ARMS,25,1,1
691,IPC,302,1,1
692,IPC,323,1,1
693,ARMS,25,1,1
694,IPC,379A,1,1
695,IPC,379,1,1
696,ARMS,27,1,1
697,IPC,380,1,1
698,IPC,379,1,1
699,IPC,376,1,1
700,IPC,379,1,1
701,IPC,489A,1,1
702,IPC,323,1,1
703,BNS,64,1,1
703,IPC,376,2,2
704,IPC,380,1,1
705,IPC,380,1,1
706,IPC,379A,1,1
707,IPC,379,1,1
708,IPC,144,1,1
709,IPC,144,1,1
710,IPC,323,1,1
711,IPC,420,1,1
712,IPC,420,1,1
713,IPC,66D-ITACT,1,1
714,IPC,379,1,1
715,IPC,379,1,1
716,IPC,363,1,1
717,IPC,323,1,1
718,IPC,326,1,1
719,IPC,147,1,1
720,IPC,379,1,1
721,IPC,66D-ITACT,1,1
722,IPC,420,1,1
723,IPC,354,1,1
724,IPC,354,1,1
725,IPC,354,1,1
726,NDPS,20,1,1
727,ARMS,27,1,1
728,IPC,323,1,1
729,IPC,376,1,1
730,NDPS,20,1,1
731,IPC,379,1,1
732,IPC,66D-ITACT,1,1
733,IPC,436,1,1
734,IPC,420,1,1
735,IPC,363,1,1
736,IPC,380,1,1
737,IPC,420,1,1
738,IPC,323,1,1
739,IPC,323,1,1
740,IPC,392,1,1
741,IPC,392,1,1
742,ARMS,27,1,1
742,ARMS,25,2,2
743,IPC,498A,1,1
744,IPC,379,1,1
745,IPC,379,1,1
746,IPC,380,1,1
747,IPC,323,1,1
748,ARMS,27,1,1
748,ARMS,25,2,2
749,IPC,379,1,1
750,POCSO,4,1,1
751,IPC,379A,1,1
752,IPC,379,1,1
753,IPC,406,1,1
754,IPC,323,1,1
755,IPC,392,1,1
756,IPC,379,1,1
757,IPC,379A,1,1
758,IPC,304B,1,1
759,IPC,498A,1,1
760,IPC,380,1,1
761,IPC,380,1,1
762,IPC,323,1,1
763,IPC,498A,1,1
764,IPC,489A,1,1
765,IPC,323,1,1
766,IPC,326,1,1
767,IPC,326,1,1
768,NDPS,20,1,1
769,IPC,392,1,1
770,IPC,304,1,1
771,IPC,498A,1,1
772,IPC,66D-ITACT,1,1
773,IPC,323,1,1
774,NDPS,20,1,1
775,IPC,363,1,1
776,IPC,420,1,1
777,IPC,380,1,1
778,IPC,323,1,1
779,POCSO,4,1,1
780,IPC,323,1,1
781,IPC,379,1,1
782,IPC,489A,1,1
783,IPC,420,1,1
784,IPC,379A,1,1
785,IPC,379,1,1
786,IPC,420,1,1
787,IPC,66D-ITACT,1,1
788,IPC,379,1,1
789,IPC,354,1,1
790,IPC,379,1,1
791,IPC,498A,1,1
792,NDPS,20,1,1
793,IPC,66D-ITACT,1,1
794,IPC,420,1,1
795,IPC,323,1,1
796,POCSO,4,1,1
797,IPC,392,1,1
798,IPC,498A,1,1
799,IPC,66D-ITACT,1,1
800,IPC,379,1,1
801,IPC,304B,1,1
802,IPC,379,1,1
803,IPC,363,1,1
804,IPC,379,1,1
805,IPC,354,1,1
806,IPC,66D-ITACT,1,1
807,IPC,379A,1,1
808,IPC,304B,1,1
809,IPC,323,1,1
810,IPC,323,1,1
811,IPC,420,1,1
812,IPC,323,1,1
813,IPC,379,1,1
814,IPC,323,1,1
815,IPC,66D-ITACT,1,1
816,IPC,323,1,1
817,IPC,498A,1,1
818,IPC,354,1,1
819,IPC,144,1,1
820,IPC,379,1,1
821,IPC,406,1,1
822,IPC,66D-ITACT,1,1
823,IPC,489A,1,1
824,IPC,326,1,1
825,IPC,379,1,1
826,IPC,379,1,1
827,NDPS,20,1,1
828,IPC,436,1,1
829,IPC,66D-ITACT,1,1
830,IPC,380,1,1
831,IPC,392,1,1
832,IPC,420,1,1
833,IPC,379,1,1
834,IPC,323,1,1
835,IPC,436,1,1
836,IPC,406,1,1
837,IPC,380,1,1
838,IPC,420,1,1
839,IPC,354,1,1
840,IPC,420,1,1
841,IPC,363,1,1
842,IPC,380,1,1
843,ARMS,27,1,1
844,IPC,420,1,1
845,IPC,379,1,1
846,IPC,498A,1,1
847,IPC,323,1,1
848,IPC,144,1,1
849,IPC,326,1,1
850,IPC,354,1,1
851,IPC,380,1,1
852,IPC,379,1,1
853,IPC,406,1,1
854,IPC,436,1,1
855,IPC,420,1,1
856,IPC,379,1,1
857,IPC,363,1,1
858,IPC,147,1,1
859,IPC,354,1,1
860,IPC,420,1,1
861,IPC,323,1,1
862,IPC,420,1,1
863,IPC,379,1,1
864,IPC,379A,1,1
865,IPC,420,1,1
866,IPC,323,1,1
867,IPC,379A,1,1
868,IPC,392,1,1
869,IPC,379,1,1
870,IPC,379,1,1
871,IPC,380,1,1
872,IPC,379,1,1
873,IPC,420,1,1
874,IPC,144,1,1
875,IPC,406,1,1
876,IPC,379,1,1
877,IPC,66D-ITACT,1,1
878,IPC,498A,1,1
879,IPC,66D-ITACT,1,1
880,IPC,326,1,1
881,IPC,498A,1,1
882,NDPS,20,1,1
883,IPC,66D-ITACT,1,1
884,IPC,380,1,1
885,POCSO,4,1,1
886,IPC,380,1,1
887,IPC,406,1,1
888,IPC,379A,1,1
889,IPC,420,1,1
890,IPC,395,1,1
891,IPC,420,1,1
892,IPC,379,1,1
893,ARMS,27,1,1
894,IPC,380,1,1
895,IPC,376,1,1
896,IPC,323,1,1
897,IPC,420,1,1
898,IPC,380,1,1
899,IPC,363,1,1
900,IPC,379A,1,1
901,IPC,392,1,1
902,IPC,379,1,1
903,IPC,323,1,1
904,IPC,406,1,1
905,IPC,420,1,1
906,IPC,392,1,1
907,IPC,420,1,1
908,IPC,379A,1,1
909,BNS,109,1,1
910,IPC,363,1,1
911,IPC,498A,1,1
912,IPC,395,1,1
913,IPC,66D-ITACT,1,1
914,IPC,326,1,1
915,IPC,380,1,1
916,IPC,66D-ITACT,1,1
917,IPC,354,1,1
918,IPC,323,1,1
919,IPC,420,1,1
920,IPC,379,1,1
921,BNS,64,1,1
922,IPC,66D-ITACT,1,1
923,BNS,109,1,1
924,IPC,395,1,1
925,POCSO,4,1,1
926,IPC,379,1,1
927,IPC,66D-ITACT,1,1
928,IPC,380,1,1
929,IPC,379A,1,1
930,IPC,379,1,1
931,IPC,66D-ITACT,1,1
932,IPC,379,1,1
933,NDPS,20,1,1
934,IPC,147,1,1
935,IPC,392,1,1
936,IPC,323,1,1
937,IPC,323,1,1
938,IPC,144,1,1
939,IPC,379A,1,1
940,IPC,406,1,1
941,IPC,66D-ITACT,1,1
942,IPC,380,1,1
943,IPC,379,1,1
944,IPC,380,1,1
945,IPC,498A,1,1
946,IPC,420,1,1
947,IPC,302,1,1
948,NDPS,20,1,1
949,IPC,436,1,1
950,IPC,380,1,1
951,IPC,323,1,1
952,IPC,420,1,1
953,IPC,498A,1,1
954,IPC,147,1,1
955,IPC,144,1,1
956,IPC,420,1,1
957,IPC,379,1,1
958,IPC,379,1,1
959,IPC,380,1,1
960,IPC,323,1,1
961,IPC,323,1,1
962,IPC,354,1,1
963,NDPS,20,1,1
964,IPC,379,1,1
965,IPC,489A,1,1
966,IPC,354,1,1
967,IPC,498A,1,1
968,IPC,379,1,1
969,IPC,379,1,1
970,IPC,392,1,1
971,IPC,66D-ITACT,1,1
972,IPC,380,1,1
973,IPC,379,1,1
974,IPC,380,1,1
975,IPC,379A,1,1
976,IPC,420,1,1
977,IPC,380,1,1
978,IPC,406,1,1
979,IPC,392,1,1
980,IPC,304B,1,1
981,IPC,147,1,1
982,IPC,379,1,1
983,IPC,304,1,1
984,IPC,323,1,1
985,IPC,66D-ITACT,1,1
986,IPC,379,1,1
987,IPC,380,1,1
988,IPC,323,1,1
989,IPC,498A,1,1
990,IPC,406,1,1
991,IPC,66D-ITACT,1,1
992,IPC,379,1,1
993,IPC,323,1,1
994,BNS,109,1,1
995,IPC,380,1,1
996,IPC,323,1,1
997,IPC,380,1,1
998,BNS,109,1,1
998,IPC,307,2,2
999,IPC,144,1,1
1000,IPC,498A,1,1
1001,IPC,380,1,1
1002,IPC,323,1,1
1003,IPC,379,1,1
1004,IPC,498A,1,1
1005,IPC,498A,1,1
1006,IPC,420,1,1
1007,IPC,379,1,1
1008,IPC,498A,1,1
1009,IPC,379,1,1
1010,IPC,379,1,1
1011,IPC,379,1,1
1012,IPC,420,1,1
1013,BNS,103,1,1
1013,IPC,302,2,2
1014,IPC,379A,1,1
1015,IPC,323,1,1
1016,IPC,379,1,1
1017,IPC,380,1,1
1018,IPC,326,1,1
1019,IPC,354,1,1
1020,IPC,354,1,1
1021,IPC,379A,1,1
1022,IPC,379,1,1
1023,IPC,363,1,1
1024,IPC,379,1,1
1025,POCSO,4,1,1
1026,IPC,379,1,1
1027,IPC,379,1,1
1028,IPC,323,1,1
1029,IPC,420,1,1
1030,IPC,307,1,1
1031,IPC,363,1,1
1032,ARMS,27,1,1
1033,IPC,363,1,1
1034,IPC,498A,1,1
1035,IPC,379,1,1
1036,IPC,420,1,1
1037,NDPS,20,1,1
1038,IPC,379,1,1
1039,IPC,380,1,1
1040,IPC,379,1,1
1041,IPC,379A,1,1
1042,IPC,323,1,1
1043,ARMS,25,1,1
1044,IPC,376,1,1
1045,IPC,379,1,1
1046,IPC,379A,1,1
1047,IPC,147,1,1
1048,IPC,380,1,1
1049,IPC,323,1,1
1050,IPC,380,1,1
1051,IPC,379,1,1
1052,POCSO,4,1,1
1053,IPC,66D-ITACT,1,1
1054,IPC,323,1,1
1055,IPC,420,1,1
1056,IPC,392,1,1
1057,IPC,392,1,1
1058,IPC,420,1,1
1059,IPC,379,1,1
1060,IPC,420,1,1
1061,IPC,392,1,1
1062,IPC,380,1,1
1063,IPC,420,1,1
1064,IPC,420,1,1
1065,IPC,379,1,1
1066,IPC,379,1,1
1067,IPC,363,1,1
1068,IPC,379,1,1
1069,IPC,380,1,1
1070,IPC,379,1,1
1071,IPC,392,1,1
1072,IPC,379,1,1
1073,IPC,380,1,1
1074,IPC,379,1,1
1075,ARMS,25,1,1
1076,IPC,380,1,1
1077,IPC,395,1,1
1078,IPC,379A,1,1
1079,IPC,147,1,1
1080,POCSO,4,1,1
1081,IPC,379,1,1
1082,IPC,379,1,1
1083,IPC,498A,1,1
1084,IPC,323,1,1
1085,IPC,323,1,1
1086,IPC,420,1,1
1087,NDPS,20,1,1
1088,IPC,379,1,1
1089,IPC,363,1,1
1090,IPC,380,1,1
1091,IPC,326,1,1
1092,IPC,379,1,1
1093,IPC,354,1,1
1094,IPC,323,1,1
1095,IPC,420,1,1
1096,IPC,326,1,1
1097,IPC,406,1,1
1098,IPC,66D-ITACT,1,1
1099,IPC,354,1,1
1100,BNS,64,1,1
1101,IPC,323,1,1
1102,IPC,147,1,1
1103,IPC,392,1,1
1104,ARMS,27,1,1
1104,ARMS,25,2,2
1105,IPC,363,1,1
1106,IPC,144,1,1
1107,IPC,354,1,1
1108,IPC,66D-ITACT,1,1
1109,IPC,392,1,1
1110,IPC,498A,1,1
1111,IPC,376,1,1
1112,IPC,498A,1,1
1113,IPC,379,1,1
1114,IPC,406,1,1
1115,IPC,326,1,1
1116,IPC,406,1,1
1117,IPC,498A,1,1
1118,IPC,144,1,1
1119,IPC,363,1,1
1120,IPC,392,1,1
1121,IPC,379,1,1
1122,IPC,379,1,1
1123,IPC,66D-ITACT,1,1
1124,IPC,379,1,1
1125,IPC,380,1,1
1126,IPC,379A,1,1
1127,ARMS,25,1,1
1128,IPC,307,1,1
1129,IPC,380,1,1
1130,IPC,363,1,1
1131,IPC,420,1,1
1132,IPC,379,1,1
1133,IPC,323,1,1
1134,IPC,392,1,1
1135,IPC,323,1,1
1136,IPC,323,1,1
1137,IPC,395,1,1
1138,IPC,363,1,1
1139,IPC,379,1,1
1140,IPC,354,1,1
1141,IPC,406,1,1
1142,IPC,379A,1,1
1143,IPC,66D-ITACT,1,1
1144,IPC,489A,1,1
1145,IPC,379,1,1
1146,IPC,379,1,1
1147,IPC,420,1,1
1148,NDPS,20,1,1
1149,IPC,379A,1,1
1150,IPC,395,1,1
1151,IPC,323,1,1
1152,IPC,380,1,1
1153,IPC,379,1,1
1154,IPC,323,1,1
1155,IPC,436,1,1
1156,IPC,380,1,1
1157,IPC,406,1,1
1158,IPC,363,1,1
1159,IPC,380,1,1
1160,IPC,323,1,1
1161,IPC,392,1,1
1162,IPC,323,1,1
1163,IPC,323,1,1
1164,IPC,379,1,1
1165,IPC,380,1,1
1166,IPC,420,1,1
1167,POCSO,4,1,1
1168,IPC,379,1,1
1169,IPC,498A,1,1
1170,IPC,323,1,1
1171,IPC,379,1,1
1172,IPC,406,1,1
1173,IPC,379,1,1
1174,IPC,379A,1,1
1175,POCSO,4,1,1
1176,IPC,66D-ITACT,1,1
1177,IPC,436,1,1
1178,IPC,380,1,1
1179,IPC,323,1,1
1180,NDPS,20,1,1
1181,IPC,326,1,1
1182,IPC,406,1,1
1183,IPC,379A,1,1
1184,IPC,326,1,1
1185,IPC,379,1,1
1186,IPC,147,1,1
1187,IPC,489A,1,1
1188,IPC,323,1,1
1189,IPC,420,1,1
1190,IPC,66D-ITACT,1,1
1191,IPC,304B,1,1
1192,IPC,379,1,1
1193,IPC,380,1,1
1194,IPC,489A,1,1
1195,IPC,307,1,1
1196,IPC,380,1,1
1197,IPC,323,1,1
1198,IPC,436,1,1
1199,IPC,363,1,1
1200,IPC,363,1,1
1201,IPC,379,1,1
1202,IPC,379,1,1
1203,IPC,380,1,1
1204,IPC,406,1,1
1205,IPC,66D-ITACT,1,1
1206,IPC,363,1,1
1207,IPC,406,1,1
1208,NDPS,20,1,1
1209,IPC,392,1,1
1210,IPC,66D-ITACT,1,1
1211,IPC,436,1,1
1212,IPC,326,1,1
1213,IPC,66D-ITACT,1,1
1214,IPC,323,1,1
1215,POCSO,4,1,1
1216,IPC,323,1,1
1217,IPC,379,1,1
1218,IPC,376,1,1
1219,IPC,147,1,1
1220,IPC,144,1,1
1221,IPC,307,1,1
1222,IPC,323,1,1
1223,IPC,144,1,1
1224,IPC,379,1,1
1225,IPC,323,1,1
1226,IPC,498A,1,1
1227,IPC,354,1,1
1228,IPC,323,1,1
1229,IPC,395,1,1
1230,IPC,326,1,1
1231,IPC,379A,1,1
1232,NDPS,20,1,1
1233,IPC,326,1,1
1234,IPC,395,1,1
1235,IPC,380,1,1
1236,IPC,323,1,1
1237,IPC,323,1,1
1238,IPC,307,1,1
1238,BNS,109,2,2
1239,IPC,379,1,1
1240,IPC,323,1,1
1241,IPC,354,1,1
1242,IPC,380,1,1
1243,IPC,302,1,1
1244,IPC,376,1,1
1244,BNS,64,2,2
1245,IPC,379,1,1
1246,IPC,392,1,1
1247,BNS,64,1,1
1248,IPC,304,1,1
1249,IPC,379A,1,1
1250,IPC,380,1,1
1251,IPC,380,1,1
1252,IPC,379,1,1
1253,IPC,379,1,1
1254,IPC,380,1,1
1255,IPC,420,1,1
1256,IPC,379,1,1
1257,IPC,395,1,1
1258,IPC,379,1,1
1259,IPC,147,1,1
1260,IPC,498A,1,1
1261,IPC,379,1,1
1262,IPC,323,1,1
1263,IPC,379,1,1
1264,IPC,379,1,1
1265,IPC,406,1,1
1266,IPC,436,1,1
1267,ARMS,25,1,1
1267,ARMS,27,2,2
1268,IPC,379,1,1
1269,IPC,326,1,1
1270,IPC,406,1,1
1271,IPC,354,1,1
1272,IPC,379A,1,1
1273,IPC,323,1,1
1274,ARMS,25,1,1
1275,IPC,363,1,1
1276,IPC,380,1,1
1277,IPC,376,1,1
1278,IPC,326,1,1
1279,IPC,420,1,1
1280,IPC,380,1,1
1281,IPC,354,1,1
1282,IPC,498A,1,1
1283,BNS,109,1,1
1284,IPC,323,1,1
1285,IPC,380,1,1
1286,IPC,323,1,1
1287,IPC,379,1,1
1288,IPC,380,1,1
1289,IPC,326,1,1
1290,IPC,395,1,1
1291,IPC,406,1,1
1292,NDPS,20,1,1
1293,IPC,420,1,1
1294,IPC,379A,1,1
1295,IPC,380,1,1
1296,IPC,380,1,1
1297,IPC,395,1,1
1298,IPC,392,1,1
1299,IPC,376,1,1
1299,BNS,64,2,2
1300,IPC,392,1,1
1301,IPC,420,1,1
1302,IPC,379A,1,1
1303,IPC,379A,1,1
1304,IPC,380,1,1
1305,IPC,323,1,1
1306,IPC,379,1,1
1307,IPC,379,1,1
1308,IPC,379,1,1
1309,IPC,323,1,1
1310,IPC,379,1,1
1311,IPC,66D-ITACT,1,1
1312,IPC,392,1,1
1313,IPC,326,1,1
1314,IPC,66D-ITACT,1,1
1315,IPC,420,1,1
1316,IPC,379A,1,1
1317,IPC,379A,1,1
1318,IPC,379A,1,1
1319,IPC,326,1,1
1320,IPC,354,1,1
1321,IPC,392,1,1
1322,IPC,420,1,1
1323,IPC,392,1,1
1324,IPC,395,1,1
1325,IPC,406,1,1
1326,IPC,380,1,1
1327,IPC,379,1,1
1328,IPC,376,1,1
1329,IPC,323,1,1
1330,IPC,66D-ITACT,1,1
1331,IPC,420,1,1
1332,NDPS,20,1,1
1333,IPC,323,1,1
1334,IPC,66D-ITACT,1,1
1335,IPC,498A,1,1
1336,IPC,147,1,1
1337,IPC,379,1,1
1338,IPC,420,1,1
1339,IPC,66D-ITACT,1,1
1340,NDPS,20,1,1
1341,IPC,489A,1,1
1342,IPC,66D-ITACT,1,1
1343,IPC,144,1,1
1344,IPC,323,1,1
1345,IPC,66D-ITACT,1,1
1346,IPC,379,1,1
1347,IPC,420,1,1
1348,IPC,323,1,1
1349,IPC,379A,1,1
1350,IPC,144,1,1
1351,NDPS,20,1,1
1352,IPC,354,1,1
1353,IPC,380,1,1
1354,IPC,354,1,1
1355,IPC,307,1,1
1356,ARMS,27,1,1
1357,IPC,323,1,1
1358,IPC,354,1,1
1359,POCSO,4,1,1
1360,IPC,420,1,1
1361,IPC,379,1,1
1362,IPC,379A,1,1
1363,IPC,379A,1,1
1364,IPC,66D-ITACT,1,1
1365,IPC,323,1,1
1366,IPC,379,1,1
1367,IPC,323,1,1
1368,IPC,363,1,1
1369,IPC,392,1,1
1370,IPC,66D-ITACT,1,1
1371,IPC,392,1,1
1372,IPC,304B,1,1
1373,IPC,379A,1,1
1374,IPC,326,1,1
1375,IPC,379,1,1
1376,IPC,498A,1,1
1377,IPC,323,1,1
1378,IPC,304,1,1
1379,IPC,304,1,1
1380,IPC,380,1,1
1381,IPC,323,1,1
1382,IPC,436,1,1
1383,IPC,380,1,1
1384,IPC,406,1,1
1385,IPC,392,1,1
1386,IPC,395,1,1
1387,BNS,64,1,1
1387,IPC,376,2,2
1388,IPC,354,1,1
1389,IPC,379,1,1
1390,IPC,326,1,1
1391,IPC,379,1,1
1392,IPC,379,1,1
1393,IPC,498A,1,1
1394,IPC,326,1,1
1395,IPC,379,1,1
1396,BNS,103,1,1
1396,IPC,302,2,2
1397,IPC,379A,1,1
1398,IPC,66D-ITACT,1,1
1399,IPC,379A,1,1
1400,BNS,109,1,1
1401,IPC,379A,1,1
1402,IPC,379,1,1
1403,IPC,326,1,1
1404,IPC,379,1,1
1405,IPC,144,1,1
1406,IPC,420,1,1
1407,IPC,392,1,1
1408,IPC,420,1,1
1409,IPC,379,1,1
1410,IPC,323,1,1
1411,IPC,326,1,1
1412,IPC,379A,1,1
1413,IPC,379,1,1
1414,IPC,323,1,1
1415,IPC,66D-ITACT,1,1
1416,BNS,103,1,1
1416,IPC,302,2,2
1417,IPC,379,1,1
1418,BNS,64,1,1
1419,IPC,420,1,1
1420,IPC,326,1,1
1421,IPC,144,1,1
1422,IPC,380,1,1
1423,IPC,323,1,1
1424,IPC,323,1,1
1425,IPC,379,1,1
1426,POCSO,4,1,1
1427,POCSO,4,1,1
1428,IPC,395,1,1
1429,NDPS,20,1,1
1430,IPC,147,1,1
1431,IPC,302,1,1
1432,IPC,326,1,1
1433,IPC,323,1,1
1434,IPC,498A,1,1
1435,POCSO,4,1,1
1436,IPC,326,1,1
1437,IPC,323,1,1
1438,IPC,392,1,1
1439,IPC,392,1,1
1440,IPC,66D-ITACT,1,1
1441,IPC,379,1,1
1442,IPC,498A,1,1
1443,IPC,326,1,1
1444,IPC,420,1,1
1445,IPC,354,1,1
1446,IPC,326,1,1
1447,IPC,144,1,1
1448,IPC,326,1,1
1449,IPC,379,1,1
1450,NDPS,20,1,1
1451,ARMS,25,1,1
1452,BNS,109,1,1
1452,IPC,307,2,2
1453,IPC,302,1,1
1454,IPC,323,1,1
1455,IPC,380,1,1
1456,IPC,326,1,1
1457,IPC,420,1,1
1458,IPC,302,1,1
1459,IPC,420,1,1
1460,IPC,392,1,1
1461,IPC,380,1,1
1462,IPC,380,1,1
1463,IPC,420,1,1
1464,IPC,406,1,1
1465,IPC,66D-ITACT,1,1
1466,IPC,307,1,1
1466,BNS,109,2,2
1467,IPC,420,1,1
1468,IPC,354,1,1
1469,IPC,326,1,1
1470,IPC,436,1,1
1471,IPC,354,1,1
1472,IPC,392,1,1
1473,IPC,66D-ITACT,1,1
1474,IPC,379A,1,1
1475,IPC,498A,1,1
1476,IPC,147,1,1
1477,IPC,307,1,1
1478,IPC,420,1,1
1479,IPC,379A,1,1
1480,IPC,326,1,1
1481,IPC,379A,1,1
1482,IPC,380,1,1
1483,IPC,323,1,1
1484,IPC,323,1,1
1485,IPC,379A,1,1
1486,IPC,304B,1,1
1487,IPC,420,1,1
1488,IPC,323,1,1
1489,IPC,379,1,1
1490,IPC,379A,1,1
1491,IPC,326,1,1
1492,IPC,392,1,1
1493,IPC,379,1,1
1494,IPC,420,1,1
1495,IPC,323,1,1
1496,IPC,392,1,1
1497,IPC,380,1,1
1498,IPC,392,1,1
1499,IPC,380,1,1
1500,IPC,392,1,1
1501,IPC,406,1,1
1502,IPC,144,1,1
1503,IPC,66D-ITACT,1,1
1504,IPC,323,1,1
1505,IPC,66D-ITACT,1,1
1506,IPC,498A,1,1
1507,IPC,489A,1,1
1508,IPC,323,1,1
1509,IPC,323,1,1
1510,IPC,379,1,1
1511,IPC,380,1,1
1512,IPC,379A,1,1
1513,IPC,498A,1,1
1514,IPC,395,1,1
1515,IPC,406,1,1
1516,IPC,354,1,1
1517,IPC,326,1,1
1518,IPC,379,1,1
1519,IPC,379,1,1
1520,IPC,380,1,1
1521,IPC,379,1,1
1522,IPC,392,1,1
1523,IPC,304B,1,1
1524,IPC,302,1,1
1525,IPC,379,1,1
1526,IPC,489A,1,1
1527,IPC,323,1,1
1528,IPC,307,1,1
1529,IPC,379,1,1
1530,IPC,379,1,1
1531,IPC,323,1,1
1532,IPC,420,1,1
1533,IPC,66D-ITACT,1,1
1534,IPC,498A,1,1
1535,IPC,498A,1,1
1536,IPC,380,1,1
1537,IPC,395,1,1
1538,POCSO,4,1,1
1539,IPC,326,1,1
1540,IPC,392,1,1
1541,IPC,144,1,1
1542,IPC,395,1,1
1543,NDPS,20,1,1
1544,IPC,354,1,1
1545,POCSO,4,1,1
1546,IPC,380,1,1
1547,IPC,379,1,1
1548,IPC,354,1,1
1549,IPC,498A,1,1
1550,IPC,420,1,1
1551,IPC,379,1,1
1552,IPC,323,1,1
1553,IPC,354,1,1
1554,NDPS,20,1,1
1555,ARMS,25,1,1
1556,IPC,302,1,1
1557,IPC,498A,1,1
1558,IPC,379,1,1
1559,IPC,66D-ITACT,1,1
1560,IPC,379A,1,1
1561,IPC,436,1,1
1562,IPC,326,1,1
1563,IPC,379A,1,1
1564,IPC,406,1,1
1565,IPC,66D-ITACT,1,1
1566,IPC,66D-ITACT,1,1
1567,IPC,420,1,1
1568,IPC,379,1,1
1569,IPC,380,1,1
1570,IPC,420,1,1
1571,IPC,147,1,1
1572,ARMS,25,1,1
1573,IPC,66D-ITACT,1,1
1574,IPC,66D-ITACT,1,1
1575,IPC,354,1,1
1576,NDPS,20,1,1
1577,IPC,144,1,1
1578,IPC,380,1,1
1579,IPC,323,1,1
1580,IPC,498A,1,1
1581,IPC,66D-ITACT,1,1
1582,IPC,66D-ITACT,1,1
1583,IPC,66D-ITACT,1,1
1584,IPC,489A,1,1
1585,IPC,66D-ITACT,1,1
1586,IPC,379,1,1
1587,IPC,380,1,1
1588,IPC,420,1,1
1589,IPC,379A,1,1
1590,IPC,304,1,1
1591,IPC,392,1,1
1592,IPC,379A,1,1
1593,IPC,147,1,1
1594,BNS,109,1,1
1594,IPC,307,2,2
1595,IPC,379,1,1
1596,IPC,420,1,1
1597,IPC,420,1,1
1598,IPC,420,1,1
1599,IPC,498A,1,1
1600,NDPS,20,1,1
1601,IPC,420,1,1
1602,IPC,66D-ITACT,1,1
1603,IPC,147,1,1
1604,IPC,420,1,1
1605,IPC,379A,1,1
1606,IPC,354,1,1
1607,IPC,420,1,1
1608,IPC,147,1,1
1609,IPC,379,1,1
1610,IPC,379,1,1
1611,IPC,326,1,1
1612,IPC,379,1,1
1613,IPC,392,1,1
1614,IPC,379,1,1
1615,BNS,64,1,1
1615,IPC,376,2,2
1616,POCSO,4,1,1
1617,IPC,379,1,1
1618,IPC,379,1,1
1619,IPC,144,1,1
1620,IPC,498A,1,1
1621,IPC,379A,1,1
1622,IPC,66D-ITACT,1,1
1623,BNS,109,1,1
1624,IPC,323,1,1
1625,IPC,326,1,1
1626,IPC,406,1,1
1627,IPC,420,1,1
1628,IPC,379A,1,1
1629,NDPS,20,1,1
1630,IPC,392,1,1
1631,IPC,380,1,1
1632,IPC,66D-ITACT,1,1
1633,IPC,354,1,1
1634,IPC,354,1,1
1635,IPC,406,1,1
1636,IPC,380,1,1
1637,IPC,436,1,1
1638,IPC,379,1,1
1639,IPC,323,1,1
1640,IPC,420,1,1
1641,IPC,323,1,1
1642,IPC,354,1,1
1643,IPC,66D-ITACT,1,1
1644,IPC,392,1,1
1645,IPC,420,1,1
1646,IPC,323,1,1
1647,IPC,392,1,1
1648,IPC,379,1,1
1649,IPC,66D-ITACT,1,1
1650,IPC,379,1,1
1651,IPC,406,1,1
1652,IPC,363,1,1
1653,IPC,379,1,1
1654,IPC,323,1,1
1655,IPC,147,1,1
1656,IPC,379,1,1
1657,IPC,363,1,1
1658,IPC,406,1,1
1659,IPC,380,1,1
1660,IPC,380,1,1
1661,IPC,380,1,1
1662,IPC,392,1,1
1663,IPC,379A,1,1
1664,IPC,363,1,1
1665,IPC,323,1,1
1666,IPC,379,1,1
1667,IPC,66D-ITACT,1,1
1668,POCSO,4,1,1
1669,IPC,144,1,1
1670,IPC,420,1,1
1671,IPC,326,1,1
1672,IPC,420,1,1
1673,IPC,147,1,1
1674,IPC,376,1,1
1674,BNS,64,2,2
1675,IPC,354,1,1
1676,IPC,326,1,1
1677,IPC,379,1,1
1678,IPC,66D-ITACT,1,1
1679,IPC,379,1,1
1680,BNS,109,1,1
1681,IPC,379A,1,1
1682,IPC,392,1,1
1683,IPC,406,1,1
1684,IPC,66D-ITACT,1,1
1685,IPC,363,1,1
1686,IPC,420,1,1
1687,IPC,379A,1,1
1688,IPC,323,1,1
1689,IPC,380,1,1
1690,POCSO,4,1,1
1691,IPC,354,1,1
1692,IPC,379A,1,1
1693,IPC,392,1,1
1694,IPC,379,1,1
1695,NDPS,20,1,1
1696,IPC,406,1,1
1697,IPC,66D-ITACT,1,1
1698,IPC,406,1,1
1699,IPC,436,1,1
1700,IPC,392,1,1
1701,IPC,144,1,1
1702,IPC,406,1,1
1703,IPC,379A,1,1
1704,IPC,420,1,1
1705,IPC,379,1,1
1706,IPC,323,1,1
1707,IPC,392,1,1
1708,IPC,326,1,1
1709,IPC,326,1,1
1710,IPC,379,1,1
1711,IPC,323,1,1
1712,IPC,363,1,1
1713,IPC,379,1,1
1714,IPC,379,1,1
1715,IPC,379,1,1
1716,IPC,363,1,1
1717,IPC,406,1,1
1718,IPC,66D-ITACT,1,1
1719,IPC,380,1,1
1720,IPC,326,1,1
1721,IPC,498A,1,1
1722,IPC,420,1,1
1723,IPC,323,1,1
1724,IPC,380,1,1
1725,IPC,420,1,1
1726,BNS,64,1,1
1727,IPC,66D-ITACT,1,1
1728,IPC,307,1,1
1729,IPC,326,1,1
1730,IPC,379,1,1
1731,IPC,323,1,1
1732,IPC,323,1,1
1733,IPC,379,1,1
1734,IPC,379,1,1
1735,IPC,498A,1,1
1736,IPC,326,1,1
1737,IPC,379,1,1
1738,IPC,144,1,1
1739,IPC,380,1,1
1740,IPC,323,1,1
1741,IPC,66D-ITACT,1,1
1742,IPC,380,1,1
1743,IPC,379,1,1
1744,IPC,379,1,1
1745,IPC,354,1,1
1746,IPC,380,1,1
1747,IPC,323,1,1
1748,IPC,66D-ITACT,1,1
1749,IPC,66D-ITACT,1,1
1750,IPC,406,1,1
1751,IPC,498A,1,1
1752,IPC,323,1,1
1753,IPC,323,1,1
1754,IPC,326,1,1
1755,IPC,323,1,1
1756,IPC,144,1,1
1757,IPC,392,1,1
1758,IPC,363,1,1
1759,IPC,326,1,1
1760,IPC,379A,1,1
1761,IPC,144,1,1
1762,POCSO,4,1,1
1763,IPC,380,1,1
1764,ARMS,27,1,1
1764,ARMS,25,2,2
1765,IPC,379,1,1
1766,IPC,354,1,1
1767,IPC,326,1,1
1768,IPC,379A,1,1
1769,IPC,323,1,1
1770,ARMS,25,1,1
1771,IPC,326,1,1
1772,IPC,363,1,1
1773,IPC,380,1,1
1774,IPC,380,1,1
1775,IPC,380,1,1
1776,IPC,66D-ITACT,1,1
1777,IPC,379A,1,1
1778,IPC,380,1,1
1779,IPC,147,1,1
1780,IPC,66D-ITACT,1,1
1781,IPC,420,1,1
1782,NDPS,20,1,1
1783,IPC,144,1,1
1784,IPC,379,1,1
1785,IPC,379,1,1
1786,IPC,302,1,1
1786,BNS,103,2,2
1787,BNS,103,1,1
1788,IPC,498A,1,1
1789,IPC,304,1,1
1790,IPC,326,1,1
1791,IPC,66D-ITACT,1,1
1792,IPC,406,1,1
1793,IPC,354,1,1
1794,IPC,147,1,1
1795,IPC,498A,1,1
1796,IPC,498A,1,1
1797,IPC,379A,1,1
1798,IPC,326,1,1
1799,IPC,323,1,1
1800,IPC,420,1,1
1801,IPC,354,1,1
1802,IPC,392,1,1
1803,IPC,379,1,1
1804,IPC,420,1,1
1805,IPC,379A,1,1
1806,IPC,379,1,1
1807,NDPS,20,1,1
1808,IPC,323,1,1
1809,IPC,323,1,1
1810,IPC,420,1,1
1811,IPC,380,1,1
1812,IPC,420,1,1
1813,IPC,379,1,1
1814,IPC,379,1,1
1815,IPC,326,1,1
1816,IPC,144,1,1
1817,IPC,379,1,1
1818,IPC,489A,1,1
1819,IPC,379A,1,1
1820,IPC,66D-ITACT,1,1
1821,IPC,66D-ITACT,1,1
1822,IPC,420,1,1
1823,IPC,354,1,1
1824,IPC,498A,1,1
1825,IPC,379,1,1
1826,IPC,420,1,1
1827,IPC,420,1,1
1828,IPC,420,1,1
1829,IPC,323,1,1
1830,IPC,66D-ITACT,1,1
1831,IPC,323,1,1
1832,IPC,323,1,1
1833,IPC,380,1,1
1834,IPC,379,1,1
1835,IPC,323,1,1
1836,IPC,420,1,1
1837,IPC,392,1,1
1838,IPC,420,1,1
1839,IPC,379,1,1
1840,IPC,326,1,1
1841,IPC,420,1,1
1842,IPC,66D-ITACT,1,1
1843,IPC,323,1,1
1844,IPC,323,1,1
1845,IPC,379,1,1
1846,IPC,406,1,1
1847,IPC,363,1,1
1848,IPC,376,1,1
1849,IPC,379A,1,1
1850,IPC,66D-ITACT,1,1
1851,BNS,103,1,1
1851,IPC,302,2,2
1852,IPC,379A,1,1
1853,IPC,307,1,1
1854,IPC,420,1,1
1855,IPC,66D-ITACT,1,1
1856,NDPS,20,1,1
1857,IPC,379A,1,1
1858,IPC,66D-ITACT,1,1
1859,IPC,354,1,1
1860,IPC,326,1,1
1861,IPC,498A,1,1
1862,IPC,498A,1,1
1863,BNS,64,1,1
1863,IPC,376,2,2
1864,IPC,307,1,1
1864,BNS,109,2,2
1865,IPC,326,1,1
1866,IPC,420,1,1
1867,IPC,326,1,1
1868,IPC,380,1,1
1869,ARMS,27,1,1
1870,IPC,379,1,1
1871,IPC,420,1,1
1872,IPC,379,1,1
1873,IPC,406,1,1
1874,IPC,420,1,1
1875,IPC,66D-ITACT,1,1
1876,IPC,323,1,1
1877,IPC,392,1,1
1878,IPC,406,1,1
1879,IPC,420,1,1
1880,IPC,498A,1,1
1881,IPC,66D-ITACT,1,1
1882,IPC,66D-ITACT,1,1
1883,IPC,379A,1,1
1884,ARMS,27,1,1
1885,IPC,66D-ITACT,1,1
1886,IPC,379,1,1
1887,IPC,420,1,1
1888,IPC,66D-ITACT,1,1
1889,IPC,395,1,1
1890,IPC,323,1,1
1891,IPC,147,1,1
1892,IPC,380,1,1
1893,IPC,66D-ITACT,1,1
1894,IPC,379,1,1
1895,IPC,66D-ITACT,1,1
1896,IPC,147,1,1
1897,BNS,64,1,1
1898,IPC,147,1,1
1899,IPC,379A,1,1
1900,IPC,354,1,1
1901,IPC,307,1,1
1901,BNS,109,2,2
1902,IPC,379A,1,1
1903,IPC,380,1,1
1904,NDPS,20,1,1
1905,IPC,66D-ITACT,1,1
1906,IPC,144,1,1
1907,IPC,326,1,1
1908,IPC,379,1,1
1909,IPC,498A,1,1
1910,IPC,147,1,1
1911,IPC,323,1,1
1912,IPC,498A,1,1
1913,IPC,420,1,1
1914,IPC,304,1,1
1915,IPC,323,1,1
1916,IPC,379,1,1
1917,IPC,147,1,1
1918,IPC,304B,1,1
1919,IPC,380,1,1
1920,IPC,363,1,1
1921,NDPS,20,1,1
1922,IPC,66D-ITACT,1,1
1923,NDPS,20,1,1
1924,IPC,380,1,1
1925,IPC,420,1,1
1926,ARMS,25,1,1
1927,IPC,379A,1,1
1928,IPC,379A,1,1
1929,IPC,379A,1,1
1930,IPC,323,1,1
1931,IPC,379,1,1
1932,IPC,406,1,1
1933,IPC,379A,1,1
1934,IPC,420,1,1
1935,IPC,147,1,1
1936,IPC,379A,1,1
1937,IPC,323,1,1
1938,IPC,379A,1,1
1939,IPC,498A,1,1
1940,IPC,144,1,1
1941,IPC,379,1,1
1942,IPC,420,1,1
1943,IPC,379,1,1
1944,IPC,379,1,1
1945,IPC,379,1,1
1946,IPC,323,1,1
1947,IPC,420,1,1
1948,IPC,66D-ITACT,1,1
1949,IPC,379,1,1
1950,IPC,363,1,1
1951,IPC,323,1,1
1952,IPC,380,1,1
1953,IPC,379,1,1
1954,IPC,420,1,1
1955,IPC,392,1,1
1956,IPC,392,1,1
1957,IPC,392,1,1
1958,IPC,380,1,1
1959,IPC,498A,1,1
1960,IPC,326,1,1
1961,IPC,392,1,1
1962,IPC,379,1,1
1963,IPC,380,1,1
1964,IPC,66D-ITACT,1,1
1965,IPC,379,1,1
1966,IPC,354,1,1
1967,IPC,326,1,1
1968,IPC,144,1,1
1969,IPC,144,1,1
1970,IPC,420,1,1
1971,IPC,147,1,1
1972,IPC,326,1,1
1973,IPC,379,1,1
1974,IPC,379A,1,1
1975,IPC,144,1,1
1976,IPC,420,1,1
1977,IPC,420,1,1
1978,POCSO,4,1,1
1979,IPC,379,1,1
1980,IPC,379,1,1
1981,IPC,498A,1,1
1982,IPC,66D-ITACT,1,1
1983,IPC,144,1,1
1984,IPC,379A,1,1
1985,IPC,380,1,1
1986,IPC,326,1,1
1987,ARMS,27,1,1
1988,IPC,420,1,1
1989,POCSO,4,1,1
1990,IPC,420,1,1
1991,IPC,304B,1,1
1992,BNS,103,1,1
1992,IPC,302,2,2
1993,IPC,66D-ITACT,1,1
1994,IPC,379,1,1
1995,IPC,323,1,1
1996,IPC,420,1,1
1997,IPC,363,1,1
1998,IPC,144,1,1
1999,IPC,379,1,1
2000,IPC,498A,1,1
2001,IPC,326,1,1
2002,IPC,379,1,1
2003,IPC,498A,1,1
2004,IPC,326,1,1
2005,IPC,392,1,1
2006,IPC,406,1,1
2007,IPC,380,1,1
2008,IPC,406,1,1
2009,IPC,380,1,1
2010,IPC,380,1,1
2011,IPC,323,1,1
2012,IPC,326,1,1
2013,BNS,109,1,1
2014,IPC,380,1,1
2015,IPC,323,1,1
2016,IPC,323,1,1
2017,IPC,326,1,1
2018,IPC,147,1,1
2019,IPC,379,1,1
2020,IPC,406,1,1
2021,IPC,323,1,1
2022,IPC,307,1,1
2023,IPC,420,1,1
2024,IPC,323,1,1
2025,IPC,66D-ITACT,1,1
2026,ARMS,25,1,1
2026,ARMS,27,2,2
2027,IPC,379,1,1
2028,IPC,354,1,1
2029,IPC,420,1,1
2030,IPC,379,1,1
2031,IPC,326,1,1
2032,IPC,379,1,1
2033,IPC,323,1,1
2034,IPC,379A,1,1
2035,IPC,379,1,1
2036,ARMS,27,1,1
2037,IPC,304B,1,1
2038,IPC,379A,1,1
2039,IPC,323,1,1
2040,ARMS,25,1,1
2041,IPC,323,1,1
2042,NDPS,20,1,1
2043,IPC,380,1,1
2044,IPC,436,1,1
2045,IPC,379,1,1
2046,IPC,147,1,1
2047,IPC,304,1,1
2048,IPC,379,1,1
2049,IPC,66D-ITACT,1,1
2050,IPC,436,1,1
2051,IPC,498A,1,1
2052,IPC,379,1,1
2053,IPC,379,1,1
2054,IPC,498A,1,1
2055,IPC,379A,1,1
2056,IPC,66D-ITACT,1,1
2057,ARMS,25,1,1
2058,IPC,379,1,1
2059,IPC,392,1,1
2060,IPC,420,1,1
2061,IPC,323,1,1
2062,IPC,498A,1,1
2063,IPC,392,1,1
2064,IPC,379A,1,1
2065,IPC,379,1,1
2066,IPC,323,1,1
2067,IPC,302,1,1
2067,BNS,103,2,2
2068,IPC,498A,1,1
2069,IPC,379,1,1
2070,IPC,379,1,1
2071,IPC,144,1,1
2072,IPC,498A,1,1
2073,IPC,147,1,1
2074,BNS,109,1,1
2074,IPC,307,2,2
2075,BNS,64,1,1
2076,IPC,420,1,1
2077,IPC,326,1,1
2078,POCSO,4,1,1
2079,IPC,307,1,1
2080,IPC,379,1,1
2081,IPC,420,1,1
2082,IPC,420,1,1
2083,IPC,363,1,1
2084,IPC,66D-ITACT,1,1
2085,IPC,326,1,1
2086,IPC,379,1,1
2087,POCSO,4,1,1
2088,BNS,103,1,1
2088,IPC,302,2,2
2089,IPC,354,1,1
2090,IPC,379A,1,1
2091,IPC,323,1,1
2092,BNS,103,1,1
2092,IPC,302,2,2
2093,IPC,379,1,1
2094,IPC,379A,1,1
2095,ARMS,25,1,1
2096,IPC,392,1,1
2097,IPC,144,1,1
2098,IPC,323,1,1
2099,IPC,380,1,1
2100,IPC,326,1,1
2101,IPC,489A,1,1
2102,IPC,379,1,1
2103,IPC,420,1,1
2104,IPC,498A,1,1
2105,IPC,379,1,1
2106,IPC,420,1,1
2107,IPC,323,1,1
2108,IPC,323,1,1
2109,IPC,379,1,1
2110,IPC,379,1,1
2111,IPC,304,1,1
2112,IPC,406,1,1
2113,IPC,379A,1,1
2114,IPC,379A,1,1
2115,IPC,307,1,1
2115,BNS,109,2,2
2116,IPC,379A,1,1
2117,IPC,379,1,1
2118,IPC,323,1,1
2119,IPC,66D-ITACT,1,1
2120,IPC,380,1,1
2121,IPC,498A,1,1
2122,IPC,323,1,1
2123,IPC,363,1,1
2124,NDPS,20,1,1
2125,IPC,420,1,1
2126,IPC,392,1,1
2127,NDPS,20,1,1
2128,IPC,323,1,1
2129,IPC,354,1,1
2130,IPC,379A,1,1
2131,ARMS,25,1,1
2132,IPC,392,1,1
2133,IPC,420,1,1
2134,IPC,420,1,1
2135,IPC,420,1,1
2136,IPC,323,1,1
2137,IPC,379,1,1
2138,IPC,379,1,1
2139,IPC,354,1,1
2140,IPC,420,1,1
2141,IPC,326,1,1
2142,IPC,354,1,1
2143,IPC,380,1,1
2144,IPC,498A,1,1
2145,NDPS,20,1,1
2146,IPC,392,1,1
2147,IPC,66D-ITACT,1,1
2148,IPC,379,1,1
2149,IPC,379A,1,1
2150,IPC,323,1,1
2151,ARMS,27,1,1
2152,IPC,326,1,1
2153,IPC,323,1,1
2154,IPC,307,1,1
2154,BNS,109,2,2
2155,IPC,307,1,1
2156,IPC,304B,1,1
2157,IPC,420,1,1
2158,IPC,323,1,1
2159,IPC,354,1,1
2160,IPC,379,1,1
2161,IPC,380,1,1
2162,IPC,66D-ITACT,1,1
2163,IPC,379A,1,1
2164,IPC,498A,1,1
2165,IPC,147,1,1
2166,IPC,379,1,1
2167,IPC,420,1,1
2168,IPC,498A,1,1
2169,IPC,379A,1,1
2170,IPC,406,1,1
2171,IPC,66D-ITACT,1,1
2172,IPC,323,1,1
2173,POCSO,4,1,1
2174,IPC,489A,1,1
2175,IPC,379,1,1
2176,IPC,379A,1,1
2177,IPC,379,1,1
2178,IPC,144,1,1
2179,IPC,323,1,1
2180,IPC,379,1,1
2181,IPC,436,1,1
2182,IPC,379A,1,1
2183,IPC,326,1,1
2184,IPC,379,1,1
2185,IPC,323,1,1
2186,IPC,326,1,1
2187,IPC,380,1,1
2188,IPC,376,1,1
2189,IPC,498A,1,1
2190,IPC,326,1,1
2191,IPC,379,1,1
2192,IPC,379,1,1
2193,IPC,420,1,1
2194,POCSO,4,1,1
2195,IPC,420,1,1
2196,IPC,326,1,1
2197,IPC,380,1,1
2198,IPC,66D-ITACT,1,1
2199,IPC,326,1,1
2200,IPC,379,1,1
2201,IPC,498A,1,1
2202,IPC,420,1,1
2203,IPC,379,1,1
2204,IPC,498A,1,1
2205,IPC,363,1,1
2206,IPC,406,1,1
2207,NDPS,20,1,1
2208,IPC,326,1,1
2209,IPC,144,1,1
2210,IPC,323,1,1
2211,IPC,379,1,1
2212,IPC,66D-ITACT,1,1
2213,IPC,379,1,1
2214,IPC,498A,1,1
2215,IPC,323,1,1
2216,IPC,379,1,1
2217,IPC,406,1,1
2218,IPC,489A,1,1
2219,IPC,66D-ITACT,1,1
2220,IPC,323,1,1
2221,IPC,498A,1,1
2222,IPC,379,1,1
2223,IPC,379A,1,1
2224,IPC,307,1,1
2225,POCSO,4,1,1
2226,IPC,379,1,1
2227,IPC,323,1,1
2228,IPC,498A,1,1
2229,IPC,380,1,1
2230,IPC,392,1,1
2231,IPC,379,1,1
2232,IPC,147,1,1
2233,IPC,392,1,1
2234,IPC,379,1,1
2235,IPC,302,1,1
2236,IPC,354,1,1
2237,IPC,323,1,1
2238,IPC,498A,1,1
2239,IPC,379,1,1
2240,IPC,380,1,1
2241,NDPS,20,1,1
2242,IPC,144,1,1
2243,BNS,109,1,1
2244,IPC,498A,1,1
2245,IPC,363,1,1
2246,IPC,323,1,1
2247,IPC,379,1,1
2248,IPC,326,1,1
2249,IPC,323,1,1
2250,IPC,379,1,1
2251,IPC,380,1,1
2252,IPC,323,1,1
2253,IPC,395,1,1
2254,IPC,379A,1,1
2255,IPC,380,1,1
2256,IPC,326,1,1
2257,IPC,392,1,1
2258,IPC,436,1,1
2259,BNS,109,1,1
2259,IPC,307,2,2
2260,BNS,64,1,1
2261,IPC,498A,1,1
2262,IPC,379,1,1
2263,IPC,66D-ITACT,1,1
2264,IPC,392,1,1
2265,IPC,379,1,1
2266,IPC,376,1,1
2266,BNS,64,2,2
2267,IPC,379A,1,1
2268,IPC,498A,1,1
2269,BNS,64,1,1
2270,IPC,379A,1,1
2271,IPC,323,1,1
2272,IPC,323,1,1
2273,IPC,147,1,1
2274,IPC,379,1,1
2275,POCSO,4,1,1
2276,IPC,379,1,1
2277,IPC,406,1,1
2278,IPC,376,1,1
2278,BNS,64,2,2
2279,IPC,323,1,1
2280,ARMS,27,1,1
2280,ARMS,25,2,2
2281,BNS,64,1,1
2282,IPC,406,1,1
2283,IPC,392,1,1
2284,IPC,302,1,1
2284,BNS,103,2,2
2285,IPC,147,1,1
2286,IPC,379A,1,1
2287,IPC,66D-ITACT,1,1
2288,IPC,380,1,1
2289,NDPS,20,1,1
2290,IPC,420,1,1
2291,IPC,379,1,1
2292,NDPS,20,1,1
2293,IPC,420,1,1
2294,IPC,379A,1,1
2295,IPC,66D-ITACT,1,1
2296,IPC,498A,1,1
2297,IPC,326,1,1
2298,IPC,379,1,1
2299,IPC,379,1,1
2300,IPC,420,1,1
2301,IPC,323,1,1
2302,IPC,379,1,1
2303,IPC,376,1,1
2303,BNS,64,2,2
2304,IPC,376,1,1
2305,IPC,498A,1,1
2306,IPC,420,1,1
2307,IPC,436,1,1
2308,IPC,420,1,1
2309,IPC,323,1,1
2310,IPC,323,1,1
2311,IPC,363,1,1
2312,IPC,380,1,1
2313,IPC,147,1,1
2314,IPC,379,1,1
2315,IPC,66D-ITACT,1,1
2316,IPC,420,1,1
2317,IPC,379,1,1
2318,IPC,354,1,1
2319,IPC,302,1,1
2320,IPC,323,1,1
2321,IPC,363,1,1
2322,IPC,379A,1,1
2323,IPC,380,1,1
2324,IPC,326,1,1
2325,IPC,395,1,1
2326,IPC,144,1,1
2327,IPC,66D-ITACT,1,1
2328,IPC,66D-ITACT,1,1
2329,IPC,392,1,1
2330,IPC,326,1,1
2331,IPC,380,1,1
2332,IPC,304B,1,1
2333,IPC,147,1,1
2334,NDPS,20,1,1
2335,IPC,326,1,1
2336,ARMS,27,1,1
2337,IPC,66D-ITACT,1,1
2338,POCSO,4,1,1
2339,IPC,379,1,1
2340,IPC,379A,1,1
2341,IPC,379,1,1
2342,IPC,326,1,1
2343,IPC,420,1,1
2344,IPC,379,1,1
2345,IPC,379,1,1
2346,IPC,379,1,1
2347,ARMS,27,1,1
2347,ARMS,25,2,2
2348,IPC,147,1,1
2349,IPC,379,1,1
2350,IPC,323,1,1
2351,IPC,66D-ITACT,1,1
2352,IPC,379,1,1
2353,POCSO,4,1,1
2354,IPC,66D-ITACT,1,1
2355,IPC,498A,1,1
2356,IPC,379,1,1
2357,IPC,323,1,1
2358,POCSO,4,1,1
2359,IPC,323,1,1
2360,IPC,376,1,1
2360,BNS,64,2,2
2361,IPC,406,1,1
2362,IPC,379,1,1
2363,IPC,392,1,1
2364,IPC,406,1,1
2365,IPC,379,1,1
2366,IPC,380,1,1
2367,IPC,144,1,1
2368,IPC,379A,1,1
2369,IPC,326,1,1
2370,IPC,326,1,1
2371,NDPS,20,1,1
2372,IPC,436,1,1
2373,IPC,323,1,1
2374,IPC,323,1,1
2375,IPC,379,1,1
2376,IPC,354,1,1
2377,IPC,498A,1,1
2378,IPC,379,1,1
2379,IPC,323,1,1
2380,IPC,420,1,1
2381,IPC,392,1,1
2382,IPC,420,1,1
2383,IPC,326,1,1
2384,IPC,379,1,1
2385,IPC,379,1,1
2386,IPC,379,1,1
2387,IPC,406,1,1
2388,IPC,379A,1,1
2389,IPC,498A,1,1
2390,IPC,376,1,1
2391,IPC,498A,1,1
2392,IPC,379,1,1
2393,IPC,379,1,1
2394,IPC,420,1,1
2395,IPC,323,1,1
2396,IPC,498A,1,1
2397,NDPS,20,1,1
2398,IPC,66D-ITACT,1,1
2399,IPC,420,1,1
2400,IPC,323,1,1
2401,IPC,323,1,1
2402,IPC,420,1,1
2403,IPC,380,1,1
2404,IPC,379,1,1
2405,IPC,323,1,1
2406,IPC,354,1,1
2407,IPC,147,1,1
2408,IPC,363,1,1
2409,IPC,326,1,1
2410,IPC,379,1,1
2411,IPC,323,1,1
2412,IPC,379A,1,1
2413,IPC,326,1,1
2414,IPC,498A,1,1
2415,IPC,379,1,1
2416,IPC,354,1,1
2417,IPC,379,1,1
2418,IPC,323,1,1
2419,IPC,395,1,1
2420,POCSO,4,1,1
2421,IPC,380,1,1
2422,IPC,323,1,1
2423,IPC,498A,1,1
2424,IPC,323,1,1
2425,IPC,420,1,1
2426,IPC,498A,1,1
2427,IPC,147,1,1
2428,IPC,379,1,1
2429,POCSO,4,1,1
2430,IPC,379,1,1
2431,IPC,498A,1,1
2432,BNS,64,1,1
2433,IPC,420,1,1
2434,IPC,323,1,1
2435,IPC,144,1,1
2436,IPC,420,1,1
2437,IPC,380,1,1
2438,IPC,436,1,1
2439,IPC,436,1,1
2440,IPC,376,1,1
2441,IPC,307,1,1
2441,BNS,109,2,2
2442,IPC,354,1,1
2443,IPC,395,1,1
2444,IPC,323,1,1
2445,IPC,379,1,1
2446,IPC,379,1,1
2447,IPC,380,1,1
2448,IPC,307,1,1
2448,BNS,109,2,2
2449,IPC,420,1,1
2450,IPC,66D-ITACT,1,1
2451,IPC,379,1,1
2452,IPC,363,1,1
2453,IPC,420,1,1
2454,IPC,420,1,1
2455,IPC,379,1,1
2456,IPC,323,1,1
2457,IPC,379,1,1
2458,IPC,144,1,1
2459,IPC,147,1,1
2460,IPC,354,1,1
2461,IPC,498A,1,1
2462,IPC,354,1,1
2463,IPC,392,1,1
2464,IPC,420,1,1
2465,IPC,498A,1,1
2466,IPC,363,1,1
2467,IPC,379,1,1
2468,IPC,379,1,1
2469,IPC,307,1,1
2470,IPC,323,1,1
2471,IPC,307,1,1
2472,IPC,379A,1,1
2473,IPC,406,1,1
2474,IPC,420,1,1
2475,ARMS,25,1,1
2475,ARMS,27,2,2
2476,IPC,436,1,1
2477,ARMS,25,1,1
2477,ARMS,27,2,2
2478,IPC,326,1,1
2479,IPC,379,1,1
2480,IPC,379A,1,1
2481,IPC,379A,1,1
2482,IPC,379,1,1
2483,IPC,406,1,1
2484,IPC,66D-ITACT,1,1
2485,IPC,66D-ITACT,1,1
2486,IPC,323,1,1
2487,IPC,323,1,1
2488,IPC,307,1,1
2489,IPC,420,1,1
2490,IPC,66D-ITACT,1,1
2491,IPC,379,1,1
2492,IPC,380,1,1
2493,IPC,354,1,1
2494,IPC,323,1,1
2495,IPC,380,1,1
2496,IPC,363,1,1
2497,IPC,379,1,1
2498,IPC,420,1,1
2499,IPC,489A,1,1
2500,IPC,66D-ITACT,1,1
2501,IPC,379,1,1
2502,IPC,376,1,1
2503,POCSO,4,1,1
2504,IPC,379,1,1
2505,IPC,307,1,1
2506,BNS,64,1,1
2507,IPC,406,1,1
2508,IPC,406,1,1
2509,IPC,380,1,1
2510,ARMS,25,1,1
2511,IPC,323,1,1
2512,IPC,498A,1,1
2513,IPC,380,1,1
2514,IPC,354,1,1
2515,IPC,436,1,1
2516,IPC,379,1,1
2517,IPC,420,1,1
2518,IPC,354,1,1
2519,IPC,323,1,1
2520,NDPS,20,1,1
2521,IPC,147,1,1
2522,IPC,379,1,1
2523,IPC,144,1,1
2524,IPC,379,1,1
2525,IPC,379A,1,1
2526,IPC,379A,1,1
2527,IPC,66D-ITACT,1,1
2528,IPC,420,1,1
2529,IPC,379A,1,1
2530,IPC,323,1,1
2531,IPC,147,1,1
2532,IPC,498A,1,1
2533,IPC,498A,1,1
2534,IPC,66D-ITACT,1,1
2535,BNS,64,1,1
2536,IPC,304B,1,1
2537,IPC,379A,1,1
2538,IPC,395,1,1
2539,IPC,379A,1,1
2540,IPC,420,1,1
2541,IPC,380,1,1
2542,IPC,363,1,1
2543,ARMS,25,1,1
2544,IPC,354,1,1
2545,IPC,326,1,1
2546,IPC,406,1,1
2547,IPC,379,1,1
2548,IPC,436,1,1
2549,IPC,304,1,1
2550,IPC,420,1,1
2551,IPC,323,1,1
2552,IPC,489A,1,1
2553,IPC,379A,1,1
2554,IPC,420,1,1
2555,IPC,379A,1,1
2556,IPC,420,1,1
2557,IPC,380,1,1
2558,IPC,147,1,1
2559,IPC,363,1,1
2560,BNS,64,1,1
2561,IPC,323,1,1
2562,IPC,379A,1,1
2563,IPC,323,1,1
2564,IPC,323,1,1
2565,IPC,323,1,1
2566,ARMS,25,1,1
2567,IPC,498A,1,1
2568,BNS,109,1,1
2569,IPC,66D-ITACT,1,1
2570,BNS,109,1,1
2571,IPC,323,1,1
2572,IPC,323,1,1
2573,IPC,379A,1,1
2574,IPC,380,1,1
2575,IPC,406,1,1
2576,IPC,144,1,1
2577,IPC,323,1,1
2578,IPC,379,1,1
2579,IPC,379A,1,1
2580,NDPS,20,1,1
2581,IPC,380,1,1
2582,IPC,302,1,1
2583,IPC,380,1,1
2584,IPC,380,1,1
2585,IPC,304B,1,1
2586,NDPS,20,1,1
2587,ARMS,25,1,1
2588,IPC,379A,1,1
2589,IPC,379,1,1
2590,IPC,380,1,1
2591,IPC,323,1,1
2592,IPC,392,1,1
2593,IPC,323,1,1
2594,IPC,406,1,1
2595,IPC,379,1,1
2596,IPC,392,1,1
2597,IPC,379A,1,1
2598,IPC,420,1,1
2599,BNS,109,1,1
2600,IPC,323,1,1
2601,IPC,144,1,1
2602,IPC,147,1,1
2603,IPC,379A,1,1
2604,IPC,379,1,1
2605,IPC,323,1,1
2606,IPC,380,1,1
2607,IPC,379,1,1
2608,IPC,436,1,1
2609,IPC,392,1,1
2610,IPC,379,1,1
2611,IPC,392,1,1
2612,IPC,379,1,1
2613,IPC,420,1,1
2614,IPC,420,1,1
2615,IPC,66D-ITACT,1,1
2616,IPC,354,1,1
2617,IPC,379A,1,1
2618,IPC,498A,1,1
2619,IPC,379A,1,1
2620,IPC,326,1,1
2621,IPC,379,1,1
2622,IPC,498A,1,1
2623,IPC,498A,1,1
2624,IPC,392,1,1
2625,IPC,436,1,1
2626,IPC,376,1,1
2627,IPC,380,1,1
2628,IPC,498A,1,1
2629,IPC,363,1,1
2630,IPC,323,1,1
2631,IPC,379,1,1
2632,BNS,109,1,1
2633,IPC,379A,1,1
2634,IPC,323,1,1
2635,IPC,354,1,1
2636,IPC,498A,1,1
2637,IPC,66D-ITACT,1,1
2638,IPC,380,1,1
2639,IPC,379,1,1
2640,IPC,379,1,1
2641,IPC,144,1,1
2642,IPC,436,1,1
2643,IPC,380,1,1
2644,IPC,498A,1,1
2645,IPC,436,1,1
2646,IPC,379A,1,1
2647,IPC,379,1,1
2648,IPC,354,1,1
2649,BNS,103,1,1
2650,IPC,420,1,1
2651,IPC,380,1,1
2652,IPC,379,1,1
2653,IPC,376,1,1
2654,IPC,379A,1,1
2655,IPC,66D-ITACT,1,1
2656,IPC,406,1,1
2657,IPC,498A,1,1
2658,IPC,379A,1,1
2659,IPC,379,1,1
2660,IPC,379,1,1
2661,POCSO,4,1,1
2662,IPC,379,1,1
2663,IPC,392,1,1
2664,IPC,66D-ITACT,1,1
2665,IPC,420,1,1
2666,IPC,323,1,1
2667,ARMS,25,1,1
2668,IPC,380,1,1
2669,IPC,380,1,1
2670,BNS,64,1,1
2671,IPC,66D-ITACT,1,1
2672,IPC,323,1,1
2673,IPC,420,1,1
2674,POCSO,4,1,1
2675,IPC,379,1,1
2676,IPC,379,1,1
2677,IPC,379,1,1
2678,IPC,498A,1,1
2679,IPC,326,1,1
2680,IPC,380,1,1
2681,IPC,326,1,1
2682,IPC,354,1,1
2683,NDPS,20,1,1
2684,IPC,380,1,1
2685,IPC,380,1,1
2686,IPC,144,1,1
2687,IPC,354,1,1
2688,IPC,379,1,1
2689,IPC,420,1,1
2690,IPC,406,1,1
2691,IPC,379A,1,1
2692,IPC,392,1,1
2693,IPC,66D-ITACT,1,1
2694,IPC,420,1,1
2695,IPC,379,1,1
2696,IPC,323,1,1
2697,IPC,420,1,1
2698,IPC,395,1,1
2699,IPC,436,1,1
2700,IPC,392,1,1
2701,IPC,379,1,1
2702,IPC,436,1,1
2703,IPC,395,1,1
2704,IPC,392,1,1
2705,IPC,498A,1,1
2706,IPC,420,1,1
2707,IPC,379,1,1
2708,IPC,498A,1,1
2709,IPC,326,1,1
2710,IPC,144,1,1
2711,IPC,66D-ITACT,1,1
2712,ARMS,27,1,1
2713,IPC,379,1,1
2714,BNS,109,1,1
2715,IPC,304,1,1
2716,IPC,147,1,1
2717,IPC,406,1,1
2718,IPC,379A,1,1
2719,IPC,323,1,1
2720,IPC,380,1,1
2721,IPC,420,1,1
2722,NDPS,20,1,1
2723,IPC,420,1,1
2724,IPC,379,1,1
2725,IPC,379A,1,1
2726,IPC,379,1,1
2727,IPC,144,1,1
2728,ARMS,25,1,1
2729,IPC,379,1,1
2730,IPC,323,1,1
2731,IPC,379,1,1
2732,IPC,379A,1,1
2733,IPC,379,1,1
2734,IPC,326,1,1
2735,IPC,66D-ITACT,1,1
2736,IPC,379,1,1
2737,IPC,144,1,1
2738,IPC,326,1,1
2739,IPC,498A,1,1
2740,IPC,323,1,1
2741,IPC,420,1,1
2742,IPC,379,1,1
2743,IPC,354,1,1
2744,IPC,66D-ITACT,1,1
2745,IPC,66D-ITACT,1,1
2746,IPC,323,1,1
2747,IPC,326,1,1
2748,IPC,380,1,1
2749,IPC,406,1,1
2750,IPC,323,1,1
2751,IPC,363,1,1
2752,ARMS,27,1,1
2753,IPC,323,1,1
2754,IPC,379,1,1
2755,NDPS,20,1,1
2756,IPC,66D-ITACT,1,1
2757,IPC,147,1,1
2758,IPC,379,1,1
2759,IPC,380,1,1
2760,IPC,498A,1,1
2761,IPC,379,1,1
2762,IPC,420,1,1
2763,IPC,420,1,1
2764,IPC,420,1,1
2765,IPC,498A,1,1
2766,BNS,64,1,1
2767,IPC,379A,1,1
2768,IPC,323,1,1
2769,IPC,379,1,1
2770,IPC,144,1,1
2771,IPC,380,1,1
2772,IPC,354,1,1
2773,IPC,302,1,1
2774,IPC,379,1,1
2775,IPC,323,1,1
2776,IPC,304,1,1
2777,IPC,66D-ITACT,1,1
2778,IPC,420,1,1
2779,IPC,147,1,1
2780,IPC,406,1,1
2781,IPC,323,1,1
2782,IPC,326,1,1
2783,IPC,392,1,1
2784,IPC,326,1,1
2785,IPC,406,1,1
2786,IPC,379,1,1
2787,IPC,379,1,1
2788,POCSO,4,1,1
2789,IPC,379A,1,1
2790,IPC,380,1,1
2791,IPC,379A,1,1
2792,IPC,304,1,1
2793,IPC,323,1,1
2794,IPC,354,1,1
2795,IPC,323,1,1
2796,IPC,392,1,1
2797,IPC,380,1,1
2798,IPC,376,1,1
2799,IPC,498A,1,1
2800,IPC,379,1,1
2801,BNS,109,1,1
2802,IPC,354,1,1
2803,ARMS,27,1,1
2804,IPC,379,1,1
2805,IPC,392,1,1
2806,IPC,304,1,1
2807,IPC,363,1,1
2808,IPC,498A,1,1
2809,IPC,326,1,1
2810,IPC,379,1,1
2811,IPC,363,1,1
2812,IPC,323,1,1
2813,IPC,406,1,1
2814,IPC,406,1,1
2815,IPC,326,1,1
2816,IPC,379,1,1
2817,POCSO,4,1,1
2818,IPC,380,1,1
2819,IPC,420,1,1
2820,IPC,147,1,1
2821,IPC,66D-ITACT,1,1
2822,IPC,392,1,1
2823,IPC,379A,1,1
2824,IPC,379,1,1
2825,IPC,66D-ITACT,1,1
2826,IPC,420,1,1
2827,IPC,379,1,1
2828,IPC,354,1,1
2829,IPC,363,1,1
2830,IPC,326,1,1
2831,IPC,66D-ITACT,1,1
2832,IPC,379,1,1
2833,IPC,498A,1,1
2834,IPC,323,1,1
2835,IPC,144,1,1
2836,IPC,66D-ITACT,1,1
2837,IPC,498A,1,1
2838,NDPS,20,1,1
2839,BNS,109,1,1
2840,IPC,379A,1,1
2841,ARMS,27,1,1
2842,ARMS,25,1,1
2843,IPC,323,1,1
2844,ARMS,27,1,1
2844,ARMS,25,2,2
2845,IPC,323,1,1
2846,IPC,406,1,1
2847,IPC,323,1,1
2848,IPC,363,1,1
2849,IPC,379A,1,1
2850,IPC,379,1,1
2851,IPC,420,1,1
2852,IPC,498A,1,1
2853,IPC,323,1,1
2854,IPC,323,1,1
2855,IPC,498A,1,1
2856,IPC,406,1,1
2857,IPC,354,1,1
2858,IPC,323,1,1
2859,IPC,395,1,1
2860,IPC,323,1,1
2861,IPC,436,1,1
2862,NDPS,20,1,1
2863,NDPS,20,1,1
2864,IPC,304B,1,1
2865,IPC,379,1,1
2866,IPC,380,1,1
2867,IPC,420,1,1
2868,IPC,66D-ITACT,1,1
2869,IPC,379,1,1
2870,IPC,323,1,1
2871,IPC,406,1,1
2872,IPC,326,1,1
2873,IPC,420,1,1
2874,IPC,66D-ITACT,1,1
2875,IPC,363,1,1
2876,IPC,379,1,1
2877,IPC,147,1,1
2878,IPC,420,1,1
2879,IPC,379,1,1
2880,IPC,379,1,1
2881,IPC,326,1,1
2882,IPC,436,1,1
2883,IPC,379,1,1
2884,IPC,379A,1,1
2885,IPC,323,1,1
2886,IPC,379,1,1
2887,IPC,498A,1,1
2888,IPC,498A,1,1
2889,IPC,326,1,1
2890,IPC,379A,1,1
2891,IPC,302,1,1
2891,BNS,103,2,2
2892,IPC,392,1,1
2893,NDPS,20,1,1
2894,IPC,144,1,1
2895,IPC,354,1,1
2896,IPC,379A,1,1
2897,IPC,379,1,1
2898,IPC,379,1,1
2899,IPC,380,1,1
2900,IPC,323,1,1
2901,IPC,326,1,1
2902,IPC,498A,1,1
2903,IPC,363,1,1
2904,IPC,498A,1,1
2905,NDPS,20,1,1
2906,IPC,406,1,1
2907,IPC,498A,1,1
2908,IPC,304B,1,1
2909,IPC,323,1,1
2910,IPC,304B,1,1
2911,POCSO,4,1,1
2912,IPC,380,1,1
2913,ARMS,25,1,1
2914,IPC,323,1,1
2915,IPC,326,1,1
2916,IPC,144,1,1
2917,IPC,498A,1,1
2918,IPC,498A,1,1
2919,IPC,323,1,1
2920,IPC,498A,1,1
2921,IPC,326,1,1
2922,IPC,379,1,1
2923,IPC,379,1,1
2924,IPC,420,1,1
2925,IPC,420,1,1
2926,IPC,379,1,1
2927,IPC,379,1,1
2928,IPC,420,1,1
2929,IPC,66D-ITACT,1,1
2930,IPC,147,1,1
2931,IPC,147,1,1
2932,IPC,323,1,1
2933,IPC,406,1,1
2934,IPC,326,1,1
2935,IPC,379A,1,1
2936,IPC,436,1,1
2937,IPC,395,1,1
2938,IPC,379,1,1
2939,POCSO,4,1,1
2940,IPC,498A,1,1
2941,IPC,326,1,1
2942,IPC,326,1,1
2943,IPC,420,1,1
2944,IPC,420,1,1
2945,IPC,323,1,1
2946,IPC,406,1,1
2947,IPC,376,1,1
2947,BNS,64,2,2
2948,IPC,379A,1,1
2949,IPC,379,1,1
2950,IPC,379,1,1
2951,IPC,379,1,1
2952,IPC,326,1,1
2953,IPC,326,1,1
2954,IPC,66D-ITACT,1,1
2955,IPC,326,1,1
2956,IPC,379,1,1
2957,IPC,66D-ITACT,1,1
2958,IPC,379A,1,1
2959,IPC,326,1,1
2960,IPC,363,1,1
2961,IPC,379,1,1
2962,IPC,66D-ITACT,1,1
2963,IPC,420,1,1
2964,NDPS,20,1,1
2965,IPC,380,1,1
2966,IPC,420,1,1
2967,IPC,380,1,1
2968,IPC,66D-ITACT,1,1
2969,IPC,363,1,1
2970,NDPS,20,1,1
2971,IPC,392,1,1
2972,IPC,307,1,1
2973,IPC,392,1,1
2974,IPC,326,1,1
2975,IPC,363,1,1
2976,IPC,66D-ITACT,1,1
2977,IPC,379A,1,1
2978,IPC,323,1,1
2979,IPC,379,1,1
2980,IPC,363,1,1
2981,IPC,498A,1,1
2982,IPC,66D-ITACT,1,1
2983,IPC,420,1,1
2984,IPC,354,1,1
2985,IPC,323,1,1
2986,IPC,363,1,1
2987,IPC,380,1,1
2988,IPC,379,1,1
2989,IPC,66D-ITACT,1,1
2990,IPC,379,1,1
2991,IPC,379,1,1
2992,IPC,363,1,1
2993,IPC,406,1,1
2994,IPC,406,1,1
2995,IPC,498A,1,1
2996,IPC,379,1,1
2997,IPC,379A,1,1
2998,IPC,147,1,1
2999,IPC,354,1,1
3000,NDPS,20,1,1
3001,IPC,379,1,1
3002,IPC,379,1,1
3003,IPC,420,1,1
3004,IPC,354,1,1
3005,IPC,380,1,1
3006,IPC,420,1,1
3007,IPC,66D-ITACT,1,1
3008,IPC,420,1,1
3009,IPC,354,1,1
3010,IPC,436,1,1
3011,IPC,420,1,1
3012,IPC,380,1,1
3013,IPC,66D-ITACT,1,1
3014,NDPS,20,1,1
3015,IPC,379,1,1
3016,BNS,109,1,1
3016,IPC,307,2,2
3017,IPC,380,1,1
3018,IPC,326,1,1
3019,IPC,489A,1,1
3020,BNS,109,1,1
3021,IPC,379,1,1
3022,IPC,323,1,1
3023,IPC,498A,1,1
3024,IPC,147,1,1
3025,IPC,498A,1,1
3026,IPC,498A,1,1
3027,IPC,379,1,1
3028,IPC,363,1,1
3029,IPC,147,1,1
3030,ARMS,27,1,1
3030,ARMS,25,2,2
3031,IPC,380,1,1
3032,IPC,498A,1,1
3033,IPC,379,1,1
3034,IPC,420,1,1
3035,IPC,406,1,1
3036,IPC,379,1,1
3037,IPC,379,1,1
3038,IPC,379,1,1
3039,IPC,498A,1,1
3040,IPC,363,1,1
3041,IPC,380,1,1
3042,IPC,144,1,1
3043,IPC,323,1,1
3044,IPC,66D-ITACT,1,1
3045,IPC,379A,1,1
3046,IPC,498A,1,1
3047,IPC,379,1,1
3048,IPC,380,1,1
3049,IPC,392,1,1
3050,IPC,420,1,1
3051,IPC,66D-ITACT,1,1
3052,IPC,323,1,1
3053,IPC,420,1,1
3054,IPC,380,1,1
3055,IPC,379,1,1
3056,IPC,66D-ITACT,1,1
3057,IPC,379A,1,1
3058,IPC,379,1,1
3059,IPC,498A,1,1
3060,IPC,379A,1,1
3061,IPC,395,1,1
3062,IPC,380,1,1
3063,IPC,147,1,1
3064,IPC,380,1,1
3065,IPC,380,1,1
3066,IPC,323,1,1
3067,IPC,66D-ITACT,1,1
3068,IPC,379A,1,1
3069,IPC,323,1,1
3070,IPC,363,1,1
3071,IPC,420,1,1
3072,IPC,380,1,1
3073,BNS,103,1,1
3074,IPC,420,1,1
3075,BNS,64,1,1
3076,IPC,323,1,1
3077,IPC,420,1,1
3078,IPC,354,1,1
3079,IPC,304B,1,1
3080,IPC,420,1,1
3081,IPC,147,1,1
3082,IPC,498A,1,1
3083,IPC,379A,1,1
3084,IPC,420,1,1
3085,IPC,420,1,1
3086,BNS,64,1,1
3087,IPC,420,1,1
3088,IPC,363,1,1
3089,NDPS,20,1,1
3090,IPC,354,1,1
3091,IPC,379,1,1
3092,IPC,420,1,1
3093,IPC,323,1,1
3094,IPC,66D-ITACT,1,1
3095,BNS,103,1,1
3096,IPC,380,1,1
3097,IPC,380,1,1
3098,BNS,64,1,1
3099,IPC,66D-ITACT,1,1
3100,IPC,406,1,1
3101,IPC,326,1,1
3102,IPC,436,1,1
3103,IPC,323,1,1
3104,IPC,379,1,1
3105,IPC,379,1,1
3106,IPC,420,1,1
3107,IPC,392,1,1
3108,IPC,420,1,1
3109,IPC,498A,1,1
3110,IPC,147,1,1
3111,NDPS,20,1,1
3112,IPC,323,1,1
3113,NDPS,20,1,1
3114,IPC,379,1,1
3115,IPC,326,1,1
3116,IPC,379A,1,1
3117,IPC,66D-ITACT,1,1
3118,IPC,379,1,1
3119,IPC,392,1,1
3120,IPC,66D-ITACT,1,1
3121,IPC,498A,1,1
3122,ARMS,25,1,1
3123,BNS,109,1,1
3123,IPC,307,2,2
3124,IPC,436,1,1
3125,IPC,498A,1,1
3126,IPC,66D-ITACT,1,1
3127,BNS,64,1,1
3128,IPC,376,1,1
3129,IPC,323,1,1
3130,IPC,380,1,1
3131,IPC,323,1,1
3132,IPC,363,1,1
3133,IPC,363,1,1
3134,IPC,379,1,1
3135,IPC,392,1,1
3136,IPC,406,1,1
3137,IPC,323,1,1
3138,IPC,420,1,1
3139,IPC,406,1,1
3140,IPC,354,1,1
3141,IPC,307,1,1
3142,IPC,379,1,1
3143,IPC,420,1,1
3144,IPC,302,1,1
3145,IPC,380,1,1
3146,IPC,326,1,1
3147,IPC,379,1,1
3148,IPC,323,1,1
3149,IPC,307,1,1
3150,IPC,379A,1,1
3151,IPC,406,1,1
3152,IPC,354,1,1
3153,IPC,66D-ITACT,1,1
3154,IPC,147,1,1
3155,IPC,379,1,1
3156,IPC,379,1,1
3157,IPC,323,1,1
3158,IPC,66D-ITACT,1,1
3159,IPC,379,1,1
3160,IPC,379A,1,1
3161,IPC,379A,1,1
3162,IPC,420,1,1
3163,IPC,379,1,1
3164,IPC,302,1,1
3164,BNS,103,2,2
3165,IPC,379,1,1
3166,IPC,420,1,1
3167,IPC,323,1,1
3168,IPC,406,1,1
3169,IPC,323,1,1
3170,IPC,489A,1,1
3171,IPC,406,1,1
3172,IPC,392,1,1
3173,IPC,379,1,1
3174,NDPS,20,1,1
3175,IPC,395,1,1
3176,IPC,420,1,1
3177,IPC,420,1,1
3178,IPC,144,1,1
3179,IPC,498A,1,1
3180,POCSO,4,1,1
3181,IPC,304B,1,1
3182,IPC,379,1,1
3183,IPC,498A,1,1
3184,IPC,436,1,1
3185,IPC,326,1,1
3186,IPC,144,1,1
3187,IPC,380,1,1
3188,IPC,66D-ITACT,1,1
3189,IPC,144,1,1
3190,IPC,323,1,1
3191,IPC,323,1,1
3192,IPC,498A,1,1
3193,IPC,420,1,1
3194,IPC,379A,1,1
3195,IPC,420,1,1
3196,IPC,380,1,1
3197,IPC,326,1,1
3198,IPC,380,1,1
3199,IPC,326,1,1
3200,IPC,379,1,1
3201,IPC,379,1,1
3202,IPC,379,1,1
3203,IPC,380,1,1
3204,IPC,66D-ITACT,1,1
3205,IPC,379A,1,1
3206,IPC,379,1,1
3207,IPC,406,1,1
3208,IPC,354,1,1
3209,IPC,380,1,1
3210,IPC,323,1,1
3211,IPC,395,1,1
3212,IPC,498A,1,1
3213,IPC,354,1,1
3214,IPC,379,1,1
3215,IPC,323,1,1
3216,IPC,323,1,1
3217,IPC,380,1,1
3218,IPC,436,1,1
3219,NDPS,20,1,1
3220,IPC,379,1,1
3221,IPC,420,1,1
3222,NDPS,20,1,1
3223,IPC,420,1,1
3224,IPC,498A,1,1
3225,IPC,379,1,1
3226,IPC,489A,1,1
3227,IPC,379,1,1
3228,IPC,380,1,1
3229,IPC,323,1,1
3230,IPC,379A,1,1
3231,IPC,323,1,1
3232,IPC,376,1,1
3233,IPC,379,1,1
3234,IPC,379,1,1
3235,IPC,379A,1,1
3236,POCSO,4,1,1
3237,IPC,354,1,1
3238,IPC,323,1,1
3239,IPC,498A,1,1
3240,IPC,406,1,1
3241,IPC,66D-ITACT,1,1
3242,IPC,379,1,1
3243,IPC,395,1,1
3244,IPC,144,1,1
3245,IPC,304B,1,1
3246,IPC,380,1,1
3247,IPC,354,1,1
3248,BNS,103,1,1
3248,IPC,302,2,2
3249,IPC,323,1,1
3250,IPC,379A,1,1
3251,IPC,66D-ITACT,1,1
3252,IPC,498A,1,1
3253,ARMS,25,1,1
3254,IPC,379A,1,1
3255,IPC,380,1,1
3256,IPC,420,1,1
3257,IPC,392,1,1
3258,IPC,363,1,1
3259,IPC,66D-ITACT,1,1
3260,IPC,326,1,1
3261,IPC,323,1,1
3262,IPC,66D-ITACT,1,1
3263,IPC,420,1,1
3264,IPC,379A,1,1
3265,IPC,380,1,1
3266,IPC,326,1,1
3267,IPC,326,1,1
3268,IPC,354,1,1
3269,NDPS,20,1,1
3270,IPC,363,1,1
3271,IPC,420,1,1
3272,BNS,64,1,1
3272,IPC,376,2,2
3273,IPC,380,1,1
3274,IPC,363,1,1
3275,IPC,420,1,1
3276,IPC,144,1,1
3277,IPC,379,1,1
3278,IPC,379,1,1
3279,IPC,498A,1,1
3280,IPC,323,1,1
3281,IPC,379,1,1
3282,NDPS,20,1,1
3283,IPC,66D-ITACT,1,1
3284,IPC,66D-ITACT,1,1
3285,IPC,379,1,1
3286,IPC,406,1,1
3287,IPC,498A,1,1
3288,IPC,326,1,1
3289,IPC,380,1,1
3290,IPC,379A,1,1
3291,IPC,144,1,1
3292,NDPS,20,1,1
3293,IPC,66D-ITACT,1,1
3294,IPC,376,1,1
3295,IPC,323,1,1
3296,IPC,406,1,1
3297,POCSO,4,1,1
3298,IPC,354,1,1
3299,IPC,380,1,1
3300,IPC,323,1,1
3301,IPC,379,1,1
3302,IPC,379,1,1
3303,IPC,380,1,1
3304,IPC,380,1,1
3305,IPC,379,1,1
3306,IPC,379,1,1
3307,IPC,363,1,1
3308,IPC,326,1,1
3309,IPC,66D-ITACT,1,1
3310,IPC,144,1,1
3311,IPC,406,1,1
3312,IPC,420,1,1
3313,IPC,323,1,1
3314,NDPS,20,1,1
3315,IPC,489A,1,1
3316,IPC,304B,1,1
3317,IPC,379,1,1
3318,IPC,420,1,1
3319,IPC,354,1,1
3320,IPC,406,1,1
3321,IPC,420,1,1
3322,IPC,147,1,1
3323,BNS,64,1,1
3324,IPC,323,1,1
3325,BNS,64,1,1
3325,IPC,376,2,2
3326,IPC,323,1,1
3327,BNS,64,1,1
3328,IPC,498A,1,1
3329,IPC,379,1,1
3330,IPC,380,1,1
3331,IPC,379,1,1
3332,IPC,307,1,1
3333,IPC,379,1,1
3334,IPC,363,1,1
3335,IPC,379,1,1
3336,IPC,66D-ITACT,1,1
3337,IPC,380,1,1
3338,IPC,498A,1,1
3339,IPC,379,1,1
3340,IPC,326,1,1
3341,IPC,323,1,1
3342,IPC,392,1,1
3343,IPC,380,1,1
3344,BNS,64,1,1
3345,IPC,380,1,1
3346,IPC,66D-ITACT,1,1
3347,IPC,379A,1,1
3348,IPC,326,1,1
3349,IPC,326,1,1
3350,IPC,144,1,1
3351,IPC,66D-ITACT,1,1
3352,NDPS,20,1,1
3353,IPC,144,1,1
3354,IPC,379A,1,1
3355,IPC,380,1,1
3356,IPC,380,1,1
3357,IPC,392,1,1
3358,IPC,323,1,1
3359,IPC,326,1,1
3360,IPC,323,1,1
3361,IPC,144,1,1
3362,IPC,498A,1,1
3363,IPC,392,1,1
3364,IPC,379,1,1
3365,IPC,380,1,1
3366,POCSO,4,1,1
3367,IPC,392,1,1
3368,IPC,66D-ITACT,1,1
3369,IPC,376,1,1
3370,IPC,436,1,1
3371,IPC,392,1,1
3372,IPC,66D-ITACT,1,1
3373,IPC,379A,1,1
3374,IPC,379,1,1
3375,IPC,420,1,1
3376,IPC,363,1,1
3377,IPC,498A,1,1
3378,IPC,379,1,1
3379,IPC,379,1,1
3380,BNS,64,1,1
3381,IPC,323,1,1
3382,IPC,354,1,1
3383,IPC,379A,1,1
3384,IPC,379A,1,1
3385,BNS,103,1,1
3386,NDPS,20,1,1
3387,IPC,379,1,1
3388,IPC,323,1,1
3389,IPC,379,1,1
3390,IPC,380,1,1
3391,IPC,363,1,1
3392,IPC,498A,1,1
3393,IPC,323,1,1
3394,NDPS,20,1,1
3395,IPC,379A,1,1
3396,IPC,144,1,1
3397,IPC,379,1,1
3398,IPC,379A,1,1
3399,IPC,379A,1,1
3400,IPC,406,1,1
3401,IPC,354,1,1
3402,IPC,380,1,1
3403,IPC,66D-ITACT,1,1
3404,NDPS,20,1,1
3405,IPC,354,1,1
3406,IPC,326,1,1
3407,IPC,379,1,1
3408,NDPS,20,1,1
3409,NDPS,20,1,1
3410,IPC,379A,1,1
3411,IPC,406,1,1
3412,POCSO,4,1,1
3413,IPC,379A,1,1
3414,IPC,379A,1,1
3415,IPC,379,1,1
3416,IPC,380,1,1
3417,IPC,379,1,1
3418,IPC,395,1,1
3419,IPC,326,1,1
3420,IPC,379,1,1
3421,IPC,379,1,1
3422,IPC,66D-ITACT,1,1
3423,IPC,379,1,1
3424,IPC,489A,1,1
3425,IPC,323,1,1
3426,ARMS,25,1,1
3427,IPC,379,1,1
3428,BNS,64,1,1
3429,IPC,326,1,1
3430,IPC,420,1,1
3431,IPC,323,1,1
3432,IPC,363,1,1
3433,IPC,379A,1,1
3434,IPC,326,1,1
3435,IPC,363,1,1
3436,IPC,380,1,1
3437,IPC,436,1,1
3438,IPC,420,1,1
3439,IPC,323,1,1
3440,IPC,304B,1,1
3441,IPC,302,1,1
3441,BNS,103,2,2
3442,IPC,379A,1,1
3443,IPC,66D-ITACT,1,1
3444,NDPS,20,1,1
3445,IPC,354,1,1
3446,IPC,379,1,1
3447,IPC,392,1,1
3448,IPC,326,1,1
3449,IPC,147,1,1
3450,IPC,420,1,1
3451,IPC,498A,1,1
3452,IPC,147,1,1
3453,IPC,323,1,1
3454,IPC,379,1,1
3455,IPC,420,1,1
3456,IPC,354,1,1
3457,IPC,326,1,1
3458,IPC,323,1,1
3459,IPC,66D-ITACT,1,1
3460,IPC,66D-ITACT,1,1
3461,IPC,498A,1,1
3462,IPC,323,1,1
3463,IPC,379,1,1
3464,IPC,66D-ITACT,1,1
3465,IPC,379,1,1
3466,IPC,379A,1,1
3467,IPC,420,1,1
3468,IPC,392,1,1
3469,IPC,144,1,1
3470,IPC,376,1,1
3471,IPC,379,1,1
3472,IPC,380,1,1
3473,IPC,363,1,1
3474,IPC,379,1,1
3475,IPC,489A,1,1
3476,IPC,379,1,1
3477,IPC,66D-ITACT,1,1
3478,IPC,392,1,1
3479,IPC,392,1,1
3480,IPC,304,1,1
3481,IPC,406,1,1
3482,IPC,363,1,1
3483,IPC,66D-ITACT,1,1
3484,IPC,420,1,1
3485,ARMS,27,1,1
3485,ARMS,25,2,2
3486,IPC,489A,1,1
3487,IPC,326,1,1
3488,IPC,406,1,1
3489,IPC,379,1,1
3490,IPC,379,1,1
3491,IPC,379,1,1
3492,IPC,323,1,1
3493,IPC,379,1,1
3494,IPC,436,1,1
3495,IPC,147,1,1
3496,IPC,379,1,1
3497,NDPS,20,1,1
3498,IPC,323,1,1
3499,IPC,66D-ITACT,1,1
3500,IPC,323,1,1
3501,IPC,326,1,1
3502,IPC,379,1,1
3503,IPC,376,1,1
3503,BNS,64,2,2
3504,IPC,379,1,1
3505,IPC,392,1,1
3506,IPC,436,1,1
3507,IPC,379,1,1
3508,IPC,392,1,1
3509,POCSO,4,1,1
3510,IPC,498A,1,1
3511,IPC,323,1,1
3512,IPC,420,1,1
3513,IPC,392,1,1
3514,IPC,323,1,1
3515,IPC,498A,1,1
3516,IPC,379,1,1
3517,IPC,420,1,1
3518,IPC,406,1,1
3519,IPC,498A,1,1
3520,IPC,147,1,1
3521,IPC,436,1,1
3522,IPC,323,1,1
3523,BNS,103,1,1
3524,IPC,66D-ITACT,1,1
3525,IPC,380,1,1
3526,IPC,379A,1,1
3527,IPC,379,1,1
3528,IPC,326,1,1
3529,IPC,379,1,1
3530,IPC,323,1,1
3531,IPC,144,1,1
3532,IPC,354,1,1
3533,IPC,66D-ITACT,1,1
3534,IPC,354,1,1
3535,BNS,109,1,1
3536,IPC,498A,1,1
3537,IPC,323,1,1
3538,IPC,323,1,1
3539,IPC,380,1,1
3540,IPC,66D-ITACT,1,1
3541,IPC,323,1,1
3542,IPC,380,1,1
3543,IPC,144,1,1
3544,IPC,323,1,1
3545,IPC,380,1,1
3546,IPC,379,1,1
3547,IPC,323,1,1
3548,IPC,498A,1,1
3549,IPC,307,1,1
3550,IPC,379,1,1
3551,ARMS,27,1,1
3552,IPC,66D-ITACT,1,1
3553,IPC,380,1,1
3554,IPC,420,1,1
3555,IPC,66D-ITACT,1,1
3556,IPC,66D-ITACT,1,1
3557,IPC,379,1,1
3558,IPC,379,1,1
3559,NDPS,20,1,1
3560,IPC,498A,1,1
3561,IPC,326,1,1
3562,IPC,363,1,1
3563,IPC,376,1,1
3564,IPC,498A,1,1
3565,IPC,379,1,1
3566,IPC,498A,1,1
3567,BNS,64,1,1
3568,IPC,380,1,1
3569,IPC,323,1,1
3570,IPC,323,1,1
3571,IPC,380,1,1
3572,IPC,66D-ITACT,1,1
3573,IPC,395,1,1
3574,IPC,420,1,1
3575,IPC,326,1,1
3576,IPC,326,1,1
3577,IPC,379A,1,1
3578,IPC,420,1,1
3579,IPC,498A,1,1
3580,IPC,489A,1,1
3581,IPC,379A,1,1
3582,IPC,302,1,1
3583,IPC,307,1,1
3584,IPC,392,1,1
3585,POCSO,4,1,1
3586,IPC,354,1,1
3587,IPC,326,1,1
3588,IPC,147,1,1
3589,IPC,66D-ITACT,1,1
3590,ARMS,25,1,1
3591,IPC,376,1,1
3592,IPC,323,1,1
3593,IPC,379A,1,1
3594,IPC,379,1,1
3595,IPC,144,1,1
3596,ARMS,27,1,1
3597,IPC,379,1,1
3598,IPC,498A,1,1
3599,IPC,323,1,1
3600,IPC,420,1,1
3601,IPC,436,1,1
3602,IPC,323,1,1
3603,ARMS,25,1,1
3603,ARMS,27,2,2
3604,IPC,379,1,1
3605,IPC,323,1,1
3606,IPC,66D-ITACT,1,1
3607,IPC,498A,1,1
3608,IPC,379,1,1
3609,IPC,420,1,1
3610,IPC,380,1,1
3611,IPC,326,1,1
3612,IPC,323,1,1
3613,IPC,420,1,1
3614,IPC,380,1,1
3615,IPC,420,1,1
3616,IPC,392,1,1
3617,IPC,380,1,1
3618,IPC,379,1,1
3619,IPC,323,1,1
3620,IPC,147,1,1
3621,IPC,489A,1,1
3622,IPC,379,1,1
3623,IPC,326,1,1
3624,IPC,420,1,1
3625,IPC,379A,1,1
3626,IPC,380,1,1
3627,IPC,363,1,1
3628,IPC,147,1,1
3629,IPC,323,1,1
3630,IPC,354,1,1
3631,IPC,420,1,1
3632,IPC,420,1,1
3633,IPC,323,1,1
3634,IPC,379,1,1
3635,IPC,379,1,1
3636,IPC,380,1,1
3637,IPC,380,1,1
3638,IPC,406,1,1
3639,BNS,109,1,1
3640,IPC,144,1,1
3641,IPC,420,1,1
3642,IPC,66D-ITACT,1,1
3643,IPC,323,1,1
3644,NDPS,20,1,1
3645,IPC,323,1,1
3646,IPC,363,1,1
3647,IPC,436,1,1
3648,IPC,379A,1,1
3649,IPC,379A,1,1
3650,IPC,323,1,1
3651,IPC,420,1,1
3652,IPC,392,1,1
3653,BNS,103,1,1
3654,IPC,326,1,1
3655,IPC,147,1,1
3656,IPC,380,1,1
3657,IPC,380,1,1
3658,IPC,379,1,1
3659,IPC,420,1,1
3660,BNS,109,1,1
3661,IPC,392,1,1
3662,POCSO,4,1,1
3663,IPC,392,1,1
3664,IPC,354,1,1
3665,IPC,379,1,1
3666,IPC,420,1,1
3667,BNS,64,1,1
3668,IPC,379,1,1
3669,IPC,323,1,1
3670,IPC,420,1,1
3671,IPC,66D-ITACT,1,1
3672,IPC,66D-ITACT,1,1
3673,IPC,323,1,1
3674,IPC,498A,1,1
3675,POCSO,4,1,1
3676,NDPS,20,1,1
3677,IPC,354,1,1
3678,IPC,392,1,1
3679,IPC,66D-ITACT,1,1
3680,IPC,420,1,1
3681,IPC,66D-ITACT,1,1
3682,IPC,323,1,1
3683,IPC,66D-ITACT,1,1
3684,IPC,392,1,1
3685,IPC,363,1,1
3686,IPC,420,1,1
3687,IPC,379,1,1
3688,IPC,376,1,1
3689,IPC,304B,1,1
3690,IPC,323,1,1
3691,IPC,144,1,1
3692,IPC,406,1,1
3693,IPC,323,1,1
3694,IPC,144,1,1
3695,IPC,323,1,1
3696,IPC,379,1,1
3697,IPC,66D-ITACT,1,1
3698,IPC,326,1,1
3699,IPC,380,1,1
3700,IPC,380,1,1
3701,IPC,392,1,1
3702,IPC,379,1,1
3703,IPC,66D-ITACT,1,1
3704,IPC,406,1,1
3705,IPC,379A,1,1
3706,IPC,392,1,1
3707,IPC,379,1,1
3708,IPC,379,1,1
3709,IPC,379A,1,1
3710,IPC,379A,1,1
3711,IPC,406,1,1
3712,ARMS,25,1,1
3713,IPC,436,1,1
3714,IPC,326,1,1
3715,IPC,392,1,1
3716,POCSO,4,1,1
3717,IPC,436,1,1
3718,IPC,326,1,1
3719,IPC,489A,1,1
3720,NDPS,20,1,1
3721,IPC,392,1,1
3722,IPC,376,1,1
3723,IPC,406,1,1
3724,IPC,379A,1,1
3725,IPC,379,1,1
3726,IPC,326,1,1
3727,BNS,109,1,1
3727,IPC,307,2,2
3728,IPC,66D-ITACT,1,1
3729,IPC,379,1,1
3730,IPC,420,1,1
3731,IPC,323,1,1
3732,IPC,379,1,1
3733,IPC,436,1,1
3734,IPC,420,1,1
3735,IPC,379,1,1
3736,IPC,380,1,1
3737,IPC,380,1,1
3738,IPC,147,1,1
3739,IPC,498A,1,1
3740,BNS,103,1,1
3741,BNS,103,1,1
3741,IPC,302,2,2
3742,IPC,66D-ITACT,1,1
3743,IPC,379,1,1
3744,IPC,354,1,1
3745,IPC,147,1,1
3746,IPC,379,1,1
3747,IPC,498A,1,1
3748,IPC,380,1,1
3749,IPC,323,1,1
3750,IPC,380,1,1
3751,IPC,380,1,1
3752,POCSO,4,1,1
3753,IPC,354,1,1
3754,IPC,323,1,1
3755,ARMS,25,1,1
3756,IPC,420,1,1
3757,IPC,489A,1,1
3758,IPC,380,1,1
3759,IPC,379,1,1
3760,IPC,323,1,1
3761,IPC,420,1,1
3762,IPC,379A,1,1
3763,IPC,420,1,1
3764,IPC,379,1,1
3765,IPC,379A,1,1
3766,IPC,498A,1,1
3767,NDPS,20,1,1
3768,IPC,498A,1,1
3769,ARMS,25,1,1
3770,IPC,66D-ITACT,1,1
3771,IPC,379A,1,1
3772,IPC,379A,1,1
3773,IPC,379,1,1
3774,IPC,380,1,1
3775,IPC,66D-ITACT,1,1
3776,IPC,380,1,1
3777,IPC,323,1,1
3778,IPC,323,1,1
3779,IPC,498A,1,1
3780,IPC,379A,1,1
3781,IPC,376,1,1
3782,IPC,420,1,1
3783,IPC,379,1,1
3784,IPC,66D-ITACT,1,1
3785,IPC,323,1,1
3786,IPC,323,1,1
3787,IPC,379,1,1
3788,IPC,436,1,1
3789,IPC,380,1,1
3790,IPC,326,1,1
3791,IPC,379,1,1
3792,IPC,323,1,1
3793,IPC,363,1,1
3794,IPC,406,1,1
3795,IPC,498A,1,1
3796,IPC,379,1,1
3797,IPC,498A,1,1
3798,ARMS,25,1,1
3798,ARMS,27,2,2
3799,IPC,302,1,1
3800,IPC,420,1,1
3801,IPC,354,1,1
3802,IPC,323,1,1
3803,IPC,379,1,1
3804,IPC,392,1,1
3805,IPC,498A,1,1
3806,POCSO,4,1,1
3807,IPC,420,1,1
3808,IPC,354,1,1
3809,IPC,498A,1,1
3810,IPC,406,1,1
3811,IPC,354,1,1
3812,IPC,304,1,1
3813,IPC,147,1,1
3814,IPC,380,1,1
3815,IPC,420,1,1
3816,IPC,323,1,1
3817,IPC,420,1,1
3818,IPC,379A,1,1
3819,IPC,66D-ITACT,1,1
3820,POCSO,4,1,1
3821,IPC,379,1,1
3822,IPC,66D-ITACT,1,1
3823,IPC,395,1,1
3824,IPC,326,1,1
3825,IPC,323,1,1
3826,IPC,420,1,1
3827,IPC,420,1,1
3828,IPC,66D-ITACT,1,1
3829,IPC,323,1,1
3830,IPC,379,1,1
3831,IPC,420,1,1
3832,IPC,304B,1,1
3833,IPC,498A,1,1
3834,IPC,379,1,1
3835,IPC,420,1,1
3836,IPC,379A,1,1
3837,IPC,326,1,1
3838,IPC,379A,1,1
3839,IPC,66D-ITACT,1,1
3840,IPC,379,1,1
3841,IPC,380,1,1
3842,NDPS,20,1,1
3843,IPC,436,1,1
3844,IPC,379,1,1
3845,IPC,66D-ITACT,1,1
3846,NDPS,20,1,1
3847,IPC,379,1,1
3848,IPC,380,1,1
3849,NDPS,20,1,1
3850,IPC,304B,1,1
3851,IPC,363,1,1
3852,IPC,392,1,1
3853,IPC,380,1,1
3854,IPC,66D-ITACT,1,1
3855,IPC,380,1,1
3856,IPC,147,1,1
3857,IPC,323,1,1
3858,IPC,392,1,1
3859,IPC,323,1,1
3860,IPC,304B,1,1
3861,IPC,147,1,1
3862,IPC,379A,1,1
3863,IPC,66D-ITACT,1,1
3864,IPC,354,1,1
3865,IPC,380,1,1
3866,IPC,379,1,1
3867,IPC,379,1,1
3868,IPC,379,1,1
3869,IPC,379,1,1
3870,IPC,354,1,1
3871,IPC,323,1,1
3872,IPC,420,1,1
3873,IPC,392,1,1
3874,IPC,323,1,1
3875,IPC,392,1,1
3876,IPC,420,1,1
3877,IPC,379,1,1
3878,IPC,379,1,1
3879,ARMS,25,1,1
3879,ARMS,27,2,2
3880,IPC,66D-ITACT,1,1
3881,IPC,66D-ITACT,1,1
3882,IPC,379A,1,1
3883,ARMS,27,1,1
3884,IPC,66D-ITACT,1,1
3885,POCSO,4,1,1
3886,IPC,379,1,1
3887,POCSO,4,1,1
3888,IPC,392,1,1
3889,IPC,498A,1,1
3890,IPC,392,1,1
3891,IPC,66D-ITACT,1,1
3892,IPC,379A,1,1
3893,IPC,379A,1,1
3894,IPC,498A,1,1
3895,IPC,380,1,1
3896,IPC,363,1,1
3897,IPC,420,1,1
3898,IPC,326,1,1
3899,IPC,392,1,1
3900,IPC,66D-ITACT,1,1
3901,IPC,326,1,1
3902,IPC,392,1,1
3903,IPC,323,1,1
3904,IPC,380,1,1
3905,IPC,144,1,1
3906,IPC,304,1,1
3907,IPC,379A,1,1
3908,IPC,392,1,1
3909,IPC,406,1,1
3910,ARMS,25,1,1
3911,IPC,420,1,1
3912,NDPS,20,1,1
3913,IPC,379A,1,1
3914,IPC,66D-ITACT,1,1
3915,IPC,498A,1,1
3916,IPC,66D-ITACT,1,1
3917,IPC,379A,1,1
3918,IPC,379A,1,1
3919,IPC,392,1,1
3920,IPC,420,1,1
3921,IPC,379,1,1
3922,IPC,323,1,1
3923,ARMS,25,1,1
3924,IPC,354,1,1
3925,BNS,109,1,1
3925,IPC,307,2,2
3926,IPC,379A,1,1
3927,IPC,436,1,1
3928,IPC,420,1,1
3929,NDPS,20,1,1
3930,IPC,489A,1,1
3931,IPC,354,1,1
3932,IPC,395,1,1
3933,IPC,379,1,1
3934,IPC,420,1,1
3935,IPC,380,1,1
3936,IPC,379,1,1
3937,IPC,147,1,1
3938,IPC,380,1,1
3939,IPC,380,1,1
3940,IPC,66D-ITACT,1,1
3941,IPC,326,1,1
3942,NDPS,20,1,1
3943,IPC,420,1,1
3944,IPC,392,1,1
3945,IPC,379,1,1
3946,IPC,379A,1,1
3947,IPC,307,1,1
3947,BNS,109,2,2
3948,IPC,147,1,1
3949,IPC,326,1,1
3950,IPC,144,1,1
3951,NDPS,20,1,1
3952,NDPS,20,1,1
3953,IPC,304B,1,1
3954,IPC,489A,1,1
3955,IPC,380,1,1
3956,IPC,420,1,1
3957,IPC,323,1,1
3958,IPC,379,1,1
3959,ARMS,25,1,1
3959,ARMS,27,2,2
3960,IPC,380,1,1
3961,IPC,379,1,1
3962,IPC,323,1,1
3963,IPC,498A,1,1
3964,POCSO,4,1,1
3965,IPC,66D-ITACT,1,1
3966,IPC,66D-ITACT,1,1
3967,IPC,147,1,1
3968,IPC,379A,1,1
3969,IPC,379A,1,1
3970,IPC,380,1,1
3971,IPC,66D-ITACT,1,1
3972,NDPS,20,1,1
3973,IPC,406,1,1
3974,IPC,395,1,1
3975,IPC,420,1,1
3976,IPC,323,1,1
3977,IPC,363,1,1
3978,IPC,380,1,1
3979,IPC,420,1,1
3980,IPC,379,1,1
3981,IPC,379A,1,1
3982,IPC,323,1,1
3983,IPC,420,1,1
3984,IPC,147,1,1
3985,IPC,323,1,1
3986,NDPS,20,1,1
3987,IPC,406,1,1
3988,POCSO,4,1,1
3989,IPC,379,1,1
3990,IPC,379,1,1
3991,IPC,406,1,1
3992,IPC,379,1,1
3993,IPC,144,1,1
3994,IPC,326,1,1
3995,ARMS,27,1,1
3995,ARMS,25,2,2
3996,IPC,498A,1,1
3997,IPC,323,1,1
3998,IPC,380,1,1
3999,IPC,363,1,1
4000,ARMS,27,1,1
4001,IPC,323,1,1
4002,IPC,323,1,1
4003,IPC,147,1,1
4004,IPC,354,1,1
4005,IPC,436,1,1
4006,IPC,304,1,1
4007,IPC,326,1,1
4008,IPC,326,1,1
4009,IPC,323,1,1
4010,IPC,420,1,1
4011,IPC,379,1,1
4012,IPC,323,1,1
4013,IPC,354,1,1
4014,IPC,144,1,1
4015,IPC,420,1,1
4016,IPC,323,1,1
4017,IPC,380,1,1
4018,IPC,326,1,1
4019,IPC,363,1,1
4020,IPC,395,1,1
4021,IPC,420,1,1
4022,IPC,66D-ITACT,1,1
4023,IPC,406,1,1
4024,IPC,420,1,1
4025,IPC,379,1,1
4026,IPC,323,1,1
4027,IPC,498A,1,1
4028,IPC,363,1,1
4029,IPC,66D-ITACT,1,1
4030,IPC,420,1,1
4031,IPC,379,1,1
4032,IPC,354,1,1
4033,IPC,379,1,1
4034,IPC,379,1,1
4035,IPC,323,1,1
4036,IPC,392,1,1
4037,IPC,326,1,1
4038,IPC,380,1,1
4039,IPC,380,1,1
4040,IPC,379,1,1
4041,IPC,392,1,1
4042,IPC,498A,1,1
4043,IPC,489A,1,1
4044,IPC,354,1,1
4045,IPC,66D-ITACT,1,1
4046,IPC,376,1,1
4047,IPC,420,1,1
4048,IPC,420,1,1
4049,IPC,392,1,1
4050,IPC,379,1,1
4051,IPC,326,1,1
4052,IPC,147,1,1
4053,NDPS,20,1,1
4054,IPC,323,1,1
4055,IPC,379,1,1
4056,NDPS,20,1,1
4057,POCSO,4,1,1
4058,IPC,392,1,1
4059,IPC,395,1,1
4060,IPC,326,1,1
4061,IPC,392,1,1
4062,IPC,326,1,1
4063,IPC,392,1,1
4064,IPC,66D-ITACT,1,1
4065,IPC,363,1,1
4066,IPC,323,1,1
4067,IPC,420,1,1
4068,IPC,354,1,1
4069,IPC,363,1,1
4070,IPC,323,1,1
4071,IPC,66D-ITACT,1,1
4072,IPC,379,1,1
4073,IPC,498A,1,1
4074,IPC,498A,1,1
4075,IPC,66D-ITACT,1,1
4076,IPC,323,1,1
4077,IPC,379,1,1
4078,IPC,420,1,1
4079,IPC,363,1,1
4080,IPC,392,1,1
4081,POCSO,4,1,1
4082,NDPS,20,1,1
4083,IPC,380,1,1
4084,IPC,379A,1,1
4085,IPC,379,1,1
4086,IPC,376,1,1
4087,IPC,420,1,1
4088,IPC,436,1,1
4089,IPC,420,1,1
4090,IPC,498A,1,1
4091,IPC,363,1,1
4092,IPC,144,1,1
4093,IPC,326,1,1
4094,IPC,498A,1,1
4095,IPC,326,1,1
4096,IPC,406,1,1
4097,IPC,326,1,1
4098,IPC,323,1,1
4099,IPC,376,1,1
4100,IPC,323,1,1
4101,IPC,147,1,1
4102,NDPS,20,1,1
4103,IPC,66D-ITACT,1,1
4104,IPC,323,1,1
4105,IPC,379,1,1
4106,IPC,392,1,1
4107,IPC,304,1,1
4108,IPC,420,1,1
4109,IPC,379A,1,1
4110,IPC,379,1,1
4111,IPC,326,1,1
4112,IPC,380,1,1
4113,IPC,380,1,1
4114,IPC,392,1,1
4115,IPC,379,1,1
4116,IPC,379,1,1
4117,IPC,379,1,1
4118,IPC,323,1,1
4119,IPC,323,1,1
4120,IPC,66D-ITACT,1,1
4121,IPC,379A,1,1
4122,IPC,379,1,1
4123,IPC,420,1,1
4124,IPC,392,1,1
4125,IPC,66D-ITACT,1,1
4126,IPC,323,1,1
4127,IPC,323,1,1
4128,IPC,66D-ITACT,1,1
4129,IPC,363,1,1
4130,IPC,66D-ITACT,1,1
4131,IPC,498A,1,1
4132,IPC,304B,1,1
4133,IPC,323,1,1
4134,IPC,323,1,1
4135,IPC,392,1,1
4136,NDPS,20,1,1
4137,IPC,379A,1,1
4138,IPC,323,1,1
4139,IPC,420,1,1
4140,IPC,304,1,1
4141,IPC,379A,1,1
4142,IPC,406,1,1
4143,IPC,379A,1,1
4144,IPC,498A,1,1
4145,IPC,379,1,1
4146,IPC,379,1,1
4147,IPC,379,1,1
4148,IPC,379A,1,1
4149,IPC,144,1,1
4150,IPC,66D-ITACT,1,1
4151,IPC,323,1,1
4152,IPC,304,1,1
4153,IPC,379A,1,1
4154,IPC,144,1,1
4155,IPC,354,1,1
4156,IPC,379,1,1
4157,IPC,392,1,1
4158,IPC,323,1,1
4159,IPC,379,1,1
4160,IPC,498A,1,1
4161,IPC,379,1,1
4162,IPC,395,1,1
4163,IPC,323,1,1
4164,IPC,420,1,1
4165,IPC,395,1,1
4166,IPC,379,1,1
4167,IPC,66D-ITACT,1,1
4168,IPC,66D-ITACT,1,1
4169,IPC,380,1,1
4170,IPC,323,1,1
4171,IPC,379,1,1
4172,IPC,379,1,1
4173,IPC,379,1,1
4174,IPC,66D-ITACT,1,1
4175,IPC,380,1,1
4176,IPC,379A,1,1
4177,IPC,304,1,1
4178,IPC,498A,1,1
4179,IPC,379,1,1
4180,IPC,304B,1,1
4181,IPC,323,1,1
4182,IPC,380,1,1
4183,IPC,354,1,1
4184,BNS,64,1,1
4185,IPC,379A,1,1
4186,IPC,379,1,1
4187,IPC,380,1,1
4188,IPC,307,1,1
4189,IPC,420,1,1
4190,IPC,147,1,1
4191,IPC,406,1,1
4192,IPC,380,1,1
4193,IPC,380,1,1
4194,IPC,380,1,1
4195,IPC,144,1,1
4196,IPC,420,1,1
4197,IPC,379,1,1
4198,IPC,66D-ITACT,1,1
4199,IPC,380,1,1
4200,NDPS,20,1,1
4201,IPC,420,1,1
4202,IPC,323,1,1
4203,IPC,66D-ITACT,1,1
4204,IPC,420,1,1
4205,NDPS,20,1,1
4206,IPC,379,1,1
4207,IPC,380,1,1
4208,IPC,392,1,1
4209,IPC,323,1,1
4210,IPC,379,1,1
4211,IPC,379,1,1
4212,IPC,380,1,1
4213,IPC,379,1,1
4214,IPC,323,1,1
4215,IPC,380,1,1
4216,IPC,66D-ITACT,1,1
4217,IPC,147,1,1
4218,IPC,66D-ITACT,1,1
4219,NDPS,20,1,1
4220,IPC,379,1,1
4221,IPC,420,1,1
4222,IPC,376,1,1
4223,IPC,406,1,1
4224,IPC,498A,1,1
4225,IPC,66D-ITACT,1,1
4226,IPC,392,1,1
4227,IPC,379A,1,1
4228,IPC,379A,1,1
4229,IPC,392,1,1
4230,IPC,406,1,1
4231,POCSO,4,1,1
4232,IPC,66D-ITACT,1,1
4233,IPC,392,1,1
4234,IPC,420,1,1
4235,IPC,363,1,1
4236,IPC,379,1,1
4237,BNS,109,1,1
4238,IPC,379,1,1
4239,ARMS,25,1,1
4240,IPC,323,1,1
4241,IPC,323,1,1
4242,IPC,379,1,1
4243,IPC,147,1,1
4244,IPC,323,1,1
4245,NDPS,20,1,1
4246,IPC,323,1,1
4247,IPC,66D-ITACT,1,1
4248,IPC,323,1,1
4249,IPC,323,1,1
4250,IPC,392,1,1
4251,IPC,406,1,1
4252,IPC,379,1,1
4253,IPC,380,1,1
4254,IPC,379A,1,1
4255,IPC,304B,1,1
4256,IPC,379A,1,1
4257,IPC,379,1,1
4258,IPC,354,1,1
4259,IPC,380,1,1
4260,IPC,420,1,1
4261,IPC,379,1,1
4262,NDPS,20,1,1
4263,IPC,379,1,1
4264,IPC,379,1,1
4265,IPC,420,1,1
4266,IPC,498A,1,1
4267,IPC,379A,1,1
4268,IPC,498A,1,1
4269,IPC,379,1,1
4270,IPC,66D-ITACT,1,1
4271,POCSO,4,1,1
4272,IPC,323,1,1
4273,IPC,66D-ITACT,1,1
4274,IPC,326,1,1
4275,IPC,379,1,1
4276,IPC,323,1,1
4277,IPC,379,1,1
4278,IPC,379,1,1
4279,IPC,380,1,1
4280,IPC,354,1,1
4281,IPC,379A,1,1
4282,IPC,379A,1,1
4283,IPC,147,1,1
4284,BNS,64,1,1
4285,IPC,379,1,1
4286,IPC,66D-ITACT,1,1
4287,IPC,379A,1,1
4288,IPC,392,1,1
4289,IPC,379A,1,1
4290,IPC,379,1,1
4291,IPC,436,1,1
4292,IPC,354,1,1
4293,ARMS,25,1,1
4293,ARMS,27,2,2
4294,IPC,66D-ITACT,1,1
4295,IPC,379,1,1
4296,IPC,376,1,1
4297,IPC,380,1,1
4298,IPC,380,1,1
4299,IPC,392,1,1
4300,IPC,379,1,1
4301,IPC,354,1,1
4302,IPC,380,1,1
4303,IPC,392,1,1
4304,IPC,406,1,1
4305,IPC,326,1,1
4306,IPC,406,1,1
4307,POCSO,4,1,1
4308,IPC,379,1,1
4309,IPC,323,1,1
4310,IPC,420,1,1
4311,IPC,498A,1,1
4312,IPC,498A,1,1
4313,IPC,392,1,1
4314,IPC,66D-ITACT,1,1
4315,IPC,66D-ITACT,1,1
4316,IPC,363,1,1
4317,IPC,323,1,1
4318,IPC,436,1,1
4319,IPC,498A,1,1
4320,IPC,420,1,1
4321,IPC,379A,1,1
4322,IPC,380,1,1
4323,IPC,379,1,1
4324,ARMS,25,1,1
4325,IPC,380,1,1
4326,IPC,376,1,1
4327,IPC,420,1,1
4328,IPC,147,1,1
4329,IPC,326,1,1
4330,IPC,304B,1,1
4331,IPC,380,1,1
4332,IPC,379,1,1
4333,IPC,326,1,1
4334,IPC,323,1,1
4335,IPC,380,1,1
4336,IPC,323,1,1
4337,IPC,323,1,1
4338,IPC,379A,1,1
4339,IPC,144,1,1
4340,IPC,354,1,1
4341,NDPS,20,1,1
4342,IPC,379,1,1
4343,IPC,326,1,1
4344,IPC,395,1,1
4345,IPC,406,1,1
4346,IPC,323,1,1
4347,IPC,379A,1,1
4348,IPC,380,1,1
4349,IPC,420,1,1
4350,IPC,379,1,1
4351,IPC,420,1,1
4352,BNS,103,1,1
4352,IPC,302,2,2
4353,IPC,354,1,1
4354,IPC,380,1,1
4355,IPC,498A,1,1
4356,IPC,323,1,1
4357,IPC,436,1,1
4358,IPC,354,1,1
4359,IPC,323,1,1
4360,IPC,498A,1,1
4361,IPC,380,1,1
4362,IPC,379,1,1
4363,POCSO,4,1,1
4364,IPC,392,1,1
4365,IPC,304,1,1
4366,IPC,489A,1,1
4367,IPC,363,1,1
4368,IPC,323,1,1
4369,IPC,323,1,1
4370,IPC,379,1,1
4371,IPC,380,1,1
4372,IPC,379,1,1
4373,IPC,323,1,1
4374,IPC,326,1,1
4375,IPC,380,1,1
4376,IPC,498A,1,1
4377,IPC,420,1,1
4378,ARMS,25,1,1
4379,IPC,379A,1,1
4380,POCSO,4,1,1
4381,ARMS,25,1,1
4381,ARMS,27,2,2
4382,IPC,379,1,1
4383,IPC,498A,1,1
4384,IPC,380,1,1
4385,IPC,326,1,1
4386,IPC,326,1,1
4387,IPC,323,1,1
4388,IPC,354,1,1
4389,IPC,379,1,1
4390,IPC,380,1,1
4391,IPC,392,1,1
4392,IPC,379A,1,1
4393,IPC,66D-ITACT,1,1
4394,IPC,380,1,1
4395,IPC,66D-ITACT,1,1
4396,IPC,363,1,1
4397,IPC,147,1,1
4398,IPC,436,1,1
4399,IPC,395,1,1
4400,IPC,144,1,1
4401,ARMS,27,1,1
4401,ARMS,25,2,2
4402,NDPS,20,1,1
4403,IPC,489A,1,1
4404,NDPS,20,1,1
4405,NDPS,20,1,1
4406,IPC,498A,1,1
4407,IPC,498A,1,1
4408,IPC,380,1,1
4409,IPC,323,1,1
4410,NDPS,20,1,1
4411,IPC,323,1,1
4412,IPC,66D-ITACT,1,1
4413,IPC,498A,1,1
4414,IPC,380,1,1
4415,NDPS,20,1,1
4416,IPC,379,1,1
4417,IPC,326,1,1
4418,IPC,326,1,1
4419,IPC,420,1,1
4420,BNS,109,1,1
4420,IPC,307,2,2
4421,IPC,307,1,1
4422,IPC,379,1,1
4423,IPC,489A,1,1
4424,IPC,307,1,1
4424,BNS,109,2,2
4425,IPC,379,1,1
4426,IPC,379A,1,1
4427,IPC,326,1,1
4428,IPC,363,1,1
4429,IPC,144,1,1
4430,IPC,379,1,1
4431,ARMS,25,1,1
4432,IPC,323,1,1
4433,IPC,379A,1,1
4434,IPC,326,1,1
4435,IPC,66D-ITACT,1,1
4436,IPC,326,1,1
4437,IPC,380,1,1
4438,IPC,379,1,1
4439,IPC,380,1,1
4440,ARMS,27,1,1
4441,IPC,379,1,1
4442,NDPS,20,1,1
4443,IPC,66D-ITACT,1,1
4444,NDPS,20,1,1
4445,IPC,354,1,1
4446,IPC,379,1,1
4447,IPC,379,1,1
4448,IPC,379,1,1
4449,IPC,147,1,1
4450,IPC,363,1,1
4451,IPC,420,1,1
4452,IPC,380,1,1
4453,IPC,323,1,1
4454,IPC,379,1,1
4455,IPC,498A,1,1
4456,IPC,498A,1,1
4457,IPC,326,1,1
4458,IPC,392,1,1
4459,IPC,144,1,1
4460,IPC,379,1,1
4461,IPC,379,1,1
4462,ARMS,25,1,1
4462,ARMS,27,2,2
4463,IPC,406,1,1
4464,IPC,379,1,1
4465,IPC,379,1,1
4466,IPC,420,1,1
4467,IPC,66D-ITACT,1,1
4468,IPC,498A,1,1
4469,IPC,379,1,1
4470,IPC,66D-ITACT,1,1
4471,IPC,354,1,1
4472,IPC,380,1,1
4473,IPC,379,1,1
4474,IPC,326,1,1
4475,BNS,103,1,1
4476,IPC,392,1,1
4477,IPC,380,1,1
4478,IPC,380,1,1
4479,IPC,420,1,1
4480,IPC,323,1,1
4481,IPC,379,1,1
4482,IPC,147,1,1
4483,IPC,379,1,1
4484,IPC,498A,1,1
4485,IPC,326,1,1
4486,IPC,379,1,1
4487,ARMS,25,1,1
4488,IPC,376,1,1
4488,BNS,64,2,2
4489,IPC,380,1,1
4490,IPC,436,1,1
4491,IPC,379,1,1
4492,IPC,323,1,1
4493,POCSO,4,1,1
4494,IPC,354,1,1
4495,IPC,354,1,1
4496,IPC,323,1,1
4497,IPC,395,1,1
4498,IPC,392,1,1
4499,IPC,380,1,1
4500,IPC,323,1,1
4501,IPC,304,1,1
4502,IPC,498A,1,1
4503,IPC,379,1,1
4504,IPC,147,1,1
4505,NDPS,20,1,1
4506,IPC,379,1,1
4507,IPC,379A,1,1
4508,ARMS,27,1,1
4509,POCSO,4,1,1
4510,IPC,379,1,1
4511,IPC,498A,1,1
4512,IPC,323,1,1
4513,BNS,109,1,1
4514,IPC,420,1,1
4515,IPC,147,1,1
4516,IPC,380,1,1
4517,IPC,66D-ITACT,1,1
4518,IPC,379,1,1
4519,IPC,406,1,1
4520,IPC,392,1,1
4521,IPC,379,1,1
4522,IPC,380,1,1
4523,IPC,379,1,1
4524,IPC,379,1,1
4525,NDPS,20,1,1
4526,IPC,323,1,1
4527,IPC,354,1,1
4528,IPC,379A,1,1
4529,IPC,406,1,1
4530,IPC,379,1,1
4531,IPC,147,1,1
4532,NDPS,20,1,1
4533,IPC,326,1,1
4534,IPC,498A,1,1
4535,IPC,420,1,1
4536,IPC,498A,1,1
4537,NDPS,20,1,1
4538,IPC,395,1,1
4539,IPC,379,1,1
4540,IPC,392,1,1
4541,IPC,392,1,1
4542,IPC,406,1,1
4543,IPC,326,1,1
4544,IPC,354,1,1
4545,IPC,147,1,1
4546,IPC,323,1,1
4547,IPC,363,1,1
4548,IPC,323,1,1
4549,IPC,379,1,1
4550,IPC,354,1,1
4551,BNS,103,1,1
4551,IPC,302,2,2
4552,IPC,354,1,1
4553,IPC,363,1,1
4554,IPC,379,1,1
4555,IPC,420,1,1
4556,IPC,379A,1,1
4557,IPC,379,1,1
4558,IPC,379,1,1
4559,IPC,66D-ITACT,1,1
4560,IPC,420,1,1
4561,NDPS,20,1,1
4562,IPC,326,1,1
4563,IPC,498A,1,1
4564,IPC,379A,1,1
4565,IPC,420,1,1
4566,BNS,109,1,1
4567,IPC,323,1,1
4568,IPC,380,1,1
4569,IPC,323,1,1
4570,IPC,354,1,1
4571,IPC,66D-ITACT,1,1
4572,BNS,103,1,1
4573,IPC,436,1,1
4574,IPC,380,1,1
4575,IPC,354,1,1
4576,IPC,144,1,1
4577,IPC,147,1,1
4578,IPC,354,1,1
4579,IPC,380,1,1
4580,ARMS,27,1,1
4581,IPC,304B,1,1
4582,NDPS,20,1,1
4583,IPC,323,1,1
4584,IPC,379,1,1
4585,IPC,392,1,1
4586,IPC,379A,1,1
4587,IPC,498A,1,1
4588,IPC,379,1,1
4589,IPC,392,1,1
4590,IPC,420,1,1
4591,BNS,109,1,1
4592,IPC,66D-ITACT,1,1
4593,IPC,66D-ITACT,1,1
4594,IPC,326,1,1
4595,IPC,147,1,1
4596,IPC,326,1,1
4597,BNS,103,1,1
4598,ARMS,27,1,1
4599,BNS,103,1,1
4600,IPC,392,1,1
4601,IPC,144,1,1
4602,IPC,326,1,1
4603,IPC,379,1,1
4604,IPC,323,1,1
4605,NDPS,20,1,1
4606,IPC,379,1,1
4607,ARMS,27,1,1
4608,IPC,304B,1,1
4609,IPC,379A,1,1
4610,IPC,379,1,1
4611,IPC,379,1,1
4612,IPC,144,1,1
4613,IPC,379,1,1
4614,IPC,380,1,1
4615,IPC,489A,1,1
4616,IPC,380,1,1
4617,IPC,66D-ITACT,1,1
4618,IPC,66D-ITACT,1,1
4619,IPC,147,1,1
4620,IPC,498A,1,1
4621,IPC,144,1,1
4622,IPC,406,1,1
4623,IPC,420,1,1
4624,IPC,379,1,1
4625,IPC,436,1,1
4626,IPC,323,1,1
4627,IPC,380,1,1
4628,IPC,147,1,1
4629,IPC,354,1,1
4630,IPC,304,1,1
4631,IPC,363,1,1
4632,IPC,323,1,1
4633,IPC,66D-ITACT,1,1
4634,IPC,379,1,1
4635,IPC,379A,1,1
4636,IPC,66D-ITACT,1,1
4637,NDPS,20,1,1
4638,IPC,420,1,1
4639,ARMS,25,1,1
4640,IPC,354,1,1
4641,IPC,363,1,1
4642,IPC,489A,1,1
4643,IPC,420,1,1
4644,IPC,395,1,1
4645,IPC,380,1,1
4646,IPC,323,1,1
4647,IPC,406,1,1
4648,IPC,380,1,1
4649,IPC,66D-ITACT,1,1
4650,IPC,66D-ITACT,1,1
4651,IPC,326,1,1
4652,IPC,380,1,1
4653,IPC,392,1,1
4654,IPC,323,1,1
4655,IPC,420,1,1
4656,IPC,326,1,1
4657,IPC,66D-ITACT,1,1
4658,IPC,379,1,1
4659,IPC,354,1,1
4660,IPC,307,1,1
4661,IPC,380,1,1
4662,IPC,406,1,1
4663,IPC,420,1,1
4664,IPC,420,1,1
4665,IPC,392,1,1
4666,IPC,392,1,1
4667,IPC,144,1,1
4668,IPC,406,1,1
4669,IPC,379,1,1
4670,IPC,354,1,1
4671,IPC,66D-ITACT,1,1
4672,IPC,420,1,1
4673,IPC,147,1,1
4674,IPC,379A,1,1
4675,IPC,420,1,1
4676,IPC,379,1,1
4677,IPC,379A,1,1
4678,IPC,420,1,1
4679,IPC,380,1,1
4680,IPC,498A,1,1
4681,IPC,379,1,1
4682,IPC,406,1,1
4683,IPC,420,1,1
4684,IPC,498A,1,1
4685,NDPS,20,1,1
4686,IPC,392,1,1
4687,IPC,379A,1,1
4688,IPC,380,1,1
4689,IPC,379,1,1
4690,IPC,323,1,1
4691,IPC,66D-ITACT,1,1
4692,IPC,323,1,1
4693,BNS,64,1,1
4694,IPC,392,1,1
4695,IPC,379A,1,1
4696,IPC,354,1,1
4697,IPC,379,1,1
4698,IPC,379A,1,1
4699,IPC,498A,1,1
4700,IPC,406,1,1
4701,IPC,379,1,1
4702,IPC,380,1,1
4703,IPC,307,1,1
4703,BNS,109,2,2
4704,IPC,380,1,1
4705,IPC,379,1,1
4706,IPC,379,1,1
4707,IPC,326,1,1
4708,IPC,380,1,1
4709,IPC,307,1,1
4710,IPC,323,1,1
4711,IPC,392,1,1
4712,IPC,392,1,1
4713,IPC,379,1,1
4714,IPC,406,1,1
4715,IPC,489A,1,1
4716,IPC,323,1,1
4717,IPC,436,1,1
4718,IPC,420,1,1
4719,IPC,379,1,1
4720,IPC,379A,1,1
4721,IPC,323,1,1
4722,IPC,406,1,1
4723,ARMS,27,1,1
4724,IPC,380,1,1
4725,IPC,379,1,1
4726,IPC,66D-ITACT,1,1
4727,IPC,379,1,1
4728,IPC,379,1,1
4729,IPC,323,1,1
4730,IPC,498A,1,1
4731,IPC,379,1,1
4732,IPC,420,1,1
4733,IPC,395,1,1
4734,IPC,323,1,1
4735,IPC,420,1,1
4736,IPC,323,1,1
4737,IPC,323,1,1
4738,NDPS,20,1,1
4739,IPC,326,1,1
4740,IPC,323,1,1
4741,IPC,392,1,1
4742,IPC,379A,1,1
4743,IPC,379,1,1
4744,IPC,392,1,1
4745,ARMS,25,1,1
4746,IPC,144,1,1
4747,IPC,498A,1,1
4748,IPC,380,1,1
4749,IPC,380,1,1
4750,IPC,323,1,1
4751,IPC,420,1,1
4752,IPC,326,1,1
4753,IPC,379A,1,1
4754,IPC,307,1,1
4755,IPC,380,1,1
4756,IPC,66D-ITACT,1,1
4757,IPC,323,1,1
4758,IPC,420,1,1
4759,IPC,379,1,1
4760,IPC,144,1,1
4761,IPC,489A,1,1
4762,IPC,379,1,1
4763,IPC,498A,1,1
4764,IPC,380,1,1
4765,IPC,498A,1,1
4766,IPC,304B,1,1
4767,IPC,420,1,1
4768,IPC,144,1,1
4769,IPC,498A,1,1
4770,IPC,420,1,1
4771,IPC,307,1,1
4772,IPC,323,1,1
4773,IPC,147,1,1
4774,IPC,498A,1,1
4775,ARMS,25,1,1
4776,NDPS,20,1,1
4777,IPC,436,1,1
4778,IPC,379,1,1
4779,IPC,420,1,1
4780,IPC,436,1,1
4781,IPC,304B,1,1
4782,IPC,379,1,1
4783,IPC,380,1,1
4784,BNS,109,1,1
4785,IPC,66D-ITACT,1,1
4786,IPC,304B,1,1
4787,IPC,326,1,1
4788,IPC,379,1,1
4789,IPC,326,1,1
4790,IPC,380,1,1
4791,IPC,379A,1,1
4792,IPC,420,1,1
4793,IPC,379,1,1
4794,IPC,380,1,1
4795,NDPS,20,1,1
4796,IPC,379,1,1
4797,IPC,354,1,1
4798,IPC,379,1,1
4799,IPC,323,1,1
4800,IPC,66D-ITACT,1,1
4801,IPC,363,1,1
4802,IPC,379,1,1
4803,POCSO,4,1,1
4804,IPC,380,1,1
4805,IPC,66D-ITACT,1,1
4806,IPC,380,1,1
4807,IPC,147,1,1
4808,IPC,498A,1,1
4809,IPC,498A,1,1
4810,IPC,323,1,1
4811,IPC,498A,1,1
4812,IPC,147,1,1
4813,IPC,379,1,1
4814,IPC,498A,1,1
4815,IPC,354,1,1
4816,IPC,436,1,1
4817,IPC,363,1,1
4818,IPC,379,1,1
4819,IPC,323,1,1
4820,IPC,406,1,1
4821,IPC,307,1,1
4822,IPC,323,1,1
4823,IPC,326,1,1
4824,IPC,392,1,1
4825,IPC,379,1,1
4826,IPC,323,1,1
4827,IPC,380,1,1
4828,IPC,144,1,1
4829,IPC,420,1,1
4830,IPC,66D-ITACT,1,1
4831,IPC,326,1,1
4832,IPC,380,1,1
4833,IPC,420,1,1
4834,IPC,379A,1,1
4835,BNS,64,1,1
4836,IPC,147,1,1
4837,IPC,379A,1,1
4838,IPC,379A,1,1
4839,IPC,380,1,1
4840,IPC,498A,1,1
4841,IPC,420,1,1
4842,IPC,380,1,1
4843,IPC,323,1,1
4844,IPC,66D-ITACT,1,1
4845,IPC,380,1,1
4846,IPC,379,1,1
4847,IPC,498A,1,1
4848,IPC,489A,1,1
4849,IPC,379A,1,1
4850,IPC,363,1,1
4851,IPC,379,1,1
4852,IPC,380,1,1
4853,IPC,392,1,1
4854,IPC,379,1,1
4855,IPC,395,1,1
4856,IPC,379A,1,1
4857,IPC,420,1,1
4858,IPC,436,1,1
4859,IPC,323,1,1
4860,IPC,420,1,1
4861,IPC,326,1,1
4862,IPC,420,1,1
4863,IPC,363,1,1
4864,IPC,354,1,1
4865,IPC,380,1,1
4866,IPC,379A,1,1
4867,IPC,379,1,1
4868,IPC,498A,1,1
4869,IPC,379,1,1
4870,IPC,379,1,1
4871,IPC,380,1,1
4872,NDPS,20,1,1
4873,IPC,363,1,1
4874,IPC,326,1,1
4875,IPC,147,1,1
4876,IPC,66D-ITACT,1,1
4877,IPC,498A,1,1
4878,IPC,323,1,1
4879,IPC,323,1,1
4880,IPC,147,1,1
4881,IPC,66D-ITACT,1,1
4882,IPC,307,1,1
4883,BNS,109,1,1
4884,IPC,498A,1,1
4885,IPC,66D-ITACT,1,1
4886,IPC,323,1,1
4887,IPC,323,1,1
4888,IPC,406,1,1
4889,IPC,304B,1,1
4890,IPC,406,1,1
4891,IPC,392,1,1
4892,IPC,420,1,1
4893,IPC,420,1,1
4894,IPC,326,1,1
4895,IPC,354,1,1
4896,IPC,379,1,1
4897,IPC,395,1,1
4898,IPC,379,1,1
4899,IPC,379,1,1
4900,IPC,420,1,1
4901,BNS,64,1,1
4902,IPC,363,1,1
4903,IPC,379A,1,1
4904,IPC,420,1,1
4905,IPC,392,1,1
4906,IPC,323,1,1
4907,IPC,323,1,1
4908,IPC,380,1,1
4909,IPC,66D-ITACT,1,1
4910,IPC,323,1,1
4911,IPC,380,1,1
4912,IPC,379,1,1
4913,IPC,147,1,1
4914,IPC,379,1,1
4915,IPC,363,1,1
4916,IPC,144,1,1
4917,IPC,420,1,1
4918,IPC,489A,1,1
4919,IPC,323,1,1
4920,IPC,498A,1,1
4921,IPC,379A,1,1
4922,IPC,420,1,1
4923,IPC,66D-ITACT,1,1
4924,IPC,420,1,1
4925,IPC,392,1,1
4926,IPC,144,1,1
4927,NDPS,20,1,1
4928,IPC,379A,1,1
4929,BNS,109,1,1
4930,IPC,498A,1,1
4931,IPC,379A,1,1
4932,IPC,379,1,1
4933,IPC,323,1,1
4934,IPC,379,1,1
4935,IPC,380,1,1
4936,IPC,379,1,1
4937,BNS,64,1,1
4938,IPC,379,1,1
4939,IPC,406,1,1
4940,IPC,379,1,1
4941,IPC,420,1,1
4942,IPC,354,1,1
4943,IPC,392,1,1
4944,IPC,66D-ITACT,1,1
4945,IPC,323,1,1
4946,IPC,379,1,1
4947,IPC,498A,1,1
4948,IPC,380,1,1
4949,IPC,66D-ITACT,1,1
4950,IPC,379,1,1
4951,IPC,307,1,1
4952,IPC,379,1,1
4953,IPC,326,1,1
4954,BNS,103,1,1
4955,IPC,354,1,1
4956,BNS,64,1,1
4957,IPC,379,1,1
4958,IPC,380,1,1
4959,IPC,354,1,1
4960,IPC,147,1,1
4961,IPC,395,1,1
4962,NDPS,20,1,1
4963,IPC,323,1,1
4964,IPC,379,1,1
4965,IPC,326,1,1
4966,IPC,392,1,1
4967,IPC,304,1,1
4968,IPC,144,1,1
4969,IPC,395,1,1
4970,IPC,326,1,1
4971,POCSO,4,1,1
4972,IPC,304B,1,1
4973,BNS,64,1,1
4974,BNS,64,1,1
4975,IPC,323,1,1
4976,IPC,323,1,1
4977,ARMS,27,1,1
4977,ARMS,25,2,2
4978,IPC,323,1,1
4979,IPC,66D-ITACT,1,1
4980,IPC,147,1,1
4981,IPC,420,1,1
4982,IPC,420,1,1
4983,IPC,379,1,1
4984,IPC,380,1,1
4985,IPC,420,1,1
4986,IPC,147,1,1
4987,IPC,379,1,1
4988,IPC,420,1,1
4989,IPC,323,1,1
4990,IPC,66D-ITACT,1,1
4991,IPC,304B,1,1
4992,IPC,379A,1,1
4993,IPC,326,1,1
4994,IPC,323,1,1
4995,POCSO,4,1,1
4996,IPC,144,1,1
4997,IPC,379,1,1
4998,IPC,379A,1,1
4999,IPC,392,1,1
5000,IPC,363,1,1
5001,IPC,406,1,1
5002,IPC,323,1,1
5003,IPC,498A,1,1
5004,IPC,420,1,1
5005,BNS,109,1,1
5006,IPC,406,1,1
5007,IPC,354,1,1
5008,IPC,436,1,1
5009,IPC,379A,1,1
5010,IPC,66D-ITACT,1,1
5011,IPC,380,1,1
5012,IPC,379A,1,1
5013,IPC,379,1,1
5014,IPC,392,1,1
5015,IPC,498A,1,1
5016,IPC,379,1,1
5017,IPC,363,1,1
5018,IPC,66D-ITACT,1,1
5019,IPC,326,1,1
5020,IPC,498A,1,1
5021,IPC,420,1,1
5022,IPC,379,1,1
5023,NDPS,20,1,1
5024,IPC,420,1,1
5025,IPC,379A,1,1
5026,IPC,363,1,1
5027,IPC,376,1,1
5028,IPC,379A,1,1
5029,IPC,380,1,1
5030,IPC,323,1,1
5031,IPC,379,1,1
5032,IPC,379,1,1
5033,ARMS,25,1,1
5033,ARMS,27,2,2
5034,IPC,498A,1,1
5035,IPC,307,1,1
5036,IPC,66D-ITACT,1,1
5037,IPC,379,1,1
5038,IPC,326,1,1
5039,IPC,307,1,1
5040,IPC,304,1,1
5041,IPC,323,1,1
5042,IPC,420,1,1
5043,IPC,326,1,1
5044,IPC,395,1,1
5045,IPC,420,1,1
5046,IPC,66D-ITACT,1,1
5047,IPC,395,1,1
5048,IPC,323,1,1
5049,IPC,323,1,1
5050,IPC,379A,1,1
5051,IPC,379,1,1
5052,BNS,64,1,1
5053,IPC,323,1,1
5054,IPC,376,1,1
5055,IPC,498A,1,1
5056,IPC,66D-ITACT,1,1
5057,IPC,392,1,1
5058,BNS,103,1,1
5059,IPC,379,1,1
5060,IPC,66D-ITACT,1,1
5061,IPC,304B,1,1
5062,IPC,406,1,1
5063,IPC,392,1,1
5064,IPC,498A,1,1
5065,IPC,66D-ITACT,1,1
5066,BNS,109,1,1
5067,IPC,363,1,1
5068,IPC,420,1,1
5069,IPC,406,1,1
5070,IPC,323,1,1
5071,NDPS,20,1,1
5072,IPC,323,1,1
5073,IPC,420,1,1
5074,IPC,354,1,1
5075,IPC,323,1,1
5076,IPC,304,1,1
5077,IPC,323,1,1
5078,IPC,392,1,1
5079,IPC,379A,1,1
5080,IPC,354,1,1
5081,IPC,144,1,1
5082,IPC,420,1,1
5083,IPC,326,1,1
5084,IPC,304,1,1
5085,IPC,420,1,1
5086,IPC,420,1,1
5087,IPC,380,1,1
5088,IPC,406,1,1
5089,IPC,363,1,1
5090,IPC,420,1,1
5091,IPC,379,1,1
5092,IPC,498A,1,1
5093,BNS,103,1,1
5094,IPC,406,1,1
5095,IPC,326,1,1
5096,IPC,323,1,1
5097,IPC,304B,1,1
5098,IPC,323,1,1
5099,IPC,420,1,1
5100,BNS,64,1,1
5101,IPC,380,1,1
5102,IPC,498A,1,1
5103,IPC,380,1,1
5104,IPC,379,1,1
5105,IPC,380,1,1
5106,IPC,326,1,1
5107,IPC,392,1,1
5108,IPC,379,1,1
5109,IPC,66D-ITACT,1,1
5110,IPC,395,1,1
5111,IPC,354,1,1
5112,IPC,380,1,1
5113,IPC,420,1,1
5114,IPC,379,1,1
5115,IPC,379,1,1
5116,IPC,392,1,1
5117,IPC,420,1,1
5118,IPC,354,1,1
5119,IPC,66D-ITACT,1,1
5120,IPC,379,1,1
5121,POCSO,4,1,1
5122,IPC,379,1,1
5123,IPC,323,1,1
5124,IPC,392,1,1
5125,IPC,379,1,1
5126,IPC,66D-ITACT,1,1
5127,IPC,406,1,1
5128,IPC,323,1,1
5129,IPC,66D-ITACT,1,1
5130,NDPS,20,1,1
5131,IPC,379A,1,1
5132,IPC,379,1,1
5133,IPC,66D-ITACT,1,1
5134,IPC,379,1,1
5135,IPC,392,1,1
5136,IPC,379,1,1
5137,IPC,395,1,1
5138,IPC,498A,1,1
5139,IPC,379,1,1
5140,POCSO,4,1,1
5141,IPC,66D-ITACT,1,1
5142,IPC,307,1,1
5143,IPC,354,1,1
5144,IPC,406,1,1
5145,IPC,354,1,1
5146,IPC,326,1,1
5147,IPC,379A,1,1
5148,IPC,498A,1,1
5149,IPC,379,1,1
5150,IPC,323,1,1
5151,IPC,66D-ITACT,1,1
5152,IPC,363,1,1
5153,IPC,307,1,1
5154,ARMS,25,1,1
5155,IPC,144,1,1
5156,IPC,380,1,1
5157,IPC,436,1,1
5158,IPC,323,1,1
5159,IPC,380,1,1
5160,IPC,326,1,1
5161,IPC,380,1,1
5162,IPC,66D-ITACT,1,1
5163,IPC,326,1,1
5164,IPC,498A,1,1
5165,IPC,420,1,1
5166,IPC,420,1,1
5167,IPC,144,1,1
5168,NDPS,20,1,1
5169,IPC,323,1,1
5170,IPC,66D-ITACT,1,1
5171,IPC,380,1,1
5172,IPC,406,1,1
5173,IPC,420,1,1
5174,IPC,354,1,1
5175,IPC,498A,1,1
5176,IPC,379,1,1
5177,IPC,363,1,1
5178,IPC,436,1,1
5179,POCSO,4,1,1
5180,IPC,323,1,1
5181,IPC,304B,1,1
5182,IPC,379A,1,1
5183,IPC,392,1,1
5184,POCSO,4,1,1
5185,IPC,395,1,1
5186,IPC,420,1,1
5187,IPC,498A,1,1
5188,NDPS,20,1,1
5189,IPC,379,1,1
5190,IPC,379,1,1
5191,IPC,323,1,1
5192,IPC,436,1,1
5193,IPC,379,1,1
5194,IPC,498A,1,1
5195,IPC,380,1,1
5196,IPC,379,1,1
5197,IPC,379A,1,1
5198,IPC,304B,1,1
5199,IPC,66D-ITACT,1,1
5200,IPC,379A,1,1
5201,IPC,379,1,1
5202,IPC,326,1,1
5203,IPC,323,1,1
5204,IPC,363,1,1
5205,IPC,66D-ITACT,1,1
5206,BNS,64,1,1
5206,IPC,376,2,2
5207,IPC,436,1,1
5208,IPC,66D-ITACT,1,1
5209,IPC,420,1,1
5210,IPC,376,1,1
5211,IPC,380,1,1
5212,IPC,420,1,1
5213,IPC,392,1,1
5214,IPC,380,1,1
5215,IPC,498A,1,1
5216,IPC,379A,1,1
5217,IPC,406,1,1
5218,IPC,307,1,1
5219,IPC,379A,1,1
5220,IPC,406,1,1
5221,IPC,379,1,1
5222,IPC,144,1,1
5223,IPC,420,1,1
5224,IPC,66D-ITACT,1,1
5225,IPC,302,1,1
5226,IPC,304B,1,1
5227,NDPS,20,1,1
5228,IPC,326,1,1
5229,IPC,304,1,1
5230,IPC,323,1,1
5231,NDPS,20,1,1
5232,IPC,307,1,1
5233,IPC,498A,1,1
5234,IPC,498A,1,1
5235,IPC,379A,1,1
5236,NDPS,20,1,1
5237,IPC,379,1,1
5238,IPC,379,1,1
5239,IPC,380,1,1
5240,IPC,304B,1,1
5241,IPC,380,1,1
5242,ARMS,25,1,1
5243,IPC,489A,1,1
5244,IPC,144,1,1
5245,IPC,354,1,1
5246,ARMS,25,1,1
5247,IPC,379,1,1
5248,IPC,354,1,1
5249,IPC,323,1,1
5250,IPC,392,1,1
5251,IPC,380,1,1
5252,IPC,323,1,1
5253,IPC,379,1,1
5254,IPC,379,1,1
5255,IPC,379,1,1
5256,IPC,498A,1,1
5257,IPC,326,1,1
5258,NDPS,20,1,1
5259,IPC,489A,1,1
5260,IPC,379,1,1
5261,IPC,380,1,1
5262,POCSO,4,1,1
5263,IPC,379A,1,1
5264,IPC,323,1,1
5265,IPC,420,1,1
5266,IPC,304,1,1
5267,IPC,323,1,1
5268,IPC,420,1,1
5269,IPC,395,1,1
5270,IPC,144,1,1
5271,BNS,103,1,1
5272,BNS,109,1,1
5272,IPC,307,2,2
5273,IPC,379,1,1
5274,IPC,147,1,1
5275,IPC,323,1,1
5276,IPC,436,1,1
5277,IPC,379,1,1
5278,IPC,436,1,1
5279,IPC,326,1,1
5280,IPC,379,1,1
5281,IPC,379,1,1
5282,IPC,406,1,1
5283,IPC,66D-ITACT,1,1
5284,IPC,420,1,1
5285,POCSO,4,1,1
5286,IPC,379,1,1
5287,IPC,420,1,1
5288,IPC,323,1,1
5289,NDPS,20,1,1
5290,IPC,380,1,1
5291,IPC,323,1,1
5292,NDPS,20,1,1
5293,IPC,380,1,1
5294,IPC,354,1,1
5295,BNS,109,1,1
5296,IPC,379,1,1
5297,IPC,323,1,1
5298,IPC,436,1,1
5299,IPC,323,1,1
5300,IPC,379A,1,1
5301,IPC,323,1,1
5302,NDPS,20,1,1
5303,ARMS,25,1,1
5303,ARMS,27,2,2
5304,IPC,323,1,1
5305,IPC,363,1,1
5306,POCSO,4,1,1
5307,IPC,323,1,1
5308,IPC,420,1,1
5309,BNS,64,1,1
5310,IPC,379,1,1
5311,IPC,380,1,1
5312,IPC,354,1,1
5313,IPC,379A,1,1
5314,IPC,392,1,1
5315,IPC,420,1,1
5316,IPC,66D-ITACT,1,1
5317,IPC,379,1,1
5318,IPC,66D-ITACT,1,1
5319,IPC,379,1,1
5320,IPC,379A,1,1
5321,IPC,380,1,1
5322,IPC,379,1,1
5323,IPC,363,1,1
5324,IPC,147,1,1
5325,IPC,380,1,1
5326,IPC,379,1,1
5327,BNS,64,1,1
5327,IPC,376,2,2
5328,IPC,307,1,1
5328,BNS,109,2,2
5329,IPC,498A,1,1
5330,IPC,379A,1,1
5331,NDPS,20,1,1
5332,IPC,304,1,1
5333,IPC,379A,1,1
5334,BNS,109,1,1
5335,ARMS,27,1,1
5336,POCSO,4,1,1
5337,ARMS,25,1,1
5338,BNS,109,1,1
5339,IPC,326,1,1
5340,IPC,354,1,1
5341,IPC,323,1,1
5342,POCSO,4,1,1
5343,IPC,354,1,1
5344,IPC,392,1,1
5345,IPC,354,1,1
5346,IPC,498A,1,1
5347,IPC,379,1,1
5348,IPC,420,1,1
5349,POCSO,4,1,1
5350,IPC,302,1,1
5351,IPC,392,1,1
5352,IPC,379A,1,1
5353,IPC,395,1,1
5354,IPC,420,1,1
5355,POCSO,4,1,1
5356,IPC,323,1,1
5357,IPC,323,1,1
5358,IPC,376,1,1
5359,IPC,395,1,1
5360,IPC,379A,1,1
5361,IPC,420,1,1
5362,IPC,420,1,1
5363,IPC,392,1,1
5364,IPC,489A,1,1
5365,POCSO,4,1,1
5366,IPC,66D-ITACT,1,1
5367,IPC,420,1,1
5368,IPC,379,1,1
5369,IPC,379,1,1
5370,IPC,379A,1,1
5371,IPC,379A,1,1
5372,IPC,380,1,1
5373,BNS,109,1,1
5373,IPC,307,2,2
5374,IPC,66D-ITACT,1,1
5375,IPC,420,1,1
5376,IPC,379,1,1
5377,IPC,379,1,1
5378,IPC,304,1,1
5379,IPC,379,1,1
5380,IPC,379,1,1
5381,IPC,376,1,1
5382,IPC,379,1,1
5383,IPC,326,1,1
5384,ARMS,27,1,1
5385,IPC,420,1,1
5386,IPC,304B,1,1
5387,IPC,326,1,1
5388,IPC,379A,1,1
5389,IPC,354,1,1
5390,IPC,420,1,1
5391,IPC,420,1,1
5392,IPC,323,1,1
5393,IPC,379,1,1
5394,IPC,66D-ITACT,1,1
5395,IPC,379,1,1
5396,IPC,436,1,1
5397,IPC,323,1,1
5398,IPC,354,1,1
5399,IPC,380,1,1
5400,IPC,354,1,1
5401,IPC,380,1,1
5402,IPC,323,1,1
5403,IPC,363,1,1
5404,BNS,64,1,1
5405,NDPS,20,1,1
5406,IPC,363,1,1
5407,IPC,379,1,1
5408,IPC,406,1,1
5409,IPC,379,1,1
5410,IPC,380,1,1
5411,IPC,66D-ITACT,1,1
5412,IPC,379A,1,1
5413,IPC,420,1,1
5414,IPC,323,1,1
5415,IPC,144,1,1
5416,POCSO,4,1,1
5417,IPC,323,1,1
5418,IPC,363,1,1
5419,IPC,379,1,1
5420,IPC,354,1,1
5421,IPC,304B,1,1
5422,IPC,66D-ITACT,1,1
5423,IPC,380,1,1
5424,IPC,420,1,1
5425,NDPS,20,1,1
5426,IPC,498A,1,1
5427,IPC,66D-ITACT,1,1
5428,IPC,354,1,1
5429,IPC,323,1,1
5430,IPC,323,1,1
5431,BNS,64,1,1
5432,IPC,420,1,1
5433,POCSO,4,1,1
5434,IPC,379,1,1
5435,IPC,326,1,1
5436,IPC,66D-ITACT,1,1
5437,IPC,379,1,1
5438,IPC,380,1,1
5439,IPC,323,1,1
5440,POCSO,4,1,1
5441,IPC,380,1,1
5442,IPC,376,1,1
5442,BNS,64,2,2
5443,IPC,379A,1,1
5444,IPC,498A,1,1
5445,IPC,323,1,1
5446,IPC,66D-ITACT,1,1
5447,POCSO,4,1,1
5448,IPC,354,1,1
5449,IPC,379,1,1
5450,IPC,323,1,1
5451,NDPS,20,1,1
5452,IPC,392,1,1
5453,IPC,380,1,1
5454,IPC,326,1,1
5455,BNS,64,1,1
5456,IPC,379,1,1
5457,BNS,64,1,1
5458,IPC,379A,1,1
5459,IPC,379,1,1
5460,ARMS,27,1,1
5460,ARMS,25,2,2
5461,IPC,406,1,1
5462,IPC,326,1,1
5463,IPC,326,1,1
5464,IPC,498A,1,1
5465,IPC,420,1,1
5466,IPC,380,1,1
5467,IPC,406,1,1
5468,IPC,379,1,1
5469,IPC,323,1,1
5470,IPC,354,1,1
5471,IPC,392,1,1
5472,IPC,323,1,1
5473,IPC,379,1,1
5474,IPC,379A,1,1
5475,IPC,379,1,1
5476,IPC,379A,1,1
5477,IPC,420,1,1
5478,IPC,304,1,1
5479,IPC,323,1,1
5480,IPC,379A,1,1
5481,IPC,436,1,1
5482,IPC,363,1,1
5483,IPC,392,1,1
5484,IPC,406,1,1
5485,IPC,379A,1,1
5486,IPC,66D-ITACT,1,1
5487,IPC,326,1,1
5488,IPC,326,1,1
5489,IPC,379,1,1
5490,IPC,379,1,1
5491,ARMS,27,1,1
5492,ARMS,27,1,1
5493,IPC,354,1,1
5494,IPC,354,1,1
5495,IPC,376,1,1
5496,IPC,379A,1,1
5497,IPC,326,1,1
5498,IPC,420,1,1
5499,IPC,379,1,1
5500,IPC,354,1,1
5501,IPC,66D-ITACT,1,1
5502,IPC,147,1,1
5503,IPC,302,1,1
5503,BNS,103,2,2
5504,IPC,379,1,1
5505,IPC,379,1,1
5506,IPC,436,1,1
5507,IPC,498A,1,1
5508,IPC,66D-ITACT,1,1
5509,IPC,379,1,1
5510,IPC,379,1,1
5511,IPC,379,1,1
5512,IPC,420,1,1
5513,IPC,144,1,1
5514,IPC,323,1,1
5515,IPC,380,1,1
5516,IPC,323,1,1
5517,IPC,323,1,1
5518,IPC,323,1,1
5519,IPC,66D-ITACT,1,1
5520,IPC,420,1,1
5521,IPC,326,1,1
5522,IPC,379A,1,1
5523,IPC,323,1,1
5524,IPC,363,1,1
5525,IPC,363,1,1
5526,IPC,326,1,1
5527,IPC,354,1,1
5528,IPC,323,1,1
5529,IPC,420,1,1
5530,IPC,379,1,1
5531,IPC,380,1,1
5532,IPC,354,1,1
5533,IPC,498A,1,1
5534,IPC,380,1,1
5535,IPC,354,1,1
5536,IPC,376,1,1
5537,IPC,379A,1,1
5538,IPC,380,1,1
5539,IPC,379,1,1
5540,IPC,379,1,1
5541,IPC,379A,1,1
5542,IPC,436,1,1
5543,IPC,379,1,1
5544,IPC,498A,1,1
5545,IPC,406,1,1
5546,NDPS,20,1,1
5547,IPC,406,1,1
5548,IPC,144,1,1
5549,IPC,379,1,1
5550,IPC,406,1,1
5551,IPC,326,1,1
5552,IPC,304,1,1
5553,IPC,323,1,1
5554,IPC,326,1,1
5555,IPC,66D-ITACT,1,1
5556,IPC,379,1,1
5557,IPC,323,1,1
5558,IPC,323,1,1
5559,IPC,66D-ITACT,1,1
5560,IPC,147,1,1
5561,IPC,380,1,1
5562,NDPS,20,1,1
5563,IPC,66D-ITACT,1,1
5564,IPC,392,1,1
5565,IPC,326,1,1
5566,IPC,379,1,1
5567,IPC,66D-ITACT,1,1
5568,IPC,498A,1,1
5569,IPC,406,1,1
5570,IPC,380,1,1
5571,IPC,380,1,1
5572,IPC,392,1,1
5573,IPC,326,1,1
5574,IPC,406,1,1
5575,IPC,379,1,1
5576,IPC,420,1,1
5577,IPC,395,1,1
5578,IPC,379,1,1
5579,IPC,304B,1,1
5580,IPC,376,1,1
5580,BNS,64,2,2
5581,IPC,363,1,1
5582,IPC,326,1,1
5583,IPC,498A,1,1
5584,IPC,406,1,1
5585,IPC,379A,1,1
5586,IPC,379,1,1
5587,IPC,379A,1,1
5588,IPC,392,1,1
5589,IPC,498A,1,1
5590,IPC,379,1,1
5591,IPC,379,1,1
5592,IPC,379,1,1
5593,IPC,147,1,1
5594,POCSO,4,1,1
5595,IPC,380,1,1
5596,IPC,304B,1,1
5597,IPC,66D-ITACT,1,1
5598,IPC,395,1,1
5599,IPC,66D-ITACT,1,1
5600,IPC,379,1,1
5601,IPC,323,1,1
5602,IPC,363,1,1
5603,IPC,379,1,1
5604,IPC,323,1,1
5605,IPC,323,1,1
5606,IPC,354,1,1
5607,IPC,304B,1,1
5608,IPC,66D-ITACT,1,1
5609,IPC,323,1,1
5610,IPC,147,1,1
5611,ARMS,25,1,1
5612,IPC,66D-ITACT,1,1
5613,IPC,420,1,1
5614,BNS,64,1,1
5614,IPC,376,2,2
5615,NDPS,20,1,1
5616,IPC,323,1,1
5617,IPC,379,1,1
5618,IPC,379,1,1
5619,IPC,66D-ITACT,1,1
5620,IPC,379,1,1
5621,IPC,379,1,1
5622,IPC,376,1,1
5622,BNS,64,2,2
5623,IPC,379,1,1
5624,IPC,406,1,1
5625,IPC,326,1,1
5626,ARMS,25,1,1
5627,IPC,498A,1,1
5628,IPC,498A,1,1
5629,IPC,379,1,1
5630,IPC,380,1,1
5631,IPC,66D-ITACT,1,1
5632,IPC,323,1,1
5633,NDPS,20,1,1
5634,IPC,66D-ITACT,1,1
5635,IPC,379,1,1
5636,IPC,379,1,1
5637,IPC,380,1,1
5638,BNS,64,1,1
5638,IPC,376,2,2
5639,IPC,379A,1,1
5640,IPC,354,1,1
5641,IPC,379A,1,1
5642,IPC,66D-ITACT,1,1
5643,IPC,420,1,1
5644,IPC,323,1,1
5645,IPC,66D-ITACT,1,1
5646,IPC,323,1,1
5647,ARMS,27,1,1
5648,IPC,420,1,1
5649,IPC,379,1,1
5650,IPC,66D-ITACT,1,1
5651,IPC,304B,1,1
5652,IPC,420,1,1
5653,IPC,379A,1,1
5654,IPC,379A,1,1
5655,IPC,379A,1,1
5656,IPC,380,1,1
5657,BNS,64,1,1
5657,IPC,376,2,2
5658,IPC,147,1,1
5659,IPC,376,1,1
5659,BNS,64,2,2
5660,IPC,436,1,1
5661,POCSO,4,1,1
5662,IPC,379,1,1
5663,IPC,379,1,1
5664,IPC,66D-ITACT,1,1
5665,NDPS,20,1,1
5666,IPC,379A,1,1
5667,IPC,380,1,1
5668,IPC,326,1,1
5669,IPC,498A,1,1
5670,IPC,379,1,1
5671,IPC,380,1,1
5672,IPC,363,1,1
5673,IPC,420,1,1
5674,IPC,379,1,1
5675,IPC,326,1,1
5676,IPC,420,1,1
5677,IPC,380,1,1
5678,IPC,323,1,1
5679,IPC,354,1,1
5680,NDPS,20,1,1
5681,IPC,354,1,1
5682,POCSO,4,1,1
5683,IPC,379,1,1
5684,IPC,323,1,1
5685,IPC,323,1,1
5686,IPC,392,1,1
5687,IPC,323,1,1
5688,IPC,323,1,1
5689,POCSO,4,1,1
5690,IPC,436,1,1
5691,IPC,436,1,1
5692,IPC,380,1,1
5693,IPC,380,1,1
5694,IPC,436,1,1
5695,IPC,326,1,1
5696,IPC,498A,1,1
5697,IPC,376,1,1
5698,IPC,66D-ITACT,1,1
5699,IPC,392,1,1
5700,IPC,395,1,1
5701,IPC,379A,1,1
5702,IPC,379,1,1
5703,IPC,380,1,1
5704,IPC,436,1,1
5705,IPC,147,1,1
5706,IPC,420,1,1
5707,IPC,379,1,1
5708,IPC,406,1,1
5709,IPC,323,1,1
5710,IPC,326,1,1
5711,IPC,147,1,1
5712,IPC,66D-ITACT,1,1
5713,IPC,147,1,1
5714,IPC,379,1,1
5715,IPC,379,1,1
5716,IPC,379A,1,1
5717,IPC,379,1,1
5718,IPC,379,1,1
5719,IPC,323,1,1
5720,IPC,406,1,1
5721,IPC,379,1,1
5722,IPC,379A,1,1
5723,IPC,420,1,1
5724,IPC,420,1,1
5725,IPC,379,1,1
5726,IPC,379,1,1
5727,IPC,379,1,1
5728,IPC,363,1,1
5729,IPC,66D-ITACT,1,1
5730,IPC,420,1,1
5731,IPC,498A,1,1
5732,BNS,103,1,1
5733,ARMS,27,1,1
5734,IPC,379,1,1
5735,IPC,363,1,1
5736,IPC,323,1,1
5737,IPC,376,1,1
5738,POCSO,4,1,1
5739,IPC,379A,1,1
5740,IPC,323,1,1
5741,IPC,498A,1,1
5742,BNS,109,1,1
5743,IPC,354,1,1
5744,ARMS,25,1,1
5744,ARMS,27,2,2
5745,IPC,354,1,1
5746,IPC,66D-ITACT,1,1
5747,IPC,354,1,1
5748,IPC,420,1,1
5749,IPC,436,1,1
5750,IPC,420,1,1
5751,NDPS,20,1,1
5752,BNS,109,1,1
5753,IPC,380,1,1
5754,IPC,323,1,1
5755,IPC,379,1,1
5756,IPC,66D-ITACT,1,1
5757,IPC,498A,1,1
5758,IPC,498A,1,1
5759,IPC,363,1,1
5760,IPC,66D-ITACT,1,1
5761,IPC,379,1,1
5762,IPC,376,1,1
5763,IPC,498A,1,1
5764,IPC,379,1,1
5765,IPC,379,1,1
5766,IPC,395,1,1
5767,IPC,323,1,1
5768,IPC,326,1,1
5769,IPC,379A,1,1
5770,IPC,323,1,1
5771,IPC,380,1,1
5772,IPC,379,1,1
5773,POCSO,4,1,1
5774,IPC,376,1,1
5774,BNS,64,2,2
5775,IPC,323,1,1
5776,IPC,323,1,1
5777,IPC,498A,1,1
5778,IPC,354,1,1
5779,BNS,109,1,1
5779,IPC,307,2,2
5780,IPC,406,1,1
5781,IPC,66D-ITACT,1,1
5782,IPC,379,1,1
5783,IPC,498A,1,1
5784,IPC,498A,1,1
5785,IPC,380,1,1
5786,IPC,379,1,1
5787,BNS,64,1,1
5788,IPC,395,1,1
5789,IPC,323,1,1
5790,IPC,380,1,1
5791,IPC,406,1,1
5792,IPC,147,1,1
5793,IPC,406,1,1
5794,IPC,323,1,1
5795,IPC,379,1,1
5796,IPC,420,1,1
5797,IPC,304B,1,1
5798,POCSO,4,1,1
5799,IPC,420,1,1
5800,IPC,323,1,1
5801,POCSO,4,1,1
5802,IPC,379,1,1
5803,IPC,354,1,1
5804,IPC,363,1,1
5805,IPC,380,1,1
5806,IPC,489A,1,1
5807,IPC,379,1,1
5808,IPC,436,1,1
5809,IPC,144,1,1
5810,IPC,420,1,1
5811,IPC,66D-ITACT,1,1
5812,IPC,436,1,1
5813,IPC,498A,1,1
5814,IPC,420,1,1
5815,IPC,420,1,1
5816,IPC,379,1,1
5817,IPC,323,1,1
5818,IPC,363,1,1
5819,IPC,392,1,1
5820,IPC,326,1,1
5821,IPC,326,1,1
5822,IPC,144,1,1
5823,IPC,323,1,1
5824,IPC,354,1,1
5825,IPC,379A,1,1
5826,BNS,103,1,1
5827,IPC,354,1,1
5828,IPC,323,1,1
5829,IPC,498A,1,1
5830,NDPS,20,1,1
5831,IPC,379,1,1
5832,IPC,144,1,1
5833,IPC,323,1,1
5834,IPC,379,1,1
5835,IPC,66D-ITACT,1,1
5836,IPC,379A,1,1
5837,IPC,323,1,1
5838,IPC,354,1,1
5839,IPC,379,1,1
5840,IPC,392,1,1
5841,IPC,406,1,1
5842,IPC,436,1,1
5843,IPC,66D-ITACT,1,1
5844,IPC,380,1,1
5845,IPC,326,1,1
5846,IPC,354,1,1
5847,NDPS,20,1,1
5848,NDPS,20,1,1
5849,IPC,354,1,1
5850,IPC,406,1,1
5851,IPC,354,1,1
5852,IPC,392,1,1
5853,IPC,420,1,1
5854,IPC,323,1,1
5855,IPC,323,1,1
5856,IPC,420,1,1
5857,IPC,354,1,1
5858,IPC,323,1,1
5859,IPC,379A,1,1
5860,IPC,436,1,1
5861,IPC,406,1,1
5862,IPC,304,1,1
5863,IPC,379A,1,1
5864,IPC,323,1,1
5865,IPC,420,1,1
5866,IPC,323,1,1
5867,IPC,379A,1,1
5868,NDPS,20,1,1
5869,NDPS,20,1,1
5870,IPC,323,1,1
5871,IPC,420,1,1
5872,IPC,323,1,1
5873,IPC,323,1,1
5874,IPC,66D-ITACT,1,1
5875,IPC,379,1,1
5876,IPC,147,1,1
5877,IPC,498A,1,1
5878,IPC,380,1,1
5879,IPC,379,1,1
5880,IPC,379,1,1
5881,IPC,144,1,1
5882,POCSO,4,1,1
5883,IPC,147,1,1
5884,BNS,109,1,1
5885,IPC,420,1,1
5886,IPC,379,1,1
5887,IPC,420,1,1
5888,IPC,66D-ITACT,1,1
5889,IPC,380,1,1
5890,IPC,498A,1,1
5891,IPC,379,1,1
5892,IPC,436,1,1
5893,IPC,379A,1,1
5894,IPC,363,1,1
5895,NDPS,20,1,1
5896,IPC,144,1,1
5897,IPC,420,1,1
5898,IPC,354,1,1
5899,IPC,363,1,1
5900,POCSO,4,1,1
5901,IPC,379A,1,1
5902,IPC,379A,1,1
5903,IPC,379,1,1
5904,IPC,379,1,1
5905,IPC,379A,1,1
5906,IPC,323,1,1
5907,IPC,379,1,1
5908,IPC,66D-ITACT,1,1
5909,IPC,323,1,1
5910,NDPS,20,1,1
5911,IPC,147,1,1
5912,IPC,147,1,1
5913,BNS,64,1,1
5914,IPC,304B,1,1
5915,IPC,304B,1,1
5916,BNS,64,1,1
5917,IPC,323,1,1
5918,IPC,144,1,1
5919,IPC,379,1,1
5920,IPC,498A,1,1
5921,IPC,323,1,1
5922,IPC,354,1,1
5923,IPC,326,1,1
5924,IPC,379A,1,1
5925,IPC,363,1,1
5926,IPC,436,1,1
5927,IPC,392,1,1
5928,IPC,144,1,1
5929,IPC,498A,1,1
5930,POCSO,4,1,1
5931,IPC,420,1,1
5932,IPC,326,1,1
5933,IPC,379,1,1
5934,BNS,109,1,1
5934,IPC,307,2,2
5935,IPC,379A,1,1
5936,IPC,323,1,1
5937,IPC,302,1,1
5938,IPC,323,1,1
5939,IPC,323,1,1
5940,IPC,66D-ITACT,1,1
5941,BNS,109,1,1
5942,IPC,392,1,1
5943,IPC,498A,1,1
5944,IPC,379A,1,1
5945,IPC,379,1,1
5946,IPC,380,1,1
5947,IPC,395,1,1
5948,IPC,66D-ITACT,1,1
5949,IPC,379,1,1
5950,IPC,392,1,1
5951,IPC,66D-ITACT,1,1
5952,IPC,379A,1,1
5953,BNS,109,1,1
5954,IPC,379,1,1
5955,IPC,354,1,1
5956,IPC,379,1,1
5957,IPC,379,1,1
5958,IPC,323,1,1
5959,POCSO,4,1,1
5960,IPC,420,1,1
5961,IPC,392,1,1
5962,IPC,420,1,1
5963,IPC,379A,1,1
5964,IPC,326,1,1
5965,IPC,392,1,1
5966,IPC,363,1,1
5967,IPC,326,1,1
5968,BNS,109,1,1
5969,IPC,66D-ITACT,1,1
5970,IPC,66D-ITACT,1,1
5971,IPC,354,1,1
5972,IPC,436,1,1
5973,IPC,380,1,1
5974,IPC,380,1,1
5975,IPC,147,1,1
5976,IPC,66D-ITACT,1,1
5977,IPC,379,1,1
5978,IPC,379,1,1
5979,IPC,380,1,1
5980,IPC,379A,1,1
5981,IPC,66D-ITACT,1,1
5982,IPC,323,1,1
5983,IPC,379,1,1
5984,IPC,379,1,1
5985,IPC,379,1,1
5986,IPC,380,1,1
5987,IPC,436,1,1
5988,IPC,379,1,1
5989,IPC,420,1,1
5990,IPC,379,1,1
5991,IPC,144,1,1
5992,IPC,323,1,1
5993,IPC,498A,1,1
5994,IPC,326,1,1
5995,IPC,354,1,1
5996,IPC,363,1,1
5997,IPC,323,1,1
5998,IPC,323,1,1
5999,IPC,379,1,1
6000,IPC,144,1,1
6001,IPC,379A,1,1
6002,IPC,380,1,1
6003,BNS,103,1,1
6003,IPC,302,2,2
6004,IPC,379,1,1
6005,IPC,420,1,1
6006,IPC,498A,1,1
6007,IPC,66D-ITACT,1,1
6008,IPC,379,1,1
6009,IPC,354,1,1
6010,IPC,498A,1,1
6011,IPC,395,1,1
6012,IPC,307,1,1
6013,IPC,326,1,1
6014,IPC,354,1,1
6015,IPC,420,1,1
6016,NDPS,20,1,1
6017,IPC,354,1,1
6018,IPC,379,1,1
6019,POCSO,4,1,1
6020,IPC,392,1,1
6021,IPC,323,1,1
6022,IPC,302,1,1
6023,IPC,395,1,1
6024,BNS,109,1,1
6025,IPC,380,1,1
6026,IPC,66D-ITACT,1,1
6027,IPC,379,1,1
6028,IPC,323,1,1
6029,IPC,304B,1,1
6030,IPC,379A,1,1
6031,IPC,380,1,1
6032,IPC,323,1,1
6033,ARMS,25,1,1
6033,ARMS,27,2,2
6034,POCSO,4,1,1
6035,NDPS,20,1,1
6036,IPC,379A,1,1
6037,IPC,326,1,1
6038,IPC,379,1,1
6039,IPC,420,1,1
6040,IPC,379,1,1
6041,IPC,323,1,1
6042,IPC,326,1,1
6043,IPC,326,1,1
6044,IPC,363,1,1
6045,IPC,326,1,1
6046,IPC,498A,1,1
6047,IPC,323,1,1
6048,IPC,379,1,1
6049,IPC,420,1,1
6050,IPC,376,1,1
6050,BNS,64,2,2
6051,IPC,379A,1,1
6052,IPC,498A,1,1
6053,IPC,379,1,1
6054,ARMS,27,1,1
6055,IPC,392,1,1
6056,IPC,420,1,1
6057,IPC,420,1,1
6058,IPC,326,1,1
6059,IPC,323,1,1
6060,IPC,379A,1,1
6061,IPC,406,1,1
6062,IPC,307,1,1
6063,IPC,66D-ITACT,1,1
6064,IPC,323,1,1
6065,IPC,379A,1,1
6066,IPC,144,1,1
6067,IPC,379,1,1
6068,IPC,354,1,1
6069,IPC,326,1,1
6070,IPC,354,1,1
6071,IPC,406,1,1
6072,IPC,420,1,1
6073,IPC,326,1,1
6074,POCSO,4,1,1
6075,IPC,144,1,1
6076,IPC,379A,1,1
6077,IPC,420,1,1
6078,IPC,147,1,1
6079,BNS,109,1,1
6080,IPC,380,1,1
6081,IPC,380,1,1
6082,IPC,326,1,1
6083,IPC,379A,1,1
6084,IPC,406,1,1
6085,IPC,420,1,1
6086,IPC,379A,1,1
6087,IPC,498A,1,1
6088,IPC,379,1,1
6089,IPC,326,1,1
6090,IPC,379,1,1
6091,IPC,323,1,1
6092,IPC,379,1,1
6093,IPC,147,1,1
6094,IPC,66D-ITACT,1,1
6095,IPC,304,1,1
6096,IPC,323,1,1
6097,IPC,379,1,1
6098,IPC,379,1,1
6099,IPC,66D-ITACT,1,1
6100,IPC,66D-ITACT,1,1
6101,IPC,323,1,1
6102,IPC,420,1,1
6103,IPC,379A,1,1
6104,IPC,379A,1,1
6105,IPC,379,1,1
6106,IPC,323,1,1
6107,IPC,420,1,1
6108,IPC,380,1,1
6109,IPC,380,1,1
6110,IPC,326,1,1
6111,BNS,109,1,1
6111,IPC,307,2,2
6112,IPC,326,1,1
6113,IPC,354,1,1
6114,IPC,379,1,1
6115,IPC,380,1,1
6116,IPC,395,1,1
6117,BNS,103,1,1
6118,IPC,379,1,1
6119,IPC,406,1,1
6120,IPC,379,1,1
6121,IPC,379A,1,1
6122,IPC,380,1,1
6123,IPC,323,1,1
6124,IPC,379,1,1
6125,IPC,380,1,1
6126,IPC,376,1,1
6126,BNS,64,2,2
6127,IPC,144,1,1
6128,IPC,304,1,1
6129,IPC,498A,1,1
6130,IPC,307,1,1
6131,IPC,379A,1,1
6132,IPC,363,1,1
6133,IPC,379,1,1
6134,IPC,66D-ITACT,1,1
6135,IPC,147,1,1
6136,ARMS,25,1,1
6137,IPC,406,1,1
6138,IPC,379,1,1
6139,IPC,498A,1,1
6140,IPC,326,1,1
6141,IPC,144,1,1
6142,IPC,420,1,1
6143,IPC,392,1,1
6144,IPC,420,1,1
6145,IPC,392,1,1
6146,IPC,66D-ITACT,1,1
6147,IPC,363,1,1
6148,IPC,498A,1,1
6149,IPC,144,1,1
6150,IPC,392,1,1
6151,IPC,379,1,1
6152,IPC,147,1,1
6153,IPC,147,1,1
6154,IPC,498A,1,1
6155,IPC,406,1,1
6156,IPC,66D-ITACT,1,1
6157,IPC,304,1,1
6158,IPC,363,1,1
6159,IPC,392,1,1
6160,IPC,147,1,1
6161,IPC,380,1,1
6162,IPC,380,1,1
6163,IPC,379,1,1
6164,POCSO,4,1,1
6165,IPC,406,1,1
6166,IPC,323,1,1
6167,IPC,326,1,1
6168,IPC,498A,1,1
6169,IPC,66D-ITACT,1,1
6170,IPC,304,1,1
6171,IPC,363,1,1
6172,IPC,144,1,1
6173,IPC,420,1,1
6174,IPC,380,1,1
6175,IPC,323,1,1
6176,IPC,323,1,1
6177,IPC,66D-ITACT,1,1
6178,IPC,380,1,1
6179,IPC,420,1,1
6180,IPC,323,1,1
6181,IPC,498A,1,1
6182,IPC,379,1,1
6183,IPC,326,1,1
6184,IPC,363,1,1
6185,IPC,379,1,1
6186,IPC,380,1,1
6187,IPC,380,1,1
6188,IPC,326,1,1
6189,IPC,326,1,1
6190,ARMS,27,1,1
6190,ARMS,25,2,2
6191,IPC,379A,1,1
6192,IPC,420,1,1
6193,IPC,498A,1,1
6194,IPC,489A,1,1
6195,IPC,489A,1,1
6196,IPC,66D-ITACT,1,1
6197,IPC,363,1,1
6198,IPC,376,1,1
6199,IPC,489A,1,1
6200,POCSO,4,1,1
6201,IPC,379,1,1
6202,IPC,323,1,1
6203,IPC,376,1,1
6204,IPC,323,1,1
6205,IPC,66D-ITACT,1,1
6206,IPC,392,1,1
6207,IPC,326,1,1
6208,IPC,354,1,1
6209,IPC,420,1,1
6210,IPC,406,1,1
6211,IPC,66D-ITACT,1,1
6212,IPC,379,1,1
6213,IPC,66D-ITACT,1,1
6214,IPC,380,1,1
6215,POCSO,4,1,1
6216,IPC,392,1,1
6217,IPC,379,1,1
6218,IPC,323,1,1
6219,IPC,392,1,1
6220,IPC,392,1,1
6221,IPC,323,1,1
6222,ARMS,25,1,1
6223,IPC,498A,1,1
6224,IPC,66D-ITACT,1,1
6225,IPC,66D-ITACT,1,1
6226,IPC,380,1,1
6227,IPC,363,1,1
6228,IPC,379A,1,1
6229,IPC,326,1,1
6230,IPC,363,1,1
6231,IPC,379,1,1
6232,IPC,420,1,1
6233,ARMS,27,1,1
6234,IPC,498A,1,1
6235,IPC,392,1,1
6236,IPC,420,1,1
6237,IPC,323,1,1
6238,IPC,66D-ITACT,1,1
6239,IPC,420,1,1
6240,IPC,420,1,1
6241,IPC,323,1,1
6242,IPC,66D-ITACT,1,1
6243,IPC,436,1,1
6244,IPC,380,1,1
6245,IPC,379,1,1
6246,IPC,420,1,1
6247,IPC,380,1,1
6248,IPC,379,1,1
6249,IPC,420,1,1
6250,IPC,326,1,1
6251,IPC,323,1,1
6252,POCSO,4,1,1
6253,IPC,380,1,1
6254,IPC,354,1,1
6255,IPC,379,1,1
6256,NDPS,20,1,1
6257,ARMS,27,1,1
6258,ARMS,25,1,1
6259,IPC,66D-ITACT,1,1
6260,IPC,326,1,1
6261,IPC,498A,1,1
6262,IPC,380,1,1
6263,IPC,379A,1,1
6264,IPC,380,1,1
6265,IPC,147,1,1
6266,IPC,379,1,1
6267,IPC,395,1,1
6268,IPC,326,1,1
6269,IPC,326,1,1
6270,IPC,147,1,1
6271,IPC,354,1,1
6272,IPC,323,1,1
6273,IPC,395,1,1
6274,IPC,147,1,1
6275,BNS,64,1,1
6276,BNS,103,1,1
6277,IPC,147,1,1
6278,IPC,406,1,1
6279,IPC,363,1,1
6280,IPC,323,1,1
6281,IPC,498A,1,1
6282,IPC,326,1,1
6283,IPC,392,1,1
6284,IPC,498A,1,1
6285,BNS,109,1,1
6285,IPC,307,2,2
6286,IPC,392,1,1
6287,IPC,379A,1,1
6288,POCSO,4,1,1
6289,IPC,436,1,1
6290,BNS,109,1,1
6291,BNS,109,1,1
6292,IPC,489A,1,1
6293,IPC,380,1,1
6294,IPC,323,1,1
6295,IPC,323,1,1
6296,IPC,379,1,1
6297,IPC,406,1,1
6298,IPC,379,1,1
6299,IPC,323,1,1
6300,IPC,66D-ITACT,1,1
6301,IPC,147,1,1
6302,IPC,323,1,1
6303,IPC,406,1,1
6304,IPC,66D-ITACT,1,1
6305,IPC,323,1,1
6306,IPC,66D-ITACT,1,1
6307,IPC,436,1,1
6308,IPC,489A,1,1
6309,IPC,323,1,1
6310,IPC,420,1,1
6311,BNS,64,1,1
6312,IPC,326,1,1
6313,IPC,498A,1,1
6314,IPC,489A,1,1
6315,IPC,420,1,1
6316,IPC,323,1,1
6317,IPC,498A,1,1
6318,IPC,323,1,1
6319,IPC,489A,1,1
6320,IPC,323,1,1
6321,IPC,144,1,1
6322,IPC,498A,1,1
6323,IPC,379,1,1
6324,IPC,323,1,1
6325,IPC,420,1,1
6326,IPC,379,1,1
6327,IPC,392,1,1
6328,IPC,323,1,1
6329,IPC,392,1,1
6330,IPC,498A,1,1
6331,IPC,392,1,1
6332,IPC,380,1,1
6333,POCSO,4,1,1
6334,IPC,380,1,1
6335,IPC,379A,1,1
6336,IPC,354,1,1
6337,IPC,304B,1,1
6338,IPC,380,1,1
6339,IPC,144,1,1
6340,IPC,66D-ITACT,1,1
6341,IPC,498A,1,1
6342,IPC,420,1,1
6343,IPC,66D-ITACT,1,1
6344,ARMS,25,1,1
6345,IPC,379,1,1
6346,IPC,379,1,1
6347,IPC,420,1,1
6348,IPC,376,1,1
6349,IPC,379,1,1
6350,IPC,354,1,1
6351,BNS,64,1,1
6352,IPC,363,1,1
6353,IPC,392,1,1
6354,IPC,392,1,1
6355,IPC,379,1,1
6356,IPC,379,1,1
6357,IPC,380,1,1
6358,IPC,66D-ITACT,1,1
6359,IPC,406,1,1
6360,IPC,354,1,1
6361,IPC,147,1,1
6362,IPC,363,1,1
6363,IPC,379,1,1
6364,IPC,392,1,1
6365,IPC,144,1,1
6366,IPC,406,1,1
6367,POCSO,4,1,1
6368,IPC,379,1,1
6369,IPC,420,1,1
6370,IPC,380,1,1
6371,IPC,326,1,1
6372,IPC,498A,1,1
6373,IPC,302,1,1
6374,IPC,392,1,1
6375,IPC,66D-ITACT,1,1
6376,IPC,498A,1,1
6377,IPC,379A,1,1
6378,IPC,66D-ITACT,1,1
6379,IPC,379,1,1
6380,POCSO,4,1,1
6381,IPC,354,1,1
6382,IPC,380,1,1
6383,IPC,395,1,1
6384,IPC,326,1,1
6385,IPC,147,1,1
6386,IPC,380,1,1
6387,IPC,323,1,1
6388,IPC,144,1,1
6389,IPC,326,1,1
6390,IPC,144,1,1
6391,IPC,380,1,1
6392,NDPS,20,1,1
6393,IPC,147,1,1
6394,IPC,379,1,1
6395,IPC,420,1,1
6396,IPC,489A,1,1
6397,IPC,379,1,1
6398,IPC,498A,1,1
6399,IPC,66D-ITACT,1,1
6400,IPC,420,1,1
6401,IPC,392,1,1
6402,ARMS,25,1,1
6403,IPC,326,1,1
6404,IPC,66D-ITACT,1,1
6405,IPC,379,1,1
6406,IPC,379,1,1
6407,IPC,379,1,1
6408,IPC,379,1,1
6409,IPC,147,1,1
6410,IPC,420,1,1
6411,NDPS,20,1,1
6412,IPC,379,1,1
6413,IPC,376,1,1
6414,IPC,380,1,1
6415,IPC,376,1,1
6416,IPC,392,1,1
6417,IPC,379,1,1
6418,IPC,379A,1,1
6419,IPC,363,1,1
6420,IPC,379,1,1
6421,IPC,406,1,1
6422,IPC,66D-ITACT,1,1
6423,BNS,109,1,1
6424,IPC,436,1,1
6425,IPC,498A,1,1
6426,BNS,109,1,1
6427,IPC,323,1,1
6428,IPC,379,1,1
6429,IPC,420,1,1
6430,IPC,323,1,1
6431,IPC,420,1,1
6432,IPC,498A,1,1
6433,IPC,380,1,1
6434,IPC,380,1,1
6435,IPC,376,1,1
6435,BNS,64,2,2
6436,IPC,436,1,1
6437,IPC,323,1,1
6438,IPC,66D-ITACT,1,1
6439,IPC,326,1,1
6440,IPC,323,1,1
6441,IPC,376,1,1
6442,IPC,420,1,1
6443,IPC,379,1,1
6444,IPC,379,1,1
6445,IPC,379,1,1
6446,IPC,326,1,1
6447,IPC,406,1,1
6448,IPC,323,1,1
6449,IPC,379,1,1
6450,IPC,379,1,1
6451,IPC,66D-ITACT,1,1
6452,IPC,380,1,1
6453,ARMS,27,1,1
6454,IPC,380,1,1
6455,IPC,379,1,1
6456,IPC,406,1,1
6457,IPC,379,1,1
6458,POCSO,4,1,1
6459,IPC,66D-ITACT,1,1
6460,IPC,379,1,1
6461,IPC,380,1,1
6462,IPC,379,1,1
6463,BNS,64,1,1
6463,IPC,376,2,2
6464,NDPS,20,1,1
6465,IPC,323,1,1
6466,IPC,326,1,1
6467,IPC,380,1,1
6468,IPC,379,1,1
6469,IPC,376,1,1
6470,IPC,392,1,1
6471,IPC,323,1,1
6472,IPC,379A,1,1
6473,IPC,323,1,1
6474,IPC,406,1,1
6475,IPC,380,1,1
6476,IPC,323,1,1
6477,IPC,406,1,1
6478,IPC,379A,1,1
6479,IPC,379,1,1
6480,IPC,379,1,1
6481,IPC,147,1,1
6482,IPC,376,1,1
6482,BNS,64,2,2
6483,IPC,380,1,1
6484,IPC,326,1,1
6485,IPC,304B,1,1
6486,IPC,379A,1,1
6487,IPC,66D-ITACT,1,1
6488,IPC,420,1,1
6489,IPC,323,1,1
6490,IPC,354,1,1
6491,IPC,420,1,1
6492,IPC,420,1,1
6493,IPC,147,1,1
6494,BNS,103,1,1
6495,IPC,379,1,1
6496,IPC,326,1,1
6497,IPC,323,1,1
6498,IPC,392,1,1
6499,IPC,379,1,1
6500,IPC,392,1,1
6501,ARMS,27,1,1
6502,IPC,144,1,1
6503,IPC,379,1,1
6504,IPC,420,1,1
6505,IPC,379,1,1
6506,IPC,420,1,1
6507,IPC,392,1,1
6508,IPC,304,1,1
6509,IPC,420,1,1
6510,IPC,379A,1,1
6511,IPC,380,1,1
6512,IPC,379,1,1
6513,IPC,376,1,1
6513,BNS,64,2,2
6514,IPC,363,1,1
6515,IPC,380,1,1
6516,IPC,379,1,1
6517,IPC,376,1,1
6518,IPC,406,1,1
6519,IPC,420,1,1
6520,IPC,395,1,1
6521,IPC,380,1,1
6522,IPC,420,1,1
6523,IPC,66D-ITACT,1,1
6524,IPC,420,1,1
6525,IPC,379,1,1
6526,IPC,144,1,1
6527,IPC,498A,1,1
6528,IPC,379,1,1
6529,ARMS,25,1,1
6530,IPC,380,1,1
6531,IPC,420,1,1
6532,IPC,66D-ITACT,1,1
6533,IPC,379,1,1
6534,NDPS,20,1,1
6535,IPC,420,1,1
6536,IPC,323,1,1
6537,IPC,379A,1,1
6538,IPC,392,1,1
6539,IPC,379,1,1
6540,IPC,376,1,1
6541,IPC,323,1,1
6542,IPC,326,1,1
6543,IPC,323,1,1
6544,IPC,379,1,1
6545,IPC,326,1,1
6546,IPC,379,1,1
6547,IPC,379A,1,1
6548,IPC,147,1,1
6549,IPC,380,1,1
6550,IPC,144,1,1
6551,IPC,323,1,1
6552,IPC,323,1,1
6553,IPC,420,1,1
6554,IPC,66D-ITACT,1,1
6555,IPC,379,1,1
6556,IPC,147,1,1
6557,IPC,379,1,1
6558,IPC,379A,1,1
6559,IPC,380,1,1
6560,IPC,66D-ITACT,1,1
6561,IPC,326,1,1
6562,IPC,420,1,1
6563,IPC,66D-ITACT,1,1
6564,IPC,420,1,1
6565,IPC,66D-ITACT,1,1
6566,IPC,354,1,1
6567,IPC,380,1,1
6568,IPC,379,1,1
6569,IPC,326,1,1
6570,IPC,66D-ITACT,1,1
6571,IPC,354,1,1
6572,IPC,379,1,1
6573,NDPS,20,1,1
6574,IPC,379A,1,1
6575,IPC,147,1,1
6576,IPC,436,1,1
6577,IPC,380,1,1
6578,IPC,66D-ITACT,1,1
6579,IPC,379,1,1
6580,IPC,379A,1,1
6581,IPC,147,1,1
6582,IPC,323,1,1
6583,IPC,144,1,1
6584,IPC,379,1,1
6585,IPC,392,1,1
6586,IPC,380,1,1
6587,IPC,392,1,1
6588,IPC,392,1,1
6589,IPC,498A,1,1
6590,IPC,66D-ITACT,1,1
6591,IPC,380,1,1
6592,IPC,420,1,1
6593,IPC,498A,1,1
6594,IPC,304,1,1
6595,IPC,406,1,1
6596,IPC,66D-ITACT,1,1
6597,IPC,323,1,1
6598,IPC,307,1,1
6598,BNS,109,2,2
6599,IPC,420,1,1
6600,BNS,64,1,1
6601,IPC,144,1,1
6602,IPC,379,1,1
6603,IPC,147,1,1
6604,IPC,420,1,1
6605,IPC,420,1,1
6606,IPC,304,1,1
6607,IPC,66D-ITACT,1,1
6608,IPC,420,1,1
6609,IPC,379,1,1
6610,IPC,354,1,1
6611,IPC,379,1,1
6612,IPC,379,1,1
6613,IPC,379,1,1
6614,IPC,66D-ITACT,1,1
6615,IPC,395,1,1
6616,IPC,379A,1,1
6617,IPC,66D-ITACT,1,1
6618,BNS,109,1,1
6619,IPC,406,1,1
6620,IPC,66D-ITACT,1,1
6621,IPC,498A,1,1
6622,IPC,354,1,1
6623,IPC,323,1,1
6624,IPC,147,1,1
6625,IPC,354,1,1
6626,IPC,323,1,1
6627,IPC,379A,1,1
6628,IPC,323,1,1
6629,IPC,420,1,1
6630,IPC,147,1,1
6631,IPC,420,1,1
6632,IPC,420,1,1
6633,IPC,406,1,1
6634,IPC,392,1,1
6635,IPC,379A,1,1
6636,IPC,323,1,1
6637,IPC,420,1,1
6638,IPC,395,1,1
6639,IPC,406,1,1
6640,IPC,376,1,1
6641,IPC,379,1,1
6642,POCSO,4,1,1
6643,IPC,147,1,1
6644,IPC,392,1,1
6645,IPC,326,1,1
6646,IPC,323,1,1
6647,POCSO,4,1,1
6648,IPC,326,1,1
6649,IPC,380,1,1
6650,IPC,326,1,1
6651,IPC,66D-ITACT,1,1
6652,IPC,420,1,1
6653,IPC,363,1,1
6654,IPC,323,1,1
6655,IPC,498A,1,1
6656,BNS,109,1,1
6657,POCSO,4,1,1
6658,ARMS,27,1,1
6659,IPC,379,1,1
6660,IPC,380,1,1
6661,IPC,420,1,1
6662,IPC,420,1,1
6663,IPC,363,1,1
6664,IPC,379,1,1
6665,IPC,304,1,1
6666,IPC,66D-ITACT,1,1
6667,IPC,66D-ITACT,1,1
6668,IPC,144,1,1
6669,IPC,147,1,1
6670,IPC,379A,1,1
6671,IPC,379,1,1
6672,IPC,354,1,1
6673,IPC,363,1,1
6674,IPC,323,1,1
6675,IPC,379,1,1
6676,IPC,406,1,1
6677,IPC,420,1,1
6678,IPC,323,1,1
6679,IPC,326,1,1
6680,IPC,323,1,1
6681,IPC,363,1,1
6682,IPC,380,1,1
6683,IPC,147,1,1
6684,IPC,363,1,1
6685,IPC,379A,1,1
6686,IPC,354,1,1
6687,IPC,304,1,1
6688,IPC,392,1,1
6689,IPC,395,1,1
6690,IPC,406,1,1
6691,IPC,304,1,1
6692,IPC,420,1,1
6693,IPC,323,1,1
6694,IPC,380,1,1
6695,IPC,379,1,1
6696,IPC,144,1,1
6697,IPC,323,1,1
6698,IPC,380,1,1
6699,IPC,307,1,1
6700,IPC,379,1,1
6701,IPC,323,1,1
6702,IPC,406,1,1
6703,IPC,379,1,1
6704,IPC,323,1,1
6705,IPC,379,1,1
6706,IPC,66D-ITACT,1,1
6707,IPC,379,1,1
6708,IPC,66D-ITACT,1,1
6709,IPC,66D-ITACT,1,1
6710,IPC,379A,1,1
6711,IPC,436,1,1
6712,IPC,379,1,1
6713,IPC,326,1,1
6714,IPC,323,1,1
6715,IPC,376,1,1
6716,NDPS,20,1,1
6717,POCSO,4,1,1
6718,IPC,406,1,1
6719,IPC,420,1,1
6720,IPC,380,1,1
6721,IPC,66D-ITACT,1,1
6722,IPC,323,1,1
6723,IPC,489A,1,1
6724,IPC,379,1,1
6725,IPC,302,1,1
6725,BNS,103,2,2
6726,IPC,323,1,1
6727,IPC,379,1,1
6728,IPC,323,1,1
6729,ARMS,27,1,1
6730,IPC,379A,1,1
6731,IPC,304B,1,1
6732,NDPS,20,1,1
6733,IPC,379A,1,1
6734,IPC,66D-ITACT,1,1
6735,IPC,363,1,1
6736,IPC,379A,1,1
6737,IPC,144,1,1
6738,IPC,379,1,1
6739,IPC,66D-ITACT,1,1
6740,IPC,406,1,1
6741,ARMS,25,1,1
6741,ARMS,27,2,2
6742,IPC,144,1,1
6743,IPC,498A,1,1
6744,IPC,323,1,1
6745,IPC,406,1,1
6746,IPC,379A,1,1
6747,IPC,379,1,1
6748,IPC,144,1,1
6749,IPC,302,1,1
6750,IPC,379,1,1
6751,IPC,66D-ITACT,1,1
6752,IPC,379,1,1
6753,IPC,420,1,1
6754,IPC,379A,1,1
6755,IPC,406,1,1
6756,IPC,304,1,1
6757,IPC,144,1,1
6758,IPC,380,1,1
6759,IPC,379,1,1
6760,IPC,376,1,1
6761,IPC,379,1,1
6762,IPC,326,1,1
6763,IPC,406,1,1
6764,IPC,323,1,1
6765,POCSO,4,1,1
6766,IPC,323,1,1
6767,IPC,420,1,1
6768,IPC,66D-ITACT,1,1
6769,IPC,66D-ITACT,1,1
6770,IPC,323,1,1
6771,IPC,420,1,1
6772,IPC,395,1,1
6773,IPC,392,1,1
6774,IPC,379A,1,1
6775,IPC,379,1,1
6776,IPC,379,1,1
6777,IPC,379A,1,1
6778,IPC,380,1,1
6779,IPC,379,1,1
6780,IPC,379,1,1
6781,BNS,109,1,1
6782,IPC,323,1,1
6783,IPC,147,1,1
6784,IPC,144,1,1
6785,IPC,354,1,1
6786,IPC,376,1,1
6787,IPC,144,1,1
6788,IPC,147,1,1
6789,IPC,304,1,1
6790,IPC,363,1,1
6791,IPC,489A,1,1
6792,NDPS,20,1,1
6793,IPC,326,1,1
6794,IPC,379A,1,1
6795,IPC,406,1,1
6796,IPC,489A,1,1
6797,IPC,380,1,1
6798,IPC,323,1,1
6799,ARMS,27,1,1
6800,IPC,66D-ITACT,1,1
6801,IPC,392,1,1
6802,IPC,66D-ITACT,1,1
6803,IPC,144,1,1
6804,IPC,395,1,1
6805,IPC,376,1,1
6805,BNS,64,2,2
6806,IPC,354,1,1
6807,IPC,420,1,1
6808,IPC,66D-ITACT,1,1
6809,IPC,379,1,1
6810,IPC,323,1,1
6811,IPC,498A,1,1
6812,IPC,379A,1,1
6813,IPC,66D-ITACT,1,1
6814,IPC,406,1,1
6815,IPC,354,1,1
6816,IPC,66D-ITACT,1,1
6817,IPC,323,1,1
6818,IPC,379,1,1
6819,IPC,66D-ITACT,1,1
6820,POCSO,4,1,1
6821,IPC,380,1,1
6822,IPC,379,1,1
6823,IPC,379,1,1
6824,IPC,66D-ITACT,1,1
6825,IPC,380,1,1
6826,IPC,379A,1,1
6827,IPC,379,1,1
6828,IPC,379,1,1
6829,IPC,302,1,1
6829,BNS,103,2,2
6830,IPC,379,1,1
6831,IPC,379,1,1
6832,IPC,376,1,1
6832,BNS,64,2,2
6833,IPC,379,1,1
6834,IPC,323,1,1
6835,IPC,498A,1,1
6836,IPC,420,1,1
6837,IPC,326,1,1
6838,IPC,420,1,1
6839,IPC,420,1,1
6840,IPC,420,1,1
6841,IPC,380,1,1
6842,IPC,379,1,1
6843,IPC,323,1,1
6844,IPC,307,1,1
6844,BNS,109,2,2
6845,IPC,395,1,1
6846,IPC,420,1,1
6847,IPC,379,1,1
6848,IPC,380,1,1
6849,IPC,323,1,1
6850,IPC,379A,1,1
6851,IPC,392,1,1
6852,IPC,326,1,1
6853,IPC,379A,1,1
6854,IPC,379,1,1
6855,IPC,326,1,1
6856,IPC,379,1,1
6857,IPC,380,1,1
6858,IPC,66D-ITACT,1,1
6859,IPC,379,1,1
6860,ARMS,25,1,1
6861,IPC,379A,1,1
6862,IPC,379,1,1
6863,IPC,323,1,1
6864,NDPS,20,1,1
6865,IPC,379,1,1
6866,IPC,379,1,1
6867,IPC,326,1,1
6868,IPC,326,1,1
6869,IPC,379,1,1
6870,IPC,379,1,1
6871,IPC,406,1,1
6872,IPC,66D-ITACT,1,1
6873,IPC,379,1,1
6874,IPC,354,1,1
6875,IPC,354,1,1
6876,IPC,379,1,1
6877,IPC,354,1,1
6878,IPC,436,1,1
6879,IPC,420,1,1
6880,IPC,392,1,1
6881,IPC,379,1,1
6882,IPC,379A,1,1
6883,IPC,395,1,1
6884,IPC,326,1,1
6885,IPC,406,1,1
6886,IPC,66D-ITACT,1,1
6887,IPC,307,1,1
6888,IPC,379,1,1
6889,IPC,323,1,1
6890,IPC,420,1,1
6891,IPC,323,1,1
6892,IPC,323,1,1
6893,IPC,380,1,1
6894,IPC,498A,1,1
6895,IPC,66D-ITACT,1,1
6896,NDPS,20,1,1
6897,POCSO,4,1,1
6898,BNS,64,1,1
6899,IPC,379A,1,1
6900,IPC,66D-ITACT,1,1
6901,IPC,420,1,1
6902,IPC,304,1,1
6903,IPC,498A,1,1
6904,IPC,323,1,1
6905,IPC,144,1,1
6906,IPC,323,1,1
6907,IPC,498A,1,1
6908,IPC,498A,1,1
6909,IPC,420,1,1
6910,IPC,66D-ITACT,1,1
6911,IPC,420,1,1
6912,IPC,406,1,1
6913,IPC,66D-ITACT,1,1
6914,IPC,66D-ITACT,1,1
6915,IPC,379,1,1
6916,IPC,379,1,1
6917,IPC,66D-ITACT,1,1
6918,IPC,379,1,1
6919,IPC,406,1,1
6920,IPC,66D-ITACT,1,1
6921,NDPS,20,1,1
6922,IPC,66D-ITACT,1,1
6923,IPC,406,1,1
6924,IPC,147,1,1
6925,IPC,144,1,1
6926,IPC,380,1,1
6927,IPC,354,1,1
6928,IPC,66D-ITACT,1,1
6929,IPC,392,1,1
6930,IPC,379A,1,1
6931,IPC,379A,1,1
6932,IPC,379,1,1
6933,IPC,66D-ITACT,1,1
6934,IPC,498A,1,1
6935,IPC,498A,1,1
6936,ARMS,27,1,1
6937,ARMS,25,1,1
6937,ARMS,27,2,2
6938,IPC,354,1,1
6939,IPC,379A,1,1
6940,IPC,323,1,1
6941,POCSO,4,1,1
6942,IPC,66D-ITACT,1,1
6943,IPC,420,1,1
6944,IPC,379,1,1
6945,NDPS,20,1,1
6946,IPC,326,1,1
6947,IPC,498A,1,1
6948,IPC,380,1,1
6949,IPC,323,1,1
6950,IPC,379,1,1
6951,IPC,323,1,1
6952,IPC,392,1,1
6953,IPC,66D-ITACT,1,1
6954,IPC,380,1,1
6955,IPC,354,1,1
6956,IPC,379,1,1
6957,IPC,379,1,1
6958,IPC,379A,1,1
6959,ARMS,25,1,1
6960,ARMS,25,1,1
6961,IPC,379,1,1
6962,IPC,395,1,1
6963,IPC,323,1,1
6964,IPC,379A,1,1
6965,IPC,144,1,1
6966,IPC,323,1,1
6967,IPC,392,1,1
6968,IPC,379,1,1
6969,IPC,323,1,1
6970,IPC,326,1,1
6971,IPC,379,1,1
6972,ARMS,25,1,1
6972,ARMS,27,2,2
6973,IPC,354,1,1
6974,IPC,66D-ITACT,1,1
6975,IPC,66D-ITACT,1,1
6976,IPC,379,1,1
6977,IPC,323,1,1
6978,NDPS,20,1,1
6979,IPC,380,1,1
6980,IPC,363,1,1
6981,IPC,379,1,1
6982,IPC,379A,1,1
6983,IPC,406,1,1
6984,IPC,379,1,1
6985,BNS,64,1,1
6986,IPC,379,1,1
6987,ARMS,27,1,1
6988,IPC,323,1,1
6989,IPC,379,1,1
6990,IPC,66D-ITACT,1,1
6991,IPC,420,1,1
6992,IPC,323,1,1
6993,IPC,66D-ITACT,1,1
6994,IPC,498A,1,1
6995,IPC,380,1,1
6996,IPC,420,1,1
6997,IPC,379A,1,1
6998,IPC,323,1,1
6999,IPC,379A,1,1
7000,IPC,380,1,1
7001,IPC,66D-ITACT,1,1
7002,IPC,379,1,1
7003,POCSO,4,1,1
7004,IPC,379A,1,1
7005,IPC,380,1,1
7006,IPC,376,1,1
7007,NDPS,20,1,1
7008,IPC,326,1,1
7009,IPC,66D-ITACT,1,1
7010,IPC,379,1,1
7011,IPC,304B,1,1
7012,IPC,379,1,1
7013,IPC,420,1,1
7014,IPC,323,1,1
7015,IPC,323,1,1
7016,IPC,498A,1,1
7017,IPC,66D-ITACT,1,1
7018,IPC,379A,1,1
7019,IPC,144,1,1
7020,IPC,420,1,1
7021,BNS,64,1,1
7021,IPC,376,2,2
7022,IPC,392,1,1
7023,IPC,392,1,1
7024,IPC,323,1,1
7025,IPC,392,1,1
7026,IPC,323,1,1
7027,IPC,363,1,1
7028,NDPS,20,1,1
7029,IPC,66D-ITACT,1,1
7030,IPC,326,1,1
7031,IPC,326,1,1
7032,IPC,380,1,1
7033,IPC,406,1,1
7034,IPC,380,1,1
7035,IPC,326,1,1
7036,IPC,379,1,1
7037,IPC,304,1,1
7038,IPC,323,1,1
7039,IPC,379,1,1
7040,IPC,380,1,1
7041,IPC,323,1,1
7042,ARMS,25,1,1
7043,IPC,380,1,1
7044,IPC,379,1,1
7045,IPC,326,1,1
7046,IPC,406,1,1
7047,IPC,379,1,1
7048,BNS,64,1,1
7049,IPC,323,1,1
7050,IPC,147,1,1
7051,IPC,379,1,1
7052,IPC,323,1,1
7053,IPC,323,1,1
7054,ARMS,27,1,1
7055,IPC,380,1,1
7056,IPC,406,1,1
7057,IPC,489A,1,1
7058,IPC,420,1,1
7059,IPC,395,1,1
7060,IPC,144,1,1
7061,IPC,379,1,1
7062,IPC,436,1,1
7063,IPC,420,1,1
7064,IPC,380,1,1
7065,IPC,436,1,1
7066,IPC,302,1,1
7067,IPC,379A,1,1
7068,NDPS,20,1,1
7069,IPC,420,1,1
7070,IPC,420,1,1
7071,IPC,147,1,1
7072,IPC,498A,1,1
7073,BNS,64,1,1
7074,IPC,379A,1,1
7075,IPC,323,1,1
7076,IPC,406,1,1
7077,POCSO,4,1,1
7078,IPC,406,1,1
7079,IPC,304B,1,1
7080,IPC,307,1,1
7081,IPC,380,1,1
7082,IPC,144,1,1
7083,IPC,326,1,1
7084,IPC,326,1,1
7085,IPC,379,1,1
7086,IPC,392,1,1
7087,IPC,379A,1,1
7088,IPC,420,1,1
7089,IPC,392,1,1
7090,IPC,498A,1,1
7091,IPC,376,1,1
7091,BNS,64,2,2
7092,IPC,420,1,1
7093,IPC,379,1,1
7094,IPC,379A,1,1
7095,IPC,66D-ITACT,1,1
7096,IPC,406,1,1
7097,IPC,420,1,1
7098,IPC,147,1,1
7099,NDPS,20,1,1
7100,POCSO,4,1,1
7101,IPC,489A,1,1
7102,IPC,498A,1,1
7103,IPC,379A,1,1
7104,BNS,64,1,1
7105,IPC,420,1,1
7106,IPC,379A,1,1
7107,IPC,302,1,1
7107,BNS,103,2,2
7108,IPC,380,1,1
7109,IPC,498A,1,1
7110,IPC,323,1,1
7111,IPC,380,1,1
7112,IPC,379,1,1
7113,IPC,420,1,1
7114,BNS,103,1,1
7114,IPC,302,2,2
7115,IPC,498A,1,1
7116,IPC,379,1,1
7117,IPC,66D-ITACT,1,1
7118,IPC,326,1,1
7119,IPC,392,1,1
7120,IPC,323,1,1
7121,IPC,66D-ITACT,1,1
7122,IPC,144,1,1
7123,IPC,147,1,1
7124,IPC,326,1,1
7125,IPC,66D-ITACT,1,1
7126,IPC,498A,1,1
7127,IPC,379A,1,1
7128,IPC,326,1,1
7129,IPC,363,1,1
7130,IPC,392,1,1
7131,IPC,420,1,1
7132,IPC,363,1,1
7133,IPC,380,1,1
7134,IPC,147,1,1
7135,IPC,395,1,1
7136,IPC,144,1,1
7137,IPC,380,1,1
7138,IPC,420,1,1
7139,IPC,392,1,1
7140,IPC,66D-ITACT,1,1
7141,IPC,307,1,1
7142,IPC,379,1,1
7143,IPC,379,1,1
7144,IPC,363,1,1
7145,IPC,66D-ITACT,1,1
7146,IPC,379A,1,1
7147,IPC,420,1,1
7148,IPC,144,1,1
7149,IPC,420,1,1
7150,IPC,380,1,1
7151,IPC,323,1,1
7152,IPC,354,1,1
7153,IPC,380,1,1
7154,IPC,66D-ITACT,1,1
7155,IPC,304B,1,1
7156,IPC,379A,1,1
7157,NDPS,20,1,1
7158,IPC,420,1,1
7159,IPC,379,1,1
7160,IPC,379,1,1
7161,IPC,380,1,1
7162,IPC,395,1,1
7163,IPC,307,1,1
7164,IPC,379,1,1
7165,IPC,66D-ITACT,1,1
7166,IPC,406,1,1
7167,IPC,354,1,1
7168,IPC,420,1,1
7169,IPC,379A,1,1
7170,IPC,66D-ITACT,1,1
7171,IPC,66D-ITACT,1,1
7172,IPC,379,1,1
7173,IPC,379,1,1
7174,IPC,420,1,1
7175,IPC,379,1,1
7176,NDPS,20,1,1
7177,IPC,379A,1,1
7178,IPC,147,1,1
7179,IPC,323,1,1
7180,IPC,379,1,1
7181,IPC,323,1,1
7182,NDPS,20,1,1
7183,IPC,66D-ITACT,1,1
7184,IPC,380,1,1
7185,IPC,379A,1,1
7186,IPC,66D-ITACT,1,1
7187,IPC,379,1,1
7188,IPC,498A,1,1
7189,IPC,323,1,1
7190,NDPS,20,1,1
7191,IPC,323,1,1
7192,IPC,323,1,1
7193,IPC,379A,1,1
7194,IPC,436,1,1
7195,IPC,379A,1,1
7196,IPC,379A,1,1
7197,IPC,354,1,1
7198,IPC,379A,1,1
7199,IPC,380,1,1
7200,IPC,406,1,1
7201,IPC,323,1,1
7202,IPC,323,1,1
7203,IPC,66D-ITACT,1,1
7204,IPC,489A,1,1
7205,IPC,379,1,1
7206,IPC,379,1,1
7207,IPC,420,1,1
7208,IPC,406,1,1
7209,IPC,323,1,1
7210,IPC,66D-ITACT,1,1
7211,ARMS,27,1,1
7212,IPC,406,1,1
7213,IPC,323,1,1
7214,IPC,144,1,1
7215,IPC,379A,1,1
7216,IPC,326,1,1
7217,BNS,109,1,1
7218,IPC,66D-ITACT,1,1
7219,IPC,392,1,1
7220,IPC,304,1,1
7221,IPC,436,1,1
7222,IPC,144,1,1
7223,ARMS,25,1,1
7224,IPC,147,1,1
7225,IPC,436,1,1
7226,IPC,147,1,1
7227,IPC,304B,1,1
7228,IPC,420,1,1
7229,IPC,379,1,1
7230,IPC,379,1,1
7231,IPC,363,1,1
7232,IPC,326,1,1
7233,IPC,379,1,1
7234,IPC,406,1,1
7235,IPC,380,1,1
7236,IPC,498A,1,1
7237,IPC,147,1,1
7238,IPC,498A,1,1
7239,IPC,379A,1,1
7240,IPC,323,1,1
7241,IPC,380,1,1
7242,IPC,323,1,1
7243,IPC,392,1,1
7244,IPC,326,1,1
7245,IPC,392,1,1
7246,IPC,379A,1,1
7247,NDPS,20,1,1
7248,ARMS,27,1,1
7249,IPC,379,1,1
7250,IPC,307,1,1
7251,IPC,436,1,1
7252,ARMS,25,1,1
7253,IPC,66D-ITACT,1,1
7254,IPC,323,1,1
7255,IPC,420,1,1
7256,IPC,420,1,1
7257,IPC,323,1,1
7258,IPC,379,1,1
7259,IPC,380,1,1
7260,IPC,326,1,1
7261,IPC,354,1,1
7262,IPC,307,1,1
7263,IPC,323,1,1
7264,IPC,379,1,1
7265,IPC,147,1,1
7266,IPC,304,1,1
7267,IPC,379A,1,1
7268,IPC,379,1,1
7269,IPC,354,1,1
7270,IPC,379A,1,1
7271,IPC,379,1,1
7272,IPC,379,1,1
7273,IPC,326,1,1
7274,IPC,379,1,1
7275,IPC,380,1,1
7276,IPC,380,1,1
7277,IPC,323,1,1
7278,IPC,66D-ITACT,1,1
7279,IPC,379,1,1
7280,IPC,379A,1,1
7281,IPC,379,1,1
7282,IPC,379,1,1
7283,IPC,379,1,1
7284,IPC,379,1,1
7285,IPC,144,1,1
7286,ARMS,25,1,1
7287,IPC,66D-ITACT,1,1
7288,IPC,323,1,1
7289,IPC,66D-ITACT,1,1
7290,IPC,379,1,1
7291,IPC,376,1,1
7292,IPC,323,1,1
7293,IPC,326,1,1
7294,IPC,307,1,1
7295,IPC,354,1,1
7296,IPC,379,1,1
7297,IPC,326,1,1
7298,IPC,489A,1,1
7299,IPC,379,1,1
7300,IPC,354,1,1
7301,IPC,406,1,1
7302,IPC,323,1,1
7303,IPC,66D-ITACT,1,1
7304,IPC,498A,1,1
7305,IPC,392,1,1
7306,IPC,379,1,1
7307,IPC,379,1,1
7308,IPC,326,1,1
7309,IPC,420,1,1
7310,IPC,144,1,1
7311,BNS,103,1,1
7312,IPC,379,1,1
7313,IPC,380,1,1
7314,IPC,380,1,1
7315,IPC,66D-ITACT,1,1
7316,IPC,420,1,1
7317,IPC,379,1,1
7318,IPC,66D-ITACT,1,1
7319,IPC,498A,1,1
7320,IPC,379,1,1
7321,IPC,392,1,1
7322,IPC,323,1,1
7323,IPC,380,1,1
7324,IPC,380,1,1
7325,IPC,354,1,1
7326,IPC,406,1,1
7327,IPC,379,1,1
7328,IPC,323,1,1
7329,IPC,379A,1,1
7330,IPC,498A,1,1
7331,IPC,326,1,1
7332,ARMS,27,1,1
7333,IPC,379,1,1
7334,IPC,144,1,1
7335,IPC,376,1,1
7336,IPC,323,1,1
7337,IPC,66D-ITACT,1,1
7338,IPC,420,1,1
7339,IPC,66D-ITACT,1,1
7340,IPC,66D-ITACT,1,1
7341,IPC,498A,1,1
7342,IPC,406,1,1
7343,IPC,323,1,1
7344,IPC,323,1,1
7345,IPC,392,1,1
7346,IPC,379,1,1
7347,IPC,380,1,1
7348,IPC,326,1,1
7349,IPC,379,1,1
7350,IPC,66D-ITACT,1,1
7351,IPC,323,1,1
7352,IPC,436,1,1
7353,IPC,326,1,1
7354,IPC,323,1,1
7355,IPC,379A,1,1
7356,IPC,307,1,1
7357,BNS,64,1,1
7358,IPC,323,1,1
7359,IPC,147,1,1
7360,ARMS,25,1,1
7360,ARMS,27,2,2
7361,IPC,326,1,1
7362,BNS,103,1,1
7362,IPC,302,2,2
7363,IPC,380,1,1
7364,IPC,420,1,1
7365,IPC,326,1,1
7366,IPC,498A,1,1
7367,IPC,326,1,1
7368,IPC,363,1,1
7369,POCSO,4,1,1
7370,IPC,354,1,1
7371,IPC,66D-ITACT,1,1
7372,BNS,103,1,1
7373,IPC,66D-ITACT,1,1
7374,IPC,420,1,1
7375,IPC,379,1,1
7376,IPC,147,1,1
7377,IPC,380,1,1
7378,IPC,379,1,1
7379,ARMS,27,1,1
7380,IPC,354,1,1
7381,IPC,379,1,1
7382,IPC,379,1,1
7383,IPC,380,1,1
7384,IPC,379A,1,1
7385,IPC,326,1,1
7386,IPC,436,1,1
7387,IPC,380,1,1
7388,ARMS,27,1,1
7389,IPC,379,1,1
7390,POCSO,4,1,1
7391,IPC,354,1,1
7392,IPC,379,1,1
7393,IPC,326,1,1
7394,IPC,420,1,1
7395,IPC,323,1,1
7396,IPC,326,1,1
7397,IPC,66D-ITACT,1,1
7398,IPC,498A,1,1
7399,IPC,380,1,1
7400,IPC,354,1,1
7401,IPC,498A,1,1
7402,IPC,302,1,1
7403,IPC,379,1,1
7404,IPC,392,1,1
7405,IPC,323,1,1
7406,IPC,392,1,1
7407,IPC,392,1,1
7408,IPC,380,1,1
7409,IPC,379,1,1
7410,IPC,420,1,1
7411,IPC,498A,1,1
7412,IPC,379,1,1
7413,IPC,380,1,1
7414,BNS,103,1,1
7415,IPC,380,1,1
7416,BNS,109,1,1
7417,IPC,379,1,1
7418,NDPS,20,1,1
7419,IPC,420,1,1
7420,IPC,323,1,1
7421,ARMS,25,1,1
7422,IPC,380,1,1
7423,NDPS,20,1,1
7424,IPC,380,1,1
7425,ARMS,27,1,1
7426,IPC,323,1,1
7427,IPC,363,1,1
7428,IPC,354,1,1
7429,IPC,304B,1,1
7430,IPC,363,1,1
7431,IPC,498A,1,1
7432,IPC,379A,1,1
7433,IPC,326,1,1
7434,IPC,392,1,1
7435,IPC,66D-ITACT,1,1
7436,IPC,66D-ITACT,1,1
7437,IPC,379,1,1
7438,IPC,354,1,1
7439,IPC,326,1,1
7440,IPC,66D-ITACT,1,1
7441,IPC,406,1,1
7442,IPC,326,1,1
7443,IPC,379A,1,1
7444,IPC,66D-ITACT,1,1
7445,IPC,326,1,1
7446,IPC,420,1,1
7447,IPC,304B,1,1
7448,IPC,379,1,1
7449,IPC,420,1,1
7450,IPC,420,1,1
7451,BNS,64,1,1
7452,IPC,354,1,1
7453,IPC,406,1,1
7454,IPC,489A,1,1
7455,IPC,323,1,1
7456,IPC,379A,1,1
7457,IPC,147,1,1
7458,BNS,109,1,1
7459,IPC,420,1,1
7460,IPC,354,1,1
7461,IPC,380,1,1
7462,IPC,147,1,1
7463,IPC,498A,1,1
7464,IPC,380,1,1
7465,IPC,379A,1,1
7466,NDPS,20,1,1
7467,IPC,379,1,1
7468,IPC,420,1,1
7469,IPC,379,1,1
7470,IPC,144,1,1
7471,IPC,406,1,1
7472,IPC,498A,1,1
7473,IPC,323,1,1
7474,IPC,392,1,1
7475,IPC,144,1,1
7476,IPC,420,1,1
7477,IPC,420,1,1
7478,IPC,326,1,1
7479,IPC,323,1,1
7480,IPC,66D-ITACT,1,1
7481,IPC,379A,1,1
7482,IPC,363,1,1
7483,IPC,323,1,1
7484,IPC,66D-ITACT,1,1
7485,IPC,323,1,1
7486,IPC,144,1,1
7487,IPC,380,1,1
7488,IPC,406,1,1
7489,IPC,66D-ITACT,1,1
7490,IPC,379,1,1
7491,IPC,144,1,1
7492,IPC,323,1,1
7493,IPC,66D-ITACT,1,1
7494,IPC,406,1,1
7495,IPC,379A,1,1
7496,IPC,323,1,1
7497,IPC,354,1,1
7498,IPC,498A,1,1
7499,IPC,380,1,1
7500,IPC,498A,1,1
7501,IPC,380,1,1
7502,ARMS,25,1,1
7503,IPC,354,1,1
7504,IPC,498A,1,1
7505,IPC,392,1,1
7506,POCSO,4,1,1
7507,IPC,66D-ITACT,1,1
7508,IPC,379A,1,1
7509,IPC,380,1,1
7510,IPC,379A,1,1
7511,IPC,354,1,1
7512,IPC,66D-ITACT,1,1
7513,IPC,379,1,1
7514,POCSO,4,1,1
7515,IPC,392,1,1
7516,IPC,147,1,1
7517,IPC,379A,1,1
7518,IPC,379A,1,1
7519,ARMS,25,1,1
7520,IPC,323,1,1
7521,IPC,326,1,1
7522,IPC,379,1,1
7523,IPC,379A,1,1
7524,IPC,420,1,1
7525,IPC,66D-ITACT,1,1
7526,IPC,147,1,1
7527,IPC,406,1,1
7528,IPC,380,1,1
7529,IPC,489A,1,1
7530,IPC,380,1,1
7531,IPC,436,1,1
7532,BNS,64,1,1
7532,IPC,376,2,2
7533,IPC,420,1,1
7534,IPC,379A,1,1
7535,POCSO,4,1,1
7536,IPC,379A,1,1
7537,IPC,379A,1,1
7538,IPC,323,1,1
7539,IPC,406,1,1
7540,IPC,379A,1,1
7541,IPC,144,1,1
7542,IPC,66D-ITACT,1,1
7543,IPC,66D-ITACT,1,1
7544,NDPS,20,1,1
7545,IPC,323,1,1
7546,IPC,379,1,1
7547,IPC,380,1,1
7548,NDPS,20,1,1
7549,IPC,380,1,1
7550,IPC,323,1,1
7551,IPC,326,1,1
7552,IPC,379,1,1
7553,IPC,323,1,1
7554,IPC,379,1,1
7555,IPC,363,1,1
7556,IPC,304,1,1
7557,IPC,66D-ITACT,1,1
7558,IPC,147,1,1
7559,IPC,323,1,1
7560,IPC,380,1,1
7561,IPC,436,1,1
7562,IPC,395,1,1
7563,IPC,379,1,1
7564,IPC,323,1,1
7565,IPC,66D-ITACT,1,1
7566,IPC,66D-ITACT,1,1
7567,IPC,498A,1,1
7568,IPC,379,1,1
7569,IPC,380,1,1
7570,IPC,379A,1,1
7571,IPC,392,1,1
7572,IPC,323,1,1
7573,IPC,307,1,1
7574,IPC,379,1,1
7575,IPC,354,1,1
7576,IPC,392,1,1
7577,IPC,326,1,1
7578,IPC,498A,1,1
7579,NDPS,20,1,1
7580,IPC,323,1,1
7581,NDPS,20,1,1
7582,IPC,379,1,1
7583,IPC,379A,1,1
7584,IPC,379,1,1
7585,IPC,406,1,1
7586,IPC,307,1,1
7586,BNS,109,2,2
7587,IPC,323,1,1
7588,IPC,379,1,1
7589,IPC,363,1,1
7590,IPC,379,1,1
7591,IPC,380,1,1
7592,IPC,420,1,1
7593,IPC,379,1,1
7594,IPC,354,1,1
7595,IPC,326,1,1
7596,IPC,498A,1,1
7597,IPC,380,1,1
7598,IPC,66D-ITACT,1,1
7599,IPC,323,1,1
7600,IPC,379,1,1
7601,IPC,380,1,1
7602,IPC,406,1,1
7603,IPC,326,1,1
7604,IPC,392,1,1
7605,IPC,379,1,1
7606,IPC,66D-ITACT,1,1
7607,IPC,380,1,1
7608,IPC,323,1,1
7609,IPC,326,1,1
7610,IPC,420,1,1
7611,IPC,379,1,1
7612,IPC,392,1,1
7613,IPC,420,1,1
7614,IPC,379,1,1
7615,IPC,379,1,1
7616,IPC,66D-ITACT,1,1
7617,IPC,420,1,1
7618,IPC,379,1,1
7619,IPC,66D-ITACT,1,1
7620,IPC,66D-ITACT,1,1
7621,IPC,323,1,1
7622,IPC,323,1,1
7623,IPC,147,1,1
7624,IPC,323,1,1
7625,IPC,420,1,1
7626,IPC,420,1,1
7627,IPC,406,1,1
7628,IPC,379A,1,1
7629,IPC,420,1,1
7630,IPC,380,1,1
7631,IPC,406,1,1
7632,IPC,498A,1,1
7633,IPC,420,1,1
7634,ARMS,27,1,1
7634,ARMS,25,2,2
7635,IPC,379,1,1
7636,IPC,354,1,1
7637,IPC,66D-ITACT,1,1
7638,IPC,326,1,1
7639,IPC,420,1,1
7640,IPC,323,1,1
7641,IPC,354,1,1
7642,IPC,379A,1,1
7643,IPC,498A,1,1
7644,IPC,498A,1,1
7645,IPC,147,1,1
7646,IPC,392,1,1
7647,IPC,323,1,1
7648,IPC,498A,1,1
7649,IPC,66D-ITACT,1,1
7650,IPC,363,1,1
7651,IPC,379,1,1
7652,IPC,379,1,1
7653,BNS,64,1,1
7654,IPC,323,1,1
7655,IPC,395,1,1
7656,IPC,304B,1,1
7657,IPC,379A,1,1
7658,IPC,363,1,1
7659,IPC,323,1,1
7660,IPC,66D-ITACT,1,1
7661,IPC,379A,1,1
7662,IPC,323,1,1
7663,IPC,323,1,1
7664,IPC,379,1,1
7665,NDPS,20,1,1
7666,IPC,304B,1,1
7667,IPC,323,1,1
7668,IPC,379,1,1
7669,IPC,66D-ITACT,1,1
7670,IPC,379A,1,1
7671,POCSO,4,1,1
7672,IPC,392,1,1
7673,IPC,498A,1,1
7674,IPC,420,1,1
7675,IPC,379,1,1
7676,IPC,144,1,1
7677,IPC,379,1,1
7678,IPC,420,1,1
7679,IPC,406,1,1
7680,IPC,420,1,1
7681,IPC,66D-ITACT,1,1
7682,IPC,406,1,1
7683,IPC,379A,1,1
7684,IPC,498A,1,1
7685,IPC,379A,1,1
7686,IPC,420,1,1
7687,IPC,380,1,1
7688,ARMS,27,1,1
7689,IPC,379,1,1
7690,IPC,380,1,1
7691,IPC,380,1,1
7692,IPC,66D-ITACT,1,1
7693,IPC,379A,1,1
7694,IPC,323,1,1
7695,IPC,304B,1,1
7696,IPC,304B,1,1
7697,IPC,144,1,1
7698,IPC,323,1,1
7699,BNS,64,1,1
7700,IPC,379,1,1
7701,IPC,66D-ITACT,1,1
7702,IPC,379,1,1
7703,BNS,109,1,1
7704,IPC,66D-ITACT,1,1
7705,IPC,392,1,1
7706,IPC,66D-ITACT,1,1
7707,IPC,420,1,1
7708,BNS,103,1,1
7709,IPC,326,1,1
7710,IPC,420,1,1
7711,IPC,66D-ITACT,1,1
7712,IPC,326,1,1
7713,IPC,379,1,1
7714,IPC,354,1,1
7715,NDPS,20,1,1
7716,IPC,379,1,1
7717,IPC,379,1,1
7718,BNS,109,1,1
7719,IPC,379A,1,1
7720,IPC,379,1,1
7721,IPC,379,1,1
7722,IPC,66D-ITACT,1,1
7723,IPC,326,1,1
7724,IPC,379,1,1
7725,IPC,379,1,1
7726,IPC,498A,1,1
7727,POCSO,4,1,1
7728,IPC,323,1,1
7729,IPC,379,1,1
7730,IPC,420,1,1
7731,IPC,498A,1,1
7732,IPC,354,1,1
7733,IPC,323,1,1
7734,IPC,326,1,1
7735,IPC,323,1,1
7736,IPC,323,1,1
7737,IPC,498A,1,1
7738,BNS,109,1,1
7739,IPC,323,1,1
7740,IPC,379,1,1
7741,IPC,144,1,1
7742,IPC,392,1,1
7743,IPC,380,1,1
7744,BNS,64,1,1
7745,ARMS,27,1,1
7746,IPC,498A,1,1
7747,IPC,498A,1,1
7748,IPC,406,1,1
7749,NDPS,20,1,1
7750,BNS,103,1,1
7751,IPC,66D-ITACT,1,1
7752,IPC,436,1,1
7753,IPC,392,1,1
7754,IPC,379,1,1
7755,IPC,354,1,1
7756,IPC,420,1,1
7757,IPC,379A,1,1
7758,IPC,379A,1,1
7759,IPC,354,1,1
7760,IPC,304B,1,1
7761,IPC,392,1,1
7762,IPC,323,1,1
7763,IPC,392,1,1
7764,IPC,380,1,1
7765,IPC,392,1,1
7766,IPC,144,1,1
7767,IPC,66D-ITACT,1,1
7768,IPC,379,1,1
7769,IPC,326,1,1
7770,IPC,379,1,1
7771,IPC,406,1,1
7772,IPC,420,1,1
7773,IPC,489A,1,1
7774,IPC,66D-ITACT,1,1
7775,IPC,147,1,1
7776,IPC,379,1,1
7777,IPC,144,1,1
7778,POCSO,4,1,1
7779,IPC,380,1,1
7780,IPC,323,1,1
7781,ARMS,27,1,1
7782,IPC,379,1,1
7783,IPC,326,1,1
7784,IPC,379,1,1
7785,IPC,323,1,1
7786,IPC,354,1,1
7787,POCSO,4,1,1
7788,IPC,323,1,1
7789,IPC,379A,1,1
7790,IPC,354,1,1
7791,IPC,420,1,1
7792,IPC,326,1,1
7793,IPC,379,1,1
7794,IPC,379,1,1
7795,IPC,420,1,1
7796,IPC,406,1,1
7797,IPC,379,1,1
7798,BNS,103,1,1
7798,IPC,302,2,2
7799,IPC,420,1,1
7800,NDPS,20,1,1
7801,IPC,498A,1,1
7802,IPC,379,1,1
7803,IPC,379,1,1
7804,IPC,66D-ITACT,1,1
7805,IPC,304,1,1
7806,IPC,420,1,1
7807,IPC,379A,1,1
7808,IPC,498A,1,1
7809,IPC,420,1,1
7810,NDPS,20,1,1
7811,IPC,379,1,1
7812,IPC,420,1,1
7813,IPC,420,1,1
7814,POCSO,4,1,1
7815,IPC,323,1,1
7816,IPC,392,1,1
7817,IPC,326,1,1
7818,IPC,379,1,1
7819,POCSO,4,1,1
7820,IPC,380,1,1
7821,IPC,380,1,1
7822,IPC,323,1,1
7823,IPC,66D-ITACT,1,1
7824,IPC,379,1,1
7825,IPC,406,1,1
7826,IPC,363,1,1
7827,IPC,380,1,1
7828,IPC,380,1,1
7829,IPC,323,1,1
7830,IPC,395,1,1
7831,IPC,379,1,1
7832,IPC,380,1,1
7833,IPC,354,1,1
7834,IPC,379A,1,1
7835,IPC,395,1,1
7836,IPC,420,1,1
7837,IPC,379,1,1
7838,IPC,498A,1,1
7839,IPC,436,1,1
7840,IPC,498A,1,1
7841,IPC,302,1,1
7842,POCSO,4,1,1
7843,IPC,66D-ITACT,1,1
7844,IPC,323,1,1
7845,IPC,307,1,1
7846,IPC,379,1,1
7847,IPC,379,1,1
7848,IPC,379,1,1
7849,IPC,144,1,1
7850,IPC,323,1,1
7851,IPC,380,1,1
7852,IPC,323,1,1
7853,IPC,395,1,1
7854,IPC,66D-ITACT,1,1
7855,IPC,326,1,1
7856,IPC,304,1,1
7857,IPC,380,1,1
7858,NDPS,20,1,1
7859,IPC,354,1,1
7860,IPC,354,1,1
7861,IPC,379,1,1
7862,BNS,109,1,1
7863,IPC,147,1,1
7864,IPC,420,1,1
7865,IPC,379,1,1
7866,BNS,109,1,1
7867,IPC,326,1,1
7868,IPC,379,1,1
7869,IPC,379,1,1
7870,IPC,326,1,1
7871,IPC,379,1,1
7872,IPC,376,1,1
7872,BNS,64,2,2
7873,IPC,354,1,1
7874,IPC,323,1,1
7875,IPC,379A,1,1
7876,IPC,379,1,1
7877,IPC,498A,1,1
7878,IPC,326,1,1
7879,BNS,64,1,1
7879,IPC,376,2,2
7880,IPC,379,1,1
7881,IPC,354,1,1
7882,IPC,304B,1,1
7883,IPC,326,1,1
7884,IPC,392,1,1
7885,IPC,380,1,1
7886,IPC,379A,1,1
7887,IPC,379A,1,1
7888,IPC,380,1,1
7889,IPC,406,1,1
7890,NDPS,20,1,1
7891,IPC,379,1,1
7892,IPC,379,1,1
7893,IPC,436,1,1
7894,IPC,498A,1,1
7895,IPC,420,1,1
7896,IPC,323,1,1
7897,IPC,379A,1,1
7898,IPC,498A,1,1
7899,NDPS,20,1,1
7900,IPC,406,1,1
7901,IPC,66D-ITACT,1,1
7902,IPC,379A,1,1
7903,IPC,380,1,1
7904,IPC,147,1,1
7905,IPC,144,1,1
7906,IPC,380,1,1
7907,IPC,302,1,1
7907,BNS,103,2,2
7908,IPC,326,1,1
7909,IPC,66D-ITACT,1,1
7910,IPC,66D-ITACT,1,1
7911,IPC,379A,1,1
7912,IPC,323,1,1
7913,IPC,144,1,1
7914,IPC,323,1,1
7915,IPC,379A,1,1
7916,IPC,380,1,1
7917,IPC,66D-ITACT,1,1
7918,IPC,323,1,1
7919,IPC,323,1,1
7920,IPC,66D-ITACT,1,1
7921,IPC,323,1,1
7922,IPC,380,1,1
7923,IPC,379,1,1
7924,IPC,379,1,1
7925,IPC,380,1,1
7926,IPC,323,1,1
7927,IPC,379,1,1
7928,IPC,66D-ITACT,1,1
7929,IPC,392,1,1
7930,IPC,326,1,1
7931,IPC,304,1,1
7932,IPC,392,1,1
7933,IPC,304B,1,1
7934,IPC,326,1,1
7935,IPC,420,1,1
7936,IPC,379,1,1
7937,IPC,379A,1,1
7938,IPC,498A,1,1
7939,IPC,498A,1,1
7940,IPC,379,1,1
7941,IPC,379,1,1
7942,IPC,66D-ITACT,1,1
7943,IPC,406,1,1
7944,IPC,406,1,1
7945,IPC,420,1,1
7946,IPC,376,1,1
7947,IPC,354,1,1
7948,IPC,380,1,1
7949,IPC,380,1,1
7950,POCSO,4,1,1
7951,IPC,379,1,1
7952,IPC,420,1,1
7953,IPC,323,1,1
7954,IPC,379A,1,1
7955,IPC,420,1,1
7956,IPC,379,1,1
7957,IPC,363,1,1
7958,IPC,323,1,1
7959,POCSO,4,1,1
7960,IPC,66D-ITACT,1,1
7961,IPC,304,1,1
7962,IPC,147,1,1
7963,IPC,498A,1,1
7964,NDPS,20,1,1
7965,IPC,354,1,1
7966,IPC,380,1,1
7967,IPC,380,1,1
7968,IPC,436,1,1
7969,IPC,323,1,1
7970,IPC,363,1,1
7971,IPC,66D-ITACT,1,1
7972,IPC,354,1,1
7973,IPC,380,1,1
7974,BNS,103,1,1
7975,IPC,406,1,1
7976,IPC,420,1,1
7977,IPC,379,1,1
7978,IPC,380,1,1
7979,IPC,379,1,1
7980,IPC,420,1,1
7981,IPC,354,1,1
7982,IPC,363,1,1
7983,IPC,420,1,1
7984,IPC,406,1,1
7985,IPC,392,1,1
7986,IPC,420,1,1
7987,BNS,109,1,1
7988,IPC,379,1,1
7989,IPC,420,1,1
7990,NDPS,20,1,1
7991,IPC,304B,1,1
7992,IPC,66D-ITACT,1,1
7993,IPC,326,1,1
7994,IPC,376,1,1
7995,IPC,380,1,1
7996,IPC,379A,1,1
7997,IPC,392,1,1
7998,IPC,323,1,1
7999,IPC,354,1,1
8000,IPC,380,1,1
8001,IPC,392,1,1
8002,IPC,498A,1,1
8003,IPC,392,1,1
8004,IPC,379,1,1
8005,IPC,379A,1,1
8006,IPC,323,1,1
8007,IPC,420,1,1
8008,IPC,498A,1,1
8009,ARMS,25,1,1
8010,IPC,380,1,1
8011,IPC,379,1,1
8012,IPC,326,1,1
8013,POCSO,4,1,1
8014,IPC,379,1,1
8015,IPC,379A,1,1
8016,IPC,498A,1,1
8017,IPC,436,1,1
8018,POCSO,4,1,1
8019,IPC,420,1,1
8020,IPC,323,1,1
8021,IPC,323,1,1
8022,IPC,379,1,1
8023,IPC,379A,1,1
8024,IPC,379,1,1
8025,NDPS,20,1,1
8026,IPC,379,1,1
8027,IPC,420,1,1
8028,IPC,326,1,1
8029,IPC,354,1,1
8030,IPC,420,1,1
8031,IPC,144,1,1
8032,IPC,379,1,1
8033,ARMS,27,1,1
8033,ARMS,25,2,2
8034,IPC,354,1,1
8035,IPC,66D-ITACT,1,1
8036,BNS,64,1,1
8037,IPC,436,1,1
8038,IPC,326,1,1
8039,IPC,379,1,1
8040,IPC,307,1,1
8041,IPC,307,1,1
8042,IPC,420,1,1
8043,IPC,380,1,1
8044,IPC,326,1,1
8045,IPC,380,1,1
8046,IPC,379,1,1
8047,IPC,66D-ITACT,1,1
8048,IPC,379,1,1
8049,IPC,323,1,1
8050,IPC,392,1,1
8051,IPC,379,1,1
8052,IPC,380,1,1
8053,IPC,379A,1,1
8054,IPC,379,1,1
8055,IPC,323,1,1
8056,IPC,323,1,1
8057,IPC,498A,1,1
8058,IPC,420,1,1
8059,IPC,379A,1,1
8060,IPC,323,1,1
8061,IPC,66D-ITACT,1,1
8062,IPC,489A,1,1
8063,IPC,406,1,1
8064,IPC,392,1,1
8065,IPC,147,1,1
8066,IPC,420,1,1
8067,BNS,64,1,1
8068,IPC,379A,1,1
8069,IPC,379A,1,1
8070,BNS,64,1,1
8070,IPC,376,2,2
8071,IPC,376,1,1
8071,BNS,64,2,2
8072,IPC,392,1,1
8073,IPC,379,1,1
8074,IPC,66D-ITACT,1,1
8075,IPC,379,1,1
8076,IPC,147,1,1
8077,POCSO,4,1,1
8078,IPC,379A,1,1
8079,IPC,326,1,1
8080,IPC,379,1,1
8081,IPC,323,1,1
8082,IPC,406,1,1
8083,IPC,379,1,1
8084,IPC,354,1,1
8085,IPC,326,1,1
8086,IPC,66D-ITACT,1,1
8087,NDPS,20,1,1
8088,POCSO,4,1,1
8089,NDPS,20,1,1
8090,IPC,66D-ITACT,1,1
8091,IPC,395,1,1
8092,IPC,66D-ITACT,1,1
8093,IPC,380,1,1
8094,IPC,420,1,1
8095,IPC,379A,1,1
8096,IPC,323,1,1
8097,IPC,420,1,1
8098,IPC,379,1,1
8099,IPC,420,1,1
8100,IPC,380,1,1
8101,ARMS,27,1,1
8102,IPC,498A,1,1
8103,IPC,420,1,1
8104,IPC,392,1,1
8105,IPC,380,1,1
8106,IPC,406,1,1
8107,IPC,144,1,1
8108,IPC,436,1,1
8109,IPC,144,1,1
8110,IPC,379,1,1
8111,IPC,363,1,1
8112,IPC,363,1,1
8113,IPC,66D-ITACT,1,1
8114,IPC,326,1,1
8115,IPC,420,1,1
8116,IPC,379,1,1
8117,IPC,354,1,1
8118,IPC,379,1,1
8119,IPC,380,1,1
8120,IPC,379,1,1
8121,IPC,304B,1,1
8122,IPC,379,1,1
8123,IPC,406,1,1
8124,IPC,379,1,1
8125,IPC,420,1,1
8126,IPC,489A,1,1
8127,IPC,302,1,1
8128,POCSO,4,1,1
8129,IPC,379A,1,1
8130,IPC,304B,1,1
8131,IPC,304B,1,1
8132,IPC,380,1,1
8133,IPC,66D-ITACT,1,1
8134,IPC,498A,1,1
8135,IPC,144,1,1
8136,IPC,144,1,1
8137,IPC,379,1,1
8138,IPC,406,1,1
8139,IPC,436,1,1
8140,IPC,379,1,1
8141,IPC,436,1,1
8142,IPC,379A,1,1
8143,IPC,379A,1,1
8144,IPC,66D-ITACT,1,1
8145,IPC,392,1,1
8146,IPC,144,1,1
8147,IPC,379A,1,1
8148,IPC,307,1,1
8149,IPC,436,1,1
8150,IPC,406,1,1
8151,IPC,323,1,1
8152,IPC,380,1,1
8153,IPC,302,1,1
8154,IPC,392,1,1
8155,IPC,420,1,1
8156,IPC,379,1,1
8157,IPC,395,1,1
8158,IPC,379,1,1
8159,IPC,379,1,1
8160,IPC,354,1,1
8161,IPC,379,1,1
8162,IPC,66D-ITACT,1,1
8163,IPC,379,1,1
8164,IPC,420,1,1
8165,IPC,354,1,1
8166,IPC,379A,1,1
8167,IPC,379A,1,1
8168,IPC,323,1,1
8169,IPC,66D-ITACT,1,1
8170,IPC,380,1,1
8171,NDPS,20,1,1
8172,IPC,66D-ITACT,1,1
8173,IPC,498A,1,1
8174,IPC,380,1,1
8175,IPC,420,1,1
8176,IPC,323,1,1
8177,IPC,420,1,1
8178,IPC,147,1,1
8179,NDPS,20,1,1
8180,IPC,436,1,1
8181,BNS,103,1,1
8182,IPC,379,1,1
8183,IPC,307,1,1
8184,IPC,144,1,1
8185,IPC,144,1,1
8186,IPC,498A,1,1
8187,IPC,392,1,1
8188,IPC,304B,1,1
8189,IPC,406,1,1
8190,IPC,323,1,1
8191,IPC,323,1,1
8192,IPC,380,1,1
8193,IPC,363,1,1
8194,IPC,379,1,1
8195,IPC,380,1,1
8196,IPC,379,1,1
8197,IPC,363,1,1
8198,IPC,420,1,1
8199,IPC,354,1,1
8200,IPC,323,1,1
8201,IPC,379,1,1
8202,NDPS,20,1,1
8203,IPC,420,1,1
8204,IPC,498A,1,1
8205,IPC,323,1,1
8206,IPC,498A,1,1
8207,POCSO,4,1,1
8208,IPC,498A,1,1
8209,IPC,326,1,1
8210,IPC,363,1,1
8211,IPC,406,1,1
8212,IPC,379,1,1
8213,IPC,420,1,1
8214,IPC,379A,1,1
8215,IPC,323,1,1
8216,IPC,420,1,1
8217,IPC,379,1,1
8218,IPC,144,1,1
8219,IPC,147,1,1
8220,IPC,379,1,1
8221,IPC,326,1,1
8222,IPC,498A,1,1
8223,IPC,420,1,1
8224,IPC,420,1,1
8225,NDPS,20,1,1
8226,IPC,363,1,1
8227,IPC,392,1,1
8228,IPC,392,1,1
8229,IPC,392,1,1
8230,IPC,66D-ITACT,1,1
8231,IPC,379A,1,1
8232,IPC,379,1,1
8233,IPC,323,1,1
8234,IPC,363,1,1
8235,IPC,323,1,1
8236,IPC,147,1,1
8237,IPC,379A,1,1
8238,IPC,379A,1,1
8239,IPC,363,1,1
8240,IPC,406,1,1
8241,IPC,66D-ITACT,1,1
8242,IPC,420,1,1
8243,IPC,489A,1,1
8244,IPC,379,1,1
8245,IPC,420,1,1
8246,IPC,379,1,1
8247,IPC,379,1,1
8248,IPC,379A,1,1
8249,IPC,379,1,1
8250,IPC,354,1,1
8251,IPC,379,1,1
8252,IPC,406,1,1
8253,IPC,379,1,1
8254,IPC,379A,1,1
8255,IPC,354,1,1
8256,IPC,379A,1,1
8257,IPC,363,1,1
8258,IPC,379,1,1
8259,IPC,379,1,1
8260,IPC,326,1,1
8261,IPC,420,1,1
8262,IPC,420,1,1
8263,IPC,323,1,1
8264,IPC,420,1,1
8265,IPC,323,1,1
8266,POCSO,4,1,1
8267,IPC,326,1,1
8268,IPC,380,1,1
8269,IPC,420,1,1
8270,IPC,420,1,1
8271,IPC,66D-ITACT,1,1
8272,IPC,420,1,1
8273,IPC,66D-ITACT,1,1
8274,IPC,304B,1,1
8275,IPC,326,1,1
8276,IPC,147,1,1
8277,IPC,420,1,1
8278,IPC,498A,1,1
8279,IPC,420,1,1
8280,IPC,379,1,1
8281,IPC,66D-ITACT,1,1
8282,IPC,379A,1,1
8283,IPC,380,1,1
8284,IPC,379,1,1
8285,IPC,379A,1,1
8286,IPC,420,1,1
8287,IPC,66D-ITACT,1,1
8288,IPC,498A,1,1
8289,IPC,304B,1,1
8290,IPC,379,1,1
8291,IPC,323,1,1
8292,IPC,379,1,1
8293,IPC,420,1,1
8294,IPC,498A,1,1
8295,IPC,392,1,1
8296,IPC,420,1,1
8297,IPC,406,1,1
8298,IPC,489A,1,1
8299,IPC,380,1,1
8300,IPC,66D-ITACT,1,1
8301,IPC,304B,1,1
8302,IPC,323,1,1
8303,IPC,379,1,1
8304,IPC,498A,1,1
8305,IPC,498A,1,1
8306,IPC,323,1,1
8307,IPC,380,1,1
8308,IPC,326,1,1
8309,IPC,380,1,1
8310,POCSO,4,1,1
8311,IPC,379,1,1
8312,IPC,406,1,1
8313,IPC,354,1,1
8314,IPC,420,1,1
8315,IPC,420,1,1
8316,IPC,436,1,1
8317,IPC,326,1,1
8318,IPC,395,1,1
8319,IPC,380,1,1
8320,IPC,379A,1,1
8321,IPC,323,1,1
8322,IPC,380,1,1
8323,IPC,323,1,1
8324,IPC,323,1,1
8325,IPC,380,1,1
8326,IPC,323,1,1
8327,IPC,406,1,1
8328,IPC,66D-ITACT,1,1
8329,IPC,304B,1,1
8330,IPC,498A,1,1
8331,IPC,380,1,1
8332,IPC,498A,1,1
8333,IPC,379,1,1
8334,IPC,323,1,1
8335,IPC,380,1,1
8336,IPC,379,1,1
8337,ARMS,27,1,1
8338,IPC,379A,1,1
8339,IPC,379,1,1
8340,IPC,379,1,1
8341,IPC,489A,1,1
8342,IPC,420,1,1
8343,IPC,379A,1,1
8344,IPC,498A,1,1
8345,IPC,379,1,1
8346,IPC,326,1,1
8347,IPC,406,1,1
8348,IPC,379A,1,1
8349,IPC,379,1,1
8350,IPC,392,1,1
8351,IPC,406,1,1
8352,IPC,323,1,1
8353,IPC,392,1,1
8354,IPC,395,1,1
8355,IPC,498A,1,1
8356,IPC,66D-ITACT,1,1
8357,IPC,379,1,1
8358,IPC,144,1,1
8359,IPC,66D-ITACT,1,1
8360,IPC,354,1,1
8361,IPC,363,1,1
8362,IPC,379,1,1
8363,IPC,323,1,1
8364,IPC,380,1,1
8365,IPC,392,1,1
8366,IPC,406,1,1
8367,IPC,323,1,1
8368,ARMS,25,1,1
8369,IPC,354,1,1
8370,IPC,379,1,1
8371,IPC,379,1,1
8372,IPC,363,1,1
8373,IPC,363,1,1
8374,IPC,379,1,1
8375,IPC,323,1,1
8376,IPC,489A,1,1
8377,IPC,380,1,1
8378,IPC,144,1,1
8379,IPC,379,1,1
8380,IPC,323,1,1
8381,IPC,66D-ITACT,1,1
8382,IPC,379,1,1
8383,IPC,380,1,1
8384,IPC,420,1,1
8385,NDPS,20,1,1
8386,IPC,354,1,1
8387,BNS,64,1,1
8388,IPC,363,1,1
8389,IPC,66D-ITACT,1,1
8390,IPC,380,1,1
8391,IPC,304B,1,1
8392,IPC,379,1,1
8393,BNS,109,1,1
8394,IPC,498A,1,1
8395,IPC,379A,1,1
8396,IPC,379,1,1
8397,IPC,323,1,1
8398,IPC,498A,1,1
8399,IPC,420,1,1
8400,IPC,406,1,1
8401,IPC,420,1,1
8402,IPC,144,1,1
8403,IPC,420,1,1
8404,IPC,66D-ITACT,1,1
8405,IPC,395,1,1
8406,IPC,323,1,1
8407,IPC,420,1,1
8408,IPC,323,1,1
8409,IPC,392,1,1
8410,IPC,323,1,1
8411,IPC,379,1,1
8412,IPC,379A,1,1
8413,IPC,354,1,1
8414,IPC,144,1,1
8415,NDPS,20,1,1
8416,IPC,379,1,1
8417,IPC,395,1,1
8418,IPC,489A,1,1
8419,IPC,326,1,1
8420,IPC,498A,1,1
8421,NDPS,20,1,1
8422,IPC,379,1,1
8423,IPC,395,1,1
8424,IPC,323,1,1
8425,NDPS,20,1,1
8426,IPC,436,1,1
8427,IPC,380,1,1
8428,IPC,66D-ITACT,1,1
8429,IPC,376,1,1
8430,IPC,436,1,1
8431,IPC,379,1,1
8432,IPC,380,1,1
8433,IPC,354,1,1
8434,IPC,323,1,1
8435,IPC,323,1,1
8436,IPC,392,1,1
8437,IPC,147,1,1
8438,IPC,498A,1,1
8439,IPC,147,1,1
8440,IPC,420,1,1
8441,IPC,420,1,1
8442,IPC,379A,1,1
8443,IPC,379A,1,1
8444,IPC,307,1,1
8445,IPC,392,1,1
8446,IPC,147,1,1
8447,IPC,66D-ITACT,1,1
8448,IPC,363,1,1
8449,IPC,66D-ITACT,1,1
8450,IPC,420,1,1
8451,IPC,66D-ITACT,1,1
8452,IPC,354,1,1
8453,IPC,304B,1,1
8454,IPC,326,1,1
8455,BNS,64,1,1
8456,IPC,379A,1,1
8457,IPC,392,1,1
8458,IPC,304,1,1
8459,IPC,380,1,1
8460,IPC,380,1,1
8461,IPC,498A,1,1
8462,IPC,304B,1,1
8463,IPC,363,1,1
8464,IPC,392,1,1
8465,POCSO,4,1,1
8466,IPC,420,1,1
8467,IPC,420,1,1
8468,IPC,379,1,1
8469,IPC,380,1,1
8470,IPC,323,1,1
8471,IPC,420,1,1
8472,IPC,304B,1,1
8473,IPC,66D-ITACT,1,1
8474,IPC,420,1,1
8475,IPC,66D-ITACT,1,1
8476,IPC,323,1,1
8477,IPC,66D-ITACT,1,1
8478,IPC,363,1,1
8479,IPC,379,1,1
8480,IPC,304B,1,1
8481,IPC,420,1,1
8482,IPC,380,1,1
8483,IPC,354,1,1
8484,IPC,323,1,1
8485,IPC,307,1,1
8486,IPC,326,1,1
8487,IPC,379,1,1
8488,IPC,66D-ITACT,1,1
8489,IPC,379A,1,1
8490,IPC,304,1,1
8491,IPC,379,1,1
8492,IPC,395,1,1
8493,IPC,380,1,1
8494,BNS,64,1,1
8495,IPC,144,1,1
8496,ARMS,25,1,1
8497,IPC,66D-ITACT,1,1
8498,IPC,379,1,1
8499,IPC,380,1,1
8500,IPC,304,1,1
8501,IPC,406,1,1
8502,IPC,323,1,1
8503,IPC,326,1,1
8504,IPC,147,1,1
8505,IPC,380,1,1
8506,IPC,392,1,1
8507,POCSO,4,1,1
8508,IPC,66D-ITACT,1,1
8509,IPC,304,1,1
8510,IPC,498A,1,1
8511,ARMS,27,1,1
8512,IPC,379A,1,1
8513,IPC,392,1,1
8514,IPC,379,1,1
8515,IPC,304,1,1
8516,BNS,109,1,1
8517,IPC,420,1,1
8518,IPC,379,1,1
8519,IPC,323,1,1
8520,POCSO,4,1,1
8521,IPC,406,1,1
8522,IPC,379A,1,1
8523,IPC,302,1,1
8524,IPC,147,1,1
8525,IPC,379A,1,1
8526,IPC,323,1,1
8527,IPC,379,1,1
8528,IPC,147,1,1
8529,IPC,380,1,1
8530,IPC,354,1,1
8531,IPC,498A,1,1
8532,IPC,144,1,1
8533,IPC,392,1,1
8534,IPC,392,1,1
8535,IPC,420,1,1
8536,IPC,379A,1,1
8537,IPC,379,1,1
8538,IPC,420,1,1
8539,IPC,66D-ITACT,1,1
8540,IPC,66D-ITACT,1,1
8541,IPC,66D-ITACT,1,1
8542,IPC,498A,1,1
8543,IPC,304B,1,1
8544,IPC,326,1,1
8545,IPC,392,1,1
8546,IPC,144,1,1
8547,IPC,326,1,1
8548,IPC,326,1,1
8549,IPC,363,1,1
8550,IPC,379,1,1
8551,IPC,420,1,1
8552,IPC,66D-ITACT,1,1
8553,IPC,66D-ITACT,1,1
8554,IPC,363,1,1
8555,BNS,109,1,1
8556,IPC,144,1,1
8557,IPC,326,1,1
8558,IPC,420,1,1
8559,IPC,379A,1,1
8560,IPC,498A,1,1
8561,IPC,326,1,1
8562,IPC,436,1,1
8563,IPC,420,1,1
8564,IPC,379,1,1
8565,IPC,326,1,1
8566,IPC,363,1,1
8567,IPC,323,1,1
8568,NDPS,20,1,1
8569,IPC,323,1,1
8570,IPC,420,1,1
8571,IPC,354,1,1
8572,IPC,436,1,1
8573,IPC,498A,1,1
8574,IPC,66D-ITACT,1,1
8575,IPC,420,1,1
8576,NDPS,20,1,1
8577,IPC,420,1,1
8578,IPC,323,1,1
8579,IPC,379A,1,1
8580,IPC,379,1,1
8581,IPC,379A,1,1
8582,IPC,392,1,1
8583,IPC,323,1,1
8584,IPC,323,1,1
8585,IPC,420,1,1
8586,IPC,498A,1,1
8587,IPC,379,1,1
8588,IPC,420,1,1
8589,IPC,498A,1,1
8590,NDPS,20,1,1
8591,IPC,354,1,1
8592,IPC,144,1,1
8593,IPC,379A,1,1
8594,IPC,380,1,1
8595,IPC,379A,1,1
8596,POCSO,4,1,1
8597,IPC,379,1,1
8598,IPC,420,1,1
8599,IPC,323,1,1
8600,IPC,147,1,1
8601,IPC,363,1,1
8602,IPC,66D-ITACT,1,1
8603,IPC,379,1,1
8604,IPC,323,1,1
8605,ARMS,27,1,1
8606,IPC,379,1,1
8607,IPC,420,1,1
8608,IPC,380,1,1
8609,IPC,498A,1,1
8610,IPC,66D-ITACT,1,1
8611,IPC,379,1,1
8612,IPC,379,1,1
8613,IPC,379,1,1
8614,IPC,323,1,1
8615,IPC,66D-ITACT,1,1
8616,IPC,379,1,1
8617,NDPS,20,1,1
8618,IPC,420,1,1
8619,IPC,380,1,1
8620,IPC,489A,1,1
8621,IPC,498A,1,1
8622,IPC,392,1,1
8623,IPC,323,1,1
8624,BNS,109,1,1
8625,IPC,392,1,1
8626,IPC,66D-ITACT,1,1
8627,IPC,406,1,1
8628,IPC,379,1,1
8629,IPC,498A,1,1
8630,IPC,379A,1,1
8631,IPC,147,1,1
8632,IPC,307,1,1
8632,BNS,109,2,2
8633,NDPS,20,1,1
8634,IPC,304,1,1
8635,IPC,66D-ITACT,1,1
8636,IPC,436,1,1
8637,IPC,498A,1,1
8638,IPC,147,1,1
8639,IPC,354,1,1
8640,IPC,392,1,1
8641,IPC,392,1,1
8642,IPC,379,1,1
8643,IPC,436,1,1
8644,IPC,379,1,1
8645,IPC,363,1,1
8646,IPC,379,1,1
8647,IPC,498A,1,1
8648,IPC,323,1,1
8649,IPC,379,1,1
8650,IPC,147,1,1
8651,IPC,379A,1,1
8652,IPC,323,1,1
8653,IPC,323,1,1
8654,IPC,66D-ITACT,1,1
8655,IPC,379,1,1
8656,IPC,380,1,1
8657,NDPS,20,1,1
8658,IPC,498A,1,1
8659,IPC,379,1,1
8660,IPC,498A,1,1
8661,IPC,379,1,1
8662,IPC,354,1,1
8663,IPC,380,1,1
8664,IPC,379A,1,1
8665,IPC,379A,1,1
8666,IPC,354,1,1
8667,IPC,420,1,1
8668,IPC,489A,1,1
8669,IPC,147,1,1
8670,IPC,420,1,1
8671,IPC,380,1,1
8672,IPC,380,1,1
8673,IPC,323,1,1
8674,IPC,379,1,1
8675,IPC,392,1,1
8676,IPC,363,1,1
8677,POCSO,4,1,1
8678,ARMS,27,1,1
8679,IPC,66D-ITACT,1,1
8680,IPC,66D-ITACT,1,1
8681,IPC,420,1,1
8682,IPC,380,1,1
8683,IPC,379,1,1
8684,ARMS,25,1,1
8684,ARMS,27,2,2
8685,IPC,420,1,1
8686,NDPS,20,1,1
8687,IPC,380,1,1
8688,IPC,406,1,1
8689,IPC,392,1,1
8690,IPC,302,1,1
8691,IPC,392,1,1
8692,IPC,379,1,1
8693,IPC,323,1,1
8694,IPC,323,1,1
8695,IPC,379,1,1
8696,IPC,380,1,1
8697,IPC,144,1,1
8698,IPC,392,1,1
8699,IPC,380,1,1
8700,IPC,147,1,1
8701,IPC,379,1,1
8702,NDPS,20,1,1
8703,IPC,379,1,1
8704,IPC,392,1,1
8705,IPC,326,1,1
8706,IPC,323,1,1
8707,NDPS,20,1,1
8708,IPC,379,1,1
8709,IPC,326,1,1
8710,IPC,326,1,1
8711,IPC,420,1,1
8712,IPC,379A,1,1
8713,IPC,323,1,1
8714,IPC,323,1,1
8715,IPC,379A,1,1
8716,IPC,323,1,1
8717,IPC,354,1,1
8718,IPC,379,1,1
8719,IPC,379,1,1
8720,IPC,379A,1,1
8721,IPC,420,1,1
8722,IPC,380,1,1
8723,IPC,379A,1,1
8724,IPC,326,1,1
8725,IPC,379A,1,1
8726,IPC,379,1,1
8727,IPC,354,1,1
8728,IPC,379,1,1
8729,IPC,380,1,1
8730,IPC,392,1,1
8731,IPC,147,1,1
8732,IPC,66D-ITACT,1,1
8733,IPC,395,1,1
8734,IPC,363,1,1
8735,IPC,326,1,1
8736,IPC,147,1,1
8737,IPC,354,1,1
8738,IPC,380,1,1
8739,IPC,392,1,1
8740,IPC,406,1,1
8741,IPC,379,1,1
8742,IPC,379,1,1
8743,IPC,379,1,1
8744,IPC,380,1,1
8745,IPC,323,1,1
8746,IPC,406,1,1
8747,IPC,379,1,1
8748,IPC,379,1,1
8749,IPC,144,1,1
8750,IPC,379A,1,1
8751,IPC,392,1,1
8752,IPC,379,1,1
8753,IPC,379,1,1
8754,IPC,498A,1,1
8755,IPC,323,1,1
8756,NDPS,20,1,1
8757,IPC,379,1,1
8758,ARMS,25,1,1
8759,ARMS,27,1,1
8759,ARMS,25,2,2
8760,IPC,420,1,1
8761,IPC,66D-ITACT,1,1
8762,IPC,66D-ITACT,1,1
8763,IPC,380,1,1
8764,NDPS,20,1,1
8765,IPC,380,1,1
8766,IPC,147,1,1
8767,IPC,323,1,1
8768,IPC,323,1,1
8769,BNS,64,1,1
8770,BNS,64,1,1
8771,IPC,147,1,1
8772,IPC,420,1,1
8773,IPC,380,1,1
8774,BNS,103,1,1
8775,IPC,323,1,1
8776,IPC,379,1,1
8777,IPC,420,1,1
8778,IPC,323,1,1
8779,IPC,489A,1,1
8780,IPC,380,1,1
8781,IPC,380,1,1
8782,IPC,323,1,1
8783,IPC,436,1,1
8784,IPC,144,1,1
8785,IPC,420,1,1
8786,IPC,379,1,1
8787,IPC,392,1,1
8788,IPC,420,1,1
8789,IPC,395,1,1
8790,IPC,326,1,1
8791,IPC,307,1,1
8792,IPC,323,1,1
8793,NDPS,20,1,1
8794,IPC,379,1,1
8795,IPC,379,1,1
8796,IPC,498A,1,1
8797,IPC,354,1,1
8798,IPC,420,1,1
8799,IPC,66D-ITACT,1,1
8800,ARMS,27,1,1
8801,BNS,109,1,1
8802,IPC,323,1,1
8803,IPC,498A,1,1
8804,IPC,420,1,1
8805,NDPS,20,1,1
8806,IPC,379,1,1
8807,IPC,380,1,1
8808,NDPS,20,1,1
8809,IPC,323,1,1
8810,IPC,379A,1,1
8811,POCSO,4,1,1
8812,IPC,420,1,1
8813,IPC,420,1,1
8814,IPC,420,1,1
8815,IPC,379,1,1
8816,IPC,147,1,1
8817,IPC,379A,1,1
8818,IPC,498A,1,1
8819,IPC,354,1,1
8820,IPC,304B,1,1
8821,IPC,379,1,1
8822,IPC,379A,1,1
8823,IPC,379A,1,1
8824,IPC,323,1,1
8825,IPC,379,1,1
8826,IPC,307,1,1
8827,IPC,326,1,1
8828,IPC,379A,1,1
8829,IPC,66D-ITACT,1,1
8830,IPC,66D-ITACT,1,1
8831,IPC,144,1,1
8832,IPC,379,1,1
8833,BNS,109,1,1
8834,IPC,392,1,1
8835,IPC,380,1,1
8836,IPC,323,1,1
8837,IPC,380,1,1
8838,IPC,66D-ITACT,1,1
8839,IPC,379,1,1
8840,IPC,380,1,1
8841,IPC,379,1,1
8842,IPC,354,1,1
8843,IPC,392,1,1
8844,IPC,420,1,1
8845,IPC,323,1,1
8846,IPC,436,1,1
8847,IPC,379,1,1
8848,IPC,379,1,1
8849,IPC,66D-ITACT,1,1
8850,IPC,376,1,1
8851,IPC,498A,1,1
8852,IPC,380,1,1
8853,IPC,66D-ITACT,1,1
8854,IPC,304,1,1
8855,IPC,436,1,1
8856,IPC,420,1,1
8857,IPC,498A,1,1
8858,IPC,147,1,1
8859,IPC,406,1,1
8860,IPC,380,1,1
8861,IPC,379,1,1
8862,IPC,379,1,1
8863,IPC,323,1,1
8864,IPC,379,1,1
8865,IPC,498A,1,1
8866,IPC,66D-ITACT,1,1
8867,IPC,302,1,1
8868,IPC,326,1,1
8869,BNS,64,1,1
8870,IPC,420,1,1
8871,IPC,420,1,1
8872,IPC,379,1,1
8873,IPC,323,1,1
8874,IPC,379,1,1
8875,IPC,147,1,1
8876,IPC,379A,1,1
8877,IPC,326,1,1
8878,IPC,392,1,1
8879,IPC,379,1,1
8880,IPC,406,1,1
8881,ARMS,27,1,1
8882,IPC,380,1,1
8883,IPC,379A,1,1
8884,IPC,379,1,1
8885,IPC,323,1,1
8886,IPC,66D-ITACT,1,1
8887,IPC,147,1,1
8888,IPC,420,1,1
8889,IPC,379A,1,1
8890,IPC,380,1,1
8891,IPC,379A,1,1
8892,IPC,420,1,1
8893,IPC,379A,1,1
8894,IPC,323,1,1
8895,IPC,323,1,1
8896,IPC,323,1,1
8897,IPC,380,1,1
8898,IPC,379,1,1
8899,IPC,420,1,1
8900,ARMS,27,1,1
8900,ARMS,25,2,2
8901,IPC,323,1,1
8902,IPC,307,1,1
8903,IPC,304B,1,1
8904,IPC,420,1,1
8905,IPC,379,1,1
8906,IPC,379A,1,1
8907,IPC,379A,1,1
8908,IPC,323,1,1
8909,BNS,103,1,1
8910,IPC,498A,1,1
8911,IPC,379,1,1
8912,IPC,498A,1,1
8913,IPC,379,1,1
8914,IPC,380,1,1
8915,IPC,380,1,1
8916,IPC,380,1,1
8917,IPC,379A,1,1
8918,IPC,380,1,1
8919,IPC,379,1,1
8920,IPC,379,1,1
8921,IPC,380,1,1
8922,IPC,323,1,1
8923,IPC,379,1,1
8924,IPC,406,1,1
8925,IPC,392,1,1
8926,IPC,379,1,1
8927,IPC,379,1,1
8928,IPC,66D-ITACT,1,1
8929,IPC,379,1,1
8930,IPC,392,1,1
8931,NDPS,20,1,1
8932,IPC,420,1,1
8933,IPC,379,1,1
8934,IPC,379A,1,1
8935,IPC,323,1,1
8936,IPC,323,1,1
8937,IPC,498A,1,1
8938,IPC,326,1,1
8939,IPC,144,1,1
8940,IPC,406,1,1
8941,IPC,420,1,1
8942,IPC,323,1,1
8943,IPC,380,1,1
8944,IPC,420,1,1
8945,IPC,304B,1,1
8946,IPC,354,1,1
8947,BNS,64,1,1
8948,IPC,392,1,1
8949,IPC,66D-ITACT,1,1
8950,IPC,379A,1,1
8951,IPC,379,1,1
8952,IPC,489A,1,1
8953,IPC,392,1,1
8954,IPC,302,1,1
8955,IPC,323,1,1
8956,IPC,406,1,1
8957,IPC,326,1,1
8958,IPC,323,1,1
8959,IPC,379A,1,1
8960,IPC,436,1,1
8961,IPC,380,1,1
8962,IPC,354,1,1
8963,IPC,379A,1,1
8964,IPC,66D-ITACT,1,1
8965,IPC,379,1,1
8966,IPC,323,1,1
8967,IPC,326,1,1
8968,NDPS,20,1,1
8969,IPC,379,1,1
8970,IPC,66D-ITACT,1,1
8971,IPC,395,1,1
8972,IPC,379A,1,1
8973,IPC,420,1,1
8974,IPC,326,1,1
8975,ARMS,27,1,1
8976,IPC,363,1,1
8977,IPC,379,1,1
8978,POCSO,4,1,1
8979,IPC,323,1,1
8980,IPC,379,1,1
8981,IPC,376,1,1
8981,BNS,64,2,2
8982,IPC,498A,1,1
8983,IPC,380,1,1
8984,IPC,323,1,1
8985,IPC,420,1,1
8986,BNS,64,1,1
8987,BNS,109,1,1
8988,IPC,326,1,1
8989,IPC,380,1,1
8990,IPC,66D-ITACT,1,1
8991,IPC,379,1,1
8992,ARMS,25,1,1
8993,IPC,326,1,1
8994,IPC,420,1,1
8995,NDPS,20,1,1
8996,IPC,380,1,1
8997,IPC,66D-ITACT,1,1
8998,IPC,307,1,1
8999,IPC,406,1,1
9000,IPC,406,1,1
9001,IPC,498A,1,1
9002,IPC,66D-ITACT,1,1
9003,IPC,380,1,1
9004,IPC,379,1,1
9005,IPC,379A,1,1
9006,IPC,147,1,1
9007,IPC,66D-ITACT,1,1
9008,IPC,379,1,1
9009,IPC,392,1,1
9010,IPC,379,1,1
9011,IPC,66D-ITACT,1,1
9012,IPC,379,1,1
9013,IPC,406,1,1
9014,IPC,498A,1,1
9015,IPC,326,1,1
9016,IPC,326,1,1
9017,IPC,498A,1,1
9018,IPC,498A,1,1
9019,POCSO,4,1,1
9020,IPC,379,1,1
9021,IPC,379A,1,1
9022,IPC,326,1,1
9023,IPC,307,1,1
9023,BNS,109,2,2
9024,IPC,354,1,1
9025,IPC,323,1,1
9026,IPC,498A,1,1
9027,IPC,144,1,1
9028,IPC,406,1,1
9029,IPC,392,1,1
9030,IPC,379,1,1
9031,IPC,436,1,1
9032,IPC,379,1,1
9033,IPC,392,1,1
9034,IPC,380,1,1
9035,ARMS,27,1,1
9035,ARMS,25,2,2
9036,IPC,326,1,1
9037,IPC,326,1,1
9038,IPC,406,1,1
9039,IPC,498A,1,1
9040,IPC,392,1,1
9041,IPC,354,1,1
9042,IPC,420,1,1
9043,BNS,103,1,1
9044,IPC,420,1,1
9045,IPC,363,1,1
9046,IPC,379A,1,1
9047,IPC,379,1,1
9048,IPC,380,1,1
9049,IPC,395,1,1
9050,NDPS,20,1,1
9051,IPC,406,1,1
9052,NDPS,20,1,1
9053,IPC,392,1,1
9054,IPC,66D-ITACT,1,1
9055,IPC,498A,1,1
9056,IPC,326,1,1
9057,IPC,379,1,1
9058,IPC,326,1,1
9059,IPC,66D-ITACT,1,1
9060,ARMS,27,1,1
9061,IPC,420,1,1
9062,IPC,66D-ITACT,1,1
9063,ARMS,25,1,1
9064,IPC,323,1,1
9065,IPC,395,1,1
9066,IPC,420,1,1
9067,IPC,420,1,1
9068,IPC,304B,1,1
9069,IPC,379,1,1
9070,IPC,379,1,1
9071,IPC,392,1,1
9072,IPC,392,1,1
9073,IPC,354,1,1
9074,IPC,420,1,1
9075,IPC,436,1,1
9076,IPC,379,1,1
9077,IPC,379,1,1
9078,IPC,420,1,1
9079,IPC,147,1,1
9080,IPC,498A,1,1
9081,IPC,66D-ITACT,1,1
9082,IPC,144,1,1
9083,IPC,379,1,1
9084,IPC,436,1,1
9085,IPC,436,1,1
9086,IPC,420,1,1
9087,IPC,66D-ITACT,1,1
9088,IPC,66D-ITACT,1,1
9089,IPC,392,1,1
9090,IPC,498A,1,1
9091,NDPS,20,1,1
9092,IPC,326,1,1
9093,IPC,379A,1,1
9094,IPC,380,1,1
9095,IPC,66D-ITACT,1,1
9096,IPC,498A,1,1
9097,IPC,379,1,1
9098,IPC,380,1,1
9099,IPC,420,1,1
9100,IPC,147,1,1
9101,IPC,379,1,1
9102,IPC,323,1,1
9103,IPC,323,1,1
9104,IPC,380,1,1
9105,IPC,379,1,1
9106,IPC,354,1,1
9107,IPC,420,1,1
9108,IPC,144,1,1
9109,IPC,380,1,1
9110,IPC,323,1,1
9111,IPC,498A,1,1
9112,IPC,354,1,1
9113,ARMS,27,1,1
9113,ARMS,25,2,2
9114,IPC,498A,1,1
9115,IPC,489A,1,1
9116,IPC,379,1,1
9117,IPC,323,1,1
9118,IPC,147,1,1
9119,IPC,379A,1,1
9120,IPC,379,1,1
9121,IPC,420,1,1
9122,IPC,380,1,1
9123,IPC,392,1,1
9124,IPC,66D-ITACT,1,1
9125,IPC,379,1,1
9126,IPC,144,1,1
9127,IPC,380,1,1
9128,IPC,144,1,1
9129,IPC,379,1,1
9130,IPC,363,1,1
9131,IPC,420,1,1
9132,IPC,66D-ITACT,1,1
9133,POCSO,4,1,1
9134,IPC,420,1,1
9135,IPC,379,1,1
9136,IPC,379,1,1
9137,IPC,66D-ITACT,1,1
9138,IPC,66D-ITACT,1,1
9139,IPC,379A,1,1
9140,NDPS,20,1,1
9141,IPC,489A,1,1
9142,IPC,304,1,1
9143,IPC,498A,1,1
9144,IPC,323,1,1
9145,IPC,307,1,1
9145,BNS,109,2,2
9146,IPC,304,1,1
9147,IPC,326,1,1
9148,IPC,307,1,1
9149,IPC,380,1,1
9150,IPC,147,1,1
9151,IPC,323,1,1
9152,IPC,354,1,1
9153,IPC,420,1,1
9154,IPC,354,1,1
9155,ARMS,27,1,1
9156,IPC,379A,1,1
9157,IPC,498A,1,1
9158,IPC,379A,1,1
9159,IPC,376,1,1
9160,IPC,379A,1,1
9161,IPC,420,1,1
9162,IPC,66D-ITACT,1,1
9163,IPC,498A,1,1
9164,IPC,420,1,1
9165,IPC,420,1,1
9166,IPC,66D-ITACT,1,1
9167,IPC,406,1,1
9168,IPC,379,1,1
9169,IPC,147,1,1
9170,IPC,380,1,1
9171,IPC,489A,1,1
9172,IPC,379A,1,1
9173,IPC,66D-ITACT,1,1
9174,IPC,144,1,1
9175,IPC,147,1,1
9176,IPC,392,1,1
9177,IPC,420,1,1
9178,IPC,379,1,1
9179,BNS,109,1,1
9179,IPC,307,2,2
9180,IPC,66D-ITACT,1,1
9181,IPC,379,1,1
9182,IPC,379,1,1
9183,IPC,380,1,1
9184,IPC,498A,1,1
9185,IPC,379,1,1
9186,IPC,323,1,1
9187,IPC,420,1,1
9188,IPC,379A,1,1
9189,POCSO,4,1,1
9190,IPC,144,1,1
9191,IPC,379,1,1
9192,IPC,379,1,1
9193,IPC,147,1,1
9194,IPC,363,1,1
9195,IPC,392,1,1
9196,IPC,323,1,1
9197,IPC,380,1,1
9198,IPC,380,1,1
9199,IPC,392,1,1
9200,IPC,379,1,1
9201,IPC,380,1,1
9202,IPC,498A,1,1
9203,IPC,392,1,1
9204,IPC,379A,1,1
9205,IPC,307,1,1
9205,BNS,109,2,2
9206,IPC,420,1,1
9207,BNS,109,1,1
9208,IPC,66D-ITACT,1,1
9209,IPC,420,1,1
9210,IPC,379A,1,1
9211,IPC,498A,1,1
9212,IPC,379,1,1
9213,IPC,323,1,1
9214,IPC,380,1,1
9215,IPC,304,1,1
9216,IPC,436,1,1
9217,IPC,380,1,1
9218,IPC,380,1,1
9219,IPC,379A,1,1
9220,IPC,66D-ITACT,1,1
9221,BNS,109,1,1
9222,IPC,66D-ITACT,1,1
9223,IPC,380,1,1
9224,NDPS,20,1,1
9225,IPC,380,1,1
9226,IPC,379A,1,1
9227,IPC,436,1,1
9228,IPC,379,1,1
9229,IPC,323,1,1
9230,BNS,109,1,1
9230,IPC,307,2,2
9231,IPC,354,1,1
9232,IPC,363,1,1
9233,IPC,326,1,1
9234,IPC,420,1,1
9235,ARMS,27,1,1
9236,IPC,66D-ITACT,1,1
9237,IPC,420,1,1
9238,IPC,379,1,1
9239,IPC,379A,1,1
9240,IPC,379,1,1
9241,IPC,379,1,1
9242,IPC,379,1,1
9243,POCSO,4,1,1
9244,IPC,380,1,1
9245,POCSO,4,1,1
9246,IPC,323,1,1
9247,IPC,392,1,1
9248,IPC,379,1,1
9249,IPC,420,1,1
9250,IPC,379,1,1
9251,IPC,379,1,1
9252,IPC,363,1,1
9253,IPC,354,1,1
9254,IPC,420,1,1
9255,IPC,379,1,1
9256,IPC,498A,1,1
9257,IPC,380,1,1
9258,IPC,147,1,1
9259,IPC,436,1,1
9260,IPC,489A,1,1
9261,IPC,380,1,1
9262,IPC,379,1,1
9263,IPC,354,1,1
9264,IPC,379,1,1
9265,IPC,436,1,1
9266,IPC,354,1,1
9267,IPC,420,1,1
9268,IPC,323,1,1
9269,IPC,380,1,1
9270,IPC,326,1,1
9271,IPC,420,1,1
9272,IPC,323,1,1
9273,IPC,144,1,1
9274,IPC,326,1,1
9275,IPC,379,1,1
9276,IPC,436,1,1
9277,IPC,354,1,1
9278,IPC,144,1,1
9279,IPC,66D-ITACT,1,1
9280,IPC,379,1,1
9281,IPC,323,1,1
9282,IPC,489A,1,1
9283,IPC,66D-ITACT,1,1
9284,IPC,326,1,1
9285,IPC,323,1,1
9286,IPC,66D-ITACT,1,1
9287,IPC,380,1,1
9288,IPC,323,1,1
9289,POCSO,4,1,1
9290,IPC,380,1,1
9291,IPC,392,1,1
9292,IPC,498A,1,1
9293,POCSO,4,1,1
9294,IPC,489A,1,1
9295,IPC,354,1,1
9296,IPC,323,1,1
9297,IPC,354,1,1
9298,IPC,420,1,1
9299,IPC,392,1,1
9300,IPC,379,1,1
9301,IPC,379A,1,1
9302,IPC,144,1,1
9303,IPC,379,1,1
9304,IPC,379,1,1
9305,IPC,436,1,1
9306,IPC,380,1,1
9307,IPC,147,1,1
9308,IPC,379,1,1
9309,IPC,380,1,1
9310,IPC,144,1,1
9311,IPC,380,1,1
9312,IPC,379,1,1
9313,IPC,420,1,1
9314,IPC,66D-ITACT,1,1
9315,BNS,109,1,1
9315,IPC,307,2,2
9316,IPC,66D-ITACT,1,1
9317,IPC,489A,1,1
9318,IPC,323,1,1
9319,IPC,354,1,1
9320,IPC,436,1,1
9321,IPC,66D-ITACT,1,1
9322,IPC,379,1,1
9323,IPC,304,1,1
9324,IPC,379,1,1
9325,IPC,380,1,1
9326,IPC,354,1,1
9327,IPC,380,1,1
9328,IPC,498A,1,1
9329,IPC,379,1,1
9330,IPC,379A,1,1
9331,ARMS,25,1,1
9332,ARMS,27,1,1
9333,IPC,406,1,1
9334,IPC,323,1,1
9335,IPC,354,1,1
9336,IPC,498A,1,1
9337,IPC,379,1,1
9338,POCSO,4,1,1
9339,IPC,147,1,1
9340,IPC,379A,1,1
9341,IPC,66D-ITACT,1,1
9342,IPC,379,1,1
9343,IPC,326,1,1
9344,IPC,406,1,1
9345,IPC,395,1,1
9346,BNS,109,1,1
9347,IPC,420,1,1
9348,IPC,420,1,1
9349,IPC,379,1,1
9350,IPC,379,1,1
9351,IPC,380,1,1
9352,IPC,379,1,1
9353,IPC,406,1,1
9354,IPC,66D-ITACT,1,1
9355,IPC,380,1,1
9356,IPC,392,1,1
9357,IPC,379,1,1
9358,IPC,323,1,1
9359,BNS,109,1,1
9360,IPC,498A,1,1
9361,IPC,379A,1,1
9362,IPC,66D-ITACT,1,1
9363,IPC,379A,1,1
9364,IPC,380,1,1
9365,IPC,379,1,1
9366,IPC,436,1,1
9367,IPC,354,1,1
9368,IPC,379,1,1
9369,IPC,326,1,1
9370,IPC,379,1,1
9371,IPC,302,1,1
9372,NDPS,20,1,1
9373,IPC,326,1,1
9374,IPC,379,1,1
9375,IPC,436,1,1
9376,BNS,109,1,1
9377,IPC,147,1,1
9378,NDPS,20,1,1
9379,IPC,379,1,1
9380,IPC,392,1,1
9381,NDPS,20,1,1
9382,IPC,380,1,1
9383,IPC,379A,1,1
9384,IPC,144,1,1
9385,IPC,420,1,1
9386,IPC,489A,1,1
9387,IPC,326,1,1
9388,IPC,363,1,1
9389,IPC,323,1,1
9390,IPC,323,1,1
9391,IPC,379A,1,1
9392,IPC,420,1,1
9393,IPC,498A,1,1
9394,IPC,379,1,1
9395,IPC,380,1,1
9396,IPC,379,1,1
9397,IPC,323,1,1
9398,IPC,66D-ITACT,1,1
9399,IPC,323,1,1
9400,IPC,420,1,1
9401,IPC,420,1,1
9402,IPC,379,1,1
9403,IPC,147,1,1
9404,IPC,406,1,1
9405,IPC,66D-ITACT,1,1
9406,IPC,66D-ITACT,1,1
9407,BNS,103,1,1
9408,IPC,144,1,1
9409,IPC,323,1,1
9410,IPC,498A,1,1
9411,IPC,436,1,1
9412,IPC,392,1,1
9413,IPC,406,1,1
9414,IPC,326,1,1
9415,IPC,363,1,1
9416,IPC,406,1,1
9417,IPC,420,1,1
9418,IPC,379A,1,1
9419,IPC,66D-ITACT,1,1
9420,IPC,380,1,1
9421,IPC,380,1,1
9422,IPC,323,1,1
9423,ARMS,25,1,1
9424,IPC,323,1,1
9425,IPC,379,1,1
9426,IPC,379,1,1
9427,IPC,144,1,1
9428,IPC,406,1,1
9429,IPC,354,1,1
9430,IPC,363,1,1
9431,IPC,379,1,1
9432,IPC,379A,1,1
9433,IPC,380,1,1
9434,IPC,420,1,1
9435,IPC,498A,1,1
9436,IPC,323,1,1
9437,IPC,380,1,1
9438,IPC,326,1,1
9439,IPC,323,1,1
9440,IPC,406,1,1
9441,IPC,420,1,1
9442,BNS,103,1,1
9443,IPC,498A,1,1
9444,IPC,379,1,1
9445,IPC,379,1,1
9446,IPC,354,1,1
9447,POCSO,4,1,1
9448,IPC,323,1,1
9449,IPC,66D-ITACT,1,1
9450,IPC,379A,1,1
9451,IPC,323,1,1
9452,IPC,326,1,1
9453,IPC,392,1,1
9454,IPC,406,1,1
9455,IPC,406,1,1
9456,IPC,420,1,1
9457,IPC,436,1,1
9458,IPC,66D-ITACT,1,1
9459,IPC,326,1,1
9460,IPC,66D-ITACT,1,1
9461,IPC,420,1,1
9462,IPC,498A,1,1
9463,IPC,147,1,1
9464,IPC,379A,1,1
9465,IPC,326,1,1
9466,IPC,380,1,1
9467,IPC,498A,1,1
9468,IPC,379,1,1
9469,IPC,307,1,1
9470,NDPS,20,1,1
9471,IPC,380,1,1
9472,IPC,379,1,1
9473,IPC,379A,1,1
9474,IPC,379,1,1
9475,BNS,109,1,1
9476,IPC,144,1,1
9477,IPC,406,1,1
9478,IPC,420,1,1
9479,IPC,66D-ITACT,1,1
9480,IPC,420,1,1
9481,IPC,379,1,1
9482,IPC,380,1,1
9483,IPC,326,1,1
9484,IPC,66D-ITACT,1,1
9485,IPC,379A,1,1
9486,IPC,379,1,1
9487,IPC,323,1,1
9488,IPC,420,1,1
9489,IPC,392,1,1
9490,IPC,379A,1,1
9491,IPC,144,1,1
9492,IPC,380,1,1
9493,POCSO,4,1,1
9494,IPC,420,1,1
9495,POCSO,4,1,1
9496,IPC,379A,1,1
9497,IPC,354,1,1
9498,IPC,380,1,1
9499,IPC,392,1,1
9500,IPC,66D-ITACT,1,1
9501,IPC,147,1,1
9502,IPC,380,1,1
9503,IPC,379A,1,1
9504,IPC,326,1,1
9505,IPC,406,1,1
9506,IPC,420,1,1
9507,IPC,379,1,1
9508,BNS,64,1,1
9509,IPC,323,1,1
9510,IPC,498A,1,1
9511,IPC,304B,1,1
9512,IPC,66D-ITACT,1,1
9513,ARMS,25,1,1
9514,IPC,379,1,1
9515,IPC,380,1,1
9516,IPC,380,1,1
9517,IPC,420,1,1
9518,IPC,326,1,1
9519,IPC,323,1,1
9520,IPC,66D-ITACT,1,1
9521,IPC,323,1,1
9522,IPC,66D-ITACT,1,1
9523,IPC,379,1,1
9524,IPC,489A,1,1
9525,IPC,326,1,1
9526,IPC,326,1,1
9527,ARMS,27,1,1
9527,ARMS,25,2,2
9528,IPC,380,1,1
9529,IPC,363,1,1
9530,IPC,379,1,1
9531,IPC,379A,1,1
9532,IPC,323,1,1
9533,IPC,498A,1,1
9534,POCSO,4,1,1
9535,IPC,420,1,1
9536,IPC,498A,1,1
9537,IPC,379,1,1
9538,IPC,420,1,1
9539,IPC,420,1,1
9540,IPC,379,1,1
9541,IPC,144,1,1
9542,IPC,66D-ITACT,1,1
9543,IPC,66D-ITACT,1,1
9544,IPC,66D-ITACT,1,1
9545,IPC,66D-ITACT,1,1
9546,IPC,323,1,1
9547,IPC,379A,1,1
9548,BNS,103,1,1
9549,IPC,66D-ITACT,1,1
9550,IPC,420,1,1
9551,IPC,379,1,1
9552,IPC,379A,1,1
9553,IPC,147,1,1
9554,IPC,379A,1,1
9555,IPC,379,1,1
9556,IPC,392,1,1
9557,IPC,323,1,1
9558,IPC,379,1,1
9559,IPC,380,1,1
9560,IPC,323,1,1
9561,IPC,406,1,1
9562,IPC,354,1,1
9563,IPC,380,1,1
9564,IPC,392,1,1
9565,BNS,64,1,1
9566,IPC,354,1,1
9567,IPC,379,1,1
9568,IPC,147,1,1
9569,IPC,379,1,1
9570,IPC,66D-ITACT,1,1
9571,IPC,392,1,1
9572,IPC,436,1,1
9573,POCSO,4,1,1
9574,IPC,66D-ITACT,1,1
9575,IPC,323,1,1
9576,IPC,354,1,1
9577,IPC,379,1,1
9578,IPC,304B,1,1
9579,IPC,406,1,1
9580,IPC,323,1,1
9581,IPC,380,1,1
9582,IPC,307,1,1
9583,BNS,109,1,1
9584,BNS,103,1,1
9585,IPC,379,1,1
9586,IPC,420,1,1
9587,IPC,354,1,1
9588,IPC,379A,1,1
9589,IPC,379A,1,1
9590,IPC,144,1,1
9591,IPC,392,1,1
9592,IPC,304,1,1
9593,IPC,406,1,1
9594,IPC,379,1,1
9595,IPC,436,1,1
9596,IPC,323,1,1
9597,BNS,109,1,1
9598,BNS,64,1,1
9599,IPC,66D-ITACT,1,1
9600,IPC,379,1,1
9601,BNS,64,1,1
9602,IPC,392,1,1
9603,IPC,420,1,1
9604,IPC,436,1,1
9605,IPC,147,1,1
9606,IPC,363,1,1
9607,IPC,323,1,1
9608,IPC,354,1,1
9609,IPC,304,1,1
9610,IPC,380,1,1
9611,IPC,144,1,1
9612,IPC,392,1,1
9613,IPC,379,1,1
9614,IPC,326,1,1
9615,IPC,420,1,1
9616,IPC,420,1,1
9617,IPC,323,1,1
9618,IPC,323,1,1
9619,IPC,66D-ITACT,1,1
9620,IPC,392,1,1
9621,IPC,379,1,1
9622,IPC,436,1,1
9623,IPC,326,1,1
9624,IPC,326,1,1
9625,IPC,326,1,1
9626,IPC,392,1,1
9627,IPC,380,1,1
9628,IPC,379,1,1
9629,IPC,392,1,1
9630,IPC,379,1,1
9631,POCSO,4,1,1
9632,IPC,379A,1,1
9633,IPC,144,1,1
9634,IPC,302,1,1
9635,IPC,66D-ITACT,1,1
9636,IPC,323,1,1
9637,ARMS,27,1,1
9637,ARMS,25,2,2
9638,IPC,379A,1,1
9639,POCSO,4,1,1
9640,IPC,304B,1,1
9641,IPC,379,1,1
9642,IPC,392,1,1
9643,IPC,144,1,1
9644,IPC,354,1,1
9645,IPC,379,1,1
9646,NDPS,20,1,1
9647,IPC,326,1,1
9648,ARMS,25,1,1
9649,IPC,379A,1,1
9650,IPC,323,1,1
9651,IPC,307,1,1
9651,BNS,109,2,2
9652,IPC,380,1,1
9653,IPC,379,1,1
9654,IPC,379A,1,1
9655,IPC,379,1,1
9656,IPC,498A,1,1
9657,IPC,379,1,1
9658,IPC,147,1,1
9659,IPC,379,1,1
9660,IPC,323,1,1
9661,IPC,354,1,1
9662,IPC,379,1,1
9663,IPC,147,1,1
9664,IPC,379,1,1
9665,IPC,66D-ITACT,1,1
9666,IPC,326,1,1
9667,IPC,323,1,1
9668,IPC,307,1,1
9669,IPC,420,1,1
9670,IPC,420,1,1
9671,IPC,363,1,1
9672,IPC,326,1,1
9673,IPC,379,1,1
9674,IPC,420,1,1
9675,IPC,66D-ITACT,1,1
9676,IPC,144,1,1
9677,IPC,379A,1,1
9678,IPC,379,1,1
9679,IPC,379,1,1
9680,IPC,326,1,1
9681,IPC,323,1,1
9682,IPC,436,1,1
9683,IPC,354,1,1
9684,IPC,147,1,1
9685,IPC,376,1,1
9686,IPC,498A,1,1
9687,IPC,420,1,1
9688,IPC,354,1,1
9689,IPC,498A,1,1
9690,IPC,379,1,1
9691,IPC,379,1,1
9692,IPC,379A,1,1
9693,IPC,379,1,1
9694,IPC,380,1,1
9695,IPC,379,1,1
9696,IPC,66D-ITACT,1,1
9697,IPC,304,1,1
9698,IPC,379,1,1
9699,POCSO,4,1,1
9700,IPC,420,1,1
9701,IPC,304,1,1
9702,IPC,380,1,1
9703,IPC,323,1,1
9704,IPC,379,1,1
9705,IPC,304B,1,1
9706,IPC,379,1,1
9707,IPC,379,1,1
9708,IPC,379,1,1
9709,IPC,380,1,1
9710,IPC,379,1,1
9711,IPC,379A,1,1
9712,IPC,354,1,1
9713,IPC,436,1,1
9714,ARMS,25,1,1
9714,ARMS,27,2,2
9715,IPC,363,1,1
9716,IPC,307,1,1
9716,BNS,109,2,2
9717,IPC,379A,1,1
9718,IPC,354,1,1
9719,IPC,307,1,1
9720,IPC,379A,1,1
9721,IPC,326,1,1
9722,IPC,326,1,1
9723,POCSO,4,1,1
9724,IPC,406,1,1
9725,IPC,380,1,1
9726,IPC,395,1,1
9727,IPC,326,1,1
9728,IPC,379,1,1
9729,IPC,420,1,1
9730,BNS,109,1,1
9731,IPC,323,1,1
9732,IPC,363,1,1
9733,IPC,380,1,1
9734,IPC,406,1,1
9735,IPC,66D-ITACT,1,1
9736,IPC,379A,1,1
9737,IPC,379,1,1
9738,IPC,392,1,1
9739,IPC,420,1,1
9740,IPC,376,1,1
9741,IPC,420,1,1
9742,IPC,307,1,1
9743,IPC,379A,1,1
9744,IPC,326,1,1
9745,NDPS,20,1,1
9746,IPC,379,1,1
9747,IPC,380,1,1
9748,IPC,66D-ITACT,1,1
9749,IPC,380,1,1
9750,IPC,406,1,1
9751,POCSO,4,1,1
9752,IPC,498A,1,1
9753,IPC,395,1,1
9754,IPC,323,1,1
9755,POCSO,4,1,1
9756,IPC,420,1,1
9757,IPC,379A,1,1
9758,IPC,379,1,1
9759,IPC,380,1,1
9760,IPC,380,1,1
9761,IPC,436,1,1
9762,ARMS,25,1,1
9763,IPC,144,1,1
9764,IPC,354,1,1
9765,IPC,420,1,1
9766,IPC,406,1,1
9767,IPC,420,1,1
9768,IPC,323,1,1
9769,IPC,144,1,1
9770,IPC,147,1,1
9771,IPC,147,1,1
9772,IPC,66D-ITACT,1,1
9773,IPC,379A,1,1
9774,IPC,376,1,1
9774,BNS,64,2,2
9775,BNS,64,1,1
9776,IPC,498A,1,1
9777,IPC,66D-ITACT,1,1
9778,NDPS,20,1,1
9779,IPC,379,1,1
9780,IPC,379,1,1
9781,IPC,498A,1,1
9782,IPC,379,1,1
9783,IPC,66D-ITACT,1,1
9784,ARMS,27,1,1
9785,IPC,323,1,1
9786,IPC,147,1,1
9787,IPC,379A,1,1
9788,IPC,380,1,1
9789,IPC,392,1,1
9790,IPC,379A,1,1
9791,IPC,379A,1,1
9792,IPC,379,1,1
9793,NDPS,20,1,1
9794,IPC,380,1,1
9795,IPC,354,1,1
9796,IPC,66D-ITACT,1,1
9797,IPC,147,1,1
9798,IPC,498A,1,1
9799,IPC,498A,1,1
9800,IPC,379,1,1
9801,IPC,380,1,1
9802,IPC,379,1,1
9803,IPC,395,1,1
9804,IPC,392,1,1
9805,IPC,354,1,1
9806,IPC,323,1,1
9807,IPC,323,1,1
9808,BNS,103,1,1
9808,IPC,302,2,2
9809,IPC,66D-ITACT,1,1
9810,IPC,323,1,1
9811,IPC,420,1,1
9812,IPC,66D-ITACT,1,1
9813,IPC,420,1,1
9814,IPC,380,1,1
9815,IPC,489A,1,1
9816,IPC,379,1,1
9817,ARMS,25,1,1
9818,IPC,380,1,1
9819,IPC,436,1,1
9820,IPC,420,1,1
9821,IPC,420,1,1
9822,IPC,147,1,1
9823,IPC,379A,1,1
9824,IPC,380,1,1
9825,IPC,420,1,1
9826,IPC,436,1,1
9827,IPC,363,1,1
9828,IPC,498A,1,1
9829,IPC,380,1,1
9830,IPC,436,1,1
9831,IPC,354,1,1
9832,IPC,354,1,1
9833,IPC,144,1,1
9834,IPC,354,1,1
9835,IPC,380,1,1
9836,IPC,379,1,1
9837,IPC,354,1,1
9838,IPC,66D-ITACT,1,1
9839,IPC,379A,1,1
9840,IPC,380,1,1
9841,IPC,379,1,1
9842,IPC,379A,1,1
9843,IPC,379A,1,1
9844,IPC,323,1,1
9845,IPC,489A,1,1
9846,IPC,498A,1,1
9847,IPC,392,1,1
9848,IPC,354,1,1
9849,IPC,379,1,1
9850,ARMS,25,1,1
9851,IPC,380,1,1
9852,IPC,406,1,1
9853,IPC,144,1,1
9854,IPC,380,1,1
9855,IPC,354,1,1
9856,IPC,395,1,1
9857,IPC,354,1,1
9858,IPC,498A,1,1
9859,IPC,144,1,1
9860,IPC,147,1,1
9861,IPC,420,1,1
9862,IPC,302,1,1
9862,BNS,103,2,2
9863,IPC,379,1,1
9864,IPC,323,1,1
9865,BNS,109,1,1
9865,IPC,307,2,2
9866,IPC,323,1,1
9867,IPC,380,1,1
9868,IPC,392,1,1
9869,IPC,323,1,1
9870,IPC,379,1,1
9871,IPC,66D-ITACT,1,1
9872,IPC,379,1,1
9873,IPC,66D-ITACT,1,1
9874,IPC,380,1,1
9875,IPC,420,1,1
9876,IPC,323,1,1
9877,IPC,379A,1,1
9878,IPC,323,1,1
9879,IPC,323,1,1
9880,IPC,323,1,1
9881,IPC,380,1,1
9882,IPC,304B,1,1
9883,IPC,363,1,1
9884,IPC,66D-ITACT,1,1
9885,IPC,379,1,1
9886,IPC,307,1,1
9887,IPC,379A,1,1
9888,IPC,66D-ITACT,1,1
9889,IPC,380,1,1
9890,IPC,304B,1,1
9891,IPC,323,1,1
9892,IPC,323,1,1
9893,IPC,420,1,1
9894,IPC,380,1,1
9895,IPC,379,1,1
9896,IPC,380,1,1
9897,NDPS,20,1,1
9898,IPC,354,1,1
9899,IPC,379,1,1
9900,ARMS,25,1,1
9901,IPC,379,1,1
9902,IPC,379,1,1
9903,BNS,103,1,1
9903,IPC,302,2,2
9904,POCSO,4,1,1
9905,IPC,498A,1,1
9906,IPC,66D-ITACT,1,1
9907,IPC,420,1,1
9908,IPC,144,1,1
9909,IPC,323,1,1
9910,IPC,147,1,1
9911,IPC,406,1,1
9912,IPC,326,1,1
9913,IPC,379A,1,1
9914,IPC,323,1,1
9915,IPC,326,1,1
9916,IPC,436,1,1
9917,IPC,323,1,1
9918,IPC,380,1,1
9919,IPC,326,1,1
9920,NDPS,20,1,1
9921,POCSO,4,1,1
9922,IPC,420,1,1
9923,IPC,144,1,1
9924,IPC,326,1,1
9925,IPC,304B,1,1
9926,IPC,406,1,1
9927,IPC,379A,1,1
9928,IPC,379,1,1
9929,IPC,380,1,1
9930,ARMS,25,1,1
9931,IPC,66D-ITACT,1,1
9932,IPC,379A,1,1
9933,IPC,380,1,1
9934,IPC,420,1,1
9935,IPC,66D-ITACT,1,1
9936,IPC,420,1,1
9937,IPC,406,1,1
9938,IPC,304B,1,1
9939,IPC,66D-ITACT,1,1
9940,IPC,144,1,1
9941,IPC,498A,1,1
9942,IPC,420,1,1
9943,IPC,354,1,1
9944,IPC,379,1,1
9945,IPC,380,1,1
9946,IPC,147,1,1
9947,IPC,379A,1,1
9948,ARMS,25,1,1
9949,BNS,109,1,1
9950,IPC,323,1,1
9951,IPC,379,1,1
9952,IPC,66D-ITACT,1,1
9953,IPC,395,1,1
9954,IPC,406,1,1
9955,IPC,323,1,1
9956,IPC,420,1,1
9957,IPC,147,1,1
9958,IPC,379,1,1
9959,IPC,379A,1,1
9960,IPC,392,1,1
9961,IPC,379,1,1
9962,IPC,380,1,1
9963,BNS,109,1,1
9964,IPC,323,1,1
9965,IPC,498A,1,1
9966,IPC,392,1,1
9967,IPC,323,1,1
9968,IPC,379A,1,1
9969,IPC,379,1,1
9970,ARMS,27,1,1
9971,IPC,406,1,1
9972,IPC,379A,1,1
9973,IPC,379,1,1
9974,IPC,379,1,1
9975,IPC,380,1,1
9976,IPC,376,1,1
9976,BNS,64,2,2
9977,BNS,103,1,1
9978,IPC,380,1,1
9979,IPC,436,1,1
9980,IPC,436,1,1
9981,IPC,380,1,1
9982,IPC,379A,1,1
9983,IPC,354,1,1
9984,NDPS,20,1,1
9985,IPC,323,1,1
9986,IPC,379A,1,1
9987,ARMS,27,1,1
9988,IPC,379A,1,1
9989,BNS,64,1,1
9990,IPC,380,1,1
9991,IPC,66D-ITACT,1,1
9992,IPC,406,1,1
9993,IPC,379,1,1
9994,IPC,323,1,1
9995,IPC,379A,1,1
9996,IPC,354,1,1
9997,IPC,420,1,1
9998,IPC,323,1,1
9999,IPC,420,1,1
10000,IPC,380,1,1
10001,IPC,380,1,1
10002,IPC,363,1,1
10003,IPC,323,1,1
10004,IPC,395,1,1
10005,IPC,66D-ITACT,1,1
10006,IPC,406,1,1
10007,IPC,379A,1,1
10008,IPC,406,1,1
10009,IPC,147,1,1
10010,IPC,147,1,1
10011,IPC,380,1,1
10012,IPC,144,1,1
10013,BNS,64,1,1
10014,IPC,379,1,1
10015,NDPS,20,1,1
10016,IPC,392,1,1
10017,IPC,420,1,1
10018,IPC,66D-ITACT,1,1
10019,IPC,489A,1,1
10020,IPC,323,1,1
10021,IPC,66D-ITACT,1,1
10022,IPC,406,1,1
10023,IPC,380,1,1
10024,IPC,406,1,1
10025,IPC,392,1,1
10026,IPC,395,1,1
10027,IPC,406,1,1
10028,IPC,436,1,1
10029,IPC,380,1,1
10030,IPC,144,1,1
10031,IPC,420,1,1
10032,IPC,420,1,1
10033,IPC,326,1,1
10034,IPC,379,1,1
10035,IPC,323,1,1
10036,IPC,420,1,1
10037,IPC,379A,1,1
10038,IPC,66D-ITACT,1,1
10039,BNS,103,1,1
10040,IPC,147,1,1
10041,IPC,392,1,1
10042,IPC,380,1,1
10043,IPC,326,1,1
10044,IPC,379,1,1
10045,IPC,304B,1,1
10046,ARMS,25,1,1
10047,IPC,379,1,1
10048,IPC,379A,1,1
10049,IPC,392,1,1
10050,IPC,326,1,1
10051,IPC,379A,1,1
10052,IPC,498A,1,1
10053,IPC,326,1,1
10054,IPC,379,1,1
10055,IPC,498A,1,1
10056,IPC,420,1,1
10057,IPC,380,1,1
10058,IPC,304,1,1
10059,BNS,109,1,1
10060,IPC,323,1,1
10061,IPC,379,1,1
10062,IPC,354,1,1
10063,IPC,420,1,1
10064,IPC,66D-ITACT,1,1
10065,IPC,323,1,1
10066,IPC,326,1,1
10067,IPC,379A,1,1
10068,IPC,420,1,1
10069,IPC,326,1,1
10070,IPC,354,1,1
10071,IPC,323,1,1
10072,NDPS,20,1,1
10073,IPC,406,1,1
10074,IPC,379,1,1
10075,IPC,436,1,1
10076,IPC,379,1,1
10077,IPC,307,1,1
10077,BNS,109,2,2
10078,IPC,379,1,1
10079,IPC,406,1,1
10080,IPC,323,1,1
10081,IPC,363,1,1
10082,IPC,326,1,1
10083,IPC,380,1,1
10084,BNS,64,1,1
10085,IPC,379,1,1
10086,IPC,66D-ITACT,1,1
10087,POCSO,4,1,1
10088,IPC,379A,1,1
10089,IPC,379A,1,1
10090,IPC,354,1,1
10091,IPC,323,1,1
10092,IPC,323,1,1
10093,IPC,380,1,1
10094,IPC,376,1,1
10094,BNS,64,2,2
10095,IPC,379,1,1
10096,IPC,379,1,1
10097,IPC,436,1,1
10098,IPC,354,1,1
10099,IPC,323,1,1
10100,IPC,379,1,1
10101,IPC,380,1,1
10102,IPC,498A,1,1
10103,IPC,379,1,1
10104,IPC,379,1,1
10105,BNS,64,1,1
10106,IPC,406,1,1
10107,POCSO,4,1,1
10108,IPC,395,1,1
10109,IPC,379A,1,1
10110,IPC,326,1,1
10111,IPC,326,1,1
10112,IPC,323,1,1
10113,IPC,363,1,1
10114,IPC,326,1,1
10115,IPC,66D-ITACT,1,1
10116,IPC,326,1,1
10117,IPC,498A,1,1
10118,IPC,420,1,1
10119,POCSO,4,1,1
10120,IPC,498A,1,1
10121,IPC,420,1,1
10122,IPC,498A,1,1
10123,IPC,379A,1,1
10124,IPC,66D-ITACT,1,1
10125,IPC,406,1,1
10126,IPC,379A,1,1
10127,IPC,379,1,1
10128,IPC,379,1,1
10129,IPC,379,1,1
10130,IPC,147,1,1
10131,IPC,323,1,1
10132,IPC,379A,1,1
10133,IPC,323,1,1
10134,IPC,379,1,1
10135,IPC,380,1,1
10136,IPC,420,1,1
10137,BNS,64,1,1
10137,IPC,376,2,2
10138,IPC,147,1,1
10139,IPC,380,1,1
10140,NDPS,20,1,1
10141,IPC,380,1,1
10142,IPC,498A,1,1
10143,IPC,420,1,1
10144,IPC,363,1,1
10145,IPC,406,1,1
10146,IPC,379,1,1
10147,IPC,379A,1,1
10148,IPC,66D-ITACT,1,1
10149,NDPS,20,1,1
10150,IPC,147,1,1
10151,IPC,379,1,1
10152,IPC,436,1,1
10153,IPC,304B,1,1
10154,IPC,66D-ITACT,1,1
10155,IPC,380,1,1
10156,IPC,323,1,1
10157,IPC,379,1,1
10158,IPC,395,1,1
10159,IPC,420,1,1
10160,IPC,380,1,1
10161,IPC,379,1,1
10162,IPC,66D-ITACT,1,1
10163,IPC,380,1,1
10164,IPC,379A,1,1
10165,IPC,420,1,1
10166,IPC,323,1,1
10167,IPC,379,1,1
10168,IPC,379A,1,1
10169,IPC,379,1,1
10170,IPC,326,1,1
10171,IPC,379,1,1
10172,IPC,144,1,1
10173,IPC,498A,1,1
10174,IPC,406,1,1
10175,POCSO,4,1,1
10176,IPC,363,1,1
10177,IPC,420,1,1
10178,IPC,498A,1,1
10179,IPC,379,1,1
10180,IPC,379A,1,1
10181,IPC,376,1,1
10182,IPC,436,1,1
10183,IPC,326,1,1
10184,IPC,323,1,1
10185,NDPS,20,1,1
10186,IPC,380,1,1
10187,IPC,379A,1,1
10188,IPC,379,1,1
10189,IPC,380,1,1
10190,IPC,66D-ITACT,1,1
10191,POCSO,4,1,1
10192,IPC,420,1,1
10193,IPC,147,1,1
10194,IPC,498A,1,1
10195,IPC,323,1,1
10196,IPC,498A,1,1
10197,NDPS,20,1,1
10198,IPC,66D-ITACT,1,1
10199,IPC,379,1,1
10200,IPC,323,1,1
10201,IPC,354,1,1
10202,IPC,323,1,1
10203,IPC,326,1,1
10204,IPC,144,1,1
10205,IPC,354,1,1
10206,IPC,363,1,1
10207,IPC,326,1,1
10208,IPC,380,1,1
10209,IPC,379,1,1
10210,IPC,326,1,1
10211,IPC,326,1,1
10212,IPC,147,1,1
10213,IPC,363,1,1
10214,IPC,326,1,1
10215,IPC,420,1,1
10216,ARMS,25,1,1
10217,IPC,380,1,1
10218,IPC,498A,1,1
10219,POCSO,4,1,1
10220,IPC,376,1,1
10221,IPC,380,1,1
10222,IPC,380,1,1
10223,IPC,406,1,1
10224,IPC,380,1,1
10225,IPC,420,1,1
10226,IPC,406,1,1
10227,IPC,379A,1,1
10228,BNS,103,1,1
10229,IPC,420,1,1
10230,IPC,420,1,1
10231,IPC,392,1,1
10232,IPC,420,1,1
10233,IPC,354,1,1
10234,IPC,380,1,1
10235,IPC,379,1,1
10236,IPC,326,1,1
10237,IPC,379A,1,1
10238,IPC,379A,1,1
10239,BNS,103,1,1
10240,IPC,436,1,1
10241,IPC,392,1,1
10242,IPC,144,1,1
10243,IPC,66D-ITACT,1,1
10244,IPC,326,1,1
10245,IPC,379,1,1
10246,IPC,392,1,1
10247,IPC,323,1,1
10248,IPC,376,1,1
10249,IPC,420,1,1
10250,IPC,323,1,1
10251,IPC,326,1,1
10252,IPC,379,1,1
10253,POCSO,4,1,1
10254,IPC,420,1,1
10255,IPC,323,1,1
10256,IPC,420,1,1
10257,IPC,379A,1,1
10258,IPC,323,1,1
10259,IPC,66D-ITACT,1,1
10260,IPC,326,1,1
10261,IPC,379,1,1
10262,IPC,420,1,1
10263,ARMS,25,1,1
10263,ARMS,27,2,2
10264,IPC,363,1,1
10265,IPC,354,1,1
10266,IPC,354,1,1
10267,ARMS,27,1,1
10268,IPC,363,1,1
10269,IPC,66D-ITACT,1,1
10270,IPC,392,1,1
10271,IPC,66D-ITACT,1,1
10272,IPC,395,1,1
10273,IPC,147,1,1
10274,IPC,436,1,1
10275,IPC,323,1,1
10276,IPC,380,1,1
10277,IPC,379,1,1
10278,IPC,326,1,1
10279,BNS,103,1,1
10280,IPC,323,1,1
10281,IPC,380,1,1
10282,IPC,380,1,1
10283,IPC,379,1,1
10284,IPC,379,1,1
10285,IPC,436,1,1
10286,IPC,380,1,1
10287,IPC,323,1,1
10288,IPC,379A,1,1
10289,IPC,379,1,1
10290,IPC,66D-ITACT,1,1
10291,IPC,379,1,1
10292,IPC,420,1,1
10293,IPC,498A,1,1
10294,IPC,379,1,1
10295,IPC,406,1,1
10296,IPC,498A,1,1
10297,IPC,420,1,1
10298,IPC,379,1,1
10299,IPC,354,1,1
10300,IPC,323,1,1
10301,IPC,354,1,1
10302,IPC,379,1,1
10303,IPC,406,1,1
10304,IPC,323,1,1
10305,IPC,406,1,1
10306,IPC,379,1,1
10307,IPC,379,1,1
10308,IPC,379,1,1
10309,IPC,379,1,1
10310,IPC,147,1,1
10311,IPC,66D-ITACT,1,1
10312,IPC,323,1,1
10313,IPC,420,1,1
10314,IPC,379A,1,1
10315,IPC,498A,1,1
10316,IPC,489A,1,1
10317,IPC,379A,1,1
10318,IPC,498A,1,1
10319,IPC,323,1,1
10320,POCSO,4,1,1
10321,IPC,323,1,1
10322,IPC,354,1,1
10323,IPC,436,1,1
10324,IPC,406,1,1
10325,IPC,323,1,1
10326,IPC,323,1,1
10327,IPC,326,1,1
10328,IPC,323,1,1
10329,IPC,376,1,1
10330,IPC,323,1,1
10331,IPC,380,1,1
10332,IPC,323,1,1
10333,IPC,498A,1,1
10334,IPC,379,1,1
10335,IPC,326,1,1
10336,IPC,380,1,1
10337,IPC,379A,1,1
10338,IPC,406,1,1
10339,IPC,323,1,1
10340,IPC,380,1,1
10341,IPC,323,1,1
10342,ARMS,25,1,1
10342,ARMS,27,2,2
10343,IPC,379A,1,1
10344,IPC,406,1,1
10345,IPC,147,1,1
10346,IPC,380,1,1
10347,IPC,326,1,1
10348,IPC,379,1,1
10349,IPC,379,1,1
10350,IPC,323,1,1
10351,IPC,392,1,1
10352,IPC,380,1,1
10353,IPC,363,1,1
10354,IPC,144,1,1
10355,IPC,436,1,1
10356,IPC,354,1,1
10357,IPC,379A,1,1
10358,ARMS,27,1,1
10359,ARMS,25,1,1
10359,ARMS,27,2,2
10360,IPC,379,1,1
10361,IPC,379A,1,1
10362,IPC,379,1,1
10363,IPC,379,1,1
10364,IPC,144,1,1
10365,IPC,380,1,1
10366,IPC,379,1,1
10367,IPC,420,1,1
10368,IPC,66D-ITACT,1,1
10369,ARMS,27,1,1
10370,IPC,420,1,1
10371,IPC,147,1,1
10372,IPC,66D-ITACT,1,1
10373,IPC,392,1,1
10374,IPC,498A,1,1
10375,IPC,380,1,1
10376,IPC,326,1,1
10377,IPC,323,1,1
10378,IPC,66D-ITACT,1,1
10379,IPC,420,1,1
10380,IPC,144,1,1
10381,IPC,363,1,1
10382,IPC,392,1,1
10383,IPC,379,1,1
10384,IPC,379,1,1
10385,IPC,420,1,1
10386,POCSO,4,1,1
10387,IPC,489A,1,1
10388,IPC,380,1,1
10389,IPC,379,1,1
10390,IPC,147,1,1
10391,BNS,109,1,1
10392,IPC,379A,1,1
10393,IPC,395,1,1
10394,IPC,147,1,1
10395,IPC,379,1,1
10396,IPC,323,1,1
10397,IPC,498A,1,1
10398,IPC,379A,1,1
10399,IPC,380,1,1
10400,IPC,379,1,1
10401,IPC,420,1,1
10402,IPC,379A,1,1
10403,IPC,380,1,1
10404,IPC,380,1,1
10405,IPC,379,1,1
10406,POCSO,4,1,1
10407,IPC,392,1,1
10408,IPC,498A,1,1
10409,IPC,380,1,1
10410,IPC,354,1,1
10411,NDPS,20,1,1
10412,IPC,354,1,1
10413,NDPS,20,1,1
10414,IPC,354,1,1
10415,IPC,376,1,1
10416,NDPS,20,1,1
10417,IPC,323,1,1
10418,IPC,379,1,1
10419,IPC,489A,1,1
10420,IPC,323,1,1
10421,IPC,380,1,1
10422,IPC,498A,1,1
10423,IPC,354,1,1
10424,IPC,498A,1,1
10425,IPC,66D-ITACT,1,1
10426,IPC,498A,1,1
10427,IPC,395,1,1
10428,IPC,392,1,1
10429,IPC,395,1,1
10430,IPC,304B,1,1
10431,IPC,66D-ITACT,1,1
10432,IPC,379,1,1
10433,IPC,354,1,1
10434,IPC,302,1,1
10435,IPC,379,1,1
10436,IPC,379A,1,1
10437,IPC,380,1,1
10438,IPC,380,1,1
10439,IPC,66D-ITACT,1,1
10440,NDPS,20,1,1
10441,IPC,392,1,1
10442,IPC,420,1,1
10443,IPC,380,1,1
10444,IPC,379,1,1
10445,BNS,64,1,1
10446,NDPS,20,1,1
10447,IPC,363,1,1
10448,IPC,379,1,1
10449,IPC,323,1,1
10450,IPC,379,1,1
10451,IPC,379,1,1
10452,IPC,379A,1,1
10453,IPC,66D-ITACT,1,1
10454,POCSO,4,1,1
10455,IPC,379A,1,1
10456,IPC,66D-ITACT,1,1
10457,IPC,323,1,1
10458,IPC,323,1,1
10459,IPC,380,1,1
10460,IPC,323,1,1
10461,BNS,103,1,1
10462,IPC,379,1,1
10463,IPC,323,1,1
10464,IPC,380,1,1
10465,POCSO,4,1,1
10466,IPC,323,1,1
10467,IPC,66D-ITACT,1,1
10468,IPC,326,1,1
10469,IPC,379,1,1
10470,IPC,380,1,1
10471,NDPS,20,1,1
10472,IPC,420,1,1
10473,IPC,147,1,1
10474,IPC,66D-ITACT,1,1
10475,ARMS,27,1,1
10476,IPC,379,1,1
10477,IPC,326,1,1
10478,IPC,363,1,1
10479,IPC,379,1,1
10480,IPC,379,1,1
10481,IPC,406,1,1
10482,IPC,392,1,1
10483,IPC,436,1,1
10484,IPC,379,1,1
10485,IPC,379,1,1
10486,IPC,380,1,1
10487,IPC,354,1,1
10488,IPC,326,1,1
10489,IPC,392,1,1
10490,IPC,379A,1,1
10491,IPC,66D-ITACT,1,1
10492,IPC,323,1,1
10493,IPC,323,1,1
10494,IPC,302,1,1
10494,BNS,103,2,2
10495,IPC,323,1,1
10496,BNS,64,1,1
10497,IPC,323,1,1
10498,NDPS,20,1,1
10499,BNS,109,1,1
10500,IPC,379,1,1
10501,IPC,147,1,1
10502,IPC,379,1,1
10503,ARMS,27,1,1
10504,IPC,354,1,1
10505,IPC,326,1,1
10506,IPC,395,1,1
10507,IPC,420,1,1
10508,IPC,66D-ITACT,1,1
10509,IPC,379,1,1
10510,IPC,323,1,1
10511,IPC,498A,1,1
10512,IPC,354,1,1
10513,BNS,103,1,1
10514,IPC,436,1,1
10515,IPC,304,1,1
10516,IPC,406,1,1
10517,IPC,498A,1,1
10518,NDPS,20,1,1
10519,IPC,395,1,1
10520,IPC,354,1,1
10521,IPC,380,1,1
10522,IPC,304B,1,1
10523,IPC,420,1,1
10524,IPC,420,1,1
10525,IPC,354,1,1
10526,IPC,326,1,1
10527,IPC,379,1,1
10528,IPC,379,1,1
10529,IPC,379,1,1
10530,IPC,498A,1,1
10531,IPC,420,1,1
10532,IPC,380,1,1
10533,IPC,326,1,1
10534,IPC,379,1,1
10535,IPC,392,1,1
10536,IPC,66D-ITACT,1,1
10537,IPC,354,1,1
10538,IPC,323,1,1
10539,IPC,498A,1,1
10540,BNS,109,1,1
10541,IPC,363,1,1
10542,IPC,392,1,1
10543,IPC,376,1,1
10543,BNS,64,2,2
10544,IPC,380,1,1
10545,IPC,363,1,1
10546,IPC,323,1,1
10547,IPC,147,1,1
10548,IPC,66D-ITACT,1,1
10549,IPC,420,1,1
10550,IPC,323,1,1
10551,IPC,147,1,1
10552,IPC,379,1,1
10553,IPC,379,1,1
10554,IPC,379,1,1
10555,IPC,326,1,1
10556,IPC,379,1,1
10557,IPC,323,1,1
10558,IPC,379,1,1
10559,IPC,420,1,1
10560,IPC,379A,1,1
10561,NDPS,20,1,1
10562,IPC,498A,1,1
10563,IPC,380,1,1
10564,IPC,66D-ITACT,1,1
10565,IPC,147,1,1
10566,IPC,323,1,1
10567,IPC,326,1,1
10568,IPC,147,1,1
10569,IPC,326,1,1
10570,IPC,354,1,1
10571,IPC,326,1,1
10572,IPC,379,1,1
10573,IPC,326,1,1
10574,BNS,109,1,1
10575,IPC,323,1,1
10576,IPC,379,1,1
10577,IPC,379,1,1
10578,IPC,354,1,1
10579,IPC,379,1,1
10580,IPC,326,1,1
10581,ARMS,25,1,1
10582,IPC,380,1,1
10583,IPC,379A,1,1
10584,IPC,66D-ITACT,1,1
10585,IPC,379,1,1
10586,IPC,363,1,1
10587,IPC,307,1,1
10588,IPC,376,1,1
10589,IPC,323,1,1
10590,IPC,380,1,1
10591,IPC,326,1,1
10592,IPC,379,1,1
10593,IPC,379,1,1
10594,IPC,420,1,1
10595,IPC,354,1,1
10596,IPC,380,1,1
10597,IPC,379,1,1
10598,IPC,379,1,1
10599,IPC,323,1,1
10600,IPC,436,1,1
10601,IPC,379A,1,1
10602,BNS,109,1,1
10602,IPC,307,2,2
10603,IPC,379,1,1
10604,IPC,379A,1,1
10605,IPC,323,1,1
10606,IPC,406,1,1
10607,IPC,363,1,1
10608,IPC,304,1,1
10609,IPC,498A,1,1
10610,IPC,326,1,1
10611,IPC,489A,1,1
10612,IPC,380,1,1
10613,IPC,147,1,1
10614,IPC,326,1,1
10615,IPC,380,1,1
10616,IPC,379,1,1
10617,IPC,379,1,1
10618,IPC,363,1,1
10619,IPC,363,1,1
10620,IPC,363,1,1
10621,IPC,392,1,1
10622,IPC,379,1,1
10623,IPC,66D-ITACT,1,1
10624,IPC,379A,1,1
10625,POCSO,4,1,1
10626,IPC,379,1,1
10627,IPC,380,1,1
10628,IPC,379,1,1
10629,NDPS,20,1,1
10630,IPC,144,1,1
10631,IPC,147,1,1
10632,IPC,302,1,1
10633,IPC,420,1,1
10634,IPC,379A,1,1
10635,IPC,379,1,1
10636,IPC,392,1,1
10637,IPC,354,1,1
10638,IPC,379A,1,1
10639,IPC,406,1,1
10640,IPC,326,1,1
10641,IPC,307,1,1
10641,BNS,109,2,2
10642,IPC,363,1,1
10643,IPC,406,1,1
10644,IPC,66D-ITACT,1,1
10645,IPC,147,1,1
10646,IPC,66D-ITACT,1,1
10647,IPC,354,1,1
10648,IPC,380,1,1
10649,IPC,144,1,1
10650,IPC,420,1,1
10651,IPC,420,1,1
10652,IPC,323,1,1
10653,IPC,323,1,1
10654,BNS,64,1,1
10654,IPC,376,2,2
10655,IPC,379A,1,1
10656,IPC,379,1,1
10657,NDPS,20,1,1
10658,IPC,66D-ITACT,1,1
10659,IPC,498A,1,1
10660,IPC,395,1,1
10661,IPC,376,1,1
10662,IPC,420,1,1
10663,IPC,323,1,1
10664,IPC,380,1,1
10665,IPC,379A,1,1
10666,IPC,380,1,1
10667,IPC,379,1,1
10668,IPC,66D-ITACT,1,1
10669,IPC,379,1,1
10670,IPC,326,1,1
10671,IPC,379A,1,1
10672,IPC,376,1,1
10673,IPC,379,1,1
10674,IPC,354,1,1
10675,IPC,354,1,1
10676,IPC,406,1,1
10677,IPC,323,1,1
10678,IPC,379,1,1
10679,IPC,326,1,1
10680,IPC,376,1,1
10680,BNS,64,2,2
10681,IPC,380,1,1
10682,IPC,380,1,1
10683,IPC,379,1,1
10684,IPC,379A,1,1
10685,IPC,379,1,1
10686,ARMS,25,1,1
10686,ARMS,27,2,2
10687,IPC,147,1,1
10688,IPC,323,1,1
10689,BNS,64,1,1
10690,IPC,66D-ITACT,1,1
10691,NDPS,20,1,1
10692,IPC,380,1,1
10693,IPC,379,1,1
10694,IPC,420,1,1
10695,IPC,380,1,1
10696,IPC,147,1,1
10697,IPC,147,1,1
10698,IPC,354,1,1
10699,IPC,420,1,1
10700,NDPS,20,1,1
10701,IPC,420,1,1
10702,IPC,66D-ITACT,1,1
10703,IPC,379A,1,1
10704,IPC,326,1,1
10705,IPC,395,1,1
10706,IPC,304B,1,1
10707,IPC,380,1,1
10708,IPC,379,1,1
10709,IPC,420,1,1
10710,IPC,323,1,1
10711,IPC,379,1,1
10712,IPC,420,1,1
10713,IPC,406,1,1
10714,IPC,147,1,1
10715,IPC,66D-ITACT,1,1
10716,POCSO,4,1,1
10717,IPC,323,1,1
10718,IPC,379A,1,1
10719,IPC,406,1,1
10720,IPC,66D-ITACT,1,1
10721,IPC,380,1,1
10722,IPC,420,1,1
10723,NDPS,20,1,1
10724,IPC,147,1,1
10725,IPC,354,1,1
10726,IPC,379,1,1
10727,IPC,379,1,1
10728,IPC,379,1,1
10729,IPC,66D-ITACT,1,1
10730,IPC,392,1,1
10731,IPC,323,1,1
10732,IPC,392,1,1
10733,IPC,420,1,1
10734,IPC,66D-ITACT,1,1
10735,IPC,379A,1,1
10736,IPC,379A,1,1
10737,IPC,392,1,1
10738,IPC,420,1,1
10739,NDPS,20,1,1
10740,IPC,420,1,1
10741,IPC,307,1,1
10741,BNS,109,2,2
10742,IPC,323,1,1
10743,IPC,498A,1,1
10744,IPC,406,1,1
10745,IPC,379,1,1
10746,IPC,379,1,1
10747,IPC,380,1,1
10748,IPC,379,1,1
10749,IPC,380,1,1
10750,IPC,392,1,1
10751,POCSO,4,1,1
10752,IPC,379,1,1
10753,IPC,66D-ITACT,1,1
10754,IPC,436,1,1
10755,IPC,380,1,1
10756,IPC,363,1,1
10757,IPC,420,1,1
10758,IPC,379,1,1
10759,IPC,326,1,1
10760,IPC,66D-ITACT,1,1
10761,IPC,379,1,1
10762,POCSO,4,1,1
10763,IPC,354,1,1
10764,IPC,392,1,1
10765,IPC,379,1,1
10766,IPC,66D-ITACT,1,1
10767,IPC,66D-ITACT,1,1
10768,IPC,379,1,1
10769,IPC,406,1,1
10770,IPC,144,1,1
10771,IPC,498A,1,1
10772,IPC,363,1,1
10773,IPC,323,1,1
10774,IPC,380,1,1
10775,IPC,323,1,1
10776,IPC,436,1,1
10777,IPC,498A,1,1
10778,IPC,380,1,1
10779,IPC,144,1,1
10780,IPC,323,1,1
10781,ARMS,27,1,1
10781,ARMS,25,2,2
10782,IPC,420,1,1
10783,IPC,66D-ITACT,1,1
10784,IPC,323,1,1
10785,IPC,406,1,1
10786,IPC,326,1,1
10787,IPC,354,1,1
10788,IPC,379,1,1
10789,IPC,323,1,1
10790,ARMS,27,1,1
10791,IPC,379,1,1
10792,IPC,144,1,1
10793,IPC,420,1,1
10794,IPC,379,1,1
10795,IPC,323,1,1
10796,IPC,66D-ITACT,1,1
10797,NDPS,20,1,1
10798,IPC,379A,1,1
10799,IPC,323,1,1
10800,ARMS,27,1,1
10801,IPC,144,1,1
10802,BNS,64,1,1
10803,IPC,420,1,1
10804,IPC,354,1,1
10805,IPC,66D-ITACT,1,1
10806,NDPS,20,1,1
10807,IPC,66D-ITACT,1,1
10808,IPC,420,1,1
10809,IPC,392,1,1
10810,IPC,379,1,1
10811,IPC,379,1,1
10812,IPC,363,1,1
10813,IPC,66D-ITACT,1,1
10814,IPC,406,1,1
10815,IPC,392,1,1
10816,IPC,323,1,1
10817,IPC,420,1,1
10818,IPC,323,1,1
10819,BNS,109,1,1
10819,IPC,307,2,2
10820,IPC,326,1,1
10821,IPC,380,1,1
10822,IPC,354,1,1
10823,IPC,395,1,1
10824,IPC,436,1,1
10825,IPC,498A,1,1
10826,IPC,354,1,1
10827,IPC,379,1,1
10828,IPC,323,1,1
10829,IPC,323,1,1
10830,IPC,380,1,1
10831,IPC,379,1,1
10832,IPC,420,1,1
10833,IPC,395,1,1
10834,IPC,406,1,1
10835,IPC,147,1,1
10836,IPC,406,1,1
10837,IPC,406,1,1
10838,IPC,379,1,1
10839,IPC,379,1,1
10840,BNS,109,1,1
10841,IPC,380,1,1
10842,IPC,498A,1,1
10843,IPC,379,1,1
10844,IPC,379,1,1
10845,IPC,326,1,1
10846,IPC,379,1,1
10847,IPC,323,1,1
10848,IPC,489A,1,1
10849,IPC,406,1,1
10850,ARMS,25,1,1
10850,ARMS,27,2,2
10851,IPC,420,1,1
10852,IPC,380,1,1
10853,IPC,380,1,1
10854,IPC,144,1,1
10855,IPC,326,1,1
10856,IPC,420,1,1
10857,IPC,66D-ITACT,1,1
10858,IPC,379A,1,1
10859,IPC,363,1,1
10860,IPC,380,1,1
10861,IPC,354,1,1
10862,IPC,326,1,1
10863,IPC,326,1,1
10864,IPC,66D-ITACT,1,1
10865,IPC,379A,1,1
10866,IPC,379A,1,1
10867,IPC,323,1,1
10868,IPC,420,1,1
10869,IPC,379,1,1
10870,IPC,380,1,1
10871,IPC,326,1,1
10872,IPC,379,1,1
10873,IPC,498A,1,1
10874,IPC,147,1,1
10875,IPC,392,1,1
10876,IPC,392,1,1
10877,IPC,392,1,1
10878,IPC,436,1,1
10879,IPC,354,1,1
10880,IPC,379,1,1
10881,IPC,420,1,1
10882,IPC,379,1,1
10883,IPC,420,1,1
10884,IPC,420,1,1
10885,IPC,379,1,1
10886,IPC,323,1,1
10887,IPC,379A,1,1
10888,IPC,66D-ITACT,1,1
10889,IPC,420,1,1
10890,IPC,379,1,1
10891,IPC,380,1,1
10892,IPC,323,1,1
10893,IPC,379,1,1
10894,BNS,64,1,1
10895,IPC,379,1,1
10896,IPC,380,1,1
10897,IPC,498A,1,1
10898,IPC,380,1,1
10899,IPC,66D-ITACT,1,1
10900,IPC,363,1,1
10901,IPC,420,1,1
10902,IPC,66D-ITACT,1,1
10903,POCSO,4,1,1
10904,IPC,436,1,1
10905,IPC,379,1,1
10906,IPC,406,1,1
10907,IPC,379,1,1
10908,IPC,323,1,1
10909,IPC,379A,1,1
10910,IPC,323,1,1
10911,IPC,489A,1,1
10912,BNS,64,1,1
10913,IPC,144,1,1
10914,IPC,380,1,1
10915,IPC,380,1,1
10916,NDPS,20,1,1
10917,IPC,379,1,1
10918,IPC,326,1,1
10919,IPC,379A,1,1
10920,IPC,379,1,1
10921,IPC,66D-ITACT,1,1
10922,NDPS,20,1,1
10923,IPC,420,1,1
10924,IPC,392,1,1
10925,IPC,379,1,1
10926,IPC,395,1,1
10927,BNS,64,1,1
10928,IPC,144,1,1
10929,IPC,420,1,1
10930,IPC,379,1,1
10931,IPC,380,1,1
10932,IPC,380,1,1
10933,IPC,323,1,1
10934,ARMS,25,1,1
10935,IPC,144,1,1
10936,IPC,326,1,1
10937,IPC,363,1,1
10938,IPC,420,1,1
10939,IPC,304B,1,1
10940,IPC,323,1,1
10941,NDPS,20,1,1
10942,IPC,379,1,1
10943,IPC,379,1,1
10944,IPC,323,1,1
10945,IPC,498A,1,1
10946,IPC,323,1,1
10947,IPC,379A,1,1
10948,IPC,66D-ITACT,1,1
10949,IPC,392,1,1
10950,IPC,406,1,1
10951,IPC,363,1,1
10952,IPC,144,1,1
10953,IPC,489A,1,1
10954,IPC,406,1,1
10955,IPC,379A,1,1
10956,IPC,379,1,1
10957,IPC,420,1,1
10958,IPC,144,1,1
10959,IPC,323,1,1
10960,IPC,323,1,1
10961,IPC,379,1,1
10962,ARMS,25,1,1
10963,IPC,323,1,1
10964,IPC,392,1,1
10965,IPC,498A,1,1
10966,IPC,354,1,1
10967,IPC,380,1,1
10968,IPC,147,1,1
10969,IPC,144,1,1
10970,IPC,379,1,1
10971,IPC,307,1,1
10972,IPC,376,1,1
10973,IPC,379,1,1
10974,IPC,379,1,1
10975,IPC,379,1,1
10976,IPC,379,1,1
10977,IPC,323,1,1
10978,IPC,323,1,1
10979,IPC,379,1,1
10980,ARMS,25,1,1
10980,ARMS,27,2,2
10981,IPC,307,1,1
10982,IPC,406,1,1
10983,IPC,323,1,1
10984,IPC,147,1,1
10985,IPC,147,1,1
10986,IPC,66D-ITACT,1,1
10987,IPC,376,1,1
10988,IPC,380,1,1
10989,IPC,379,1,1
10990,IPC,498A,1,1
10991,IPC,498A,1,1
10992,IPC,380,1,1
10993,IPC,379,1,1
10994,IPC,498A,1,1
10995,IPC,307,1,1
10995,BNS,109,2,2
10996,BNS,64,1,1
10997,NDPS,20,1,1
10998,IPC,379A,1,1
10999,IPC,323,1,1
11000,IPC,392,1,1
11001,IPC,66D-ITACT,1,1
11002,IPC,307,1,1
11003,IPC,379A,1,1
11004,IPC,380,1,1
11005,ARMS,25,1,1
11006,IPC,380,1,1
11007,IPC,380,1,1
11008,IPC,379,1,1
11009,IPC,354,1,1
11010,POCSO,4,1,1
11011,IPC,66D-ITACT,1,1
11012,IPC,323,1,1
11013,IPC,379,1,1
11014,IPC,379A,1,1
11015,IPC,380,1,1
11016,IPC,379A,1,1
11017,IPC,302,1,1
11018,IPC,379,1,1
11019,IPC,323,1,1
11020,IPC,323,1,1
11021,IPC,379,1,1
11022,IPC,66D-ITACT,1,1
11023,IPC,379A,1,1
11024,IPC,66D-ITACT,1,1
11025,IPC,323,1,1
11026,IPC,406,1,1
11027,IPC,436,1,1
11028,IPC,379,1,1
11029,IPC,379,1,1
11030,IPC,436,1,1
11031,IPC,363,1,1
11032,IPC,354,1,1
11033,NDPS,20,1,1
11034,IPC,379A,1,1
11035,IPC,436,1,1
11036,IPC,380,1,1
11037,IPC,379,1,1
11038,IPC,380,1,1
11039,IPC,379,1,1
11040,NDPS,20,1,1
11041,IPC,498A,1,1
11042,IPC,379,1,1
11043,IPC,420,1,1
11044,IPC,380,1,1
11045,POCSO,4,1,1
11046,IPC,354,1,1
11047,IPC,307,1,1
11048,IPC,144,1,1
11049,IPC,66D-ITACT,1,1
11050,IPC,379,1,1
11051,IPC,379A,1,1
11052,IPC,420,1,1
11053,NDPS,20,1,1
11054,IPC,379,1,1
11055,IPC,379A,1,1
11056,IPC,147,1,1
11057,IPC,323,1,1
11058,IPC,304,1,1
11059,IPC,406,1,1
11060,IPC,363,1,1
11061,IPC,420,1,1
11062,IPC,379,1,1
11063,IPC,498A,1,1
11064,IPC,326,1,1
11065,IPC,436,1,1
11066,IPC,379,1,1
11067,IPC,144,1,1
11068,IPC,354,1,1
11069,IPC,392,1,1
11070,IPC,406,1,1
11071,IPC,379,1,1
11072,IPC,395,1,1
11073,IPC,323,1,1
11074,IPC,323,1,1
11075,IPC,379A,1,1
11076,IPC,379A,1,1
11077,IPC,395,1,1
11078,IPC,498A,1,1
11079,IPC,379,1,1
11080,IPC,420,1,1
11081,IPC,420,1,1
11082,IPC,380,1,1
11083,IPC,144,1,1
11084,IPC,379,1,1
11085,IPC,326,1,1
11086,BNS,64,1,1
11087,IPC,379,1,1
11088,IPC,326,1,1
11089,IPC,379,1,1
11090,IPC,380,1,1
11091,IPC,420,1,1
11092,IPC,380,1,1
11093,IPC,498A,1,1
11094,IPC,379A,1,1
11095,IPC,436,1,1
11096,IPC,420,1,1
11097,IPC,379A,1,1
11098,IPC,489A,1,1
11099,IPC,436,1,1
11100,IPC,498A,1,1
11101,IPC,380,1,1
11102,ARMS,27,1,1
11103,IPC,302,1,1
11104,IPC,147,1,1
11105,IPC,323,1,1
11106,IPC,392,1,1
11107,IPC,498A,1,1
11108,IPC,379,1,1
11109,IPC,363,1,1
11110,IPC,379,1,1
11111,ARMS,27,1,1
11111,ARMS,25,2,2
11112,IPC,304,1,1
11113,IPC,380,1,1
11114,IPC,379A,1,1
11115,IPC,326,1,1
11116,IPC,498A,1,1
11117,IPC,323,1,1
11118,IPC,307,1,1
11119,IPC,304B,1,1
11120,IPC,379,1,1
11121,IPC,323,1,1
11122,IPC,66D-ITACT,1,1
11123,IPC,379A,1,1
11124,IPC,323,1,1
11125,IPC,380,1,1
11126,BNS,103,1,1
11126,IPC,302,2,2
11127,IPC,379,1,1
11128,IPC,379,1,1
11129,IPC,420,1,1
11130,IPC,392,1,1
11131,IPC,379,1,1
11132,IPC,379,1,1
11133,IPC,498A,1,1
11134,NDPS,20,1,1
11135,IPC,379,1,1
11136,IPC,307,1,1
11137,IPC,395,1,1
11138,IPC,354,1,1
11139,IPC,379,1,1
11140,IPC,379,1,1
11141,POCSO,4,1,1
11142,IPC,379,1,1
11143,IPC,420,1,1
11144,IPC,498A,1,1
11145,ARMS,25,1,1
11145,ARMS,27,2,2
11146,IPC,323,1,1
11147,IPC,363,1,1
11148,IPC,363,1,1
11149,IPC,376,1,1
11150,IPC,406,1,1
11151,IPC,144,1,1
11152,IPC,147,1,1
11153,IPC,379A,1,1
11154,NDPS,20,1,1
11155,IPC,379,1,1
11156,IPC,406,1,1
11157,IPC,392,1,1
11158,IPC,436,1,1
11159,IPC,147,1,1
11160,BNS,64,1,1
11160,IPC,376,2,2
11161,IPC,363,1,1
11162,IPC,323,1,1
11163,IPC,379,1,1
11164,BNS,109,1,1
11165,IPC,420,1,1
11166,IPC,379A,1,1
11167,BNS,103,1,1
11168,IPC,323,1,1
11169,NDPS,20,1,1
11170,IPC,498A,1,1
11171,IPC,66D-ITACT,1,1
11172,IPC,379,1,1
11173,IPC,380,1,1
11174,IPC,379,1,1
11175,IPC,66D-ITACT,1,1
11176,IPC,379,1,1
11177,IPC,379,1,1
11178,IPC,66D-ITACT,1,1
11179,IPC,379,1,1
11180,IPC,326,1,1
11181,IPC,379A,1,1
11182,NDPS,20,1,1
11183,NDPS,20,1,1
11184,IPC,379,1,1
11185,IPC,326,1,1
11186,IPC,380,1,1
11187,IPC,376,1,1
11188,BNS,64,1,1
11189,IPC,406,1,1
11190,IPC,379,1,1
11191,IPC,380,1,1
11192,IPC,323,1,1
11193,IPC,354,1,1
11194,IPC,436,1,1
11195,NDPS,20,1,1
11196,IPC,420,1,1
11197,IPC,379,1,1
11198,IPC,323,1,1
11199,NDPS,20,1,1
11200,IPC,420,1,1
11201,IPC,498A,1,1
11202,IPC,144,1,1
11203,IPC,498A,1,1
11204,IPC,323,1,1
11205,IPC,392,1,1
11206,IPC,406,1,1
11207,IPC,379,1,1
11208,IPC,323,1,1
11209,IPC,392,1,1
11210,IPC,379,1,1
11211,IPC,406,1,1
11212,IPC,323,1,1
11213,IPC,498A,1,1
11214,IPC,379A,1,1
11215,IPC,420,1,1
11216,IPC,304B,1,1
11217,IPC,323,1,1
11218,IPC,379,1,1
11219,IPC,498A,1,1
11220,IPC,147,1,1
11221,IPC,395,1,1
11222,IPC,498A,1,1
11223,IPC,302,1,1
11223,BNS,103,2,2
11224,NDPS,20,1,1
11225,IPC,323,1,1
11226,IPC,323,1,1
11227,IPC,379A,1,1
11228,IPC,323,1,1
11229,IPC,380,1,1
11230,IPC,420,1,1
11231,ARMS,27,1,1
11232,IPC,66D-ITACT,1,1
11233,IPC,379,1,1
11234,IPC,498A,1,1
11235,IPC,379,1,1
11236,IPC,144,1,1
11237,IPC,323,1,1
11238,ARMS,27,1,1
11238,ARMS,25,2,2
11239,IPC,379,1,1
11240,IPC,392,1,1
11241,IPC,380,1,1
11242,IPC,379,1,1
11243,IPC,147,1,1
11244,IPC,379,1,1
11245,IPC,498A,1,1
11246,IPC,323,1,1
11247,IPC,379A,1,1
11248,IPC,66D-ITACT,1,1
11249,IPC,379,1,1
11250,IPC,420,1,1
11251,IPC,323,1,1
11252,IPC,379,1,1
11253,IPC,323,1,1
11254,IPC,147,1,1
11255,IPC,144,1,1
11256,IPC,379A,1,1
11257,IPC,380,1,1
11258,IPC,379A,1,1
11259,IPC,354,1,1
11260,IPC,66D-ITACT,1,1
11261,IPC,323,1,1
11262,IPC,392,1,1
11263,IPC,379,1,1
11264,IPC,498A,1,1
11265,ARMS,27,1,1
11265,ARMS,25,2,2
11266,IPC,144,1,1
11267,IPC,326,1,1
11268,IPC,379A,1,1
11269,IPC,420,1,1
11270,NDPS,20,1,1
11271,IPC,323,1,1
11272,NDPS,20,1,1
11273,IPC,379,1,1
11274,IPC,323,1,1
11275,IPC,379A,1,1
11276,IPC,323,1,1
11277,IPC,379,1,1
11278,IPC,144,1,1
11279,IPC,144,1,1
11280,IPC,66D-ITACT,1,1
11281,IPC,323,1,1
11282,IPC,323,1,1
11283,IPC,144,1,1
11284,IPC,379A,1,1
11285,IPC,363,1,1
11286,POCSO,4,1,1
11287,IPC,326,1,1
11288,IPC,323,1,1
11289,IPC,436,1,1
11290,IPC,380,1,1
11291,IPC,420,1,1
11292,IPC,66D-ITACT,1,1
11293,IPC,363,1,1
11294,POCSO,4,1,1
11295,IPC,323,1,1
11296,IPC,363,1,1
11297,IPC,406,1,1
11298,IPC,147,1,1
11299,IPC,379A,1,1
11300,NDPS,20,1,1
11301,IPC,420,1,1
11302,IPC,392,1,1
11303,IPC,354,1,1
11304,IPC,406,1,1
11305,IPC,144,1,1
11306,IPC,376,1,1
11307,IPC,379,1,1
11308,IPC,326,1,1
11309,IPC,304B,1,1
11310,IPC,379,1,1
11311,IPC,323,1,1
11312,IPC,379A,1,1
11313,ARMS,25,1,1
11314,IPC,420,1,1
11315,IPC,406,1,1
11316,IPC,379A,1,1
11317,IPC,326,1,1
11318,IPC,392,1,1
11319,IPC,380,1,1
11320,IPC,379A,1,1
11321,IPC,354,1,1
11322,IPC,498A,1,1
11323,IPC,66D-ITACT,1,1
11324,IPC,323,1,1
11325,POCSO,4,1,1
11326,IPC,420,1,1
11327,IPC,66D-ITACT,1,1
11328,IPC,379,1,1
11329,POCSO,4,1,1
11330,IPC,323,1,1
11331,IPC,323,1,1
11332,IPC,66D-ITACT,1,1
11333,IPC,392,1,1
11334,IPC,323,1,1
11335,IPC,392,1,1
11336,IPC,436,1,1
11337,IPC,420,1,1
11338,IPC,326,1,1
11339,IPC,380,1,1
11340,IPC,380,1,1
11341,IPC,420,1,1
11342,IPC,66D-ITACT,1,1
11343,NDPS,20,1,1
11344,IPC,406,1,1
11345,NDPS,20,1,1
11346,BNS,64,1,1
11347,IPC,147,1,1
11348,IPC,392,1,1
11349,IPC,379,1,1
11350,IPC,436,1,1
11351,IPC,363,1,1
11352,IPC,66D-ITACT,1,1
11353,IPC,420,1,1
11354,IPC,380,1,1
11355,IPC,379,1,1
11356,IPC,436,1,1
11357,IPC,380,1,1
11358,IPC,379,1,1
11359,IPC,323,1,1
11360,IPC,379,1,1
11361,IPC,379A,1,1
11362,IPC,380,1,1
11363,IPC,379,1,1
11364,IPC,498A,1,1
11365,IPC,489A,1,1
11366,IPC,420,1,1
11367,IPC,323,1,1
11368,IPC,379,1,1
11369,IPC,406,1,1
11370,IPC,144,1,1
11371,IPC,379,1,1
11372,IPC,66D-ITACT,1,1
11373,IPC,380,1,1
11374,IPC,323,1,1
11375,IPC,144,1,1
11376,IPC,323,1,1
11377,IPC,66D-ITACT,1,1
11378,IPC,420,1,1
11379,IPC,354,1,1
11380,IPC,379,1,1
11381,IPC,379A,1,1
11382,IPC,406,1,1
11383,IPC,144,1,1
11384,IPC,379,1,1
11385,IPC,66D-ITACT,1,1
11386,IPC,380,1,1
11387,IPC,379,1,1
11388,IPC,392,1,1
11389,IPC,307,1,1
11390,IPC,420,1,1
11391,IPC,380,1,1
11392,ARMS,25,1,1
11393,IPC,326,1,1
11394,IPC,354,1,1
11395,IPC,326,1,1
11396,IPC,379,1,1
11397,IPC,307,1,1
11398,IPC,323,1,1
11399,IPC,323,1,1
11400,IPC,392,1,1
11401,IPC,420,1,1
11402,POCSO,4,1,1
11403,IPC,395,1,1
11404,IPC,379A,1,1
11405,IPC,66D-ITACT,1,1
11406,IPC,147,1,1
11407,IPC,379,1,1
11408,IPC,379,1,1
11409,IPC,323,1,1
11410,IPC,326,1,1
11411,IPC,420,1,1
11412,IPC,420,1,1
11413,IPC,420,1,1
11414,IPC,379A,1,1
11415,IPC,420,1,1
11416,IPC,66D-ITACT,1,1
11417,IPC,326,1,1
11418,BNS,64,1,1
11418,IPC,376,2,2
11419,IPC,395,1,1
11420,IPC,147,1,1
11421,IPC,380,1,1
11422,IPC,323,1,1
11423,IPC,420,1,1
11424,IPC,302,1,1
11425,IPC,376,1,1
11426,IPC,420,1,1
11427,POCSO,4,1,1
11428,NDPS,20,1,1
11429,IPC,392,1,1
11430,IPC,420,1,1
11431,IPC,379,1,1
11432,IPC,363,1,1
11433,IPC,379A,1,1
11434,IPC,420,1,1
11435,IPC,379,1,1
11436,IPC,147,1,1
11437,POCSO,4,1,1
11438,IPC,323,1,1
11439,IPC,379,1,1
11440,IPC,363,1,1
11441,IPC,395,1,1
11442,IPC,395,1,1
11443,IPC,498A,1,1
11444,IPC,66D-ITACT,1,1
11445,IPC,323,1,1
11446,IPC,354,1,1
11447,IPC,379,1,1
11448,IPC,395,1,1
11449,IPC,323,1,1
11450,IPC,66D-ITACT,1,1
11451,IPC,420,1,1
11452,IPC,436,1,1
11453,IPC,379A,1,1
11454,IPC,392,1,1
11455,NDPS,20,1,1
11456,IPC,498A,1,1
11457,IPC,144,1,1
11458,IPC,379,1,1
11459,IPC,379,1,1
11460,IPC,379,1,1
11461,IPC,436,1,1
11462,IPC,304,1,1
11463,IPC,380,1,1
11464,IPC,144,1,1
11465,IPC,66D-ITACT,1,1
11466,IPC,326,1,1
11467,IPC,326,1,1
11468,IPC,144,1,1
11469,IPC,66D-ITACT,1,1
11470,IPC,380,1,1
11471,IPC,379,1,1
11472,BNS,109,1,1
11473,IPC,489A,1,1
11474,IPC,395,1,1
11475,IPC,354,1,1
11476,IPC,147,1,1
11477,IPC,66D-ITACT,1,1
11478,IPC,420,1,1
11479,IPC,323,1,1
11480,IPC,379A,1,1
11481,IPC,363,1,1
11482,IPC,379,1,1
11483,IPC,363,1,1
11484,IPC,379,1,1
11485,IPC,66D-ITACT,1,1
11486,IPC,323,1,1
11487,IPC,498A,1,1
11488,IPC,380,1,1
11489,IPC,380,1,1
11490,IPC,66D-ITACT,1,1
11491,IPC,420,1,1
11492,IPC,380,1,1
11493,IPC,379A,1,1
11494,IPC,380,1,1
11495,IPC,326,1,1
11496,IPC,304,1,1
11497,IPC,379A,1,1
11498,IPC,379,1,1
11499,IPC,392,1,1
11500,IPC,498A,1,1
11501,IPC,379,1,1
11502,IPC,354,1,1
11503,IPC,380,1,1
11504,IPC,66D-ITACT,1,1
11505,IPC,420,1,1
11506,IPC,379,1,1
11507,IPC,66D-ITACT,1,1
11508,IPC,379A,1,1
11509,IPC,304B,1,1
11510,IPC,326,1,1
11511,IPC,326,1,1
11512,IPC,380,1,1
11513,IPC,379A,1,1
11514,IPC,323,1,1
11515,IPC,304B,1,1
11516,IPC,436,1,1
11517,IPC,420,1,1
11518,IPC,380,1,1
11519,IPC,380,1,1
11520,IPC,392,1,1
11521,NDPS,20,1,1
11522,IPC,354,1,1
11523,IPC,420,1,1
11524,IPC,379,1,1
11525,IPC,379A,1,1
11526,IPC,354,1,1
11527,IPC,379,1,1
11528,IPC,363,1,1
11529,IPC,379,1,1
11530,IPC,363,1,1
11531,IPC,380,1,1
11532,IPC,498A,1,1
11533,IPC,379,1,1
11534,IPC,66D-ITACT,1,1
11535,IPC,66D-ITACT,1,1
11536,IPC,380,1,1
11537,IPC,323,1,1
11538,IPC,379,1,1
11539,BNS,103,1,1
11540,IPC,379A,1,1
11541,IPC,323,1,1
11542,IPC,379,1,1
11543,IPC,379,1,1
11544,IPC,326,1,1
11545,IPC,304,1,1
11546,IPC,420,1,1
11547,IPC,379,1,1
11548,IPC,498A,1,1
11549,IPC,420,1,1
11550,ARMS,27,1,1
11551,NDPS,20,1,1
11552,IPC,379,1,1
11553,IPC,323,1,1
11554,IPC,380,1,1
11555,ARMS,27,1,1
11556,IPC,380,1,1
11557,IPC,379A,1,1
11558,IPC,380,1,1
11559,IPC,323,1,1
11560,IPC,323,1,1
11561,IPC,379A,1,1
11562,NDPS,20,1,1
11563,IPC,66D-ITACT,1,1
11564,IPC,380,1,1
11565,IPC,379,1,1
11566,IPC,379A,1,1
11567,BNS,103,1,1
11568,IPC,354,1,1
11569,IPC,406,1,1
11570,IPC,323,1,1
11571,IPC,379,1,1
11572,NDPS,20,1,1
11573,IPC,380,1,1
11574,IPC,420,1,1
11575,IPC,392,1,1
11576,IPC,379,1,1
11577,IPC,380,1,1
11578,IPC,498A,1,1
11579,IPC,406,1,1
11580,IPC,380,1,1
11581,IPC,380,1,1
11582,IPC,304,1,1
11583,IPC,323,1,1
11584,IPC,379A,1,1
11585,IPC,498A,1,1
11586,IPC,354,1,1
11587,POCSO,4,1,1
11588,IPC,379A,1,1
11589,IPC,354,1,1
11590,IPC,379A,1,1
11591,IPC,323,1,1
11592,IPC,326,1,1
11593,IPC,392,1,1
11594,IPC,379,1,1
11595,IPC,379,1,1
11596,IPC,147,1,1
11597,IPC,354,1,1
11598,IPC,379A,1,1
11599,IPC,363,1,1
11600,IPC,420,1,1
11601,IPC,326,1,1
11602,IPC,66D-ITACT,1,1
11603,IPC,380,1,1
11604,IPC,144,1,1
11605,IPC,379A,1,1
11606,IPC,354,1,1
11607,IPC,323,1,1
11608,IPC,379,1,1
11609,IPC,498A,1,1
11610,NDPS,20,1,1
11611,IPC,420,1,1
11612,IPC,392,1,1
11613,IPC,323,1,1
11614,IPC,323,1,1
11615,IPC,379,1,1
11616,IPC,379,1,1
11617,IPC,376,1,1
11618,IPC,380,1,1
11619,IPC,498A,1,1
11620,BNS,64,1,1
11621,IPC,498A,1,1
11622,ARMS,27,1,1
11622,ARMS,25,2,2
11623,IPC,66D-ITACT,1,1
11624,IPC,379,1,1
11625,IPC,379,1,1
11626,IPC,376,1,1
11627,IPC,379,1,1
11628,IPC,379,1,1
11629,IPC,395,1,1
11630,IPC,406,1,1
11631,IPC,323,1,1
11632,IPC,354,1,1
11633,IPC,379,1,1
11634,IPC,380,1,1
11635,IPC,354,1,1
11636,IPC,144,1,1
11637,IPC,354,1,1
11638,IPC,379,1,1
11639,IPC,380,1,1
11640,IPC,379A,1,1
11641,IPC,379,1,1
11642,IPC,420,1,1
11643,IPC,354,1,1
11644,IPC,379,1,1
11645,IPC,379A,1,1
11646,IPC,147,1,1
11647,IPC,380,1,1
11648,IPC,420,1,1
11649,IPC,380,1,1
11650,IPC,406,1,1
11651,IPC,147,1,1
11652,IPC,420,1,1
11653,IPC,379,1,1
11654,IPC,406,1,1
11655,IPC,326,1,1
11656,IPC,379A,1,1
11657,POCSO,4,1,1
11658,IPC,307,1,1
11659,IPC,379A,1,1
11660,IPC,379A,1,1
11661,IPC,392,1,1
11662,IPC,379,1,1
11663,IPC,66D-ITACT,1,1
11664,IPC,66D-ITACT,1,1
11665,IPC,420,1,1
11666,BNS,64,1,1
11667,IPC,144,1,1
11668,IPC,363,1,1
11669,IPC,498A,1,1
11670,IPC,406,1,1
11671,IPC,380,1,1
11672,IPC,379,1,1
11673,IPC,379,1,1
11674,IPC,406,1,1
11675,BNS,64,1,1
11675,IPC,376,2,2
11676,IPC,302,1,1
11677,IPC,326,1,1
11678,IPC,420,1,1
11679,IPC,66D-ITACT,1,1
11680,IPC,304B,1,1
11681,IPC,354,1,1
11682,IPC,380,1,1
11683,POCSO,4,1,1
11684,IPC,379A,1,1
11685,IPC,379A,1,1
11686,IPC,379,1,1
11687,IPC,363,1,1
11688,IPC,379A,1,1
11689,IPC,323,1,1
11690,IPC,379A,1,1
11691,IPC,323,1,1
11692,ARMS,27,1,1
11693,IPC,498A,1,1
11694,IPC,323,1,1
11695,IPC,379,1,1
11696,IPC,380,1,1
11697,IPC,380,1,1
11698,IPC,323,1,1
11699,IPC,326,1,1
11700,IPC,380,1,1
11701,IPC,380,1,1
11702,IPC,380,1,1
11703,IPC,379,1,1
11704,IPC,379A,1,1
11705,IPC,144,1,1
11706,IPC,379,1,1
11707,IPC,379A,1,1
11708,IPC,379,1,1
11709,IPC,323,1,1
11710,IPC,354,1,1
11711,IPC,302,1,1
11712,IPC,379A,1,1
11713,IPC,379,1,1
11714,POCSO,4,1,1
11715,IPC,379,1,1
11716,IPC,379,1,1
11717,IPC,323,1,1
11718,IPC,354,1,1
11719,IPC,323,1,1
11720,IPC,66D-ITACT,1,1
11721,IPC,354,1,1
11722,IPC,379,1,1
11723,IPC,323,1,1
11724,IPC,66D-ITACT,1,1
11725,IPC,406,1,1
11726,IPC,420,1,1
11727,IPC,144,1,1
11728,IPC,420,1,1
11729,IPC,379A,1,1
11730,IPC,307,1,1
11731,BNS,103,1,1
11731,IPC,302,2,2
11732,IPC,66D-ITACT,1,1
11733,BNS,109,1,1
11733,IPC,307,2,2
11734,IPC,379A,1,1
11735,IPC,420,1,1
11736,IPC,436,1,1
11737,IPC,380,1,1
11738,BNS,64,1,1
11738,IPC,376,2,2
11739,IPC,498A,1,1
11740,IPC,420,1,1
11741,IPC,66D-ITACT,1,1
11742,IPC,323,1,1
11743,IPC,66D-ITACT,1,1
11744,IPC,379A,1,1
11745,IPC,323,1,1
11746,IPC,144,1,1
11747,IPC,66D-ITACT,1,1
11748,IPC,379,1,1
11749,NDPS,20,1,1
11750,IPC,379,1,1
11751,IPC,379A,1,1
11752,IPC,304B,1,1
11753,IPC,380,1,1
11754,IPC,147,1,1
11755,IPC,326,1,1
11756,IPC,379,1,1
11757,IPC,420,1,1
11758,BNS,109,1,1
11758,IPC,307,2,2
11759,IPC,380,1,1
11760,IPC,379A,1,1
11761,IPC,379,1,1
11762,IPC,498A,1,1
11763,IPC,498A,1,1
11764,IPC,392,1,1
11765,IPC,363,1,1
11766,IPC,420,1,1
11767,IPC,498A,1,1
11768,IPC,379A,1,1
11769,IPC,323,1,1
11770,IPC,379,1,1
11771,IPC,379,1,1
11772,IPC,380,1,1
11773,IPC,379,1,1
11774,IPC,392,1,1
11775,IPC,380,1,1
11776,IPC,380,1,1
11777,IPC,392,1,1
11778,IPC,420,1,1
11779,IPC,354,1,1
11780,IPC,420,1,1
11781,IPC,323,1,1
11782,IPC,380,1,1
11783,IPC,307,1,1
11784,IPC,379,1,1
11785,IPC,323,1,1
11786,BNS,109,1,1
11786,IPC,307,2,2
11787,IPC,498A,1,1
11788,IPC,379,1,1
11789,IPC,66D-ITACT,1,1
11790,IPC,144,1,1
11791,BNS,109,1,1
11792,IPC,354,1,1
11793,IPC,326,1,1
11794,IPC,380,1,1
11795,IPC,498A,1,1
11796,ARMS,27,1,1
11797,IPC,379A,1,1
11798,IPC,380,1,1
11799,IPC,323,1,1
11800,IPC,307,1,1
11801,IPC,379,1,1
11802,IPC,420,1,1
11803,IPC,66D-ITACT,1,1
11804,IPC,354,1,1
11805,IPC,326,1,1
11806,IPC,406,1,1
11807,IPC,420,1,1
11808,IPC,406,1,1
11809,IPC,379,1,1
11810,IPC,323,1,1
11811,IPC,144,1,1
11812,IPC,379A,1,1
11813,IPC,392,1,1
11814,IPC,379,1,1
11815,BNS,109,1,1
11816,IPC,323,1,1
11817,IPC,66D-ITACT,1,1
11818,IPC,379,1,1
11819,IPC,363,1,1
11820,IPC,302,1,1
11820,BNS,103,2,2
11821,IPC,392,1,1
11822,IPC,363,1,1
11823,IPC,379A,1,1
11824,IPC,498A,1,1
11825,IPC,380,1,1
11826,IPC,354,1,1
11827,IPC,323,1,1
11828,ARMS,25,1,1
11828,ARMS,27,2,2
11829,IPC,420,1,1
11830,IPC,498A,1,1
11831,IPC,379,1,1
11832,IPC,392,1,1
11833,IPC,66D-ITACT,1,1
11834,IPC,392,1,1
11835,NDPS,20,1,1
11836,IPC,66D-ITACT,1,1
11837,IPC,379,1,1
11838,IPC,420,1,1
11839,IPC,379,1,1
11840,IPC,144,1,1
11841,IPC,498A,1,1
11842,IPC,380,1,1
11843,IPC,376,1,1
11844,IPC,379,1,1
11845,IPC,420,1,1
11846,IPC,436,1,1
11847,IPC,304B,1,1
11848,BNS,103,1,1
11849,IPC,392,1,1
11850,IPC,436,1,1
11851,IPC,326,1,1
11852,IPC,323,1,1
11853,IPC,380,1,1
11854,IPC,379,1,1
11855,IPC,380,1,1
11856,IPC,379A,1,1
11857,IPC,144,1,1
11858,IPC,379,1,1
11859,NDPS,20,1,1
11860,IPC,66D-ITACT,1,1
11861,IPC,392,1,1
11862,IPC,326,1,1
11863,IPC,379,1,1
11864,IPC,498A,1,1
11865,IPC,147,1,1
11866,IPC,498A,1,1
11867,IPC,323,1,1
11868,IPC,379,1,1
11869,IPC,420,1,1
11870,IPC,379,1,1
11871,IPC,436,1,1
11872,BNS,109,1,1
11873,IPC,379A,1,1
11874,IPC,380,1,1
11875,IPC,380,1,1
11876,IPC,498A,1,1
11877,IPC,406,1,1
11878,IPC,379,1,1
11879,IPC,498A,1,1
11880,IPC,498A,1,1
11881,IPC,379,1,1
11882,IPC,144,1,1
11883,IPC,420,1,1
11884,IPC,420,1,1
11885,IPC,323,1,1
11886,IPC,379,1,1
11887,IPC,379,1,1
11888,IPC,376,1,1
11888,BNS,64,2,2
11889,IPC,379,1,1
11890,IPC,420,1,1
11891,IPC,326,1,1
11892,IPC,323,1,1
11893,IPC,323,1,1
11894,BNS,64,1,1
11895,IPC,323,1,1
11896,IPC,420,1,1
11897,IPC,498A,1,1
11898,IPC,379,1,1
11899,IPC,66D-ITACT,1,1
11900,IPC,420,1,1
11901,NDPS,20,1,1
11902,IPC,379,1,1
11903,IPC,323,1,1
11904,IPC,379,1,1
11905,IPC,498A,1,1
11906,IPC,379,1,1
11907,IPC,380,1,1
11908,IPC,379,1,1
11909,IPC,420,1,1
11910,IPC,380,1,1
11911,IPC,379,1,1
11912,IPC,304B,1,1
11913,IPC,379,1,1
11914,IPC,379,1,1
11915,IPC,323,1,1
11916,POCSO,4,1,1
11917,IPC,380,1,1
11918,IPC,379A,1,1
11919,IPC,380,1,1
11920,IPC,66D-ITACT,1,1
11921,IPC,392,1,1
11922,IPC,66D-ITACT,1,1
11923,IPC,323,1,1
11924,IPC,379A,1,1
11925,IPC,354,1,1
11926,IPC,66D-ITACT,1,1
11927,IPC,420,1,1
11928,IPC,307,1,1
11929,IPC,420,1,1
11930,IPC,420,1,1
11931,IPC,323,1,1
11932,IPC,379A,1,1
11933,IPC,380,1,1
11934,IPC,379,1,1
11935,IPC,420,1,1
11936,IPC,379A,1,1
11937,IPC,66D-ITACT,1,1
11938,IPC,144,1,1
11939,IPC,380,1,1
11940,IPC,326,1,1
11941,IPC,380,1,1
11942,IPC,379,1,1
11943,IPC,379,1,1
11944,IPC,379,1,1
11945,IPC,363,1,1
11946,IPC,420,1,1
11947,IPC,323,1,1
11948,IPC,323,1,1
11949,IPC,380,1,1
11950,IPC,380,1,1
11951,IPC,379A,1,1
11952,IPC,498A,1,1
11953,IPC,379,1,1
11954,IPC,379,1,1
11955,IPC,66D-ITACT,1,1
11956,IPC,380,1,1
11957,IPC,406,1,1
11958,IPC,379,1,1
11959,IPC,379,1,1
11960,IPC,379A,1,1
11961,IPC,379,1,1
11962,IPC,304B,1,1
11963,IPC,326,1,1
11964,IPC,379A,1,1
11965,IPC,380,1,1
11966,IPC,436,1,1
11967,ARMS,25,1,1
11968,IPC,379,1,1
11969,IPC,326,1,1
11970,IPC,379,1,1
11971,IPC,420,1,1
11972,IPC,379,1,1
11973,IPC,323,1,1
11974,IPC,420,1,1
11975,IPC,392,1,1
11976,IPC,66D-ITACT,1,1
11977,IPC,379,1,1
11978,IPC,379A,1,1
11979,BNS,109,1,1
11980,IPC,354,1,1
11981,IPC,379A,1,1
11982,IPC,323,1,1
11983,IPC,363,1,1
11984,IPC,420,1,1
11985,IPC,380,1,1
11986,IPC,323,1,1
11987,IPC,304B,1,1
11988,ARMS,25,1,1
11989,IPC,323,1,1
11990,IPC,379,1,1
11991,IPC,379,1,1
11992,IPC,380,1,1
11993,IPC,406,1,1
11994,IPC,498A,1,1
11995,IPC,323,1,1
11996,IPC,354,1,1
11997,IPC,379,1,1
11998,NDPS,20,1,1
11999,IPC,379,1,1
12000,IPC,498A,1,1
12001,IPC,498A,1,1
12002,IPC,379,1,1
12003,IPC,66D-ITACT,1,1
12004,IPC,379,1,1
12005,NDPS,20,1,1
12006,IPC,498A,1,1
12007,IPC,498A,1,1
12008,IPC,436,1,1
12009,BNS,109,1,1
12010,IPC,420,1,1
12011,IPC,379,1,1
12012,IPC,379A,1,1
12013,NDPS,20,1,1
12014,IPC,420,1,1
12015,IPC,66D-ITACT,1,1
12016,NDPS,20,1,1
12017,BNS,109,1,1
12017,IPC,307,2,2
12018,IPC,380,1,1
12019,IPC,323,1,1
12020,IPC,380,1,1
12021,POCSO,4,1,1
12022,BNS,109,1,1
12022,IPC,307,2,2
12023,IPC,323,1,1
12024,IPC,380,1,1
12025,IPC,66D-ITACT,1,1
12026,NDPS,20,1,1
12027,IPC,326,1,1
12028,IPC,380,1,1
12029,IPC,420,1,1
12030,IPC,379,1,1
12031,IPC,66D-ITACT,1,1
12032,IPC,498A,1,1
12033,IPC,379,1,1
12034,IPC,379A,1,1
12035,IPC,354,1,1
12036,IPC,326,1,1
12037,IPC,420,1,1
12038,IPC,323,1,1
12039,IPC,66D-ITACT,1,1
12040,IPC,380,1,1
12041,IPC,498A,1,1
12042,IPC,392,1,1
12043,IPC,379A,1,1
12044,IPC,326,1,1
12045,IPC,147,1,1
12046,IPC,354,1,1
12047,IPC,323,1,1
12048,IPC,326,1,1
12049,IPC,323,1,1
12050,IPC,380,1,1
12051,IPC,380,1,1
12052,IPC,376,1,1
12053,IPC,66D-ITACT,1,1
12054,IPC,323,1,1
12055,IPC,380,1,1
12056,IPC,144,1,1
12057,POCSO,4,1,1
12058,IPC,436,1,1
12059,IPC,66D-ITACT,1,1
12060,IPC,323,1,1
12061,IPC,379A,1,1
12062,IPC,379,1,1
12063,IPC,420,1,1
12064,IPC,323,1,1
12065,IPC,392,1,1
12066,IPC,323,1,1
12067,IPC,323,1,1
12068,BNS,109,1,1
12069,IPC,420,1,1
12070,IPC,326,1,1
12071,ARMS,25,1,1
12072,NDPS,20,1,1
12073,IPC,380,1,1
12074,IPC,147,1,1
12075,IPC,379,1,1
12076,IPC,323,1,1
12077,BNS,64,1,1
12077,IPC,376,2,2
12078,IPC,420,1,1
12079,IPC,147,1,1
12080,NDPS,20,1,1
12081,IPC,420,1,1
12082,IPC,406,1,1
12083,IPC,380,1,1
12084,IPC,66D-ITACT,1,1
12085,IPC,304,1,1
12086,IPC,363,1,1
12087,IPC,379,1,1
12088,IPC,323,1,1
12089,IPC,379A,1,1
12090,IPC,392,1,1
12091,IPC,420,1,1
12092,IPC,354,1,1
12093,IPC,354,1,1
12094,IPC,379,1,1
12095,IPC,326,1,1
12096,IPC,406,1,1
12097,IPC,323,1,1
12098,IPC,392,1,1
12099,IPC,420,1,1
12100,IPC,379A,1,1
12101,IPC,498A,1,1
12102,BNS,64,1,1
12102,IPC,376,2,2
12103,IPC,379A,1,1
12104,IPC,323,1,1
12105,POCSO,4,1,1
12106,IPC,379,1,1
12107,IPC,379,1,1
12108,IPC,323,1,1
12109,IPC,144,1,1
12110,IPC,380,1,1
12111,IPC,304B,1,1
12112,IPC,392,1,1
12113,IPC,66D-ITACT,1,1
12114,IPC,354,1,1
12115,IPC,395,1,1
12116,POCSO,4,1,1
12117,IPC,323,1,1
12118,IPC,420,1,1
12119,IPC,379A,1,1
12120,IPC,380,1,1
12121,IPC,379A,1,1
12122,IPC,66D-ITACT,1,1
12123,POCSO,4,1,1
12124,IPC,406,1,1
12125,IPC,392,1,1
12126,ARMS,27,1,1
12127,ARMS,27,1,1
12128,IPC,436,1,1
12129,IPC,498A,1,1
12130,IPC,379,1,1
12131,IPC,66D-ITACT,1,1
12132,IPC,323,1,1
12133,IPC,498A,1,1
12134,IPC,66D-ITACT,1,1
12135,IPC,395,1,1
12136,IPC,323,1,1
12137,IPC,420,1,1
12138,IPC,392,1,1
12139,IPC,379,1,1
12140,IPC,379,1,1
12141,IPC,323,1,1
12142,IPC,379,1,1
12143,IPC,420,1,1
12144,IPC,326,1,1
12145,BNS,109,1,1
12145,IPC,307,2,2
12146,IPC,498A,1,1
12147,IPC,379,1,1
12148,IPC,363,1,1
12149,IPC,379,1,1
12150,IPC,379A,1,1
12151,IPC,326,1,1
12152,IPC,406,1,1
12153,IPC,379A,1,1
12154,IPC,354,1,1
12155,IPC,304B,1,1
12156,IPC,144,1,1
12157,IPC,420,1,1
12158,IPC,420,1,1
12159,IPC,363,1,1
12160,IPC,363,1,1
12161,IPC,144,1,1
12162,IPC,147,1,1
12163,IPC,323,1,1
12164,IPC,66D-ITACT,1,1
12165,IPC,379,1,1
12166,IPC,66D-ITACT,1,1
12167,IPC,66D-ITACT,1,1
12168,IPC,498A,1,1
12169,IPC,147,1,1
12170,IPC,379A,1,1
12171,IPC,489A,1,1
12172,IPC,406,1,1
12173,IPC,420,1,1
12174,ARMS,25,1,1
12175,IPC,147,1,1
12176,IPC,66D-ITACT,1,1
12177,IPC,379,1,1
12178,NDPS,20,1,1
12179,IPC,66D-ITACT,1,1
12180,IPC,406,1,1
12181,IPC,326,1,1
12182,IPC,436,1,1
12183,IPC,406,1,1
12184,IPC,326,1,1
12185,IPC,392,1,1
12186,IPC,363,1,1
12187,IPC,379,1,1
12188,IPC,307,1,1
12189,IPC,379,1,1
12190,IPC,420,1,1
12191,IPC,66D-ITACT,1,1
12192,IPC,66D-ITACT,1,1
12193,ARMS,27,1,1
12193,ARMS,25,2,2
12194,IPC,379,1,1
12195,IPC,323,1,1
12196,IPC,354,1,1
12197,IPC,420,1,1
12198,NDPS,20,1,1
12199,IPC,489A,1,1
12200,IPC,379,1,1
12201,POCSO,4,1,1
12202,IPC,379A,1,1
12203,IPC,144,1,1
12204,IPC,307,1,1
12205,IPC,395,1,1
12206,IPC,379,1,1
12207,IPC,406,1,1
12208,IPC,420,1,1
12209,IPC,326,1,1
12210,IPC,326,1,1
12211,IPC,323,1,1
12212,IPC,498A,1,1
12213,IPC,66D-ITACT,1,1
12214,IPC,354,1,1
12215,IPC,379,1,1
12216,ARMS,25,1,1
12216,ARMS,27,2,2
12217,IPC,420,1,1
12218,IPC,326,1,1
12219,IPC,420,1,1
12220,IPC,380,1,1
12221,ARMS,25,1,1
12222,IPC,379,1,1
12223,IPC,66D-ITACT,1,1
12224,IPC,420,1,1
12225,IPC,323,1,1
12226,IPC,380,1,1
12227,IPC,323,1,1
12228,IPC,379,1,1
12229,IPC,489A,1,1
12230,IPC,147,1,1
12231,IPC,420,1,1
12232,IPC,379,1,1
12233,IPC,379,1,1
12234,IPC,379,1,1
12235,ARMS,27,1,1
12236,IPC,436,1,1
12237,IPC,66D-ITACT,1,1
12238,IPC,379,1,1
12239,IPC,66D-ITACT,1,1
12240,IPC,380,1,1
12241,IPC,323,1,1
12242,IPC,147,1,1
12243,IPC,498A,1,1
12244,IPC,66D-ITACT,1,1
12245,IPC,354,1,1
12246,IPC,66D-ITACT,1,1
12247,IPC,379,1,1
12248,IPC,307,1,1
12249,IPC,379,1,1
12250,IPC,392,1,1
12251,IPC,376,1,1
12252,IPC,379,1,1
12253,IPC,66D-ITACT,1,1
12254,IPC,436,1,1
12255,IPC,498A,1,1
12256,IPC,144,1,1
12257,IPC,66D-ITACT,1,1
12258,ARMS,25,1,1
12259,IPC,379A,1,1
12260,IPC,354,1,1
12261,IPC,147,1,1
12262,IPC,323,1,1
12263,IPC,354,1,1
12264,IPC,498A,1,1
12265,IPC,379,1,1
12266,IPC,66D-ITACT,1,1
12267,IPC,147,1,1
12268,IPC,323,1,1
12269,IPC,66D-ITACT,1,1
12270,IPC,379,1,1
12271,IPC,379,1,1
12272,IPC,380,1,1
12273,IPC,379A,1,1
12274,ARMS,25,1,1
12275,IPC,406,1,1
12276,IPC,354,1,1
12277,IPC,380,1,1
12278,ARMS,27,1,1
12279,ARMS,27,1,1
12280,IPC,354,1,1
12281,BNS,103,1,1
12282,IPC,420,1,1
12283,IPC,326,1,1
12284,IPC,66D-ITACT,1,1
12285,NDPS,20,1,1
12286,IPC,420,1,1
12287,IPC,379,1,1
12288,IPC,379A,1,1
12289,NDPS,20,1,1
12290,IPC,436,1,1
12291,IPC,498A,1,1
12292,IPC,436,1,1
12293,IPC,380,1,1
12294,IPC,420,1,1
12295,IPC,354,1,1
12296,NDPS,20,1,1
12297,IPC,379,1,1
12298,IPC,406,1,1
12299,IPC,323,1,1
12300,IPC,380,1,1
12301,IPC,379A,1,1
12302,IPC,379,1,1
12303,IPC,420,1,1
12304,IPC,379,1,1
12305,IPC,498A,1,1
12306,IPC,380,1,1
12307,IPC,326,1,1
12308,IPC,66D-ITACT,1,1
12309,IPC,66D-ITACT,1,1
12310,IPC,379A,1,1
12311,IPC,379A,1,1
12312,IPC,379,1,1
12313,IPC,323,1,1
12314,IPC,379,1,1
12315,IPC,420,1,1
12316,IPC,420,1,1
12317,IPC,323,1,1
12318,IPC,380,1,1
12319,IPC,379A,1,1
12320,BNS,64,1,1
12321,IPC,323,1,1
12322,IPC,379,1,1
12323,IPC,420,1,1
12324,NDPS,20,1,1
12325,IPC,304,1,1
12326,IPC,66D-ITACT,1,1
12327,IPC,380,1,1
12328,IPC,66D-ITACT,1,1
12329,IPC,392,1,1
12330,IPC,379,1,1
12331,IPC,420,1,1
12332,IPC,66D-ITACT,1,1
12333,IPC,323,1,1
12334,IPC,420,1,1
12335,IPC,66D-ITACT,1,1
12336,IPC,307,1,1
12337,POCSO,4,1,1
12338,IPC,380,1,1
12339,IPC,392,1,1
12340,IPC,323,1,1
12341,IPC,392,1,1
12342,IPC,392,1,1
12343,IPC,376,1,1
12344,IPC,379,1,1
12345,IPC,380,1,1
12346,IPC,323,1,1
12347,BNS,103,1,1
12348,IPC,354,1,1
12349,IPC,326,1,1
12350,IPC,380,1,1
12351,IPC,392,1,1
12352,IPC,420,1,1
12353,IPC,326,1,1
12354,IPC,323,1,1
12355,IPC,379,1,1
12356,IPC,420,1,1
12357,NDPS,20,1,1
12358,IPC,420,1,1
12359,IPC,326,1,1
12360,IPC,420,1,1
12361,IPC,379,1,1
12362,IPC,379A,1,1
12363,IPC,498A,1,1
12364,IPC,436,1,1
12365,IPC,304,1,1
12366,IPC,147,1,1
12367,IPC,380,1,1
12368,IPC,326,1,1
12369,IPC,379,1,1
12370,IPC,392,1,1
12371,IPC,326,1,1
12372,IPC,380,1,1
12373,IPC,380,1,1
12374,IPC,379,1,1
12375,IPC,379A,1,1
12376,IPC,406,1,1
12377,IPC,420,1,1
12378,IPC,379A,1,1
12379,BNS,103,1,1
12380,IPC,307,1,1
12380,BNS,109,2,2
12381,IPC,144,1,1
12382,IPC,379,1,1
12383,IPC,392,1,1
12384,IPC,380,1,1
12385,IPC,379,1,1
12386,IPC,379,1,1
12387,IPC,66D-ITACT,1,1
12388,IPC,379,1,1
12389,IPC,498A,1,1
12390,IPC,66D-ITACT,1,1
12391,IPC,498A,1,1
12392,IPC,66D-ITACT,1,1
12393,IPC,392,1,1
12394,IPC,379A,1,1
12395,IPC,379,1,1
12396,IPC,379,1,1
12397,IPC,392,1,1
12398,IPC,498A,1,1
12399,IPC,420,1,1
12400,IPC,379,1,1
12401,IPC,380,1,1
12402,IPC,323,1,1
12403,NDPS,20,1,1
12404,IPC,379,1,1
12405,IPC,379,1,1
12406,IPC,323,1,1
12407,IPC,392,1,1
12408,IPC,363,1,1
12409,IPC,144,1,1
12410,IPC,323,1,1
12411,IPC,406,1,1
12412,IPC,323,1,1
12413,IPC,66D-ITACT,1,1
12414,IPC,379,1,1
12415,IPC,379,1,1
12416,IPC,392,1,1
12417,BNS,109,1,1
12418,IPC,66D-ITACT,1,1
12419,IPC,379,1,1
12420,IPC,379,1,1
12421,IPC,304,1,1
12422,IPC,406,1,1
12423,IPC,392,1,1
12424,IPC,379,1,1
12425,IPC,498A,1,1
12426,IPC,144,1,1
12427,IPC,379,1,1
12428,IPC,380,1,1
12429,IPC,379,1,1
12430,IPC,380,1,1
12431,IPC,379,1,1
12432,NDPS,20,1,1
12433,IPC,489A,1,1
12434,IPC,323,1,1
12435,IPC,379A,1,1
12436,IPC,326,1,1
12437,IPC,380,1,1
12438,IPC,144,1,1
12439,IPC,392,1,1
12440,IPC,326,1,1
12441,IPC,379A,1,1
12442,IPC,379,1,1
12443,IPC,380,1,1
12444,IPC,354,1,1
12445,IPC,498A,1,1
12446,IPC,379A,1,1
12447,IPC,147,1,1
12448,POCSO,4,1,1
12449,IPC,379,1,1
12450,IPC,379,1,1
12451,IPC,498A,1,1
12452,IPC,66D-ITACT,1,1
12453,IPC,326,1,1
12454,IPC,326,1,1
12455,IPC,326,1,1
12456,IPC,326,1,1
12457,IPC,406,1,1
12458,IPC,406,1,1
12459,NDPS,20,1,1
12460,ARMS,25,1,1
12461,IPC,379,1,1
12462,IPC,323,1,1
12463,IPC,379,1,1
12464,IPC,147,1,1
12465,IPC,406,1,1
12466,IPC,420,1,1
12467,IPC,395,1,1
12468,IPC,376,1,1
12469,IPC,326,1,1
12470,IPC,379A,1,1
12471,IPC,380,1,1
12472,IPC,379,1,1
12473,IPC,66D-ITACT,1,1
12474,IPC,406,1,1
12475,IPC,380,1,1
12476,IPC,380,1,1
12477,IPC,379,1,1
12478,IPC,420,1,1
12479,IPC,66D-ITACT,1,1
12480,IPC,379A,1,1
12481,ARMS,25,1,1
12481,ARMS,27,2,2
12482,IPC,66D-ITACT,1,1
12483,IPC,363,1,1
12484,IPC,379,1,1
12485,IPC,363,1,1
12486,IPC,363,1,1
12487,IPC,380,1,1
12488,IPC,395,1,1
12489,IPC,66D-ITACT,1,1
12490,IPC,326,1,1
12491,IPC,379A,1,1
12492,IPC,379,1,1
12493,IPC,379,1,1
12494,IPC,326,1,1
12495,IPC,379,1,1
12496,IPC,66D-ITACT,1,1
12497,IPC,304B,1,1
12498,IPC,323,1,1
12499,IPC,380,1,1
12500,IPC,379A,1,1
12501,IPC,323,1,1
12502,IPC,489A,1,1
12503,IPC,489A,1,1
12504,IPC,363,1,1
12505,IPC,144,1,1
12506,BNS,64,1,1
12507,IPC,379,1,1
12508,IPC,363,1,1
12509,IPC,379A,1,1
12510,IPC,144,1,1
12511,IPC,323,1,1
12512,IPC,379,1,1
12513,IPC,379,1,1
12514,BNS,103,1,1
12515,IPC,144,1,1
12516,IPC,379,1,1
12517,IPC,323,1,1
12518,IPC,380,1,1
12519,IPC,379,1,1
12520,IPC,326,1,1
12521,IPC,379,1,1
12522,IPC,489A,1,1
12523,ARMS,25,1,1
12523,ARMS,27,2,2
12524,IPC,326,1,1
12525,IPC,326,1,1
12526,IPC,379,1,1
12527,IPC,380,1,1
12528,IPC,379A,1,1
12529,IPC,420,1,1
12530,IPC,379A,1,1
12531,IPC,406,1,1
12532,IPC,379A,1,1
12533,IPC,498A,1,1
12534,IPC,392,1,1
12535,IPC,323,1,1
12536,IPC,66D-ITACT,1,1
12537,IPC,326,1,1
12538,IPC,326,1,1
12539,IPC,66D-ITACT,1,1
12540,IPC,379,1,1
12541,IPC,66D-ITACT,1,1
12542,IPC,379A,1,1
12543,IPC,363,1,1
12544,IPC,379,1,1
12545,POCSO,4,1,1
12546,IPC,379,1,1
12547,IPC,420,1,1
12548,IPC,66D-ITACT,1,1
12549,IPC,363,1,1
12550,IPC,323,1,1
12551,IPC,379A,1,1
12552,IPC,323,1,1
12553,IPC,147,1,1
12554,IPC,379,1,1
12555,IPC,379A,1,1
12556,IPC,323,1,1
12557,IPC,420,1,1
12558,IPC,498A,1,1
12559,IPC,66D-ITACT,1,1
12560,IPC,147,1,1
12561,NDPS,20,1,1
12562,IPC,379,1,1
12563,IPC,379,1,1
12564,IPC,323,1,1
12565,IPC,354,1,1
12566,IPC,379,1,1
12567,IPC,420,1,1
12568,IPC,66D-ITACT,1,1
12569,IPC,380,1,1
12570,IPC,392,1,1
12571,IPC,326,1,1
12572,IPC,379,1,1
12573,IPC,354,1,1
12574,ARMS,27,1,1
12575,IPC,379,1,1
12576,IPC,323,1,1
12577,IPC,66D-ITACT,1,1
12578,IPC,379,1,1
12579,IPC,489A,1,1
12580,IPC,323,1,1
12581,IPC,326,1,1
12582,IPC,380,1,1
12583,IPC,147,1,1
12584,IPC,406,1,1
12585,POCSO,4,1,1
12586,NDPS,20,1,1
12587,IPC,363,1,1
12588,IPC,379,1,1
12589,IPC,379,1,1
12590,IPC,380,1,1
12591,IPC,379,1,1
12592,ARMS,27,1,1
12593,IPC,379,1,1
12594,IPC,326,1,1
12595,IPC,379,1,1
12596,IPC,379,1,1
12597,IPC,379,1,1
12598,IPC,395,1,1
12599,IPC,147,1,1
12600,IPC,326,1,1
12601,POCSO,4,1,1
12602,IPC,66D-ITACT,1,1
12603,IPC,392,1,1
12604,BNS,64,1,1
12604,IPC,376,2,2
12605,ARMS,25,1,1
12606,BNS,64,1,1
12606,IPC,376,2,2
12607,IPC,354,1,1
12608,POCSO,4,1,1
12609,ARMS,25,1,1
12609,ARMS,27,2,2
12610,IPC,380,1,1
12611,IPC,380,1,1
12612,IPC,323,1,1
12613,IPC,380,1,1
12614,NDPS,20,1,1
12615,IPC,380,1,1
12616,IPC,380,1,1
12617,IPC,66D-ITACT,1,1
12618,IPC,66D-ITACT,1,1
12619,BNS,64,1,1
12620,IPC,379A,1,1
12621,NDPS,20,1,1
12622,IPC,326,1,1
12623,NDPS,20,1,1
12624,IPC,379A,1,1
12625,IPC,379A,1,1
12626,POCSO,4,1,1
12627,BNS,64,1,1
12628,IPC,307,1,1
12629,IPC,380,1,1
12630,IPC,379,1,1
12631,IPC,379,1,1
12632,IPC,326,1,1
12633,IPC,323,1,1
12634,IPC,379,1,1
12635,IPC,380,1,1
12636,IPC,326,1,1
12637,IPC,66D-ITACT,1,1
12638,IPC,326,1,1
12639,IPC,323,1,1
12640,IPC,379A,1,1
12641,IPC,66D-ITACT,1,1
12642,IPC,379A,1,1
12643,IPC,420,1,1
12644,IPC,406,1,1
12645,IPC,380,1,1
12646,IPC,392,1,1
12647,IPC,304,1,1
12648,IPC,392,1,1
12649,IPC,323,1,1
12650,IPC,436,1,1
12651,IPC,304B,1,1
12652,IPC,326,1,1
12653,IPC,326,1,1
12654,IPC,379,1,1
12655,IPC,380,1,1
12656,NDPS,20,1,1
12657,IPC,379,1,1
12658,IPC,363,1,1
12659,IPC,498A,1,1
12660,IPC,304B,1,1
12661,IPC,379A,1,1
12662,IPC,379A,1,1
12663,IPC,66D-ITACT,1,1
12664,IPC,420,1,1
12665,IPC,354,1,1
12666,IPC,379A,1,1
12667,BNS,109,1,1
12668,IPC,354,1,1
12669,IPC,304B,1,1
12670,IPC,380,1,1
12671,IPC,307,1,1
12672,IPC,323,1,1
12673,IPC,376,1,1
12673,BNS,64,2,2
12674,IPC,323,1,1
12675,IPC,379A,1,1
12676,BNS,103,1,1
12677,IPC,323,1,1
12678,IPC,392,1,1
12679,IPC,379,1,1
12680,IPC,304,1,1
12681,IPC,436,1,1
12682,IPC,376,1,1
12683,IPC,498A,1,1
12684,IPC,498A,1,1
12685,IPC,379,1,1
12686,IPC,147,1,1
12687,IPC,379,1,1
12688,IPC,379,1,1
12689,IPC,379A,1,1
12690,IPC,323,1,1
12691,IPC,406,1,1
12692,IPC,379,1,1
12693,IPC,379,1,1
12694,IPC,326,1,1
12695,NDPS,20,1,1
12696,BNS,109,1,1
12697,IPC,326,1,1
12698,IPC,406,1,1
12699,IPC,379A,1,1
12700,IPC,66D-ITACT,1,1
12701,IPC,363,1,1
12702,IPC,326,1,1
12703,IPC,379,1,1
12704,IPC,498A,1,1
12705,IPC,380,1,1
12706,IPC,307,1,1
12707,IPC,379,1,1
12708,IPC,498A,1,1
12709,IPC,326,1,1
12710,IPC,420,1,1
12711,IPC,498A,1,1
12712,IPC,147,1,1
12713,IPC,379,1,1
12714,IPC,363,1,1
12715,IPC,66D-ITACT,1,1
12716,IPC,436,1,1
12717,IPC,323,1,1
12718,BNS,109,1,1
12718,IPC,307,2,2
12719,POCSO,4,1,1
12720,IPC,379,1,1
12721,IPC,392,1,1
12722,IPC,420,1,1
12723,IPC,379,1,1
12724,NDPS,20,1,1
12725,POCSO,4,1,1
12726,IPC,379,1,1
12727,IPC,379A,1,1
12728,IPC,379,1,1
12729,IPC,323,1,1
12730,IPC,380,1,1
12731,IPC,420,1,1
12732,IPC,326,1,1
12733,IPC,323,1,1
12734,IPC,420,1,1
12735,IPC,436,1,1
12736,IPC,406,1,1
12737,IPC,406,1,1
12738,IPC,304,1,1
12739,IPC,323,1,1
12740,IPC,66D-ITACT,1,1
12741,IPC,406,1,1
12742,IPC,379,1,1
12743,IPC,147,1,1
12744,IPC,379,1,1
12745,IPC,304,1,1
12746,IPC,498A,1,1
12747,IPC,380,1,1
12748,IPC,498A,1,1
12749,IPC,392,1,1
12750,IPC,420,1,1
12751,IPC,144,1,1
12752,IPC,379,1,1
12753,IPC,354,1,1
12754,IPC,380,1,1
12755,POCSO,4,1,1
12756,IPC,392,1,1
12757,IPC,307,1,1
12758,IPC,379,1,1
12759,IPC,379A,1,1
12760,IPC,323,1,1
12761,IPC,379,1,1
12762,IPC,323,1,1
12763,IPC,420,1,1
12764,IPC,66D-ITACT,1,1
12765,IPC,379A,1,1
12766,IPC,436,1,1
12767,IPC,498A,1,1
12768,IPC,323,1,1
12769,IPC,498A,1,1
12770,IPC,354,1,1
12771,NDPS,20,1,1
12772,IPC,420,1,1
12773,BNS,103,1,1
12774,IPC,354,1,1
12775,IPC,323,1,1
12776,IPC,66D-ITACT,1,1
12777,IPC,326,1,1
12778,IPC,379,1,1
12779,IPC,379,1,1
12780,IPC,380,1,1
12781,IPC,66D-ITACT,1,1
12782,IPC,498A,1,1
12783,IPC,392,1,1
12784,BNS,109,1,1
12785,IPC,406,1,1
12786,IPC,420,1,1
12787,IPC,379,1,1
12788,IPC,489A,1,1
12789,IPC,147,1,1
12790,IPC,392,1,1
12791,IPC,66D-ITACT,1,1
12792,IPC,392,1,1
12793,IPC,380,1,1
12794,IPC,323,1,1
12795,ARMS,25,1,1
12796,NDPS,20,1,1
12797,IPC,420,1,1
12798,IPC,379,1,1
12799,IPC,379A,1,1
12800,IPC,379,1,1
12801,IPC,489A,1,1
12802,IPC,380,1,1
12803,IPC,379,1,1
12804,IPC,392,1,1
12805,IPC,66D-ITACT,1,1
12806,IPC,66D-ITACT,1,1
12807,IPC,304B,1,1
12808,IPC,66D-ITACT,1,1
12809,IPC,66D-ITACT,1,1
12810,IPC,498A,1,1
12811,IPC,392,1,1
12812,IPC,379,1,1
12813,IPC,147,1,1
12814,IPC,379A,1,1
12815,IPC,379A,1,1
12816,IPC,379A,1,1
12817,IPC,489A,1,1
12818,NDPS,20,1,1
12819,IPC,436,1,1
12820,IPC,379,1,1
12821,IPC,147,1,1
12822,IPC,380,1,1
12823,IPC,307,1,1
12824,IPC,363,1,1
12825,IPC,144,1,1
12826,IPC,498A,1,1
12827,IPC,379A,1,1
12828,IPC,395,1,1
12829,IPC,354,1,1
12830,IPC,323,1,1
12831,IPC,147,1,1
12832,IPC,380,1,1
12833,IPC,420,1,1
12834,IPC,420,1,1
12835,IPC,147,1,1
12836,IPC,379,1,1
12837,IPC,420,1,1
12838,IPC,379,1,1
12839,IPC,380,1,1
12840,IPC,420,1,1
12841,IPC,379,1,1
12842,IPC,323,1,1
12843,IPC,326,1,1
12844,IPC,395,1,1
12845,IPC,489A,1,1
12846,IPC,147,1,1
12847,IPC,395,1,1
12848,IPC,323,1,1
12849,IPC,379A,1,1
12850,BNS,109,1,1
12851,IPC,379A,1,1
12852,IPC,436,1,1
12853,IPC,326,1,1
12854,IPC,66D-ITACT,1,1
12855,IPC,498A,1,1
12856,IPC,376,1,1
12857,IPC,498A,1,1
12858,IPC,380,1,1
12859,IPC,66D-ITACT,1,1
12860,IPC,392,1,1
12861,IPC,380,1,1
12862,IPC,379,1,1
12863,IPC,379A,1,1
12864,IPC,66D-ITACT,1,1
12865,IPC,379A,1,1
12866,IPC,498A,1,1
12867,IPC,323,1,1
12868,POCSO,4,1,1
12869,IPC,147,1,1
12870,IPC,420,1,1
12871,IPC,379,1,1
12872,IPC,395,1,1
12873,IPC,326,1,1
12874,BNS,103,1,1
12875,IPC,323,1,1
12876,IPC,354,1,1
12877,IPC,420,1,1
12878,IPC,379A,1,1
12879,IPC,363,1,1
12880,IPC,392,1,1
12881,IPC,379A,1,1
12882,IPC,302,1,1
12882,BNS,103,2,2
12883,IPC,392,1,1
12884,BNS,109,1,1
12885,IPC,326,1,1
12886,IPC,489A,1,1
12887,IPC,380,1,1
12888,IPC,326,1,1
12889,IPC,323,1,1
12890,IPC,379,1,1
12891,IPC,326,1,1
12892,IPC,307,1,1
12893,IPC,436,1,1
12894,IPC,420,1,1
12895,IPC,66D-ITACT,1,1
12896,IPC,379,1,1
12897,IPC,354,1,1
12898,IPC,420,1,1
12899,IPC,379,1,1
12900,IPC,323,1,1
12901,IPC,392,1,1
12902,IPC,323,1,1
12903,IPC,420,1,1
12904,IPC,307,1,1
12905,IPC,436,1,1
12906,IPC,498A,1,1
12907,IPC,380,1,1
12908,IPC,395,1,1
12909,IPC,323,1,1
12910,IPC,379A,1,1
12911,IPC,379A,1,1
12912,IPC,323,1,1
12913,IPC,489A,1,1
12914,IPC,498A,1,1
12915,IPC,66D-ITACT,1,1
12916,IPC,379,1,1
12917,IPC,323,1,1
12918,IPC,66D-ITACT,1,1
12919,IPC,66D-ITACT,1,1
12920,POCSO,4,1,1
12921,IPC,380,1,1
12922,IPC,498A,1,1
12923,IPC,379,1,1
12924,IPC,66D-ITACT,1,1
12925,IPC,379A,1,1
12926,IPC,380,1,1
12927,IPC,66D-ITACT,1,1
12928,IPC,392,1,1
12929,IPC,380,1,1
12930,IPC,323,1,1
12931,IPC,304B,1,1
12932,IPC,392,1,1
12933,IPC,379A,1,1
12934,IPC,379A,1,1
12935,IPC,420,1,1
12936,IPC,380,1,1
12937,IPC,498A,1,1
12938,IPC,379,1,1
12939,IPC,406,1,1
12940,IPC,379,1,1
12941,IPC,376,1,1
12942,IPC,144,1,1
12943,IPC,379,1,1
12944,IPC,323,1,1
12945,IPC,420,1,1
12946,IPC,498A,1,1
12947,IPC,379,1,1
12948,IPC,420,1,1
12949,IPC,379,1,1
12950,IPC,420,1,1
12951,IPC,304B,1,1
12952,IPC,379,1,1
12953,IPC,489A,1,1
12954,IPC,395,1,1
12955,IPC,380,1,1
12956,IPC,323,1,1
12957,IPC,354,1,1
12958,IPC,66D-ITACT,1,1
12959,IPC,392,1,1
12960,IPC,323,1,1
12961,IPC,420,1,1
12962,IPC,498A,1,1
12963,IPC,326,1,1
12964,IPC,66D-ITACT,1,1
12965,IPC,66D-ITACT,1,1
12966,IPC,379A,1,1
12967,IPC,379,1,1
12968,IPC,420,1,1
12969,IPC,498A,1,1
12970,IPC,326,1,1
12971,IPC,379,1,1
12972,IPC,326,1,1
12973,IPC,363,1,1
12974,IPC,66D-ITACT,1,1
12975,IPC,420,1,1
12976,IPC,144,1,1
12977,IPC,379,1,1
12978,POCSO,4,1,1
12979,IPC,436,1,1
12980,IPC,354,1,1
12981,IPC,392,1,1
12982,IPC,66D-ITACT,1,1
12983,NDPS,20,1,1
12984,IPC,420,1,1
12985,IPC,379,1,1
12986,IPC,380,1,1
12987,IPC,379,1,1
12988,IPC,363,1,1
12989,IPC,144,1,1
12990,NDPS,20,1,1
12991,IPC,420,1,1
12992,IPC,66D-ITACT,1,1
12993,IPC,354,1,1
12994,BNS,109,1,1
12994,IPC,307,2,2
12995,IPC,323,1,1
12996,IPC,354,1,1
12997,IPC,147,1,1
12998,IPC,379A,1,1
12999,IPC,379A,1,1
13000,NDPS,20,1,1
13001,IPC,380,1,1
13002,IPC,379A,1,1
13003,IPC,302,1,1
13004,IPC,323,1,1
13005,IPC,420,1,1
13006,IPC,144,1,1
13007,IPC,379A,1,1
13008,IPC,380,1,1
13009,BNS,103,1,1
13009,IPC,302,2,2
13010,IPC,379,1,1
13011,IPC,379,1,1
13012,IPC,326,1,1
13013,IPC,323,1,1
13014,IPC,380,1,1
13015,IPC,66D-ITACT,1,1
13016,BNS,64,1,1
13017,IPC,379,1,1
13018,IPC,379,1,1
13019,IPC,323,1,1
13020,IPC,354,1,1
13021,IPC,380,1,1
13022,IPC,379,1,1
13023,IPC,379,1,1
13024,IPC,326,1,1
13025,IPC,379A,1,1
13026,IPC,406,1,1
13027,IPC,420,1,1
13028,IPC,395,1,1
13029,IPC,66D-ITACT,1,1
13030,IPC,379,1,1
13031,IPC,323,1,1
13032,IPC,380,1,1
13033,POCSO,4,1,1
13034,ARMS,27,1,1
13035,IPC,498A,1,1
13036,IPC,489A,1,1
13037,IPC,304B,1,1
13038,IPC,420,1,1
13039,IPC,66D-ITACT,1,1
13040,IPC,395,1,1
13041,IPC,379A,1,1
13042,IPC,379,1,1
13043,IPC,420,1,1
13044,IPC,66D-ITACT,1,1
13045,IPC,326,1,1
13046,IPC,66D-ITACT,1,1
13047,IPC,380,1,1
13048,IPC,420,1,1
13049,IPC,379,1,1
13050,IPC,379,1,1
13051,IPC,498A,1,1
13052,IPC,144,1,1
13053,IPC,323,1,1
13054,IPC,326,1,1
13055,IPC,66D-ITACT,1,1
13056,IPC,379,1,1
13057,IPC,147,1,1
13058,IPC,420,1,1
13059,IPC,66D-ITACT,1,1
13060,IPC,379,1,1
13061,IPC,326,1,1
13062,IPC,379A,1,1
13063,IPC,326,1,1
13064,IPC,66D-ITACT,1,1
13065,IPC,406,1,1
13066,IPC,147,1,1
13067,IPC,379A,1,1
13068,IPC,406,1,1
13069,IPC,307,1,1
13070,IPC,147,1,1
13071,IPC,323,1,1
13072,IPC,392,1,1
13073,IPC,420,1,1
13074,IPC,147,1,1
13075,IPC,498A,1,1
13076,IPC,406,1,1
13077,IPC,406,1,1
13078,IPC,395,1,1
13079,IPC,379,1,1
13080,IPC,392,1,1
13081,IPC,392,1,1
13082,IPC,379,1,1
13083,IPC,406,1,1
13084,IPC,420,1,1
13085,IPC,498A,1,1
13086,IPC,307,1,1
13087,BNS,109,1,1
13088,IPC,363,1,1
13089,IPC,420,1,1
13090,IPC,406,1,1
13091,IPC,379,1,1
13092,IPC,380,1,1
13093,IPC,323,1,1
13094,ARMS,27,1,1
13095,IPC,392,1,1
13096,IPC,379A,1,1
13097,IPC,420,1,1
13098,IPC,498A,1,1
13099,IPC,323,1,1
13100,IPC,379,1,1
13101,BNS,103,1,1
13102,IPC,436,1,1
13103,IPC,380,1,1
13104,BNS,109,1,1
13104,IPC,307,2,2
13105,IPC,379,1,1
13106,IPC,66D-ITACT,1,1
13107,IPC,323,1,1
13108,IPC,498A,1,1
13109,IPC,380,1,1
13110,IPC,66D-ITACT,1,1
13111,IPC,379,1,1
13112,IPC,302,1,1
13113,IPC,379A,1,1
13114,IPC,380,1,1
13115,IPC,406,1,1
13116,IPC,395,1,1
13117,IPC,379,1,1
13118,IPC,147,1,1
13119,IPC,323,1,1
13120,IPC,379,1,1
13121,IPC,323,1,1
13122,IPC,392,1,1
13123,IPC,379,1,1
13124,IPC,379A,1,1
13125,IPC,498A,1,1
13126,IPC,379,1,1
13127,IPC,363,1,1
13128,BNS,64,1,1
13129,IPC,379,1,1
13130,IPC,354,1,1
13131,IPC,326,1,1
13132,IPC,380,1,1
13133,IPC,323,1,1
13134,NDPS,20,1,1
13135,IPC,66D-ITACT,1,1
13136,IPC,302,1,1
13137,IPC,323,1,1
13138,IPC,304B,1,1
13139,IPC,379,1,1
13140,IPC,380,1,1
13141,IPC,66D-ITACT,1,1
13142,IPC,379,1,1
13143,IPC,379,1,1
13144,IPC,379,1,1
13145,IPC,406,1,1
13146,NDPS,20,1,1
13147,IPC,392,1,1
13148,IPC,323,1,1
13149,IPC,420,1,1
13150,IPC,498A,1,1
13151,IPC,420,1,1
13152,IPC,379,1,1
13153,IPC,380,1,1
13154,BNS,109,1,1
13154,IPC,307,2,2
13155,IPC,379,1,1
13156,IPC,379A,1,1
13157,IPC,379,1,1
13158,IPC,147,1,1
13159,IPC,379,1,1
13160,IPC,323,1,1
13161,IPC,66D-ITACT,1,1
13162,IPC,379A,1,1
13163,IPC,323,1,1
13164,IPC,380,1,1
13165,IPC,380,1,1
13166,IPC,379,1,1
13167,IPC,406,1,1
13168,IPC,66D-ITACT,1,1
13169,IPC,379,1,1
13170,IPC,323,1,1
13171,IPC,498A,1,1
13172,IPC,379,1,1
13173,IPC,354,1,1
13174,IPC,380,1,1
13175,IPC,323,1,1
13176,IPC,326,1,1
13177,IPC,326,1,1
13178,IPC,302,1,1
13179,IPC,380,1,1
13180,IPC,379A,1,1
13181,IPC,354,1,1
13182,IPC,392,1,1
13183,IPC,420,1,1
13184,IPC,379A,1,1
13185,IPC,380,1,1
13186,IPC,147,1,1
13187,IPC,420,1,1
13188,IPC,392,1,1
13189,NDPS,20,1,1
13190,IPC,392,1,1
13191,IPC,380,1,1
13192,IPC,323,1,1
13193,IPC,379,1,1
13194,IPC,66D-ITACT,1,1
13195,IPC,406,1,1
13196,IPC,307,1,1
13197,IPC,379,1,1
13198,IPC,66D-ITACT,1,1
13199,IPC,380,1,1
13200,IPC,379,1,1
13201,IPC,326,1,1
13202,IPC,379,1,1
13203,IPC,323,1,1
13204,IPC,66D-ITACT,1,1
13205,IPC,420,1,1
13206,IPC,380,1,1
13207,IPC,380,1,1
13208,IPC,379,1,1
13209,IPC,380,1,1
13210,IPC,379,1,1
13211,IPC,379,1,1
13212,IPC,379,1,1
13213,IPC,323,1,1
13214,IPC,420,1,1
13215,IPC,498A,1,1
13216,IPC,436,1,1
13217,IPC,323,1,1
13218,IPC,323,1,1
13219,IPC,380,1,1
13220,IPC,326,1,1
13221,IPC,420,1,1
13222,IPC,323,1,1
13223,POCSO,4,1,1
13224,IPC,420,1,1
13225,IPC,392,1,1
13226,IPC,323,1,1
13227,IPC,326,1,1
13228,IPC,326,1,1
13229,IPC,379,1,1
13230,IPC,420,1,1
13231,IPC,420,1,1
13232,IPC,380,1,1
13233,BNS,109,1,1
13233,IPC,307,2,2
13234,IPC,379,1,1
13235,IPC,379,1,1
13236,IPC,420,1,1
13237,IPC,379,1,1
13238,IPC,379A,1,1
13239,IPC,66D-ITACT,1,1
13240,IPC,326,1,1
13241,IPC,379,1,1
13242,IPC,376,1,1
13242,BNS,64,2,2
13243,NDPS,20,1,1
13244,IPC,326,1,1
13245,IPC,304,1,1
13246,IPC,380,1,1
13247,IPC,147,1,1
13248,IPC,498A,1,1
13249,IPC,380,1,1
13250,IPC,379A,1,1
13251,IPC,323,1,1
13252,IPC,66D-ITACT,1,1
13253,IPC,379,1,1
13254,IPC,66D-ITACT,1,1
13255,IPC,144,1,1
13256,IPC,380,1,1
13257,IPC,436,1,1
13258,IPC,420,1,1
13259,IPC,380,1,1
13260,IPC,420,1,1
13261,IPC,323,1,1
13262,IPC,379,1,1
13263,IPC,66D-ITACT,1,1
13264,IPC,489A,1,1
13265,IPC,379A,1,1
13266,IPC,379,1,1
13267,IPC,326,1,1
13268,IPC,66D-ITACT,1,1
13269,IPC,363,1,1
13270,IPC,326,1,1
13271,IPC,498A,1,1
13272,IPC,326,1,1
13273,IPC,420,1,1
13274,IPC,380,1,1
13275,IPC,380,1,1
13276,IPC,380,1,1
13277,POCSO,4,1,1
13278,IPC,354,1,1
13279,IPC,380,1,1
13280,IPC,354,1,1
13281,ARMS,27,1,1
13282,NDPS,20,1,1
13283,IPC,307,1,1
13284,IPC,379,1,1
13285,IPC,323,1,1
13286,IPC,323,1,1
13287,IPC,379,1,1
13288,IPC,392,1,1
13289,IPC,66D-ITACT,1,1
13290,IPC,392,1,1
13291,IPC,302,1,1
13291,BNS,103,2,2
13292,IPC,304B,1,1
13293,IPC,326,1,1
13294,IPC,379A,1,1
13295,IPC,147,1,1
13296,IPC,379,1,1
13297,IPC,380,1,1
13298,IPC,379,1,1
13299,IPC,66D-ITACT,1,1
13300,IPC,379,1,1
13301,IPC,420,1,1
13302,IPC,380,1,1
13303,IPC,395,1,1
13304,IPC,379,1,1
13305,IPC,323,1,1
13306,IPC,323,1,1
13307,IPC,147,1,1
13308,IPC,380,1,1
13309,IPC,323,1,1
13310,IPC,420,1,1
13311,IPC,379,1,1
13312,IPC,380,1,1
13313,IPC,144,1,1
13314,IPC,498A,1,1
13315,IPC,380,1,1
13316,IPC,323,1,1
13317,IPC,436,1,1
13318,IPC,498A,1,1
13319,IPC,323,1,1
13320,IPC,144,1,1
13321,IPC,379,1,1
13322,IPC,326,1,1
13323,IPC,380,1,1
13324,IPC,380,1,1
13325,IPC,66D-ITACT,1,1
13326,IPC,436,1,1
13327,IPC,323,1,1
13328,IPC,420,1,1
13329,IPC,380,1,1
13330,IPC,304,1,1
13331,IPC,66D-ITACT,1,1
13332,IPC,354,1,1
13333,IPC,66D-ITACT,1,1
13334,IPC,323,1,1
13335,IPC,380,1,1
13336,IPC,379,1,1
13337,IPC,379,1,1
13338,ARMS,25,1,1
13339,IPC,304,1,1
13340,IPC,379,1,1
13341,IPC,363,1,1
13342,IPC,379A,1,1
13343,IPC,66D-ITACT,1,1
13344,IPC,380,1,1
13345,IPC,66D-ITACT,1,1
13346,IPC,380,1,1
13347,IPC,379,1,1
13348,IPC,323,1,1
13349,IPC,406,1,1
13350,IPC,406,1,1
13351,POCSO,4,1,1
13352,IPC,363,1,1
13353,IPC,323,1,1
13354,IPC,363,1,1
13355,IPC,420,1,1
13356,IPC,379,1,1
13357,IPC,420,1,1
13358,NDPS,20,1,1
13359,IPC,326,1,1
13360,IPC,326,1,1
13361,IPC,379,1,1
13362,POCSO,4,1,1
13363,IPC,380,1,1
13364,IPC,379,1,1
13365,ARMS,27,1,1
13366,IPC,379A,1,1
13367,IPC,326,1,1
13368,IPC,326,1,1
13369,NDPS,20,1,1
13370,IPC,326,1,1
13371,IPC,323,1,1
13372,IPC,144,1,1
13373,IPC,326,1,1
13374,IPC,323,1,1
13375,IPC,147,1,1
13376,NDPS,20,1,1
13377,IPC,323,1,1
13378,IPC,379,1,1
13379,IPC,379,1,1
13380,IPC,379A,1,1
13381,IPC,420,1,1
13382,IPC,326,1,1
13383,IPC,147,1,1
13384,IPC,498A,1,1
13385,NDPS,20,1,1
13386,IPC,379,1,1
13387,IPC,66D-ITACT,1,1
13388,IPC,363,1,1
13389,IPC,144,1,1
13390,IPC,323,1,1
13391,IPC,363,1,1
13392,IPC,323,1,1
13393,IPC,326,1,1
13394,IPC,323,1,1
13395,IPC,379,1,1
13396,IPC,354,1,1
13397,IPC,379,1,1
13398,IPC,66D-ITACT,1,1
13399,IPC,323,1,1
13400,IPC,436,1,1
13401,POCSO,4,1,1
13402,IPC,379A,1,1
13403,IPC,323,1,1
13404,NDPS,20,1,1
13405,IPC,379,1,1
13406,IPC,420,1,1
13407,IPC,379,1,1
13408,IPC,406,1,1
13409,IPC,66D-ITACT,1,1
13410,IPC,392,1,1
13411,IPC,354,1,1
13412,IPC,147,1,1
13413,IPC,489A,1,1
13414,IPC,379A,1,1
13415,IPC,379,1,1
13416,IPC,354,1,1
13417,IPC,379,1,1
13418,IPC,379,1,1
13419,IPC,379,1,1
13420,POCSO,4,1,1
13421,IPC,363,1,1
13422,IPC,379A,1,1
13423,IPC,379,1,1
13424,NDPS,20,1,1
13425,IPC,379,1,1
13426,IPC,304,1,1
13427,IPC,379A,1,1
13428,ARMS,27,1,1
13429,IPC,498A,1,1
13430,IPC,323,1,1
13431,IPC,379,1,1
13432,IPC,379,1,1
13433,IPC,406,1,1
13434,IPC,395,1,1
13435,IPC,66D-ITACT,1,1
13436,IPC,323,1,1
13437,IPC,304,1,1
13438,IPC,498A,1,1
13439,IPC,66D-ITACT,1,1
13440,NDPS,20,1,1
13441,IPC,420,1,1
13442,IPC,379,1,1
13443,IPC,323,1,1
13444,IPC,379,1,1
13445,IPC,498A,1,1
13446,IPC,323,1,1
13447,IPC,144,1,1
13448,IPC,323,1,1
13449,IPC,66D-ITACT,1,1
13450,IPC,147,1,1
13451,IPC,395,1,1
13452,IPC,498A,1,1
13453,IPC,379A,1,1
13454,IPC,436,1,1
13455,IPC,323,1,1
13456,IPC,379,1,1
13457,IPC,379,1,1
13458,IPC,489A,1,1
13459,IPC,420,1,1
13460,IPC,436,1,1
13461,IPC,326,1,1
13462,IPC,392,1,1
13463,IPC,392,1,1
13464,IPC,323,1,1
13465,IPC,323,1,1
13466,IPC,392,1,1
13467,IPC,326,1,1
13468,IPC,323,1,1
13469,IPC,498A,1,1
13470,IPC,326,1,1
13471,IPC,379A,1,1
13472,IPC,323,1,1
13473,IPC,66D-ITACT,1,1
13474,IPC,304,1,1
13475,IPC,436,1,1
13476,IPC,498A,1,1
13477,IPC,379,1,1
13478,IPC,323,1,1
13479,IPC,420,1,1
13480,IPC,420,1,1
13481,IPC,436,1,1
13482,IPC,379,1,1
13483,IPC,498A,1,1
13484,IPC,420,1,1
13485,IPC,379,1,1
13486,IPC,323,1,1
13487,IPC,326,1,1
13488,IPC,379,1,1
13489,IPC,354,1,1
13490,IPC,395,1,1
13491,IPC,379A,1,1
13492,IPC,379A,1,1
13493,IPC,323,1,1
13494,IPC,379,1,1
13495,IPC,302,1,1
13496,IPC,304B,1,1
13497,NDPS,20,1,1
13498,IPC,354,1,1
13499,IPC,379,1,1
13500,IPC,147,1,1
13501,IPC,376,1,1
13502,IPC,354,1,1
13503,IPC,379,1,1
13504,IPC,379A,1,1
13505,IPC,66D-ITACT,1,1
13506,IPC,379,1,1
13507,IPC,420,1,1
13508,IPC,392,1,1
13509,POCSO,4,1,1
13510,BNS,103,1,1
13510,IPC,302,2,2
13511,BNS,64,1,1
13512,IPC,66D-ITACT,1,1
13513,IPC,326,1,1
13514,IPC,66D-ITACT,1,1
13515,IPC,420,1,1
13516,IPC,144,1,1
13517,IPC,380,1,1
13518,IPC,323,1,1
13519,IPC,323,1,1
13520,IPC,436,1,1
13521,IPC,380,1,1
13522,IPC,363,1,1
13523,IPC,144,1,1
13524,IPC,323,1,1
13525,IPC,498A,1,1
13526,IPC,144,1,1
13527,IPC,66D-ITACT,1,1
13528,IPC,66D-ITACT,1,1
13529,IPC,379,1,1
13530,IPC,436,1,1
13531,NDPS,20,1,1
13532,IPC,66D-ITACT,1,1
13533,IPC,147,1,1
13534,IPC,379,1,1
13535,IPC,379,1,1
13536,ARMS,25,1,1
13537,IPC,379,1,1
13538,IPC,420,1,1
13539,IPC,354,1,1
13540,IPC,392,1,1
13541,IPC,379A,1,1
13542,IPC,406,1,1
13543,IPC,436,1,1
13544,NDPS,20,1,1
13545,IPC,354,1,1
13546,IPC,379,1,1
13547,IPC,380,1,1
13548,IPC,498A,1,1
13549,IPC,380,1,1
13550,IPC,376,1,1
13551,IPC,379,1,1
13552,IPC,304,1,1
13553,IPC,379A,1,1
13554,IPC,380,1,1
13555,IPC,406,1,1
13556,IPC,66D-ITACT,1,1
13557,IPC,326,1,1
13558,IPC,323,1,1
13559,IPC,323,1,1
13560,IPC,376,1,1
13560,BNS,64,2,2
13561,IPC,420,1,1
13562,IPC,326,1,1
13563,IPC,376,1,1
13564,IPC,376,1,1
13565,IPC,379,1,1
13566,IPC,498A,1,1
13567,IPC,66D-ITACT,1,1
13568,POCSO,4,1,1
13569,IPC,354,1,1
13570,IPC,379,1,1
13571,IPC,498A,1,1
13572,IPC,354,1,1
13573,IPC,406,1,1
13574,BNS,109,1,1
13575,IPC,363,1,1
13576,IPC,326,1,1
13577,IPC,379,1,1
13578,IPC,354,1,1
13579,IPC,66D-ITACT,1,1
13580,IPC,354,1,1
13581,IPC,326,1,1
13582,IPC,379,1,1
13583,IPC,420,1,1
13584,IPC,323,1,1
13585,IPC,436,1,1
13586,IPC,147,1,1
13587,IPC,323,1,1
13588,IPC,147,1,1
13589,BNS,109,1,1
13590,IPC,436,1,1
13591,IPC,66D-ITACT,1,1
13592,POCSO,4,1,1
13593,IPC,406,1,1
13594,IPC,323,1,1
13595,IPC,66D-ITACT,1,1
13596,POCSO,4,1,1
13597,IPC,326,1,1
13598,IPC,379A,1,1
13599,IPC,379,1,1
13600,IPC,379,1,1
13601,IPC,66D-ITACT,1,1
13602,IPC,379A,1,1
13603,IPC,379,1,1
13604,IPC,379,1,1
13605,IPC,379A,1,1
13606,IPC,363,1,1
13607,IPC,379,1,1
13608,IPC,323,1,1
13609,IPC,323,1,1
13610,IPC,326,1,1
13611,IPC,326,1,1
13612,IPC,420,1,1
13613,IPC,323,1,1
13614,IPC,498A,1,1
13615,IPC,323,1,1
13616,IPC,380,1,1
13617,IPC,376,1,1
13618,IPC,144,1,1
13619,IPC,323,1,1
13620,IPC,498A,1,1
13621,IPC,144,1,1
13622,IPC,380,1,1
13623,IPC,420,1,1
13624,IPC,66D-ITACT,1,1
13625,IPC,354,1,1
13626,IPC,420,1,1
13627,IPC,420,1,1
13628,IPC,436,1,1
13629,IPC,420,1,1
13630,IPC,379,1,1
13631,IPC,379A,1,1
13632,IPC,380,1,1
13633,IPC,489A,1,1
13634,IPC,420,1,1
13635,IPC,304B,1,1
13636,IPC,379A,1,1
13637,IPC,380,1,1
13638,IPC,379A,1,1
13639,IPC,304B,1,1
13640,IPC,420,1,1
13641,IPC,420,1,1
13642,IPC,326,1,1
13643,IPC,66D-ITACT,1,1
13644,IPC,326,1,1
13645,IPC,380,1,1
13646,IPC,323,1,1
13647,IPC,379A,1,1
13648,IPC,380,1,1
13649,IPC,354,1,1
13650,IPC,406,1,1
13651,IPC,304,1,1
13652,IPC,66D-ITACT,1,1
13653,IPC,326,1,1
13654,IPC,66D-ITACT,1,1
13655,IPC,379A,1,1
13656,IPC,363,1,1
13657,IPC,379A,1,1
13658,IPC,354,1,1
13659,IPC,304B,1,1
13660,IPC,379,1,1
13661,IPC,406,1,1
13662,IPC,323,1,1
13663,IPC,304,1,1
13664,IPC,323,1,1
13665,IPC,66D-ITACT,1,1
13666,IPC,392,1,1
13667,POCSO,4,1,1
13668,IPC,66D-ITACT,1,1
13669,IPC,376,1,1
13670,IPC,380,1,1
13671,IPC,436,1,1
13672,IPC,420,1,1
13673,IPC,392,1,1
13674,ARMS,25,1,1
13675,IPC,498A,1,1
13676,IPC,392,1,1
13677,IPC,363,1,1
13678,IPC,489A,1,1
13679,IPC,323,1,1
13680,IPC,420,1,1
13681,IPC,436,1,1
13682,IPC,379,1,1
13683,IPC,380,1,1
13684,NDPS,20,1,1
13685,IPC,379,1,1
13686,IPC,420,1,1
13687,IPC,379,1,1
13688,IPC,326,1,1
13689,IPC,406,1,1
13690,IPC,326,1,1
13691,IPC,66D-ITACT,1,1
13692,BNS,109,1,1
13693,IPC,379,1,1
13694,IPC,379,1,1
13695,IPC,323,1,1
13696,IPC,380,1,1
13697,IPC,379A,1,1
13698,IPC,379A,1,1
13699,IPC,498A,1,1
13700,IPC,436,1,1
13701,IPC,379A,1,1
13702,IPC,436,1,1
13703,IPC,406,1,1
13704,IPC,392,1,1
13705,IPC,420,1,1
13706,IPC,436,1,1
13707,IPC,354,1,1
13708,BNS,103,1,1
13709,IPC,420,1,1
13710,IPC,323,1,1
13711,IPC,379A,1,1
13712,IPC,66D-ITACT,1,1
13713,IPC,498A,1,1
13714,IPC,420,1,1
13715,IPC,323,1,1
13716,BNS,109,1,1
13716,IPC,307,2,2
13717,IPC,363,1,1
13718,IPC,379A,1,1
13719,IPC,66D-ITACT,1,1
13720,IPC,363,1,1
13721,ARMS,27,1,1
13722,IPC,323,1,1
13723,IPC,326,1,1
13724,IPC,326,1,1
13725,IPC,302,1,1
13726,IPC,379,1,1
13727,IPC,380,1,1
13728,IPC,66D-ITACT,1,1
13729,IPC,420,1,1
13730,IPC,323,1,1
13731,IPC,420,1,1
13732,IPC,379,1,1
13733,IPC,420,1,1
13734,IPC,406,1,1
13735,IPC,379,1,1
13736,IPC,147,1,1
13737,IPC,66D-ITACT,1,1
13738,IPC,380,1,1
13739,IPC,66D-ITACT,1,1
13740,IPC,380,1,1
13741,IPC,420,1,1
13742,IPC,379,1,1
13743,IPC,379,1,1
13744,IPC,363,1,1
13745,IPC,379,1,1
13746,IPC,304,1,1
13747,IPC,304B,1,1
13748,IPC,144,1,1
13749,IPC,498A,1,1
13750,IPC,66D-ITACT,1,1
13751,IPC,420,1,1
13752,IPC,406,1,1
13753,IPC,406,1,1
13754,IPC,380,1,1
13755,IPC,66D-ITACT,1,1
13756,IPC,392,1,1
13757,IPC,66D-ITACT,1,1
13758,IPC,326,1,1
13759,IPC,326,1,1
13760,IPC,379,1,1
13761,IPC,406,1,1
13762,IPC,354,1,1
13763,IPC,363,1,1
13764,IPC,379A,1,1
13765,POCSO,4,1,1
13766,IPC,376,1,1
13767,IPC,380,1,1
13768,IPC,420,1,1
13769,IPC,379,1,1
13770,IPC,498A,1,1
13771,IPC,406,1,1
13772,IPC,354,1,1
13773,IPC,66D-ITACT,1,1
13774,IPC,379A,1,1
13775,IPC,323,1,1
13776,IPC,66D-ITACT,1,1
13777,IPC,498A,1,1
13778,IPC,304B,1,1
13779,IPC,144,1,1
13780,IPC,406,1,1
13781,IPC,379,1,1
13782,IPC,147,1,1
13783,IPC,395,1,1
13784,IPC,144,1,1
13785,IPC,420,1,1
13786,IPC,380,1,1
13787,IPC,420,1,1
13788,IPC,323,1,1
13789,IPC,379A,1,1
13790,IPC,147,1,1
13791,IPC,380,1,1
13792,IPC,354,1,1
13793,IPC,326,1,1
13794,IPC,326,1,1
13795,IPC,66D-ITACT,1,1
13796,IPC,379,1,1
13797,NDPS,20,1,1
13798,IPC,380,1,1
13799,IPC,379A,1,1
13800,IPC,420,1,1
13801,IPC,379,1,1
13802,BNS,109,1,1
13803,ARMS,25,1,1
13804,IPC,66D-ITACT,1,1
13805,IPC,66D-ITACT,1,1
13806,IPC,379A,1,1
13807,IPC,420,1,1
13808,IPC,379,1,1
13809,IPC,420,1,1
13810,NDPS,20,1,1
13811,IPC,420,1,1
13812,IPC,379,1,1
13813,IPC,379,1,1
13814,IPC,66D-ITACT,1,1
13815,IPC,406,1,1
13816,IPC,379A,1,1
13817,IPC,420,1,1
13818,IPC,326,1,1
13819,IPC,66D-ITACT,1,1
13820,IPC,379A,1,1
13821,IPC,379,1,1
13822,IPC,354,1,1
13823,IPC,379,1,1
13824,IPC,498A,1,1
13825,IPC,363,1,1
13826,IPC,323,1,1
13827,IPC,323,1,1
13828,IPC,379,1,1
13829,IPC,379,1,1
13830,IPC,66D-ITACT,1,1
13831,IPC,420,1,1
13832,IPC,379,1,1
13833,IPC,379,1,1
13834,IPC,379A,1,1
13835,IPC,380,1,1
13836,IPC,392,1,1
13837,IPC,379,1,1
13838,IPC,354,1,1
13839,IPC,379,1,1
13840,IPC,66D-ITACT,1,1
13841,IPC,147,1,1
13842,IPC,392,1,1
13843,IPC,379A,1,1
13844,IPC,379A,1,1
13845,IPC,380,1,1
13846,IPC,395,1,1
13847,IPC,379,1,1
13848,IPC,406,1,1
13849,IPC,307,1,1
13849,BNS,109,2,2
13850,IPC,392,1,1
13851,IPC,363,1,1
13852,IPC,379,1,1
13853,IPC,323,1,1
13854,IPC,420,1,1
13855,IPC,323,1,1
13856,IPC,326,1,1
13857,IPC,379,1,1
13858,IPC,66D-ITACT,1,1
13859,IPC,379,1,1
13860,IPC,304B,1,1
13861,IPC,379A,1,1
13862,IPC,380,1,1
13863,IPC,326,1,1
13864,IPC,380,1,1
13865,IPC,420,1,1
13866,IPC,380,1,1
13867,POCSO,4,1,1
13868,IPC,380,1,1
13869,IPC,379A,1,1
13870,IPC,354,1,1
13871,NDPS,20,1,1
13872,IPC,380,1,1
13873,IPC,380,1,1
13874,IPC,354,1,1
13875,IPC,147,1,1
13876,IPC,326,1,1
13877,POCSO,4,1,1
13878,IPC,380,1,1
13879,IPC,379A,1,1
13880,BNS,109,1,1
13881,IPC,392,1,1
13882,IPC,379,1,1
13883,IPC,395,1,1
13884,IPC,379,1,1
13885,IPC,66D-ITACT,1,1
13886,IPC,323,1,1
13887,IPC,379A,1,1
13888,IPC,380,1,1
13889,IPC,379,1,1
13890,IPC,323,1,1
13891,IPC,406,1,1
13892,IPC,379,1,1
13893,POCSO,4,1,1
13894,IPC,363,1,1
13895,IPC,66D-ITACT,1,1
13896,IPC,144,1,1
13897,IPC,323,1,1
13898,IPC,498A,1,1
13899,IPC,420,1,1
13900,IPC,379,1,1
13901,IPC,498A,1,1
13902,IPC,420,1,1
13903,IPC,354,1,1
13904,IPC,326,1,1
13905,IPC,489A,1,1
13906,IPC,354,1,1
13907,BNS,103,1,1
13908,IPC,66D-ITACT,1,1
13909,IPC,380,1,1
13910,IPC,395,1,1
13911,IPC,395,1,1
13912,IPC,326,1,1
13913,IPC,420,1,1
13914,IPC,323,1,1
13915,IPC,420,1,1
13916,IPC,66D-ITACT,1,1
13917,IPC,379,1,1
13918,IPC,323,1,1
13919,IPC,379,1,1
13920,IPC,498A,1,1
13921,IPC,304B,1,1
13922,IPC,66D-ITACT,1,1
13923,IPC,420,1,1
13924,IPC,380,1,1
13925,IPC,66D-ITACT,1,1
13926,IPC,379,1,1
13927,BNS,64,1,1
13928,IPC,379,1,1
13929,POCSO,4,1,1
13930,IPC,498A,1,1
13931,IPC,66D-ITACT,1,1
13932,IPC,420,1,1
13933,IPC,379,1,1
13934,NDPS,20,1,1
13935,IPC,354,1,1
13936,IPC,380,1,1
13937,IPC,380,1,1
13938,IPC,363,1,1
13939,IPC,354,1,1
13940,IPC,379A,1,1
13941,IPC,147,1,1
13942,IPC,354,1,1
13943,IPC,354,1,1
13944,IPC,379,1,1
13945,IPC,66D-ITACT,1,1
13946,IPC,489A,1,1
13947,IPC,354,1,1
13948,IPC,380,1,1
13949,IPC,379,1,1
13950,IPC,379,1,1
13951,IPC,380,1,1
13952,IPC,406,1,1
13953,IPC,323,1,1
13954,IPC,380,1,1
13955,IPC,323,1,1
13956,IPC,420,1,1
13957,IPC,420,1,1
13958,IPC,498A,1,1
13959,IPC,323,1,1
13960,BNS,109,1,1
13961,IPC,363,1,1
13962,IPC,380,1,1
13963,IPC,379,1,1
13964,IPC,420,1,1
13965,IPC,379A,1,1
13966,IPC,420,1,1
13967,IPC,420,1,1
13968,NDPS,20,1,1
13969,ARMS,27,1,1
13969,ARMS,25,2,2
13970,IPC,498A,1,1
13971,IPC,323,1,1
13972,IPC,66D-ITACT,1,1
13973,IPC,406,1,1
13974,IPC,147,1,1
13975,IPC,392,1,1
13976,POCSO,4,1,1
13977,IPC,304,1,1
13978,IPC,379A,1,1
13979,IPC,420,1,1
13980,IPC,420,1,1
13981,IPC,144,1,1
13982,IPC,420,1,1
13983,IPC,326,1,1
13984,IPC,420,1,1
13985,IPC,420,1,1
13986,IPC,307,1,1
13987,IPC,498A,1,1
13988,IPC,392,1,1
13989,IPC,392,1,1
13990,ARMS,27,1,1
13991,IPC,326,1,1
13992,IPC,304B,1,1
13993,IPC,380,1,1
13994,IPC,392,1,1
13995,IPC,379,1,1
13996,IPC,379,1,1
13997,IPC,379A,1,1
13998,IPC,379,1,1
13999,IPC,379A,1,1
14000,IPC,379,1,1
14001,IPC,379,1,1
14002,IPC,379,1,1
14003,IPC,380,1,1
14004,IPC,379,1,1
14005,IPC,392,1,1
14006,IPC,379A,1,1
14007,IPC,392,1,1
14008,IPC,380,1,1
14009,IPC,304,1,1
14010,IPC,326,1,1
14011,IPC,379,1,1
14012,IPC,379,1,1
14013,IPC,379A,1,1
14014,IPC,354,1,1
14015,IPC,380,1,1
14016,IPC,380,1,1
14017,IPC,420,1,1
14018,IPC,436,1,1
14019,IPC,323,1,1
14020,IPC,326,1,1
14021,IPC,379,1,1
14022,IPC,302,1,1
14022,BNS,103,2,2
14023,IPC,392,1,1
14024,IPC,379,1,1
14025,IPC,379,1,1
14026,IPC,380,1,1
14027,IPC,379,1,1
14028,IPC,376,1,1
14029,IPC,420,1,1
14030,IPC,392,1,1
14031,IPC,420,1,1
14032,IPC,380,1,1
14033,IPC,379,1,1
14034,IPC,354,1,1
14035,IPC,420,1,1
14036,IPC,498A,1,1
14037,IPC,354,1,1
14038,IPC,379A,1,1
14039,IPC,406,1,1
14040,IPC,406,1,1
14041,IPC,392,1,1
14042,IPC,379,1,1
14043,IPC,498A,1,1
14044,IPC,498A,1,1
14045,IPC,379,1,1
14046,IPC,392,1,1
14047,IPC,379A,1,1
14048,IPC,436,1,1
14049,POCSO,4,1,1
14050,IPC,436,1,1
14051,IPC,498A,1,1
14052,IPC,379,1,1
14053,IPC,379A,1,1
14054,IPC,379A,1,1
14055,IPC,379,1,1
14056,IPC,392,1,1
14057,IPC,379,1,1
14058,IPC,406,1,1
14059,IPC,392,1,1
14060,IPC,307,1,1
14061,IPC,323,1,1
14062,IPC,379,1,1
14063,IPC,379,1,1
14064,IPC,436,1,1
14065,IPC,436,1,1
14066,IPC,66D-ITACT,1,1
14067,IPC,379,1,1
14068,IPC,420,1,1
14069,IPC,354,1,1
14070,IPC,304,1,1
14071,IPC,379,1,1
14072,IPC,379,1,1
14073,IPC,379A,1,1
14074,IPC,406,1,1
14075,IPC,436,1,1
14076,IPC,323,1,1
14077,IPC,144,1,1
14078,IPC,147,1,1
14079,IPC,326,1,1
14080,IPC,379,1,1
14081,IPC,489A,1,1
14082,IPC,420,1,1
14083,IPC,498A,1,1
14084,IPC,323,1,1
14085,IPC,379A,1,1
14086,IPC,420,1,1
14087,IPC,326,1,1
14088,IPC,304B,1,1
14089,IPC,363,1,1
14090,IPC,326,1,1
14091,IPC,144,1,1
14092,IPC,392,1,1
14093,IPC,380,1,1
14094,IPC,323,1,1
14095,NDPS,20,1,1
14096,IPC,379A,1,1
14097,IPC,489A,1,1
14098,IPC,379A,1,1
14099,IPC,326,1,1
14100,IPC,498A,1,1
14101,IPC,392,1,1
14102,IPC,380,1,1
14103,IPC,395,1,1
14104,IPC,326,1,1
14105,IPC,380,1,1
14106,IPC,379,1,1
14107,IPC,379,1,1
14108,IPC,379,1,1
14109,IPC,379,1,1
14110,IPC,323,1,1
14111,IPC,392,1,1
14112,IPC,392,1,1
14113,IPC,379A,1,1
14114,IPC,420,1,1
14115,BNS,109,1,1
14116,IPC,420,1,1
14117,IPC,498A,1,1
14118,IPC,380,1,1
14119,IPC,304,1,1
14120,IPC,436,1,1
14121,IPC,436,1,1
14122,IPC,379,1,1
14123,IPC,392,1,1
14124,IPC,379,1,1
14125,IPC,323,1,1
14126,IPC,66D-ITACT,1,1
14127,IPC,304,1,1
14128,IPC,326,1,1
14129,IPC,376,1,1
14130,IPC,392,1,1
14131,IPC,326,1,1
14132,NDPS,20,1,1
14133,IPC,489A,1,1
14134,IPC,392,1,1
14135,IPC,406,1,1
14136,IPC,147,1,1
14137,IPC,379,1,1
14138,NDPS,20,1,1
14139,NDPS,20,1,1
14140,BNS,64,1,1
14141,IPC,354,1,1
14142,IPC,326,1,1
14143,IPC,380,1,1
14144,POCSO,4,1,1
14145,IPC,406,1,1
14146,IPC,379A,1,1
14147,IPC,379,1,1
14148,IPC,144,1,1
14149,IPC,379,1,1
14150,IPC,380,1,1
14151,IPC,420,1,1
14152,IPC,302,1,1
14153,IPC,395,1,1
14154,IPC,489A,1,1
14155,IPC,392,1,1
14156,IPC,420,1,1
14157,IPC,323,1,1
14158,BNS,109,1,1
14159,IPC,379,1,1
14160,IPC,326,1,1
14161,IPC,380,1,1
14162,IPC,379,1,1
14163,IPC,147,1,1
14164,POCSO,4,1,1
14165,IPC,354,1,1
14166,IPC,323,1,1
14167,IPC,498A,1,1
14168,IPC,420,1,1
14169,IPC,323,1,1
14170,IPC,380,1,1
14171,IPC,379,1,1
14172,IPC,436,1,1
14173,IPC,489A,1,1
14174,IPC,147,1,1
14175,IPC,379,1,1
14176,IPC,326,1,1
14177,IPC,392,1,1
14178,IPC,420,1,1
14179,ARMS,25,1,1
14180,IPC,379,1,1
14181,IPC,379,1,1
14182,IPC,66D-ITACT,1,1
14183,IPC,363,1,1
14184,BNS,109,1,1
14185,IPC,420,1,1
14186,IPC,66D-ITACT,1,1
14187,IPC,379,1,1
14188,IPC,144,1,1
14189,IPC,380,1,1
14190,IPC,354,1,1
14191,IPC,323,1,1
14192,IPC,420,1,1
14193,IPC,323,1,1
14194,IPC,363,1,1
14195,IPC,420,1,1
14196,IPC,323,1,1
14197,IPC,363,1,1
14198,IPC,379,1,1
14199,IPC,323,1,1
14200,IPC,420,1,1
14201,IPC,380,1,1
14202,NDPS,20,1,1
14203,NDPS,20,1,1
14204,IPC,379,1,1
14205,IPC,66D-ITACT,1,1
14206,IPC,406,1,1
14207,IPC,379,1,1
14208,IPC,380,1,1
14209,IPC,144,1,1
14210,IPC,363,1,1
14211,IPC,304,1,1
14212,BNS,109,1,1
14212,IPC,307,2,2
14213,IPC,379,1,1
14214,IPC,380,1,1
14215,IPC,379A,1,1
14216,IPC,379,1,1
14217,IPC,354,1,1
14218,IPC,436,1,1
14219,NDPS,20,1,1
14220,IPC,354,1,1
14221,IPC,66D-ITACT,1,1
14222,IPC,489A,1,1
14223,IPC,379A,1,1
14224,IPC,406,1,1
14225,IPC,379A,1,1
14226,IPC,147,1,1
14227,IPC,144,1,1
14228,IPC,66D-ITACT,1,1
14229,IPC,66D-ITACT,1,1
14230,NDPS,20,1,1
14231,IPC,66D-ITACT,1,1
14232,IPC,379,1,1
14233,IPC,379,1,1
14234,IPC,392,1,1
14235,IPC,379,1,1
14236,IPC,379,1,1
14237,IPC,147,1,1
14238,IPC,498A,1,1
14239,IPC,323,1,1
14240,IPC,304B,1,1
14241,IPC,379,1,1
14242,IPC,392,1,1
14243,IPC,436,1,1
14244,IPC,147,1,1
14245,IPC,376,1,1
14246,IPC,376,1,1
14247,IPC,379A,1,1
14248,ARMS,27,1,1
14249,IPC,380,1,1
14250,NDPS,20,1,1
14251,IPC,380,1,1
14252,IPC,498A,1,1
14253,IPC,379,1,1
14254,IPC,144,1,1
14255,IPC,326,1,1
14256,IPC,147,1,1
14257,IPC,323,1,1
14258,IPC,406,1,1
14259,NDPS,20,1,1
14260,NDPS,20,1,1
14261,IPC,498A,1,1
14262,IPC,326,1,1
14263,IPC,363,1,1
14264,IPC,420,1,1
14265,IPC,379,1,1
14266,IPC,307,1,1
14267,IPC,379A,1,1
14268,IPC,66D-ITACT,1,1
14269,IPC,66D-ITACT,1,1
14270,IPC,323,1,1
14271,IPC,392,1,1
14272,IPC,420,1,1
14273,IPC,379A,1,1
14274,BNS,109,1,1
14275,IPC,380,1,1
14276,IPC,66D-ITACT,1,1
14277,BNS,103,1,1
14278,IPC,66D-ITACT,1,1
14279,IPC,379,1,1
14280,IPC,379A,1,1
14281,IPC,304B,1,1
14282,IPC,354,1,1
14283,IPC,379A,1,1
14284,IPC,66D-ITACT,1,1
14285,IPC,420,1,1
14286,BNS,109,1,1
14287,IPC,498A,1,1
14288,IPC,380,1,1
14289,IPC,323,1,1
14290,IPC,379,1,1
14291,IPC,392,1,1
14292,IPC,420,1,1
14293,IPC,66D-ITACT,1,1
14294,IPC,380,1,1
14295,IPC,144,1,1
14296,IPC,304B,1,1
14297,IPC,323,1,1
14298,IPC,498A,1,1
14299,IPC,379,1,1
14300,IPC,66D-ITACT,1,1
14301,IPC,66D-ITACT,1,1
14302,IPC,380,1,1
14303,IPC,66D-ITACT,1,1
14304,IPC,326,1,1
14305,IPC,326,1,1
14306,IPC,323,1,1
14307,IPC,326,1,1
14308,IPC,323,1,1
14309,IPC,379,1,1
14310,IPC,379,1,1
14311,IPC,66D-ITACT,1,1
14312,NDPS,20,1,1
14313,IPC,498A,1,1
14314,IPC,66D-ITACT,1,1
14315,NDPS,20,1,1
14316,IPC,379,1,1
14317,IPC,379,1,1
14318,IPC,379,1,1
14319,IPC,379,1,1
14320,IPC,380,1,1
14321,IPC,420,1,1
14322,IPC,66D-ITACT,1,1
14323,NDPS,20,1,1
14324,IPC,436,1,1
14325,IPC,379,1,1
14326,POCSO,4,1,1
14327,IPC,392,1,1
14328,IPC,379,1,1
14329,IPC,379,1,1
14330,POCSO,4,1,1
14331,IPC,420,1,1
14332,IPC,392,1,1
14333,IPC,379A,1,1
14334,IPC,326,1,1
14335,IPC,392,1,1
14336,IPC,363,1,1
14337,IPC,379A,1,1
14338,IPC,406,1,1
14339,IPC,307,1,1
14340,IPC,379,1,1
14341,IPC,144,1,1
14342,IPC,144,1,1
14343,IPC,498A,1,1
14344,IPC,363,1,1
14345,IPC,380,1,1
14346,IPC,406,1,1
14347,IPC,379A,1,1
14348,IPC,420,1,1
14349,IPC,406,1,1
14350,IPC,379A,1,1
14351,BNS,64,1,1
14352,IPC,379A,1,1
14353,IPC,379A,1,1
14354,IPC,326,1,1
14355,IPC,436,1,1
14356,IPC,380,1,1
14357,IPC,498A,1,1
14358,IPC,379,1,1
14359,IPC,379A,1,1
14360,IPC,326,1,1
14361,IPC,379A,1,1
14362,IPC,498A,1,1
14363,IPC,323,1,1
14364,IPC,304B,1,1
14365,IPC,363,1,1
14366,IPC,420,1,1
14367,IPC,354,1,1
14368,IPC,379,1,1
14369,IPC,326,1,1
14370,IPC,363,1,1
14371,IPC,326,1,1
14372,NDPS,20,1,1
14373,IPC,326,1,1
14374,IPC,147,1,1
14375,IPC,406,1,1
14376,IPC,323,1,1
14377,IPC,354,1,1
14378,IPC,379,1,1
14379,IPC,147,1,1
14380,IPC,323,1,1
14381,IPC,379A,1,1
14382,IPC,323,1,1
14383,IPC,323,1,1
14384,IPC,392,1,1
14385,IPC,323,1,1
14386,IPC,363,1,1
14387,IPC,420,1,1
14388,IPC,66D-ITACT,1,1
14389,IPC,406,1,1
14390,IPC,420,1,1
14391,POCSO,4,1,1
14392,IPC,380,1,1
14393,IPC,354,1,1
14394,IPC,406,1,1
14395,IPC,363,1,1
14396,NDPS,20,1,1
14397,IPC,380,1,1
14398,ARMS,27,1,1
14399,IPC,354,1,1
14400,IPC,420,1,1
14401,IPC,379,1,1
14402,IPC,379,1,1
14403,ARMS,25,1,1
14404,IPC,66D-ITACT,1,1
14405,IPC,304,1,1
14406,IPC,379,1,1
14407,IPC,380,1,1
14408,IPC,406,1,1
14409,IPC,380,1,1
14410,IPC,420,1,1
14411,IPC,66D-ITACT,1,1
14412,IPC,147,1,1
14413,IPC,498A,1,1
14414,IPC,323,1,1
14415,IPC,66D-ITACT,1,1
14416,IPC,436,1,1
14417,IPC,498A,1,1
14418,IPC,379,1,1
14419,IPC,379,1,1
14420,IPC,392,1,1
14421,IPC,498A,1,1
14422,IPC,420,1,1
14423,IPC,379,1,1
14424,IPC,326,1,1
14425,IPC,380,1,1
14426,IPC,144,1,1
14427,IPC,379,1,1
14428,IPC,420,1,1
14429,IPC,323,1,1
14430,IPC,379,1,1
14431,IPC,420,1,1
14432,IPC,326,1,1
14433,IPC,498A,1,1
14434,IPC,395,1,1
14435,IPC,420,1,1
14436,IPC,323,1,1
14437,IPC,420,1,1
14438,IPC,379,1,1
14439,IPC,379,1,1
14440,IPC,147,1,1
14441,IPC,498A,1,1
14442,IPC,66D-ITACT,1,1
14443,IPC,379,1,1
14444,IPC,498A,1,1
14445,IPC,66D-ITACT,1,1
14446,IPC,379,1,1
14447,IPC,498A,1,1
14448,IPC,66D-ITACT,1,1
14449,IPC,66D-ITACT,1,1
14450,IPC,379,1,1
14451,IPC,323,1,1
14452,IPC,323,1,1
14453,IPC,379A,1,1
14454,IPC,147,1,1
14455,POCSO,4,1,1
14456,IPC,354,1,1
14457,IPC,144,1,1
14458,IPC,323,1,1
14459,IPC,379,1,1
14460,IPC,323,1,1
14461,IPC,420,1,1
14462,IPC,380,1,1
14463,IPC,379A,1,1
14464,IPC,147,1,1
14465,IPC,379,1,1
14466,IPC,147,1,1
14467,IPC,420,1,1
14468,IPC,406,1,1
14469,IPC,66D-ITACT,1,1
14470,IPC,420,1,1
14471,IPC,498A,1,1
14472,IPC,323,1,1
14473,IPC,420,1,1
14474,IPC,326,1,1
14475,IPC,323,1,1
14476,IPC,354,1,1
14477,IPC,354,1,1
14478,IPC,354,1,1
14479,ARMS,27,1,1
14480,IPC,66D-ITACT,1,1
14481,IPC,323,1,1
14482,IPC,144,1,1
14483,IPC,379,1,1
14484,IPC,379A,1,1
14485,IPC,326,1,1
14486,IPC,302,1,1
14487,IPC,323,1,1
14488,BNS,109,1,1
14488,IPC,307,2,2
14489,IPC,380,1,1
14490,IPC,147,1,1
14491,IPC,323,1,1
14492,IPC,363,1,1
14493,IPC,326,1,1
14494,IPC,326,1,1
14495,IPC,420,1,1
14496,IPC,379A,1,1
14497,IPC,147,1,1
14498,IPC,420,1,1
14499,ARMS,27,1,1
14500,IPC,323,1,1
14501,IPC,323,1,1
14502,NDPS,20,1,1
14503,IPC,363,1,1
14504,IPC,144,1,1
14505,IPC,380,1,1
14506,IPC,379,1,1
14507,POCSO,4,1,1
14508,IPC,406,1,1
14509,IPC,379,1,1
14510,IPC,354,1,1
14511,NDPS,20,1,1
14512,IPC,147,1,1
14513,IPC,379,1,1
14514,IPC,376,1,1
14515,IPC,323,1,1
14516,IPC,379,1,1
14517,IPC,354,1,1
14518,BNS,103,1,1
14519,IPC,380,1,1
14520,IPC,380,1,1
14521,IPC,66D-ITACT,1,1
14522,IPC,379,1,1
14523,IPC,304,1,1
14524,IPC,498A,1,1
14525,IPC,379A,1,1
14526,IPC,406,1,1
14527,IPC,380,1,1
14528,IPC,354,1,1
14529,IPC,323,1,1
14530,IPC,498A,1,1
14531,IPC,420,1,1
14532,IPC,392,1,1
14533,IPC,363,1,1
14534,IPC,379,1,1
14535,IPC,406,1,1
14536,IPC,304B,1,1
14537,IPC,323,1,1
14538,IPC,363,1,1
14539,IPC,489A,1,1
14540,IPC,498A,1,1
14541,IPC,498A,1,1
14542,IPC,436,1,1
14543,IPC,379A,1,1
14544,BNS,109,1,1
14545,IPC,323,1,1
14546,IPC,420,1,1
14547,ARMS,27,1,1
14548,IPC,379,1,1
14549,IPC,66D-ITACT,1,1
14550,IPC,379,1,1
14551,IPC,147,1,1
14552,IPC,420,1,1
14553,IPC,395,1,1
14554,IPC,66D-ITACT,1,1
14555,IPC,420,1,1
14556,IPC,326,1,1
14557,IPC,379,1,1
14558,IPC,379,1,1
14559,POCSO,4,1,1
14560,IPC,363,1,1
14561,IPC,380,1,1
14562,BNS,64,1,1
14563,IPC,380,1,1
14564,IPC,66D-ITACT,1,1
14565,IPC,379,1,1
14566,IPC,376,1,1
14567,IPC,144,1,1
14568,IPC,380,1,1
14569,IPC,147,1,1
14570,POCSO,4,1,1
14571,IPC,66D-ITACT,1,1
14572,IPC,323,1,1
14573,IPC,380,1,1
14574,IPC,304B,1,1
14575,IPC,395,1,1
14576,IPC,354,1,1
14577,IPC,379,1,1
14578,IPC,380,1,1
14579,IPC,379,1,1
14580,IPC,379,1,1
14581,IPC,420,1,1
14582,IPC,354,1,1
14583,IPC,323,1,1
14584,IPC,323,1,1
14585,IPC,323,1,1
14586,IPC,379,1,1
14587,IPC,323,1,1
14588,IPC,147,1,1
14589,IPC,380,1,1
14590,IPC,379,1,1
14591,IPC,380,1,1
14592,IPC,420,1,1
14593,IPC,380,1,1
14594,IPC,323,1,1
14595,IPC,395,1,1
14596,IPC,379,1,1
14597,IPC,420,1,1
14598,BNS,109,1,1
14599,IPC,420,1,1
14600,IPC,380,1,1
14601,IPC,379,1,1
14602,IPC,379,1,1
14603,IPC,147,1,1
14604,IPC,420,1,1
14605,IPC,420,1,1
14606,IPC,354,1,1
14607,IPC,363,1,1
14608,IPC,323,1,1
14609,IPC,66D-ITACT,1,1
14610,IPC,380,1,1
14611,IPC,379,1,1
14612,IPC,66D-ITACT,1,1
14613,IPC,144,1,1
14614,IPC,379,1,1
14615,IPC,363,1,1
14616,IPC,304,1,1
14617,IPC,354,1,1
14618,IPC,379,1,1
14619,IPC,379,1,1
14620,IPC,379,1,1
14621,IPC,66D-ITACT,1,1
14622,IPC,379A,1,1
14623,IPC,379,1,1
14624,NDPS,20,1,1
14625,IPC,380,1,1
14626,POCSO,4,1,1
14627,IPC,376,1,1
14628,IPC,379,1,1
14629,IPC,354,1,1
14630,IPC,380,1,1
14631,IPC,420,1,1
14632,IPC,363,1,1
14633,IPC,147,1,1
14634,IPC,489A,1,1
14635,IPC,379,1,1
14636,IPC,379,1,1
14637,IPC,379,1,1
14638,IPC,147,1,1
14639,IPC,379A,1,1
14640,IPC,147,1,1
14641,IPC,326,1,1
14642,IPC,302,1,1
14643,IPC,379,1,1
14644,IPC,66D-ITACT,1,1
14645,IPC,66D-ITACT,1,1
14646,IPC,66D-ITACT,1,1
14647,IPC,144,1,1
14648,IPC,323,1,1
14649,IPC,420,1,1
14650,IPC,498A,1,1
14651,IPC,144,1,1
14652,BNS,64,1,1
14653,NDPS,20,1,1
14654,IPC,379,1,1
14655,IPC,379,1,1
14656,IPC,147,1,1
14657,IPC,498A,1,1
14658,IPC,498A,1,1
14659,IPC,406,1,1
14660,IPC,304,1,1
14661,IPC,379,1,1
14662,IPC,323,1,1
14663,IPC,354,1,1
14664,IPC,498A,1,1
14665,IPC,379A,1,1
14666,IPC,304B,1,1
14667,IPC,392,1,1
14668,IPC,147,1,1
14669,IPC,379A,1,1
14670,IPC,379A,1,1
14671,IPC,379,1,1
14672,IPC,498A,1,1
14673,IPC,66D-ITACT,1,1
14674,IPC,420,1,1
14675,IPC,380,1,1
14676,IPC,147,1,1
14677,IPC,380,1,1
14678,IPC,147,1,1
14679,IPC,323,1,1
14680,IPC,392,1,1
14681,IPC,379,1,1
14682,IPC,144,1,1
14683,IPC,379,1,1
14684,IPC,379,1,1
14685,IPC,323,1,1
14686,IPC,323,1,1
14687,IPC,498A,1,1
14688,IPC,392,1,1
14689,IPC,420,1,1
14690,IPC,379,1,1
14691,IPC,66D-ITACT,1,1
14692,IPC,144,1,1
14693,IPC,326,1,1
14694,IPC,354,1,1
14695,IPC,392,1,1
14696,IPC,323,1,1
14697,IPC,406,1,1
14698,IPC,379,1,1
14699,IPC,420,1,1
14700,IPC,323,1,1
14701,IPC,66D-ITACT,1,1
14702,IPC,144,1,1
14703,POCSO,4,1,1
14704,IPC,323,1,1
14705,POCSO,4,1,1
14706,IPC,379,1,1
14707,IPC,436,1,1
14708,IPC,304,1,1
14709,IPC,498A,1,1
14710,IPC,66D-ITACT,1,1
14711,ARMS,25,1,1
14712,IPC,323,1,1
14713,ARMS,25,1,1
14714,NDPS,20,1,1
14715,IPC,498A,1,1
14716,IPC,406,1,1
14717,IPC,304,1,1
14718,IPC,379,1,1
14719,IPC,406,1,1
14720,IPC,498A,1,1
14721,IPC,498A,1,1
14722,IPC,323,1,1
14723,IPC,380,1,1
14724,IPC,379,1,1
14725,IPC,498A,1,1
14726,IPC,66D-ITACT,1,1
14727,IPC,498A,1,1
14728,IPC,379,1,1
14729,IPC,323,1,1
14730,IPC,406,1,1
14731,IPC,66D-ITACT,1,1
14732,IPC,302,1,1
14733,IPC,144,1,1
14734,IPC,379A,1,1
14735,IPC,498A,1,1
14736,IPC,420,1,1
14737,IPC,66D-ITACT,1,1
14738,IPC,379,1,1
14739,BNS,109,1,1
14739,IPC,307,2,2
14740,IPC,380,1,1
14741,NDPS,20,1,1
14742,IPC,323,1,1
14743,IPC,379A,1,1
14744,IPC,379,1,1
14745,IPC,379,1,1
14746,IPC,379,1,1
14747,IPC,323,1,1
14748,IPC,420,1,1
14749,IPC,323,1,1
14750,IPC,498A,1,1
14751,IPC,379A,1,1
14752,IPC,379A,1,1
14753,ARMS,25,1,1
14753,ARMS,27,2,2
14754,IPC,379,1,1
14755,IPC,363,1,1
14756,IPC,323,1,1
14757,IPC,147,1,1
14758,BNS,109,1,1
14759,IPC,406,1,1
14760,IPC,379,1,1
14761,IPC,380,1,1
14762,IPC,379,1,1
14763,IPC,66D-ITACT,1,1
14764,IPC,323,1,1
14765,IPC,379,1,1
14766,IPC,392,1,1
14767,NDPS,20,1,1
14768,IPC,406,1,1
14769,BNS,64,1,1
14769,IPC,376,2,2
14770,IPC,420,1,1
14771,BNS,64,1,1
14772,IPC,379,1,1
14773,IPC,66D-ITACT,1,1
14774,IPC,406,1,1
14775,IPC,376,1,1
14776,IPC,66D-ITACT,1,1
14777,IPC,392,1,1
14778,IPC,420,1,1
14779,IPC,406,1,1
14780,IPC,379,1,1
14781,IPC,379,1,1
14782,IPC,66D-ITACT,1,1
14783,IPC,380,1,1
14784,IPC,323,1,1
14785,IPC,380,1,1
14786,IPC,66D-ITACT,1,1
14787,IPC,354,1,1
14788,IPC,304,1,1
14789,IPC,379A,1,1
14790,IPC,354,1,1
14791,IPC,380,1,1
14792,IPC,498A,1,1
14793,IPC,380,1,1
14794,IPC,363,1,1
14795,IPC,307,1,1
14796,IPC,363,1,1
14797,IPC,498A,1,1
14798,IPC,379,1,1
14799,IPC,379,1,1
14800,IPC,323,1,1
14801,IPC,379,1,1
14802,IPC,323,1,1
14803,IPC,380,1,1
14804,IPC,392,1,1
14805,IPC,379A,1,1
14806,IPC,379,1,1
14807,IPC,66D-ITACT,1,1
14808,IPC,66D-ITACT,1,1
14809,IPC,420,1,1
14810,IPC,307,1,1
14811,IPC,379,1,1
14812,IPC,376,1,1
14812,BNS,64,2,2
14813,IPC,147,1,1
14814,IPC,420,1,1
14815,NDPS,20,1,1
14816,IPC,323,1,1
14817,IPC,323,1,1
14818,IPC,436,1,1
14819,IPC,354,1,1
14820,IPC,323,1,1
14821,IPC,66D-ITACT,1,1
14822,IPC,323,1,1
14823,IPC,395,1,1
14824,IPC,323,1,1
14825,IPC,379,1,1
14826,ARMS,25,1,1
14827,NDPS,20,1,1
14828,IPC,379A,1,1
14829,IPC,395,1,1
14830,IPC,326,1,1
14831,IPC,392,1,1
14832,IPC,436,1,1
14833,IPC,380,1,1
14834,IPC,379A,1,1
14835,IPC,379A,1,1
14836,IPC,379A,1,1
14837,IPC,380,1,1
14838,IPC,323,1,1
14839,IPC,498A,1,1
14840,IPC,380,1,1
14841,IPC,392,1,1
14842,IPC,326,1,1
14843,IPC,380,1,1
14844,IPC,379,1,1
14845,IPC,363,1,1
14846,IPC,379,1,1
14847,IPC,420,1,1
14848,IPC,376,1,1
14849,ARMS,25,1,1
14850,IPC,354,1,1
14851,IPC,498A,1,1
14852,IPC,436,1,1
14853,IPC,379,1,1
14854,IPC,326,1,1
14855,IPC,354,1,1
14856,IPC,354,1,1
14857,IPC,66D-ITACT,1,1
14858,IPC,323,1,1
14859,IPC,326,1,1
14860,IPC,379,1,1
14861,IPC,323,1,1
14862,IPC,392,1,1
14863,IPC,66D-ITACT,1,1
14864,IPC,323,1,1
14865,IPC,379,1,1
14866,IPC,144,1,1
14867,IPC,380,1,1
14868,IPC,144,1,1
14869,IPC,326,1,1
14870,IPC,363,1,1
14871,IPC,379,1,1
14872,IPC,379,1,1
14873,IPC,379A,1,1
14874,IPC,392,1,1
14875,IPC,144,1,1
14876,IPC,379,1,1
14877,IPC,392,1,1
14878,NDPS,20,1,1
14879,IPC,326,1,1
14880,IPC,379A,1,1
14881,BNS,64,1,1
14881,IPC,376,2,2
14882,IPC,498A,1,1
14883,IPC,380,1,1
14884,IPC,66D-ITACT,1,1
14885,NDPS,20,1,1
14886,IPC,376,1,1
14887,IPC,323,1,1
14888,IPC,379,1,1
14889,BNS,103,1,1
14889,IPC,302,2,2
14890,IPC,147,1,1
14891,IPC,379A,1,1
14892,IPC,498A,1,1
14893,IPC,379,1,1
14894,IPC,380,1,1
14895,IPC,304,1,1
14896,BNS,103,1,1
14897,IPC,147,1,1
14898,IPC,376,1,1
14898,BNS,64,2,2
14899,IPC,379A,1,1
14900,IPC,379,1,1
14901,IPC,66D-ITACT,1,1
14902,IPC,304,1,1
14903,IPC,354,1,1
14904,IPC,379,1,1
14905,IPC,379,1,1
14906,IPC,379,1,1
14907,IPC,363,1,1
14908,IPC,379,1,1
14909,IPC,392,1,1
14910,IPC,380,1,1
14911,IPC,326,1,1
14912,IPC,326,1,1
14913,IPC,498A,1,1
14914,IPC,379,1,1
14915,IPC,304B,1,1
14916,IPC,323,1,1
14917,NDPS,20,1,1
14918,IPC,498A,1,1
14919,IPC,380,1,1
14920,IPC,392,1,1
14921,IPC,380,1,1
14922,IPC,395,1,1
14923,IPC,379,1,1
14924,IPC,489A,1,1
14925,IPC,379,1,1
14926,IPC,380,1,1
14927,IPC,489A,1,1
14928,IPC,147,1,1
14929,IPC,420,1,1
14930,IPC,363,1,1
14931,IPC,376,1,1
14932,IPC,144,1,1
14933,IPC,326,1,1
14934,IPC,304,1,1
14935,IPC,380,1,1
14936,IPC,379,1,1
14937,IPC,420,1,1
14938,IPC,498A,1,1
14939,IPC,323,1,1
14940,IPC,379,1,1
14941,IPC,323,1,1
14942,IPC,379A,1,1
14943,POCSO,4,1,1
14944,IPC,379,1,1
14945,IPC,144,1,1
14946,IPC,379,1,1
14947,IPC,66D-ITACT,1,1
14948,IPC,323,1,1
14949,IPC,379A,1,1
14950,IPC,379,1,1
14951,IPC,379,1,1
14952,IPC,406,1,1
14953,IPC,380,1,1
14954,IPC,376,1,1
14955,IPC,392,1,1
14956,IPC,379,1,1
14957,IPC,379,1,1
14958,IPC,420,1,1
14959,IPC,66D-ITACT,1,1
14960,NDPS,20,1,1
14961,IPC,144,1,1
14962,IPC,379,1,1
14963,IPC,379,1,1
14964,IPC,326,1,1
14965,IPC,326,1,1
14966,IPC,406,1,1
14967,IPC,406,1,1
14968,IPC,354,1,1
14969,IPC,323,1,1
14970,IPC,380,1,1
14971,IPC,66D-ITACT,1,1
14972,IPC,66D-ITACT,1,1
14973,IPC,436,1,1
14974,IPC,66D-ITACT,1,1
14975,ARMS,25,1,1
14976,IPC,379A,1,1
14977,IPC,420,1,1
14978,IPC,420,1,1
14979,IPC,379,1,1
14980,IPC,380,1,1
14981,IPC,406,1,1
14982,ARMS,25,1,1
14983,IPC,420,1,1
14984,IPC,498A,1,1
14985,IPC,323,1,1
14986,IPC,406,1,1
14987,IPC,379A,1,1
14988,IPC,323,1,1
14989,IPC,392,1,1
14990,NDPS,20,1,1
14991,BNS,64,1,1
14991,IPC,376,2,2
14992,IPC,379,1,1
14993,IPC,392,1,1
14994,IPC,363,1,1
14995,IPC,420,1,1
14996,IPC,323,1,1
14997,IPC,420,1,1
14998,IPC,380,1,1
14999,IPC,323,1,1
15000,IPC,420,1,1
15001,IPC,420,1,1
15002,IPC,354,1,1
15003,IPC,304,1,1
15004,IPC,380,1,1
15005,IPC,323,1,1
15006,IPC,326,1,1
15007,IPC,379A,1,1
15008,ARMS,27,1,1
15009,IPC,379,1,1
15010,IPC,66D-ITACT,1,1
15011,IPC,420,1,1
15012,IPC,379,1,1
15013,POCSO,4,1,1
15014,IPC,302,1,1
15015,IPC,379A,1,1
15016,IPC,489A,1,1
15017,IPC,380,1,1
15018,IPC,379,1,1
15019,IPC,498A,1,1
15020,IPC,66D-ITACT,1,1
15021,POCSO,4,1,1
15022,NDPS,20,1,1
15023,IPC,144,1,1
15024,IPC,147,1,1
15025,IPC,379,1,1
15026,IPC,144,1,1
15027,IPC,395,1,1
15028,IPC,498A,1,1
15029,IPC,144,1,1
15030,IPC,379A,1,1
15031,IPC,66D-ITACT,1,1
15032,IPC,144,1,1
15033,IPC,302,1,1
15034,IPC,379,1,1
15035,IPC,498A,1,1
15036,IPC,380,1,1
15037,IPC,379A,1,1
15038,IPC,144,1,1
15039,IPC,66D-ITACT,1,1
15040,IPC,379A,1,1
15041,IPC,363,1,1
15042,IPC,379,1,1
15043,IPC,323,1,1
15044,IPC,66D-ITACT,1,1
15045,IPC,420,1,1
15046,IPC,380,1,1
15047,IPC,406,1,1
15048,IPC,323,1,1
15049,IPC,354,1,1
15050,ARMS,25,1,1
15051,IPC,379,1,1
15052,POCSO,4,1,1
15053,IPC,379,1,1
15054,ARMS,25,1,1
15055,IPC,144,1,1
15056,IPC,379A,1,1
15057,IPC,379,1,1
15058,IPC,323,1,1
15059,IPC,392,1,1
15060,ARMS,25,1,1
15061,IPC,379,1,1
15062,IPC,323,1,1
15063,IPC,326,1,1
15064,IPC,392,1,1
15065,IPC,304B,1,1
15066,IPC,498A,1,1
15067,IPC,379A,1,1
15068,IPC,379,1,1
15069,IPC,420,1,1
15070,IPC,379,1,1
15071,IPC,147,1,1
15072,IPC,304,1,1
15073,IPC,406,1,1
15074,IPC,392,1,1
15075,IPC,323,1,1
15076,IPC,66D-ITACT,1,1
15077,IPC,379A,1,1
15078,IPC,323,1,1
15079,IPC,326,1,1
15080,IPC,380,1,1
15081,IPC,144,1,1
15082,IPC,302,1,1
15082,BNS,103,2,2
15083,IPC,354,1,1
15084,IPC,354,1,1
15085,POCSO,4,1,1
15086,IPC,376,1,1
15087,IPC,66D-ITACT,1,1
15088,IPC,420,1,1
15089,IPC,379,1,1
15090,POCSO,4,1,1
15091,IPC,498A,1,1
15092,IPC,326,1,1
15093,IPC,363,1,1
15094,IPC,420,1,1
15095,IPC,379,1,1
15096,IPC,379,1,1
15097,IPC,420,1,1
15098,IPC,326,1,1
15099,IPC,363,1,1
15100,IPC,379,1,1
15101,IPC,420,1,1
15102,IPC,379,1,1
15103,IPC,380,1,1
15104,IPC,380,1,1
15105,IPC,379,1,1
15106,IPC,392,1,1
15107,IPC,420,1,1
15108,IPC,498A,1,1
15109,IPC,323,1,1
15110,IPC,420,1,1
15111,IPC,406,1,1
15112,IPC,66D-ITACT,1,1
15113,IPC,392,1,1
15114,NDPS,20,1,1
15115,IPC,354,1,1
15116,IPC,323,1,1
15117,IPC,420,1,1
15118,IPC,323,1,1
15119,IPC,379,1,1
15120,IPC,420,1,1
15121,IPC,326,1,1
15122,IPC,420,1,1
15123,IPC,406,1,1
15124,IPC,379,1,1
15125,BNS,109,1,1
15126,ARMS,27,1,1
15127,IPC,302,1,1
15128,IPC,66D-ITACT,1,1
15129,IPC,66D-ITACT,1,1
15130,IPC,66D-ITACT,1,1
15131,IPC,66D-ITACT,1,1
15132,IPC,354,1,1
15133,IPC,498A,1,1
15134,IPC,392,1,1
15135,IPC,379A,1,1
15136,IPC,354,1,1
15137,IPC,379,1,1
15138,IPC,498A,1,1
15139,IPC,420,1,1
15140,IPC,323,1,1
15141,IPC,326,1,1
15142,IPC,326,1,1
15143,IPC,380,1,1
15144,IPC,147,1,1
15145,IPC,380,1,1
15146,IPC,420,1,1
15147,IPC,392,1,1
15148,IPC,379,1,1
15149,IPC,406,1,1
15150,IPC,323,1,1
15151,IPC,379,1,1
15152,IPC,144,1,1
15153,IPC,144,1,1
15154,IPC,406,1,1
15155,IPC,144,1,1
15156,ARMS,25,1,1
15156,ARMS,27,2,2
15157,IPC,379,1,1
15158,IPC,323,1,1
15159,IPC,379,1,1
15160,IPC,406,1,1
15161,IPC,379,1,1
15162,IPC,66D-ITACT,1,1
15163,IPC,379,1,1
15164,IPC,326,1,1
15165,IPC,420,1,1
15166,IPC,392,1,1
15167,IPC,379A,1,1
15168,IPC,323,1,1
15169,IPC,379,1,1
15170,IPC,304,1,1
15171,IPC,379A,1,1
15172,IPC,436,1,1
15173,IPC,144,1,1
15174,IPC,323,1,1
15175,IPC,379,1,1
15176,IPC,379A,1,1
15177,IPC,379,1,1
15178,IPC,379A,1,1
15179,IPC,379,1,1
15180,IPC,498A,1,1
15181,IPC,392,1,1
15182,IPC,326,1,1
15183,IPC,379,1,1
15184,IPC,392,1,1
15185,IPC,66D-ITACT,1,1
15186,IPC,66D-ITACT,1,1
15187,IPC,420,1,1
15188,IPC,406,1,1
15189,IPC,326,1,1
15190,IPC,376,1,1
15191,IPC,323,1,1
15192,IPC,379,1,1
15193,IPC,379,1,1
15194,IPC,363,1,1
15195,IPC,379A,1,1
15196,IPC,66D-ITACT,1,1
15197,IPC,147,1,1
15198,IPC,406,1,1
15199,IPC,380,1,1
15200,IPC,379A,1,1
15201,IPC,379,1,1
15202,IPC,379,1,1
15203,IPC,406,1,1
15204,IPC,406,1,1
15205,IPC,326,1,1
15206,IPC,326,1,1
15207,IPC,323,1,1
15208,IPC,66D-ITACT,1,1
15209,IPC,66D-ITACT,1,1
15210,IPC,323,1,1
15211,ARMS,27,1,1
15212,IPC,326,1,1
15213,IPC,363,1,1
15214,ARMS,27,1,1
15215,IPC,380,1,1
15216,ARMS,27,1,1
15217,IPC,144,1,1
15218,IPC,498A,1,1
15219,IPC,498A,1,1
15220,IPC,304B,1,1
15221,IPC,420,1,1
15222,NDPS,20,1,1
15223,IPC,66D-ITACT,1,1
15224,IPC,323,1,1
15225,IPC,323,1,1
15226,IPC,326,1,1
15227,IPC,147,1,1
15228,IPC,323,1,1
15229,IPC,380,1,1
15230,IPC,326,1,1
15231,IPC,380,1,1
15232,NDPS,20,1,1
15233,IPC,379,1,1
15234,IPC,326,1,1
15235,IPC,392,1,1
15236,IPC,354,1,1
15237,IPC,144,1,1
15238,IPC,326,1,1
15239,IPC,323,1,1
15240,ARMS,25,1,1
15240,ARMS,27,2,2
15241,IPC,498A,1,1
15242,IPC,379A,1,1
15243,IPC,304B,1,1
15244,IPC,323,1,1
15245,IPC,420,1,1
15246,IPC,307,1,1
15247,IPC,323,1,1
15248,POCSO,4,1,1
15249,IPC,66D-ITACT,1,1
15250,BNS,109,1,1
15250,IPC,307,2,2
15251,IPC,379,1,1
15252,POCSO,4,1,1
15253,IPC,66D-ITACT,1,1
15254,IPC,144,1,1
15255,IPC,354,1,1
15256,IPC,379,1,1
15257,IPC,498A,1,1
15258,IPC,354,1,1
15259,IPC,147,1,1
15260,IPC,304B,1,1
15261,IPC,376,1,1
15261,BNS,64,2,2
15262,IPC,302,1,1
15263,IPC,326,1,1
15264,IPC,406,1,1
15265,IPC,379,1,1
15266,IPC,376,1,1
15267,IPC,379,1,1
15268,IPC,379A,1,1
15269,IPC,304B,1,1
15270,IPC,380,1,1
15271,IPC,66D-ITACT,1,1
15272,IPC,379,1,1
15273,IPC,380,1,1
15274,IPC,379,1,1
15275,IPC,379,1,1
15276,IPC,395,1,1
15277,IPC,498A,1,1
15278,IPC,379,1,1
15279,BNS,109,1,1
15279,IPC,307,2,2
15280,IPC,326,1,1
15281,IPC,406,1,1
15282,IPC,392,1,1
15283,IPC,304B,1,1
15284,IPC,379,1,1
15285,IPC,420,1,1
15286,IPC,379,1,1
15287,IPC,354,1,1
15288,IPC,144,1,1
15289,IPC,144,1,1
15290,IPC,392,1,1
15291,IPC,420,1,1
15292,IPC,379,1,1
15293,IPC,420,1,1
15294,IPC,379,1,1
15295,NDPS,20,1,1
15296,IPC,144,1,1
15297,IPC,420,1,1
15298,IPC,420,1,1
15299,IPC,147,1,1
15300,IPC,379A,1,1
15301,IPC,498A,1,1
15302,IPC,147,1,1
15303,IPC,66D-ITACT,1,1
15304,IPC,326,1,1
15305,IPC,323,1,1
15306,IPC,379A,1,1
15307,POCSO,4,1,1
15308,IPC,420,1,1
15309,IPC,304B,1,1
15310,IPC,392,1,1
15311,IPC,420,1,1
15312,IPC,420,1,1
15313,IPC,420,1,1
15314,IPC,379,1,1
15315,IPC,380,1,1
15316,IPC,379A,1,1
15317,IPC,392,1,1
15318,IPC,323,1,1
15319,IPC,379,1,1
15320,IPC,323,1,1
15321,IPC,147,1,1
15322,IPC,379,1,1
15323,IPC,144,1,1
15324,IPC,379,1,1
15325,IPC,323,1,1
15326,IPC,379,1,1
15327,IPC,379,1,1
15328,NDPS,20,1,1
15329,IPC,406,1,1
15330,IPC,420,1,1
15331,IPC,395,1,1
15332,IPC,354,1,1
15333,IPC,420,1,1
15334,IPC,379,1,1
15335,IPC,380,1,1
15336,IPC,323,1,1
15337,IPC,147,1,1
15338,IPC,326,1,1
15339,IPC,326,1,1
15340,IPC,323,1,1
15341,IPC,66D-ITACT,1,1
15342,IPC,392,1,1
15343,IPC,323,1,1
15344,IPC,326,1,1
15345,BNS,109,1,1
15346,IPC,380,1,1
15347,BNS,103,1,1
15348,IPC,379,1,1
15349,IPC,379A,1,1
15350,IPC,406,1,1
15351,IPC,354,1,1
15352,IPC,147,1,1
15353,IPC,498A,1,1
15354,IPC,323,1,1
15355,IPC,395,1,1
15356,IPC,66D-ITACT,1,1
15357,IPC,326,1,1
15358,IPC,380,1,1
15359,IPC,379A,1,1
15360,IPC,323,1,1
15361,IPC,379,1,1
15362,IPC,392,1,1
15363,IPC,144,1,1
15364,IPC,380,1,1
15365,IPC,392,1,1
15366,IPC,380,1,1
15367,IPC,379,1,1
15368,IPC,323,1,1
15369,IPC,406,1,1
15370,IPC,66D-ITACT,1,1
15371,BNS,109,1,1
15372,IPC,498A,1,1
15373,IPC,379,1,1
15374,IPC,354,1,1
15375,IPC,380,1,1
15376,IPC,354,1,1
15377,IPC,363,1,1
15378,IPC,379A,1,1
15379,IPC,379,1,1
15380,IPC,144,1,1
15381,IPC,323,1,1
15382,IPC,304,1,1
15383,IPC,66D-ITACT,1,1
15384,IPC,323,1,1
15385,IPC,379,1,1
15386,IPC,379,1,1
15387,IPC,323,1,1
15388,IPC,66D-ITACT,1,1
15389,IPC,420,1,1
15390,IPC,66D-ITACT,1,1
15391,IPC,436,1,1
15392,IPC,379,1,1
15393,IPC,392,1,1
15394,IPC,66D-ITACT,1,1
15395,IPC,395,1,1
15396,IPC,379,1,1
15397,IPC,392,1,1
15398,IPC,304,1,1
15399,IPC,376,1,1
15400,IPC,406,1,1
15401,IPC,379A,1,1
15402,IPC,379A,1,1
15403,IPC,379A,1,1
15404,ARMS,27,1,1
15405,IPC,326,1,1
15406,IPC,354,1,1
15407,IPC,354,1,1
15408,IPC,323,1,1
15409,IPC,406,1,1
15410,IPC,354,1,1
15411,IPC,379,1,1
15412,IPC,498A,1,1
15413,IPC,66D-ITACT,1,1
15414,IPC,66D-ITACT,1,1
15415,IPC,363,1,1
15416,IPC,379,1,1
15417,IPC,304,1,1
15418,IPC,379A,1,1
15419,IPC,380,1,1
15420,IPC,379,1,1
15421,IPC,323,1,1
15422,IPC,147,1,1
15423,IPC,379,1,1
15424,IPC,379,1,1
15425,IPC,147,1,1
15426,BNS,103,1,1
15427,IPC,498A,1,1
15428,IPC,379,1,1
15429,IPC,302,1,1
15430,IPC,420,1,1
15431,IPC,323,1,1
15432,IPC,363,1,1
15433,IPC,66D-ITACT,1,1
15434,IPC,323,1,1
15435,IPC,380,1,1
15436,IPC,379,1,1
15437,IPC,380,1,1
15438,IPC,379,1,1
15439,IPC,379,1,1
15440,IPC,144,1,1
15441,BNS,64,1,1
15441,IPC,376,2,2
15442,IPC,66D-ITACT,1,1
15443,IPC,379,1,1
15444,IPC,66D-ITACT,1,1
15445,IPC,379A,1,1
15446,IPC,326,1,1
15447,IPC,379A,1,1
15448,IPC,326,1,1
15449,IPC,323,1,1
15450,IPC,304B,1,1
15451,IPC,323,1,1
15452,IPC,379,1,1
15453,BNS,109,1,1
15454,NDPS,20,1,1
15455,IPC,326,1,1
15456,IPC,498A,1,1
15457,IPC,380,1,1
15458,IPC,436,1,1
15459,IPC,420,1,1
15460,IPC,420,1,1
15461,IPC,376,1,1
15462,IPC,379A,1,1
15463,IPC,406,1,1
15464,IPC,392,1,1
15465,IPC,380,1,1
15466,IPC,66D-ITACT,1,1
15467,IPC,420,1,1
15468,IPC,323,1,1
15469,BNS,109,1,1
15469,IPC,307,2,2
15470,POCSO,4,1,1
15471,IPC,436,1,1
15472,IPC,392,1,1
15473,IPC,323,1,1
15474,IPC,498A,1,1
15475,IPC,66D-ITACT,1,1
15476,IPC,379A,1,1
15477,IPC,323,1,1
15478,IPC,304B,1,1
15479,IPC,304,1,1
15480,IPC,379,1,1
15481,IPC,406,1,1
15482,IPC,498A,1,1
15483,IPC,498A,1,1
15484,IPC,379A,1,1
15485,IPC,498A,1,1
15486,IPC,304,1,1
15487,IPC,379,1,1
15488,IPC,498A,1,1
15489,IPC,354,1,1
15490,IPC,498A,1,1
15491,POCSO,4,1,1
15492,IPC,379,1,1
15493,IPC,406,1,1
15494,IPC,323,1,1
15495,IPC,420,1,1
15496,IPC,380,1,1
15497,IPC,406,1,1
15498,IPC,354,1,1
15499,IPC,66D-ITACT,1,1
15500,IPC,498A,1,1
15501,IPC,379,1,1
15502,IPC,66D-ITACT,1,1
15503,ARMS,27,1,1
15504,IPC,66D-ITACT,1,1
15505,IPC,326,1,1
15506,IPC,379,1,1
15507,IPC,392,1,1
15508,IPC,379,1,1
15509,IPC,379,1,1
15510,IPC,379,1,1
15511,IPC,498A,1,1
15512,IPC,379A,1,1
15513,IPC,379,1,1
15514,BNS,109,1,1
15515,IPC,420,1,1
15516,IPC,66D-ITACT,1,1
15517,IPC,379,1,1
15518,BNS,109,1,1
15518,IPC,307,2,2
15519,IPC,420,1,1
15520,IPC,379,1,1
15521,IPC,420,1,1
15522,IPC,379A,1,1
15523,IPC,379,1,1
15524,IPC,380,1,1
15525,IPC,379,1,1
15526,IPC,379,1,1
15527,ARMS,25,1,1
15528,IPC,406,1,1
15529,IPC,379A,1,1
15530,IPC,66D-ITACT,1,1
15531,IPC,144,1,1
15532,IPC,379,1,1
15533,IPC,380,1,1
15534,IPC,380,1,1
15535,IPC,66D-ITACT,1,1
15536,IPC,323,1,1
15537,IPC,379A,1,1
15538,IPC,379,1,1
15539,IPC,326,1,1
15540,IPC,380,1,1
15541,IPC,147,1,1
15542,IPC,302,1,1
15543,IPC,498A,1,1
15544,IPC,379,1,1
15545,IPC,380,1,1
15546,IPC,498A,1,1
15547,IPC,420,1,1
15548,IPC,379A,1,1
15549,IPC,380,1,1
15550,IPC,395,1,1
15551,IPC,420,1,1
15552,IPC,144,1,1
15553,IPC,436,1,1
15554,IPC,302,1,1
15555,IPC,363,1,1
15556,IPC,380,1,1
15557,IPC,379,1,1
15558,NDPS,20,1,1
15559,IPC,420,1,1
15560,IPC,379,1,1
15561,IPC,406,1,1
15562,IPC,66D-ITACT,1,1
15563,IPC,379,1,1
15564,IPC,323,1,1
15565,IPC,420,1,1
15566,IPC,66D-ITACT,1,1
15567,IPC,379,1,1
15568,IPC,354,1,1
15569,IPC,498A,1,1
15570,IPC,379,1,1
15571,IPC,498A,1,1
15572,IPC,498A,1,1
15573,IPC,379A,1,1
15574,IPC,323,1,1
15575,IPC,380,1,1
15576,IPC,379,1,1
15577,IPC,498A,1,1
15578,IPC,498A,1,1
15579,IPC,144,1,1
15580,IPC,354,1,1
15581,IPC,379,1,1
15582,IPC,376,1,1
15583,IPC,379A,1,1
15584,IPC,379,1,1
15585,IPC,498A,1,1
15586,ARMS,25,1,1
15587,IPC,406,1,1
15588,IPC,66D-ITACT,1,1
15589,POCSO,4,1,1
15590,IPC,326,1,1
15591,IPC,406,1,1
15592,IPC,379,1,1
15593,IPC,380,1,1
15594,IPC,379,1,1
15595,IPC,380,1,1
15596,IPC,66D-ITACT,1,1
15597,IPC,323,1,1
15598,IPC,392,1,1
15599,IPC,420,1,1
15600,IPC,498A,1,1
15601,IPC,420,1,1
15602,IPC,379A,1,1
15603,IPC,380,1,1
15604,IPC,406,1,1
15605,IPC,379,1,1
15606,IPC,379A,1,1
15607,IPC,380,1,1
15608,IPC,66D-ITACT,1,1
15609,IPC,66D-ITACT,1,1
15610,IPC,147,1,1
15611,POCSO,4,1,1
15612,IPC,304B,1,1
15613,BNS,103,1,1
15614,IPC,380,1,1
15615,IPC,376,1,1
15615,BNS,64,2,2
15616,IPC,380,1,1
15617,IPC,498A,1,1
15618,IPC,323,1,1
15619,IPC,66D-ITACT,1,1
15620,IPC,326,1,1
15621,IPC,379,1,1
15622,IPC,379,1,1
15623,IPC,379A,1,1
15624,IPC,379A,1,1
15625,IPC,66D-ITACT,1,1
15626,IPC,380,1,1
15627,IPC,323,1,1
15628,IPC,498A,1,1
15629,IPC,379,1,1
15630,IPC,379,1,1
15631,IPC,66D-ITACT,1,1
15632,IPC,420,1,1
15633,IPC,302,1,1
15634,IPC,420,1,1
15635,IPC,380,1,1
15636,IPC,354,1,1
15637,IPC,380,1,1
15638,IPC,406,1,1
15639,BNS,64,1,1
15639,IPC,376,2,2
15640,IPC,144,1,1
15641,IPC,498A,1,1
15642,IPC,326,1,1
15643,IPC,147,1,1
15644,IPC,66D-ITACT,1,1
15645,IPC,66D-ITACT,1,1
15646,IPC,392,1,1
15647,POCSO,4,1,1
15648,IPC,66D-ITACT,1,1
15649,IPC,380,1,1
15650,IPC,392,1,1
15651,IPC,326,1,1
15652,IPC,66D-ITACT,1,1
15653,IPC,379,1,1
15654,IPC,392,1,1
15655,IPC,326,1,1
15656,IPC,379A,1,1
15657,IPC,380,1,1
15658,IPC,379,1,1
15659,IPC,392,1,1
15660,IPC,363,1,1
15661,IPC,323,1,1
15662,IPC,323,1,1
15663,NDPS,20,1,1
15664,NDPS,20,1,1
15665,IPC,66D-ITACT,1,1
15666,IPC,326,1,1
15667,IPC,406,1,1
15668,IPC,376,1,1
15669,BNS,64,1,1
15670,IPC,379,1,1
15671,IPC,420,1,1
15672,IPC,420,1,1
15673,IPC,379A,1,1
15674,IPC,363,1,1
15675,IPC,379,1,1
15676,IPC,420,1,1
15677,IPC,307,1,1
15678,IPC,323,1,1
15679,IPC,323,1,1
15680,IPC,379A,1,1
15681,IPC,406,1,1
15682,NDPS,20,1,1
15683,IPC,323,1,1
15684,IPC,436,1,1
15685,IPC,66D-ITACT,1,1
15686,IPC,379,1,1
15687,IPC,420,1,1
15688,IPC,392,1,1
15689,IPC,66D-ITACT,1,1
15690,IPC,379A,1,1
15691,IPC,354,1,1
15692,ARMS,27,1,1
15692,ARMS,25,2,2
15693,IPC,379,1,1
15694,IPC,380,1,1
15695,IPC,326,1,1
15696,IPC,323,1,1
15697,IPC,498A,1,1
15698,IPC,323,1,1
15699,IPC,379,1,1
15700,IPC,379A,1,1
15701,IPC,323,1,1
15702,IPC,379,1,1
15703,IPC,380,1,1
15704,IPC,354,1,1
15705,IPC,326,1,1
15706,IPC,66D-ITACT,1,1
15707,IPC,379,1,1
15708,IPC,420,1,1
15709,IPC,354,1,1
15710,IPC,66D-ITACT,1,1
15711,IPC,379A,1,1
15712,IPC,380,1,1
15713,IPC,379,1,1
15714,IPC,392,1,1
15715,IPC,498A,1,1
15716,IPC,379,1,1
15717,BNS,109,1,1
15718,IPC,66D-ITACT,1,1
15719,IPC,354,1,1
15720,NDPS,20,1,1
15721,IPC,323,1,1
15722,IPC,420,1,1
15723,IPC,420,1,1
15724,IPC,379,1,1
15725,IPC,144,1,1
15726,IPC,406,1,1
15727,IPC,326,1,1
15728,IPC,66D-ITACT,1,1
15729,IPC,66D-ITACT,1,1
15730,IPC,354,1,1
15731,IPC,363,1,1
15732,IPC,376,1,1
15733,IPC,379,1,1
15734,IPC,379,1,1
15735,IPC,498A,1,1
15736,NDPS,20,1,1
15737,IPC,420,1,1
15738,IPC,323,1,1
15739,IPC,379,1,1
15740,IPC,379,1,1
15741,POCSO,4,1,1
15742,IPC,420,1,1
15743,IPC,498A,1,1
15744,IPC,66D-ITACT,1,1
15745,IPC,66D-ITACT,1,1
15746,IPC,498A,1,1
15747,IPC,379,1,1
15748,IPC,66D-ITACT,1,1
15749,IPC,392,1,1
15750,NDPS,20,1,1
15751,IPC,392,1,1
15752,IPC,379,1,1
15753,IPC,323,1,1
15754,IPC,323,1,1
15755,IPC,379,1,1
15756,IPC,420,1,1
15757,ARMS,27,1,1
15757,ARMS,25,2,2
15758,IPC,436,1,1
15759,IPC,379,1,1
15760,IPC,392,1,1
15761,IPC,379,1,1
15762,IPC,66D-ITACT,1,1
15763,IPC,380,1,1
15764,ARMS,27,1,1
15765,IPC,380,1,1
15766,IPC,304B,1,1
15767,IPC,354,1,1
15768,IPC,326,1,1
15769,IPC,323,1,1
15770,IPC,323,1,1
15771,IPC,392,1,1
15772,IPC,147,1,1
15773,IPC,144,1,1
15774,IPC,380,1,1
15775,IPC,379,1,1
15776,IPC,380,1,1
15777,IPC,323,1,1
15778,IPC,379A,1,1
15779,IPC,323,1,1
15780,POCSO,4,1,1
15781,IPC,66D-ITACT,1,1
15782,IPC,489A,1,1
15783,IPC,392,1,1
15784,IPC,304B,1,1
15785,IPC,326,1,1
15786,BNS,103,1,1
15787,IPC,66D-ITACT,1,1
15788,IPC,376,1,1
15789,IPC,379,1,1
15790,NDPS,20,1,1
15791,IPC,323,1,1
15792,ARMS,25,1,1
15792,ARMS,27,2,2
15793,IPC,379A,1,1
15794,IPC,323,1,1
15795,IPC,379A,1,1
15796,IPC,420,1,1
15797,IPC,380,1,1
15798,IPC,420,1,1
15799,IPC,379,1,1
15800,IPC,498A,1,1
15801,IPC,380,1,1
15802,IPC,380,1,1
15803,IPC,379,1,1
15804,IPC,379,1,1
15805,IPC,354,1,1
15806,IPC,354,1,1
15807,IPC,498A,1,1
15808,IPC,326,1,1
15809,IPC,379,1,1
15810,BNS,64,1,1
15811,IPC,392,1,1
15812,NDPS,20,1,1
15813,IPC,380,1,1
15814,IPC,326,1,1
15815,IPC,147,1,1
15816,IPC,395,1,1
15817,IPC,379,1,1
15818,IPC,498A,1,1
15819,IPC,406,1,1
15820,IPC,363,1,1
15821,IPC,379,1,1
15822,IPC,379,1,1
15823,IPC,379,1,1
15824,IPC,379,1,1
15825,IPC,354,1,1
15826,IPC,363,1,1
15827,IPC,379,1,1
15828,IPC,379A,1,1
15829,IPC,379,1,1
15830,IPC,498A,1,1
15831,IPC,498A,1,1
15832,IPC,379A,1,1
15833,IPC,406,1,1
15834,NDPS,20,1,1
15835,IPC,144,1,1
15836,IPC,66D-ITACT,1,1
15837,IPC,379A,1,1
15838,IPC,380,1,1
15839,ARMS,25,1,1
15840,IPC,379,1,1
15841,NDPS,20,1,1
15842,IPC,144,1,1
15843,IPC,363,1,1
15844,IPC,380,1,1
15845,IPC,326,1,1
15846,IPC,326,1,1
15847,IPC,304,1,1
15848,IPC,323,1,1
15849,IPC,323,1,1
15850,IPC,380,1,1
15851,IPC,392,1,1
15852,IPC,66D-ITACT,1,1
15853,IPC,363,1,1
15854,IPC,323,1,1
15855,IPC,326,1,1
15856,IPC,354,1,1
15857,IPC,326,1,1
15858,IPC,379,1,1
15859,IPC,406,1,1
15860,IPC,379,1,1
15861,IPC,66D-ITACT,1,1
15862,IPC,354,1,1
15863,IPC,380,1,1
15864,IPC,436,1,1
15865,IPC,326,1,1
15866,IPC,392,1,1
15867,IPC,66D-ITACT,1,1
15868,NDPS,20,1,1
15869,IPC,395,1,1
15870,ARMS,27,1,1
15871,BNS,103,1,1
15872,IPC,420,1,1
15873,IPC,66D-ITACT,1,1
15874,IPC,379,1,1
15875,IPC,66D-ITACT,1,1
15876,IPC,323,1,1
15877,IPC,379,1,1
15878,IPC,379,1,1
15879,IPC,406,1,1
15880,IPC,323,1,1
15881,IPC,379A,1,1
15882,IPC,420,1,1
15883,IPC,144,1,1
15884,POCSO,4,1,1
15885,IPC,304,1,1
15886,IPC,380,1,1
15887,IPC,323,1,1
15888,IPC,323,1,1
15889,IPC,379A,1,1
15890,IPC,66D-ITACT,1,1
15891,IPC,498A,1,1
15892,IPC,379,1,1
15893,IPC,498A,1,1
15894,IPC,379,1,1
15895,IPC,323,1,1
15896,IPC,379,1,1
15897,IPC,307,1,1
15897,BNS,109,2,2
15898,ARMS,25,1,1
15898,ARMS,27,2,2
15899,IPC,380,1,1
15900,ARMS,25,1,1
15901,IPC,379,1,1
15902,IPC,379,1,1
15903,IPC,144,1,1
15904,IPC,380,1,1
15905,IPC,420,1,1
15906,IPC,66D-ITACT,1,1
15907,IPC,304B,1,1
15908,IPC,380,1,1
15909,IPC,354,1,1
15910,IPC,379,1,1
15911,IPC,323,1,1
15912,IPC,363,1,1
15913,IPC,498A,1,1
15914,IPC,376,1,1
15915,IPC,379,1,1
15916,IPC,323,1,1
15917,IPC,392,1,1
15918,IPC,66D-ITACT,1,1
15919,IPC,323,1,1
15920,IPC,498A,1,1
15921,IPC,406,1,1
15922,IPC,66D-ITACT,1,1
15923,IPC,380,1,1
15924,IPC,380,1,1
15925,IPC,406,1,1
15926,IPC,379,1,1
15927,IPC,420,1,1
15928,IPC,379,1,1
15929,IPC,380,1,1
15930,IPC,420,1,1
15931,IPC,144,1,1
15932,IPC,66D-ITACT,1,1
15933,IPC,66D-ITACT,1,1
15934,IPC,66D-ITACT,1,1
15935,IPC,379A,1,1
15936,IPC,66D-ITACT,1,1
15937,IPC,66D-ITACT,1,1
15938,POCSO,4,1,1
15939,IPC,379,1,1
15940,IPC,498A,1,1
15941,IPC,379,1,1
15942,IPC,307,1,1
15943,NDPS,20,1,1
15944,IPC,354,1,1
15945,IPC,147,1,1
15946,IPC,498A,1,1
15947,IPC,379,1,1
15948,BNS,64,1,1
15949,IPC,144,1,1
15950,IPC,380,1,1
15951,IPC,380,1,1
15952,IPC,326,1,1
15953,IPC,323,1,1
15954,IPC,323,1,1
15955,IPC,323,1,1
15956,IPC,147,1,1
15957,IPC,323,1,1
15958,IPC,379,1,1
15959,IPC,323,1,1
15960,IPC,379,1,1
15961,IPC,436,1,1
15962,IPC,379,1,1
15963,IPC,379A,1,1
15964,IPC,379A,1,1
15965,IPC,354,1,1
15966,IPC,498A,1,1
15967,IPC,354,1,1
15968,IPC,392,1,1
15969,IPC,66D-ITACT,1,1
15970,IPC,66D-ITACT,1,1
15971,IPC,498A,1,1
15972,IPC,380,1,1
15973,IPC,379A,1,1
15974,IPC,392,1,1
15975,IPC,406,1,1
15976,IPC,379,1,1
15977,IPC,498A,1,1
15978,IPC,498A,1,1
15979,IPC,323,1,1
15980,IPC,379,1,1
15981,IPC,420,1,1
15982,IPC,420,1,1
15983,IPC,323,1,1
15984,IPC,323,1,1
15985,IPC,354,1,1
15986,IPC,420,1,1
15987,IPC,380,1,1
15988,IPC,392,1,1
15989,IPC,363,1,1
15990,IPC,379,1,1
15991,IPC,420,1,1
15992,IPC,323,1,1
15993,IPC,379A,1,1
15994,IPC,379,1,1
15995,ARMS,27,1,1
15995,ARMS,25,2,2
15996,IPC,323,1,1
15997,IPC,323,1,1
15998,IPC,392,1,1
15999,IPC,392,1,1
16000,POCSO,4,1,1
16001,IPC,498A,1,1
16002,IPC,498A,1,1
16003,IPC,379,1,1
16004,IPC,379,1,1
16005,IPC,147,1,1
16006,IPC,380,1,1
16007,IPC,379,1,1
16008,IPC,380,1,1
16009,IPC,420,1,1
16010,IPC,326,1,1
16011,IPC,420,1,1
16012,IPC,380,1,1
16013,IPC,436,1,1
16014,IPC,354,1,1
16015,IPC,354,1,1
16016,IPC,354,1,1
16017,IPC,380,1,1
16018,BNS,64,1,1
16019,IPC,379,1,1
16020,IPC,436,1,1
16021,IPC,66D-ITACT,1,1
16022,IPC,380,1,1
16023,IPC,420,1,1
16024,IPC,420,1,1
16025,IPC,379,1,1
16026,IPC,144,1,1
16027,IPC,379,1,1
16028,IPC,323,1,1
16029,ARMS,27,1,1
16029,ARMS,25,2,2
16030,IPC,420,1,1
16031,IPC,66D-ITACT,1,1
16032,IPC,420,1,1
16033,IPC,379A,1,1
16034,IPC,323,1,1
16035,IPC,395,1,1
16036,IPC,354,1,1
16037,IPC,379A,1,1
16038,IPC,66D-ITACT,1,1
16039,NDPS,20,1,1
16040,ARMS,27,1,1
16041,IPC,147,1,1
16042,IPC,66D-ITACT,1,1
16043,BNS,64,1,1
16044,IPC,379,1,1
16045,IPC,379,1,1
16046,NDPS,20,1,1
16047,IPC,326,1,1
16048,IPC,379,1,1
16049,IPC,379,1,1
16050,IPC,489A,1,1
16051,IPC,380,1,1
16052,IPC,379,1,1
16053,POCSO,4,1,1
16054,IPC,304B,1,1
16055,IPC,436,1,1
16056,IPC,379A,1,1
16057,IPC,379,1,1
16058,IPC,379,1,1
16059,BNS,109,1,1
16060,IPC,406,1,1
16061,IPC,326,1,1
16062,IPC,392,1,1
16063,IPC,66D-ITACT,1,1
16064,NDPS,20,1,1
16065,POCSO,4,1,1
16066,IPC,498A,1,1
16067,IPC,380,1,1
16068,IPC,489A,1,1
16069,IPC,144,1,1
16070,IPC,380,1,1
16071,IPC,323,1,1
16072,IPC,323,1,1
16073,IPC,147,1,1
16074,IPC,326,1,1
16075,IPC,379,1,1
16076,IPC,379A,1,1
16077,IPC,323,1,1
16078,IPC,379,1,1
16079,IPC,379A,1,1
16080,IPC,379,1,1
16081,IPC,323,1,1
16082,IPC,498A,1,1
16083,IPC,379A,1,1
16084,IPC,323,1,1
16085,IPC,379,1,1
16086,IPC,379,1,1
16087,IPC,147,1,1
16088,IPC,379,1,1
16089,IPC,498A,1,1
16090,IPC,147,1,1
16091,IPC,406,1,1
16092,IPC,420,1,1
16093,IPC,379,1,1
16094,ARMS,25,1,1
16095,IPC,376,1,1
16096,IPC,380,1,1
16097,IPC,379,1,1
16098,IPC,66D-ITACT,1,1
16099,IPC,326,1,1
16100,IPC,66D-ITACT,1,1
16101,IPC,66D-ITACT,1,1
16102,IPC,420,1,1
16103,IPC,380,1,1
16104,IPC,147,1,1
16105,IPC,392,1,1
16106,IPC,326,1,1
16107,IPC,326,1,1
16108,IPC,420,1,1
16109,IPC,323,1,1
16110,IPC,363,1,1
16111,IPC,379,1,1
16112,IPC,323,1,1
16113,IPC,323,1,1
16114,IPC,379,1,1
16115,IPC,144,1,1
16116,IPC,323,1,1
16117,IPC,380,1,1
16118,IPC,379A,1,1
16119,IPC,498A,1,1
16120,IPC,498A,1,1
16121,IPC,376,1,1
16122,POCSO,4,1,1
16123,IPC,406,1,1
16124,IPC,489A,1,1
16125,IPC,420,1,1
16126,IPC,376,1,1
16127,IPC,323,1,1
16128,IPC,302,1,1
16129,IPC,379,1,1
16130,IPC,354,1,1
16131,IPC,363,1,1
16132,IPC,379,1,1
16133,IPC,379,1,1
16134,IPC,323,1,1
16135,IPC,379,1,1
16136,IPC,326,1,1
16137,IPC,380,1,1
16138,IPC,380,1,1
16139,IPC,498A,1,1
16140,IPC,323,1,1
16141,IPC,302,1,1
16142,IPC,380,1,1
16143,IPC,489A,1,1
16144,IPC,304,1,1
16145,IPC,420,1,1
16146,IPC,304B,1,1
16147,IPC,323,1,1
16148,IPC,326,1,1
16149,IPC,380,1,1
16150,BNS,64,1,1
16151,IPC,379A,1,1
16152,IPC,380,1,1
16153,IPC,326,1,1
16154,IPC,144,1,1
16155,IPC,379,1,1
16156,IPC,379,1,1
16157,IPC,436,1,1
16158,IPC,379,1,1
16159,IPC,66D-ITACT,1,1
16160,IPC,66D-ITACT,1,1
16161,IPC,379,1,1
16162,IPC,498A,1,1
16163,IPC,380,1,1
16164,IPC,323,1,1
16165,IPC,66D-ITACT,1,1
16166,IPC,354,1,1
16167,IPC,326,1,1
16168,IPC,379,1,1
16169,IPC,363,1,1
16170,IPC,326,1,1
16171,IPC,144,1,1
16172,IPC,147,1,1
16173,IPC,498A,1,1
16174,IPC,379,1,1
16175,IPC,380,1,1
16176,IPC,379,1,1
16177,IPC,498A,1,1
16178,IPC,144,1,1
16179,IPC,380,1,1
16180,IPC,380,1,1
16181,IPC,380,1,1
16182,IPC,379,1,1
16183,IPC,420,1,1
16184,IPC,498A,1,1
16185,IPC,326,1,1
16186,POCSO,4,1,1
16187,IPC,379,1,1
16188,IPC,379A,1,1
16189,IPC,420,1,1
16190,NDPS,20,1,1
16191,IPC,326,1,1
16192,IPC,380,1,1
16193,IPC,323,1,1
16194,IPC,379A,1,1
16195,IPC,380,1,1
16196,IPC,323,1,1
16197,IPC,323,1,1
16198,IPC,379,1,1
16199,IPC,380,1,1
16200,IPC,498A,1,1
16201,IPC,379,1,1
16202,IPC,323,1,1
16203,IPC,363,1,1
16204,IPC,379,1,1
16205,IPC,354,1,1
16206,IPC,380,1,1
16207,IPC,379A,1,1
16208,ARMS,25,1,1
16209,IPC,380,1,1
16210,IPC,66D-ITACT,1,1
16211,IPC,380,1,1
16212,IPC,498A,1,1
16213,IPC,144,1,1
16214,IPC,498A,1,1
16215,IPC,379A,1,1
16216,IPC,323,1,1
16217,IPC,302,1,1
16218,IPC,326,1,1
16219,IPC,376,1,1
16220,IPC,380,1,1
16221,IPC,379,1,1
16222,IPC,326,1,1
16223,IPC,420,1,1
16224,IPC,379A,1,1
16225,IPC,323,1,1
16226,IPC,379A,1,1
16227,IPC,379,1,1
16228,IPC,379A,1,1
16229,IPC,379A,1,1
16230,IPC,420,1,1
16231,IPC,380,1,1
16232,IPC,354,1,1
16233,IPC,323,1,1
16234,IPC,379,1,1
16235,IPC,326,1,1
16236,IPC,420,1,1
16237,IPC,379A,1,1
16238,IPC,302,1,1
16239,IPC,304B,1,1
16240,IPC,379A,1,1
16241,IPC,66D-ITACT,1,1
16242,IPC,144,1,1
16243,IPC,392,1,1
16244,IPC,379,1,1
16245,IPC,420,1,1
16246,IPC,379,1,1
16247,IPC,379A,1,1
16248,IPC,379,1,1
16249,NDPS,20,1,1
16250,IPC,380,1,1
16251,IPC,323,1,1
16252,IPC,406,1,1
16253,IPC,420,1,1
16254,IPC,420,1,1
16255,IPC,379,1,1
16256,IPC,392,1,1
16257,IPC,420,1,1
16258,IPC,489A,1,1
16259,IPC,326,1,1
16260,IPC,392,1,1
16261,IPC,66D-ITACT,1,1
16262,IPC,323,1,1
16263,NDPS,20,1,1
16264,IPC,379A,1,1
16265,IPC,379,1,1
16266,IPC,304,1,1
16267,IPC,498A,1,1
16268,IPC,323,1,1
16269,IPC,379A,1,1
16270,IPC,379,1,1
16271,IPC,379,1,1
16272,IPC,326,1,1
16273,IPC,144,1,1
16274,IPC,380,1,1
16275,IPC,420,1,1
16276,IPC,354,1,1
16277,IPC,379,1,1
16278,IPC,498A,1,1
16279,NDPS,20,1,1
16280,IPC,379,1,1
16281,IPC,304B,1,1
16282,IPC,379,1,1
16283,IPC,323,1,1
16284,IPC,498A,1,1
16285,IPC,406,1,1
16286,IPC,326,1,1
16287,IPC,436,1,1
16288,IPC,498A,1,1
16289,NDPS,20,1,1
16290,NDPS,20,1,1
16291,IPC,354,1,1
16292,IPC,302,1,1
16292,BNS,103,2,2
16293,IPC,392,1,1
16294,IPC,379A,1,1
16295,IPC,379,1,1
16296,IPC,380,1,1
16297,IPC,392,1,1
16298,IPC,392,1,1
16299,IPC,323,1,1
16300,IPC,66D-ITACT,1,1
16301,IPC,379,1,1
16302,IPC,392,1,1
16303,IPC,66D-ITACT,1,1
16304,IPC,379,1,1
16305,IPC,379,1,1
16306,IPC,379,1,1
16307,IPC,379,1,1
16308,IPC,380,1,1
16309,IPC,498A,1,1
16310,IPC,395,1,1
16311,IPC,323,1,1
16312,IPC,392,1,1
16313,IPC,498A,1,1
16314,IPC,379,1,1
16315,IPC,379A,1,1
16316,IPC,304B,1,1
16317,IPC,420,1,1
16318,IPC,379A,1,1
16319,IPC,420,1,1
16320,IPC,323,1,1
16321,IPC,326,1,1
16322,IPC,354,1,1
16323,IPC,323,1,1
16324,IPC,302,1,1
16324,BNS,103,2,2
16325,IPC,420,1,1
16326,IPC,304B,1,1
16327,IPC,420,1,1
16328,IPC,420,1,1
16329,IPC,498A,1,1
16330,IPC,66D-ITACT,1,1
16331,IPC,406,1,1
16332,IPC,420,1,1
16333,IPC,379,1,1
16334,IPC,326,1,1
16335,IPC,144,1,1
16336,IPC,326,1,1
16337,BNS,109,1,1
16338,IPC,379,1,1
16339,IPC,144,1,1
16340,IPC,66D-ITACT,1,1
16341,IPC,380,1,1
16342,IPC,392,1,1
16343,IPC,380,1,1
16344,IPC,323,1,1
16345,IPC,498A,1,1
16346,IPC,66D-ITACT,1,1
16347,IPC,354,1,1
16348,IPC,380,1,1
16349,IPC,66D-ITACT,1,1
16350,IPC,420,1,1
16351,IPC,354,1,1
16352,IPC,304,1,1
16353,IPC,379,1,1
16354,IPC,420,1,1
16355,IPC,379,1,1
16356,IPC,326,1,1
16357,IPC,379,1,1
16358,NDPS,20,1,1
16359,IPC,379A,1,1
16360,IPC,379,1,1
16361,IPC,406,1,1
16362,IPC,147,1,1
16363,IPC,420,1,1
16364,IPC,379,1,1
16365,IPC,66D-ITACT,1,1
16366,IPC,354,1,1
16367,IPC,498A,1,1
16368,IPC,420,1,1
16369,IPC,380,1,1
16370,IPC,323,1,1
16371,IPC,147,1,1
16372,IPC,380,1,1
16373,IPC,498A,1,1
16374,IPC,323,1,1
16375,IPC,304B,1,1
16376,IPC,147,1,1
16377,BNS,109,1,1
16378,IPC,323,1,1
16379,IPC,395,1,1
16380,IPC,379,1,1
16381,IPC,380,1,1
16382,IPC,144,1,1
16383,IPC,304,1,1
16384,IPC,498A,1,1
16385,IPC,380,1,1
16386,IPC,323,1,1
16387,IPC,380,1,1
16388,IPC,147,1,1
16389,IPC,66D-ITACT,1,1
16390,IPC,66D-ITACT,1,1
16391,IPC,392,1,1
16392,IPC,379A,1,1
16393,IPC,144,1,1
16394,IPC,323,1,1
16395,IPC,147,1,1
16396,IPC,392,1,1
16397,ARMS,27,1,1
16397,ARMS,25,2,2
16398,IPC,420,1,1
16399,NDPS,20,1,1
16400,IPC,304,1,1
16401,IPC,379,1,1
16402,IPC,406,1,1
16403,POCSO,4,1,1
16404,IPC,379,1,1
16405,IPC,323,1,1
16406,IPC,147,1,1
16407,BNS,103,1,1
16407,IPC,302,2,2
16408,IPC,379,1,1
16409,IPC,379A,1,1
16410,BNS,103,1,1
16411,IPC,323,1,1
16412,IPC,380,1,1
16413,IPC,420,1,1
16414,IPC,436,1,1
16415,IPC,380,1,1
16416,IPC,379,1,1
16417,IPC,436,1,1
16418,IPC,379,1,1
16419,IPC,144,1,1
16420,IPC,376,1,1
16420,BNS,64,2,2
16421,BNS,64,1,1
16421,IPC,376,2,2
16422,IPC,323,1,1
16423,IPC,498A,1,1
16424,IPC,379,1,1
16425,IPC,379,1,1
16426,IPC,147,1,1
16427,IPC,379,1,1
16428,IPC,323,1,1
16429,IPC,498A,1,1
16430,IPC,323,1,1
16431,POCSO,4,1,1
16432,IPC,379A,1,1
16433,IPC,406,1,1
16434,IPC,304,1,1
16435,NDPS,20,1,1
16436,IPC,323,1,1
16437,IPC,66D-ITACT,1,1
16438,IPC,66D-ITACT,1,1
16439,IPC,498A,1,1
16440,IPC,363,1,1
16441,IPC,323,1,1
16442,IPC,379A,1,1
16443,IPC,326,1,1
16444,IPC,66D-ITACT,1,1
16445,IPC,354,1,1
16446,BNS,64,1,1
16446,IPC,376,2,2
16447,IPC,380,1,1
16448,IPC,66D-ITACT,1,1
16449,IPC,380,1,1
16450,IPC,380,1,1
16451,IPC,323,1,1
16452,IPC,326,1,1
16453,IPC,376,1,1
16454,IPC,323,1,1
16455,IPC,498A,1,1
16456,IPC,66D-ITACT,1,1
16457,IPC,363,1,1
16458,IPC,354,1,1
16459,IPC,354,1,1
16460,IPC,379,1,1
16461,IPC,363,1,1
16462,IPC,354,1,1
16463,IPC,436,1,1
16464,IPC,420,1,1
16465,IPC,379,1,1
16466,IPC,379,1,1
16467,IPC,380,1,1
16468,IPC,379,1,1
16469,IPC,66D-ITACT,1,1
16470,IPC,354,1,1
16471,IPC,379,1,1
16472,IPC,323,1,1
16473,IPC,363,1,1
16474,IPC,380,1,1
16475,IPC,392,1,1
16476,ARMS,25,1,1
16477,IPC,420,1,1
16478,IPC,436,1,1
16479,IPC,326,1,1
16480,ARMS,27,1,1
16481,IPC,379A,1,1
16482,IPC,380,1,1
16483,ARMS,25,1,1
16483,ARMS,27,2,2
16484,IPC,395,1,1
16485,IPC,66D-ITACT,1,1
16486,IPC,379,1,1
16487,IPC,420,1,1
16488,IPC,323,1,1
16489,IPC,379,1,1
16490,IPC,498A,1,1
16491,IPC,420,1,1
16492,IPC,66D-ITACT,1,1
16493,ARMS,25,1,1
16494,IPC,380,1,1
16495,IPC,498A,1,1
16496,IPC,406,1,1
16497,IPC,323,1,1
16498,IPC,379,1,1
16499,IPC,323,1,1
16500,IPC,323,1,1
16501,IPC,498A,1,1
16502,IPC,420,1,1
16503,IPC,326,1,1
16504,IPC,379,1,1
16505,IPC,323,1,1
16506,IPC,323,1,1
16507,IPC,323,1,1
16508,IPC,66D-ITACT,1,1
16509,NDPS,20,1,1
16510,IPC,406,1,1
16511,IPC,354,1,1
16512,IPC,498A,1,1
16513,IPC,489A,1,1
16514,IPC,363,1,1
16515,IPC,379A,1,1
16516,IPC,420,1,1
16517,IPC,379A,1,1
16518,IPC,144,1,1
16519,POCSO,4,1,1
16520,IPC,363,1,1
16521,IPC,379A,1,1
16522,IPC,406,1,1
16523,IPC,379,1,1
16524,IPC,420,1,1
16525,IPC,379,1,1
16526,IPC,354,1,1
16527,IPC,380,1,1
16528,IPC,323,1,1
16529,IPC,326,1,1
16530,IPC,323,1,1
16531,IPC,420,1,1
16532,IPC,304B,1,1
16533,IPC,354,1,1
16534,IPC,326,1,1
16535,IPC,379,1,1
16536,IPC,420,1,1
16537,IPC,498A,1,1
16538,IPC,363,1,1
16539,IPC,420,1,1
16540,IPC,379,1,1
16541,IPC,379,1,1
16542,IPC,326,1,1
16543,IPC,379,1,1
16544,IPC,379A,1,1
16545,IPC,379A,1,1
16546,IPC,144,1,1
16547,IPC,420,1,1
16548,IPC,406,1,1
16549,BNS,64,1,1
16549,IPC,376,2,2
16550,IPC,379,1,1
16551,IPC,323,1,1
16552,IPC,380,1,1
16553,IPC,323,1,1
16554,IPC,354,1,1
16555,IPC,326,1,1
16556,IPC,380,1,1
16557,IPC,379,1,1
16558,BNS,64,1,1
16559,IPC,380,1,1
16560,IPC,379,1,1
16561,IPC,379A,1,1
16562,IPC,379,1,1
16563,IPC,66D-ITACT,1,1
16564,IPC,379,1,1
16565,IPC,304,1,1
16566,IPC,379,1,1
16567,IPC,379,1,1
16568,IPC,323,1,1
16569,IPC,66D-ITACT,1,1
16570,IPC,380,1,1
16571,IPC,323,1,1
16572,IPC,380,1,1
16573,IPC,379,1,1
16574,IPC,379,1,1
16575,IPC,420,1,1
16576,IPC,326,1,1
16577,IPC,363,1,1
16578,IPC,380,1,1
16579,IPC,380,1,1
16580,IPC,66D-ITACT,1,1
16581,IPC,420,1,1
16582,IPC,323,1,1
16583,IPC,354,1,1
16584,IPC,379,1,1
16585,IPC,379,1,1
16586,IPC,379,1,1
16587,IPC,323,1,1
16588,IPC,498A,1,1
16589,IPC,66D-ITACT,1,1
16590,IPC,354,1,1
16591,IPC,363,1,1
16592,IPC,326,1,1
16593,IPC,379,1,1
16594,IPC,363,1,1
16595,IPC,323,1,1
16596,IPC,379,1,1
16597,IPC,379,1,1
16598,IPC,323,1,1
16599,IPC,323,1,1
16600,IPC,436,1,1
16601,IPC,380,1,1
16602,IPC,498A,1,1
16603,IPC,144,1,1
16604,IPC,380,1,1
16605,BNS,109,1,1
16606,IPC,354,1,1
16607,IPC,66D-ITACT,1,1
16608,IPC,354,1,1
16609,IPC,66D-ITACT,1,1
16610,IPC,498A,1,1
16611,IPC,326,1,1
16612,IPC,379,1,1
16613,IPC,304B,1,1
16614,IPC,379A,1,1
16615,IPC,380,1,1
16616,IPC,380,1,1
16617,IPC,379A,1,1
16618,IPC,379A,1,1
16619,IPC,379A,1,1
16620,IPC,420,1,1
16621,IPC,147,1,1
16622,IPC,326,1,1
16623,IPC,498A,1,1
16624,IPC,66D-ITACT,1,1
16625,IPC,66D-ITACT,1,1
16626,IPC,354,1,1
16627,IPC,379A,1,1
16628,IPC,379,1,1
16629,IPC,379A,1,1
16630,IPC,379,1,1
16631,IPC,326,1,1
16632,IPC,354,1,1
16633,IPC,498A,1,1
16634,IPC,420,1,1
16635,IPC,323,1,1
16636,IPC,379A,1,1
16637,IPC,376,1,1
16638,IPC,323,1,1
16639,IPC,380,1,1
16640,IPC,376,1,1
16640,BNS,64,2,2
16641,IPC,354,1,1
16642,IPC,395,1,1
16643,IPC,323,1,1
16644,IPC,498A,1,1
16645,IPC,379,1,1
16646,IPC,354,1,1
16647,IPC,66D-ITACT,1,1
16648,IPC,144,1,1
16649,BNS,103,1,1
16650,IPC,379,1,1
16651,IPC,420,1,1
16652,IPC,498A,1,1
16653,IPC,406,1,1
16654,IPC,395,1,1
16655,IPC,420,1,1
16656,BNS,109,1,1
16657,IPC,354,1,1
16658,IPC,66D-ITACT,1,1
16659,IPC,326,1,1
16660,IPC,144,1,1
16661,IPC,379,1,1
16662,IPC,380,1,1
16663,IPC,379,1,1
16664,IPC,307,1,1
16665,IPC,304B,1,1
16666,IPC,379,1,1
16667,IPC,379A,1,1
16668,IPC,323,1,1
16669,IPC,304B,1,1
16670,IPC,380,1,1
16671,IPC,147,1,1
16672,IPC,66D-ITACT,1,1
16673,IPC,326,1,1
16674,IPC,326,1,1
16675,NDPS,20,1,1
16676,IPC,380,1,1
16677,NDPS,20,1,1
16678,IPC,326,1,1
16679,IPC,379A,1,1
16680,IPC,323,1,1
16681,IPC,498A,1,1
16682,IPC,379A,1,1
16683,IPC,392,1,1
16684,IPC,380,1,1
16685,IPC,420,1,1
16686,IPC,304B,1,1
16687,POCSO,4,1,1
16688,IPC,420,1,1
16689,IPC,392,1,1
16690,IPC,379A,1,1
16691,IPC,326,1,1
16692,IPC,436,1,1
16693,IPC,379,1,1
16694,IPC,420,1,1
16695,IPC,326,1,1
16696,IPC,392,1,1
16697,POCSO,4,1,1
16698,IPC,379,1,1
16699,IPC,498A,1,1
16700,IPC,379A,1,1
16701,IPC,379,1,1
16702,IPC,323,1,1
16703,IPC,379A,1,1
16704,IPC,323,1,1
16705,IPC,326,1,1
16706,IPC,354,1,1
16707,IPC,66D-ITACT,1,1
16708,IPC,66D-ITACT,1,1
16709,IPC,489A,1,1
16710,IPC,380,1,1
16711,IPC,66D-ITACT,1,1
16712,IPC,379A,1,1
16713,IPC,66D-ITACT,1,1
16714,IPC,379,1,1
16715,IPC,380,1,1
16716,IPC,379,1,1
16717,IPC,379,1,1
16718,IPC,302,1,1
16718,BNS,103,2,2
16719,IPC,379,1,1
16720,IPC,363,1,1
16721,BNS,103,1,1
16721,IPC,302,2,2
16722,IPC,323,1,1
16723,IPC,144,1,1
16724,IPC,379,1,1
16725,IPC,379,1,1
16726,IPC,323,1,1
16727,IPC,379,1,1
16728,IPC,376,1,1
16729,IPC,380,1,1
16730,IPC,323,1,1
16731,IPC,379A,1,1
16732,NDPS,20,1,1
16733,IPC,380,1,1
16734,IPC,66D-ITACT,1,1
16735,IPC,392,1,1
16736,IPC,379,1,1
16737,IPC,379,1,1
16738,IPC,323,1,1
16739,IPC,420,1,1
16740,IPC,379A,1,1
16741,IPC,379A,1,1
16742,IPC,326,1,1
16743,IPC,354,1,1
16744,IPC,379,1,1
16745,IPC,406,1,1
16746,IPC,323,1,1
16747,IPC,392,1,1
16748,IPC,323,1,1
16749,IPC,323,1,1
16750,IPC,379A,1,1
16751,IPC,323,1,1
16752,IPC,354,1,1
16753,IPC,307,1,1
16753,BNS,109,2,2
16754,IPC,406,1,1
16755,IPC,406,1,1
16756,IPC,380,1,1
16757,IPC,379,1,1
16758,IPC,489A,1,1
16759,IPC,420,1,1
16760,IPC,66D-ITACT,1,1
16761,IPC,66D-ITACT,1,1
16762,IPC,379,1,1
16763,IPC,380,1,1
16764,IPC,420,1,1
16765,IPC,66D-ITACT,1,1
16766,IPC,379A,1,1
16767,IPC,379,1,1
16768,IPC,379A,1,1
16769,IPC,323,1,1
16770,IPC,354,1,1
16771,IPC,326,1,1
16772,IPC,323,1,1
16773,IPC,379A,1,1
16774,IPC,379,1,1
16775,IPC,436,1,1
16776,IPC,147,1,1
16777,IPC,379,1,1
16778,IPC,392,1,1
16779,IPC,380,1,1
16780,IPC,379,1,1
16781,IPC,323,1,1
16782,IPC,379A,1,1
16783,IPC,379,1,1
16784,IPC,380,1,1
16785,IPC,354,1,1
16786,IPC,380,1,1
16787,IPC,354,1,1
16788,IPC,376,1,1
16789,IPC,380,1,1
16790,IPC,379,1,1
16791,IPC,379,1,1
16792,IPC,302,1,1
16792,BNS,103,2,2
16793,IPC,420,1,1
16794,IPC,379,1,1
16795,IPC,379,1,1
16796,IPC,498A,1,1
16797,IPC,406,1,1
16798,IPC,379A,1,1
16799,IPC,379,1,1
16800,IPC,144,1,1
16801,IPC,498A,1,1
16802,NDPS,20,1,1
16803,IPC,363,1,1
16804,POCSO,4,1,1
16805,IPC,326,1,1
16806,IPC,354,1,1
16807,IPC,323,1,1
16808,IPC,379,1,1
16809,IPC,406,1,1
16810,IPC,66D-ITACT,1,1
16811,IPC,395,1,1
16812,IPC,66D-ITACT,1,1
16813,IPC,420,1,1
16814,IPC,498A,1,1
16815,IPC,379,1,1
16816,IPC,420,1,1
16817,BNS,109,1,1
16817,IPC,307,2,2
16818,IPC,379,1,1
16819,BNS,64,1,1
16819,IPC,376,2,2
16820,IPC,326,1,1
16821,IPC,326,1,1
16822,NDPS,20,1,1
16823,IPC,66D-ITACT,1,1
16824,IPC,323,1,1
16825,IPC,323,1,1
16826,IPC,66D-ITACT,1,1
16827,IPC,66D-ITACT,1,1
16828,IPC,420,1,1
16829,IPC,379,1,1
16830,IPC,326,1,1
16831,IPC,66D-ITACT,1,1
16832,IPC,147,1,1
16833,IPC,66D-ITACT,1,1
16834,IPC,392,1,1
16835,IPC,380,1,1
16836,IPC,66D-ITACT,1,1
16837,IPC,406,1,1
16838,IPC,420,1,1
16839,IPC,379,1,1
16840,IPC,420,1,1
16841,IPC,144,1,1
16842,IPC,406,1,1
16843,IPC,498A,1,1
16844,IPC,147,1,1
16845,IPC,323,1,1
16846,IPC,354,1,1
16847,IPC,380,1,1
16848,IPC,379,1,1
16849,IPC,379,1,1
16850,NDPS,20,1,1
16851,IPC,379,1,1
16852,IPC,323,1,1
16853,IPC,380,1,1
16854,IPC,420,1,1
16855,IPC,304B,1,1
16856,IPC,354,1,1
16857,IPC,379A,1,1
16858,BNS,64,1,1
16859,IPC,323,1,1
16860,IPC,498A,1,1
16861,IPC,323,1,1
16862,IPC,392,1,1
16863,IPC,498A,1,1
16864,IPC,379,1,1
16865,IPC,323,1,1
16866,IPC,66D-ITACT,1,1
16867,IPC,498A,1,1
16868,IPC,379,1,1
16869,IPC,380,1,1
16870,IPC,363,1,1
16871,IPC,380,1,1
16872,IPC,379A,1,1
16873,IPC,363,1,1
16874,IPC,420,1,1
16875,IPC,379,1,1
16876,IPC,406,1,1
16877,ARMS,27,1,1
16878,IPC,436,1,1
16879,IPC,392,1,1
16880,IPC,379A,1,1
16881,IPC,326,1,1
16882,IPC,420,1,1
16883,IPC,420,1,1
16884,IPC,66D-ITACT,1,1
16885,IPC,323,1,1
16886,IPC,420,1,1
16887,IPC,379A,1,1
16888,IPC,395,1,1
16889,IPC,420,1,1
16890,IPC,376,1,1
16891,IPC,406,1,1
16892,NDPS,20,1,1
16893,IPC,326,1,1
16894,IPC,323,1,1
16895,IPC,354,1,1
16896,IPC,420,1,1
16897,IPC,406,1,1
16898,BNS,64,1,1
16899,IPC,420,1,1
16900,IPC,304B,1,1
16901,IPC,420,1,1
16902,IPC,379,1,1
16903,IPC,380,1,1
16904,BNS,64,1,1
16905,IPC,395,1,1
16906,IPC,406,1,1
16907,IPC,420,1,1
16908,IPC,379,1,1
16909,IPC,66D-ITACT,1,1
16910,IPC,420,1,1
16911,POCSO,4,1,1
16912,IPC,307,1,1
16912,BNS,109,2,2
16913,IPC,420,1,1
16914,IPC,354,1,1
16915,IPC,392,1,1
16916,IPC,323,1,1
16917,IPC,436,1,1
16918,IPC,363,1,1
16919,IPC,326,1,1
16920,IPC,66D-ITACT,1,1
16921,IPC,379,1,1
16922,IPC,498A,1,1
16923,IPC,326,1,1
16924,IPC,379,1,1
16925,IPC,144,1,1
16926,IPC,323,1,1
16927,IPC,379A,1,1
16928,IPC,379A,1,1
16929,IPC,379,1,1
16930,IPC,323,1,1
16931,IPC,392,1,1
16932,IPC,379,1,1
16933,IPC,489A,1,1
16934,ARMS,27,1,1
16934,ARMS,25,2,2
16935,IPC,354,1,1
16936,IPC,379,1,1
16937,IPC,379A,1,1
16938,IPC,144,1,1
16939,IPC,380,1,1
16940,IPC,147,1,1
16941,IPC,379,1,1
16942,IPC,395,1,1
16943,IPC,363,1,1
16944,IPC,420,1,1
16945,IPC,379A,1,1
16946,IPC,323,1,1
16947,IPC,379,1,1
16948,IPC,489A,1,1
16949,IPC,379A,1,1
16950,IPC,392,1,1
16951,IPC,498A,1,1
16952,IPC,379A,1,1
16953,IPC,323,1,1
16954,IPC,379,1,1
16955,IPC,380,1,1
16956,IPC,304,1,1
16957,IPC,144,1,1
16958,IPC,323,1,1
16959,IPC,147,1,1
16960,IPC,376,1,1
16961,IPC,379A,1,1
16962,IPC,379,1,1
16963,IPC,304B,1,1
16964,IPC,379,1,1
16965,IPC,379A,1,1
16966,IPC,307,1,1
16967,IPC,323,1,1
16968,IPC,379A,1,1
16969,IPC,304,1,1
16970,ARMS,25,1,1
16970,ARMS,27,2,2
16971,BNS,64,1,1
16972,IPC,147,1,1
16973,BNS,103,1,1
16974,IPC,379A,1,1
16975,IPC,392,1,1
16976,POCSO,4,1,1
16977,IPC,379,1,1
16978,IPC,379,1,1
16979,IPC,323,1,1
16980,IPC,326,1,1
16981,IPC,379,1,1
16982,IPC,326,1,1
16983,IPC,498A,1,1
16984,IPC,380,1,1
16985,POCSO,4,1,1
16986,IPC,144,1,1
16987,NDPS,20,1,1
16988,IPC,406,1,1
16989,IPC,420,1,1
16990,IPC,379A,1,1
16991,IPC,380,1,1
16992,IPC,379,1,1
16993,IPC,144,1,1
16994,IPC,323,1,1
16995,IPC,392,1,1
16996,IPC,363,1,1
16997,IPC,66D-ITACT,1,1
16998,IPC,380,1,1
16999,IPC,323,1,1
17000,IPC,379,1,1
17001,IPC,326,1,1
17002,IPC,323,1,1
17003,IPC,379,1,1
17004,IPC,379,1,1
17005,IPC,380,1,1
17006,IPC,379,1,1
17007,IPC,323,1,1
17008,IPC,420,1,1
17009,IPC,379,1,1
17010,NDPS,20,1,1
17011,IPC,379A,1,1
17012,IPC,66D-ITACT,1,1
17013,IPC,379,1,1
17014,IPC,380,1,1
17015,IPC,66D-ITACT,1,1
17016,IPC,392,1,1
17017,IPC,379,1,1
17018,IPC,66D-ITACT,1,1
17019,IPC,307,1,1
17020,ARMS,25,1,1
17021,IPC,323,1,1
17022,IPC,323,1,1
17023,IPC,380,1,1
17024,NDPS,20,1,1
17025,IPC,66D-ITACT,1,1
17026,IPC,302,1,1
17027,IPC,420,1,1
17028,IPC,380,1,1
17029,IPC,363,1,1
17030,ARMS,27,1,1
17030,ARMS,25,2,2
17031,IPC,380,1,1
17032,IPC,380,1,1
17033,IPC,498A,1,1
17034,BNS,64,1,1
17035,IPC,379,1,1
17036,IPC,379,1,1
17037,IPC,326,1,1
17038,IPC,420,1,1
17039,NDPS,20,1,1
17040,IPC,144,1,1
17041,IPC,379,1,1
17042,IPC,489A,1,1
17043,IPC,379,1,1
17044,IPC,420,1,1
17045,IPC,380,1,1
17046,IPC,379,1,1
17047,IPC,147,1,1
17048,IPC,406,1,1
17049,IPC,354,1,1
17050,IPC,406,1,1
17051,IPC,323,1,1
17052,IPC,323,1,1
17053,IPC,66D-ITACT,1,1
17054,IPC,379,1,1
17055,IPC,379,1,1
17056,IPC,323,1,1
17057,IPC,498A,1,1
17058,IPC,354,1,1
17059,IPC,66D-ITACT,1,1
17060,IPC,326,1,1
17061,IPC,379A,1,1
17062,IPC,420,1,1
17063,IPC,326,1,1
17064,IPC,304B,1,1
17065,IPC,498A,1,1
17066,IPC,498A,1,1
17067,IPC,498A,1,1
17068,IPC,144,1,1
17069,IPC,380,1,1
17070,IPC,380,1,1
17071,IPC,323,1,1
17072,IPC,498A,1,1
17073,IPC,323,1,1
17074,IPC,379,1,1
17075,IPC,379A,1,1
17076,IPC,66D-ITACT,1,1
17077,IPC,406,1,1
17078,IPC,304B,1,1
17079,BNS,64,1,1
17080,IPC,379,1,1
17081,IPC,380,1,1
17082,IPC,380,1,1
17083,IPC,326,1,1
17084,POCSO,4,1,1
17085,IPC,66D-ITACT,1,1
17086,IPC,354,1,1
17087,IPC,354,1,1
17088,IPC,379,1,1
17089,IPC,379,1,1
17090,IPC,392,1,1
17091,IPC,376,1,1
17092,IPC,379A,1,1
17093,IPC,436,1,1
17094,IPC,354,1,1
17095,IPC,323,1,1
17096,ARMS,25,1,1
17097,IPC,392,1,1
17098,IPC,354,1,1
17099,IPC,304,1,1
17100,NDPS,20,1,1
17101,IPC,392,1,1
17102,IPC,379,1,1
17103,IPC,380,1,1
17104,IPC,379,1,1
17105,IPC,379,1,1
17106,IPC,66D-ITACT,1,1
17107,IPC,363,1,1
17108,IPC,379A,1,1
17109,IPC,406,1,1
17110,IPC,498A,1,1
17111,IPC,304,1,1
17112,IPC,489A,1,1
17113,IPC,379,1,1
17114,IPC,323,1,1
17115,IPC,323,1,1
17116,IPC,144,1,1
17117,IPC,379A,1,1
17118,IPC,379A,1,1
17119,IPC,144,1,1
17120,IPC,380,1,1
17121,IPC,379A,1,1
17122,IPC,363,1,1
17123,IPC,420,1,1
17124,IPC,379A,1,1
17125,IPC,323,1,1
17126,IPC,380,1,1
17127,IPC,66D-ITACT,1,1
17128,IPC,392,1,1
17129,IPC,66D-ITACT,1,1
17130,IPC,380,1,1
17131,IPC,498A,1,1
17132,IPC,354,1,1
17133,IPC,379A,1,1
17134,IPC,323,1,1
17135,IPC,379A,1,1
17136,IPC,379,1,1
17137,IPC,379A,1,1
17138,IPC,379,1,1
17139,IPC,380,1,1
17140,IPC,307,1,1
17141,IPC,379,1,1
17142,IPC,379A,1,1
17143,IPC,147,1,1
17144,IPC,392,1,1
17145,IPC,379,1,1
17146,IPC,323,1,1
17147,IPC,323,1,1
17148,IPC,379,1,1
17149,IPC,498A,1,1
17150,IPC,379,1,1
17151,IPC,380,1,1
17152,IPC,379,1,1
17153,IPC,323,1,1
17154,IPC,323,1,1
17155,IPC,436,1,1
17156,IPC,354,1,1
17157,IPC,326,1,1
17158,IPC,379A,1,1
17159,IPC,363,1,1
17160,POCSO,4,1,1
17161,IPC,420,1,1
17162,IPC,436,1,1
17163,IPC,379A,1,1
17164,IPC,323,1,1
17165,IPC,144,1,1
17166,IPC,420,1,1
17167,POCSO,4,1,1
17168,IPC,304,1,1
17169,IPC,379,1,1
17170,IPC,363,1,1
17171,IPC,498A,1,1
17172,IPC,147,1,1
17173,IPC,380,1,1
17174,IPC,406,1,1
17175,IPC,379A,1,1
17176,BNS,103,1,1
17177,ARMS,25,1,1
17178,ARMS,25,1,1
17179,IPC,323,1,1
17180,IPC,379A,1,1
17181,ARMS,25,1,1
17181,ARMS,27,2,2
17182,IPC,354,1,1
17183,IPC,379A,1,1
17184,IPC,392,1,1
17185,IPC,392,1,1
17186,IPC,379,1,1
17187,POCSO,4,1,1
17188,IPC,302,1,1
17189,IPC,354,1,1
17190,IPC,66D-ITACT,1,1
17191,IPC,498A,1,1
17192,IPC,323,1,1
17193,IPC,392,1,1
17194,IPC,380,1,1
17195,IPC,354,1,1
17196,IPC,498A,1,1
17197,IPC,376,1,1
17198,IPC,489A,1,1
17199,IPC,66D-ITACT,1,1
17200,IPC,379,1,1
17201,IPC,66D-ITACT,1,1
17202,IPC,323,1,1
17203,NDPS,20,1,1
17204,IPC,379,1,1
17205,IPC,420,1,1
17206,IPC,326,1,1
17207,IPC,147,1,1
17208,IPC,498A,1,1
17209,IPC,379A,1,1
17210,IPC,354,1,1
17211,IPC,392,1,1
17212,IPC,379A,1,1
17213,IPC,323,1,1
17214,IPC,66D-ITACT,1,1
17215,IPC,144,1,1
17216,IPC,380,1,1
17217,IPC,66D-ITACT,1,1
17218,IPC,379A,1,1
17219,IPC,420,1,1
17220,IPC,436,1,1
17221,IPC,323,1,1
17222,IPC,379,1,1
17223,IPC,326,1,1
17224,BNS,109,1,1
17225,IPC,66D-ITACT,1,1
17226,IPC,379A,1,1
17227,IPC,380,1,1
17228,IPC,379A,1,1
17229,IPC,354,1,1
17230,IPC,363,1,1
17231,IPC,379,1,1
17232,IPC,379A,1,1
17233,IPC,323,1,1
17234,IPC,379,1,1
17235,IPC,376,1,1
17235,BNS,64,2,2
17236,IPC,406,1,1
17237,IPC,380,1,1
17238,IPC,144,1,1
17239,IPC,66D-ITACT,1,1
17240,IPC,323,1,1
17241,IPC,144,1,1
17242,BNS,109,1,1
17243,IPC,379,1,1
17244,IPC,323,1,1
17245,IPC,380,1,1
17246,IPC,379,1,1
17247,NDPS,20,1,1
17248,BNS,109,1,1
17249,IPC,323,1,1
17250,IPC,144,1,1
17251,IPC,379,1,1
17252,IPC,302,1,1
17253,IPC,436,1,1
17254,ARMS,27,1,1
17255,IPC,380,1,1
17256,IPC,379,1,1
17257,IPC,420,1,1
17258,IPC,323,1,1
17259,IPC,489A,1,1
17260,IPC,66D-ITACT,1,1
17261,IPC,326,1,1
17262,IPC,406,1,1
17263,IPC,380,1,1
17264,IPC,379,1,1
17265,IPC,379,1,1
17266,IPC,323,1,1
17267,IPC,420,1,1
17268,IPC,354,1,1
17269,IPC,144,1,1
17270,IPC,379,1,1
17271,IPC,420,1,1
17272,IPC,379,1,1
17273,IPC,323,1,1
17274,IPC,498A,1,1
17275,POCSO,4,1,1
17276,IPC,323,1,1
17277,IPC,379,1,1
17278,IPC,420,1,1
17279,IPC,326,1,1
17280,IPC,392,1,1
17281,IPC,420,1,1
17282,IPC,354,1,1
17283,IPC,144,1,1
17284,POCSO,4,1,1
17285,IPC,420,1,1
17286,IPC,498A,1,1
17287,IPC,323,1,1
17288,IPC,354,1,1
17289,IPC,392,1,1
17290,POCSO,4,1,1
17291,IPC,498A,1,1
17292,IPC,379A,1,1
17293,IPC,379,1,1
17294,NDPS,20,1,1
17295,IPC,304B,1,1
17296,IPC,147,1,1
17297,IPC,392,1,1
17298,IPC,379,1,1
17299,IPC,326,1,1
17300,IPC,379,1,1
17301,IPC,420,1,1
17302,IPC,323,1,1
17303,BNS,64,1,1
17304,IPC,379,1,1
17305,BNS,109,1,1
17306,IPC,363,1,1
17307,IPC,323,1,1
17308,IPC,420,1,1
17309,NDPS,20,1,1
17310,IPC,392,1,1
17311,IPC,380,1,1
17312,IPC,379,1,1
17313,IPC,326,1,1
17314,IPC,420,1,1
17315,NDPS,20,1,1
17316,IPC,498A,1,1
17317,IPC,66D-ITACT,1,1
17318,IPC,326,1,1
17319,IPC,354,1,1
17320,IPC,323,1,1
17321,IPC,406,1,1
17322,IPC,392,1,1
17323,IPC,380,1,1
17324,IPC,379A,1,1
17325,IPC,498A,1,1
17326,IPC,354,1,1
17327,IPC,66D-ITACT,1,1
17328,IPC,379,1,1
17329,ARMS,25,1,1
17330,BNS,64,1,1
17331,IPC,379,1,1
17332,IPC,498A,1,1
17333,IPC,498A,1,1
17334,IPC,379A,1,1
17335,IPC,380,1,1
17336,IPC,380,1,1
17337,IPC,147,1,1
17338,IPC,326,1,1
17339,IPC,147,1,1
17340,IPC,323,1,1
17341,IPC,379,1,1
17342,IPC,379A,1,1
17343,IPC,379,1,1
17344,IPC,436,1,1
17345,IPC,379,1,1
17346,IPC,420,1,1
17347,IPC,354,1,1
17348,IPC,354,1,1
17349,IPC,379A,1,1
17350,IPC,380,1,1
17351,BNS,103,1,1
17352,IPC,323,1,1
17353,IPC,436,1,1
17354,IPC,379,1,1
17355,IPC,144,1,1
17356,IPC,379A,1,1
17357,IPC,379,1,1
17358,IPC,379,1,1
17359,IPC,498A,1,1
17360,IPC,326,1,1
17361,IPC,420,1,1
17362,IPC,379A,1,1
17363,IPC,323,1,1
17364,IPC,66D-ITACT,1,1
17365,IPC,323,1,1
17366,IPC,420,1,1
17367,IPC,354,1,1
17368,IPC,307,1,1
17369,IPC,323,1,1
17370,ARMS,27,1,1
17371,BNS,64,1,1
17372,IPC,326,1,1
17373,IPC,406,1,1
17374,IPC,326,1,1
17375,IPC,66D-ITACT,1,1
17376,IPC,354,1,1
17377,IPC,147,1,1
17378,IPC,406,1,1
17379,IPC,380,1,1
17380,IPC,380,1,1
17381,IPC,147,1,1
17382,IPC,498A,1,1
17383,IPC,307,1,1
17383,BNS,109,2,2
17384,IPC,66D-ITACT,1,1
17385,IPC,406,1,1
17386,IPC,420,1,1
17387,IPC,380,1,1
17388,IPC,379A,1,1
17389,IPC,379,1,1
17390,IPC,380,1,1
17391,IPC,354,1,1
17392,IPC,436,1,1
17393,IPC,498A,1,1
17394,IPC,66D-ITACT,1,1
17395,IPC,323,1,1
17396,IPC,436,1,1
17397,IPC,323,1,1
17398,IPC,326,1,1
17399,IPC,66D-ITACT,1,1
17400,IPC,498A,1,1
17401,IPC,66D-ITACT,1,1
17402,IPC,323,1,1
17403,IPC,354,1,1
17404,IPC,66D-ITACT,1,1
17405,IPC,379,1,1
17406,IPC,379,1,1
17407,IPC,392,1,1
17408,IPC,406,1,1
17409,IPC,379,1,1
17410,IPC,498A,1,1
17411,IPC,392,1,1
17412,NDPS,20,1,1
17413,IPC,379,1,1
17414,NDPS,20,1,1
17415,IPC,66D-ITACT,1,1
17416,IPC,498A,1,1
17417,IPC,392,1,1
17418,IPC,379A,1,1
17419,IPC,489A,1,1
17420,IPC,420,1,1
17421,IPC,326,1,1
17422,IPC,379,1,1
17423,IPC,498A,1,1
17424,IPC,420,1,1
17425,IPC,326,1,1
17426,IPC,326,1,1
17427,IPC,354,1,1
17428,IPC,326,1,1
17429,IPC,498A,1,1
17430,IPC,406,1,1
17431,BNS,64,1,1
17432,IPC,379A,1,1
17433,IPC,326,1,1
17434,IPC,379,1,1
17435,IPC,420,1,1
17436,IPC,354,1,1
17437,IPC,489A,1,1
17438,IPC,304B,1,1
17439,IPC,66D-ITACT,1,1
17440,IPC,498A,1,1
17441,IPC,420,1,1
17442,IPC,323,1,1
17443,IPC,307,1,1
17444,IPC,326,1,1
17445,IPC,420,1,1
17446,IPC,379A,1,1
17447,IPC,323,1,1
17448,ARMS,25,1,1
17449,IPC,379,1,1
17450,IPC,380,1,1
17451,IPC,323,1,1
17452,IPC,66D-ITACT,1,1
17453,IPC,147,1,1
17454,IPC,354,1,1
17455,IPC,379A,1,1
17456,IPC,420,1,1
17457,IPC,326,1,1
17458,IPC,323,1,1
17459,IPC,323,1,1
17460,IPC,380,1,1
17461,IPC,323,1,1
17462,IPC,379,1,1
17463,IPC,379A,1,1
17464,IPC,379,1,1
17465,IPC,420,1,1
17466,IPC,66D-ITACT,1,1
17467,IPC,66D-ITACT,1,1
17468,IPC,326,1,1
17469,IPC,323,1,1
17470,IPC,354,1,1
17471,IPC,498A,1,1
17472,IPC,379,1,1
17473,IPC,380,1,1
17474,IPC,379,1,1
17475,IPC,420,1,1
17476,IPC,323,1,1
17477,IPC,379,1,1
17478,IPC,323,1,1
17479,IPC,489A,1,1
17480,IPC,66D-ITACT,1,1
17481,IPC,354,1,1
17482,IPC,380,1,1
17483,IPC,420,1,1
17484,IPC,323,1,1
17485,IPC,302,1,1
17486,IPC,380,1,1
17487,IPC,354,1,1
17488,IPC,363,1,1
17489,IPC,498A,1,1
17490,IPC,379A,1,1
17491,IPC,323,1,1
17492,IPC,379A,1,1
17493,IPC,147,1,1
17494,IPC,379A,1,1
17495,IPC,498A,1,1
17496,IPC,379A,1,1
17497,IPC,379,1,1
17498,IPC,392,1,1
17499,IPC,436,1,1
17500,IPC,379A,1,1
17501,IPC,406,1,1
17502,IPC,66D-ITACT,1,1
17503,IPC,406,1,1
17504,IPC,147,1,1
17505,IPC,323,1,1
17506,IPC,379A,1,1
17507,IPC,379A,1,1
17508,IPC,380,1,1
17509,IPC,323,1,1
17510,IPC,420,1,1
17511,IPC,323,1,1
17512,IPC,420,1,1
17513,IPC,323,1,1
17514,IPC,307,1,1
17515,IPC,323,1,1
17516,IPC,323,1,1
17517,BNS,109,1,1
17518,BNS,64,1,1
17519,IPC,380,1,1
17520,IPC,66D-ITACT,1,1
17521,IPC,498A,1,1
17522,IPC,379,1,1
17523,IPC,420,1,1
17524,IPC,380,1,1
17525,IPC,379A,1,1
17526,IPC,498A,1,1
17527,IPC,420,1,1
17528,IPC,323,1,1
17529,IPC,323,1,1
17530,IPC,380,1,1
17531,IPC,326,1,1
17532,IPC,66D-ITACT,1,1
17533,BNS,109,1,1
17534,IPC,363,1,1
17535,IPC,436,1,1
17536,IPC,326,1,1
17537,IPC,66D-ITACT,1,1
17538,IPC,380,1,1
17539,IPC,379,1,1
17540,IPC,498A,1,1
17541,IPC,326,1,1
17542,IPC,420,1,1
17543,IPC,323,1,1
17544,ARMS,25,1,1
17545,IPC,406,1,1
17546,IPC,379,1,1
17547,IPC,380,1,1
17548,IPC,406,1,1
17549,POCSO,4,1,1
17550,IPC,304,1,1
17551,IPC,379,1,1
17552,IPC,147,1,1
17553,IPC,380,1,1
17554,IPC,144,1,1
17555,BNS,109,1,1
17555,IPC,307,2,2
17556,IPC,420,1,1
17557,IPC,380,1,1
17558,NDPS,20,1,1
17559,IPC,354,1,1
17560,IPC,323,1,1
17561,ARMS,25,1,1
17562,IPC,326,1,1
17563,IPC,326,1,1
17564,POCSO,4,1,1
17565,POCSO,4,1,1
17566,IPC,379,1,1
17567,IPC,379,1,1
17568,IPC,66D-ITACT,1,1
17569,IPC,379,1,1
17570,IPC,380,1,1
17571,IPC,323,1,1
17572,IPC,379,1,1
17573,IPC,379,1,1
17574,IPC,379A,1,1
17575,IPC,380,1,1
17576,IPC,323,1,1
17577,IPC,363,1,1
17578,IPC,323,1,1
17579,IPC,326,1,1
17580,IPC,376,1,1
17581,IPC,379A,1,1
17582,IPC,363,1,1
17583,IPC,379,1,1
17584,IPC,304B,1,1
17585,IPC,380,1,1
17586,IPC,323,1,1
17587,IPC,379A,1,1
17588,BNS,109,1,1
17589,IPC,379,1,1
17590,IPC,323,1,1
17591,IPC,323,1,1
17592,IPC,420,1,1
17593,IPC,304B,1,1
17594,IPC,498A,1,1
17595,IPC,380,1,1
17596,IPC,379A,1,1
17597,IPC,147,1,1
17598,IPC,323,1,1
17599,IPC,380,1,1
17600,IPC,379A,1,1
17601,IPC,380,1,1
17602,IPC,144,1,1
17603,IPC,436,1,1
17604,IPC,354,1,1
17605,IPC,379,1,1
17606,IPC,379,1,1
17607,IPC,380,1,1
17608,IPC,379A,1,1
17609,IPC,379,1,1
17610,NDPS,20,1,1
17611,IPC,498A,1,1
17612,IPC,420,1,1
17613,IPC,498A,1,1
17614,IPC,392,1,1
17615,IPC,379A,1,1
17616,IPC,66D-ITACT,1,1
17617,IPC,354,1,1
17618,IPC,392,1,1
17619,BNS,109,1,1
17619,IPC,307,2,2
17620,IPC,354,1,1
17621,IPC,379,1,1
17622,IPC,323,1,1
17623,IPC,66D-ITACT,1,1
17624,IPC,376,1,1
17625,IPC,323,1,1
17626,ARMS,25,1,1
17627,IPC,380,1,1
17628,IPC,420,1,1
17629,IPC,379,1,1
17630,NDPS,20,1,1
17631,IPC,302,1,1
17632,IPC,323,1,1
17633,IPC,379A,1,1
17634,IPC,66D-ITACT,1,1
17635,IPC,147,1,1
17636,IPC,326,1,1
17637,IPC,498A,1,1
17638,IPC,379,1,1
17639,IPC,323,1,1
17640,IPC,354,1,1
17641,IPC,380,1,1
17642,IPC,379A,1,1
17643,IPC,420,1,1
17644,BNS,64,1,1
17645,IPC,498A,1,1
17646,IPC,420,1,1
17647,IPC,326,1,1
17648,IPC,420,1,1
17649,IPC,323,1,1
17650,IPC,406,1,1
17651,IPC,66D-ITACT,1,1
17652,IPC,379,1,1
17653,IPC,144,1,1
17654,IPC,323,1,1
17655,IPC,395,1,1
17656,IPC,147,1,1
17657,IPC,379,1,1
17658,IPC,380,1,1
17659,IPC,66D-ITACT,1,1
17660,IPC,363,1,1
17661,IPC,420,1,1
17662,IPC,66D-ITACT,1,1
17663,IPC,498A,1,1
17664,ARMS,27,1,1
17664,ARMS,25,2,2
17665,IPC,379,1,1
17666,IPC,380,1,1
17667,NDPS,20,1,1
17668,IPC,498A,1,1
17669,IPC,363,1,1
17670,IPC,380,1,1
17671,IPC,66D-ITACT,1,1
17672,IPC,376,1,1
17673,IPC,363,1,1
17674,IPC,489A,1,1
17675,IPC,354,1,1
17676,IPC,66D-ITACT,1,1
17677,IPC,380,1,1
17678,IPC,379,1,1
17679,IPC,395,1,1
17680,IPC,379,1,1
17681,IPC,323,1,1
17682,IPC,354,1,1
17683,IPC,380,1,1
17684,IPC,323,1,1
17685,IPC,395,1,1
17686,IPC,323,1,1
17687,IPC,379,1,1
17688,IPC,326,1,1
17689,IPC,354,1,1
17690,BNS,109,1,1
17691,IPC,380,1,1
17692,IPC,376,1,1
17692,BNS,64,2,2
17693,IPC,379,1,1
17694,IPC,323,1,1
17695,IPC,380,1,1
17696,IPC,379,1,1
17697,IPC,420,1,1
17698,IPC,380,1,1
17699,IPC,354,1,1
17700,IPC,376,1,1
17701,IPC,498A,1,1
17702,IPC,379A,1,1
17703,IPC,379A,1,1
17704,IPC,323,1,1
17705,ARMS,25,1,1
17706,IPC,379,1,1
17707,IPC,379,1,1
17708,IPC,379,1,1
17709,IPC,379,1,1
17710,IPC,302,1,1
17711,IPC,379A,1,1
17712,IPC,66D-ITACT,1,1
17713,IPC,379,1,1
17714,IPC,392,1,1
17715,IPC,354,1,1
17716,IPC,380,1,1
17717,IPC,420,1,1
17718,IPC,363,1,1
17719,IPC,326,1,1
17720,NDPS,20,1,1
17721,IPC,376,1,1
17721,BNS,64,2,2
17722,ARMS,25,1,1
17723,IPC,379,1,1
17724,IPC,147,1,1
17725,IPC,392,1,1
17726,IPC,420,1,1
17727,IPC,379,1,1
17728,IPC,323,1,1
17729,IPC,420,1,1
17730,IPC,323,1,1
17731,POCSO,4,1,1
17732,IPC,66D-ITACT,1,1
17733,IPC,66D-ITACT,1,1
17734,IPC,147,1,1
17735,IPC,66D-ITACT,1,1
17736,IPC,302,1,1
17736,BNS,103,2,2
17737,IPC,363,1,1
17738,IPC,66D-ITACT,1,1
17739,IPC,379,1,1
17740,IPC,354,1,1
17741,IPC,379,1,1
17742,IPC,323,1,1
17743,IPC,392,1,1
17744,NDPS,20,1,1
17745,IPC,379,1,1
17746,IPC,379A,1,1
17747,IPC,379,1,1
17748,IPC,379,1,1
17749,IPC,379A,1,1
17750,IPC,144,1,1
17751,IPC,354,1,1
17752,IPC,380,1,1
17753,IPC,326,1,1
17754,IPC,420,1,1
17755,IPC,304B,1,1
17756,IPC,363,1,1
17757,IPC,379,1,1
17758,IPC,323,1,1
17759,IPC,66D-ITACT,1,1
17760,IPC,379A,1,1
17761,IPC,379,1,1
17762,IPC,66D-ITACT,1,1
17763,IPC,392,1,1
17764,IPC,323,1,1
17765,IPC,406,1,1
17766,IPC,379,1,1
17767,IPC,354,1,1
17768,IPC,144,1,1
17769,IPC,498A,1,1
17770,IPC,66D-ITACT,1,1
17771,IPC,66D-ITACT,1,1
17772,IPC,498A,1,1
17773,IPC,379,1,1
17774,IPC,379,1,1
17775,IPC,420,1,1
17776,IPC,379A,1,1
17777,IPC,406,1,1
17778,IPC,498A,1,1
17779,IPC,379,1,1
17780,IPC,379,1,1
17781,IPC,380,1,1
17782,IPC,380,1,1
17783,IPC,304B,1,1
17784,IPC,420,1,1
17785,IPC,379,1,1
17786,IPC,379A,1,1
17787,IPC,379,1,1
17788,NDPS,20,1,1
17789,IPC,326,1,1
17790,IPC,66D-ITACT,1,1
17791,IPC,66D-ITACT,1,1
17792,NDPS,20,1,1
17793,IPC,420,1,1
17794,IPC,376,1,1
17795,IPC,379,1,1
17796,IPC,406,1,1
17797,IPC,406,1,1
17798,IPC,420,1,1
17799,ARMS,27,1,1
17800,IPC,323,1,1
17801,IPC,379A,1,1
17802,IPC,379,1,1
17803,IPC,379,1,1
17804,IPC,323,1,1
17805,IPC,354,1,1
17806,ARMS,25,1,1
17807,IPC,323,1,1
17808,IPC,354,1,1
17809,POCSO,4,1,1
17810,BNS,109,1,1
17811,IPC,379,1,1
17812,IPC,379,1,1
17813,IPC,395,1,1
17814,IPC,66D-ITACT,1,1
17815,IPC,379A,1,1
17816,IPC,66D-ITACT,1,1
17817,ARMS,27,1,1
17818,IPC,354,1,1
17819,IPC,66D-ITACT,1,1
17820,IPC,66D-ITACT,1,1
17821,IPC,380,1,1
17822,IPC,66D-ITACT,1,1
17823,ARMS,27,1,1
17824,NDPS,20,1,1
17825,IPC,323,1,1
17826,IPC,379,1,1
17827,ARMS,25,1,1
17828,IPC,420,1,1
17829,IPC,379A,1,1
17830,IPC,420,1,1
17831,IPC,395,1,1
17832,IPC,379A,1,1
17833,IPC,379,1,1
17834,IPC,363,1,1
17835,IPC,323,1,1
17836,IPC,379A,1,1
17837,IPC,304,1,1
17838,IPC,323,1,1
17839,IPC,323,1,1
17840,IPC,380,1,1
17841,IPC,406,1,1
17842,IPC,323,1,1
17843,IPC,376,1,1
17844,IPC,363,1,1
17845,IPC,307,1,1
17846,IPC,379,1,1
17847,IPC,379,1,1
17848,IPC,379,1,1
17849,IPC,379A,1,1
17850,IPC,323,1,1
17851,IPC,66D-ITACT,1,1
17852,NDPS,20,1,1
17853,IPC,354,1,1
17854,IPC,395,1,1
17855,IPC,436,1,1
17856,IPC,420,1,1
17857,IPC,420,1,1
17858,IPC,326,1,1
17859,IPC,406,1,1
17860,IPC,363,1,1
17861,IPC,323,1,1
17862,IPC,354,1,1
17863,IPC,323,1,1
17864,IPC,420,1,1
17865,IPC,66D-ITACT,1,1
17866,BNS,64,1,1
17866,IPC,376,2,2
17867,IPC,380,1,1
17868,IPC,436,1,1
17869,IPC,326,1,1
17870,IPC,363,1,1
17871,IPC,379A,1,1
17872,IPC,380,1,1
17873,IPC,302,1,1
17874,IPC,66D-ITACT,1,1
17875,NDPS,20,1,1
17876,IPC,323,1,1
17877,IPC,420,1,1
17878,IPC,379A,1,1
17879,IPC,363,1,1
17880,IPC,498A,1,1
17881,IPC,420,1,1
17882,IPC,379,1,1
17883,IPC,304,1,1
17884,IPC,323,1,1
17885,IPC,420,1,1
17886,IPC,392,1,1
17887,IPC,147,1,1
17888,IPC,66D-ITACT,1,1
17889,IPC,307,1,1
17890,IPC,380,1,1
17891,IPC,420,1,1
17892,IPC,354,1,1
17893,IPC,379,1,1
17894,IPC,326,1,1
17895,IPC,147,1,1
17896,IPC,66D-ITACT,1,1
17897,IPC,498A,1,1
17898,IPC,380,1,1
17899,IPC,379A,1,1
17900,IPC,420,1,1
17901,IPC,147,1,1
17902,NDPS,20,1,1
17903,IPC,354,1,1
17904,IPC,326,1,1
17905,IPC,379A,1,1
17906,IPC,304,1,1
17907,BNS,64,1,1
17907,IPC,376,2,2
17908,IPC,420,1,1
17909,IPC,420,1,1
17910,IPC,392,1,1
17911,IPC,363,1,1
17912,ARMS,25,1,1
17913,IPC,379,1,1
17914,IPC,323,1,1
17915,IPC,379,1,1
17916,IPC,498A,1,1
17917,IPC,379A,1,1
17918,IPC,66D-ITACT,1,1
17919,IPC,392,1,1
17920,IPC,392,1,1
17921,IPC,380,1,1
17922,IPC,326,1,1
17923,IPC,379A,1,1
17924,IPC,66D-ITACT,1,1
17925,IPC,379,1,1
17926,IPC,363,1,1
17927,IPC,380,1,1
17928,IPC,406,1,1
17929,IPC,379,1,1
17930,IPC,379,1,1
17931,IPC,379,1,1
17932,IPC,392,1,1
17933,IPC,379A,1,1
17934,IPC,380,1,1
17935,IPC,304,1,1
17936,IPC,326,1,1
17937,IPC,379,1,1
17938,IPC,392,1,1
17939,IPC,304,1,1
17940,IPC,379,1,1
17941,IPC,323,1,1
17942,IPC,380,1,1
17943,IPC,302,1,1
17944,IPC,379A,1,1
17945,IPC,323,1,1
17946,IPC,392,1,1
17947,IPC,380,1,1
17948,IPC,376,1,1
17949,IPC,392,1,1
17950,IPC,498A,1,1
17951,IPC,489A,1,1
17952,ARMS,25,1,1
17953,IPC,379A,1,1
17954,ARMS,27,1,1
17955,IPC,66D-ITACT,1,1
17956,IPC,144,1,1
17957,IPC,392,1,1
17958,IPC,147,1,1
17959,ARMS,27,1,1
17960,ARMS,25,1,1
17961,IPC,363,1,1
17962,IPC,420,1,1
17963,IPC,380,1,1
17964,IPC,380,1,1
17965,IPC,420,1,1
17966,IPC,323,1,1
17967,IPC,144,1,1
17968,IPC,323,1,1
17969,IPC,304,1,1
17970,IPC,66D-ITACT,1,1
17971,IPC,354,1,1
17972,IPC,326,1,1
17973,IPC,354,1,1
17974,IPC,66D-ITACT,1,1
17975,IPC,323,1,1
17976,IPC,323,1,1
17977,BNS,109,1,1
17978,IPC,323,1,1
17979,IPC,380,1,1
17980,IPC,379,1,1
17981,IPC,420,1,1
17982,IPC,363,1,1
17983,IPC,379A,1,1
17984,IPC,380,1,1
17985,IPC,144,1,1
17986,IPC,379,1,1
17987,IPC,379A,1,1
17988,IPC,420,1,1
17989,IPC,380,1,1
17990,IPC,304B,1,1
17991,IPC,380,1,1
17992,IPC,66D-ITACT,1,1
17993,IPC,489A,1,1
17994,IPC,380,1,1
17995,IPC,380,1,1
17996,IPC,379,1,1
17997,IPC,420,1,1
17998,NDPS,20,1,1
17999,IPC,379A,1,1
18000,IPC,323,1,1
18001,IPC,66D-ITACT,1,1
18002,NDPS,20,1,1
18003,IPC,66D-ITACT,1,1
18004,IPC,376,1,1
18005,IPC,326,1,1
18006,IPC,323,1,1
18007,IPC,326,1,1
18008,IPC,420,1,1
18009,IPC,302,1,1
18009,BNS,103,2,2
18010,NDPS,20,1,1
18011,IPC,379A,1,1
18012,IPC,420,1,1
18013,IPC,323,1,1
18014,IPC,376,1,1
18015,IPC,326,1,1
18016,NDPS,20,1,1
18017,IPC,323,1,1
18018,IPC,323,1,1
18019,IPC,379A,1,1
18020,IPC,406,1,1
18021,NDPS,20,1,1
18022,IPC,380,1,1
18023,IPC,380,1,1
18024,IPC,420,1,1
18025,IPC,420,1,1
18026,IPC,498A,1,1
18027,BNS,64,1,1
18028,IPC,379,1,1
18029,IPC,354,1,1
18030,IPC,363,1,1
18031,IPC,147,1,1
18032,IPC,392,1,1
18033,IPC,66D-ITACT,1,1
18034,IPC,379,1,1
18035,IPC,304B,1,1
18036,IPC,379A,1,1
18037,IPC,379A,1,1
18038,IPC,379,1,1
18039,IPC,395,1,1
18040,IPC,379,1,1
18041,IPC,379A,1,1
18042,IPC,420,1,1
18043,IPC,302,1,1
18044,IPC,323,1,1
18045,IPC,379,1,1
18046,IPC,147,1,1
18047,IPC,323,1,1
18048,ARMS,25,1,1
18049,IPC,66D-ITACT,1,1
18050,IPC,380,1,1
18051,NDPS,20,1,1
18052,IPC,323,1,1
18053,IPC,379,1,1
18054,IPC,395,1,1
18055,IPC,326,1,1
18056,IPC,379,1,1
18057,IPC,144,1,1
18058,IPC,392,1,1
18059,NDPS,20,1,1
18060,IPC,420,1,1
18061,IPC,144,1,1
18062,IPC,354,1,1
18063,IPC,354,1,1
18064,IPC,304,1,1
18065,IPC,363,1,1
18066,IPC,380,1,1
18067,IPC,379,1,1
18068,IPC,420,1,1
18069,IPC,354,1,1
18070,IPC,323,1,1
18071,IPC,379,1,1
18072,IPC,354,1,1
18073,IPC,66D-ITACT,1,1
18074,IPC,66D-ITACT,1,1
18075,IPC,379,1,1
18076,IPC,144,1,1
18077,IPC,379,1,1
18078,IPC,304,1,1
18079,IPC,323,1,1
18080,IPC,66D-ITACT,1,1
18081,IPC,326,1,1
18082,IPC,304B,1,1
18083,IPC,436,1,1
18084,BNS,109,1,1
18085,IPC,66D-ITACT,1,1
18086,IPC,420,1,1
18087,IPC,406,1,1
18088,IPC,379,1,1
18089,IPC,420,1,1
18090,IPC,147,1,1
18091,IPC,380,1,1
18092,IPC,323,1,1
18093,IPC,379,1,1
18094,IPC,380,1,1
18095,IPC,307,1,1
18096,ARMS,25,1,1
18097,IPC,379,1,1
18098,IPC,420,1,1
18099,IPC,363,1,1
18100,IPC,406,1,1
18101,IPC,379A,1,1
18102,IPC,420,1,1
18103,IPC,66D-ITACT,1,1
18104,IPC,307,1,1
18105,IPC,380,1,1
18106,IPC,379,1,1
18107,IPC,354,1,1
18108,IPC,66D-ITACT,1,1
18109,ARMS,25,1,1
18110,IPC,354,1,1
18111,IPC,304,1,1
18112,IPC,144,1,1
18113,IPC,323,1,1
18114,IPC,379A,1,1
18115,IPC,323,1,1
18116,IPC,379,1,1
18117,IPC,147,1,1
18118,IPC,363,1,1
18119,IPC,420,1,1
18120,IPC,379,1,1
18121,IPC,323,1,1
18122,IPC,323,1,1
18123,IPC,66D-ITACT,1,1
18124,IPC,354,1,1
18125,IPC,392,1,1
18126,ARMS,27,1,1
18127,IPC,420,1,1
18128,IPC,379,1,1
18129,IPC,354,1,1
18130,IPC,489A,1,1
18131,IPC,144,1,1
18132,IPC,392,1,1
18133,IPC,379A,1,1
18134,IPC,323,1,1
18135,IPC,379A,1,1
18136,IPC,363,1,1
18137,IPC,323,1,1
18138,IPC,323,1,1
18139,IPC,420,1,1
18140,IPC,379A,1,1
18141,IPC,380,1,1
18142,IPC,406,1,1
18143,IPC,323,1,1
18144,IPC,354,1,1
18145,IPC,379,1,1
18146,ARMS,27,1,1
18146,ARMS,25,2,2
18147,IPC,66D-ITACT,1,1
18148,IPC,66D-ITACT,1,1
18149,IPC,380,1,1
18150,IPC,304,1,1
18151,IPC,379,1,1
18152,IPC,379,1,1
18153,IPC,498A,1,1
18154,IPC,420,1,1
18155,IPC,379,1,1
18156,IPC,489A,1,1
18157,IPC,498A,1,1
18158,IPC,420,1,1
18159,IPC,379,1,1
18160,IPC,420,1,1
18161,IPC,380,1,1
18162,IPC,392,1,1
18163,IPC,379,1,1
18164,IPC,354,1,1
18165,POCSO,4,1,1
18166,ARMS,25,1,1
18166,ARMS,27,2,2
18167,IPC,302,1,1
18168,IPC,326,1,1
18169,IPC,144,1,1
18170,IPC,379A,1,1
18171,IPC,379,1,1
18172,IPC,379,1,1
18173,IPC,323,1,1
18174,POCSO,4,1,1
18175,IPC,323,1,1
18176,IPC,420,1,1
18177,IPC,406,1,1
18178,IPC,379,1,1
18179,IPC,147,1,1
18180,IPC,147,1,1
18181,IPC,323,1,1
18182,IPC,420,1,1
18183,IPC,323,1,1
18184,IPC,395,1,1
18185,IPC,379A,1,1
18186,IPC,392,1,1
18187,IPC,379,1,1
18188,IPC,420,1,1
18189,POCSO,4,1,1
18190,IPC,420,1,1
18191,IPC,323,1,1
18192,IPC,380,1,1
18193,IPC,147,1,1
18194,IPC,498A,1,1
18195,IPC,363,1,1
18196,IPC,380,1,1
18197,IPC,323,1,1
18198,IPC,147,1,1
18199,ARMS,27,1,1
18200,IPC,66D-ITACT,1,1
18201,IPC,66D-ITACT,1,1
18202,BNS,64,1,1
18203,IPC,392,1,1
18204,IPC,379,1,1
18205,IPC,392,1,1
18206,IPC,379,1,1
18207,IPC,354,1,1
18208,IPC,379,1,1
18209,IPC,66D-ITACT,1,1
18210,IPC,147,1,1
18211,IPC,498A,1,1
18212,IPC,66D-ITACT,1,1
18213,IPC,380,1,1
18214,IPC,498A,1,1
18215,NDPS,20,1,1
18216,IPC,489A,1,1
18217,IPC,379A,1,1
18218,IPC,420,1,1
18219,IPC,354,1,1
18220,IPC,363,1,1
18221,IPC,323,1,1
18222,IPC,379,1,1
18223,IPC,66D-ITACT,1,1
18224,IPC,66D-ITACT,1,1
18225,IPC,323,1,1
18226,IPC,326,1,1
18227,IPC,379,1,1
18228,ARMS,27,1,1
18229,IPC,147,1,1
18230,BNS,103,1,1
18231,IPC,380,1,1
18232,IPC,379A,1,1
18233,IPC,379A,1,1
18234,IPC,379,1,1
18235,NDPS,20,1,1
18236,IPC,323,1,1
18237,IPC,147,1,1
18238,IPC,304B,1,1
18239,IPC,379A,1,1
18240,IPC,420,1,1
18241,IPC,380,1,1
18242,IPC,379,1,1
18243,IPC,436,1,1
18244,IPC,379,1,1
18245,IPC,379,1,1
18246,IPC,323,1,1
18247,ARMS,27,1,1
18247,ARMS,25,2,2
18248,IPC,379A,1,1
18249,IPC,66D-ITACT,1,1
18250,IPC,406,1,1
18251,IPC,392,1,1
18252,IPC,363,1,1
18253,IPC,66D-ITACT,1,1
18254,IPC,323,1,1
18255,IPC,304,1,1
18256,IPC,326,1,1
18257,IPC,420,1,1
18258,IPC,363,1,1
18259,ARMS,27,1,1
18260,IPC,380,1,1
18261,IPC,66D-ITACT,1,1
18262,IPC,392,1,1
18263,IPC,420,1,1
18264,IPC,379,1,1
18265,IPC,489A,1,1
18266,IPC,323,1,1
18267,IPC,498A,1,1
18268,IPC,392,1,1
18269,IPC,379A,1,1
18270,IPC,376,1,1
18271,IPC,323,1,1
18272,IPC,379,1,1
18273,ARMS,25,1,1
18273,ARMS,27,2,2
18274,IPC,380,1,1
18275,IPC,379A,1,1
18276,IPC,379A,1,1
18277,IPC,379,1,1
18278,IPC,354,1,1
18279,IPC,326,1,1
18280,IPC,420,1,1
18281,POCSO,4,1,1
18282,IPC,406,1,1
18283,IPC,323,1,1
18284,IPC,66D-ITACT,1,1
18285,IPC,326,1,1
18286,IPC,323,1,1
18287,IPC,420,1,1
18288,IPC,147,1,1
18289,IPC,420,1,1
18290,IPC,392,1,1
18291,NDPS,20,1,1
18292,IPC,420,1,1
18293,IPC,392,1,1
18294,IPC,323,1,1
18295,IPC,323,1,1
18296,IPC,420,1,1
18297,IPC,354,1,1
18298,IPC,420,1,1
18299,IPC,420,1,1
18300,IPC,66D-ITACT,1,1
18301,IPC,379,1,1
18302,IPC,498A,1,1
18303,IPC,420,1,1
18304,IPC,420,1,1
18305,IPC,326,1,1
18306,IPC,66D-ITACT,1,1
18307,IPC,420,1,1
18308,ARMS,25,1,1
18309,IPC,379,1,1
18310,BNS,109,1,1
18311,IPC,363,1,1
18312,IPC,66D-ITACT,1,1
18313,NDPS,20,1,1
18314,IPC,354,1,1
18315,IPC,323,1,1
18316,IPC,392,1,1
18317,NDPS,20,1,1
18318,IPC,326,1,1
18319,IPC,363,1,1
18320,IPC,379,1,1
18321,BNS,109,1,1
18321,IPC,307,2,2
18322,NDPS,20,1,1
18323,IPC,380,1,1
18324,IPC,304B,1,1
18325,IPC,323,1,1
18326,POCSO,4,1,1
18327,IPC,379,1,1
18328,IPC,144,1,1
18329,IPC,323,1,1
18330,IPC,380,1,1
18331,IPC,307,1,1
18332,IPC,307,1,1
18333,IPC,379,1,1
18334,IPC,436,1,1
18335,IPC,379A,1,1
18336,POCSO,4,1,1
18337,IPC,144,1,1
18338,IPC,420,1,1
18339,IPC,323,1,1
18340,IPC,392,1,1
18341,IPC,379A,1,1
18342,IPC,379,1,1
18343,IPC,302,1,1
18344,IPC,326,1,1
18345,IPC,66D-ITACT,1,1
18346,IPC,379,1,1
18347,IPC,420,1,1
18348,IPC,379A,1,1
18349,BNS,109,1,1
18350,IPC,379,1,1
18351,BNS,103,1,1
18352,IPC,489A,1,1
18353,IPC,498A,1,1
18354,IPC,66D-ITACT,1,1
18355,IPC,380,1,1
18356,IPC,363,1,1
18357,IPC,380,1,1
18358,IPC,354,1,1
18359,IPC,498A,1,1
18360,IPC,376,1,1
18360,BNS,64,2,2
18361,IPC,66D-ITACT,1,1
18362,IPC,379,1,1
18363,IPC,420,1,1
18364,IPC,392,1,1
18365,ARMS,27,1,1
18366,IPC,354,1,1
18367,IPC,354,1,1
18368,IPC,323,1,1
18369,IPC,144,1,1
18370,IPC,380,1,1
18371,IPC,380,1,1
18372,IPC,380,1,1
18373,NDPS,20,1,1
18374,IPC,420,1,1
18375,IPC,323,1,1
18376,IPC,379,1,1
18377,IPC,379,1,1
18378,IPC,379,1,1
18379,IPC,147,1,1
18380,IPC,420,1,1
18381,IPC,380,1,1
18382,IPC,498A,1,1
18383,IPC,363,1,1
18384,ARMS,27,1,1
18385,IPC,147,1,1
18386,IPC,379,1,1
18387,IPC,420,1,1
18388,IPC,379,1,1
18389,IPC,379A,1,1
18390,IPC,379,1,1
18391,IPC,379,1,1
18392,IPC,66D-ITACT,1,1
18393,IPC,147,1,1
18394,IPC,379A,1,1
18395,ARMS,25,1,1
18395,ARMS,27,2,2
18396,IPC,392,1,1
18397,IPC,392,1,1
18398,IPC,66D-ITACT,1,1
18399,IPC,144,1,1
18400,IPC,326,1,1
18401,IPC,66D-ITACT,1,1
18402,IPC,354,1,1
18403,IPC,420,1,1
18404,NDPS,20,1,1
18405,IPC,498A,1,1
18406,IPC,323,1,1
18407,BNS,64,1,1
18408,IPC,323,1,1
18409,IPC,144,1,1
18410,IPC,406,1,1
18411,IPC,379,1,1
18412,IPC,392,1,1
18413,IPC,326,1,1
18414,IPC,379,1,1
18415,IPC,147,1,1
18416,IPC,392,1,1
18417,IPC,379A,1,1
18418,ARMS,27,1,1
18419,IPC,66D-ITACT,1,1
18420,BNS,64,1,1
18421,IPC,302,1,1
18421,BNS,103,2,2
18422,BNS,64,1,1
18423,IPC,420,1,1
18424,IPC,379,1,1
18425,IPC,323,1,1
18426,IPC,379A,1,1
18427,IPC,379,1,1
18428,IPC,498A,1,1
18429,IPC,376,1,1
18429,BNS,64,2,2
18430,IPC,420,1,1
18431,IPC,326,1,1
18432,IPC,379,1,1
18433,IPC,326,1,1
18434,IPC,323,1,1
18435,IPC,420,1,1
18436,IPC,392,1,1
18437,IPC,380,1,1
18438,IPC,498A,1,1
18439,IPC,144,1,1
18440,IPC,420,1,1
18441,IPC,379,1,1
18442,IPC,304,1,1
18443,IPC,379,1,1
18444,IPC,420,1,1
18445,IPC,420,1,1
18446,IPC,436,1,1
18447,IPC,380,1,1
18448,IPC,144,1,1
18449,IPC,380,1,1
18450,IPC,379A,1,1
18451,IPC,489A,1,1
18452,IPC,147,1,1
18453,IPC,379,1,1
18454,IPC,392,1,1
18455,POCSO,4,1,1
18456,IPC,66D-ITACT,1,1
18457,IPC,66D-ITACT,1,1
18458,IPC,379,1,1
18459,IPC,147,1,1
18460,IPC,354,1,1
18461,IPC,498A,1,1
18462,IPC,379,1,1
18463,IPC,379A,1,1
18464,IPC,144,1,1
18465,IPC,66D-ITACT,1,1
18466,IPC,147,1,1
18467,IPC,323,1,1
18468,IPC,326,1,1
18469,IPC,406,1,1
18470,IPC,498A,1,1
18471,IPC,379,1,1
18472,IPC,326,1,1
18473,IPC,420,1,1
18474,IPC,323,1,1
18475,IPC,302,1,1
18476,IPC,363,1,1
18477,IPC,323,1,1
18478,IPC,323,1,1
18479,IPC,379,1,1
18480,IPC,392,1,1
18481,IPC,380,1,1
18482,IPC,498A,1,1
18483,IPC,379,1,1
18484,IPC,420,1,1
18485,IPC,420,1,1
18486,ARMS,27,1,1
18487,IPC,392,1,1
18488,IPC,379,1,1
18489,IPC,498A,1,1
18490,IPC,380,1,1
18491,IPC,302,1,1
18492,POCSO,4,1,1
18493,IPC,147,1,1
18494,IPC,326,1,1
18495,IPC,406,1,1
18496,IPC,363,1,1
18497,IPC,498A,1,1
18498,IPC,379,1,1
18499,IPC,323,1,1
18500,IPC,420,1,1
18501,IPC,395,1,1
18502,IPC,326,1,1
18503,IPC,380,1,1
18504,IPC,66D-ITACT,1,1
18505,IPC,323,1,1
18506,IPC,380,1,1
18507,IPC,323,1,1
18508,IPC,498A,1,1
18509,BNS,64,1,1
18510,IPC,379,1,1
18511,IPC,379A,1,1
18512,IPC,379,1,1
18513,ARMS,27,1,1
18514,IPC,379A,1,1
18515,IPC,323,1,1
18516,IPC,66D-ITACT,1,1
18517,IPC,406,1,1
18518,IPC,323,1,1
18519,IPC,420,1,1
18520,IPC,380,1,1
18521,IPC,323,1,1
18522,IPC,379,1,1
18523,IPC,380,1,1
18524,IPC,436,1,1
18525,IPC,379A,1,1
18526,IPC,406,1,1
18527,IPC,379,1,1
18528,IPC,326,1,1
18529,IPC,66D-ITACT,1,1
18530,IPC,66D-ITACT,1,1
18531,IPC,379,1,1
18532,IPC,379,1,1
18533,IPC,392,1,1
18534,IPC,66D-ITACT,1,1
18535,IPC,66D-ITACT,1,1
18536,IPC,363,1,1
18537,IPC,307,1,1
18538,IPC,323,1,1
18539,IPC,326,1,1
18540,IPC,379,1,1
18541,IPC,144,1,1
18542,IPC,323,1,1
18543,IPC,380,1,1
18544,IPC,379,1,1
18545,IPC,363,1,1
18546,IPC,420,1,1
18547,IPC,380,1,1
18548,IPC,379,1,1
18549,IPC,380,1,1
18550,IPC,379A,1,1
18551,IPC,380,1,1
18552,IPC,380,1,1
18553,IPC,395,1,1
18554,IPC,380,1,1
18555,IPC,379A,1,1
18556,IPC,379,1,1
18557,IPC,380,1,1
18558,IPC,66D-ITACT,1,1
18559,IPC,379,1,1
18560,IPC,380,1,1
18561,IPC,326,1,1
18562,IPC,326,1,1
18563,IPC,379,1,1
18564,IPC,380,1,1
18565,IPC,326,1,1
18566,IPC,379,1,1
18567,IPC,379,1,1
18568,IPC,326,1,1
18569,IPC,380,1,1
18570,IPC,144,1,1
18571,NDPS,20,1,1
18572,IPC,420,1,1
18573,ARMS,25,1,1
18574,IPC,144,1,1
18575,IPC,363,1,1
18576,IPC,379,1,1
18577,IPC,380,1,1
18578,IPC,326,1,1
18579,IPC,379A,1,1
18580,IPC,420,1,1
18581,IPC,379,1,1
18582,IPC,302,1,1
18582,BNS,103,2,2
18583,IPC,379A,1,1
18584,IPC,380,1,1
18585,IPC,326,1,1
18586,IPC,323,1,1
18587,IPC,323,1,1
18588,IPC,498A,1,1
18589,IPC,379,1,1
18590,IPC,144,1,1
18591,IPC,379,1,1
18592,IPC,379,1,1
18593,IPC,323,1,1
18594,IPC,498A,1,1
18595,IPC,380,1,1
18596,IPC,354,1,1
18597,IPC,379,1,1
18598,IPC,323,1,1
18599,BNS,109,1,1
18599,IPC,307,2,2
18600,IPC,436,1,1
18601,IPC,323,1,1
18602,IPC,147,1,1
18603,IPC,379A,1,1
18604,IPC,379,1,1
18605,ARMS,25,1,1
18605,ARMS,27,2,2
18606,IPC,498A,1,1
18607,BNS,64,1,1
18608,IPC,420,1,1
18609,IPC,420,1,1
18610,IPC,379A,1,1
18611,POCSO,4,1,1
18612,ARMS,27,1,1
18613,IPC,323,1,1
18614,IPC,379A,1,1
18615,IPC,323,1,1
18616,POCSO,4,1,1
18617,IPC,498A,1,1
18618,IPC,363,1,1
18619,IPC,326,1,1
18620,IPC,147,1,1
18621,BNS,103,1,1
18621,IPC,302,2,2
18622,IPC,379,1,1
18623,IPC,420,1,1
18624,IPC,379A,1,1
18625,IPC,379,1,1
18626,IPC,323,1,1
18627,IPC,379,1,1
18628,IPC,392,1,1
18629,IPC,379,1,1
18630,IPC,379A,1,1
18631,IPC,66D-ITACT,1,1
18632,IPC,323,1,1
18633,IPC,323,1,1
18634,IPC,498A,1,1
18635,IPC,307,1,1
18636,IPC,380,1,1
18637,IPC,379,1,1
18638,IPC,379,1,1
18639,BNS,109,1,1
18640,IPC,323,1,1
18641,IPC,323,1,1
18642,IPC,379,1,1
18643,IPC,420,1,1
18644,IPC,144,1,1
18645,IPC,323,1,1
18646,IPC,379A,1,1
18647,IPC,326,1,1
18648,IPC,379A,1,1
18649,IPC,326,1,1
18650,IPC,147,1,1
18651,ARMS,25,1,1
18652,IPC,354,1,1
18653,IPC,323,1,1
18654,IPC,304B,1,1
18655,IPC,379,1,1
18656,IPC,380,1,1
18657,IPC,379,1,1
18658,IPC,323,1,1
18659,IPC,379A,1,1
18660,IPC,304,1,1
18661,IPC,326,1,1
18662,IPC,379,1,1
18663,IPC,406,1,1
18664,IPC,379,1,1
18665,IPC,323,1,1
18666,IPC,392,1,1
18667,IPC,392,1,1
18668,IPC,147,1,1
18669,IPC,380,1,1
18670,BNS,109,1,1
18671,IPC,326,1,1
18672,IPC,392,1,1
18673,IPC,66D-ITACT,1,1
18674,IPC,420,1,1
18675,IPC,379A,1,1
18676,IPC,354,1,1
18677,IPC,498A,1,1
18678,IPC,363,1,1
18679,IPC,379,1,1
18680,IPC,420,1,1
18681,IPC,406,1,1
18682,IPC,420,1,1
18683,NDPS,20,1,1
18684,IPC,379A,1,1
18685,IPC,379,1,1
18686,IPC,379,1,1
18687,IPC,380,1,1
18688,IPC,380,1,1
18689,IPC,323,1,1
18690,IPC,379A,1,1
18691,IPC,392,1,1
18692,IPC,66D-ITACT,1,1
18693,IPC,489A,1,1
18694,IPC,379,1,1
18695,IPC,304B,1,1
18696,IPC,380,1,1
18697,IPC,323,1,1
18698,IPC,420,1,1
18699,IPC,302,1,1
18700,IPC,380,1,1
18701,IPC,420,1,1
18702,NDPS,20,1,1
18703,IPC,498A,1,1
18704,IPC,420,1,1
18705,IPC,498A,1,1
18706,IPC,380,1,1
18707,IPC,380,1,1
18708,IPC,420,1,1
18709,IPC,326,1,1
18710,IPC,380,1,1
18711,IPC,379,1,1
18712,IPC,147,1,1
18713,IPC,66D-ITACT,1,1
18714,IPC,379A,1,1
18715,IPC,323,1,1
18716,NDPS,20,1,1
18717,IPC,354,1,1
18718,IPC,304,1,1
18719,IPC,379,1,1
18720,IPC,354,1,1
18721,IPC,498A,1,1
18722,IPC,380,1,1
18723,IPC,354,1,1
18724,IPC,392,1,1
18725,IPC,326,1,1
18726,IPC,380,1,1
18727,IPC,380,1,1
18728,IPC,380,1,1
18729,IPC,379,1,1
18730,IPC,323,1,1
18731,IPC,379A,1,1
18732,POCSO,4,1,1
18733,IPC,420,1,1
18734,IPC,147,1,1
18735,IPC,354,1,1
18736,BNS,103,1,1
18737,IPC,392,1,1
18738,IPC,392,1,1
18739,BNS,64,1,1
18740,IPC,323,1,1
18741,IPC,395,1,1
18742,IPC,147,1,1
18743,IPC,379,1,1
18744,IPC,420,1,1
18745,IPC,392,1,1
18746,IPC,379A,1,1
18747,IPC,379,1,1
18748,IPC,376,1,1
18749,BNS,64,1,1
18749,IPC,376,2,2
18750,IPC,392,1,1
18751,IPC,379,1,1
18752,IPC,436,1,1
18753,IPC,498A,1,1
18754,IPC,420,1,1
18755,IPC,354,1,1
18756,IPC,379,1,1
18757,IPC,144,1,1
18758,IPC,379,1,1
18759,POCSO,4,1,1
18760,IPC,379,1,1
18761,IPC,363,1,1
18762,IPC,380,1,1
18763,IPC,144,1,1
18764,IPC,144,1,1
18765,IPC,379A,1,1
18766,IPC,379A,1,1
18767,IPC,379,1,1
18768,IPC,392,1,1
18769,IPC,436,1,1
18770,IPC,144,1,1
18771,IPC,379,1,1
18772,IPC,379,1,1
18773,IPC,379,1,1
18774,BNS,103,1,1
18775,IPC,380,1,1
18776,IPC,147,1,1
18777,IPC,354,1,1
18778,IPC,379,1,1
18779,IPC,379,1,1
18780,IPC,380,1,1
18781,IPC,363,1,1
18782,POCSO,4,1,1
18783,IPC,380,1,1
18784,IPC,302,1,1
18784,BNS,103,2,2
18785,IPC,420,1,1
18786,IPC,379A,1,1
18787,IPC,379A,1,1
18788,NDPS,20,1,1
18789,IPC,420,1,1
18790,IPC,379,1,1
18791,IPC,304,1,1
18792,IPC,498A,1,1
18793,IPC,326,1,1
18794,IPC,380,1,1
18795,IPC,420,1,1
18796,IPC,498A,1,1
18797,IPC,420,1,1
18798,IPC,420,1,1
18799,IPC,379,1,1
18800,IPC,323,1,1
18801,IPC,66D-ITACT,1,1
18802,ARMS,25,1,1
18803,IPC,406,1,1
18804,IPC,144,1,1
18805,IPC,323,1,1
18806,IPC,379A,1,1
18807,IPC,436,1,1
18808,BNS,64,1,1
18809,BNS,64,1,1
18809,IPC,376,2,2
18810,IPC,354,1,1
18811,IPC,147,1,1
18812,IPC,323,1,1
18813,IPC,379A,1,1
18814,IPC,498A,1,1
18815,IPC,379A,1,1
18816,IPC,379A,1,1
18817,IPC,380,1,1
18818,IPC,363,1,1
18819,IPC,420,1,1
18820,IPC,323,1,1
18821,IPC,379A,1,1
18822,POCSO,4,1,1
18823,IPC,363,1,1
18824,IPC,420,1,1
18825,IPC,379A,1,1
18826,IPC,380,1,1
18827,IPC,379A,1,1
18828,IPC,392,1,1
18829,IPC,392,1,1
18830,IPC,420,1,1
18831,NDPS,20,1,1
18832,IPC,66D-ITACT,1,1
18833,IPC,307,1,1
18834,IPC,406,1,1
18835,IPC,379,1,1
18836,IPC,420,1,1
18837,IPC,498A,1,1
18838,IPC,66D-ITACT,1,1
18839,IPC,498A,1,1
18840,IPC,323,1,1
18841,IPC,379,1,1
18842,IPC,379,1,1
18843,IPC,379A,1,1
18844,IPC,498A,1,1
18845,IPC,354,1,1
18846,IPC,379,1,1
18847,IPC,379,1,1
18848,IPC,323,1,1
18849,IPC,379A,1,1
18850,IPC,326,1,1
18851,IPC,323,1,1
18852,IPC,66D-ITACT,1,1
18853,ARMS,27,1,1
18854,IPC,436,1,1
18855,IPC,379A,1,1
18856,IPC,323,1,1
18857,IPC,323,1,1
18858,IPC,379,1,1
18859,NDPS,20,1,1
18860,IPC,379,1,1
18861,IPC,395,1,1
18862,IPC,420,1,1
18863,IPC,304B,1,1
18864,IPC,323,1,1
18865,IPC,304B,1,1
18866,IPC,380,1,1
18867,IPC,498A,1,1
18868,IPC,363,1,1
18869,IPC,498A,1,1
18870,IPC,323,1,1
18871,IPC,392,1,1
18872,IPC,392,1,1
18873,IPC,323,1,1
18874,IPC,307,1,1
18875,IPC,363,1,1
18876,IPC,304,1,1
18877,IPC,379,1,1
18878,IPC,379A,1,1
18879,IPC,392,1,1
18880,IPC,379A,1,1
18881,IPC,420,1,1
18882,IPC,379A,1,1
18883,IPC,392,1,1
18884,IPC,392,1,1
18885,IPC,379A,1,1
18886,IPC,379,1,1
18887,BNS,109,1,1
18888,IPC,380,1,1
18889,IPC,380,1,1
18890,IPC,323,1,1
18891,IPC,66D-ITACT,1,1
18892,IPC,326,1,1
18893,IPC,144,1,1
18894,IPC,379A,1,1
18895,IPC,420,1,1
18896,IPC,354,1,1
18897,POCSO,4,1,1
18898,IPC,420,1,1
18899,IPC,354,1,1
18900,IPC,379,1,1
18901,IPC,304B,1,1
18902,IPC,323,1,1
18903,ARMS,25,1,1
18904,IPC,323,1,1
18905,IPC,379A,1,1
18906,IPC,323,1,1
18907,IPC,379,1,1
18908,NDPS,20,1,1
18909,IPC,307,1,1
18910,IPC,66D-ITACT,1,1
18911,IPC,406,1,1
18912,IPC,376,1,1
18912,BNS,64,2,2
18913,NDPS,20,1,1
18914,IPC,406,1,1
18915,POCSO,4,1,1
18916,IPC,392,1,1
18917,IPC,380,1,1
18918,IPC,323,1,1
18919,IPC,363,1,1
18920,IPC,379,1,1
18921,IPC,323,1,1
18922,IPC,380,1,1
18923,IPC,323,1,1
18924,IPC,66D-ITACT,1,1
18925,IPC,380,1,1
18926,IPC,420,1,1
18927,IPC,498A,1,1
18928,IPC,323,1,1
18929,IPC,379,1,1
18930,IPC,498A,1,1
18931,IPC,379,1,1
18932,IPC,66D-ITACT,1,1
18933,IPC,392,1,1
18934,IPC,380,1,1
18935,IPC,380,1,1
18936,IPC,326,1,1
18937,IPC,379,1,1
18938,ARMS,27,1,1
18939,IPC,379,1,1
18940,ARMS,25,1,1
18941,IPC,379,1,1
18942,IPC,379,1,1
18943,IPC,379,1,1
18944,IPC,363,1,1
18945,IPC,354,1,1
18946,IPC,354,1,1
18947,IPC,379,1,1
18948,BNS,64,1,1
18949,IPC,66D-ITACT,1,1
18950,IPC,66D-ITACT,1,1
18951,IPC,498A,1,1
18952,IPC,420,1,1
18953,IPC,498A,1,1
18954,IPC,323,1,1
18955,IPC,380,1,1
18956,IPC,363,1,1
18957,IPC,323,1,1
18958,IPC,395,1,1
18959,IPC,379,1,1
18960,IPC,379A,1,1
18961,NDPS,20,1,1
18962,IPC,307,1,1
18963,IPC,380,1,1
18964,IPC,379,1,1
18965,IPC,379,1,1
18966,IPC,326,1,1
18967,IPC,326,1,1
18968,NDPS,20,1,1
18969,IPC,363,1,1
18970,IPC,66D-ITACT,1,1
18971,IPC,392,1,1
18972,IPC,66D-ITACT,1,1
18973,IPC,380,1,1
18974,IPC,420,1,1
18975,IPC,380,1,1
18976,IPC,144,1,1
18977,IPC,420,1,1
18978,IPC,326,1,1
18979,IPC,379,1,1
18980,IPC,498A,1,1
18981,IPC,392,1,1
18982,IPC,380,1,1
18983,IPC,323,1,1
18984,IPC,354,1,1
18985,IPC,380,1,1
18986,IPC,66D-ITACT,1,1
18987,BNS,64,1,1
18987,IPC,376,2,2
18988,IPC,147,1,1
18989,IPC,379,1,1
18990,IPC,323,1,1
18991,IPC,307,1,1
18991,BNS,109,2,2
18992,IPC,302,1,1
18993,IPC,354,1,1
18994,IPC,354,1,1
18995,IPC,379A,1,1
18996,IPC,498A,1,1
18997,NDPS,20,1,1
18998,IPC,304,1,1
18999,IPC,66D-ITACT,1,1
19000,IPC,379A,1,1
19001,IPC,380,1,1
19002,IPC,379A,1,1
19003,IPC,380,1,1
19004,NDPS,20,1,1
19005,IPC,406,1,1
19006,IPC,326,1,1
19007,IPC,379A,1,1
19008,IPC,144,1,1
19009,IPC,379,1,1
19010,IPC,323,1,1
19011,IPC,379,1,1
19012,IPC,380,1,1
19013,IPC,326,1,1
19014,IPC,498A,1,1
19015,IPC,326,1,1
19016,IPC,379,1,1
19017,IPC,498A,1,1
19018,IPC,304,1,1
19019,IPC,379,1,1
19020,IPC,66D-ITACT,1,1
19021,IPC,323,1,1
19022,IPC,379,1,1
19023,BNS,109,1,1
19024,IPC,323,1,1
19025,IPC,147,1,1
19026,IPC,420,1,1
19027,IPC,323,1,1
19028,IPC,66D-ITACT,1,1
19029,BNS,64,1,1
19029,IPC,376,2,2
19030,IPC,406,1,1
19031,IPC,436,1,1
19032,IPC,379,1,1
19033,IPC,379A,1,1
19034,IPC,323,1,1
19035,IPC,326,1,1
19036,IPC,363,1,1
19037,IPC,354,1,1
19038,IPC,379,1,1
19039,IPC,379,1,1
19040,BNS,109,1,1
19040,IPC,307,2,2
19041,IPC,406,1,1
19042,IPC,379A,1,1
19043,IPC,379,1,1
19044,IPC,323,1,1
19045,BNS,109,1,1
19046,IPC,379,1,1
19047,IPC,420,1,1
19048,IPC,380,1,1
19049,IPC,304,1,1
19050,IPC,379,1,1
19051,IPC,380,1,1
19052,IPC,420,1,1
19053,IPC,379,1,1
19054,IPC,326,1,1
19055,IPC,379,1,1
19056,IPC,380,1,1
19057,IPC,379A,1,1
19058,IPC,379A,1,1
19059,IPC,144,1,1
19060,IPC,379,1,1
19061,IPC,379A,1,1
19062,BNS,64,1,1
19063,IPC,379,1,1
19064,IPC,380,1,1
19065,IPC,66D-ITACT,1,1
19066,IPC,379,1,1
19067,IPC,379A,1,1
19068,IPC,323,1,1
19069,POCSO,4,1,1
19070,IPC,379,1,1
19071,IPC,379,1,1
19072,BNS,103,1,1
19073,IPC,379,1,1
19074,IPC,498A,1,1
19075,IPC,147,1,1
19076,IPC,304B,1,1
19077,IPC,406,1,1
19078,IPC,379,1,1
19079,IPC,307,1,1
19080,IPC,498A,1,1
19081,IPC,420,1,1
19082,IPC,147,1,1
19083,IPC,354,1,1
19084,IPC,326,1,1
19085,IPC,354,1,1
19086,IPC,436,1,1
19087,IPC,489A,1,1
19088,IPC,66D-ITACT,1,1
19089,IPC,66D-ITACT,1,1
19090,IPC,363,1,1
19091,IPC,326,1,1
19092,IPC,323,1,1
19093,IPC,420,1,1
19094,IPC,379A,1,1
19095,IPC,66D-ITACT,1,1
19096,IPC,420,1,1
19097,IPC,147,1,1
19098,IPC,379,1,1
19099,IPC,498A,1,1
19100,ARMS,27,1,1
19101,IPC,323,1,1
19102,IPC,380,1,1
19103,IPC,420,1,1
19104,IPC,323,1,1
19105,IPC,326,1,1
19106,IPC,144,1,1
19107,IPC,379,1,1
19108,IPC,498A,1,1
19109,IPC,406,1,1
19110,IPC,376,1,1
19111,IPC,420,1,1
19112,IPC,304,1,1
19113,IPC,380,1,1
19114,IPC,420,1,1
19115,IPC,379,1,1
19116,IPC,66D-ITACT,1,1
19117,IPC,380,1,1
19118,IPC,379,1,1
19119,IPC,147,1,1
19120,ARMS,27,1,1
19121,IPC,380,1,1
19122,NDPS,20,1,1
19123,IPC,323,1,1
19124,IPC,379A,1,1
19125,IPC,379A,1,1
19126,IPC,379,1,1
19127,IPC,323,1,1
19128,IPC,420,1,1
19129,IPC,420,1,1
19130,IPC,380,1,1
19131,IPC,406,1,1
19132,IPC,498A,1,1
19133,IPC,379A,1,1
19134,IPC,406,1,1
19135,IPC,379,1,1
19136,IPC,304B,1,1
19137,IPC,380,1,1
19138,IPC,363,1,1
19139,IPC,380,1,1
19140,IPC,304,1,1
19141,IPC,392,1,1
19142,IPC,420,1,1
19143,IPC,144,1,1
19144,IPC,323,1,1
19145,IPC,392,1,1
19146,IPC,380,1,1
19147,IPC,326,1,1
19148,IPC,380,1,1
19149,IPC,498A,1,1
19150,NDPS,20,1,1
19151,IPC,144,1,1
19152,IPC,323,1,1
19153,IPC,323,1,1
19154,IPC,379,1,1
19155,IPC,379,1,1
19156,IPC,380,1,1
19157,IPC,354,1,1
19158,IPC,379,1,1
19159,IPC,323,1,1
19160,IPC,420,1,1
19161,IPC,498A,1,1
19162,IPC,323,1,1
19163,BNS,109,1,1
19164,IPC,66D-ITACT,1,1
19165,IPC,354,1,1
19166,IPC,144,1,1
19167,IPC,66D-ITACT,1,1
19168,BNS,109,1,1
19169,IPC,376,1,1
19169,BNS,64,2,2
19170,IPC,392,1,1
19171,IPC,379,1,1
19172,IPC,380,1,1
19173,POCSO,4,1,1
19174,IPC,144,1,1
19175,IPC,323,1,1
19176,IPC,379,1,1
19177,IPC,406,1,1
19178,NDPS,20,1,1
19179,IPC,147,1,1
19180,IPC,498A,1,1
19181,IPC,406,1,1
19182,IPC,379,1,1
19183,NDPS,20,1,1
19184,IPC,380,1,1
19185,IPC,379,1,1
19186,IPC,420,1,1
19187,IPC,379,1,1
19188,IPC,326,1,1
19189,IPC,406,1,1
19190,IPC,326,1,1
19191,IPC,379A,1,1
19192,IPC,498A,1,1
19193,IPC,323,1,1
19194,IPC,379,1,1
19195,IPC,307,1,1
19196,IPC,379A,1,1
19197,IPC,380,1,1
19198,IPC,392,1,1
19199,IPC,379A,1,1
19200,IPC,420,1,1
19201,IPC,354,1,1
19202,IPC,406,1,1
19203,IPC,144,1,1
19204,IPC,379A,1,1
19205,IPC,380,1,1
19206,IPC,379,1,1
19207,IPC,406,1,1
19208,IPC,326,1,1
19209,IPC,380,1,1
19210,IPC,323,1,1
19211,IPC,498A,1,1
19212,POCSO,4,1,1
19213,IPC,380,1,1
19214,IPC,406,1,1
19215,IPC,354,1,1
19216,IPC,323,1,1
19217,IPC,406,1,1
19218,IPC,420,1,1
19219,IPC,323,1,1
19220,POCSO,4,1,1
19221,IPC,354,1,1
19222,BNS,109,1,1
19223,IPC,498A,1,1
19224,IPC,406,1,1
19225,IPC,323,1,1
19226,IPC,323,1,1
19227,IPC,354,1,1
19228,IPC,420,1,1
19229,IPC,323,1,1
19230,IPC,66D-ITACT,1,1
19231,IPC,379A,1,1
19232,IPC,498A,1,1
19233,IPC,498A,1,1
19234,IPC,380,1,1
19235,IPC,498A,1,1
19236,IPC,323,1,1
19237,IPC,436,1,1
19238,IPC,66D-ITACT,1,1
19239,IPC,66D-ITACT,1,1
19240,IPC,379,1,1
19241,IPC,379,1,1
19242,ARMS,27,1,1
19242,ARMS,25,2,2
19243,IPC,66D-ITACT,1,1
19244,IPC,379,1,1
19245,IPC,498A,1,1
19246,IPC,323,1,1
19247,IPC,354,1,1
19248,NDPS,20,1,1
19249,IPC,380,1,1
19250,IPC,326,1,1
19251,BNS,64,1,1
19252,IPC,379A,1,1
19253,POCSO,4,1,1
19254,IPC,392,1,1
19255,IPC,380,1,1
19256,IPC,420,1,1
19257,IPC,66D-ITACT,1,1
19258,IPC,380,1,1
19259,IPC,379,1,1
19260,IPC,420,1,1
19261,IPC,420,1,1
19262,IPC,379A,1,1
19263,IPC,379A,1,1
19264,IPC,392,1,1
19265,IPC,354,1,1
19266,IPC,392,1,1
19267,IPC,392,1,1
19268,IPC,379,1,1
19269,IPC,304,1,1
19270,BNS,109,1,1
19271,NDPS,20,1,1
19272,IPC,380,1,1
19273,IPC,406,1,1
19274,IPC,66D-ITACT,1,1
19275,IPC,323,1,1
19276,IPC,379A,1,1
19277,IPC,380,1,1
19278,IPC,379,1,1
19279,IPC,380,1,1
19280,IPC,326,1,1
19281,IPC,354,1,1
19282,NDPS,20,1,1
19283,IPC,498A,1,1
19284,IPC,323,1,1
19285,IPC,354,1,1
19286,IPC,420,1,1
19287,IPC,379A,1,1
19288,IPC,144,1,1
19289,IPC,379,1,1
19290,IPC,379,1,1
19291,IPC,147,1,1
19292,IPC,392,1,1
19293,IPC,326,1,1
19294,POCSO,4,1,1
19295,IPC,392,1,1
19296,IPC,379A,1,1
19297,IPC,498A,1,1
19298,IPC,323,1,1
19299,BNS,109,1,1
19300,IPC,323,1,1
19301,IPC,392,1,1
19302,IPC,379,1,1
19303,IPC,66D-ITACT,1,1
19304,IPC,66D-ITACT,1,1
19305,IPC,406,1,1
19306,IPC,379,1,1
19307,IPC,379,1,1
19308,IPC,379A,1,1
19309,IPC,326,1,1
19310,IPC,326,1,1
19311,IPC,498A,1,1
19312,IPC,66D-ITACT,1,1
19313,IPC,436,1,1
19314,IPC,379A,1,1
19315,IPC,379,1,1
19316,ARMS,27,1,1
19317,IPC,379,1,1
19318,IPC,354,1,1
19319,IPC,323,1,1
19320,IPC,498A,1,1
19321,IPC,392,1,1
19322,IPC,379,1,1
19323,IPC,379,1,1
19324,IPC,380,1,1
19325,IPC,379,1,1
19326,IPC,302,1,1
19326,BNS,103,2,2
19327,IPC,307,1,1
19327,BNS,109,2,2
19328,IPC,379,1,1
19329,IPC,406,1,1
19330,IPC,147,1,1
19331,IPC,323,1,1
19332,IPC,66D-ITACT,1,1
19333,IPC,379,1,1
19334,BNS,64,1,1
19335,IPC,354,1,1
19336,IPC,323,1,1
19337,IPC,379,1,1
19338,IPC,304,1,1
19339,POCSO,4,1,1
19340,IPC,380,1,1
19341,IPC,307,1,1
19342,IPC,66D-ITACT,1,1
19343,POCSO,4,1,1
19344,NDPS,20,1,1
19345,IPC,323,1,1
19346,BNS,109,1,1
19346,IPC,307,2,2
19347,IPC,66D-ITACT,1,1
19348,IPC,380,1,1
19349,IPC,380,1,1
19350,IPC,379,1,1
19351,IPC,323,1,1
19352,IPC,406,1,1
19353,NDPS,20,1,1
19354,IPC,380,1,1
19355,IPC,436,1,1
19356,IPC,379,1,1
19357,IPC,498A,1,1
19358,POCSO,4,1,1
19359,IPC,436,1,1
19360,IPC,326,1,1
19361,NDPS,20,1,1
19362,IPC,323,1,1
19363,IPC,379A,1,1
19364,IPC,326,1,1
19365,IPC,326,1,1
19366,IPC,406,1,1
19367,IPC,392,1,1
19368,IPC,379,1,1
19369,IPC,406,1,1
19370,IPC,66D-ITACT,1,1
19371,BNS,64,1,1
19372,IPC,307,1,1
19373,IPC,420,1,1
19374,IPC,354,1,1
19375,IPC,379,1,1
19376,IPC,379,1,1
19377,IPC,379,1,1
19378,IPC,66D-ITACT,1,1
19379,IPC,326,1,1
19380,IPC,304,1,1
19381,BNS,109,1,1
19382,IPC,147,1,1
19383,IPC,147,1,1
19384,IPC,147,1,1
19385,IPC,498A,1,1
19386,IPC,323,1,1
19387,IPC,304,1,1
19388,IPC,379A,1,1
19389,IPC,66D-ITACT,1,1
19390,IPC,363,1,1
19391,IPC,323,1,1
19392,IPC,392,1,1
19393,IPC,380,1,1
19394,IPC,66D-ITACT,1,1
19395,IPC,420,1,1
19396,IPC,354,1,1
19397,IPC,379,1,1
19398,IPC,392,1,1
19399,IPC,354,1,1
19400,ARMS,25,1,1
19401,IPC,376,1,1
19401,BNS,64,2,2
19402,IPC,66D-ITACT,1,1
19403,IPC,379,1,1
19404,IPC,147,1,1
19405,IPC,392,1,1
19406,IPC,392,1,1
19407,IPC,66D-ITACT,1,1
19408,IPC,498A,1,1
19409,IPC,379,1,1
19410,IPC,380,1,1
19411,BNS,64,1,1
19412,IPC,147,1,1
19413,IPC,420,1,1
19414,IPC,379A,1,1
19415,IPC,380,1,1
19416,IPC,380,1,1
19417,IPC,326,1,1
19418,IPC,498A,1,1
19419,IPC,354,1,1
19420,IPC,420,1,1
19421,BNS,109,1,1
19422,IPC,144,1,1
19423,IPC,66D-ITACT,1,1
19424,ARMS,25,1,1
19424,ARMS,27,2,2
19425,IPC,354,1,1
19426,IPC,380,1,1
19427,IPC,144,1,1
19428,IPC,354,1,1
19429,IPC,498A,1,1
19430,IPC,380,1,1
19431,IPC,307,1,1
19432,IPC,323,1,1
19433,IPC,406,1,1
19434,IPC,147,1,1
19435,IPC,379A,1,1
19436,IPC,379A,1,1
19437,IPC,498A,1,1
19438,POCSO,4,1,1
19439,IPC,498A,1,1
19440,IPC,392,1,1
19441,IPC,380,1,1
19442,IPC,498A,1,1
19443,IPC,379A,1,1
19444,IPC,380,1,1
19445,IPC,66D-ITACT,1,1
19446,IPC,392,1,1
19447,IPC,363,1,1
19448,IPC,379,1,1
19449,IPC,379,1,1
19450,IPC,363,1,1
19451,IPC,489A,1,1
19452,IPC,379,1,1
19453,IPC,354,1,1
19454,NDPS,20,1,1
19455,IPC,323,1,1
19456,IPC,379,1,1
19457,IPC,380,1,1
19458,IPC,323,1,1
19459,IPC,326,1,1
19460,IPC,489A,1,1
19461,IPC,379,1,1
19462,IPC,66D-ITACT,1,1
19463,IPC,323,1,1
19464,POCSO,4,1,1
19465,IPC,498A,1,1
19466,IPC,498A,1,1
19467,IPC,379A,1,1
19468,IPC,379,1,1
19469,IPC,406,1,1
19470,IPC,379A,1,1
19471,IPC,323,1,1
19472,IPC,147,1,1
19473,IPC,406,1,1
19474,IPC,406,1,1
19475,IPC,66D-ITACT,1,1
19476,IPC,323,1,1
19477,BNS,109,1,1
19478,POCSO,4,1,1
19479,IPC,498A,1,1
19480,IPC,406,1,1
19481,IPC,326,1,1
19482,IPC,379A,1,1
19483,IPC,354,1,1
19484,IPC,420,1,1
19485,IPC,379,1,1
19486,IPC,379,1,1
19487,IPC,326,1,1
19488,IPC,406,1,1
19489,IPC,380,1,1
19490,IPC,379,1,1
19491,IPC,147,1,1
19492,IPC,376,1,1
19493,IPC,147,1,1
19494,NDPS,20,1,1
19495,IPC,406,1,1
19496,IPC,379A,1,1
19497,IPC,498A,1,1
19498,IPC,380,1,1
19499,IPC,323,1,1
19500,IPC,392,1,1
19501,IPC,323,1,1
19502,IPC,323,1,1
19503,IPC,144,1,1
19504,IPC,436,1,1
19505,IPC,436,1,1
19506,IPC,379,1,1
19507,POCSO,4,1,1
19508,IPC,406,1,1
19509,BNS,64,1,1
19510,IPC,379,1,1
19511,NDPS,20,1,1
19512,IPC,376,1,1
19512,BNS,64,2,2
19513,IPC,302,1,1
19513,BNS,103,2,2
19514,IPC,436,1,1
19515,IPC,420,1,1
19516,IPC,66D-ITACT,1,1
19517,NDPS,20,1,1
19518,IPC,395,1,1
19519,NDPS,20,1,1
19520,IPC,304,1,1
19521,IPC,379A,1,1
19522,IPC,354,1,1
19523,IPC,323,1,1
19524,IPC,354,1,1
19525,BNS,64,1,1
19526,IPC,379,1,1
19527,IPC,498A,1,1
19528,IPC,498A,1,1
19529,IPC,323,1,1
19530,IPC,304B,1,1
19531,IPC,323,1,1
19532,IPC,406,1,1
19533,IPC,395,1,1
19534,IPC,379,1,1
19535,IPC,379,1,1
19536,IPC,354,1,1
19537,IPC,420,1,1
19538,IPC,380,1,1
19539,IPC,436,1,1
19540,IPC,380,1,1
19541,IPC,363,1,1
19542,POCSO,4,1,1
19543,IPC,379,1,1
19544,IPC,302,1,1
19544,BNS,103,2,2
19545,IPC,326,1,1
19546,IPC,380,1,1
19547,IPC,379,1,1
19548,IPC,144,1,1
19549,BNS,64,1,1
19550,IPC,406,1,1
19551,IPC,66D-ITACT,1,1
19552,IPC,66D-ITACT,1,1
19553,IPC,323,1,1
19554,IPC,379,1,1
19555,IPC,326,1,1
19556,IPC,498A,1,1
19557,IPC,379,1,1
19558,IPC,66D-ITACT,1,1
19559,IPC,380,1,1
19560,IPC,147,1,1
19561,POCSO,4,1,1
19562,IPC,406,1,1
19563,IPC,379,1,1
19564,IPC,354,1,1
19565,IPC,379,1,1
19566,IPC,326,1,1
19567,IPC,392,1,1
19568,IPC,380,1,1
19569,IPC,392,1,1
19570,IPC,323,1,1
19571,IPC,436,1,1
19572,IPC,376,1,1
19572,BNS,64,2,2
19573,IPC,498A,1,1
19574,IPC,420,1,1
19575,IPC,323,1,1
19576,IPC,420,1,1
19577,IPC,498A,1,1
19578,IPC,406,1,1
19579,IPC,326,1,1
19580,IPC,379,1,1
19581,IPC,420,1,1
19582,IPC,326,1,1
19583,BNS,64,1,1
19584,IPC,326,1,1
19585,IPC,498A,1,1
19586,IPC,147,1,1
19587,IPC,66D-ITACT,1,1
19588,IPC,354,1,1
19589,IPC,392,1,1
19590,IPC,363,1,1
19591,IPC,379,1,1
19592,IPC,379,1,1
19593,IPC,379,1,1
19594,IPC,392,1,1
19595,IPC,302,1,1
19596,IPC,323,1,1
19597,IPC,420,1,1
19598,ARMS,25,1,1
19598,ARMS,27,2,2
19599,IPC,380,1,1
19600,BNS,109,1,1
19601,IPC,392,1,1
19602,IPC,323,1,1
19603,IPC,323,1,1
19604,IPC,489A,1,1
19605,IPC,420,1,1
19606,IPC,392,1,1
19607,IPC,66D-ITACT,1,1
19608,IPC,147,1,1
19609,IPC,144,1,1
19610,IPC,323,1,1
19611,IPC,406,1,1
19612,IPC,420,1,1
19613,IPC,304,1,1
19614,IPC,323,1,1
19615,IPC,323,1,1
19616,IPC,392,1,1
19617,IPC,379A,1,1
19618,IPC,326,1,1
19619,IPC,379,1,1
19620,IPC,363,1,1
19621,IPC,498A,1,1
19622,IPC,379A,1,1
19623,IPC,326,1,1
19624,IPC,66D-ITACT,1,1
19625,IPC,323,1,1
19626,IPC,147,1,1
19627,NDPS,20,1,1
19628,IPC,326,1,1
19629,IPC,498A,1,1
19630,IPC,323,1,1
19631,IPC,326,1,1
19632,IPC,380,1,1
19633,IPC,379,1,1
19634,IPC,66D-ITACT,1,1
19635,IPC,326,1,1
19636,IPC,326,1,1
19637,IPC,392,1,1
19638,IPC,354,1,1
19639,IPC,420,1,1
19640,IPC,379,1,1
19641,IPC,363,1,1
19642,IPC,66D-ITACT,1,1
19643,IPC,147,1,1
19644,IPC,380,1,1
19645,IPC,354,1,1
19646,IPC,363,1,1
19647,IPC,147,1,1
19648,IPC,436,1,1
19649,IPC,420,1,1
19650,IPC,379A,1,1
19651,IPC,379,1,1
19652,IPC,66D-ITACT,1,1
19653,IPC,392,1,1
19654,ARMS,25,1,1
19655,IPC,326,1,1
19656,IPC,323,1,1
19657,IPC,392,1,1
19658,IPC,379A,1,1
19659,IPC,395,1,1
19660,IPC,498A,1,1
19661,IPC,379,1,1
19662,IPC,379,1,1
19663,IPC,354,1,1
19664,IPC,307,1,1
19665,IPC,379A,1,1
19666,IPC,406,1,1
19667,IPC,380,1,1
19668,IPC,420,1,1
19669,IPC,66D-ITACT,1,1
19670,IPC,323,1,1
19671,IPC,323,1,1
19672,IPC,379,1,1
19673,IPC,379,1,1
19674,IPC,307,1,1
19675,IPC,66D-ITACT,1,1
19676,IPC,420,1,1
19677,IPC,323,1,1
19678,IPC,323,1,1
19679,IPC,323,1,1
19680,IPC,66D-ITACT,1,1
19681,IPC,144,1,1
19682,IPC,379A,1,1
19683,IPC,380,1,1
19684,IPC,380,1,1
19685,IPC,354,1,1
19686,NDPS,20,1,1
19687,ARMS,27,1,1
19688,IPC,66D-ITACT,1,1
19689,IPC,302,1,1
19690,IPC,379A,1,1
19691,IPC,420,1,1
19692,IPC,66D-ITACT,1,1
19693,IPC,395,1,1
19694,IPC,323,1,1
19695,IPC,144,1,1
19696,IPC,326,1,1
19697,IPC,392,1,1
19698,IPC,66D-ITACT,1,1
19699,IPC,326,1,1
19700,IPC,379,1,1
19701,IPC,363,1,1
19702,IPC,380,1,1
19703,IPC,304B,1,1
19704,IPC,379,1,1
19705,IPC,323,1,1
19706,IPC,498A,1,1
19707,ARMS,27,1,1
19707,ARMS,25,2,2
19708,IPC,147,1,1
19709,IPC,379,1,1
19710,IPC,380,1,1
19711,IPC,379A,1,1
19712,IPC,363,1,1
19713,IPC,354,1,1
19714,IPC,379,1,1
19715,IPC,354,1,1
19716,IPC,376,1,1
19717,IPC,436,1,1
19718,IPC,406,1,1
19719,ARMS,25,1,1
19720,IPC,380,1,1
19721,IPC,489A,1,1
19722,IPC,379,1,1
19723,IPC,354,1,1
19724,BNS,64,1,1
19725,IPC,304,1,1
19726,IPC,379A,1,1
19727,IPC,363,1,1
19728,IPC,498A,1,1
19729,BNS,103,1,1
19730,IPC,323,1,1
19731,IPC,354,1,1
19732,IPC,420,1,1
19733,IPC,498A,1,1
19734,IPC,379,1,1
19735,IPC,323,1,1
19736,IPC,379,1,1
19737,IPC,379,1,1
19738,ARMS,27,1,1
19739,IPC,420,1,1
19740,IPC,379,1,1
19741,IPC,379A,1,1
19742,IPC,66D-ITACT,1,1
19743,IPC,379,1,1
19744,IPC,380,1,1
19745,IPC,392,1,1
19746,IPC,302,1,1
19747,NDPS,20,1,1
19748,IPC,323,1,1
19749,IPC,66D-ITACT,1,1
19750,IPC,379,1,1
19751,IPC,380,1,1
19752,IPC,379,1,1
19753,ARMS,27,1,1
19754,IPC,498A,1,1
19755,NDPS,20,1,1
19756,IPC,379A,1,1
19757,IPC,392,1,1
19758,IPC,323,1,1
19759,IPC,304B,1,1
19760,IPC,379,1,1
19761,IPC,406,1,1
19762,IPC,380,1,1
19763,IPC,379,1,1
19764,IPC,379,1,1
19765,IPC,406,1,1
19766,IPC,66D-ITACT,1,1
19767,IPC,380,1,1
19768,ARMS,25,1,1
19769,IPC,420,1,1
19770,IPC,379,1,1
19771,BNS,109,1,1
19772,IPC,66D-ITACT,1,1
19773,IPC,379,1,1
19774,IPC,498A,1,1
19775,IPC,380,1,1
19776,IPC,420,1,1
19777,IPC,376,1,1
19778,NDPS,20,1,1
19779,IPC,66D-ITACT,1,1
19780,IPC,420,1,1
19781,IPC,380,1,1
19782,IPC,144,1,1
19783,IPC,379,1,1
19784,IPC,66D-ITACT,1,1
19785,BNS,64,1,1
19786,IPC,420,1,1
19787,IPC,304,1,1
19788,IPC,326,1,1
19789,IPC,420,1,1
19790,IPC,379,1,1
19791,IPC,354,1,1
19792,IPC,144,1,1
19793,IPC,379,1,1
19794,IPC,380,1,1
19795,IPC,66D-ITACT,1,1
19796,IPC,66D-ITACT,1,1
19797,IPC,379,1,1
19798,IPC,66D-ITACT,1,1
19799,IPC,326,1,1
19800,IPC,66D-ITACT,1,1
19801,BNS,109,1,1
19801,IPC,307,2,2
19802,IPC,380,1,1
19803,IPC,354,1,1
19804,IPC,379A,1,1
19805,IPC,379,1,1
19806,NDPS,20,1,1
19807,IPC,326,1,1
19808,IPC,379A,1,1
19809,IPC,379A,1,1
19810,IPC,420,1,1
19811,IPC,66D-ITACT,1,1
19812,IPC,380,1,1
19813,IPC,326,1,1
19814,POCSO,4,1,1
19815,IPC,323,1,1
19816,IPC,380,1,1
19817,IPC,436,1,1
19818,IPC,379,1,1
19819,POCSO,4,1,1
19820,IPC,323,1,1
19821,IPC,147,1,1
19822,IPC,420,1,1
19823,IPC,379,1,1
19824,IPC,354,1,1
19825,IPC,363,1,1
19826,IPC,395,1,1
19827,IPC,395,1,1
19828,IPC,395,1,1
19829,ARMS,27,1,1
19830,IPC,376,1,1
19831,IPC,379,1,1
19832,POCSO,4,1,1
19833,IPC,379A,1,1
19834,IPC,379,1,1
19835,IPC,323,1,1
19836,IPC,379,1,1
19837,IPC,326,1,1
19838,IPC,354,1,1
19839,IPC,379A,1,1
19840,IPC,323,1,1
19841,IPC,144,1,1
19842,IPC,323,1,1
19843,IPC,363,1,1
19844,IPC,420,1,1
19845,NDPS,20,1,1
19846,IPC,406,1,1
19847,BNS,64,1,1
19848,IPC,392,1,1
19849,POCSO,4,1,1
19850,IPC,395,1,1
19851,IPC,379,1,1
19852,IPC,323,1,1
19853,IPC,379,1,1
19854,BNS,103,1,1
19854,IPC,302,2,2
19855,IPC,392,1,1
19856,IPC,66D-ITACT,1,1
19857,IPC,323,1,1
19858,IPC,326,1,1
19859,IPC,379,1,1
19860,IPC,66D-ITACT,1,1
19861,BNS,103,1,1
19862,IPC,326,1,1
19863,IPC,379,1,1
19864,IPC,379,1,1
19865,IPC,326,1,1
19866,IPC,326,1,1
19867,IPC,380,1,1
19868,IPC,326,1,1
19869,ARMS,25,1,1
19870,BNS,64,1,1
19871,IPC,354,1,1
19872,IPC,420,1,1
19873,IPC,379,1,1
19874,POCSO,4,1,1
19875,POCSO,4,1,1
19876,IPC,392,1,1
19877,IPC,66D-ITACT,1,1
19878,BNS,103,1,1
19879,IPC,420,1,1
19880,IPC,379,1,1
19881,BNS,103,1,1
19882,IPC,380,1,1
19883,IPC,420,1,1
19884,IPC,326,1,1
19885,IPC,489A,1,1
19886,IPC,354,1,1
19887,IPC,380,1,1
19888,IPC,323,1,1
19889,IPC,380,1,1
19890,IPC,354,1,1
19891,IPC,380,1,1
19892,IPC,420,1,1
19893,IPC,354,1,1
19894,IPC,380,1,1
19895,IPC,498A,1,1
19896,IPC,354,1,1
19897,IPC,144,1,1
19898,IPC,420,1,1
19899,BNS,64,1,1
19899,IPC,376,2,2
19900,IPC,354,1,1
19901,IPC,307,1,1
19902,IPC,420,1,1
19903,IPC,323,1,1
19904,NDPS,20,1,1
19905,ARMS,25,1,1
19906,IPC,326,1,1
19907,IPC,304,1,1
19908,IPC,498A,1,1
19909,IPC,420,1,1
19910,IPC,380,1,1
19911,IPC,302,1,1
19912,IPC,379,1,1
19913,IPC,323,1,1
19914,IPC,323,1,1
19915,IPC,392,1,1
19916,IPC,147,1,1
19917,BNS,103,1,1
19918,IPC,323,1,1
19919,IPC,326,1,1
19920,IPC,354,1,1
19921,IPC,354,1,1
19922,IPC,379A,1,1
19923,ARMS,27,1,1
19924,IPC,380,1,1
19925,IPC,66D-ITACT,1,1
19926,IPC,363,1,1
19927,IPC,420,1,1
19928,IPC,379,1,1
19929,IPC,66D-ITACT,1,1
19930,IPC,420,1,1
19931,IPC,147,1,1
19932,IPC,379,1,1
19933,IPC,498A,1,1
19934,IPC,392,1,1
19935,IPC,363,1,1
19936,IPC,380,1,1
19937,IPC,420,1,1
19938,IPC,380,1,1
19939,IPC,302,1,1
19939,BNS,103,2,2
19940,IPC,406,1,1
19941,POCSO,4,1,1
19942,IPC,66D-ITACT,1,1
19943,IPC,436,1,1
19944,IPC,380,1,1
19945,IPC,420,1,1
19946,IPC,323,1,1
19947,IPC,323,1,1
19948,IPC,354,1,1
19949,IPC,66D-ITACT,1,1
19950,IPC,406,1,1
19951,IPC,498A,1,1
19952,IPC,420,1,1
19953,ARMS,25,1,1
19954,IPC,66D-ITACT,1,1
19955,IPC,326,1,1
19956,IPC,392,1,1
19957,IPC,379,1,1
19958,IPC,380,1,1
19959,IPC,147,1,1
19960,IPC,147,1,1
19961,IPC,147,1,1
19962,IPC,66D-ITACT,1,1
19963,IPC,66D-ITACT,1,1
19964,IPC,379,1,1
19965,IPC,66D-ITACT,1,1
19966,POCSO,4,1,1
19967,IPC,392,1,1
19968,POCSO,4,1,1
19969,IPC,307,1,1
19970,IPC,379,1,1
19971,IPC,323,1,1
19972,IPC,379A,1,1
19973,IPC,498A,1,1
19974,IPC,379A,1,1
19975,IPC,380,1,1
19976,IPC,376,1,1
19976,BNS,64,2,2
19977,IPC,379,1,1
19978,IPC,354,1,1
19979,IPC,66D-ITACT,1,1
19980,IPC,489A,1,1
19981,IPC,379,1,1
19982,IPC,323,1,1
19983,IPC,420,1,1
19984,IPC,392,1,1
19985,IPC,379,1,1
19986,IPC,66D-ITACT,1,1
19987,IPC,392,1,1
19988,IPC,392,1,1
19989,IPC,380,1,1
19990,IPC,379A,1,1
19991,IPC,379A,1,1
19992,IPC,144,1,1
19993,IPC,380,1,1
19994,IPC,420,1,1
19995,IPC,379,1,1
19996,IPC,380,1,1
19997,IPC,307,1,1
19997,BNS,109,2,2
19998,IPC,66D-ITACT,1,1
19999,IPC,379,1,1
20000,IPC,392,1,1
20001,IPC,354,1,1
20002,IPC,66D-ITACT,1,1
20003,IPC,66D-ITACT,1,1
20004,POCSO,4,1,1
20005,IPC,379,1,1
20006,IPC,354,1,1
20007,IPC,66D-ITACT,1,1
20008,IPC,379,1,1
20009,IPC,302,1,1
20010,IPC,66D-ITACT,1,1
20011,IPC,323,1,1
20012,IPC,323,1,1
20013,IPC,420,1,1
20014,IPC,379,1,1
20015,IPC,420,1,1
20016,IPC,379,1,1
20017,IPC,379,1,1
20018,ARMS,25,1,1
20019,IPC,498A,1,1
20020,IPC,498A,1,1
20021,IPC,379,1,1
20022,IPC,354,1,1
20023,IPC,380,1,1
20024,IPC,323,1,1
20025,IPC,66D-ITACT,1,1
20026,IPC,379,1,1
20027,IPC,392,1,1
20028,IPC,379,1,1
20029,IPC,392,1,1
20030,IPC,144,1,1
20031,IPC,307,1,1
20032,IPC,379,1,1
20033,IPC,354,1,1
20034,IPC,489A,1,1
20035,IPC,323,1,1
20036,IPC,379A,1,1
20037,BNS,64,1,1
20037,IPC,376,2,2
20038,IPC,66D-ITACT,1,1
20039,IPC,379,1,1
20040,IPC,304,1,1
20041,IPC,379A,1,1
20042,IPC,392,1,1
20043,IPC,379A,1,1
20044,IPC,354,1,1
20045,IPC,323,1,1
20046,BNS,103,1,1
20047,IPC,380,1,1
20048,IPC,489A,1,1
20049,ARMS,25,1,1
20050,IPC,498A,1,1
20051,IPC,379A,1,1
20052,IPC,66D-ITACT,1,1
20053,IPC,406,1,1
20054,IPC,379,1,1
20055,IPC,66D-ITACT,1,1
20056,IPC,392,1,1
20057,IPC,498A,1,1
20058,IPC,147,1,1
20059,IPC,354,1,1
20060,IPC,66D-ITACT,1,1
20061,IPC,304B,1,1
20062,ARMS,25,1,1
20062,ARMS,27,2,2
20063,IPC,379,1,1
20064,IPC,436,1,1
20065,IPC,323,1,1
20066,IPC,66D-ITACT,1,1
20067,IPC,379,1,1
20068,IPC,379,1,1
20069,IPC,420,1,1
20070,IPC,66D-ITACT,1,1
20071,IPC,326,1,1
20072,IPC,307,1,1
20072,BNS,109,2,2
20073,IPC,323,1,1
20074,IPC,363,1,1
20075,IPC,420,1,1
20076,IPC,323,1,1
20077,IPC,436,1,1
20078,IPC,498A,1,1
20079,IPC,380,1,1
20080,IPC,395,1,1
20081,IPC,392,1,1
20082,IPC,498A,1,1
20083,IPC,147,1,1
20084,IPC,406,1,1
20085,IPC,326,1,1
20086,IPC,323,1,1
20087,IPC,66D-ITACT,1,1
20088,IPC,66D-ITACT,1,1
20089,IPC,380,1,1
20090,IPC,323,1,1
20091,IPC,323,1,1
20092,IPC,379,1,1
20093,IPC,379A,1,1
20094,IPC,379,1,1
20095,IPC,420,1,1
20096,IPC,392,1,1
20097,IPC,379A,1,1
20098,IPC,323,1,1
20099,IPC,147,1,1
20100,IPC,323,1,1
20101,IPC,380,1,1
20102,IPC,66D-ITACT,1,1
20103,IPC,379,1,1
20104,IPC,326,1,1
20105,IPC,66D-ITACT,1,1
20106,IPC,379A,1,1
20107,IPC,380,1,1
20108,IPC,144,1,1
20109,IPC,66D-ITACT,1,1
20110,IPC,379,1,1
20111,IPC,392,1,1
20112,IPC,66D-ITACT,1,1
20113,IPC,379,1,1
20114,IPC,420,1,1
20115,IPC,66D-ITACT,1,1
20116,IPC,379A,1,1
20117,IPC,406,1,1
20118,IPC,420,1,1
20119,IPC,66D-ITACT,1,1
20120,IPC,379A,1,1
20121,IPC,326,1,1
20122,IPC,379,1,1
20123,IPC,326,1,1
20124,IPC,392,1,1
20125,IPC,379,1,1
20126,IPC,380,1,1
20127,IPC,379,1,1
20128,IPC,354,1,1
20129,IPC,379,1,1
20130,IPC,307,1,1
20131,IPC,354,1,1
20132,IPC,379,1,1
20133,IPC,392,1,1
20134,IPC,326,1,1
20135,IPC,379,1,1
20136,IPC,304B,1,1
20137,IPC,498A,1,1
20138,IPC,420,1,1
20139,IPC,379,1,1
20140,IPC,379,1,1
20141,IPC,326,1,1
20142,IPC,420,1,1
20143,BNS,109,1,1
20144,IPC,395,1,1
20145,IPC,379,1,1
20146,IPC,307,1,1
20147,IPC,392,1,1
20148,BNS,103,1,1
20149,IPC,326,1,1
20150,ARMS,25,1,1
20151,IPC,420,1,1
20152,IPC,363,1,1
20153,IPC,489A,1,1
20154,IPC,326,1,1
20155,IPC,498A,1,1
20156,IPC,66D-ITACT,1,1
20157,IPC,406,1,1
20158,IPC,66D-ITACT,1,1
20159,IPC,392,1,1
20160,IPC,326,1,1
20161,IPC,379,1,1
20162,IPC,380,1,1
20163,IPC,420,1,1
20164,IPC,498A,1,1
20165,IPC,420,1,1
20166,IPC,144,1,1
20167,IPC,323,1,1
20168,IPC,323,1,1
20169,NDPS,20,1,1
20170,IPC,354,1,1
20171,IPC,379,1,1
20172,IPC,406,1,1
20173,IPC,379,1,1
20174,IPC,323,1,1
20175,ARMS,27,1,1
20175,ARMS,25,2,2
20176,IPC,436,1,1
20177,IPC,380,1,1
20178,IPC,420,1,1
20179,IPC,379,1,1
20180,IPC,323,1,1
20181,IPC,379,1,1
20182,IPC,323,1,1
20183,IPC,489A,1,1
20184,IPC,147,1,1
20185,IPC,379,1,1
20186,IPC,304B,1,1
20187,IPC,379A,1,1
20188,IPC,379,1,1
20189,IPC,379A,1,1
20190,IPC,380,1,1
20191,IPC,376,1,1
20192,IPC,144,1,1
20193,IPC,379,1,1
20194,IPC,323,1,1
20195,IPC,323,1,1
20196,BNS,64,1,1
20197,IPC,420,1,1
20198,IPC,498A,1,1
20199,IPC,144,1,1
20200,IPC,498A,1,1
20201,IPC,498A,1,1
20202,IPC,498A,1,1
20203,IPC,323,1,1
20204,IPC,380,1,1
20205,IPC,144,1,1
20206,IPC,379A,1,1
20207,IPC,354,1,1
20208,IPC,489A,1,1
20209,IPC,144,1,1
20210,IPC,380,1,1
20211,IPC,406,1,1
20212,IPC,380,1,1
20213,IPC,420,1,1
20214,IPC,66D-ITACT,1,1
20215,BNS,64,1,1
20216,IPC,420,1,1
20217,IPC,498A,1,1
20218,IPC,323,1,1
20219,IPC,379,1,1
20220,IPC,406,1,1
20221,IPC,144,1,1
20222,IPC,379,1,1
20223,IPC,379,1,1
20224,IPC,379A,1,1
20225,POCSO,4,1,1
20226,IPC,66D-ITACT,1,1
20227,IPC,392,1,1
20228,IPC,420,1,1
20229,IPC,379,1,1
20230,IPC,323,1,1
20231,NDPS,20,1,1
20232,IPC,498A,1,1
20233,IPC,406,1,1
20234,IPC,379,1,1
20235,IPC,354,1,1
20236,IPC,379A,1,1
20237,IPC,379,1,1
20238,IPC,326,1,1
20239,IPC,326,1,1
20240,IPC,498A,1,1
20241,IPC,379,1,1
20242,IPC,304,1,1
20243,IPC,144,1,1
20244,IPC,379,1,1
20245,IPC,489A,1,1
20246,IPC,379,1,1
20247,NDPS,20,1,1
20248,NDPS,20,1,1
20249,IPC,489A,1,1
20250,IPC,379,1,1
20251,BNS,109,1,1
20252,IPC,489A,1,1
20253,IPC,406,1,1
20254,IPC,379,1,1
20255,IPC,147,1,1
20256,IPC,379,1,1
20257,IPC,498A,1,1
20258,IPC,395,1,1
20259,IPC,323,1,1
20260,BNS,64,1,1
20260,IPC,376,2,2
20261,IPC,147,1,1
20262,IPC,376,1,1
20262,BNS,64,2,2
20263,NDPS,20,1,1
20264,IPC,147,1,1
20265,BNS,64,1,1
20266,IPC,420,1,1
20267,IPC,379,1,1
20268,IPC,420,1,1
20269,IPC,498A,1,1
20270,IPC,354,1,1
20271,IPC,66D-ITACT,1,1
20272,IPC,379A,1,1
20273,IPC,363,1,1
20274,IPC,379,1,1
20275,IPC,379,1,1
20276,IPC,379A,1,1
20277,IPC,326,1,1
20278,IPC,498A,1,1
20279,IPC,379,1,1
20280,IPC,379,1,1
20281,IPC,323,1,1
20282,IPC,379,1,1
20283,IPC,380,1,1
20284,IPC,363,1,1
20285,IPC,307,1,1
20286,IPC,323,1,1
20287,IPC,326,1,1
20288,IPC,326,1,1
20289,IPC,379,1,1
20290,IPC,379,1,1
20291,IPC,354,1,1
20292,IPC,323,1,1
20293,IPC,66D-ITACT,1,1
20294,IPC,380,1,1
20295,IPC,66D-ITACT,1,1
20296,IPC,323,1,1
20297,IPC,144,1,1
20298,IPC,436,1,1
20299,IPC,323,1,1
20300,IPC,144,1,1
20301,BNS,103,1,1
20301,IPC,302,2,2
20302,IPC,379,1,1
20303,IPC,354,1,1
20304,IPC,436,1,1
20305,IPC,379,1,1
20306,IPC,380,1,1
20307,IPC,379A,1,1
20308,IPC,392,1,1
20309,IPC,420,1,1
20310,IPC,498A,1,1
20311,IPC,323,1,1
20312,IPC,498A,1,1
20313,IPC,326,1,1
20314,IPC,379A,1,1
20315,IPC,379,1,1
20316,IPC,66D-ITACT,1,1
20317,IPC,392,1,1
20318,IPC,323,1,1
20319,IPC,66D-ITACT,1,1
20320,IPC,380,1,1
20321,IPC,323,1,1
20322,IPC,380,1,1
20323,IPC,392,1,1
20324,IPC,379A,1,1
20325,IPC,379A,1,1
20326,IPC,420,1,1
20327,IPC,380,1,1
20328,IPC,392,1,1
20329,IPC,379,1,1
20330,IPC,147,1,1
20331,IPC,326,1,1
20332,IPC,379,1,1
20333,IPC,354,1,1
20334,BNS,109,1,1
20335,IPC,66D-ITACT,1,1
20336,IPC,66D-ITACT,1,1
20337,IPC,392,1,1
20338,BNS,109,1,1
20339,IPC,498A,1,1
20340,IPC,406,1,1
20341,IPC,420,1,1
20342,IPC,379A,1,1
20343,ARMS,25,1,1
20344,IPC,380,1,1
20345,IPC,304B,1,1
20346,IPC,379,1,1
20347,IPC,379A,1,1
20348,IPC,147,1,1
20349,IPC,379,1,1
20350,IPC,326,1,1
20351,IPC,489A,1,1
20352,IPC,420,1,1
20353,IPC,323,1,1
20354,IPC,436,1,1
20355,IPC,380,1,1
20356,IPC,379A,1,1
20357,IPC,363,1,1
20358,IPC,376,1,1
20359,IPC,66D-ITACT,1,1
20360,IPC,354,1,1
20361,IPC,420,1,1
20362,IPC,376,1,1
20363,POCSO,4,1,1
20364,IPC,420,1,1
20365,IPC,489A,1,1
20366,IPC,66D-ITACT,1,1
20367,IPC,304,1,1
20368,IPC,406,1,1
20369,IPC,326,1,1
20370,IPC,406,1,1
20371,IPC,420,1,1
20372,IPC,144,1,1
20373,IPC,406,1,1
20374,IPC,323,1,1
20375,IPC,147,1,1
20376,NDPS,20,1,1
20377,IPC,379,1,1
20378,IPC,363,1,1
20379,IPC,323,1,1
20380,IPC,379,1,1
20381,NDPS,20,1,1
20382,IPC,66D-ITACT,1,1
20383,BNS,109,1,1
20384,IPC,323,1,1
20385,IPC,498A,1,1
20386,IPC,498A,1,1
20387,IPC,323,1,1
20388,ARMS,25,1,1
20389,IPC,323,1,1
20390,IPC,420,1,1
20391,IPC,420,1,1
20392,IPC,379,1,1
20393,IPC,379,1,1
20394,IPC,392,1,1
20395,IPC,144,1,1
20396,IPC,326,1,1
20397,IPC,420,1,1
20398,IPC,420,1,1
20399,IPC,66D-ITACT,1,1
20400,IPC,379A,1,1
20401,IPC,379,1,1
20402,IPC,379,1,1
20403,IPC,66D-ITACT,1,1
20404,IPC,326,1,1
20405,IPC,66D-ITACT,1,1
20406,IPC,323,1,1
20407,IPC,323,1,1
20408,IPC,380,1,1
20409,IPC,354,1,1
20410,IPC,66D-ITACT,1,1
20411,IPC,379,1,1
20412,IPC,363,1,1
20413,IPC,380,1,1
20414,IPC,498A,1,1
20415,IPC,498A,1,1
20416,IPC,326,1,1
20417,IPC,307,1,1
20418,IPC,379,1,1
20419,IPC,323,1,1
20420,IPC,379A,1,1
20421,IPC,420,1,1
20422,IPC,498A,1,1
20423,IPC,379A,1,1
20424,IPC,354,1,1
20425,IPC,420,1,1
20426,IPC,379,1,1
20427,IPC,379,1,1
20428,IPC,379,1,1
20429,IPC,380,1,1
20430,BNS,109,1,1
20431,IPC,379,1,1
20432,IPC,379,1,1
20433,IPC,379,1,1
20434,IPC,323,1,1
20435,IPC,304,1,1
20436,IPC,144,1,1
20437,IPC,379,1,1
20438,IPC,379,1,1
20439,IPC,323,1,1
20440,IPC,326,1,1
20441,POCSO,4,1,1
20442,NDPS,20,1,1
20443,IPC,379,1,1
20444,IPC,379,1,1
20445,IPC,323,1,1
20446,IPC,379A,1,1
20447,POCSO,4,1,1
20448,IPC,354,1,1
20449,IPC,379,1,1
20450,IPC,66D-ITACT,1,1
20451,IPC,363,1,1
20452,IPC,379,1,1
20453,IPC,323,1,1
20454,IPC,323,1,1
20455,IPC,363,1,1
20456,IPC,326,1,1
20457,IPC,380,1,1
20458,IPC,380,1,1
20459,IPC,379,1,1
20460,IPC,302,1,1
20461,IPC,323,1,1
20462,IPC,304,1,1
20463,IPC,323,1,1
20464,IPC,379A,1,1
20465,IPC,420,1,1
20466,IPC,379A,1,1
20467,IPC,406,1,1
20468,IPC,392,1,1
20469,IPC,379,1,1
20470,IPC,66D-ITACT,1,1
20471,IPC,392,1,1
20472,IPC,354,1,1
20473,IPC,420,1,1
20474,IPC,380,1,1
20475,IPC,380,1,1
20476,IPC,323,1,1
20477,IPC,392,1,1
20478,IPC,307,1,1
20478,BNS,109,2,2
20479,POCSO,4,1,1
20480,IPC,323,1,1
20481,IPC,498A,1,1
20482,ARMS,25,1,1
20482,ARMS,27,2,2
20483,IPC,66D-ITACT,1,1
20484,IPC,406,1,1
20485,IPC,379,1,1
20486,IPC,144,1,1
20487,IPC,323,1,1
20488,IPC,436,1,1
20489,IPC,498A,1,1
20490,IPC,147,1,1
20491,IPC,379A,1,1
20492,BNS,103,1,1
20492,IPC,302,2,2
20493,IPC,66D-ITACT,1,1
20494,POCSO,4,1,1
20495,IPC,379,1,1
20496,BNS,109,1,1
20497,IPC,144,1,1
20498,IPC,379,1,1
20499,IPC,66D-ITACT,1,1
20500,IPC,147,1,1
20501,IPC,380,1,1
20502,ARMS,27,1,1
20503,IPC,354,1,1
20504,IPC,380,1,1
20505,IPC,380,1,1
20506,IPC,147,1,1
20507,IPC,379A,1,1
20508,IPC,392,1,1
20509,IPC,379A,1,1
20510,IPC,66D-ITACT,1,1
20511,IPC,323,1,1
20512,POCSO,4,1,1
20513,IPC,66D-ITACT,1,1
20514,IPC,406,1,1
20515,IPC,144,1,1
20516,IPC,420,1,1
20517,IPC,380,1,1
20518,IPC,392,1,1
20519,IPC,326,1,1
20520,IPC,498A,1,1
20521,IPC,380,1,1
20522,IPC,323,1,1
20523,IPC,379,1,1
20524,IPC,380,1,1
20525,IPC,489A,1,1
20526,IPC,379,1,1
20527,IPC,420,1,1
20528,IPC,147,1,1
20529,IPC,379,1,1
20530,IPC,380,1,1
20531,IPC,323,1,1
20532,IPC,144,1,1
20533,IPC,66D-ITACT,1,1
20534,IPC,66D-ITACT,1,1
20535,IPC,379,1,1
20536,IPC,395,1,1
20537,IPC,379A,1,1
20538,IPC,304,1,1
20539,IPC,380,1,1
20540,IPC,379,1,1
20541,IPC,144,1,1
20542,IPC,379,1,1
20543,IPC,66D-ITACT,1,1
20544,IPC,323,1,1
20545,IPC,392,1,1
20546,IPC,380,1,1
20547,IPC,147,1,1
20548,ARMS,27,1,1
20549,IPC,323,1,1
20550,IPC,66D-ITACT,1,1
20551,IPC,323,1,1
20552,BNS,109,1,1
20553,IPC,380,1,1
20554,IPC,147,1,1
20555,IPC,379,1,1
20556,IPC,420,1,1
20557,IPC,379,1,1
20558,BNS,109,1,1
20558,IPC,307,2,2
20559,IPC,323,1,1
20560,IPC,380,1,1
20561,IPC,379,1,1
20562,POCSO,4,1,1
20563,IPC,420,1,1
20564,IPC,420,1,1
20565,IPC,304,1,1
20566,IPC,420,1,1
20567,IPC,144,1,1
20568,IPC,304,1,1
20569,IPC,380,1,1
20570,IPC,66D-ITACT,1,1
20571,IPC,323,1,1
20572,IPC,379,1,1
20573,IPC,323,1,1
20574,IPC,326,1,1
20575,IPC,489A,1,1
20576,IPC,379A,1,1
20577,IPC,354,1,1
20578,IPC,420,1,1
20579,BNS,64,1,1
20579,IPC,376,2,2
20580,IPC,323,1,1
20581,IPC,323,1,1
20582,IPC,379,1,1
20583,IPC,420,1,1
20584,IPC,380,1,1
20585,IPC,406,1,1
20586,IPC,147,1,1
20587,IPC,406,1,1
20588,IPC,420,1,1
20589,IPC,379A,1,1
20590,IPC,379,1,1
20591,IPC,380,1,1
20592,NDPS,20,1,1
20593,ARMS,25,1,1
20594,ARMS,27,1,1
20595,IPC,354,1,1
20596,IPC,379,1,1
20597,NDPS,20,1,1
20598,BNS,103,1,1
20599,IPC,380,1,1
20600,IPC,379,1,1
20601,IPC,379,1,1
20602,IPC,307,1,1
20602,BNS,109,2,2
20603,IPC,379,1,1
20604,IPC,323,1,1
20605,IPC,380,1,1
20606,IPC,363,1,1
20607,IPC,380,1,1
20608,IPC,323,1,1
20609,IPC,498A,1,1
20610,BNS,64,1,1
20611,IPC,354,1,1
20612,BNS,103,1,1
20613,IPC,379,1,1
20614,IPC,379,1,1
20615,IPC,392,1,1
20616,IPC,406,1,1
20617,IPC,392,1,1
20618,IPC,363,1,1
20619,IPC,379,1,1
20620,POCSO,4,1,1
20621,IPC,304B,1,1
20622,IPC,379,1,1
20623,IPC,326,1,1
20624,IPC,304B,1,1
20625,IPC,406,1,1
20626,IPC,66D-ITACT,1,1
20627,IPC,147,1,1
20628,NDPS,20,1,1
20629,IPC,379,1,1
20630,IPC,363,1,1
20631,IPC,379,1,1
20632,IPC,406,1,1
20633,IPC,354,1,1
20634,IPC,323,1,1
20635,IPC,323,1,1
20636,IPC,66D-ITACT,1,1
20637,IPC,323,1,1
20638,BNS,103,1,1
20639,IPC,379,1,1
20640,IPC,363,1,1
20641,IPC,66D-ITACT,1,1
20642,IPC,323,1,1
20643,IPC,354,1,1
20644,IPC,354,1,1
20645,IPC,380,1,1
20646,BNS,109,1,1
20647,IPC,379,1,1
20648,IPC,363,1,1
20649,IPC,323,1,1
20650,IPC,379A,1,1
20651,IPC,380,1,1
20652,IPC,66D-ITACT,1,1
20653,IPC,147,1,1
20654,IPC,379,1,1
20655,IPC,380,1,1
20656,IPC,380,1,1
20657,IPC,326,1,1
20658,IPC,379A,1,1
20659,IPC,307,1,1
20660,IPC,420,1,1
20661,ARMS,25,1,1
20662,IPC,420,1,1
20663,IPC,379A,1,1
20664,IPC,354,1,1
20665,IPC,66D-ITACT,1,1
20666,IPC,379,1,1
20667,IPC,406,1,1
20668,IPC,379A,1,1
20669,IPC,147,1,1
20670,IPC,380,1,1
20671,IPC,379,1,1
20672,IPC,363,1,1
20673,IPC,379,1,1
20674,IPC,147,1,1
20675,IPC,379A,1,1
20676,NDPS,20,1,1
20677,IPC,147,1,1
20678,IPC,323,1,1
20679,IPC,379A,1,1
20680,IPC,326,1,1
20681,IPC,498A,1,1
20682,IPC,147,1,1
20683,IPC,498A,1,1
20684,NDPS,20,1,1
20685,IPC,380,1,1
20686,IPC,66D-ITACT,1,1
20687,BNS,109,1,1
20687,IPC,307,2,2
20688,IPC,395,1,1
20689,IPC,379,1,1
20690,IPC,379A,1,1
20691,IPC,144,1,1
20692,IPC,147,1,1
20693,IPC,379,1,1
20694,IPC,379A,1,1
20695,IPC,420,1,1
20696,IPC,420,1,1
20697,NDPS,20,1,1
20698,IPC,379,1,1
20699,IPC,379A,1,1
20700,ARMS,27,1,1
20701,IPC,436,1,1
20702,IPC,147,1,1
20703,IPC,395,1,1
20704,IPC,380,1,1
20705,IPC,379,1,1
20706,IPC,379,1,1
20707,IPC,489A,1,1
20708,IPC,392,1,1
20709,IPC,379A,1,1
20710,IPC,66D-ITACT,1,1
20711,IPC,489A,1,1
20712,IPC,379,1,1
20713,IPC,420,1,1
20714,IPC,66D-ITACT,1,1
20715,IPC,379,1,1
20716,IPC,354,1,1
20717,IPC,144,1,1
20718,IPC,489A,1,1
20719,IPC,326,1,1
20720,IPC,323,1,1
20721,IPC,498A,1,1
20722,IPC,380,1,1
20723,IPC,323,1,1
20724,IPC,326,1,1
20725,IPC,323,1,1
20726,IPC,379A,1,1
20727,IPC,379,1,1
20728,IPC,420,1,1
20729,IPC,323,1,1
20730,IPC,420,1,1
20731,IPC,363,1,1
20732,IPC,323,1,1
20733,IPC,498A,1,1
20734,IPC,379,1,1
20735,IPC,326,1,1
20736,IPC,376,1,1
20737,IPC,376,1,1
20738,IPC,326,1,1
20739,IPC,498A,1,1
20740,IPC,302,1,1
20741,IPC,66D-ITACT,1,1
20742,IPC,380,1,1
20743,IPC,379,1,1
20744,IPC,380,1,1
20745,IPC,406,1,1
20746,IPC,323,1,1
20747,IPC,363,1,1
20748,POCSO,4,1,1
20749,NDPS,20,1,1
20750,IPC,147,1,1
20751,IPC,323,1,1
20752,IPC,379,1,1
20753,IPC,379,1,1
20754,IPC,380,1,1
20755,IPC,380,1,1
20756,IPC,380,1,1
20757,IPC,66D-ITACT,1,1
20758,IPC,326,1,1
20759,IPC,379A,1,1
20760,IPC,354,1,1
20761,IPC,498A,1,1
20762,IPC,326,1,1
20763,IPC,379A,1,1
20764,IPC,380,1,1
20765,BNS,64,1,1
20765,IPC,376,2,2
20766,IPC,323,1,1
20767,IPC,304B,1,1
20768,IPC,379,1,1
20769,IPC,307,1,1
20769,BNS,109,2,2
20770,IPC,420,1,1
20771,IPC,376,1,1
20772,IPC,147,1,1
20773,IPC,323,1,1
20774,IPC,395,1,1
20775,BNS,103,1,1
20775,IPC,302,2,2
20776,IPC,66D-ITACT,1,1
20777,IPC,323,1,1
20778,IPC,147,1,1
20779,IPC,380,1,1
20780,IPC,379,1,1
20781,IPC,354,1,1
20782,IPC,498A,1,1
20783,IPC,379,1,1
20784,ARMS,27,1,1
20785,IPC,379A,1,1
20786,IPC,66D-ITACT,1,1
20787,IPC,379,1,1
20788,IPC,420,1,1
20789,IPC,323,1,1
20790,IPC,392,1,1
20791,IPC,379,1,1
20792,IPC,304,1,1
20793,IPC,147,1,1
20794,IPC,379,1,1
20795,IPC,304,1,1
20796,IPC,379A,1,1
20797,IPC,380,1,1
20798,NDPS,20,1,1
20799,IPC,66D-ITACT,1,1
20800,ARMS,25,1,1
20801,IPC,498A,1,1
20802,BNS,109,1,1
20803,IPC,307,1,1
20804,IPC,436,1,1
20805,IPC,323,1,1
20806,IPC,406,1,1
20807,IPC,392,1,1
20808,IPC,304,1,1
20809,IPC,392,1,1
20810,IPC,420,1,1
20811,IPC,379,1,1
20812,IPC,380,1,1
20813,IPC,66D-ITACT,1,1
20814,IPC,406,1,1
20815,IPC,420,1,1
20816,IPC,406,1,1
20817,IPC,323,1,1
20818,IPC,144,1,1
20819,IPC,498A,1,1
20820,IPC,323,1,1
20821,IPC,436,1,1
20822,IPC,392,1,1
20823,IPC,307,1,1
20824,IPC,304,1,1
20825,IPC,498A,1,1
20826,IPC,379,1,1
20827,IPC,406,1,1
20828,IPC,323,1,1
20829,IPC,420,1,1
20830,IPC,379A,1,1
20831,IPC,380,1,1
20832,IPC,420,1,1
20833,IPC,498A,1,1
20834,IPC,66D-ITACT,1,1
20835,IPC,66D-ITACT,1,1
20836,IPC,144,1,1
20837,IPC,379A,1,1
20838,IPC,66D-ITACT,1,1
20839,IPC,379,1,1
20840,IPC,379A,1,1
20841,IPC,144,1,1
20842,IPC,406,1,1
20843,POCSO,4,1,1
20844,IPC,379,1,1
20845,IPC,392,1,1
20846,IPC,323,1,1
20847,IPC,376,1,1
20848,ARMS,27,1,1
20848,ARMS,25,2,2
20849,IPC,380,1,1
20850,BNS,64,1,1
20851,IPC,379,1,1
20852,IPC,436,1,1
20853,NDPS,20,1,1
20854,IPC,379,1,1
20855,IPC,66D-ITACT,1,1
20856,IPC,147,1,1
20857,IPC,420,1,1
20858,IPC,436,1,1
20859,IPC,147,1,1
20860,IPC,379,1,1
20861,IPC,302,1,1
20862,IPC,379,1,1
20863,IPC,323,1,1
20864,IPC,379A,1,1
20865,IPC,380,1,1
20866,IPC,323,1,1
20867,IPC,379,1,1
20868,IPC,66D-ITACT,1,1
20869,IPC,379A,1,1
20870,IPC,406,1,1
20871,IPC,380,1,1
20872,IPC,436,1,1
20873,NDPS,20,1,1
20874,IPC,420,1,1
20875,IPC,379,1,1
20876,IPC,354,1,1
20877,IPC,354,1,1
20878,IPC,406,1,1
20879,IPC,379A,1,1
20880,IPC,498A,1,1
20881,IPC,144,1,1
20882,IPC,363,1,1
20883,IPC,498A,1,1
20884,IPC,323,1,1
20885,IPC,66D-ITACT,1,1
20886,IPC,380,1,1
20887,IPC,354,1,1
20888,IPC,392,1,1
20889,IPC,380,1,1
20890,IPC,380,1,1
20891,IPC,147,1,1
20892,IPC,379,1,1
20893,ARMS,25,1,1
20894,IPC,323,1,1
20895,IPC,392,1,1
20896,IPC,406,1,1
20897,IPC,307,1,1
20898,IPC,354,1,1
20899,IPC,323,1,1
20900,IPC,406,1,1
20901,IPC,392,1,1
20902,IPC,379,1,1
20903,IPC,379,1,1
20904,IPC,498A,1,1
20905,IPC,307,1,1
20906,IPC,376,1,1
20906,BNS,64,2,2
20907,IPC,323,1,1
20908,IPC,420,1,1
20909,IPC,66D-ITACT,1,1
20910,IPC,406,1,1
20911,IPC,323,1,1
20912,IPC,66D-ITACT,1,1
20913,IPC,436,1,1
20914,IPC,406,1,1
20915,IPC,380,1,1
20916,IPC,66D-ITACT,1,1
20917,IPC,304,1,1
20918,POCSO,4,1,1
20919,IPC,498A,1,1
20920,IPC,144,1,1
20921,IPC,436,1,1
20922,IPC,395,1,1
20923,IPC,354,1,1
20924,IPC,380,1,1
20925,IPC,379A,1,1
20926,IPC,66D-ITACT,1,1
20927,IPC,379,1,1
20928,IPC,392,1,1
20929,IPC,420,1,1
20930,IPC,363,1,1
20931,IPC,379,1,1
20932,IPC,498A,1,1
20933,IPC,323,1,1
20934,IPC,379A,1,1
20935,IPC,380,1,1
20936,IPC,326,1,1
20937,IPC,363,1,1
20938,IPC,144,1,1
20939,IPC,354,1,1
20940,IPC,323,1,1
20941,IPC,379A,1,1
20942,BNS,109,1,1
20942,IPC,307,2,2
20943,IPC,379A,1,1
20944,IPC,323,1,1
20945,IPC,379,1,1
20946,IPC,304,1,1
20947,IPC,380,1,1
20948,IPC,363,1,1
20949,IPC,436,1,1
20950,IPC,354,1,1
20951,IPC,147,1,1
20952,IPC,66D-ITACT,1,1
20953,IPC,392,1,1
20954,IPC,379,1,1
20955,IPC,354,1,1
20956,IPC,406,1,1
20957,IPC,379A,1,1
20958,IPC,323,1,1
20959,IPC,354,1,1
20960,IPC,379,1,1
20961,IPC,66D-ITACT,1,1
20962,IPC,66D-ITACT,1,1
20963,IPC,144,1,1
20964,IPC,379A,1,1
20965,NDPS,20,1,1
20966,IPC,307,1,1
20966,BNS,109,2,2
20967,IPC,147,1,1
20968,IPC,379,1,1
20969,IPC,304,1,1
20970,IPC,379,1,1
20971,IPC,498A,1,1
20972,IPC,380,1,1
20973,IPC,302,1,1
20974,POCSO,4,1,1
20975,IPC,144,1,1
20976,IPC,379,1,1
20977,IPC,326,1,1
20978,IPC,323,1,1
20979,IPC,66D-ITACT,1,1
20980,IPC,380,1,1
20981,NDPS,20,1,1
20982,IPC,498A,1,1
20983,IPC,380,1,1
20984,IPC,406,1,1
20985,IPC,323,1,1
20986,IPC,379,1,1
20987,IPC,144,1,1
20988,IPC,380,1,1
20989,IPC,379A,1,1
20990,IPC,379,1,1
20991,IPC,498A,1,1
20992,IPC,66D-ITACT,1,1
20993,IPC,420,1,1
20994,IPC,420,1,1
20995,IPC,66D-ITACT,1,1
20996,IPC,363,1,1
20997,IPC,380,1,1
20998,IPC,406,1,1
20999,IPC,144,1,1
21000,IPC,379,1,1
21001,IPC,379,1,1
21002,IPC,420,1,1
21003,IPC,420,1,1
21004,IPC,326,1,1
21005,ARMS,25,1,1
21005,ARMS,27,2,2
21006,IPC,379,1,1
21007,IPC,302,1,1
21008,IPC,395,1,1
21009,IPC,323,1,1
21010,IPC,498A,1,1
21011,IPC,380,1,1
21012,IPC,326,1,1
21013,IPC,380,1,1
21014,IPC,379A,1,1
21015,IPC,420,1,1
21016,IPC,363,1,1
21017,IPC,379A,1,1
21018,IPC,326,1,1
21019,IPC,354,1,1
21020,IPC,66D-ITACT,1,1
21021,IPC,379,1,1
21022,IPC,379,1,1
21023,IPC,379,1,1
21024,POCSO,4,1,1
21025,IPC,498A,1,1
21026,IPC,379A,1,1
21027,IPC,392,1,1
21028,IPC,380,1,1
21029,ARMS,27,1,1
21029,ARMS,25,2,2
21030,IPC,498A,1,1
21031,IPC,379,1,1
21032,IPC,379,1,1
21033,IPC,489A,1,1
21034,IPC,379A,1,1
21035,POCSO,4,1,1
21036,IPC,380,1,1
21037,IPC,436,1,1
21038,IPC,379,1,1
21039,IPC,363,1,1
21040,IPC,323,1,1
21041,IPC,498A,1,1
21042,IPC,379,1,1
21043,IPC,420,1,1
21044,IPC,144,1,1
21045,IPC,304,1,1
21046,BNS,109,1,1
21047,IPC,379A,1,1
21048,IPC,304,1,1
21049,IPC,436,1,1
21050,IPC,66D-ITACT,1,1
21051,IPC,354,1,1
21052,IPC,147,1,1
21053,IPC,380,1,1
21054,IPC,498A,1,1
21055,IPC,144,1,1
21056,IPC,395,1,1
21057,IPC,379,1,1
21058,IPC,380,1,1
21059,ARMS,27,1,1
21060,IPC,380,1,1
21061,IPC,379,1,1
21062,IPC,376,1,1
21063,IPC,379A,1,1
21064,IPC,307,1,1
21065,IPC,392,1,1
21066,IPC,498A,1,1
21067,IPC,379,1,1
21068,IPC,302,1,1
21069,IPC,323,1,1
21070,IPC,379A,1,1
21071,IPC,420,1,1
21072,IPC,380,1,1
21073,IPC,66D-ITACT,1,1
21074,IPC,66D-ITACT,1,1
21075,IPC,420,1,1
21076,BNS,103,1,1
21077,IPC,363,1,1
21078,IPC,323,1,1
21079,IPC,379,1,1
21080,IPC,66D-ITACT,1,1
21081,IPC,379,1,1
21082,IPC,392,1,1
21083,IPC,379,1,1
21084,IPC,66D-ITACT,1,1
21085,IPC,379,1,1
21086,IPC,363,1,1
21087,IPC,354,1,1
21088,IPC,379A,1,1
21089,IPC,304B,1,1
21090,IPC,323,1,1
21091,IPC,420,1,1
21092,IPC,379A,1,1
21093,IPC,307,1,1
21094,IPC,436,1,1
21095,IPC,379,1,1
21096,IPC,420,1,1
21097,IPC,406,1,1
21098,IPC,66D-ITACT,1,1
21099,IPC,498A,1,1
21100,IPC,406,1,1
21101,BNS,109,1,1
21102,IPC,406,1,1
21103,IPC,323,1,1
21104,IPC,420,1,1
21105,IPC,420,1,1
21106,IPC,323,1,1
21107,IPC,66D-ITACT,1,1
21108,IPC,66D-ITACT,1,1
21109,IPC,147,1,1
21110,IPC,323,1,1
21111,IPC,379,1,1
21112,IPC,392,1,1
21113,IPC,323,1,1
21114,IPC,498A,1,1
21115,IPC,379,1,1
21116,IPC,379,1,1
21117,IPC,147,1,1
21118,IPC,420,1,1
21119,IPC,380,1,1
21120,IPC,379A,1,1
21121,IPC,420,1,1
21122,IPC,392,1,1
21123,IPC,380,1,1
21124,IPC,363,1,1
21125,IPC,323,1,1
21126,IPC,323,1,1
21127,IPC,498A,1,1
21128,IPC,323,1,1
21129,IPC,379A,1,1
21130,IPC,392,1,1
21131,IPC,379,1,1
21132,IPC,66D-ITACT,1,1
21133,IPC,307,1,1
21133,BNS,109,2,2
21134,IPC,392,1,1
21135,IPC,144,1,1
21136,IPC,379A,1,1
21137,IPC,380,1,1
21138,IPC,323,1,1
21139,IPC,406,1,1
21140,IPC,406,1,1
21141,IPC,326,1,1
21142,IPC,420,1,1
21143,IPC,304B,1,1
21144,IPC,379A,1,1
21145,IPC,304B,1,1
21146,IPC,420,1,1
21147,IPC,304B,1,1
21148,IPC,376,1,1
21149,IPC,323,1,1
21150,IPC,304B,1,1
21151,IPC,379,1,1
21152,IPC,66D-ITACT,1,1
21153,IPC,354,1,1
21154,IPC,392,1,1
21155,IPC,326,1,1
21156,IPC,498A,1,1
21157,IPC,380,1,1
21158,IPC,420,1,1
21159,IPC,406,1,1
21160,IPC,392,1,1
21161,IPC,380,1,1
21162,NDPS,20,1,1
21163,POCSO,4,1,1
21164,IPC,304,1,1
21165,IPC,420,1,1
21166,IPC,326,1,1
21167,IPC,144,1,1
21168,IPC,380,1,1
21169,IPC,392,1,1
21170,IPC,380,1,1
21171,IPC,307,1,1
21171,BNS,109,2,2
21172,IPC,380,1,1
21173,IPC,379,1,1
21174,IPC,379A,1,1
21175,NDPS,20,1,1
21176,IPC,323,1,1
21177,IPC,66D-ITACT,1,1
21178,IPC,323,1,1
21179,IPC,392,1,1
21180,IPC,379,1,1
21181,IPC,379A,1,1
21182,IPC,420,1,1
21183,IPC,392,1,1
21184,IPC,436,1,1
21185,IPC,498A,1,1
21186,ARMS,25,1,1
21187,IPC,379,1,1
21188,IPC,406,1,1
21189,IPC,379,1,1
21190,IPC,420,1,1
21191,IPC,379,1,1
21192,IPC,379A,1,1
21193,IPC,66D-ITACT,1,1
21194,IPC,489A,1,1
21195,IPC,323,1,1
21196,IPC,323,1,1
21197,IPC,380,1,1
21198,NDPS,20,1,1
21199,IPC,420,1,1
21200,IPC,379,1,1
21201,IPC,379A,1,1
21202,IPC,66D-ITACT,1,1
21203,IPC,420,1,1
21204,IPC,379A,1,1
21205,IPC,392,1,1
21206,IPC,147,1,1
21207,IPC,323,1,1
21208,IPC,323,1,1
21209,NDPS,20,1,1
21210,NDPS,20,1,1
21211,POCSO,4,1,1
21212,IPC,323,1,1
21213,NDPS,20,1,1
21214,NDPS,20,1,1
21215,IPC,323,1,1
21216,IPC,379A,1,1
21217,IPC,323,1,1
21218,IPC,379,1,1
21219,IPC,489A,1,1
21220,IPC,436,1,1
21221,BNS,64,1,1
21222,IPC,379A,1,1
21223,IPC,379,1,1
21224,IPC,379,1,1
21225,IPC,498A,1,1
21226,BNS,64,1,1
21226,IPC,376,2,2
21227,IPC,406,1,1
21228,IPC,379,1,1
21229,IPC,354,1,1
21230,IPC,66D-ITACT,1,1
21231,IPC,406,1,1
21232,IPC,354,1,1
21233,IPC,379,1,1
21234,IPC,379,1,1
21235,IPC,498A,1,1
21236,IPC,392,1,1
21237,IPC,380,1,1
21238,IPC,363,1,1
21239,IPC,392,1,1
21240,IPC,420,1,1
21241,IPC,323,1,1
21242,IPC,304,1,1
21243,IPC,326,1,1
21244,IPC,144,1,1
21245,POCSO,4,1,1
21246,IPC,363,1,1
21247,IPC,392,1,1
21248,IPC,392,1,1
21249,IPC,420,1,1
21250,IPC,420,1,1
21251,IPC,354,1,1
21252,IPC,147,1,1
21253,IPC,380,1,1
21254,IPC,326,1,1
21255,IPC,144,1,1
21256,IPC,302,1,1
21256,BNS,103,2,2
21257,IPC,379A,1,1
21258,IPC,147,1,1
21259,IPC,304,1,1
21260,IPC,420,1,1
21261,IPC,380,1,1
21262,IPC,379A,1,1
21263,IPC,420,1,1
21264,IPC,326,1,1
21265,IPC,380,1,1
21266,IPC,354,1,1
21267,POCSO,4,1,1
21268,IPC,392,1,1
21269,IPC,420,1,1
21270,IPC,379,1,1
21271,IPC,379A,1,1
21272,IPC,379,1,1
21273,IPC,379,1,1
21274,IPC,66D-ITACT,1,1
21275,IPC,392,1,1
21276,IPC,326,1,1
21277,IPC,379,1,1
21278,ARMS,27,1,1
21278,ARMS,25,2,2
21279,IPC,379A,1,1
21280,IPC,147,1,1
21281,IPC,379A,1,1
21282,IPC,66D-ITACT,1,1
21283,IPC,379,1,1
21284,IPC,379,1,1
21285,IPC,420,1,1
21286,IPC,379,1,1
21287,IPC,380,1,1
21288,IPC,354,1,1
21289,IPC,380,1,1
21290,IPC,323,1,1
21291,POCSO,4,1,1
21292,IPC,326,1,1
21293,IPC,380,1,1
21294,IPC,379,1,1
21295,IPC,406,1,1
21296,IPC,379,1,1
21297,IPC,323,1,1
21298,IPC,489A,1,1
21299,IPC,498A,1,1
21300,IPC,379,1,1
21301,IPC,392,1,1
21302,BNS,64,1,1
21303,IPC,144,1,1
21304,IPC,323,1,1
21305,IPC,323,1,1
21306,IPC,498A,1,1
21307,IPC,354,1,1
21308,ARMS,27,1,1
21308,ARMS,25,2,2
21309,IPC,323,1,1
21310,IPC,66D-ITACT,1,1
21311,IPC,406,1,1
21312,IPC,489A,1,1
21313,IPC,144,1,1
21314,IPC,498A,1,1
21315,IPC,420,1,1
21316,IPC,379,1,1
21317,POCSO,4,1,1
21318,IPC,323,1,1
21319,IPC,66D-ITACT,1,1
21320,IPC,302,1,1
21321,IPC,379,1,1
21322,IPC,379,1,1
21323,IPC,363,1,1
21324,IPC,380,1,1
21325,POCSO,4,1,1
21326,IPC,304B,1,1
21327,NDPS,20,1,1
21328,IPC,380,1,1
21329,IPC,395,1,1
21330,IPC,392,1,1
21331,IPC,326,1,1
21332,IPC,326,1,1
21333,IPC,380,1,1
21334,NDPS,20,1,1
21335,IPC,363,1,1
21336,IPC,420,1,1
21337,IPC,380,1,1
21338,IPC,323,1,1
21339,IPC,379,1,1
21340,BNS,103,1,1
21341,IPC,379,1,1
21342,IPC,144,1,1
21343,IPC,379,1,1
21344,IPC,420,1,1
21345,IPC,379,1,1
21346,IPC,323,1,1
21347,IPC,354,1,1
21348,IPC,379,1,1
21349,IPC,380,1,1
21350,IPC,498A,1,1
21351,IPC,380,1,1
21352,IPC,379,1,1
21353,IPC,326,1,1
21354,IPC,379,1,1
21355,IPC,323,1,1
21356,IPC,380,1,1
21357,IPC,380,1,1
21358,IPC,498A,1,1
21359,IPC,379A,1,1
21360,IPC,363,1,1
21361,IPC,323,1,1
21362,IPC,392,1,1
21363,IPC,489A,1,1
21364,IPC,379,1,1
21365,IPC,379,1,1
21366,POCSO,4,1,1
21367,IPC,379,1,1
21368,IPC,395,1,1
21369,POCSO,4,1,1
21370,IPC,66D-ITACT,1,1
21371,IPC,380,1,1
21372,IPC,323,1,1
21373,IPC,420,1,1
21374,IPC,379A,1,1
21375,IPC,326,1,1
21376,IPC,363,1,1
21377,IPC,326,1,1
21378,NDPS,20,1,1
21379,IPC,354,1,1
21380,IPC,379,1,1
21381,IPC,326,1,1
21382,IPC,323,1,1
21383,IPC,380,1,1
21384,IPC,379,1,1
21385,IPC,498A,1,1
21386,IPC,436,1,1
21387,IPC,392,1,1
21388,IPC,66D-ITACT,1,1
21389,IPC,379,1,1
21390,IPC,420,1,1
21391,IPC,379,1,1
21392,IPC,354,1,1
21393,IPC,395,1,1
21394,IPC,66D-ITACT,1,1
21395,IPC,392,1,1
21396,IPC,379,1,1
21397,IPC,406,1,1
21398,IPC,380,1,1
21399,POCSO,4,1,1
21400,IPC,379,1,1
21401,IPC,379,1,1
21402,IPC,323,1,1
21403,IPC,304B,1,1
21404,IPC,354,1,1
21405,IPC,392,1,1
21406,IPC,498A,1,1
21407,IPC,326,1,1
21408,IPC,304B,1,1
21409,IPC,376,1,1
21410,NDPS,20,1,1
21411,IPC,395,1,1
21412,IPC,354,1,1
21413,IPC,392,1,1
21414,IPC,323,1,1
21415,IPC,380,1,1
21416,IPC,307,1,1
21417,IPC,144,1,1
21418,IPC,66D-ITACT,1,1
21419,NDPS,20,1,1
21420,IPC,380,1,1
21421,IPC,354,1,1
21422,IPC,304,1,1
21423,IPC,323,1,1
21424,IPC,380,1,1
21425,IPC,363,1,1
21426,ARMS,27,1,1
21427,IPC,354,1,1
21428,IPC,420,1,1
21429,IPC,323,1,1
21430,IPC,323,1,1
21431,IPC,363,1,1
21432,IPC,66D-ITACT,1,1
21433,IPC,392,1,1
21434,IPC,489A,1,1
21435,IPC,147,1,1
21436,IPC,406,1,1
21437,IPC,379,1,1
21438,IPC,354,1,1
21439,IPC,489A,1,1
21440,IPC,436,1,1
21441,IPC,144,1,1
21442,IPC,323,1,1
21443,IPC,323,1,1
21444,IPC,406,1,1
21445,IPC,498A,1,1
21446,IPC,498A,1,1
21447,BNS,103,1,1
21447,IPC,302,2,2
21448,IPC,420,1,1
21449,IPC,380,1,1
21450,IPC,498A,1,1
21451,IPC,66D-ITACT,1,1
21452,IPC,436,1,1
21453,IPC,498A,1,1
21454,IPC,304B,1,1
21455,IPC,144,1,1
21456,POCSO,4,1,1
21457,IPC,379A,1,1
21458,IPC,66D-ITACT,1,1
21459,IPC,498A,1,1
21460,IPC,380,1,1
21461,IPC,420,1,1
21462,IPC,66D-ITACT,1,1
21463,IPC,379,1,1
21464,IPC,379A,1,1
21465,POCSO,4,1,1
21466,IPC,354,1,1
21467,IPC,354,1,1
21468,IPC,406,1,1
21469,IPC,420,1,1
21470,IPC,304,1,1
21471,IPC,326,1,1
21472,IPC,376,1,1
21473,IPC,420,1,1
21474,IPC,379,1,1
21475,IPC,66D-ITACT,1,1
21476,IPC,420,1,1
21477,IPC,323,1,1
21478,IPC,379,1,1
21479,IPC,379,1,1
21480,IPC,379A,1,1
21481,IPC,420,1,1
21482,IPC,406,1,1
21483,IPC,144,1,1
21484,IPC,323,1,1
21485,IPC,304B,1,1
21486,IPC,406,1,1
21487,IPC,304B,1,1
21488,IPC,379,1,1
21489,IPC,420,1,1
21490,IPC,379,1,1
21491,NDPS,20,1,1
21492,IPC,420,1,1
21493,IPC,147,1,1
21494,IPC,66D-ITACT,1,1
21495,IPC,376,1,1
21496,IPC,147,1,1
21497,IPC,420,1,1
21498,BNS,103,1,1
21498,IPC,302,2,2
21499,IPC,420,1,1
21500,IPC,420,1,1
21501,NDPS,20,1,1
21502,IPC,326,1,1
21503,IPC,498A,1,1
21504,IPC,66D-ITACT,1,1
21505,IPC,326,1,1
21506,IPC,379,1,1
21507,IPC,323,1,1
21508,IPC,420,1,1
21509,IPC,395,1,1
21510,IPC,420,1,1
21511,IPC,363,1,1
21512,NDPS,20,1,1
21513,IPC,379,1,1
21514,IPC,144,1,1
21515,IPC,66D-ITACT,1,1
21516,IPC,323,1,1
21517,IPC,498A,1,1
21518,IPC,66D-ITACT,1,1
21519,IPC,66D-ITACT,1,1
21520,IPC,498A,1,1
21521,IPC,380,1,1
21522,IPC,380,1,1
21523,ARMS,25,1,1
21523,ARMS,27,2,2
21524,BNS,103,1,1
21525,BNS,109,1,1
21526,IPC,379A,1,1
21527,IPC,489A,1,1
21528,IPC,420,1,1
21529,BNS,103,1,1
21529,IPC,302,2,2
21530,IPC,380,1,1
21531,IPC,354,1,1
21532,IPC,498A,1,1
21533,IPC,326,1,1
21534,IPC,323,1,1
21535,IPC,436,1,1
21536,BNS,109,1,1
21537,IPC,323,1,1
21538,IPC,420,1,1
21539,IPC,323,1,1
21540,IPC,323,1,1
21541,IPC,326,1,1
21542,IPC,380,1,1
21543,IPC,363,1,1
21544,IPC,379A,1,1
21545,IPC,420,1,1
21546,IPC,326,1,1
21547,IPC,380,1,1
21548,IPC,392,1,1
21549,IPC,379,1,1
21550,IPC,380,1,1
21551,IPC,323,1,1
21552,IPC,363,1,1
21553,IPC,379,1,1
21554,IPC,363,1,1
21555,IPC,363,1,1
21556,IPC,379,1,1
21557,IPC,379,1,1
21558,IPC,66D-ITACT,1,1
21559,IPC,323,1,1
21560,IPC,406,1,1
21561,IPC,379,1,1
21562,IPC,379,1,1
21563,IPC,498A,1,1
21564,IPC,380,1,1
21565,IPC,323,1,1
21566,IPC,380,1,1
21567,NDPS,20,1,1
21568,IPC,354,1,1
21569,IPC,304,1,1
21570,IPC,379A,1,1
21571,IPC,392,1,1
21572,IPC,420,1,1
21573,IPC,66D-ITACT,1,1
21574,IPC,379,1,1
21575,IPC,66D-ITACT,1,1
21576,IPC,379A,1,1
21577,IPC,363,1,1
21578,IPC,147,1,1
21579,IPC,323,1,1
21580,IPC,406,1,1
21581,IPC,354,1,1
21582,IPC,379,1,1
21583,IPC,420,1,1
21584,IPC,363,1,1
21585,IPC,323,1,1
21586,IPC,379A,1,1
21587,IPC,395,1,1
21588,IPC,420,1,1
21589,IPC,379,1,1
21590,IPC,66D-ITACT,1,1
21591,IPC,354,1,1
21592,IPC,323,1,1
21593,IPC,66D-ITACT,1,1
21594,IPC,144,1,1
21595,IPC,379,1,1
21596,IPC,406,1,1
21597,BNS,64,1,1
21598,IPC,380,1,1
21599,IPC,326,1,1
21600,IPC,363,1,1
21601,IPC,66D-ITACT,1,1
21602,IPC,379A,1,1
21603,IPC,420,1,1
21604,IPC,307,1,1
21604,BNS,109,2,2
21605,IPC,498A,1,1
21606,IPC,395,1,1
21607,IPC,380,1,1
21608,IPC,66D-ITACT,1,1
21609,IPC,66D-ITACT,1,1
21610,IPC,379A,1,1
21611,IPC,392,1,1
21612,POCSO,4,1,1
21613,IPC,323,1,1
21614,BNS,64,1,1
21615,IPC,326,1,1
21616,IPC,323,1,1
21617,IPC,66D-ITACT,1,1
21618,IPC,379,1,1
21619,IPC,363,1,1
21620,IPC,380,1,1
21621,IPC,323,1,1
21622,IPC,326,1,1
21623,IPC,147,1,1
21624,IPC,323,1,1
21625,IPC,363,1,1
21626,IPC,66D-ITACT,1,1
21627,IPC,498A,1,1
21628,IPC,489A,1,1
21629,IPC,380,1,1
21630,IPC,323,1,1
21631,IPC,392,1,1
21632,IPC,498A,1,1
21633,BNS,103,1,1
21634,POCSO,4,1,1
21635,POCSO,4,1,1
21636,IPC,420,1,1
21637,IPC,323,1,1
21638,IPC,379A,1,1
21639,IPC,498A,1,1
21640,IPC,379A,1,1
21641,IPC,380,1,1
21642,IPC,323,1,1
21643,IPC,379A,1,1
21644,IPC,323,1,1
21645,IPC,498A,1,1
21646,ARMS,25,1,1
21646,ARMS,27,2,2
21647,IPC,395,1,1
21648,IPC,498A,1,1
21649,IPC,392,1,1
21650,IPC,354,1,1
21651,IPC,326,1,1
21652,IPC,323,1,1
21653,IPC,304B,1,1
21654,IPC,379,1,1
21655,IPC,379,1,1
21656,NDPS,20,1,1
21657,IPC,420,1,1
21658,IPC,379,1,1
21659,IPC,379,1,1
21660,IPC,420,1,1
21661,IPC,498A,1,1
21662,IPC,420,1,1
21663,IPC,420,1,1
21664,IPC,392,1,1
21665,IPC,379A,1,1
21666,IPC,379A,1,1
21667,IPC,379A,1,1
21668,IPC,323,1,1
21669,IPC,379,1,1
21670,IPC,302,1,1
21670,BNS,103,2,2
21671,IPC,363,1,1
21672,IPC,380,1,1
21673,IPC,498A,1,1
21674,IPC,379,1,1
21675,IPC,379A,1,1
21676,IPC,379,1,1
21677,IPC,379,1,1
21678,IPC,326,1,1
21679,POCSO,4,1,1
21680,IPC,323,1,1
21681,IPC,147,1,1
21682,IPC,380,1,1
21683,IPC,354,1,1
21684,ARMS,27,1,1
21684,ARMS,25,2,2
21685,IPC,326,1,1
21686,IPC,379,1,1
21687,IPC,323,1,1
21688,IPC,304B,1,1
21689,IPC,380,1,1
21690,NDPS,20,1,1
21691,IPC,380,1,1
21692,IPC,498A,1,1
21693,IPC,498A,1,1
21694,IPC,379A,1,1
21695,IPC,392,1,1
21696,IPC,420,1,1
21697,IPC,379,1,1
21698,IPC,379,1,1
21699,IPC,66D-ITACT,1,1
21700,IPC,302,1,1
21701,IPC,436,1,1
21702,IPC,379A,1,1
21703,IPC,354,1,1
21704,IPC,379,1,1
21705,IPC,66D-ITACT,1,1
21706,IPC,380,1,1
21707,IPC,326,1,1
21708,IPC,380,1,1
21709,IPC,420,1,1
21710,IPC,379,1,1
21711,POCSO,4,1,1
21712,IPC,379A,1,1
21713,IPC,323,1,1
21714,IPC,406,1,1
21715,IPC,379,1,1
21716,IPC,323,1,1
21717,IPC,420,1,1
21718,IPC,323,1,1
21719,IPC,307,1,1
21720,IPC,354,1,1
21721,IPC,380,1,1
21722,IPC,326,1,1
21723,IPC,147,1,1
21724,IPC,380,1,1
21725,IPC,363,1,1
21726,IPC,420,1,1
21727,IPC,66D-ITACT,1,1
21728,IPC,304,1,1
21729,IPC,379,1,1
21730,IPC,66D-ITACT,1,1
21731,IPC,323,1,1
21732,IPC,66D-ITACT,1,1
21733,ARMS,25,1,1
21733,ARMS,27,2,2
21734,IPC,498A,1,1
21735,IPC,144,1,1
21736,IPC,323,1,1
21737,IPC,406,1,1
21738,IPC,380,1,1
21739,IPC,66D-ITACT,1,1
21740,IPC,323,1,1
21741,IPC,379,1,1
21742,IPC,323,1,1
21743,IPC,323,1,1
21744,IPC,376,1,1
21745,IPC,498A,1,1
21746,IPC,379,1,1
21747,NDPS,20,1,1
21748,IPC,323,1,1
21749,IPC,498A,1,1
21750,IPC,379,1,1
21751,IPC,147,1,1
21752,IPC,380,1,1
21753,IPC,323,1,1
21754,IPC,66D-ITACT,1,1
21755,IPC,323,1,1
21756,IPC,380,1,1
21757,IPC,395,1,1
21758,IPC,392,1,1
21759,IPC,323,1,1
21760,BNS,103,1,1
21760,IPC,302,2,2
21761,IPC,406,1,1
21762,IPC,392,1,1
21763,IPC,304B,1,1
21764,IPC,380,1,1
21765,IPC,66D-ITACT,1,1
21766,IPC,379A,1,1
21767,IPC,323,1,1
21768,IPC,323,1,1
21769,IPC,379,1,1
21770,IPC,392,1,1
21771,POCSO,4,1,1
21772,IPC,498A,1,1
21773,IPC,379,1,1
21774,IPC,379A,1,1
21775,IPC,379A,1,1
21776,IPC,380,1,1
21777,IPC,66D-ITACT,1,1
21778,IPC,498A,1,1
21779,IPC,420,1,1
21780,IPC,380,1,1
21781,IPC,380,1,1
21782,ARMS,27,1,1
21783,IPC,395,1,1
21784,IPC,406,1,1
21785,IPC,144,1,1
21786,IPC,380,1,1
21787,IPC,379,1,1
21788,IPC,380,1,1
21789,BNS,103,1,1
21790,IPC,379,1,1
21791,IPC,436,1,1
21792,IPC,144,1,1
21793,IPC,392,1,1
21794,IPC,379,1,1
21795,IPC,380,1,1
21796,IPC,379A,1,1
21797,IPC,380,1,1
21798,IPC,379,1,1
21799,IPC,498A,1,1
21800,IPC,379A,1,1
21801,IPC,354,1,1
21802,IPC,379,1,1
21803,IPC,379,1,1
21804,IPC,392,1,1
21805,IPC,144,1,1
21806,IPC,323,1,1
21807,NDPS,20,1,1
21808,IPC,379,1,1
21809,IPC,395,1,1
21810,IPC,379A,1,1
21811,IPC,379,1,1
21812,BNS,64,1,1
21812,IPC,376,2,2
21813,NDPS,20,1,1
21814,IPC,420,1,1
21815,IPC,379,1,1
21816,IPC,379A,1,1
21817,IPC,354,1,1
21818,IPC,380,1,1
21819,IPC,420,1,1
21820,IPC,323,1,1
21821,IPC,420,1,1
21822,IPC,498A,1,1
21823,IPC,420,1,1
21824,IPC,307,1,1
21824,BNS,109,2,2
21825,IPC,379,1,1
21826,IPC,379,1,1
21827,IPC,420,1,1
21828,IPC,326,1,1
21829,POCSO,4,1,1
21830,IPC,379,1,1
21831,IPC,392,1,1
21832,IPC,395,1,1
21833,IPC,323,1,1
21834,IPC,323,1,1
21835,IPC,380,1,1
21836,IPC,498A,1,1
21837,IPC,436,1,1
21838,IPC,379,1,1
21839,BNS,109,1,1
21840,IPC,379,1,1
21841,IPC,420,1,1
21842,IPC,379,1,1
21843,IPC,379,1,1
21844,IPC,323,1,1
21845,IPC,380,1,1
21846,IPC,326,1,1
21847,IPC,395,1,1
21848,IPC,66D-ITACT,1,1
21849,ARMS,27,1,1
21850,IPC,66D-ITACT,1,1
21851,IPC,379A,1,1
21852,IPC,379,1,1
21853,IPC,406,1,1
21854,IPC,66D-ITACT,1,1
21855,IPC,420,1,1
21856,IPC,66D-ITACT,1,1
21857,BNS,109,1,1
21858,NDPS,20,1,1
21859,IPC,380,1,1
21860,IPC,420,1,1
21861,IPC,379,1,1
21862,IPC,144,1,1
21863,NDPS,20,1,1
21864,IPC,436,1,1
21865,IPC,326,1,1
21866,IPC,66D-ITACT,1,1
21867,IPC,379A,1,1
21868,IPC,66D-ITACT,1,1
21869,IPC,304,1,1
21870,BNS,109,1,1
21870,IPC,307,2,2
21871,IPC,323,1,1
21872,IPC,420,1,1
21873,IPC,420,1,1
21874,IPC,304B,1,1
21875,IPC,147,1,1
21876,IPC,380,1,1
21877,IPC,323,1,1
21878,IPC,379A,1,1
21879,IPC,380,1,1
21880,IPC,66D-ITACT,1,1
21881,IPC,354,1,1
21882,IPC,420,1,1
21883,IPC,489A,1,1
21884,IPC,498A,1,1
21885,POCSO,4,1,1
21886,IPC,380,1,1
21887,POCSO,4,1,1
21888,IPC,498A,1,1
21889,IPC,420,1,1
21890,IPC,144,1,1
21891,IPC,304,1,1
21892,IPC,498A,1,1
21893,IPC,379,1,1
21894,IPC,323,1,1
21895,IPC,395,1,1
21896,IPC,498A,1,1
21897,IPC,420,1,1
21898,IPC,66D-ITACT,1,1
21899,IPC,144,1,1
21900,IPC,354,1,1
21901,IPC,323,1,1
21902,IPC,379,1,1
21903,IPC,66D-ITACT,1,1
21904,IPC,66D-ITACT,1,1
21905,IPC,144,1,1
21906,IPC,323,1,1
21907,IPC,66D-ITACT,1,1
21908,IPC,406,1,1
21909,IPC,379,1,1
21910,IPC,379,1,1
21911,IPC,147,1,1
21912,IPC,144,1,1
21913,IPC,363,1,1
21914,IPC,323,1,1
21915,IPC,420,1,1
21916,IPC,323,1,1
21917,IPC,323,1,1
21918,IPC,147,1,1
21919,IPC,489A,1,1
21920,IPC,379,1,1
21921,IPC,323,1,1
21922,IPC,326,1,1
21923,IPC,147,1,1
21924,IPC,379A,1,1
21925,IPC,379,1,1
21926,IPC,420,1,1
21927,IPC,379,1,1
21928,IPC,498A,1,1
21929,IPC,66D-ITACT,1,1
21930,IPC,66D-ITACT,1,1
21931,BNS,64,1,1
21932,IPC,379,1,1
21933,IPC,323,1,1
21934,IPC,498A,1,1
21935,IPC,392,1,1
21936,IPC,379A,1,1
21937,IPC,498A,1,1
21938,IPC,66D-ITACT,1,1
21939,IPC,420,1,1
21940,IPC,380,1,1
21941,IPC,323,1,1
21942,IPC,379,1,1
21943,IPC,392,1,1
21944,IPC,323,1,1
21945,IPC,498A,1,1
21946,IPC,323,1,1
21947,IPC,323,1,1
21948,IPC,354,1,1
21949,IPC,379,1,1
21950,IPC,420,1,1
21951,NDPS,20,1,1
21952,IPC,379A,1,1
21953,IPC,379,1,1
21954,IPC,302,1,1
21955,IPC,326,1,1
21956,IPC,304,1,1
21957,IPC,354,1,1
21958,IPC,489A,1,1
21959,IPC,420,1,1
21960,IPC,420,1,1
21961,IPC,144,1,1
21962,IPC,326,1,1
21963,IPC,144,1,1
21964,IPC,498A,1,1
21965,IPC,379A,1,1
21966,IPC,354,1,1
21967,IPC,304B,1,1
21968,ARMS,27,1,1
21968,ARMS,25,2,2
21969,IPC,323,1,1
21970,IPC,380,1,1
21971,IPC,66D-ITACT,1,1
21972,IPC,326,1,1
21973,IPC,379,1,1
21974,IPC,304B,1,1
21975,IPC,420,1,1
21976,IPC,304B,1,1
21977,IPC,392,1,1
21978,IPC,66D-ITACT,1,1
21979,IPC,66D-ITACT,1,1
21980,BNS,64,1,1
21981,IPC,380,1,1
21982,POCSO,4,1,1
21983,IPC,379,1,1
21984,IPC,307,1,1
21985,IPC,66D-ITACT,1,1
21986,IPC,323,1,1
21987,IPC,323,1,1
21988,IPC,66D-ITACT,1,1
21989,IPC,420,1,1
21990,IPC,66D-ITACT,1,1
21991,IPC,144,1,1
21992,IPC,379A,1,1
21993,IPC,66D-ITACT,1,1
21994,IPC,420,1,1
21995,IPC,379,1,1
21996,IPC,379A,1,1
21997,IPC,379,1,1
21998,IPC,363,1,1
21999,IPC,489A,1,1
22000,IPC,436,1,1
22001,IPC,376,1,1
22002,IPC,66D-ITACT,1,1
22003,IPC,379,1,1
22004,IPC,379,1,1
22005,IPC,363,1,1
22006,IPC,144,1,1
22007,IPC,66D-ITACT,1,1
22008,IPC,379A,1,1
22009,IPC,323,1,1
22010,IPC,379,1,1
22011,IPC,66D-ITACT,1,1
22012,IPC,406,1,1
22013,IPC,420,1,1
22014,IPC,498A,1,1
22015,IPC,66D-ITACT,1,1
22016,ARMS,27,1,1
22016,ARMS,25,2,2
22017,NDPS,20,1,1
22018,IPC,379A,1,1
22019,IPC,323,1,1
22020,IPC,323,1,1
22021,ARMS,25,1,1
22022,BNS,103,1,1
22023,IPC,326,1,1
22024,IPC,489A,1,1
22025,IPC,379,1,1
22026,IPC,395,1,1
22027,IPC,323,1,1
22028,IPC,380,1,1
22029,NDPS,20,1,1
22030,IPC,498A,1,1
22031,IPC,380,1,1
22032,ARMS,25,1,1
22033,IPC,406,1,1
22034,IPC,379,1,1
22035,IPC,326,1,1
22036,IPC,307,1,1
22037,IPC,354,1,1
22038,IPC,379,1,1
22039,IPC,420,1,1
22040,IPC,323,1,1
22041,IPC,498A,1,1
22042,IPC,323,1,1
22043,BNS,64,1,1
22044,IPC,420,1,1
22045,IPC,363,1,1
22046,IPC,379A,1,1
22047,ARMS,27,1,1
22048,IPC,147,1,1
22049,IPC,436,1,1
22050,NDPS,20,1,1
22051,NDPS,20,1,1
22052,IPC,304B,1,1
22053,ARMS,25,1,1
22054,IPC,376,1,1
22054,BNS,64,2,2
22055,IPC,379A,1,1
22056,IPC,379A,1,1
22057,IPC,406,1,1
22058,IPC,420,1,1
22059,IPC,406,1,1
22060,IPC,498A,1,1
22061,IPC,379,1,1
22062,IPC,379,1,1
22063,IPC,326,1,1
22064,IPC,147,1,1
22065,IPC,498A,1,1
22066,IPC,379A,1,1
22067,IPC,420,1,1
22068,IPC,379,1,1
22069,IPC,395,1,1
22070,IPC,420,1,1
22071,IPC,326,1,1
22072,IPC,363,1,1
22073,IPC,379,1,1
22074,IPC,379,1,1
22075,IPC,144,1,1
22076,IPC,326,1,1
22077,IPC,323,1,1
22078,IPC,323,1,1
22079,IPC,354,1,1
22080,IPC,144,1,1
22081,IPC,326,1,1
22082,IPC,147,1,1
22083,IPC,380,1,1
22084,IPC,379,1,1
22085,IPC,420,1,1
22086,IPC,379A,1,1
22087,IPC,379A,1,1
22088,IPC,363,1,1
22089,IPC,379,1,1
22090,IPC,326,1,1
22091,IPC,379,1,1
22092,IPC,498A,1,1
22093,IPC,379A,1,1
22094,IPC,392,1,1
22095,IPC,420,1,1
22096,IPC,323,1,1
22097,IPC,395,1,1
22098,IPC,420,1,1
22099,IPC,380,1,1
22100,IPC,489A,1,1
22101,IPC,323,1,1
22102,IPC,420,1,1
22103,IPC,380,1,1
22104,IPC,420,1,1
22105,IPC,323,1,1
22106,IPC,406,1,1
22107,IPC,420,1,1
22108,IPC,406,1,1
22109,IPC,420,1,1
22110,IPC,66D-ITACT,1,1
22111,IPC,66D-ITACT,1,1
22112,IPC,363,1,1
22113,ARMS,27,1,1
22114,IPC,420,1,1
22115,IPC,379,1,1
22116,IPC,379,1,1
22117,IPC,323,1,1
22118,IPC,323,1,1
22119,IPC,147,1,1
22120,IPC,406,1,1
22121,IPC,326,1,1
22122,IPC,379,1,1
22123,IPC,392,1,1
22124,IPC,379A,1,1
22125,IPC,379,1,1
22126,IPC,323,1,1
22127,BNS,64,1,1
22128,IPC,354,1,1
22129,BNS,109,1,1
22130,IPC,323,1,1
22131,IPC,498A,1,1
22132,IPC,323,1,1
22133,IPC,379,1,1
22134,IPC,66D-ITACT,1,1
22135,IPC,323,1,1
22136,IPC,380,1,1
22137,IPC,379,1,1
22138,IPC,379,1,1
22139,IPC,406,1,1
22140,IPC,436,1,1
22141,BNS,103,1,1
22142,IPC,392,1,1
22143,IPC,380,1,1
22144,IPC,498A,1,1
22145,IPC,66D-ITACT,1,1
22146,IPC,323,1,1
22147,IPC,326,1,1
22148,NDPS,20,1,1
22149,IPC,323,1,1
22150,IPC,66D-ITACT,1,1
22151,IPC,420,1,1
22152,ARMS,27,1,1
22153,IPC,379,1,1
22154,IPC,376,1,1
22155,IPC,304,1,1
22156,IPC,323,1,1
22157,IPC,379,1,1
22158,IPC,354,1,1
22159,IPC,147,1,1
22160,IPC,380,1,1
22161,IPC,489A,1,1
22162,POCSO,4,1,1
22163,IPC,354,1,1
22164,IPC,420,1,1
22165,IPC,144,1,1
22166,IPC,323,1,1
22167,IPC,66D-ITACT,1,1
22168,IPC,436,1,1
22169,IPC,66D-ITACT,1,1
22170,IPC,323,1,1
22171,IPC,323,1,1
22172,IPC,392,1,1
22173,IPC,392,1,1
22174,IPC,66D-ITACT,1,1
22175,IPC,379,1,1
22176,IPC,406,1,1
22177,IPC,379A,1,1
22178,IPC,420,1,1
22179,IPC,307,1,1
22180,IPC,395,1,1
22181,IPC,420,1,1
22182,IPC,380,1,1
22183,IPC,436,1,1
22184,IPC,363,1,1
22185,IPC,380,1,1
22186,IPC,66D-ITACT,1,1
22187,IPC,379A,1,1
22188,IPC,379A,1,1
22189,IPC,379A,1,1
22190,IPC,304,1,1
22191,IPC,379,1,1
22192,IPC,354,1,1
22193,IPC,379A,1,1
22194,IPC,498A,1,1
22195,IPC,144,1,1
22196,IPC,436,1,1
22197,IPC,66D-ITACT,1,1
22198,IPC,326,1,1
22199,IPC,304B,1,1
22200,IPC,406,1,1
22201,BNS,109,1,1
22201,IPC,307,2,2
22202,IPC,395,1,1
22203,IPC,379A,1,1
22204,ARMS,27,1,1
22205,IPC,379,1,1
22206,IPC,66D-ITACT,1,1
22207,IPC,379,1,1
22208,IPC,66D-ITACT,1,1
22209,IPC,380,1,1
22210,IPC,66D-ITACT,1,1
22211,IPC,380,1,1
22212,IPC,66D-ITACT,1,1
22213,IPC,498A,1,1
22214,IPC,380,1,1
22215,IPC,379A,1,1
22216,IPC,392,1,1
22217,ARMS,25,1,1
22217,ARMS,27,2,2
22218,IPC,379A,1,1
22219,IPC,363,1,1
22220,IPC,420,1,1
22221,IPC,380,1,1
22222,IPC,66D-ITACT,1,1
22223,IPC,379,1,1
22224,IPC,498A,1,1
22225,IPC,326,1,1
22226,IPC,380,1,1
22227,IPC,307,1,1
22228,IPC,379A,1,1
22229,NDPS,20,1,1
22230,IPC,420,1,1
22231,IPC,380,1,1
22232,IPC,420,1,1
22233,IPC,380,1,1
22234,IPC,420,1,1
22235,ARMS,27,1,1
22236,IPC,326,1,1
22237,IPC,379A,1,1
22238,IPC,379,1,1
22239,IPC,420,1,1
22240,IPC,379,1,1
22241,IPC,363,1,1
22242,IPC,379,1,1
22243,IPC,304B,1,1
22244,IPC,144,1,1
22245,IPC,323,1,1
22246,IPC,498A,1,1
22247,IPC,379,1,1
22248,ARMS,27,1,1
22249,IPC,66D-ITACT,1,1
22250,IPC,379A,1,1
22251,IPC,379A,1,1
22252,IPC,379,1,1
22253,IPC,326,1,1
22254,IPC,379,1,1
22255,IPC,498A,1,1
22256,IPC,379,1,1
22257,IPC,379A,1,1
22258,IPC,420,1,1
22259,IPC,379A,1,1
22260,IPC,392,1,1
22261,IPC,392,1,1
22262,POCSO,4,1,1
22263,IPC,436,1,1
22264,IPC,406,1,1
22265,IPC,380,1,1
22266,IPC,326,1,1
22267,IPC,379A,1,1
22268,IPC,379,1,1
22269,IPC,379,1,1
22270,IPC,144,1,1
22271,IPC,380,1,1
22272,BNS,109,1,1
22273,POCSO,4,1,1
22274,IPC,498A,1,1
22275,IPC,379A,1,1
22276,IPC,323,1,1
22277,IPC,420,1,1
22278,ARMS,27,1,1
22279,IPC,380,1,1
22280,IPC,379,1,1
22281,IPC,379,1,1
22282,IPC,354,1,1
22283,IPC,66D-ITACT,1,1
22284,IPC,380,1,1
22285,IPC,354,1,1
22286,BNS,103,1,1
22287,IPC,66D-ITACT,1,1
22288,IPC,326,1,1
22289,IPC,323,1,1
22290,IPC,144,1,1
22291,BNS,64,1,1
22292,IPC,420,1,1
22293,IPC,304B,1,1
22294,IPC,420,1,1
22295,IPC,498A,1,1
22296,IPC,395,1,1
22297,IPC,144,1,1
22298,IPC,379A,1,1
22299,IPC,379,1,1
22300,IPC,379,1,1
22301,BNS,109,1,1
22302,IPC,420,1,1
22303,IPC,392,1,1
22304,IPC,307,1,1
22304,BNS,109,2,2
22305,IPC,323,1,1
22306,IPC,392,1,1
22307,IPC,406,1,1
22308,IPC,379,1,1
22309,IPC,354,1,1
22310,NDPS,20,1,1
22311,IPC,307,1,1
22311,BNS,109,2,2
22312,POCSO,4,1,1
22313,IPC,354,1,1
22314,IPC,323,1,1
22315,IPC,380,1,1
22316,IPC,354,1,1
22317,IPC,498A,1,1
22318,IPC,379,1,1
22319,NDPS,20,1,1
22320,IPC,379A,1,1
22321,IPC,436,1,1
22322,IPC,326,1,1
22323,IPC,379A,1,1
22324,IPC,379A,1,1
22325,IPC,392,1,1
22326,IPC,379,1,1
22327,IPC,326,1,1
22328,IPC,420,1,1
22329,IPC,147,1,1
22330,IPC,498A,1,1
22331,IPC,66D-ITACT,1,1
22332,IPC,354,1,1
22333,IPC,379A,1,1
22334,IPC,420,1,1
22335,IPC,323,1,1
22336,IPC,436,1,1
22337,IPC,363,1,1
22338,IPC,392,1,1
22339,BNS,109,1,1
22340,IPC,379,1,1
22341,POCSO,4,1,1
22342,IPC,498A,1,1
22343,IPC,66D-ITACT,1,1
22344,IPC,354,1,1
22345,IPC,380,1,1
22346,IPC,66D-ITACT,1,1
22347,IPC,392,1,1
22348,IPC,498A,1,1
22349,IPC,379,1,1
22350,IPC,323,1,1
22351,IPC,323,1,1
22352,IPC,436,1,1
22353,NDPS,20,1,1
22354,IPC,302,1,1
22355,POCSO,4,1,1
22356,IPC,420,1,1
22357,IPC,379A,1,1
22358,IPC,392,1,1
22359,IPC,380,1,1
22360,IPC,420,1,1
22361,IPC,395,1,1
22362,IPC,323,1,1
22363,IPC,354,1,1
22364,IPC,376,1,1
22365,IPC,326,1,1
22366,IPC,392,1,1
22367,IPC,323,1,1
22368,IPC,379,1,1
22369,IPC,147,1,1
22370,IPC,379,1,1
22371,IPC,323,1,1
22372,BNS,103,1,1
22372,IPC,302,2,2
22373,IPC,376,1,1
22373,BNS,64,2,2
22374,IPC,326,1,1
22375,IPC,379,1,1
22376,IPC,379,1,1
22377,IPC,392,1,1
22378,IPC,379,1,1
22379,IPC,147,1,1
22380,IPC,436,1,1
22381,IPC,323,1,1
22382,IPC,379,1,1
22383,IPC,66D-ITACT,1,1
22384,IPC,379,1,1
22385,IPC,379,1,1
22386,IPC,323,1,1
22387,IPC,323,1,1
22388,IPC,498A,1,1
22389,IPC,304B,1,1
22390,BNS,109,1,1
22391,IPC,354,1,1
22392,IPC,379A,1,1
22393,IPC,323,1,1
22394,BNS,64,1,1
22395,IPC,498A,1,1
22396,IPC,304,1,1
22397,BNS,109,1,1
22397,IPC,307,2,2
22398,IPC,379,1,1
22399,ARMS,27,1,1
22400,IPC,379A,1,1
22401,IPC,323,1,1
22402,IPC,379,1,1
22403,IPC,380,1,1
22404,IPC,326,1,1
22405,IPC,420,1,1
22406,IPC,304B,1,1
22407,BNS,109,1,1
22408,IPC,323,1,1
22409,IPC,379,1,1
22410,IPC,379,1,1
22411,IPC,66D-ITACT,1,1
22412,IPC,380,1,1
22413,IPC,379,1,1
22414,IPC,379,1,1
22415,IPC,436,1,1
22416,IPC,354,1,1
22417,NDPS,20,1,1
22418,IPC,420,1,1
22419,IPC,392,1,1
22420,ARMS,25,1,1
22421,IPC,363,1,1
22422,IPC,420,1,1
22423,IPC,392,1,1
22424,IPC,326,1,1
22425,IPC,498A,1,1
22426,IPC,380,1,1
22427,IPC,323,1,1
22428,IPC,66D-ITACT,1,1
22429,IPC,326,1,1
22430,IPC,379A,1,1
22431,IPC,323,1,1
22432,IPC,420,1,1
22433,NDPS,20,1,1
22434,IPC,354,1,1
22435,IPC,379,1,1
22436,IPC,379,1,1
22437,IPC,379,1,1
22438,IPC,307,1,1
22439,IPC,66D-ITACT,1,1
22440,POCSO,4,1,1
22441,IPC,379,1,1
22442,IPC,420,1,1
22443,IPC,436,1,1
22444,IPC,420,1,1
22445,IPC,420,1,1
22446,IPC,66D-ITACT,1,1
22447,IPC,326,1,1
22448,IPC,323,1,1
22449,NDPS,20,1,1
22450,IPC,406,1,1
22451,IPC,379,1,1
22452,IPC,395,1,1
22453,IPC,406,1,1
22454,IPC,354,1,1
22455,IPC,489A,1,1
22456,IPC,498A,1,1
22457,IPC,354,1,1
22458,IPC,379A,1,1
22459,ARMS,25,1,1
22460,IPC,147,1,1
22461,IPC,379,1,1
22462,IPC,376,1,1
22463,IPC,380,1,1
22464,IPC,406,1,1
22465,IPC,326,1,1
22466,IPC,66D-ITACT,1,1
22467,IPC,66D-ITACT,1,1
22468,IPC,354,1,1
22469,IPC,379A,1,1
22470,IPC,379A,1,1
22471,IPC,380,1,1
22472,IPC,420,1,1
22473,IPC,379A,1,1
22474,IPC,363,1,1
22475,IPC,66D-ITACT,1,1
22476,IPC,498A,1,1
22477,IPC,66D-ITACT,1,1
22478,IPC,406,1,1
22479,IPC,323,1,1
22480,IPC,379,1,1
22481,IPC,379,1,1
22482,IPC,380,1,1
22483,IPC,323,1,1
22484,ARMS,25,1,1
22485,NDPS,20,1,1
22486,ARMS,25,1,1
22487,IPC,380,1,1
22488,IPC,498A,1,1
22489,IPC,379A,1,1
22490,IPC,392,1,1
22491,IPC,323,1,1
22492,POCSO,4,1,1
22493,POCSO,4,1,1
22494,IPC,379A,1,1
22495,IPC,420,1,1
22496,IPC,363,1,1
22497,IPC,323,1,1
22498,IPC,420,1,1
22499,IPC,144,1,1
22500,POCSO,4,1,1
22501,IPC,379,1,1
22502,IPC,380,1,1
22503,IPC,379A,1,1
22504,POCSO,4,1,1
22505,IPC,406,1,1
22506,IPC,326,1,1
22507,IPC,66D-ITACT,1,1
22508,IPC,420,1,1
22509,IPC,323,1,1
22510,POCSO,4,1,1
22511,IPC,420,1,1
22512,IPC,380,1,1
22513,IPC,363,1,1
22514,IPC,379,1,1
22515,IPC,354,1,1
22516,IPC,354,1,1
22517,IPC,376,1,1
22518,IPC,66D-ITACT,1,1
22519,IPC,420,1,1
22520,BNS,64,1,1
22521,IPC,323,1,1
22522,IPC,354,1,1
22523,IPC,379A,1,1
22524,IPC,66D-ITACT,1,1
22525,IPC,379,1,1
22526,IPC,379,1,1
22527,IPC,420,1,1
22528,IPC,395,1,1
22529,IPC,66D-ITACT,1,1
22530,IPC,498A,1,1
22531,IPC,363,1,1
22532,IPC,436,1,1
22533,IPC,420,1,1
22534,IPC,66D-ITACT,1,1
22535,IPC,379,1,1
22536,IPC,354,1,1
22537,IPC,323,1,1
22538,IPC,323,1,1
22539,IPC,406,1,1
22540,IPC,380,1,1
22541,IPC,66D-ITACT,1,1
22542,IPC,392,1,1
22543,IPC,323,1,1
22544,IPC,354,1,1
22545,IPC,380,1,1
22546,IPC,498A,1,1
22547,IPC,323,1,1
22548,IPC,420,1,1
22549,IPC,498A,1,1
22550,IPC,323,1,1
22551,IPC,379,1,1
22552,IPC,66D-ITACT,1,1
22553,IPC,420,1,1
22554,IPC,379,1,1
22555,IPC,436,1,1
22556,IPC,420,1,1
22557,IPC,354,1,1
22558,IPC,323,1,1
22559,IPC,406,1,1
22560,IPC,498A,1,1
22561,IPC,420,1,1
22562,IPC,363,1,1
22563,IPC,363,1,1
22564,IPC,323,1,1
22565,NDPS,20,1,1
22566,IPC,354,1,1
22567,IPC,144,1,1
22568,IPC,379,1,1
22569,IPC,392,1,1
22570,IPC,420,1,1
22571,IPC,66D-ITACT,1,1
22572,IPC,379,1,1
22573,IPC,66D-ITACT,1,1
22574,IPC,379A,1,1
22575,IPC,354,1,1
22576,NDPS,20,1,1
22577,IPC,307,1,1
22578,IPC,392,1,1
22579,IPC,380,1,1
22580,IPC,379,1,1
22581,IPC,379A,1,1
22582,IPC,498A,1,1
22583,NDPS,20,1,1
22584,IPC,66D-ITACT,1,1
22585,IPC,380,1,1
22586,IPC,420,1,1
22587,IPC,326,1,1
22588,IPC,323,1,1
22589,IPC,323,1,1
22590,POCSO,4,1,1
22591,IPC,380,1,1
22592,IPC,379A,1,1
22593,IPC,66D-ITACT,1,1
22594,IPC,376,1,1
22595,NDPS,20,1,1
22596,IPC,379,1,1
22597,IPC,323,1,1
22598,IPC,323,1,1
22599,IPC,379A,1,1
22600,ARMS,27,1,1
22601,IPC,406,1,1
22602,IPC,304B,1,1
22603,IPC,66D-ITACT,1,1
22604,IPC,392,1,1
22605,IPC,379A,1,1
22606,IPC,147,1,1
22607,IPC,379,1,1
22608,IPC,379,1,1
22609,IPC,379,1,1
22610,IPC,380,1,1
22611,IPC,379A,1,1
22612,IPC,379,1,1
22613,IPC,379A,1,1
22614,NDPS,20,1,1
22615,IPC,66D-ITACT,1,1
22616,IPC,420,1,1
22617,IPC,380,1,1
22618,IPC,66D-ITACT,1,1
22619,IPC,354,1,1
22620,IPC,354,1,1
22621,IPC,489A,1,1
22622,IPC,326,1,1
22623,IPC,379A,1,1
22624,IPC,489A,1,1
22625,IPC,379,1,1
22626,BNS,64,1,1
22627,IPC,379A,1,1
22628,IPC,406,1,1
22629,IPC,323,1,1
22630,IPC,379,1,1
22631,POCSO,4,1,1
22632,IPC,379,1,1
22633,IPC,379,1,1
22634,IPC,420,1,1
22635,IPC,406,1,1
22636,POCSO,4,1,1
22637,IPC,354,1,1
22638,IPC,379,1,1
22639,IPC,379A,1,1
22640,IPC,379,1,1
22641,IPC,323,1,1
22642,IPC,326,1,1
22643,IPC,498A,1,1
22644,IPC,420,1,1
22645,IPC,363,1,1
22646,IPC,323,1,1
22647,BNS,64,1,1
22648,IPC,379,1,1
22649,IPC,392,1,1
22650,IPC,395,1,1
22651,IPC,380,1,1
22652,IPC,363,1,1
22653,IPC,420,1,1
22654,IPC,379,1,1
22655,IPC,379,1,1
22656,IPC,354,1,1
22657,IPC,392,1,1
22658,IPC,326,1,1
22659,IPC,379A,1,1
22660,IPC,363,1,1
22661,IPC,406,1,1
22662,IPC,392,1,1
22663,IPC,380,1,1
22664,NDPS,20,1,1
22665,IPC,498A,1,1
22666,IPC,379A,1,1
22667,IPC,323,1,1
22668,IPC,323,1,1
22669,IPC,363,1,1
22670,IPC,420,1,1
22671,IPC,420,1,1
22672,POCSO,4,1,1
22673,BNS,109,1,1
22674,IPC,379,1,1
22675,BNS,109,1,1
22676,IPC,380,1,1
22677,IPC,323,1,1
22678,IPC,144,1,1
22679,IPC,498A,1,1
22680,IPC,379A,1,1
22681,NDPS,20,1,1
22682,IPC,379,1,1
22683,IPC,144,1,1
22684,IPC,66D-ITACT,1,1
22685,IPC,420,1,1
22686,IPC,66D-ITACT,1,1
22687,IPC,379,1,1
22688,IPC,363,1,1
22689,IPC,392,1,1
22690,IPC,380,1,1
22691,IPC,498A,1,1
22692,IPC,66D-ITACT,1,1
22693,IPC,379,1,1
22694,BNS,64,1,1
22695,IPC,379,1,1
22696,IPC,489A,1,1
22697,NDPS,20,1,1
22698,IPC,392,1,1
22699,IPC,304,1,1
22700,IPC,326,1,1
22701,IPC,420,1,1
22702,IPC,379,1,1
22703,IPC,323,1,1
22704,IPC,379,1,1
22705,IPC,420,1,1
22706,IPC,420,1,1
22707,IPC,323,1,1
22708,IPC,323,1,1
22709,IPC,323,1,1
22710,IPC,380,1,1
22711,IPC,379A,1,1
22712,IPC,379A,1,1
22713,IPC,376,1,1
22714,IPC,376,1,1
22715,IPC,354,1,1
22716,IPC,363,1,1
22717,IPC,380,1,1
22718,IPC,420,1,1
22719,IPC,379,1,1
22720,IPC,406,1,1
22721,IPC,392,1,1
22722,IPC,420,1,1
22723,IPC,379A,1,1
22724,POCSO,4,1,1
22725,IPC,406,1,1
22726,IPC,380,1,1
22727,IPC,380,1,1
22728,IPC,420,1,1
22729,IPC,66D-ITACT,1,1
22730,IPC,379,1,1
22731,IPC,379,1,1
22732,IPC,498A,1,1
22733,IPC,379,1,1
22734,IPC,498A,1,1
22735,IPC,144,1,1
22736,IPC,304,1,1
22737,IPC,354,1,1
22738,IPC,420,1,1
22739,IPC,379,1,1
22740,IPC,420,1,1
22741,IPC,420,1,1
22742,IPC,379,1,1
22743,POCSO,4,1,1
22744,IPC,354,1,1
22745,IPC,498A,1,1
22746,NDPS,20,1,1
22747,IPC,379A,1,1
22748,IPC,380,1,1
22749,IPC,307,1,1
22750,IPC,379A,1,1
22751,IPC,406,1,1
22752,IPC,392,1,1
22753,BNS,64,1,1
22754,IPC,498A,1,1
22755,IPC,354,1,1
22756,IPC,380,1,1
22757,IPC,379A,1,1
22758,IPC,66D-ITACT,1,1
22759,IPC,420,1,1
22760,IPC,66D-ITACT,1,1
22761,IPC,436,1,1
22762,IPC,144,1,1
22763,IPC,498A,1,1
22764,IPC,379,1,1
22765,IPC,420,1,1
22766,IPC,379,1,1
22767,IPC,380,1,1
22768,BNS,64,1,1
22769,NDPS,20,1,1
22770,BNS,64,1,1
22770,IPC,376,2,2
22771,IPC,147,1,1
22772,IPC,323,1,1
22773,IPC,420,1,1
22774,POCSO,4,1,1
22775,IPC,323,1,1
22776,IPC,395,1,1
22777,IPC,379,1,1
22778,IPC,66D-ITACT,1,1
22779,IPC,147,1,1
22780,IPC,326,1,1
22781,IPC,66D-ITACT,1,1
22782,IPC,420,1,1
22783,IPC,498A,1,1
22784,IPC,66D-ITACT,1,1
22785,IPC,379,1,1
22786,IPC,380,1,1
22787,IPC,326,1,1
22788,IPC,326,1,1
22789,IPC,379A,1,1
22790,IPC,376,1,1
22790,BNS,64,2,2
22791,IPC,379,1,1
22792,IPC,498A,1,1
22793,IPC,66D-ITACT,1,1
22794,IPC,379,1,1
22795,IPC,406,1,1
22796,IPC,304B,1,1
22797,IPC,380,1,1
22798,IPC,66D-ITACT,1,1
22799,IPC,363,1,1
22800,IPC,420,1,1
22801,IPC,379,1,1
22802,BNS,103,1,1
22803,IPC,354,1,1
22804,BNS,103,1,1
22805,IPC,420,1,1
22806,IPC,420,1,1
22807,IPC,420,1,1
22808,IPC,323,1,1
22809,IPC,379,1,1
22810,IPC,66D-ITACT,1,1
22811,IPC,380,1,1
22812,IPC,323,1,1
22813,POCSO,4,1,1
22814,IPC,323,1,1
22815,IPC,354,1,1
22816,IPC,66D-ITACT,1,1
22817,IPC,323,1,1
22818,IPC,379,1,1
22819,ARMS,25,1,1
22820,IPC,323,1,1
22821,IPC,379A,1,1
22822,IPC,379,1,1
22823,IPC,498A,1,1
22824,IPC,489A,1,1
22825,IPC,323,1,1
22826,NDPS,20,1,1
22827,IPC,323,1,1
22828,IPC,420,1,1
22829,IPC,420,1,1
22830,IPC,354,1,1
22831,IPC,363,1,1
22832,IPC,323,1,1
22833,IPC,380,1,1
22834,IPC,379,1,1
22835,ARMS,27,1,1
22836,NDPS,20,1,1
22837,IPC,304,1,1
22838,IPC,323,1,1
22839,IPC,147,1,1
22840,IPC,144,1,1
22841,IPC,420,1,1
22842,IPC,323,1,1
22843,IPC,379A,1,1
22844,IPC,392,1,1
22845,IPC,66D-ITACT,1,1
22846,IPC,66D-ITACT,1,1
22847,IPC,323,1,1
22848,IPC,392,1,1
22849,IPC,406,1,1
22850,IPC,147,1,1
22851,IPC,66D-ITACT,1,1
22852,IPC,379,1,1
22853,IPC,420,1,1
22854,BNS,109,1,1
22855,IPC,326,1,1
22856,IPC,406,1,1
22857,IPC,420,1,1
22858,IPC,392,1,1
22859,IPC,380,1,1
22860,IPC,392,1,1
22861,IPC,379,1,1
22862,IPC,436,1,1
22863,IPC,406,1,1
22864,IPC,392,1,1
22865,IPC,147,1,1
22866,IPC,379,1,1
22867,IPC,379,1,1
22868,IPC,323,1,1
22869,IPC,323,1,1
22870,NDPS,20,1,1
22871,IPC,144,1,1
22872,IPC,147,1,1
22873,ARMS,25,1,1
22874,IPC,323,1,1
22875,IPC,379A,1,1
22876,IPC,420,1,1
22877,IPC,420,1,1
22878,IPC,379,1,1
22879,IPC,323,1,1
22880,IPC,380,1,1
22881,IPC,379,1,1
22882,IPC,498A,1,1
22883,IPC,304,1,1
22884,IPC,498A,1,1
22885,IPC,323,1,1
22886,IPC,363,1,1
22887,IPC,379,1,1
22888,IPC,66D-ITACT,1,1
22889,IPC,498A,1,1
22890,IPC,380,1,1
22891,POCSO,4,1,1
22892,IPC,379,1,1
22893,BNS,64,1,1
22894,IPC,326,1,1
22895,IPC,379,1,1
22896,IPC,498A,1,1
22897,IPC,379A,1,1
22898,POCSO,4,1,1
22899,IPC,323,1,1
22900,IPC,66D-ITACT,1,1
22901,IPC,323,1,1
22902,IPC,379,1,1
22903,ARMS,25,1,1
22904,IPC,323,1,1
22905,IPC,392,1,1
22906,IPC,379,1,1
22907,IPC,354,1,1
22908,IPC,379,1,1
22909,IPC,323,1,1
22910,IPC,379,1,1
22911,ARMS,27,1,1
22912,IPC,323,1,1
22913,IPC,379A,1,1
22914,IPC,379A,1,1
22915,IPC,406,1,1
22916,IPC,406,1,1
22917,IPC,363,1,1
22918,IPC,379,1,1
22919,IPC,376,1,1
22919,BNS,64,2,2
22920,BNS,109,1,1
22921,IPC,379,1,1
22922,IPC,420,1,1
22923,IPC,406,1,1
22924,IPC,379,1,1
22925,NDPS,20,1,1
22926,IPC,380,1,1
22927,IPC,323,1,1
22928,ARMS,27,1,1
22929,IPC,323,1,1
22930,IPC,326,1,1
22931,IPC,498A,1,1
22932,NDPS,20,1,1
22933,IPC,420,1,1
22934,IPC,380,1,1
22935,IPC,66D-ITACT,1,1
22936,IPC,326,1,1
22937,IPC,363,1,1
22938,IPC,354,1,1
22939,IPC,379A,1,1
22940,IPC,436,1,1
22941,IPC,354,1,1
22942,IPC,379A,1,1
22943,IPC,379,1,1
22944,IPC,379,1,1
22945,IPC,363,1,1
22946,IPC,323,1,1
22947,IPC,420,1,1
22948,IPC,304,1,1
22949,IPC,379A,1,1
22950,IPC,380,1,1
22951,ARMS,27,1,1
22952,IPC,66D-ITACT,1,1
22953,IPC,326,1,1
22954,IPC,420,1,1
22955,IPC,379,1,1
22956,IPC,379,1,1
22957,IPC,379,1,1
22958,IPC,379,1,1
22959,IPC,363,1,1
22960,POCSO,4,1,1
22961,IPC,380,1,1
22962,IPC,379,1,1
22963,IPC,354,1,1
22964,IPC,379A,1,1
22965,IPC,379A,1,1
22966,IPC,420,1,1
22967,IPC,392,1,1
22968,IPC,66D-ITACT,1,1
22969,IPC,379,1,1
22970,IPC,380,1,1
22971,IPC,498A,1,1
22972,IPC,354,1,1
22973,IPC,420,1,1
22974,IPC,354,1,1
22975,IPC,489A,1,1
22976,IPC,420,1,1
22977,IPC,326,1,1
22978,IPC,406,1,1
22979,NDPS,20,1,1
22980,IPC,395,1,1
22981,IPC,420,1,1
22982,IPC,420,1,1
22983,IPC,379,1,1
22984,IPC,498A,1,1
22985,IPC,392,1,1
22986,IPC,66D-ITACT,1,1
22987,IPC,380,1,1
22988,IPC,354,1,1
22989,IPC,498A,1,1
22990,IPC,66D-ITACT,1,1
22991,IPC,323,1,1
22992,IPC,354,1,1
22993,IPC,304B,1,1
22994,IPC,380,1,1
22995,IPC,380,1,1
22996,IPC,380,1,1
22997,IPC,323,1,1
22998,IPC,326,1,1
22999,IPC,323,1,1
23000,IPC,379,1,1
23001,IPC,66D-ITACT,1,1
23002,IPC,379,1,1
23003,IPC,380,1,1
23004,IPC,323,1,1
23005,IPC,380,1,1
23006,IPC,392,1,1
23007,IPC,420,1,1
23008,BNS,64,1,1
23008,IPC,376,2,2
23009,IPC,147,1,1
23010,IPC,380,1,1
23011,IPC,379,1,1
23012,IPC,354,1,1
23013,IPC,323,1,1
23014,IPC,66D-ITACT,1,1
23015,IPC,420,1,1
23016,IPC,395,1,1
23017,IPC,379A,1,1
23018,IPC,66D-ITACT,1,1
23019,IPC,379,1,1
23020,IPC,420,1,1
23021,IPC,307,1,1
23022,IPC,323,1,1
23023,IPC,144,1,1
23024,IPC,420,1,1
23025,IPC,363,1,1
23026,IPC,379,1,1
23027,IPC,147,1,1
23028,IPC,379,1,1
23029,IPC,379,1,1
23030,IPC,379A,1,1
23031,IPC,380,1,1
23032,BNS,64,1,1
23032,IPC,376,2,2
23033,BNS,64,1,1
23033,IPC,376,2,2
23034,IPC,379,1,1
23035,NDPS,20,1,1
23036,BNS,64,1,1
23037,IPC,420,1,1
23038,IPC,354,1,1
23039,IPC,307,1,1
23040,IPC,498A,1,1
23041,IPC,379A,1,1
23042,IPC,392,1,1
23043,IPC,406,1,1
23044,IPC,380,1,1
23045,IPC,379,1,1
23046,IPC,379,1,1
23047,IPC,379,1,1
23048,IPC,354,1,1
23049,IPC,380,1,1
23050,IPC,380,1,1
23051,IPC,420,1,1
23052,POCSO,4,1,1
23053,IPC,379A,1,1
23054,IPC,406,1,1
23055,IPC,379,1,1
23056,IPC,420,1,1
23057,IPC,323,1,1
23058,IPC,379,1,1
23059,IPC,380,1,1
23060,IPC,354,1,1
23061,IPC,66D-ITACT,1,1
23062,IPC,489A,1,1
23063,ARMS,27,1,1
23064,ARMS,27,1,1
23065,BNS,103,1,1
23066,IPC,144,1,1
23067,IPC,323,1,1
23068,IPC,147,1,1
23069,ARMS,25,1,1
23070,IPC,379,1,1
23071,IPC,304,1,1
23072,IPC,420,1,1
23073,IPC,379,1,1
23074,IPC,395,1,1
23075,IPC,379,1,1
23076,IPC,379,1,1
23077,IPC,379,1,1
23078,IPC,379,1,1
23079,IPC,406,1,1
23080,IPC,380,1,1
23081,IPC,379,1,1
23082,IPC,354,1,1
23083,IPC,307,1,1
23084,NDPS,20,1,1
23085,IPC,379A,1,1
23086,IPC,326,1,1
23087,IPC,379,1,1
23088,IPC,326,1,1
23089,IPC,380,1,1
23090,IPC,380,1,1
23091,IPC,379,1,1
23092,IPC,323,1,1
23093,IPC,379,1,1
23094,IPC,379A,1,1
23095,IPC,144,1,1
23096,IPC,323,1,1
23097,NDPS,20,1,1
23098,IPC,379,1,1
23099,IPC,323,1,1
23100,IPC,498A,1,1
23101,IPC,144,1,1
23102,IPC,498A,1,1
23103,IPC,420,1,1
23104,IPC,379A,1,1
23105,IPC,436,1,1
23106,IPC,363,1,1
23107,IPC,380,1,1
23108,IPC,380,1,1
23109,IPC,498A,1,1
23110,IPC,379A,1,1
23111,IPC,420,1,1
23112,IPC,498A,1,1
23113,IPC,66D-ITACT,1,1
23114,IPC,326,1,1
23115,IPC,420,1,1
23116,IPC,392,1,1
23117,IPC,498A,1,1
23118,IPC,307,1,1
23118,BNS,109,2,2
23119,IPC,379A,1,1
23120,IPC,66D-ITACT,1,1
23121,IPC,323,1,1
23122,IPC,147,1,1
23123,IPC,498A,1,1
23124,IPC,420,1,1
23125,IPC,323,1,1
23126,IPC,66D-ITACT,1,1
23127,IPC,380,1,1
23128,IPC,354,1,1
23129,IPC,354,1,1
23130,IPC,66D-ITACT,1,1
23131,IPC,304B,1,1
23132,NDPS,20,1,1
23133,IPC,304B,1,1
23134,IPC,379A,1,1
23135,IPC,379,1,1
23136,NDPS,20,1,1
23137,IPC,323,1,1
23138,BNS,109,1,1
23138,IPC,307,2,2
23139,IPC,379,1,1
23140,IPC,326,1,1
23141,IPC,379A,1,1
23142,NDPS,20,1,1
23143,IPC,379,1,1
23144,IPC,489A,1,1
23145,IPC,66D-ITACT,1,1
23146,IPC,379A,1,1
23147,IPC,380,1,1
23148,IPC,66D-ITACT,1,1
23149,IPC,66D-ITACT,1,1
23150,IPC,379,1,1
23151,IPC,147,1,1
23152,IPC,380,1,1
23153,IPC,323,1,1
23154,IPC,498A,1,1
23155,IPC,420,1,1
23156,IPC,323,1,1
23157,IPC,323,1,1
23158,IPC,379,1,1
23159,IPC,323,1,1
23160,IPC,379,1,1
23161,IPC,379,1,1
23162,POCSO,4,1,1
23163,IPC,363,1,1
23164,IPC,406,1,1
23165,IPC,66D-ITACT,1,1
23166,ARMS,27,1,1
23166,ARMS,25,2,2
23167,IPC,380,1,1
23168,IPC,392,1,1
23169,BNS,103,1,1
23169,IPC,302,2,2
23170,IPC,420,1,1
23171,NDPS,20,1,1
23172,IPC,498A,1,1
23173,IPC,498A,1,1
23174,NDPS,20,1,1
23175,IPC,379,1,1
23176,IPC,498A,1,1
23177,IPC,379,1,1
23178,IPC,379,1,1
23179,IPC,420,1,1
23180,ARMS,25,1,1
23180,ARMS,27,2,2
23181,IPC,420,1,1
23182,IPC,363,1,1
23183,IPC,379,1,1
23184,IPC,147,1,1
23185,IPC,304,1,1
23186,IPC,323,1,1
23187,IPC,436,1,1
23188,IPC,379,1,1
23189,IPC,323,1,1
23190,IPC,379,1,1
23191,IPC,498A,1,1
23192,IPC,498A,1,1
23193,IPC,406,1,1
23194,IPC,379,1,1
23195,IPC,379A,1,1
23196,IPC,379,1,1
23197,IPC,323,1,1
23198,ARMS,27,1,1
23199,IPC,436,1,1
23200,IPC,420,1,1
23201,IPC,326,1,1
23202,IPC,420,1,1
23203,IPC,420,1,1
23204,IPC,380,1,1
23205,IPC,436,1,1
23206,ARMS,27,1,1
23207,IPC,326,1,1
23208,POCSO,4,1,1
23209,IPC,379,1,1
23210,IPC,420,1,1
23211,IPC,379,1,1
23212,IPC,323,1,1
23213,IPC,363,1,1
23214,IPC,498A,1,1
23215,IPC,323,1,1
23216,IPC,304B,1,1
23217,IPC,326,1,1
23218,IPC,379,1,1
23219,IPC,354,1,1
23220,IPC,420,1,1
23221,IPC,392,1,1
23222,IPC,354,1,1
23223,POCSO,4,1,1
23224,IPC,304B,1,1
23225,IPC,420,1,1
23226,IPC,379A,1,1
23227,IPC,380,1,1
23228,IPC,323,1,1
23229,IPC,354,1,1
23230,IPC,304B,1,1
23231,IPC,323,1,1
23232,IPC,392,1,1
23233,IPC,392,1,1
23234,NDPS,20,1,1
23235,IPC,498A,1,1
23236,POCSO,4,1,1
23237,BNS,64,1,1
23238,IPC,66D-ITACT,1,1
23239,IPC,392,1,1
23240,IPC,406,1,1
23241,IPC,379A,1,1
23242,IPC,323,1,1
23243,IPC,380,1,1
23244,POCSO,4,1,1
23245,IPC,323,1,1
23246,IPC,363,1,1
23247,IPC,363,1,1
23248,IPC,323,1,1
23249,IPC,379,1,1
23250,IPC,354,1,1
23251,IPC,406,1,1
23252,IPC,379A,1,1
23253,IPC,379A,1,1
23254,IPC,379,1,1
23255,IPC,379,1,1
23256,IPC,326,1,1
23257,ARMS,25,1,1
23257,ARMS,27,2,2
23258,IPC,379A,1,1
23259,IPC,379,1,1
23260,ARMS,25,1,1
23261,IPC,304B,1,1
23262,IPC,326,1,1
23263,BNS,64,1,1
23263,IPC,376,2,2
23264,IPC,380,1,1
23265,IPC,380,1,1
23266,IPC,304,1,1
23267,IPC,323,1,1
23268,IPC,498A,1,1
23269,ARMS,27,1,1
23269,ARMS,25,2,2
23270,IPC,379,1,1
23271,IPC,147,1,1
23272,IPC,489A,1,1
23273,IPC,380,1,1
23274,IPC,323,1,1
23275,IPC,354,1,1
23276,NDPS,20,1,1
23277,IPC,420,1,1
23278,IPC,304,1,1
23279,IPC,304,1,1
23280,IPC,379,1,1
23281,IPC,379,1,1
23282,IPC,498A,1,1
23283,IPC,354,1,1
23284,IPC,380,1,1
23285,IPC,66D-ITACT,1,1
23286,IPC,379A,1,1
23287,IPC,144,1,1
23288,IPC,379A,1,1
23289,IPC,66D-ITACT,1,1
23290,IPC,379A,1,1
23291,IPC,380,1,1
23292,IPC,323,1,1
23293,IPC,363,1,1
23294,IPC,436,1,1
23295,IPC,379,1,1
23296,IPC,392,1,1
23297,IPC,66D-ITACT,1,1
23298,IPC,323,1,1
23299,IPC,406,1,1
23300,IPC,406,1,1
23301,IPC,420,1,1
23302,IPC,420,1,1
23303,IPC,436,1,1
23304,IPC,379,1,1
23305,IPC,380,1,1
23306,IPC,379A,1,1
23307,IPC,379A,1,1
23308,IPC,147,1,1
23309,IPC,379,1,1
23310,IPC,323,1,1
23311,IPC,326,1,1
23312,POCSO,4,1,1
23313,IPC,379,1,1
23314,IPC,323,1,1
23315,IPC,420,1,1
23316,IPC,498A,1,1
23317,IPC,379,1,1
23318,BNS,64,1,1
23319,IPC,307,1,1
23320,IPC,323,1,1
23321,IPC,380,1,1
23322,IPC,379,1,1
23323,IPC,420,1,1
23324,POCSO,4,1,1
23325,IPC,66D-ITACT,1,1
23326,IPC,363,1,1
23327,BNS,103,1,1
23328,IPC,379A,1,1
23329,IPC,66D-ITACT,1,1
23330,IPC,380,1,1
23331,IPC,147,1,1
23332,ARMS,27,1,1
23332,ARMS,25,2,2
23333,IPC,392,1,1
23334,IPC,144,1,1
23335,IPC,363,1,1
23336,IPC,326,1,1
23337,IPC,420,1,1
23338,BNS,109,1,1
23339,IPC,379,1,1
23340,IPC,379,1,1
23341,IPC,420,1,1
23342,IPC,406,1,1
23343,IPC,304B,1,1
23344,IPC,379,1,1
23345,IPC,363,1,1
23346,IPC,323,1,1
23347,IPC,380,1,1
23348,IPC,354,1,1
23349,IPC,498A,1,1
23350,IPC,323,1,1
23351,IPC,379,1,1
23352,IPC,326,1,1
23353,IPC,323,1,1
23354,IPC,379,1,1
23355,IPC,302,1,1
23355,BNS,103,2,2
23356,IPC,379,1,1
23357,IPC,380,1,1
23358,IPC,323,1,1
23359,IPC,323,1,1
23360,IPC,323,1,1
23361,IPC,66D-ITACT,1,1
23362,IPC,406,1,1
23363,IPC,354,1,1
23364,IPC,379A,1,1
23365,IPC,420,1,1
23366,IPC,379A,1,1
23367,IPC,323,1,1
23368,IPC,379A,1,1
23369,IPC,379A,1,1
23370,IPC,66D-ITACT,1,1
23371,IPC,420,1,1
23372,IPC,323,1,1
23373,IPC,406,1,1
23374,IPC,380,1,1
23375,IPC,436,1,1
23376,IPC,380,1,1
23377,IPC,380,1,1
23378,IPC,379A,1,1
23379,IPC,498A,1,1
23380,IPC,380,1,1
23381,IPC,420,1,1
23382,IPC,380,1,1
23383,IPC,326,1,1
23384,IPC,380,1,1
23385,POCSO,4,1,1
23386,IPC,323,1,1
23387,BNS,64,1,1
23388,IPC,498A,1,1
23389,IPC,323,1,1
23390,IPC,406,1,1
23391,IPC,144,1,1
23392,IPC,406,1,1
23393,IPC,498A,1,1
23394,IPC,304B,1,1
23395,IPC,323,1,1
23396,IPC,420,1,1
23397,IPC,323,1,1
23398,IPC,379,1,1
23399,NDPS,20,1,1
23400,IPC,498A,1,1
23401,IPC,379A,1,1
23402,IPC,380,1,1
23403,IPC,498A,1,1
23404,IPC,66D-ITACT,1,1
23405,IPC,380,1,1
23406,IPC,379,1,1
23407,IPC,323,1,1
23408,IPC,379A,1,1
23409,IPC,323,1,1
23410,IPC,323,1,1
23411,IPC,420,1,1
23412,IPC,302,1,1
23413,IPC,147,1,1
23414,ARMS,27,1,1
23414,ARMS,25,2,2
23415,IPC,376,1,1
23415,BNS,64,2,2
23416,IPC,326,1,1
23417,BNS,64,1,1
23418,IPC,379,1,1
23419,BNS,64,1,1
23420,IPC,66D-ITACT,1,1
23421,IPC,380,1,1
23422,IPC,379,1,1
23423,IPC,406,1,1
23424,IPC,323,1,1
23425,IPC,379,1,1
23426,IPC,144,1,1
23427,IPC,323,1,1
23428,IPC,66D-ITACT,1,1
23429,IPC,323,1,1
23430,IPC,379,1,1
23431,IPC,380,1,1
23432,IPC,379A,1,1
23433,IPC,326,1,1
23434,IPC,66D-ITACT,1,1
23435,IPC,66D-ITACT,1,1
23436,IPC,379,1,1
23437,IPC,66D-ITACT,1,1
23438,IPC,380,1,1
23439,IPC,489A,1,1
23440,IPC,380,1,1
23441,IPC,147,1,1
23442,IPC,304,1,1
23443,IPC,498A,1,1
23444,IPC,379,1,1
23445,IPC,304B,1,1
23446,IPC,379,1,1
23447,IPC,392,1,1
23448,IPC,144,1,1
23449,IPC,307,1,1
23450,IPC,354,1,1
23451,IPC,379,1,1
23452,IPC,326,1,1
23453,IPC,406,1,1
23454,IPC,323,1,1
23455,IPC,379A,1,1
23456,IPC,406,1,1
23457,IPC,379,1,1
23458,IPC,354,1,1
23459,IPC,323,1,1
23460,IPC,420,1,1
23461,IPC,66D-ITACT,1,1
23462,IPC,379A,1,1
23463,IPC,323,1,1
23464,IPC,379A,1,1
23465,BNS,64,1,1
23466,IPC,323,1,1
23467,IPC,379A,1,1
23468,IPC,323,1,1
23469,IPC,363,1,1
23470,IPC,304B,1,1
23471,IPC,379A,1,1
23472,IPC,144,1,1
23473,IPC,379,1,1
23474,IPC,66D-ITACT,1,1
23475,IPC,66D-ITACT,1,1
23476,BNS,103,1,1
23477,IPC,498A,1,1
23478,IPC,379A,1,1
23479,NDPS,20,1,1
23480,ARMS,25,1,1
23481,IPC,326,1,1
23482,IPC,420,1,1
23483,IPC,379,1,1
23484,IPC,363,1,1
23485,IPC,66D-ITACT,1,1
23486,IPC,379,1,1
23487,ARMS,25,1,1
23488,POCSO,4,1,1
23489,IPC,376,1,1
23489,BNS,64,2,2
23490,IPC,323,1,1
23491,IPC,323,1,1
23492,IPC,323,1,1
23493,IPC,436,1,1
23494,IPC,379,1,1
23495,IPC,323,1,1
23496,IPC,307,1,1
23496,BNS,109,2,2
23497,IPC,66D-ITACT,1,1
23498,IPC,380,1,1
23499,IPC,379,1,1
23500,IPC,406,1,1
23501,IPC,498A,1,1
23502,IPC,354,1,1
23503,IPC,363,1,1
23504,IPC,392,1,1
23505,IPC,379A,1,1
23506,IPC,66D-ITACT,1,1
23507,IPC,323,1,1
23508,IPC,436,1,1
23509,IPC,323,1,1
23510,IPC,379,1,1
23511,IPC,379,1,1
23512,IPC,326,1,1
23513,IPC,379,1,1
23514,IPC,379,1,1
23515,ARMS,27,1,1
23516,IPC,392,1,1
23517,IPC,392,1,1
23518,IPC,379,1,1
23519,IPC,354,1,1
23520,IPC,379,1,1
23521,IPC,380,1,1
23522,IPC,66D-ITACT,1,1
23523,IPC,323,1,1
23524,IPC,147,1,1
23525,IPC,379,1,1
23526,IPC,379,1,1
23527,IPC,147,1,1
23528,IPC,489A,1,1
23529,IPC,498A,1,1
23530,IPC,379A,1,1
23531,IPC,420,1,1
23532,IPC,147,1,1
23533,IPC,379,1,1
23534,IPC,147,1,1
23535,IPC,395,1,1
23536,IPC,363,1,1
23537,IPC,380,1,1
23538,IPC,323,1,1
23539,IPC,144,1,1
23540,IPC,498A,1,1
23541,IPC,380,1,1
23542,IPC,498A,1,1
23543,IPC,66D-ITACT,1,1
23544,IPC,392,1,1
23545,IPC,420,1,1
23546,IPC,326,1,1
23547,IPC,326,1,1
23548,IPC,66D-ITACT,1,1
23549,POCSO,4,1,1
23550,IPC,380,1,1
23551,IPC,144,1,1
23552,IPC,323,1,1
23553,IPC,323,1,1
23554,IPC,147,1,1
23555,IPC,379,1,1
23556,IPC,323,1,1
23557,NDPS,20,1,1
23558,IPC,379,1,1
23559,IPC,379,1,1
23560,IPC,66D-ITACT,1,1
23561,IPC,326,1,1
23562,IPC,406,1,1
23563,IPC,326,1,1
23564,IPC,379A,1,1
23565,IPC,354,1,1
23566,IPC,147,1,1
23567,ARMS,25,1,1
23568,IPC,392,1,1
23569,ARMS,27,1,1
23569,ARMS,25,2,2
23570,IPC,379A,1,1
23571,IPC,379,1,1
23572,IPC,144,1,1
23573,IPC,323,1,1
23574,IPC,323,1,1
23575,IPC,395,1,1
23576,IPC,363,1,1
23577,IPC,380,1,1
23578,IPC,379A,1,1
23579,IPC,379,1,1
23580,IPC,302,1,1
23581,IPC,436,1,1
23582,IPC,326,1,1
23583,IPC,379,1,1
23584,IPC,379,1,1
23585,IPC,379,1,1
23586,IPC,354,1,1
23587,IPC,323,1,1
23588,IPC,326,1,1
23589,ARMS,25,1,1
23590,IPC,323,1,1
23591,IPC,392,1,1
23592,IPC,379,1,1
23593,IPC,147,1,1
23594,IPC,363,1,1
23595,IPC,392,1,1
23596,IPC,420,1,1
23597,IPC,323,1,1
23598,IPC,380,1,1
23599,IPC,66D-ITACT,1,1
23600,IPC,406,1,1
23601,IPC,66D-ITACT,1,1
23602,IPC,379A,1,1
23603,IPC,323,1,1
23604,IPC,323,1,1
23605,IPC,379,1,1
23606,IPC,326,1,1
23607,IPC,380,1,1
23608,IPC,379A,1,1
23609,IPC,326,1,1
23610,IPC,420,1,1
23611,BNS,109,1,1
23612,NDPS,20,1,1
23613,IPC,420,1,1
23614,IPC,420,1,1
23615,IPC,66D-ITACT,1,1
23616,IPC,392,1,1
23617,IPC,354,1,1
23618,ARMS,27,1,1
23619,IPC,392,1,1
23620,IPC,66D-ITACT,1,1
23621,IPC,304,1,1
23622,IPC,323,1,1
23623,IPC,376,1,1
23623,BNS,64,2,2
23624,IPC,326,1,1
23625,IPC,392,1,1
23626,POCSO,4,1,1
23627,IPC,380,1,1
23628,IPC,498A,1,1
23629,IPC,144,1,1
23630,IPC,379,1,1
23631,IPC,354,1,1
23632,IPC,323,1,1
23633,POCSO,4,1,1
23634,POCSO,4,1,1
23635,IPC,354,1,1
23636,IPC,354,1,1
23637,BNS,109,1,1
23638,IPC,379A,1,1
23639,IPC,380,1,1
23640,NDPS,20,1,1
23641,IPC,379A,1,1
23642,IPC,323,1,1
23643,POCSO,4,1,1
23644,IPC,66D-ITACT,1,1
23645,IPC,326,1,1
23646,IPC,379,1,1
23647,IPC,392,1,1
23648,IPC,66D-ITACT,1,1
23649,IPC,147,1,1
23650,NDPS,20,1,1
23651,IPC,379,1,1
23652,BNS,103,1,1
23652,IPC,302,2,2
23653,IPC,144,1,1
23654,IPC,379,1,1
23655,IPC,420,1,1
23656,IPC,323,1,1
23657,BNS,103,1,1
23658,IPC,307,1,1
23659,IPC,66D-ITACT,1,1
23660,IPC,304,1,1
23661,IPC,354,1,1
23662,IPC,379,1,1
23663,BNS,109,1,1
23663,IPC,307,2,2
23664,IPC,66D-ITACT,1,1
23665,IPC,144,1,1
23666,IPC,379,1,1
23667,IPC,498A,1,1
23668,IPC,420,1,1
23669,IPC,354,1,1
23670,IPC,395,1,1
23671,BNS,64,1,1
23672,IPC,363,1,1
23673,IPC,66D-ITACT,1,1
23674,IPC,379,1,1
23675,IPC,420,1,1
23676,IPC,326,1,1
23677,IPC,379,1,1
23678,IPC,420,1,1
23679,IPC,380,1,1
23680,IPC,326,1,1
23681,IPC,436,1,1
23682,IPC,379A,1,1
23683,IPC,380,1,1
23684,IPC,406,1,1
23685,IPC,379,1,1
23686,IPC,323,1,1
23687,IPC,395,1,1
23688,IPC,392,1,1
23689,IPC,66D-ITACT,1,1
23690,BNS,109,1,1
23690,IPC,307,2,2
23691,IPC,380,1,1
23692,IPC,326,1,1
23693,IPC,379,1,1
23694,IPC,363,1,1
23695,IPC,323,1,1
23696,IPC,380,1,1
23697,IPC,379,1,1
23698,IPC,66D-ITACT,1,1
23699,IPC,66D-ITACT,1,1
23700,IPC,392,1,1
23701,IPC,379,1,1
23702,NDPS,20,1,1
23703,IPC,147,1,1
23704,IPC,326,1,1
23705,IPC,323,1,1
23706,IPC,363,1,1
23707,IPC,323,1,1
23708,BNS,64,1,1
23709,NDPS,20,1,1
23710,IPC,302,1,1
23711,IPC,498A,1,1
23712,ARMS,25,1,1
23712,ARMS,27,2,2
23713,IPC,379,1,1
23714,IPC,354,1,1
23715,IPC,498A,1,1
23716,IPC,326,1,1
23717,IPC,326,1,1
23718,IPC,379,1,1
23719,IPC,498A,1,1
23720,IPC,392,1,1
23721,IPC,379,1,1
23722,IPC,379,1,1
23723,IPC,498A,1,1
23724,IPC,326,1,1
23725,IPC,380,1,1
23726,IPC,363,1,1
23727,IPC,379A,1,1
23728,IPC,380,1,1
23729,IPC,326,1,1
23730,IPC,144,1,1
23731,IPC,66D-ITACT,1,1
23732,ARMS,25,1,1
23732,ARMS,27,2,2
23733,IPC,436,1,1
23734,IPC,66D-ITACT,1,1
23735,ARMS,25,1,1
23736,IPC,66D-ITACT,1,1
23737,IPC,326,1,1
23738,IPC,489A,1,1
23739,IPC,323,1,1
23740,IPC,379,1,1
23741,IPC,379,1,1
23742,IPC,392,1,1
23743,IPC,354,1,1
23744,IPC,323,1,1
23745,IPC,304B,1,1
23746,IPC,323,1,1
23747,IPC,363,1,1
23748,IPC,436,1,1
23749,IPC,489A,1,1
23750,IPC,66D-ITACT,1,1
23751,IPC,354,1,1
23752,IPC,354,1,1
23753,IPC,363,1,1
23754,IPC,379A,1,1
23755,IPC,304B,1,1
23756,IPC,406,1,1
23757,IPC,380,1,1
23758,IPC,379,1,1
23759,IPC,323,1,1
23760,IPC,379,1,1
23761,IPC,354,1,1
23762,BNS,109,1,1
23762,IPC,307,2,2
23763,IPC,498A,1,1
23764,IPC,380,1,1
23765,IPC,498A,1,1
23766,IPC,363,1,1
23767,IPC,436,1,1
23768,IPC,66D-ITACT,1,1
23769,IPC,379A,1,1
23770,BNS,103,1,1
23771,IPC,420,1,1
23772,IPC,498A,1,1
23773,IPC,379,1,1
23774,IPC,380,1,1
23775,IPC,392,1,1
23776,IPC,392,1,1
23777,IPC,302,1,1
23778,IPC,376,1,1
23779,IPC,395,1,1
23780,IPC,489A,1,1
23781,IPC,147,1,1
23782,IPC,379,1,1
23783,IPC,379,1,1
23784,IPC,304B,1,1
23785,IPC,323,1,1
23786,IPC,323,1,1
23787,IPC,380,1,1
23788,IPC,323,1,1
23789,NDPS,20,1,1
23790,IPC,420,1,1
23791,IPC,392,1,1
23792,IPC,379,1,1
23793,IPC,379A,1,1
23794,IPC,147,1,1
23795,IPC,323,1,1
23796,IPC,380,1,1
23797,IPC,380,1,1
23798,IPC,420,1,1
23799,IPC,304,1,1
23800,IPC,436,1,1
23801,IPC,379A,1,1
23802,IPC,144,1,1
23803,IPC,420,1,1
23804,IPC,147,1,1
23805,IPC,498A,1,1
23806,IPC,379,1,1
23807,IPC,392,1,1
23808,IPC,379A,1,1
23809,IPC,420,1,1
23810,IPC,379,1,1
23811,IPC,326,1,1
23812,NDPS,20,1,1
23813,IPC,380,1,1
23814,IPC,380,1,1
23815,IPC,66D-ITACT,1,1
23816,IPC,406,1,1
23817,IPC,380,1,1
23818,IPC,147,1,1
23819,IPC,406,1,1
23820,IPC,420,1,1
23821,IPC,420,1,1
23822,IPC,379,1,1
23823,IPC,498A,1,1
23824,IPC,436,1,1
23825,IPC,379,1,1
23826,IPC,379,1,1
23827,IPC,406,1,1
23828,IPC,326,1,1
23829,IPC,498A,1,1
23830,IPC,392,1,1
23831,IPC,379,1,1
23832,IPC,323,1,1
23833,IPC,380,1,1
23834,IPC,379,1,1
23835,IPC,379,1,1
23836,IPC,498A,1,1
23837,IPC,307,1,1
23838,IPC,66D-ITACT,1,1
23839,IPC,379,1,1
23840,NDPS,20,1,1
23841,IPC,392,1,1
23842,IPC,380,1,1
23843,IPC,379,1,1
23844,IPC,323,1,1
23845,IPC,326,1,1
23846,IPC,323,1,1
23847,IPC,326,1,1
23848,IPC,323,1,1
23849,IPC,380,1,1
23850,NDPS,20,1,1
23851,IPC,379,1,1
23852,IPC,326,1,1
23853,IPC,379,1,1
23854,IPC,323,1,1
23855,IPC,379A,1,1
23856,IPC,380,1,1
23857,IPC,354,1,1
23858,IPC,379A,1,1
23859,IPC,379A,1,1
23860,IPC,436,1,1
23861,IPC,380,1,1
23862,IPC,147,1,1
23863,IPC,144,1,1
23864,IPC,323,1,1
23865,IPC,406,1,1
23866,IPC,379,1,1
23867,IPC,380,1,1
23868,IPC,323,1,1
23869,IPC,323,1,1
23870,IPC,323,1,1
23871,IPC,304B,1,1
23872,IPC,302,1,1
23873,IPC,379A,1,1
23874,IPC,144,1,1
23875,IPC,420,1,1
23876,NDPS,20,1,1
23877,IPC,354,1,1
23878,IPC,354,1,1
23879,IPC,323,1,1
23880,IPC,498A,1,1
23881,IPC,392,1,1
23882,IPC,147,1,1
23883,IPC,379,1,1
23884,IPC,380,1,1
23885,POCSO,4,1,1
23886,IPC,406,1,1
23887,IPC,66D-ITACT,1,1
23888,IPC,498A,1,1
23889,IPC,144,1,1
23890,IPC,363,1,1
23891,IPC,498A,1,1
23892,IPC,304,1,1
23893,IPC,436,1,1
23894,IPC,144,1,1
23895,IPC,379,1,1
23896,IPC,420,1,1
23897,IPC,498A,1,1
23898,ARMS,27,1,1
23899,IPC,307,1,1
23900,IPC,376,1,1
23901,IPC,380,1,1
23902,IPC,354,1,1
23903,IPC,304,1,1
23904,IPC,326,1,1
23905,NDPS,20,1,1
23906,IPC,323,1,1
23907,IPC,420,1,1
23908,IPC,420,1,1
23909,BNS,109,1,1
23909,IPC,307,2,2
23910,IPC,66D-ITACT,1,1
23911,IPC,379,1,1
23912,IPC,379,1,1
23913,IPC,326,1,1
23914,IPC,379,1,1
23915,IPC,379,1,1
23916,IPC,66D-ITACT,1,1
23917,IPC,66D-ITACT,1,1
23918,IPC,326,1,1
23919,IPC,420,1,1
23920,BNS,103,1,1
23921,IPC,147,1,1
23922,IPC,323,1,1
23923,IPC,380,1,1
23924,IPC,379A,1,1
23925,IPC,379,1,1
23926,IPC,392,1,1
23927,IPC,379,1,1
23928,IPC,406,1,1
23929,IPC,406,1,1
23930,IPC,379,1,1
23931,IPC,354,1,1
23932,IPC,66D-ITACT,1,1
23933,IPC,420,1,1
23934,IPC,354,1,1
23935,IPC,379A,1,1
23936,IPC,147,1,1
23937,IPC,395,1,1
23938,IPC,380,1,1
23939,IPC,323,1,1
23940,IPC,420,1,1
23941,IPC,379A,1,1
23942,IPC,392,1,1
23943,IPC,302,1,1
23944,IPC,376,1,1
23944,BNS,64,2,2
23945,IPC,323,1,1
23946,IPC,420,1,1
23947,IPC,66D-ITACT,1,1
23948,IPC,66D-ITACT,1,1
23949,IPC,379,1,1
23950,IPC,66D-ITACT,1,1
23951,IPC,379,1,1
23952,IPC,392,1,1
23953,IPC,406,1,1
23954,IPC,307,1,1
23955,NDPS,20,1,1
23956,IPC,354,1,1
23957,IPC,326,1,1
23958,IPC,379,1,1
23959,IPC,326,1,1
23960,IPC,66D-ITACT,1,1
23961,IPC,323,1,1
23962,IPC,379,1,1
23963,IPC,379,1,1
23964,IPC,147,1,1
23965,IPC,144,1,1
23966,IPC,323,1,1
23967,IPC,379A,1,1
23968,IPC,66D-ITACT,1,1
23969,IPC,392,1,1
23970,IPC,323,1,1
23971,IPC,147,1,1
23972,IPC,379,1,1
23973,IPC,379A,1,1
23974,IPC,66D-ITACT,1,1
23975,IPC,379,1,1
23976,IPC,395,1,1
23977,IPC,307,1,1
23978,NDPS,20,1,1
23979,IPC,379A,1,1
23980,IPC,380,1,1
23981,IPC,304B,1,1
23982,IPC,379A,1,1
23983,IPC,379,1,1
23984,IPC,406,1,1
23985,IPC,379,1,1
23986,IPC,363,1,1
23987,IPC,323,1,1
23988,IPC,304,1,1
23989,IPC,379A,1,1
23990,IPC,354,1,1
23991,IPC,380,1,1
23992,IPC,420,1,1
23993,IPC,420,1,1
23994,IPC,66D-ITACT,1,1
23995,IPC,379,1,1
23996,IPC,323,1,1
23997,IPC,323,1,1
23998,IPC,379,1,1
23999,IPC,144,1,1
24000,IPC,498A,1,1
24001,IPC,392,1,1
24002,IPC,379,1,1
24003,IPC,379,1,1
24004,IPC,326,1,1
24005,IPC,379A,1,1
24006,IPC,420,1,1
24007,IPC,323,1,1
24008,IPC,326,1,1
24009,IPC,354,1,1
24010,IPC,144,1,1
24011,IPC,323,1,1
24012,IPC,323,1,1
24013,IPC,323,1,1
24014,IPC,363,1,1
24015,IPC,498A,1,1
24016,IPC,498A,1,1
24017,IPC,323,1,1
24018,IPC,420,1,1
24019,IPC,354,1,1
24020,IPC,376,1,1
24021,IPC,436,1,1
24022,IPC,354,1,1
24023,IPC,406,1,1
24024,IPC,420,1,1
24025,IPC,380,1,1
24026,IPC,323,1,1
24027,IPC,379,1,1
24028,IPC,406,1,1
24029,IPC,304B,1,1
24030,IPC,380,1,1
24031,BNS,64,1,1
24032,IPC,406,1,1
24033,IPC,379,1,1
24034,IPC,379,1,1
24035,IPC,420,1,1
24036,IPC,420,1,1
24037,IPC,354,1,1
24038,NDPS,20,1,1
24039,IPC,326,1,1
24040,IPC,379,1,1
24041,IPC,323,1,1
24042,IPC,498A,1,1
24043,IPC,380,1,1
24044,IPC,323,1,1
24045,IPC,379,1,1
24046,IPC,144,1,1
24047,IPC,379,1,1
24048,IPC,323,1,1
24049,IPC,392,1,1
24050,IPC,380,1,1
24051,IPC,66D-ITACT,1,1
24052,IPC,392,1,1
24053,IPC,379,1,1
24054,IPC,420,1,1
24055,IPC,323,1,1
24056,IPC,147,1,1
24057,IPC,323,1,1
24058,IPC,406,1,1
24059,IPC,420,1,1
24060,NDPS,20,1,1
24061,IPC,379A,1,1
24062,IPC,380,1,1
24063,IPC,406,1,1
24064,IPC,147,1,1
24065,IPC,363,1,1
24066,NDPS,20,1,1
24067,IPC,323,1,1
24068,IPC,66D-ITACT,1,1
24069,IPC,392,1,1
24070,IPC,323,1,1
24071,POCSO,4,1,1
24072,IPC,323,1,1
24073,NDPS,20,1,1
24074,IPC,379,1,1
24075,IPC,379A,1,1
24076,IPC,363,1,1
24077,IPC,379,1,1
24078,IPC,66D-ITACT,1,1
24079,IPC,323,1,1
24080,IPC,66D-ITACT,1,1
24081,IPC,307,1,1
24082,IPC,420,1,1
24083,ARMS,25,1,1
24084,IPC,436,1,1
24085,IPC,498A,1,1
24086,IPC,323,1,1
24087,IPC,379,1,1
24088,ARMS,25,1,1
24089,BNS,64,1,1
24090,IPC,380,1,1
24091,IPC,379,1,1
24092,IPC,66D-ITACT,1,1
24093,IPC,379,1,1
24094,IPC,66D-ITACT,1,1
24095,IPC,498A,1,1
24096,IPC,379,1,1
24097,IPC,323,1,1
24098,IPC,147,1,1
24099,IPC,379,1,1
24100,IPC,323,1,1
24101,ARMS,27,1,1
24101,ARMS,25,2,2
24102,IPC,379,1,1
24103,IPC,326,1,1
24104,IPC,498A,1,1
24105,IPC,436,1,1
24106,IPC,326,1,1
24107,IPC,323,1,1
24108,IPC,395,1,1
24109,IPC,420,1,1
24110,IPC,379,1,1
24111,IPC,379,1,1
24112,IPC,323,1,1
24113,IPC,326,1,1
24114,IPC,380,1,1
24115,IPC,406,1,1
24116,NDPS,20,1,1
24117,IPC,392,1,1
24118,ARMS,25,1,1
24119,IPC,147,1,1
24120,IPC,379,1,1
24121,IPC,326,1,1
24122,IPC,379,1,1
24123,IPC,380,1,1
24124,IPC,420,1,1
24125,IPC,323,1,1
24126,IPC,379,1,1
24127,BNS,109,1,1
24128,IPC,380,1,1
24129,IPC,323,1,1
24130,IPC,379A,1,1
24131,IPC,379,1,1
24132,IPC,66D-ITACT,1,1
24133,IPC,379A,1,1
24134,IPC,380,1,1
24135,IPC,380,1,1
24136,IPC,380,1,1
24137,IPC,376,1,1
24138,IPC,144,1,1
24139,IPC,379A,1,1
24140,IPC,66D-ITACT,1,1
24141,IPC,326,1,1
24142,IPC,380,1,1
24143,IPC,379,1,1
24144,POCSO,4,1,1
24145,IPC,420,1,1
24146,IPC,66D-ITACT,1,1
24147,IPC,379,1,1
24148,IPC,379,1,1
24149,IPC,379,1,1
24150,IPC,363,1,1
24151,IPC,379,1,1
24152,IPC,323,1,1
24153,IPC,326,1,1
24154,IPC,323,1,1
24155,IPC,380,1,1
24156,IPC,379,1,1
24157,IPC,498A,1,1
24158,IPC,363,1,1
24159,IPC,379A,1,1
24160,IPC,420,1,1
24161,IPC,363,1,1
24162,IPC,323,1,1
24163,IPC,380,1,1
24164,IPC,326,1,1
24165,IPC,379A,1,1
24166,IPC,147,1,1
24167,IPC,144,1,1
24168,IPC,379A,1,1
24169,IPC,379,1,1
24170,IPC,379A,1,1
24171,IPC,376,1,1
24172,IPC,66D-ITACT,1,1
24173,IPC,392,1,1
24174,IPC,147,1,1
24175,IPC,379,1,1
24176,IPC,380,1,1
24177,IPC,379,1,1
24178,IPC,498A,1,1
24179,IPC,420,1,1
24180,IPC,323,1,1
24181,IPC,498A,1,1
24182,IPC,354,1,1
24183,IPC,379A,1,1
24184,IPC,406,1,1
24185,IPC,326,1,1
24186,IPC,323,1,1
24187,IPC,147,1,1
24188,IPC,379,1,1
24189,BNS,109,1,1
24190,IPC,144,1,1
24191,NDPS,20,1,1
24192,IPC,436,1,1
24193,IPC,376,1,1
24193,BNS,64,2,2
24194,IPC,392,1,1
24195,IPC,376,1,1
24196,IPC,379,1,1
24197,IPC,323,1,1
24198,IPC,354,1,1
24199,IPC,323,1,1
24200,IPC,326,1,1
24201,IPC,326,1,1
24202,IPC,420,1,1
24203,IPC,379,1,1
24204,IPC,66D-ITACT,1,1
24205,IPC,498A,1,1
24206,NDPS,20,1,1
24207,IPC,323,1,1
24208,IPC,323,1,1
24209,IPC,376,1,1
24210,IPC,66D-ITACT,1,1
24211,IPC,379A,1,1
24212,IPC,323,1,1
24213,IPC,406,1,1
24214,IPC,323,1,1
24215,IPC,406,1,1
24216,IPC,307,1,1
24217,IPC,379,1,1
24218,IPC,323,1,1
24219,IPC,66D-ITACT,1,1
24220,IPC,392,1,1
24221,IPC,379A,1,1
24222,IPC,323,1,1
24223,NDPS,20,1,1
24224,IPC,147,1,1
24225,IPC,379,1,1
24226,IPC,66D-ITACT,1,1
24227,IPC,354,1,1
24228,IPC,379A,1,1
24229,IPC,498A,1,1
24230,IPC,380,1,1
24231,IPC,363,1,1
24232,IPC,420,1,1
24233,IPC,326,1,1
24234,IPC,392,1,1
24235,IPC,323,1,1
24236,IPC,66D-ITACT,1,1
24237,IPC,379,1,1
24238,BNS,109,1,1
24239,IPC,354,1,1
24240,IPC,395,1,1
24241,IPC,66D-ITACT,1,1
24242,IPC,363,1,1
24243,IPC,379,1,1
24244,IPC,380,1,1
24245,IPC,66D-ITACT,1,1
24246,IPC,392,1,1
24247,NDPS,20,1,1
24248,IPC,380,1,1
24249,IPC,379A,1,1
24250,IPC,379,1,1
24251,IPC,304B,1,1
24252,IPC,363,1,1
24253,ARMS,25,1,1
24253,ARMS,27,2,2
24254,IPC,302,1,1
24255,IPC,380,1,1
24256,IPC,379,1,1
24257,IPC,420,1,1
24258,IPC,420,1,1
24259,IPC,363,1,1
24260,IPC,379A,1,1
24261,IPC,323,1,1
24262,IPC,379A,1,1
24263,IPC,420,1,1
24264,IPC,323,1,1
24265,IPC,380,1,1
24266,IPC,498A,1,1
24267,IPC,323,1,1
24268,IPC,379,1,1
24269,POCSO,4,1,1
24270,IPC,147,1,1
24271,IPC,489A,1,1
24272,IPC,498A,1,1
24273,BNS,64,1,1
24274,IPC,380,1,1
24275,IPC,380,1,1
24276,IPC,66D-ITACT,1,1
24277,IPC,380,1,1
24278,IPC,379A,1,1
24279,IPC,66D-ITACT,1,1
24280,IPC,379A,1,1
24281,IPC,354,1,1
24282,IPC,147,1,1
24283,IPC,379A,1,1
24284,IPC,420,1,1
24285,IPC,379,1,1
24286,IPC,144,1,1
24287,IPC,380,1,1
24288,IPC,66D-ITACT,1,1
24289,POCSO,4,1,1
24290,IPC,66D-ITACT,1,1
24291,IPC,304,1,1
24292,IPC,379,1,1
24293,IPC,406,1,1
24294,IPC,66D-ITACT,1,1
24295,IPC,379,1,1
24296,IPC,379,1,1
24297,IPC,147,1,1
24298,IPC,66D-ITACT,1,1
24299,BNS,103,1,1
24300,IPC,392,1,1
24301,IPC,323,1,1
24302,IPC,379,1,1
24303,IPC,489A,1,1
24304,IPC,66D-ITACT,1,1
24305,IPC,436,1,1
24306,IPC,323,1,1
24307,IPC,379,1,1
24308,IPC,323,1,1
24309,IPC,392,1,1
24310,IPC,304B,1,1
24311,IPC,379A,1,1
24312,IPC,380,1,1
24313,IPC,420,1,1
24314,IPC,323,1,1
24315,IPC,326,1,1
24316,IPC,395,1,1
24317,BNS,109,1,1
24318,IPC,436,1,1
24319,IPC,379,1,1
24320,IPC,304B,1,1
24321,IPC,144,1,1
24322,IPC,363,1,1
24323,IPC,363,1,1
24324,IPC,379,1,1
24325,IPC,66D-ITACT,1,1
24326,IPC,380,1,1
24327,IPC,354,1,1
24328,IPC,395,1,1
24329,IPC,354,1,1
24330,IPC,326,1,1
24331,IPC,379,1,1
24332,IPC,379A,1,1
24333,IPC,392,1,1
24334,IPC,379,1,1
24335,BNS,109,1,1
24336,IPC,66D-ITACT,1,1
24337,IPC,379,1,1
24338,IPC,66D-ITACT,1,1
24339,IPC,66D-ITACT,1,1
24340,IPC,354,1,1
24341,IPC,380,1,1
24342,ARMS,27,1,1
24343,IPC,323,1,1
24344,IPC,323,1,1
24345,IPC,379,1,1
24346,IPC,379A,1,1
24347,IPC,379,1,1
24348,IPC,66D-ITACT,1,1
24349,IPC,498A,1,1
24350,NDPS,20,1,1
24351,IPC,323,1,1
24352,IPC,379,1,1
24353,IPC,302,1,1
24354,IPC,304B,1,1
24355,ARMS,27,1,1
24355,ARMS,25,2,2
24356,IPC,363,1,1
24357,IPC,379,1,1
24358,IPC,420,1,1
24359,IPC,380,1,1
24360,IPC,144,1,1
24361,ARMS,27,1,1
24361,ARMS,25,2,2
24362,IPC,304,1,1
24363,IPC,395,1,1
24364,IPC,392,1,1
24365,IPC,379A,1,1
24366,IPC,379,1,1
24367,NDPS,20,1,1
24368,IPC,326,1,1
24369,IPC,379,1,1
24370,IPC,498A,1,1
24371,IPC,420,1,1
24372,IPC,326,1,1
24373,IPC,379,1,1
24374,IPC,323,1,1
24375,ARMS,25,1,1
24376,IPC,379,1,1
24377,IPC,392,1,1
24378,BNS,103,1,1
24379,IPC,304B,1,1
24380,IPC,379,1,1
24381,IPC,379,1,1
24382,IPC,379A,1,1
24383,IPC,304B,1,1
24384,IPC,406,1,1
24385,IPC,379,1,1
24386,IPC,379,1,1
24387,IPC,304B,1,1
24388,IPC,376,1,1
24388,BNS,64,2,2
24389,IPC,379A,1,1
24390,IPC,436,1,1
24391,IPC,66D-ITACT,1,1
24392,IPC,392,1,1
24393,IPC,66D-ITACT,1,1
24394,IPC,420,1,1
24395,IPC,323,1,1
24396,IPC,380,1,1
24397,IPC,420,1,1
24398,IPC,323,1,1
24399,IPC,66D-ITACT,1,1
24400,NDPS,20,1,1
24401,IPC,323,1,1
24402,IPC,304B,1,1
24403,ARMS,27,1,1
24404,IPC,323,1,1
24405,IPC,304B,1,1
24406,IPC,498A,1,1
24407,IPC,66D-ITACT,1,1
24408,IPC,144,1,1
24409,IPC,392,1,1
24410,IPC,323,1,1
24411,IPC,420,1,1
24412,NDPS,20,1,1
24413,IPC,323,1,1
24414,IPC,363,1,1
24415,POCSO,4,1,1
24416,IPC,326,1,1
24417,NDPS,20,1,1
24418,IPC,379,1,1
24419,IPC,379,1,1
24420,IPC,420,1,1
24421,IPC,323,1,1
24422,IPC,326,1,1
24423,IPC,304,1,1
24424,IPC,379,1,1
24425,NDPS,20,1,1
24426,IPC,379,1,1
24427,IPC,379,1,1
24428,IPC,363,1,1
24429,IPC,380,1,1
24430,NDPS,20,1,1
24431,IPC,379,1,1
24432,IPC,420,1,1
24433,IPC,323,1,1
24434,IPC,489A,1,1
24435,IPC,326,1,1
24436,IPC,420,1,1
24437,IPC,307,1,1
24437,BNS,109,2,2
24438,IPC,147,1,1
24439,IPC,304B,1,1
24440,IPC,420,1,1
24441,IPC,326,1,1
24442,POCSO,4,1,1
24443,IPC,395,1,1
24444,IPC,379,1,1
24445,BNS,109,1,1
24446,POCSO,4,1,1
24447,IPC,379,1,1
24448,IPC,323,1,1
24449,IPC,326,1,1
24450,IPC,66D-ITACT,1,1
24451,IPC,379,1,1
24452,IPC,323,1,1
24453,IPC,436,1,1
24454,IPC,323,1,1
24455,IPC,323,1,1
24456,IPC,323,1,1
24457,IPC,436,1,1
24458,IPC,379,1,1
24459,IPC,379A,1,1
24460,IPC,147,1,1
24461,IPC,66D-ITACT,1,1
24462,IPC,379,1,1
24463,IPC,363,1,1
24464,IPC,379A,1,1
24465,IPC,323,1,1
24466,IPC,66D-ITACT,1,1
24467,IPC,379A,1,1
24468,IPC,323,1,1
24469,IPC,436,1,1
24470,IPC,392,1,1
24471,IPC,304,1,1
24472,IPC,379,1,1
24473,IPC,379,1,1
24474,IPC,489A,1,1
24475,IPC,323,1,1
24476,IPC,420,1,1
24477,IPC,66D-ITACT,1,1
24478,IPC,302,1,1
24479,IPC,354,1,1
24480,IPC,323,1,1
24481,IPC,420,1,1
24482,IPC,379,1,1
24483,IPC,380,1,1
24484,IPC,379A,1,1
24485,IPC,304B,1,1
24486,IPC,307,1,1
24486,BNS,109,2,2
24487,IPC,406,1,1
24488,NDPS,20,1,1
24489,IPC,326,1,1
24490,IPC,379,1,1
24491,IPC,498A,1,1
24492,IPC,420,1,1
24493,IPC,379,1,1
24494,IPC,363,1,1
24495,IPC,363,1,1
24496,IPC,379,1,1
24497,IPC,420,1,1
24498,BNS,64,1,1
24499,NDPS,20,1,1
24500,NDPS,20,1,1
24501,NDPS,20,1,1
24502,IPC,66D-ITACT,1,1
24503,IPC,420,1,1
24504,IPC,66D-ITACT,1,1
24505,IPC,323,1,1
24506,IPC,144,1,1
24507,IPC,420,1,1
24508,IPC,406,1,1
24509,IPC,323,1,1
24510,IPC,392,1,1
24511,IPC,66D-ITACT,1,1
24512,IPC,379,1,1
24513,IPC,392,1,1
24514,NDPS,20,1,1
24515,IPC,147,1,1
24516,IPC,380,1,1
24517,IPC,380,1,1
24518,NDPS,20,1,1
24519,IPC,323,1,1
24520,IPC,354,1,1
24521,IPC,379,1,1
24522,IPC,354,1,1
24523,IPC,66D-ITACT,1,1
24524,IPC,379,1,1
24525,IPC,379A,1,1
24526,IPC,420,1,1
24527,IPC,144,1,1
24528,IPC,326,1,1
24529,IPC,379,1,1
24530,IPC,379,1,1
24531,IPC,379,1,1
24532,IPC,392,1,1
24533,IPC,498A,1,1
24534,IPC,323,1,1
24535,IPC,323,1,1
24536,IPC,379,1,1
24537,ARMS,27,1,1
24538,IPC,326,1,1
24539,BNS,64,1,1
24540,IPC,379,1,1
24541,IPC,380,1,1
24542,IPC,379,1,1
24543,IPC,420,1,1
24544,IPC,147,1,1
24545,IPC,379,1,1
24546,IPC,379,1,1
24547,IPC,326,1,1
24548,IPC,380,1,1
24549,IPC,380,1,1
24550,IPC,436,1,1
24551,IPC,379A,1,1
24552,IPC,147,1,1
24553,IPC,379,1,1
24554,IPC,376,1,1
24554,BNS,64,2,2
24555,IPC,406,1,1
24556,BNS,64,1,1
24557,IPC,323,1,1
24558,IPC,379,1,1
24559,IPC,392,1,1
24560,IPC,323,1,1
24561,IPC,354,1,1
24562,IPC,326,1,1
24563,IPC,420,1,1
24564,IPC,379,1,1
24565,IPC,147,1,1
24566,IPC,406,1,1
24567,IPC,66D-ITACT,1,1
24568,IPC,498A,1,1
24569,IPC,379,1,1
24570,IPC,498A,1,1
24571,IPC,420,1,1
24572,BNS,103,1,1
24573,IPC,380,1,1
24574,IPC,144,1,1
24575,IPC,66D-ITACT,1,1
24576,IPC,323,1,1
24577,IPC,144,1,1
24578,IPC,379A,1,1
24579,IPC,380,1,1
24580,IPC,406,1,1
24581,IPC,379A,1,1
24582,IPC,380,1,1
24583,IPC,392,1,1
24584,IPC,66D-ITACT,1,1
24585,IPC,379,1,1
24586,IPC,66D-ITACT,1,1
24587,IPC,66D-ITACT,1,1
24588,IPC,392,1,1
24589,IPC,380,1,1
24590,IPC,326,1,1
24591,IPC,392,1,1
24592,IPC,380,1,1
24593,IPC,323,1,1
24594,IPC,66D-ITACT,1,1
24595,IPC,420,1,1
24596,IPC,363,1,1
24597,IPC,323,1,1
24598,IPC,66D-ITACT,1,1
24599,IPC,66D-ITACT,1,1
24600,IPC,379,1,1
24601,IPC,326,1,1
24602,NDPS,20,1,1
24603,IPC,420,1,1
24604,IPC,326,1,1
24605,POCSO,4,1,1
24606,IPC,395,1,1
24607,IPC,326,1,1
24608,IPC,406,1,1
24609,BNS,64,1,1
24610,IPC,436,1,1
24611,IPC,420,1,1
24612,IPC,144,1,1
24613,IPC,323,1,1
24614,IPC,326,1,1
24615,IPC,354,1,1
24616,IPC,379,1,1
24617,IPC,304B,1,1
24618,IPC,498A,1,1
24619,NDPS,20,1,1
24620,IPC,323,1,1
24621,IPC,144,1,1
24622,IPC,66D-ITACT,1,1
24623,IPC,380,1,1
24624,POCSO,4,1,1
24625,IPC,380,1,1
24626,IPC,379,1,1
24627,IPC,380,1,1
24628,IPC,380,1,1
24629,IPC,323,1,1
24630,IPC,302,1,1
24631,IPC,420,1,1
24632,IPC,498A,1,1
24633,IPC,379A,1,1
24634,IPC,376,1,1
24634,BNS,64,2,2
24635,IPC,392,1,1
24636,IPC,363,1,1
24637,POCSO,4,1,1
24638,IPC,147,1,1
24639,IPC,304,1,1
24640,IPC,379,1,1
24641,IPC,498A,1,1
24642,IPC,406,1,1
24643,IPC,379,1,1
24644,IPC,147,1,1
24645,IPC,323,1,1
24646,IPC,420,1,1
24647,IPC,66D-ITACT,1,1
24648,IPC,379A,1,1
24649,IPC,363,1,1
24650,IPC,380,1,1
24651,IPC,379,1,1
24652,IPC,323,1,1
24653,IPC,379,1,1
24654,IPC,363,1,1
24655,IPC,420,1,1
24656,ARMS,25,1,1
24656,ARMS,27,2,2
24657,POCSO,4,1,1
24658,IPC,420,1,1
24659,IPC,392,1,1
24660,IPC,323,1,1
24661,NDPS,20,1,1
24662,IPC,66D-ITACT,1,1
24663,IPC,406,1,1
24664,IPC,395,1,1
24665,IPC,144,1,1
24666,IPC,420,1,1
24667,IPC,147,1,1
24668,IPC,66D-ITACT,1,1
24669,IPC,354,1,1
24670,IPC,392,1,1
24671,IPC,66D-ITACT,1,1
24672,IPC,144,1,1
24673,IPC,323,1,1
24674,IPC,379A,1,1
24675,BNS,103,1,1
24676,IPC,323,1,1
24677,IPC,406,1,1
24678,NDPS,20,1,1
24679,IPC,379A,1,1
24680,IPC,379,1,1
24681,IPC,420,1,1
24682,IPC,323,1,1
24683,IPC,420,1,1
24684,IPC,379A,1,1
24685,IPC,392,1,1
24686,IPC,144,1,1
24687,BNS,64,1,1
24688,IPC,354,1,1
24689,IPC,66D-ITACT,1,1
24690,IPC,420,1,1
24691,IPC,376,1,1
24692,IPC,420,1,1
24693,IPC,379A,1,1
24694,IPC,420,1,1
24695,IPC,379A,1,1
24696,IPC,379A,1,1
24697,IPC,379,1,1
24698,ARMS,25,1,1
24699,IPC,323,1,1
24700,IPC,380,1,1
24701,IPC,420,1,1
24702,IPC,379,1,1
24703,IPC,436,1,1
24704,IPC,304,1,1
24705,IPC,326,1,1
24706,IPC,307,1,1
24707,IPC,406,1,1
24708,IPC,379,1,1
24709,IPC,302,1,1
24710,IPC,380,1,1
24711,POCSO,4,1,1
24712,IPC,406,1,1
24713,IPC,489A,1,1
24714,IPC,379,1,1
24715,IPC,379,1,1
24716,IPC,498A,1,1
24717,NDPS,20,1,1
24718,NDPS,20,1,1
24719,IPC,354,1,1
24720,IPC,392,1,1
24721,IPC,326,1,1
24722,IPC,323,1,1
24723,IPC,436,1,1
24724,IPC,66D-ITACT,1,1
24725,IPC,420,1,1
24726,IPC,326,1,1
24727,IPC,498A,1,1
24728,IPC,380,1,1
24729,IPC,420,1,1
24730,IPC,420,1,1
24731,IPC,392,1,1
24732,IPC,379,1,1
24733,IPC,379A,1,1
24734,IPC,498A,1,1
24735,IPC,326,1,1
24736,IPC,147,1,1
24737,IPC,420,1,1
24738,ARMS,25,1,1
24738,ARMS,27,2,2
24739,IPC,380,1,1
24740,IPC,380,1,1
24741,IPC,380,1,1
24742,IPC,498A,1,1
24743,IPC,379,1,1
24744,IPC,307,1,1
24744,BNS,109,2,2
24745,IPC,436,1,1
24746,IPC,323,1,1
24747,IPC,380,1,1
24748,IPC,379,1,1
24749,IPC,379,1,1
24750,IPC,66D-ITACT,1,1
24751,IPC,498A,1,1
24752,IPC,323,1,1
24753,IPC,498A,1,1
24754,IPC,379,1,1
24755,IPC,395,1,1
24756,POCSO,4,1,1
24757,POCSO,4,1,1
24758,IPC,379,1,1
24759,IPC,380,1,1
24760,IPC,498A,1,1
24761,IPC,147,1,1
24762,IPC,392,1,1
24763,IPC,379,1,1
24764,IPC,147,1,1
24765,IPC,354,1,1
24766,IPC,323,1,1
24767,IPC,379,1,1
24768,IPC,379,1,1
24769,IPC,379,1,1
24770,IPC,379,1,1
24771,IPC,66D-ITACT,1,1
24772,IPC,323,1,1
24773,IPC,379,1,1
24774,IPC,376,1,1
24775,IPC,323,1,1
24776,IPC,323,1,1
24777,IPC,420,1,1
24778,IPC,379,1,1
24779,IPC,420,1,1
24780,IPC,363,1,1
24781,IPC,66D-ITACT,1,1
24782,IPC,379A,1,1
24783,IPC,406,1,1
24784,IPC,323,1,1
24785,IPC,436,1,1
24786,IPC,323,1,1
24787,IPC,420,1,1
24788,IPC,323,1,1
24789,IPC,323,1,1
24790,IPC,66D-ITACT,1,1
24791,IPC,392,1,1
24792,IPC,66D-ITACT,1,1
24793,IPC,498A,1,1
24794,IPC,66D-ITACT,1,1
24795,IPC,406,1,1
24796,IPC,379A,1,1
24797,IPC,406,1,1
24798,IPC,498A,1,1
24799,IPC,420,1,1
24800,IPC,379,1,1
24801,IPC,420,1,1
24802,IPC,144,1,1
24803,IPC,392,1,1
24804,IPC,66D-ITACT,1,1
24805,IPC,380,1,1
24806,IPC,379,1,1
24807,IPC,379A,1,1
24808,IPC,323,1,1
24809,IPC,392,1,1
24810,NDPS,20,1,1
24811,IPC,379A,1,1
24812,IPC,379A,1,1
24813,IPC,379A,1,1
24814,IPC,420,1,1
24815,IPC,323,1,1
24816,NDPS,20,1,1
24817,IPC,323,1,1
24818,IPC,392,1,1
24819,NDPS,20,1,1
24820,IPC,147,1,1
24821,IPC,380,1,1
24822,IPC,380,1,1
24823,IPC,66D-ITACT,1,1
24824,IPC,498A,1,1
24825,IPC,354,1,1
24826,IPC,420,1,1
24827,IPC,144,1,1
24828,IPC,354,1,1
24829,IPC,379,1,1
24830,IPC,144,1,1
24831,IPC,395,1,1
24832,IPC,420,1,1
24833,IPC,379A,1,1
24834,IPC,66D-ITACT,1,1
24835,IPC,380,1,1
24836,IPC,379,1,1
24837,IPC,379,1,1
24838,IPC,323,1,1
24839,IPC,498A,1,1
24840,ARMS,27,1,1
24841,IPC,379,1,1
24842,IPC,323,1,1
24843,IPC,420,1,1
24844,IPC,498A,1,1
24845,IPC,354,1,1
24846,IPC,66D-ITACT,1,1
24847,IPC,498A,1,1
24848,IPC,420,1,1
24849,IPC,406,1,1
24850,IPC,420,1,1
24851,IPC,379,1,1
24852,IPC,379A,1,1
24853,IPC,406,1,1
24854,IPC,420,1,1
24855,BNS,103,1,1
24856,IPC,406,1,1
24857,IPC,323,1,1
24858,IPC,379,1,1
24859,IPC,498A,1,1
24860,BNS,103,1,1
24861,POCSO,4,1,1
24862,IPC,66D-ITACT,1,1
24863,IPC,379,1,1
24864,IPC,66D-ITACT,1,1
24865,IPC,420,1,1
24866,IPC,380,1,1
24867,IPC,363,1,1
24868,IPC,66D-ITACT,1,1
24869,IPC,323,1,1
24870,IPC,66D-ITACT,1,1
24871,IPC,379A,1,1
24872,IPC,304,1,1
24873,IPC,323,1,1
24874,IPC,304B,1,1
24875,IPC,326,1,1
24876,IPC,323,1,1
24877,NDPS,20,1,1
24878,IPC,380,1,1
24879,ARMS,25,1,1
24879,ARMS,27,2,2
24880,IPC,379,1,1
24881,IPC,380,1,1
24882,IPC,392,1,1
24883,IPC,379,1,1
24884,IPC,498A,1,1
24885,NDPS,20,1,1
24886,IPC,323,1,1
24887,IPC,380,1,1
24888,IPC,379A,1,1
24889,IPC,66D-ITACT,1,1
24890,IPC,392,1,1
24891,IPC,379,1,1
24892,IPC,379A,1,1
24893,IPC,498A,1,1
24894,IPC,66D-ITACT,1,1
24895,IPC,420,1,1
24896,IPC,304,1,1
24897,IPC,498A,1,1
24898,IPC,436,1,1
24899,POCSO,4,1,1
24900,IPC,420,1,1
24901,IPC,302,1,1
24902,IPC,379A,1,1
24903,IPC,498A,1,1
24904,IPC,380,1,1
24905,IPC,66D-ITACT,1,1
24906,IPC,379,1,1
24907,IPC,323,1,1
24908,IPC,326,1,1
24909,IPC,436,1,1
24910,IPC,379,1,1
24911,IPC,498A,1,1
24912,IPC,379,1,1
24913,IPC,498A,1,1
24914,IPC,323,1,1
24915,IPC,66D-ITACT,1,1
24916,IPC,326,1,1
24917,IPC,380,1,1
24918,IPC,498A,1,1
24919,IPC,420,1,1
24920,IPC,420,1,1
24921,IPC,498A,1,1
24922,IPC,498A,1,1
24923,IPC,379,1,1
24924,IPC,379,1,1
24925,POCSO,4,1,1
24926,IPC,144,1,1
24927,IPC,323,1,1
24928,IPC,380,1,1
24929,IPC,66D-ITACT,1,1
24930,IPC,66D-ITACT,1,1
24931,IPC,406,1,1
24932,IPC,379A,1,1
24933,IPC,498A,1,1
24934,IPC,380,1,1
24935,IPC,380,1,1
24936,IPC,66D-ITACT,1,1
24937,IPC,379,1,1
24938,POCSO,4,1,1
24939,IPC,304B,1,1
24940,IPC,379,1,1
24941,IPC,379A,1,1
24942,IPC,392,1,1
24943,BNS,109,1,1
24944,IPC,395,1,1
24945,IPC,379,1,1
24946,IPC,379,1,1
24947,IPC,392,1,1
24948,IPC,354,1,1
24949,IPC,379,1,1
24950,IPC,323,1,1
24951,IPC,379A,1,1
24952,IPC,379,1,1
24953,IPC,379,1,1
24954,IPC,420,1,1
24955,IPC,144,1,1
24956,IPC,302,1,1
24957,IPC,379,1,1
24958,IPC,380,1,1
24959,IPC,147,1,1
24960,ARMS,27,1,1
24961,IPC,498A,1,1
24962,ARMS,25,1,1
24963,IPC,380,1,1
24964,IPC,420,1,1
24965,IPC,379,1,1
24966,IPC,376,1,1
24967,IPC,498A,1,1
24968,IPC,307,1,1
24969,IPC,379,1,1
24970,IPC,354,1,1
24971,IPC,304,1,1
24972,ARMS,27,1,1
24973,IPC,379A,1,1
24974,IPC,379,1,1
24975,IPC,436,1,1
24976,BNS,64,1,1
24976,IPC,376,2,2
24977,IPC,379,1,1
24978,IPC,147,1,1
24979,IPC,354,1,1
24980,IPC,380,1,1
24981,IPC,379,1,1
24982,IPC,380,1,1
24983,IPC,379A,1,1
24984,IPC,66D-ITACT,1,1
24985,IPC,379A,1,1
24986,IPC,66D-ITACT,1,1
24987,IPC,379,1,1
24988,IPC,379,1,1
24989,IPC,147,1,1
24990,IPC,147,1,1
24991,IPC,326,1,1
24992,IPC,392,1,1
24993,IPC,326,1,1
24994,IPC,379,1,1
24995,IPC,392,1,1
24996,IPC,392,1,1
24997,IPC,380,1,1
24998,IPC,326,1,1
24999,NDPS,20,1,1
25000,IPC,380,1,1
25001,BNS,64,1,1
25002,IPC,326,1,1
25003,IPC,354,1,1
25004,IPC,363,1,1
25005,POCSO,4,1,1
25006,IPC,326,1,1
25007,IPC,392,1,1
25008,IPC,66D-ITACT,1,1
25009,IPC,326,1,1
25010,IPC,307,1,1
25011,IPC,379,1,1
25012,IPC,380,1,1
25013,IPC,420,1,1
25014,ARMS,25,1,1
25015,IPC,323,1,1
25016,NDPS,20,1,1
25017,IPC,363,1,1
25018,IPC,420,1,1
25019,IPC,380,1,1
25020,IPC,147,1,1
25021,IPC,323,1,1
25022,IPC,323,1,1
25023,IPC,380,1,1
25024,IPC,380,1,1
25025,IPC,392,1,1
25026,IPC,66D-ITACT,1,1
25027,IPC,323,1,1
25028,IPC,323,1,1
25029,IPC,380,1,1
25030,IPC,420,1,1
25031,IPC,379,1,1
25032,IPC,489A,1,1
25033,IPC,66D-ITACT,1,1
25034,IPC,354,1,1
25035,IPC,307,1,1
25036,IPC,323,1,1
25037,ARMS,25,1,1
25037,ARMS,27,2,2
25038,IPC,66D-ITACT,1,1
25039,IPC,498A,1,1
25040,IPC,406,1,1
25041,IPC,379A,1,1
25042,IPC,380,1,1
25043,IPC,147,1,1
25044,IPC,379,1,1
25045,IPC,66D-ITACT,1,1
25046,IPC,420,1,1
25047,ARMS,25,1,1
25048,IPC,395,1,1
25049,IPC,66D-ITACT,1,1
25050,IPC,354,1,1
25051,IPC,392,1,1
25052,IPC,379A,1,1
25053,ARMS,27,1,1
25054,IPC,147,1,1
25055,IPC,392,1,1
25056,IPC,406,1,1
25057,IPC,326,1,1
25058,IPC,420,1,1
25059,IPC,323,1,1
25060,NDPS,20,1,1
25061,IPC,420,1,1
25062,IPC,379,1,1
25063,IPC,380,1,1
25064,IPC,380,1,1
25065,IPC,379A,1,1
25066,IPC,326,1,1
25067,IPC,307,1,1
25068,NDPS,20,1,1
25069,IPC,379A,1,1
25070,ARMS,25,1,1
25071,IPC,147,1,1
25072,IPC,380,1,1
25073,IPC,354,1,1
25074,IPC,498A,1,1
25075,IPC,323,1,1
25076,IPC,380,1,1
25077,IPC,323,1,1
25078,IPC,147,1,1
25079,IPC,380,1,1
25080,IPC,379,1,1
25081,IPC,323,1,1
25082,IPC,392,1,1
25083,IPC,392,1,1
25084,IPC,323,1,1
25085,IPC,406,1,1
25086,IPC,420,1,1
25087,IPC,392,1,1
25088,IPC,354,1,1
25089,IPC,354,1,1
25090,IPC,420,1,1
25091,IPC,147,1,1
25092,IPC,376,1,1
25092,BNS,64,2,2
25093,IPC,498A,1,1
25094,IPC,420,1,1
25095,IPC,406,1,1
25096,IPC,307,1,1
25097,IPC,379,1,1
25098,IPC,323,1,1
25099,IPC,420,1,1
25100,IPC,379A,1,1
25101,IPC,326,1,1
25102,IPC,498A,1,1
25103,IPC,420,1,1
25104,IPC,392,1,1
25105,IPC,363,1,1
25106,IPC,406,1,1
25107,NDPS,20,1,1
25108,IPC,420,1,1
25109,IPC,323,1,1
25110,IPC,323,1,1
25111,IPC,379,1,1
25112,IPC,379,1,1
25113,IPC,354,1,1
25114,IPC,379,1,1
25115,IPC,363,1,1
25116,IPC,323,1,1
25117,IPC,379A,1,1
25118,IPC,379,1,1
25119,IPC,392,1,1
25120,IPC,379,1,1
25121,POCSO,4,1,1
25122,IPC,326,1,1
25123,IPC,379,1,1
25124,IPC,380,1,1
25125,IPC,379,1,1
25126,IPC,380,1,1
25127,POCSO,4,1,1
25128,ARMS,27,1,1
25129,IPC,379A,1,1
25130,IPC,147,1,1
25131,IPC,392,1,1
25132,POCSO,4,1,1
25133,POCSO,4,1,1
25134,IPC,379,1,1
25135,IPC,379,1,1
25136,IPC,436,1,1
25137,IPC,395,1,1
25138,IPC,420,1,1
25139,IPC,406,1,1
25140,IPC,420,1,1
25141,IPC,354,1,1
25142,IPC,498A,1,1
25143,IPC,354,1,1
25144,IPC,307,1,1
25145,IPC,66D-ITACT,1,1
25146,IPC,66D-ITACT,1,1
25147,IPC,379A,1,1
25148,IPC,323,1,1
25149,IPC,406,1,1
25150,IPC,380,1,1
25151,IPC,304B,1,1
25152,IPC,420,1,1
25153,IPC,379,1,1
25154,IPC,420,1,1
25155,IPC,326,1,1
25156,IPC,379A,1,1
25157,IPC,379,1,1
25158,IPC,66D-ITACT,1,1
25159,IPC,323,1,1
25160,IPC,66D-ITACT,1,1
25161,IPC,326,1,1
25162,IPC,380,1,1
25163,IPC,498A,1,1
25164,IPC,354,1,1
25165,IPC,323,1,1
25166,IPC,66D-ITACT,1,1
25167,IPC,376,1,1
25167,BNS,64,2,2
25168,IPC,406,1,1
25169,IPC,326,1,1
25170,POCSO,4,1,1
25171,IPC,420,1,1
25172,IPC,406,1,1
25173,IPC,66D-ITACT,1,1
25174,IPC,323,1,1
25175,IPC,326,1,1
25176,IPC,380,1,1
25177,IPC,376,1,1
25178,IPC,406,1,1
25179,IPC,144,1,1
25180,IPC,380,1,1
25181,IPC,380,1,1
25182,IPC,406,1,1
25183,IPC,147,1,1
25184,IPC,420,1,1
25185,IPC,392,1,1
25186,IPC,380,1,1
25187,IPC,363,1,1
25188,IPC,379,1,1
25189,POCSO,4,1,1
25190,ARMS,25,1,1
25191,NDPS,20,1,1
25192,IPC,304B,1,1
25193,IPC,323,1,1
25194,IPC,379,1,1
25195,BNS,64,1,1
25196,IPC,420,1,1
25197,IPC,323,1,1
25198,POCSO,4,1,1
25199,IPC,326,1,1
25200,IPC,66D-ITACT,1,1
25201,NDPS,20,1,1
25202,IPC,379A,1,1
25203,IPC,420,1,1
25204,IPC,379,1,1
25205,IPC,323,1,1
25206,NDPS,20,1,1
25207,IPC,66D-ITACT,1,1
25208,NDPS,20,1,1
25209,IPC,379,1,1
25210,IPC,354,1,1
25211,IPC,379,1,1
25212,BNS,64,1,1
25213,IPC,379A,1,1
25214,IPC,379,1,1
25215,IPC,323,1,1
25216,IPC,436,1,1
25217,IPC,379A,1,1
25218,IPC,379,1,1
25219,IPC,323,1,1
25220,IPC,326,1,1
25221,IPC,363,1,1
25222,IPC,323,1,1
25223,IPC,379,1,1
25224,IPC,326,1,1
25225,IPC,144,1,1
25226,IPC,379,1,1
25227,IPC,379A,1,1
25228,IPC,420,1,1
25229,IPC,406,1,1
25230,IPC,379,1,1
25231,IPC,354,1,1
25232,IPC,304B,1,1
25233,BNS,64,1,1
25234,ARMS,25,1,1
25235,IPC,406,1,1
25236,IPC,380,1,1
25237,IPC,406,1,1
25238,BNS,64,1,1
25239,IPC,323,1,1
25240,ARMS,25,1,1
25241,IPC,379,1,1
25242,IPC,323,1,1
25243,IPC,379A,1,1
25244,IPC,379,1,1
25245,IPC,498A,1,1
25246,IPC,392,1,1
25247,IPC,420,1,1
25248,IPC,380,1,1
25249,IPC,144,1,1
25250,IPC,379,1,1
25251,IPC,379,1,1
25252,IPC,420,1,1
25253,IPC,326,1,1
25254,IPC,66D-ITACT,1,1
25255,IPC,304,1,1
25256,IPC,66D-ITACT,1,1
25257,IPC,436,1,1
25258,IPC,436,1,1
25259,BNS,64,1,1
25259,IPC,376,2,2
25260,IPC,326,1,1
25261,IPC,420,1,1
25262,IPC,380,1,1
25263,IPC,379,1,1
25264,IPC,379,1,1
25265,IPC,498A,1,1
25266,IPC,379A,1,1
25267,IPC,147,1,1
25268,IPC,379A,1,1
25269,IPC,144,1,1
25270,IPC,323,1,1
25271,IPC,354,1,1
25272,IPC,323,1,1
25273,IPC,380,1,1
25274,IPC,406,1,1
25275,IPC,379A,1,1
25276,IPC,326,1,1
25277,IPC,406,1,1
25278,IPC,363,1,1
25279,IPC,420,1,1
25280,IPC,498A,1,1
25281,IPC,307,1,1
25282,IPC,66D-ITACT,1,1
25283,IPC,323,1,1
25284,IPC,144,1,1
25285,IPC,498A,1,1
25286,IPC,304,1,1
25287,IPC,379,1,1
25288,IPC,379,1,1
25289,IPC,66D-ITACT,1,1
25290,IPC,406,1,1
25291,IPC,380,1,1
25292,IPC,406,1,1
25293,IPC,420,1,1
25294,IPC,379A,1,1
25295,IPC,147,1,1
25296,IPC,326,1,1
25297,IPC,66D-ITACT,1,1
25298,IPC,436,1,1
25299,NDPS,20,1,1
25300,IPC,326,1,1
25301,IPC,147,1,1
25302,IPC,363,1,1
25303,IPC,326,1,1
25304,IPC,392,1,1
25305,IPC,323,1,1
25306,IPC,304B,1,1
25307,IPC,436,1,1
25308,IPC,326,1,1
25309,ARMS,25,1,1
25310,IPC,392,1,1
25311,IPC,354,1,1
25312,IPC,147,1,1
25313,IPC,326,1,1
25314,IPC,420,1,1
25315,IPC,379,1,1
25316,IPC,66D-ITACT,1,1
25317,IPC,66D-ITACT,1,1
25318,BNS,64,1,1
25319,IPC,326,1,1
25320,IPC,498A,1,1
25321,IPC,380,1,1
25322,IPC,498A,1,1
25323,IPC,354,1,1
25324,IPC,392,1,1
25325,IPC,489A,1,1
25326,IPC,323,1,1
25327,IPC,380,1,1
25328,IPC,144,1,1
25329,IPC,304B,1,1
25330,IPC,379A,1,1
25331,BNS,109,1,1
25332,IPC,498A,1,1
25333,IPC,379,1,1
25334,IPC,498A,1,1
25335,IPC,395,1,1
25336,IPC,498A,1,1
25337,IPC,323,1,1
25338,IPC,406,1,1
25339,IPC,498A,1,1
25340,IPC,304B,1,1
25341,IPC,380,1,1
25342,IPC,380,1,1
25343,IPC,144,1,1
25344,IPC,436,1,1
25345,IPC,380,1,1
25346,IPC,304B,1,1
25347,BNS,109,1,1
25347,IPC,307,2,2
25348,ARMS,27,1,1
25348,ARMS,25,2,2
25349,IPC,392,1,1
25350,IPC,323,1,1
25351,IPC,420,1,1
25352,IPC,436,1,1
25353,IPC,379,1,1
25354,IPC,66D-ITACT,1,1
25355,IPC,420,1,1
25356,IPC,379A,1,1
25357,IPC,66D-ITACT,1,1
25358,IPC,66D-ITACT,1,1
25359,IPC,406,1,1
25360,IPC,379,1,1
25361,IPC,436,1,1
25362,IPC,363,1,1
25363,IPC,323,1,1
25364,IPC,379,1,1
25365,IPC,354,1,1
25366,IPC,436,1,1
25367,BNS,64,1,1
25368,IPC,144,1,1
25369,IPC,379A,1,1
25370,IPC,323,1,1
25371,IPC,323,1,1
25372,IPC,379A,1,1
25373,IPC,354,1,1
25374,IPC,326,1,1
25375,IPC,379,1,1
25376,IPC,379,1,1
25377,IPC,379,1,1
25378,IPC,379,1,1
25379,IPC,147,1,1
25380,IPC,323,1,1
25381,IPC,380,1,1
25382,IPC,379,1,1
25383,IPC,354,1,1
25384,IPC,420,1,1
25385,IPC,392,1,1
25386,IPC,379A,1,1
25387,IPC,379A,1,1
25388,IPC,379,1,1
25389,BNS,109,1,1
25390,IPC,304,1,1
25391,IPC,379A,1,1
25392,IPC,379,1,1
25393,IPC,392,1,1
25394,IPC,420,1,1
25395,IPC,363,1,1
25396,IPC,379A,1,1
25397,IPC,304,1,1
25398,ARMS,27,1,1
25398,ARMS,25,2,2
25399,IPC,420,1,1
25400,IPC,420,1,1
25401,IPC,380,1,1
25402,IPC,498A,1,1
25403,IPC,406,1,1
25404,IPC,66D-ITACT,1,1
25405,IPC,380,1,1
25406,IPC,379,1,1
25407,IPC,363,1,1
25408,IPC,379,1,1
25409,IPC,326,1,1
25410,IPC,379A,1,1
25411,IPC,379,1,1
25412,IPC,304B,1,1
25413,IPC,380,1,1
25414,IPC,379,1,1
25415,IPC,66D-ITACT,1,1
25416,IPC,498A,1,1
25417,IPC,147,1,1
25418,NDPS,20,1,1
25419,IPC,379,1,1
25420,IPC,420,1,1
25421,IPC,147,1,1
25422,IPC,363,1,1
25423,IPC,380,1,1
25424,IPC,379,1,1
25425,IPC,392,1,1
25426,IPC,379A,1,1
25427,IPC,363,1,1
25428,IPC,420,1,1
25429,IPC,66D-ITACT,1,1
25430,IPC,379,1,1
25431,IPC,379,1,1
25432,IPC,379,1,1
25433,IPC,66D-ITACT,1,1
25434,IPC,379,1,1
25435,IPC,392,1,1
25436,IPC,323,1,1
25437,IPC,354,1,1
25438,IPC,326,1,1
25439,IPC,354,1,1
25440,IPC,420,1,1
25441,IPC,406,1,1
25442,IPC,326,1,1
25443,IPC,380,1,1
25444,IPC,498A,1,1
25445,IPC,379,1,1
25446,IPC,436,1,1
25447,IPC,406,1,1
25448,IPC,379,1,1
25449,IPC,323,1,1
25450,IPC,380,1,1
25451,IPC,66D-ITACT,1,1
25452,IPC,363,1,1
25453,IPC,363,1,1
25454,IPC,147,1,1
25455,IPC,307,1,1
25456,IPC,144,1,1
25457,IPC,406,1,1
25458,IPC,144,1,1
25459,IPC,380,1,1
25460,BNS,109,1,1
25460,IPC,307,2,2
25461,IPC,392,1,1
25462,IPC,406,1,1
25463,IPC,379,1,1
25464,IPC,380,1,1
25465,IPC,436,1,1
25466,IPC,379A,1,1
25467,IPC,323,1,1
25468,IPC,406,1,1
25469,IPC,380,1,1
25470,IPC,420,1,1
25471,IPC,420,1,1
25472,IPC,326,1,1
25473,IPC,379,1,1
25474,IPC,147,1,1
25475,IPC,323,1,1
25476,NDPS,20,1,1
25477,IPC,379A,1,1
25478,IPC,392,1,1
25479,IPC,379A,1,1
25480,IPC,323,1,1
25481,IPC,354,1,1
25482,IPC,420,1,1
25483,IPC,66D-ITACT,1,1
25484,IPC,379,1,1
25485,ARMS,27,1,1
25486,IPC,498A,1,1
25487,IPC,498A,1,1
25488,IPC,304,1,1
25489,IPC,144,1,1
25490,IPC,376,1,1
25491,IPC,498A,1,1
25492,IPC,406,1,1
25493,IPC,323,1,1
25494,IPC,354,1,1
25495,IPC,379,1,1
25496,ARMS,27,1,1
25497,IPC,498A,1,1
25498,IPC,379A,1,1
25499,IPC,498A,1,1
25500,IPC,498A,1,1
25501,POCSO,4,1,1
25502,IPC,323,1,1
25503,IPC,304B,1,1
25504,IPC,379A,1,1
25505,IPC,326,1,1
25506,IPC,363,1,1
25507,IPC,354,1,1
25508,IPC,379A,1,1
25509,IPC,420,1,1
25510,IPC,392,1,1
25511,IPC,379,1,1
25512,NDPS,20,1,1
25513,IPC,147,1,1
25514,IPC,379,1,1
25515,IPC,379,1,1
25516,NDPS,20,1,1
25517,IPC,392,1,1
25518,IPC,66D-ITACT,1,1
25519,IPC,354,1,1
25520,IPC,498A,1,1
25521,IPC,498A,1,1
25522,IPC,66D-ITACT,1,1
25523,IPC,326,1,1
25524,IPC,326,1,1
25525,IPC,147,1,1
25526,IPC,379,1,1
25527,IPC,379,1,1
25528,IPC,406,1,1
25529,IPC,392,1,1
25530,NDPS,20,1,1
25531,IPC,66D-ITACT,1,1
25532,IPC,392,1,1
25533,IPC,379,1,1
25534,IPC,147,1,1
25535,IPC,326,1,1
25536,IPC,379,1,1
25537,IPC,406,1,1
25538,IPC,395,1,1
25539,IPC,392,1,1
25540,BNS,109,1,1
25541,IPC,420,1,1
25542,IPC,354,1,1
25543,IPC,392,1,1
25544,IPC,380,1,1
25545,IPC,380,1,1
25546,IPC,323,1,1
25547,IPC,326,1,1
25548,IPC,379A,1,1
25549,POCSO,4,1,1
25550,IPC,379A,1,1
25551,IPC,147,1,1
25552,IPC,406,1,1
25553,IPC,420,1,1
25554,IPC,489A,1,1
25555,IPC,323,1,1
25556,IPC,323,1,1
25557,IPC,379A,1,1
25558,POCSO,4,1,1
25559,IPC,379,1,1
25560,IPC,489A,1,1
25561,BNS,103,1,1
25562,IPC,326,1,1
25563,IPC,498A,1,1
25564,ARMS,27,1,1
25565,IPC,147,1,1
25566,IPC,147,1,1
25567,IPC,379,1,1
25568,IPC,147,1,1
25569,IPC,323,1,1
25570,IPC,380,1,1
25571,IPC,379A,1,1
25572,IPC,379A,1,1
25573,IPC,307,1,1
25574,IPC,498A,1,1
25575,IPC,363,1,1
25576,IPC,395,1,1
25577,IPC,420,1,1
25578,IPC,379A,1,1
25579,IPC,66D-ITACT,1,1
25580,IPC,323,1,1
25581,IPC,379A,1,1
25582,IPC,392,1,1
25583,IPC,420,1,1
25584,IPC,354,1,1
25585,IPC,144,1,1
25586,IPC,323,1,1
25587,IPC,420,1,1
25588,IPC,420,1,1
25589,IPC,379,1,1
25590,IPC,379,1,1
25591,IPC,436,1,1
25592,IPC,379,1,1
25593,IPC,363,1,1
25594,NDPS,20,1,1
25595,IPC,326,1,1
25596,IPC,380,1,1
25597,IPC,376,1,1
25597,BNS,64,2,2
25598,IPC,379,1,1
25599,IPC,147,1,1
25600,IPC,406,1,1
25601,IPC,66D-ITACT,1,1
25602,IPC,326,1,1
25603,IPC,379,1,1
25604,IPC,498A,1,1
25605,IPC,498A,1,1
25606,IPC,379A,1,1
25607,POCSO,4,1,1
25608,IPC,379,1,1
25609,IPC,379,1,1
25610,IPC,379A,1,1
25611,IPC,323,1,1
25612,IPC,379,1,1
25613,IPC,379A,1,1
25614,IPC,498A,1,1
25615,IPC,147,1,1
25616,IPC,380,1,1
25617,IPC,147,1,1
25618,IPC,420,1,1
25619,IPC,66D-ITACT,1,1
25620,IPC,498A,1,1
25621,IPC,420,1,1
25622,IPC,379,1,1
25623,IPC,379,1,1
25624,IPC,392,1,1
25625,IPC,436,1,1
25626,IPC,326,1,1
25627,IPC,392,1,1
25628,IPC,379,1,1
25629,IPC,379A,1,1
25630,IPC,354,1,1
25631,IPC,379,1,1
25632,IPC,379,1,1
25633,IPC,379,1,1
25634,IPC,380,1,1
25635,IPC,436,1,1
25636,IPC,379,1,1
25637,IPC,304,1,1
25638,IPC,147,1,1
25639,IPC,379A,1,1
25640,IPC,323,1,1
25641,IPC,363,1,1
25642,IPC,420,1,1
25643,IPC,379,1,1
25644,IPC,323,1,1
25645,IPC,392,1,1
25646,IPC,66D-ITACT,1,1
25647,IPC,144,1,1
25648,IPC,376,1,1
25649,BNS,64,1,1
25650,IPC,379A,1,1
25651,IPC,380,1,1
25652,IPC,498A,1,1
25653,IPC,379,1,1
25654,IPC,379,1,1
25655,IPC,420,1,1
25656,IPC,379A,1,1
25657,IPC,392,1,1
25658,IPC,380,1,1
25659,IPC,395,1,1
25660,IPC,379A,1,1
25661,IPC,379,1,1
25662,IPC,380,1,1
25663,IPC,363,1,1
25664,IPC,420,1,1
25665,IPC,392,1,1
25666,IPC,406,1,1
25667,IPC,354,1,1
25668,IPC,66D-ITACT,1,1
25669,IPC,66D-ITACT,1,1
25670,IPC,147,1,1
25671,IPC,379,1,1
25672,IPC,379,1,1
25673,IPC,144,1,1
25674,IPC,323,1,1
25675,IPC,354,1,1
25676,ARMS,25,1,1
25676,ARMS,27,2,2
25677,IPC,380,1,1
25678,IPC,323,1,1
25679,IPC,326,1,1
25680,IPC,395,1,1
25681,IPC,379,1,1
25682,IPC,323,1,1
25683,IPC,379,1,1
25684,IPC,498A,1,1
25685,IPC,406,1,1
25686,IPC,498A,1,1
25687,IPC,379,1,1
25688,IPC,420,1,1
25689,IPC,380,1,1
25690,IPC,144,1,1
25691,IPC,420,1,1
25692,IPC,354,1,1
25693,IPC,323,1,1
25694,IPC,379A,1,1
25695,IPC,498A,1,1
25696,IPC,304B,1,1
25697,IPC,379,1,1
25698,IPC,498A,1,1
25699,IPC,380,1,1
25700,IPC,420,1,1
25701,IPC,420,1,1
25702,IPC,379,1,1
25703,IPC,144,1,1
25704,IPC,66D-ITACT,1,1
25705,IPC,66D-ITACT,1,1
25706,IPC,489A,1,1
25707,IPC,498A,1,1
25708,ARMS,27,1,1
25708,ARMS,25,2,2
25709,IPC,379,1,1
25710,IPC,147,1,1
25711,IPC,392,1,1
25712,IPC,498A,1,1
25713,BNS,64,1,1
25714,IPC,379A,1,1
25715,IPC,420,1,1
25716,IPC,420,1,1
25717,IPC,144,1,1
25718,IPC,379A,1,1
25719,IPC,498A,1,1
25720,IPC,379,1,1
25721,IPC,66D-ITACT,1,1
25722,IPC,379A,1,1
25723,IPC,326,1,1
25724,IPC,66D-ITACT,1,1
25725,IPC,436,1,1
25726,IPC,304B,1,1
25727,IPC,376,1,1
25728,IPC,326,1,1
25729,IPC,147,1,1
25730,IPC,392,1,1
25731,IPC,323,1,1
25732,IPC,379,1,1
25733,IPC,380,1,1
25734,IPC,379A,1,1
25735,IPC,420,1,1
25736,IPC,379,1,1
25737,IPC,436,1,1
25738,IPC,380,1,1
25739,IPC,363,1,1
25740,IPC,323,1,1
25741,IPC,379,1,1
25742,IPC,144,1,1
25743,IPC,307,1,1
25743,BNS,109,2,2
25744,NDPS,20,1,1
25745,IPC,144,1,1
25746,IPC,363,1,1
25747,IPC,380,1,1
25748,IPC,376,1,1
25749,IPC,323,1,1
25750,IPC,379,1,1
25751,IPC,66D-ITACT,1,1
25752,IPC,354,1,1
25753,IPC,323,1,1
25754,IPC,392,1,1
25755,IPC,498A,1,1
25756,ARMS,25,1,1
25757,IPC,379,1,1
25758,IPC,420,1,1
25759,IPC,380,1,1
25760,NDPS,20,1,1
25761,IPC,498A,1,1
25762,IPC,406,1,1
25763,IPC,379,1,1
25764,IPC,323,1,1
25765,IPC,380,1,1
25766,IPC,323,1,1
25767,IPC,354,1,1
25768,IPC,304,1,1
25769,IPC,392,1,1
25770,ARMS,25,1,1
25770,ARMS,27,2,2
25771,IPC,420,1,1
25772,IPC,380,1,1
25773,IPC,392,1,1
25774,IPC,326,1,1
25775,IPC,323,1,1
25776,IPC,498A,1,1
25777,IPC,392,1,1
25778,IPC,323,1,1
25779,IPC,326,1,1
25780,IPC,379,1,1
25781,IPC,363,1,1
25782,IPC,354,1,1
25783,IPC,420,1,1
25784,IPC,406,1,1
25785,IPC,379,1,1
25786,BNS,103,1,1
25786,IPC,302,2,2
25787,IPC,420,1,1
25788,IPC,436,1,1
25789,IPC,379,1,1
25790,IPC,380,1,1
25791,POCSO,4,1,1
25792,IPC,147,1,1
25793,IPC,147,1,1
25794,IPC,323,1,1
25795,BNS,103,1,1
25795,IPC,302,2,2
25796,IPC,420,1,1
25797,IPC,379,1,1
25798,IPC,436,1,1
25799,BNS,103,1,1
25799,IPC,302,2,2
25800,IPC,498A,1,1
25801,IPC,354,1,1
25802,IPC,147,1,1
25803,IPC,380,1,1
25804,IPC,144,1,1
25805,IPC,436,1,1
25806,IPC,144,1,1
25807,IPC,392,1,1
25808,IPC,144,1,1
25809,IPC,147,1,1
25810,IPC,66D-ITACT,1,1
25811,IPC,66D-ITACT,1,1
25812,IPC,147,1,1
25813,IPC,144,1,1
25814,IPC,420,1,1
25815,IPC,304B,1,1
25816,IPC,420,1,1
25817,IPC,489A,1,1
25818,IPC,379A,1,1
25819,IPC,354,1,1
25820,IPC,66D-ITACT,1,1
25821,IPC,323,1,1
25822,IPC,354,1,1
25823,NDPS,20,1,1
25824,IPC,379A,1,1
25825,NDPS,20,1,1
25826,IPC,420,1,1
25827,IPC,379,1,1
25828,IPC,498A,1,1
25829,NDPS,20,1,1
25830,IPC,323,1,1
25831,IPC,436,1,1
25832,IPC,380,1,1
25833,IPC,304B,1,1
25834,IPC,66D-ITACT,1,1
25835,IPC,379,1,1
25836,IPC,379A,1,1
25837,IPC,406,1,1
25838,IPC,304B,1,1
25839,IPC,379A,1,1
25840,IPC,307,1,1
25841,IPC,406,1,1
25842,IPC,363,1,1
25843,IPC,363,1,1
25844,IPC,379A,1,1
25845,IPC,420,1,1
25846,IPC,379,1,1
25847,POCSO,4,1,1
25848,IPC,380,1,1
25849,IPC,380,1,1
25850,IPC,326,1,1
25851,IPC,326,1,1
25852,IPC,379A,1,1
25853,IPC,379,1,1
25854,IPC,144,1,1
25855,IPC,147,1,1
25856,IPC,323,1,1
25857,IPC,379,1,1
25858,IPC,379,1,1
25859,IPC,326,1,1
25860,IPC,379,1,1
25861,IPC,420,1,1
25862,POCSO,4,1,1
25863,IPC,363,1,1
25864,IPC,420,1,1
25865,IPC,380,1,1
25866,IPC,379A,1,1
25867,IPC,323,1,1
25868,IPC,379,1,1
25869,IPC,323,1,1
25870,IPC,323,1,1
25871,IPC,395,1,1
25872,IPC,66D-ITACT,1,1
25873,IPC,379A,1,1
25874,IPC,326,1,1
25875,NDPS,20,1,1
25876,IPC,379,1,1
25877,IPC,66D-ITACT,1,1
25878,IPC,304B,1,1
25879,IPC,380,1,1
25880,IPC,379,1,1
25881,IPC,379A,1,1
25882,IPC,326,1,1
25883,POCSO,4,1,1
25884,IPC,420,1,1
25885,IPC,379A,1,1
25886,IPC,144,1,1
25887,IPC,379A,1,1
25888,IPC,392,1,1
25889,IPC,66D-ITACT,1,1
25890,IPC,326,1,1
25891,IPC,380,1,1
25892,IPC,379,1,1
25893,IPC,379,1,1
25894,IPC,420,1,1
25895,IPC,380,1,1
25896,IPC,304B,1,1
25897,IPC,436,1,1
25898,IPC,379,1,1
25899,BNS,103,1,1
25900,IPC,379,1,1
25901,IPC,66D-ITACT,1,1
25902,IPC,147,1,1
25903,IPC,489A,1,1
25904,POCSO,4,1,1
25905,IPC,354,1,1
25906,IPC,66D-ITACT,1,1
25907,IPC,323,1,1
25908,IPC,420,1,1
25909,IPC,379,1,1
25910,IPC,498A,1,1
25911,IPC,379,1,1
25912,POCSO,4,1,1
25913,IPC,326,1,1
25914,NDPS,20,1,1
25915,IPC,406,1,1
25916,IPC,379A,1,1
25917,IPC,323,1,1
25918,IPC,379A,1,1
25919,IPC,498A,1,1
25920,IPC,379,1,1
25921,IPC,363,1,1
25922,IPC,380,1,1
25923,IPC,379,1,1
25924,IPC,379,1,1
25925,IPC,363,1,1
25926,IPC,323,1,1
25927,ARMS,27,1,1
25928,IPC,380,1,1
25929,IPC,66D-ITACT,1,1
25930,IPC,323,1,1
25931,IPC,147,1,1
25932,IPC,376,1,1
25933,IPC,323,1,1
25934,IPC,436,1,1
25935,IPC,326,1,1
25936,IPC,379,1,1
25937,IPC,147,1,1
25938,IPC,379,1,1
25939,IPC,326,1,1
25940,POCSO,4,1,1
25941,IPC,395,1,1
25942,IPC,354,1,1
25943,IPC,302,1,1
25944,IPC,66D-ITACT,1,1
25945,IPC,380,1,1
25946,IPC,354,1,1
25947,IPC,379,1,1
25948,IPC,326,1,1
25949,IPC,379,1,1
25950,IPC,147,1,1
25951,IPC,498A,1,1
25952,IPC,326,1,1
25953,IPC,307,1,1
25954,ARMS,25,1,1
25954,ARMS,27,2,2
25955,IPC,354,1,1
25956,IPC,379A,1,1
25957,IPC,406,1,1
25958,IPC,380,1,1
25959,IPC,326,1,1
25960,IPC,379,1,1
25961,IPC,379A,1,1
25962,IPC,395,1,1
25963,IPC,498A,1,1
25964,IPC,144,1,1
25965,IPC,498A,1,1
25966,IPC,395,1,1
25967,IPC,302,1,1
25968,IPC,379,1,1
25969,NDPS,20,1,1
25970,IPC,363,1,1
25971,IPC,323,1,1
25972,IPC,379,1,1
25973,IPC,376,1,1
25974,IPC,436,1,1
25975,IPC,498A,1,1
25976,IPC,379A,1,1
25977,IPC,406,1,1
25978,IPC,326,1,1
25979,IPC,379A,1,1
25980,IPC,498A,1,1
25981,IPC,406,1,1
25982,IPC,406,1,1
25983,IPC,379,1,1
25984,IPC,379A,1,1
25985,IPC,144,1,1
25986,IPC,380,1,1
25987,IPC,376,1,1
25988,IPC,66D-ITACT,1,1
25989,IPC,379,1,1
25990,IPC,498A,1,1
25991,IPC,379,1,1
25992,IPC,498A,1,1
25993,IPC,392,1,1
25994,IPC,379,1,1
25995,BNS,64,1,1
25996,ARMS,25,1,1
25997,IPC,392,1,1
25998,IPC,379,1,1
25999,IPC,498A,1,1
26000,IPC,323,1,1
26001,IPC,420,1,1
26002,IPC,66D-ITACT,1,1
26003,IPC,326,1,1
26004,IPC,302,1,1
26005,IPC,326,1,1
26006,IPC,379,1,1
26007,IPC,304,1,1
26008,IPC,392,1,1
26009,IPC,379,1,1
26010,IPC,379,1,1
26011,IPC,392,1,1
26012,IPC,379,1,1
26013,NDPS,20,1,1
26014,IPC,420,1,1
26015,IPC,436,1,1
26016,IPC,323,1,1
26017,IPC,304B,1,1
26018,IPC,379,1,1
26019,IPC,307,1,1
26020,IPC,379,1,1
26021,IPC,326,1,1
26022,IPC,66D-ITACT,1,1
26023,IPC,66D-ITACT,1,1
26024,IPC,323,1,1
26025,IPC,363,1,1
26026,IPC,420,1,1
26027,IPC,498A,1,1
26028,IPC,326,1,1
26029,IPC,379,1,1
26030,IPC,379A,1,1
26031,IPC,326,1,1
26032,IPC,144,1,1
26033,IPC,498A,1,1
26034,BNS,64,1,1
26035,IPC,307,1,1
26036,IPC,420,1,1
26037,IPC,354,1,1
26038,POCSO,4,1,1
26039,IPC,66D-ITACT,1,1
26040,IPC,379A,1,1
26041,IPC,307,1,1
26042,IPC,66D-ITACT,1,1
26043,IPC,379A,1,1
26044,IPC,395,1,1
26045,ARMS,25,1,1
26046,IPC,354,1,1
26047,IPC,420,1,1
26048,IPC,376,1,1
26049,IPC,379,1,1
26050,IPC,354,1,1
26051,IPC,489A,1,1
26052,IPC,326,1,1
26053,IPC,420,1,1
26054,IPC,436,1,1
26055,IPC,379,1,1
26056,IPC,406,1,1
26057,IPC,380,1,1
26058,IPC,379A,1,1
26059,IPC,420,1,1
26060,IPC,326,1,1
26061,IPC,379,1,1
26062,IPC,380,1,1
26063,IPC,380,1,1
26064,IPC,392,1,1
26065,IPC,326,1,1
26066,IPC,307,1,1
26067,IPC,498A,1,1
26068,IPC,420,1,1
26069,IPC,380,1,1
26070,IPC,66D-ITACT,1,1
26071,IPC,66D-ITACT,1,1
26072,IPC,380,1,1
26073,IPC,379,1,1
26074,IPC,379A,1,1
26075,IPC,379,1,1
26076,BNS,103,1,1
26076,IPC,302,2,2
26077,IPC,326,1,1
26078,IPC,406,1,1
26079,IPC,406,1,1
26080,IPC,323,1,1
26081,IPC,307,1,1
26082,POCSO,4,1,1
26083,IPC,304B,1,1
26084,POCSO,4,1,1
26085,IPC,379,1,1
26086,IPC,420,1,1
26087,IPC,323,1,1
26088,IPC,380,1,1
26089,IPC,420,1,1
26090,NDPS,20,1,1
26091,IPC,379A,1,1
26092,IPC,326,1,1
26093,IPC,379,1,1
26094,IPC,498A,1,1
26095,IPC,406,1,1
26096,IPC,376,1,1
26096,BNS,64,2,2
26097,IPC,147,1,1
26098,IPC,323,1,1
26099,IPC,379A,1,1
26100,ARMS,25,1,1
26101,IPC,302,1,1
26102,IPC,144,1,1
26103,IPC,420,1,1
26104,IPC,379,1,1
26105,IPC,144,1,1
26106,IPC,380,1,1
26107,IPC,326,1,1
26108,IPC,323,1,1
26109,IPC,489A,1,1
26110,IPC,379,1,1
26111,IPC,379A,1,1
26112,IPC,498A,1,1
26113,IPC,323,1,1
26114,IPC,380,1,1
26115,IPC,379,1,1
26116,IPC,498A,1,1
26117,IPC,354,1,1
26118,IPC,380,1,1
26119,IPC,144,1,1
26120,IPC,66D-ITACT,1,1
26121,IPC,379,1,1
26122,IPC,379,1,1
26123,IPC,406,1,1
26124,IPC,144,1,1
26125,IPC,436,1,1
26126,IPC,354,1,1
26127,IPC,380,1,1
26128,NDPS,20,1,1
26129,IPC,379A,1,1
26130,IPC,379,1,1
26131,IPC,354,1,1
26132,IPC,363,1,1
26133,IPC,380,1,1
26134,IPC,66D-ITACT,1,1
26135,IPC,307,1,1
26136,IPC,66D-ITACT,1,1
26137,IPC,323,1,1
26138,IPC,66D-ITACT,1,1
26139,IPC,379,1,1
26140,IPC,406,1,1
26141,IPC,354,1,1
26142,IPC,380,1,1
26143,IPC,379,1,1
26144,IPC,363,1,1
26145,IPC,420,1,1
26146,ARMS,25,1,1
26147,ARMS,27,1,1
26147,ARMS,25,2,2
26148,IPC,304B,1,1
26149,NDPS,20,1,1
26150,IPC,323,1,1
26151,ARMS,27,1,1
26152,IPC,66D-ITACT,1,1
26153,IPC,379,1,1
26154,IPC,302,1,1
26154,BNS,103,2,2
26155,IPC,354,1,1
26156,IPC,436,1,1
26157,BNS,109,1,1
26158,IPC,379,1,1
26159,IPC,323,1,1
26160,IPC,379A,1,1
26161,IPC,323,1,1
26162,IPC,420,1,1
26163,IPC,498A,1,1
26164,IPC,354,1,1
26165,IPC,379,1,1
26166,IPC,323,1,1
26167,IPC,498A,1,1
26168,IPC,420,1,1
26169,IPC,379,1,1
26170,IPC,420,1,1
26171,IPC,147,1,1
26172,IPC,363,1,1
26173,POCSO,4,1,1
26174,IPC,144,1,1
26175,IPC,354,1,1
26176,IPC,323,1,1
26177,IPC,379A,1,1
26178,IPC,379A,1,1
26179,IPC,392,1,1
26180,IPC,379A,1,1
26181,IPC,379A,1,1
26182,IPC,379A,1,1
26183,NDPS,20,1,1
26184,IPC,379,1,1
26185,IPC,66D-ITACT,1,1
26186,IPC,323,1,1
26187,IPC,144,1,1
26188,IPC,379,1,1
26189,IPC,379,1,1
26190,IPC,66D-ITACT,1,1
26191,IPC,66D-ITACT,1,1
26192,IPC,406,1,1
26193,IPC,406,1,1
26194,IPC,354,1,1
26195,IPC,380,1,1
26196,IPC,395,1,1
26197,IPC,379A,1,1
26198,IPC,379,1,1
26199,IPC,436,1,1
26200,IPC,392,1,1
26201,IPC,376,1,1
26202,IPC,323,1,1
26203,IPC,379,1,1
26204,POCSO,4,1,1
26205,IPC,323,1,1
26206,IPC,420,1,1
26207,IPC,379A,1,1
26208,ARMS,25,1,1
26209,IPC,498A,1,1
26210,IPC,379A,1,1
26211,IPC,395,1,1
26212,IPC,66D-ITACT,1,1
26213,IPC,323,1,1
26214,IPC,147,1,1
26215,IPC,380,1,1
26216,IPC,304,1,1
26217,IPC,380,1,1
26218,IPC,420,1,1
26219,IPC,66D-ITACT,1,1
26220,IPC,380,1,1
26221,IPC,363,1,1
26222,BNS,64,1,1
26223,NDPS,20,1,1
26224,IPC,354,1,1
26225,IPC,498A,1,1
26226,BNS,109,1,1
26227,IPC,406,1,1
26228,IPC,498A,1,1
26229,IPC,420,1,1
26230,IPC,379,1,1
26231,IPC,379A,1,1
26232,IPC,420,1,1
26233,IPC,66D-ITACT,1,1
26234,IPC,380,1,1
26235,IPC,406,1,1
26236,IPC,363,1,1
26237,IPC,363,1,1
26238,IPC,420,1,1
26239,IPC,66D-ITACT,1,1
26240,IPC,395,1,1
26241,IPC,147,1,1
26242,IPC,420,1,1
26243,NDPS,20,1,1
26244,IPC,363,1,1
26245,IPC,420,1,1
26246,IPC,380,1,1
26247,IPC,323,1,1
26248,IPC,307,1,1
26249,IPC,380,1,1
26250,IPC,326,1,1
26251,POCSO,4,1,1
26252,IPC,379,1,1
26253,IPC,147,1,1
26254,IPC,406,1,1
26255,IPC,380,1,1
26256,IPC,379,1,1
26257,IPC,392,1,1
26258,IPC,420,1,1
26259,IPC,147,1,1
26260,ARMS,27,1,1
26261,IPC,379A,1,1
26262,IPC,380,1,1
26263,IPC,380,1,1
26264,IPC,420,1,1
26265,IPC,498A,1,1
26266,IPC,363,1,1
26267,IPC,379A,1,1
26268,IPC,379,1,1
26269,IPC,147,1,1
26270,IPC,379,1,1
26271,IPC,323,1,1
26272,IPC,379A,1,1
26273,IPC,379,1,1
26274,IPC,420,1,1
26275,NDPS,20,1,1
26276,IPC,498A,1,1
26277,IPC,323,1,1
26278,IPC,354,1,1
26279,IPC,379,1,1
26280,IPC,379,1,1
26281,IPC,489A,1,1
26282,IPC,420,1,1
26283,IPC,323,1,1
26284,IPC,379,1,1
26285,IPC,420,1,1
26286,ARMS,25,1,1
26287,IPC,406,1,1
26288,POCSO,4,1,1
26289,IPC,379,1,1
26290,IPC,380,1,1
26291,IPC,498A,1,1
26292,IPC,326,1,1
26293,IPC,302,1,1
26294,IPC,323,1,1
26295,IPC,380,1,1
26296,IPC,406,1,1
26297,IPC,363,1,1
26298,IPC,380,1,1
26299,IPC,323,1,1
26300,IPC,379A,1,1
26301,IPC,304,1,1
26302,IPC,406,1,1
26303,IPC,380,1,1
26304,IPC,66D-ITACT,1,1
26305,IPC,147,1,1
26306,IPC,395,1,1
26307,IPC,392,1,1
26308,IPC,420,1,1
26309,IPC,380,1,1
26310,IPC,323,1,1
26311,IPC,379,1,1
26312,IPC,363,1,1
26313,BNS,109,1,1
26314,IPC,147,1,1
26315,IPC,436,1,1
26316,IPC,144,1,1
26317,BNS,109,1,1
26318,IPC,436,1,1
26319,IPC,354,1,1
26320,IPC,144,1,1
26321,IPC,147,1,1
26322,IPC,326,1,1
26323,IPC,304B,1,1
26324,IPC,66D-ITACT,1,1
26325,IPC,302,1,1
26325,BNS,103,2,2
26326,IPC,379,1,1
26327,IPC,307,1,1
26327,BNS,109,2,2
26328,NDPS,20,1,1
26329,IPC,323,1,1
26330,ARMS,25,1,1
26331,IPC,436,1,1
26332,IPC,392,1,1
26333,IPC,380,1,1
26334,IPC,420,1,1
26335,IPC,380,1,1
26336,IPC,354,1,1
26337,IPC,144,1,1
26338,POCSO,4,1,1
26339,IPC,498A,1,1
26340,IPC,380,1,1
26341,IPC,379A,1,1
26342,BNS,64,1,1
26343,IPC,323,1,1
26344,POCSO,4,1,1
26345,IPC,420,1,1
26346,IPC,144,1,1
26347,IPC,323,1,1
26348,IPC,379,1,1
26349,IPC,323,1,1
26350,IPC,66D-ITACT,1,1
26351,IPC,379,1,1
26352,IPC,406,1,1
26353,IPC,420,1,1
26354,IPC,420,1,1
26355,IPC,406,1,1
26356,IPC,147,1,1
26357,IPC,379A,1,1
26358,IPC,436,1,1
26359,IPC,380,1,1
26360,IPC,323,1,1
26361,IPC,354,1,1
26362,IPC,420,1,1
26363,IPC,304,1,1
26364,IPC,147,1,1
26365,IPC,406,1,1
26366,IPC,406,1,1
26367,IPC,406,1,1
26368,IPC,66D-ITACT,1,1
26369,ARMS,27,1,1
26369,ARMS,25,2,2
26370,IPC,307,1,1
26371,BNS,103,1,1
26371,IPC,302,2,2
26372,IPC,66D-ITACT,1,1
26373,IPC,379A,1,1
26374,IPC,376,1,1
26374,BNS,64,2,2
26375,NDPS,20,1,1
26376,IPC,498A,1,1
26377,IPC,420,1,1
26378,IPC,323,1,1
26379,IPC,66D-ITACT,1,1
26380,IPC,363,1,1
26381,IPC,379,1,1
26382,IPC,380,1,1
26383,IPC,323,1,1
26384,NDPS,20,1,1
26385,BNS,64,1,1
26386,IPC,323,1,1
26387,IPC,406,1,1
26388,IPC,354,1,1
26389,IPC,66D-ITACT,1,1
26390,IPC,420,1,1
26391,BNS,64,1,1
26392,IPC,354,1,1
26393,IPC,380,1,1
26394,IPC,379,1,1
26395,IPC,379,1,1
26396,IPC,392,1,1
26397,IPC,379,1,1
26398,IPC,380,1,1
26399,IPC,147,1,1
26400,IPC,380,1,1
26401,POCSO,4,1,1
26402,IPC,406,1,1
26403,IPC,420,1,1
26404,IPC,304,1,1
26405,IPC,326,1,1
26406,IPC,304B,1,1
26407,IPC,66D-ITACT,1,1
26408,IPC,354,1,1
26409,IPC,379,1,1
26410,IPC,498A,1,1
26411,IPC,436,1,1
26412,IPC,379,1,1
26413,BNS,64,1,1
26414,IPC,304B,1,1
26415,IPC,379,1,1
26416,IPC,379A,1,1
26417,BNS,109,1,1
26418,NDPS,20,1,1
26419,IPC,144,1,1
26420,IPC,66D-ITACT,1,1
26421,IPC,323,1,1
26422,IPC,392,1,1
26423,IPC,379A,1,1
26424,IPC,420,1,1
26425,IPC,379A,1,1
26426,NDPS,20,1,1
26427,NDPS,20,1,1
26428,IPC,66D-ITACT,1,1
26429,IPC,363,1,1
26430,IPC,379,1,1
26431,IPC,380,1,1
26432,IPC,380,1,1
26433,IPC,420,1,1
26434,IPC,379,1,1
26435,BNS,109,1,1
26436,IPC,420,1,1
26437,IPC,379,1,1
26438,IPC,420,1,1
26439,IPC,147,1,1
26440,IPC,379,1,1
26441,IPC,66D-ITACT,1,1
26442,NDPS,20,1,1
26443,IPC,144,1,1
26444,IPC,323,1,1
26445,IPC,354,1,1
26446,IPC,363,1,1
26447,IPC,379A,1,1
26448,IPC,144,1,1
26449,ARMS,27,1,1
26450,IPC,379,1,1
26451,IPC,379,1,1
26452,IPC,66D-ITACT,1,1
26453,IPC,379,1,1
26454,IPC,379,1,1
26455,IPC,323,1,1
26456,IPC,420,1,1
26457,IPC,379,1,1
26458,IPC,326,1,1
26459,IPC,326,1,1
26460,IPC,379,1,1
26461,BNS,109,1,1
26461,IPC,307,2,2
26462,IPC,420,1,1
26463,IPC,354,1,1
26464,IPC,379,1,1
26465,IPC,420,1,1
26466,IPC,307,1,1
26467,IPC,498A,1,1
26468,IPC,363,1,1
26469,IPC,323,1,1
26470,IPC,380,1,1
26471,IPC,354,1,1
26472,IPC,379A,1,1
26473,IPC,420,1,1
26474,IPC,323,1,1
26475,IPC,323,1,1
26476,IPC,363,1,1
26477,IPC,392,1,1
26478,IPC,379,1,1
26479,IPC,406,1,1
26480,IPC,326,1,1
26481,IPC,406,1,1
26482,IPC,323,1,1
26483,ARMS,27,1,1
26483,ARMS,25,2,2
26484,IPC,406,1,1
26485,BNS,109,1,1
26486,IPC,144,1,1
26487,BNS,64,1,1
26488,POCSO,4,1,1
26489,IPC,304,1,1
26490,IPC,363,1,1
26491,IPC,326,1,1
26492,IPC,379A,1,1
26493,BNS,109,1,1
26494,IPC,354,1,1
26495,IPC,436,1,1
26496,IPC,498A,1,1
26497,IPC,376,1,1
26497,BNS,64,2,2
26498,IPC,380,1,1
26499,IPC,323,1,1
26500,IPC,420,1,1
26501,IPC,66D-ITACT,1,1
26502,IPC,307,1,1
26503,IPC,326,1,1
26504,IPC,380,1,1
26505,IPC,379,1,1
26506,IPC,66D-ITACT,1,1
26507,IPC,379,1,1
26508,IPC,304,1,1
26509,IPC,147,1,1
26510,IPC,380,1,1
26511,IPC,380,1,1
26512,IPC,354,1,1
26513,IPC,379,1,1
26514,IPC,326,1,1
26515,IPC,66D-ITACT,1,1
26516,IPC,323,1,1
26517,IPC,489A,1,1
26518,IPC,147,1,1
26519,IPC,323,1,1
26520,IPC,420,1,1
26521,IPC,380,1,1
26522,IPC,380,1,1
26523,IPC,326,1,1
26524,IPC,406,1,1
26525,IPC,363,1,1
26526,IPC,326,1,1
26527,IPC,323,1,1
26528,IPC,392,1,1
26529,IPC,323,1,1
26530,IPC,436,1,1
26531,BNS,103,1,1
26532,IPC,323,1,1
26533,IPC,420,1,1
26534,IPC,406,1,1
26535,IPC,379,1,1
26536,IPC,380,1,1
26537,IPC,363,1,1
26538,IPC,379A,1,1
26539,IPC,323,1,1
26540,IPC,498A,1,1
26541,IPC,66D-ITACT,1,1
26542,IPC,420,1,1
26543,BNS,109,1,1
26544,IPC,420,1,1
26545,BNS,103,1,1
26545,IPC,302,2,2
26546,IPC,66D-ITACT,1,1
26547,IPC,147,1,1
26548,IPC,420,1,1
26549,IPC,379A,1,1
26550,IPC,66D-ITACT,1,1
26551,IPC,392,1,1
26552,IPC,354,1,1
26553,IPC,66D-ITACT,1,1
26554,IPC,380,1,1
26555,IPC,379,1,1
26556,NDPS,20,1,1
26557,IPC,323,1,1
26558,ARMS,25,1,1
26559,IPC,392,1,1
26560,IPC,379A,1,1
26561,BNS,64,1,1
26562,IPC,354,1,1
26563,IPC,323,1,1
26564,IPC,420,1,1
26565,ARMS,25,1,1
26566,IPC,498A,1,1
26567,IPC,380,1,1
26568,IPC,379A,1,1
26569,IPC,420,1,1
26570,IPC,379A,1,1
26571,IPC,380,1,1
26572,IPC,392,1,1
26573,IPC,144,1,1
26574,POCSO,4,1,1
26575,IPC,420,1,1
26576,IPC,379,1,1
26577,IPC,436,1,1
26578,IPC,420,1,1
26579,IPC,66D-ITACT,1,1
26580,IPC,379,1,1
26581,IPC,406,1,1
26582,IPC,307,1,1
26583,IPC,379,1,1
26584,IPC,395,1,1
26585,IPC,436,1,1
26586,IPC,392,1,1
26587,IPC,420,1,1
26588,IPC,498A,1,1
26589,IPC,406,1,1
26590,IPC,379,1,1
26591,IPC,420,1,1
26592,IPC,354,1,1
26593,IPC,498A,1,1
26594,IPC,66D-ITACT,1,1
26595,IPC,323,1,1
26596,IPC,380,1,1
26597,IPC,392,1,1
26598,IPC,354,1,1
26599,IPC,323,1,1
26600,IPC,326,1,1
26601,IPC,379,1,1
26602,IPC,376,1,1
26603,IPC,323,1,1
26604,IPC,420,1,1
26605,IPC,498A,1,1
26606,IPC,66D-ITACT,1,1
26607,IPC,380,1,1
26608,IPC,354,1,1
26609,IPC,392,1,1
26610,IPC,379,1,1
26611,IPC,379A,1,1
26612,IPC,363,1,1
26613,IPC,436,1,1
26614,BNS,109,1,1
26615,IPC,420,1,1
26616,IPC,498A,1,1
26617,IPC,66D-ITACT,1,1
26618,IPC,395,1,1
26619,IPC,323,1,1
26620,IPC,380,1,1
26621,IPC,363,1,1
26622,IPC,379,1,1
26623,IPC,302,1,1
26624,IPC,379,1,1
26625,IPC,498A,1,1
26626,IPC,326,1,1
26627,IPC,323,1,1
26628,IPC,379,1,1
26629,IPC,498A,1,1
26630,IPC,307,1,1
26630,BNS,109,2,2
26631,IPC,326,1,1
26632,IPC,326,1,1
26633,IPC,323,1,1
26634,IPC,420,1,1
26635,IPC,420,1,1
26636,IPC,66D-ITACT,1,1
26637,IPC,323,1,1
26638,IPC,420,1,1
26639,IPC,354,1,1
26640,IPC,392,1,1
26641,IPC,354,1,1
26642,IPC,379,1,1
26643,IPC,363,1,1
26644,BNS,64,1,1
26645,IPC,326,1,1
26646,IPC,498A,1,1
26647,IPC,326,1,1
26648,IPC,66D-ITACT,1,1
26649,IPC,406,1,1
26650,IPC,379,1,1
26651,IPC,420,1,1
26652,POCSO,4,1,1
26653,IPC,498A,1,1
26654,IPC,420,1,1
26655,IPC,379,1,1
26656,IPC,323,1,1
26657,IPC,380,1,1
26658,IPC,436,1,1
26659,IPC,354,1,1
26660,IPC,392,1,1
26661,IPC,498A,1,1
26662,IPC,392,1,1
26663,IPC,380,1,1
26664,IPC,420,1,1
26665,IPC,363,1,1
26666,IPC,395,1,1
26667,IPC,380,1,1
26668,IPC,307,1,1
26669,IPC,323,1,1
26670,IPC,66D-ITACT,1,1
26671,IPC,498A,1,1
26672,IPC,354,1,1
26673,IPC,323,1,1
26674,IPC,379,1,1
26675,IPC,147,1,1
26676,IPC,395,1,1
26677,IPC,147,1,1
26678,IPC,66D-ITACT,1,1
26679,IPC,304,1,1
26680,IPC,326,1,1
26681,IPC,380,1,1
26682,IPC,498A,1,1
26683,IPC,66D-ITACT,1,1
26684,IPC,380,1,1
26685,IPC,498A,1,1
26686,ARMS,25,1,1
26687,IPC,380,1,1
26688,IPC,380,1,1
26689,IPC,323,1,1
26690,IPC,498A,1,1
26691,IPC,380,1,1
26692,BNS,64,1,1
26693,IPC,392,1,1
26694,IPC,379,1,1
26695,ARMS,27,1,1
26696,IPC,379,1,1
26697,IPC,66D-ITACT,1,1
26698,IPC,66D-ITACT,1,1
26699,IPC,323,1,1
26700,IPC,379,1,1
26701,POCSO,4,1,1
26702,IPC,326,1,1
26703,IPC,144,1,1
26704,IPC,323,1,1
26705,IPC,380,1,1
26706,IPC,406,1,1
26707,NDPS,20,1,1
26708,IPC,379,1,1
26709,IPC,420,1,1
26710,IPC,304B,1,1
26711,IPC,406,1,1
26712,IPC,379A,1,1
26713,IPC,323,1,1
26714,IPC,406,1,1
26715,IPC,420,1,1
26716,IPC,379A,1,1
26717,IPC,379,1,1
26718,IPC,420,1,1
26719,IPC,406,1,1
26720,IPC,323,1,1
26721,IPC,406,1,1
26722,NDPS,20,1,1
26723,IPC,379A,1,1
26724,IPC,66D-ITACT,1,1
26725,IPC,354,1,1
26726,BNS,109,1,1
26727,IPC,323,1,1
26728,IPC,323,1,1
26729,IPC,323,1,1
26730,IPC,380,1,1
26731,BNS,109,1,1
26731,IPC,307,2,2
26732,IPC,406,1,1
26733,IPC,379,1,1
26734,IPC,489A,1,1
26735,IPC,420,1,1
26736,IPC,379,1,1
26737,IPC,147,1,1
26738,IPC,420,1,1
26739,BNS,64,1,1
26740,IPC,323,1,1
26741,IPC,66D-ITACT,1,1
26742,IPC,392,1,1
26743,IPC,354,1,1
26744,IPC,406,1,1
26745,IPC,354,1,1
26746,IPC,380,1,1
26747,IPC,380,1,1
26748,IPC,144,1,1
26749,IPC,420,1,1
26750,IPC,326,1,1
26751,IPC,326,1,1
26752,IPC,323,1,1
26753,IPC,392,1,1
26754,IPC,354,1,1
26755,IPC,379,1,1
26756,IPC,406,1,1
26757,IPC,147,1,1
26758,IPC,379,1,1
26759,IPC,406,1,1
26760,IPC,380,1,1
26761,IPC,379,1,1
26762,IPC,436,1,1
26763,IPC,323,1,1
26764,BNS,64,1,1
26765,IPC,379,1,1
26766,NDPS,20,1,1
26767,IPC,379,1,1
26768,IPC,326,1,1
26769,IPC,379,1,1
26770,IPC,323,1,1
26771,IPC,376,1,1
26771,BNS,64,2,2
26772,IPC,323,1,1
26773,IPC,392,1,1
26774,IPC,498A,1,1
26775,POCSO,4,1,1
26776,IPC,406,1,1
26777,IPC,498A,1,1
26778,IPC,498A,1,1
26779,IPC,379,1,1
26780,IPC,326,1,1
26781,IPC,420,1,1
26782,IPC,323,1,1
26783,IPC,379,1,1
26784,NDPS,20,1,1
26785,IPC,489A,1,1
26786,IPC,323,1,1
26787,IPC,376,1,1
26788,IPC,326,1,1
26789,ARMS,27,1,1
26789,ARMS,25,2,2
26790,IPC,323,1,1
26791,IPC,379,1,1
26792,BNS,109,1,1
26793,IPC,380,1,1
26794,IPC,66D-ITACT,1,1
26795,IPC,144,1,1
26796,IPC,379A,1,1
26797,IPC,498A,1,1
26798,IPC,323,1,1
26799,IPC,379,1,1
26800,IPC,379,1,1
26801,IPC,354,1,1
26802,IPC,379,1,1
26803,IPC,147,1,1
26804,BNS,64,1,1
26805,IPC,66D-ITACT,1,1
26806,IPC,420,1,1
26807,IPC,304,1,1
26808,IPC,498A,1,1
26809,IPC,498A,1,1
26810,IPC,406,1,1
26811,IPC,379A,1,1
26812,IPC,144,1,1
26813,IPC,379,1,1
26814,IPC,392,1,1
26815,IPC,379,1,1
26816,IPC,498A,1,1
26817,IPC,354,1,1
26818,IPC,363,1,1
26819,IPC,379,1,1
26820,IPC,354,1,1
26821,IPC,420,1,1
26822,IPC,326,1,1
26823,IPC,326,1,1
26824,IPC,66D-ITACT,1,1
26825,IPC,420,1,1
26826,IPC,379,1,1
26827,IPC,363,1,1
26828,IPC,326,1,1
26829,IPC,376,1,1
26830,IPC,379,1,1
26831,IPC,420,1,1
26832,IPC,302,1,1
26833,IPC,392,1,1
26834,IPC,436,1,1
26835,IPC,354,1,1
26836,IPC,420,1,1
26837,IPC,498A,1,1
26838,IPC,436,1,1
26839,IPC,380,1,1
26840,IPC,380,1,1
26841,IPC,380,1,1
26842,IPC,420,1,1
26843,IPC,326,1,1
26844,IPC,326,1,1
26845,IPC,380,1,1
26846,IPC,363,1,1
26847,IPC,380,1,1
26848,IPC,66D-ITACT,1,1
26849,IPC,326,1,1
26850,BNS,109,1,1
26851,IPC,379A,1,1
26852,IPC,420,1,1
26853,IPC,380,1,1
26854,IPC,66D-ITACT,1,1
26855,IPC,395,1,1
26856,IPC,392,1,1
26857,IPC,66D-ITACT,1,1
26858,IPC,66D-ITACT,1,1
26859,IPC,379,1,1
26860,IPC,380,1,1
26861,IPC,379A,1,1
26862,IPC,323,1,1
26863,IPC,66D-ITACT,1,1
26864,IPC,498A,1,1
26865,IPC,326,1,1
26866,IPC,436,1,1
26867,IPC,436,1,1
26868,IPC,420,1,1
26869,IPC,498A,1,1
26870,IPC,144,1,1
26871,IPC,304B,1,1
26872,IPC,379A,1,1
26873,IPC,66D-ITACT,1,1
26874,IPC,379,1,1
26875,IPC,420,1,1
26876,IPC,420,1,1
26877,IPC,354,1,1
26878,IPC,379,1,1
26879,IPC,323,1,1
26880,IPC,395,1,1
26881,IPC,66D-ITACT,1,1
26882,IPC,379,1,1
26883,IPC,406,1,1
26884,IPC,323,1,1
26885,IPC,436,1,1
26886,IPC,379A,1,1
26887,IPC,66D-ITACT,1,1
26888,IPC,304,1,1
26889,IPC,379,1,1
26890,ARMS,27,1,1
26890,ARMS,25,2,2
26891,IPC,379,1,1
26892,ARMS,27,1,1
26893,IPC,323,1,1
26894,IPC,392,1,1
26895,IPC,379A,1,1
26896,IPC,326,1,1
26897,BNS,64,1,1
26898,IPC,66D-ITACT,1,1
26899,IPC,420,1,1
26900,IPC,379,1,1
26901,IPC,436,1,1
26902,IPC,323,1,1
26903,IPC,363,1,1
26904,IPC,379,1,1
26905,IPC,363,1,1
26906,IPC,420,1,1
26907,IPC,323,1,1
26908,IPC,420,1,1
26909,IPC,380,1,1
26910,IPC,420,1,1
26911,IPC,326,1,1
26912,IPC,326,1,1
26913,IPC,379,1,1
26914,IPC,436,1,1
26915,IPC,420,1,1
26916,IPC,420,1,1
26917,IPC,354,1,1
26918,IPC,147,1,1
26919,IPC,363,1,1
26920,ARMS,25,1,1
26921,IPC,323,1,1
26922,IPC,379,1,1
26923,IPC,147,1,1
26924,IPC,436,1,1
26925,BNS,64,1,1
26926,IPC,379,1,1
26927,IPC,304B,1,1
26928,POCSO,4,1,1
26929,IPC,66D-ITACT,1,1
26930,BNS,64,1,1
26931,IPC,66D-ITACT,1,1
26932,IPC,379,1,1
26933,ARMS,25,1,1
26933,ARMS,27,2,2
26934,IPC,420,1,1
26935,IPC,380,1,1
26936,IPC,379,1,1
26937,IPC,323,1,1
26938,IPC,379A,1,1
26939,IPC,380,1,1
26940,IPC,420,1,1
26941,ARMS,25,1,1
26942,IPC,326,1,1
26943,IPC,392,1,1
26944,IPC,363,1,1
26945,IPC,498A,1,1
26946,IPC,379,1,1
26947,IPC,354,1,1
26948,IPC,498A,1,1
26949,IPC,302,1,1
26949,BNS,103,2,2
26950,IPC,379,1,1
26951,IPC,323,1,1
26952,IPC,379A,1,1
26953,IPC,380,1,1
26954,IPC,379,1,1
26955,IPC,304,1,1
26956,IPC,379,1,1
26957,IPC,420,1,1
26958,IPC,392,1,1
26959,IPC,379,1,1
26960,POCSO,4,1,1
26961,NDPS,20,1,1
26962,IPC,379A,1,1
26963,IPC,406,1,1
26964,IPC,498A,1,1
26965,IPC,392,1,1
26966,IPC,379,1,1
26967,NDPS,20,1,1
26968,IPC,420,1,1
26969,IPC,380,1,1
26970,IPC,323,1,1
26971,IPC,323,1,1
26972,IPC,326,1,1
26973,IPC,323,1,1
26974,IPC,363,1,1
26975,IPC,380,1,1
26976,IPC,406,1,1
26977,IPC,420,1,1
26978,IPC,363,1,1
26979,IPC,392,1,1
26980,IPC,380,1,1
26981,IPC,379,1,1
26982,IPC,379,1,1
26983,IPC,380,1,1
26984,IPC,406,1,1
26985,BNS,64,1,1
26986,IPC,379A,1,1
26987,IPC,420,1,1
26988,IPC,66D-ITACT,1,1
26989,IPC,323,1,1
26990,IPC,395,1,1
26991,IPC,379,1,1
26992,IPC,379,1,1
26993,IPC,326,1,1
26994,IPC,323,1,1
26995,IPC,392,1,1
26996,IPC,326,1,1
26997,POCSO,4,1,1
26998,POCSO,4,1,1
26999,IPC,354,1,1
27000,IPC,376,1,1
27001,IPC,392,1,1
27002,IPC,323,1,1
27003,IPC,379,1,1
27004,IPC,66D-ITACT,1,1
27005,IPC,420,1,1
27006,IPC,304B,1,1
27007,IPC,66D-ITACT,1,1
27008,IPC,380,1,1
27009,IPC,326,1,1
27010,IPC,379,1,1
27011,IPC,379,1,1
27012,IPC,379,1,1
27013,IPC,66D-ITACT,1,1
27014,IPC,147,1,1
27015,ARMS,25,1,1
27015,ARMS,27,2,2
27016,IPC,379,1,1
27017,IPC,379A,1,1
27018,IPC,66D-ITACT,1,1
27019,IPC,354,1,1
27020,IPC,420,1,1
27021,IPC,66D-ITACT,1,1
27022,IPC,420,1,1
27023,IPC,420,1,1
27024,ARMS,27,1,1
27024,ARMS,25,2,2
27025,IPC,326,1,1
27026,IPC,380,1,1
27027,IPC,379,1,1
27028,IPC,379,1,1
27029,IPC,363,1,1
27030,IPC,489A,1,1
27031,IPC,420,1,1
27032,IPC,144,1,1
27033,IPC,379,1,1
27034,IPC,323,1,1
27035,IPC,420,1,1
27036,IPC,323,1,1
27037,IPC,302,1,1
27037,BNS,103,2,2
27038,IPC,380,1,1
27039,IPC,379A,1,1
27040,IPC,498A,1,1
27041,IPC,326,1,1
27042,IPC,66D-ITACT,1,1
27043,IPC,406,1,1
27044,IPC,498A,1,1
27045,BNS,64,1,1
27046,IPC,379,1,1
27047,NDPS,20,1,1
27048,IPC,304,1,1
27049,IPC,379,1,1
27050,IPC,379A,1,1
27051,IPC,392,1,1
27052,IPC,323,1,1
27053,IPC,379,1,1
27054,IPC,144,1,1
27055,IPC,392,1,1
27056,IPC,323,1,1
27057,IPC,363,1,1
27058,IPC,436,1,1
27059,IPC,379,1,1
27060,IPC,304B,1,1
27061,IPC,380,1,1
27062,IPC,436,1,1
27063,IPC,379,1,1
27064,IPC,436,1,1
27065,IPC,379A,1,1
27066,IPC,380,1,1
27067,IPC,379A,1,1
27068,IPC,420,1,1
27069,IPC,326,1,1
27070,IPC,379,1,1
27071,IPC,379A,1,1
27072,IPC,354,1,1
27073,IPC,326,1,1
27074,IPC,380,1,1
27075,IPC,420,1,1
27076,IPC,363,1,1
27077,IPC,323,1,1
27078,IPC,380,1,1
27079,IPC,406,1,1
27080,IPC,326,1,1
27081,IPC,363,1,1
27082,IPC,304,1,1
27083,IPC,420,1,1
27084,IPC,498A,1,1
27085,IPC,326,1,1
27086,IPC,420,1,1
27087,IPC,380,1,1
27088,IPC,379,1,1
27089,IPC,379A,1,1
27090,IPC,379,1,1
27091,NDPS,20,1,1
27092,IPC,379A,1,1
27093,IPC,380,1,1
27094,IPC,379,1,1
27095,IPC,323,1,1
27096,IPC,326,1,1
27097,NDPS,20,1,1
27098,IPC,380,1,1
27099,IPC,379,1,1
27100,IPC,304,1,1
27101,IPC,420,1,1
27102,IPC,144,1,1
27103,IPC,380,1,1
27104,IPC,354,1,1
27105,IPC,406,1,1
27106,IPC,379,1,1
27107,ARMS,27,1,1
27108,IPC,379A,1,1
27109,IPC,498A,1,1
27110,IPC,379,1,1
27111,IPC,144,1,1
27112,IPC,354,1,1
27113,IPC,498A,1,1
27114,IPC,379,1,1
27115,IPC,326,1,1
27116,IPC,354,1,1
27117,IPC,323,1,1
27118,IPC,379,1,1
27119,BNS,109,1,1
27120,IPC,323,1,1
27121,IPC,323,1,1
27122,IPC,66D-ITACT,1,1
27123,IPC,147,1,1
27124,IPC,406,1,1
27125,IPC,420,1,1
27126,IPC,379,1,1
27127,IPC,354,1,1
27128,IPC,147,1,1
27129,IPC,379,1,1
27130,IPC,147,1,1
27131,IPC,354,1,1
27132,IPC,380,1,1
27133,IPC,406,1,1
27134,IPC,323,1,1
27135,IPC,323,1,1
27136,IPC,354,1,1
27137,IPC,379,1,1
27138,IPC,379A,1,1
27139,IPC,379,1,1
27140,IPC,379A,1,1
27141,POCSO,4,1,1
27142,IPC,395,1,1
27143,BNS,103,1,1
27143,IPC,302,2,2
27144,NDPS,20,1,1
27145,IPC,326,1,1
27146,IPC,326,1,1
27147,IPC,498A,1,1
27148,IPC,379,1,1
27149,IPC,379,1,1
27150,IPC,406,1,1
27151,IPC,379,1,1
27152,IPC,323,1,1
27153,BNS,64,1,1
27154,IPC,420,1,1
27155,IPC,354,1,1
27156,IPC,392,1,1
27157,IPC,363,1,1
27158,IPC,354,1,1
27159,IPC,147,1,1
27160,ARMS,25,1,1
27161,BNS,64,1,1
27162,IPC,380,1,1
27163,IPC,392,1,1
27164,IPC,406,1,1
27165,IPC,379,1,1
27166,IPC,498A,1,1
27167,IPC,498A,1,1
27168,IPC,354,1,1
27169,IPC,380,1,1
27170,IPC,302,1,1
27171,IPC,354,1,1
27172,IPC,436,1,1
27173,IPC,436,1,1
27174,IPC,147,1,1
27175,IPC,323,1,1
27176,IPC,498A,1,1
27177,IPC,379A,1,1
27178,IPC,379,1,1
27179,IPC,420,1,1
27180,IPC,379,1,1
27181,IPC,147,1,1
27182,NDPS,20,1,1
27183,IPC,379,1,1
27184,NDPS,20,1,1
27185,IPC,304,1,1
27186,POCSO,4,1,1
27187,IPC,66D-ITACT,1,1
27188,POCSO,4,1,1
27189,IPC,323,1,1
27190,IPC,323,1,1
27191,IPC,420,1,1
27192,IPC,489A,1,1
27193,IPC,498A,1,1
27194,POCSO,4,1,1
27195,IPC,379,1,1
27196,IPC,498A,1,1
27197,IPC,379,1,1
27198,IPC,406,1,1
27199,IPC,392,1,1
27200,ARMS,27,1,1
27201,NDPS,20,1,1
27202,ARMS,27,1,1
27202,ARMS,25,2,2
27203,IPC,66D-ITACT,1,1
27204,IPC,406,1,1
27205,POCSO,4,1,1
27206,IPC,323,1,1
27207,IPC,420,1,1
27208,BNS,64,1,1
27208,IPC,376,2,2
27209,ARMS,27,1,1
27210,IPC,354,1,1
27211,IPC,323,1,1
27212,IPC,323,1,1
27213,IPC,380,1,1
27214,IPC,498A,1,1
27215,IPC,392,1,1
27216,IPC,326,1,1
27217,IPC,147,1,1
27218,IPC,66D-ITACT,1,1
27219,IPC,144,1,1
27220,IPC,380,1,1
27221,IPC,379A,1,1
27222,IPC,420,1,1
27223,IPC,379A,1,1
27224,IPC,66D-ITACT,1,1
27225,IPC,489A,1,1
27226,IPC,489A,1,1
27227,IPC,323,1,1
27228,IPC,379,1,1
27229,IPC,326,1,1
27230,IPC,498A,1,1
27231,IPC,354,1,1
27232,IPC,380,1,1
27233,IPC,379A,1,1
27234,IPC,147,1,1
27235,IPC,363,1,1
27236,IPC,323,1,1
27237,IPC,392,1,1
27238,IPC,147,1,1
27239,IPC,498A,1,1
27240,ARMS,27,1,1
27241,IPC,406,1,1
27242,IPC,379A,1,1
27243,IPC,66D-ITACT,1,1
27244,IPC,406,1,1
27245,POCSO,4,1,1
27246,IPC,323,1,1
27247,IPC,392,1,1
27248,IPC,144,1,1
27249,ARMS,25,1,1
27250,IPC,436,1,1
27251,IPC,379,1,1
27252,IPC,323,1,1
27253,IPC,326,1,1
27254,IPC,498A,1,1
27255,IPC,392,1,1
27256,IPC,380,1,1
27257,BNS,109,1,1
27258,IPC,323,1,1
27259,IPC,379,1,1
27260,IPC,147,1,1
27261,IPC,66D-ITACT,1,1
27262,ARMS,27,1,1
27263,IPC,380,1,1
27264,IPC,376,1,1
27265,IPC,354,1,1
27266,IPC,363,1,1
27267,IPC,379,1,1
27268,IPC,380,1,1
27269,IPC,326,1,1
27270,IPC,392,1,1
27271,NDPS,20,1,1
27272,IPC,354,1,1
27273,IPC,379A,1,1
27274,IPC,66D-ITACT,1,1
27275,IPC,66D-ITACT,1,1
27276,IPC,380,1,1
27277,IPC,498A,1,1
27278,IPC,498A,1,1
27279,IPC,392,1,1
27280,IPC,363,1,1
27281,IPC,147,1,1
27282,IPC,379,1,1
27283,IPC,323,1,1
27284,IPC,420,1,1
27285,IPC,420,1,1
27286,IPC,392,1,1
27287,IPC,380,1,1
27288,BNS,103,1,1
27288,IPC,302,2,2
27289,IPC,379A,1,1
27290,IPC,380,1,1
27291,IPC,304B,1,1
27292,IPC,392,1,1
27293,IPC,326,1,1
27294,IPC,380,1,1
27295,IPC,380,1,1
27296,IPC,380,1,1
27297,IPC,379,1,1
27298,IPC,323,1,1
27299,POCSO,4,1,1
27300,IPC,392,1,1
27301,IPC,379A,1,1
27302,IPC,436,1,1
27303,IPC,323,1,1
27304,IPC,326,1,1
27305,ARMS,25,1,1
27305,ARMS,27,2,2
27306,IPC,144,1,1
27307,IPC,379,1,1
27308,IPC,354,1,1
27309,IPC,380,1,1
27310,IPC,379,1,1
27311,IPC,379,1,1
27312,IPC,498A,1,1
27313,IPC,380,1,1
27314,IPC,144,1,1
27315,IPC,144,1,1
27316,IPC,379,1,1
27317,IPC,66D-ITACT,1,1
27318,IPC,420,1,1
27319,IPC,326,1,1
27320,IPC,323,1,1
27321,IPC,326,1,1
27322,IPC,379,1,1
27323,IPC,380,1,1
27324,IPC,354,1,1
27325,IPC,144,1,1
27326,IPC,326,1,1
27327,IPC,323,1,1
27328,IPC,323,1,1
27329,IPC,363,1,1
27330,IPC,380,1,1
27331,IPC,379,1,1
27332,IPC,323,1,1
27333,IPC,392,1,1
27334,IPC,436,1,1
27335,IPC,354,1,1
27336,IPC,498A,1,1
27337,IPC,379,1,1
27338,NDPS,20,1,1
27339,IPC,380,1,1
27340,BNS,64,1,1
27341,IPC,66D-ITACT,1,1
27342,IPC,392,1,1
27343,IPC,304B,1,1
27344,IPC,66D-ITACT,1,1
27345,IPC,406,1,1
27346,IPC,66D-ITACT,1,1
27347,IPC,380,1,1
27348,IPC,376,1,1
27348,BNS,64,2,2
27349,IPC,379,1,1
27350,IPC,363,1,1
27351,IPC,66D-ITACT,1,1
27352,IPC,379,1,1
27353,BNS,109,1,1
27354,IPC,66D-ITACT,1,1
27355,IPC,323,1,1
27356,IPC,395,1,1
27357,IPC,379,1,1
27358,IPC,489A,1,1
27359,IPC,420,1,1
27360,IPC,406,1,1
27361,IPC,436,1,1
27362,IPC,379A,1,1
27363,IPC,376,1,1
27363,BNS,64,2,2
27364,IPC,323,1,1
27365,IPC,66D-ITACT,1,1
27366,IPC,379A,1,1
27367,IPC,379A,1,1
27368,IPC,379,1,1
27369,IPC,498A,1,1
27370,NDPS,20,1,1
27371,IPC,323,1,1
27372,IPC,323,1,1
27373,IPC,379,1,1
27374,IPC,380,1,1
27375,IPC,144,1,1
27376,BNS,64,1,1
27377,IPC,436,1,1
27378,IPC,436,1,1
27379,IPC,147,1,1
27380,IPC,392,1,1
27381,IPC,307,1,1
27381,BNS,109,2,2
27382,BNS,103,1,1
27382,IPC,302,2,2
27383,IPC,392,1,1
27384,IPC,420,1,1
27385,IPC,363,1,1
27386,IPC,406,1,1
27387,IPC,406,1,1
27388,IPC,304,1,1
27389,IPC,406,1,1
27390,IPC,420,1,1
27391,IPC,498A,1,1
27392,IPC,66D-ITACT,1,1
27393,IPC,380,1,1
27394,IPC,498A,1,1
27395,IPC,379A,1,1
27396,IPC,66D-ITACT,1,1
27397,IPC,379,1,1
27398,IPC,379,1,1
27399,IPC,420,1,1
27400,IPC,420,1,1
27401,IPC,406,1,1
27402,IPC,498A,1,1
27403,IPC,379,1,1
27404,IPC,144,1,1
27405,IPC,380,1,1
27406,IPC,420,1,1
27407,IPC,354,1,1
27408,IPC,379,1,1
27409,IPC,379,1,1
27410,IPC,379A,1,1
27411,IPC,66D-ITACT,1,1
27412,IPC,380,1,1
27413,IPC,420,1,1
27414,IPC,379,1,1
27415,IPC,420,1,1
27416,IPC,363,1,1
27417,IPC,392,1,1
27418,IPC,436,1,1
27419,IPC,420,1,1
27420,IPC,380,1,1
27421,IPC,323,1,1
27422,BNS,64,1,1
27423,IPC,326,1,1
27424,IPC,498A,1,1
27425,IPC,420,1,1
27426,IPC,323,1,1
27427,IPC,363,1,1
27428,IPC,379A,1,1
27429,BNS,103,1,1
27429,IPC,302,2,2
27430,ARMS,25,1,1
27431,IPC,323,1,1
27432,IPC,379,1,1
27433,IPC,379,1,1
27434,IPC,66D-ITACT,1,1
27435,IPC,498A,1,1
27436,IPC,420,1,1
27437,IPC,380,1,1
27438,IPC,379,1,1
27439,IPC,326,1,1
27440,IPC,326,1,1
27441,IPC,392,1,1
27442,IPC,379A,1,1
27443,IPC,379,1,1
27444,IPC,363,1,1
27445,IPC,354,1,1
27446,IPC,380,1,1
27447,IPC,144,1,1
27448,IPC,498A,1,1
27449,IPC,304B,1,1
27450,IPC,144,1,1
27451,IPC,354,1,1
27452,BNS,109,1,1
27452,IPC,307,2,2
27453,IPC,304,1,1
27454,IPC,406,1,1
27455,IPC,380,1,1
27456,POCSO,4,1,1
27457,IPC,379,1,1
27458,IPC,379,1,1
27459,IPC,323,1,1
27460,IPC,420,1,1
27461,IPC,323,1,1
27462,IPC,302,1,1
27463,IPC,420,1,1
27464,IPC,379,1,1
27465,IPC,379,1,1
27466,IPC,376,1,1
27466,BNS,64,2,2
27467,IPC,379A,1,1
27468,IPC,326,1,1
27469,IPC,66D-ITACT,1,1
27470,IPC,379,1,1
27471,IPC,323,1,1
27472,IPC,379,1,1
27473,IPC,420,1,1
27474,IPC,323,1,1
27475,IPC,379,1,1
27476,IPC,66D-ITACT,1,1
27477,IPC,392,1,1
27478,IPC,392,1,1
27479,IPC,323,1,1
27480,IPC,66D-ITACT,1,1
27481,BNS,64,1,1
27482,IPC,323,1,1
27483,IPC,406,1,1
27484,IPC,420,1,1
27485,IPC,436,1,1
27486,IPC,326,1,1
27487,IPC,392,1,1
27488,NDPS,20,1,1
27489,IPC,420,1,1
27490,IPC,379,1,1
27491,BNS,64,1,1
27492,IPC,379,1,1
27493,IPC,302,1,1
27493,BNS,103,2,2
27494,IPC,392,1,1
27495,IPC,420,1,1
27496,IPC,66D-ITACT,1,1
27497,IPC,66D-ITACT,1,1
27498,IPC,147,1,1
27499,IPC,323,1,1
27500,NDPS,20,1,1
27501,IPC,489A,1,1
27502,IPC,379,1,1
27503,IPC,379A,1,1
27504,IPC,498A,1,1
27505,IPC,326,1,1
27506,IPC,436,1,1
27507,IPC,379,1,1
27508,ARMS,27,1,1
27509,IPC,354,1,1
27510,BNS,109,1,1
27511,IPC,392,1,1
27512,IPC,66D-ITACT,1,1
27513,IPC,66D-ITACT,1,1
27514,IPC,354,1,1
27515,IPC,379,1,1
27516,IPC,379,1,1
27517,IPC,66D-ITACT,1,1
27518,IPC,379,1,1
27519,IPC,323,1,1
27520,IPC,66D-ITACT,1,1
27521,IPC,379,1,1
27522,IPC,379,1,1
27523,IPC,379A,1,1
27524,IPC,354,1,1
27525,IPC,420,1,1
27526,IPC,379A,1,1
27527,IPC,354,1,1
27528,IPC,379,1,1
27529,IPC,379,1,1
27530,ARMS,25,1,1
27531,IPC,498A,1,1
27532,IPC,420,1,1
27533,NDPS,20,1,1
27534,IPC,420,1,1
27535,IPC,379A,1,1
27536,IPC,66D-ITACT,1,1
27537,POCSO,4,1,1
27538,IPC,66D-ITACT,1,1
27539,IPC,395,1,1
27540,NDPS,20,1,1
27541,IPC,489A,1,1
27542,IPC,395,1,1
27543,IPC,326,1,1
27544,ARMS,25,1,1
27545,IPC,406,1,1
27546,POCSO,4,1,1
27547,IPC,66D-ITACT,1,1
27548,IPC,323,1,1
27549,IPC,420,1,1
27550,IPC,144,1,1
27551,IPC,420,1,1
27552,ARMS,27,1,1
27552,ARMS,25,2,2
27553,IPC,379,1,1
27554,POCSO,4,1,1
27555,IPC,66D-ITACT,1,1
27556,IPC,420,1,1
27557,IPC,420,1,1
27558,IPC,379,1,1
27559,IPC,420,1,1
27560,IPC,380,1,1
27561,IPC,380,1,1
27562,IPC,326,1,1
27563,IPC,420,1,1
27564,IPC,420,1,1
27565,IPC,66D-ITACT,1,1
27566,IPC,498A,1,1
27567,IPC,498A,1,1
27568,BNS,109,1,1
27569,IPC,66D-ITACT,1,1
27570,IPC,406,1,1
27571,IPC,323,1,1
27572,IPC,147,1,1
27573,IPC,420,1,1
27574,BNS,109,1,1
27575,IPC,66D-ITACT,1,1
27576,IPC,66D-ITACT,1,1
27577,IPC,406,1,1
27578,IPC,420,1,1
27579,IPC,379,1,1
27580,BNS,103,1,1
27580,IPC,302,2,2
27581,IPC,379,1,1
27582,IPC,376,1,1
27583,IPC,304B,1,1
27584,IPC,326,1,1
27585,IPC,323,1,1
27586,IPC,380,1,1
27587,IPC,144,1,1
27588,IPC,380,1,1
27589,IPC,420,1,1
27590,POCSO,4,1,1
27591,IPC,420,1,1
27592,IPC,379,1,1
27593,IPC,323,1,1
27594,POCSO,4,1,1
27595,IPC,66D-ITACT,1,1
27596,IPC,304,1,1
27597,IPC,147,1,1
27598,IPC,420,1,1
27599,IPC,363,1,1
27600,IPC,379,1,1
27601,IPC,379,1,1
27602,IPC,392,1,1
27603,ARMS,27,1,1
27604,IPC,380,1,1
27605,IPC,392,1,1
27606,IPC,380,1,1
27607,IPC,380,1,1
27608,IPC,379A,1,1
27609,IPC,406,1,1
27610,IPC,420,1,1
27611,BNS,103,1,1
27612,IPC,66D-ITACT,1,1
27613,IPC,323,1,1
27614,IPC,380,1,1
27615,IPC,354,1,1
27616,IPC,420,1,1
27617,IPC,66D-ITACT,1,1
27618,IPC,420,1,1
27619,IPC,379,1,1
27620,IPC,379,1,1
27621,IPC,420,1,1
27622,IPC,323,1,1
27623,IPC,323,1,1
27624,IPC,379,1,1
27625,IPC,302,1,1
27626,IPC,147,1,1
27627,IPC,379A,1,1
27628,IPC,379A,1,1
27629,IPC,379,1,1
27630,IPC,66D-ITACT,1,1
27631,IPC,380,1,1
27632,IPC,379A,1,1
27633,IPC,66D-ITACT,1,1
27634,BNS,109,1,1
27635,IPC,379,1,1
27636,IPC,379,1,1
27637,IPC,144,1,1
27638,IPC,323,1,1
27639,IPC,380,1,1
27640,IPC,323,1,1
27641,IPC,323,1,1
27642,IPC,326,1,1
27643,IPC,326,1,1
27644,IPC,379A,1,1
27645,IPC,420,1,1
27646,IPC,376,1,1
27647,IPC,326,1,1
27648,IPC,66D-ITACT,1,1
27649,IPC,379,1,1
27650,IPC,406,1,1
27651,IPC,326,1,1
27652,IPC,420,1,1
27653,IPC,498A,1,1
27654,IPC,379,1,1
27655,IPC,380,1,1
27656,POCSO,4,1,1
27657,IPC,379,1,1
27658,IPC,379,1,1
27659,BNS,64,1,1
27660,IPC,380,1,1
27661,NDPS,20,1,1
27662,POCSO,4,1,1
27663,IPC,326,1,1
27664,IPC,498A,1,1
27665,IPC,380,1,1
27666,IPC,379,1,1
27667,ARMS,27,1,1
27668,IPC,420,1,1
27669,IPC,380,1,1
27670,IPC,380,1,1
27671,IPC,379,1,1
27672,NDPS,20,1,1
27673,IPC,379,1,1
27674,IPC,380,1,1
27675,IPC,354,1,1
27676,IPC,420,1,1
27677,IPC,392,1,1
27678,IPC,380,1,1
27679,IPC,326,1,1
27680,IPC,363,1,1
27681,POCSO,4,1,1
27682,IPC,66D-ITACT,1,1
27683,NDPS,20,1,1
27684,IPC,406,1,1
27685,IPC,379A,1,1
27686,IPC,380,1,1
27687,IPC,326,1,1
27688,IPC,379,1,1
27689,IPC,498A,1,1
27690,IPC,323,1,1
27691,IPC,323,1,1
27692,IPC,420,1,1
27693,IPC,326,1,1
27694,IPC,323,1,1
27695,IPC,66D-ITACT,1,1
27696,IPC,326,1,1
27697,IPC,489A,1,1
27698,IPC,379A,1,1
27699,IPC,420,1,1
27700,IPC,380,1,1
27701,IPC,420,1,1
27702,IPC,498A,1,1
27703,IPC,354,1,1
27704,IPC,379,1,1
27705,IPC,380,1,1
27706,IPC,323,1,1
27707,IPC,380,1,1
27708,NDPS,20,1,1
27709,IPC,302,1,1
27710,IPC,147,1,1
27711,IPC,66D-ITACT,1,1
27712,IPC,380,1,1
27713,IPC,66D-ITACT,1,1
27714,IPC,147,1,1
27715,IPC,379,1,1
27716,POCSO,4,1,1
27717,IPC,144,1,1
27718,IPC,392,1,1
27719,IPC,420,1,1
27720,IPC,392,1,1
27721,IPC,436,1,1
27722,IPC,380,1,1
27723,IPC,326,1,1
27724,IPC,326,1,1
27725,IPC,66D-ITACT,1,1
27726,NDPS,20,1,1
27727,IPC,323,1,1
27728,IPC,147,1,1
27729,IPC,144,1,1
27730,IPC,379,1,1
27731,ARMS,25,1,1
27731,ARMS,27,2,2
27732,IPC,323,1,1
27733,IPC,379,1,1
27734,NDPS,20,1,1
27735,IPC,66D-ITACT,1,1
27736,IPC,380,1,1
27737,IPC,379A,1,1
27738,IPC,498A,1,1
27739,IPC,379,1,1
27740,NDPS,20,1,1
27741,IPC,379,1,1
27742,IPC,498A,1,1
27743,IPC,363,1,1
27744,IPC,380,1,1
27745,IPC,379,1,1
27746,IPC,436,1,1
27747,IPC,323,1,1
27748,IPC,363,1,1
27749,POCSO,4,1,1
27750,POCSO,4,1,1
27751,IPC,379,1,1
27752,ARMS,27,1,1
27752,ARMS,25,2,2
27753,IPC,392,1,1
27754,IPC,380,1,1
27755,IPC,379,1,1
27756,IPC,323,1,1
27757,IPC,326,1,1
27758,IPC,379,1,1
27759,IPC,392,1,1
27760,IPC,144,1,1
27761,IPC,66D-ITACT,1,1
27762,IPC,380,1,1
27763,IPC,379A,1,1
27764,IPC,436,1,1
27765,IPC,380,1,1
27766,IPC,489A,1,1
27767,IPC,363,1,1
27768,ARMS,25,1,1
27769,IPC,379A,1,1
27770,IPC,379A,1,1
27771,IPC,323,1,1
27772,NDPS,20,1,1
27773,IPC,379,1,1
27774,IPC,323,1,1
27775,IPC,379A,1,1
27776,IPC,363,1,1
27777,IPC,379,1,1
27778,IPC,354,1,1
27779,IPC,379A,1,1
27780,IPC,363,1,1
27781,POCSO,4,1,1
27782,IPC,66D-ITACT,1,1
27783,IPC,379,1,1
27784,IPC,380,1,1
27785,IPC,406,1,1
27786,IPC,323,1,1
27787,IPC,144,1,1
27788,IPC,147,1,1
27789,IPC,66D-ITACT,1,1
27790,IPC,380,1,1
27791,IPC,66D-ITACT,1,1
27792,IPC,498A,1,1
27793,IPC,380,1,1
27794,IPC,379,1,1
27795,IPC,144,1,1
27796,IPC,379,1,1
27797,IPC,147,1,1
27798,IPC,379,1,1
27799,IPC,326,1,1
27800,IPC,392,1,1
27801,IPC,379,1,1
27802,IPC,379,1,1
27803,IPC,436,1,1
27804,BNS,109,1,1
27805,IPC,326,1,1
27806,IPC,323,1,1
27807,IPC,498A,1,1
27808,IPC,392,1,1
27809,IPC,379,1,1
27810,IPC,379,1,1
27811,IPC,326,1,1
27812,IPC,66D-ITACT,1,1
27813,IPC,392,1,1
27814,IPC,392,1,1
27815,IPC,380,1,1
27816,IPC,307,1,1
27817,IPC,406,1,1
27818,IPC,379,1,1
27819,IPC,379,1,1
27820,IPC,307,1,1
27821,IPC,326,1,1
27822,IPC,392,1,1
27823,IPC,379,1,1
27824,IPC,395,1,1
27825,IPC,354,1,1
27826,IPC,392,1,1
27827,IPC,66D-ITACT,1,1
27828,IPC,379A,1,1
27829,IPC,66D-ITACT,1,1
27830,IPC,379A,1,1
27831,IPC,420,1,1
27832,IPC,379,1,1
27833,NDPS,20,1,1
27834,IPC,354,1,1
27835,IPC,420,1,1
27836,POCSO,4,1,1
27837,IPC,392,1,1
27838,IPC,354,1,1
27839,IPC,406,1,1
27840,BNS,109,1,1
27841,NDPS,20,1,1
27842,IPC,354,1,1
27843,IPC,420,1,1
27844,POCSO,4,1,1
27845,IPC,144,1,1
27846,IPC,326,1,1
27847,IPC,379,1,1
27848,IPC,406,1,1
27849,IPC,144,1,1
27850,IPC,420,1,1
27851,IPC,354,1,1
27852,IPC,380,1,1
27853,BNS,103,1,1
27854,IPC,380,1,1
27855,IPC,363,1,1
27856,IPC,307,1,1
27857,IPC,498A,1,1
27858,IPC,354,1,1
27859,IPC,379A,1,1
27860,IPC,420,1,1
27861,IPC,147,1,1
27862,IPC,379,1,1
27863,BNS,109,1,1
27864,IPC,379,1,1
27865,IPC,420,1,1
27866,IPC,498A,1,1
27867,IPC,354,1,1
27868,IPC,144,1,1
27869,IPC,380,1,1
27870,IPC,323,1,1
27871,IPC,363,1,1
27872,IPC,379,1,1
27873,IPC,354,1,1
27874,IPC,323,1,1
27875,IPC,323,1,1
27876,IPC,326,1,1
27877,IPC,302,1,1
27877,BNS,103,2,2
27878,IPC,498A,1,1
27879,IPC,304,1,1
27880,IPC,323,1,1
27881,ARMS,25,1,1
27882,IPC,379,1,1
27883,IPC,302,1,1
27884,IPC,66D-ITACT,1,1
27885,IPC,354,1,1
27886,IPC,354,1,1
27887,IPC,406,1,1
27888,IPC,380,1,1
27889,IPC,379,1,1
27890,IPC,420,1,1
27891,ARMS,25,1,1
27891,ARMS,27,2,2
27892,IPC,379,1,1
27893,IPC,420,1,1
27894,IPC,379,1,1
27895,IPC,363,1,1
27896,IPC,354,1,1
27897,IPC,363,1,1
27898,IPC,380,1,1
27899,IPC,489A,1,1
27900,IPC,144,1,1
27901,IPC,406,1,1
27902,IPC,380,1,1
27903,IPC,379A,1,1
27904,IPC,326,1,1
27905,IPC,304,1,1
27906,IPC,380,1,1
27907,IPC,379,1,1
27908,IPC,323,1,1
27909,IPC,376,1,1
27910,IPC,379A,1,1
27911,IPC,66D-ITACT,1,1
27912,IPC,379,1,1
27913,NDPS,20,1,1
27914,IPC,420,1,1
27915,IPC,379,1,1
27916,IPC,395,1,1
27917,IPC,379,1,1
27918,IPC,323,1,1
27919,IPC,66D-ITACT,1,1
27920,ARMS,27,1,1
27921,IPC,304B,1,1
27922,POCSO,4,1,1
27923,IPC,66D-ITACT,1,1
27924,IPC,379,1,1
27925,IPC,379,1,1
27926,IPC,307,1,1
27927,IPC,395,1,1
27928,IPC,379A,1,1
27929,IPC,380,1,1
27930,IPC,379,1,1
27931,IPC,304B,1,1
27932,IPC,420,1,1
27933,IPC,379A,1,1
27934,IPC,489A,1,1
27935,IPC,379,1,1
27936,IPC,379A,1,1
27937,IPC,363,1,1
27938,IPC,354,1,1
27939,IPC,379,1,1
27940,IPC,420,1,1
27941,IPC,66D-ITACT,1,1
27942,IPC,380,1,1
27943,IPC,323,1,1
27944,BNS,109,1,1
27944,IPC,307,2,2
27945,IPC,489A,1,1
27946,IPC,420,1,1
27947,IPC,379,1,1
27948,IPC,144,1,1
27949,IPC,379,1,1
27950,IPC,379,1,1
27951,IPC,420,1,1
27952,IPC,354,1,1
27953,IPC,406,1,1
27954,IPC,354,1,1
27955,IPC,323,1,1
27956,IPC,380,1,1
27957,IPC,323,1,1
27958,NDPS,20,1,1
27959,IPC,379,1,1
27960,IPC,420,1,1
27961,IPC,379,1,1
27962,IPC,354,1,1
27963,IPC,147,1,1
27964,IPC,323,1,1
27965,IPC,380,1,1
27966,IPC,379A,1,1
27967,IPC,406,1,1
27968,IPC,326,1,1
27969,IPC,420,1,1
27970,IPC,323,1,1
27971,IPC,379,1,1
27972,IPC,380,1,1
27973,IPC,498A,1,1
27974,IPC,379,1,1
27975,IPC,379,1,1
27976,ARMS,27,1,1
27977,POCSO,4,1,1
27978,IPC,66D-ITACT,1,1
27979,IPC,420,1,1
27980,IPC,379A,1,1
27981,IPC,379,1,1
27982,IPC,406,1,1
27983,IPC,420,1,1
27984,IPC,323,1,1
27985,IPC,379A,1,1
27986,IPC,379,1,1
27987,IPC,498A,1,1
27988,IPC,379,1,1
27989,IPC,498A,1,1
27990,IPC,380,1,1
27991,IPC,66D-ITACT,1,1
27992,IPC,326,1,1
27993,IPC,392,1,1
27994,IPC,379,1,1
27995,IPC,379A,1,1
27996,NDPS,20,1,1
27997,IPC,379,1,1
27998,IPC,406,1,1
27999,IPC,379A,1,1
28000,IPC,379A,1,1
28001,IPC,406,1,1
28002,IPC,379A,1,1
28003,IPC,66D-ITACT,1,1
28004,IPC,420,1,1
28005,POCSO,4,1,1
28006,IPC,66D-ITACT,1,1
28007,IPC,379,1,1
28008,IPC,304,1,1
28009,IPC,392,1,1
28010,BNS,64,1,1
28011,IPC,498A,1,1
28012,IPC,379A,1,1
28013,IPC,379A,1,1
28014,IPC,323,1,1
28015,IPC,379A,1,1
28016,IPC,379,1,1
28017,IPC,420,1,1
28018,IPC,498A,1,1
28019,IPC,392,1,1
28020,BNS,109,1,1
28021,IPC,380,1,1
28022,IPC,376,1,1
28023,POCSO,4,1,1
28024,IPC,323,1,1
28025,IPC,420,1,1
28026,POCSO,4,1,1
28027,IPC,379,1,1
28028,IPC,420,1,1
28029,IPC,380,1,1
28030,IPC,147,1,1
28031,IPC,420,1,1
28032,IPC,436,1,1
28033,IPC,498A,1,1
28034,IPC,363,1,1
28035,IPC,406,1,1
28036,IPC,323,1,1
28037,IPC,406,1,1
28038,IPC,380,1,1
28039,IPC,392,1,1
28040,IPC,380,1,1
28041,IPC,392,1,1
28042,IPC,379,1,1
28043,IPC,379,1,1
28044,IPC,379,1,1
28045,IPC,379,1,1
28046,NDPS,20,1,1
28047,IPC,406,1,1
28048,IPC,147,1,1
28049,IPC,379,1,1
28050,IPC,379A,1,1
28051,IPC,379,1,1
28052,IPC,379,1,1
28053,IPC,304B,1,1
28054,IPC,354,1,1
28055,IPC,323,1,1
28056,IPC,302,1,1
28056,BNS,103,2,2
28057,IPC,380,1,1
28058,IPC,420,1,1
28059,IPC,147,1,1
28060,IPC,326,1,1
28061,IPC,420,1,1
28062,IPC,144,1,1
28063,IPC,363,1,1
28064,IPC,379,1,1
28065,IPC,307,1,1
28065,BNS,109,2,2
28066,IPC,323,1,1
28067,IPC,147,1,1
28068,IPC,323,1,1
28069,IPC,380,1,1
28070,IPC,379A,1,1
28071,IPC,379A,1,1
28072,IPC,380,1,1
28073,POCSO,4,1,1
28074,IPC,379A,1,1
28075,IPC,323,1,1
28076,IPC,66D-ITACT,1,1
28077,IPC,66D-ITACT,1,1
28078,NDPS,20,1,1
28079,IPC,66D-ITACT,1,1
28080,IPC,323,1,1
28081,ARMS,27,1,1
28082,IPC,354,1,1
28083,IPC,436,1,1
28084,IPC,323,1,1
28085,IPC,379,1,1
28086,IPC,326,1,1
28087,POCSO,4,1,1
28088,IPC,379,1,1
28089,IPC,354,1,1
28090,IPC,147,1,1
28091,IPC,420,1,1
28092,IPC,380,1,1
28093,IPC,323,1,1
28094,IPC,380,1,1
28095,BNS,103,1,1
28096,IPC,379,1,1
28097,IPC,379A,1,1
28098,IPC,436,1,1
28099,IPC,498A,1,1
28100,IPC,66D-ITACT,1,1
28101,IPC,323,1,1
28102,IPC,379A,1,1
28103,IPC,323,1,1
28104,IPC,395,1,1
28105,IPC,66D-ITACT,1,1
28106,IPC,304,1,1
28107,IPC,66D-ITACT,1,1
28108,IPC,323,1,1
28109,IPC,379,1,1
28110,IPC,363,1,1
28111,IPC,420,1,1
28112,IPC,326,1,1
28113,IPC,392,1,1
28114,IPC,323,1,1
28115,ARMS,27,1,1
28116,BNS,64,1,1
28117,IPC,380,1,1
28118,IPC,354,1,1
28119,IPC,420,1,1
28120,IPC,380,1,1
28121,IPC,379A,1,1
28122,IPC,323,1,1
28123,IPC,420,1,1
28124,IPC,395,1,1
28125,IPC,66D-ITACT,1,1
28126,IPC,420,1,1
28127,IPC,147,1,1
28128,IPC,326,1,1
28129,IPC,392,1,1
28130,IPC,144,1,1
28131,IPC,66D-ITACT,1,1
28132,IPC,376,1,1
28132,BNS,64,2,2
28133,IPC,379,1,1
28134,IPC,354,1,1
28135,NDPS,20,1,1
28136,IPC,323,1,1
28137,IPC,376,1,1
28138,IPC,436,1,1
28139,POCSO,4,1,1
28140,IPC,323,1,1
28141,IPC,420,1,1
28142,IPC,392,1,1
28143,NDPS,20,1,1
28144,IPC,392,1,1
28145,IPC,323,1,1
28146,IPC,420,1,1
28147,IPC,380,1,1
28148,IPC,354,1,1
28149,IPC,406,1,1
28150,IPC,326,1,1
28151,IPC,326,1,1
28152,IPC,66D-ITACT,1,1
28153,IPC,379,1,1
28154,IPC,380,1,1
28155,IPC,354,1,1
28156,NDPS,20,1,1
28157,IPC,147,1,1
28158,BNS,64,1,1
28159,IPC,66D-ITACT,1,1
28160,IPC,326,1,1
28161,IPC,395,1,1
28162,IPC,304B,1,1
28163,IPC,379,1,1
28164,IPC,406,1,1
28165,IPC,379,1,1
28166,IPC,66D-ITACT,1,1
28167,IPC,376,1,1
28168,IPC,498A,1,1
28169,IPC,380,1,1
28170,IPC,379A,1,1
28171,IPC,420,1,1
28172,IPC,406,1,1
28173,IPC,379,1,1
28174,IPC,323,1,1
28175,IPC,144,1,1
28176,IPC,323,1,1
28177,IPC,379A,1,1
28178,IPC,326,1,1
28179,IPC,147,1,1
28180,IPC,363,1,1
28181,IPC,379A,1,1
28182,IPC,420,1,1
28183,IPC,498A,1,1
28184,IPC,66D-ITACT,1,1
28185,IPC,498A,1,1
28186,IPC,392,1,1
28187,POCSO,4,1,1
28188,IPC,323,1,1
28189,IPC,304,1,1
28190,IPC,406,1,1
28191,IPC,498A,1,1
28192,IPC,354,1,1
28193,ARMS,25,1,1
28193,ARMS,27,2,2
28194,IPC,326,1,1
28195,IPC,326,1,1
28196,POCSO,4,1,1
28197,IPC,379,1,1
28198,IPC,379,1,1
28199,IPC,379A,1,1
28200,ARMS,27,1,1
28201,IPC,380,1,1
28202,IPC,323,1,1
28203,IPC,66D-ITACT,1,1
28204,IPC,380,1,1
28205,IPC,379,1,1
28206,IPC,379,1,1
28207,IPC,392,1,1
28208,IPC,380,1,1
28209,IPC,323,1,1
28210,IPC,379A,1,1
28211,IPC,420,1,1
28212,IPC,392,1,1
28213,IPC,323,1,1
28214,IPC,392,1,1
28215,IPC,379,1,1
28216,IPC,326,1,1
28217,IPC,66D-ITACT,1,1
28218,IPC,323,1,1
28219,IPC,436,1,1
28220,NDPS,20,1,1
28221,IPC,326,1,1
28222,IPC,354,1,1
28223,IPC,363,1,1
28224,IPC,323,1,1
28225,IPC,392,1,1
28226,POCSO,4,1,1
28227,IPC,323,1,1
28228,IPC,436,1,1
28229,IPC,363,1,1
28230,IPC,498A,1,1
28231,IPC,379A,1,1
28232,IPC,379,1,1
28233,IPC,436,1,1
28234,IPC,147,1,1
28235,IPC,326,1,1
28236,IPC,323,1,1
28237,IPC,147,1,1
28238,IPC,66D-ITACT,1,1
28239,IPC,392,1,1
28240,IPC,380,1,1
28241,IPC,323,1,1
28242,IPC,420,1,1
28243,IPC,379,1,1
28244,IPC,363,1,1
28245,IPC,66D-ITACT,1,1
28246,IPC,304,1,1
28247,IPC,304B,1,1
28248,IPC,379,1,1
28249,IPC,379A,1,1
28250,IPC,66D-ITACT,1,1
28251,ARMS,27,1,1
28252,IPC,304B,1,1
28253,IPC,144,1,1
28254,BNS,64,1,1
28254,IPC,376,2,2
28255,IPC,379,1,1
28256,BNS,103,1,1
28257,IPC,323,1,1
28258,IPC,498A,1,1
28259,IPC,379,1,1
28260,IPC,420,1,1
28261,IPC,323,1,1
28262,IPC,392,1,1
28263,IPC,380,1,1
28264,IPC,323,1,1
28265,IPC,489A,1,1
28266,IPC,379,1,1
28267,IPC,380,1,1
28268,IPC,147,1,1
28269,IPC,392,1,1
28270,IPC,406,1,1
28271,IPC,420,1,1
28272,IPC,354,1,1
28273,IPC,354,1,1
28274,IPC,66D-ITACT,1,1
28275,IPC,326,1,1
28276,IPC,379,1,1
28277,IPC,420,1,1
28278,IPC,379,1,1
28279,IPC,379,1,1
28280,IPC,498A,1,1
28281,IPC,379,1,1
28282,IPC,379,1,1
28283,IPC,380,1,1
28284,IPC,498A,1,1
28285,IPC,498A,1,1
28286,IPC,420,1,1
28287,IPC,66D-ITACT,1,1
28288,IPC,406,1,1
28289,IPC,379A,1,1
28290,IPC,323,1,1
28291,IPC,406,1,1
28292,IPC,379,1,1
28293,IPC,498A,1,1
28294,IPC,379,1,1
28295,IPC,498A,1,1
28296,NDPS,20,1,1
28297,IPC,379A,1,1
28298,BNS,109,1,1
28299,IPC,392,1,1
28300,IPC,379,1,1
28301,IPC,395,1,1
28302,IPC,354,1,1
28303,IPC,420,1,1
28304,IPC,379,1,1
28305,IPC,392,1,1
28306,IPC,379,1,1
28307,IPC,379,1,1
28308,IPC,380,1,1
28309,IPC,392,1,1
28310,IPC,379,1,1
28311,IPC,326,1,1
28312,IPC,498A,1,1
28313,IPC,304B,1,1
28314,IPC,66D-ITACT,1,1
28315,BNS,103,1,1
28316,IPC,66D-ITACT,1,1
28317,IPC,380,1,1
28318,IPC,354,1,1
28319,IPC,379,1,1
28320,IPC,376,1,1
28321,IPC,420,1,1
28322,IPC,326,1,1
28323,IPC,498A,1,1
28324,IPC,379A,1,1
28325,IPC,489A,1,1
28326,IPC,323,1,1
28327,IPC,66D-ITACT,1,1
28328,IPC,379A,1,1
28329,IPC,380,1,1
28330,IPC,489A,1,1
28331,IPC,498A,1,1
28332,BNS,109,1,1
28333,IPC,354,1,1
28334,IPC,323,1,1
28335,IPC,323,1,1
28336,IPC,354,1,1
28337,IPC,420,1,1
28338,IPC,498A,1,1
28339,IPC,379,1,1
28340,IPC,406,1,1
28341,IPC,326,1,1
28342,IPC,363,1,1
28343,IPC,379,1,1
28344,IPC,379,1,1
28345,IPC,66D-ITACT,1,1
28346,IPC,323,1,1
28347,IPC,379A,1,1
28348,IPC,379,1,1
28349,IPC,380,1,1
28350,IPC,379,1,1
28351,IPC,406,1,1
28352,IPC,392,1,1
28353,IPC,379,1,1
28354,IPC,323,1,1
28355,IPC,406,1,1
28356,IPC,379,1,1
28357,IPC,380,1,1
28358,IPC,379,1,1
28359,IPC,379A,1,1
28360,IPC,147,1,1
28361,IPC,406,1,1
28362,IPC,323,1,1
28363,IPC,379,1,1
28364,IPC,380,1,1
28365,IPC,323,1,1
28366,IPC,379,1,1
28367,IPC,379,1,1
28368,IPC,379,1,1
28369,IPC,147,1,1
28370,IPC,406,1,1
28371,IPC,379A,1,1
28372,IPC,420,1,1
28373,IPC,498A,1,1
28374,NDPS,20,1,1
28375,IPC,323,1,1
28376,IPC,354,1,1
28377,IPC,144,1,1
28378,IPC,420,1,1
28379,IPC,379,1,1
28380,IPC,363,1,1
28381,IPC,323,1,1
28382,BNS,103,1,1
28383,IPC,379,1,1
28384,IPC,66D-ITACT,1,1
28385,IPC,66D-ITACT,1,1
28386,IPC,66D-ITACT,1,1
28387,IPC,420,1,1
28388,IPC,326,1,1
28389,IPC,354,1,1
28390,IPC,379,1,1
28391,IPC,323,1,1
28392,IPC,420,1,1
28393,IPC,498A,1,1
28394,IPC,323,1,1
28395,IPC,323,1,1
28396,IPC,147,1,1
28397,IPC,363,1,1
28398,IPC,323,1,1
28399,IPC,379,1,1
28400,ARMS,25,1,1
28401,POCSO,4,1,1
28402,IPC,147,1,1
28403,IPC,498A,1,1
28404,IPC,307,1,1
28405,IPC,376,1,1
28406,IPC,66D-ITACT,1,1
28407,IPC,326,1,1
28408,IPC,363,1,1
28409,IPC,326,1,1
28410,IPC,379A,1,1
28411,IPC,66D-ITACT,1,1
28412,IPC,379A,1,1
28413,IPC,380,1,1
28414,IPC,379,1,1
28415,IPC,379,1,1
28416,IPC,379A,1,1
28417,IPC,363,1,1
28418,IPC,379,1,1
28419,IPC,498A,1,1
28420,IPC,406,1,1
28421,IPC,326,1,1
28422,IPC,436,1,1
28423,IPC,420,1,1
28424,IPC,354,1,1
28425,IPC,379,1,1
28426,IPC,379A,1,1
28427,IPC,66D-ITACT,1,1
28428,IPC,379,1,1
28429,IPC,323,1,1
28430,IPC,147,1,1
28431,IPC,379,1,1
28432,IPC,379,1,1
28433,IPC,323,1,1
28434,IPC,379,1,1
28435,IPC,406,1,1
28436,IPC,379,1,1
28437,IPC,379A,1,1
28438,IPC,420,1,1
28439,IPC,406,1,1
28440,IPC,323,1,1
28441,IPC,379A,1,1
28442,IPC,379A,1,1
28443,IPC,392,1,1
28444,NDPS,20,1,1
28445,IPC,379,1,1
28446,IPC,379,1,1
28447,IPC,326,1,1
28448,IPC,379,1,1
28449,IPC,66D-ITACT,1,1
28450,IPC,379,1,1
28451,IPC,420,1,1
28452,IPC,379A,1,1
28453,IPC,379,1,1
28454,IPC,420,1,1
28455,IPC,380,1,1
28456,IPC,379A,1,1
28457,IPC,354,1,1
28458,IPC,406,1,1
28459,IPC,323,1,1
28460,IPC,379,1,1
28461,IPC,379A,1,1
28462,IPC,406,1,1
28463,NDPS,20,1,1
28464,IPC,307,1,1
28464,BNS,109,2,2
28465,IPC,392,1,1
28466,IPC,326,1,1
28467,IPC,379,1,1
28468,IPC,363,1,1
28469,IPC,323,1,1
28470,IPC,323,1,1
28471,NDPS,20,1,1
28472,IPC,379A,1,1
28473,IPC,354,1,1
28474,IPC,379A,1,1
28475,IPC,379A,1,1
28476,IPC,147,1,1
28477,IPC,420,1,1
28478,IPC,379,1,1
28479,POCSO,4,1,1
28480,IPC,380,1,1
28481,IPC,379A,1,1
28482,IPC,379,1,1
28483,IPC,304B,1,1
28484,IPC,379A,1,1
28485,BNS,64,1,1
28485,IPC,376,2,2
28486,IPC,379,1,1
28487,IPC,144,1,1
28488,IPC,379,1,1
28489,IPC,363,1,1
28490,IPC,323,1,1
28491,NDPS,20,1,1
28492,IPC,420,1,1
28493,IPC,498A,1,1
28494,IPC,379A,1,1
28495,IPC,66D-ITACT,1,1
28496,IPC,144,1,1
28497,NDPS,20,1,1
28498,BNS,103,1,1
28499,IPC,420,1,1
28500,IPC,380,1,1
28501,IPC,436,1,1
28502,IPC,326,1,1
28503,IPC,406,1,1
28504,IPC,420,1,1
28505,IPC,379A,1,1
28506,IPC,406,1,1
28507,IPC,144,1,1
28508,IPC,420,1,1
28509,IPC,379,1,1
28510,ARMS,27,1,1
28511,IPC,363,1,1
28512,IPC,420,1,1
28513,IPC,66D-ITACT,1,1
28514,IPC,66D-ITACT,1,1
28515,IPC,379,1,1
28516,IPC,406,1,1
28517,IPC,323,1,1
28518,IPC,498A,1,1
28519,IPC,66D-ITACT,1,1
28520,IPC,379A,1,1
28521,IPC,66D-ITACT,1,1
28522,IPC,323,1,1
28523,IPC,379A,1,1
28524,IPC,379,1,1
28525,IPC,420,1,1
28526,IPC,406,1,1
28527,IPC,420,1,1
28528,IPC,66D-ITACT,1,1
28529,IPC,66D-ITACT,1,1
28530,IPC,379A,1,1
28531,IPC,380,1,1
28532,IPC,498A,1,1
28533,IPC,379,1,1
28534,IPC,66D-ITACT,1,1
28535,IPC,420,1,1
28536,IPC,326,1,1
28537,IPC,420,1,1
28538,IPC,379A,1,1
28539,IPC,326,1,1
28540,IPC,436,1,1
28541,IPC,498A,1,1
28542,IPC,498A,1,1
28543,IPC,323,1,1
28544,IPC,379,1,1
28545,IPC,392,1,1
28546,IPC,323,1,1
28547,IPC,420,1,1
28548,IPC,379,1,1
28549,IPC,406,1,1
28550,IPC,326,1,1
28551,BNS,103,1,1
28552,IPC,323,1,1
28553,IPC,326,1,1
28554,IPC,323,1,1
28555,IPC,379,1,1
28556,IPC,420,1,1
28557,IPC,379,1,1
28558,IPC,379,1,1
28559,IPC,379A,1,1
28560,IPC,436,1,1
28561,IPC,147,1,1
28562,IPC,420,1,1
28563,NDPS,20,1,1
28564,IPC,380,1,1
28565,IPC,379A,1,1
28566,IPC,498A,1,1
28567,IPC,304B,1,1
28568,IPC,379,1,1
28569,IPC,489A,1,1
28570,IPC,498A,1,1
28571,IPC,326,1,1
28572,IPC,379,1,1
28573,IPC,66D-ITACT,1,1
28574,IPC,420,1,1
28575,IPC,379,1,1
28576,IPC,144,1,1
28577,IPC,66D-ITACT,1,1
28578,IPC,144,1,1
28579,IPC,66D-ITACT,1,1
28580,IPC,498A,1,1
28581,IPC,144,1,1
28582,IPC,380,1,1
28583,IPC,326,1,1
28584,IPC,420,1,1
28585,NDPS,20,1,1
28586,IPC,323,1,1
28587,IPC,307,1,1
28588,IPC,323,1,1
28589,IPC,66D-ITACT,1,1
28590,IPC,436,1,1
28591,IPC,498A,1,1
28592,IPC,379,1,1
28593,IPC,379A,1,1
28594,IPC,379,1,1
28595,IPC,380,1,1
28596,IPC,406,1,1
28597,IPC,363,1,1
28598,IPC,66D-ITACT,1,1
28599,IPC,498A,1,1
28600,IPC,326,1,1
28601,IPC,379A,1,1
28602,IPC,376,1,1
28603,IPC,420,1,1
28604,IPC,489A,1,1
28605,IPC,147,1,1
28606,IPC,420,1,1
28607,IPC,498A,1,1
28608,IPC,323,1,1
28609,IPC,379A,1,1
28610,IPC,323,1,1
28611,IPC,380,1,1
28612,IPC,307,1,1
28613,POCSO,4,1,1
28614,IPC,379,1,1
28615,IPC,379,1,1
28616,ARMS,25,1,1
28616,ARMS,27,2,2
28617,IPC,379,1,1
28618,IPC,436,1,1
28619,IPC,323,1,1
28620,IPC,395,1,1
28621,IPC,380,1,1
28622,IPC,379,1,1
28623,IPC,380,1,1
28624,IPC,363,1,1
28625,IPC,379A,1,1
28626,IPC,420,1,1
28627,IPC,380,1,1
28628,IPC,420,1,1
28629,IPC,379,1,1
28630,IPC,66D-ITACT,1,1
28631,IPC,354,1,1
28632,IPC,379,1,1
28633,IPC,66D-ITACT,1,1
28634,IPC,379,1,1
28635,IPC,354,1,1
28636,IPC,406,1,1
28637,IPC,66D-ITACT,1,1
28638,IPC,406,1,1
28639,IPC,380,1,1
28640,IPC,380,1,1
28641,IPC,380,1,1
28642,IPC,304,1,1
28643,IPC,379,1,1
28644,IPC,380,1,1
28645,IPC,420,1,1
28646,IPC,323,1,1
28647,IPC,379,1,1
28648,IPC,379,1,1
28649,IPC,420,1,1
28650,IPC,379A,1,1
28651,IPC,406,1,1
28652,IPC,420,1,1
28653,IPC,379,1,1
28654,POCSO,4,1,1
28655,ARMS,25,1,1
28656,IPC,323,1,1
28657,IPC,379,1,1
28658,IPC,498A,1,1
28659,IPC,379,1,1
28660,IPC,380,1,1
28661,IPC,379,1,1
28662,IPC,323,1,1
28663,IPC,66D-ITACT,1,1
28664,IPC,498A,1,1
28665,IPC,326,1,1
28666,IPC,379A,1,1
28667,IPC,354,1,1
28668,IPC,420,1,1
28669,IPC,392,1,1
28670,IPC,392,1,1
28671,IPC,379,1,1
28672,IPC,379,1,1
28673,IPC,395,1,1
28674,IPC,363,1,1
28675,IPC,379,1,1
28676,IPC,498A,1,1
28677,IPC,147,1,1
28678,IPC,406,1,1
28679,IPC,354,1,1
28680,IPC,147,1,1
28681,IPC,66D-ITACT,1,1
28682,IPC,363,1,1
28683,IPC,380,1,1
28684,ARMS,27,1,1
28685,IPC,498A,1,1
28686,IPC,379A,1,1
28687,IPC,326,1,1
28688,IPC,392,1,1
28689,IPC,380,1,1
28690,IPC,379,1,1
28691,IPC,392,1,1
28692,IPC,66D-ITACT,1,1
28693,IPC,392,1,1
28694,IPC,323,1,1
28695,IPC,420,1,1
28696,IPC,379,1,1
28697,IPC,379,1,1
28698,IPC,66D-ITACT,1,1
28699,IPC,498A,1,1
28700,POCSO,4,1,1
28701,ARMS,27,1,1
28702,IPC,354,1,1
28703,IPC,354,1,1
28704,ARMS,27,1,1
28705,IPC,379,1,1
28706,IPC,376,1,1
28707,IPC,392,1,1
28708,IPC,380,1,1
28709,IPC,392,1,1
28710,IPC,323,1,1
28711,IPC,498A,1,1
28712,IPC,326,1,1
28713,IPC,323,1,1
28714,IPC,66D-ITACT,1,1
28715,BNS,64,1,1
28716,IPC,420,1,1
28717,IPC,379,1,1
28718,IPC,392,1,1
28719,IPC,498A,1,1
28720,IPC,379,1,1
28721,IPC,498A,1,1
28722,IPC,498A,1,1
28723,IPC,144,1,1
28724,IPC,379,1,1
28725,IPC,354,1,1
28726,IPC,379,1,1
28727,IPC,307,1,1
28728,IPC,380,1,1
28729,IPC,380,1,1
28730,IPC,144,1,1
28731,IPC,498A,1,1
28732,IPC,379A,1,1
28733,IPC,147,1,1
28734,IPC,66D-ITACT,1,1
28735,NDPS,20,1,1
28736,IPC,489A,1,1
28737,IPC,420,1,1
28738,IPC,498A,1,1
28739,IPC,302,1,1
28740,NDPS,20,1,1
28741,IPC,380,1,1
28742,IPC,326,1,1
28743,IPC,406,1,1
28744,IPC,323,1,1
28745,IPC,379,1,1
28746,IPC,379,1,1
28747,IPC,380,1,1
28748,IPC,392,1,1
28749,POCSO,4,1,1
28750,IPC,379,1,1
28751,IPC,420,1,1
28752,IPC,420,1,1
28753,IPC,323,1,1
28754,IPC,354,1,1
28755,IPC,420,1,1
28756,IPC,379,1,1
28757,IPC,323,1,1
28758,IPC,379A,1,1
28759,IPC,66D-ITACT,1,1
28760,IPC,406,1,1
28761,IPC,379,1,1
28762,IPC,379,1,1
28763,IPC,66D-ITACT,1,1
28764,IPC,379,1,1
28765,IPC,420,1,1
28766,IPC,379,1,1
28767,IPC,354,1,1
28768,BNS,109,1,1
28769,IPC,379,1,1
28770,IPC,379,1,1
28771,IPC,304B,1,1
28772,IPC,406,1,1
28773,IPC,307,1,1
28774,IPC,498A,1,1
28775,ARMS,25,1,1
28776,IPC,406,1,1
28777,IPC,147,1,1
28778,IPC,144,1,1
28779,IPC,379,1,1
28780,IPC,489A,1,1
28781,IPC,379,1,1
28782,IPC,420,1,1
28783,IPC,323,1,1
28784,IPC,498A,1,1
28785,IPC,66D-ITACT,1,1
28786,IPC,379,1,1
28787,IPC,144,1,1
28788,IPC,326,1,1
28789,NDPS,20,1,1
28790,IPC,498A,1,1
28791,IPC,307,1,1
28791,BNS,109,2,2
28792,IPC,323,1,1
28793,IPC,380,1,1
28794,IPC,379,1,1
28795,IPC,420,1,1
28796,IPC,147,1,1
28797,IPC,144,1,1
28798,IPC,379,1,1
28799,IPC,354,1,1
28800,IPC,323,1,1
28801,IPC,379A,1,1
28802,IPC,379A,1,1
28803,IPC,420,1,1
28804,IPC,379A,1,1
28805,IPC,66D-ITACT,1,1
28806,IPC,144,1,1
28807,IPC,420,1,1
28808,IPC,66D-ITACT,1,1
28809,IPC,144,1,1
28810,IPC,379,1,1
28811,IPC,379A,1,1
28812,IPC,66D-ITACT,1,1
28813,IPC,379,1,1
28814,IPC,380,1,1
28815,IPC,380,1,1
28816,IPC,420,1,1
28817,IPC,379,1,1
28818,IPC,498A,1,1
28819,IPC,66D-ITACT,1,1
28820,IPC,326,1,1
28821,IPC,323,1,1
28822,IPC,379,1,1
28823,IPC,379,1,1
28824,IPC,323,1,1
28825,NDPS,20,1,1
28826,IPC,379,1,1
28827,IPC,392,1,1
28828,IPC,66D-ITACT,1,1
28829,IPC,392,1,1
28830,IPC,406,1,1
28831,IPC,307,1,1
28832,IPC,354,1,1
28833,IPC,379A,1,1
28834,IPC,379A,1,1
28835,IPC,66D-ITACT,1,1
28836,IPC,66D-ITACT,1,1
28837,IPC,326,1,1
28838,ARMS,25,1,1
28839,IPC,363,1,1
28840,IPC,379,1,1
28841,IPC,379,1,1
28842,POCSO,4,1,1
28843,IPC,379A,1,1
28844,IPC,379A,1,1
28845,IPC,379,1,1
28846,IPC,379A,1,1
28847,IPC,498A,1,1
28848,IPC,420,1,1
28849,IPC,323,1,1
28850,NDPS,20,1,1
28851,IPC,66D-ITACT,1,1
28852,IPC,323,1,1
28853,NDPS,20,1,1
28854,IPC,323,1,1
28855,IPC,380,1,1
28856,POCSO,4,1,1
28857,IPC,379A,1,1
28858,ARMS,25,1,1
28859,IPC,392,1,1
28860,NDPS,20,1,1
28861,IPC,379,1,1
28862,NDPS,20,1,1
28863,IPC,379,1,1
28864,IPC,144,1,1
28865,IPC,379,1,1
28866,IPC,323,1,1
28867,ARMS,25,1,1
28868,IPC,420,1,1
28869,IPC,379,1,1
28870,IPC,323,1,1
28871,IPC,379A,1,1
28872,IPC,379,1,1
28873,IPC,379A,1,1
28874,IPC,302,1,1
28874,BNS,103,2,2
28875,IPC,379A,1,1
28876,IPC,354,1,1
28877,IPC,363,1,1
28878,IPC,376,1,1
28878,BNS,64,2,2
28879,IPC,420,1,1
28880,IPC,420,1,1
28881,IPC,420,1,1
28882,IPC,392,1,1
28883,IPC,363,1,1
28884,IPC,326,1,1
28885,IPC,144,1,1
28886,ARMS,25,1,1
28887,IPC,304,1,1
28888,POCSO,4,1,1
28889,IPC,379,1,1
28890,NDPS,20,1,1
28891,IPC,363,1,1
28892,IPC,323,1,1
28893,IPC,144,1,1
28894,ARMS,27,1,1
28895,IPC,379,1,1
28896,IPC,323,1,1
28897,IPC,379A,1,1
28898,IPC,147,1,1
28899,IPC,379,1,1
28900,IPC,323,1,1
28901,IPC,498A,1,1
28902,IPC,420,1,1
28903,IPC,420,1,1
28904,IPC,380,1,1
28905,IPC,326,1,1
28906,IPC,498A,1,1
28907,IPC,379,1,1
28908,IPC,379,1,1
28909,IPC,392,1,1
28910,IPC,147,1,1
28911,IPC,304,1,1
28912,IPC,420,1,1
28913,IPC,354,1,1
28914,IPC,354,1,1
28915,IPC,323,1,1
28916,IPC,379A,1,1
28917,IPC,323,1,1
28918,IPC,406,1,1
28919,IPC,498A,1,1
28920,IPC,326,1,1
28921,IPC,436,1,1
28922,NDPS,20,1,1
28923,IPC,420,1,1
28924,IPC,406,1,1
28925,IPC,379,1,1
28926,IPC,380,1,1
28927,BNS,109,1,1
28928,IPC,379A,1,1
28929,IPC,302,1,1
28929,BNS,103,2,2
28930,IPC,379A,1,1
28931,IPC,144,1,1
28932,IPC,379A,1,1
28933,IPC,420,1,1
28934,IPC,380,1,1
28935,IPC,420,1,1
28936,BNS,103,1,1
28937,IPC,380,1,1
28938,IPC,66D-ITACT,1,1
28939,IPC,379A,1,1
28940,IPC,379,1,1
28941,IPC,406,1,1
28942,IPC,323,1,1
28943,IPC,354,1,1
28944,IPC,420,1,1
28945,IPC,307,1,1
28946,IPC,326,1,1
28947,IPC,380,1,1
28948,IPC,420,1,1
28949,IPC,147,1,1
28950,IPC,395,1,1
28951,IPC,379,1,1
28952,IPC,379,1,1
28953,IPC,379A,1,1
28954,IPC,420,1,1
28955,IPC,323,1,1
28956,IPC,489A,1,1
28957,IPC,498A,1,1
28958,IPC,326,1,1
28959,IPC,144,1,1
28960,IPC,379,1,1
28961,IPC,420,1,1
28962,IPC,323,1,1
28963,IPC,379,1,1
28964,IPC,379,1,1
28965,IPC,406,1,1
28966,IPC,406,1,1
28967,IPC,498A,1,1
28968,IPC,379,1,1
28969,IPC,323,1,1
28970,NDPS,20,1,1
28971,IPC,379,1,1
28972,IPC,420,1,1
28973,IPC,380,1,1
28974,IPC,363,1,1
28975,IPC,66D-ITACT,1,1
28976,IPC,380,1,1
28977,IPC,420,1,1
28978,IPC,326,1,1
28979,IPC,379,1,1
28980,IPC,420,1,1
28981,NDPS,20,1,1
28982,IPC,147,1,1
28983,IPC,436,1,1
28984,ARMS,27,1,1
28985,NDPS,20,1,1
28986,IPC,66D-ITACT,1,1
28987,IPC,376,1,1
28988,IPC,379A,1,1
28989,POCSO,4,1,1
28990,IPC,489A,1,1
28991,IPC,323,1,1
28992,IPC,326,1,1
28993,IPC,323,1,1
28994,IPC,323,1,1
28995,IPC,323,1,1
28996,IPC,66D-ITACT,1,1
28997,IPC,354,1,1
28998,ARMS,27,1,1
28999,IPC,144,1,1
29000,IPC,379,1,1
29001,IPC,379A,1,1
29002,IPC,147,1,1
29003,NDPS,20,1,1
29004,IPC,66D-ITACT,1,1
29005,NDPS,20,1,1
29006,IPC,326,1,1
29007,IPC,379,1,1
29008,IPC,326,1,1
29009,NDPS,20,1,1
29010,IPC,66D-ITACT,1,1
29011,IPC,420,1,1
29012,IPC,379A,1,1
29013,IPC,66D-ITACT,1,1
29014,IPC,363,1,1
29015,IPC,420,1,1
29016,IPC,379,1,1
29017,IPC,323,1,1
29018,IPC,380,1,1
29019,IPC,420,1,1
29020,IPC,406,1,1
29021,IPC,363,1,1
29022,ARMS,27,1,1
29023,IPC,380,1,1
29024,IPC,379,1,1
29025,IPC,498A,1,1
29026,IPC,420,1,1
29027,IPC,326,1,1
29028,IPC,379,1,1
29029,IPC,406,1,1
29030,IPC,323,1,1
29031,IPC,379,1,1
29032,IPC,406,1,1
29033,IPC,326,1,1
29034,IPC,420,1,1
29035,IPC,323,1,1
29036,IPC,304,1,1
29037,IPC,323,1,1
29038,IPC,304,1,1
29039,IPC,379,1,1
29040,IPC,489A,1,1
29041,IPC,379,1,1
29042,NDPS,20,1,1
29043,IPC,379A,1,1
29044,IPC,323,1,1
29045,IPC,498A,1,1
29046,IPC,420,1,1
29047,IPC,66D-ITACT,1,1
29048,IPC,323,1,1
29049,IPC,66D-ITACT,1,1
29050,IPC,326,1,1
29051,IPC,379,1,1
29052,IPC,395,1,1
29053,IPC,498A,1,1
29054,IPC,354,1,1
29055,IPC,379,1,1
29056,IPC,420,1,1
29057,IPC,380,1,1
29058,IPC,498A,1,1
29059,IPC,379,1,1
29060,IPC,420,1,1
29061,IPC,379,1,1
29062,IPC,420,1,1
29063,IPC,498A,1,1
29064,IPC,380,1,1
29065,IPC,392,1,1
29066,IPC,420,1,1
29067,ARMS,25,1,1
29067,ARMS,27,2,2
29068,IPC,147,1,1
29069,IPC,326,1,1
29070,IPC,420,1,1
29071,IPC,379,1,1
29072,IPC,380,1,1
29073,IPC,380,1,1
29074,IPC,326,1,1
29075,IPC,304,1,1
29076,IPC,323,1,1
29077,IPC,379,1,1
29078,IPC,379A,1,1
29079,IPC,420,1,1
29080,POCSO,4,1,1
29081,IPC,326,1,1
29082,BNS,64,1,1
29083,IPC,380,1,1
29084,BNS,64,1,1
29085,IPC,380,1,1
29086,IPC,66D-ITACT,1,1
29087,IPC,323,1,1
29088,IPC,304B,1,1
29089,IPC,379,1,1
29090,IPC,380,1,1
29091,IPC,380,1,1
29092,IPC,392,1,1
29093,IPC,379,1,1
29094,IPC,354,1,1
29095,IPC,379,1,1
29096,IPC,326,1,1
29097,IPC,144,1,1
29098,IPC,66D-ITACT,1,1
29099,IPC,436,1,1
29100,IPC,380,1,1
29101,IPC,326,1,1
29102,IPC,379,1,1
29103,IPC,147,1,1
29104,BNS,64,1,1
29105,IPC,406,1,1
29106,IPC,380,1,1
29107,IPC,323,1,1
29108,IPC,379,1,1
29109,IPC,323,1,1
29110,IPC,420,1,1
29111,IPC,379A,1,1
29112,IPC,420,1,1
29113,IPC,379,1,1
29114,IPC,392,1,1
29115,IPC,363,1,1
29116,IPC,66D-ITACT,1,1
29117,IPC,354,1,1
29118,IPC,354,1,1
29119,IPC,144,1,1
29120,IPC,379,1,1
29121,IPC,436,1,1
29122,IPC,498A,1,1
29123,IPC,379,1,1
29124,IPC,436,1,1
29125,IPC,323,1,1
29126,IPC,66D-ITACT,1,1
29127,NDPS,20,1,1
29128,IPC,392,1,1
29129,IPC,147,1,1
29130,BNS,64,1,1
29131,IPC,147,1,1
29132,IPC,326,1,1
29133,IPC,420,1,1
29134,IPC,326,1,1
29135,IPC,147,1,1
29136,ARMS,25,1,1
29137,IPC,392,1,1
29138,IPC,420,1,1
29139,IPC,144,1,1
29140,IPC,379,1,1
29141,ARMS,27,1,1
29142,IPC,498A,1,1
29143,IPC,498A,1,1
29144,IPC,307,1,1
29145,IPC,354,1,1
29146,IPC,420,1,1
29147,IPC,144,1,1
29148,IPC,392,1,1
29149,IPC,380,1,1
29150,IPC,380,1,1
29151,IPC,436,1,1
29152,IPC,323,1,1
29153,IPC,379A,1,1
29154,IPC,379,1,1
29155,IPC,379,1,1
29156,IPC,436,1,1
29157,IPC,379,1,1
29158,IPC,379,1,1
29159,NDPS,20,1,1
29160,IPC,498A,1,1
29161,IPC,379,1,1
29162,IPC,66D-ITACT,1,1
29163,IPC,379,1,1
29164,IPC,363,1,1
29165,IPC,380,1,1
29166,IPC,326,1,1
29167,IPC,498A,1,1
29168,IPC,379,1,1
29169,IPC,379A,1,1
29170,IPC,392,1,1
29171,IPC,420,1,1
29172,IPC,379A,1,1
29173,IPC,379,1,1
29174,IPC,379,1,1
29175,IPC,380,1,1
29176,BNS,103,1,1
29177,BNS,109,1,1
29178,IPC,326,1,1
29179,IPC,302,1,1
29180,IPC,379,1,1
29181,IPC,323,1,1
29182,IPC,379A,1,1
29183,IPC,379A,1,1
29184,IPC,420,1,1
29185,IPC,379,1,1
29186,IPC,420,1,1
29187,IPC,392,1,1
29188,BNS,64,1,1
29189,IPC,420,1,1
29190,IPC,304,1,1
29191,POCSO,4,1,1
29192,IPC,392,1,1
29193,IPC,66D-ITACT,1,1
29194,BNS,109,1,1
29195,IPC,380,1,1
29196,IPC,66D-ITACT,1,1
29197,IPC,363,1,1
29198,IPC,323,1,1
29199,IPC,392,1,1
29200,IPC,406,1,1
29201,IPC,380,1,1
29202,IPC,379,1,1
29203,BNS,64,1,1
29204,IPC,66D-ITACT,1,1
29205,IPC,489A,1,1
29206,IPC,323,1,1
29207,IPC,420,1,1
29208,IPC,380,1,1
29209,IPC,379A,1,1
29210,IPC,144,1,1
29211,IPC,379,1,1
29212,IPC,379,1,1
29213,IPC,66D-ITACT,1,1
29214,IPC,380,1,1
29215,IPC,420,1,1
29216,ARMS,27,1,1
29217,IPC,395,1,1
29218,IPC,354,1,1
29219,IPC,379,1,1
29220,IPC,326,1,1
29221,IPC,380,1,1
29222,IPC,406,1,1
29223,POCSO,4,1,1
29224,IPC,420,1,1
29225,BNS,109,1,1
29226,IPC,379,1,1
29227,IPC,420,1,1
29228,IPC,420,1,1
29229,IPC,323,1,1
29230,POCSO,4,1,1
29231,IPC,379,1,1
29232,IPC,420,1,1
29233,IPC,380,1,1
29234,NDPS,20,1,1
29235,IPC,420,1,1
29236,BNS,109,1,1
29237,IPC,379,1,1
29238,IPC,392,1,1
29239,IPC,406,1,1
29240,IPC,380,1,1
29241,IPC,379,1,1
29242,IPC,498A,1,1
29243,IPC,304B,1,1
29244,IPC,304,1,1
29245,IPC,380,1,1
29246,IPC,326,1,1
29247,IPC,304,1,1
29248,IPC,326,1,1
29249,IPC,380,1,1
29250,IPC,66D-ITACT,1,1
29251,IPC,66D-ITACT,1,1
29252,IPC,379,1,1
29253,IPC,147,1,1
29254,IPC,379,1,1
29255,ARMS,27,1,1
29256,IPC,380,1,1
29257,IPC,304,1,1
29258,IPC,323,1,1
29259,IPC,406,1,1
29260,IPC,354,1,1
29261,IPC,380,1,1
29262,IPC,420,1,1
29263,ARMS,25,1,1
29264,IPC,363,1,1
29265,IPC,323,1,1
29266,IPC,66D-ITACT,1,1
29267,POCSO,4,1,1
29268,IPC,323,1,1
29269,IPC,379A,1,1
29270,IPC,498A,1,1
29271,IPC,379,1,1
29272,IPC,144,1,1
29273,IPC,144,1,1
29274,IPC,379,1,1
29275,IPC,498A,1,1
29276,IPC,66D-ITACT,1,1
29277,IPC,436,1,1
29278,IPC,147,1,1
29279,IPC,379,1,1
29280,IPC,420,1,1
29281,IPC,323,1,1
29282,IPC,392,1,1
29283,IPC,380,1,1
29284,POCSO,4,1,1
29285,IPC,147,1,1
29286,IPC,323,1,1
29287,IPC,376,1,1
29287,BNS,64,2,2
29288,IPC,406,1,1
29289,IPC,392,1,1
29290,IPC,379A,1,1
29291,IPC,420,1,1
29292,IPC,354,1,1
29293,IPC,144,1,1
29294,IPC,489A,1,1
29295,IPC,379A,1,1
29296,IPC,380,1,1
29297,IPC,406,1,1
29298,IPC,380,1,1
29299,IPC,420,1,1
29300,IPC,380,1,1
29301,IPC,379,1,1
29302,IPC,380,1,1
29303,IPC,379,1,1
29304,IPC,379,1,1
29305,IPC,307,1,1
29305,BNS,109,2,2
29306,IPC,379,1,1
29307,IPC,144,1,1
29308,IPC,323,1,1
29309,IPC,498A,1,1
29310,IPC,326,1,1
29311,POCSO,4,1,1
29312,IPC,379,1,1
29313,IPC,392,1,1
29314,IPC,323,1,1
29315,IPC,379,1,1
29316,NDPS,20,1,1
29317,ARMS,27,1,1
29317,ARMS,25,2,2
29318,IPC,380,1,1
29319,IPC,436,1,1
29320,IPC,376,1,1
29320,BNS,64,2,2
29321,NDPS,20,1,1
29322,IPC,379,1,1
29323,IPC,66D-ITACT,1,1
29324,IPC,354,1,1
29325,IPC,420,1,1
29326,IPC,363,1,1
29327,IPC,323,1,1
29328,IPC,323,1,1
29329,IPC,66D-ITACT,1,1
29330,IPC,147,1,1
29331,IPC,147,1,1
29332,NDPS,20,1,1
29333,IPC,323,1,1
29334,POCSO,4,1,1
29335,IPC,420,1,1
29336,IPC,379A,1,1
29337,IPC,363,1,1
29338,IPC,354,1,1
29339,IPC,380,1,1
29340,IPC,304B,1,1
29341,ARMS,25,1,1
29342,IPC,304,1,1
29343,IPC,323,1,1
29344,IPC,380,1,1
29345,IPC,376,1,1
29346,IPC,498A,1,1
29347,IPC,406,1,1
29348,IPC,379,1,1
29349,IPC,379,1,1
29350,IPC,380,1,1
29351,IPC,379,1,1
29352,IPC,392,1,1
29353,IPC,323,1,1
29354,IPC,379,1,1
29355,IPC,66D-ITACT,1,1
29356,BNS,109,1,1
29356,IPC,307,2,2
29357,IPC,147,1,1
29358,IPC,323,1,1
29359,IPC,66D-ITACT,1,1
29360,IPC,420,1,1
29361,IPC,406,1,1
29362,IPC,379,1,1
29363,IPC,323,1,1
29364,IPC,323,1,1
29365,IPC,323,1,1
29366,IPC,436,1,1
29367,IPC,392,1,1
29368,IPC,326,1,1
29369,IPC,66D-ITACT,1,1
29370,IPC,420,1,1
29371,IPC,392,1,1
29372,IPC,376,1,1
29372,BNS,64,2,2
29373,IPC,379,1,1
29374,IPC,420,1,1
29375,IPC,380,1,1
29376,IPC,498A,1,1
29377,IPC,323,1,1
29378,IPC,420,1,1
29379,IPC,379,1,1
29380,IPC,323,1,1
29381,IPC,498A,1,1
29382,IPC,304B,1,1
29383,IPC,379A,1,1
29384,IPC,379,1,1
29385,IPC,498A,1,1
29386,IPC,302,1,1
29387,IPC,379,1,1
29388,IPC,144,1,1
29389,IPC,379A,1,1
29390,NDPS,20,1,1
29391,IPC,379,1,1
29392,ARMS,27,1,1
29393,IPC,379,1,1
29394,IPC,420,1,1
29395,IPC,144,1,1
29396,IPC,392,1,1
29397,IPC,392,1,1
29398,IPC,379,1,1
29399,IPC,379,1,1
29400,IPC,304B,1,1
29401,IPC,420,1,1
29402,NDPS,20,1,1
29403,IPC,380,1,1
29404,IPC,379,1,1
29405,IPC,323,1,1
29406,IPC,354,1,1
29407,IPC,326,1,1
29408,IPC,379,1,1
29409,IPC,498A,1,1
29410,IPC,379,1,1
29411,IPC,323,1,1
29412,IPC,380,1,1
29413,IPC,379,1,1
29414,IPC,326,1,1
29415,IPC,380,1,1
29416,IPC,323,1,1
29417,IPC,498A,1,1
29418,IPC,380,1,1
29419,ARMS,27,1,1
29420,IPC,379,1,1
29421,IPC,392,1,1
29422,IPC,379,1,1
29423,IPC,420,1,1
29424,IPC,66D-ITACT,1,1
29425,IPC,395,1,1
29426,IPC,323,1,1
29427,IPC,379,1,1
29428,POCSO,4,1,1
29429,IPC,326,1,1
29430,IPC,406,1,1
29431,IPC,326,1,1
29432,IPC,498A,1,1
29433,IPC,326,1,1
29434,IPC,354,1,1
29435,IPC,406,1,1
29436,IPC,392,1,1
29437,IPC,379,1,1
29438,IPC,379A,1,1
29439,IPC,66D-ITACT,1,1
29440,IPC,498A,1,1
29441,IPC,326,1,1
29442,IPC,379,1,1
29443,IPC,323,1,1
29444,IPC,379,1,1
29445,IPC,395,1,1
29446,IPC,380,1,1
29447,IPC,406,1,1
29448,IPC,363,1,1
29449,IPC,379,1,1
29450,IPC,379,1,1
29451,IPC,379,1,1
29452,IPC,379,1,1
29453,IPC,392,1,1
29454,IPC,380,1,1
29455,IPC,326,1,1
29456,IPC,379,1,1
29457,IPC,379,1,1
29458,IPC,380,1,1
29459,IPC,376,1,1
29459,BNS,64,2,2
29460,IPC,323,1,1
29461,IPC,379,1,1
29462,IPC,498A,1,1
29463,IPC,323,1,1
29464,IPC,66D-ITACT,1,1
29465,IPC,406,1,1
29466,IPC,379,1,1
29467,IPC,147,1,1
29468,IPC,392,1,1
29469,IPC,323,1,1
29470,IPC,498A,1,1
29471,IPC,363,1,1
29472,IPC,420,1,1
29473,IPC,66D-ITACT,1,1
29474,IPC,144,1,1
29475,IPC,326,1,1
29476,IPC,376,1,1
29476,BNS,64,2,2
29477,IPC,379,1,1
29478,IPC,326,1,1
29479,IPC,323,1,1
29480,IPC,498A,1,1
29481,IPC,379,1,1
29482,IPC,379,1,1
29483,IPC,489A,1,1
29484,IPC,379,1,1
29485,IPC,323,1,1
29486,IPC,379,1,1
29487,IPC,379A,1,1
29488,IPC,380,1,1
29489,ARMS,25,1,1
29490,IPC,323,1,1
29491,IPC,489A,1,1
29492,IPC,380,1,1
29493,IPC,147,1,1
29494,IPC,379,1,1
29495,IPC,379A,1,1
29496,IPC,354,1,1
29497,IPC,392,1,1
29498,IPC,392,1,1
29499,IPC,380,1,1
29500,IPC,363,1,1
29501,IPC,144,1,1
29502,IPC,498A,1,1
29503,IPC,66D-ITACT,1,1
29504,IPC,380,1,1
29505,IPC,147,1,1
29506,IPC,354,1,1
29507,ARMS,27,1,1
29508,IPC,392,1,1
29509,IPC,363,1,1
29510,IPC,420,1,1
29511,IPC,379A,1,1
29512,IPC,379,1,1
29513,IPC,144,1,1
29514,IPC,326,1,1
29515,NDPS,20,1,1
29516,IPC,304B,1,1
29517,IPC,307,1,1
29518,IPC,66D-ITACT,1,1
29519,IPC,144,1,1
29520,IPC,380,1,1
29521,IPC,323,1,1
29522,IPC,66D-ITACT,1,1
29523,IPC,354,1,1
29524,IPC,379,1,1
29525,IPC,498A,1,1
29526,IPC,420,1,1
29527,IPC,66D-ITACT,1,1
29528,IPC,420,1,1
29529,NDPS,20,1,1
29530,IPC,379,1,1
29531,IPC,379,1,1
29532,IPC,379,1,1
29533,IPC,326,1,1
29534,IPC,436,1,1
29535,IPC,498A,1,1
29536,IPC,420,1,1
29537,IPC,379A,1,1
29538,IPC,326,1,1
29539,IPC,379A,1,1
29540,IPC,379,1,1
29541,IPC,420,1,1
29542,IPC,380,1,1
29543,IPC,379A,1,1
29544,IPC,66D-ITACT,1,1
29545,IPC,498A,1,1
29546,IPC,363,1,1
29547,IPC,323,1,1
29548,IPC,392,1,1
29549,IPC,420,1,1
29550,IPC,66D-ITACT,1,1
29551,IPC,406,1,1
29552,IPC,354,1,1
29553,IPC,420,1,1
29554,IPC,498A,1,1
29555,IPC,147,1,1
29556,IPC,147,1,1
29557,IPC,379,1,1
29558,IPC,147,1,1
29559,IPC,392,1,1
29560,IPC,498A,1,1
29561,IPC,392,1,1
29562,IPC,498A,1,1
29563,ARMS,25,1,1
29564,NDPS,20,1,1
29565,NDPS,20,1,1
29566,IPC,379,1,1
29567,IPC,420,1,1
29568,IPC,66D-ITACT,1,1
29569,IPC,395,1,1
29570,IPC,380,1,1
29571,IPC,380,1,1
29572,IPC,379,1,1
29573,IPC,392,1,1
29574,IPC,379,1,1
29575,IPC,379,1,1
29576,IPC,376,1,1
29576,BNS,64,2,2
29577,IPC,392,1,1
29578,IPC,380,1,1
29579,IPC,66D-ITACT,1,1
29580,NDPS,20,1,1
29581,IPC,147,1,1
29582,IPC,379,1,1
29583,IPC,379,1,1
29584,IPC,392,1,1
29585,IPC,380,1,1
29586,IPC,379,1,1
29587,IPC,379A,1,1
29588,IPC,379,1,1
29589,POCSO,4,1,1
29590,IPC,489A,1,1
29591,IPC,323,1,1
29592,ARMS,25,1,1
29592,ARMS,27,2,2
29593,IPC,420,1,1
29594,IPC,354,1,1
29595,IPC,66D-ITACT,1,1
29596,IPC,379,1,1
29597,IPC,379,1,1
29598,IPC,436,1,1
29599,IPC,498A,1,1
29600,IPC,498A,1,1
29601,IPC,326,1,1
29602,IPC,326,1,1
29603,IPC,379,1,1
29604,IPC,498A,1,1
29605,IPC,323,1,1
29606,IPC,363,1,1
29607,IPC,302,1,1
29608,IPC,323,1,1
29609,IPC,354,1,1
29610,IPC,392,1,1
29611,IPC,379,1,1
29612,IPC,326,1,1
29613,NDPS,20,1,1
29614,IPC,66D-ITACT,1,1
29615,IPC,379,1,1
29616,IPC,307,1,1
29617,IPC,380,1,1
29618,IPC,380,1,1
29619,IPC,354,1,1
29620,IPC,147,1,1
29621,IPC,379A,1,1
29622,IPC,379,1,1
29623,IPC,379,1,1
29624,IPC,498A,1,1
29625,IPC,376,1,1
29626,IPC,420,1,1
29627,IPC,392,1,1
29628,IPC,66D-ITACT,1,1
29629,IPC,379,1,1
29630,IPC,323,1,1
29631,IPC,420,1,1
29632,IPC,379,1,1
29633,IPC,354,1,1
29634,IPC,420,1,1
29635,IPC,436,1,1
29636,IPC,380,1,1
29637,IPC,392,1,1
29638,IPC,379,1,1
29639,IPC,380,1,1
29640,NDPS,20,1,1
29641,IPC,363,1,1
29642,IPC,380,1,1
29643,NDPS,20,1,1
29644,IPC,379,1,1
29645,IPC,66D-ITACT,1,1
29646,IPC,304,1,1
29647,POCSO,4,1,1
29648,IPC,379,1,1
29649,IPC,379,1,1
29650,IPC,147,1,1
29651,IPC,147,1,1
29652,IPC,304B,1,1
29653,IPC,326,1,1
29654,IPC,323,1,1
29655,IPC,376,1,1
29656,IPC,420,1,1
29657,IPC,420,1,1
29658,IPC,66D-ITACT,1,1
29659,POCSO,4,1,1
29660,NDPS,20,1,1
29661,IPC,498A,1,1
29662,IPC,354,1,1
29663,IPC,379,1,1
29664,IPC,498A,1,1
29665,IPC,323,1,1
29666,IPC,326,1,1
29667,IPC,323,1,1
29668,IPC,323,1,1
29669,IPC,379,1,1
29670,IPC,147,1,1
29671,IPC,420,1,1
29672,IPC,323,1,1
29673,IPC,379,1,1
29674,ARMS,27,1,1
29675,IPC,323,1,1
29676,IPC,323,1,1
29677,IPC,379,1,1
29678,IPC,323,1,1
29679,IPC,326,1,1
29680,IPC,420,1,1
29681,IPC,323,1,1
29682,IPC,379,1,1
29683,IPC,323,1,1
29684,IPC,379,1,1
29685,IPC,326,1,1
29686,IPC,379A,1,1
29687,IPC,363,1,1
29688,IPC,379,1,1
29689,IPC,66D-ITACT,1,1
29690,IPC,379,1,1
29691,IPC,304B,1,1
29692,IPC,406,1,1
29693,IPC,304,1,1
29694,IPC,326,1,1
29695,IPC,147,1,1
29696,IPC,323,1,1
29697,IPC,144,1,1
29698,IPC,420,1,1
29699,IPC,420,1,1
29700,IPC,406,1,1
29701,IPC,420,1,1
29702,IPC,354,1,1
29703,IPC,323,1,1
29704,IPC,392,1,1
29705,IPC,323,1,1
29706,IPC,66D-ITACT,1,1
29707,IPC,379A,1,1
29708,IPC,498A,1,1
29709,IPC,66D-ITACT,1,1
29710,IPC,326,1,1
29711,BNS,103,1,1
29712,IPC,323,1,1
29713,IPC,147,1,1
29714,IPC,379,1,1
29715,IPC,379,1,1
29716,IPC,379A,1,1
29717,IPC,406,1,1
29718,IPC,420,1,1
29719,IPC,380,1,1
29720,IPC,354,1,1
29721,IPC,323,1,1
29722,IPC,420,1,1
29723,ARMS,25,1,1
29724,IPC,66D-ITACT,1,1
29725,BNS,109,1,1
29725,IPC,307,2,2
29726,IPC,420,1,1
29727,IPC,436,1,1
29728,IPC,363,1,1
29729,IPC,420,1,1
29730,IPC,379A,1,1
29731,IPC,379A,1,1
29732,IPC,395,1,1
29733,BNS,103,1,1
29734,ARMS,25,1,1
29735,IPC,379,1,1
29736,IPC,420,1,1
29737,IPC,379,1,1
29738,IPC,66D-ITACT,1,1
29739,IPC,379,1,1
29740,IPC,395,1,1
29741,IPC,354,1,1
29742,IPC,147,1,1
29743,IPC,392,1,1
29744,IPC,379A,1,1
29745,IPC,420,1,1
29746,IPC,498A,1,1
29747,IPC,379A,1,1
29748,ARMS,27,1,1
29749,ARMS,25,1,1
29750,IPC,392,1,1
29751,IPC,66D-ITACT,1,1
29752,IPC,380,1,1
29753,IPC,380,1,1
29754,IPC,379,1,1
29755,IPC,379A,1,1
29756,IPC,406,1,1
29757,IPC,380,1,1
29758,BNS,103,1,1
29758,IPC,302,2,2
29759,IPC,436,1,1
29760,IPC,323,1,1
29761,IPC,66D-ITACT,1,1
29762,IPC,379,1,1
29763,IPC,498A,1,1
29764,IPC,379A,1,1
29765,IPC,66D-ITACT,1,1
29766,IPC,379,1,1
29767,POCSO,4,1,1
29768,IPC,323,1,1
29769,IPC,379,1,1
29770,IPC,379,1,1
29771,IPC,380,1,1
29772,IPC,406,1,1
29773,IPC,379,1,1
29774,IPC,406,1,1
29775,IPC,380,1,1
29776,POCSO,4,1,1
29777,IPC,147,1,1
29778,IPC,498A,1,1
29779,IPC,380,1,1
29780,IPC,379A,1,1
29781,IPC,392,1,1
29782,IPC,379,1,1
29783,IPC,323,1,1
29784,IPC,379,1,1
29785,IPC,406,1,1
29786,IPC,395,1,1
29787,IPC,323,1,1
29788,POCSO,4,1,1
29789,IPC,379,1,1
29790,IPC,379,1,1
29791,IPC,379,1,1
29792,IPC,380,1,1
29793,IPC,326,1,1
29794,IPC,498A,1,1
29795,IPC,380,1,1
29796,IPC,379A,1,1
29797,IPC,379A,1,1
29798,IPC,420,1,1
29799,IPC,420,1,1
29800,POCSO,4,1,1
29801,IPC,379,1,1
29802,BNS,103,1,1
29803,IPC,354,1,1
29804,IPC,66D-ITACT,1,1
29805,IPC,380,1,1
29806,IPC,147,1,1
29807,IPC,406,1,1
29808,IPC,323,1,1
29809,IPC,66D-ITACT,1,1
29810,POCSO,4,1,1
29811,IPC,144,1,1
29812,IPC,326,1,1
29813,IPC,363,1,1
29814,IPC,144,1,1
29815,IPC,379,1,1
29816,NDPS,20,1,1
29817,IPC,304B,1,1
29818,IPC,144,1,1
29819,IPC,420,1,1
29820,IPC,354,1,1
29821,IPC,304,1,1
29822,NDPS,20,1,1
29823,IPC,379A,1,1
29824,IPC,420,1,1
29825,IPC,376,1,1
29826,IPC,380,1,1
29827,IPC,406,1,1
29828,IPC,406,1,1
29829,IPC,436,1,1
29830,IPC,379A,1,1
29831,IPC,66D-ITACT,1,1
29832,IPC,379A,1,1
29833,IPC,379A,1,1
29834,IPC,379,1,1
29835,IPC,379A,1,1
29836,IPC,323,1,1
29837,IPC,498A,1,1
29838,IPC,323,1,1
29839,IPC,66D-ITACT,1,1
29840,IPC,380,1,1
29841,IPC,307,1,1
29842,IPC,66D-ITACT,1,1
29843,IPC,380,1,1
29844,IPC,498A,1,1
29845,IPC,66D-ITACT,1,1
29846,IPC,498A,1,1
29847,IPC,489A,1,1
29848,IPC,304,1,1
29849,IPC,354,1,1
29850,IPC,66D-ITACT,1,1
29851,IPC,379,1,1
29852,IPC,420,1,1
29853,BNS,64,1,1
29854,IPC,406,1,1
29855,IPC,379,1,1
29856,IPC,420,1,1
29857,IPC,354,1,1
29858,IPC,406,1,1
29859,IPC,420,1,1
29860,IPC,379,1,1
29861,IPC,392,1,1
29862,IPC,379A,1,1
29863,IPC,379,1,1
29864,IPC,302,1,1
29865,IPC,379,1,1
29866,IPC,354,1,1
29867,IPC,420,1,1
29868,IPC,379,1,1
29869,IPC,66D-ITACT,1,1
29870,IPC,379,1,1
29871,IPC,326,1,1
29872,BNS,109,1,1
29873,IPC,498A,1,1
29874,IPC,420,1,1
29875,IPC,420,1,1
29876,IPC,379,1,1
29877,IPC,323,1,1
29878,IPC,379,1,1
29879,IPC,379A,1,1
29880,IPC,379,1,1
29881,IPC,379,1,1
29882,IPC,379,1,1
29883,IPC,66D-ITACT,1,1
29884,IPC,392,1,1
29885,IPC,66D-ITACT,1,1
29886,IPC,420,1,1
29887,IPC,420,1,1
29888,IPC,379,1,1
29889,POCSO,4,1,1
29890,IPC,498A,1,1
29891,IPC,436,1,1
29892,IPC,379,1,1
29893,IPC,66D-ITACT,1,1
29894,IPC,379,1,1
29895,IPC,354,1,1
29896,IPC,363,1,1
29897,IPC,406,1,1
29898,IPC,379A,1,1
29899,IPC,147,1,1
29900,IPC,379,1,1
29901,POCSO,4,1,1
29902,IPC,436,1,1
29903,IPC,326,1,1
29904,IPC,420,1,1
29905,IPC,323,1,1
29906,IPC,323,1,1
29907,IPC,392,1,1
29908,IPC,144,1,1
29909,IPC,380,1,1
29910,IPC,436,1,1
29911,IPC,354,1,1
29912,IPC,420,1,1
29913,IPC,380,1,1
29914,IPC,379,1,1
29915,IPC,379,1,1
29916,IPC,66D-ITACT,1,1
29917,IPC,379A,1,1
29918,IPC,379,1,1
29919,IPC,304,1,1
29920,IPC,376,1,1
29920,BNS,64,2,2
29921,NDPS,20,1,1
29922,IPC,304,1,1
29923,IPC,392,1,1
29924,IPC,323,1,1
29925,IPC,323,1,1
29926,IPC,354,1,1
29927,IPC,379A,1,1
29928,IPC,379,1,1
29929,IPC,323,1,1
29930,IPC,406,1,1
29931,IPC,323,1,1
29932,IPC,380,1,1
29933,NDPS,20,1,1
29934,IPC,326,1,1
29935,IPC,326,1,1
29936,IPC,326,1,1
29937,IPC,436,1,1
29938,IPC,147,1,1
29939,IPC,326,1,1
29940,IPC,144,1,1
29941,IPC,147,1,1
29942,IPC,392,1,1
29943,IPC,380,1,1
29944,IPC,498A,1,1
29945,POCSO,4,1,1
29946,IPC,323,1,1
29947,IPC,498A,1,1
29948,IPC,380,1,1
29949,IPC,379A,1,1
29950,IPC,406,1,1
29951,IPC,379,1,1
29952,IPC,379,1,1
29953,IPC,307,1,1
29954,IPC,147,1,1
29955,IPC,66D-ITACT,1,1
29956,IPC,144,1,1
29957,IPC,380,1,1
29958,IPC,363,1,1
29959,IPC,420,1,1
29960,BNS,109,1,1
29961,IPC,323,1,1
29962,IPC,420,1,1
29963,IPC,498A,1,1
29964,IPC,379A,1,1
29965,IPC,379,1,1
29966,IPC,406,1,1
29967,IPC,323,1,1
29968,IPC,420,1,1
29969,IPC,380,1,1
29970,IPC,498A,1,1
29971,IPC,323,1,1
29972,IPC,144,1,1
29973,IPC,379A,1,1
29974,IPC,379,1,1
29975,NDPS,20,1,1
29976,IPC,147,1,1
29977,IPC,379A,1,1
29978,IPC,379,1,1
29979,IPC,380,1,1
29980,IPC,66D-ITACT,1,1
29981,IPC,380,1,1
29982,IPC,380,1,1
29983,IPC,379A,1,1
29984,IPC,379,1,1
29985,IPC,379A,1,1
29986,IPC,380,1,1
29987,IPC,380,1,1
29988,IPC,66D-ITACT,1,1
29989,IPC,379,1,1
29990,IPC,420,1,1
29991,IPC,379,1,1
29992,IPC,323,1,1
29993,IPC,379,1,1
29994,IPC,147,1,1
29995,IPC,420,1,1
29996,IPC,392,1,1
29997,IPC,326,1,1
29998,IPC,363,1,1
29999,IPC,66D-ITACT,1,1
30000,IPC,420,1,1
30001,IPC,406,1,1
30002,IPC,379,1,1
30003,IPC,498A,1,1
30004,IPC,420,1,1
30005,IPC,302,1,1
30005,BNS,103,2,2
30006,IPC,395,1,1
30007,IPC,379A,1,1
30008,IPC,498A,1,1
30009,IPC,363,1,1
30010,IPC,323,1,1
30011,IPC,379,1,1
30012,ARMS,25,1,1
30012,ARMS,27,2,2
30013,IPC,379,1,1
30014,IPC,379A,1,1
30015,IPC,380,1,1
30016,IPC,379A,1,1
30017,IPC,379,1,1
30018,NDPS,20,1,1
30019,IPC,144,1,1
30020,IPC,66D-ITACT,1,1
30021,IPC,379,1,1
30022,IPC,323,1,1
30023,IPC,66D-ITACT,1,1
30024,IPC,323,1,1
30025,IPC,379A,1,1
30026,IPC,304B,1,1
30027,NDPS,20,1,1
30028,IPC,323,1,1
30029,IPC,436,1,1
30030,IPC,379,1,1
30031,IPC,379,1,1
30032,IPC,420,1,1
30033,IPC,379,1,1
30034,IPC,380,1,1
30035,IPC,379,1,1
30036,IPC,323,1,1
30037,IPC,380,1,1
30038,IPC,392,1,1
30039,IPC,379,1,1
30040,IPC,498A,1,1
30041,IPC,420,1,1
30042,IPC,379,1,1
30043,IPC,323,1,1
30044,IPC,379A,1,1
30045,IPC,406,1,1
30046,IPC,304B,1,1
30047,IPC,498A,1,1
30048,IPC,323,1,1
30049,IPC,498A,1,1
30050,IPC,323,1,1
30051,IPC,379,1,1
30052,IPC,379,1,1
30053,IPC,380,1,1
30054,IPC,323,1,1
30055,IPC,323,1,1
30056,IPC,379A,1,1
30057,IPC,354,1,1
30058,IPC,420,1,1
30059,IPC,406,1,1
30060,IPC,395,1,1
30061,IPC,379,1,1
30062,IPC,392,1,1
30063,IPC,379,1,1
30064,IPC,326,1,1
30065,IPC,379,1,1
30066,IPC,420,1,1
30067,IPC,379A,1,1
30068,IPC,326,1,1
30069,IPC,354,1,1
30070,IPC,323,1,1
30071,IPC,66D-ITACT,1,1
30072,IPC,498A,1,1
30073,IPC,326,1,1
30074,IPC,379,1,1
30075,IPC,420,1,1
30076,IPC,66D-ITACT,1,1
30077,IPC,66D-ITACT,1,1
30078,IPC,380,1,1
30079,IPC,144,1,1
30080,IPC,379,1,1
30081,IPC,395,1,1
30082,IPC,147,1,1
30083,IPC,498A,1,1
30084,IPC,66D-ITACT,1,1
30085,IPC,147,1,1
30086,IPC,379,1,1
30087,IPC,326,1,1
30088,IPC,380,1,1
30089,IPC,420,1,1
30090,IPC,379,1,1
30091,IPC,498A,1,1
30092,IPC,376,1,1
30093,IPC,379,1,1
30094,IPC,498A,1,1
30095,IPC,379,1,1
30096,IPC,354,1,1
30097,NDPS,20,1,1
30098,IPC,379,1,1
30099,IPC,498A,1,1
30100,IPC,354,1,1
30101,IPC,354,1,1
30102,IPC,436,1,1
30103,IPC,307,1,1
30104,IPC,376,1,1
30105,POCSO,4,1,1
30106,IPC,323,1,1
30107,IPC,379,1,1
30108,IPC,376,1,1
30109,IPC,379,1,1
30110,IPC,379,1,1
30111,IPC,144,1,1
30112,IPC,406,1,1
30113,IPC,304B,1,1
30114,IPC,420,1,1
30115,IPC,354,1,1
30116,IPC,304B,1,1
30117,NDPS,20,1,1
30118,IPC,380,1,1
30119,POCSO,4,1,1
30120,IPC,66D-ITACT,1,1
30121,IPC,379A,1,1
30122,IPC,420,1,1
30123,POCSO,4,1,1
30124,IPC,323,1,1
30125,IPC,406,1,1
30126,IPC,420,1,1
30127,IPC,66D-ITACT,1,1
30128,IPC,323,1,1
30129,IPC,323,1,1
30130,IPC,66D-ITACT,1,1
30131,IPC,380,1,1
30132,IPC,147,1,1
30133,IPC,323,1,1
30134,ARMS,27,1,1
30135,IPC,323,1,1
30136,IPC,144,1,1
30137,IPC,379A,1,1
30138,POCSO,4,1,1
30139,IPC,379,1,1
30140,IPC,147,1,1
30141,IPC,354,1,1
30142,IPC,380,1,1
30143,IPC,302,1,1
30144,IPC,392,1,1
30145,IPC,379,1,1
30146,IPC,323,1,1
30147,IPC,66D-ITACT,1,1
30148,IPC,304,1,1
30149,IPC,144,1,1
30150,IPC,66D-ITACT,1,1
30151,IPC,420,1,1
30152,IPC,323,1,1
30153,IPC,66D-ITACT,1,1
30154,IPC,420,1,1
30155,IPC,395,1,1
30156,IPC,498A,1,1
30157,IPC,420,1,1
30158,IPC,379,1,1
30159,IPC,380,1,1
30160,IPC,379A,1,1
30161,IPC,304B,1,1
30162,IPC,147,1,1
30163,IPC,147,1,1
30164,IPC,379,1,1
30165,IPC,307,1,1
30166,IPC,380,1,1
30167,IPC,379,1,1
30168,IPC,66D-ITACT,1,1
30169,IPC,436,1,1
30170,IPC,379A,1,1
30171,IPC,380,1,1
30172,IPC,66D-ITACT,1,1
30173,IPC,392,1,1
30174,IPC,323,1,1
30175,IPC,323,1,1
30176,IPC,144,1,1
30177,IPC,489A,1,1
30178,IPC,66D-ITACT,1,1
30179,IPC,392,1,1
30180,IPC,323,1,1
30181,IPC,489A,1,1
30182,IPC,326,1,1
30183,IPC,354,1,1
30184,IPC,379,1,1
30185,IPC,379,1,1
30186,IPC,420,1,1
30187,IPC,420,1,1
30188,IPC,379,1,1
30189,IPC,380,1,1
30190,IPC,379,1,1
30191,IPC,379,1,1
30192,IPC,326,1,1
30193,IPC,326,1,1
30194,IPC,380,1,1
30195,IPC,489A,1,1
30196,BNS,109,1,1
30197,IPC,420,1,1
30198,IPC,380,1,1
30199,IPC,379,1,1
30200,IPC,304,1,1
30201,IPC,363,1,1
30202,IPC,66D-ITACT,1,1
30203,IPC,379,1,1
30204,BNS,64,1,1
30205,IPC,379A,1,1
30206,IPC,144,1,1
30207,IPC,379,1,1
30208,IPC,380,1,1
30209,IPC,147,1,1
30210,IPC,323,1,1
30211,POCSO,4,1,1
30212,IPC,379,1,1
30213,BNS,64,1,1
30214,IPC,354,1,1
30215,IPC,323,1,1
30216,IPC,304B,1,1
30217,IPC,498A,1,1
30218,NDPS,20,1,1
30219,IPC,354,1,1
30220,IPC,379,1,1
30221,IPC,420,1,1
30222,IPC,392,1,1
30223,IPC,379,1,1
30224,BNS,64,1,1
30225,IPC,323,1,1
30226,IPC,363,1,1
30227,IPC,379A,1,1
30228,IPC,379,1,1
30229,IPC,379A,1,1
30230,IPC,354,1,1
30231,IPC,392,1,1
30232,IPC,147,1,1
30233,IPC,323,1,1
30234,IPC,379,1,1
30235,IPC,380,1,1
30236,IPC,326,1,1
30237,IPC,498A,1,1
30238,ARMS,25,1,1
30239,IPC,379,1,1
30240,IPC,420,1,1
30241,IPC,380,1,1
30242,IPC,379A,1,1
30243,IPC,363,1,1
30244,IPC,392,1,1
30245,IPC,379,1,1
30246,IPC,326,1,1
30247,IPC,354,1,1
30248,IPC,420,1,1
30249,IPC,66D-ITACT,1,1
30250,IPC,379A,1,1
30251,IPC,380,1,1
30252,IPC,147,1,1
30253,IPC,420,1,1
30254,IPC,379,1,1
30255,IPC,392,1,1
30256,ARMS,27,1,1
30257,IPC,498A,1,1
30258,IPC,323,1,1
30259,IPC,379A,1,1
30260,IPC,354,1,1
30261,IPC,144,1,1
30262,IPC,326,1,1
30263,IPC,392,1,1
30264,IPC,323,1,1
30265,IPC,379,1,1
30266,IPC,144,1,1
30267,IPC,379,1,1
30268,IPC,392,1,1
30269,IPC,379A,1,1
30270,IPC,498A,1,1
30271,IPC,379,1,1
30272,IPC,380,1,1
30273,IPC,144,1,1
30274,IPC,354,1,1
30275,IPC,392,1,1
30276,IPC,379,1,1
30277,IPC,392,1,1
30278,IPC,354,1,1
30279,IPC,379A,1,1
30280,IPC,379,1,1
30281,IPC,379,1,1
30282,IPC,380,1,1
30283,IPC,323,1,1
30284,IPC,379,1,1
30285,IPC,379,1,1
30286,IPC,380,1,1
30287,IPC,66D-ITACT,1,1
30288,BNS,64,1,1
30289,IPC,380,1,1
30290,IPC,420,1,1
30291,IPC,392,1,1
30292,BNS,64,1,1
30293,IPC,379,1,1
30294,NDPS,20,1,1
30295,IPC,392,1,1
30296,IPC,379,1,1
30297,IPC,420,1,1
30298,IPC,379A,1,1
30299,IPC,304B,1,1
30300,IPC,326,1,1
30301,IPC,498A,1,1
30302,IPC,363,1,1
30303,IPC,304,1,1
30304,IPC,66D-ITACT,1,1
30305,IPC,379,1,1
30306,IPC,420,1,1
30307,IPC,392,1,1
30308,IPC,379A,1,1
30309,IPC,304,1,1
30310,IPC,379,1,1
30311,IPC,323,1,1
30312,IPC,323,1,1
30313,POCSO,4,1,1
30314,IPC,498A,1,1
30315,IPC,406,1,1
30316,IPC,363,1,1
30317,IPC,307,1,1
30318,IPC,326,1,1
30319,ARMS,25,1,1
30320,NDPS,20,1,1
30321,IPC,302,1,1
30322,IPC,323,1,1
30323,IPC,376,1,1
30324,IPC,326,1,1
30325,IPC,379A,1,1
30326,IPC,380,1,1
30327,IPC,66D-ITACT,1,1
30328,IPC,66D-ITACT,1,1
30329,BNS,64,1,1
30330,IPC,326,1,1
30331,IPC,379,1,1
30332,IPC,379,1,1
30333,IPC,498A,1,1
30334,IPC,379,1,1
30335,IPC,66D-ITACT,1,1
30336,IPC,326,1,1
30337,IPC,380,1,1
30338,IPC,66D-ITACT,1,1
30339,IPC,147,1,1
30340,IPC,379A,1,1
30341,NDPS,20,1,1
30342,IPC,376,1,1
30343,IPC,323,1,1
30344,IPC,323,1,1
30345,IPC,147,1,1
30346,IPC,144,1,1
30347,IPC,489A,1,1
30348,IPC,144,1,1
30349,IPC,420,1,1
30350,IPC,395,1,1
30351,IPC,379,1,1
30352,IPC,323,1,1
30353,IPC,436,1,1
30354,IPC,323,1,1
30355,IPC,323,1,1
30356,BNS,64,1,1
30357,IPC,379,1,1
30358,IPC,379,1,1
30359,IPC,420,1,1
30360,IPC,354,1,1
30361,IPC,379,1,1
30362,IPC,379,1,1
30363,IPC,420,1,1
30364,IPC,66D-ITACT,1,1
30365,IPC,323,1,1
30366,IPC,498A,1,1
30367,IPC,323,1,1
30368,IPC,66D-ITACT,1,1
30369,IPC,379A,1,1
30370,IPC,326,1,1
30371,IPC,392,1,1
30372,IPC,379,1,1
30373,IPC,307,1,1
30374,IPC,420,1,1
30375,IPC,66D-ITACT,1,1
30376,IPC,376,1,1
30377,IPC,406,1,1
30378,IPC,323,1,1
30379,IPC,379,1,1
30380,IPC,498A,1,1
30381,IPC,420,1,1
30382,IPC,379A,1,1
30383,IPC,363,1,1
30384,IPC,379,1,1
30385,IPC,379,1,1
30386,IPC,392,1,1
30387,IPC,380,1,1
30388,BNS,109,1,1
30389,IPC,144,1,1
30390,IPC,379A,1,1
30391,IPC,66D-ITACT,1,1
30392,IPC,395,1,1
30393,IPC,379,1,1
30394,IPC,420,1,1
30395,IPC,354,1,1
30396,IPC,379A,1,1
30397,IPC,498A,1,1
30398,IPC,379,1,1
30399,IPC,147,1,1
30400,IPC,380,1,1
30401,IPC,420,1,1
30402,IPC,326,1,1
30403,IPC,66D-ITACT,1,1
30404,IPC,379A,1,1
30405,IPC,380,1,1
30406,IPC,323,1,1
30407,IPC,323,1,1
30408,IPC,420,1,1
30409,IPC,379,1,1
30410,IPC,379,1,1
30411,ARMS,25,1,1
30412,NDPS,20,1,1
30413,IPC,323,1,1
30414,IPC,326,1,1
30415,IPC,323,1,1
30416,IPC,498A,1,1
30417,BNS,103,1,1
30418,IPC,147,1,1
30419,IPC,323,1,1
30420,IPC,392,1,1
30421,BNS,64,1,1
30421,IPC,376,2,2
30422,IPC,326,1,1
30423,IPC,379A,1,1
30424,IPC,420,1,1
30425,IPC,379,1,1
30426,IPC,326,1,1
30427,IPC,380,1,1
30428,IPC,326,1,1
30429,IPC,379A,1,1
30430,IPC,354,1,1
30431,IPC,379,1,1
30432,IPC,392,1,1
30433,IPC,498A,1,1
30434,IPC,379A,1,1
30435,IPC,307,1,1
30436,IPC,147,1,1
30437,IPC,354,1,1
30438,IPC,323,1,1
30439,IPC,354,1,1
30440,IPC,420,1,1
30441,IPC,363,1,1
30442,IPC,392,1,1
30443,IPC,379,1,1
30444,IPC,498A,1,1
30445,IPC,380,1,1
30446,IPC,66D-ITACT,1,1
30447,IPC,302,1,1
30448,IPC,379A,1,1
30449,IPC,376,1,1
30450,IPC,326,1,1
30451,IPC,406,1,1
30452,IPC,323,1,1
30453,IPC,304,1,1
30454,IPC,420,1,1
30455,IPC,323,1,1
30456,IPC,379,1,1
30457,IPC,66D-ITACT,1,1
30458,IPC,363,1,1
30459,IPC,380,1,1
30460,IPC,406,1,1
30461,IPC,489A,1,1
30462,IPC,395,1,1
30463,IPC,354,1,1
30464,IPC,420,1,1
30465,IPC,323,1,1
30466,IPC,379A,1,1
30467,IPC,354,1,1
30468,IPC,66D-ITACT,1,1
30469,IPC,354,1,1
30470,IPC,354,1,1
30471,IPC,379A,1,1
30472,IPC,379A,1,1
30473,IPC,376,1,1
30474,IPC,498A,1,1
30475,IPC,326,1,1
30476,BNS,64,1,1
30477,ARMS,25,1,1
30478,IPC,323,1,1
30479,IPC,326,1,1
30480,IPC,498A,1,1
30481,IPC,392,1,1
30482,IPC,66D-ITACT,1,1
30483,IPC,420,1,1
30484,IPC,379,1,1
30485,IPC,302,1,1
30486,IPC,380,1,1
30487,IPC,379,1,1
30488,IPC,379,1,1
30489,IPC,307,1,1
30490,IPC,395,1,1
30491,IPC,498A,1,1
30492,IPC,363,1,1
30493,IPC,66D-ITACT,1,1
30494,IPC,380,1,1
30495,IPC,420,1,1
30496,ARMS,25,1,1
30497,IPC,379,1,1
30498,IPC,379,1,1
30499,IPC,380,1,1
30500,IPC,420,1,1
30501,IPC,66D-ITACT,1,1
30502,IPC,144,1,1
30503,IPC,379A,1,1
30504,IPC,392,1,1
30505,IPC,379,1,1
30506,IPC,379,1,1
30507,IPC,379A,1,1
30508,IPC,379A,1,1
30509,IPC,354,1,1
30510,IPC,379,1,1
30511,IPC,304B,1,1
30512,IPC,380,1,1
30513,IPC,323,1,1
30514,IPC,380,1,1
30515,IPC,323,1,1
30516,NDPS,20,1,1
30517,IPC,379,1,1
30518,IPC,379A,1,1
30519,IPC,420,1,1
30520,IPC,379,1,1
30521,IPC,380,1,1
30522,IPC,363,1,1
30523,IPC,326,1,1
30524,NDPS,20,1,1
30525,IPC,66D-ITACT,1,1
30526,IPC,379,1,1
30527,IPC,380,1,1
30528,IPC,380,1,1
30529,IPC,420,1,1
30530,IPC,420,1,1
30531,IPC,379A,1,1
30532,IPC,323,1,1
30533,POCSO,4,1,1
30534,IPC,379,1,1
30535,IPC,147,1,1
30536,IPC,380,1,1
30537,IPC,326,1,1
30538,IPC,379,1,1
30539,IPC,144,1,1
30540,IPC,326,1,1
30541,IPC,323,1,1
30542,IPC,323,1,1
30543,IPC,66D-ITACT,1,1
30544,IPC,144,1,1
30545,IPC,354,1,1
30546,IPC,304,1,1
30547,IPC,498A,1,1
30548,IPC,66D-ITACT,1,1
30549,IPC,498A,1,1
30550,IPC,380,1,1
30551,IPC,363,1,1
30552,ARMS,25,1,1
30553,IPC,392,1,1
30554,IPC,420,1,1
30555,IPC,302,1,1
30556,IPC,363,1,1
30557,IPC,304B,1,1
30558,IPC,66D-ITACT,1,1
30559,IPC,420,1,1
30560,IPC,66D-ITACT,1,1
30561,IPC,363,1,1
30562,IPC,376,1,1
30563,IPC,379A,1,1
30564,IPC,66D-ITACT,1,1
30565,IPC,406,1,1
30566,IPC,379,1,1
30567,IPC,326,1,1
30568,IPC,144,1,1
30569,IPC,420,1,1
30570,IPC,379,1,1
30571,IPC,376,1,1
30572,IPC,379,1,1
30573,NDPS,20,1,1
30574,IPC,323,1,1
30575,IPC,66D-ITACT,1,1
30576,IPC,379A,1,1
30577,BNS,64,1,1
30578,IPC,379,1,1
30579,IPC,379,1,1
30580,IPC,323,1,1
30581,IPC,66D-ITACT,1,1
30582,BNS,103,1,1
30583,IPC,380,1,1
30584,IPC,379,1,1
30585,IPC,323,1,1
30586,IPC,379,1,1
30587,BNS,64,1,1
30588,IPC,354,1,1
30589,IPC,379,1,1
30590,IPC,66D-ITACT,1,1
30591,IPC,326,1,1
30592,IPC,144,1,1
30593,IPC,420,1,1
30594,IPC,379,1,1
30595,IPC,379A,1,1
30596,IPC,323,1,1
30597,IPC,323,1,1
30598,IPC,436,1,1
30599,IPC,304,1,1
30600,IPC,323,1,1
30601,IPC,380,1,1
30602,IPC,304,1,1
30603,IPC,420,1,1
30604,IPC,380,1,1
30605,IPC,498A,1,1
30606,IPC,379,1,1
30607,POCSO,4,1,1
30608,IPC,379A,1,1
30609,IPC,66D-ITACT,1,1
30610,IPC,420,1,1
30611,IPC,420,1,1
30612,ARMS,25,1,1
30613,IPC,323,1,1
30614,IPC,379,1,1
30615,IPC,323,1,1
30616,IPC,395,1,1
30617,IPC,304,1,1
30618,IPC,380,1,1
30619,IPC,380,1,1
30620,IPC,304,1,1
30621,IPC,379,1,1
30622,IPC,304,1,1
30623,IPC,323,1,1
30624,NDPS,20,1,1
30625,IPC,326,1,1
30626,BNS,109,1,1
30627,IPC,420,1,1
30628,IPC,379,1,1
30629,IPC,379A,1,1
30630,IPC,326,1,1
30631,IPC,392,1,1
30632,IPC,323,1,1
30633,IPC,66D-ITACT,1,1
30634,IPC,379,1,1
30635,IPC,379,1,1
30636,IPC,392,1,1
30637,IPC,323,1,1
30638,IPC,392,1,1
30639,IPC,323,1,1
30640,IPC,380,1,1
30641,IPC,498A,1,1
30642,NDPS,20,1,1
30643,IPC,379,1,1
30644,IPC,498A,1,1
30645,IPC,363,1,1
30646,IPC,420,1,1
30647,IPC,379,1,1
30648,IPC,144,1,1
30649,IPC,379A,1,1
30650,IPC,379,1,1
30651,IPC,395,1,1
30652,IPC,66D-ITACT,1,1
30653,IPC,395,1,1
30654,IPC,380,1,1
30655,IPC,379,1,1
30656,IPC,379,1,1
30657,IPC,144,1,1
30658,POCSO,4,1,1
30659,IPC,323,1,1
30660,IPC,379A,1,1
30661,IPC,380,1,1
30662,IPC,498A,1,1
30663,IPC,323,1,1
30664,IPC,379A,1,1
30665,IPC,380,1,1
30666,IPC,379A,1,1
30667,IPC,379A,1,1
30668,IPC,379,1,1
30669,IPC,379,1,1
30670,IPC,379,1,1
30671,IPC,498A,1,1
30672,IPC,323,1,1
30673,IPC,498A,1,1
30674,IPC,379,1,1
30675,IPC,304B,1,1
30676,IPC,420,1,1
30677,NDPS,20,1,1
30678,NDPS,20,1,1
30679,IPC,66D-ITACT,1,1
30680,IPC,436,1,1
30681,IPC,380,1,1
30682,IPC,420,1,1
30683,IPC,379A,1,1
30684,IPC,379A,1,1
30685,IPC,380,1,1
30686,IPC,363,1,1
30687,IPC,379,1,1
30688,IPC,406,1,1
30689,IPC,420,1,1
30690,IPC,66D-ITACT,1,1
30691,BNS,64,1,1
30692,IPC,498A,1,1
30693,IPC,392,1,1
30694,IPC,379A,1,1
30695,IPC,379,1,1
30696,IPC,379,1,1
30697,IPC,66D-ITACT,1,1
30698,IPC,380,1,1
30699,IPC,304B,1,1
30700,IPC,379,1,1
30701,IPC,379,1,1
30702,IPC,379,1,1
30703,IPC,379,1,1
30704,IPC,144,1,1
30705,IPC,406,1,1
30706,IPC,302,1,1
30707,IPC,379,1,1
30708,IPC,379,1,1
30709,ARMS,25,1,1
30709,ARMS,27,2,2
30710,IPC,489A,1,1
30711,IPC,379,1,1
30712,IPC,420,1,1
30713,NDPS,20,1,1
30714,IPC,406,1,1
30715,IPC,379,1,1
30716,IPC,326,1,1
30717,IPC,395,1,1
30718,IPC,379,1,1
30719,IPC,379,1,1
30720,IPC,379,1,1
30721,IPC,489A,1,1
30722,IPC,379A,1,1
30723,IPC,326,1,1
30724,IPC,420,1,1
30725,ARMS,27,1,1
30726,IPC,380,1,1
30727,ARMS,25,1,1
30728,IPC,392,1,1
30729,IPC,406,1,1
30730,IPC,379A,1,1
30731,IPC,326,1,1
30732,IPC,323,1,1
30733,ARMS,27,1,1
30733,ARMS,25,2,2
30734,POCSO,4,1,1
30735,IPC,379,1,1
30736,IPC,304B,1,1
30737,IPC,379,1,1
30738,IPC,379,1,1
30739,IPC,304,1,1
30740,IPC,66D-ITACT,1,1
30741,IPC,420,1,1
30742,IPC,326,1,1
30743,IPC,144,1,1
30744,IPC,379,1,1
30745,IPC,66D-ITACT,1,1
30746,IPC,147,1,1
30747,IPC,392,1,1
30748,IPC,379A,1,1
30749,IPC,380,1,1
30750,IPC,66D-ITACT,1,1
30751,ARMS,25,1,1
30752,IPC,498A,1,1
30753,IPC,363,1,1
30754,IPC,380,1,1
30755,IPC,323,1,1
30756,IPC,380,1,1
30757,IPC,498A,1,1
30758,IPC,498A,1,1
30759,IPC,489A,1,1
30760,IPC,147,1,1
30761,IPC,436,1,1
30762,IPC,144,1,1
30763,IPC,304B,1,1
30764,IPC,323,1,1
30765,IPC,144,1,1
30766,IPC,498A,1,1
30767,ARMS,25,1,1
30767,ARMS,27,2,2
30768,IPC,379,1,1
30769,IPC,354,1,1
30770,IPC,66D-ITACT,1,1
30771,IPC,379,1,1
30772,IPC,379A,1,1
30773,IPC,379,1,1
30774,IPC,323,1,1
30775,IPC,380,1,1
30776,IPC,326,1,1
30777,IPC,380,1,1
30778,IPC,354,1,1
30779,IPC,379,1,1
30780,IPC,144,1,1
30781,IPC,323,1,1
30782,IPC,326,1,1
30783,IPC,498A,1,1
30784,IPC,323,1,1
30785,IPC,379,1,1
30786,ARMS,25,1,1
30787,ARMS,25,1,1
30788,IPC,406,1,1
30789,IPC,380,1,1
30790,IPC,66D-ITACT,1,1
30791,IPC,323,1,1
30792,IPC,147,1,1
30793,IPC,323,1,1
30794,IPC,354,1,1
30795,IPC,144,1,1
30796,IPC,379A,1,1
30797,NDPS,20,1,1
30798,IPC,379,1,1
30799,IPC,380,1,1
30800,POCSO,4,1,1
30801,BNS,64,1,1
30802,IPC,326,1,1
30803,IPC,392,1,1
30804,IPC,498A,1,1
30805,IPC,379,1,1
30806,IPC,147,1,1
30807,IPC,363,1,1
30808,IPC,379,1,1
30809,IPC,379,1,1
30810,IPC,379A,1,1
30811,IPC,66D-ITACT,1,1
30812,IPC,392,1,1
30813,IPC,406,1,1
30814,IPC,66D-ITACT,1,1
30815,POCSO,4,1,1
30816,IPC,302,1,1
30817,IPC,498A,1,1
30818,IPC,379,1,1
30819,IPC,379,1,1
30820,IPC,379,1,1
30821,IPC,66D-ITACT,1,1
30822,ARMS,25,1,1
30822,ARMS,27,2,2
30823,IPC,392,1,1
30824,IPC,420,1,1
30825,IPC,66D-ITACT,1,1
30826,IPC,489A,1,1
30827,IPC,66D-ITACT,1,1
30828,IPC,380,1,1
30829,IPC,379A,1,1
30830,IPC,379A,1,1
30831,IPC,379,1,1
30832,IPC,379A,1,1
30833,IPC,379,1,1
30834,IPC,379,1,1
30835,IPC,302,1,1
30835,BNS,103,2,2
30836,IPC,379,1,1
30837,IPC,144,1,1
30838,IPC,379,1,1
30839,IPC,379,1,1
30840,IPC,66D-ITACT,1,1
30841,IPC,392,1,1
30842,IPC,354,1,1
30843,IPC,489A,1,1
30844,IPC,392,1,1
30845,IPC,363,1,1
30846,IPC,379,1,1
30847,IPC,323,1,1
30848,IPC,323,1,1
30849,IPC,326,1,1
30850,IPC,379,1,1
30851,NDPS,20,1,1
30852,IPC,498A,1,1
30853,IPC,363,1,1
30854,IPC,144,1,1
30855,ARMS,27,1,1
30855,ARMS,25,2,2
30856,IPC,363,1,1
30857,IPC,498A,1,1
30858,IPC,380,1,1
30859,IPC,66D-ITACT,1,1
30860,IPC,379,1,1
30861,IPC,379,1,1
30862,IPC,66D-ITACT,1,1
30863,IPC,379,1,1
30864,IPC,323,1,1
30865,POCSO,4,1,1
30866,IPC,379,1,1
30867,BNS,109,1,1
30868,IPC,406,1,1
30869,IPC,380,1,1
30870,IPC,498A,1,1
30871,IPC,380,1,1
30872,IPC,379,1,1
30873,IPC,66D-ITACT,1,1
30874,IPC,379A,1,1
30875,IPC,323,1,1
30876,IPC,326,1,1
30877,IPC,144,1,1
30878,IPC,147,1,1
30879,IPC,420,1,1
30880,IPC,420,1,1
30881,IPC,66D-ITACT,1,1
30882,IPC,380,1,1
30883,IPC,498A,1,1
30884,IPC,498A,1,1
30885,IPC,380,1,1
30886,IPC,379,1,1
30887,IPC,380,1,1
30888,BNS,64,1,1
30889,IPC,379,1,1
30890,IPC,307,1,1
30891,IPC,420,1,1
30892,BNS,103,1,1
30893,IPC,406,1,1
30894,IPC,380,1,1
30895,IPC,307,1,1
30896,IPC,323,1,1
30897,IPC,354,1,1
30898,POCSO,4,1,1
30899,BNS,64,1,1
30899,IPC,376,2,2
30900,IPC,379,1,1
30901,IPC,354,1,1
30902,IPC,354,1,1
30903,IPC,323,1,1
30904,IPC,380,1,1
30905,IPC,304B,1,1
30906,IPC,392,1,1
30907,IPC,379,1,1
30908,IPC,380,1,1
30909,IPC,376,1,1
30910,IPC,380,1,1
30911,IPC,326,1,1
30912,IPC,379,1,1
30913,IPC,420,1,1
30914,IPC,379,1,1
30915,IPC,379,1,1
30916,POCSO,4,1,1
30917,IPC,147,1,1
30918,IPC,323,1,1
30919,IPC,304B,1,1
30920,IPC,66D-ITACT,1,1
30921,ARMS,25,1,1
30922,IPC,380,1,1
30923,IPC,436,1,1
30924,IPC,406,1,1
30925,IPC,379,1,1
30926,IPC,420,1,1
30927,NDPS,20,1,1
30928,IPC,380,1,1
30929,IPC,420,1,1
30930,IPC,379A,1,1
30931,IPC,376,1,1
30931,BNS,64,2,2
30932,IPC,392,1,1
30933,IPC,304B,1,1
30934,IPC,436,1,1
30935,IPC,66D-ITACT,1,1
30936,IPC,323,1,1
30937,IPC,326,1,1
30938,BNS,64,1,1
30938,IPC,376,2,2
30939,IPC,379A,1,1
30940,ARMS,25,1,1
30941,IPC,379A,1,1
30942,IPC,379,1,1
30943,IPC,379,1,1
30944,IPC,66D-ITACT,1,1
30945,POCSO,4,1,1
30946,IPC,323,1,1
30947,IPC,498A,1,1
30948,IPC,66D-ITACT,1,1
30949,IPC,379A,1,1
30950,NDPS,20,1,1
30951,IPC,354,1,1
30952,IPC,144,1,1
30953,IPC,489A,1,1
30954,IPC,379,1,1
30955,IPC,323,1,1
30956,IPC,379,1,1
30957,IPC,379,1,1
30958,IPC,323,1,1
30959,IPC,379,1,1
30960,IPC,420,1,1
30961,BNS,109,1,1
30962,IPC,379,1,1
30963,IPC,379,1,1
30964,IPC,420,1,1
30965,IPC,380,1,1
30966,IPC,379,1,1
30967,IPC,380,1,1
30968,IPC,379,1,1
30969,ARMS,25,1,1
30969,ARMS,27,2,2
30970,POCSO,4,1,1
30971,IPC,498A,1,1
30972,IPC,147,1,1
30973,IPC,304B,1,1
30974,IPC,302,1,1
30975,IPC,392,1,1
30976,IPC,307,1,1
30977,IPC,392,1,1
30978,IPC,326,1,1
30979,IPC,498A,1,1
30980,NDPS,20,1,1
30981,IPC,379,1,1
30982,IPC,323,1,1
30983,IPC,66D-ITACT,1,1
30984,IPC,66D-ITACT,1,1
30985,IPC,436,1,1
30986,IPC,147,1,1
30987,IPC,380,1,1
30988,IPC,147,1,1
30989,IPC,379,1,1
30990,IPC,323,1,1
30991,IPC,420,1,1
30992,IPC,363,1,1
30993,IPC,498A,1,1
30994,IPC,326,1,1
30995,IPC,326,1,1
30996,IPC,354,1,1
30997,IPC,380,1,1
30998,IPC,406,1,1
30999,IPC,304,1,1
31000,IPC,147,1,1
31001,IPC,379A,1,1
31002,IPC,420,1,1
31003,IPC,379,1,1
31004,IPC,304B,1,1
31005,IPC,420,1,1
31006,IPC,304,1,1
31007,NDPS,20,1,1
31008,IPC,379,1,1
31009,IPC,379,1,1
31010,IPC,379A,1,1
31011,IPC,379,1,1
31012,POCSO,4,1,1
31013,IPC,354,1,1
31014,IPC,66D-ITACT,1,1
31015,IPC,379,1,1
31016,IPC,354,1,1
31017,IPC,379,1,1
31018,IPC,376,1,1
31019,IPC,379,1,1
31020,IPC,420,1,1
31021,IPC,379,1,1
31022,ARMS,25,1,1
31023,IPC,379,1,1
31024,IPC,392,1,1
31025,POCSO,4,1,1
31026,IPC,498A,1,1
31027,IPC,392,1,1
31028,IPC,420,1,1
31029,IPC,326,1,1
31030,IPC,406,1,1
31031,IPC,436,1,1
31032,IPC,379A,1,1
31033,IPC,420,1,1
31034,IPC,420,1,1
31035,IPC,379,1,1
31036,IPC,379,1,1
31037,IPC,379A,1,1
31038,IPC,66D-ITACT,1,1
31039,IPC,304B,1,1
31040,IPC,379,1,1
31041,IPC,379,1,1
31042,IPC,379,1,1
31043,IPC,392,1,1
31044,IPC,379,1,1
31045,IPC,323,1,1
31046,IPC,304,1,1
31047,IPC,66D-ITACT,1,1
31048,IPC,420,1,1
31049,IPC,66D-ITACT,1,1
31050,IPC,379A,1,1
31051,IPC,380,1,1
31052,IPC,147,1,1
31053,IPC,406,1,1
31054,IPC,66D-ITACT,1,1
31055,IPC,323,1,1
31056,IPC,354,1,1
31057,IPC,420,1,1
31058,IPC,323,1,1
31059,IPC,392,1,1
31060,IPC,323,1,1
31061,IPC,380,1,1
31062,IPC,379,1,1
31063,IPC,147,1,1
31064,IPC,379,1,1
31065,IPC,380,1,1
31066,IPC,392,1,1
31067,IPC,498A,1,1
31068,IPC,354,1,1
31069,IPC,379,1,1
31070,IPC,420,1,1
31071,IPC,420,1,1
31072,IPC,323,1,1
31073,IPC,363,1,1
31074,IPC,420,1,1
31075,IPC,489A,1,1
31076,IPC,392,1,1
31077,IPC,498A,1,1
31078,IPC,392,1,1
31079,IPC,379,1,1
31080,IPC,323,1,1
31081,IPC,498A,1,1
31082,IPC,323,1,1
31083,IPC,307,1,1
31084,IPC,379A,1,1
31085,NDPS,20,1,1
31086,IPC,379,1,1
31087,ARMS,27,1,1
31088,IPC,323,1,1
31089,IPC,380,1,1
31090,IPC,354,1,1
31091,NDPS,20,1,1
31092,IPC,395,1,1
31093,IPC,379,1,1
31094,IPC,379,1,1
31095,IPC,354,1,1
31096,IPC,380,1,1
31097,IPC,147,1,1
31098,IPC,376,1,1
31099,IPC,307,1,1
31100,IPC,379,1,1
31101,BNS,103,1,1
31102,IPC,379,1,1
31103,IPC,379,1,1
31104,IPC,323,1,1
31105,IPC,392,1,1
31106,IPC,498A,1,1
31107,IPC,326,1,1
31108,BNS,64,1,1
31109,POCSO,4,1,1
31110,IPC,323,1,1
31111,IPC,323,1,1
31112,IPC,323,1,1
31113,IPC,363,1,1
31114,NDPS,20,1,1
31115,IPC,66D-ITACT,1,1
31116,IPC,66D-ITACT,1,1
31117,IPC,406,1,1
31118,IPC,420,1,1
31119,IPC,323,1,1
31120,IPC,147,1,1
31121,IPC,379A,1,1
31122,IPC,376,1,1
31123,IPC,354,1,1
31124,IPC,420,1,1
31125,NDPS,20,1,1
31126,IPC,379,1,1
31127,IPC,406,1,1
31128,POCSO,4,1,1
31129,IPC,380,1,1
31130,IPC,379,1,1
31131,IPC,144,1,1
31132,IPC,326,1,1
31133,IPC,379,1,1
31134,IPC,326,1,1
31135,IPC,326,1,1
31136,IPC,379,1,1
31137,IPC,436,1,1
31138,IPC,406,1,1
31139,IPC,66D-ITACT,1,1
31140,ARMS,25,1,1
31141,IPC,380,1,1
31142,IPC,420,1,1
31143,IPC,379,1,1
31144,IPC,420,1,1
31145,IPC,307,1,1
31146,IPC,379A,1,1
31147,IPC,323,1,1
31148,IPC,498A,1,1
31149,IPC,379A,1,1
31150,IPC,379,1,1
31151,IPC,420,1,1
31152,IPC,66D-ITACT,1,1
31153,IPC,363,1,1
31154,IPC,380,1,1
31155,IPC,307,1,1
31155,BNS,109,2,2
31156,IPC,379A,1,1
31157,IPC,379,1,1
31158,IPC,379A,1,1
31159,IPC,436,1,1
31160,IPC,379,1,1
31161,IPC,379,1,1
31162,IPC,379A,1,1
31163,IPC,66D-ITACT,1,1
31164,IPC,363,1,1
31165,IPC,392,1,1
31166,IPC,395,1,1
31167,IPC,392,1,1
31168,IPC,354,1,1
31169,IPC,406,1,1
31170,POCSO,4,1,1
31171,IPC,498A,1,1
31172,IPC,379,1,1
31173,IPC,379,1,1
31174,IPC,302,1,1
31175,IPC,354,1,1
31176,IPC,380,1,1
31177,IPC,392,1,1
31178,IPC,376,1,1
31178,BNS,64,2,2
31179,IPC,144,1,1
31180,IPC,406,1,1
31181,IPC,379,1,1
31182,IPC,380,1,1
31183,IPC,379A,1,1
31184,IPC,420,1,1
31185,ARMS,25,1,1
31186,IPC,380,1,1
31187,IPC,420,1,1
31188,IPC,66D-ITACT,1,1
31189,IPC,379A,1,1
31190,IPC,66D-ITACT,1,1
31191,IPC,379,1,1
31192,IPC,380,1,1
31193,IPC,147,1,1
31194,IPC,144,1,1
31195,IPC,420,1,1
31196,IPC,392,1,1
31197,IPC,379,1,1
31198,IPC,379,1,1
31199,IPC,144,1,1
31200,IPC,379A,1,1
31201,IPC,379A,1,1
31202,IPC,326,1,1
31203,IPC,323,1,1
31204,IPC,323,1,1
31205,IPC,392,1,1
31206,IPC,392,1,1
31207,IPC,363,1,1
31208,IPC,406,1,1
31209,ARMS,27,1,1
31209,ARMS,25,2,2
31210,IPC,406,1,1
31211,IPC,406,1,1
31212,IPC,144,1,1
31213,IPC,323,1,1
31214,IPC,323,1,1
31215,IPC,380,1,1
31216,IPC,379,1,1
31217,IPC,326,1,1
31218,IPC,380,1,1
31219,IPC,380,1,1
31220,IPC,379A,1,1
31221,IPC,489A,1,1
31222,IPC,379,1,1
31223,IPC,379,1,1
31224,IPC,436,1,1
31225,IPC,380,1,1
31226,IPC,323,1,1
31227,IPC,395,1,1
31228,IPC,363,1,1
31229,BNS,109,1,1
31230,IPC,66D-ITACT,1,1
31231,IPC,436,1,1
31232,IPC,379,1,1
31233,IPC,379A,1,1
31234,IPC,379A,1,1
31235,IPC,379A,1,1
31236,IPC,436,1,1
31237,IPC,392,1,1
31238,IPC,489A,1,1
31239,IPC,392,1,1
31240,IPC,66D-ITACT,1,1
31241,IPC,326,1,1
31242,IPC,379,1,1
31243,NDPS,20,1,1
31244,IPC,406,1,1
31245,IPC,354,1,1
31246,IPC,379,1,1
31247,IPC,323,1,1
31248,IPC,323,1,1
31249,IPC,392,1,1
31250,IPC,379,1,1
31251,IPC,436,1,1
31252,BNS,64,1,1
31253,IPC,66D-ITACT,1,1
31254,IPC,354,1,1
31255,ARMS,25,1,1
31256,IPC,354,1,1
31257,IPC,379,1,1
31258,IPC,420,1,1
31259,ARMS,25,1,1
31260,IPC,379A,1,1
31261,IPC,323,1,1
31262,IPC,379,1,1
31263,IPC,326,1,1
31264,IPC,379,1,1
31265,IPC,498A,1,1
31266,IPC,498A,1,1
31267,IPC,354,1,1
31268,IPC,379A,1,1
31269,IPC,323,1,1
31270,IPC,66D-ITACT,1,1
31271,IPC,144,1,1
31272,IPC,379,1,1
31273,IPC,392,1,1
31274,IPC,379,1,1
31275,IPC,379,1,1
31276,IPC,323,1,1
31277,IPC,379,1,1
31278,NDPS,20,1,1
31279,IPC,420,1,1
31280,NDPS,20,1,1
31281,IPC,147,1,1
31282,ARMS,27,1,1
31283,IPC,436,1,1
31284,IPC,498A,1,1
31285,IPC,323,1,1
31286,IPC,326,1,1
31287,IPC,379A,1,1
31288,IPC,323,1,1
31289,IPC,392,1,1
31290,IPC,379A,1,1
31291,IPC,395,1,1
31292,IPC,436,1,1
31293,IPC,420,1,1
31294,IPC,379,1,1
31295,IPC,380,1,1
31296,IPC,498A,1,1
31297,IPC,420,1,1
31298,IPC,380,1,1
31299,BNS,64,1,1
31300,IPC,66D-ITACT,1,1
31301,IPC,326,1,1
31302,IPC,323,1,1
31303,IPC,376,1,1
31304,IPC,420,1,1
31305,IPC,379,1,1
31306,IPC,380,1,1
31307,IPC,326,1,1
31308,IPC,323,1,1
31309,IPC,380,1,1
31310,IPC,323,1,1
31311,IPC,147,1,1
31312,IPC,379,1,1
31313,IPC,380,1,1
31314,IPC,376,1,1
31314,BNS,64,2,2
31315,IPC,420,1,1
31316,BNS,109,1,1
31317,IPC,307,1,1
31318,IPC,376,1,1
31319,IPC,380,1,1
31320,IPC,323,1,1
31321,IPC,66D-ITACT,1,1
31322,IPC,66D-ITACT,1,1
31323,IPC,326,1,1
31324,IPC,323,1,1
31325,IPC,66D-ITACT,1,1
31326,IPC,323,1,1
31327,IPC,420,1,1
31328,IPC,379,1,1
31329,IPC,147,1,1
31330,IPC,420,1,1
31331,IPC,392,1,1
31332,IPC,380,1,1
31333,IPC,354,1,1
31334,IPC,326,1,1
31335,BNS,109,1,1
31336,BNS,109,1,1
31336,IPC,307,2,2
31337,IPC,66D-ITACT,1,1
31338,IPC,498A,1,1
31339,IPC,379,1,1
31340,IPC,326,1,1
31341,IPC,354,1,1
31342,IPC,323,1,1
31343,IPC,326,1,1
31344,IPC,354,1,1
31345,IPC,323,1,1
31346,IPC,498A,1,1
31347,IPC,420,1,1
31348,IPC,379A,1,1
31349,IPC,379A,1,1
31350,IPC,326,1,1
31351,IPC,379,1,1
31352,IPC,379,1,1
31353,IPC,304,1,1
31354,IPC,304B,1,1
31355,ARMS,27,1,1
31356,IPC,323,1,1
31357,IPC,323,1,1
31358,IPC,498A,1,1
31359,IPC,420,1,1
31360,IPC,147,1,1
31361,IPC,144,1,1
31362,BNS,109,1,1
31362,IPC,307,2,2
31363,IPC,323,1,1
31364,IPC,498A,1,1
31365,IPC,66D-ITACT,1,1
31366,IPC,380,1,1
31367,IPC,379,1,1
31368,IPC,380,1,1
31369,IPC,380,1,1
31370,POCSO,4,1,1
31371,IPC,379,1,1
31372,IPC,323,1,1
31373,IPC,304B,1,1
31374,IPC,302,1,1
31375,IPC,379,1,1
31376,IPC,498A,1,1
31377,IPC,323,1,1
31378,ARMS,25,1,1
31378,ARMS,27,2,2
31379,NDPS,20,1,1
31380,POCSO,4,1,1
31381,IPC,379,1,1
31382,IPC,406,1,1
31383,IPC,379,1,1
31384,IPC,147,1,1
31385,IPC,379A,1,1
31386,IPC,379,1,1
31387,IPC,354,1,1
31388,IPC,379,1,1
31389,IPC,392,1,1
31390,IPC,66D-ITACT,1,1
31391,IPC,354,1,1
31392,IPC,380,1,1
31393,IPC,379A,1,1
31394,IPC,420,1,1
31395,IPC,380,1,1
31396,IPC,379,1,1
31397,IPC,392,1,1
31398,IPC,379,1,1
31399,IPC,436,1,1
31400,IPC,379,1,1
31401,IPC,323,1,1
31402,IPC,380,1,1
31403,IPC,392,1,1
31404,IPC,379A,1,1
31405,IPC,379,1,1
31406,IPC,323,1,1
31407,IPC,147,1,1
31408,IPC,304B,1,1
31409,IPC,379,1,1
31410,IPC,379,1,1
31411,IPC,326,1,1
31412,IPC,363,1,1
31413,IPC,147,1,1
31414,IPC,379,1,1
31415,IPC,380,1,1
31416,IPC,380,1,1
31417,IPC,395,1,1
31418,IPC,354,1,1
31419,IPC,354,1,1
31420,IPC,380,1,1
31421,IPC,379,1,1
31422,IPC,406,1,1
31423,IPC,420,1,1
31424,IPC,498A,1,1
31425,IPC,379,1,1
31426,IPC,420,1,1
31427,IPC,379,1,1
31428,IPC,326,1,1
31429,IPC,379,1,1
31430,IPC,420,1,1
31431,IPC,379,1,1
31432,IPC,66D-ITACT,1,1
31433,IPC,363,1,1
31434,BNS,109,1,1
31435,IPC,436,1,1
31436,IPC,363,1,1
31437,IPC,326,1,1
31438,IPC,498A,1,1
31439,IPC,379,1,1
31440,IPC,379A,1,1
31441,IPC,144,1,1
31442,IPC,363,1,1
31443,BNS,109,1,1
31444,IPC,420,1,1
31445,IPC,379,1,1
31446,IPC,363,1,1
31447,NDPS,20,1,1
31448,IPC,326,1,1
31449,IPC,379A,1,1
31450,IPC,379,1,1
31451,IPC,379A,1,1
31452,IPC,326,1,1
31453,IPC,379,1,1
31454,IPC,354,1,1
31455,IPC,354,1,1
31456,IPC,395,1,1
31457,IPC,392,1,1
31458,IPC,323,1,1
31459,IPC,363,1,1
31460,IPC,144,1,1
31461,IPC,379,1,1
31462,IPC,436,1,1
31463,IPC,380,1,1
31464,IPC,376,1,1
31465,IPC,420,1,1
31466,IPC,363,1,1
31467,POCSO,4,1,1
31468,IPC,323,1,1
31469,IPC,420,1,1
31470,IPC,392,1,1
31471,IPC,406,1,1
31472,IPC,354,1,1
31473,IPC,380,1,1
31474,POCSO,4,1,1
31475,IPC,380,1,1
31476,IPC,66D-ITACT,1,1
31477,IPC,376,1,1
31477,BNS,64,2,2
31478,IPC,420,1,1
31479,IPC,66D-ITACT,1,1
31480,IPC,354,1,1
31481,IPC,326,1,1
31482,IPC,66D-ITACT,1,1
31483,IPC,420,1,1
31484,IPC,420,1,1
31485,IPC,66D-ITACT,1,1
31486,IPC,498A,1,1
31487,IPC,66D-ITACT,1,1
31488,IPC,354,1,1
31489,IPC,498A,1,1
31490,IPC,323,1,1
31491,IPC,323,1,1
31492,IPC,379,1,1
31493,IPC,379,1,1
31494,IPC,498A,1,1
31495,IPC,144,1,1
31496,IPC,147,1,1
31497,IPC,323,1,1
31498,IPC,379,1,1
31499,IPC,498A,1,1
31500,IPC,354,1,1
31501,POCSO,4,1,1
31502,IPC,379,1,1
31503,IPC,326,1,1
31504,IPC,379A,1,1
31505,IPC,498A,1,1
31506,NDPS,20,1,1
31507,IPC,379A,1,1
31508,IPC,379A,1,1
31509,IPC,379,1,1
31510,IPC,379A,1,1
31511,IPC,380,1,1
31512,IPC,420,1,1
31513,IPC,66D-ITACT,1,1
31514,IPC,363,1,1
31515,IPC,66D-ITACT,1,1
31516,IPC,379,1,1
31517,IPC,66D-ITACT,1,1
31518,IPC,376,1,1
31519,IPC,66D-ITACT,1,1
31520,IPC,326,1,1
31521,IPC,379,1,1
31522,IPC,420,1,1
31523,IPC,323,1,1
31524,IPC,379,1,1
31525,IPC,380,1,1
31526,IPC,363,1,1
31527,IPC,379,1,1
31528,IPC,379,1,1
31529,IPC,498A,1,1
31530,IPC,304B,1,1
31531,IPC,498A,1,1
31532,IPC,363,1,1
31533,IPC,420,1,1
31534,IPC,379,1,1
31535,IPC,307,1,1
31536,IPC,420,1,1
31537,IPC,392,1,1
31538,IPC,420,1,1
31539,IPC,420,1,1
31540,BNS,109,1,1
31541,IPC,323,1,1
31542,IPC,379,1,1
31543,IPC,379A,1,1
31544,IPC,66D-ITACT,1,1
31545,IPC,323,1,1
31546,IPC,498A,1,1
31547,IPC,323,1,1
31548,BNS,64,1,1
31549,IPC,354,1,1
31550,IPC,406,1,1
31551,IPC,326,1,1
31552,IPC,323,1,1
31553,IPC,66D-ITACT,1,1
31554,IPC,420,1,1
31555,IPC,326,1,1
31556,IPC,420,1,1
31557,IPC,380,1,1
31558,IPC,498A,1,1
31559,IPC,323,1,1
31560,ARMS,27,1,1
31561,IPC,498A,1,1
31562,IPC,323,1,1
31563,IPC,498A,1,1
31564,IPC,380,1,1
31565,IPC,379A,1,1
31566,IPC,395,1,1
31567,IPC,380,1,1
31568,IPC,420,1,1
31569,IPC,379,1,1
31570,IPC,307,1,1
31571,IPC,498A,1,1
31572,IPC,379A,1,1
31573,IPC,66D-ITACT,1,1
31574,IPC,379,1,1
31575,IPC,436,1,1
31576,IPC,379,1,1
31577,IPC,420,1,1
31578,IPC,66D-ITACT,1,1
31579,IPC,144,1,1
31580,IPC,323,1,1
31581,IPC,354,1,1
31582,IPC,323,1,1
31583,IPC,376,1,1
31584,IPC,379A,1,1
31585,IPC,420,1,1
31586,IPC,323,1,1
31587,IPC,379,1,1
31588,IPC,380,1,1
31589,IPC,498A,1,1
31590,IPC,379,1,1
31591,IPC,420,1,1
31592,ARMS,25,1,1
31593,IPC,379A,1,1
31594,IPC,363,1,1
31595,IPC,66D-ITACT,1,1
31596,IPC,66D-ITACT,1,1
31597,IPC,420,1,1
31598,IPC,489A,1,1
31599,IPC,66D-ITACT,1,1
31600,IPC,144,1,1
31601,ARMS,25,1,1
31601,ARMS,27,2,2
31602,IPC,379A,1,1
31603,IPC,420,1,1
31604,IPC,323,1,1
31605,IPC,420,1,1
31606,IPC,304B,1,1
31607,IPC,354,1,1
31608,IPC,380,1,1
31609,BNS,103,1,1
31610,IPC,420,1,1
31611,IPC,376,1,1
31612,ARMS,27,1,1
31612,ARMS,25,2,2
31613,IPC,326,1,1
31614,IPC,420,1,1
31615,IPC,420,1,1
31616,ARMS,25,1,1
31617,IPC,380,1,1
31618,IPC,323,1,1
31619,IPC,323,1,1
31620,IPC,379A,1,1
31621,IPC,436,1,1
31622,IPC,420,1,1
31623,IPC,379A,1,1
31624,IPC,354,1,1
31625,IPC,420,1,1
31626,IPC,489A,1,1
31627,IPC,147,1,1
31628,IPC,379,1,1
31629,IPC,307,1,1
31630,IPC,392,1,1
31631,BNS,103,1,1
31632,IPC,379,1,1
31633,IPC,420,1,1
31634,IPC,304,1,1
31635,IPC,380,1,1
31636,IPC,489A,1,1
31637,IPC,379A,1,1
31638,IPC,354,1,1
31639,IPC,498A,1,1
31640,IPC,354,1,1
31641,IPC,379A,1,1
31642,IPC,379A,1,1
31643,ARMS,25,1,1
31644,IPC,66D-ITACT,1,1
31645,IPC,420,1,1
31646,IPC,323,1,1
31647,NDPS,20,1,1
31648,IPC,66D-ITACT,1,1
31649,IPC,380,1,1
31650,IPC,379,1,1
31651,IPC,379A,1,1
31652,IPC,363,1,1
31653,IPC,379,1,1
31654,IPC,66D-ITACT,1,1
31655,IPC,326,1,1
31656,IPC,420,1,1
31657,IPC,379,1,1
31658,IPC,379A,1,1
31659,IPC,395,1,1
31660,IPC,323,1,1
31661,IPC,498A,1,1
31662,IPC,66D-ITACT,1,1
31663,IPC,379A,1,1
31664,POCSO,4,1,1
31665,IPC,147,1,1
31666,IPC,380,1,1
31667,IPC,147,1,1
31668,IPC,379A,1,1
31669,IPC,392,1,1
31670,IPC,323,1,1
31671,IPC,376,1,1
31672,IPC,323,1,1
31673,IPC,66D-ITACT,1,1
31674,IPC,406,1,1
31675,IPC,392,1,1
31676,IPC,379,1,1
31677,IPC,144,1,1
31678,IPC,379,1,1
31679,IPC,380,1,1
31680,IPC,498A,1,1
31681,IPC,379,1,1
31682,IPC,302,1,1
31683,IPC,144,1,1
31684,IPC,354,1,1
31685,IPC,144,1,1
31686,IPC,304B,1,1
31687,IPC,323,1,1
31688,IPC,379,1,1
31689,IPC,147,1,1
31690,IPC,379,1,1
31691,IPC,363,1,1
31692,IPC,354,1,1
31693,IPC,323,1,1
31694,IPC,379,1,1
31695,IPC,304,1,1
31696,IPC,420,1,1
31697,IPC,380,1,1
31698,IPC,147,1,1
31699,IPC,354,1,1
31700,POCSO,4,1,1
31701,IPC,380,1,1
31702,IPC,379,1,1
31703,IPC,66D-ITACT,1,1
31704,IPC,66D-ITACT,1,1
31705,IPC,379A,1,1
31706,IPC,498A,1,1
31707,IPC,323,1,1
31708,IPC,304,1,1
31709,IPC,323,1,1
31710,IPC,379,1,1
31711,IPC,66D-ITACT,1,1
31712,IPC,323,1,1
31713,IPC,354,1,1
31714,IPC,323,1,1
31715,IPC,380,1,1
31716,IPC,489A,1,1
31717,IPC,380,1,1
31718,IPC,436,1,1
31719,IPC,379,1,1
31720,IPC,420,1,1
31721,IPC,379,1,1
31722,IPC,379,1,1
31723,IPC,498A,1,1
31724,POCSO,4,1,1
31725,IPC,379,1,1
31726,BNS,103,1,1
31726,IPC,302,2,2
31727,IPC,379,1,1
31728,IPC,326,1,1
31729,IPC,379A,1,1
31730,IPC,147,1,1
31731,BNS,103,1,1
31732,IPC,379A,1,1
31733,ARMS,27,1,1
31734,IPC,379,1,1
31735,IPC,498A,1,1
31736,IPC,379,1,1
31737,IPC,420,1,1
31738,IPC,66D-ITACT,1,1
31739,IPC,323,1,1
31740,NDPS,20,1,1
31741,IPC,379,1,1
31742,IPC,323,1,1
31743,IPC,380,1,1
31744,IPC,147,1,1
31745,IPC,379,1,1
31746,BNS,103,1,1
31746,IPC,302,2,2
31747,IPC,66D-ITACT,1,1
31748,IPC,420,1,1
31749,IPC,379,1,1
31750,IPC,379A,1,1
31751,IPC,323,1,1
31752,IPC,323,1,1
31753,IPC,395,1,1
31754,IPC,380,1,1
31755,IPC,380,1,1
31756,IPC,379A,1,1
31757,IPC,147,1,1
31758,IPC,489A,1,1
31759,ARMS,27,1,1
31760,IPC,392,1,1
31761,IPC,326,1,1
31762,IPC,323,1,1
31763,IPC,420,1,1
31764,IPC,380,1,1
31765,ARMS,25,1,1
31766,IPC,323,1,1
31767,IPC,304B,1,1
31768,BNS,103,1,1
31769,IPC,379A,1,1
31770,IPC,363,1,1
31771,ARMS,27,1,1
31772,IPC,307,1,1
31773,IPC,66D-ITACT,1,1
31774,IPC,323,1,1
31775,IPC,147,1,1
31776,IPC,379A,1,1
31777,IPC,380,1,1
31778,IPC,354,1,1
31779,IPC,66D-ITACT,1,1
31780,IPC,380,1,1
31781,IPC,379,1,1
31782,IPC,379A,1,1
31783,IPC,147,1,1
31784,IPC,363,1,1
31785,IPC,66D-ITACT,1,1
31786,IPC,406,1,1
31787,IPC,147,1,1
31788,IPC,498A,1,1
31789,IPC,395,1,1
31790,IPC,392,1,1
31791,IPC,380,1,1
31792,IPC,323,1,1
31793,IPC,379,1,1
31794,IPC,379,1,1
31795,IPC,392,1,1
31796,IPC,363,1,1
31797,IPC,144,1,1
31798,IPC,66D-ITACT,1,1
31799,IPC,323,1,1
31800,IPC,379,1,1
31801,IPC,379A,1,1
31802,IPC,420,1,1
31803,IPC,380,1,1
31804,IPC,420,1,1
31805,IPC,323,1,1
31806,IPC,380,1,1
31807,IPC,147,1,1
31808,IPC,498A,1,1
31809,IPC,379A,1,1
31810,IPC,436,1,1
31811,IPC,326,1,1
31812,IPC,379,1,1
31813,ARMS,27,1,1
31814,IPC,354,1,1
31815,IPC,498A,1,1
31816,IPC,420,1,1
31817,IPC,323,1,1
31818,IPC,379,1,1
31819,IPC,379,1,1
31820,POCSO,4,1,1
31821,IPC,379,1,1
31822,IPC,354,1,1
31823,IPC,380,1,1
31824,IPC,144,1,1
31825,IPC,420,1,1
31826,IPC,420,1,1
31827,IPC,379,1,1
31828,IPC,323,1,1
31829,IPC,379,1,1
31830,IPC,379,1,1
31831,IPC,420,1,1
31832,IPC,379,1,1
31833,IPC,379A,1,1
31834,NDPS,20,1,1
31835,IPC,489A,1,1
31836,NDPS,20,1,1
31837,IPC,323,1,1
31838,IPC,66D-ITACT,1,1
31839,BNS,64,1,1
31840,IPC,326,1,1
31841,IPC,363,1,1
31842,IPC,379,1,1
31843,IPC,395,1,1
31844,IPC,66D-ITACT,1,1
31845,POCSO,4,1,1
31846,IPC,379,1,1
31847,IPC,379A,1,1
31848,IPC,326,1,1
31849,IPC,379,1,1
31850,IPC,323,1,1
31851,IPC,392,1,1
31852,IPC,379,1,1
31853,IPC,392,1,1
31854,IPC,489A,1,1
31855,IPC,304,1,1
31856,IPC,379,1,1
31857,IPC,498A,1,1
31858,BNS,64,1,1
31859,IPC,354,1,1
31860,IPC,304B,1,1
31861,IPC,323,1,1
31862,NDPS,20,1,1
31863,NDPS,20,1,1
31864,IPC,380,1,1
31865,IPC,420,1,1
31866,IPC,363,1,1
31867,IPC,379,1,1
31868,IPC,304,1,1
31869,IPC,498A,1,1
31870,IPC,354,1,1
31871,IPC,379,1,1
31872,IPC,379,1,1
31873,IPC,304B,1,1
31874,IPC,379A,1,1
31875,IPC,147,1,1
31876,IPC,380,1,1
31877,IPC,379,1,1
31878,IPC,379,1,1
31879,BNS,103,1,1
31880,IPC,147,1,1
31881,IPC,395,1,1
31882,IPC,379,1,1
31883,IPC,307,1,1
31884,IPC,406,1,1
31885,IPC,420,1,1
31886,IPC,392,1,1
31887,IPC,379,1,1
31888,IPC,420,1,1
31889,IPC,392,1,1
31890,BNS,64,1,1
31890,IPC,376,2,2
31891,IPC,498A,1,1
31892,IPC,379A,1,1
31893,IPC,379,1,1
31894,IPC,376,1,1
31894,BNS,64,2,2
31895,IPC,354,1,1
31896,IPC,420,1,1
31897,IPC,144,1,1
31898,IPC,147,1,1
31899,IPC,379,1,1
31900,IPC,420,1,1
31901,NDPS,20,1,1
31902,IPC,392,1,1
31903,IPC,66D-ITACT,1,1
31904,BNS,64,1,1
31905,IPC,326,1,1
31906,IPC,66D-ITACT,1,1
31907,IPC,66D-ITACT,1,1
31908,IPC,326,1,1
31909,IPC,323,1,1
31910,BNS,109,1,1
31911,IPC,66D-ITACT,1,1
31912,IPC,380,1,1
31913,IPC,307,1,1
31914,IPC,380,1,1
31915,IPC,379,1,1
31916,IPC,354,1,1
31917,IPC,376,1,1
31918,IPC,380,1,1
31919,IPC,380,1,1
31920,ARMS,27,1,1
31921,IPC,498A,1,1
31922,IPC,323,1,1
31923,IPC,323,1,1
31924,IPC,379,1,1
31925,IPC,323,1,1
31926,POCSO,4,1,1
31927,NDPS,20,1,1
31928,IPC,354,1,1
31929,IPC,379,1,1
31930,IPC,380,1,1
31931,IPC,406,1,1
31932,IPC,326,1,1
31933,IPC,420,1,1
31934,IPC,379,1,1
31935,IPC,304B,1,1
31936,IPC,380,1,1
31937,IPC,379,1,1
31938,IPC,363,1,1
31939,IPC,420,1,1
31940,IPC,379,1,1
31941,IPC,498A,1,1
31942,IPC,379,1,1
31943,IPC,379A,1,1
31944,IPC,379A,1,1
31945,IPC,379,1,1
31946,IPC,406,1,1
31947,IPC,498A,1,1
31948,IPC,379,1,1
31949,POCSO,4,1,1
31950,IPC,379,1,1
31951,IPC,326,1,1
31952,IPC,376,1,1
31952,BNS,64,2,2
31953,BNS,109,1,1
31954,IPC,379A,1,1
31955,IPC,66D-ITACT,1,1
31956,IPC,379,1,1
31957,IPC,406,1,1
31958,IPC,380,1,1
31959,IPC,380,1,1
31960,IPC,379,1,1
31961,IPC,66D-ITACT,1,1
31962,IPC,354,1,1
31963,IPC,304,1,1
31964,IPC,406,1,1
31965,IPC,379,1,1
31966,IPC,326,1,1
31967,IPC,420,1,1
31968,IPC,379,1,1
31969,IPC,420,1,1
31970,IPC,420,1,1
31971,BNS,109,1,1
31972,ARMS,27,1,1
31973,IPC,379,1,1
31974,POCSO,4,1,1
31975,IPC,354,1,1
31976,IPC,323,1,1
31977,NDPS,20,1,1
31978,IPC,304B,1,1
31979,IPC,420,1,1
31980,IPC,380,1,1
31981,IPC,354,1,1
31982,IPC,323,1,1
31983,BNS,64,1,1
31984,IPC,66D-ITACT,1,1
31985,IPC,379,1,1
31986,IPC,498A,1,1
31987,IPC,420,1,1
31988,IPC,302,1,1
31989,IPC,406,1,1
31990,IPC,395,1,1
31991,IPC,323,1,1
31992,IPC,420,1,1
31993,IPC,144,1,1
31994,IPC,326,1,1
31995,IPC,420,1,1
31996,IPC,380,1,1
31997,IPC,379,1,1
31998,IPC,354,1,1
31999,IPC,380,1,1
32000,IPC,420,1,1
32001,IPC,420,1,1
32002,IPC,354,1,1
32003,IPC,379A,1,1
32004,IPC,354,1,1
32005,POCSO,4,1,1
32006,IPC,498A,1,1
32007,IPC,379A,1,1
32008,IPC,326,1,1
32009,NDPS,20,1,1
32010,IPC,66D-ITACT,1,1
32011,IPC,147,1,1
32012,IPC,323,1,1
32013,IPC,379A,1,1
32014,IPC,392,1,1
32015,IPC,406,1,1
32016,IPC,406,1,1
32017,IPC,66D-ITACT,1,1
32018,IPC,326,1,1
32019,IPC,66D-ITACT,1,1
32020,IPC,363,1,1
32021,IPC,420,1,1
32022,IPC,379,1,1
32023,BNS,109,1,1
32024,IPC,379A,1,1
32025,IPC,326,1,1
32026,IPC,147,1,1
32027,IPC,420,1,1
32028,IPC,498A,1,1
32029,IPC,66D-ITACT,1,1
32030,IPC,379,1,1
32031,IPC,420,1,1
32032,IPC,326,1,1
32033,IPC,380,1,1
32034,IPC,379,1,1
32035,IPC,66D-ITACT,1,1
32036,IPC,147,1,1
32037,IPC,379A,1,1
32038,IPC,326,1,1
32039,IPC,379A,1,1
32040,IPC,66D-ITACT,1,1
32041,IPC,323,1,1
32042,IPC,363,1,1
32043,IPC,323,1,1
32044,IPC,363,1,1
32045,IPC,379,1,1
32046,NDPS,20,1,1
32047,IPC,379A,1,1
32048,IPC,323,1,1
32049,IPC,395,1,1
32050,IPC,379,1,1
32051,IPC,379A,1,1
32052,IPC,420,1,1
32053,IPC,323,1,1
32054,ARMS,27,1,1
32054,ARMS,25,2,2
32055,IPC,144,1,1
32056,IPC,406,1,1
32057,IPC,379,1,1
32058,IPC,304,1,1
32059,IPC,406,1,1
32060,IPC,498A,1,1
32061,IPC,380,1,1
32062,IPC,363,1,1
32063,IPC,379A,1,1
32064,IPC,323,1,1
32065,IPC,379A,1,1
32066,NDPS,20,1,1
32067,IPC,66D-ITACT,1,1
32068,IPC,392,1,1
32069,IPC,379,1,1
32070,NDPS,20,1,1
32071,IPC,420,1,1
32072,IPC,380,1,1
32073,IPC,379A,1,1
32074,IPC,66D-ITACT,1,1
32075,IPC,392,1,1
32076,IPC,379A,1,1
32077,IPC,392,1,1
32078,IPC,379,1,1
32079,IPC,392,1,1
32080,IPC,66D-ITACT,1,1
32081,IPC,380,1,1
32082,IPC,323,1,1
32083,IPC,379,1,1
32084,IPC,380,1,1
32085,IPC,436,1,1
32086,IPC,66D-ITACT,1,1
32087,IPC,304B,1,1
32088,IPC,379,1,1
32089,IPC,66D-ITACT,1,1
32090,IPC,363,1,1
32091,IPC,379,1,1
32092,IPC,420,1,1
32093,IPC,379,1,1
32094,IPC,144,1,1
32095,IPC,420,1,1
32096,IPC,147,1,1
32097,IPC,406,1,1
32098,IPC,379A,1,1
32099,IPC,379,1,1
32100,IPC,392,1,1
32101,IPC,498A,1,1
32102,IPC,323,1,1
32103,IPC,326,1,1
32104,IPC,379,1,1
32105,IPC,379,1,1
32106,IPC,323,1,1
32107,IPC,406,1,1
32108,IPC,379,1,1
32109,IPC,379,1,1
32110,IPC,380,1,1
32111,IPC,379A,1,1
32112,IPC,304B,1,1
32113,IPC,395,1,1
32114,IPC,420,1,1
32115,IPC,323,1,1
32116,IPC,380,1,1
32117,IPC,420,1,1
32118,IPC,392,1,1
32119,IPC,380,1,1
32120,IPC,420,1,1
32121,BNS,64,1,1
32121,IPC,376,2,2
32122,POCSO,4,1,1
32123,IPC,326,1,1
32124,IPC,379,1,1
32125,IPC,406,1,1
32126,IPC,66D-ITACT,1,1
32127,IPC,379,1,1
32128,IPC,379,1,1
32129,IPC,379,1,1
32130,IPC,379,1,1
32131,IPC,379,1,1
32132,IPC,66D-ITACT,1,1
32133,IPC,66D-ITACT,1,1
32134,IPC,379A,1,1
32135,IPC,323,1,1
32136,IPC,302,1,1
32137,IPC,323,1,1
32138,IPC,498A,1,1
32139,IPC,323,1,1
32140,IPC,380,1,1
32141,IPC,323,1,1
32142,IPC,379,1,1
32143,IPC,323,1,1
32144,IPC,66D-ITACT,1,1
32145,IPC,379,1,1
32146,IPC,420,1,1
32147,IPC,379,1,1
32148,IPC,420,1,1
32149,POCSO,4,1,1
32150,IPC,406,1,1
32151,IPC,379,1,1
32152,IPC,498A,1,1
32153,IPC,392,1,1
32154,IPC,392,1,1
32155,IPC,379,1,1
32156,IPC,379,1,1
32157,IPC,392,1,1
32158,IPC,326,1,1
32159,IPC,379,1,1
32160,IPC,379,1,1
32161,IPC,304B,1,1
32162,IPC,66D-ITACT,1,1
32163,IPC,380,1,1
32164,IPC,379A,1,1
32165,IPC,379A,1,1
32166,IPC,406,1,1
32167,IPC,379,1,1
32168,IPC,392,1,1
32169,IPC,420,1,1
32170,IPC,420,1,1
32171,IPC,392,1,1
32172,IPC,147,1,1
32173,IPC,323,1,1
32174,IPC,420,1,1
32175,IPC,380,1,1
32176,IPC,379,1,1
32177,IPC,379,1,1
32178,IPC,379,1,1
32179,IPC,379,1,1
32180,IPC,379,1,1
32181,IPC,323,1,1
32182,IPC,392,1,1
32183,IPC,379,1,1
32184,IPC,379A,1,1
32185,IPC,326,1,1
32186,ARMS,27,1,1
32187,IPC,379,1,1
32188,IPC,354,1,1
32189,ARMS,27,1,1
32190,IPC,379,1,1
32191,IPC,395,1,1
32192,IPC,323,1,1
32193,IPC,326,1,1
32194,IPC,323,1,1
32195,IPC,379,1,1
32196,IPC,436,1,1
32197,BNS,109,1,1
32198,IPC,420,1,1
32199,IPC,420,1,1
32200,IPC,380,1,1
32201,IPC,326,1,1
32202,IPC,420,1,1
32203,IPC,420,1,1
32204,IPC,379,1,1
32205,IPC,379A,1,1
32206,IPC,379,1,1
32207,IPC,66D-ITACT,1,1
32208,IPC,379A,1,1
32209,IPC,379,1,1
32210,NDPS,20,1,1
32211,IPC,144,1,1
32212,ARMS,25,1,1
32213,IPC,380,1,1
32214,IPC,379A,1,1
32215,IPC,380,1,1
32216,IPC,420,1,1
32217,NDPS,20,1,1
32218,IPC,66D-ITACT,1,1
32219,IPC,392,1,1
32220,IPC,326,1,1
32221,IPC,323,1,1
32222,IPC,380,1,1
32223,IPC,363,1,1
32224,IPC,326,1,1
32225,IPC,144,1,1
32226,IPC,498A,1,1
32227,IPC,420,1,1
32228,IPC,326,1,1
32229,IPC,380,1,1
32230,IPC,326,1,1
32231,IPC,420,1,1
32232,IPC,326,1,1
32233,IPC,379,1,1
32234,IPC,420,1,1
32235,IPC,380,1,1
32236,IPC,379A,1,1
32237,IPC,379,1,1
32238,IPC,380,1,1
32239,IPC,354,1,1
32240,IPC,304,1,1
32241,IPC,379,1,1
32242,IPC,379,1,1
32243,IPC,379,1,1
32244,IPC,323,1,1
32245,IPC,498A,1,1
32246,IPC,420,1,1
32247,IPC,406,1,1
32248,IPC,144,1,1
32249,IPC,420,1,1
32250,IPC,66D-ITACT,1,1
32251,IPC,380,1,1
32252,BNS,64,1,1
32252,IPC,376,2,2
32253,IPC,379,1,1
32254,IPC,323,1,1
32255,IPC,392,1,1
32256,IPC,66D-ITACT,1,1
32257,IPC,380,1,1
32258,IPC,380,1,1
32259,IPC,498A,1,1
32260,IPC,379,1,1
32261,IPC,395,1,1
32262,IPC,380,1,1
32263,IPC,436,1,1
32264,POCSO,4,1,1
32265,IPC,363,1,1
32266,IPC,323,1,1
32267,IPC,379,1,1
32268,IPC,66D-ITACT,1,1
32269,IPC,379,1,1
32270,IPC,420,1,1
32271,IPC,392,1,1
32272,IPC,326,1,1
32273,IPC,380,1,1
32274,IPC,380,1,1
32275,IPC,380,1,1
32276,IPC,420,1,1
32277,IPC,436,1,1
32278,IPC,380,1,1
32279,IPC,489A,1,1
32280,NDPS,20,1,1
32281,IPC,379,1,1
32282,IPC,302,1,1
32282,BNS,103,2,2
32283,IPC,379A,1,1
32284,IPC,379,1,1
32285,IPC,379A,1,1
32286,IPC,379,1,1
32287,IPC,379,1,1
32288,IPC,304B,1,1
32289,IPC,323,1,1
32290,IPC,379,1,1
32291,IPC,380,1,1
32292,IPC,354,1,1
32293,IPC,379,1,1
32294,IPC,380,1,1
32295,IPC,379,1,1
32296,IPC,323,1,1
32297,IPC,380,1,1
32298,NDPS,20,1,1
32299,IPC,392,1,1
32300,IPC,144,1,1
32301,IPC,147,1,1
32302,IPC,323,1,1
32303,IPC,66D-ITACT,1,1
32304,IPC,436,1,1
32305,IPC,354,1,1
32306,IPC,66D-ITACT,1,1
32307,IPC,354,1,1
32308,IPC,379,1,1
32309,IPC,379,1,1
32310,IPC,379,1,1
32311,BNS,64,1,1
32311,IPC,376,2,2
32312,BNS,64,1,1
32312,IPC,376,2,2
32313,IPC,498A,1,1
32314,POCSO,4,1,1
32315,IPC,392,1,1
32316,IPC,354,1,1
32317,IPC,323,1,1
32318,IPC,326,1,1
32319,IPC,420,1,1
32320,IPC,380,1,1
32321,IPC,66D-ITACT,1,1
32322,IPC,323,1,1
32323,IPC,323,1,1
32324,IPC,436,1,1
32325,IPC,420,1,1
32326,IPC,392,1,1
32327,IPC,392,1,1
32328,IPC,326,1,1
32329,IPC,363,1,1
32330,IPC,144,1,1
32331,POCSO,4,1,1
32332,IPC,380,1,1
32333,IPC,436,1,1
32334,IPC,392,1,1
32335,IPC,379,1,1
32336,IPC,406,1,1
32337,IPC,380,1,1
32338,IPC,379,1,1
32339,IPC,66D-ITACT,1,1
32340,IPC,392,1,1
32341,IPC,379A,1,1
32342,IPC,380,1,1
32343,IPC,354,1,1
32344,IPC,392,1,1
32345,POCSO,4,1,1
32346,IPC,420,1,1
32347,BNS,109,1,1
32348,IPC,326,1,1
32349,IPC,498A,1,1
32350,IPC,498A,1,1
32351,IPC,420,1,1
32352,ARMS,27,1,1
32353,IPC,323,1,1
32354,IPC,66D-ITACT,1,1
32355,IPC,379,1,1
32356,IPC,379,1,1
32357,IPC,326,1,1
32358,IPC,323,1,1
32359,IPC,326,1,1
32360,IPC,420,1,1
32361,IPC,363,1,1
32362,IPC,392,1,1
32363,IPC,326,1,1
32364,IPC,66D-ITACT,1,1
32365,IPC,379,1,1
32366,IPC,392,1,1
32367,IPC,379A,1,1
32368,IPC,304B,1,1
32369,IPC,379A,1,1
32370,IPC,323,1,1
32371,IPC,323,1,1
32372,IPC,376,1,1
32373,IPC,379A,1,1
32374,IPC,380,1,1
32375,IPC,392,1,1
32376,IPC,323,1,1
32377,IPC,323,1,1
32378,IPC,379,1,1
32379,IPC,498A,1,1
32380,IPC,66D-ITACT,1,1
32381,IPC,380,1,1
32382,IPC,380,1,1
32383,IPC,379A,1,1
32384,IPC,392,1,1
32385,IPC,420,1,1
32386,IPC,392,1,1
32387,IPC,323,1,1
32388,IPC,379A,1,1
32389,IPC,380,1,1
32390,POCSO,4,1,1
32391,IPC,379,1,1
32392,IPC,326,1,1
32393,BNS,64,1,1
32394,IPC,363,1,1
32395,IPC,420,1,1
32396,IPC,323,1,1
32397,IPC,66D-ITACT,1,1
32398,NDPS,20,1,1
32399,IPC,420,1,1
32400,IPC,354,1,1
32401,IPC,304B,1,1
32402,IPC,392,1,1
32403,IPC,392,1,1
32404,IPC,379,1,1
32405,IPC,379,1,1
32406,IPC,379,1,1
32407,IPC,392,1,1
32408,IPC,326,1,1
32409,IPC,379,1,1
32410,IPC,379A,1,1
32411,IPC,144,1,1
32412,IPC,379A,1,1
32413,IPC,354,1,1
32414,IPC,379A,1,1
32415,IPC,323,1,1
32416,IPC,380,1,1
32417,IPC,307,1,1
32418,IPC,66D-ITACT,1,1
32419,IPC,379,1,1
32420,IPC,436,1,1
32421,IPC,436,1,1
32422,IPC,380,1,1
32423,ARMS,25,1,1
32423,ARMS,27,2,2
32424,IPC,498A,1,1
32425,IPC,420,1,1
32426,IPC,323,1,1
32427,IPC,323,1,1
32428,IPC,326,1,1
32429,IPC,420,1,1
32430,IPC,66D-ITACT,1,1
32431,IPC,379,1,1
32432,BNS,64,1,1
32433,IPC,66D-ITACT,1,1
32434,IPC,379A,1,1
32435,IPC,304,1,1
32436,IPC,363,1,1
32437,IPC,304B,1,1
32438,IPC,380,1,1
32439,IPC,323,1,1
32440,IPC,323,1,1
32441,IPC,323,1,1
32442,IPC,66D-ITACT,1,1
32443,IPC,323,1,1
32444,IPC,326,1,1
32445,IPC,379,1,1
32446,IPC,323,1,1
32447,IPC,323,1,1
32448,IPC,326,1,1
32449,IPC,144,1,1
32450,IPC,323,1,1
32451,ARMS,25,1,1
32452,IPC,380,1,1
32453,IPC,326,1,1
32454,POCSO,4,1,1
32455,IPC,379,1,1
32456,IPC,395,1,1
32457,IPC,379,1,1
32458,IPC,380,1,1
32459,IPC,406,1,1
32460,IPC,363,1,1
32461,NDPS,20,1,1
32462,IPC,379,1,1
32463,IPC,379,1,1
32464,IPC,379,1,1
32465,IPC,379,1,1
32466,IPC,323,1,1
32467,IPC,304,1,1
32468,IPC,66D-ITACT,1,1
32469,IPC,392,1,1
32470,IPC,304B,1,1
32471,IPC,144,1,1
32472,IPC,379,1,1
32473,NDPS,20,1,1
32474,IPC,380,1,1
32475,IPC,420,1,1
32476,IPC,323,1,1
32477,IPC,323,1,1
32478,IPC,498A,1,1
32479,IPC,380,1,1
32480,IPC,379,1,1
32481,IPC,354,1,1
32482,IPC,323,1,1
32483,IPC,406,1,1
32484,IPC,363,1,1
32485,IPC,66D-ITACT,1,1
32486,IPC,392,1,1
32487,IPC,379A,1,1
32488,IPC,420,1,1
32489,ARMS,25,1,1
32489,ARMS,27,2,2
32490,IPC,498A,1,1
32491,IPC,379,1,1
32492,IPC,323,1,1
32493,IPC,380,1,1
32494,IPC,379,1,1
32495,IPC,420,1,1
32496,IPC,147,1,1
32497,IPC,380,1,1
32498,IPC,379,1,1
32499,NDPS,20,1,1
32500,POCSO,4,1,1
32501,IPC,379,1,1
32502,IPC,392,1,1
32503,IPC,498A,1,1
32504,IPC,376,1,1
32504,BNS,64,2,2
32505,IPC,420,1,1
32506,IPC,379,1,1
32507,IPC,420,1,1
32508,IPC,147,1,1
32509,IPC,323,1,1
32510,IPC,420,1,1
32511,IPC,379A,1,1
32512,POCSO,4,1,1
32513,ARMS,25,1,1
32514,IPC,323,1,1
32515,IPC,307,1,1
32516,BNS,64,1,1
32517,IPC,420,1,1
32518,IPC,379A,1,1
32519,IPC,379,1,1
32520,IPC,66D-ITACT,1,1
32521,IPC,354,1,1
32522,IPC,66D-ITACT,1,1
32523,IPC,323,1,1
32524,IPC,379,1,1
32525,IPC,395,1,1
32526,IPC,363,1,1
32527,IPC,379,1,1
32528,IPC,392,1,1
32529,IPC,66D-ITACT,1,1
32530,IPC,354,1,1
32531,IPC,379,1,1
32532,IPC,144,1,1
32533,IPC,379,1,1
32534,IPC,379A,1,1
32535,IPC,379,1,1
32536,IPC,498A,1,1
32537,IPC,66D-ITACT,1,1
32538,IPC,379,1,1
32539,IPC,307,1,1
32540,IPC,498A,1,1
32541,IPC,66D-ITACT,1,1
32542,IPC,498A,1,1
32543,IPC,379,1,1
32544,IPC,498A,1,1
32545,IPC,420,1,1
32546,IPC,380,1,1
32547,IPC,420,1,1
32548,NDPS,20,1,1
32549,IPC,363,1,1
32550,NDPS,20,1,1
32551,IPC,379,1,1
32552,IPC,436,1,1
32553,IPC,498A,1,1
32554,IPC,379,1,1
32555,NDPS,20,1,1
32556,IPC,379A,1,1
32557,IPC,380,1,1
32558,IPC,379,1,1
32559,IPC,66D-ITACT,1,1
32560,IPC,323,1,1
32561,IPC,392,1,1
32562,IPC,323,1,1
32563,IPC,379,1,1
32564,IPC,392,1,1
32565,IPC,379A,1,1
32566,IPC,326,1,1
32567,IPC,147,1,1
32568,IPC,392,1,1
32569,IPC,379A,1,1
32570,IPC,66D-ITACT,1,1
32571,IPC,498A,1,1
32572,IPC,498A,1,1
32573,IPC,66D-ITACT,1,1
32574,IPC,498A,1,1
32575,IPC,66D-ITACT,1,1
32576,IPC,304B,1,1
32577,NDPS,20,1,1
32578,IPC,144,1,1
32579,IPC,420,1,1
32580,IPC,323,1,1
32581,BNS,64,1,1
32582,BNS,64,1,1
32583,NDPS,20,1,1
32584,IPC,379,1,1
32585,IPC,304,1,1
32586,IPC,379,1,1
32587,IPC,420,1,1
32588,IPC,363,1,1
32589,IPC,436,1,1
32590,IPC,380,1,1
32591,IPC,326,1,1
32592,IPC,66D-ITACT,1,1
32593,IPC,323,1,1
32594,IPC,392,1,1
32595,IPC,380,1,1
32596,BNS,103,1,1
32597,IPC,379A,1,1
32598,IPC,379A,1,1
32599,IPC,66D-ITACT,1,1
32600,IPC,354,1,1
32601,IPC,406,1,1
32602,IPC,489A,1,1
32603,IPC,144,1,1
32604,IPC,354,1,1
32605,IPC,379,1,1
32606,IPC,392,1,1
32607,IPC,323,1,1
32608,IPC,436,1,1
32609,IPC,379A,1,1
32610,IPC,147,1,1
32611,IPC,354,1,1
32612,IPC,420,1,1
32613,IPC,66D-ITACT,1,1
32614,IPC,420,1,1
32615,IPC,379,1,1
32616,IPC,323,1,1
32617,IPC,66D-ITACT,1,1
32618,IPC,498A,1,1
32619,IPC,376,1,1
32620,IPC,420,1,1
32621,IPC,406,1,1
32622,IPC,66D-ITACT,1,1
32623,IPC,379,1,1
32624,IPC,323,1,1
32625,IPC,379,1,1
32626,IPC,379,1,1
32627,BNS,64,1,1
32628,IPC,363,1,1
32629,IPC,326,1,1
32630,IPC,395,1,1
32631,IPC,380,1,1
32632,IPC,354,1,1
32633,IPC,66D-ITACT,1,1
32634,IPC,420,1,1
32635,IPC,363,1,1
32636,IPC,406,1,1
32637,IPC,379A,1,1
32638,IPC,323,1,1
32639,IPC,392,1,1
32640,IPC,498A,1,1
32641,IPC,66D-ITACT,1,1
32642,IPC,379,1,1
32643,IPC,144,1,1
32644,IPC,392,1,1
32645,IPC,379,1,1
32646,IPC,436,1,1
32647,IPC,144,1,1
32648,IPC,323,1,1
32649,IPC,380,1,1
32650,IPC,323,1,1
32651,IPC,66D-ITACT,1,1
32652,IPC,379A,1,1
32653,IPC,379A,1,1
32654,IPC,380,1,1
32655,IPC,498A,1,1
32656,IPC,66D-ITACT,1,1
32657,IPC,379,1,1
32658,IPC,379,1,1
32659,IPC,379,1,1
32660,IPC,379A,1,1
32661,IPC,323,1,1
32662,IPC,66D-ITACT,1,1
32663,IPC,436,1,1
32664,NDPS,20,1,1
32665,IPC,406,1,1
32666,IPC,379,1,1
32667,IPC,66D-ITACT,1,1
32668,IPC,406,1,1
32669,IPC,323,1,1
32670,IPC,380,1,1
32671,IPC,379,1,1
32672,IPC,66D-ITACT,1,1
32673,IPC,379,1,1
32674,IPC,379,1,1
32675,IPC,380,1,1
32676,IPC,379A,1,1
32677,IPC,326,1,1
32678,IPC,144,1,1
32679,IPC,392,1,1
32680,IPC,326,1,1
32681,BNS,103,1,1
32682,IPC,379,1,1
32683,IPC,323,1,1
32684,IPC,420,1,1
32685,IPC,380,1,1
32686,IPC,66D-ITACT,1,1
32687,IPC,420,1,1
32688,IPC,66D-ITACT,1,1
32689,IPC,436,1,1
32690,IPC,379,1,1
32691,IPC,323,1,1
32692,IPC,323,1,1
32693,IPC,392,1,1
32694,IPC,354,1,1
32695,IPC,420,1,1
32696,IPC,379,1,1
32697,IPC,323,1,1
32698,IPC,420,1,1
32699,IPC,489A,1,1
32700,IPC,379,1,1
32701,IPC,395,1,1
32702,ARMS,25,1,1
32703,IPC,147,1,1
32704,IPC,66D-ITACT,1,1
32705,IPC,354,1,1
32706,IPC,326,1,1
32707,IPC,380,1,1
32708,IPC,420,1,1
32709,IPC,66D-ITACT,1,1
32710,IPC,420,1,1
32711,IPC,420,1,1
32712,IPC,395,1,1
32713,IPC,379,1,1
32714,IPC,147,1,1
32715,IPC,354,1,1
32716,IPC,363,1,1
32717,IPC,392,1,1
32718,IPC,498A,1,1
32719,ARMS,27,1,1
32720,IPC,379,1,1
32721,IPC,379,1,1
32722,IPC,380,1,1
32723,NDPS,20,1,1
32724,IPC,66D-ITACT,1,1
32725,IPC,379,1,1
32726,IPC,392,1,1
32727,IPC,323,1,1
32728,IPC,66D-ITACT,1,1
32729,IPC,323,1,1
32730,NDPS,20,1,1
32731,IPC,66D-ITACT,1,1
32732,IPC,380,1,1
32733,IPC,66D-ITACT,1,1
32734,IPC,363,1,1
32735,IPC,436,1,1
32736,IPC,379,1,1
32737,IPC,326,1,1
32738,IPC,323,1,1
32739,IPC,326,1,1
32740,BNS,109,1,1
32741,IPC,323,1,1
32742,IPC,379A,1,1
32743,IPC,406,1,1
32744,IPC,323,1,1
32745,IPC,498A,1,1
32746,IPC,354,1,1
32747,IPC,326,1,1
32748,IPC,326,1,1
32749,IPC,379A,1,1
32750,IPC,326,1,1
32751,IPC,323,1,1
32752,IPC,66D-ITACT,1,1
32753,IPC,380,1,1
32754,IPC,420,1,1
32755,BNS,103,1,1
32756,IPC,354,1,1
32757,IPC,66D-ITACT,1,1
32758,IPC,380,1,1
32759,IPC,379,1,1
32760,NDPS,20,1,1
32761,IPC,354,1,1
32762,IPC,323,1,1
32763,IPC,420,1,1
32764,IPC,147,1,1
32765,IPC,363,1,1
32766,IPC,489A,1,1
32767,IPC,379A,1,1
32768,ARMS,25,1,1
32769,IPC,406,1,1
32770,IPC,379,1,1
32771,IPC,147,1,1
32772,IPC,326,1,1
32773,IPC,66D-ITACT,1,1
32774,IPC,420,1,1
32775,IPC,326,1,1
32776,IPC,326,1,1
32777,IPC,379,1,1
32778,IPC,144,1,1
32779,IPC,323,1,1
32780,IPC,379A,1,1
32781,IPC,66D-ITACT,1,1
32782,ARMS,27,1,1
32783,IPC,380,1,1
32784,IPC,379,1,1
32785,IPC,489A,1,1
32786,IPC,392,1,1
32787,IPC,379,1,1
32788,IPC,147,1,1
32789,IPC,144,1,1
32790,IPC,379A,1,1
32791,IPC,323,1,1
32792,IPC,379,1,1
32793,IPC,379,1,1
32794,IPC,379A,1,1
32795,IPC,498A,1,1
32796,IPC,420,1,1
32797,IPC,380,1,1
32798,IPC,66D-ITACT,1,1
32799,IPC,354,1,1
32800,IPC,304B,1,1
32801,IPC,354,1,1
32802,IPC,406,1,1
32803,IPC,66D-ITACT,1,1
32804,IPC,498A,1,1
32805,IPC,436,1,1
32806,IPC,354,1,1
32807,IPC,66D-ITACT,1,1
32808,IPC,379A,1,1
32809,IPC,323,1,1
32810,IPC,379,1,1
32811,IPC,379A,1,1
32812,IPC,379,1,1
32813,IPC,307,1,1
32814,ARMS,25,1,1
32815,IPC,379,1,1
32816,IPC,326,1,1
32817,POCSO,4,1,1
32818,BNS,103,1,1
32819,IPC,379A,1,1
32820,IPC,66D-ITACT,1,1
32821,POCSO,4,1,1
32822,IPC,302,1,1
32822,BNS,103,2,2
32823,ARMS,25,1,1
32824,IPC,379,1,1
32825,IPC,395,1,1
32826,IPC,392,1,1
32827,POCSO,4,1,1
32828,IPC,379,1,1
32829,IPC,354,1,1
32830,IPC,379,1,1
32831,ARMS,27,1,1
32832,IPC,498A,1,1
32833,IPC,379,1,1
32834,IPC,144,1,1
32835,IPC,144,1,1
32836,IPC,380,1,1
32837,IPC,395,1,1
32838,IPC,420,1,1
32839,IPC,323,1,1
32840,IPC,406,1,1
32841,IPC,66D-ITACT,1,1
32842,IPC,379,1,1
32843,IPC,354,1,1
32844,IPC,304,1,1
32845,IPC,420,1,1
32846,POCSO,4,1,1
32847,NDPS,20,1,1
32848,IPC,489A,1,1
32849,IPC,498A,1,1
32850,IPC,379,1,1
32851,IPC,307,1,1
32852,IPC,354,1,1
32853,IPC,380,1,1
32854,IPC,380,1,1
32855,IPC,379,1,1
32856,IPC,380,1,1
32857,IPC,379A,1,1
32858,IPC,379,1,1
32859,IPC,380,1,1
32860,IPC,379,1,1
32861,IPC,326,1,1
32862,IPC,489A,1,1
32863,NDPS,20,1,1
32864,IPC,379,1,1
32865,IPC,379,1,1
32866,IPC,363,1,1
32867,IPC,392,1,1
32868,IPC,420,1,1
32869,IPC,66D-ITACT,1,1
32870,IPC,379A,1,1
32871,IPC,323,1,1
32872,IPC,144,1,1
32873,ARMS,27,1,1
32874,IPC,392,1,1
32875,IPC,380,1,1
32876,IPC,380,1,1
32877,IPC,144,1,1
32878,IPC,379,1,1
32879,IPC,354,1,1
32880,IPC,66D-ITACT,1,1
32881,BNS,64,1,1
32882,IPC,323,1,1
32883,NDPS,20,1,1
32884,IPC,323,1,1
32885,IPC,323,1,1
32886,IPC,498A,1,1
32887,IPC,323,1,1
32888,BNS,64,1,1
32889,IPC,323,1,1
32890,IPC,420,1,1
32891,IPC,66D-ITACT,1,1
32892,IPC,323,1,1
32893,IPC,406,1,1
32894,IPC,420,1,1
32895,IPC,326,1,1
32896,IPC,323,1,1
32897,IPC,392,1,1
32898,IPC,379,1,1
32899,IPC,323,1,1
32900,IPC,379,1,1
32901,IPC,380,1,1
32902,IPC,326,1,1
32903,IPC,392,1,1
32904,IPC,363,1,1
32905,IPC,304B,1,1
32906,IPC,66D-ITACT,1,1
32907,IPC,380,1,1
32908,IPC,379,1,1
32909,IPC,304B,1,1
32910,IPC,406,1,1
32911,IPC,380,1,1
32912,IPC,379A,1,1
32913,IPC,323,1,1
32914,IPC,326,1,1
32915,IPC,326,1,1
32916,IPC,380,1,1
32917,IPC,420,1,1
32918,IPC,323,1,1
32919,IPC,498A,1,1
32920,IPC,420,1,1
32921,IPC,144,1,1
32922,IPC,363,1,1
32923,IPC,380,1,1
32924,IPC,380,1,1
32925,IPC,354,1,1
32926,IPC,380,1,1
32927,IPC,498A,1,1
32928,IPC,380,1,1
32929,IPC,354,1,1
32930,IPC,498A,1,1
32931,IPC,354,1,1
32932,IPC,323,1,1
32933,IPC,498A,1,1
32934,IPC,304B,1,1
32935,ARMS,27,1,1
32936,IPC,147,1,1
32937,IPC,379,1,1
32938,IPC,379,1,1
32939,IPC,363,1,1
32940,IPC,379,1,1
32941,IPC,323,1,1
32942,IPC,436,1,1
32943,IPC,326,1,1
32944,ARMS,27,1,1
32945,IPC,380,1,1
32946,IPC,379A,1,1
32947,IPC,379,1,1
32948,IPC,395,1,1
32949,BNS,109,1,1
32950,IPC,420,1,1
32951,IPC,379A,1,1
32952,IPC,420,1,1
32953,IPC,380,1,1
32954,IPC,326,1,1
32955,NDPS,20,1,1
32956,IPC,379,1,1
32957,IPC,379A,1,1
32958,IPC,420,1,1
32959,IPC,380,1,1
32960,IPC,323,1,1
32961,NDPS,20,1,1
32962,IPC,304B,1,1
32963,IPC,379,1,1
32964,IPC,147,1,1
32965,BNS,64,1,1
32966,IPC,323,1,1
32967,IPC,392,1,1
32968,IPC,379,1,1
32969,IPC,66D-ITACT,1,1
32970,IPC,420,1,1
32971,IPC,304B,1,1
32972,IPC,379,1,1
32973,IPC,380,1,1
32974,IPC,323,1,1
32975,IPC,420,1,1
32976,IPC,379,1,1
32977,IPC,436,1,1
32978,IPC,379,1,1
32979,IPC,498A,1,1
32980,IPC,66D-ITACT,1,1
32981,IPC,323,1,1
32982,IPC,498A,1,1
32983,IPC,395,1,1
32984,NDPS,20,1,1
32985,NDPS,20,1,1
32986,IPC,379A,1,1
32987,IPC,379,1,1
32988,IPC,392,1,1
32989,IPC,304B,1,1
32990,IPC,144,1,1
32991,IPC,406,1,1
32992,IPC,326,1,1
32993,IPC,323,1,1
32994,IPC,420,1,1
32995,IPC,323,1,1
32996,IPC,379A,1,1
32997,IPC,379A,1,1
32998,IPC,323,1,1
32999,IPC,323,1,1
33000,IPC,326,1,1
33001,IPC,326,1,1
33002,IPC,147,1,1
33003,IPC,380,1,1
33004,IPC,379,1,1
33005,IPC,380,1,1
33006,IPC,420,1,1
33007,IPC,498A,1,1
33008,IPC,379,1,1
33009,IPC,326,1,1
33010,IPC,379,1,1
33011,IPC,379,1,1
33012,IPC,406,1,1
33013,IPC,420,1,1
33014,IPC,420,1,1
33015,ARMS,25,1,1
33016,IPC,406,1,1
33017,IPC,144,1,1
33018,IPC,323,1,1
33019,IPC,302,1,1
33019,BNS,103,2,2
33020,IPC,66D-ITACT,1,1
33021,IPC,363,1,1
33022,IPC,379,1,1
33023,IPC,379,1,1
33024,IPC,66D-ITACT,1,1
33025,IPC,379,1,1
33026,IPC,144,1,1
33027,IPC,420,1,1
33028,IPC,406,1,1
33029,IPC,379,1,1
33030,IPC,379A,1,1
33031,IPC,379A,1,1
33032,POCSO,4,1,1
33033,IPC,392,1,1
33034,IPC,379,1,1
33035,IPC,66D-ITACT,1,1
33036,IPC,379A,1,1
33037,IPC,380,1,1
33038,IPC,379A,1,1
33039,IPC,420,1,1
33040,IPC,406,1,1
33041,IPC,379A,1,1
33042,IPC,379,1,1
33043,IPC,420,1,1
33044,IPC,420,1,1
33045,IPC,379,1,1
33046,IPC,489A,1,1
33047,IPC,323,1,1
33048,NDPS,20,1,1
33049,IPC,379,1,1
33050,IPC,498A,1,1
33051,IPC,66D-ITACT,1,1
33052,IPC,420,1,1
33053,IPC,323,1,1
33054,IPC,420,1,1
33055,IPC,380,1,1
33056,IPC,498A,1,1
33057,IPC,66D-ITACT,1,1
33058,IPC,147,1,1
33059,IPC,379,1,1
33060,IPC,379,1,1
33061,IPC,498A,1,1
33062,IPC,323,1,1
33063,IPC,379,1,1
33064,IPC,66D-ITACT,1,1
33065,IPC,326,1,1
33066,IPC,363,1,1
33067,IPC,379A,1,1
33068,IPC,66D-ITACT,1,1
33069,IPC,147,1,1
33070,BNS,64,1,1
33071,IPC,379,1,1
33072,IPC,380,1,1
33073,IPC,379,1,1
33074,IPC,144,1,1
33075,IPC,379,1,1
33076,IPC,379,1,1
33077,IPC,66D-ITACT,1,1
33078,IPC,379,1,1
33079,IPC,363,1,1
33080,IPC,379,1,1
33081,IPC,363,1,1
33082,IPC,420,1,1
33083,IPC,66D-ITACT,1,1
33084,IPC,323,1,1
33085,IPC,380,1,1
33086,IPC,304,1,1
33087,IPC,379,1,1
33088,IPC,380,1,1
33089,IPC,323,1,1
33090,ARMS,27,1,1
33091,NDPS,20,1,1
33092,IPC,498A,1,1
33093,IPC,363,1,1
33094,IPC,406,1,1
33095,POCSO,4,1,1
33096,IPC,420,1,1
33097,IPC,144,1,1
33098,IPC,420,1,1
33099,IPC,379A,1,1
33100,IPC,376,1,1
33101,IPC,379,1,1
33102,IPC,379A,1,1
33103,IPC,379A,1,1
33104,IPC,420,1,1
33105,IPC,363,1,1
33106,IPC,392,1,1
33107,IPC,498A,1,1
33108,IPC,363,1,1
33109,IPC,354,1,1
33110,IPC,304B,1,1
33111,IPC,420,1,1
33112,IPC,489A,1,1
33113,IPC,379,1,1
33114,IPC,323,1,1
33115,IPC,379,1,1
33116,IPC,392,1,1
33117,IPC,326,1,1
33118,IPC,376,1,1
33119,IPC,380,1,1
33120,IPC,420,1,1
33121,IPC,326,1,1
33122,IPC,392,1,1
33123,IPC,323,1,1
33124,IPC,498A,1,1
33125,IPC,406,1,1
33126,NDPS,20,1,1
33127,IPC,379,1,1
33128,IPC,498A,1,1
33129,IPC,66D-ITACT,1,1
33130,IPC,498A,1,1
33131,BNS,109,1,1
33132,NDPS,20,1,1
33133,IPC,498A,1,1
33134,IPC,66D-ITACT,1,1
33135,IPC,379,1,1
33136,IPC,379A,1,1
33137,IPC,420,1,1
33138,IPC,379A,1,1
33139,IPC,498A,1,1
33140,IPC,66D-ITACT,1,1
33141,IPC,323,1,1
33142,IPC,66D-ITACT,1,1
33143,IPC,498A,1,1
33144,BNS,64,1,1
33145,IPC,302,1,1
33146,IPC,379,1,1
33147,IPC,379,1,1
33148,IPC,147,1,1
33149,IPC,420,1,1
33150,BNS,103,1,1
33150,IPC,302,2,2
33151,IPC,354,1,1
33152,IPC,420,1,1
33153,IPC,323,1,1
33154,IPC,363,1,1
33155,IPC,326,1,1
33156,IPC,420,1,1
33157,IPC,379,1,1
33158,IPC,379,1,1
33159,IPC,489A,1,1
33160,IPC,406,1,1
33161,IPC,363,1,1
33162,IPC,323,1,1
33163,IPC,379A,1,1
33164,IPC,395,1,1
33165,IPC,379,1,1
33166,IPC,379,1,1
33167,IPC,323,1,1
33168,IPC,354,1,1
33169,ARMS,25,1,1
33170,IPC,363,1,1
33171,IPC,379,1,1
33172,ARMS,27,1,1
33172,ARMS,25,2,2
33173,BNS,109,1,1
33173,IPC,307,2,2
33174,IPC,392,1,1
33175,IPC,420,1,1
33176,IPC,379,1,1
33177,IPC,354,1,1
33178,IPC,379,1,1
33179,IPC,323,1,1
33180,BNS,109,1,1
33181,IPC,406,1,1
33182,IPC,144,1,1
33183,IPC,66D-ITACT,1,1
33184,IPC,323,1,1
33185,IPC,304,1,1
33186,POCSO,4,1,1
33187,IPC,420,1,1
33188,BNS,64,1,1
33189,IPC,379,1,1
33190,IPC,392,1,1
33191,IPC,498A,1,1
33192,IPC,380,1,1
33193,IPC,392,1,1
33194,IPC,379,1,1
33195,IPC,379,1,1
33196,ARMS,25,1,1
33197,IPC,376,1,1
33198,IPC,323,1,1
33199,IPC,144,1,1
33200,IPC,379A,1,1
33201,IPC,420,1,1
33202,IPC,379,1,1
33203,IPC,392,1,1
33204,IPC,380,1,1
33205,IPC,363,1,1
33206,NDPS,20,1,1
33207,IPC,420,1,1
33208,IPC,326,1,1
33209,IPC,144,1,1
33210,IPC,379,1,1
33211,IPC,304B,1,1
33212,IPC,380,1,1
33213,IPC,379A,1,1
33214,IPC,354,1,1
33215,IPC,66D-ITACT,1,1
33216,IPC,379,1,1
33217,IPC,392,1,1
33218,IPC,144,1,1
33219,IPC,379A,1,1
33220,IPC,379A,1,1
33221,IPC,379,1,1
33222,IPC,379A,1,1
33223,IPC,395,1,1
33224,IPC,323,1,1
33225,IPC,363,1,1
33226,IPC,379,1,1
33227,IPC,380,1,1
33228,IPC,323,1,1
33229,IPC,323,1,1
33230,IPC,66D-ITACT,1,1
33231,IPC,323,1,1
33232,IPC,379,1,1
33233,IPC,363,1,1
33234,IPC,66D-ITACT,1,1
33235,IPC,66D-ITACT,1,1
33236,IPC,323,1,1
33237,IPC,144,1,1
33238,IPC,147,1,1
33239,IPC,379A,1,1
33240,IPC,379A,1,1
33241,IPC,379,1,1
33242,IPC,363,1,1
33243,IPC,323,1,1
33244,IPC,66D-ITACT,1,1
33245,IPC,147,1,1
33246,IPC,379A,1,1
33247,IPC,376,1,1
33247,BNS,64,2,2
33248,IPC,379,1,1
33249,IPC,498A,1,1
33250,IPC,66D-ITACT,1,1
33251,IPC,406,1,1
33252,IPC,380,1,1
33253,IPC,326,1,1
33254,IPC,323,1,1
33255,IPC,380,1,1
33256,IPC,147,1,1
33257,IPC,379A,1,1
33258,BNS,109,1,1
33259,IPC,380,1,1
33260,IPC,498A,1,1
33261,IPC,420,1,1
33262,ARMS,25,1,1
33262,ARMS,27,2,2
33263,IPC,379A,1,1
33264,IPC,379,1,1
33265,IPC,379A,1,1
33266,IPC,66D-ITACT,1,1
33267,IPC,323,1,1
33268,IPC,420,1,1
33269,IPC,144,1,1
33270,IPC,379,1,1
33271,IPC,420,1,1
33272,ARMS,27,1,1
33273,IPC,379A,1,1
33274,IPC,406,1,1
33275,IPC,323,1,1
33276,IPC,323,1,1
33277,IPC,380,1,1
33278,IPC,379,1,1
33279,IPC,379,1,1
33280,IPC,326,1,1
33281,IPC,144,1,1
33282,IPC,354,1,1
33283,POCSO,4,1,1
33284,IPC,420,1,1
33285,IPC,406,1,1
33286,IPC,406,1,1
33287,IPC,436,1,1
33288,IPC,66D-ITACT,1,1
33289,IPC,66D-ITACT,1,1
33290,IPC,379A,1,1
33291,IPC,379,1,1
33292,IPC,379,1,1
33293,IPC,323,1,1
33294,IPC,379A,1,1
33295,IPC,363,1,1
33296,IPC,392,1,1
33297,IPC,379,1,1
33298,IPC,380,1,1
33299,IPC,326,1,1
33300,IPC,323,1,1
33301,IPC,498A,1,1
33302,IPC,323,1,1
33303,IPC,392,1,1
33304,IPC,380,1,1
33305,IPC,379A,1,1
33306,ARMS,25,1,1
33307,IPC,323,1,1
33308,IPC,147,1,1
33309,IPC,66D-ITACT,1,1
33310,IPC,144,1,1
33311,IPC,144,1,1
33312,IPC,144,1,1
33313,IPC,326,1,1
33314,IPC,147,1,1
33315,NDPS,20,1,1
33316,IPC,144,1,1
33317,IPC,323,1,1
33318,IPC,144,1,1
33319,IPC,379,1,1
33320,IPC,66D-ITACT,1,1
33321,IPC,379,1,1
33322,IPC,304,1,1
33323,IPC,379,1,1
33324,IPC,379A,1,1
33325,IPC,379,1,1
33326,IPC,420,1,1
33327,IPC,392,1,1
33328,IPC,379,1,1
33329,IPC,498A,1,1
33330,IPC,66D-ITACT,1,1
33331,IPC,323,1,1
33332,IPC,66D-ITACT,1,1
33333,IPC,363,1,1
33334,IPC,498A,1,1
33335,IPC,380,1,1
33336,IPC,147,1,1
33337,IPC,379,1,1
33338,IPC,379,1,1
33339,IPC,498A,1,1
33340,IPC,66D-ITACT,1,1
33341,IPC,376,1,1
33341,BNS,64,2,2
33342,IPC,323,1,1
33343,IPC,380,1,1
33344,IPC,379A,1,1
33345,IPC,379A,1,1
33346,IPC,147,1,1
33347,BNS,109,1,1
33348,IPC,392,1,1
33349,IPC,66D-ITACT,1,1
33350,IPC,379,1,1
33351,IPC,380,1,1
33352,IPC,379A,1,1
33353,IPC,379A,1,1
33354,IPC,392,1,1
33355,IPC,379,1,1
33356,BNS,64,1,1
33357,IPC,420,1,1
33358,IPC,379,1,1
33359,IPC,363,1,1
33360,IPC,323,1,1
33361,IPC,379,1,1
33362,IPC,379,1,1
33363,IPC,489A,1,1
33364,IPC,380,1,1
33365,IPC,380,1,1
33366,IPC,380,1,1
33367,IPC,379,1,1
33368,IPC,66D-ITACT,1,1
33369,IPC,363,1,1
33370,IPC,66D-ITACT,1,1
33371,IPC,379,1,1
33372,IPC,498A,1,1
33373,IPC,380,1,1
33374,IPC,354,1,1
33375,IPC,66D-ITACT,1,1
33376,IPC,379,1,1
33377,IPC,392,1,1
33378,IPC,323,1,1
33379,IPC,354,1,1
33380,IPC,66D-ITACT,1,1
33381,IPC,354,1,1
33382,IPC,326,1,1
33383,IPC,380,1,1
33384,IPC,323,1,1
33385,IPC,379,1,1
33386,IPC,379A,1,1
33387,NDPS,20,1,1
33388,IPC,498A,1,1
33389,IPC,376,1,1
33390,IPC,436,1,1
33391,IPC,420,1,1
33392,IPC,323,1,1
33393,IPC,379,1,1
33394,IPC,379A,1,1
33395,IPC,323,1,1
33396,IPC,420,1,1
33397,ARMS,25,1,1
33398,IPC,420,1,1
33399,IPC,354,1,1
33400,IPC,420,1,1
33401,IPC,323,1,1
33402,IPC,326,1,1
33403,IPC,379A,1,1
33404,IPC,436,1,1
33405,IPC,420,1,1
33406,NDPS,20,1,1
33407,IPC,392,1,1
33408,POCSO,4,1,1
33409,IPC,392,1,1
33410,IPC,379,1,1
33411,IPC,323,1,1
33412,IPC,354,1,1
33413,IPC,380,1,1
33414,IPC,392,1,1
33415,IPC,363,1,1
33416,IPC,323,1,1
33417,IPC,323,1,1
33418,IPC,323,1,1
33419,IPC,304B,1,1
33420,IPC,323,1,1
33421,IPC,144,1,1
33422,IPC,379A,1,1
33423,IPC,392,1,1
33424,IPC,489A,1,1
33425,IPC,406,1,1
33426,IPC,66D-ITACT,1,1
33427,IPC,379,1,1
33428,IPC,66D-ITACT,1,1
33429,IPC,379A,1,1
33430,IPC,380,1,1
33431,IPC,323,1,1
33432,IPC,380,1,1
33433,IPC,66D-ITACT,1,1
33434,IPC,376,1,1
33435,IPC,379A,1,1
33436,IPC,379,1,1
33437,IPC,406,1,1
33438,BNS,64,1,1
33439,IPC,147,1,1
33440,IPC,379,1,1
33441,IPC,379,1,1
33442,IPC,66D-ITACT,1,1
33443,NDPS,20,1,1
33444,IPC,392,1,1
33445,IPC,323,1,1
33446,IPC,323,1,1
33447,POCSO,4,1,1
33448,IPC,326,1,1
33449,IPC,379A,1,1
33450,IPC,379A,1,1
33451,IPC,379,1,1
33452,BNS,64,1,1
33453,IPC,406,1,1
33454,IPC,379,1,1
33455,IPC,379A,1,1
33456,IPC,498A,1,1
33457,NDPS,20,1,1
33458,IPC,406,1,1
33459,ARMS,25,1,1
33460,IPC,379A,1,1
33461,IPC,420,1,1
33462,IPC,406,1,1
33463,IPC,379,1,1
33464,IPC,66D-ITACT,1,1
33465,IPC,144,1,1
33466,IPC,376,1,1
33467,IPC,498A,1,1
33468,IPC,379A,1,1
33469,NDPS,20,1,1
33470,IPC,379,1,1
33471,IPC,66D-ITACT,1,1
33472,IPC,379,1,1
33473,IPC,379,1,1
33474,IPC,379,1,1
33475,IPC,323,1,1
33476,IPC,326,1,1
33477,IPC,376,1,1
33478,IPC,392,1,1
33479,IPC,66D-ITACT,1,1
33480,IPC,354,1,1
33481,IPC,379,1,1
33482,IPC,380,1,1
33483,IPC,363,1,1
33484,BNS,103,1,1
33484,IPC,302,2,2
33485,IPC,379A,1,1
33486,IPC,379,1,1
33487,IPC,392,1,1
33488,BNS,103,1,1
33489,IPC,380,1,1
33490,IPC,323,1,1
33491,IPC,420,1,1
33492,IPC,420,1,1
33493,IPC,147,1,1
33494,IPC,147,1,1
33495,IPC,498A,1,1
33496,IPC,379A,1,1
33497,IPC,66D-ITACT,1,1
33498,IPC,379,1,1
33499,NDPS,20,1,1
33500,IPC,379A,1,1
33501,IPC,323,1,1
33502,IPC,323,1,1
33503,IPC,379,1,1
33504,IPC,406,1,1
33505,ARMS,27,1,1
33505,ARMS,25,2,2
33506,IPC,498A,1,1
33507,IPC,147,1,1
33508,IPC,489A,1,1
33509,IPC,147,1,1
33510,IPC,379,1,1
33511,IPC,379A,1,1
33512,IPC,420,1,1
33513,IPC,436,1,1
33514,IPC,354,1,1
33515,IPC,323,1,1
33516,IPC,420,1,1
33517,IPC,379,1,1
33518,IPC,307,1,1
33518,BNS,109,2,2
33519,IPC,326,1,1
33520,IPC,323,1,1
33521,IPC,379,1,1
33522,IPC,326,1,1
33523,IPC,66D-ITACT,1,1
33524,IPC,376,1,1
33525,IPC,380,1,1
33526,IPC,379,1,1
33527,IPC,379A,1,1
33528,NDPS,20,1,1
33529,IPC,379,1,1
33530,IPC,379A,1,1
33531,IPC,379,1,1
33532,IPC,323,1,1
33533,NDPS,20,1,1
33534,IPC,66D-ITACT,1,1
33535,IPC,144,1,1
33536,IPC,323,1,1
33537,IPC,406,1,1
33538,IPC,489A,1,1
33539,IPC,406,1,1
33540,IPC,379,1,1
33541,BNS,109,1,1
33542,BNS,109,1,1
33543,IPC,354,1,1
33544,IPC,498A,1,1
33545,IPC,379,1,1
33546,IPC,436,1,1
33547,IPC,498A,1,1
33548,IPC,406,1,1
33549,IPC,323,1,1
33550,IPC,379A,1,1
33551,IPC,323,1,1
33552,IPC,323,1,1
33553,IPC,354,1,1
33554,IPC,420,1,1
33555,IPC,498A,1,1
33556,IPC,420,1,1
33557,IPC,406,1,1
33558,IPC,498A,1,1
33559,BNS,109,1,1
33559,IPC,307,2,2
33560,IPC,379A,1,1
33561,IPC,406,1,1
33562,IPC,489A,1,1
33563,IPC,379,1,1
33564,IPC,323,1,1
33565,IPC,379,1,1
33566,IPC,420,1,1
33567,IPC,380,1,1
33568,IPC,66D-ITACT,1,1
33569,IPC,323,1,1
33570,BNS,109,1,1
33570,IPC,307,2,2
33571,IPC,304,1,1
33572,IPC,66D-ITACT,1,1
33573,BNS,103,1,1
33573,IPC,302,2,2
33574,IPC,66D-ITACT,1,1
33575,IPC,323,1,1
33576,IPC,379,1,1
33577,IPC,379A,1,1
33578,IPC,379A,1,1
33579,IPC,380,1,1
33580,IPC,420,1,1
33581,IPC,498A,1,1
33582,IPC,395,1,1
33583,IPC,406,1,1
33584,IPC,379,1,1
33585,IPC,379,1,1
33586,IPC,420,1,1
33587,IPC,379,1,1
33588,IPC,380,1,1
33589,NDPS,20,1,1
33590,IPC,379,1,1
33591,IPC,392,1,1
33592,IPC,354,1,1
33593,IPC,147,1,1
33594,IPC,326,1,1
33595,IPC,147,1,1
33596,IPC,363,1,1
33597,IPC,379,1,1
33598,IPC,392,1,1
33599,IPC,66D-ITACT,1,1
33600,IPC,498A,1,1
33601,IPC,380,1,1
33602,IPC,307,1,1
33603,IPC,420,1,1
33604,IPC,147,1,1
33605,IPC,380,1,1
33606,BNS,109,1,1
33607,IPC,326,1,1
33608,IPC,323,1,1
33609,IPC,379A,1,1
33610,IPC,379,1,1
33611,IPC,498A,1,1
33612,IPC,406,1,1
33613,IPC,379,1,1
33614,IPC,379A,1,1
33615,IPC,395,1,1
33616,IPC,380,1,1
33617,IPC,354,1,1
33618,IPC,379,1,1
33619,IPC,379A,1,1
33620,IPC,379A,1,1
33621,IPC,420,1,1
33622,IPC,498A,1,1
33623,IPC,326,1,1
33624,IPC,380,1,1
33625,ARMS,25,1,1
33625,ARMS,27,2,2
33626,BNS,64,1,1
33627,IPC,406,1,1
33628,IPC,144,1,1
33629,IPC,66D-ITACT,1,1
33630,IPC,323,1,1
33631,IPC,379,1,1
33632,IPC,379A,1,1
33633,IPC,379,1,1
33634,IPC,395,1,1
33635,IPC,379,1,1
33636,IPC,354,1,1
33637,IPC,323,1,1
33638,IPC,380,1,1
33639,IPC,379,1,1
33640,IPC,498A,1,1
33641,IPC,498A,1,1
33642,IPC,379,1,1
33643,IPC,323,1,1
33644,IPC,498A,1,1
33645,IPC,379,1,1
33646,IPC,147,1,1
33647,IPC,436,1,1
33648,IPC,66D-ITACT,1,1
33649,IPC,326,1,1
33650,IPC,420,1,1
33651,IPC,326,1,1
33652,IPC,379,1,1
33653,IPC,420,1,1
33654,IPC,406,1,1
33655,ARMS,25,1,1
33656,IPC,379,1,1
33657,IPC,395,1,1
33658,IPC,379A,1,1
33659,IPC,323,1,1
33660,IPC,379,1,1
33661,IPC,392,1,1
33662,IPC,379,1,1
33663,IPC,323,1,1
33664,IPC,420,1,1
33665,IPC,379,1,1
33666,IPC,380,1,1
33667,IPC,406,1,1
33668,IPC,380,1,1
33669,IPC,380,1,1
33670,IPC,379,1,1
33671,IPC,436,1,1
33672,IPC,379,1,1
33673,IPC,420,1,1
33674,IPC,323,1,1
33675,IPC,66D-ITACT,1,1
33676,IPC,379,1,1
33677,IPC,66D-ITACT,1,1
33678,IPC,379A,1,1
33679,IPC,376,1,1
33680,IPC,379,1,1
33681,IPC,304,1,1
33682,IPC,380,1,1
33683,IPC,323,1,1
33684,IPC,498A,1,1
33685,IPC,379,1,1
33686,IPC,323,1,1
33687,IPC,498A,1,1
33688,IPC,323,1,1
33689,IPC,323,1,1
33690,IPC,406,1,1
33691,IPC,323,1,1
33692,BNS,109,1,1
33693,IPC,406,1,1
33694,IPC,363,1,1
33695,IPC,380,1,1
33696,IPC,66D-ITACT,1,1
33697,IPC,379A,1,1
33698,IPC,354,1,1
33699,IPC,380,1,1
33700,IPC,354,1,1
33701,IPC,380,1,1
33702,IPC,354,1,1
33703,IPC,379A,1,1
33704,IPC,144,1,1
33705,IPC,379A,1,1
33706,IPC,326,1,1
33707,IPC,379A,1,1
33708,IPC,392,1,1
33709,IPC,326,1,1
33710,IPC,304,1,1
33711,IPC,498A,1,1
33712,ARMS,27,1,1
33713,IPC,326,1,1
33714,ARMS,27,1,1
33714,ARMS,25,2,2
33715,IPC,376,1,1
33715,BNS,64,2,2
33716,IPC,379,1,1
33717,IPC,406,1,1
33718,IPC,380,1,1
33719,IPC,392,1,1
33720,IPC,354,1,1
33721,IPC,326,1,1
33722,IPC,147,1,1
33723,IPC,420,1,1
33724,BNS,64,1,1
33725,IPC,379A,1,1
33726,IPC,379,1,1
33727,IPC,379A,1,1
33728,IPC,326,1,1
33729,IPC,379,1,1
33730,IPC,379,1,1
33731,IPC,326,1,1
33732,IPC,323,1,1
33733,IPC,323,1,1
33734,IPC,380,1,1
33735,IPC,326,1,1
33736,IPC,498A,1,1
33737,IPC,354,1,1
33738,IPC,66D-ITACT,1,1
33739,IPC,498A,1,1
33740,IPC,379A,1,1
33741,IPC,498A,1,1
33742,IPC,420,1,1
33743,IPC,406,1,1
33744,IPC,323,1,1
33745,IPC,302,1,1
33745,BNS,103,2,2
33746,IPC,66D-ITACT,1,1
33747,IPC,406,1,1
33748,IPC,66D-ITACT,1,1
33749,IPC,392,1,1
33750,IPC,323,1,1
33751,IPC,498A,1,1
33752,IPC,363,1,1
33753,IPC,379,1,1
33754,IPC,354,1,1
33755,IPC,498A,1,1
33756,BNS,109,1,1
33756,IPC,307,2,2
33757,ARMS,27,1,1
33758,IPC,380,1,1
33759,IPC,147,1,1
33760,IPC,379,1,1
33761,IPC,379A,1,1
33762,IPC,66D-ITACT,1,1
33763,IPC,323,1,1
33764,IPC,420,1,1
33765,IPC,379,1,1
33766,IPC,436,1,1
33767,IPC,379,1,1
33768,IPC,392,1,1
33769,IPC,323,1,1
33770,ARMS,25,1,1
33770,ARMS,27,2,2
33771,IPC,392,1,1
33772,IPC,420,1,1
33773,IPC,380,1,1
33774,IPC,147,1,1
33775,NDPS,20,1,1
33776,IPC,379,1,1
33777,IPC,147,1,1
33778,IPC,379A,1,1
33779,IPC,379A,1,1
33780,IPC,66D-ITACT,1,1
33781,IPC,420,1,1
33782,IPC,379A,1,1
33783,IPC,147,1,1
33784,IPC,436,1,1
33785,IPC,147,1,1
33786,NDPS,20,1,1
33787,IPC,498A,1,1
33788,IPC,420,1,1
33789,IPC,323,1,1
33790,IPC,326,1,1
33791,IPC,498A,1,1
33792,IPC,379,1,1
33793,IPC,354,1,1
33794,IPC,363,1,1
33795,IPC,420,1,1
33796,IPC,379A,1,1
33797,IPC,379A,1,1
33798,IPC,144,1,1
33799,IPC,147,1,1
33800,IPC,354,1,1
33801,IPC,379A,1,1
33802,IPC,379A,1,1
33803,IPC,147,1,1
33804,IPC,379,1,1
33805,IPC,498A,1,1
33806,IPC,144,1,1
33807,IPC,66D-ITACT,1,1
33808,IPC,420,1,1
33809,IPC,380,1,1
33810,IPC,323,1,1
33811,IPC,379,1,1
33812,POCSO,4,1,1
33813,IPC,66D-ITACT,1,1
33814,IPC,392,1,1
33815,IPC,379,1,1
33816,IPC,392,1,1
33817,IPC,66D-ITACT,1,1
33818,BNS,103,1,1
33819,IPC,379,1,1
33820,IPC,380,1,1
33821,IPC,363,1,1
33822,IPC,380,1,1
33823,NDPS,20,1,1
33824,IPC,147,1,1
33825,IPC,66D-ITACT,1,1
33826,IPC,380,1,1
33827,IPC,498A,1,1
33828,IPC,326,1,1
33829,ARMS,27,1,1
33830,BNS,103,1,1
33831,IPC,380,1,1
33832,IPC,392,1,1
33833,IPC,436,1,1
33834,IPC,354,1,1
33835,NDPS,20,1,1
33836,IPC,379A,1,1
33837,IPC,379,1,1
33838,POCSO,4,1,1
33839,IPC,436,1,1
33840,IPC,379,1,1
33841,IPC,379A,1,1
33842,IPC,363,1,1
33843,IPC,379,1,1
33844,IPC,326,1,1
33845,BNS,109,1,1
33846,IPC,323,1,1
33847,IPC,498A,1,1
33848,IPC,323,1,1
33849,IPC,379,1,1
33850,IPC,379A,1,1
33851,IPC,379,1,1
33852,IPC,379,1,1
33853,IPC,392,1,1
33854,IPC,379,1,1
33855,IPC,363,1,1
33856,IPC,326,1,1
33857,IPC,379,1,1
33858,IPC,326,1,1
33859,IPC,304,1,1
33860,IPC,323,1,1
33861,IPC,307,1,1
33862,IPC,380,1,1
33863,IPC,323,1,1
33864,IPC,323,1,1
33865,IPC,379,1,1
33866,IPC,392,1,1
33867,ARMS,25,1,1
33868,IPC,380,1,1
33869,IPC,323,1,1
33870,IPC,420,1,1
33871,IPC,326,1,1
33872,IPC,380,1,1
33873,IPC,380,1,1
33874,IPC,392,1,1
33875,IPC,392,1,1
33876,IPC,66D-ITACT,1,1
33877,IPC,323,1,1
33878,IPC,144,1,1
33879,IPC,379,1,1
33880,IPC,379,1,1
33881,IPC,323,1,1
33882,IPC,326,1,1
33883,IPC,304,1,1
33884,IPC,354,1,1
33885,IPC,379,1,1
33886,IPC,144,1,1
33887,IPC,392,1,1
33888,IPC,379,1,1
33889,IPC,406,1,1
33890,IPC,379,1,1
33891,IPC,380,1,1
33892,IPC,392,1,1
33893,IPC,379,1,1
33894,IPC,147,1,1
33895,NDPS,20,1,1
33896,IPC,379,1,1
33897,IPC,392,1,1
33898,IPC,406,1,1
33899,IPC,323,1,1
33900,IPC,323,1,1
33901,IPC,379,1,1
33902,IPC,392,1,1
33903,IPC,379A,1,1
33904,NDPS,20,1,1
33905,IPC,379,1,1
33906,IPC,323,1,1
33907,IPC,379,1,1
33908,IPC,304,1,1
33909,IPC,420,1,1
33910,IPC,406,1,1
33911,IPC,326,1,1
33912,IPC,323,1,1
33913,IPC,379,1,1
33914,IPC,379A,1,1
33915,IPC,323,1,1
33916,IPC,379,1,1
33917,IPC,323,1,1
33918,IPC,379,1,1
33919,IPC,323,1,1
33920,IPC,363,1,1
33921,IPC,379,1,1
33922,IPC,376,1,1
33923,IPC,380,1,1
33924,NDPS,20,1,1
33925,IPC,147,1,1
33926,BNS,109,1,1
33926,IPC,307,2,2
33927,IPC,380,1,1
33928,IPC,323,1,1
33929,IPC,323,1,1
33930,IPC,379,1,1
33931,IPC,323,1,1
33932,IPC,379,1,1
33933,IPC,323,1,1
33934,IPC,323,1,1
33935,IPC,420,1,1
33936,IPC,147,1,1
33937,IPC,498A,1,1
33938,IPC,379A,1,1
33939,IPC,66D-ITACT,1,1
33940,IPC,379,1,1
33941,IPC,307,1,1
33941,BNS,109,2,2
33942,IPC,66D-ITACT,1,1
33943,IPC,498A,1,1
33944,IPC,379A,1,1
33945,IPC,436,1,1
33946,IPC,380,1,1
33947,IPC,420,1,1
33948,IPC,420,1,1
33949,IPC,380,1,1
33950,IPC,406,1,1
33951,IPC,354,1,1
33952,IPC,326,1,1
33953,IPC,363,1,1
33954,IPC,436,1,1
33955,IPC,354,1,1
33956,IPC,66D-ITACT,1,1
33957,IPC,326,1,1
33958,IPC,66D-ITACT,1,1
33959,POCSO,4,1,1
33960,IPC,144,1,1
33961,IPC,302,1,1
33962,IPC,420,1,1
33963,IPC,323,1,1
33964,IPC,66D-ITACT,1,1
33965,IPC,326,1,1
33966,IPC,307,1,1
33967,IPC,354,1,1
33968,IPC,323,1,1
33969,IPC,420,1,1
33970,IPC,379,1,1
33971,IPC,380,1,1
33972,IPC,354,1,1
33973,IPC,379A,1,1
33974,IPC,323,1,1
33975,IPC,420,1,1
33976,IPC,144,1,1
33977,IPC,436,1,1
33978,IPC,436,1,1
33979,IPC,379,1,1
33980,IPC,379A,1,1
33981,IPC,380,1,1
33982,IPC,406,1,1
33983,IPC,323,1,1
33984,IPC,380,1,1
33985,IPC,380,1,1
33986,IPC,379A,1,1
33987,IPC,420,1,1
33988,IPC,380,1,1
33989,IPC,66D-ITACT,1,1
33990,IPC,326,1,1
33991,IPC,436,1,1
33992,IPC,392,1,1
33993,IPC,420,1,1
33994,IPC,379,1,1
33995,IPC,420,1,1
33996,IPC,379,1,1
33997,BNS,64,1,1
33998,ARMS,27,1,1
33999,IPC,354,1,1
34000,IPC,354,1,1
34001,IPC,379A,1,1
34002,IPC,380,1,1
34003,IPC,392,1,1
34004,ARMS,27,1,1
34005,BNS,64,1,1
34006,IPC,326,1,1
34007,IPC,498A,1,1
34008,IPC,406,1,1
34009,IPC,363,1,1
34010,IPC,363,1,1
34011,IPC,379,1,1
34012,IPC,323,1,1
34013,BNS,103,1,1
34014,POCSO,4,1,1
34015,IPC,323,1,1
34016,IPC,379A,1,1
34017,IPC,147,1,1
34018,IPC,144,1,1
34019,IPC,323,1,1
34020,IPC,420,1,1
34021,IPC,323,1,1
34022,IPC,392,1,1
34023,IPC,363,1,1
34024,IPC,379A,1,1
34025,IPC,323,1,1
34026,BNS,64,1,1
34027,IPC,379,1,1
34028,IPC,304,1,1
34029,IPC,323,1,1
34030,ARMS,27,1,1
34031,IPC,498A,1,1
34032,IPC,379,1,1
34033,POCSO,4,1,1
34034,IPC,326,1,1
34035,IPC,66D-ITACT,1,1
34036,IPC,420,1,1
34037,IPC,354,1,1
34038,IPC,354,1,1
34039,IPC,354,1,1
34040,ARMS,27,1,1
34041,IPC,323,1,1
34042,IPC,379,1,1
34043,IPC,380,1,1
34044,NDPS,20,1,1
34045,IPC,498A,1,1
34046,IPC,379A,1,1
34047,IPC,379,1,1
34048,IPC,420,1,1
34049,IPC,379A,1,1
34050,IPC,379,1,1
34051,IPC,392,1,1
34052,IPC,379,1,1
34053,IPC,326,1,1
34054,NDPS,20,1,1
34055,IPC,326,1,1
34056,IPC,354,1,1
34057,IPC,379,1,1
34058,IPC,380,1,1
34059,NDPS,20,1,1
34060,IPC,147,1,1
34061,IPC,326,1,1
34062,IPC,323,1,1
34063,IPC,498A,1,1
34064,IPC,379,1,1
34065,IPC,144,1,1
34066,ARMS,27,1,1
34067,IPC,420,1,1
34068,IPC,363,1,1
34069,IPC,326,1,1
34070,IPC,379,1,1
34071,IPC,406,1,1
34072,IPC,380,1,1
34073,IPC,498A,1,1
34074,IPC,420,1,1
34075,IPC,379A,1,1
34076,IPC,323,1,1
34077,IPC,379,1,1
34078,IPC,326,1,1
34079,IPC,354,1,1
34080,ARMS,27,1,1
34080,ARMS,25,2,2
34081,IPC,379,1,1
34082,IPC,379A,1,1
34083,IPC,354,1,1
34084,IPC,302,1,1
34084,BNS,103,2,2
34085,IPC,380,1,1
34086,IPC,379,1,1
34087,IPC,498A,1,1
34088,POCSO,4,1,1
34089,IPC,323,1,1
34090,BNS,109,1,1
34091,IPC,379,1,1
34092,IPC,379,1,1
34093,NDPS,20,1,1
34094,IPC,406,1,1
34095,POCSO,4,1,1
34096,IPC,380,1,1
34097,IPC,304,1,1
34098,IPC,323,1,1
34099,IPC,147,1,1
34100,IPC,323,1,1
34101,IPC,66D-ITACT,1,1
34102,ARMS,27,1,1
34103,IPC,406,1,1
34104,IPC,406,1,1
34105,IPC,66D-ITACT,1,1
34106,IPC,354,1,1
34107,IPC,66D-ITACT,1,1
34108,IPC,379,1,1
34109,IPC,379A,1,1
34110,IPC,363,1,1
34111,IPC,326,1,1
34112,IPC,392,1,1
34113,IPC,379,1,1
34114,IPC,354,1,1
34115,IPC,379,1,1
34116,IPC,379,1,1
34117,IPC,323,1,1
34118,IPC,323,1,1
34119,IPC,323,1,1
34120,IPC,354,1,1
34121,IPC,498A,1,1
34122,IPC,392,1,1
34123,IPC,66D-ITACT,1,1
34124,IPC,379A,1,1
34125,IPC,380,1,1
34126,IPC,380,1,1
34127,IPC,392,1,1
34128,IPC,323,1,1
34129,IPC,436,1,1
34130,IPC,498A,1,1
34131,IPC,406,1,1
34132,IPC,379A,1,1
34133,IPC,436,1,1
34134,IPC,379,1,1
34135,IPC,323,1,1
34136,IPC,420,1,1
34137,ARMS,25,1,1
34138,IPC,379A,1,1
34139,IPC,380,1,1
34140,IPC,302,1,1
34141,IPC,420,1,1
34142,IPC,323,1,1
34143,IPC,326,1,1
34144,IPC,395,1,1
34145,IPC,380,1,1
34146,IPC,498A,1,1
34147,IPC,307,1,1
34147,BNS,109,2,2
34148,IPC,376,1,1
34148,BNS,64,2,2
34149,ARMS,27,1,1
34150,IPC,379,1,1
34151,IPC,379,1,1
34152,IPC,379A,1,1
34153,IPC,326,1,1
34154,IPC,147,1,1
34155,IPC,379A,1,1
34156,IPC,147,1,1
34157,IPC,498A,1,1
34158,IPC,379,1,1
34159,IPC,406,1,1
34160,IPC,379A,1,1
34161,IPC,406,1,1
34162,IPC,323,1,1
34163,IPC,66D-ITACT,1,1
34164,IPC,323,1,1
34165,IPC,326,1,1
34166,IPC,380,1,1
34167,IPC,379,1,1
34168,IPC,379,1,1
34169,ARMS,25,1,1
34170,IPC,380,1,1
34171,IPC,66D-ITACT,1,1
34172,IPC,66D-ITACT,1,1
34173,IPC,323,1,1
34174,IPC,323,1,1
34175,IPC,304B,1,1
34176,IPC,392,1,1
34177,IPC,326,1,1
34178,POCSO,4,1,1
34179,IPC,66D-ITACT,1,1
34180,IPC,380,1,1
34181,IPC,354,1,1
34182,IPC,380,1,1
34183,IPC,420,1,1
34184,IPC,376,1,1
34185,IPC,379,1,1
34186,IPC,392,1,1
34187,IPC,323,1,1
34188,IPC,380,1,1
34189,POCSO,4,1,1
34190,IPC,304,1,1
34191,IPC,323,1,1
34192,NDPS,20,1,1
34193,IPC,379,1,1
34194,IPC,147,1,1
34195,IPC,379,1,1
34196,IPC,66D-ITACT,1,1
34197,IPC,354,1,1
34198,IPC,379A,1,1
34199,IPC,420,1,1
34200,IPC,326,1,1
34201,IPC,380,1,1
34202,IPC,392,1,1
34203,IPC,66D-ITACT,1,1
34204,IPC,144,1,1
34205,IPC,326,1,1
34206,IPC,304,1,1
34207,IPC,147,1,1
34208,IPC,363,1,1
34209,IPC,498A,1,1
34210,IPC,144,1,1
34211,IPC,380,1,1
34212,IPC,380,1,1
34213,IPC,406,1,1
34214,IPC,323,1,1
34215,IPC,144,1,1
34216,POCSO,4,1,1
34217,IPC,406,1,1
34218,IPC,354,1,1
34219,IPC,354,1,1
34220,IPC,323,1,1
34221,BNS,103,1,1
34222,IPC,66D-ITACT,1,1
34223,IPC,323,1,1
34224,IPC,420,1,1
34225,IPC,489A,1,1
34226,IPC,379,1,1
34227,IPC,420,1,1
34228,BNS,64,1,1
34229,IPC,379A,1,1
34230,IPC,379,1,1
34231,IPC,379A,1,1
34232,IPC,420,1,1
34233,IPC,380,1,1
34234,IPC,66D-ITACT,1,1
34235,IPC,379,1,1
34236,IPC,379,1,1
34237,IPC,323,1,1
34238,IPC,498A,1,1
34239,IPC,147,1,1
34240,IPC,420,1,1
34241,IPC,379,1,1
34242,IPC,420,1,1
34243,IPC,66D-ITACT,1,1
34244,IPC,380,1,1
34245,IPC,420,1,1
34246,IPC,392,1,1
34247,IPC,380,1,1
34248,POCSO,4,1,1
34249,IPC,379,1,1
34250,IPC,379,1,1
34251,IPC,498A,1,1
34252,IPC,392,1,1
34253,IPC,392,1,1
34254,IPC,379,1,1
34255,IPC,307,1,1
34256,IPC,380,1,1
34257,IPC,379,1,1
34258,IPC,323,1,1
34259,IPC,380,1,1
34260,IPC,66D-ITACT,1,1
34261,IPC,323,1,1
34262,IPC,379,1,1
34263,IPC,379,1,1
34264,IPC,323,1,1
34265,IPC,323,1,1
34266,IPC,379,1,1
34267,IPC,379A,1,1
34268,IPC,66D-ITACT,1,1
34269,IPC,66D-ITACT,1,1
34270,IPC,379A,1,1
34271,IPC,379,1,1
34272,IPC,363,1,1
34273,IPC,323,1,1
34274,IPC,379,1,1
34275,IPC,363,1,1
34276,IPC,363,1,1
34277,IPC,326,1,1
34278,IPC,379,1,1
34279,IPC,307,1,1
34280,IPC,66D-ITACT,1,1
34281,IPC,379,1,1
34282,IPC,144,1,1
34283,IPC,326,1,1
34284,IPC,304B,1,1
34285,IPC,323,1,1
34286,IPC,326,1,1
34287,IPC,498A,1,1
34288,IPC,379,1,1
34289,IPC,304,1,1
34290,IPC,498A,1,1
34291,NDPS,20,1,1
34292,IPC,392,1,1
34293,IPC,380,1,1
34294,IPC,395,1,1
34295,IPC,323,1,1
34296,IPC,379A,1,1
34297,IPC,436,1,1
34298,IPC,379A,1,1
34299,IPC,323,1,1
34300,IPC,489A,1,1
34301,IPC,498A,1,1
34302,IPC,436,1,1
34303,IPC,326,1,1
34304,IPC,379,1,1
34305,IPC,420,1,1
34306,IPC,420,1,1
34307,IPC,66D-ITACT,1,1
34308,IPC,379A,1,1
34309,IPC,392,1,1
34310,IPC,326,1,1
34311,IPC,380,1,1
34312,IPC,147,1,1
34313,IPC,498A,1,1
34314,IPC,66D-ITACT,1,1
34315,IPC,363,1,1
34316,IPC,147,1,1
34317,IPC,144,1,1
34318,IPC,147,1,1
34319,IPC,66D-ITACT,1,1
34320,IPC,302,1,1
34321,ARMS,27,1,1
34321,ARMS,25,2,2
34322,IPC,379A,1,1
34323,IPC,147,1,1
34324,NDPS,20,1,1
34325,IPC,66D-ITACT,1,1
34326,IPC,144,1,1
34327,IPC,392,1,1
34328,IPC,323,1,1
34329,IPC,326,1,1
34330,IPC,323,1,1
34331,BNS,103,1,1
34332,IPC,144,1,1
34333,IPC,323,1,1
34334,IPC,379,1,1
34335,IPC,147,1,1
34336,IPC,66D-ITACT,1,1
34337,IPC,379,1,1
34338,IPC,420,1,1
34339,IPC,380,1,1
34340,IPC,379,1,1
34341,IPC,380,1,1
34342,IPC,392,1,1
34343,IPC,379,1,1
34344,IPC,379,1,1
34345,IPC,392,1,1
34346,IPC,66D-ITACT,1,1
34347,IPC,354,1,1
34348,IPC,420,1,1
34349,IPC,323,1,1
34350,IPC,379,1,1
34351,IPC,498A,1,1
34352,IPC,354,1,1
34353,IPC,420,1,1
34354,IPC,323,1,1
34355,IPC,379,1,1
34356,BNS,109,1,1
34357,NDPS,20,1,1
34358,ARMS,25,1,1
34359,IPC,420,1,1
34360,IPC,379,1,1
34361,IPC,380,1,1
34362,IPC,379,1,1
34363,IPC,326,1,1
34364,IPC,354,1,1
34365,IPC,379,1,1
34366,IPC,498A,1,1
34367,IPC,392,1,1
34368,IPC,379,1,1
34369,IPC,395,1,1
34370,IPC,307,1,1
34370,BNS,109,2,2
34371,IPC,326,1,1
34372,NDPS,20,1,1
34373,IPC,498A,1,1
34374,IPC,323,1,1
34375,IPC,420,1,1
34376,IPC,379,1,1
34377,IPC,144,1,1
34378,IPC,379,1,1
34379,IPC,379A,1,1
34380,IPC,498A,1,1
34381,IPC,406,1,1
34382,POCSO,4,1,1
34383,IPC,420,1,1
34384,IPC,326,1,1
34385,IPC,379,1,1
34386,IPC,304B,1,1
34387,IPC,379,1,1
34388,NDPS,20,1,1
34389,IPC,498A,1,1
34390,IPC,498A,1,1
34391,IPC,379A,1,1
34392,IPC,307,1,1
34392,BNS,109,2,2
34393,IPC,144,1,1
34394,IPC,498A,1,1
34395,IPC,380,1,1
34396,BNS,64,1,1
34397,IPC,323,1,1
34398,IPC,323,1,1
34399,NDPS,20,1,1
34400,IPC,380,1,1
34401,POCSO,4,1,1
34402,ARMS,25,1,1
34403,IPC,392,1,1
34404,IPC,392,1,1
34405,IPC,379A,1,1
34406,IPC,380,1,1
34407,IPC,354,1,1
34408,IPC,379A,1,1
34409,IPC,379,1,1
34410,IPC,379,1,1
34411,IPC,379,1,1
34412,IPC,66D-ITACT,1,1
34413,IPC,380,1,1
34414,POCSO,4,1,1
34415,IPC,354,1,1
34416,IPC,147,1,1
34417,IPC,392,1,1
34418,IPC,66D-ITACT,1,1
34419,NDPS,20,1,1
34420,IPC,379A,1,1
34421,IPC,392,1,1
34422,IPC,144,1,1
34423,IPC,379A,1,1
34424,IPC,380,1,1
34425,IPC,379A,1,1
34426,IPC,379A,1,1
34427,IPC,144,1,1
34428,IPC,380,1,1
34429,IPC,489A,1,1
34430,IPC,323,1,1
34431,IPC,144,1,1
34432,IPC,323,1,1
34433,IPC,326,1,1
34434,IPC,420,1,1
34435,IPC,420,1,1
34436,IPC,323,1,1
34437,IPC,395,1,1
34438,IPC,66D-ITACT,1,1
34439,IPC,420,1,1
34440,IPC,326,1,1
34441,IPC,363,1,1
34442,IPC,380,1,1
34443,IPC,379,1,1
34444,IPC,420,1,1
34445,IPC,436,1,1
34446,IPC,379A,1,1
34447,IPC,307,1,1
34448,IPC,436,1,1
34449,IPC,379,1,1
34450,IPC,498A,1,1
34451,IPC,392,1,1
34452,IPC,498A,1,1
34453,IPC,380,1,1
34454,IPC,379,1,1
34455,IPC,326,1,1
34456,IPC,307,1,1
34457,IPC,66D-ITACT,1,1
34458,IPC,144,1,1
34459,IPC,380,1,1
34460,IPC,380,1,1
34461,IPC,380,1,1
34462,NDPS,20,1,1
34463,IPC,379,1,1
34464,IPC,323,1,1
34465,IPC,144,1,1
34466,IPC,379,1,1
34467,IPC,379,1,1
34468,IPC,392,1,1
34469,IPC,323,1,1
34470,IPC,406,1,1
34471,IPC,395,1,1
34472,IPC,392,1,1
34473,IPC,380,1,1
34474,IPC,380,1,1
34475,IPC,323,1,1
34476,IPC,420,1,1
34477,IPC,380,1,1
34478,IPC,326,1,1
34479,IPC,379A,1,1
34480,IPC,379A,1,1
34481,IPC,147,1,1
34482,BNS,64,1,1
34483,IPC,379A,1,1
34484,IPC,379,1,1
34485,NDPS,20,1,1
34486,IPC,406,1,1
34487,IPC,66D-ITACT,1,1
34488,IPC,420,1,1
34489,IPC,379A,1,1
34490,IPC,379,1,1
34491,IPC,144,1,1
34492,IPC,420,1,1
34493,IPC,326,1,1
34494,NDPS,20,1,1
34495,IPC,379,1,1
34496,IPC,323,1,1
34497,IPC,380,1,1
34498,IPC,379A,1,1
34499,IPC,379,1,1
34500,IPC,380,1,1
34501,IPC,379,1,1
34502,IPC,420,1,1
34503,IPC,144,1,1
34504,IPC,323,1,1
34505,IPC,66D-ITACT,1,1
34506,IPC,379,1,1
34507,IPC,354,1,1
34508,IPC,406,1,1
34509,IPC,379,1,1
34510,IPC,380,1,1
34511,IPC,144,1,1
34512,IPC,380,1,1
34513,IPC,380,1,1
34514,BNS,103,1,1
34515,NDPS,20,1,1
34516,IPC,379,1,1
34517,IPC,147,1,1
34518,IPC,392,1,1
34519,IPC,379,1,1
34520,IPC,326,1,1
34521,IPC,354,1,1
34522,IPC,380,1,1
34523,IPC,323,1,1
34524,IPC,379,1,1
34525,ARMS,25,1,1
34526,IPC,66D-ITACT,1,1
34527,IPC,379A,1,1
34528,IPC,354,1,1
34529,IPC,379A,1,1
34530,IPC,498A,1,1
34531,IPC,323,1,1
34532,IPC,380,1,1
34533,NDPS,20,1,1
34534,IPC,66D-ITACT,1,1
34535,IPC,498A,1,1
34536,IPC,395,1,1
34537,IPC,302,1,1
34538,IPC,406,1,1
34539,IPC,66D-ITACT,1,1
34540,IPC,304B,1,1
34541,IPC,379,1,1
34542,IPC,380,1,1
34543,IPC,406,1,1
34544,IPC,380,1,1
34545,IPC,420,1,1
34546,IPC,379,1,1
34547,IPC,379,1,1
34548,IPC,323,1,1
34549,IPC,144,1,1
34550,IPC,379,1,1
34551,IPC,392,1,1
34552,IPC,379,1,1
34553,IPC,420,1,1
34554,IPC,66D-ITACT,1,1
34555,IPC,498A,1,1
34556,IPC,326,1,1
34557,BNS,64,1,1
34558,IPC,379A,1,1
34559,IPC,307,1,1
34560,IPC,363,1,1
34561,IPC,436,1,1
34562,IPC,323,1,1
34563,IPC,379,1,1
34564,IPC,420,1,1
34565,NDPS,20,1,1
34566,IPC,66D-ITACT,1,1
34567,IPC,354,1,1
34568,IPC,379,1,1
34569,IPC,323,1,1
34570,BNS,109,1,1
34570,IPC,307,2,2
34571,IPC,354,1,1
34572,IPC,66D-ITACT,1,1
34573,IPC,326,1,1
34574,IPC,420,1,1
34575,IPC,379A,1,1
34576,IPC,379,1,1
34577,IPC,420,1,1
34578,IPC,326,1,1
34579,IPC,147,1,1
34580,IPC,379A,1,1
34581,IPC,304B,1,1
34582,IPC,323,1,1
34583,IPC,379,1,1
34584,IPC,354,1,1
34585,IPC,326,1,1
34586,NDPS,20,1,1
34587,IPC,379,1,1
34588,IPC,380,1,1
34589,IPC,323,1,1
34590,IPC,66D-ITACT,1,1
34591,IPC,380,1,1
34592,IPC,420,1,1
34593,IPC,379,1,1
34594,IPC,66D-ITACT,1,1
34595,IPC,66D-ITACT,1,1
34596,IPC,379,1,1
34597,IPC,379,1,1
34598,ARMS,25,1,1
34599,IPC,498A,1,1
34600,IPC,498A,1,1
34601,IPC,379,1,1
34602,IPC,323,1,1
34603,IPC,66D-ITACT,1,1
34604,IPC,498A,1,1
34605,IPC,395,1,1
34606,POCSO,4,1,1
34607,IPC,66D-ITACT,1,1
34608,IPC,323,1,1
34609,IPC,392,1,1
34610,IPC,354,1,1
34611,IPC,420,1,1
34612,IPC,302,1,1
34613,IPC,66D-ITACT,1,1
34614,IPC,406,1,1
34615,IPC,380,1,1
34616,IPC,376,1,1
34616,BNS,64,2,2
34617,ARMS,27,1,1
34618,IPC,380,1,1
34619,IPC,304B,1,1
34620,IPC,323,1,1
34621,IPC,323,1,1
34622,IPC,420,1,1
34623,IPC,498A,1,1
34624,IPC,323,1,1
34625,IPC,379A,1,1
34626,IPC,302,1,1
34627,IPC,66D-ITACT,1,1
34628,IPC,66D-ITACT,1,1
34629,IPC,147,1,1
34630,IPC,379A,1,1
34631,IPC,380,1,1
34632,IPC,323,1,1
34633,IPC,354,1,1
34634,IPC,380,1,1
34635,IPC,326,1,1
34636,IPC,379,1,1
34637,IPC,144,1,1
34638,IPC,498A,1,1
34639,IPC,379A,1,1
34640,IPC,323,1,1
34641,IPC,498A,1,1
34642,IPC,379A,1,1
34643,IPC,380,1,1
34644,IPC,379A,1,1
34645,IPC,304B,1,1
34646,IPC,376,1,1
34647,IPC,489A,1,1
34648,IPC,380,1,1
34649,IPC,379,1,1
34650,IPC,66D-ITACT,1,1
34651,IPC,406,1,1
34652,IPC,354,1,1
34653,IPC,379,1,1
34654,IPC,406,1,1
34655,IPC,392,1,1
34656,IPC,380,1,1
34657,IPC,379,1,1
34658,IPC,379,1,1
34659,IPC,420,1,1
34660,IPC,406,1,1
34661,IPC,66D-ITACT,1,1
34662,IPC,392,1,1
34663,IPC,498A,1,1
34664,IPC,380,1,1
34665,IPC,144,1,1
34666,IPC,420,1,1
34667,IPC,380,1,1
34668,IPC,379,1,1
34669,IPC,323,1,1
34670,IPC,392,1,1
34671,IPC,379,1,1
34672,ARMS,27,1,1
34673,IPC,323,1,1
34674,IPC,392,1,1
34675,IPC,323,1,1
34676,IPC,323,1,1
34677,IPC,304B,1,1
34678,IPC,379,1,1
34679,IPC,436,1,1
34680,IPC,379,1,1
34681,IPC,420,1,1
34682,IPC,420,1,1
34683,IPC,379,1,1
34684,IPC,379,1,1
34685,IPC,380,1,1
34686,NDPS,20,1,1
34687,IPC,323,1,1
34688,IPC,379A,1,1
34689,IPC,420,1,1
34690,IPC,379A,1,1
34691,NDPS,20,1,1
34692,IPC,420,1,1
34693,IPC,420,1,1
34694,IPC,420,1,1
34695,IPC,326,1,1
34696,IPC,363,1,1
34697,IPC,379,1,1
34698,IPC,379,1,1
34699,IPC,406,1,1
34700,IPC,380,1,1
34701,IPC,420,1,1
34702,IPC,420,1,1
34703,IPC,379A,1,1
34704,POCSO,4,1,1
34705,IPC,406,1,1
34706,BNS,103,1,1
34707,IPC,420,1,1
34708,IPC,379A,1,1
34709,IPC,326,1,1
34710,IPC,420,1,1
34711,IPC,379,1,1
34712,IPC,379,1,1
34713,IPC,307,1,1
34714,IPC,406,1,1
34715,IPC,380,1,1
34716,IPC,379,1,1
34717,IPC,379,1,1
34718,POCSO,4,1,1
34719,IPC,144,1,1
34720,IPC,66D-ITACT,1,1
34721,IPC,323,1,1
34722,ARMS,25,1,1
34722,ARMS,27,2,2
34723,IPC,420,1,1
34724,IPC,326,1,1
34725,IPC,498A,1,1
34726,IPC,363,1,1
34727,IPC,379,1,1
34728,IPC,379,1,1
34729,IPC,406,1,1
34730,IPC,323,1,1
34731,IPC,304B,1,1
34732,IPC,436,1,1
34733,POCSO,4,1,1
34734,IPC,392,1,1
34735,IPC,379,1,1
34736,IPC,326,1,1
34737,IPC,66D-ITACT,1,1
34738,IPC,406,1,1
34739,IPC,380,1,1
34740,IPC,326,1,1
34741,IPC,66D-ITACT,1,1
34742,IPC,363,1,1
34743,IPC,302,1,1
34744,IPC,380,1,1
34745,IPC,379A,1,1
34746,IPC,406,1,1
34747,IPC,392,1,1
34748,IPC,323,1,1
34749,IPC,420,1,1
34750,IPC,379,1,1
34751,IPC,380,1,1
34752,NDPS,20,1,1
34753,IPC,376,1,1
34754,IPC,144,1,1
34755,IPC,420,1,1
34756,IPC,420,1,1
34757,IPC,363,1,1
34758,IPC,323,1,1
34759,IPC,144,1,1
34760,IPC,498A,1,1
34761,IPC,420,1,1
34762,IPC,380,1,1
34763,IPC,379A,1,1
34764,IPC,420,1,1
34765,IPC,498A,1,1
34766,IPC,379,1,1
34767,NDPS,20,1,1
34768,IPC,304,1,1
34769,IPC,392,1,1
34770,IPC,436,1,1
34771,IPC,420,1,1
34772,IPC,304B,1,1
34773,IPC,379,1,1
34774,IPC,420,1,1
34775,IPC,354,1,1
34776,IPC,379,1,1
34777,IPC,323,1,1
34778,IPC,66D-ITACT,1,1
34779,IPC,498A,1,1
34780,IPC,379,1,1
34781,IPC,66D-ITACT,1,1
34782,IPC,379A,1,1
34783,IPC,379,1,1
34784,IPC,354,1,1
34785,NDPS,20,1,1
34786,IPC,379,1,1
34787,IPC,379,1,1
34788,IPC,380,1,1
34789,IPC,379,1,1
34790,IPC,147,1,1
34791,IPC,380,1,1
34792,IPC,304,1,1
34793,IPC,379,1,1
34794,IPC,363,1,1
34795,IPC,392,1,1
34796,IPC,380,1,1
34797,ARMS,27,1,1
34798,NDPS,20,1,1
34799,NDPS,20,1,1
34800,IPC,380,1,1
34801,IPC,323,1,1
34802,IPC,379,1,1
34803,IPC,323,1,1
34804,IPC,144,1,1
34805,IPC,380,1,1
34806,NDPS,20,1,1
34807,IPC,354,1,1
34808,IPC,354,1,1
34809,IPC,354,1,1
34810,IPC,379A,1,1
34811,POCSO,4,1,1
34812,NDPS,20,1,1
34813,IPC,326,1,1
34814,IPC,323,1,1
34815,IPC,323,1,1
34816,IPC,66D-ITACT,1,1
34817,IPC,66D-ITACT,1,1
34818,IPC,379A,1,1
34819,IPC,420,1,1
34820,IPC,147,1,1
34821,IPC,392,1,1
34822,IPC,323,1,1
34823,IPC,379,1,1
34824,IPC,498A,1,1
34825,IPC,380,1,1
34826,NDPS,20,1,1
34827,IPC,489A,1,1
34828,IPC,326,1,1
34829,POCSO,4,1,1
34830,IPC,379A,1,1
34831,IPC,379,1,1
34832,IPC,395,1,1
34833,IPC,363,1,1
34834,IPC,436,1,1
34835,IPC,147,1,1
34836,IPC,380,1,1
34837,IPC,420,1,1
34838,IPC,498A,1,1
34839,IPC,420,1,1
34840,IPC,379,1,1
34841,IPC,498A,1,1
34842,IPC,379A,1,1
34843,IPC,380,1,1
34844,IPC,392,1,1
34845,IPC,379,1,1
34846,IPC,406,1,1
34847,IPC,498A,1,1
34848,IPC,379,1,1
34849,ARMS,25,1,1
34850,IPC,436,1,1
34851,IPC,380,1,1
34852,IPC,379,1,1
34853,IPC,323,1,1
34854,BNS,64,1,1
34855,IPC,144,1,1
34856,IPC,323,1,1
34857,IPC,323,1,1
34858,IPC,420,1,1
34859,IPC,363,1,1
34860,IPC,323,1,1
34861,IPC,420,1,1
34862,IPC,379,1,1
34863,IPC,498A,1,1
34864,IPC,379,1,1
34865,POCSO,4,1,1
34866,IPC,304B,1,1
34867,IPC,380,1,1
34868,IPC,323,1,1
34869,IPC,379A,1,1
34870,IPC,379A,1,1
34871,IPC,304B,1,1
34872,IPC,379A,1,1
34873,IPC,363,1,1
34874,IPC,420,1,1
34875,IPC,379,1,1
34876,IPC,498A,1,1
34877,IPC,489A,1,1
34878,IPC,380,1,1
34879,IPC,420,1,1
34880,BNS,109,1,1
34881,IPC,66D-ITACT,1,1
34882,IPC,498A,1,1
34883,IPC,379,1,1
34884,IPC,354,1,1
34885,IPC,379A,1,1
34886,IPC,379A,1,1
34887,BNS,103,1,1
34888,IPC,323,1,1
34889,IPC,323,1,1
34890,IPC,379,1,1
34891,IPC,354,1,1
34892,IPC,420,1,1
34893,IPC,323,1,1
34894,IPC,326,1,1
34895,IPC,323,1,1
34896,IPC,406,1,1
34897,IPC,498A,1,1
34898,IPC,420,1,1
34899,IPC,379,1,1
34900,IPC,392,1,1
34901,IPC,323,1,1
34902,IPC,380,1,1
34903,IPC,380,1,1
34904,IPC,376,1,1
34905,IPC,406,1,1
34906,IPC,354,1,1
34907,IPC,436,1,1
34908,ARMS,25,1,1
34909,IPC,326,1,1
34910,IPC,323,1,1
34911,IPC,323,1,1
34912,IPC,379,1,1
34913,IPC,406,1,1
34914,IPC,66D-ITACT,1,1
34915,IPC,304B,1,1
34916,IPC,323,1,1
34917,IPC,376,1,1
34918,IPC,323,1,1
34919,IPC,379,1,1
34920,IPC,379,1,1
34921,IPC,379,1,1
34922,IPC,380,1,1
34923,IPC,66D-ITACT,1,1
34924,IPC,379A,1,1
34925,IPC,379A,1,1
34926,IPC,326,1,1
34927,IPC,323,1,1
34928,IPC,420,1,1
34929,IPC,379,1,1
34930,IPC,498A,1,1
34931,IPC,420,1,1
34932,IPC,66D-ITACT,1,1
34933,IPC,323,1,1
34934,IPC,420,1,1
34935,IPC,380,1,1
34936,IPC,144,1,1
34937,IPC,498A,1,1
34938,IPC,66D-ITACT,1,1
34939,IPC,379,1,1
34940,IPC,379,1,1
34941,IPC,420,1,1
34942,IPC,304,1,1
34943,IPC,395,1,1
34944,IPC,363,1,1
34945,NDPS,20,1,1
34946,IPC,66D-ITACT,1,1
34947,IPC,392,1,1
34948,IPC,420,1,1
34949,IPC,379,1,1
34950,POCSO,4,1,1
34951,IPC,323,1,1
34952,IPC,326,1,1
34953,IPC,354,1,1
34954,IPC,420,1,1
34955,IPC,323,1,1
34956,IPC,363,1,1
34957,IPC,379,1,1
34958,IPC,326,1,1
34959,BNS,64,1,1
34959,IPC,376,2,2
34960,IPC,379,1,1
34961,IPC,420,1,1
34962,IPC,144,1,1
34963,IPC,420,1,1
34964,IPC,379A,1,1
34965,IPC,354,1,1
34966,IPC,489A,1,1
34967,IPC,498A,1,1
34968,IPC,379A,1,1
34969,IPC,144,1,1
34970,IPC,406,1,1
34971,IPC,498A,1,1
34972,BNS,64,1,1
34973,IPC,379,1,1
34974,IPC,147,1,1
34975,IPC,498A,1,1
34976,IPC,379A,1,1
34977,IPC,66D-ITACT,1,1
34978,IPC,376,1,1
34978,BNS,64,2,2
34979,IPC,380,1,1
34980,IPC,147,1,1
34981,IPC,147,1,1
34982,IPC,392,1,1
34983,IPC,66D-ITACT,1,1
34984,IPC,363,1,1
34985,IPC,420,1,1
34986,IPC,406,1,1
34987,IPC,379,1,1
34988,IPC,498A,1,1
34989,IPC,326,1,1
34990,IPC,436,1,1
34991,IPC,379,1,1
34992,IPC,392,1,1
34993,IPC,380,1,1
34994,IPC,379A,1,1
34995,IPC,323,1,1
34996,IPC,420,1,1
34997,IPC,436,1,1
34998,IPC,498A,1,1
34999,IPC,323,1,1
35000,IPC,326,1,1
35001,IPC,379,1,1
35002,IPC,420,1,1
35003,IPC,363,1,1
35004,IPC,379,1,1
35005,ARMS,25,1,1
35006,IPC,379A,1,1
35007,IPC,379,1,1
35008,NDPS,20,1,1
35009,IPC,326,1,1
35010,IPC,436,1,1
35011,IPC,379A,1,1
35012,IPC,406,1,1
35013,IPC,379,1,1
35014,IPC,380,1,1
35015,IPC,498A,1,1
35016,IPC,144,1,1
35017,IPC,392,1,1
35018,IPC,420,1,1
35019,IPC,363,1,1
35020,IPC,379,1,1
35021,IPC,66D-ITACT,1,1
35022,IPC,380,1,1
35023,IPC,420,1,1
35024,IPC,144,1,1
35025,IPC,323,1,1
35026,IPC,323,1,1
35027,IPC,406,1,1
35028,IPC,307,1,1
35029,IPC,354,1,1
35030,IPC,379,1,1
35031,IPC,379,1,1
35032,IPC,66D-ITACT,1,1
35033,IPC,379A,1,1
35034,IPC,498A,1,1
35035,IPC,379,1,1
35036,IPC,420,1,1
35037,IPC,323,1,1
35038,IPC,304B,1,1
35039,IPC,379,1,1
35040,IPC,376,1,1
35041,IPC,147,1,1
35042,IPC,392,1,1
35043,IPC,406,1,1
35044,IPC,395,1,1
35045,IPC,379A,1,1
35046,IPC,323,1,1
35047,IPC,323,1,1
35048,IPC,323,1,1
35049,IPC,379,1,1
35050,IPC,379,1,1
35051,IPC,379,1,1
35052,IPC,323,1,1
35053,IPC,380,1,1
35054,IPC,379,1,1
35055,NDPS,20,1,1
35056,IPC,323,1,1
35057,IPC,392,1,1
35058,BNS,64,1,1
35059,IPC,406,1,1
35060,IPC,302,1,1
35061,IPC,66D-ITACT,1,1
35062,IPC,66D-ITACT,1,1
35063,IPC,363,1,1
35064,IPC,420,1,1
35065,IPC,420,1,1
35066,IPC,147,1,1
35067,IPC,379,1,1
35068,IPC,326,1,1
35069,IPC,380,1,1
35070,IPC,323,1,1
35071,IPC,304B,1,1
35072,IPC,379A,1,1
35073,BNS,64,1,1
35074,IPC,66D-ITACT,1,1
35075,IPC,420,1,1
35076,IPC,304B,1,1
35077,IPC,323,1,1
35078,IPC,323,1,1
35079,IPC,420,1,1
35080,IPC,380,1,1
35081,IPC,392,1,1
35082,IPC,363,1,1
35083,IPC,354,1,1
35084,IPC,304,1,1
35085,IPC,498A,1,1
35086,IPC,406,1,1
35087,IPC,380,1,1
35088,IPC,144,1,1
35089,IPC,420,1,1
35090,IPC,147,1,1
35091,IPC,326,1,1
35092,IPC,147,1,1
35093,IPC,147,1,1
35094,IPC,420,1,1
35095,IPC,354,1,1
35096,IPC,66D-ITACT,1,1
35097,IPC,392,1,1
35098,IPC,498A,1,1
35099,IPC,376,1,1
35100,IPC,380,1,1
35101,IPC,379,1,1
35102,IPC,498A,1,1
35103,IPC,379,1,1
35104,IPC,420,1,1
35105,IPC,379,1,1
35106,POCSO,4,1,1
35107,IPC,392,1,1
35108,IPC,304B,1,1
35109,IPC,379,1,1
35110,POCSO,4,1,1
35111,IPC,326,1,1
35112,IPC,144,1,1
35113,IPC,420,1,1
35114,IPC,326,1,1
35115,IPC,376,1,1
35116,IPC,379A,1,1
35117,IPC,66D-ITACT,1,1
35118,IPC,406,1,1
35119,IPC,392,1,1
35120,IPC,307,1,1
35121,IPC,323,1,1
35122,IPC,392,1,1
35123,IPC,66D-ITACT,1,1
35124,NDPS,20,1,1
35125,IPC,489A,1,1
35126,IPC,379,1,1
35127,IPC,406,1,1
35128,IPC,380,1,1
35129,IPC,66D-ITACT,1,1
35130,IPC,436,1,1
35131,IPC,420,1,1
35132,IPC,379,1,1
35133,IPC,307,1,1
35134,IPC,406,1,1
35135,IPC,380,1,1
35136,IPC,323,1,1
35137,IPC,392,1,1
35138,IPC,392,1,1
35139,IPC,307,1,1
35140,IPC,379,1,1
35141,IPC,363,1,1
35142,IPC,379,1,1
35143,IPC,379A,1,1
35144,IPC,66D-ITACT,1,1
35145,IPC,379,1,1
35146,IPC,379,1,1
35147,IPC,380,1,1
35148,IPC,363,1,1
35149,ARMS,25,1,1
35150,IPC,66D-ITACT,1,1
35151,IPC,379,1,1
35152,IPC,66D-ITACT,1,1
35153,IPC,302,1,1
35154,IPC,354,1,1
35155,IPC,420,1,1
35156,BNS,109,1,1
35157,IPC,144,1,1
35158,BNS,109,1,1
35158,IPC,307,2,2
35159,IPC,379,1,1
35160,IPC,144,1,1
35161,IPC,436,1,1
35162,IPC,380,1,1
35163,IPC,379A,1,1
35164,IPC,144,1,1
35165,IPC,66D-ITACT,1,1
35166,NDPS,20,1,1
35167,IPC,354,1,1
35168,IPC,379,1,1
35169,IPC,379A,1,1
35170,BNS,109,1,1
35171,IPC,379,1,1
35172,IPC,144,1,1
35173,IPC,66D-ITACT,1,1
35174,IPC,326,1,1
35175,IPC,380,1,1
35176,IPC,379,1,1
35177,IPC,498A,1,1
35178,IPC,406,1,1
35179,IPC,379,1,1
35180,IPC,304B,1,1
35181,IPC,379,1,1
35182,IPC,323,1,1
35183,IPC,144,1,1
35184,IPC,380,1,1
35185,IPC,363,1,1
35186,IPC,395,1,1
35187,BNS,109,1,1
35188,IPC,380,1,1
35189,IPC,66D-ITACT,1,1
35190,IPC,379,1,1
35191,IPC,380,1,1
35192,IPC,379A,1,1
35193,IPC,326,1,1
35194,IPC,354,1,1
35195,IPC,379,1,1
35196,IPC,498A,1,1
35197,IPC,380,1,1
35198,IPC,379,1,1
35199,IPC,498A,1,1
35200,IPC,323,1,1
35201,IPC,326,1,1
35202,IPC,436,1,1
35203,IPC,323,1,1
35204,IPC,380,1,1
35205,IPC,379,1,1
35206,IPC,376,1,1
35207,IPC,380,1,1
35208,IPC,380,1,1
35209,IPC,420,1,1
35210,IPC,323,1,1
35211,IPC,379,1,1
35212,IPC,379,1,1
35213,IPC,379,1,1
35214,IPC,380,1,1
35215,IPC,379,1,1
35216,IPC,379,1,1
35217,IPC,147,1,1
35218,ARMS,25,1,1
35218,ARMS,27,2,2
35219,IPC,379A,1,1
35220,IPC,406,1,1
35221,IPC,379,1,1
35222,IPC,379A,1,1
35223,IPC,420,1,1
35224,IPC,326,1,1
35225,IPC,354,1,1
35226,POCSO,4,1,1
35227,IPC,323,1,1
35228,IPC,323,1,1
35229,IPC,302,1,1
35230,IPC,379,1,1
35231,IPC,379,1,1
35232,IPC,66D-ITACT,1,1
35233,IPC,498A,1,1
35234,IPC,323,1,1
35235,IPC,379A,1,1
35236,IPC,406,1,1
35237,IPC,380,1,1
35238,IPC,379,1,1
35239,IPC,354,1,1
35240,POCSO,4,1,1
35241,IPC,380,1,1
35242,IPC,380,1,1
35243,IPC,363,1,1
35244,IPC,392,1,1
35245,IPC,323,1,1
35246,IPC,498A,1,1
35247,IPC,326,1,1
35248,IPC,144,1,1
35249,IPC,66D-ITACT,1,1
35250,IPC,304B,1,1
35251,IPC,354,1,1
35252,IPC,392,1,1
35253,IPC,406,1,1
35254,IPC,304,1,1
35255,IPC,379,1,1
35256,POCSO,4,1,1
35257,IPC,489A,1,1
35258,BNS,109,1,1
35259,IPC,379,1,1
35260,IPC,354,1,1
35261,IPC,406,1,1
35262,IPC,379,1,1
35263,NDPS,20,1,1
35264,IPC,326,1,1
35265,IPC,144,1,1
35266,IPC,379A,1,1
35267,IPC,379A,1,1
35268,IPC,304B,1,1
35269,IPC,326,1,1
35270,BNS,64,1,1
35271,IPC,420,1,1
35272,IPC,326,1,1
35273,IPC,326,1,1
35274,IPC,323,1,1
35275,IPC,323,1,1
35276,IPC,323,1,1
35277,IPC,379,1,1
35278,IPC,144,1,1
35279,BNS,64,1,1
35279,IPC,376,2,2
35280,IPC,326,1,1
35281,IPC,420,1,1
35282,IPC,498A,1,1
35283,IPC,323,1,1
35284,IPC,420,1,1
35285,IPC,379A,1,1
35286,IPC,304B,1,1
35287,IPC,379,1,1
35288,IPC,498A,1,1
35289,IPC,420,1,1
35290,IPC,144,1,1
35291,IPC,379,1,1
35292,IPC,66D-ITACT,1,1
35293,IPC,498A,1,1
35294,IPC,379,1,1
35295,IPC,379,1,1
35296,IPC,354,1,1
35297,IPC,380,1,1
35298,IPC,436,1,1
35299,IPC,147,1,1
35300,POCSO,4,1,1
35301,BNS,64,1,1
35302,IPC,66D-ITACT,1,1
35303,IPC,323,1,1
35304,IPC,379A,1,1
35305,IPC,436,1,1
35306,IPC,406,1,1
35307,IPC,66D-ITACT,1,1
35308,IPC,323,1,1
35309,POCSO,4,1,1
35310,IPC,326,1,1
35311,IPC,326,1,1
35312,IPC,379,1,1
35313,IPC,498A,1,1
35314,IPC,363,1,1
35315,IPC,406,1,1
35316,IPC,498A,1,1
35317,IPC,354,1,1
35318,IPC,304B,1,1
35319,IPC,326,1,1
35320,IPC,323,1,1
35321,IPC,420,1,1
35322,IPC,379,1,1
35323,IPC,323,1,1
35324,IPC,66D-ITACT,1,1
35325,IPC,379,1,1
35326,IPC,379A,1,1
35327,IPC,66D-ITACT,1,1
35328,IPC,307,1,1
35328,BNS,109,2,2
35329,IPC,380,1,1
35330,IPC,380,1,1
35331,IPC,323,1,1
35332,ARMS,27,1,1
35333,IPC,323,1,1
35334,IPC,380,1,1
35335,IPC,363,1,1
35336,IPC,323,1,1
35337,IPC,380,1,1
35338,IPC,392,1,1
35339,IPC,392,1,1
35340,IPC,420,1,1
35341,IPC,406,1,1
35342,IPC,436,1,1
35343,IPC,420,1,1
35344,IPC,379,1,1
35345,IPC,498A,1,1
35346,IPC,379A,1,1
35347,IPC,379,1,1
35348,IPC,379A,1,1
35349,IPC,436,1,1
35350,IPC,363,1,1
35351,IPC,66D-ITACT,1,1
35352,IPC,354,1,1
35353,IPC,379,1,1
35354,IPC,392,1,1
35355,IPC,406,1,1
35356,IPC,380,1,1
35357,IPC,354,1,1
35358,IPC,420,1,1
35359,IPC,379,1,1
35360,IPC,379,1,1
35361,IPC,379,1,1
35362,IPC,379,1,1
35363,IPC,380,1,1
35364,IPC,498A,1,1
35365,IPC,395,1,1
35366,IPC,380,1,1
35367,IPC,379,1,1
35368,IPC,66D-ITACT,1,1
35369,IPC,147,1,1
35370,IPC,363,1,1
35371,IPC,326,1,1
35372,IPC,379,1,1
35373,IPC,420,1,1
35374,IPC,379,1,1
35375,IPC,498A,1,1
35376,IPC,323,1,1
35377,IPC,354,1,1
35378,IPC,302,1,1
35379,IPC,380,1,1
35380,IPC,392,1,1
35381,IPC,379,1,1
35382,IPC,420,1,1
35383,IPC,379,1,1
35384,IPC,66D-ITACT,1,1
35385,IPC,436,1,1
35386,IPC,379,1,1
35387,IPC,147,1,1
35388,BNS,103,1,1
35389,IPC,380,1,1
35390,IPC,498A,1,1
35391,IPC,302,1,1
35392,IPC,379,1,1
35393,IPC,420,1,1
35394,IPC,379A,1,1
35395,IPC,379,1,1
35396,IPC,326,1,1
35397,IPC,354,1,1
35398,IPC,323,1,1
35399,IPC,66D-ITACT,1,1
35400,IPC,380,1,1
35401,IPC,66D-ITACT,1,1
35402,IPC,66D-ITACT,1,1
35403,IPC,406,1,1
35404,IPC,144,1,1
35405,ARMS,27,1,1
35406,IPC,144,1,1
35407,IPC,436,1,1
35408,IPC,354,1,1
35409,IPC,323,1,1
35410,NDPS,20,1,1
35411,IPC,380,1,1
35412,ARMS,25,1,1
35413,IPC,66D-ITACT,1,1
35414,IPC,66D-ITACT,1,1
35415,IPC,66D-ITACT,1,1
35416,IPC,323,1,1
35417,IPC,379,1,1
35418,IPC,66D-ITACT,1,1
35419,IPC,379,1,1
35420,IPC,379,1,1
35421,IPC,380,1,1
35422,IPC,304,1,1
35423,NDPS,20,1,1
35424,IPC,144,1,1
35425,IPC,380,1,1
35426,IPC,498A,1,1
35427,IPC,147,1,1
35428,IPC,326,1,1
35429,IPC,379,1,1
35430,IPC,354,1,1
35431,IPC,379A,1,1
35432,IPC,379,1,1
35433,IPC,379A,1,1
35434,POCSO,4,1,1
35435,IPC,420,1,1
35436,IPC,379,1,1
35437,IPC,406,1,1
35438,IPC,380,1,1
35439,IPC,379,1,1
35440,IPC,498A,1,1
35441,IPC,323,1,1
35442,IPC,379,1,1
35443,IPC,380,1,1
35444,IPC,436,1,1
35445,IPC,354,1,1
35446,IPC,66D-ITACT,1,1
35447,IPC,354,1,1
35448,IPC,436,1,1
35449,IPC,379,1,1
35450,IPC,380,1,1
35451,IPC,379,1,1
35452,IPC,379,1,1
35453,IPC,354,1,1
35454,NDPS,20,1,1
35455,IPC,392,1,1
35456,ARMS,25,1,1
35457,POCSO,4,1,1
35458,IPC,406,1,1
35459,IPC,66D-ITACT,1,1
35460,IPC,354,1,1
35461,IPC,380,1,1
35462,IPC,323,1,1
35463,IPC,326,1,1
35464,IPC,379A,1,1
35465,IPC,380,1,1
35466,IPC,326,1,1
35467,IPC,354,1,1
35468,IPC,323,1,1
35469,IPC,326,1,1
35470,IPC,66D-ITACT,1,1
35471,IPC,66D-ITACT,1,1
35472,IPC,420,1,1
35473,IPC,66D-ITACT,1,1
35474,IPC,489A,1,1
35475,IPC,379,1,1
35476,IPC,379A,1,1
35477,IPC,379A,1,1
35478,IPC,436,1,1
35479,IPC,379A,1,1
35480,IPC,379,1,1
35481,IPC,379A,1,1
35482,NDPS,20,1,1
35483,IPC,420,1,1
35484,IPC,323,1,1
35485,IPC,379,1,1
35486,IPC,420,1,1
35487,IPC,379A,1,1
35488,IPC,380,1,1
35489,IPC,406,1,1
35490,IPC,379A,1,1
35491,IPC,498A,1,1
35492,IPC,420,1,1
35493,NDPS,20,1,1
35494,IPC,379A,1,1
35495,IPC,498A,1,1
35496,IPC,498A,1,1
35497,IPC,323,1,1
35498,IPC,379,1,1
35499,IPC,379,1,1
35500,IPC,420,1,1
35501,IPC,376,1,1
35502,IPC,420,1,1
35503,IPC,66D-ITACT,1,1
35504,IPC,380,1,1
35505,IPC,380,1,1
35506,IPC,323,1,1
35507,IPC,376,1,1
35508,IPC,379,1,1
35509,IPC,379,1,1
35510,IPC,498A,1,1
35511,IPC,307,1,1
35511,BNS,109,2,2
35512,IPC,406,1,1
35513,IPC,323,1,1
35514,IPC,326,1,1
35515,IPC,379A,1,1
35516,IPC,380,1,1
35517,IPC,323,1,1
35518,IPC,363,1,1
35519,IPC,66D-ITACT,1,1
35520,IPC,304B,1,1
35521,ARMS,25,1,1
35521,ARMS,27,2,2
35522,IPC,498A,1,1
35523,IPC,379A,1,1
35524,IPC,379,1,1
35525,IPC,379,1,1
35526,IPC,392,1,1
35527,IPC,323,1,1
35528,IPC,302,1,1
35529,IPC,379,1,1
35530,IPC,66D-ITACT,1,1
35531,IPC,392,1,1
35532,IPC,379,1,1
35533,IPC,304,1,1
35534,IPC,498A,1,1
35535,IPC,406,1,1
35536,IPC,354,1,1
35537,IPC,380,1,1
35538,IPC,380,1,1
35539,IPC,498A,1,1
35540,IPC,392,1,1
35541,IPC,420,1,1
35542,IPC,420,1,1
35543,IPC,380,1,1
35544,BNS,103,1,1
35545,IPC,392,1,1
35546,POCSO,4,1,1
35547,IPC,380,1,1
35548,IPC,66D-ITACT,1,1
35549,IPC,420,1,1
35550,IPC,379A,1,1
35551,IPC,379,1,1
35552,IPC,354,1,1
35553,IPC,323,1,1
35554,IPC,392,1,1
35555,IPC,323,1,1
35556,IPC,323,1,1
35557,IPC,323,1,1
35558,IPC,376,1,1
35558,BNS,64,2,2
35559,IPC,66D-ITACT,1,1
35560,IPC,379,1,1
35561,IPC,307,1,1
35561,BNS,109,2,2
35562,IPC,323,1,1
35563,NDPS,20,1,1
35564,IPC,376,1,1
35564,BNS,64,2,2
35565,ARMS,25,1,1
35566,IPC,379,1,1
35567,IPC,66D-ITACT,1,1
35568,IPC,420,1,1
35569,IPC,436,1,1
35570,IPC,379,1,1
35571,IPC,420,1,1
35572,IPC,420,1,1
35573,IPC,66D-ITACT,1,1
35574,IPC,144,1,1
35575,IPC,379,1,1
35576,IPC,379,1,1
35577,IPC,379,1,1
35578,IPC,354,1,1
35579,IPC,379A,1,1
35580,IPC,379,1,1
35581,IPC,323,1,1
35582,IPC,379,1,1
35583,IPC,354,1,1
35584,IPC,379,1,1
35585,IPC,379,1,1
35586,IPC,420,1,1
35587,IPC,380,1,1
35588,IPC,498A,1,1
35589,IPC,380,1,1
35590,IPC,489A,1,1
35591,IPC,354,1,1
35592,IPC,489A,1,1
35593,IPC,379A,1,1
35594,IPC,144,1,1
35595,IPC,144,1,1
35596,IPC,379,1,1
35597,IPC,376,1,1
35598,IPC,304,1,1
35599,IPC,379,1,1
35600,IPC,379A,1,1
35601,IPC,307,1,1
35602,IPC,147,1,1
35603,IPC,66D-ITACT,1,1
35604,IPC,326,1,1
35605,IPC,380,1,1
35606,IPC,379,1,1
35607,IPC,66D-ITACT,1,1
35608,IPC,379A,1,1
35609,IPC,380,1,1
35610,IPC,323,1,1
35611,IPC,144,1,1
35612,IPC,144,1,1
35613,BNS,109,1,1
35614,IPC,326,1,1
35615,IPC,323,1,1
35616,IPC,66D-ITACT,1,1
35617,IPC,66D-ITACT,1,1
35618,NDPS,20,1,1
35619,IPC,66D-ITACT,1,1
35620,IPC,380,1,1
35621,IPC,379,1,1
35622,IPC,406,1,1
35623,IPC,406,1,1
35624,IPC,323,1,1
35625,IPC,380,1,1
35626,IPC,379,1,1
35627,IPC,379A,1,1
35628,IPC,379,1,1
35629,IPC,326,1,1
35630,IPC,498A,1,1
35631,IPC,380,1,1
35632,IPC,379A,1,1
35633,IPC,354,1,1
35634,IPC,66D-ITACT,1,1
35635,IPC,302,1,1
35635,BNS,103,2,2
35636,IPC,363,1,1
35637,IPC,379A,1,1
35638,IPC,66D-ITACT,1,1
35639,IPC,406,1,1
35640,IPC,380,1,1
35641,IPC,147,1,1
35642,IPC,363,1,1
35643,IPC,406,1,1
35644,IPC,498A,1,1
35645,IPC,380,1,1
35646,IPC,392,1,1
35647,IPC,323,1,1
35648,IPC,420,1,1
35649,IPC,392,1,1
35650,IPC,66D-ITACT,1,1
35651,IPC,406,1,1
35652,ARMS,25,1,1
35653,IPC,489A,1,1
35654,IPC,379,1,1
35655,IPC,380,1,1
35656,IPC,420,1,1
35657,IPC,379,1,1
35658,IPC,307,1,1
35659,IPC,406,1,1
35660,IPC,326,1,1
35661,IPC,380,1,1
35662,IPC,323,1,1
35663,IPC,379A,1,1
35664,IPC,379,1,1
35665,IPC,379A,1,1
35666,IPC,436,1,1
35667,IPC,363,1,1
35668,IPC,363,1,1
35669,IPC,323,1,1
35670,IPC,304,1,1
35671,IPC,144,1,1
35672,ARMS,27,1,1
35672,ARMS,25,2,2
35673,IPC,420,1,1
35674,IPC,420,1,1
35675,IPC,406,1,1
35676,IPC,392,1,1
35677,IPC,363,1,1
35678,IPC,420,1,1
35679,IPC,420,1,1
35680,IPC,144,1,1
35681,IPC,379A,1,1
35682,IPC,323,1,1
35683,IPC,323,1,1
35684,IPC,379,1,1
35685,IPC,323,1,1
35686,IPC,379,1,1
35687,IPC,420,1,1
35688,IPC,380,1,1
35689,ARMS,25,1,1
35689,ARMS,27,2,2
35690,IPC,379A,1,1
35691,IPC,420,1,1
35692,IPC,66D-ITACT,1,1
35693,IPC,66D-ITACT,1,1
35694,IPC,304,1,1
35695,IPC,379A,1,1
35696,IPC,326,1,1
35697,IPC,354,1,1
35698,IPC,498A,1,1
35699,IPC,420,1,1
35700,IPC,323,1,1
35701,IPC,66D-ITACT,1,1
35702,IPC,379,1,1
35703,IPC,380,1,1
35704,IPC,323,1,1
35705,IPC,354,1,1
35706,IPC,420,1,1
35707,IPC,406,1,1
35708,IPC,420,1,1
35709,IPC,66D-ITACT,1,1
35710,IPC,66D-ITACT,1,1
35711,IPC,498A,1,1
35712,IPC,379,1,1
35713,IPC,323,1,1
35714,IPC,323,1,1
35715,POCSO,4,1,1
35716,IPC,380,1,1
35717,IPC,379,1,1
35718,IPC,66D-ITACT,1,1
35719,IPC,323,1,1
35720,IPC,66D-ITACT,1,1
35721,IPC,379,1,1
35722,IPC,326,1,1
35723,IPC,380,1,1
35724,IPC,323,1,1
35725,IPC,302,1,1
35726,IPC,420,1,1
35727,IPC,323,1,1
35728,IPC,420,1,1
35729,IPC,379A,1,1
35730,IPC,323,1,1
35731,IPC,326,1,1
35732,IPC,380,1,1
35733,IPC,406,1,1
35734,IPC,323,1,1
35735,IPC,392,1,1
35736,IPC,498A,1,1
35737,IPC,147,1,1
35738,IPC,363,1,1
35739,IPC,326,1,1
35740,IPC,302,1,1
35741,IPC,420,1,1
35742,ARMS,27,1,1
35743,IPC,489A,1,1
35744,IPC,379A,1,1
35745,IPC,326,1,1
35746,IPC,489A,1,1
35747,IPC,354,1,1
35748,IPC,420,1,1
35749,IPC,323,1,1
35750,IPC,326,1,1
35751,IPC,147,1,1
35752,IPC,379,1,1
35753,POCSO,4,1,1
35754,IPC,354,1,1
35755,IPC,420,1,1
35756,IPC,323,1,1
35757,IPC,395,1,1
35758,IPC,380,1,1
35759,IPC,420,1,1
35760,IPC,379,1,1
35761,IPC,147,1,1
35762,IPC,304,1,1
35763,IPC,323,1,1
35764,IPC,380,1,1
35765,IPC,66D-ITACT,1,1
35766,IPC,326,1,1
35767,IPC,420,1,1
35768,POCSO,4,1,1
35769,IPC,420,1,1
35770,IPC,144,1,1
35771,IPC,326,1,1
35772,IPC,66D-ITACT,1,1
35773,IPC,379A,1,1
35774,IPC,307,1,1
35774,BNS,109,2,2
35775,IPC,354,1,1
35776,IPC,144,1,1
35777,IPC,379,1,1
35778,IPC,380,1,1
35779,IPC,379,1,1
35780,IPC,379,1,1
35781,IPC,379,1,1
35782,BNS,64,1,1
35783,IPC,379A,1,1
35784,ARMS,27,1,1
35785,IPC,379,1,1
35786,ARMS,27,1,1
35786,ARMS,25,2,2
35787,IPC,498A,1,1
35788,IPC,420,1,1
35789,POCSO,4,1,1
35790,NDPS,20,1,1
35791,IPC,379,1,1
35792,IPC,420,1,1
35793,IPC,498A,1,1
35794,IPC,392,1,1
35795,ARMS,25,1,1
35796,IPC,326,1,1
35797,IPC,380,1,1
35798,IPC,323,1,1
35799,IPC,379,1,1
35800,IPC,379,1,1
35801,IPC,392,1,1
35802,IPC,379,1,1
35803,IPC,304B,1,1
35804,IPC,66D-ITACT,1,1
35805,IPC,376,1,1
35806,IPC,323,1,1
35807,IPC,323,1,1
35808,IPC,147,1,1
35809,IPC,379A,1,1
35810,IPC,392,1,1
35811,IPC,379,1,1
35812,IPC,304,1,1
35813,IPC,420,1,1
35814,IPC,379,1,1
35815,IPC,406,1,1
35816,IPC,498A,1,1
35817,IPC,406,1,1
35818,IPC,406,1,1
35819,IPC,379A,1,1
35820,IPC,354,1,1
35821,IPC,380,1,1
35822,IPC,354,1,1
35823,BNS,64,1,1
35824,IPC,380,1,1
35825,POCSO,4,1,1
35826,IPC,323,1,1
35827,IPC,147,1,1
35828,IPC,323,1,1
35829,IPC,395,1,1
35830,IPC,420,1,1
35831,IPC,379,1,1
35832,IPC,420,1,1
35833,IPC,147,1,1
35834,IPC,498A,1,1
35835,IPC,326,1,1
35836,IPC,395,1,1
35837,IPC,420,1,1
35838,IPC,66D-ITACT,1,1
35839,IPC,379,1,1
35840,IPC,66D-ITACT,1,1
35841,IPC,363,1,1
35842,IPC,379,1,1
35843,IPC,144,1,1
35844,IPC,323,1,1
35845,IPC,436,1,1
35846,IPC,326,1,1
35847,IPC,307,1,1
35847,BNS,109,2,2
35848,IPC,379A,1,1
35849,IPC,323,1,1
35850,IPC,66D-ITACT,1,1
35851,IPC,395,1,1
35852,IPC,304B,1,1
35853,IPC,379,1,1
35854,IPC,66D-ITACT,1,1
35855,IPC,323,1,1
35856,IPC,323,1,1
35857,IPC,379A,1,1
35858,IPC,66D-ITACT,1,1
35859,IPC,354,1,1
35860,IPC,304B,1,1
35861,IPC,380,1,1
35862,IPC,380,1,1
35863,IPC,326,1,1
35864,IPC,379,1,1
35865,IPC,363,1,1
35866,IPC,498A,1,1
35867,IPC,326,1,1
35868,IPC,379,1,1
35869,IPC,66D-ITACT,1,1
35870,IPC,392,1,1
35871,IPC,323,1,1
35872,IPC,420,1,1
35873,IPC,326,1,1
35874,IPC,379,1,1
35875,IPC,144,1,1
35876,IPC,66D-ITACT,1,1
35877,IPC,379,1,1
35878,IPC,354,1,1
35879,IPC,379,1,1
35880,IPC,379,1,1
35881,IPC,304,1,1
35882,IPC,498A,1,1
35883,IPC,420,1,1
35884,ARMS,27,1,1
35885,IPC,323,1,1
35886,IPC,323,1,1
35887,IPC,379,1,1
35888,IPC,66D-ITACT,1,1
35889,IPC,379,1,1
35890,IPC,379,1,1
35891,POCSO,4,1,1
35892,IPC,420,1,1
35893,IPC,147,1,1
35894,IPC,379,1,1
35895,IPC,354,1,1
35896,IPC,498A,1,1
35897,IPC,379,1,1
35898,BNS,103,1,1
35898,IPC,302,2,2
35899,IPC,363,1,1
35900,IPC,363,1,1
35901,IPC,498A,1,1
35902,IPC,406,1,1
35903,IPC,379,1,1
35904,IPC,406,1,1
35905,IPC,323,1,1
35906,IPC,380,1,1
35907,IPC,420,1,1
35908,IPC,406,1,1
35909,IPC,498A,1,1
35910,IPC,379A,1,1
35911,IPC,379,1,1
35912,IPC,498A,1,1
35913,IPC,498A,1,1
35914,IPC,420,1,1
35915,IPC,379,1,1
35916,BNS,109,1,1
35916,IPC,307,2,2
35917,IPC,147,1,1
35918,IPC,379,1,1
35919,IPC,323,1,1
35920,IPC,323,1,1
35921,IPC,379,1,1
35922,IPC,498A,1,1
35923,IPC,363,1,1
35924,IPC,147,1,1
35925,IPC,379,1,1
35926,IPC,420,1,1
35927,IPC,420,1,1
35928,IPC,379,1,1
35929,IPC,323,1,1
35930,IPC,379A,1,1
35931,NDPS,20,1,1
35932,IPC,376,1,1
35933,IPC,379,1,1
35934,IPC,323,1,1
35935,IPC,323,1,1
35936,IPC,323,1,1
35937,IPC,147,1,1
35938,IPC,406,1,1
35939,IPC,395,1,1
35940,IPC,376,1,1
35940,BNS,64,2,2
35941,IPC,379A,1,1
35942,IPC,376,1,1
35943,IPC,420,1,1
35944,IPC,420,1,1
35945,IPC,354,1,1
35946,IPC,395,1,1
35947,IPC,379,1,1
35948,IPC,323,1,1
35949,IPC,323,1,1
35950,IPC,379,1,1
35951,BNS,103,1,1
35952,IPC,379,1,1
35953,IPC,379A,1,1
35954,IPC,323,1,1
35955,IPC,354,1,1
35956,IPC,392,1,1
35957,IPC,498A,1,1
35958,NDPS,20,1,1
35959,IPC,66D-ITACT,1,1
35960,IPC,326,1,1
35961,IPC,66D-ITACT,1,1
35962,IPC,379A,1,1
35963,IPC,379,1,1
35964,IPC,379A,1,1
35965,POCSO,4,1,1
35966,IPC,379A,1,1
35967,IPC,379,1,1
35968,IPC,379A,1,1
35969,IPC,379,1,1
35970,IPC,498A,1,1
35971,IPC,498A,1,1
35972,IPC,379,1,1
35973,IPC,379,1,1
35974,IPC,420,1,1
35975,IPC,406,1,1
35976,IPC,323,1,1
35977,IPC,380,1,1
35978,IPC,147,1,1
35979,IPC,406,1,1
35980,IPC,376,1,1
35981,IPC,379,1,1
35982,IPC,323,1,1
35983,IPC,323,1,1
35984,IPC,323,1,1
35985,POCSO,4,1,1
35986,IPC,379,1,1
35987,IPC,420,1,1
35988,IPC,147,1,1
35989,IPC,420,1,1
35990,IPC,66D-ITACT,1,1
35991,IPC,323,1,1
35992,IPC,307,1,1
35992,BNS,109,2,2
35993,IPC,379,1,1
35994,IPC,379A,1,1
35995,IPC,380,1,1
35996,IPC,498A,1,1
35997,IPC,420,1,1
35998,IPC,66D-ITACT,1,1
35999,IPC,323,1,1
36000,IPC,354,1,1
36001,POCSO,4,1,1
36002,IPC,392,1,1
36003,ARMS,27,1,1
36003,ARMS,25,2,2
36004,IPC,147,1,1
36005,IPC,66D-ITACT,1,1
36006,IPC,379,1,1
36007,IPC,379,1,1
36008,IPC,380,1,1
36009,POCSO,4,1,1
36010,IPC,144,1,1
36011,IPC,420,1,1
36012,IPC,392,1,1
36013,IPC,376,1,1
36014,IPC,498A,1,1
36015,IPC,420,1,1
36016,IPC,354,1,1
36017,IPC,323,1,1
36018,IPC,406,1,1
36019,NDPS,20,1,1
36020,IPC,144,1,1
36021,IPC,379A,1,1
36022,IPC,436,1,1
36023,BNS,64,1,1
36023,IPC,376,2,2
36024,IPC,406,1,1
36025,IPC,498A,1,1
36026,IPC,326,1,1
36027,IPC,66D-ITACT,1,1
36028,IPC,392,1,1
36029,IPC,379,1,1
36030,BNS,109,1,1
36030,IPC,307,2,2
36031,IPC,498A,1,1
36032,IPC,379A,1,1
36033,IPC,147,1,1
36034,IPC,363,1,1
36035,IPC,379,1,1
36036,IPC,420,1,1
36037,IPC,380,1,1
36038,IPC,392,1,1
36039,IPC,379A,1,1
36040,IPC,380,1,1
36041,NDPS,20,1,1
36042,IPC,379,1,1
36043,IPC,489A,1,1
36044,IPC,420,1,1
36045,IPC,379A,1,1
36046,IPC,379,1,1
36047,IPC,379,1,1
36048,IPC,498A,1,1
36049,IPC,392,1,1
36050,IPC,323,1,1
36051,IPC,379,1,1
36052,IPC,380,1,1
36053,IPC,406,1,1
36054,IPC,436,1,1
36055,IPC,380,1,1
36056,IPC,420,1,1
36057,IPC,420,1,1
36058,IPC,326,1,1
36059,BNS,103,1,1
36060,IPC,323,1,1
36061,IPC,66D-ITACT,1,1
36062,IPC,66D-ITACT,1,1
36063,IPC,420,1,1
36064,IPC,420,1,1
36065,IPC,354,1,1
36066,IPC,379,1,1
36067,ARMS,27,1,1
36068,IPC,66D-ITACT,1,1
36069,IPC,498A,1,1
36070,IPC,406,1,1
36071,IPC,498A,1,1
36072,IPC,379,1,1
36073,IPC,498A,1,1
36074,IPC,363,1,1
36075,IPC,498A,1,1
36076,IPC,147,1,1
36077,IPC,379A,1,1
36078,IPC,307,1,1
36078,BNS,109,2,2
36079,IPC,323,1,1
36080,IPC,489A,1,1
36081,IPC,498A,1,1
36082,IPC,379,1,1
36083,IPC,379,1,1
36084,IPC,376,1,1
36085,IPC,147,1,1
36086,IPC,380,1,1
36087,IPC,66D-ITACT,1,1
36088,IPC,420,1,1
36089,IPC,380,1,1
36090,IPC,406,1,1
36091,IPC,354,1,1
36092,IPC,498A,1,1
36093,IPC,436,1,1
36094,IPC,379,1,1
36095,IPC,323,1,1
36096,IPC,392,1,1
36097,IPC,326,1,1
36098,IPC,66D-ITACT,1,1
36099,IPC,379,1,1
36100,IPC,380,1,1
36101,IPC,392,1,1
36102,IPC,66D-ITACT,1,1
36103,ARMS,27,1,1
36103,ARMS,25,2,2
36104,IPC,379,1,1
36105,IPC,326,1,1
36106,ARMS,27,1,1
36107,IPC,379,1,1
36108,IPC,323,1,1
36109,IPC,406,1,1
36110,NDPS,20,1,1
36111,IPC,363,1,1
36112,NDPS,20,1,1
36113,IPC,406,1,1
36114,IPC,379,1,1
36115,ARMS,27,1,1
36115,ARMS,25,2,2
36116,IPC,354,1,1
36117,IPC,354,1,1
36118,IPC,489A,1,1
36119,IPC,363,1,1
36120,IPC,406,1,1
36121,IPC,380,1,1
36122,IPC,326,1,1
36123,IPC,379,1,1
36124,IPC,392,1,1
36125,IPC,323,1,1
36126,IPC,66D-ITACT,1,1
36127,IPC,66D-ITACT,1,1
36128,IPC,406,1,1
36129,IPC,498A,1,1
36130,IPC,380,1,1
36131,ARMS,27,1,1
36132,IPC,307,1,1
36133,IPC,144,1,1
36134,IPC,363,1,1
36135,IPC,379A,1,1
36136,IPC,326,1,1
36137,IPC,302,1,1
36138,IPC,420,1,1
36139,NDPS,20,1,1
36140,IPC,379,1,1
36141,IPC,302,1,1
36141,BNS,103,2,2
36142,IPC,498A,1,1
36143,IPC,326,1,1
36144,IPC,420,1,1
36145,IPC,323,1,1
36146,IPC,326,1,1
36147,BNS,109,1,1
36147,IPC,307,2,2
36148,IPC,436,1,1
36149,IPC,323,1,1
36150,IPC,379A,1,1
36151,IPC,363,1,1
36152,IPC,436,1,1
36153,BNS,103,1,1
36154,IPC,323,1,1
36155,IPC,380,1,1
36156,IPC,354,1,1
36157,IPC,326,1,1
36158,IPC,392,1,1
36159,IPC,323,1,1
36160,NDPS,20,1,1
36161,IPC,326,1,1
36162,IPC,406,1,1
36163,IPC,376,1,1
36164,IPC,420,1,1
36165,IPC,420,1,1
36166,IPC,498A,1,1
36167,IPC,307,1,1
36168,IPC,379,1,1
36169,NDPS,20,1,1
36170,IPC,420,1,1
36171,IPC,379,1,1
36172,IPC,498A,1,1
36173,IPC,323,1,1
36174,IPC,66D-ITACT,1,1
36175,IPC,307,1,1
36176,IPC,147,1,1
36177,IPC,379A,1,1
36178,IPC,406,1,1
36179,IPC,379,1,1
36180,IPC,406,1,1
36181,IPC,323,1,1
36182,IPC,304B,1,1
36183,IPC,436,1,1
36184,IPC,379,1,1
36185,IPC,420,1,1
36186,IPC,363,1,1
36187,IPC,147,1,1
36188,IPC,380,1,1
36189,IPC,489A,1,1
36190,NDPS,20,1,1
36191,ARMS,27,1,1
36192,ARMS,27,1,1
36193,IPC,66D-ITACT,1,1
36194,IPC,66D-ITACT,1,1
36195,BNS,103,1,1
36196,IPC,420,1,1
36197,IPC,323,1,1
36198,IPC,380,1,1
36199,IPC,323,1,1
36200,IPC,323,1,1
36201,IPC,323,1,1
36202,IPC,406,1,1
36203,IPC,354,1,1
36204,IPC,379,1,1
36205,IPC,326,1,1
36206,IPC,406,1,1
36207,IPC,326,1,1
36208,IPC,304,1,1
36209,IPC,392,1,1
36210,IPC,380,1,1
36211,IPC,302,1,1
36211,BNS,103,2,2
36212,IPC,354,1,1
36213,IPC,66D-ITACT,1,1
36214,IPC,376,1,1
36214,BNS,64,2,2
36215,IPC,307,1,1
36215,BNS,109,2,2
36216,IPC,379,1,1
36217,IPC,379A,1,1
36218,IPC,144,1,1
36219,IPC,323,1,1
36220,IPC,380,1,1
36221,IPC,323,1,1
36222,IPC,379,1,1
36223,IPC,379,1,1
36224,IPC,363,1,1
36225,IPC,406,1,1
36226,IPC,66D-ITACT,1,1
36227,IPC,380,1,1
36228,IPC,144,1,1
36229,IPC,354,1,1
36230,IPC,323,1,1
36231,IPC,406,1,1
36232,IPC,323,1,1
36233,IPC,392,1,1
36234,IPC,379,1,1
36235,IPC,326,1,1
36236,IPC,379,1,1
36237,IPC,498A,1,1
36238,IPC,323,1,1
36239,NDPS,20,1,1
36240,IPC,323,1,1
36241,IPC,354,1,1
36242,IPC,323,1,1
36243,IPC,380,1,1
36244,BNS,109,1,1
36244,IPC,307,2,2
36245,IPC,380,1,1
36246,IPC,498A,1,1
36247,ARMS,27,1,1
36247,ARMS,25,2,2
36248,IPC,144,1,1
36249,POCSO,4,1,1
36250,IPC,420,1,1
36251,IPC,323,1,1
36252,IPC,379A,1,1
36253,IPC,323,1,1
36254,IPC,379,1,1
36255,IPC,379,1,1
36256,IPC,323,1,1
36257,IPC,489A,1,1
36258,IPC,379,1,1
36259,IPC,66D-ITACT,1,1
36260,IPC,379,1,1
36261,IPC,379,1,1
36262,IPC,395,1,1
36263,IPC,379A,1,1
36264,IPC,379A,1,1
36265,IPC,498A,1,1
36266,IPC,379,1,1
36267,IPC,379,1,1
36268,IPC,307,1,1
36268,BNS,109,2,2
36269,ARMS,27,1,1
36270,IPC,379,1,1
36271,IPC,379,1,1
36272,IPC,66D-ITACT,1,1
36273,IPC,420,1,1
36274,IPC,379,1,1
36275,IPC,420,1,1
36276,ARMS,27,1,1
36277,IPC,144,1,1
36278,BNS,109,1,1
36279,BNS,103,1,1
36279,IPC,302,2,2
36280,IPC,392,1,1
36281,IPC,379,1,1
36282,POCSO,4,1,1
36283,IPC,323,1,1
36284,ARMS,25,1,1
36284,ARMS,27,2,2
36285,IPC,380,1,1
36286,IPC,379,1,1
36287,IPC,379,1,1
36288,IPC,363,1,1
36289,IPC,323,1,1
36290,IPC,379A,1,1
36291,IPC,354,1,1
36292,IPC,420,1,1
36293,IPC,363,1,1
36294,IPC,392,1,1
36295,ARMS,25,1,1
36296,IPC,354,1,1
36297,IPC,304,1,1
36298,POCSO,4,1,1
36299,IPC,144,1,1
36300,IPC,323,1,1
36301,IPC,379,1,1
36302,IPC,147,1,1
36303,IPC,66D-ITACT,1,1
36304,IPC,392,1,1
36305,IPC,436,1,1
36306,IPC,363,1,1
36307,IPC,379,1,1
36308,IPC,323,1,1
36309,IPC,147,1,1
36310,IPC,406,1,1
36311,NDPS,20,1,1
36312,ARMS,25,1,1
36313,IPC,379,1,1
36314,IPC,379,1,1
36315,IPC,420,1,1
36316,IPC,323,1,1
36317,IPC,420,1,1
36318,IPC,380,1,1
36319,NDPS,20,1,1
36320,IPC,379,1,1
36321,IPC,380,1,1
36322,IPC,392,1,1
36323,IPC,379A,1,1
36324,IPC,498A,1,1
36325,IPC,379,1,1
36326,IPC,392,1,1
36327,IPC,66D-ITACT,1,1
36328,IPC,66D-ITACT,1,1
36329,IPC,380,1,1
36330,IPC,420,1,1
36331,IPC,379A,1,1
36332,IPC,379,1,1
36333,IPC,420,1,1
36334,IPC,147,1,1
36335,IPC,326,1,1
36336,IPC,147,1,1
36337,IPC,379,1,1
36338,IPC,323,1,1
36339,IPC,354,1,1
36340,IPC,379A,1,1
36341,IPC,304B,1,1
36342,IPC,66D-ITACT,1,1
36343,IPC,363,1,1
36344,NDPS,20,1,1
36345,IPC,380,1,1
36346,IPC,380,1,1
36347,IPC,406,1,1
36348,IPC,380,1,1
36349,IPC,436,1,1
36350,IPC,380,1,1
36351,IPC,392,1,1
36352,IPC,323,1,1
36353,IPC,66D-ITACT,1,1
36354,IPC,379,1,1
36355,IPC,379,1,1
36356,IPC,380,1,1
36357,NDPS,20,1,1
36358,IPC,498A,1,1
36359,IPC,323,1,1
36360,IPC,392,1,1
36361,IPC,326,1,1
36362,IPC,379,1,1
36363,IPC,498A,1,1
36364,IPC,380,1,1
36365,IPC,323,1,1
36366,NDPS,20,1,1
36367,IPC,379,1,1
36368,IPC,379A,1,1
36369,IPC,380,1,1
36370,IPC,66D-ITACT,1,1
36371,IPC,144,1,1
36372,IPC,323,1,1
36373,IPC,379,1,1
36374,IPC,379,1,1
36375,IPC,420,1,1
36376,IPC,420,1,1
36377,IPC,147,1,1
36378,IPC,498A,1,1
36379,IPC,420,1,1
36380,IPC,420,1,1
36381,IPC,392,1,1
36382,IPC,379A,1,1
36383,IPC,323,1,1
36384,IPC,323,1,1
36385,IPC,302,1,1
36385,BNS,103,2,2
36386,NDPS,20,1,1
36387,IPC,392,1,1
36388,IPC,323,1,1
36389,NDPS,20,1,1
36390,IPC,66D-ITACT,1,1
36391,IPC,420,1,1
36392,BNS,64,1,1
36393,IPC,379,1,1
36394,IPC,420,1,1
36395,IPC,323,1,1
36396,IPC,498A,1,1
36397,IPC,379,1,1
36398,NDPS,20,1,1
36399,IPC,379,1,1
36400,IPC,498A,1,1
36401,IPC,66D-ITACT,1,1
36402,IPC,379,1,1
36403,IPC,406,1,1
36404,IPC,323,1,1
36405,IPC,66D-ITACT,1,1
36406,IPC,354,1,1
36407,IPC,307,1,1
36408,IPC,354,1,1
36409,IPC,379A,1,1
36410,IPC,379,1,1
36411,IPC,323,1,1
36412,IPC,380,1,1
36413,NDPS,20,1,1
36414,IPC,380,1,1
36415,IPC,66D-ITACT,1,1
36416,IPC,147,1,1
36417,IPC,363,1,1
36418,IPC,66D-ITACT,1,1
36419,IPC,323,1,1
36420,IPC,379,1,1
36421,IPC,380,1,1
36422,IPC,379,1,1
36423,IPC,380,1,1
36424,IPC,379,1,1
36425,IPC,304B,1,1
36426,IPC,379,1,1
36427,IPC,380,1,1
36428,IPC,326,1,1
36429,NDPS,20,1,1
36430,IPC,420,1,1
36431,IPC,420,1,1
36432,IPC,420,1,1
36433,IPC,379,1,1
36434,IPC,498A,1,1
36435,IPC,323,1,1
36436,IPC,144,1,1
36437,IPC,379A,1,1
36438,IPC,326,1,1
36439,IPC,323,1,1
36440,IPC,379,1,1
36441,IPC,379,1,1
36442,IPC,379,1,1
36443,IPC,147,1,1
36444,IPC,326,1,1
36445,IPC,489A,1,1
36446,IPC,379A,1,1
36447,IPC,379,1,1
36448,BNS,103,1,1
36449,BNS,64,1,1
36450,IPC,380,1,1
36451,IPC,326,1,1
36452,IPC,66D-ITACT,1,1
36453,IPC,379A,1,1
36454,IPC,498A,1,1
36455,IPC,420,1,1
36456,IPC,379,1,1
36457,IPC,147,1,1
36458,IPC,420,1,1
36459,IPC,420,1,1
36460,IPC,380,1,1
36461,POCSO,4,1,1
36462,IPC,420,1,1
36463,IPC,379A,1,1
36464,BNS,64,1,1
36465,IPC,354,1,1
36466,IPC,379,1,1
36467,IPC,380,1,1
36468,IPC,379,1,1
36469,IPC,379A,1,1
36470,IPC,379A,1,1
36471,IPC,363,1,1
36472,IPC,66D-ITACT,1,1
36473,IPC,380,1,1
36474,IPC,323,1,1
36475,IPC,354,1,1
36476,IPC,379,1,1
36477,IPC,379,1,1
36478,IPC,144,1,1
36479,POCSO,4,1,1
36480,IPC,420,1,1
36481,IPC,392,1,1
36482,IPC,379A,1,1
36483,IPC,392,1,1
36484,BNS,64,1,1
36485,IPC,354,1,1
36486,IPC,323,1,1
36487,IPC,323,1,1
36488,IPC,420,1,1
36489,IPC,379,1,1
36490,IPC,147,1,1
36491,IPC,420,1,1
36492,IPC,144,1,1
36493,IPC,380,1,1
36494,IPC,420,1,1
36495,IPC,323,1,1
36496,IPC,326,1,1
36497,IPC,498A,1,1
36498,IPC,379,1,1
36499,IPC,379,1,1
36500,IPC,420,1,1
36501,IPC,323,1,1
36502,IPC,66D-ITACT,1,1
36503,BNS,64,1,1
36504,NDPS,20,1,1
36505,IPC,304,1,1
36506,IPC,379,1,1
36507,IPC,498A,1,1
36508,IPC,363,1,1
36509,IPC,392,1,1
36510,IPC,489A,1,1
36511,IPC,498A,1,1
36512,IPC,66D-ITACT,1,1
36513,IPC,379,1,1
36514,IPC,392,1,1
36515,IPC,147,1,1
36516,IPC,380,1,1
36517,IPC,147,1,1
36518,IPC,489A,1,1
36519,IPC,66D-ITACT,1,1
36520,IPC,498A,1,1
36521,IPC,420,1,1
36522,IPC,420,1,1
36523,IPC,144,1,1
36524,IPC,379,1,1
36525,IPC,392,1,1
36526,IPC,498A,1,1
36527,IPC,326,1,1
36528,IPC,323,1,1
36529,IPC,395,1,1
36530,IPC,379,1,1
36531,NDPS,20,1,1
36532,IPC,66D-ITACT,1,1
36533,IPC,66D-ITACT,1,1
36534,IPC,380,1,1
36535,IPC,420,1,1
36536,IPC,379,1,1
36537,IPC,392,1,1
36538,IPC,392,1,1
36539,IPC,436,1,1
36540,IPC,379A,1,1
36541,IPC,379,1,1
36542,IPC,354,1,1
36543,IPC,323,1,1
36544,IPC,379A,1,1
36545,IPC,144,1,1
36546,IPC,379,1,1
36547,IPC,392,1,1
36548,IPC,379,1,1
36549,IPC,379A,1,1
36550,IPC,380,1,1
36551,IPC,392,1,1
36552,IPC,379,1,1
36553,IPC,363,1,1
36554,IPC,380,1,1
36555,IPC,323,1,1
36556,IPC,380,1,1
36557,IPC,323,1,1
36558,IPC,66D-ITACT,1,1
36559,IPC,436,1,1
36560,IPC,147,1,1
36561,IPC,380,1,1
36562,IPC,307,1,1
36562,BNS,109,2,2
36563,IPC,66D-ITACT,1,1
36564,IPC,379,1,1
36565,IPC,144,1,1
36566,IPC,420,1,1
36567,IPC,420,1,1
36568,ARMS,25,1,1
36568,ARMS,27,2,2
36569,IPC,323,1,1
36570,IPC,489A,1,1
36571,IPC,66D-ITACT,1,1
36572,IPC,147,1,1
36573,IPC,420,1,1
36574,IPC,498A,1,1
36575,IPC,489A,1,1
36576,IPC,498A,1,1
36577,IPC,363,1,1
36578,IPC,66D-ITACT,1,1
36579,IPC,379A,1,1
36580,IPC,379A,1,1
36581,IPC,498A,1,1
36582,IPC,323,1,1
36583,NDPS,20,1,1
36584,BNS,109,1,1
36585,IPC,66D-ITACT,1,1
36586,IPC,326,1,1
36587,IPC,380,1,1
36588,POCSO,4,1,1
36589,BNS,109,1,1
36590,IPC,323,1,1
36591,IPC,380,1,1
36592,IPC,498A,1,1
36593,IPC,498A,1,1
36594,IPC,420,1,1
36595,IPC,379,1,1
36596,IPC,406,1,1
36597,IPC,406,1,1
36598,IPC,354,1,1
36599,POCSO,4,1,1
36600,IPC,379A,1,1
36601,IPC,323,1,1
36602,IPC,379,1,1
36603,IPC,392,1,1
36604,IPC,498A,1,1
36605,NDPS,20,1,1
36606,IPC,420,1,1
36607,IPC,326,1,1
36608,IPC,354,1,1
36609,IPC,326,1,1
36610,IPC,498A,1,1
36611,IPC,436,1,1
36612,IPC,420,1,1
36613,IPC,323,1,1
36614,IPC,147,1,1
36615,IPC,420,1,1
36616,IPC,354,1,1
36617,IPC,498A,1,1
36618,IPC,147,1,1
36619,IPC,379,1,1
36620,IPC,420,1,1
36621,IPC,144,1,1
36622,IPC,392,1,1
36623,IPC,323,1,1
36624,IPC,326,1,1
36625,IPC,380,1,1
36626,IPC,498A,1,1
36627,IPC,420,1,1
36628,IPC,323,1,1
36629,IPC,498A,1,1
36630,IPC,147,1,1
36631,IPC,379,1,1
36632,IPC,376,1,1
36632,BNS,64,2,2
36633,IPC,406,1,1
36634,IPC,392,1,1
36635,IPC,379,1,1
36636,IPC,66D-ITACT,1,1
36637,IPC,380,1,1
36638,IPC,420,1,1
36639,IPC,379,1,1
36640,IPC,420,1,1
36641,IPC,323,1,1
36642,IPC,420,1,1
36643,BNS,64,1,1
36644,IPC,304,1,1
36645,IPC,420,1,1
36646,IPC,354,1,1
36647,IPC,354,1,1
36648,IPC,379,1,1
36649,IPC,379,1,1
36650,IPC,144,1,1
36651,IPC,354,1,1
36652,IPC,307,1,1
36653,IPC,379A,1,1
36654,IPC,379,1,1
36655,IPC,420,1,1
36656,IPC,379A,1,1
36657,IPC,376,1,1
36657,BNS,64,2,2
36658,ARMS,27,1,1
36659,IPC,379,1,1
36660,IPC,498A,1,1
36661,IPC,498A,1,1
36662,IPC,420,1,1
36663,IPC,323,1,1
36664,IPC,326,1,1
36665,IPC,304,1,1
36666,IPC,379A,1,1
36667,IPC,498A,1,1
36668,IPC,379,1,1
36669,IPC,406,1,1
36670,IPC,379,1,1
36671,IPC,406,1,1
36672,IPC,379,1,1
36673,IPC,379,1,1
36674,IPC,420,1,1
36675,IPC,144,1,1
36676,IPC,379,1,1
36677,IPC,406,1,1
36678,IPC,420,1,1
36679,IPC,380,1,1
36680,IPC,379,1,1
36681,IPC,420,1,1
36682,IPC,380,1,1
36683,IPC,498A,1,1
36684,IPC,354,1,1
36685,IPC,323,1,1
36686,IPC,354,1,1
36687,IPC,323,1,1
36688,IPC,147,1,1
36689,IPC,392,1,1
36690,IPC,379,1,1
36691,IPC,489A,1,1
36692,IPC,379,1,1
36693,IPC,379,1,1
36694,ARMS,25,1,1
36695,IPC,376,1,1
36696,IPC,380,1,1
36697,IPC,406,1,1
36698,IPC,379A,1,1
36699,IPC,420,1,1
36700,IPC,363,1,1
36701,IPC,498A,1,1
36702,BNS,64,1,1
36703,BNS,109,1,1
36704,IPC,66D-ITACT,1,1
36705,IPC,323,1,1
36706,IPC,379,1,1
36707,IPC,144,1,1
36708,IPC,66D-ITACT,1,1
36709,IPC,392,1,1
36710,IPC,379,1,1
36711,IPC,304,1,1
36712,IPC,380,1,1
36713,IPC,498A,1,1
36714,IPC,379,1,1
36715,IPC,420,1,1
36716,IPC,380,1,1
36717,IPC,323,1,1
36718,BNS,64,1,1
36718,IPC,376,2,2
36719,IPC,498A,1,1
36720,IPC,323,1,1
36721,IPC,379,1,1
36722,IPC,498A,1,1
36723,IPC,379,1,1
36724,IPC,323,1,1
36725,IPC,379,1,1
36726,IPC,420,1,1
36727,IPC,379,1,1
36728,IPC,406,1,1
36729,ARMS,27,1,1
36730,IPC,498A,1,1
36731,NDPS,20,1,1
36732,IPC,66D-ITACT,1,1
36733,BNS,64,1,1
36734,IPC,66D-ITACT,1,1
36735,IPC,376,1,1
36736,IPC,144,1,1
36737,IPC,395,1,1
36738,IPC,392,1,1
36739,IPC,489A,1,1
36740,IPC,498A,1,1
36741,IPC,392,1,1
36742,IPC,323,1,1
36743,IPC,307,1,1
36744,IPC,436,1,1
36745,BNS,64,1,1
36746,IPC,66D-ITACT,1,1
36747,NDPS,20,1,1
36748,IPC,323,1,1
36749,IPC,66D-ITACT,1,1
36750,IPC,436,1,1
36751,IPC,363,1,1
36752,IPC,379,1,1
36753,IPC,66D-ITACT,1,1
36754,IPC,380,1,1
36755,IPC,66D-ITACT,1,1
36756,IPC,144,1,1
36757,IPC,436,1,1
36758,POCSO,4,1,1
36759,IPC,323,1,1
36760,IPC,406,1,1
36761,IPC,392,1,1
36762,IPC,376,1,1
36763,IPC,323,1,1
36764,IPC,498A,1,1
36765,IPC,379A,1,1
36766,IPC,144,1,1
36767,IPC,323,1,1
36768,IPC,363,1,1
36769,IPC,380,1,1
36770,NDPS,20,1,1
36771,IPC,406,1,1
36772,ARMS,27,1,1
36773,IPC,323,1,1
36774,IPC,323,1,1
36775,IPC,376,1,1
36776,IPC,323,1,1
36777,IPC,420,1,1
36778,IPC,379A,1,1
36779,IPC,392,1,1
36780,IPC,66D-ITACT,1,1
36781,IPC,498A,1,1
36782,IPC,392,1,1
36783,IPC,354,1,1
36784,IPC,498A,1,1
36785,IPC,379,1,1
36786,IPC,379,1,1
36787,IPC,326,1,1
36788,IPC,323,1,1
36789,IPC,420,1,1
36790,IPC,379,1,1
36791,IPC,395,1,1
36792,IPC,379A,1,1
36793,IPC,323,1,1
36794,IPC,66D-ITACT,1,1
36795,IPC,379,1,1
36796,IPC,379,1,1
36797,IPC,147,1,1
36798,IPC,392,1,1
36799,IPC,326,1,1
36800,IPC,66D-ITACT,1,1
36801,IPC,436,1,1
36802,IPC,380,1,1
36803,IPC,323,1,1
36804,IPC,307,1,1
36805,IPC,380,1,1
36806,IPC,379,1,1
36807,IPC,379,1,1
36808,IPC,302,1,1
36809,NDPS,20,1,1
36810,IPC,323,1,1
36811,IPC,392,1,1
36812,IPC,379,1,1
36813,IPC,66D-ITACT,1,1
36814,IPC,307,1,1
36814,BNS,109,2,2
36815,IPC,498A,1,1
36816,IPC,323,1,1
36817,IPC,147,1,1
36818,IPC,498A,1,1
36819,IPC,379,1,1
36820,IPC,323,1,1
36821,IPC,420,1,1
36822,IPC,323,1,1
36823,IPC,420,1,1
36824,IPC,380,1,1
36825,IPC,380,1,1
36826,IPC,379A,1,1
36827,IPC,379,1,1
36828,BNS,64,1,1
36829,IPC,379A,1,1
36830,IPC,379A,1,1
36831,IPC,66D-ITACT,1,1
36832,IPC,392,1,1
36833,IPC,376,1,1
36833,BNS,64,2,2
36834,IPC,363,1,1
36835,IPC,380,1,1
36836,IPC,392,1,1
36837,IPC,379,1,1
36838,IPC,304B,1,1
36839,IPC,379,1,1
36840,IPC,379,1,1
36841,IPC,420,1,1
36842,IPC,380,1,1
36843,ARMS,25,1,1
36844,IPC,147,1,1
36845,IPC,420,1,1
36846,IPC,66D-ITACT,1,1
36847,IPC,144,1,1
36848,IPC,379,1,1
36849,IPC,147,1,1
36850,IPC,380,1,1
36851,POCSO,4,1,1
36852,IPC,66D-ITACT,1,1
36853,IPC,392,1,1
36854,ARMS,27,1,1
36855,IPC,326,1,1
36856,IPC,379A,1,1
36857,IPC,379,1,1
36858,IPC,376,1,1
36859,IPC,379A,1,1
36860,POCSO,4,1,1
36861,IPC,379,1,1
36862,IPC,66D-ITACT,1,1
36863,IPC,380,1,1
36864,IPC,489A,1,1
36865,IPC,323,1,1
36866,IPC,392,1,1
36867,IPC,489A,1,1
36868,IPC,144,1,1
36869,IPC,379,1,1
36870,IPC,147,1,1
36871,IPC,379,1,1
36872,IPC,489A,1,1
36873,IPC,363,1,1
36874,IPC,498A,1,1
36875,IPC,498A,1,1
36876,IPC,326,1,1
36877,NDPS,20,1,1
36878,IPC,406,1,1
36879,IPC,66D-ITACT,1,1
36880,IPC,498A,1,1
36881,IPC,66D-ITACT,1,1
36882,IPC,379A,1,1
36883,IPC,379A,1,1
36884,IPC,323,1,1
36885,POCSO,4,1,1
36886,IPC,307,1,1
36887,IPC,420,1,1
36888,IPC,392,1,1
36889,IPC,326,1,1
36890,IPC,380,1,1
36891,IPC,323,1,1
36892,IPC,379,1,1
36893,IPC,376,1,1
36894,IPC,304B,1,1
36895,IPC,379A,1,1
36896,IPC,380,1,1
36897,IPC,406,1,1
36898,IPC,326,1,1
36899,IPC,66D-ITACT,1,1
36900,IPC,392,1,1
36901,IPC,498A,1,1
36902,IPC,379A,1,1
36903,BNS,103,1,1
36903,IPC,302,2,2
36904,IPC,406,1,1
36905,IPC,392,1,1
36906,IPC,326,1,1
36907,IPC,354,1,1
36908,ARMS,27,1,1
36909,IPC,323,1,1
36910,IPC,436,1,1
36911,IPC,498A,1,1
36912,IPC,323,1,1
36913,IPC,380,1,1
36914,IPC,326,1,1
36915,IPC,379A,1,1
36916,IPC,323,1,1
36917,IPC,66D-ITACT,1,1
36918,IPC,304B,1,1
36919,IPC,379,1,1
36920,IPC,379A,1,1
36921,IPC,392,1,1
36922,IPC,380,1,1
36923,IPC,66D-ITACT,1,1
36924,IPC,379,1,1
36925,IPC,380,1,1
36926,IPC,363,1,1
36927,IPC,66D-ITACT,1,1
36928,IPC,420,1,1
36929,IPC,380,1,1
36930,POCSO,4,1,1
36931,IPC,147,1,1
36932,IPC,498A,1,1
36933,IPC,420,1,1
36934,IPC,326,1,1
36935,IPC,66D-ITACT,1,1
36936,IPC,323,1,1
36937,IPC,392,1,1
36938,IPC,379A,1,1
36939,IPC,147,1,1
36940,IPC,498A,1,1
36941,IPC,380,1,1
36942,IPC,66D-ITACT,1,1
36943,IPC,420,1,1
36944,IPC,380,1,1
36945,IPC,380,1,1
36946,IPC,380,1,1
36947,IPC,379,1,1
36948,IPC,379,1,1
36949,IPC,380,1,1
36950,IPC,380,1,1
36951,IPC,380,1,1
36952,IPC,379,1,1
36953,IPC,66D-ITACT,1,1
36954,POCSO,4,1,1
36955,IPC,420,1,1
36956,IPC,376,1,1
36957,IPC,420,1,1
36958,IPC,363,1,1
36959,IPC,380,1,1
36960,IPC,379,1,1
36961,IPC,147,1,1
36962,IPC,363,1,1
36963,IPC,420,1,1
36964,IPC,420,1,1
36965,IPC,323,1,1
36966,IPC,66D-ITACT,1,1
36967,IPC,406,1,1
36968,IPC,379,1,1
36969,IPC,420,1,1
36970,IPC,498A,1,1
36971,IPC,144,1,1
36972,IPC,323,1,1
36973,ARMS,25,1,1
36973,ARMS,27,2,2
36974,IPC,379,1,1
36975,IPC,326,1,1
36976,IPC,420,1,1
36977,IPC,323,1,1
36978,IPC,323,1,1
36979,IPC,323,1,1
36980,IPC,392,1,1
36981,IPC,376,1,1
36982,IPC,379A,1,1
36983,IPC,498A,1,1
36984,IPC,302,1,1
36985,IPC,144,1,1
36986,IPC,323,1,1
36987,IPC,66D-ITACT,1,1
36988,IPC,379,1,1
36989,IPC,66D-ITACT,1,1
36990,IPC,420,1,1
36991,IPC,420,1,1
36992,IPC,326,1,1
36993,IPC,379,1,1
36994,NDPS,20,1,1
36995,IPC,323,1,1
36996,BNS,64,1,1
36997,IPC,436,1,1
36998,IPC,323,1,1
36999,IPC,379,1,1
37000,IPC,436,1,1
37001,IPC,379,1,1
37002,NDPS,20,1,1
37003,BNS,109,1,1
37004,IPC,323,1,1
37005,IPC,66D-ITACT,1,1
37006,IPC,66D-ITACT,1,1
37007,IPC,380,1,1
37008,IPC,406,1,1
37009,IPC,379,1,1
37010,IPC,307,1,1
37011,IPC,363,1,1
37012,POCSO,4,1,1
37013,IPC,380,1,1
37014,IPC,144,1,1
37015,IPC,380,1,1
37016,IPC,379,1,1
37017,IPC,307,1,1
37017,BNS,109,2,2
37018,IPC,323,1,1
37019,IPC,420,1,1
37020,IPC,379,1,1
37021,IPC,380,1,1
37022,IPC,406,1,1
37023,IPC,395,1,1
37024,IPC,363,1,1
37025,IPC,420,1,1
37026,IPC,323,1,1
37027,IPC,406,1,1
37028,IPC,379,1,1
37029,BNS,64,1,1
37030,IPC,406,1,1
37031,IPC,395,1,1
37032,IPC,363,1,1
37033,IPC,326,1,1
37034,BNS,109,1,1
37035,IPC,392,1,1
37036,IPC,66D-ITACT,1,1
37037,IPC,354,1,1
37038,IPC,354,1,1
37039,IPC,326,1,1
37040,IPC,489A,1,1
37041,IPC,304,1,1
37042,NDPS,20,1,1
37043,IPC,379A,1,1
37044,IPC,379A,1,1
37045,IPC,326,1,1
37046,NDPS,20,1,1
37047,IPC,380,1,1
37048,IPC,379,1,1
37049,IPC,406,1,1
37050,IPC,380,1,1
37051,IPC,420,1,1
37052,IPC,363,1,1
37053,IPC,436,1,1
37054,IPC,498A,1,1
37055,IPC,420,1,1
37056,IPC,379,1,1
37057,IPC,323,1,1
37058,IPC,379A,1,1
37059,IPC,304B,1,1
37060,IPC,379,1,1
37061,IPC,379,1,1
37062,IPC,420,1,1
37063,IPC,379,1,1
37064,IPC,144,1,1
37065,IPC,406,1,1
37066,IPC,363,1,1
37067,IPC,380,1,1
37068,IPC,420,1,1
37069,IPC,379,1,1
37070,IPC,323,1,1
37071,IPC,379,1,1
37072,IPC,380,1,1
37073,IPC,392,1,1
37074,IPC,379A,1,1
37075,ARMS,25,1,1
37076,IPC,323,1,1
37077,IPC,420,1,1
37078,IPC,144,1,1
37079,IPC,379,1,1
37080,NDPS,20,1,1
37081,IPC,380,1,1
37082,NDPS,20,1,1
37083,IPC,66D-ITACT,1,1
37084,IPC,498A,1,1
37085,IPC,379,1,1
37086,IPC,380,1,1
37087,IPC,379,1,1
37088,IPC,379A,1,1
37089,IPC,323,1,1
37090,IPC,363,1,1
37091,IPC,379,1,1
37092,IPC,304,1,1
37093,IPC,379,1,1
37094,IPC,147,1,1
37095,IPC,304B,1,1
37096,NDPS,20,1,1
37097,IPC,354,1,1
37098,IPC,379,1,1
37099,IPC,392,1,1
37100,IPC,420,1,1
37101,IPC,379,1,1
37102,IPC,380,1,1
37103,IPC,379A,1,1
37104,IPC,420,1,1
37105,IPC,436,1,1
37106,NDPS,20,1,1
37107,IPC,379,1,1
37108,IPC,379A,1,1
37109,IPC,498A,1,1
37110,IPC,436,1,1
37111,IPC,436,1,1
37112,IPC,304,1,1
37113,IPC,380,1,1
37114,IPC,380,1,1
37115,IPC,420,1,1
37116,POCSO,4,1,1
37117,IPC,379A,1,1
37118,IPC,323,1,1
37119,IPC,379,1,1
37120,IPC,420,1,1
37121,BNS,64,1,1
37122,IPC,392,1,1
37123,IPC,498A,1,1
37124,IPC,354,1,1
37125,IPC,326,1,1
37126,IPC,354,1,1
37127,IPC,354,1,1
37128,IPC,323,1,1
37129,IPC,380,1,1
37130,IPC,354,1,1
37131,IPC,420,1,1
37132,IPC,304B,1,1
37133,IPC,379A,1,1
37134,IPC,323,1,1
37135,IPC,379,1,1
37136,IPC,379A,1,1
37137,POCSO,4,1,1
37138,IPC,323,1,1
37139,IPC,144,1,1
37140,IPC,395,1,1
37141,IPC,323,1,1
37142,IPC,380,1,1
37143,IPC,406,1,1
37144,IPC,379A,1,1
37145,IPC,326,1,1
37146,ARMS,27,1,1
37147,IPC,363,1,1
37148,BNS,109,1,1
37149,IPC,436,1,1
37150,IPC,326,1,1
37151,IPC,379,1,1
37152,IPC,302,1,1
37153,IPC,147,1,1
37154,IPC,363,1,1
37155,IPC,379A,1,1
37156,ARMS,25,1,1
37157,IPC,380,1,1
37158,IPC,354,1,1
37159,IPC,392,1,1
37160,IPC,144,1,1
37161,IPC,379,1,1
37162,IPC,379,1,1
37163,IPC,379,1,1
37164,IPC,498A,1,1
37165,IPC,376,1,1
37166,IPC,326,1,1
37167,IPC,66D-ITACT,1,1
37168,IPC,379,1,1
37169,IPC,323,1,1
37170,IPC,392,1,1
37171,IPC,379A,1,1
37172,IPC,498A,1,1
37173,IPC,323,1,1
37174,IPC,420,1,1
37175,IPC,379A,1,1
37176,IPC,307,1,1
37176,BNS,109,2,2
37177,IPC,420,1,1
37178,IPC,379A,1,1
37179,IPC,323,1,1
37180,IPC,420,1,1
37181,IPC,392,1,1
37182,IPC,323,1,1
37183,IPC,323,1,1
37184,IPC,379,1,1
37185,IPC,420,1,1
37186,IPC,379,1,1
37187,IPC,395,1,1
37188,IPC,66D-ITACT,1,1
37189,IPC,379,1,1
37190,IPC,379,1,1
37191,IPC,379,1,1
37192,IPC,420,1,1
37193,IPC,436,1,1
37194,IPC,354,1,1
37195,IPC,420,1,1
37196,IPC,498A,1,1
37197,ARMS,25,1,1
37198,IPC,379A,1,1
37199,IPC,379,1,1
37200,IPC,380,1,1
37201,IPC,498A,1,1
37202,IPC,380,1,1
37203,IPC,380,1,1
37204,IPC,420,1,1
37205,IPC,420,1,1
37206,IPC,326,1,1
37207,IPC,380,1,1
37208,IPC,420,1,1
37209,IPC,379,1,1
37210,IPC,66D-ITACT,1,1
37211,IPC,66D-ITACT,1,1
37212,IPC,420,1,1
37213,IPC,66D-ITACT,1,1
37214,IPC,379,1,1
37215,IPC,379,1,1
37216,IPC,379A,1,1
37217,IPC,379,1,1
37218,IPC,302,1,1
37218,BNS,103,2,2
37219,IPC,326,1,1
37220,IPC,144,1,1
37221,BNS,64,1,1
37221,IPC,376,2,2
37222,IPC,379,1,1
37223,IPC,420,1,1
37224,IPC,326,1,1
37225,IPC,392,1,1
37226,IPC,323,1,1
37227,IPC,420,1,1
37228,IPC,147,1,1
37229,IPC,420,1,1
37230,IPC,379,1,1
37231,IPC,323,1,1
37232,IPC,379,1,1
37233,IPC,392,1,1
37234,IPC,144,1,1
37235,IPC,379A,1,1
37236,IPC,498A,1,1
37237,IPC,147,1,1
37238,IPC,326,1,1
37239,IPC,420,1,1
37240,IPC,379,1,1
37241,IPC,326,1,1
37242,IPC,323,1,1
37243,IPC,379,1,1
37244,IPC,363,1,1
37245,IPC,420,1,1
37246,IPC,326,1,1
37247,IPC,66D-ITACT,1,1
37248,IPC,392,1,1
37249,IPC,66D-ITACT,1,1
37250,ARMS,25,1,1
37251,IPC,323,1,1
37252,IPC,420,1,1
37253,IPC,406,1,1
37254,POCSO,4,1,1
37255,POCSO,4,1,1
37256,IPC,392,1,1
37257,IPC,66D-ITACT,1,1
37258,IPC,379,1,1
37259,IPC,379,1,1
37260,IPC,420,1,1
37261,IPC,379A,1,1
37262,IPC,380,1,1
37263,IPC,498A,1,1
37264,IPC,436,1,1
37265,IPC,420,1,1
37266,IPC,144,1,1
37267,BNS,64,1,1
37268,IPC,326,1,1
37269,IPC,379,1,1
37270,IPC,66D-ITACT,1,1
37271,IPC,420,1,1
37272,IPC,147,1,1
37273,IPC,323,1,1
37274,IPC,379,1,1
37275,POCSO,4,1,1
37276,NDPS,20,1,1
37277,IPC,379,1,1
37278,IPC,376,1,1
37278,BNS,64,2,2
37279,IPC,323,1,1
37280,IPC,304,1,1
37281,POCSO,4,1,1
37282,IPC,379,1,1
37283,IPC,354,1,1
37284,IPC,380,1,1
37285,IPC,489A,1,1
37286,IPC,323,1,1
37287,IPC,379,1,1
37288,IPC,379A,1,1
37289,IPC,406,1,1
37290,IPC,420,1,1
37291,NDPS,20,1,1
37292,IPC,380,1,1
37293,IPC,379,1,1
37294,POCSO,4,1,1
37295,IPC,406,1,1
37296,IPC,144,1,1
37297,IPC,392,1,1
37298,IPC,380,1,1
37299,IPC,144,1,1
37300,IPC,420,1,1
37301,IPC,379,1,1
37302,IPC,326,1,1
37303,IPC,323,1,1
37304,IPC,379,1,1
37305,IPC,406,1,1
37306,IPC,498A,1,1
37307,IPC,302,1,1
37308,IPC,354,1,1
37309,IPC,66D-ITACT,1,1
37310,IPC,363,1,1
37311,ARMS,27,1,1
37312,IPC,380,1,1
37313,IPC,380,1,1
37314,IPC,323,1,1
37315,IPC,323,1,1
37316,BNS,109,1,1
37317,IPC,406,1,1
37318,IPC,379,1,1
37319,IPC,144,1,1
37320,IPC,436,1,1
37321,IPC,379,1,1
37322,BNS,64,1,1
37323,IPC,498A,1,1
37324,IPC,436,1,1
37325,IPC,323,1,1
37326,IPC,326,1,1
37327,IPC,379,1,1
37328,IPC,420,1,1
37329,IPC,144,1,1
37330,IPC,380,1,1
37331,IPC,406,1,1
37332,IPC,323,1,1
37333,IPC,380,1,1
37334,IPC,323,1,1
37335,IPC,147,1,1
37336,IPC,380,1,1
37337,IPC,326,1,1
37338,IPC,392,1,1
37339,IPC,489A,1,1
37340,IPC,323,1,1
37341,IPC,379,1,1
37342,IPC,144,1,1
37343,IPC,323,1,1
37344,IPC,304,1,1
37345,POCSO,4,1,1
37346,IPC,379A,1,1
37347,IPC,392,1,1
37348,IPC,379,1,1
37349,IPC,354,1,1
37350,IPC,379A,1,1
37351,IPC,326,1,1
37352,IPC,323,1,1
37353,IPC,379,1,1
37354,IPC,144,1,1
37355,IPC,66D-ITACT,1,1
37356,IPC,498A,1,1
37357,POCSO,4,1,1
37358,IPC,363,1,1
37359,IPC,379,1,1
37360,IPC,147,1,1
37361,IPC,498A,1,1
37362,IPC,379A,1,1
37363,IPC,379,1,1
37364,IPC,66D-ITACT,1,1
37365,IPC,323,1,1
37366,IPC,392,1,1
37367,IPC,354,1,1
37368,IPC,323,1,1
37369,IPC,66D-ITACT,1,1
37370,IPC,144,1,1
37371,IPC,144,1,1
37372,IPC,144,1,1
37373,IPC,436,1,1
37374,IPC,392,1,1
37375,IPC,323,1,1
37376,IPC,144,1,1
37377,IPC,392,1,1
37378,IPC,379A,1,1
37379,IPC,498A,1,1
37380,BNS,103,1,1
37381,IPC,392,1,1
37382,IPC,379,1,1
37383,IPC,323,1,1
37384,IPC,66D-ITACT,1,1
37385,IPC,380,1,1
37386,IPC,144,1,1
37387,IPC,66D-ITACT,1,1
37388,IPC,392,1,1
37389,IPC,379,1,1
37390,IPC,326,1,1
37391,IPC,66D-ITACT,1,1
37392,IPC,326,1,1
37393,IPC,379,1,1
37394,IPC,147,1,1
37395,IPC,498A,1,1
37396,IPC,323,1,1
37397,IPC,354,1,1
37398,IPC,379,1,1
37399,IPC,406,1,1
37400,IPC,379A,1,1
37401,IPC,66D-ITACT,1,1
37402,IPC,392,1,1
37403,IPC,380,1,1
37404,IPC,420,1,1
37405,IPC,380,1,1
37406,IPC,326,1,1
37407,IPC,354,1,1
37408,ARMS,27,1,1
37409,IPC,498A,1,1
37410,IPC,498A,1,1
37411,ARMS,25,1,1
37411,ARMS,27,2,2
37412,IPC,326,1,1
37413,IPC,392,1,1
37414,IPC,379A,1,1
37415,NDPS,20,1,1
37416,IPC,354,1,1
37417,IPC,379A,1,1
37418,IPC,323,1,1
37419,IPC,379,1,1
37420,IPC,323,1,1
37421,NDPS,20,1,1
37422,IPC,326,1,1
37423,POCSO,4,1,1
37424,IPC,379,1,1
37425,IPC,379,1,1
37426,IPC,379A,1,1
37427,IPC,392,1,1
37428,ARMS,27,1,1
37429,IPC,379,1,1
37430,IPC,380,1,1
37431,IPC,323,1,1
37432,IPC,489A,1,1
37433,IPC,379,1,1
37434,IPC,392,1,1
37435,POCSO,4,1,1
37436,IPC,379A,1,1
37437,IPC,379A,1,1
37438,IPC,392,1,1
37439,IPC,379,1,1
37440,IPC,144,1,1
37441,IPC,420,1,1
37442,IPC,489A,1,1
37443,IPC,354,1,1
37444,IPC,363,1,1
37445,IPC,392,1,1
37446,IPC,436,1,1
37447,IPC,323,1,1
37448,IPC,326,1,1
37449,IPC,376,1,1
37450,IPC,144,1,1
37451,IPC,420,1,1
37452,IPC,379A,1,1
37453,IPC,326,1,1
37454,IPC,323,1,1
37455,IPC,379,1,1
37456,IPC,66D-ITACT,1,1
37457,IPC,379,1,1
37458,IPC,380,1,1
37459,IPC,363,1,1
37460,IPC,420,1,1
37461,IPC,406,1,1
37462,IPC,379,1,1
37463,IPC,436,1,1
37464,IPC,326,1,1
37465,BNS,109,1,1
37466,IPC,66D-ITACT,1,1
37467,IPC,420,1,1
37468,IPC,498A,1,1
37469,IPC,406,1,1
37470,IPC,489A,1,1
37471,IPC,66D-ITACT,1,1
37472,IPC,406,1,1
37473,IPC,379,1,1
37474,IPC,379,1,1
37475,IPC,420,1,1
37476,IPC,420,1,1
37477,IPC,420,1,1
37478,IPC,379,1,1
37479,IPC,379,1,1
37480,IPC,420,1,1
37481,IPC,392,1,1
37482,IPC,326,1,1
37483,IPC,420,1,1
37484,IPC,147,1,1
37485,IPC,323,1,1
37486,IPC,498A,1,1
37487,IPC,323,1,1
37488,IPC,436,1,1
37489,IPC,420,1,1
37490,IPC,436,1,1
37491,IPC,323,1,1
37492,IPC,379A,1,1
37493,BNS,64,1,1
37494,IPC,66D-ITACT,1,1
37495,IPC,436,1,1
37496,IPC,326,1,1
37497,IPC,323,1,1
37498,IPC,326,1,1
37499,IPC,144,1,1
37500,IPC,323,1,1
37501,IPC,379,1,1
37502,IPC,406,1,1
37503,IPC,380,1,1
37504,IPC,323,1,1
37505,IPC,323,1,1
37506,IPC,380,1,1
37507,IPC,66D-ITACT,1,1
37508,IPC,406,1,1
37509,IPC,420,1,1
37510,IPC,420,1,1
37511,IPC,144,1,1
37512,IPC,420,1,1
37513,NDPS,20,1,1
37514,IPC,420,1,1
37515,IPC,66D-ITACT,1,1
37516,IPC,406,1,1
37517,IPC,420,1,1
37518,IPC,66D-ITACT,1,1
37519,IPC,420,1,1
37520,IPC,304B,1,1
37521,IPC,379,1,1
37522,IPC,326,1,1
37523,IPC,379A,1,1
37524,IPC,354,1,1
37525,IPC,66D-ITACT,1,1
37526,IPC,379,1,1
37527,IPC,436,1,1
37528,IPC,379,1,1
37529,IPC,420,1,1
37530,IPC,379,1,1
37531,IPC,323,1,1
37532,IPC,304B,1,1
37533,IPC,354,1,1
37534,IPC,380,1,1
37535,IPC,304,1,1
37536,IPC,323,1,1
37537,IPC,363,1,1
37538,IPC,379A,1,1
37539,NDPS,20,1,1
37540,IPC,392,1,1
37541,IPC,379,1,1
37542,BNS,103,1,1
37543,BNS,103,1,1
37544,IPC,379,1,1
37545,IPC,363,1,1
37546,IPC,420,1,1
37547,IPC,395,1,1
37548,IPC,406,1,1
37549,IPC,354,1,1
37550,IPC,307,1,1
37551,IPC,379,1,1
37552,IPC,498A,1,1
37553,IPC,379,1,1
37554,IPC,436,1,1
37555,IPC,304B,1,1
37556,IPC,323,1,1
37557,BNS,64,1,1
37557,IPC,376,2,2
37558,IPC,379,1,1
37559,IPC,66D-ITACT,1,1
37560,IPC,379,1,1
37561,IPC,420,1,1
37562,IPC,379A,1,1
37563,IPC,420,1,1
37564,IPC,420,1,1
37565,IPC,380,1,1
37566,IPC,354,1,1
37567,IPC,379,1,1
37568,IPC,420,1,1
37569,IPC,392,1,1
37570,IPC,420,1,1
37571,IPC,147,1,1
37572,IPC,304,1,1
37573,NDPS,20,1,1
37574,IPC,323,1,1
37575,IPC,323,1,1
37576,IPC,323,1,1
37577,IPC,489A,1,1
37578,IPC,379,1,1
37579,IPC,380,1,1
37580,IPC,420,1,1
37581,IPC,379A,1,1
37582,ARMS,25,1,1
37582,ARMS,27,2,2
37583,IPC,304B,1,1
37584,NDPS,20,1,1
37585,IPC,420,1,1
37586,IPC,379,1,1
37587,NDPS,20,1,1
37588,BNS,64,1,1
37589,IPC,379,1,1
37590,IPC,379A,1,1
37591,IPC,379A,1,1
37592,IPC,379A,1,1
37593,IPC,392,1,1
37594,BNS,64,1,1
37595,IPC,406,1,1
37596,IPC,307,1,1
37597,IPC,420,1,1
37598,IPC,379,1,1
37599,IPC,66D-ITACT,1,1
37600,IPC,326,1,1
37601,NDPS,20,1,1
37602,IPC,326,1,1
37603,IPC,326,1,1
37604,IPC,379,1,1
37605,IPC,379,1,1
37606,IPC,354,1,1
37607,IPC,498A,1,1
37608,BNS,103,1,1
37609,IPC,379A,1,1
37610,NDPS,20,1,1
37611,ARMS,25,1,1
37611,ARMS,27,2,2
37612,IPC,379A,1,1
37613,IPC,380,1,1
37614,IPC,354,1,1
37615,IPC,380,1,1
37616,IPC,323,1,1
37617,IPC,392,1,1
37618,IPC,420,1,1
37619,IPC,354,1,1
37620,NDPS,20,1,1
37621,IPC,144,1,1
37622,IPC,304B,1,1
37623,IPC,379,1,1
37624,IPC,66D-ITACT,1,1
37625,IPC,379,1,1
37626,IPC,326,1,1
37627,IPC,66D-ITACT,1,1
37628,IPC,379,1,1
37629,IPC,420,1,1
37630,IPC,379,1,1
37631,IPC,379,1,1
37632,IPC,66D-ITACT,1,1
37633,IPC,420,1,1
37634,IPC,323,1,1
37635,IPC,498A,1,1
37636,IPC,147,1,1
37637,IPC,354,1,1
37638,IPC,498A,1,1
37639,ARMS,27,1,1
37640,IPC,66D-ITACT,1,1
37641,IPC,354,1,1
37642,IPC,326,1,1
37643,IPC,380,1,1
37644,IPC,395,1,1
37645,IPC,420,1,1
37646,BNS,109,1,1
37647,IPC,376,1,1
37648,IPC,420,1,1
37649,POCSO,4,1,1
37650,IPC,304B,1,1
37651,IPC,379,1,1
37652,IPC,379,1,1
37653,IPC,363,1,1
37654,IPC,323,1,1
37655,IPC,323,1,1
37656,IPC,380,1,1
37657,IPC,376,1,1
37658,IPC,66D-ITACT,1,1
37659,IPC,376,1,1
37660,IPC,323,1,1
37661,IPC,489A,1,1
37662,IPC,323,1,1
37663,IPC,379,1,1
37664,IPC,380,1,1
37665,IPC,147,1,1
37666,IPC,379,1,1
37667,IPC,379,1,1
37668,BNS,109,1,1
37669,IPC,147,1,1
37670,IPC,380,1,1
37671,IPC,489A,1,1
37672,IPC,147,1,1
37673,IPC,354,1,1
37674,ARMS,27,1,1
37674,ARMS,25,2,2
37675,IPC,66D-ITACT,1,1
37676,IPC,436,1,1
37677,BNS,64,1,1
37678,BNS,103,1,1
37679,IPC,379,1,1
37680,ARMS,25,1,1
37681,IPC,354,1,1
37682,IPC,406,1,1
37683,IPC,379A,1,1
37684,IPC,379,1,1
37685,IPC,406,1,1
37686,IPC,379,1,1
37687,IPC,392,1,1
37688,IPC,420,1,1
37689,ARMS,25,1,1
37690,IPC,420,1,1
37691,IPC,326,1,1
37692,IPC,379,1,1
37693,IPC,326,1,1
37694,IPC,379,1,1
37695,IPC,326,1,1
37696,IPC,323,1,1
37697,ARMS,27,1,1
37697,ARMS,25,2,2
37698,IPC,379,1,1
37699,IPC,363,1,1
37700,POCSO,4,1,1
37701,IPC,147,1,1
37702,IPC,144,1,1
37703,IPC,379,1,1
37704,IPC,379,1,1
37705,POCSO,4,1,1
37706,IPC,326,1,1
37707,IPC,379,1,1
37708,IPC,420,1,1
37709,IPC,304,1,1
37710,IPC,147,1,1
37711,IPC,379,1,1
37712,IPC,380,1,1
37713,NDPS,20,1,1
37714,BNS,109,1,1
37715,IPC,326,1,1
37716,IPC,380,1,1
37717,IPC,66D-ITACT,1,1
37718,IPC,66D-ITACT,1,1
37719,NDPS,20,1,1
37720,IPC,326,1,1
37721,IPC,144,1,1
37722,IPC,323,1,1
37723,IPC,379A,1,1
37724,BNS,64,1,1
37725,POCSO,4,1,1
37726,IPC,323,1,1
37727,IPC,379,1,1
37728,IPC,323,1,1
37729,IPC,379,1,1
37730,IPC,379,1,1
37731,IPC,380,1,1
37732,IPC,323,1,1
37733,IPC,379,1,1
37734,IPC,379,1,1
37735,IPC,379A,1,1
37736,IPC,66D-ITACT,1,1
37737,IPC,354,1,1
37738,IPC,380,1,1
37739,IPC,323,1,1
37740,IPC,420,1,1
37741,IPC,420,1,1
37742,IPC,380,1,1
37743,IPC,379,1,1
37744,IPC,379,1,1
37745,IPC,379A,1,1
37746,IPC,395,1,1
37747,IPC,323,1,1
37748,IPC,379A,1,1
37749,IPC,304B,1,1
37750,IPC,379,1,1
37751,IPC,380,1,1
37752,IPC,147,1,1
37753,IPC,420,1,1
37754,IPC,379,1,1
37755,IPC,323,1,1
37756,IPC,326,1,1
37757,IPC,304,1,1
37758,POCSO,4,1,1
37759,IPC,323,1,1
37760,IPC,323,1,1
37761,IPC,498A,1,1
37762,IPC,379,1,1
37763,IPC,392,1,1
37764,BNS,64,1,1
37764,IPC,376,2,2
37765,IPC,326,1,1
37766,IPC,420,1,1
37767,IPC,147,1,1
37768,IPC,498A,1,1
37769,IPC,420,1,1
37770,IPC,420,1,1
37771,NDPS,20,1,1
37772,IPC,392,1,1
37773,IPC,323,1,1
37774,IPC,380,1,1
37775,IPC,379A,1,1
37776,IPC,498A,1,1
37777,POCSO,4,1,1
37778,IPC,392,1,1
37779,IPC,420,1,1
37780,IPC,354,1,1
37781,BNS,64,1,1
37782,IPC,420,1,1
37783,IPC,326,1,1
37784,IPC,66D-ITACT,1,1
37785,IPC,354,1,1
37786,IPC,354,1,1
37787,IPC,304B,1,1
37788,IPC,307,1,1
37789,IPC,323,1,1
37790,IPC,436,1,1
37791,IPC,354,1,1
37792,IPC,66D-ITACT,1,1
37793,IPC,420,1,1
37794,IPC,379A,1,1
37795,BNS,109,1,1
37796,IPC,66D-ITACT,1,1
37797,IPC,379,1,1
37798,IPC,379A,1,1
37799,IPC,326,1,1
37800,IPC,498A,1,1
37801,IPC,354,1,1
37802,IPC,379A,1,1
37803,IPC,379,1,1
37804,IPC,326,1,1
37805,IPC,379,1,1
37806,IPC,66D-ITACT,1,1
37807,IPC,392,1,1
37808,IPC,66D-ITACT,1,1
37809,IPC,323,1,1
37810,IPC,144,1,1
37811,IPC,379,1,1
37812,IPC,304B,1,1
37813,IPC,326,1,1
37814,IPC,323,1,1
37815,IPC,144,1,1
37816,IPC,379,1,1
37817,IPC,420,1,1
37818,IPC,323,1,1
37819,IPC,379,1,1
37820,IPC,379,1,1
37821,IPC,323,1,1
37822,IPC,379A,1,1
37823,IPC,354,1,1
37824,IPC,392,1,1
37825,IPC,326,1,1
37826,IPC,379,1,1
37827,IPC,323,1,1
37828,IPC,380,1,1
37829,IPC,498A,1,1
37830,IPC,420,1,1
37831,IPC,380,1,1
37832,IPC,354,1,1
37833,IPC,379,1,1
37834,IPC,379,1,1
37835,IPC,323,1,1
37836,IPC,323,1,1
37837,IPC,380,1,1
37838,IPC,379,1,1
37839,IPC,144,1,1
37840,IPC,354,1,1
37841,IPC,380,1,1
37842,IPC,380,1,1
37843,IPC,323,1,1
37844,IPC,323,1,1
37845,ARMS,25,1,1
37846,IPC,379,1,1
37847,IPC,420,1,1
37848,IPC,379,1,1
37849,IPC,354,1,1
37850,IPC,323,1,1
37851,IPC,379A,1,1
37852,IPC,379,1,1
37853,IPC,354,1,1
37854,IPC,147,1,1
37855,IPC,380,1,1
37856,IPC,406,1,1
37857,IPC,436,1,1
37858,IPC,323,1,1
37859,IPC,354,1,1
37860,IPC,498A,1,1
37861,IPC,66D-ITACT,1,1
37862,IPC,436,1,1
37863,IPC,420,1,1
37864,IPC,326,1,1
37865,IPC,379A,1,1
37866,IPC,323,1,1
37867,IPC,498A,1,1
37868,IPC,379A,1,1
37869,IPC,323,1,1
37870,IPC,66D-ITACT,1,1
37871,IPC,354,1,1
37872,IPC,379A,1,1
37873,IPC,323,1,1
37874,IPC,380,1,1
37875,BNS,64,1,1
37876,IPC,144,1,1
37877,IPC,498A,1,1
37878,IPC,323,1,1
37879,NDPS,20,1,1
37880,IPC,380,1,1
37881,IPC,380,1,1
37882,IPC,379,1,1
37883,IPC,323,1,1
37884,IPC,323,1,1
37885,IPC,380,1,1
37886,IPC,66D-ITACT,1,1
37887,IPC,379,1,1
37888,IPC,379,1,1
37889,IPC,379,1,1
37890,IPC,323,1,1
37891,IPC,498A,1,1
37892,IPC,354,1,1
37893,IPC,406,1,1
37894,IPC,323,1,1
37895,IPC,354,1,1
37896,IPC,363,1,1
37897,IPC,379A,1,1
37898,BNS,109,1,1
37898,IPC,307,2,2
37899,IPC,392,1,1
37900,IPC,354,1,1
37901,IPC,380,1,1
37902,IPC,304,1,1
37903,IPC,380,1,1
37904,IPC,379,1,1
37905,IPC,379A,1,1
37906,IPC,379,1,1
37907,IPC,379A,1,1
37908,IPC,392,1,1
37909,IPC,323,1,1
37910,IPC,376,1,1
37910,BNS,64,2,2
37911,IPC,420,1,1
37912,IPC,326,1,1
37913,IPC,392,1,1
37914,IPC,406,1,1
37915,IPC,379A,1,1
37916,IPC,147,1,1
37917,IPC,380,1,1
37918,IPC,489A,1,1
37919,IPC,379,1,1
37920,IPC,392,1,1
37921,IPC,326,1,1
37922,IPC,395,1,1
37923,IPC,498A,1,1
37924,IPC,379,1,1
37925,IPC,379A,1,1
37926,IPC,379,1,1
37927,IPC,379,1,1
37928,IPC,420,1,1
37929,IPC,379,1,1
37930,IPC,420,1,1
37931,IPC,326,1,1
37932,IPC,323,1,1
37933,IPC,147,1,1
37934,IPC,323,1,1
37935,IPC,380,1,1
37936,IPC,66D-ITACT,1,1
37937,IPC,66D-ITACT,1,1
37938,IPC,379,1,1
37939,IPC,379,1,1
37940,IPC,323,1,1
37941,IPC,363,1,1
37942,IPC,380,1,1
37943,IPC,302,1,1
37943,BNS,103,2,2
37944,IPC,436,1,1
37945,IPC,379A,1,1
37946,IPC,379,1,1
37947,IPC,304,1,1
37948,IPC,304,1,1
37949,IPC,380,1,1
37950,IPC,379A,1,1
37951,IPC,420,1,1
37952,IPC,379,1,1
37953,IPC,379A,1,1
37954,IPC,379,1,1
37955,IPC,354,1,1
37956,IPC,420,1,1
37957,IPC,379,1,1
37958,NDPS,20,1,1
37959,IPC,363,1,1
37960,IPC,406,1,1
37961,IPC,363,1,1
37962,IPC,498A,1,1
37963,IPC,379,1,1
37964,IPC,326,1,1
37965,IPC,363,1,1
37966,IPC,379,1,1
37967,IPC,392,1,1
37968,IPC,406,1,1
37969,IPC,406,1,1
37970,POCSO,4,1,1
37971,IPC,420,1,1
37972,IPC,379A,1,1
37973,IPC,498A,1,1
37974,IPC,354,1,1
37975,IPC,323,1,1
37976,ARMS,27,1,1
37977,IPC,379,1,1
37978,IPC,392,1,1
37979,IPC,144,1,1
37980,IPC,420,1,1
37981,IPC,379,1,1
37982,IPC,66D-ITACT,1,1
37983,POCSO,4,1,1
37984,IPC,379,1,1
37985,IPC,380,1,1
37986,IPC,379,1,1
37987,IPC,66D-ITACT,1,1
37988,IPC,379,1,1
37989,IPC,420,1,1
37990,IPC,66D-ITACT,1,1
37991,IPC,420,1,1
37992,IPC,323,1,1
37993,IPC,323,1,1
37994,IPC,379,1,1
37995,BNS,109,1,1
37996,IPC,436,1,1
37997,IPC,379,1,1
37998,IPC,363,1,1
37999,IPC,380,1,1
38000,IPC,323,1,1
38001,IPC,489A,1,1
38002,IPC,379,1,1
38003,IPC,379,1,1
38004,IPC,323,1,1
38005,IPC,498A,1,1
38006,IPC,436,1,1
38007,IPC,66D-ITACT,1,1
38008,IPC,379,1,1
38009,IPC,379,1,1
38010,IPC,376,1,1
38010,BNS,64,2,2
38011,IPC,379,1,1
38012,IPC,66D-ITACT,1,1
38013,IPC,379,1,1
38014,IPC,379,1,1
38015,IPC,304B,1,1
38016,IPC,498A,1,1
38017,IPC,380,1,1
38018,IPC,379A,1,1
38019,IPC,379,1,1
38020,IPC,379,1,1
38021,IPC,380,1,1
38022,ARMS,27,1,1
38023,IPC,379A,1,1
38024,IPC,392,1,1
38025,IPC,323,1,1
38026,IPC,66D-ITACT,1,1
38027,IPC,323,1,1
38028,IPC,436,1,1
38029,IPC,380,1,1
38030,IPC,147,1,1
38031,IPC,406,1,1
38032,IPC,379A,1,1
38033,IPC,66D-ITACT,1,1
38034,IPC,379A,1,1
38035,IPC,144,1,1
38036,IPC,420,1,1
38037,IPC,66D-ITACT,1,1
38038,IPC,395,1,1
38039,IPC,354,1,1
38040,IPC,354,1,1
38041,IPC,66D-ITACT,1,1
38042,IPC,66D-ITACT,1,1
38043,IPC,380,1,1
38044,NDPS,20,1,1
38045,IPC,323,1,1
38046,IPC,420,1,1
38047,IPC,323,1,1
38048,IPC,498A,1,1
38049,IPC,420,1,1
38050,IPC,326,1,1
38051,ARMS,27,1,1
38052,NDPS,20,1,1
38053,IPC,326,1,1
38054,IPC,304B,1,1
38055,IPC,66D-ITACT,1,1
38056,IPC,406,1,1
38057,ARMS,25,1,1
38058,IPC,323,1,1
38059,IPC,379A,1,1
38060,IPC,323,1,1
38061,BNS,109,1,1
38062,IPC,323,1,1
38063,IPC,406,1,1
38064,IPC,379,1,1
38065,IPC,406,1,1
38066,IPC,376,1,1
38066,BNS,64,2,2
38067,IPC,420,1,1
38068,IPC,144,1,1
38069,IPC,380,1,1
38070,POCSO,4,1,1
38071,IPC,323,1,1
38072,IPC,498A,1,1
38073,IPC,379A,1,1
38074,IPC,379,1,1
38075,IPC,392,1,1
38076,IPC,379A,1,1
38077,ARMS,27,1,1
38077,ARMS,25,2,2
38078,IPC,307,1,1
38079,IPC,420,1,1
38080,IPC,380,1,1
38081,IPC,420,1,1
38082,IPC,376,1,1
38083,IPC,304B,1,1
38084,IPC,323,1,1
38085,IPC,379A,1,1
38086,IPC,379A,1,1
38087,IPC,304,1,1
38088,IPC,379,1,1
38089,IPC,498A,1,1
38090,IPC,379,1,1
38091,IPC,392,1,1
38092,IPC,498A,1,1
38093,IPC,379,1,1
38094,BNS,109,1,1
38095,IPC,354,1,1
38096,IPC,379,1,1
38097,IPC,323,1,1
38098,IPC,420,1,1
38099,IPC,66D-ITACT,1,1
38100,BNS,103,1,1
38101,IPC,66D-ITACT,1,1
38102,IPC,379,1,1
38103,IPC,406,1,1
38104,IPC,302,1,1
38105,IPC,380,1,1
38106,IPC,302,1,1
38107,IPC,326,1,1
38108,IPC,380,1,1
38109,IPC,379,1,1
38110,IPC,323,1,1
38111,IPC,147,1,1
38112,IPC,498A,1,1
38113,IPC,323,1,1
38114,IPC,66D-ITACT,1,1
38115,IPC,302,1,1
38116,IPC,436,1,1
38117,IPC,420,1,1
38118,NDPS,20,1,1
38119,IPC,380,1,1
38120,ARMS,25,1,1
38121,IPC,379A,1,1
38122,IPC,354,1,1
38123,IPC,144,1,1
38124,IPC,379,1,1
38125,IPC,323,1,1
38126,IPC,354,1,1
38127,NDPS,20,1,1
38128,IPC,379,1,1
38129,IPC,380,1,1
38130,IPC,498A,1,1
38131,IPC,379,1,1
38132,IPC,66D-ITACT,1,1
38133,IPC,66D-ITACT,1,1
38134,IPC,66D-ITACT,1,1
38135,IPC,326,1,1
38136,IPC,380,1,1
38137,IPC,379A,1,1
38138,IPC,144,1,1
38139,IPC,392,1,1
38140,IPC,379A,1,1
38141,IPC,379,1,1
38142,IPC,326,1,1
38143,IPC,498A,1,1
38144,IPC,380,1,1
38145,IPC,66D-ITACT,1,1
38146,IPC,147,1,1
38147,IPC,323,1,1
38148,IPC,420,1,1
38149,IPC,326,1,1
38150,IPC,498A,1,1
38151,IPC,147,1,1
38152,IPC,144,1,1
38153,IPC,66D-ITACT,1,1
38154,IPC,66D-ITACT,1,1
38155,IPC,380,1,1
38156,IPC,326,1,1
38157,POCSO,4,1,1
38158,IPC,144,1,1
38159,IPC,420,1,1
38160,IPC,379,1,1
38161,IPC,363,1,1
38162,IPC,379,1,1
38163,IPC,420,1,1
38164,IPC,379,1,1
38165,IPC,379,1,1
38166,BNS,109,1,1
38167,IPC,323,1,1
38168,IPC,323,1,1
38169,IPC,379,1,1
38170,IPC,323,1,1
38171,IPC,420,1,1
38172,IPC,420,1,1
38173,IPC,323,1,1
38174,IPC,326,1,1
38175,IPC,379,1,1
38176,IPC,392,1,1
38177,BNS,109,1,1
38178,IPC,379A,1,1
38179,IPC,323,1,1
38180,ARMS,25,1,1
38181,IPC,498A,1,1
38182,IPC,323,1,1
38183,IPC,379A,1,1
38184,IPC,354,1,1
38185,IPC,379A,1,1
38186,IPC,380,1,1
38187,IPC,379A,1,1
38188,IPC,379A,1,1
38189,IPC,304B,1,1
38190,IPC,323,1,1
38191,IPC,392,1,1
38192,IPC,379,1,1
38193,IPC,323,1,1
38194,IPC,379,1,1
38195,IPC,489A,1,1
38196,IPC,144,1,1
38197,IPC,379A,1,1
38198,IPC,406,1,1
38199,IPC,363,1,1
38200,IPC,379,1,1
38201,IPC,323,1,1
38202,IPC,379A,1,1
38203,IPC,379A,1,1
38204,IPC,379A,1,1
38205,IPC,380,1,1
38206,IPC,392,1,1
38207,IPC,392,1,1
38208,IPC,420,1,1
38209,IPC,379A,1,1
38210,IPC,66D-ITACT,1,1
38211,IPC,379A,1,1
38212,IPC,379,1,1
38213,IPC,326,1,1
38214,IPC,66D-ITACT,1,1
38215,IPC,66D-ITACT,1,1
38216,IPC,66D-ITACT,1,1
38217,IPC,66D-ITACT,1,1
38218,IPC,323,1,1
38219,IPC,326,1,1
38220,IPC,326,1,1
38221,ARMS,25,1,1
38222,IPC,307,1,1
38223,IPC,436,1,1
38224,IPC,379A,1,1
38225,IPC,354,1,1
38226,IPC,323,1,1
38227,IPC,323,1,1
38228,IPC,144,1,1
38229,IPC,66D-ITACT,1,1
38230,IPC,66D-ITACT,1,1
38231,IPC,420,1,1
38232,IPC,392,1,1
38233,IPC,354,1,1
38234,IPC,395,1,1
38235,NDPS,20,1,1
38236,BNS,103,1,1
38236,IPC,302,2,2
38237,IPC,66D-ITACT,1,1
38238,IPC,326,1,1
38239,IPC,363,1,1
38240,BNS,103,1,1
38240,IPC,302,2,2
38241,IPC,436,1,1
38242,IPC,326,1,1
38243,IPC,379,1,1
38244,POCSO,4,1,1
38245,IPC,380,1,1
38246,IPC,379,1,1
38247,IPC,323,1,1
38248,ARMS,25,1,1
38249,IPC,379,1,1
38250,IPC,392,1,1
38251,IPC,379A,1,1
38252,IPC,376,1,1
38252,BNS,64,2,2
38253,IPC,392,1,1
38254,IPC,498A,1,1
38255,IPC,147,1,1
38256,IPC,379,1,1
38257,IPC,392,1,1
38258,IPC,380,1,1
38259,IPC,489A,1,1
38260,ARMS,27,1,1
38261,IPC,379,1,1
38262,IPC,354,1,1
38263,IPC,436,1,1
38264,IPC,326,1,1
38265,IPC,379,1,1
38266,IPC,380,1,1
38267,IPC,379,1,1
38268,IPC,379,1,1
38269,IPC,395,1,1
38270,IPC,420,1,1
38271,IPC,304B,1,1
38272,IPC,326,1,1
38273,IPC,380,1,1
38274,IPC,326,1,1
38275,IPC,395,1,1
38276,IPC,420,1,1
38277,IPC,363,1,1
38278,BNS,109,1,1
38279,IPC,395,1,1
38280,IPC,304,1,1
38281,IPC,498A,1,1
38282,IPC,420,1,1
38283,IPC,323,1,1
38284,IPC,326,1,1
38285,IPC,147,1,1
38286,IPC,323,1,1
38287,NDPS,20,1,1
38288,IPC,304,1,1
38289,IPC,147,1,1
38290,POCSO,4,1,1
38291,IPC,323,1,1
38292,IPC,379,1,1
38293,IPC,392,1,1
38294,IPC,354,1,1
38295,IPC,323,1,1
38296,IPC,436,1,1
38297,IPC,379,1,1
38298,IPC,147,1,1
38299,ARMS,25,1,1
38299,ARMS,27,2,2
38300,IPC,326,1,1
38301,IPC,420,1,1
38302,IPC,380,1,1
38303,POCSO,4,1,1
38304,IPC,147,1,1
38305,IPC,379A,1,1
38306,IPC,147,1,1
38307,IPC,380,1,1
38308,IPC,498A,1,1
38309,IPC,436,1,1
38310,IPC,380,1,1
38311,IPC,380,1,1
38312,IPC,354,1,1
38313,IPC,66D-ITACT,1,1
38314,IPC,380,1,1
38315,IPC,379A,1,1
38316,IPC,380,1,1
38317,IPC,379A,1,1
38318,IPC,392,1,1
38319,IPC,323,1,1
38320,IPC,380,1,1
38321,IPC,323,1,1
38322,IPC,379,1,1
38323,IPC,147,1,1
38324,IPC,323,1,1
38325,IPC,498A,1,1
38326,IPC,380,1,1
38327,IPC,379,1,1
38328,IPC,323,1,1
38329,IPC,420,1,1
38330,IPC,380,1,1
38331,IPC,379,1,1
38332,IPC,323,1,1
38333,IPC,304,1,1
38334,IPC,354,1,1
38335,IPC,420,1,1
38336,IPC,363,1,1
38337,IPC,420,1,1
38338,IPC,323,1,1
38339,IPC,66D-ITACT,1,1
38340,IPC,379,1,1
38341,IPC,323,1,1
38342,IPC,436,1,1
38343,IPC,379,1,1
38344,IPC,498A,1,1
38345,ARMS,27,1,1
38345,ARMS,25,2,2
38346,IPC,380,1,1
38347,IPC,380,1,1
38348,IPC,66D-ITACT,1,1
38349,IPC,326,1,1
38350,IPC,66D-ITACT,1,1
38351,IPC,420,1,1
38352,IPC,436,1,1
38353,IPC,420,1,1
38354,IPC,420,1,1
38355,IPC,363,1,1
38356,IPC,376,1,1
38357,IPC,379,1,1
38358,IPC,498A,1,1
38359,IPC,144,1,1
38360,IPC,392,1,1
38361,IPC,392,1,1
38362,BNS,103,1,1
38362,IPC,302,2,2
38363,IPC,304,1,1
38364,IPC,66D-ITACT,1,1
38365,IPC,392,1,1
38366,IPC,379,1,1
38367,IPC,420,1,1
38368,IPC,436,1,1
38369,IPC,379,1,1
38370,IPC,392,1,1
38371,IPC,380,1,1
38372,IPC,379,1,1
38373,IPC,392,1,1
38374,IPC,144,1,1
38375,IPC,66D-ITACT,1,1
38376,IPC,498A,1,1
38377,IPC,326,1,1
38378,IPC,420,1,1
38379,IPC,379,1,1
38380,IPC,379,1,1
38381,IPC,392,1,1
38382,ARMS,25,1,1
38383,IPC,66D-ITACT,1,1
38384,IPC,326,1,1
38385,IPC,392,1,1
38386,IPC,363,1,1
38387,IPC,363,1,1
38388,IPC,323,1,1
38389,IPC,144,1,1
38390,IPC,147,1,1
38391,IPC,379,1,1
38392,IPC,406,1,1
38393,IPC,392,1,1
38394,IPC,392,1,1
38395,IPC,380,1,1
38396,IPC,436,1,1
38397,IPC,380,1,1
38398,IPC,66D-ITACT,1,1
38399,IPC,379,1,1
38400,IPC,406,1,1
38401,IPC,420,1,1
38402,IPC,420,1,1
38403,IPC,420,1,1
38404,IPC,379,1,1
38405,IPC,326,1,1
38406,IPC,307,1,1
38407,IPC,379A,1,1
38408,IPC,326,1,1
38409,IPC,379,1,1
38410,IPC,376,1,1
38411,IPC,323,1,1
38412,IPC,326,1,1
38413,IPC,326,1,1
38414,IPC,498A,1,1
38415,IPC,379,1,1
38416,IPC,323,1,1
38417,IPC,379A,1,1
38418,IPC,379A,1,1
38419,IPC,380,1,1
38420,IPC,379,1,1
38421,IPC,380,1,1
38422,IPC,144,1,1
38423,IPC,363,1,1
38424,IPC,420,1,1
38425,IPC,376,1,1
38425,BNS,64,2,2
38426,IPC,323,1,1
38427,IPC,420,1,1
38428,IPC,323,1,1
38429,IPC,379A,1,1
38430,IPC,323,1,1
38431,IPC,498A,1,1
38432,IPC,307,1,1
38433,IPC,379,1,1
38434,IPC,323,1,1
38435,IPC,66D-ITACT,1,1
38436,IPC,379,1,1
38437,IPC,392,1,1
38438,IPC,489A,1,1
38439,IPC,379A,1,1
38440,IPC,420,1,1
38441,IPC,489A,1,1
38442,IPC,144,1,1
38443,IPC,392,1,1
38444,IPC,66D-ITACT,1,1
38445,IPC,379,1,1
38446,IPC,323,1,1
38447,IPC,392,1,1
38448,IPC,66D-ITACT,1,1
38449,IPC,379,1,1
38450,IPC,498A,1,1
38451,IPC,489A,1,1
38452,IPC,144,1,1
38453,IPC,379,1,1
38454,IPC,420,1,1
38455,IPC,66D-ITACT,1,1
38456,IPC,147,1,1
38457,IPC,392,1,1
38458,BNS,103,1,1
38459,IPC,379,1,1
38460,IPC,379A,1,1
38461,IPC,379,1,1
38462,IPC,379A,1,1
38463,BNS,64,1,1
38464,IPC,323,1,1
38465,IPC,420,1,1
38466,IPC,323,1,1
38467,NDPS,20,1,1
38468,IPC,406,1,1
38469,IPC,379,1,1
38470,IPC,406,1,1
38471,NDPS,20,1,1
38472,IPC,354,1,1
38473,IPC,395,1,1
38474,IPC,395,1,1
38475,IPC,380,1,1
38476,IPC,392,1,1
38477,IPC,379,1,1
38478,IPC,379A,1,1
38479,IPC,304B,1,1
38480,IPC,395,1,1
38481,IPC,406,1,1
38482,IPC,66D-ITACT,1,1
38483,IPC,379A,1,1
38484,IPC,498A,1,1
38485,IPC,323,1,1
38486,IPC,66D-ITACT,1,1
38487,IPC,498A,1,1
38488,IPC,144,1,1
38489,POCSO,4,1,1
38490,IPC,66D-ITACT,1,1
38491,IPC,147,1,1
38492,IPC,323,1,1
38493,IPC,380,1,1
38494,IPC,326,1,1
38495,IPC,380,1,1
38496,IPC,304B,1,1
38497,IPC,379,1,1
38498,IPC,354,1,1
38499,IPC,66D-ITACT,1,1
38500,IPC,379,1,1
38501,NDPS,20,1,1
38502,IPC,66D-ITACT,1,1
38503,IPC,420,1,1
38504,IPC,323,1,1
38505,IPC,380,1,1
38506,IPC,380,1,1
38507,IPC,323,1,1
38508,IPC,144,1,1
38509,IPC,326,1,1
38510,IPC,379,1,1
38511,IPC,380,1,1
38512,IPC,354,1,1
38513,IPC,436,1,1
38514,IPC,307,1,1
38515,IPC,379,1,1
38516,IPC,420,1,1
38517,IPC,66D-ITACT,1,1
38518,IPC,498A,1,1
38519,IPC,498A,1,1
38520,IPC,380,1,1
38521,IPC,392,1,1
38522,IPC,147,1,1
38523,IPC,376,1,1
38523,BNS,64,2,2
38524,IPC,379,1,1
38525,IPC,363,1,1
38526,IPC,363,1,1
38527,IPC,392,1,1
38528,IPC,144,1,1
38529,IPC,379,1,1
38530,IPC,379,1,1
38531,IPC,304,1,1
38532,IPC,379,1,1
38533,IPC,420,1,1
38534,IPC,323,1,1
38535,IPC,379A,1,1
38536,IPC,379,1,1
38537,IPC,379,1,1
38538,IPC,66D-ITACT,1,1
38539,ARMS,27,1,1
38540,IPC,304B,1,1
38541,IPC,420,1,1
38542,POCSO,4,1,1
38543,IPC,379,1,1
38544,IPC,498A,1,1
38545,IPC,380,1,1
38546,IPC,406,1,1
38547,POCSO,4,1,1
38548,IPC,379,1,1
38549,IPC,379,1,1
38550,IPC,326,1,1
38551,IPC,379,1,1
38552,IPC,66D-ITACT,1,1
38553,IPC,323,1,1
38554,IPC,420,1,1
38555,IPC,302,1,1
38556,ARMS,25,1,1
38557,IPC,379A,1,1
38558,IPC,380,1,1
38559,IPC,326,1,1
38560,IPC,420,1,1
38561,IPC,147,1,1
38562,IPC,380,1,1
38563,IPC,379,1,1
38564,IPC,323,1,1
38565,ARMS,25,1,1
38566,IPC,406,1,1
38567,IPC,326,1,1
38568,IPC,323,1,1
38569,IPC,147,1,1
38570,IPC,489A,1,1
38571,IPC,420,1,1
38572,IPC,379,1,1
38573,IPC,326,1,1
38574,IPC,66D-ITACT,1,1
38575,IPC,66D-ITACT,1,1
38576,IPC,66D-ITACT,1,1
38577,IPC,144,1,1
38578,IPC,379A,1,1
38579,IPC,392,1,1
38580,IPC,379,1,1
38581,IPC,498A,1,1
38582,IPC,380,1,1
38583,IPC,379,1,1
38584,IPC,420,1,1
38585,IPC,379,1,1
38586,IPC,363,1,1
38587,IPC,363,1,1
38588,IPC,354,1,1
38589,IPC,66D-ITACT,1,1
38590,IPC,326,1,1
38591,IPC,144,1,1
38592,IPC,379,1,1
38593,IPC,380,1,1
38594,IPC,144,1,1
38595,IPC,323,1,1
38596,IPC,498A,1,1
38597,IPC,304B,1,1
38598,IPC,420,1,1
38599,IPC,395,1,1
38600,POCSO,4,1,1
38601,IPC,420,1,1
38602,IPC,392,1,1
38603,IPC,354,1,1
38604,IPC,323,1,1
38605,IPC,379A,1,1
38606,IPC,380,1,1
38607,IPC,354,1,1
38608,IPC,66D-ITACT,1,1
38609,IPC,379,1,1
38610,IPC,323,1,1
38611,IPC,380,1,1
38612,IPC,420,1,1
38613,IPC,66D-ITACT,1,1
38614,IPC,323,1,1
38615,IPC,392,1,1
38616,NDPS,20,1,1
38617,IPC,392,1,1
38618,IPC,354,1,1
38619,IPC,392,1,1
38620,IPC,406,1,1
38621,IPC,420,1,1
38622,IPC,354,1,1
38623,IPC,498A,1,1
38624,IPC,379,1,1
38625,IPC,380,1,1
38626,IPC,323,1,1
38627,IPC,380,1,1
38628,IPC,406,1,1
38629,IPC,323,1,1
38630,ARMS,27,1,1
38631,IPC,323,1,1
38632,IPC,363,1,1
38633,IPC,144,1,1
38634,IPC,420,1,1
38635,IPC,323,1,1
38636,IPC,379,1,1
38637,ARMS,27,1,1
38637,ARMS,25,2,2
38638,IPC,304,1,1
38639,IPC,406,1,1
38640,IPC,302,1,1
38641,IPC,323,1,1
38642,IPC,379,1,1
38643,IPC,498A,1,1
38644,IPC,323,1,1
38645,IPC,380,1,1
38646,IPC,380,1,1
38647,IPC,406,1,1
38648,IPC,420,1,1
38649,IPC,323,1,1
38650,IPC,304,1,1
38651,IPC,376,1,1
38652,IPC,144,1,1
38653,IPC,354,1,1
38654,IPC,420,1,1
38655,NDPS,20,1,1
38656,IPC,307,1,1
38657,IPC,363,1,1
38658,IPC,323,1,1
38659,IPC,354,1,1
38660,IPC,66D-ITACT,1,1
38661,ARMS,27,1,1
38662,IPC,323,1,1
38663,IPC,379A,1,1
38664,IPC,66D-ITACT,1,1
38665,IPC,380,1,1
38666,IPC,307,1,1
38667,IPC,379,1,1
38668,IPC,354,1,1
38669,IPC,144,1,1
38670,IPC,380,1,1
38671,IPC,326,1,1
38672,IPC,380,1,1
38673,IPC,144,1,1
38674,IPC,380,1,1
38675,IPC,66D-ITACT,1,1
38676,IPC,307,1,1
38677,NDPS,20,1,1
38678,IPC,323,1,1
38679,IPC,379,1,1
38680,IPC,380,1,1
38681,IPC,326,1,1
38682,IPC,363,1,1
38683,POCSO,4,1,1
38684,IPC,380,1,1
38685,IPC,379A,1,1
38686,IPC,379A,1,1
38687,IPC,147,1,1
38688,IPC,392,1,1
38689,IPC,304,1,1
38690,IPC,406,1,1
38691,BNS,109,1,1
38691,IPC,307,2,2
38692,IPC,326,1,1
38693,IPC,323,1,1
38694,IPC,147,1,1
38695,IPC,326,1,1
38696,IPC,323,1,1
38697,IPC,323,1,1
38698,IPC,144,1,1
38699,IPC,406,1,1
38700,IPC,498A,1,1
38701,IPC,147,1,1
38702,IPC,363,1,1
38703,IPC,326,1,1
38704,IPC,498A,1,1
38705,IPC,363,1,1
38706,IPC,392,1,1
38707,IPC,144,1,1
38708,IPC,498A,1,1
38709,IPC,379A,1,1
38710,IPC,379A,1,1
38711,IPC,436,1,1
38712,IPC,363,1,1
38713,IPC,379,1,1
38714,IPC,420,1,1
38715,NDPS,20,1,1
38716,IPC,323,1,1
38717,IPC,323,1,1
38718,IPC,380,1,1
38719,IPC,498A,1,1
38720,IPC,392,1,1
38721,IPC,420,1,1
38722,IPC,354,1,1
38723,NDPS,20,1,1
38724,IPC,489A,1,1
38725,IPC,66D-ITACT,1,1
38726,IPC,379,1,1
38727,NDPS,20,1,1
38728,IPC,420,1,1
38729,IPC,380,1,1
38730,IPC,304B,1,1
38731,IPC,66D-ITACT,1,1
38732,BNS,109,1,1
38733,IPC,395,1,1
38734,IPC,379A,1,1
38735,IPC,323,1,1
38736,IPC,379,1,1
38737,IPC,380,1,1
38738,IPC,363,1,1
38739,IPC,307,1,1
38740,IPC,323,1,1
38741,IPC,66D-ITACT,1,1
38742,IPC,379,1,1
38743,IPC,379,1,1
38744,IPC,379A,1,1
38745,IPC,66D-ITACT,1,1
38746,IPC,323,1,1
38747,IPC,436,1,1
38748,IPC,498A,1,1
38749,IPC,420,1,1
38750,IPC,66D-ITACT,1,1
38751,IPC,354,1,1
38752,IPC,498A,1,1
38753,NDPS,20,1,1
38754,IPC,406,1,1
38755,IPC,379,1,1
38756,IPC,392,1,1
38757,IPC,379,1,1
38758,IPC,380,1,1
38759,IPC,144,1,1
38760,IPC,420,1,1
38761,IPC,66D-ITACT,1,1
38762,IPC,380,1,1
38763,IPC,66D-ITACT,1,1
38764,IPC,380,1,1
38765,IPC,379A,1,1
38766,IPC,380,1,1
38767,IPC,144,1,1
38768,IPC,498A,1,1
38769,IPC,323,1,1
38770,IPC,379,1,1
38771,IPC,420,1,1
38772,IPC,323,1,1
38773,IPC,363,1,1
38774,IPC,66D-ITACT,1,1
38775,ARMS,25,1,1
38776,IPC,380,1,1
38777,IPC,406,1,1
38778,IPC,326,1,1
38779,IPC,363,1,1
38780,IPC,66D-ITACT,1,1
38781,IPC,498A,1,1
38782,IPC,379A,1,1
38783,IPC,420,1,1
38784,IPC,354,1,1
38785,IPC,379,1,1
38786,IPC,363,1,1
38787,IPC,323,1,1
38788,IPC,379,1,1
38789,IPC,363,1,1
38790,IPC,406,1,1
38791,IPC,379,1,1
38792,IPC,379,1,1
38793,IPC,354,1,1
38794,IPC,379,1,1
38795,IPC,354,1,1
38796,IPC,379A,1,1
38797,IPC,379,1,1
38798,IPC,147,1,1
38799,IPC,379A,1,1
38800,IPC,498A,1,1
38801,IPC,436,1,1
38802,IPC,379,1,1
38803,NDPS,20,1,1
38804,IPC,392,1,1
38805,IPC,379,1,1
38806,IPC,144,1,1
38807,IPC,144,1,1
38808,ARMS,25,1,1
38809,IPC,379A,1,1
38810,POCSO,4,1,1
38811,IPC,326,1,1
38812,IPC,66D-ITACT,1,1
38813,IPC,380,1,1
38814,IPC,380,1,1
38815,IPC,379,1,1
38816,IPC,498A,1,1
38817,POCSO,4,1,1
38818,POCSO,4,1,1
38819,BNS,64,1,1
38820,IPC,436,1,1
38821,IPC,380,1,1
38822,IPC,489A,1,1
38823,IPC,420,1,1
38824,IPC,379A,1,1
38825,IPC,323,1,1
38826,IPC,395,1,1
38827,IPC,323,1,1
38828,IPC,323,1,1
38829,IPC,380,1,1
38830,IPC,144,1,1
38831,IPC,498A,1,1
38832,IPC,392,1,1
38833,IPC,379,1,1
38834,POCSO,4,1,1
38835,IPC,304B,1,1
38836,IPC,66D-ITACT,1,1
38837,IPC,323,1,1
38838,IPC,420,1,1
38839,IPC,304,1,1
38840,IPC,379,1,1
38841,IPC,379,1,1
38842,IPC,420,1,1
38843,IPC,147,1,1
38844,IPC,323,1,1
38845,IPC,147,1,1
38846,IPC,379A,1,1
38847,IPC,379,1,1
38848,IPC,379A,1,1
38849,POCSO,4,1,1
38850,IPC,420,1,1
38851,IPC,392,1,1
38852,IPC,420,1,1
38853,IPC,147,1,1
38854,IPC,376,1,1
38855,IPC,363,1,1
38856,IPC,498A,1,1
38857,IPC,323,1,1
38858,NDPS,20,1,1
38859,IPC,376,1,1
38860,IPC,436,1,1
38861,IPC,498A,1,1
38862,IPC,406,1,1
38863,IPC,304B,1,1
38864,IPC,498A,1,1
38865,IPC,144,1,1
38866,IPC,376,1,1
38866,BNS,64,2,2
38867,IPC,498A,1,1
38868,IPC,498A,1,1
38869,IPC,420,1,1
38870,IPC,323,1,1
38871,IPC,379A,1,1
38872,IPC,406,1,1
38873,IPC,354,1,1
38874,IPC,380,1,1
38875,IPC,379A,1,1
38876,IPC,392,1,1
38877,IPC,147,1,1
38878,ARMS,27,1,1
38879,IPC,498A,1,1
38880,IPC,144,1,1
38881,IPC,147,1,1
38882,IPC,66D-ITACT,1,1
38883,IPC,420,1,1
38884,NDPS,20,1,1
38885,IPC,489A,1,1
38886,IPC,323,1,1
38887,IPC,304,1,1
38888,IPC,363,1,1
38889,IPC,420,1,1
38890,IPC,66D-ITACT,1,1
38891,IPC,323,1,1
38892,IPC,354,1,1
38893,IPC,392,1,1
38894,IPC,323,1,1
38895,IPC,379,1,1
38896,IPC,420,1,1
38897,IPC,420,1,1
38898,IPC,406,1,1
38899,IPC,304,1,1
38900,IPC,323,1,1
38901,IPC,354,1,1
38902,IPC,379,1,1
38903,IPC,144,1,1
38904,IPC,376,1,1
38905,IPC,489A,1,1
38906,IPC,420,1,1
38907,IPC,420,1,1
38908,IPC,323,1,1
38909,IPC,380,1,1
38910,IPC,406,1,1
38911,IPC,326,1,1
38912,IPC,66D-ITACT,1,1
38913,IPC,323,1,1
38914,IPC,379,1,1
38915,IPC,392,1,1
38916,ARMS,27,1,1
38917,IPC,379,1,1
38918,IPC,420,1,1
38919,IPC,144,1,1
38920,POCSO,4,1,1
38921,IPC,420,1,1
38922,IPC,379,1,1
38923,IPC,406,1,1
38924,IPC,420,1,1
38925,BNS,109,1,1
38926,IPC,323,1,1
38927,IPC,326,1,1
38928,IPC,323,1,1
38929,IPC,323,1,1
38930,IPC,406,1,1
38931,IPC,380,1,1
38932,IPC,379,1,1
38933,NDPS,20,1,1
38934,IPC,379,1,1
38935,IPC,323,1,1
38936,IPC,380,1,1
38937,IPC,380,1,1
38938,IPC,380,1,1
38939,IPC,379,1,1
38940,IPC,304B,1,1
38941,IPC,395,1,1
38942,IPC,376,1,1
38943,IPC,363,1,1
38944,BNS,103,1,1
38945,IPC,304,1,1
38946,IPC,379,1,1
38947,IPC,323,1,1
38948,IPC,379A,1,1
38949,IPC,379A,1,1
38950,IPC,323,1,1
38951,IPC,354,1,1
38952,IPC,147,1,1
38953,IPC,379,1,1
38954,IPC,406,1,1
38955,IPC,144,1,1
38956,IPC,363,1,1
38957,IPC,420,1,1
38958,IPC,379,1,1
38959,IPC,392,1,1
38960,IPC,380,1,1
38961,IPC,66D-ITACT,1,1
38962,IPC,498A,1,1
38963,IPC,436,1,1
38964,IPC,144,1,1
38965,IPC,354,1,1
38966,IPC,323,1,1
38967,IPC,379,1,1
38968,IPC,379,1,1
38969,IPC,323,1,1
38970,IPC,379A,1,1
38971,IPC,379A,1,1
38972,IPC,379,1,1
38973,IPC,380,1,1
38974,IPC,420,1,1
38975,IPC,498A,1,1
38976,IPC,379A,1,1
38977,IPC,420,1,1
38978,ARMS,27,1,1
38979,IPC,380,1,1
38980,IPC,326,1,1
38981,IPC,323,1,1
38982,IPC,379A,1,1
38983,IPC,498A,1,1
38984,IPC,379A,1,1
38985,IPC,323,1,1
38986,IPC,66D-ITACT,1,1
38987,IPC,379,1,1
38988,IPC,323,1,1
38989,IPC,379,1,1
38990,IPC,420,1,1
38991,IPC,379,1,1
38992,IPC,307,1,1
38993,POCSO,4,1,1
38994,IPC,406,1,1
38995,IPC,380,1,1
38996,IPC,406,1,1
38997,IPC,66D-ITACT,1,1
38998,IPC,420,1,1
38999,IPC,379,1,1
39000,IPC,379,1,1
39001,IPC,66D-ITACT,1,1
39002,IPC,380,1,1
39003,IPC,323,1,1
39004,IPC,147,1,1
39005,IPC,380,1,1
39006,IPC,498A,1,1
39007,IPC,380,1,1
39008,IPC,354,1,1
39009,IPC,323,1,1
39010,IPC,363,1,1
39011,IPC,144,1,1
39012,IPC,420,1,1
39013,IPC,379,1,1
39014,IPC,326,1,1
39015,IPC,354,1,1
39016,IPC,66D-ITACT,1,1
39017,IPC,302,1,1
39018,IPC,379,1,1
39019,IPC,323,1,1
39020,IPC,379A,1,1
39021,IPC,406,1,1
39022,IPC,420,1,1
39023,IPC,406,1,1
39024,IPC,379,1,1
39025,IPC,420,1,1
39026,IPC,323,1,1
39027,IPC,489A,1,1
39028,IPC,392,1,1
39029,IPC,379A,1,1
39030,IPC,379A,1,1
39031,IPC,379A,1,1
39032,IPC,498A,1,1
39033,IPC,376,1,1
39034,POCSO,4,1,1
39035,IPC,380,1,1
39036,IPC,498A,1,1
39037,IPC,420,1,1
39038,IPC,379,1,1
39039,IPC,395,1,1
39040,IPC,144,1,1
39041,IPC,420,1,1
39042,IPC,66D-ITACT,1,1
39043,IPC,66D-ITACT,1,1
39044,IPC,392,1,1
39045,IPC,66D-ITACT,1,1
39046,IPC,379,1,1
39047,BNS,109,1,1
39048,IPC,498A,1,1
39049,IPC,323,1,1
39050,IPC,379,1,1
39051,IPC,323,1,1
39052,IPC,66D-ITACT,1,1
39053,IPC,379,1,1
39054,IPC,406,1,1
39055,IPC,379,1,1
39056,IPC,379,1,1
39057,IPC,379,1,1
39058,IPC,380,1,1
39059,IPC,323,1,1
39060,IPC,420,1,1
39061,ARMS,25,1,1
39062,IPC,376,1,1
39063,IPC,379,1,1
39064,IPC,406,1,1
39065,IPC,379,1,1
39066,IPC,326,1,1
39067,IPC,436,1,1
39068,IPC,379A,1,1
39069,IPC,379A,1,1
39070,IPC,379A,1,1
39071,IPC,498A,1,1
39072,IPC,380,1,1
39073,IPC,380,1,1
39074,IPC,420,1,1
39075,IPC,380,1,1
39076,IPC,363,1,1
39077,IPC,380,1,1
39078,IPC,323,1,1
39079,IPC,66D-ITACT,1,1
39080,IPC,376,1,1
39081,BNS,64,1,1
39082,IPC,144,1,1
39083,IPC,380,1,1
39084,IPC,379,1,1
39085,IPC,323,1,1
39086,IPC,323,1,1
39087,IPC,66D-ITACT,1,1
39088,BNS,64,1,1
39089,IPC,66D-ITACT,1,1
39090,IPC,323,1,1
39091,IPC,395,1,1
39092,IPC,379,1,1
39093,IPC,326,1,1
39094,IPC,380,1,1
39095,POCSO,4,1,1
39096,IPC,380,1,1
39097,IPC,379,1,1
39098,IPC,147,1,1
39099,IPC,326,1,1
39100,IPC,326,1,1
39101,IPC,363,1,1
39102,IPC,323,1,1
39103,POCSO,4,1,1
39104,IPC,147,1,1
39105,IPC,379,1,1
39106,IPC,379A,1,1
39107,BNS,109,1,1
39108,IPC,406,1,1
39109,IPC,326,1,1
39110,IPC,489A,1,1
39111,IPC,379A,1,1
39112,IPC,66D-ITACT,1,1
39113,IPC,376,1,1
39114,IPC,379A,1,1
39115,IPC,376,1,1
39116,IPC,307,1,1
39117,IPC,380,1,1
39118,IPC,323,1,1
39119,IPC,380,1,1
39120,IPC,307,1,1
39121,ARMS,27,1,1
39122,IPC,380,1,1
39123,IPC,436,1,1
39124,IPC,379,1,1
39125,IPC,498A,1,1
39126,IPC,379,1,1
39127,IPC,363,1,1
39128,IPC,326,1,1
39129,IPC,380,1,1
39130,IPC,66D-ITACT,1,1
39131,IPC,392,1,1
39132,IPC,379A,1,1
39133,IPC,66D-ITACT,1,1
39134,IPC,392,1,1
39135,IPC,420,1,1
39136,IPC,498A,1,1
39137,IPC,379,1,1
39138,IPC,307,1,1
39139,IPC,380,1,1
39140,IPC,380,1,1
39141,IPC,406,1,1
39142,IPC,380,1,1
39143,IPC,66D-ITACT,1,1
39144,IPC,304,1,1
39145,BNS,64,1,1
39146,IPC,354,1,1
39147,IPC,66D-ITACT,1,1
39148,IPC,392,1,1
39149,IPC,354,1,1
39150,IPC,380,1,1
39151,IPC,326,1,1
39152,IPC,420,1,1
39153,IPC,379,1,1
39154,IPC,379,1,1
39155,IPC,379,1,1
39156,IPC,323,1,1
39157,IPC,420,1,1
39158,IPC,379,1,1
39159,IPC,379,1,1
39160,IPC,406,1,1
39161,POCSO,4,1,1
39162,IPC,363,1,1
39163,IPC,144,1,1
39164,IPC,392,1,1
39165,BNS,103,1,1
39165,IPC,302,2,2
39166,IPC,379,1,1
39167,IPC,326,1,1
39168,IPC,144,1,1
39169,IPC,498A,1,1
39170,IPC,420,1,1
39171,IPC,498A,1,1
39172,IPC,379A,1,1
39173,IPC,144,1,1
39174,IPC,392,1,1
39175,IPC,379,1,1
39176,IPC,323,1,1
39177,IPC,326,1,1
39178,IPC,380,1,1
39179,IPC,147,1,1
39180,IPC,489A,1,1
39181,IPC,420,1,1
39182,IPC,406,1,1
39183,IPC,66D-ITACT,1,1
39184,IPC,380,1,1
39185,BNS,64,1,1
39186,IPC,498A,1,1
39187,IPC,436,1,1
39188,IPC,66D-ITACT,1,1
39189,IPC,380,1,1
39190,IPC,420,1,1
39191,IPC,376,1,1
39192,IPC,323,1,1
39193,IPC,420,1,1
39194,IPC,323,1,1
39195,IPC,379,1,1
39196,IPC,420,1,1
39197,IPC,392,1,1
39198,IPC,147,1,1
39199,IPC,323,1,1
39200,NDPS,20,1,1
39201,IPC,392,1,1
39202,IPC,379A,1,1
39203,IPC,380,1,1
39204,POCSO,4,1,1
39205,IPC,498A,1,1
39206,IPC,498A,1,1
39207,IPC,323,1,1
39208,BNS,109,1,1
39209,IPC,304B,1,1
39210,IPC,379,1,1
39211,IPC,498A,1,1
39212,IPC,379,1,1
39213,IPC,302,1,1
39214,IPC,354,1,1
39215,IPC,323,1,1
39216,IPC,498A,1,1
39217,IPC,304,1,1
39218,BNS,64,1,1
39219,IPC,354,1,1
39220,IPC,379,1,1
39221,IPC,498A,1,1
39222,IPC,379,1,1
39223,IPC,66D-ITACT,1,1
39224,IPC,354,1,1
39225,IPC,66D-ITACT,1,1
39226,IPC,304,1,1
39227,IPC,326,1,1
39228,IPC,379A,1,1
39229,IPC,354,1,1
39230,IPC,323,1,1
39231,IPC,304B,1,1
39232,BNS,109,1,1
39233,ARMS,25,1,1
39234,IPC,66D-ITACT,1,1
39235,IPC,379,1,1
39236,IPC,376,1,1
39236,BNS,64,2,2
39237,IPC,380,1,1
39238,IPC,380,1,1
39239,IPC,354,1,1
39240,IPC,326,1,1
39241,IPC,302,1,1
39242,IPC,363,1,1
39243,IPC,304,1,1
39244,IPC,323,1,1
39245,IPC,420,1,1
39246,IPC,380,1,1
39247,IPC,66D-ITACT,1,1
39248,ARMS,25,1,1
39249,IPC,307,1,1
39250,IPC,323,1,1
39251,IPC,379A,1,1
39252,IPC,392,1,1
39253,IPC,379,1,1
39254,IPC,489A,1,1
39255,IPC,354,1,1
39256,IPC,144,1,1
39257,IPC,436,1,1
39258,IPC,304,1,1
39259,IPC,498A,1,1
39260,IPC,379,1,1
39261,IPC,379,1,1
39262,IPC,323,1,1
39263,IPC,147,1,1
39264,IPC,420,1,1
39265,IPC,379,1,1
39266,IPC,420,1,1
39267,IPC,363,1,1
39268,IPC,363,1,1
39269,IPC,323,1,1
39270,IPC,304,1,1
39271,IPC,144,1,1
39272,IPC,380,1,1
39273,IPC,379,1,1
39274,IPC,326,1,1
39275,IPC,380,1,1
39276,IPC,489A,1,1
39277,IPC,379,1,1
39278,IPC,392,1,1
39279,BNS,109,1,1
39280,IPC,144,1,1
39281,ARMS,25,1,1
39281,ARMS,27,2,2
39282,IPC,323,1,1
39283,IPC,498A,1,1
39284,IPC,354,1,1
39285,IPC,66D-ITACT,1,1
39286,IPC,379,1,1
39287,IPC,392,1,1
39288,IPC,379,1,1
39289,IPC,379A,1,1
39290,IPC,380,1,1
39291,IPC,392,1,1
39292,BNS,64,1,1
39293,IPC,323,1,1
39294,IPC,379,1,1
39295,IPC,307,1,1
39296,IPC,66D-ITACT,1,1
39297,IPC,326,1,1
39298,IPC,420,1,1
39299,IPC,66D-ITACT,1,1
39300,IPC,376,1,1
39301,IPC,302,1,1
39301,BNS,103,2,2
39302,IPC,392,1,1
39303,IPC,406,1,1
39304,IPC,66D-ITACT,1,1
39305,IPC,436,1,1
39306,IPC,323,1,1
39307,IPC,420,1,1
39308,IPC,376,1,1
39309,IPC,66D-ITACT,1,1
39310,ARMS,27,1,1
39311,IPC,406,1,1
39312,IPC,323,1,1
39313,IPC,379,1,1
39314,IPC,147,1,1
39315,IPC,395,1,1
39316,IPC,380,1,1
39317,IPC,379,1,1
39318,IPC,363,1,1
39319,IPC,420,1,1
39320,IPC,379,1,1
39321,IPC,379,1,1
39322,IPC,66D-ITACT,1,1
39323,IPC,304B,1,1
39324,IPC,66D-ITACT,1,1
39325,BNS,109,1,1
39326,IPC,323,1,1
39327,IPC,379A,1,1
39328,IPC,420,1,1
39329,IPC,379,1,1
39330,IPC,379A,1,1
39331,IPC,406,1,1
39332,IPC,147,1,1
39333,IPC,420,1,1
39334,ARMS,25,1,1
39335,IPC,392,1,1
39336,IPC,354,1,1
39337,IPC,379,1,1
39338,ARMS,25,1,1
39338,ARMS,27,2,2
39339,IPC,323,1,1
39340,IPC,363,1,1
39341,IPC,420,1,1
39342,IPC,379,1,1
39343,IPC,379,1,1
39344,IPC,380,1,1
39345,IPC,379A,1,1
39346,IPC,380,1,1
39347,IPC,379,1,1
39348,IPC,323,1,1
39349,IPC,420,1,1
39350,IPC,380,1,1
39351,IPC,304,1,1
39352,IPC,354,1,1
39353,IPC,380,1,1
39354,IPC,379A,1,1
39355,IPC,395,1,1
39356,IPC,406,1,1
39357,IPC,326,1,1
39358,IPC,392,1,1
39359,IPC,323,1,1
39360,IPC,392,1,1
39361,IPC,380,1,1
39362,IPC,379,1,1
39363,IPC,354,1,1
39364,ARMS,27,1,1
39365,IPC,380,1,1
39366,IPC,304B,1,1
39367,NDPS,20,1,1
39368,IPC,326,1,1
39369,ARMS,25,1,1
39369,ARMS,27,2,2
39370,IPC,144,1,1
39371,IPC,323,1,1
39372,IPC,323,1,1
39373,IPC,304B,1,1
39374,IPC,392,1,1
39375,IPC,379,1,1
39376,IPC,326,1,1
39377,IPC,379,1,1
39378,IPC,363,1,1
39379,IPC,498A,1,1
39380,IPC,144,1,1
39381,IPC,379A,1,1
39382,IPC,323,1,1
39383,IPC,379A,1,1
39384,POCSO,4,1,1
39385,IPC,323,1,1
39386,IPC,323,1,1
39387,IPC,376,1,1
39387,BNS,64,2,2
39388,IPC,406,1,1
39389,IPC,363,1,1
39390,IPC,379,1,1
39391,IPC,144,1,1
39392,NDPS,20,1,1
39393,IPC,363,1,1
39394,IPC,379,1,1
39395,IPC,144,1,1
39396,IPC,144,1,1
39397,IPC,436,1,1
39398,IPC,147,1,1
39399,IPC,323,1,1
39400,IPC,304B,1,1
39401,IPC,323,1,1
39402,IPC,66D-ITACT,1,1
39403,ARMS,27,1,1
39404,IPC,147,1,1
39405,NDPS,20,1,1
39406,IPC,323,1,1
39407,IPC,392,1,1
39408,IPC,354,1,1
39409,IPC,66D-ITACT,1,1
39410,IPC,326,1,1
39411,IPC,379,1,1
39412,IPC,66D-ITACT,1,1
39413,IPC,406,1,1
39414,IPC,489A,1,1
39415,IPC,323,1,1
39416,IPC,406,1,1
39417,IPC,379A,1,1
39418,IPC,379A,1,1
39419,IPC,420,1,1
39420,ARMS,27,1,1
39421,IPC,147,1,1
39422,IPC,144,1,1
39423,IPC,307,1,1
39424,IPC,363,1,1
39425,IPC,66D-ITACT,1,1
39426,IPC,420,1,1
39427,IPC,380,1,1
39428,IPC,147,1,1
39429,IPC,420,1,1
39430,IPC,323,1,1
39431,IPC,420,1,1
39432,IPC,395,1,1
39433,IPC,379A,1,1
39434,IPC,379,1,1
39435,BNS,64,1,1
39436,IPC,498A,1,1
39437,IPC,326,1,1
39438,IPC,66D-ITACT,1,1
39439,IPC,379,1,1
39440,IPC,363,1,1
39441,IPC,380,1,1
39442,IPC,380,1,1
39443,IPC,354,1,1
39444,BNS,64,1,1
39445,IPC,406,1,1
39446,IPC,379,1,1
39447,IPC,392,1,1
39448,IPC,323,1,1
39449,IPC,147,1,1
39450,IPC,379A,1,1
39451,IPC,420,1,1
39452,IPC,420,1,1
39453,IPC,144,1,1
39454,IPC,379,1,1
39455,IPC,323,1,1
39456,IPC,379A,1,1
39457,IPC,323,1,1
39458,IPC,323,1,1
39459,POCSO,4,1,1
39460,IPC,379,1,1
39461,IPC,498A,1,1
39462,IPC,323,1,1
39463,IPC,420,1,1
39464,IPC,354,1,1
39465,IPC,323,1,1
39466,IPC,66D-ITACT,1,1
39467,IPC,420,1,1
39468,IPC,379A,1,1
39469,IPC,420,1,1
39470,IPC,379A,1,1
39471,IPC,379A,1,1
39472,IPC,323,1,1
39473,IPC,420,1,1
39474,IPC,392,1,1
39475,IPC,380,1,1
39476,IPC,66D-ITACT,1,1
39477,IPC,379,1,1
39478,IPC,395,1,1
39479,BNS,64,1,1
39479,IPC,376,2,2
39480,IPC,380,1,1
39481,IPC,379,1,1
39482,IPC,144,1,1
39483,IPC,379,1,1
39484,IPC,66D-ITACT,1,1
39485,NDPS,20,1,1
39486,IPC,392,1,1
39487,IPC,380,1,1
39488,IPC,406,1,1
39489,IPC,420,1,1
39490,IPC,379,1,1
39491,IPC,395,1,1
39492,POCSO,4,1,1
39493,IPC,323,1,1
39494,POCSO,4,1,1
39495,IPC,363,1,1
39496,IPC,395,1,1
39497,IPC,489A,1,1
39498,IPC,363,1,1
39499,IPC,406,1,1
39500,IPC,379,1,1
39501,IPC,354,1,1
39502,POCSO,4,1,1
39503,IPC,326,1,1
39504,IPC,147,1,1
39505,IPC,498A,1,1
39506,IPC,307,1,1
39507,IPC,420,1,1
39508,IPC,395,1,1
39509,IPC,406,1,1
39510,IPC,66D-ITACT,1,1
39511,ARMS,27,1,1
39512,IPC,420,1,1
39513,IPC,380,1,1
39514,ARMS,27,1,1
39515,IPC,66D-ITACT,1,1
39516,IPC,379,1,1
39517,IPC,304,1,1
39518,NDPS,20,1,1
39519,IPC,380,1,1
39520,IPC,363,1,1
39521,IPC,498A,1,1
39522,BNS,109,1,1
39523,IPC,379,1,1
39524,IPC,380,1,1
39525,IPC,323,1,1
39526,IPC,379,1,1
39527,NDPS,20,1,1
39528,IPC,323,1,1
39529,IPC,420,1,1
39530,IPC,323,1,1
39531,IPC,498A,1,1
39532,IPC,379,1,1
39533,IPC,436,1,1
39534,IPC,147,1,1
39535,IPC,380,1,1
39536,IPC,376,1,1
39537,IPC,354,1,1
39538,IPC,66D-ITACT,1,1
39539,IPC,380,1,1
39540,IPC,379,1,1
39541,IPC,147,1,1
39542,IPC,380,1,1
39543,IPC,66D-ITACT,1,1
39544,IPC,304B,1,1
39545,IPC,489A,1,1
39546,IPC,498A,1,1
39547,IPC,379,1,1
39548,IPC,323,1,1
39549,ARMS,25,1,1
39550,IPC,380,1,1
39551,IPC,379A,1,1
39552,IPC,380,1,1
39553,IPC,379A,1,1
39554,IPC,354,1,1
39555,IPC,354,1,1
39556,IPC,323,1,1
39557,IPC,323,1,1
39558,IPC,392,1,1
39559,IPC,326,1,1
39560,IPC,66D-ITACT,1,1
39561,IPC,379,1,1
39562,IPC,144,1,1
39563,IPC,323,1,1
39564,IPC,304B,1,1
39565,IPC,66D-ITACT,1,1
39566,IPC,420,1,1
39567,IPC,323,1,1
39568,IPC,354,1,1
39569,IPC,420,1,1
39570,IPC,66D-ITACT,1,1
39571,IPC,302,1,1
39572,IPC,307,1,1
39573,IPC,66D-ITACT,1,1
39574,IPC,379A,1,1
39575,IPC,436,1,1
39576,IPC,307,1,1
39576,BNS,109,2,2
39577,IPC,379A,1,1
39578,IPC,66D-ITACT,1,1
39579,IPC,323,1,1
39580,IPC,379,1,1
39581,IPC,323,1,1
39582,IPC,323,1,1
39583,IPC,420,1,1
39584,IPC,406,1,1
39585,IPC,420,1,1
39586,IPC,380,1,1
39587,IPC,379,1,1
39588,IPC,323,1,1
39589,IPC,379A,1,1
39590,IPC,420,1,1
39591,IPC,498A,1,1
39592,IPC,304B,1,1
39593,IPC,498A,1,1
39594,IPC,498A,1,1
39595,IPC,380,1,1
39596,IPC,498A,1,1
39597,IPC,379,1,1
39598,IPC,395,1,1
39599,IPC,323,1,1
39600,IPC,380,1,1
39601,IPC,323,1,1
39602,IPC,379,1,1
39603,IPC,302,1,1
