CaseMasterID,CrimeNo,DistrictName,subhead,GravityOffenceID,CrimeRegisteredDate,risk_score
6721,300020218202500001,Bengaluru Rural,Cyber Fraud,2,2025-10-06,0.9162962411048169
38042,800291069202500002,Chikkaballapura,Cyber Fraud,2,2025-10-15,0.8988656681765559
8447,100030254202500006,Mysuru,Cyber Fraud,2,2025-11-15,0.8980755316573669
8328,100030221202500009,Mysuru,Cyber Fraud,2,2025-10-14,0.8971053914145884
25518,100150743202500008,Bidar,Cyber Fraud,2,2025-11-24,0.8865842847992113
28495,300180819202500002,Kolar,Cyber Fraud,2,2025-10-17,0.8845280288360919
16340,100070453202500009,Ballari,Cyber Fraud,2,2025-11-02,0.8813630508665362
36062,100261011202500007,Uttara Kannada,Cyber Fraud,2,2025-12-02,0.8763608095302649
8092,100030224202500002,Mysuru,Cyber Fraud,2,2025-12-13,0.872609789022051
32380,100220919202500001,Koppal,Cyber Fraud,2,2025-11-12,0.8685094611945315
8381,100030247202500008,Mysuru,Cyber Fraud,2,2025-11-27,0.8660991818717909
32573,100220936202500008,Koppal,Cyber Fraud,2,2025-10-18,0.8643071016893767
5050,100010193202500004,Bengaluru Urban,Auto Theft,2,2025-11-25,0.8638061514834773
18419,100090542202500004,Dharwad,Cyber Fraud,2,2025-11-26,0.8625610225490646
28514,100180828202500002,Kolar,Cyber Fraud,2,2025-12-07,0.861498389290152
14442,100060418202500001,Tumakuru,Cyber Fraud,2,2025-12-15,0.8595496217181141
10864,100040329202500002,Belagavi,Cyber Fraud,2,2025-11-28,0.8584204867669027
37792,100291083202500002,Chikkaballapura,Cyber Fraud,2,2025-11-07,0.8563522298322587
15933,100070482202500001,Ballari,Cyber Fraud,2,2025-12-11,0.8521214784563743
33534,800230947202500001,Haveri,Cyber Fraud,2,2025-10-11,0.8520335905860329
17364,100080490202500003,Vijayapura,Cyber Fraud,2,2025-12-27,0.8489490183166049
27565,100170805202500004,Chitradurga,Cyber Fraud,2,2025-12-06,0.8472912389720442
33464,100230949202500001,Haveri,Cyber Fraud,2,2025-11-20,0.8459536666843588
5811,100010098202500013,Bengaluru Urban,Cyber Fraud,2,2025-11-09,0.8457038685515975
8428,100030223202500009,Mysuru,Cyber Fraud,2,2025-12-17,0.8450491192984375
14863,100060415202500006,Tumakuru,Cyber Fraud,2,2025-11-13,0.8447618347667135
4130,100010035202500002,Bengaluru Urban,Cyber Fraud,2,2025-12-21,0.8409478040990123
36714,800271040202500002,Yadgir,Theft,2,2025-11-16,0.8405514130928993
31654,400210897202500002,Chikkamagaluru,Cyber Fraud,2,2025-11-20,0.8398753062078972
27791,100170791202500013,Chitradurga,Cyber Fraud,2,2025-12-15,0.8389426939961495
33599,800230960202500001,Haveri,Cyber Fraud,2,2025-10-22,0.8388216863893296
37861,100291079202500009,Chikkaballapura,Cyber Fraud,2,2025-10-04,0.8383383464277859
24504,100140692202500004,Raichur,Cyber Fraud,2,2025-11-03,0.837965990579543
4168,300010079202500001,Bengaluru Urban,Cyber Fraud,2,2025-12-10,0.8374148566814217
27713,100170795202500011,Chitradurga,Cyber Fraud,2,2025-11-14,0.8373899864271541
6523,100020215202500001,Bengaluru Rural,Cyber Fraud,2,2025-10-17,0.8356724086562856
33568,100230950202500011,Haveri,Cyber Fraud,2,2025-12-04,0.8273565549488441
22134,100120638202500003,Mandya,Cyber Fraud,2,2025-11-16,0.8255848879365559
25410,800150724202500002,Bidar,Auto Theft,2,2025-10-22,0.8250326662528935
12747,100050359202500002,Kalaburagi,Burglary,2,2025-12-20,0.824850584567144
23183,100130657202500001,Hassan,Theft,2,2025-10-14,0.8245246568407499
17404,100080521202500008,Vijayapura,Cyber Fraud,2,2025-12-20,0.8242446629276575
11171,100040315202500006,Belagavi,Cyber Fraud,2,2025-11-18,0.8224195819390957
26373,100160753202500002,Bagalkote,Auto Theft,2,2025-12-03,0.8222586149628407
18392,100090542202500003,Dharwad,Cyber Fraud,2,2025-12-02,0.819453805214703
21234,800110592202500002,Shivamogga,Theft,2,2025-11-25,0.8178320138874866
37808,100291068202500005,Chikkaballapura,Cyber Fraud,2,2025-10-06,0.81774660339519
22222,100120653202500007,Mandya,Cyber Fraud,2,2025-11-07,0.8124496506656005
10702,100040321202500002,Belagavi,Cyber Fraud,2,2025-10-13,0.812021427968288
36734,100271038202500008,Yadgir,Cyber Fraud,2,2025-10-06,0.8115951533194813
8379,100030231202500007,Mysuru,Theft,2,2025-10-20,0.8085929202394272
34467,100240990202500009,Chamarajanagara,Theft,2,2025-12-01,0.8071289097515084
28494,100180820202500002,Kolar,Auto Theft,2,2025-11-25,0.8054406573694703
5556,100010136202500006,Bengaluru Urban,Theft,2,2025-10-16,0.8052388388427852
27735,100170785202500009,Chitradurga,Cyber Fraud,2,2025-10-04,0.8040033386952435
28509,300180811202500001,Kolar,Theft,2,2025-12-21,0.8035469734747512
30595,300200880202500001,Davanagere,Auto Theft,2,2025-10-19,0.8020076797821529
6616,100020211202500004,Bengaluru Rural,Auto Theft,2,2025-10-12,0.8016466241518738
12915,100050378202500003,Kalaburagi,Cyber Fraud,2,2025-10-07,0.8011528170614423
32537,100220935202500009,Koppal,Cyber Fraud,2,2025-12-29,0.7967011765812166
38569,800301106202500001,Ramanagara,Criminal Breach of Trust (Financial),2,2025-12-16,0.7949355999276495
6631,100020209202500002,Bengaluru Rural,Cheating,2,2025-10-27,0.794297724183296
11563,100040301202500015,Belagavi,Cyber Fraud,2,2025-12-03,0.7908827713269074
5981,300010176202500001,Bengaluru Urban,Cyber Fraud,2,2025-10-25,0.7906956715575102
13032,100050395202500007,Kalaburagi,Burglary,2,2025-10-14,0.7899359442698964
29684,100190847202500008,Udupi,Theft,2,2025-12-22,0.7883956484969049
5280,100010100202500005,Bengaluru Urban,Theft,2,2025-12-26,0.7882711746317709
10896,100040314202500003,Belagavi,Burglary,2,2025-12-04,0.7866199150369327
28750,400180830202500001,Kolar,Theft,2,2025-11-04,0.7863769209776186
11227,100040333202500008,Belagavi,Auto Theft,2,2025-12-24,0.785480343524224
30608,100200875202500003,Davanagere,Auto Theft,2,2025-12-20,0.7853813842362349
10767,100040317202500001,Belagavi,Cyber Fraud,2,2025-10-24,0.7847818827424454
23451,100130682202500007,Hassan,Theft,2,2025-12-14,0.78376796630801
19669,100100589202500001,Dakshina Kannada,Cyber Fraud,2,2025-10-13,0.7801192901840412
16300,100070485202500008,Ballari,Cyber Fraud,2,2025-10-12,0.7783252615913747
36063,800261026202500001,Uttara Kannada,Cheating,2,2025-11-25,0.7778818923310704
37950,100291083202500004,Chikkaballapura,Auto Theft,2,2025-12-02,0.777575776687348
8005,100030253202500001,Mysuru,Auto Theft,2,2025-10-15,0.7772251251119165
14950,100060403202500007,Tumakuru,Theft,2,2025-11-20,0.775770206301018
4435,100010046202500003,Bengaluru Urban,Cyber Fraud,2,2025-10-02,0.7755078966131718
14459,100060411202500001,Tumakuru,Theft,2,2025-11-19,0.7742686540921576
11339,100040314202500008,Belagavi,Burglary,2,2025-12-16,0.7739787227512795
22087,100120642202500001,Mandya,Auto Theft,2,2025-12-27,0.7737867044683814
21181,100110599202500014,Shivamogga,Auto Theft,2,2025-12-18,0.7735552292532083
16161,400070450202500001,Ballari,Theft,2,2025-11-27,0.7733689845408249
11022,300040302202500001,Belagavi,Cyber Fraud,2,2025-10-22,0.7728140218142235
11013,100040334202500006,Belagavi,Theft,2,2025-11-08,0.7728082643436252
17467,100080492202500012,Vijayapura,Cyber Fraud,2,2025-10-14,0.7713182914686189
23178,100130669202500002,Hassan,Theft,2,2025-10-03,0.7709082557812017
38576,100301099202500003,Ramanagara,Cyber Fraud,2,2025-12-15,0.7706755751048686
36636,300271053202500001,Yadgir,Cyber Fraud,2,2025-10-17,0.7702696775490812
36029,100261017202500008,Uttara Kannada,Theft,2,2025-12-04,0.7696309637686167
24545,100140697202500013,Raichur,Theft,2,2025-10-28,0.7695661686576596
5718,300010095202500001,Bengaluru Urban,Theft,2,2025-11-05,0.7675416775912892
4110,100010084202500001,Bengaluru Urban,Theft,2,2025-11-27,0.7674891744144406
32535,300220925202500001,Koppal,Theft,2,2025-11-23,0.7671108094806489
23382,100130678202500009,Hassan,Burglary,2,2025-10-10,0.7669232462467321
32388,100220925202500001,Koppal,Auto Theft,2,2025-10-11,0.7667270328748133
11638,100040328202500006,Belagavi,Theft,2,2025-12-25,0.7660079733271632
19648,100100577202500001,Dakshina Kannada,Criminal Breach of Trust (Financial),2,2025-10-20,0.7659182051849012
30907,100200883202500012,Davanagere,Theft,2,2025-10-25,0.7657654735642505
8411,100030225202500005,Mysuru,Theft,2,2025-12-21,0.7654871108648659
35874,100261012202500002,Uttara Kannada,Theft,2,2025-12-07,0.7651437222902511
30863,100200889202500008,Davanagere,Theft,2,2025-10-26,0.7647458307524819
29626,100190856202500016,Udupi,Cheating,2,2025-11-22,0.763941778415143
19873,800100589202500001,Dakshina Kannada,Theft,2,2025-12-13,0.7637200300539992
32494,100220940202500006,Koppal,Theft,2,2025-11-27,0.7628911388955818
34453,400240989202500001,Chamarajanagara,Burglary,2,2025-11-17,0.7622968197409477
28758,100180833202500008,Kolar,Auto Theft,2,2025-12-17,0.7615464979795497
13257,400050377202500001,Kalaburagi,Arson,2,2025-11-06,0.7614480734401806
14445,400060401202500001,Tumakuru,Cyber Fraud,2,2025-12-13,0.7612193363163579
10895,100040299202500005,Belagavi,Theft,2,2025-10-08,0.7608734617067389
32511,100220919202500007,Koppal,Auto Theft,2,2025-10-19,0.7607961632765307
28592,800180806202500002,Kolar,Theft,2,2025-12-15,0.760448447305483
11633,100040345202500010,Belagavi,Theft,2,2025-10-25,0.7599694630720902
26583,100160760202500004,Bagalkote,Theft,2,2025-10-28,0.7580937261716012
32479,300220918202500001,Koppal,Burglary,2,2025-10-06,0.7573792280492948
29585,100190834202500005,Udupi,Burglary,2,2025-10-17,0.7572798424033104
17300,800080498202500001,Vijayapura,Theft,2,2025-10-18,0.7572658170865033
26622,100160756202500007,Bagalkote,Theft,2,2025-11-27,0.7569231449155799
4294,100010173202500002,Bengaluru Urban,Cyber Fraud,2,2025-11-05,0.755710504878239
39547,100311115202500004,Vijayanagara,Theft,2,2025-10-02,0.7555913776959168
35906,100261026202500003,Uttara Kannada,Burglary,2,2025-11-18,0.7554002142223728
4167,100010054202500001,Bengaluru Urban,Cyber Fraud,2,2025-12-18,0.7550254495947792
34365,100240972202500009,Chamarajanagara,Theft,2,2025-12-04,0.7539299817050391
17342,100080507202500003,Vijayapura,Auto Theft,2,2025-10-21,0.7536827121289131
32519,100220935202500008,Koppal,Theft,2,2025-11-21,0.752104144864699
5394,100010099202500008,Bengaluru Urban,Cyber Fraud,2,2025-11-27,0.7515654964382797
32657,100220924202500006,Koppal,Theft,2,2025-12-04,0.7499671311064013
28460,100180809202500001,Kolar,Theft,2,2025-10-12,0.749879613424026
4278,100010041202500003,Bengaluru Urban,Theft,2,2025-11-08,0.749795676240967
18444,100090553202500002,Dharwad,Cheating,2,2025-12-28,0.7494724341457969
29540,100190853202500008,Udupi,Theft,2,2025-11-10,0.7491700182683454
29557,100190848202500004,Udupi,Theft,2,2025-10-25,0.749078417219057
8303,100030246202500004,Mysuru,Theft,2,2025-12-07,0.7478640150030377
29543,800190854202500001,Udupi,Auto Theft,2,2025-12-18,0.7474018659124029
20039,100100560202500011,Dakshina Kannada,Theft,2,2025-10-25,0.74693655582209
19692,100100559202500001,Dakshina Kannada,Cyber Fraud,2,2025-12-25,0.746599849014336
21201,100110602202500010,Shivamogga,Auto Theft,2,2025-11-12,0.7465781599940439
11656,800040301202500001,Belagavi,Auto Theft,2,2025-12-05,0.7464492888331552
4174,100010037202500002,Bengaluru Urban,Cyber Fraud,2,2025-10-03,0.746237363344028
10683,100040335202500001,Belagavi,Theft,2,2025-11-28,0.7462062807655778
4332,100010110202500001,Bengaluru Urban,Theft,2,2025-10-22,0.7457473914001538
12948,800050389202500001,Kalaburagi,Cheating,2,2025-10-08,0.7454612690641448
8247,100030220202500007,Mysuru,Theft,2,2025-12-01,0.7449549038760359
5904,100010052202500012,Bengaluru Urban,Theft,2,2025-12-10,0.7448518259400443
30676,400200871202500001,Davanagere,Cheating,2,2025-10-21,0.7445551057854842
30669,800200882202500001,Davanagere,Theft,2,2025-12-01,0.744381409315232
5969,100010179202500011,Bengaluru Urban,Cyber Fraud,2,2025-11-09,0.7440255526328711
5889,800010117202500003,Bengaluru Urban,Burglary,2,2025-11-29,0.7432443019761411
22334,100120631202500011,Mandya,Cheating,2,2025-12-23,0.7426751819292106
13023,100050385202500009,Kalaburagi,Theft,2,2025-12-25,0.7425063156108651
4447,100010141202500006,Bengaluru Urban,Theft,2,2025-10-15,0.7387431695160694
10810,100040299202500003,Belagavi,Theft,2,2025-10-12,0.7370640766750686
22320,100120643202500013,Mandya,Auto Theft,2,2025-11-11,0.7369139557178532
33449,300230949202500001,Haveri,Auto Theft,2,2025-11-06,0.7366522040227655
11645,100040298202500004,Belagavi,Auto Theft,2,2025-10-24,0.735639022578982
12862,100050377202500003,Kalaburagi,Theft,2,2025-11-20,0.7349178869661468
27443,100170805202500001,Chitradurga,Theft,2,2025-11-05,0.7349042378502233
32474,100220935202500006,Koppal,Burglary,2,2025-11-20,0.7348651669374583
11023,400040320202500001,Belagavi,Auto Theft,2,2025-12-09,0.7348230576409881
29464,100190842202500001,Udupi,Cyber Fraud,2,2025-10-28,0.7343857854664811
14754,100060432202500011,Tumakuru,Theft,2,2025-10-13,0.7336113397024365
25333,100150739202500002,Bidar,Theft,2,2025-11-16,0.7334340660289975
35993,100261013202500010,Uttara Kannada,Theft,2,2025-10-12,0.7334297558508889
18569,800090543202500002,Dharwad,Burglary,2,2025-11-26,0.7332362778313973
5060,100010094202500006,Bengaluru Urban,Cyber Fraud,2,2025-12-02,0.7328813332575254
20900,400110621202500001,Shivamogga,Criminal Breach of Trust,2,2025-12-12,0.7322839348852993
5046,100010126202500006,Bengaluru Urban,Cyber Fraud,2,2025-12-11,0.731899242417833
23486,100130665202500013,Hassan,Theft,2,2025-11-06,0.7318109659540805
12938,100050359202500004,Kalaburagi,Theft,2,2025-12-13,0.7308280771586514
23170,100130662202500001,Hassan,Cheating,2,2025-11-14,0.7305947317604429
16303,400070464202500001,Ballari,Cyber Fraud,2,2025-11-18,0.7295033353028274
4464,100010083202500003,Bengaluru Urban,Theft,2,2025-11-10,0.7295003112715247
10979,100040314202500004,Belagavi,Theft,2,2025-10-29,0.7289476921971293
37833,800291083202500001,Chikkaballapura,Theft,2,2025-12-05,0.7287515627964004
37951,100291089202500007,Chikkaballapura,Cheating,2,2025-12-13,0.7274972830259703
4617,100010184202500003,Bengaluru Urban,Cyber Fraud,2,2025-11-09,0.7268056179658966
25567,100150726202500012,Bidar,Theft,2,2025-10-21,0.7263716411552511
18531,100090540202500008,Dharwad,Theft,2,2025-12-07,0.7262246953833041
20016,100100579202500008,Dakshina Kannada,Theft,2,2025-11-27,0.7259486890385065
23249,100130661202500003,Hassan,Theft,2,2025-10-05,0.7253366931896336
27467,100170781202500001,Chitradurga,Auto Theft,2,2025-10-11,0.7252145652306298
22378,100120630202500009,Mandya,Theft,2,2025-12-18,0.7251638219766983
37994,100291083202500005,Chikkaballapura,Theft,2,2025-10-22,0.7247198499442108
8343,100030233202500009,Mysuru,Auto Theft,2,2025-12-12,0.7246854989603111
35760,800261029202500001,Uttara Kannada,Theft,2,2025-11-26,0.7242266920343925
32425,100220919202500003,Koppal,Cheating,2,2025-10-02,0.7239834883638883
21026,100110614202500005,Shivamogga,Auto Theft,2,2025-10-18,0.7239461115384396
22068,100120647202500001,Mandya,Theft,2,2025-12-12,0.7228618846763699
28594,100180812202500004,Kolar,Theft,2,2025-11-12,0.7227388210930497
36638,800271042202500001,Yadgir,Cheating,2,2025-12-28,0.7224979922836481
20871,100110600202500001,Shivamogga,Burglary,2,2025-11-12,0.7195946826900953
30954,100200874202500014,Davanagere,Theft,2,2025-11-17,0.7193704554244222
34914,100250999202500002,Gadag,Cyber Fraud,2,2025-10-25,0.7177342245007331
33403,300230956202500001,Haveri,Auto Theft,2,2025-10-13,0.7159477673163077
19864,100100566202500006,Dakshina Kannada,Theft,2,2025-12-17,0.715013571873998
37949,300291091202500001,Chikkaballapura,Burglary,2,2025-10-22,0.7142547618923143
8272,100030265202500005,Mysuru,Cheating,2,2025-12-03,0.714081481896056
28636,100180821202500008,Kolar,Criminal Breach of Trust,2,2025-11-13,0.7136102304938883
29615,800190841202500002,Udupi,Theft,2,2025-12-04,0.7135577400735963
25351,100150720202500004,Bidar,Cheating,2,2025-11-03,0.7131432593428935
11037,100040275202500003,Belagavi,Theft,2,2025-12-11,0.7128572648808738
37087,300281060202500001,Kodagu,Theft,2,2025-12-21,0.7118821823942604
20066,300100562202500001,Dakshina Kannada,Cyber Fraud,2,2025-10-19,0.7116547454688797
8014,100030242202500001,Mysuru,Theft,2,2025-12-09,0.7114416736137912
8585,100030236202500010,Mysuru,Cheating,2,2025-12-01,0.7109436604050845
27707,100170778202500010,Chitradurga,Burglary,2,2025-12-20,0.7108175885302984
26576,100160759202500004,Bagalkote,Theft,2,2025-10-12,0.7104066906440941
16151,100070451202500010,Ballari,Auto Theft,2,2025-12-24,0.7101538829831263
33619,100230962202500009,Haveri,Auto Theft,2,2025-10-05,0.7099611093008055
11355,100040296202500011,Belagavi,Theft,2,2025-10-02,0.7097443562796225
27608,100170781202500009,Chitradurga,Auto Theft,2,2025-12-12,0.7093384133537203
39477,100311113202500008,Vijayanagara,Theft,2,2025-12-21,0.7089609166105653
31676,100210904202500008,Chikkamagaluru,Theft,2,2025-12-26,0.7084277322207237
21001,100110591202500003,Shivamogga,Theft,2,2025-10-23,0.7081071948422534
28683,100180823202500008,Kolar,Burglary,2,2025-10-06,0.7077890258729748
19859,100100566202500005,Dakshina Kannada,Theft,2,2025-10-21,0.7071054161833608
18549,100090548202500010,Dharwad,Burglary,2,2025-10-11,0.7070880293842962
24347,100140709202500004,Raichur,Theft,2,2025-12-24,0.707047133982599
19666,300100555202500001,Dakshina Kannada,Criminal Breach of Trust,2,2025-12-07,0.707022338168182
11387,100040310202500009,Belagavi,Theft,2,2025-11-22,0.7065521904927186
23462,100130678202500011,Hassan,Auto Theft,2,2025-12-02,0.7061613847074409
4242,100010074202500001,Bengaluru Urban,Theft,2,2025-10-29,0.7057983014824514
28621,100180823202500003,Kolar,Burglary,2,2025-12-10,0.7054417350616874
34426,100240977202500008,Chamarajanagara,Auto Theft,2,2025-12-28,0.7054297044225849
12804,800050386202500001,Kalaburagi,Robbery,2,2025-12-22,0.7053675597153466
10925,300040336202500001,Belagavi,Theft,2,2025-12-28,0.7048830325740398
11249,100040297202500005,Belagavi,Theft,2,2025-12-04,0.7046938323682327
30690,100200860202500009,Davanagere,Cyber Fraud,2,2025-12-17,0.7046865307835531
10712,100040315202500002,Belagavi,Cheating,2,2025-10-28,0.7046440126124968
4171,100010092202500001,Bengaluru Urban,Theft,2,2025-12-13,0.7042944296350334
30650,300200879202500001,Davanagere,Theft,2,2025-12-14,0.7040512816336417
22102,100120638202500002,Mandya,Cheating,2,2025-12-17,0.703710519743287
13089,100050388202500008,Kalaburagi,Cheating,2,2025-12-18,0.7033329706074547
17587,100080520202500015,Vijayapura,Auto Theft,2,2025-10-17,0.7027210419293394
22221,100120631202500008,Mandya,Burglary,2,2025-10-22,0.7025922699286499
30687,100200860202500008,Davanagere,Theft,2,2025-11-19,0.7023156409393825
23264,100130657202500004,Hassan,Burglary,2,2025-11-23,0.7016224268424359
19843,100100567202500005,Dakshina Kannada,Kidnapping & Abduction,1,2025-12-16,0.7012227322659926
11166,100040325202500004,Belagavi,Auto Theft,2,2025-11-09,0.7010059101696856
13079,400050400202500002,Kalaburagi,Theft,2,2025-11-25,0.7009943075784251
13092,100050396202500008,Kalaburagi,Burglary,2,2025-10-14,0.7000980931519352
25572,300150724202500003,Bidar,Auto Theft,2,2025-10-17,0.6997877659452503
21230,100110600202500010,Shivamogga,Cyber Fraud,2,2025-12-04,0.6996960173484145
11114,100040348202500003,Belagavi,Auto Theft,2,2025-12-10,0.6996715304601416
14601,100060412202500003,Tumakuru,Theft,2,2025-11-12,0.6993263287517426
4236,100010072202500001,Bengaluru Urban,Theft,2,2025-10-21,0.6990319192302693
26425,100160775202500005,Bagalkote,Auto Theft,2,2025-10-24,0.6990062612912934
4762,300010189202500001,Bengaluru Urban,Theft,2,2025-12-28,0.6989094852859279
33531,100230961202500007,Haveri,Theft,2,2025-10-03,0.698122257831992
8011,100030241202500001,Mysuru,Theft,2,2025-10-22,0.6979980661520848
17401,300080506202500001,Vijayapura,Cyber Fraud,2,2025-12-02,0.6978759309806453
29437,100190837202500004,Udupi,Theft,2,2025-10-03,0.6967218155493013
26492,100160745202500012,Bagalkote,Auto Theft,2,2025-12-25,0.6965563026204985
12793,100050374202500002,Kalaburagi,Burglary,2,2025-12-04,0.6960067657916004
14798,100060407202500010,Tumakuru,Theft,2,2025-10-23,0.6957475652250216
16048,100070451202500006,Ballari,Theft,2,2025-10-05,0.6948899972605018
39347,100311128202500002,Vijayanagara,Theft,2,2025-10-02,0.6936159970635469
29449,100190836202500003,Udupi,Theft,2,2025-10-21,0.6935767373616505
19826,800100565202500001,Dakshina Kannada,Dacoity,1,2025-11-10,0.6935093819485325
17255,100080508202500001,Vijayapura,Burglary,2,2025-12-29,0.6932256217220425
37770,100291076202500001,Chikkaballapura,Cheating,2,2025-11-16,0.693138827895939
29629,100190850202500010,Udupi,Theft,2,2025-11-03,0.6929283895684194
8359,100030254202500005,Mysuru,Cyber Fraud,2,2025-10-17,0.6927773642584056
10761,100040332202500003,Belagavi,Theft,2,2025-12-23,0.6924490312624554
13109,100050383202500010,Kalaburagi,Burglary,2,2025-11-02,0.6920095008600513
39446,100311124202500009,Vijayanagara,Theft,2,2025-11-02,0.6919746790974739
39320,100311126202500002,Vijayanagara,Theft,2,2025-10-20,0.6918709780560588
37863,100291072202500006,Chikkaballapura,Cheating,2,2025-10-09,0.6918324628823163
17379,100080489202500004,Vijayapura,Burglary,2,2025-12-09,0.6900675379747809
30935,300200874202500001,Davanagere,Cyber Fraud,2,2025-12-03,0.6900162076698729
35006,100251008202500007,Gadag,Auto Theft,2,2025-11-24,0.6890403379516201
14976,800060423202500001,Tumakuru,Auto Theft,2,2025-12-23,0.688969862625653
28754,300180812202500001,Kolar,Criminal Breach of Trust (Financial),2,2025-10-08,0.6884213629241476
13062,100050383202500007,Kalaburagi,Auto Theft,2,2025-11-26,0.6882045336827607
17475,100080502202500006,Vijayapura,Cheating,2,2025-10-19,0.6859622607723331
5161,400010069202500002,Bengaluru Urban,Burglary,2,2025-11-03,0.6854248703625127
14752,100060420202500008,Tumakuru,Auto Theft,2,2025-11-04,0.68399369811509
5411,100010052202500011,Bengaluru Urban,Cyber Fraud,2,2025-11-23,0.6837392608583391
18479,100090533202500004,Dharwad,Theft,2,2025-12-01,0.6833715207741776
6564,100020206202500002,Bengaluru Rural,Cheating,2,2025-11-07,0.6832122139588253
34353,800240985202500001,Chamarajanagara,Cheating,2,2025-11-05,0.6825664918525542
37189,300281059202500002,Kodagu,Theft,2,2025-12-04,0.6822136466670872
8538,100030260202500008,Mysuru,Cheating,2,2025-12-28,0.6816061615665856
14605,100060444202500005,Tumakuru,Cheating,2,2025-11-27,0.6812750323807695
20898,800110596202500001,Shivamogga,Assault on Women (Outrage Modesty),2,2025-12-04,0.681155108336744
35824,100261021202500004,Uttara Kannada,Burglary,2,2025-12-19,0.6805364510067572
11498,100040282202500005,Belagavi,Theft,2,2025-11-17,0.679980923663939
38013,100291071202500004,Chikkaballapura,Theft,2,2025-12-15,0.6798600401146981
21152,100110614202500011,Shivamogga,Cyber Fraud,2,2025-12-25,0.6795089251957801
6049,100010073202500008,Bengaluru Urban,Cheating,2,2025-10-10,0.6788937236506564
11520,100040282202500006,Belagavi,Robbery,2,2025-11-03,0.6768645314007852
36737,100271037202500014,Yadgir,Dacoity,1,2025-10-04,0.6758650302086665
27669,100170793202500007,Chitradurga,Burglary,2,2025-10-20,0.675857323928426
14681,100060430202500005,Tumakuru,Theft,2,2025-12-24,0.6752246332394659
31539,100210897202500004,Chikkamagaluru,Cheating,2,2025-10-19,0.6751255530930733
18649,100090540202500010,Dharwad,Criminal Breach of Trust (Financial),2,2025-10-25,0.6745234506577659
18387,100090548202500001,Dharwad,Cheating,2,2025-11-05,0.6740171638575673
26546,100160752202500003,Bagalkote,Cyber Fraud,2,2025-12-20,0.6739631647826844
8498,100030245202500011,Mysuru,Theft,2,2025-10-04,0.673786430733762
35990,100261030202500011,Uttara Kannada,Cyber Fraud,2,2025-11-24,0.6728132806876693
24608,100140693202500014,Raichur,Criminal Breach of Trust,2,2025-11-06,0.6718826988045798
15930,100070487202500001,Ballari,Cheating,2,2025-12-07,0.6715747658925616
4896,100010045202500008,Bengaluru Urban,Theft,2,2025-12-19,0.6710206906030404
4218,800010198202500001,Bengaluru Urban,Cyber Fraud,2,2025-12-02,0.6704673237326055
34428,100240982202500009,Chamarajanagara,Burglary,2,2025-10-05,0.6695842424543814
11059,300040304202500001,Belagavi,Criminal Breach of Trust,2,2025-11-24,0.6677334158831649
11260,100040281202500006,Belagavi,Cyber Fraud,2,2025-10-15,0.6676488299990522
5474,100010107202500008,Bengaluru Urban,Auto Theft,2,2025-11-13,0.666301934683845
18643,100090538202500005,Dharwad,Cheating,2,2025-12-07,0.6646634267320244
12750,100050384202500001,Kalaburagi,Cheating,2,2025-11-16,0.6624931545495061
16254,100070483202500008,Ballari,Cheating,2,2025-11-22,0.6624543522677477
29539,100190849202500004,Udupi,Auto Theft,2,2025-11-17,0.6619694993471379
8377,100030219202500003,Mysuru,Burglary,2,2025-12-22,0.6619235995752809
25560,100150732202500007,Bidar,Criminal Breach of Trust (Financial),2,2025-10-28,0.6615647577912448
29569,400190845202500001,Udupi,Dacoity,1,2025-10-23,0.6603282041118622
31658,100210911202500006,Chikkamagaluru,Auto Theft,2,2025-12-24,0.6599610485417049
8314,100030231202500006,Mysuru,Cheating,2,2025-12-11,0.659776915071555
4549,100010098202500002,Bengaluru Urban,Theft,2,2025-11-28,0.6591735047492395
24598,100140706202500009,Raichur,Cyber Fraud,2,2025-10-25,0.6588941322899537
8069,100030251202500002,Mysuru,Auto Theft,2,2025-11-02,0.6577734946605275
35839,100261034202500007,Uttara Kannada,Theft,2,2025-11-24,0.6575882519094294
18719,100090542202500011,Dharwad,Theft,2,2025-11-16,0.6574320281419991
26513,100160751202500009,Bagalkote,Theft,2,2025-12-01,0.6573919139086412
31651,100210909202500002,Chikkamagaluru,Auto Theft,2,2025-10-16,0.6553800364541326
21081,100110599202500010,Shivamogga,Theft,2,2025-10-25,0.6551430434787735
8474,100030229202500007,Mysuru,Cheating,2,2025-12-21,0.6542420556204965
23288,300130665202500001,Hassan,Auto Theft,2,2025-12-06,0.6537234475983171
5456,100010200202500007,Bengaluru Urban,Theft,2,2025-12-18,0.6535744925977514
34343,100240987202500007,Chamarajanagara,Theft,2,2025-10-14,0.6532434143735322
4077,100010037202500001,Bengaluru Urban,Theft,2,2025-12-05,0.6522563787262533
29415,100190836202500002,Udupi,Burglary,2,2025-11-10,0.6517740897038411
14763,100060406202500009,Tumakuru,Cyber Fraud,2,2025-10-11,0.6517587991647504
4560,100010140202500002,Bengaluru Urban,Cheating,2,2025-10-12,0.651586022557412
12837,100050380202500004,Kalaburagi,Cheating,2,2025-10-26,0.6515005319077066
4749,300010034202500001,Bengaluru Urban,Burglary,2,2025-11-15,0.6507360288536651
35036,100251005202500008,Gadag,Cheating,2,2025-10-20,0.6501675008290986
5667,300010131202500001,Bengaluru Urban,Burglary,2,2025-11-06,0.6488279431941594
19659,100100554202500001,Dakshina Kannada,Dacoity,1,2025-10-03,0.6486688194187387
24594,300140688202500001,Raichur,Cyber Fraud,2,2025-10-16,0.6485494139669226
24592,100140691202500006,Raichur,Burglary,2,2025-10-22,0.6483933478765215
12877,100050374202500004,Kalaburagi,Cheating,2,2025-11-09,0.6482190535641359
11554,100040313202500013,Belagavi,Burglary,2,2025-12-01,0.646922403240494
10889,300040344202500001,Belagavi,Cheating,2,2025-11-07,0.6464885786409639
4758,100010090202500004,Bengaluru Urban,Cheating,2,2025-11-20,0.6463856442001862
8497,100030265202500008,Mysuru,Cyber Fraud,2,2025-10-03,0.6463436800257993
5561,100010141202500013,Bengaluru Urban,Burglary,2,2025-10-12,0.6462838276706764
10757,100040275202500001,Belagavi,Cheating,2,2025-10-07,0.6458258046206057
4589,100010191202500002,Bengaluru Urban,Robbery,2,2025-10-15,0.6453249148634262
19825,100100588202500008,Dakshina Kannada,Kidnapping & Abduction,1,2025-12-01,0.6451955101114479
14736,100060418202500006,Tumakuru,Cheating,2,2025-11-13,0.6450607430126337
25522,100150734202500014,Bidar,Cyber Fraud,2,2025-11-22,0.6438920698249866
8404,300030225202500002,Mysuru,Cyber Fraud,2,2025-11-14,0.6437837922406873
8551,100030260202500009,Mysuru,Cheating,2,2025-10-22,0.6436373192410895
26681,100160761202500014,Bagalkote,Burglary,2,2025-11-21,0.643458007724638
8529,100030248202500012,Mysuru,Burglary,2,2025-10-26,0.643218534414337
5260,100010078202500010,Bengaluru Urban,Theft,2,2025-11-23,0.6429758287861725
39539,800311116202500001,Vijayanagara,Burglary,2,2025-11-04,0.6428723688748563
22234,100120654202500003,Mandya,Cheating,2,2025-12-06,0.6415793538578464
20912,100110613202500001,Shivamogga,Cyber Fraud,2,2025-11-08,0.6412822569316591
5376,100010101202500003,Bengaluru Urban,Theft,2,2025-12-19,0.6402565137705225
4161,100010188202500001,Bengaluru Urban,Theft,2,2025-12-06,0.6388518116094547
18511,100090528202500005,Dharwad,Auto Theft,2,2025-10-02,0.6386065992229809
24566,100140702202500011,Raichur,Criminal Breach of Trust,2,2025-12-22,0.6380898403933974
22026,100120640202500001,Mandya,Dacoity,1,2025-12-05,0.6375964288638776
34985,100250996202500007,Gadag,Cheating,2,2025-10-11,0.6374281503494191
18648,800090543202500003,Dharwad,Auto Theft,2,2025-12-13,0.636497469307318
4331,100010041202500004,Bengaluru Urban,Burglary,2,2025-11-29,0.6358951996389004
31697,100210898202500002,Chikkamagaluru,Burglary,2,2025-11-12,0.6354268995359001
13224,400050389202500001,Kalaburagi,Cheating,2,2025-12-02,0.635204173753655
36005,100261013202500011,Uttara Kannada,Cyber Fraud,2,2025-11-15,0.6349679557776865
5372,100010046202500013,Bengaluru Urban,Burglary,2,2025-10-14,0.6345873906171586
16030,100070483202500003,Ballari,Cheating,2,2025-11-11,0.6340946793930622
31710,100210901202500013,Chikkamagaluru,Theft,2,2025-12-20,0.6339742897344267
8540,100030250202500008,Mysuru,Cyber Fraud,2,2025-12-12,0.6336413460567456
39591,100311121202500013,Vijayanagara,Criminal Breach of Trust (Financial),2,2025-10-23,0.6334520576155117
5935,100010064202500009,Bengaluru Urban,Auto Theft,2,2025-12-20,0.6325834935218589
20048,100100558202500015,Dakshina Kannada,Counterfeiting,2,2025-11-03,0.6325743111558235
17483,100080515202500007,Vijayapura,Cheating,2,2025-12-04,0.6296472084225102
38605,100301094202500009,Ramanagara,Auto Theft,2,2025-11-10,0.6293512239316192
8533,100030252202500012,Mysuru,Robbery,2,2025-10-23,0.6287800169136131
5595,100010136202500007,Bengaluru Urban,Burglary,2,2025-11-09,0.6286510105927837
4528,100010129202500003,Bengaluru Urban,Auto Theft,2,2025-12-09,0.6280231788743073
26615,100160747202500007,Bagalkote,Cheating,2,2025-10-08,0.6277720305113077
31634,100210911202500005,Chikkamagaluru,Criminal Breach of Trust (Financial),2,2025-10-08,0.6275778346834261
34940,100251001202500003,Gadag,Theft,2,2025-11-08,0.6266172428146904
38664,100301094202500018,Ramanagara,Cyber Fraud,2,2025-10-28,0.626582202060453
19869,100100585202500004,Dakshina Kannada,Criminal Breach of Trust (Financial),2,2025-10-12,0.6265135060874519
4722,100010167202500004,Bengaluru Urban,Criminal Breach of Trust,2,2025-10-26,0.6263562757796652
39346,100311133202500001,Vijayanagara,Burglary,2,2025-11-04,0.6260866493460561
8093,300030234202500001,Mysuru,Burglary,2,2025-12-02,0.6258725841268904
23260,100130671202500006,Hassan,Criminal Breach of Trust (Financial),2,2025-12-01,0.6247361519836727
29550,100190850202500006,Udupi,Cyber Fraud,2,2025-11-08,0.6246746709863246
18523,800090545202500001,Dharwad,Burglary,2,2025-12-10,0.6234034753896639
19915,100100579202500005,Dakshina Kannada,Robbery,2,2025-12-18,0.622678886042672
26541,100160747202500005,Bagalkote,Cyber Fraud,2,2025-10-06,0.6215280224702783
37881,300291080202500001,Chikkaballapura,Burglary,2,2025-11-05,0.6211255312495523
4366,100010161202500003,Bengaluru Urban,Criminal Breach of Trust (Financial),2,2025-10-05,0.6204398645915816
8083,100030259202500001,Mysuru,Theft,2,2025-11-23,0.6201254373949675
38031,100291069202500012,Chikkaballapura,Criminal Breach of Trust,2,2025-12-27,0.6169092173584114
37914,100291087202500005,Chikkaballapura,Criminal Breach of Trust,2,2025-11-19,0.6159474322224915
29645,100190849202500008,Udupi,Cyber Fraud,2,2025-11-04,0.615705885659501
14578,100060423202500003,Tumakuru,Burglary,2,2025-10-11,0.6154373943903272
20924,100110591202500001,Shivamogga,Burglary,2,2025-11-23,0.6152232433942547
38686,100301094202500019,Ramanagara,Auto Theft,2,2025-11-27,0.6149065163707851
5578,100010056202500012,Bengaluru Urban,Theft,2,2025-12-24,0.614663224504117
26718,100160775202500011,Bagalkote,Cheating,2,2025-10-21,0.6143515084958512
5438,100010049202500003,Bengaluru Urban,Burglary,2,2025-11-26,0.6137453946246741
34273,100240980202500004,Chamarajanagara,Simple Hurt,2,2025-12-23,0.6135289766088876
35072,100250997202500006,Gadag,Auto Theft,2,2025-12-10,0.612908829237125
24580,100140697202500015,Raichur,Criminal Breach of Trust,2,2025-11-22,0.6116913757569958
31668,100210913202500004,Chikkamagaluru,Auto Theft,2,2025-12-26,0.6112826078267685
28519,100180811202500002,Kolar,Cyber Fraud,2,2025-10-25,0.6112369765960562
27576,100170805202500005,Chitradurga,Cyber Fraud,2,2025-10-02,0.6108733860205537
14448,100060432202500003,Tumakuru,Cyber Fraud,2,2025-10-03,0.6094903220071074
14731,100060402202500007,Tumakuru,Cyber Fraud,2,2025-10-09,0.6093842329405773
4344,100010076202500003,Bengaluru Urban,Dacoity,1,2025-10-24,0.6093721860992243
30679,100200888202500003,Davanagere,Cyber Fraud,2,2025-10-17,0.6088411379175163
4917,100010066202500005,Bengaluru Urban,Cheating,2,2025-10-14,0.6086126318726567
18631,100090536202500006,Dharwad,Cyber Fraud,2,2025-12-18,0.607585653524795
8620,100030220202500014,Mysuru,Counterfeiting,2,2025-11-28,0.6059720334917237
22260,100120654202500004,Mandya,Robbery,2,2025-11-16,0.6055583971285964
19795,100100564202500004,Dakshina Kannada,Cyber Fraud,2,2025-12-04,0.6045509738830948
5217,100010172202500010,Bengaluru Urban,Criminal Breach of Trust,2,2025-10-29,0.6037678150010689
25405,100150717202500003,Bidar,Burglary,2,2025-11-08,0.6036103424453343
8423,800030226202500001,Mysuru,Dacoity,1,2025-10-16,0.602665916695402
28618,100180807202500002,Kolar,Arson,2,2025-11-07,0.6015917504192089
4573,100010170202500003,Bengaluru Urban,Arson,2,2025-11-03,0.5997647666352847
8080,100030232202500003,Mysuru,Theft,2,2025-12-24,0.5997083595113492
20953,100110616202500003,Shivamogga,Robbery,2,2025-12-15,0.5997082917098451
11611,300040335202500003,Belagavi,Cheating,2,2025-11-02,0.5997016028251165
10740,100040314202500002,Belagavi,Cheating,2,2025-12-05,0.5993000476885131
26646,100160747202500009,Bagalkote,Criminal Breach of Trust (Financial),2,2025-12-17,0.5989404877454472
4225,100010114202500002,Bengaluru Urban,Cyber Fraud,2,2025-11-13,0.5985363235308988
4643,100010187202500001,Bengaluru Urban,Cheating,2,2025-10-28,0.5980019280003616
31622,400210915202500001,Chikkamagaluru,Cheating,2,2025-11-01,0.5979713079834079
11015,100040313202500006,Belagavi,Burglary,2,2025-11-21,0.5974830560118525
14953,100060410202500012,Tumakuru,Burglary,2,2025-10-08,0.5971134387834804
36049,300261035202500001,Uttara Kannada,Robbery,2,2025-12-12,0.5959151998972816
34939,100250994202500005,Gadag,Theft,2,2025-11-17,0.5958705463967514
25468,100150734202500009,Bidar,Criminal Breach of Trust,2,2025-12-15,0.5958633740040526
4985,100010121202500005,Bengaluru Urban,Cheating,2,2025-12-22,0.5955954947522912
6071,100010125202500020,Bengaluru Urban,Criminal Breach of Trust,2,2025-10-10,0.5947015055450517
23370,100130665202500008,Hassan,Cyber Fraud,2,2025-12-27,0.5937686216178766
4748,100010113202500005,Bengaluru Urban,Criminal Breach of Trust (Financial),2,2025-11-14,0.5936890770675204
5547,100010176202500009,Bengaluru Urban,Criminal Breach of Trust,2,2025-11-19,0.5928021063681908
26611,100160771202500010,Bagalkote,Auto Theft,2,2025-12-10,0.5925634247252263
28678,100180814202500010,Kolar,Criminal Breach of Trust,2,2025-10-12,0.5922739297395536
4622,800010054202500001,Bengaluru Urban,Criminal Breach of Trust,2,2025-10-21,0.5919815647154187
27783,100170781202500011,Chitradurga,Theft,2,2025-12-16,0.5916943041731252
8145,100030266202500004,Mysuru,Robbery,2,2025-12-03,0.5910170531379485
5931,100010046202500019,Bengaluru Urban,Cheating,2,2025-12-14,0.5908833435448019
28714,100180814202500011,Kolar,Cyber Fraud,2,2025-10-17,0.5904762541637208
8142,100030255202500006,Mysuru,Auto Theft,2,2025-12-02,0.5892568312052617
20887,100110602202500001,Shivamogga,Assault on Women (Outrage Modesty),2,2025-12-10,0.5886729976286843
36043,100261030202500013,Uttara Kannada,Counterfeiting,2,2025-12-19,0.5885608932534909
33586,100230947202500005,Haveri,Cheating,2,2025-12-22,0.5881365984328233
4805,100010078202500007,Bengaluru Urban,Cyber Fraud,2,2025-12-07,0.5877564953039381
8230,100030271202500005,Mysuru,Cyber Fraud,2,2025-10-16,0.5871807592420372
36027,100261031202500006,Uttara Kannada,Cyber Fraud,2,2025-10-13,0.5871297997851093
5471,100010033202500006,Bengaluru Urban,Robbery,2,2025-11-13,0.5864968992820618
32589,100220921202500008,Koppal,Arson,2,2025-11-20,0.5861476702865
38613,100301095202500006,Ramanagara,Cyber Fraud,2,2025-12-23,0.5858579373289107
5746,100010112202500007,Bengaluru Urban,Cyber Fraud,2,2025-12-04,0.5857694565550305
20034,100100584202500012,Dakshina Kannada,Counterfeiting,2,2025-10-17,0.5854488595428826
30887,300200887202500002,Davanagere,Burglary,2,2025-12-22,0.5853679021743885
31603,400210916202500001,Chikkamagaluru,Cheating,2,2025-12-26,0.5848651527800387
25354,100150743202500003,Bidar,Cyber Fraud,2,2025-11-15,0.5846130893971813
12955,800050386202500002,Kalaburagi,Burglary,2,2025-12-14,0.5839069346953027
36606,100271051202500001,Yadgir,Cheating,2,2025-11-09,0.5838054690225692
34947,100250999202500004,Gadag,Robbery,2,2025-10-14,0.5828667395296344
5129,300010193202500001,Bengaluru Urban,Cyber Fraud,2,2025-11-14,0.5828594033890001
5940,100010039202500009,Bengaluru Urban,Cyber Fraud,2,2025-12-03,0.5825538838179382
35033,100250994202500010,Gadag,Auto Theft,2,2025-11-16,0.582485979850945
4800,800010100202500002,Bengaluru Urban,Cyber Fraud,2,2025-11-13,0.5819410961606583
12894,100050384202500005,Kalaburagi,Cheating,2,2025-12-22,0.5808877159819857
18480,800090549202500001,Dharwad,Robbery,2,2025-10-25,0.5806685072583726
38012,100291080202500011,Chikkaballapura,Cyber Fraud,2,2025-12-27,0.5799533301842371
10823,100040291202500002,Belagavi,Dacoity,1,2025-12-16,0.5799037258009181
4467,100010081202500002,Bengaluru Urban,Cyber Fraud,2,2025-10-11,0.579527334855868
6614,100020216202500003,Bengaluru Rural,Cyber Fraud,2,2025-10-26,0.5792098847059138
8545,100030244202500011,Mysuru,Robbery,2,2025-11-12,0.5786886188264949
14959,100060412202500013,Tumakuru,Cyber Fraud,2,2025-12-21,0.5784911762527107
14612,100060417202500002,Tumakuru,Cyber Fraud,2,2025-11-05,0.5781891864291013
8144,100030229202500001,Mysuru,Cyber Fraud,2,2025-11-17,0.5777831503709331
8602,100030223202500012,Mysuru,Cyber Fraud,2,2025-10-21,0.5754297972374461
17603,100080514202500013,Vijayapura,Arson,2,2025-12-08,0.5751029068203302
14737,100060428202500007,Tumakuru,Cyber Fraud,2,2025-12-03,0.5750109613677259
8095,100030255202500002,Mysuru,Auto Theft,2,2025-10-15,0.5748749295668323
5126,100010089202500005,Bengaluru Urban,Cyber Fraud,2,2025-11-07,0.5746089894915386
30739,100200869202500003,Davanagere,Criminal Breach of Trust (Financial),2,2025-10-05,0.5746003598924307
10857,100040354202500002,Belagavi,Cyber Fraud,2,2025-10-24,0.5725747989118756
4461,800010151202500001,Bengaluru Urban,Theft,2,2025-11-09,0.5723383947443051
27581,800170804202500002,Chitradurga,Theft,2,2025-12-25,0.5718554353596571
34925,100250996202500003,Gadag,Auto Theft,2,2025-10-22,0.5708285406188507
28577,100180821202500005,Kolar,Cyber Fraud,2,2025-11-09,0.5706015679709764
4700,100010166202500005,Bengaluru Urban,Criminal Breach of Trust,2,2025-12-05,0.5697182462796614
37790,800291078202500001,Chikkaballapura,Arson,2,2025-11-05,0.5692550858212315
37769,100291079202500001,Chikkaballapura,Cheating,2,2025-10-03,0.5681669896263262
4883,100010173202500008,Bengaluru Urban,Criminal Breach of Trust (Financial),2,2025-12-11,0.5677219621454378
5511,100010134202500009,Bengaluru Urban,Theft,2,2025-10-15,0.5676128435110382
26596,800160747202500001,Bagalkote,Burglary,2,2025-12-22,0.5668762173379552
12954,100050383202500005,Kalaburagi,Dacoity,1,2025-11-02,0.5667638798980108
14775,100060412202500009,Tumakuru,Criminal Breach of Trust (Financial),2,2025-11-21,0.566350206207225
25537,100150728202500010,Bidar,Criminal Breach of Trust,2,2025-10-04,0.5663286399796149
38663,300301100202500002,Ramanagara,Auto Theft,2,2025-12-01,0.5647587191563614
35087,100250996202500014,Gadag,Burglary,2,2025-12-07,0.5640781399093336
5650,100010072202500006,Bengaluru Urban,Cyber Fraud,2,2025-10-10,0.5636049336665918
10760,100040325202500001,Belagavi,Cyber Fraud,2,2025-12-02,0.563172598439956
29508,100190845202500003,Udupi,Robbery,2,2025-10-25,0.5625280690875224
14748,800060441202500001,Tumakuru,Cheating,2,2025-10-20,0.5622774592916104
22307,100120648202500012,Mandya,Criminal Breach of Trust,2,2025-11-13,0.5613880095890407
35918,100261011202500002,Uttara Kannada,Theft,2,2025-11-10,0.5613143975688658
35888,100261024202500006,Uttara Kannada,Cyber Fraud,2,2025-12-25,0.5603255743050146
6083,100010125202500021,Bengaluru Urban,Auto Theft,2,2025-11-02,0.5597549310554355
24466,100140708202500002,Raichur,Cyber Fraud,2,2025-10-04,0.5594656691681359
6094,100010044202500013,Bengaluru Urban,Cyber Fraud,2,2025-12-12,0.559345802420845
8282,100030244202500005,Mysuru,Auto Theft,2,2025-10-18,0.5589718565962343
32430,100220929202500004,Koppal,Cyber Fraud,2,2025-11-10,0.5588907924502842
11335,100040312202500003,Belagavi,Robbery,2,2025-10-29,0.558442708712127
17241,100080497202500003,Vijayapura,Unlawful Assembly,2,2025-12-04,0.5578522822900676
31516,100210905202500002,Chikkamagaluru,Theft,2,2025-12-06,0.5567529069953634
13173,100050378202500007,Kalaburagi,Assault on Women (Outrage Modesty),2,2025-11-07,0.5564250075991122
38593,100301102202500006,Ramanagara,Burglary,2,2025-12-24,0.5561611340005101
5576,100010166202500010,Bengaluru Urban,Cheating,2,2025-12-04,0.554618848102605
4270,100010164202500004,Bengaluru Urban,Cyber Fraud,2,2025-11-25,0.5539797829862273
28609,100180806202500013,Kolar,Auto Theft,2,2025-10-26,0.553599191495951
6020,100010087202500010,Bengaluru Urban,Robbery,2,2025-10-11,0.5532964238965277
37996,100291091202500009,Chikkaballapura,Arson,2,2025-12-16,0.5529738624380266
25366,100150725202500002,Bidar,Arson,2,2025-11-24,0.5528284813404187
5283,300010044202500002,Bengaluru Urban,Cyber Fraud,2,2025-10-07,0.5524417204476255
5506,100010175202500004,Bengaluru Urban,Arson,2,2025-10-15,0.5522452743053722
33620,100230946202500009,Haveri,Auto Theft,2,2025-10-20,0.5515937319787964
11599,100040318202500005,Belagavi,Kidnapping & Abduction,1,2025-11-10,0.5511597012526597
35004,100250994202500009,Gadag,Theft,2,2025-12-22,0.5511241777060493
34441,100240987202500014,Chamarajanagara,Kidnapping & Abduction,1,2025-12-29,0.5505421428892889
14805,100060415202500005,Tumakuru,Auto Theft,2,2025-12-25,0.5502385969596005
37772,100291077202500001,Chikkaballapura,Robbery,2,2025-11-20,0.5499617403074958
28748,100180832202500006,Kolar,Robbery,2,2025-11-02,0.5497745950868973
23402,100130677202500004,Hassan,Insult to Modesty of Women,2,2025-10-24,0.5495948460266098
18590,100090533202500008,Dharwad,Unlawful Assembly,2,2025-12-03,0.549460337343562
13237,100050388202500016,Kalaburagi,Theft,2,2025-11-19,0.5490100558402321
5141,100010140202500010,Bengaluru Urban,Cyber Fraud,2,2025-10-10,0.5474847346864273
20960,100110609202500001,Shivamogga,Theft,2,2025-11-24,0.5472882389928657
19779,100100569202500002,Dakshina Kannada,Cyber Fraud,2,2025-12-09,0.5472857961712717
35869,100261030202500006,Uttara Kannada,Cyber Fraud,2,2025-11-23,0.5470367541587378
35062,100251009202500007,Gadag,Cyber Fraud,2,2025-10-28,0.5464541964753068
30894,100200883202500011,Davanagere,Burglary,2,2025-12-04,0.5455487358266573
35959,300261015202500001,Uttara Kannada,Cyber Fraud,2,2025-11-10,0.5451529288329433
16247,100070474202500007,Ballari,Auto Theft,2,2025-10-19,0.5449171642535762
8416,800030239202500002,Mysuru,Theft,2,2025-10-15,0.544412102003639
39476,100311127202500004,Vijayanagara,Cyber Fraud,2,2025-11-11,0.5442507094391466
24575,100140693202500010,Raichur,Cyber Fraud,2,2025-12-13,0.5429867379531012
31590,800210898202500001,Chikkamagaluru,Theft,2,2025-12-25,0.5428762179923982
19954,100100554202500008,Dakshina Kannada,Cyber Fraud,2,2025-10-19,0.5423568078363307
37972,100291069202500008,Chikkaballapura,Auto Theft,2,2025-11-09,0.5422896412571411
24477,100140704202500005,Raichur,Cyber Fraud,2,2025-11-23,0.542164131200915
20921,100110597202500002,Shivamogga,Arson,2,2025-10-23,0.5415474365939207
26617,100160766202500006,Bagalkote,Cyber Fraud,2,2025-11-07,0.5399609576271034
4125,800010162202500001,Bengaluru Urban,Cyber Fraud,2,2025-12-08,0.5398182065773895
11361,100040286202500005,Belagavi,Auto Theft,2,2025-10-05,0.5395251733327341
5756,300010158202500003,Bengaluru Urban,Cyber Fraud,2,2025-12-18,0.5395102072477371
5422,100010177202500006,Bengaluru Urban,Cyber Fraud,2,2025-12-20,0.5394709877422841
34325,100240980202500008,Chamarajanagara,Cyber Fraud,2,2025-10-10,0.5394424746546297
11175,100040305202500006,Belagavi,Cyber Fraud,2,2025-11-18,0.5387941453414677
14665,100060406202500006,Tumakuru,Auto Theft,2,2025-12-26,0.5387525883243409
14483,100060427202500003,Tumakuru,Theft,2,2025-12-20,0.5383930405766829
23362,100130672202500007,Hassan,Criminal Breach of Trust,2,2025-11-14,0.5379146867102358
11232,100040277202500009,Belagavi,Cyber Fraud,2,2025-12-23,0.537763704939077
11052,100040296202500005,Belagavi,Cheating,2,2025-12-05,0.5370610914133882
17362,100080498202500009,Vijayapura,Auto Theft,2,2025-10-09,0.5369730714122241
26638,100160745202500020,Bagalkote,Cheating,2,2025-10-11,0.536736754601569
10935,100040307202500004,Belagavi,Unlawful Assembly,2,2025-10-13,0.5364846400688906
26648,100160768202500012,Bagalkote,Cyber Fraud,2,2025-12-03,0.535716182089944
34403,100240985202500008,Chamarajanagara,Robbery,2,2025-12-27,0.5355199400617564
13052,100050382202500007,Kalaburagi,Unlawful Assembly,2,2025-11-14,0.534807786374826
29568,100190856202500011,Udupi,Cyber Fraud,2,2025-11-08,0.5342615429103356
27595,100170776202500007,Chitradurga,Cyber Fraud,2,2025-10-27,0.5339060909075879
19688,100100580202500002,Dakshina Kannada,Cyber Fraud,2,2025-11-14,0.5336054771433626
26504,100160746202500005,Bagalkote,Burglary,2,2025-10-12,0.5332999921256765
8559,100030235202500006,Mysuru,Auto Theft,2,2025-10-28,0.5328038724127543
19828,300100572202500002,Dakshina Kannada,Dacoity,1,2025-10-07,0.5327468133293056
4726,100010092202500005,Bengaluru Urban,Cyber Fraud,2,2025-12-14,0.5322201190036581
24369,100140715202500002,Raichur,Theft,2,2025-11-10,0.5318633610172036
10769,100040331202500002,Belagavi,Criminal Breach of Trust,2,2025-12-12,0.530731033579835
20941,100110606202500003,Shivamogga,Auto Theft,2,2025-11-15,0.5306918003783707
5612,100010140202500011,Bengaluru Urban,Cyber Fraud,2,2025-11-07,0.5305969342033885
26355,300160749202500001,Bagalkote,Criminal Breach of Trust (Financial),2,2025-10-07,0.5302811496283779
22158,100120631202500006,Mandya,Assault on Women (Outrage Modesty),2,2025-11-26,0.5299236263394259
30575,100200876202500001,Davanagere,Cyber Fraud,2,2025-10-25,0.5294360240783819
20025,100100576202500006,Dakshina Kannada,Cyber Fraud,2,2025-12-15,0.5293508347450648
21015,800110593202500001,Shivamogga,Cheating,2,2025-10-07,0.5292247434696684
4203,800010143202500001,Bengaluru Urban,Cyber Fraud,2,2025-12-09,0.5289784027953297
12927,100050387202500006,Kalaburagi,Cyber Fraud,2,2025-11-24,0.5287170493644499
11663,800040342202500002,Belagavi,Cyber Fraud,2,2025-10-06,0.5286114368025381
27526,100170800202500003,Chitradurga,Auto Theft,2,2025-10-17,0.528018431125332
5159,400010078202500001,Bengaluru Urban,Burglary,2,2025-12-27,0.5275594690691945
33705,100230963202500011,Haveri,Auto Theft,2,2025-11-21,0.5272375682737418
28732,100180812202500012,Kolar,Auto Theft,2,2025-10-22,0.5261910904238619
24352,100140714202500003,Raichur,Theft,2,2025-12-27,0.5256337466739434
32529,100220922202500004,Koppal,Cyber Fraud,2,2025-10-23,0.5254538528714359
20977,100110594202500003,Shivamogga,Grievous Hurt,2,2025-10-25,0.5251259375045432
19949,100100573202500008,Dakshina Kannada,Cyber Fraud,2,2025-12-12,0.5250721244862079
33618,100230964202500004,Haveri,Theft,2,2025-10-23,0.5249380197297473
20963,100110592202500006,Shivamogga,Unlawful Assembly,2,2025-12-25,0.5242277098925502
10885,100040300202500004,Belagavi,Theft,2,2025-12-14,0.5241245700066757
26472,100160757202500006,Bagalkote,Auto Theft,2,2025-10-17,0.5239638579848028
24278,100140706202500001,Raichur,Auto Theft,2,2025-12-01,0.5229979227994488
23506,100130674202500010,Hassan,Cyber Fraud,2,2025-10-10,0.5229153223670707
25457,100150742202500009,Bidar,Criminal Breach of Trust,2,2025-12-16,0.5223294582113535
8148,100030232202500004,Mysuru,Attempt to Murder,1,2025-10-10,0.5221922833046386
35810,100261027202500003,Uttara Kannada,Robbery,2,2025-12-18,0.5207380332121816
24377,100140711202500003,Raichur,Robbery,2,2025-11-07,0.5205780740563152
4885,100010054202500004,Bengaluru Urban,Cyber Fraud,2,2025-12-14,0.5195801075014985
19681,300100581202500001,Dakshina Kannada,Unlawful Assembly,2,2025-11-05,0.5183884998075308
4753,100010147202500005,Bengaluru Urban,Auto Theft,2,2025-11-04,0.5180714070137037
38023,800291090202500001,Chikkaballapura,Auto Theft,2,2025-10-10,0.5178746815239209
34223,100240972202500002,Chamarajanagara,Simple Hurt,2,2025-11-18,0.5169515084115557
11426,800040309202500001,Belagavi,Cheating,2,2025-11-17,0.5169289042151781
30564,100200877202500001,Davanagere,Cyber Fraud,2,2025-10-20,0.5167513633181992
12924,100050382202500005,Kalaburagi,Cyber Fraud,2,2025-10-06,0.5165691106281536
8210,300030250202500001,Mysuru,Kidnapping & Abduction,1,2025-10-08,0.5164346091907376
37155,100281063202500008,Kodagu,Auto Theft,2,2025-10-13,0.5160840633919278
25581,100150729202500007,Bidar,Auto Theft,2,2025-12-21,0.5160805159273995
39570,100311119202500010,Vijayanagara,Cyber Fraud,2,2025-11-13,0.5158506719935556
8468,100030261202500004,Mysuru,Theft,2,2025-11-03,0.5153099803220179
33585,100230944202500005,Haveri,Theft,2,2025-11-17,0.5152123520302424
10995,100040331202500006,Belagavi,Attempt to Murder,1,2025-10-03,0.5143536427961121
24586,400140716202500001,Raichur,Cyber Fraud,2,2025-12-20,0.5142380498071016
32597,100220933202500007,Koppal,Insult to Modesty of Women,2,2025-12-09,0.5141310619494994
4866,800010129202500003,Bengaluru Urban,Auto Theft,2,2025-12-26,0.5136976074422515
4142,100010036202500002,Bengaluru Urban,Criminal Breach of Trust,2,2025-12-05,0.5135914811511604
8227,100030250202500002,Mysuru,Robbery,2,2025-12-16,0.5134934963820709
5951,100010091202500007,Bengaluru Urban,Cyber Fraud,2,2025-10-26,0.5133250076383009
11404,800040341202500001,Belagavi,Auto Theft,2,2025-12-26,0.5131076647357228
11664,100040308202500009,Belagavi,Cyber Fraud,2,2025-11-24,0.5130337266058181
11557,100040332202500013,Belagavi,Auto Theft,2,2025-10-22,0.5129838217514334
31521,100210914202500001,Chikkamagaluru,Theft,2,2025-11-01,0.5118668906363054
4593,100010158202500003,Bengaluru Urban,Cyber Fraud,2,2025-10-13,0.5118057343351781
19963,800100574202500001,Dakshina Kannada,Cyber Fraud,2,2025-12-28,0.5113524611398049
38681,800301094202500001,Ramanagara,Grievous Hurt,2,2025-12-21,0.510588561790664
25466,800150720202500002,Bidar,Auto Theft,2,2025-12-10,0.5105760736563142
16031,100070466202500003,Ballari,Cyber Fraud,2,2025-10-14,0.5104306501371609
15993,100070454202500001,Ballari,Auto Theft,2,2025-11-06,0.5099876357133447
19687,100100584202500001,Dakshina Kannada,Arms Act Offence,2,2025-11-08,0.5098426308754546
31509,100210907202500001,Chikkamagaluru,Theft,2,2025-12-09,0.5094053660828815
30558,100200878202500001,Davanagere,Cyber Fraud,2,2025-12-06,0.5092929666729613
26431,300160762202500001,Bagalkote,Burglary,2,2025-11-13,0.5091486550751283
32575,100220941202500006,Koppal,Cyber Fraud,2,2025-10-10,0.5085199899748555
18396,100090546202500002,Dharwad,Robbery,2,2025-11-27,0.5082981266740283
21222,100110608202500008,Shivamogga,Auto Theft,2,2025-11-15,0.50765066547792
36656,100271048202500004,Yadgir,Auto Theft,2,2025-11-14,0.5075565985629671
34395,400240991202500001,Chamarajanagara,Burglary,2,2025-10-22,0.5068169035905712
4470,100010152202500001,Bengaluru Urban,Cyber Fraud,2,2025-11-08,0.5065496975632159
31515,100210901202500001,Chikkamagaluru,Cyber Fraud,2,2025-10-14,0.5060823953249659
31574,100210904202500003,Chikkamagaluru,Theft,2,2025-11-17,0.5055931152967336
25379,100150718202500007,Bidar,Riots,2,2025-12-14,0.5053945987036825
12806,300050370202500001,Kalaburagi,Cyber Fraud,2,2025-12-01,0.5051915942027788
38672,100301098202500009,Ramanagara,Burglary,2,2025-11-09,0.505125193684431
32646,100220932202500012,Koppal,Arson,2,2025-10-25,0.5050314610383341
21072,100110617202500003,Shivamogga,Burglary,2,2025-10-07,0.5047283034887317
24295,100140710202500001,Raichur,Theft,2,2025-10-12,0.5037900856683254
31642,100210905202500005,Chikkamagaluru,Auto Theft,2,2025-11-20,0.5037478680644226
13176,100050373202500006,Kalaburagi,Grievous Hurt,2,2025-12-20,0.5036511045350801
33500,100230962202500006,Haveri,Auto Theft,2,2025-12-13,0.5034735304671003
11469,800040350202500002,Belagavi,Cyber Fraud,2,2025-11-08,0.5029330599998769
21017,100110599202500006,Shivamogga,Auto Theft,2,2025-11-12,0.5028484143351799
29523,100190838202500005,Udupi,Assault on Women (Outrage Modesty),2,2025-10-28,0.5028030615716245
34994,100250992202500004,Gadag,Auto Theft,2,2025-10-11,0.5027492497672759
8143,100030266202500003,Mysuru,Auto Theft,2,2025-12-04,0.5027034147861331
18527,100090549202500007,Dharwad,Theft,2,2025-10-07,0.5023656265249503
23447,100130666202500007,Hassan,Robbery,2,2025-10-29,0.5015161829396165
29596,100190845202500005,Udupi,Theft,2,2025-10-18,0.5012345969269172
21003,100110620202500004,Shivamogga,Cheating,2,2025-11-10,0.50073275618077
8512,100030243202500010,Mysuru,Auto Theft,2,2025-12-03,0.5004158663590498
26438,100160760202500001,Bagalkote,Cheating,2,2025-12-08,0.5003353283155568
35998,100261033202500009,Uttara Kannada,Cyber Fraud,2,2025-12-24,0.5002031075309613
8059,100030261202500001,Mysuru,Auto Theft,2,2025-12-16,0.5001188671335636
31738,100210894202500009,Chikkamagaluru,Cyber Fraud,2,2025-10-15,0.49967157898746994
14565,100060405202500005,Tumakuru,Theft,2,2025-11-17,0.49966337537561606
20003,100100587202500007,Dakshina Kannada,Cyber Fraud,2,2025-10-03,0.4992492203033611
18372,100090537202500001,Dharwad,Burglary,2,2025-11-23,0.4985208970773794
12781,100050371202500002,Kalaburagi,Cyber Fraud,2,2025-11-05,0.4984411190317026
18530,100090551202500007,Dharwad,Cyber Fraud,2,2025-12-18,0.4977769156104691
13198,100050378202500009,Kalaburagi,Cyber Fraud,2,2025-10-15,0.4977042766130677
33472,100230962202500004,Haveri,Theft,2,2025-12-06,0.4973889430127653
5584,100010113202500008,Bengaluru Urban,Criminal Breach of Trust,2,2025-11-17,0.4973410124828697
22231,100120624202500011,Mandya,Burglary,2,2025-12-03,0.4972874942514283
6644,100020209202500005,Bengaluru Rural,Robbery,2,2025-11-24,0.4966950694126779
12916,800050380202500001,Kalaburagi,Theft,2,2025-10-26,0.4966228932705198
10921,100040277202500003,Belagavi,Cyber Fraud,2,2025-10-28,0.49617208517076455
33473,800230970202500003,Haveri,Theft,2,2025-10-13,0.49566831117557525
21085,100110592202500008,Shivamogga,Theft,2,2025-11-25,0.4956681675375199
27644,100170800202500008,Chitradurga,Auto Theft,2,2025-10-06,0.4954763958137034
35883,100261013202500005,Uttara Kannada,Cheating,2,2025-10-18,0.49498479760455416
18464,100090526202500003,Dharwad,Unlawful Assembly,2,2025-12-14,0.49495929013251994
39573,100311116202500008,Vijayanagara,Cyber Fraud,2,2025-11-16,0.49444212326322773
17599,100080501202500008,Vijayapura,Burglary,2,2025-12-18,0.49440002900539104
35953,100261021202500008,Uttara Kannada,Auto Theft,2,2025-12-19,0.49391807594464066
4631,100010130202500004,Bengaluru Urban,Kidnapping & Abduction,1,2025-10-11,0.4935340608508714
6072,800010189202500001,Bengaluru Urban,Cheating,2,2025-10-12,0.49295496931330485
17463,100080498202500012,Vijayapura,Auto Theft,2,2025-12-26,0.49287586073765094
5647,100010147202500009,Bengaluru Urban,Criminal Breach of Trust (Financial),2,2025-10-23,0.49284632888598995
23437,100130681202500007,Hassan,Cyber Fraud,2,2025-11-04,0.49275644849491296
20897,100110598202500001,Shivamogga,Attempt to Murder,1,2025-12-17,0.49257443580188687
31685,100210909202500003,Chikkamagaluru,Unlawful Assembly,2,2025-11-06,0.4923045982593098
29461,100190844202500003,Udupi,Theft,2,2025-11-03,0.4920636676576043
24526,100140702202500010,Raichur,Cheating,2,2025-10-02,0.4919433064713377
13161,100050363202500008,Kalaburagi,Cyber Fraud,2,2025-10-17,0.4917944062668009
15935,400070484202500001,Ballari,Auto Theft,2,2025-10-14,0.4916872163951303
28573,400180808202500001,Kolar,Cyber Fraud,2,2025-11-21,0.4916522429960799
14484,300060428202500001,Tumakuru,Auto Theft,2,2025-11-20,0.49161359917771535
37807,100291076202500002,Chikkaballapura,Robbery,2,2025-10-23,0.4911709674845242
30730,100200870202500005,Davanagere,Auto Theft,2,2025-11-06,0.49103683518726626
27515,100170778202500004,Chitradurga,Theft,2,2025-12-22,0.4908628003574382
21165,100110597202500008,Shivamogga,Cheating,2,2025-10-24,0.4906288756014517
21096,100110614202500008,Shivamogga,Cheating,2,2025-11-21,0.4904955723933993
11465,300040281202500003,Belagavi,Cyber Fraud,2,2025-10-23,0.4903430163709821
26628,100160769202500010,Bagalkote,Theft,2,2025-11-03,0.4898370408522091
30881,100200861202500007,Davanagere,Cyber Fraud,2,2025-10-10,0.48964216505637376
16159,100070476202500008,Ballari,Cyber Fraud,2,2025-11-06,0.48953716491337823
21224,100110602202500012,Shivamogga,Theft,2,2025-12-27,0.48937872174290736
8212,100030221202500007,Mysuru,Theft,2,2025-11-26,0.4893669111202009
11139,100040322202500006,Belagavi,Theft,2,2025-11-28,0.4893198259731466
22210,100120625202500007,Mandya,Cyber Fraud,2,2025-12-12,0.4888509797833908
13110,100050363202500005,Kalaburagi,Cyber Fraud,2,2025-12-07,0.48852812218042885
16295,800070470202500001,Ballari,Theft,2,2025-12-28,0.4881210517226716
11533,100040278202500007,Belagavi,Theft,2,2025-12-25,0.4879522896855894
11155,100040291202500007,Belagavi,Theft,2,2025-12-20,0.48725022635808496
4968,100010107202500005,Bengaluru Urban,Unlawful Assembly,2,2025-11-16,0.48722014883630044
21237,100110618202500007,Shivamogga,Burglary,2,2025-11-10,0.48690719540707533
11123,100040349202500007,Belagavi,Auto Theft,2,2025-12-09,0.4867280491556334
4072,100010106202500001,Bengaluru Urban,Theft,2,2025-11-23,0.48656091152055353
26577,100160775202500007,Bagalkote,Arson,2,2025-10-05,0.4861586639993288
10858,100040334202500005,Belagavi,Auto Theft,2,2025-12-14,0.4857972013695633
32534,100220941202500004,Koppal,Auto Theft,2,2025-12-13,0.48561275719793784
5970,300010200202500001,Bengaluru Urban,Cyber Fraud,2,2025-11-09,0.4856104343098727
17557,100080518202500011,Vijayapura,Burglary,2,2025-11-18,0.4852925704493617
26650,100160759202500007,Bagalkote,Theft,2,2025-12-11,0.48510724003653327
23418,800130670202500001,Hassan,Theft,2,2025-10-17,0.48503284783323153
4247,100010090202500001,Bengaluru Urban,Cyber Fraud,2,2025-12-07,0.4849580433252862
4230,100010184202500001,Bengaluru Urban,Criminal Breach of Trust,2,2025-12-15,0.48487799541263155
13186,100050369202500010,Kalaburagi,Riots,2,2025-12-04,0.484608317296331
18704,300090537202500002,Dharwad,Cheating,2,2025-12-21,0.4843392082621194
16101,100070469202500008,Ballari,Cyber Fraud,2,2025-10-04,0.484065396650174
34957,100251005202500003,Gadag,Theft,2,2025-10-24,0.48389781970823725
15945,100070470202500004,Ballari,Riots,2,2025-10-16,0.4837788247345356
8587,100030267202500012,Mysuru,Theft,2,2025-10-06,0.4837713986946868
25356,100150731202500004,Bidar,Auto Theft,2,2025-11-03,0.4837540630956223
31717,100210914202500009,Chikkamagaluru,Burglary,2,2025-11-22,0.48370989598675584
14782,100060426202500008,Tumakuru,Cyber Fraud,2,2025-11-19,0.48363433621538326
5032,300010143202500001,Bengaluru Urban,Theft,2,2025-12-24,0.48338267658191825
32533,100220938202500007,Koppal,Theft,2,2025-10-24,0.4832155797726834
26521,100160747202500003,Bagalkote,Burglary,2,2025-12-28,0.483037802900483
11644,100040279202500009,Belagavi,Theft,2,2025-12-06,0.4829242525868732
16068,100070459202500003,Ballari,Counterfeiting,2,2025-11-07,0.48282197555497813
18556,800090524202500001,Dharwad,Theft,2,2025-11-16,0.48264188046125023
36780,100271056202500009,Yadgir,Cyber Fraud,2,2025-12-15,0.48262052818246315
20860,100110592202500001,Shivamogga,Theft,2,2025-11-15,0.48223839689094905
39538,100311129202500009,Vijayanagara,Cyber Fraud,2,2025-10-03,0.4821621322054628
30715,800200887202500001,Davanagere,Theft,2,2025-11-15,0.48206504820295965
8124,100030236202500001,Mysuru,Theft,2,2025-11-16,0.4815160840979593
8342,800030240202500001,Mysuru,Cheating,2,2025-11-19,0.48149781539816744
39324,100311129202500003,Vijayanagara,Cyber Fraud,2,2025-12-19,0.48124438564190264
10849,100040281202500004,Belagavi,Criminal Breach of Trust,2,2025-10-03,0.4811518316440765
11233,100040288202500011,Belagavi,Theft,2,2025-10-23,0.4809501047937771
34374,800240975202500001,Chamarajanagara,Simple Hurt,2,2025-11-06,0.48068587973363935
37942,100291086202500007,Chikkaballapura,Burglary,2,2025-12-22,0.4803660074881913
27714,100170797202500009,Chitradurga,Riots,2,2025-12-10,0.47962396122308293
37945,100291073202500006,Chikkaballapura,Auto Theft,2,2025-11-07,0.4791166670202281
13029,300050376202500001,Kalaburagi,Cyber Fraud,2,2025-12-05,0.4787797896122791
28667,100180826202500007,Kolar,Assault on Women (Outrage Modesty),2,2025-11-02,0.4786030690512809
10793,100040311202500001,Belagavi,Cheating,2,2025-12-12,0.47859293453942287
30825,100200874202500011,Davanagere,Cyber Fraud,2,2025-11-15,0.4785014471134134
8525,100030224202500009,Mysuru,Auto Theft,2,2025-10-26,0.4784877330060579
12740,100050389202500002,Kalaburagi,Cyber Fraud,2,2025-11-05,0.47846827313952833
35013,100250992202500005,Gadag,Theft,2,2025-12-10,0.477883719426081
31632,100210901202500006,Chikkamagaluru,Theft,2,2025-11-21,0.47759238700314394
11299,100040325202500007,Belagavi,Auto Theft,2,2025-11-14,0.47752150519947034
35777,100261022202500004,Uttara Kannada,Theft,2,2025-11-10,0.47747895169407917
12957,100050391202500006,Kalaburagi,Assault on Women (Outrage Modesty),2,2025-12-06,0.4771097259550082
17476,300080515202500002,Vijayapura,Simple Hurt,2,2025-11-19,0.4770644322732244
39543,100311123202500011,Vijayanagara,Cyber Fraud,2,2025-12-16,0.47695548242489944
5120,100010106202500007,Bengaluru Urban,Theft,2,2025-11-04,0.4768457537708995
32471,800220918202500001,Koppal,Unlawful Assembly,2,2025-11-08,0.47637909113103494
4825,100010038202500005,Bengaluru Urban,Theft,2,2025-11-26,0.476324235719854
12813,100050386202500002,Kalaburagi,Riots,2,2025-12-03,0.4759938251622755
18385,100090531202500001,Dharwad,Riots,2,2025-11-11,0.475954722733451
28523,800180806202500001,Kolar,Auto Theft,2,2025-11-13,0.47586135166893845
21197,100110621202500008,Shivamogga,Burglary,2,2025-12-18,0.4758493956229707
31701,800210899202500002,Chikkamagaluru,Burglary,2,2025-10-06,0.4754564852829577
36778,100271039202500005,Yadgir,Auto Theft,2,2025-12-12,0.4751451453445727
13252,100050386202500008,Kalaburagi,Cyber Fraud,2,2025-11-20,0.47487474040835836
12987,100050362202500007,Kalaburagi,Theft,2,2025-12-28,0.4745212903000096
24464,100140710202500006,Raichur,Auto Theft,2,2025-11-04,0.4742687982955928
20018,400100585202500001,Dakshina Kannada,Criminal Breach of Trust (Financial),2,2025-11-13,0.47410543165038666
37133,400281066202500001,Kodagu,Auto Theft,2,2025-12-02,0.4740734608608153
35811,800261030202500001,Uttara Kannada,Theft,2,2025-10-29,0.4739004833954674
5221,100010180202500011,Bengaluru Urban,Theft,2,2025-12-20,0.47372664460670905
8110,100030220202500003,Mysuru,Theft,2,2025-10-02,0.4735335166738565
13120,100050363202500007,Kalaburagi,Theft,2,2025-10-03,0.47340014934811636
38537,100301100202500003,Ramanagara,Theft,2,2025-11-19,0.47335694722847055
18644,100090537202500007,Dharwad,Unlawful Assembly,2,2025-11-18,0.4732610901793704
16237,300070483202500001,Ballari,Auto Theft,2,2025-10-28,0.47321945790876035
19927,100100555202500006,Dakshina Kannada,Cheating,2,2025-11-13,0.4727376847594291
4198,100010126202500002,Bengaluru Urban,Cyber Fraud,2,2025-11-04,0.47270646640045827
11029,100040319202500003,Belagavi,Theft,2,2025-10-29,0.4724471736297624
35917,100261018202500005,Uttara Kannada,Riots,2,2025-11-26,0.4724461191570625
4481,100010130202500002,Bengaluru Urban,Theft,2,2025-11-08,0.4724045312248681
13117,100050385202500011,Kalaburagi,Theft,2,2025-12-05,0.4720066551428606
17281,100080520202500006,Vijayapura,Cheating,2,2025-11-04,0.47198978573753375
26397,100160762202500001,Bagalkote,Theft,2,2025-10-08,0.47167536583778635
22400,100120651202500010,Mandya,Auto Theft,2,2025-11-04,0.47062457443873973
31568,100210902202500002,Chikkamagaluru,Cheating,2,2025-12-13,0.4705147483564961
10955,100040295202500005,Belagavi,Auto Theft,2,2025-11-18,0.470508936839853
26640,100160774202500011,Bagalkote,Robbery,2,2025-12-07,0.47007406070347596
31734,800210906202500002,Chikkamagaluru,Theft,2,2025-12-19,0.4699285050278956
21079,100110598202500006,Shivamogga,Theft,2,2025-10-15,0.4695739212413217
22174,800120625202500001,Mandya,Cyber Fraud,2,2025-11-27,0.4692457735873696
24263,100140690202500001,Raichur,Cheating,2,2025-10-12,0.46922355877693567
5443,100010104202500010,Bengaluru Urban,Auto Theft,2,2025-11-25,0.4691146369040051
23440,100130657202500009,Hassan,Burglary,2,2025-12-16,0.4687712789524376
38532,100301092202500005,Ramanagara,Theft,2,2025-11-07,0.4684977675116933
22163,100120646202500004,Mandya,Assault on Women (Outrage Modesty),2,2025-10-11,0.4680784127260493
33523,100230957202500009,Haveri,Cyber Fraud,2,2025-10-02,0.46795621615840205
13157,100050366202500015,Kalaburagi,Theft,2,2025-12-16,0.46792093556000164
5509,400010076202500001,Bengaluru Urban,Theft,2,2025-11-26,0.467721729242888
35780,100261031202500001,Uttara Kannada,Theft,2,2025-11-17,0.46771619773843226
28534,400180813202500001,Kolar,Cyber Fraud,2,2025-11-20,0.467610174749415
12958,100050385202500008,Kalaburagi,Cyber Fraud,2,2025-10-19,0.4675502590205345
14669,100060447202500003,Tumakuru,Auto Theft,2,2025-10-20,0.4675451261672814
11128,100040326202500004,Belagavi,Theft,2,2025-11-21,0.4667627147399645
22313,100120633202500009,Mandya,Assault on Women (Outrage Modesty),2,2025-11-24,0.46654911346632455
11347,100040272202500009,Belagavi,Riots,2,2025-11-26,0.4665463833796188
25578,100150719202500007,Bidar,Auto Theft,2,2025-11-18,0.46627842509958817
19749,100100568202500003,Dakshina Kannada,Cyber Fraud,2,2025-10-11,0.4657647112674819
26697,300160767202500002,Bagalkote,Cyber Fraud,2,2025-10-04,0.46554344861518054
8158,100030233202500004,Mysuru,Theft,2,2025-11-12,0.4654426698153598
10774,100040281202500003,Belagavi,Burglary,2,2025-10-20,0.4643836534741711
25557,100150744202500006,Bidar,Auto Theft,2,2025-10-21,0.46436701683977455
18567,100090543202500005,Dharwad,Theft,2,2025-10-24,0.46401973042241773
27616,100170800202500007,Chitradurga,Cheating,2,2025-12-22,0.46392459588625445
26624,100160747202500008,Bagalkote,Theft,2,2025-10-19,0.4639019591118374
6594,100020212202500004,Bengaluru Rural,Culpable Homicide Not Amounting to Murder,2,2025-10-08,0.4637958427200057
21233,100110595202500010,Shivamogga,Theft,2,2025-10-17,0.4637894958270399
8217,400030248202500003,Mysuru,Theft,2,2025-11-09,0.46378474411134624
38543,100301097202500003,Ramanagara,Theft,2,2025-12-26,0.4637611697008302
18443,800090534202500001,Dharwad,Theft,2,2025-11-02,0.4637287868030578
11653,300040305202500003,Belagavi,Theft,2,2025-10-17,0.4635790979052306
17500,100080510202500005,Vijayapura,Auto Theft,2,2025-11-12,0.46347616498354255
29622,100190839202500010,Udupi,Theft,2,2025-12-07,0.46330121394740037
22382,100120636202500008,Mandya,Theft,2,2025-12-01,0.46328611304559736
37930,100291075202500009,Chikkaballapura,Cheating,2,2025-10-22,0.4630550726132299
17355,100080521202500007,Vijayapura,Unlawful Assembly,2,2025-11-26,0.4629901766958955
17575,800080512202500002,Vijayapura,Burglary,2,2025-11-19,0.46294399585918955
5489,100010096202500005,Bengaluru Urban,Theft,2,2025-11-28,0.4628686792615051
16076,100070451202500007,Ballari,Auto Theft,2,2025-10-19,0.46260551524524113
36039,100261013202500013,Uttara Kannada,Auto Theft,2,2025-10-06,0.4624860588577099
34966,100251003202500007,Gadag,Counterfeiting,2,2025-12-15,0.4624752444091762
8611,100030224202500011,Mysuru,Theft,2,2025-12-19,0.4619679838088552
38682,100301108202500011,Ramanagara,Kidnapping & Abduction,1,2025-11-23,0.4618176281084749
10685,100040310202500002,Belagavi,Theft,2,2025-10-25,0.46165000455314714
33662,100230947202500008,Haveri,Theft,2,2025-12-20,0.4614933004527491
11384,100040290202500010,Belagavi,Theft,2,2025-11-02,0.46131412198424027
17228,100080519202500003,Vijayapura,Auto Theft,2,2025-12-15,0.46120867810372906
23422,100130671202500014,Hassan,Theft,2,2025-12-08,0.46114046790826774
36024,300261025202500001,Uttara Kannada,Criminal Breach of Trust,2,2025-11-16,0.461134195801974
29398,100190846202500001,Udupi,Theft,2,2025-11-19,0.46094648816309275
22324,100120628202500011,Mandya,Auto Theft,2,2025-11-19,0.46090580461622005
5131,300010184202500002,Bengaluru Urban,Auto Theft,2,2025-12-26,0.46061408742873877
23526,100130678202500013,Hassan,Theft,2,2025-12-06,0.4605667643531589
35001,100250994202500008,Gadag,Theft,2,2025-12-21,0.4604601858426681
37937,100291077202500007,Chikkaballapura,Cyber Fraud,2,2025-10-20,0.460406207016676
18685,100090550202500012,Dharwad,Theft,2,2025-12-16,0.46020328874730104
11239,100040347202500003,Belagavi,Theft,2,2025-12-04,0.4600504883865618
10728,100040301202500001,Belagavi,Theft,2,2025-10-07,0.45945240647122787
5701,100010132202500007,Bengaluru Urban,Auto Theft,2,2025-10-08,0.45906070011295386
4197,800010061202500001,Bengaluru Urban,Theft,2,2025-12-22,0.45881970884694884
15994,100070451202500003,Ballari,Theft,2,2025-10-17,0.45875473286898855
5310,100010082202500006,Bengaluru Urban,Theft,2,2025-12-15,0.45869974479517184
5825,100010141202500016,Bengaluru Urban,Auto Theft,2,2025-11-23,0.4584237919630077
22153,100120629202500004,Mandya,Theft,2,2025-12-18,0.456962416935373
30664,100200874202500006,Davanagere,Auto Theft,2,2025-12-21,0.4569193809227232
11071,100040334202500007,Belagavi,Theft,2,2025-10-12,0.4567371391210082
23309,100130672202500006,Hassan,Theft,2,2025-11-13,0.4566084525454541
13050,100050358202500004,Kalaburagi,Theft,2,2025-11-19,0.45660316061572737
5322,100010047202500009,Bengaluru Urban,Theft,2,2025-12-19,0.4562329403386627
21228,100110592202500013,Shivamogga,Theft,2,2025-11-17,0.4561280170013696
27741,100170803202500006,Chitradurga,Theft,2,2025-10-19,0.45592950254635145
4554,100010118202500005,Bengaluru Urban,Theft,2,2025-11-03,0.45554912248340534
8317,800030266202500002,Mysuru,Grievous Hurt,2,2025-10-19,0.4552037877820178
14793,100060421202500006,Tumakuru,Burglary,2,2025-11-12,0.45499328738436273
32524,100220927202500008,Koppal,Theft,2,2025-11-26,0.4549486371064016
12883,100050394202500001,Kalaburagi,Robbery,2,2025-12-22,0.45486627608702407
5196,100010065202500007,Bengaluru Urban,Theft,2,2025-12-25,0.45455228009923954
38516,100301107202500002,Ramanagara,Cheating,2,2025-10-29,0.4545339275542629
4129,800010164202500001,Bengaluru Urban,Kidnapping & Abduction,1,2025-11-21,0.45429632585937985
8046,100030220202500001,Mysuru,Theft,2,2025-10-15,0.4541996399734386
32409,100220921202500003,Koppal,Theft,2,2025-10-16,0.45398782979942137
4350,100010165202500001,Bengaluru Urban,Theft,2,2025-12-18,0.45379012034592214
33565,100230952202500010,Haveri,Theft,2,2025-10-16,0.45328020413903064
8022,800030233202500001,Mysuru,Theft,2,2025-10-10,0.4530706058531861
27600,100170791202500006,Chitradurga,Theft,2,2025-10-07,0.45297879575271643
11538,100040344202500008,Belagavi,Theft,2,2025-12-02,0.4529565804795369
19652,100100585202500001,Dakshina Kannada,Cyber Fraud,2,2025-10-13,0.4528653244149128
35887,100261032202500005,Uttara Kannada,Theft,2,2025-11-19,0.45272353533460774
13179,100050357202500012,Kalaburagi,Burglary,2,2025-11-10,0.4524246812963837
13068,100050366202500012,Kalaburagi,Criminal Breach of Trust,2,2025-12-09,0.45237690612324005
5755,100010125202500016,Bengaluru Urban,Theft,2,2025-11-20,0.4521188020948141
26635,100160773202500009,Bagalkote,Cheating,2,2025-11-16,0.4520422531108015
37093,100281059202500003,Kodagu,Theft,2,2025-11-27,0.4519590512285301
22066,100120649202500003,Mandya,Auto Theft,2,2025-12-06,0.45182233033459573
30796,100200879202500010,Davanagere,Auto Theft,2,2025-11-13,0.4517485080130178
36768,300271054202500001,Yadgir,Kidnapping & Abduction,1,2025-11-06,0.45158182574914457
39466,100311121202500006,Vijayanagara,Cyber Fraud,2,2025-10-06,0.45156880032544416
38018,100291077202500010,Chikkaballapura,Auto Theft,2,2025-11-10,0.45146267443946975
29420,100190844202500001,Udupi,Theft,2,2025-10-25,0.4513626262008228
30832,100200870202500008,Davanagere,Auto Theft,2,2025-10-03,0.451200843079608
38515,800301099202500001,Ramanagara,Theft,2,2025-12-20,0.45103899666405206
17497,100080497202500009,Vijayapura,Theft,2,2025-11-23,0.45049409994104517
16207,100070485202500004,Ballari,Auto Theft,2,2025-10-07,0.45020012744263255
10920,100040313202500004,Belagavi,Theft,2,2025-10-21,0.44998122262157797
27587,100170803202500003,Chitradurga,Unlawful Assembly,2,2025-10-15,0.44994916132442364
26498,100160773202500004,Bagalkote,Burglary,2,2025-12-18,0.4499085210842867
36614,100271053202500001,Yadgir,Riots,2,2025-10-22,0.4496177649063253
17445,100080521202500011,Vijayapura,Cheating,2,2025-12-19,0.4496142725859868
31528,800210906202500001,Chikkamagaluru,Theft,2,2025-10-19,0.4496028416383392
14942,100060421202500010,Tumakuru,Auto Theft,2,2025-10-17,0.4495089490448573
35925,100261021202500006,Uttara Kannada,Theft,2,2025-12-22,0.44949864968395936
33527,100230957202500010,Haveri,Auto Theft,2,2025-10-22,0.44921991385270005
15947,400070478202500001,Ballari,Theft,2,2025-12-10,0.44919233008425524
28482,800180810202500001,Kolar,Theft,2,2025-12-07,0.4491143009021019
27620,300170794202500001,Chitradurga,Theft,2,2025-12-21,0.44908512281745033
31623,100210913202500002,Chikkamagaluru,Auto Theft,2,2025-10-02,0.44904690323893204
28502,100180820202500003,Kolar,Grievous Hurt,2,2025-12-07,0.4485229459021492
4788,100010079202500005,Bengaluru Urban,Theft,2,2025-10-22,0.4484148952611225
17462,100080514202500011,Vijayapura,Theft,2,2025-12-13,0.44832605293310057
27465,100170784202500003,Chitradurga,Theft,2,2025-10-20,0.4479865680930619
29483,300190839202500001,Udupi,Counterfeiting,2,2025-10-02,0.4479583595612927
5393,100010094202500008,Bengaluru Urban,Theft,2,2025-10-05,0.447697900480116
13043,100050362202500008,Kalaburagi,Cheating,2,2025-11-18,0.4476722221014603
18656,100090553202500007,Dharwad,Burglary,2,2025-11-09,0.44765907173072544
28653,100180822202500007,Kolar,Theft,2,2025-12-04,0.44747813586832125
13168,100050357202500011,Kalaburagi,Cyber Fraud,2,2025-12-21,0.4472192070900067
11605,100040288202500015,Belagavi,Auto Theft,2,2025-12-27,0.44664550252719065
18559,100090548202500011,Dharwad,Theft,2,2025-10-18,0.44655430107400695
13106,100050372202500008,Kalaburagi,Cyber Fraud,2,2025-12-08,0.44653842985649583
4213,100010075202500002,Bengaluru Urban,Theft,2,2025-12-21,0.44649789768769715
18543,100090550202500008,Dharwad,Burglary,2,2025-10-26,0.44638942980298346
37855,100291091202500001,Chikkaballapura,Burglary,2,2025-11-14,0.44577182269326965
5549,100010046202500017,Bengaluru Urban,Theft,2,2025-10-11,0.4456683928617296
21088,100110593202500007,Shivamogga,Auto Theft,2,2025-12-21,0.44563256152292785
11484,100040322202500012,Belagavi,Theft,2,2025-12-27,0.44538582964242573
34235,800240984202500001,Chamarajanagara,Theft,2,2025-11-25,0.44523768292380517
10869,100040273202500004,Belagavi,Theft,2,2025-11-28,0.4451583104351477
5543,800010084202500001,Bengaluru Urban,Theft,2,2025-11-27,0.4450739304027766
11229,100040340202500007,Belagavi,Burglary,2,2025-10-20,0.4447856541059983
8194,100030271202500004,Mysuru,Theft,2,2025-11-10,0.44469797586010057
10671,100040318202500001,Belagavi,Auto Theft,2,2025-11-26,0.44467705277272945
19709,100100558202500003,Dakshina Kannada,Theft,2,2025-11-02,0.4446188902435283
21170,100110610202500009,Shivamogga,Burglary,2,2025-12-06,0.44449637946907566
30838,100200883202500010,Davanagere,Theft,2,2025-12-13,0.4444571454315414
32653,100220923202500014,Koppal,Auto Theft,2,2025-10-25,0.44442968801418137
28475,100180812202500002,Kolar,Auto Theft,2,2025-10-05,0.4443369076422644
28643,100180825202500008,Kolar,Theft,2,2025-11-10,0.44429696381737493
8122,100030222202500001,Mysuru,Theft,2,2025-10-23,0.4441741994065625
37147,100281058202500009,Kodagu,Kidnapping & Abduction,1,2025-10-05,0.4440878962997437
4813,100010036202500004,Bengaluru Urban,Theft,2,2025-11-12,0.44363185641247993
20865,100110615202500001,Shivamogga,Burglary,2,2025-12-22,0.44324822647265805
16280,100070450202500008,Ballari,Theft,2,2025-10-03,0.44324157787759566
11561,800040303202500001,Belagavi,Auto Theft,2,2025-11-16,0.44314029112073133
8004,100030228202500001,Mysuru,Theft,2,2025-12-24,0.4428464083983193
26688,100160749202500004,Bagalkote,Burglary,2,2025-12-20,0.4427353742726366
29680,100190843202500010,Udupi,Cheating,2,2025-10-22,0.442667377618336
5587,100010098202500012,Bengaluru Urban,Auto Theft,2,2025-11-21,0.4424604239090766
17525,800080508202500002,Vijayapura,Auto Theft,2,2025-10-18,0.44236547233826173
4760,100010169202500004,Bengaluru Urban,Unlawful Assembly,2,2025-10-09,0.44234999875673053
28649,100180827202500006,Kolar,Cheating,2,2025-11-28,0.44229948009331815
8048,100030223202500002,Mysuru,Theft,2,2025-11-15,0.4422594000799172
5380,100010041202500008,Bengaluru Urban,Theft,2,2025-11-02,0.442121225712427
35862,100261030202500005,Uttara Kannada,Burglary,2,2025-12-26,0.44202553748577184
36066,300261035202500002,Uttara Kannada,Theft,2,2025-11-14,0.4419817690504812
33550,100230950202500007,Haveri,Auto Theft,2,2025-12-13,0.44189740125497146
18580,100090552202500008,Dharwad,Cheating,2,2025-11-20,0.4416968917042533
4173,100010079202500001,Bengaluru Urban,Theft,2,2025-12-15,0.441695650760172
22268,100120628202500009,Mandya,Theft,2,2025-12-13,0.44168766652098673
23295,100130658202500002,Hassan,Theft,2,2025-11-26,0.4412486881069919
4634,100010158202500004,Bengaluru Urban,Theft,2,2025-12-19,0.4411966702610041
18435,100090548202500004,Dharwad,Cheating,2,2025-11-02,0.44107870103929914
28557,100180812202500003,Kolar,Theft,2,2025-12-06,0.44095470143932713
27678,100170787202500006,Chitradurga,Burglary,2,2025-11-05,0.44063110093089625
26694,100160758202500010,Bagalkote,Theft,2,2025-12-16,0.4403540258387846
11618,100040349202500010,Belagavi,Burglary,2,2025-12-23,0.44033803014627304
34266,100240986202500004,Chamarajanagara,Theft,2,2025-10-13,0.44020604095535715
26717,100160759202500009,Bagalkote,Theft,2,2025-10-16,0.43976422381868036
11241,100040340202500008,Belagavi,Burglary,2,2025-12-28,0.4396246362422528
30941,100200884202500016,Davanagere,Auto Theft,2,2025-11-07,0.4393763192493544
17270,100080496202500001,Vijayapura,Theft,2,2025-12-17,0.4393575934933879
18374,100090542202500001,Dharwad,Cheating,2,2025-12-17,0.4392233788386298
16224,100070473202500009,Ballari,Auto Theft,2,2025-12-15,0.4390750798165071
8223,100030241202500006,Mysuru,Cheating,2,2025-10-17,0.4389626352838544
32565,100220937202500006,Koppal,Auto Theft,2,2025-11-11,0.43873646817643897
8070,100030253202500003,Mysuru,Rape,1,2025-10-28,0.43863444750796504
14580,300060410202500001,Tumakuru,Theft,2,2025-10-06,0.4386216983627792
33703,100230944202500010,Haveri,Auto Theft,2,2025-10-14,0.4386127393094047
22193,100120624202500009,Mandya,Auto Theft,2,2025-10-10,0.43803223854139933
10975,100040301202500006,Belagavi,Theft,2,2025-11-10,0.4377455050149316
4261,100010109202500002,Bengaluru Urban,Theft,2,2025-11-19,0.43766258327213164
11594,100040280202500004,Belagavi,Theft,2,2025-11-24,0.4375145137178155
30628,800200885202500001,Davanagere,Theft,2,2025-11-03,0.4373310132393038
11527,100040321202500012,Belagavi,Theft,2,2025-12-23,0.4373182160785904
16170,100070478202500008,Ballari,Grievous Hurt,2,2025-10-20,0.4372416245165704
22181,400120638202500001,Mandya,Cheating,2,2025-12-22,0.4372381131687738
6608,100020204202500006,Bengaluru Rural,Cheating,2,2025-10-11,0.43709754291494984
21182,100110617202500008,Shivamogga,Cheating,2,2025-11-04,0.43704421958835377
5726,100010180202500013,Bengaluru Urban,Theft,2,2025-11-27,0.43649517163437274
30768,100200877202500010,Davanagere,Theft,2,2025-10-04,0.43644755888602327
16277,100070465202500006,Ballari,Theft,2,2025-12-26,0.4363485731368833
8302,100030236202500005,Mysuru,Simple Hurt,2,2025-12-03,0.43634215160975676
29619,100190843202500007,Udupi,Assault on Women (Outrage Modesty),2,2025-11-24,0.43633060679106916
24321,100140694202500001,Raichur,Unlawful Assembly,2,2025-12-03,0.43632303963074853
16085,100070453202500006,Ballari,Theft,2,2025-11-15,0.436230087974534
31645,100210894202500005,Chikkamagaluru,Cheating,2,2025-11-20,0.4361930724563202
4524,100010055202500003,Bengaluru Urban,Theft,2,2025-12-25,0.4361585502251192
38609,100301104202500003,Ramanagara,Theft,2,2025-12-18,0.43590386989923446
17356,100080507202500004,Vijayapura,Auto Theft,2,2025-10-20,0.435678155880431
17251,100080489202500001,Vijayapura,Theft,2,2025-11-02,0.4356211459222448
18592,100090552202500010,Dharwad,Theft,2,2025-10-28,0.4355737095444666
18669,100090544202500006,Dharwad,Burglary,2,2025-11-10,0.43509633391678193
24588,100140713202500006,Raichur,Robbery,2,2025-11-09,0.435033837738496
10711,100040288202500002,Belagavi,Theft,2,2025-10-17,0.434996307088525
26500,100160745202500013,Bagalkote,Cheating,2,2025-10-17,0.434867909730215
4987,100010063202500006,Bengaluru Urban,Theft,2,2025-12-10,0.4347750306531034
25585,100150727202500009,Bidar,Unlawful Assembly,2,2025-11-15,0.4345961133850538
14590,100060427202500007,Tumakuru,Theft,2,2025-12-04,0.43444943367440086
16210,100070468202500006,Ballari,Cyber Fraud,2,2025-11-10,0.4342282107062113
23364,300130674202500001,Hassan,Auto Theft,2,2025-12-23,0.4340392562603462
5706,100010047202500012,Bengaluru Urban,Cheating,2,2025-12-03,0.43389691960154253
5574,100010159202500004,Bengaluru Urban,Criminal Breach of Trust,2,2025-11-15,0.43367995433601236
4379,100010165202500002,Bengaluru Urban,Auto Theft,2,2025-11-05,0.43353170399513336
8407,100030230202500009,Mysuru,Cheating,2,2025-11-10,0.4334154761405248
5409,100010111202500011,Bengaluru Urban,Theft,2,2025-10-07,0.43338894739255607
17276,100080490202500001,Vijayapura,Simple Hurt,2,2025-12-03,0.43331613940035607
36690,100271043202500003,Yadgir,Theft,2,2025-10-23,0.43325501223401397
11506,300040316202500001,Belagavi,Theft,2,2025-10-21,0.4331655075943878
13250,100050370202500010,Kalaburagi,Auto Theft,2,2025-11-03,0.4329300724171788
18512,100090546202500006,Dharwad,Theft,2,2025-11-09,0.43283835040743723
39463,100311113202500007,Vijayanagara,Cheating,2,2025-11-08,0.4327967893881033
30844,100200884202500012,Davanagere,Robbery,2,2025-11-01,0.43273799177900035
16114,100070469202500009,Ballari,Theft,2,2025-11-09,0.43249824300876466
26548,100160760202500003,Bagalkote,Cheating,2,2025-10-13,0.4323554948373289
36600,100271049202500004,Yadgir,Auto Theft,2,2025-12-05,0.43228231520171934
34339,100240981202500005,Chamarajanagara,Burglary,2,2025-12-28,0.43224594381393294
32556,300220927202500001,Koppal,Auto Theft,2,2025-11-13,0.43223007044840006
23305,100130681202500004,Hassan,Burglary,2,2025-12-07,0.4321119623544871
30773,100200876202500003,Davanagere,Theft,2,2025-10-09,0.4320772995748241
24280,400140692202500001,Raichur,Auto Theft,2,2025-11-29,0.43186145794160014
8613,100030251202500011,Mysuru,Theft,2,2025-10-05,0.4316632401582569
29512,100190835202500003,Udupi,Theft,2,2025-10-09,0.43151517490574853
5468,300010197202500001,Bengaluru Urban,Theft,2,2025-12-14,0.4315020783228366
33645,100230952202500013,Haveri,Theft,2,2025-10-08,0.4314447844329173
5114,300010080202500001,Bengaluru Urban,Theft,2,2025-12-19,0.4313623393023618
8058,100030266202500001,Mysuru,Cheating,2,2025-12-13,0.43129086368554864
23505,100130675202500005,Hassan,Auto Theft,2,2025-11-25,0.43118786542397375
30949,100200873202500016,Davanagere,Auto Theft,2,2025-12-10,0.4311131784371414
30696,100200864202500004,Davanagere,Theft,2,2025-10-22,0.43051469363495487
10943,100040293202500002,Belagavi,Theft,2,2025-11-26,0.43047254357140885
30957,100200859202500012,Davanagere,Theft,2,2025-10-29,0.4304445696244711
17409,100080515202500005,Vijayapura,Theft,2,2025-11-15,0.4303779781224359
4416,100010157202500003,Bengaluru Urban,Theft,2,2025-11-20,0.43024233010479535
22308,100120639202500010,Mandya,Theft,2,2025-10-02,0.43010054640263035
25394,100150718202500009,Bidar,Cheating,2,2025-11-13,0.4300987223619344
11672,100040307202500013,Belagavi,Theft,2,2025-11-04,0.4300250296312942
29504,800190837202500001,Udupi,Burglary,2,2025-10-20,0.4300233127484038
6605,100020212202500005,Bengaluru Rural,Cheating,2,2025-12-14,0.4296260552423917
16057,100070461202500005,Ballari,Theft,2,2025-11-17,0.42961579311975256
36624,100271056202500002,Yadgir,Grievous Hurt,2,2025-11-09,0.42960857626627563
25399,100150718202500010,Bidar,Cheating,2,2025-10-12,0.42956548666752187
5727,100010123202500010,Bengaluru Urban,Theft,2,2025-12-08,0.429447105520158
17349,100080520202500010,Vijayapura,Auto Theft,2,2025-10-02,0.42854865729025493
28645,100180822202500006,Kolar,Cheating,2,2025-12-06,0.42805962446047946
23317,100130684202500008,Hassan,Theft,2,2025-12-03,0.4279885274979672
6687,100020214202500012,Bengaluru Rural,Culpable Homicide Not Amounting to Murder,2,2025-12-15,0.4279778936989357
17324,800080504202500001,Vijayapura,Auto Theft,2,2025-11-20,0.4275497845485532
4491,100010090202500003,Bengaluru Urban,Theft,2,2025-12-07,0.42749618780042087
37107,100281063202500006,Kodagu,Theft,2,2025-11-10,0.4274444547190419
29579,100190851202500011,Udupi,Cyber Fraud,2,2025-11-02,0.4269221726958745
17380,100080507202500006,Vijayapura,Burglary,2,2025-11-05,0.42686716463099084
16221,100070477202500002,Ballari,Theft,2,2025-11-22,0.42685573088792483
10813,100040289202500002,Belagavi,Cyber Fraud,2,2025-10-18,0.42675992585794936
37974,100291078202500012,Chikkaballapura,Assault on Women (Outrage Modesty),2,2025-12-20,0.42640025226490985
14604,100060410202500004,Tumakuru,Cheating,2,2025-10-25,0.4263344211705484
6579,100020204202500003,Bengaluru Rural,Theft,2,2025-10-07,0.42629849331184977
11505,100040287202500007,Belagavi,Cheating,2,2025-11-28,0.4262182988573689
12815,800050379202500001,Kalaburagi,Auto Theft,2,2025-11-12,0.42609639695381135
8279,100030245202500004,Mysuru,Cheating,2,2025-10-24,0.42609596830016333
31637,100210916202500005,Chikkamagaluru,Auto Theft,2,2025-12-10,0.42604352522020633
35783,100261022202500005,Uttara Kannada,Auto Theft,2,2025-10-18,0.4258660926248899
25544,100150733202500006,Bidar,Burglary,2,2025-12-18,0.42583937935422006
17446,100080494202500012,Vijayapura,Auto Theft,2,2025-12-25,0.4258127189438943
30634,100200879202500004,Davanagere,Theft,2,2025-10-19,0.4258007265258701
34227,100240979202500001,Chamarajanagara,Cheating,2,2025-10-11,0.42543782627939186
14904,100060448202500013,Tumakuru,Theft,2,2025-11-08,0.42530453307271865
36812,800271043202500001,Yadgir,Theft,2,2025-12-20,0.42527471268298545
30846,100200862202500009,Davanagere,Theft,2,2025-12-15,0.42526632278697823
4454,100010156202500001,Bengaluru Urban,Theft,2,2025-12-01,0.4248776462789901
11401,300040346202500001,Belagavi,Cheating,2,2025-11-06,0.4248473430961703
30570,100200884202500002,Davanagere,Theft,2,2025-12-13,0.4246846589647005
31567,100210916202500002,Chikkamagaluru,Burglary,2,2025-10-27,0.4246843815098049
4773,100010033202500004,Bengaluru Urban,Riots,2,2025-12-11,0.4246054646460179
30747,100200882202500006,Davanagere,Robbery,2,2025-12-28,0.42449197751836465
30629,100200883202500003,Davanagere,Auto Theft,2,2025-11-17,0.42444248241591287
34344,800240980202500001,Chamarajanagara,Theft,2,2025-12-11,0.4244106898872685
4285,800010156202500001,Bengaluru Urban,Theft,2,2025-12-21,0.4244095294880718
17473,100080519202500005,Vijayapura,Burglary,2,2025-10-16,0.424113689827474
4793,100010151202500009,Bengaluru Urban,Theft,2,2025-11-05,0.4240931595406712
37874,100291071202500002,Chikkaballapura,Burglary,2,2025-11-08,0.4240632825075025
29410,100190837202500001,Udupi,Theft,2,2025-12-11,0.4239219143051451
25432,100150719202500003,Bidar,Theft,2,2025-11-23,0.4237197607645978
5300,100010046202500010,Bengaluru Urban,Auto Theft,2,2025-10-10,0.42356436851317353
23546,100130681202500011,Hassan,Grievous Hurt,2,2025-11-23,0.4234615959843665
26570,100160761202500012,Bagalkote,Auto Theft,2,2025-10-23,0.4233754798538081
11165,100040351202500005,Belagavi,Cheating,2,2025-12-08,0.42306980405588307
14744,100060432202500010,Tumakuru,Theft,2,2025-10-02,0.42303078704946984
4300,300010155202500001,Bengaluru Urban,Theft,2,2025-10-18,0.4229449711404658
37775,100291075202500001,Chikkaballapura,Auto Theft,2,2025-10-05,0.42255379761562684
5028,100010111202500006,Bengaluru Urban,Auto Theft,2,2025-10-11,0.4225251229794224
5620,100010113202500009,Bengaluru Urban,Theft,2,2025-11-17,0.42245955609146074
23259,100130671202500005,Hassan,Theft,2,2025-12-16,0.42229454030904884
27655,100170794202500009,Chitradurga,Burglary,2,2025-10-06,0.4222392143863411
19789,100100574202500007,Dakshina Kannada,Cheating,2,2025-12-17,0.42215372157256104
16301,800070473202500001,Ballari,Theft,2,2025-12-25,0.4220674191869551
27460,800170801202500001,Chitradurga,Cheating,2,2025-10-16,0.421887916742901
24319,100140689202500001,Raichur,Theft,2,2025-10-24,0.4218591858383778
39332,100311120202500002,Vijayanagara,Criminal Breach of Trust (Financial),2,2025-12-18,0.4218375339338373
4550,100010077202500001,Bengaluru Urban,Assault on Women (Outrage Modesty),2,2025-11-24,0.4218363919113702
26433,100160745202500007,Bagalkote,Cheating,2,2025-11-08,0.4217282109980441
5449,100010118202500010,Bengaluru Urban,Theft,2,2025-11-15,0.421204196315734
5782,100010157202500006,Bengaluru Urban,Theft,2,2025-10-24,0.4209860243593368
39523,100311124202500011,Vijayanagara,Theft,2,2025-11-03,0.42093995250296207
35060,100250999202500010,Gadag,Insult to Modesty of Women,2,2025-12-15,0.42073558190513305
14888,100060439202500013,Tumakuru,Theft,2,2025-11-08,0.4205877401040982
25430,100150736202500005,Bidar,Theft,2,2025-11-03,0.4205641168926826
5045,100010104202500006,Bengaluru Urban,Cheating,2,2025-11-08,0.42052338618596546
26714,100160770202500004,Bagalkote,Criminal Breach of Trust,2,2025-10-05,0.4204878993858378
23211,100130676202500001,Hassan,Theft,2,2025-10-28,0.42044360670133984
11101,300040272202500002,Belagavi,Burglary,2,2025-12-25,0.42039887590011943
26508,100160754202500006,Bagalkote,Culpable Homicide Not Amounting to Murder,2,2025-12-28,0.42039171962849664
10881,100040312202500001,Belagavi,Cheating,2,2025-11-08,0.4201030299644752
24434,100140704202500004,Raichur,Counterfeiting,2,2025-11-10,0.4195345956914216
25596,100150725202500010,Bidar,Burglary,2,2025-10-24,0.4193372636247479
16360,100070457202500015,Ballari,Theft,2,2025-12-21,0.41839610638776165
19784,100100559202500004,Dakshina Kannada,Cyber Fraud,2,2025-11-11,0.4180919481049964
34378,100240973202500005,Chamarajanagara,Theft,2,2025-11-26,0.4179529001729661
5983,100010182202500012,Bengaluru Urban,Theft,2,2025-10-16,0.41775548266047136
25406,100150734202500005,Bidar,Theft,2,2025-12-23,0.41760557696104483
31770,100210907202500007,Chikkamagaluru,Kidnapping & Abduction,1,2025-11-07,0.41759362622494867
29553,100190841202500005,Udupi,Cheating,2,2025-11-08,0.41740385807722546
14522,100060412202500002,Tumakuru,Theft,2,2025-12-20,0.41735137375321
38049,100291078202500015,Chikkaballapura,Cheating,2,2025-11-03,0.4171064933212774
26362,100160774202500001,Bagalkote,Cheating,2,2025-11-22,0.41706467932213337
25471,300150724202500002,Bidar,Cheating,2,2025-10-23,0.41696511224208027
10811,100040288202500006,Belagavi,Theft,2,2025-12-02,0.4169184013317774
11435,100040283202500006,Belagavi,Theft,2,2025-10-14,0.41687695725675156
23322,300130655202500001,Hassan,Theft,2,2025-11-18,0.4166804588811737
8196,100030243202500005,Mysuru,Theft,2,2025-12-28,0.4166565293925306
4854,800010137202500001,Bengaluru Urban,Theft,2,2025-12-09,0.41665552997990224
19871,100100574202500011,Dakshina Kannada,Assault on Women (Outrage Modesty),2,2025-10-26,0.41663670421499066
25400,100150725202500003,Bidar,Cheating,2,2025-11-03,0.41648365977073437
33497,100230950202500005,Haveri,Cyber Fraud,2,2025-11-19,0.41644647035247284
37131,100281065202500005,Kodagu,Cheating,2,2025-12-26,0.41642494842265354
18625,800090522202500001,Dharwad,Theft,2,2025-12-09,0.416398934554937
5051,100010038202500008,Bengaluru Urban,Theft,2,2025-10-15,0.4160893866039439
11172,100040345202500002,Belagavi,Theft,2,2025-10-25,0.41605915343063793
13045,100050395202500008,Kalaburagi,Grievous Hurt,2,2025-11-21,0.4160095197361866
18381,100090545202500002,Dharwad,Burglary,2,2025-10-16,0.41594299076635816
12998,100050372202500006,Kalaburagi,Auto Theft,2,2025-12-27,0.41567088027075
18747,100090543202500011,Dharwad,Theft,2,2025-10-09,0.4156133582055096
17507,100080516202500009,Vijayapura,Auto Theft,2,2025-11-08,0.4155519410673063
37954,100291079202500015,Chikkaballapura,Theft,2,2025-11-06,0.41554705436364253
14423,100060414202500002,Tumakuru,Theft,2,2025-10-25,0.41541371276831374
14897,100060444202500015,Tumakuru,Riots,2,2025-10-07,0.4151698095160902
23253,100130676202500004,Hassan,Auto Theft,2,2025-11-02,0.4151674557554337
30943,300200893202500002,Davanagere,Theft,2,2025-11-28,0.41444418938029215
5057,100010173202500010,Bengaluru Urban,Robbery,2,2025-12-03,0.4142140972389824
33538,100230956202500003,Haveri,Counterfeiting,2,2025-11-01,0.4138826429274554
36620,300271048202500001,Yadgir,Cheating,2,2025-10-22,0.4136390660602442
38563,100301102202500005,Ramanagara,Theft,2,2025-11-20,0.4133620115423335
36044,100261011202500006,Uttara Kannada,Cheating,2,2025-11-08,0.41332691197662713
5396,100010106202500009,Bengaluru Urban,Arson,2,2025-12-28,0.41331188749611325
11511,100040299202500011,Belagavi,Grievous Hurt,2,2025-10-07,0.41324581075583855
22340,100120649202500010,Mandya,Theft,2,2025-10-03,0.4132050430358884
14548,100060442202500003,Tumakuru,Theft,2,2025-10-12,0.41293565080588496
17286,100080500202500002,Vijayapura,Insult to Modesty of Women,2,2025-12-06,0.4128567596273072
38034,100291085202500008,Chikkaballapura,Auto Theft,2,2025-10-14,0.41276151929091137
19809,100100578202500004,Dakshina Kannada,Auto Theft,2,2025-11-26,0.41273628309485505
17350,100080502202500004,Vijayapura,Burglary,2,2025-10-06,0.4126278550939372
33432,100230957202500003,Haveri,Burglary,2,2025-11-24,0.41256129921837664
27639,100170792202500003,Chitradurga,Burglary,2,2025-11-18,0.4125394753817656
27769,100170780202500009,Chitradurga,Auto Theft,2,2025-10-19,0.41252295404427464
38011,100291078202500014,Chikkaballapura,Theft,2,2025-12-18,0.4123950967929086
14661,100060410202500006,Tumakuru,Theft,2,2025-12-09,0.4123909720554315
35081,100250994202500014,Gadag,Robbery,2,2025-12-10,0.4122399743478703
30959,100200878202500008,Davanagere,Theft,2,2025-11-27,0.4122070976454854
14772,100060409202500004,Tumakuru,Theft,2,2025-10-12,0.412103011734372
19797,100100579202500004,Dakshina Kannada,Theft,2,2025-11-19,0.41197949722690796
29466,100190856202500004,Udupi,Theft,2,2025-12-06,0.4118875361285023
19894,100100586202500008,Dakshina Kannada,Burglary,2,2025-12-27,0.41183434950150716
14778,100060410202500010,Tumakuru,Cheating,2,2025-12-26,0.4116062286862506
8350,300030260202500001,Mysuru,Robbery,2,2025-10-14,0.4115900064218385
11459,100040292202500007,Belagavi,Theft,2,2025-12-17,0.4114540791249494
30809,100200873202500012,Davanagere,Theft,2,2025-11-27,0.41133786901728925
37098,100281058202500003,Kodagu,Theft,2,2025-11-08,0.4111376356215207
28681,100180831202500009,Kolar,Cyber Fraud,2,2025-12-28,0.4109715355710764
34304,100240976202500006,Chamarajanagara,Theft,2,2025-11-15,0.4107127392357832
32658,100220918202500009,Koppal,Theft,2,2025-12-05,0.41053265064854383
30698,100200877202500007,Davanagere,Burglary,2,2025-12-08,0.4103686807195898
4147,100010193202500001,Bengaluru Urban,Theft,2,2025-11-13,0.4102291248991576
5602,100010104202500011,Bengaluru Urban,Kidnapping & Abduction,1,2025-12-03,0.4101075282545066
34377,100240977202500005,Chamarajanagara,Unlawful Assembly,2,2025-11-26,0.41000682682518264
6081,800010126202500001,Bengaluru Urban,Burglary,2,2025-10-16,0.409834465076492
6544,100020202202500001,Bengaluru Rural,Theft,2,2025-10-21,0.40981962374424463
35894,100261035202500005,Uttara Kannada,Theft,2,2025-12-12,0.4097957671212477
28720,100180824202500008,Kolar,Theft,2,2025-10-03,0.40978269994285976
11353,100040312202500004,Belagavi,Cheating,2,2025-11-24,0.40976384972324625
11066,100040296202500007,Belagavi,Theft,2,2025-10-18,0.4097626617274386
14542,100060434202500001,Tumakuru,Arson,2,2025-11-25,0.40966121270522976
14683,100060401202500006,Tumakuru,Theft,2,2025-10-25,0.40956329241736233
15939,100070486202500002,Ballari,Theft,2,2025-11-25,0.4091611873047259
28733,100180806202500028,Kolar,Riots,2,2025-10-15,0.4090871857693324
32506,100220939202500007,Koppal,Theft,2,2025-10-12,0.40877806267061517
26473,100160751202500007,Bagalkote,Cheating,2,2025-11-20,0.4085824877360396
14925,100060438202500006,Tumakuru,Theft,2,2025-12-01,0.4084245368956862
23287,100130657202500005,Hassan,Unlawful Assembly,2,2025-12-27,0.40827003576135884
5182,100010077202500004,Bengaluru Urban,Auto Theft,2,2025-12-04,0.4081509865283848
14693,100060422202500006,Tumakuru,Grievous Hurt,2,2025-12-05,0.4080226324070271
11447,800040272202500003,Belagavi,Theft,2,2025-11-29,0.407700016257299
17331,100080494202500006,Vijayapura,Theft,2,2025-12-26,0.4073377347521568
24522,100140708202500003,Raichur,Assault on Women (Outrage Modesty),2,2025-12-25,0.4070796308360463
36731,100271039202500003,Yadgir,NDPS Offence,2,2025-11-02,0.4069303930556651
36666,100271053202500004,Yadgir,Auto Theft,2,2025-11-12,0.40689992959356575
24394,100140707202500003,Raichur,Cheating,2,2025-11-22,0.40666261390166303
22294,100120645202500006,Mandya,Cheating,2,2025-11-17,0.4064432803592338
24536,100140707202500011,Raichur,Theft,2,2025-10-22,0.40632704922730545
17345,800080521202500002,Vijayapura,Theft,2,2025-11-26,0.4061518145237045
36678,100271044202500008,Yadgir,Cheating,2,2025-10-06,0.4056226380942654
16234,100070460202500004,Ballari,Theft,2,2025-12-23,0.40555233331971646
36680,100271056202500004,Yadgir,Theft,2,2025-10-22,0.40524691350869385
39580,100311124202500014,Vijayanagara,Theft,2,2025-10-14,0.404664040297117
11215,100040306202500009,Belagavi,Cheating,2,2025-11-15,0.404406264406794
12799,800050364202500001,Kalaburagi,Auto Theft,2,2025-11-25,0.4043926066961297
24444,100140697202500007,Raichur,Theft,2,2025-10-11,0.40433532277167966
22230,100120626202500008,Mandya,Cheating,2,2025-10-02,0.4042883589366034
5831,100010071202500009,Bengaluru Urban,Theft,2,2025-10-13,0.4041867693980428
16335,800070485202500003,Ballari,Unlawful Assembly,2,2025-10-28,0.40397688798338005
14674,100060437202500004,Tumakuru,Cheating,2,2025-11-10,0.4039758922105858
16129,100070458202500007,Ballari,Theft,2,2025-10-19,0.40375779873385104
4628,100010181202500004,Bengaluru Urban,Riots,2,2025-10-02,0.4036907291517347
25440,100150717202500007,Bidar,Cheating,2,2025-11-20,0.4034452627222048
14443,100060403202500001,Tumakuru,Theft,2,2025-10-16,0.40343611906037863
27579,800170781202500001,Chitradurga,Theft,2,2025-12-28,0.403290535437505
30735,100200883202500007,Davanagere,Theft,2,2025-12-16,0.4032272465966791
13073,100050393202500010,Kalaburagi,Cheating,2,2025-12-28,0.40274152893158066
14951,100060406202500013,Tumakuru,Theft,2,2025-11-28,0.4026488231864426
18610,100090545202500010,Dharwad,Auto Theft,2,2025-12-10,0.40254573344464367
20079,100100588202500013,Dakshina Kannada,Burglary,2,2025-11-10,0.4025151931936308
6677,800020212202500002,Bengaluru Rural,Cheating,2,2025-10-08,0.4021292237174425
14944,300060430202500001,Tumakuru,Theft,2,2025-11-26,0.4018053776155458
36785,100271055202500008,Yadgir,Theft,2,2025-10-21,0.4016713156008729
24447,100140706202500005,Raichur,Theft,2,2025-11-15,0.40163391236684515
24296,100140711202500001,Raichur,Theft,2,2025-10-22,0.40151532444950705
22018,100120649202500001,Mandya,Auto Theft,2,2025-10-23,0.4014575539245656
8266,100030221202500008,Mysuru,POCSO Offence,1,2025-11-12,0.4014415715668073
17256,100080517202500001,Vijayapura,Theft,2,2025-12-05,0.40097304994316896
32455,100220923202500005,Koppal,Theft,2,2025-11-05,0.400847896832478
28547,100180814202500006,Kolar,Cheating,2,2025-12-24,0.4008222829191471
17551,100080498202500015,Vijayapura,Theft,2,2025-10-20,0.4004514104600948
13047,100050386202500006,Kalaburagi,Burglary,2,2025-11-28,0.4001282951142702
33702,100230966202500015,Haveri,Assault on Women (Outrage Modesty),2,2025-12-11,0.40008979288046054
17246,100080499202500004,Vijayapura,Theft,2,2025-12-03,0.4000801956421149
37981,100291085202500006,Chikkaballapura,Theft,2,2025-12-06,0.3996641288004842
19981,100100566202500010,Dakshina Kannada,Theft,2,2025-11-19,0.3996309508066862
32487,100220931202500002,Koppal,Auto Theft,2,2025-12-19,0.3996296851906712
34362,100240979202500008,Chamarajanagara,Theft,2,2025-11-25,0.39959394607174337
5490,100010158202500007,Bengaluru Urban,Theft,2,2025-10-27,0.39959042783205445
13033,800050370202500001,Kalaburagi,Criminal Breach of Trust (Financial),2,2025-12-14,0.39945284261200786
11173,100040334202500008,Belagavi,Burglary,2,2025-12-21,0.39939047820941964
16025,100070474202500002,Ballari,Theft,2,2025-10-11,0.39930209047116705
10787,300040347202500001,Belagavi,Assault on Women (Outrage Modesty),2,2025-12-16,0.39892630339009644
39468,100311128202500008,Vijayanagara,Auto Theft,2,2025-10-14,0.3988130199106648
8100,100030247202500003,Mysuru,Burglary,2,2025-12-12,0.398725150939178
17301,100080503202500003,Vijayapura,Cheating,2,2025-10-13,0.3984624474681998
19970,100100572202500008,Dakshina Kannada,Theft,2,2025-11-02,0.3982225033622661
39431,100311134202500008,Vijayanagara,Cheating,2,2025-12-10,0.3981278928189862
25345,100150723202500003,Bidar,Burglary,2,2025-11-26,0.3978233093041343
28657,100180830202500005,Kolar,Theft,2,2025-11-23,0.3975806777215292
4675,100010185202500004,Bengaluru Urban,Cheating,2,2025-12-17,0.39744072855135837
38617,100301094202500011,Ramanagara,Robbery,2,2025-12-12,0.3970648972130485
29393,400190838202500001,Udupi,Theft,2,2025-10-04,0.39702308260641883
27610,800170782202500001,Chitradurga,Cheating,2,2025-11-13,0.3967169516593001
11266,100040295202500007,Belagavi,Unlawful Assembly,2,2025-11-28,0.39661986023287443
4469,100010133202500003,Bengaluru Urban,Theft,2,2025-12-05,0.3963519175802292
28615,100180826202500005,Kolar,Theft,2,2025-10-03,0.3963369340237597
10923,100040306202500004,Belagavi,Cheating,2,2025-11-19,0.39623851010625577
32475,100220920202500002,Koppal,Cheating,2,2025-10-02,0.39619148034216006
29530,100190855202500007,Udupi,Theft,2,2025-12-23,0.3961137004702405
5654,100010124202500008,Bengaluru Urban,Auto Theft,2,2025-11-17,0.3959793811486094
39480,100311118202500011,Vijayanagara,Burglary,2,2025-12-19,0.395936573027416
24431,100140687202500007,Raichur,Theft,2,2025-10-06,0.3959129481440456
18674,100090536202500011,Dharwad,Cheating,2,2025-12-01,0.39590952704867505
4152,100010088202500003,Bengaluru Urban,Culpable Homicide Not Amounting to Murder,2,2025-11-05,0.3957668338680859
28715,100180824202500007,Kolar,Rape,1,2025-12-17,0.3954104882497855
10938,100040299202500006,Belagavi,Cheating,2,2025-12-18,0.39521247373062707
17367,100080511202500006,Vijayapura,Insult to Modesty of Women,2,2025-12-01,0.39511175027274836
27602,100170803202500004,Chitradurga,Robbery,2,2025-11-20,0.39509708927124015
16282,100070454202500005,Ballari,Theft,2,2025-12-14,0.39493363169656787
16269,100070457202500008,Ballari,Auto Theft,2,2025-10-05,0.3948067897499026
37977,100291079202500016,Chikkaballapura,Theft,2,2025-11-26,0.3947868225636883
8634,100030258202500008,Mysuru,Culpable Homicide Not Amounting to Murder,2,2025-12-05,0.39476015832096534
34979,100250992202500003,Gadag,Burglary,2,2025-11-25,0.39451940140713676
28617,100180806202500014,Kolar,Theft,2,2025-10-17,0.3942074453296272
14908,100060424202500009,Tumakuru,Theft,2,2025-12-27,0.3939156218813028
5859,100010135202500009,Bengaluru Urban,Auto Theft,2,2025-12-08,0.39388074400215756
19898,100100585202500006,Dakshina Kannada,Cheating,2,2025-11-18,0.3938373850043869
27623,100170789202500006,Chitradurga,Simple Hurt,2,2025-10-02,0.3935078238904484
4179,100010160202500001,Bengaluru Urban,Theft,2,2025-11-10,0.3932190499806795
37811,100291073202500004,Chikkaballapura,Theft,2,2025-10-20,0.3930090690014558
33601,100230970202500008,Haveri,Burglary,2,2025-10-23,0.3930040780248881
39354,300311132202500001,Vijayanagara,Auto Theft,2,2025-12-06,0.39292537957315016
28602,100180813202500003,Kolar,Criminal Breach of Trust (Financial),2,2025-10-17,0.3928151914966064
14780,100060439202500010,Tumakuru,Theft,2,2025-10-28,0.3927491233426235
23406,100130655202500008,Hassan,Theft,2,2025-10-20,0.3927405655362564
27489,100170784202500005,Chitradurga,Cheating,2,2025-12-24,0.392691793978775
10814,100040334202500003,Belagavi,Criminal Breach of Trust,2,2025-10-26,0.3926276094079978
18675,100090528202500008,Dharwad,Auto Theft,2,2025-11-01,0.39242494805429173
27594,100170783202500007,Chitradurga,POCSO Offence,1,2025-10-27,0.3923645521029403
19870,100100557202500006,Dakshina Kannada,Criminal Breach of Trust (Financial),2,2025-12-18,0.3920856341068014
10913,100040333202500003,Belagavi,Unlawful Assembly,2,2025-12-13,0.39200677667092326
4253,300010158202500001,Bengaluru Urban,Burglary,2,2025-11-10,0.39180205488709946
11378,100040289202500005,Belagavi,Cheating,2,2025-12-08,0.39170450801805584
16027,100070466202500002,Ballari,Theft,2,2025-12-15,0.39159517440952296
34288,100240986202500005,Chamarajanagara,Theft,2,2025-12-12,0.3914794138795653
35802,100261015202500003,Uttara Kannada,Theft,2,2025-11-01,0.39140108128646084
27606,100170782202500006,Chitradurga,Burglary,2,2025-11-05,0.3913122595831663
11081,100040345202500001,Belagavi,Criminal Breach of Trust (Financial),2,2025-11-01,0.3912176788967699
8493,100030230202500010,Mysuru,Burglary,2,2025-12-12,0.3910804046423525
19989,100100554202500010,Dakshina Kannada,Burglary,2,2025-10-14,0.3910775658239008
14961,300060431202500001,Tumakuru,Unlawful Assembly,2,2025-12-09,0.39104449722582735
20023,800100586202500003,Dakshina Kannada,Burglary,2,2025-10-02,0.3910388222597734
19761,100100564202500003,Dakshina Kannada,Criminal Breach of Trust,2,2025-10-11,0.3909678015957076
28745,100180808202500008,Kolar,Theft,2,2025-10-06,0.3908864781609446
29650,100190858202500008,Udupi,Riots,2,2025-12-04,0.3908812764454173
22359,100120627202500009,Mandya,Burglary,2,2025-12-08,0.3908570996766516
26361,100160758202500001,Bagalkote,Assault on Women (Outrage Modesty),2,2025-10-21,0.3907808348511435
24472,100140690202500008,Raichur,Theft,2,2025-10-28,0.3905860481180223
20067,100100576202500011,Dakshina Kannada,Theft,2,2025-11-14,0.3904399449950526
16007,100070483202500002,Ballari,Theft,2,2025-11-27,0.3903648665430117
24376,100140688202500001,Raichur,Theft,2,2025-10-22,0.3900603268913552
35029,100251000202500005,Gadag,Criminal Breach of Trust (Financial),2,2025-10-28,0.38995172117508353
14746,100060444202500010,Tumakuru,Theft,2,2025-10-16,0.3899310820234883
11007,100040332202500007,Belagavi,Burglary,2,2025-11-10,0.38983471618425064
30914,100200875202500013,Davanagere,Theft,2,2025-10-22,0.3895031245084889
37838,100291077202500005,Chikkaballapura,Theft,2,2025-12-07,0.38945902394446125
36054,100261030202500014,Uttara Kannada,Arson,2,2025-10-23,0.38914636156052285
5944,100010169202500010,Bengaluru Urban,Auto Theft,2,2025-10-06,0.3890096496675052
27505,100170776202500002,Chitradurga,Excise Act Offence,2,2025-11-10,0.3889128534263442
27551,100170783202500006,Chitradurga,Cheating,2,2025-11-03,0.3888220186639194
38511,100301102202500001,Ramanagara,Burglary,2,2025-10-08,0.38878823402337365
28668,100180828202500005,Kolar,Cheating,2,2025-11-20,0.38873290435461894
27762,100170779202500006,Chitradurga,Burglary,2,2025-10-22,0.3886303237274188
8170,100030237202500004,Mysuru,Burglary,2,2025-12-09,0.3883452413164963
4574,100010163202500004,Bengaluru Urban,Burglary,2,2025-10-16,0.3882961380813599
6067,100010080202500011,Bengaluru Urban,Theft,2,2025-10-10,0.3881629088783167
15950,100070478202500002,Ballari,Burglary,2,2025-10-15,0.38779219915117485
25450,100150742202500008,Bidar,Burglary,2,2025-11-02,0.38778592282984453
11043,100040324202500003,Belagavi,Cheating,2,2025-11-14,0.3874515510434727
4796,100010134202500005,Bengaluru Urban,Theft,2,2025-10-06,0.38737765364067867
16244,100070460202500005,Ballari,Theft,2,2025-12-19,0.3873719514802403
13156,100050388202500010,Kalaburagi,Auto Theft,2,2025-10-19,0.3871684878283354
14871,100060440202500008,Tumakuru,Theft,2,2025-10-04,0.38702346869984383
4289,100010141202500001,Bengaluru Urban,Auto Theft,2,2025-10-18,0.3866835431488916
37115,100281065202500002,Kodagu,Cheating,2,2025-12-22,0.3865806192101513
30964,800200890202500002,Davanagere,Cheating,2,2025-12-01,0.38651573110102655
12890,100050379202500002,Kalaburagi,Theft,2,2025-12-23,0.38643406123151103
36585,100271049202500002,Yadgir,Cyber Fraud,2,2025-12-03,0.38629163744520717
8600,100030235202500007,Mysuru,Riots,2,2025-11-19,0.38605021232981834
25382,400150739202500001,Bidar,Theft,2,2025-12-06,0.38599444781209874
32431,300220935202500001,Koppal,Theft,2,2025-12-14,0.3856656468132601
36754,100271053202500006,Yadgir,Burglary,2,2025-12-05,0.38554242682481893
30714,100200893202500006,Davanagere,Criminal Breach of Trust,2,2025-11-22,0.38530518899821997
8535,100030221202500013,Mysuru,Cheating,2,2025-11-12,0.38513452130322506
5623,100010156202500007,Bengaluru Urban,Theft,2,2025-11-09,0.38511025195952586
39551,100311134202500010,Vijayanagara,Auto Theft,2,2025-10-06,0.38509343459386175
22062,400120640202500001,Mandya,Theft,2,2025-12-11,0.3850346264597119
16163,100070486202500006,Ballari,Burglary,2,2025-11-26,0.38484667152879903
31696,100210910202500006,Chikkamagaluru,Cheating,2,2025-10-13,0.38460576533686003
14561,100060428202500002,Tumakuru,Burglary,2,2025-12-06,0.38456092519324314
11683,300040306202500001,Belagavi,POCSO Offence,1,2025-12-18,0.3844566849960295
8422,100030250202500006,Mysuru,Theft,2,2025-11-25,0.3843360546589514
23202,100130657202500003,Hassan,Cheating,2,2025-12-03,0.3832311391386071
5692,100010056202500014,Bengaluru Urban,Burglary,2,2025-12-17,0.38312222055876893
14628,100060408202500003,Tumakuru,Theft,2,2025-11-13,0.3822927083465023
16201,100070474202500005,Ballari,Theft,2,2025-11-21,0.38220337859215187
39345,800311111202500001,Vijayanagara,Auto Theft,2,2025-10-13,0.38215194962421384
5235,100010123202500005,Bengaluru Urban,Auto Theft,2,2025-10-26,0.3818937154935385
19783,100100574202500006,Dakshina Kannada,Theft,2,2025-11-20,0.38188515289595093
5313,100010037202500007,Bengaluru Urban,Auto Theft,2,2025-11-27,0.3817676854427677
36824,100271047202500015,Yadgir,Burglary,2,2025-11-04,0.3817353992965819
5887,800010118202500001,Bengaluru Urban,Cheating,2,2025-11-10,0.3815357161700839
27556,800170804202500001,Chitradurga,Cheating,2,2025-11-12,0.38151484991672335
20017,100100563202500006,Dakshina Kannada,Theft,2,2025-10-27,0.38148684962904117
30965,100200876202500007,Davanagere,Burglary,2,2025-11-21,0.38128059290862343
39441,100311122202500008,Vijayanagara,Burglary,2,2025-11-23,0.3809666064695814
39394,100311131202500005,Vijayanagara,Theft,2,2025-12-12,0.3808557544528322
36699,100271054202500004,Yadgir,Cheating,2,2025-10-02,0.380597266517421
16334,100070463202500010,Ballari,Grievous Hurt,2,2025-12-03,0.3798841066809369
17560,100080493202500013,Vijayapura,Simple Hurt,2,2025-11-21,0.37979690359998325
19704,100100570202500004,Dakshina Kannada,Theft,2,2025-12-08,0.3793806431609547
34928,100251009202500003,Gadag,Cheating,2,2025-10-20,0.37916570480891804
4083,100010102202500001,Bengaluru Urban,Burglary,2,2025-12-17,0.3787951743544298
37112,100281058202500006,Kodagu,Culpable Homicide Not Amounting to Murder,2,2025-11-19,0.3785311952206041
16343,100070460202500007,Ballari,Burglary,2,2025-10-18,0.3784775457193583
6686,100020209202500008,Bengaluru Rural,Assault on Women (Outrage Modesty),2,2025-12-25,0.37845761603437017
35797,100261022202500006,Uttara Kannada,Burglary,2,2025-11-20,0.3783488209498054
13213,100050366202500017,Kalaburagi,Simple Hurt,2,2025-12-18,0.3777578131187162
11415,100040289202500006,Belagavi,Cheating,2,2025-12-15,0.37756078652838054
24420,800140707202500002,Raichur,Cheating,2,2025-11-15,0.3773526501385806
13008,300050371202500001,Kalaburagi,Burglary,2,2025-12-18,0.3767332676392384
11125,100040272202500003,Belagavi,Burglary,2,2025-10-17,0.37643868406352826
23514,100130655202500010,Hassan,Theft,2,2025-11-16,0.3754013648120704
14703,100060439202500009,Tumakuru,POCSO Offence,1,2025-11-24,0.3749157046283806
31525,100210915202500003,Chikkamagaluru,Burglary,2,2025-12-21,0.37488345688993563
34244,100240986202500002,Chamarajanagara,Burglary,2,2025-12-15,0.3748249868573445
32634,100220923202500011,Koppal,Cheating,2,2025-11-13,0.37479321741450633
6539,800020214202500001,Bengaluru Rural,Theft,2,2025-10-08,0.3744898098641615
18506,300090553202500001,Dharwad,Burglary,2,2025-11-19,0.3744150118983838
11549,100040296202500012,Belagavi,Cheating,2,2025-12-22,0.3742108005521557
25376,100150726202500005,Bidar,Theft,2,2025-12-09,0.37405498868896225
18417,100090528202500001,Dharwad,Auto Theft,2,2025-11-03,0.37393922726429596
22341,100120645202500007,Mandya,POCSO Offence,1,2025-10-28,0.3737590847711854
4655,100010046202500006,Bengaluru Urban,Cheating,2,2025-10-21,0.37368151316692017
32381,100220936202500001,Koppal,Burglary,2,2025-12-17,0.37356162810164334
14654,100060412202500006,Tumakuru,Theft,2,2025-11-06,0.3733490779447547
35100,100250997202500007,Gadag,Burglary,2,2025-12-25,0.37334168117090843
36056,100261012202500014,Uttara Kannada,Cheating,2,2025-10-22,0.373081830109757
14464,100060439202500002,Tumakuru,Riots,2,2025-11-23,0.3729241156896572
29575,400190834202500002,Udupi,Theft,2,2025-11-23,0.37281130820125136
16231,100070475202500007,Ballari,Burglary,2,2025-11-21,0.3725685993145624
14973,100060411202500006,Tumakuru,Arson,2,2025-12-28,0.3724869122892159
34411,100240977202500007,Chamarajanagara,Theft,2,2025-10-25,0.37228067246567653
22258,100120643202500012,Mandya,Cheating,2,2025-10-24,0.37213553497246793
37815,100291077202500003,Chikkaballapura,Unlawful Assembly,2,2025-12-07,0.3719266189128953
32422,100220937202500002,Koppal,Burglary,2,2025-10-05,0.37183224724087854
35017,100250999202500007,Gadag,Robbery,2,2025-12-11,0.3716540763479367
23255,100130676202500005,Hassan,Theft,2,2025-10-04,0.3715861241843564
28525,100180833202500004,Kolar,Cheating,2,2025-12-12,0.3715202261057963
4157,100010161202500002,Bengaluru Urban,Robbery,2,2025-10-11,0.3713723397564621
25388,100150728202500004,Bidar,Theft,2,2025-11-06,0.3712820166540411
12991,800050392202500001,Kalaburagi,Cheating,2,2025-12-11,0.37115451736633953
19811,100100559202500005,Dakshina Kannada,Cyber Fraud,2,2025-12-28,0.371141152107324
19987,800100584202500003,Dakshina Kannada,Criminal Breach of Trust (Financial),2,2025-11-26,0.37110937442144226
33462,100230951202500002,Haveri,Criminal Breach of Trust,2,2025-11-08,0.37108871516649383
5312,100010081202500004,Bengaluru Urban,Insult to Modesty of Women,2,2025-10-05,0.3710748524349514
19912,100100558202500010,Dakshina Kannada,Theft,2,2025-10-24,0.37095485657738775
34386,100240972202500010,Chamarajanagara,Dowry Death,1,2025-10-26,0.370906984493446
19971,100100577202500012,Dakshina Kannada,Simple Hurt,2,2025-12-17,0.37081067708438703
36673,100271048202500005,Yadgir,Theft,2,2025-10-13,0.3707604553149622
18603,100090530202500007,Dharwad,Auto Theft,2,2025-12-20,0.37065529140170017
22104,100120640202500003,Mandya,Cheating,2,2025-10-19,0.3704222375522727
14470,100060413202500004,Tumakuru,Cheating,2,2025-12-19,0.37020727525087416
22279,800120642202500002,Mandya,Burglary,2,2025-10-12,0.36996656150956536
36067,100261024202500011,Uttara Kannada,Excise Act Offence,2,2025-12-15,0.3692709922488431
12898,100050393202500005,Kalaburagi,Cheating,2,2025-11-13,0.3690749119042891
4755,800010160202500002,Bengaluru Urban,Burglary,2,2025-10-21,0.36907275259650185
20985,100110604202500003,Shivamogga,Simple Hurt,2,2025-10-23,0.36888509363519706
4724,100010045202500006,Bengaluru Urban,Burglary,2,2025-10-06,0.36883251141837875
5214,400010046202500001,Bengaluru Urban,Burglary,2,2025-10-08,0.3688235008924618
17378,100080517202500006,Vijayapura,Criminal Breach of Trust (Financial),2,2025-12-09,0.3687493809632107
18727,100090550202500015,Dharwad,Burglary,2,2025-12-05,0.36858238503749086
16351,100070449202500010,Ballari,Assault on Women (Outrage Modesty),2,2025-11-25,0.3678703664837621
11246,100040335202500010,Belagavi,Simple Hurt,2,2025-10-21,0.3675840007265014
4434,100010045202500004,Bengaluru Urban,Grievous Hurt,2,2025-11-14,0.3674062957332555
28537,400180806202500001,Kolar,Cheating,2,2025-10-03,0.3673485513081377
22185,100120644202500006,Mandya,Burglary,2,2025-11-17,0.36673835943784483
4408,100010158202500001,Bengaluru Urban,Burglary,2,2025-11-05,0.36659573027164183
28697,100180819202500011,Kolar,Theft,2,2025-12-03,0.36608825562414177
19690,100100556202500002,Dakshina Kannada,Auto Theft,2,2025-11-20,0.3657786470292718
4894,100010099202500005,Bengaluru Urban,Grievous Hurt,2,2025-10-15,0.36575924641723434
18662,100090526202500005,Dharwad,Theft,2,2025-12-16,0.3656086616554859
5375,100010107202500007,Bengaluru Urban,Cheating,2,2025-12-24,0.3655976205493356
18714,100090532202500004,Dharwad,Auto Theft,2,2025-12-20,0.36559289970140024
28741,100180818202500006,Kolar,Burglary,2,2025-12-08,0.3655556347385374
24395,100140714202500004,Raichur,Simple Hurt,2,2025-10-22,0.3655475329808559
20078,100100579202500010,Dakshina Kannada,Excise Act Offence,2,2025-12-22,0.3652514352323389
4265,100010084202500002,Bengaluru Urban,Cheating,2,2025-12-20,0.36504421707728063
36659,100271045202500003,Yadgir,Theft,2,2025-12-25,0.36500276855507285
5362,100010100202500006,Bengaluru Urban,Cheating,2,2025-12-23,0.3647765984477696
4702,100010150202500004,Bengaluru Urban,Burglary,2,2025-11-14,0.3644916245589987
8517,100030232202500008,Mysuru,Cheating,2,2025-11-08,0.3644725823925641
19744,800100579202500001,Dakshina Kannada,Burglary,2,2025-10-19,0.3643310333497821
28626,100180806202500015,Kolar,Cheating,2,2025-10-14,0.36410739811812726
25347,800150724202500001,Bidar,Attempt to Murder,1,2025-11-23,0.36406998986747346
38628,100301109202500004,Ramanagara,Criminal Breach of Trust,2,2025-12-14,0.3639586587347963
26501,100160768202500009,Bagalkote,Criminal Breach of Trust (Financial),2,2025-11-26,0.3639545320524713
10737,100040349202500001,Belagavi,Excise Act Offence,2,2025-11-04,0.36385773171588975
26402,100160755202500003,Bagalkote,Criminal Breach of Trust,2,2025-12-18,0.36382124203929916
19793,100100582202500003,Dakshina Kannada,Theft,2,2025-12-21,0.3637928164292862
5044,100010111202500007,Bengaluru Urban,Insult to Modesty of Women,2,2025-10-15,0.36356938020329616
17564,800080520202500005,Vijayapura,POCSO Offence,1,2025-10-07,0.3633151288006673
8588,100030266202500011,Mysuru,Cheating,2,2025-12-13,0.36321789478139344
4903,100010144202500003,Bengaluru Urban,Auto Theft,2,2025-10-19,0.3630437838667075
37905,100291076202500005,Chikkaballapura,Insult to Modesty of Women,2,2025-11-17,0.3624671945428944
19872,100100584202500008,Dakshina Kannada,Cheating,2,2025-12-09,0.36241791857667655
5212,300010171202500001,Bengaluru Urban,Cheating,2,2025-11-28,0.3623926444611585
4384,100010143202500001,Bengaluru Urban,Burglary,2,2025-12-23,0.36238100540083684
10931,100040344202500002,Belagavi,Burglary,2,2025-12-23,0.3623603186360317
22292,100120640202500009,Mandya,Cheating,2,2025-12-15,0.362252515087647
33430,100230970202500003,Haveri,Burglary,2,2025-12-28,0.36219200659190814
36696,100271042202500006,Yadgir,Burglary,2,2025-10-13,0.3619560185476057
20896,100110616202500001,Shivamogga,Criminal Breach of Trust,2,2025-12-13,0.36143903891528806
29407,100190840202500001,Udupi,Grievous Hurt,2,2025-10-21,0.3610848661427536
16363,100070471202500007,Ballari,Cheating,2,2025-11-04,0.3610450363335789
19840,100100585202500002,Dakshina Kannada,Simple Hurt,2,2025-12-27,0.3609194738734066
33701,100230964202500005,Haveri,Burglary,2,2025-12-27,0.3608573708129097
30756,100200883202500008,Davanagere,Burglary,2,2025-11-17,0.36071911190890826
28496,300180807202500002,Kolar,Criminal Breach of Trust (Financial),2,2025-11-15,0.36063718544454654
13112,100050382202500008,Kalaburagi,Criminal Breach of Trust (Financial),2,2025-10-02,0.3605661373682285
26649,100160769202500011,Bagalkote,Insult to Modesty of Women,2,2025-11-26,0.36048046672017614
35813,100261013202500003,Uttara Kannada,Cheating,2,2025-12-10,0.3604213991754516
36655,100271037202500005,Yadgir,Cheating,2,2025-10-22,0.3602011756745423
16308,100070466202500014,Ballari,Burglary,2,2025-10-08,0.36006759548805334
26465,100160768202500006,Bagalkote,Cheating,2,2025-10-18,0.3600572712338848
4652,100010125202500006,Bengaluru Urban,Burglary,2,2025-10-26,0.3598914211819784
4396,100010111202500004,Bengaluru Urban,Kidnapping & Abduction,1,2025-12-09,0.3596494811649737
24553,100140693202500008,Raichur,Theft,2,2025-12-06,0.35960198726977005
33373,100230944202500001,Haveri,Burglary,2,2025-10-05,0.3588766245258209
31659,100210901202500010,Chikkamagaluru,Criminal Breach of Trust (Financial),2,2025-12-10,0.3587918324298103
5265,100010108202500006,Bengaluru Urban,Cheating,2,2025-10-27,0.3586948120746853
5239,100010069202500006,Bengaluru Urban,Burglary,2,2025-10-19,0.3586288925004911
39427,100311130202500004,Vijayanagara,Burglary,2,2025-12-21,0.3583002291319634
19887,100100586202500007,Dakshina Kannada,Burglary,2,2025-11-15,0.3580775666274712
37097,100281063202500005,Kodagu,Criminal Breach of Trust (Financial),2,2025-10-15,0.35762354674619246
10681,100040332202500001,Belagavi,Burglary,2,2025-10-04,0.3574777432302777
39419,100311130202500003,Vijayanagara,Cheating,2,2025-12-04,0.3573601592414783
5822,100010039202500005,Bengaluru Urban,Unlawful Assembly,2,2025-12-14,0.35719958185647754
27720,100170784202500013,Chitradurga,Robbery,2,2025-11-19,0.3570340011191069
28696,100180821202500011,Kolar,Theft,2,2025-10-22,0.35687282928649827
33616,300230947202500001,Haveri,Burglary,2,2025-10-08,0.35649993224253157
5975,100010199202500008,Bengaluru Urban,Riots,2,2025-12-04,0.3561683600961701
4194,100010035202500004,Bengaluru Urban,Burglary,2,2025-11-06,0.3559544501097525
37099,100281059202500004,Kodagu,Robbery,2,2025-11-14,0.3558600371492871
17310,400080490202500001,Vijayapura,Robbery,2,2025-11-12,0.3555778263378273
5637,100010055202500009,Bengaluru Urban,Burglary,2,2025-12-21,0.35552767850697026
4865,100010197202500006,Bengaluru Urban,Burglary,2,2025-12-14,0.3551239800864706
30567,100200874202500002,Davanagere,Grievous Hurt,2,2025-12-23,0.3550332378354213
33512,100230966202500007,Haveri,Cheating,2,2025-12-04,0.35489880197173684
11564,100040353202500009,Belagavi,Burglary,2,2025-11-24,0.35475015689784817
24489,100140695202500011,Raichur,Grievous Hurt,2,2025-10-04,0.35457170328978155
28548,100180827202500004,Kolar,Theft,2,2025-12-20,0.3545520593117276
5086,100010143202500003,Bengaluru Urban,Cheating,2,2025-10-13,0.35430649138466697
19760,100100568202500004,Dakshina Kannada,Theft,2,2025-11-25,0.35424821854578115
36716,100271047202500009,Yadgir,Burglary,2,2025-11-10,0.35424386706323624
8325,100030264202500003,Mysuru,Burglary,2,2025-11-15,0.35397337413400654
4426,100010147202500002,Bengaluru Urban,Auto Theft,2,2025-11-25,0.35358517086157715
36645,100271057202500001,Yadgir,Cheating,2,2025-12-24,0.35353044046267357
33365,300230957202500001,Haveri,Burglary,2,2025-10-12,0.3534912617616228
11082,100040295202500006,Belagavi,Burglary,2,2025-11-22,0.3527987186540615
4568,100010186202500006,Bengaluru Urban,Burglary,2,2025-11-19,0.3523536104634189
12753,100050381202500001,Kalaburagi,Assault on Women (Outrage Modesty),2,2025-10-15,0.3521685223868879
23473,300130656202500002,Hassan,Theft,2,2025-12-06,0.3521674664173613
19883,100100557202500007,Dakshina Kannada,Cheating,2,2025-12-07,0.3516648255459156
33678,100230965202500014,Haveri,Auto Theft,2,2025-12-02,0.35148080998725983
13006,100050366202500008,Kalaburagi,Unlawful Assembly,2,2025-12-13,0.351426320186174
29488,800190850202500001,Udupi,Burglary,2,2025-11-14,0.35140593803684284
17436,100080516202500007,Vijayapura,Assault on Women (Outrage Modesty),2,2025-12-07,0.35118084437417957
4907,100010052202500007,Bengaluru Urban,Simple Hurt,2,2025-12-22,0.3510176903836057
33693,100230950202500017,Haveri,Criminal Breach of Trust,2,2025-10-09,0.3506350253778481
17498,100080494202500014,Vijayapura,Robbery,2,2025-10-11,0.35033900340985513
19839,100100578202500005,Dakshina Kannada,Auto Theft,2,2025-11-15,0.3501595013115559
39497,300311130202500002,Vijayanagara,Counterfeiting,2,2025-11-20,0.3497243677722457
22233,100120643202500009,Mandya,Burglary,2,2025-12-15,0.349696145423072
33484,100230960202500002,Haveri,Murder,1,2025-12-01,0.34952322089979104
39371,400311122202500001,Vijayanagara,Simple Hurt,2,2025-10-20,0.3494807716390678
16152,100070476202500007,Ballari,Burglary,2,2025-12-04,0.3494532713867484
34900,100251003202500001,Gadag,Robbery,2,2025-10-04,0.3494062877183466
4948,300010199202500001,Bengaluru Urban,Burglary,2,2025-11-02,0.34917475303084916
24570,100140688202500008,Raichur,Cruelty by Husband/Relatives,2,2025-12-13,0.34872575461627897
34338,100240980202500009,Chamarajanagara,Cheating,2,2025-12-27,0.3486982007192203
14625,100060405202500008,Tumakuru,Burglary,2,2025-11-01,0.3486716528929139
25494,400150725202500001,Bidar,Assault on Women (Outrage Modesty),2,2025-11-08,0.34782436128517674
26662,100160767202500006,Bagalkote,Robbery,2,2025-10-16,0.34736220555474945
30616,100200887202500002,Davanagere,Insult to Modesty of Women,2,2025-11-15,0.347044664984053
21008,100110611202500007,Shivamogga,Criminal Breach of Trust (Financial),2,2025-10-27,0.3468683897380882
14785,100060435202500007,Tumakuru,Burglary,2,2025-12-08,0.346655034997855
12845,100050379202500001,Kalaburagi,Counterfeiting,2,2025-12-25,0.34661777225872087
18550,100090535202500008,Dharwad,Auto Theft,2,2025-11-20,0.34657330910502415
22364,100120648202500015,Mandya,Rape,1,2025-10-28,0.3460769716498859
15952,100070460202500001,Ballari,Excise Act Offence,2,2025-12-06,0.3456987588568654
14535,100060424202500003,Tumakuru,Criminal Breach of Trust,2,2025-11-16,0.3454168941207814
13241,100050378202500010,Kalaburagi,Theft,2,2025-12-09,0.34522716042814366
8549,100030267202500011,Mysuru,Kidnapping & Abduction,1,2025-10-10,0.3450809546449729
6080,100010086202500011,Bengaluru Urban,Burglary,2,2025-11-09,0.345001188606705
10891,100040289202500003,Belagavi,Burglary,2,2025-10-14,0.344054199841908
4479,100010157202500004,Bengaluru Urban,Cheating,2,2025-11-03,0.3440447557952778
37170,800281060202500002,Kodagu,Robbery,2,2025-12-03,0.3438707832429609
14584,100060440202500001,Tumakuru,Simple Hurt,2,2025-10-26,0.3436275649096593
11603,800040282202500002,Belagavi,Burglary,2,2025-11-12,0.34331971755610663
4625,100010079202500003,Bengaluru Urban,Arson,2,2025-11-18,0.34305394904849207
13144,100050358202500005,Kalaburagi,Theft,2,2025-11-13,0.34295151757884484
5856,100010093202500008,Bengaluru Urban,Cheating,2,2025-12-02,0.3429220861651068
12935,100050358202500003,Kalaburagi,Cheating,2,2025-12-13,0.34282197738083575
39586,100311110202500009,Vijayanagara,Burglary,2,2025-10-12,0.34276814008217277
14468,100060415202500002,Tumakuru,Criminal Breach of Trust,2,2025-11-06,0.342371491190603
35758,100261022202500003,Uttara Kannada,Burglary,2,2025-10-02,0.3416008740696555
25313,100150730202500003,Bidar,Grievous Hurt,2,2025-12-26,0.34155927885165394
4348,100010162202500002,Bengaluru Urban,Burglary,2,2025-10-26,0.34142507626351665
11499,100040308202500007,Belagavi,Robbery,2,2025-10-14,0.34097571491457784
4664,100010180202500008,Bengaluru Urban,Cheating,2,2025-10-25,0.3409637646816939
35995,100261018202500011,Uttara Kannada,Burglary,2,2025-11-18,0.34081150056539244
19649,100100561202500001,Dakshina Kannada,Cheating,2,2025-12-08,0.34077571239664156
6718,100020217202500011,Bengaluru Rural,Criminal Breach of Trust,2,2025-12-13,0.34010907864897866
11445,100040322202500011,Belagavi,Simple Hurt,2,2025-10-29,0.3400847121023631
16023,100070468202500003,Ballari,Cheating,2,2025-12-22,0.34007992003772763
5370,800010160202500004,Bengaluru Urban,Auto Theft,2,2025-12-14,0.3400633201738741
32584,300220934202500001,Koppal,Theft,2,2025-12-28,0.33965226265890475
16103,800070467202500001,Ballari,Burglary,2,2025-10-03,0.33905006297985635
27621,100170776202500009,Chitradurga,Cheating,2,2025-11-28,0.3389730255923813
23455,100130664202500013,Hassan,Auto Theft,2,2025-10-25,0.33889139193429724
5675,100010193202500009,Bengaluru Urban,Grievous Hurt,2,2025-11-07,0.33875049499614507
16350,300070449202500001,Ballari,Cheating,2,2025-11-12,0.33855988571396417
16009,100070476202500002,Ballari,Cheating,2,2025-11-27,0.3384209387752138
25573,100150719202500006,Bidar,Criminal Breach of Trust (Financial),2,2025-10-18,0.3383504498321276
16275,100070479202500011,Ballari,Cheating,2,2025-10-18,0.33826624379038245
25307,100150726202500001,Bidar,Arson,2,2025-12-19,0.33822583434725306
33579,400230942202500001,Haveri,Burglary,2,2025-12-22,0.33730046173239564
11191,100040334202500010,Belagavi,Burglary,2,2025-10-14,0.33728424887817904
11399,100040307202500010,Belagavi,Simple Hurt,2,2025-10-09,0.3369393618533976
20068,100100559202500011,Dakshina Kannada,Theft,2,2025-12-02,0.3367560111655339
18701,100090544202500007,Dharwad,Cheating,2,2025-12-26,0.3365475182713765
31730,100210914202500010,Chikkamagaluru,Criminal Breach of Trust (Financial),2,2025-10-12,0.3361641359560649
30882,100200874202500012,Davanagere,Burglary,2,2025-12-06,0.3360501404489144
23401,100130670202500009,Hassan,Auto Theft,2,2025-11-05,0.33564862560659137
39467,100311131202500011,Vijayanagara,Cheating,2,2025-12-09,0.335426767909334
23391,100130678202500010,Hassan,Unlawful Assembly,2,2025-10-15,0.33535702917112764
5703,100010111202500013,Bengaluru Urban,Burglary,2,2025-12-27,0.3352670447183176
18724,100090546202500012,Dharwad,Robbery,2,2025-12-19,0.335247550969565
14697,100060421202500005,Tumakuru,Criminal Breach of Trust,2,2025-11-11,0.33522805207290857
22120,800120632202500001,Mandya,Criminal Breach of Trust,2,2025-11-24,0.33511359429375126
25455,100150740202500003,Bidar,Attempt to Murder,1,2025-10-22,0.3349507025645979
27781,100170800202500012,Chitradurga,POCSO Offence,1,2025-12-05,0.3349246361569713
16011,100070469202500004,Ballari,Cheating,2,2025-10-26,0.33450808117430625
28599,100180817202500004,Kolar,Criminal Breach of Trust (Financial),2,2025-10-10,0.33437361764269213
35018,100251000202500002,Gadag,Cheating,2,2025-11-12,0.3343027085015621
28716,100180817202500006,Kolar,Cheating,2,2025-12-10,0.3341271044693293
22161,100120631202500007,Mandya,Counterfeiting,2,2025-11-15,0.33403901308907624
28611,800180832202500001,Kolar,Criminal Breach of Trust (Financial),2,2025-11-16,0.3340138718513682
22255,400120646202500001,Mandya,Cruelty by Husband/Relatives,2,2025-11-03,0.33393140536876526
26706,100160757202500009,Bagalkote,Criminal Breach of Trust,2,2025-12-12,0.33375999460210654
4302,100010104202500004,Bengaluru Urban,Burglary,2,2025-10-22,0.3336846871610425
6553,100020217202500002,Bengaluru Rural,Criminal Breach of Trust (Financial),2,2025-10-05,0.3335414546889904
4792,300010157202500003,Bengaluru Urban,Cheating,2,2025-11-07,0.3335004721605599
4472,100010151202500004,Bengaluru Urban,Burglary,2,2025-11-17,0.33348989653467426
5571,100010119202500010,Bengaluru Urban,Burglary,2,2025-11-01,0.3333334659047737
16261,100070452202500005,Ballari,Criminal Breach of Trust (Financial),2,2025-11-26,0.3331789727879202
5206,100010043202500006,Bengaluru Urban,Rape,1,2025-12-06,0.3330764969323615
25285,400150727202500001,Bidar,Cruelty by Husband/Relatives,2,2025-10-12,0.33303593242461504
27635,100170795202500007,Chitradurga,Theft,2,2025-12-21,0.3329448649210507
16118,100070473202500005,Ballari,Auto Theft,2,2025-10-11,0.33229109306153737
19983,800100586202500002,Dakshina Kannada,Cheating,2,2025-12-27,0.3322484871122448
16332,100070457202500012,Ballari,Cheating,2,2025-12-03,0.33218993389533286
10910,100040333202500002,Belagavi,Simple Hurt,2,2025-10-15,0.33218669869533385
18533,100090541202500005,Dharwad,Robbery,2,2025-10-11,0.33146386970082276
37869,100291087202500004,Chikkaballapura,Simple Hurt,2,2025-11-15,0.33137748439485504
23493,800130657202500002,Hassan,Arson,2,2025-10-14,0.33119202883591525
33608,100230960202500008,Haveri,Simple Hurt,2,2025-12-09,0.33117134196114384
12860,100050375202500003,Kalaburagi,Robbery,2,2025-12-17,0.33114178960637314
4423,100010104202500005,Bengaluru Urban,Counterfeiting,2,2025-12-12,0.33105512065205045
20024,100100573202500013,Dakshina Kannada,Simple Hurt,2,2025-12-03,0.33091979970325447
11366,100040285202500007,Belagavi,Cheating,2,2025-12-13,0.3309133649270535
14523,100060432202500005,Tumakuru,Criminal Breach of Trust (Financial),2,2025-11-19,0.3308799344191117
4333,100010112202500001,Bengaluru Urban,Grievous Hurt,2,2025-10-16,0.33071098914752173
22152,100120648202500005,Mandya,Criminal Breach of Trust (Financial),2,2025-11-12,0.3303496924806064
22266,100120625202500008,Mandya,Grievous Hurt,2,2025-11-28,0.3302778309416354
32650,100220930202500009,Koppal,Insult to Modesty of Women,2,2025-11-06,0.3297682628276239
33492,100230959202500006,Haveri,Criminal Breach of Trust (Financial),2,2025-12-14,0.3292790294229765
19836,300100587202500002,Dakshina Kannada,Theft,2,2025-12-01,0.32885951372345096
11424,100040301202500013,Belagavi,Criminal Breach of Trust (Financial),2,2025-10-07,0.3287590359472435
15987,100070463202500003,Ballari,Burglary,2,2025-12-27,0.3285629238608231
6723,800020217202500002,Bengaluru Rural,Counterfeiting,2,2025-11-04,0.3280583549645809
35934,100261032202500006,Uttara Kannada,Simple Hurt,2,2025-11-13,0.3280264733423503
16096,100070466202500004,Ballari,Burglary,2,2025-12-14,0.3274765624004546
33491,300230963202500001,Haveri,Cheating,2,2025-12-06,0.32712718140713903
4222,100010103202500002,Bengaluru Urban,Rape,1,2025-10-18,0.326498716926052
31620,100210915202500010,Chikkamagaluru,Auto Theft,2,2025-10-04,0.326482695241144
11157,100040329202500005,Belagavi,Robbery,2,2025-10-20,0.32632815806790116
39600,800311122202500001,Vijayanagara,Burglary,2,2025-11-22,0.3262359490436406
16274,100070474202500008,Ballari,Burglary,2,2025-10-03,0.32622471389539676
23193,100130673202500003,Hassan,Criminal Breach of Trust,2,2025-11-09,0.32596814980542
35767,800261031202500001,Uttara Kannada,Cheating,2,2025-10-26,0.3257813814947218
29476,800190851202500001,Udupi,Rape,1,2025-10-15,0.3255442843341609
34258,100240986202500003,Chamarajanagara,Simple Hurt,2,2025-12-27,0.32544527309142485
15923,100070484202500001,Ballari,Burglary,2,2025-12-07,0.32511803825371816
12834,100050372202500002,Kalaburagi,Cheating,2,2025-11-19,0.3248705069985304
4630,100010032202500005,Bengaluru Urban,Culpable Homicide Not Amounting to Murder,2,2025-11-10,0.32480223970789623
21169,100110611202500016,Shivamogga,Robbery,2,2025-12-23,0.32460750585821657
13145,300050377202500002,Kalaburagi,Criminal Breach of Trust,2,2025-10-07,0.3242513857043859
34943,800250998202500001,Gadag,Criminal Breach of Trust (Financial),2,2025-10-12,0.3240435864497166
18391,100090542202500002,Dharwad,Criminal Breach of Trust (Financial),2,2025-10-17,0.32367767152065896
6652,100020203202500010,Bengaluru Rural,Cheating,2,2025-10-12,0.3234032062040169
13031,100050388202500006,Kalaburagi,Simple Hurt,2,2025-10-16,0.3231595162370583
22347,100120640202500010,Mandya,Robbery,2,2025-11-13,0.323091175943055
4087,100010179202500001,Bengaluru Urban,Cheating,2,2025-11-12,0.3230161183238903
38620,100301102202500007,Ramanagara,Criminal Breach of Trust,2,2025-10-26,0.32250201477856644
16205,100070486202500007,Ballari,Assault on Women (Outrage Modesty),2,2025-10-25,0.3216542695994523
5668,100010140202500012,Bengaluru Urban,Grievous Hurt,2,2025-10-08,0.3215326708793994
36724,100271038202500007,Yadgir,Simple Hurt,2,2025-11-25,0.32129598296228684
19952,800100579202500002,Dakshina Kannada,Cheating,2,2025-12-27,0.32123789685764836
14717,100060432202500009,Tumakuru,Culpable Homicide Not Amounting to Murder,2,2025-12-09,0.31929624074667035
34997,100251006202500008,Gadag,Arson,2,2025-12-10,0.3189332012849226
30741,100200870202500006,Davanagere,Cheating,2,2025-10-26,0.3187388036537653
19798,100100576202500002,Dakshina Kannada,Cyber Fraud,2,2025-12-26,0.3185290526801112
23359,100130664202500007,Hassan,Simple Hurt,2,2025-11-03,0.31783420591621514
17567,100080516202500010,Vijayapura,Theft,2,2025-12-03,0.3174813182641104
30899,100200879202500011,Davanagere,Rape,1,2025-10-15,0.3170052398829055
16095,100070449202500003,Ballari,Criminal Breach of Trust (Financial),2,2025-11-19,0.3166267820236366
11026,800040351202500001,Belagavi,Criminal Breach of Trust,2,2025-12-04,0.31643529870495685
23252,100130664202500005,Hassan,Auto Theft,2,2025-10-13,0.316121503638362
14966,100060447202500009,Tumakuru,Criminal Breach of Trust,2,2025-10-14,0.31595262648436645
32581,100220931202500006,Koppal,Rape,1,2025-11-02,0.31586928297063843
11261,100040301202500010,Belagavi,Excise Act Offence,2,2025-12-14,0.31552347642534084
35753,100261022202500001,Uttara Kannada,POCSO Offence,1,2025-11-11,0.3154217424251839
16246,300070476202500002,Ballari,Theft,2,2025-11-13,0.3153320702863656
5828,100010049202500007,Bengaluru Urban,Simple Hurt,2,2025-10-06,0.3152826654701883
39542,100311124202500012,Vijayanagara,Burglary,2,2025-11-26,0.3150566684354638
31511,100210911202500001,Chikkamagaluru,Burglary,2,2025-12-05,0.31491146197718006
18487,100090523202500002,Dharwad,Robbery,2,2025-12-02,0.31482469099474203
14843,100060432202500013,Tumakuru,Burglary,2,2025-12-28,0.31472094045808446
17211,100080499202500001,Vijayapura,Robbery,2,2025-10-20,0.31371356861661515
13259,100050370202500011,Kalaburagi,Burglary,2,2025-12-21,0.3134920555414024
5367,100010146202500010,Bengaluru Urban,Cheating,2,2025-12-07,0.31334749130632755
28761,100180818202500008,Kolar,Theft,2,2025-11-18,0.3133270054401014
24583,100140705202500015,Raichur,Robbery,2,2025-12-01,0.3131480791800861
22142,100120648202500004,Mandya,Robbery,2,2025-12-26,0.31303209803185067
37976,100291080202500009,Chikkaballapura,Arms Act Offence,2,2025-11-17,0.31288858915491957
33691,100230965202500015,Haveri,Simple Hurt,2,2025-11-11,0.312850580349843
20085,100100586202500012,Dakshina Kannada,Grievous Hurt,2,2025-10-07,0.312820892492454
4783,100010095202500003,Bengaluru Urban,Burglary,2,2025-12-01,0.31272303125329637
14921,100060429202500012,Tumakuru,Burglary,2,2025-11-10,0.3125253121443563
4754,100010139202500003,Bengaluru Urban,Attempt to Murder,1,2025-12-22,0.3124774105188453
12884,300050391202500001,Kalaburagi,Excise Act Offence,2,2025-11-28,0.3120066961500691
18410,100090533202500001,Dharwad,Criminal Breach of Trust,2,2025-12-24,0.3119961078578218
34297,100240974202500003,Chamarajanagara,Arson,2,2025-10-28,0.31189405847683754
6707,100020202202500006,Bengaluru Rural,Criminal Breach of Trust (Financial),2,2025-10-07,0.3113028883005775
20021,100100587202500008,Dakshina Kannada,Theft,2,2025-12-20,0.3112651263612072
19980,100100580202500009,Dakshina Kannada,Counterfeiting,2,2025-12-21,0.3111670946355929
10950,100040279202500003,Belagavi,Criminal Breach of Trust,2,2025-11-07,0.31103716666916686
19867,100100558202500007,Dakshina Kannada,Burglary,2,2025-10-05,0.311012247218852
38683,100301095202500012,Ramanagara,Criminal Breach of Trust (Financial),2,2025-10-25,0.3107049529894347
17338,100080507202500002,Vijayapura,Grievous Hurt,2,2025-11-22,0.3106639946893423
14689,100060432202500008,Tumakuru,Cheating,2,2025-12-19,0.31060525337575545
31766,400210913202500004,Chikkamagaluru,Simple Hurt,2,2025-10-04,0.3100260396993026
33570,300230953202500001,Haveri,Attempt to Murder,1,2025-11-08,0.3099945841942023
31616,100210910202500003,Chikkamagaluru,Arms Act Offence,2,2025-12-06,0.309818185197847
30681,100200860202500007,Davanagere,Burglary,2,2025-12-16,0.3098118767240078
32421,100220940202500003,Koppal,Criminal Breach of Trust (Financial),2,2025-11-25,0.3096371370021994
17428,100080521202500009,Vijayapura,Grievous Hurt,2,2025-11-18,0.30940911265164217
34944,100250994202500007,Gadag,Kidnapping & Abduction,1,2025-11-02,0.3088667124117585
14820,100060406202500010,Tumakuru,Simple Hurt,2,2025-12-24,0.30860873496065416
16142,300070466202500001,Ballari,Burglary,2,2025-11-16,0.30856892852629875
11053,300040305202500002,Belagavi,Criminal Breach of Trust (Financial),2,2025-10-11,0.3085328251774895
18736,100090547202500012,Dharwad,Insult to Modesty of Women,2,2025-12-13,0.30814025942306744
32419,100220921202500004,Koppal,Theft,2,2025-10-20,0.30783806457892277
11356,100040286202500004,Belagavi,Arson,2,2025-12-01,0.3076056397110988
20910,100110621202500002,Shivamogga,Criminal Breach of Trust,2,2025-10-26,0.30760302555216984
10744,100040327202500001,Belagavi,Criminal Breach of Trust,2,2025-10-21,0.3073634072448314
4159,100010035202500003,Bengaluru Urban,Theft,2,2025-10-17,0.3060421014866335
28508,100180809202500004,Kolar,Cheating,2,2025-11-03,0.3058933669206983
17515,100080507202500010,Vijayapura,Simple Hurt,2,2025-10-10,0.305683600660992
32387,100220918202500001,Koppal,Simple Hurt,2,2025-10-07,0.3055349832622649
30559,100200884202500001,Davanagere,Cheating,2,2025-10-04,0.3054407531617601
5102,100010041202500005,Bengaluru Urban,Insult to Modesty of Women,2,2025-12-02,0.3051972150078972
4565,100010050202500006,Bengaluru Urban,Cheating,2,2025-11-02,0.30512794271599447
17423,100080490202500004,Vijayapura,Cruelty by Husband/Relatives,2,2025-10-18,0.30484984055046277
22325,100120638202500010,Mandya,Robbery,2,2025-10-13,0.3048201731568497
37845,400291082202500001,Chikkaballapura,Criminal Breach of Trust (Financial),2,2025-11-01,0.3039843617560454
16342,800070485202500004,Ballari,Robbery,2,2025-11-07,0.30394111942597907
28545,100180817202500003,Kolar,Robbery,2,2025-11-03,0.303287579728295
13107,100050379202500005,Kalaburagi,Simple Hurt,2,2025-12-21,0.30327910548642106
13126,100050385202500012,Kalaburagi,Theft,2,2025-11-14,0.30324289334257726
37187,100281062202500009,Kodagu,Dacoity,1,2025-12-25,0.3030263251993929
4375,800010038202500001,Bengaluru Urban,Burglary,2,2025-10-03,0.3028505428129233
26427,100160768202500003,Bagalkote,NDPS Offence,2,2025-12-14,0.3028504232794651
17499,100080506202500007,Vijayapura,Arson,2,2025-11-07,0.3026635636908678
27759,100170793202500012,Chitradurga,Robbery,2,2025-10-27,0.3024327598235638
11675,400040315202500001,Belagavi,Rape,1,2025-11-13,0.301778340388828
17344,100080521202500006,Vijayapura,Arson,2,2025-11-25,0.3007994236716427
33436,100230969202500004,Haveri,Theft,2,2025-12-13,0.3007346772996304
5173,100010037202500006,Bengaluru Urban,Cheating,2,2025-12-16,0.3007168459396595
4878,100010074202500002,Bengaluru Urban,Simple Hurt,2,2025-10-13,0.3000688406530052
5890,100010094202500012,Bengaluru Urban,Criminal Breach of Trust (Financial),2,2025-12-28,0.29982982872484565
30583,100200860202500001,Davanagere,Burglary,2,2025-10-05,0.29959670646425446
30736,100200889202500004,Davanagere,Dowry Death,1,2025-10-05,0.2995244581714567
29591,100190858202500005,Udupi,Simple Hurt,2,2025-12-06,0.29920327013150316
26517,100160762202500004,Bagalkote,Counterfeiting,2,2025-10-07,0.2984551894966023
10719,100040356202500003,Belagavi,Criminal Breach of Trust,2,2025-12-12,0.2981556093021841
37836,100291082202500002,Chikkaballapura,Simple Hurt,2,2025-12-26,0.297923481837117
18418,300090528202500001,Dharwad,Criminal Breach of Trust (Financial),2,2025-12-18,0.29782860238984143
4401,800010053202500001,Bengaluru Urban,Arms Act Offence,2,2025-11-26,0.29758154591054264
36019,100261032202500011,Uttara Kannada,NDPS Offence,2,2025-11-11,0.2973571510725815
16312,100070465202500007,Ballari,Robbery,2,2025-11-17,0.29672714178066617
34275,300240991202500001,Chamarajanagara,Criminal Breach of Trust (Financial),2,2025-11-20,0.29615211942674374
19788,100100577202500008,Dakshina Kannada,Grievous Hurt,2,2025-11-05,0.2955426144024968
25503,100150720202500009,Bidar,Insult to Modesty of Women,2,2025-10-12,0.2954745529535952
38051,100291072202500012,Chikkaballapura,Arms Act Offence,2,2025-12-17,0.29545865309662545
19994,100100573202500010,Dakshina Kannada,Cheating,2,2025-12-08,0.2948642458784656
37935,100291075202500010,Chikkaballapura,Burglary,2,2025-10-12,0.29474315830723585
5487,100010101202500004,Bengaluru Urban,Grievous Hurt,2,2025-11-20,0.29470247972323743
29561,300190837202500002,Udupi,Robbery,2,2025-11-14,0.2944863508008107
22217,300120647202500001,Mandya,Arms Act Offence,2,2025-12-27,0.2940304537953484
23285,100130670202500004,Hassan,Criminal Breach of Trust (Financial),2,2025-12-07,0.29378925324736854
15992,100070480202500002,Ballari,Simple Hurt,2,2025-10-16,0.29378574055002804
39509,100311122202500011,Vijayanagara,Criminal Breach of Trust,2,2025-12-03,0.2931521226334414
38615,100301099202500006,Ramanagara,Robbery,2,2025-12-13,0.2928387168218781
14988,100060417202500008,Tumakuru,Simple Hurt,2,2025-10-20,0.29277817065720946
29618,100190847202500006,Udupi,Burglary,2,2025-10-24,0.2927770652442369
5660,100010167202500014,Bengaluru Urban,Arson,2,2025-12-03,0.29265250114706626
26719,100160747202500012,Bagalkote,Criminal Breach of Trust,2,2025-12-09,0.2924264298771843
35974,100261010202500009,Uttara Kannada,Cheating,2,2025-12-23,0.2923834380667824
5544,100010049202500005,Bengaluru Urban,Criminal Breach of Trust (Financial),2,2025-11-13,0.29228252228487056
29653,100190851202500016,Udupi,Grievous Hurt,2,2025-11-29,0.2922358308184665
16197,100070466202500006,Ballari,Simple Hurt,2,2025-11-07,0.2921754029330249
14774,100060402202500008,Tumakuru,Criminal Breach of Trust,2,2025-12-17,0.2916572114598635
23251,100130661202500004,Hassan,Criminal Breach of Trust,2,2025-12-01,0.2916526233758757
19762,100100560202500002,Dakshina Kannada,Burglary,2,2025-10-29,0.29155800877986005
12843,100050386202500003,Kalaburagi,Grievous Hurt,2,2025-11-28,0.2913015961570945
24405,100140691202500001,Raichur,Dowry Death,1,2025-10-13,0.2901393801110187
32513,300220932202500002,Koppal,Criminal Breach of Trust (Financial),2,2025-10-22,0.2896418896366476
5526,100010069202500007,Bengaluru Urban,Grievous Hurt,2,2025-10-23,0.28942653551887193
12737,100050389202500001,Kalaburagi,Criminal Breach of Trust,2,2025-12-13,0.28938273610398196
39414,100311119202500004,Vijayanagara,Counterfeiting,2,2025-11-17,0.28925413840330677
37118,100281060202500008,Kodagu,Simple Hurt,2,2025-12-14,0.2892509963568828
16253,100070481202500011,Ballari,Cheating,2,2025-10-27,0.2891686118591443
4386,800010106202500001,Bengaluru Urban,Grievous Hurt,2,2025-11-18,0.2890788440765356
21194,100110593202500010,Shivamogga,Counterfeiting,2,2025-12-01,0.28903833843793075
24363,800140693202500001,Raichur,Dacoity,1,2025-12-17,0.2883855213228784
37856,100291077202500006,Chikkaballapura,Criminal Breach of Trust,2,2025-12-07,0.28820965699304124
4777,100010056202500004,Bengaluru Urban,Arson,2,2025-11-11,0.28785395121967283
28465,100180812202500001,Kolar,Robbery,2,2025-12-09,0.2874273526245668
31584,100210916202500004,Chikkamagaluru,Auto Theft,2,2025-12-01,0.2873624852142929
32375,100220935202500001,Koppal,Robbery,2,2025-11-26,0.287242155367666
23199,100130679202500001,Hassan,Arson,2,2025-11-25,0.2871163734242175
5463,100010179202500008,Bengaluru Urban,Grievous Hurt,2,2025-10-26,0.2867640928384018
14667,100060411202500002,Tumakuru,Robbery,2,2025-11-13,0.28658265858524806
38024,100291068202500009,Chikkaballapura,Robbery,2,2025-10-08,0.2865554035646926
18745,100090540202500011,Dharwad,Robbery,2,2025-11-21,0.28634718585043956
25586,100150717202500011,Bidar,Simple Hurt,2,2025-12-10,0.28612184061481916
20922,100110612202500003,Shivamogga,Dacoity,1,2025-12-29,0.28583081251469244
6582,100020204202500004,Bengaluru Rural,Simple Hurt,2,2025-10-04,0.28531052267628826
12847,100050400202500003,Kalaburagi,Dacoity,1,2025-10-03,0.285012243822756
26625,100160765202500003,Bagalkote,Cruelty by Husband/Relatives,2,2025-12-26,0.2839409806851013
15965,100070479202500001,Ballari,Assault on Women (Outrage Modesty),2,2025-12-17,0.28335597892474446
35066,100251003202500011,Gadag,Riots,2,2025-12-27,0.2832701573861704
38006,100291086202500011,Chikkaballapura,Arson,2,2025-12-02,0.2830022781194321
12802,100050385202500001,Kalaburagi,Burglary,2,2025-12-01,0.2827159118773104
27650,100170786202500007,Chitradurga,Criminal Breach of Trust,2,2025-12-28,0.2824848919863402
19710,100100556202500003,Dakshina Kannada,Burglary,2,2025-11-25,0.28215441520550094
4781,100010200202500002,Bengaluru Urban,Excise Act Offence,2,2025-12-11,0.28202969390380483
25496,100150719202500004,Bidar,Criminal Breach of Trust (Financial),2,2025-10-02,0.28185710300489514
13001,100050388202500005,Kalaburagi,Burglary,2,2025-10-12,0.28166358059989877
39473,100311128202500009,Vijayanagara,Cheating,2,2025-10-26,0.28144423535045177
26494,100160771202500006,Bagalkote,Assault on Women (Outrage Modesty),2,2025-11-17,0.28100325625109734
29411,100190851202500002,Udupi,Simple Hurt,2,2025-12-02,0.2802325853357813
19757,100100577202500006,Dakshina Kannada,Robbery,2,2025-12-03,0.28009490899939
14848,100060418202500008,Tumakuru,Rape,1,2025-11-21,0.28002021870720195
35043,100251003202500010,Gadag,Criminal Breach of Trust,2,2025-11-20,0.2799595086686233
13087,100050362202500009,Kalaburagi,Attempt to Murder,1,2025-11-28,0.2799302917482338
5564,100010123202500008,Bengaluru Urban,Robbery,2,2025-11-16,0.279927008566746
20895,100110604202500001,Shivamogga,Robbery,2,2025-11-04,0.2797026033265665
18663,100090548202500017,Dharwad,Criminal Breach of Trust,2,2025-10-21,0.2791962133117125
23456,300130658202500002,Hassan,Criminal Breach of Trust,2,2025-12-26,0.27856151348266806
5987,100010112202500011,Bengaluru Urban,Arson,2,2025-10-25,0.27759735530106566
30716,100200870202500004,Davanagere,Grievous Hurt,2,2025-12-15,0.277430450671982
39358,100311127202500002,Vijayanagara,Robbery,2,2025-11-28,0.27739580620508475
33615,100230968202500006,Haveri,Dacoity,1,2025-10-03,0.2772752433480228
4304,100010121202500001,Bengaluru Urban,Criminal Breach of Trust,2,2025-11-14,0.27649337282901393
37969,100291075202500012,Chikkaballapura,Criminal Breach of Trust,2,2025-11-21,0.27563438189536454
14688,100060437202500005,Tumakuru,Robbery,2,2025-10-20,0.27523403452182127
25349,100150731202500003,Bidar,Robbery,2,2025-11-10,0.27503339404272703
16327,100070464202500012,Ballari,Cheating,2,2025-11-19,0.274973860032114
24469,100140702202500008,Raichur,Arson,2,2025-12-12,0.27446870133033757
14471,100060445202500001,Tumakuru,Insult to Modesty of Women,2,2025-11-16,0.2742056942386039
33561,100230960202500005,Haveri,Criminal Breach of Trust,2,2025-10-21,0.2740548556508449
16046,100070487202500002,Ballari,NDPS Offence,2,2025-12-21,0.27397538658192333
10820,100040339202500002,Belagavi,Grievous Hurt,2,2025-12-25,0.27265407196889924
34292,100240980202500006,Chamarajanagara,Robbery,2,2025-10-06,0.2726031899520059
11674,100040295202500011,Belagavi,Criminal Breach of Trust,2,2025-12-17,0.2725847102416605
8430,100030267202500010,Mysuru,Arson,2,2025-12-17,0.2724747789192273
5287,100010104202500009,Bengaluru Urban,Cheating,2,2025-10-19,0.27219309501401207
16202,100070470202500009,Ballari,Simple Hurt,2,2025-11-14,0.27183048174840746
11597,800040339202500002,Belagavi,Assault on Women (Outrage Modesty),2,2025-10-09,0.2717419661990395
26701,300160757202500003,Bagalkote,POCSO Offence,1,2025-11-19,0.27152826517311696
4685,800010069202500001,Bengaluru Urban,NDPS Offence,2,2025-11-13,0.2713716735765242
33503,100230963202500004,Haveri,Theft,2,2025-11-19,0.27070030272192824
14874,100060404202500008,Tumakuru,Robbery,2,2025-11-28,0.2704836116809884
25530,100150732202500006,Bidar,NDPS Offence,2,2025-10-05,0.2704159238005988
5749,100010194202500009,Bengaluru Urban,Arson,2,2025-11-28,0.2698513757789271
24537,100140697202500012,Raichur,Arms Act Offence,2,2025-12-01,0.2697900357597241
31518,100210897202500002,Chikkamagaluru,Rape,1,2025-12-06,0.26969111474666346
14482,100060436202500002,Tumakuru,Insult to Modesty of Women,2,2025-12-11,0.26960197871403674
4965,100010055202500006,Bengaluru Urban,Grievous Hurt,2,2025-11-22,0.26863654031835094
21235,800110621202500003,Shivamogga,Cruelty by Husband/Relatives,2,2025-10-18,0.26795522878112543
8202,100030256202500003,Mysuru,NDPS Offence,2,2025-12-07,0.2678325630743292
17236,100080506202500002,Vijayapura,Criminal Breach of Trust,2,2025-11-27,0.2675169577353533
19885,100100588202500009,Dakshina Kannada,Counterfeiting,2,2025-10-24,0.26639929629909287
19682,100100563202500001,Dakshina Kannada,Auto Theft,2,2025-12-27,0.2659567271949766
34437,100240983202500010,Chamarajanagara,Dacoity,1,2025-10-13,0.2657306442513007
34366,100240982202500004,Chamarajanagara,Cruelty by Husband/Relatives,2,2025-11-23,0.26542897886070105
26366,100160756202500002,Bagalkote,Criminal Breach of Trust,2,2025-12-10,0.26523517033740407
16354,100070478202500014,Ballari,Cheating,2,2025-12-01,0.2650046754110594
10713,100040295202500002,Belagavi,Criminal Breach of Trust,2,2025-10-05,0.2645513280861206
36738,100271052202500004,Yadgir,Robbery,2,2025-10-20,0.2643525616344139
14823,100060421202500008,Tumakuru,Dacoity,1,2025-12-16,0.2637378407457623
4223,100010173202500001,Bengaluru Urban,Criminal Breach of Trust,2,2025-12-14,0.2632834426828816
5569,100010169202500007,Bengaluru Urban,Criminal Breach of Trust,2,2025-11-17,0.26271298158222955
11523,100040321202500011,Belagavi,Cheating,2,2025-12-09,0.26270842336155836
5644,300010086202500001,Bengaluru Urban,Simple Hurt,2,2025-11-16,0.26256470572953117
32549,100220936202500006,Koppal,Criminal Breach of Trust (Financial),2,2025-10-04,0.26244345911543315
37878,100291074202500006,Chikkaballapura,Simple Hurt,2,2025-12-12,0.2618977477115947
11230,100040273202500011,Belagavi,Cheating,2,2025-12-20,0.2614600681851292
26476,100160755202500008,Bagalkote,Kidnapping & Abduction,1,2025-11-04,0.2612336015088508
24487,100140705202500010,Raichur,Criminal Breach of Trust,2,2025-10-26,0.26096567416992883
11262,100040329202500006,Belagavi,Robbery,2,2025-12-25,0.2605221401821828
14545,100060438202500003,Tumakuru,Simple Hurt,2,2025-12-01,0.26016395161443245
5289,100010174202500007,Bengaluru Urban,NDPS Offence,2,2025-10-21,0.2599591764402514
5285,100010084202500007,Bengaluru Urban,POCSO Offence,1,2025-11-11,0.25985450695283835
11452,100040340202500010,Belagavi,Arson,2,2025-10-14,0.2594105194033191
16105,100070487202500004,Ballari,Robbery,2,2025-10-26,0.259115546402949
33459,100230961202500006,Haveri,Arms Act Offence,2,2025-11-13,0.2590389392868855
38017,100291089202500009,Chikkaballapura,Burglary,2,2025-12-16,0.25865964231772715
25416,100150721202500003,Bidar,Cruelty by Husband/Relatives,2,2025-10-26,0.2583143382382491
36760,400271040202500001,Yadgir,Criminal Breach of Trust,2,2025-10-24,0.25795611794323164
16102,100070450202500005,Ballari,Cheating,2,2025-10-13,0.25780776477518985
17249,100080492202500002,Vijayapura,Simple Hurt,2,2025-10-23,0.2576398345250079
22149,100120630202500002,Mandya,Simple Hurt,2,2025-11-03,0.25757780235549116
11364,100040320202500006,Belagavi,Cruelty by Husband/Relatives,2,2025-12-09,0.257563966856129
33548,100230952202500009,Haveri,Criminal Breach of Trust,2,2025-10-24,0.2574571652170068
22173,100120626202500007,Mandya,Robbery,2,2025-12-27,0.25673911366506286
27582,100170778202500007,Chitradurga,Criminal Breach of Trust (Financial),2,2025-12-28,0.25598576913155513
6013,100010077202500009,Bengaluru Urban,Criminal Breach of Trust (Financial),2,2025-11-28,0.25528534722379176
34448,100240978202500004,Chamarajanagara,Criminal Breach of Trust (Financial),2,2025-11-14,0.25528156538718333
15943,100070455202500001,Ballari,NDPS Offence,2,2025-12-14,0.25460317095786544
4226,400010052202500001,Bengaluru Urban,Robbery,2,2025-10-27,0.25444086460322135
29666,100190842202500009,Udupi,Grievous Hurt,2,2025-12-14,0.25443265916491403
4501,100010171202500002,Bengaluru Urban,Criminal Breach of Trust (Financial),2,2025-11-19,0.2543204044806748
14686,300060414202500001,Tumakuru,Simple Hurt,2,2025-12-13,0.2541270459715921
32402,100220929202500001,Koppal,Robbery,2,2025-12-12,0.2541077050261419
24305,100140711202500002,Raichur,Arson,2,2025-10-03,0.2535176096068833
27534,100170800202500004,Chitradurga,Cheating,2,2025-12-14,0.25273571661169913
16252,100070477202500004,Ballari,Criminal Breach of Trust,2,2025-10-23,0.2525529840275591
11198,100040333202500007,Belagavi,Simple Hurt,2,2025-11-03,0.25245117049846527
10990,100040323202500001,Belagavi,Cruelty by Husband/Relatives,2,2025-12-05,0.2519881048249431
17220,100080488202500001,Vijayapura,Arson,2,2025-12-12,0.25169145624564837
28468,100180824202500001,Kolar,Kidnapping & Abduction,1,2025-10-27,0.25161188181739275
4744,300010084202500001,Bengaluru Urban,Robbery,2,2025-10-25,0.25126743349586866
27444,100170804202500002,Chitradurga,Kidnapping & Abduction,1,2025-10-11,0.251144981188018
13119,100050383202500011,Kalaburagi,Simple Hurt,2,2025-11-01,0.25111128106998615
4989,100010073202500003,Bengaluru Urban,Simple Hurt,2,2025-12-05,0.25014258485412166
38553,100301103202500003,Ramanagara,Simple Hurt,2,2025-11-12,0.25003765583042326
30561,100200870202500001,Davanagere,Kidnapping & Abduction,1,2025-12-06,0.2490492299015742
24462,100140702202500007,Raichur,Theft,2,2025-11-23,0.2488037550654984
8243,100030263202500005,Mysuru,Counterfeiting,2,2025-11-03,0.24877888708198842
4411,100010122202500002,Bengaluru Urban,Simple Hurt,2,2025-12-08,0.24841018753858135
13076,400050391202500001,Kalaburagi,Criminal Breach of Trust,2,2025-11-06,0.24816892904908014
27751,100170782202500011,Chitradurga,Theft,2,2025-10-23,0.24812037403717224
11030,100040341202500004,Belagavi,Arson,2,2025-12-03,0.24720839424075053
30885,100200881202500012,Davanagere,Burglary,2,2025-12-20,0.24719995413600612
6712,100020207202500010,Bengaluru Rural,Theft,2,2025-11-27,0.24700072341201462
5304,100010180202500012,Bengaluru Urban,Simple Hurt,2,2025-12-19,0.24697123718828212
32564,100220922202500006,Koppal,Robbery,2,2025-11-24,0.2465115685899357
39498,100311127202500005,Vijayanagara,Kidnapping & Abduction,1,2025-10-14,0.2454374587946952
22373,100120642202500012,Mandya,Rape,1,2025-12-28,0.24508260870119244
8050,100030257202500001,Mysuru,Robbery,2,2025-12-14,0.24490980265716508
4580,100010158202500002,Bengaluru Urban,Criminal Breach of Trust (Financial),2,2025-12-17,0.24433323660557368
31550,100210915202500007,Chikkamagaluru,Criminal Breach of Trust,2,2025-10-20,0.24431242328829483
10815,100040288202500007,Belagavi,Robbery,2,2025-11-15,0.24407372975463712
5892,100010149202500008,Bengaluru Urban,Arson,2,2025-11-25,0.24405913764060283
32636,800220920202500001,Koppal,Criminal Breach of Trust,2,2025-10-16,0.2435857194745765
23512,100130664202500016,Hassan,Criminal Breach of Trust (Financial),2,2025-11-20,0.2421268685107126
16287,100070457202500009,Ballari,Arson,2,2025-11-22,0.24163305804026766
26573,100160748202500008,Bagalkote,Unlawful Assembly,2,2025-12-20,0.241406356012489
4509,100010126202500004,Bengaluru Urban,POCSO Offence,1,2025-11-05,0.2413850252397688
26537,100160756202500004,Bagalkote,Kidnapping & Abduction,1,2025-12-05,0.24125947588491256
24596,100140693202500013,Raichur,Kidnapping & Abduction,1,2025-12-17,0.24117923772833313
39584,100311122202500014,Vijayanagara,Criminal Breach of Trust,2,2025-12-23,0.24113306656205413
11315,800040286202500001,Belagavi,Criminal Breach of Trust,2,2025-11-10,0.2406943917892444
29564,100190838202500008,Udupi,NDPS Offence,2,2025-12-19,0.2405808071535956
22040,100120651202500002,Mandya,Simple Hurt,2,2025-10-21,0.2404032161996229
6550,100020207202500001,Bengaluru Rural,Unlawful Assembly,2,2025-12-16,0.23999985145942548
35094,100250999202500013,Gadag,Cheating,2,2025-12-20,0.23871926319024891
24293,400140707202500001,Raichur,Criminal Breach of Trust,2,2025-12-25,0.23821772036241398
33458,100230961202500005,Haveri,Criminal Breach of Trust,2,2025-12-07,0.23780392042582713
36811,300271053202500002,Yadgir,Robbery,2,2025-10-12,0.23780087058717445
6628,100020213202500002,Bengaluru Rural,Simple Hurt,2,2025-12-25,0.23778230622943816
19776,100100588202500003,Dakshina Kannada,Cheating,2,2025-10-18,0.23750060559184893
32594,100220927202500012,Koppal,Robbery,2,2025-10-13,0.23745265181670905
26703,100160760202500009,Bagalkote,Unlawful Assembly,2,2025-12-19,0.2374317712923704
16177,100070457202500005,Ballari,Cruelty by Husband/Relatives,2,2025-12-22,0.23688833156612574
11661,400040286202500001,Belagavi,Robbery,2,2025-11-15,0.23632613047384593
4615,100010190202500007,Bengaluru Urban,Counterfeiting,2,2025-12-09,0.2362557049108255
25529,100150743202500010,Bidar,Robbery,2,2025-10-22,0.23614925992089172
14526,100060406202500002,Tumakuru,Criminal Breach of Trust,2,2025-11-23,0.2347640328986442
18602,100090535202500009,Dharwad,Riots,2,2025-12-17,0.2346646005512708
12788,800050397202500001,Kalaburagi,Counterfeiting,2,2025-10-02,0.23451458309348142
11253,800040296202500001,Belagavi,Simple Hurt,2,2025-12-14,0.23451157095188283
8134,100030252202500004,Mysuru,Cruelty by Husband/Relatives,2,2025-12-23,0.23436090667949525
8629,100030246202500009,Mysuru,Cruelty by Husband/Relatives,2,2025-11-28,0.23367038886008626
25338,100150743202500001,Bidar,Criminal Breach of Trust,2,2025-10-26,0.2335731355444868
39413,100311128202500006,Vijayanagara,Criminal Breach of Trust,2,2025-12-03,0.23315028167185875
31682,400210913202500002,Chikkamagaluru,Criminal Breach of Trust (Financial),2,2025-12-07,0.2328695753801896
39530,100311133202500009,Vijayanagara,Simple Hurt,2,2025-12-15,0.23279527897187824
21097,100110614202500009,Shivamogga,Criminal Breach of Trust,2,2025-10-16,0.23270328004487512
4237,100010164202500003,Bengaluru Urban,Criminal Breach of Trust (Financial),2,2025-12-28,0.23158491490833402
8072,100030267202500003,Mysuru,Robbery,2,2025-10-22,0.23147649049913765
34380,100240987202500010,Chamarajanagara,Cruelty by Husband/Relatives,2,2025-10-13,0.2312307650178659
5266,300010105202500001,Bengaluru Urban,Culpable Homicide Not Amounting to Murder,2,2025-12-11,0.2307880688046063
27577,100170777202500006,Chitradurga,Criminal Breach of Trust,2,2025-12-16,0.229968606615587
32606,100220939202500010,Koppal,Robbery,2,2025-10-23,0.22966257908889814
34364,100240986202500010,Chamarajanagara,Assault on Women (Outrage Modesty),2,2025-10-05,0.2294539083852625
27542,100170804202500006,Chitradurga,Dacoity,1,2025-10-19,0.22925818491879807
5363,100010064202500006,Bengaluru Urban,Robbery,2,2025-11-09,0.2292561241532673
21156,800110595202500001,Shivamogga,Cruelty by Husband/Relatives,2,2025-10-13,0.22916718777553238
34980,100251005202500005,Gadag,Riots,2,2025-10-02,0.22904552461694097
26468,100160754202500005,Bagalkote,Kidnapping & Abduction,1,2025-10-07,0.22807582245872174
13036,800050389202500002,Kalaburagi,Insult to Modesty of Women,2,2025-12-05,0.22789034138957148
10847,800040311202500001,Belagavi,Simple Hurt,2,2025-10-19,0.22783872706856834
36012,100261035202500008,Uttara Kannada,Robbery,2,2025-10-22,0.2274179970443735
36766,100271055202500007,Yadgir,Unlawful Assembly,2,2025-11-24,0.22738827258125
18492,100090541202500004,Dharwad,POCSO Offence,1,2025-11-15,0.22720500064064486
28658,100180812202500009,Kolar,Cruelty by Husband/Relatives,2,2025-12-15,0.22707231882332193
18422,400090538202500001,Dharwad,Rape,1,2025-12-15,0.2269915520407329
25492,300150734202500001,Bidar,Criminal Breach of Trust,2,2025-10-23,0.2266081167074302
16256,100070470202500011,Ballari,Robbery,2,2025-11-15,0.22658451939178936
27545,100170781202500004,Chitradurga,Criminal Breach of Trust,2,2025-12-12,0.22627046212037089
10790,800040348202500001,Belagavi,Arms Act Offence,2,2025-11-18,0.22603307795418967
22354,100120652202500007,Mandya,Murder,1,2025-11-14,0.22569314344241465
29670,100190855202500012,Udupi,Riots,2,2025-10-09,0.22497331904910187
18596,100090534202500009,Dharwad,Assault on Women (Outrage Modesty),2,2025-11-08,0.22474786776675496
4291,100010056202500001,Bengaluru Urban,Arson,2,2025-10-17,0.2240928742659034
37143,100281067202500003,Kodagu,Criminal Breach of Trust,2,2025-12-15,0.2236490876115179
10875,100040278202500002,Belagavi,Robbery,2,2025-11-03,0.22310366794148406
11183,100040321202500007,Belagavi,NDPS Offence,2,2025-11-01,0.22248688053933444
34367,100240979202500009,Chamarajanagara,Robbery,2,2025-12-13,0.22229903953701186
24465,100140699202500005,Raichur,Simple Hurt,2,2025-12-03,0.22228254932866479
13248,100050374202500009,Kalaburagi,Cruelty by Husband/Relatives,2,2025-12-27,0.22210137935502502
35040,100250999202500008,Gadag,Excise Act Offence,2,2025-10-07,0.221582706217861
39378,100311114202500004,Vijayanagara,Kidnapping & Abduction,1,2025-12-02,0.22156881740987341
16298,100070480202500008,Ballari,Robbery,2,2025-11-23,0.22097242127777678
34309,100240987202500006,Chamarajanagara,Robbery,2,2025-10-17,0.22086503400599158
28578,100180809202500006,Kolar,Unlawful Assembly,2,2025-12-06,0.2206147561512019
35829,100261023202500004,Uttara Kannada,Dacoity,1,2025-12-13,0.22007653990504697
33556,100230953202500007,Haveri,Cheating,2,2025-11-08,0.21998826342829636
36660,100271050202500003,Yadgir,Cruelty by Husband/Relatives,2,2025-11-02,0.21953041873977408
4686,100010140202500004,Bengaluru Urban,Robbery,2,2025-12-04,0.21858421489720864
12959,100050399202500004,Kalaburagi,Robbery,2,2025-12-07,0.21851685789898
39579,100311113202500010,Vijayanagara,Simple Hurt,2,2025-12-17,0.21834160338689254
4080,100010041202500001,Bengaluru Urban,Robbery,2,2025-10-05,0.21737907248003172
5276,100010136202500004,Bengaluru Urban,Arson,2,2025-11-02,0.21625124610706944
22291,100120635202500002,Mandya,Rape,1,2025-11-18,0.21546032657416506
16143,100070458202500008,Ballari,Counterfeiting,2,2025-10-27,0.2148667289565585
34394,100240982202500007,Chamarajanagara,Cruelty by Husband/Relatives,2,2025-12-21,0.21470033002599637
19684,100100574202500004,Dakshina Kannada,Burglary,2,2025-10-22,0.21469766153140532
24532,100140691202500005,Raichur,Robbery,2,2025-10-21,0.2144465805420825
18683,100090547202500010,Dharwad,NDPS Offence,2,2025-11-14,0.21423122218499552
38688,100301095202500013,Ramanagara,Robbery,2,2025-12-09,0.2140211384170236
30927,100200876202500006,Davanagere,NDPS Offence,2,2025-11-05,0.21372803996136772
33457,100230959202500005,Haveri,NDPS Offence,2,2025-12-22,0.21333808990501707
5063,400010053202500001,Bengaluru Urban,Robbery,2,2025-10-12,0.212556311385288
31771,100210895202500009,Chikkamagaluru,Arms Act Offence,2,2025-12-16,0.21184297210491565
22117,100120642202500004,Mandya,Simple Hurt,2,2025-10-21,0.21157803134803133
10904,100040292202500005,Belagavi,Arson,2,2025-11-15,0.2112519274339722
32483,100220921202500006,Koppal,Criminal Breach of Trust,2,2025-11-03,0.21092616867451783
29493,100190855202500004,Udupi,Riots,2,2025-12-05,0.21026294325610348
19956,100100590202500005,Dakshina Kannada,Robbery,2,2025-11-16,0.20992762450557748
36633,100271037202500002,Yadgir,Criminal Breach of Trust,2,2025-10-28,0.2098777029570074
21162,100110592202500011,Shivamogga,NDPS Offence,2,2025-12-19,0.2090538271040564
11621,100040339202500011,Belagavi,Cruelty by Husband/Relatives,2,2025-11-02,0.20905212684215774
35832,800261021202500002,Uttara Kannada,Cheating,2,2025-11-12,0.20886699552978125
26586,100160750202500006,Bagalkote,Robbery,2,2025-10-09,0.2087066234148828
4155,100010102202500002,Bengaluru Urban,Assault on Women (Outrage Modesty),2,2025-12-08,0.20729034187173578
17545,100080502202500008,Vijayapura,Criminal Breach of Trust,2,2025-12-07,0.20628358056679158
39396,100311130202500002,Vijayanagara,Unlawful Assembly,2,2025-12-07,0.2062271515132033
13218,100050386202500007,Kalaburagi,Simple Hurt,2,2025-11-03,0.20588849678973092
31514,100210897202500001,Chikkamagaluru,Kidnapping & Abduction,1,2025-12-13,0.20587001930703874
26518,300160770202500001,Bagalkote,Riots,2,2025-10-28,0.20341950293002153
5915,100010125202500017,Bengaluru Urban,Dowry Death,1,2025-12-01,0.20324279078453955
11419,100040325202500009,Belagavi,Dacoity,1,2025-12-10,0.20285800260564854
39568,100311133202500011,Vijayanagara,Assault on Women (Outrage Modesty),2,2025-10-26,0.20275832875970345
5669,100010080202500008,Bengaluru Urban,Cruelty by Husband/Relatives,2,2025-10-18,0.2023660932028042
16035,800070483202500001,Ballari,Dacoity,1,2025-11-02,0.20224714660437906
24374,800140709202500001,Raichur,Simple Hurt,2,2025-10-02,0.2016855672784476
11095,100040325202500003,Belagavi,Arson,2,2025-12-02,0.2010981744633377
8531,100030225202500007,Mysuru,Cruelty by Husband/Relatives,2,2025-11-05,0.20076106306657918
5806,100010140202500015,Bengaluru Urban,Counterfeiting,2,2025-12-22,0.2007448500567315
27734,100170791202500010,Chitradurga,NDPS Offence,2,2025-10-28,0.2002348656423402
5341,100010126202500009,Bengaluru Urban,Simple Hurt,2,2025-10-29,0.19994210950024496
17333,100080509202500005,Vijayapura,Cruelty by Husband/Relatives,2,2025-12-05,0.19883797535042147
21030,100110603202500009,Shivamogga,Cruelty by Husband/Relatives,2,2025-11-25,0.1988359106177208
23415,100130684202500011,Hassan,Rape,1,2025-10-22,0.19866096652862472
29397,100190834202500002,Udupi,Robbery,2,2025-10-03,0.1985181733504786
39533,100311120202500010,Vijayanagara,Arson,2,2025-11-16,0.19833019987329076
13222,100050381202500012,Kalaburagi,Simple Hurt,2,2025-10-21,0.1976247514533634
5588,100010045202500011,Bengaluru Urban,Robbery,2,2025-11-08,0.19748472455315924
18742,100090537202500011,Dharwad,Riots,2,2025-12-08,0.1973760762439923
24272,100140690202500002,Raichur,Cruelty by Husband/Relatives,2,2025-12-14,0.19711412438068865
24286,800140703202500001,Raichur,Unlawful Assembly,2,2025-11-03,0.1964287446333566
18428,100090544202500001,Dharwad,Cruelty by Husband/Relatives,2,2025-10-05,0.1959996460481565
26671,100160751202500013,Bagalkote,Cruelty by Husband/Relatives,2,2025-11-21,0.195901947636978
25340,100150733202500001,Bidar,Dowry Death,1,2025-10-28,0.1946311622237598
25546,800150742202500001,Bidar,Simple Hurt,2,2025-10-17,0.19451345916602497
30600,100200878202500004,Davanagere,Simple Hurt,2,2025-11-03,0.1944760559845982
25385,100150717202500002,Bidar,Robbery,2,2025-11-13,0.19345221770289905
24544,100140692202500006,Raichur,Riots,2,2025-10-11,0.19311807920956253
8420,100030247202500009,Mysuru,Cruelty by Husband/Relatives,2,2025-12-09,0.1923392779191283
6715,100020211202500008,Bengaluru Rural,Rape,1,2025-10-09,0.19188025231374273
11293,100040327202500007,Belagavi,Kidnapping & Abduction,1,2025-11-01,0.1917819780269889
5545,100010154202500006,Bengaluru Urban,Criminal Breach of Trust,2,2025-11-12,0.19158604464082776
20919,100110598202500002,Shivamogga,Cruelty by Husband/Relatives,2,2025-11-18,0.19110306943705252
14878,100060401202500007,Tumakuru,NDPS Offence,2,2025-11-25,0.19074017432320653
5353,100010143202500004,Bengaluru Urban,Excise Act Offence,2,2025-12-08,0.19043767488069233
20967,100110591202500002,Shivamogga,Riots,2,2025-12-24,0.19019152938513192
23198,300130686202500001,Hassan,Arms Act Offence,2,2025-10-18,0.19018955271204235
23373,100130674202500007,Hassan,Criminal Breach of Trust,2,2025-12-05,0.1891521438461321
16123,100070467202500005,Ballari,Criminal Breach of Trust,2,2025-10-17,0.18900411830764818
27447,100170778202500001,Chitradurga,Unlawful Assembly,2,2025-10-27,0.18892626985529512
8625,100030240202500012,Mysuru,Robbery,2,2025-11-27,0.18726831918950473
23239,100130663202500002,Hassan,Robbery,2,2025-10-22,0.1869986653939076
29641,100190836202500013,Udupi,Kidnapping & Abduction,1,2025-12-05,0.18667775885872243
19724,100100573202500004,Dakshina Kannada,Rape,1,2025-11-22,0.18630035558424338
22310,100120650202500012,Mandya,NDPS Offence,2,2025-11-22,0.18625174027527566
27743,300170801202500001,Chitradurga,Kidnapping & Abduction,1,2025-11-14,0.1857889473711628
21124,100110597202500007,Shivamogga,Kidnapping & Abduction,1,2025-12-26,0.185484249098996
33397,400230959202500001,Haveri,Arms Act Offence,2,2025-10-05,0.18542577876412691
10825,100040297202500001,Belagavi,Cruelty by Husband/Relatives,2,2025-10-03,0.1853737700484004
13220,100050357202500014,Kalaburagi,Insult to Modesty of Women,2,2025-11-26,0.18499034327450176
22332,400120642202500002,Mandya,Assault on Women (Outrage Modesty),2,2025-12-16,0.18366349888075612
30645,100200889202500001,Davanagere,Kidnapping & Abduction,1,2025-10-02,0.18354690905629176
39364,100311128202500003,Vijayanagara,Arms Act Offence,2,2025-11-23,0.18354097872093508
8150,100030220202500006,Mysuru,Criminal Breach of Trust,2,2025-12-18,0.18316313387719121
12973,100050370202500005,Kalaburagi,Kidnapping & Abduction,1,2025-11-21,0.18306624696140752
4306,800010128202500001,Bengaluru Urban,Criminal Breach of Trust,2,2025-10-25,0.1830114481668188
8439,800030235202500001,Mysuru,Riots,2,2025-11-22,0.18290149410162362
21127,100110619202500011,Shivamogga,Cruelty by Husband/Relatives,2,2025-11-10,0.18238956400466125
28490,800180807202500001,Kolar,Simple Hurt,2,2025-11-02,0.18229893457746563
39374,100311130202500001,Vijayanagara,Robbery,2,2025-11-02,0.18053078108249931
5507,100010182202500008,Bengaluru Urban,Cruelty by Husband/Relatives,2,2025-12-27,0.18043920716009407
36815,300271055202500002,Yadgir,Cruelty by Husband/Relatives,2,2025-11-28,0.1801559477247635
35063,100250994202500012,Gadag,Kidnapping & Abduction,1,2025-11-28,0.17983500134658792
4398,300010136202500001,Bengaluru Urban,Arson,2,2025-10-05,0.17982307169849815
5570,100010182202500009,Bengaluru Urban,Burglary,2,2025-10-17,0.1797799650869674
5441,100010155202500005,Bengaluru Urban,Excise Act Offence,2,2025-10-06,0.17950856956056374
31532,800210895202500001,Chikkamagaluru,Kidnapping & Abduction,1,2025-12-05,0.1794845557152891
24527,100140705202500012,Raichur,Unlawful Assembly,2,2025-10-05,0.17921090165997913
4178,100010045202500002,Bengaluru Urban,Cruelty by Husband/Relatives,2,2025-11-19,0.1791754609580428
32601,100220922202500007,Koppal,Criminal Breach of Trust,2,2025-11-22,0.17877736499811034
30727,800200859202500001,Davanagere,Arms Act Offence,2,2025-10-27,0.178543502372259
14501,100060422202500003,Tumakuru,Simple Hurt,2,2025-11-26,0.17822250022442832
29430,100190846202500004,Udupi,Criminal Breach of Trust,2,2025-10-06,0.17800889546868626
26689,100160773202500011,Bagalkote,Simple Hurt,2,2025-10-15,0.17776814486355016
18545,100090530202500004,Dharwad,Kidnapping & Abduction,1,2025-12-12,0.17739904485896907
39370,100311122202500005,Vijayanagara,Unlawful Assembly,2,2025-11-12,0.17693074614038803
14587,100060406202500005,Tumakuru,Excise Act Offence,2,2025-11-27,0.17657841764668455
5607,100010190202500013,Bengaluru Urban,Excise Act Offence,2,2025-10-11,0.17508707498999676
31571,100210906202500003,Chikkamagaluru,Cruelty by Husband/Relatives,2,2025-11-26,0.17486202961843075
20996,400110610202500001,Shivamogga,Kidnapping & Abduction,1,2025-11-19,0.17480921833809385
26444,100160767202500002,Bagalkote,Simple Hurt,2,2025-11-20,0.1741014403780538
29555,100190838202500007,Udupi,Riots,2,2025-11-24,0.17322322808603585
11403,100040336202500013,Belagavi,Dacoity,1,2025-12-09,0.173082056535418
29406,100190846202500003,Udupi,Assault on Women (Outrage Modesty),2,2025-12-23,0.17297092837630765
22290,100120642202500007,Mandya,Unlawful Assembly,2,2025-10-08,0.172937358338232
20891,400110605202500001,Shivamogga,Riots,2,2025-11-23,0.17276671475073743
18439,800090541202500001,Dharwad,Unlawful Assembly,2,2025-10-24,0.17242159404344054
4740,100010079202500004,Bengaluru Urban,Simple Hurt,2,2025-11-06,0.17202371160772828
11464,100040294202500008,Belagavi,Unlawful Assembly,2,2025-11-07,0.17181824440550061
5264,100010092202500007,Bengaluru Urban,Simple Hurt,2,2025-12-17,0.17122104542781522
14981,100060401202500010,Tumakuru,Criminal Breach of Trust,2,2025-12-16,0.17120600755491944
24438,100140714202500005,Raichur,Riots,2,2025-10-16,0.17062309518887886
31683,100210916202500007,Chikkamagaluru,Unlawful Assembly,2,2025-11-06,0.17020570824994544
4508,100010116202500002,Bengaluru Urban,Arms Act Offence,2,2025-10-25,0.16953852865083685
33415,100230967202500004,Haveri,Kidnapping & Abduction,1,2025-12-23,0.16901196887039432
31674,300210910202500001,Chikkamagaluru,Criminal Breach of Trust,2,2025-10-10,0.1687956674515802
14615,100060405202500006,Tumakuru,Kidnapping & Abduction,1,2025-10-16,0.1686236766704071
11604,100040341202500013,Belagavi,Unlawful Assembly,2,2025-12-11,0.16852376851255774
24552,100140716202500009,Raichur,Riots,2,2025-12-04,0.16796970265911748
26608,100160774202500008,Bagalkote,Assault on Women (Outrage Modesty),2,2025-10-03,0.16750051069516034
32567,100220941202500005,Koppal,Riots,2,2025-10-20,0.16738294502884252
18575,100090546202500010,Dharwad,Kidnapping & Abduction,1,2025-11-14,0.1660183227768174
28635,100180808202500005,Kolar,Assault on Women (Outrage Modesty),2,2025-10-08,0.16555006332110558
5553,100010032202500009,Bengaluru Urban,Simple Hurt,2,2025-12-12,0.16474992490030824
35946,100261012202500008,Uttara Kannada,Dacoity,1,2025-11-28,0.1644551444709589
11442,100040294202500007,Belagavi,Dacoity,1,2025-12-06,0.16408857172993907
31579,100210897202500007,Chikkamagaluru,Unlawful Assembly,2,2025-12-22,0.1630134577908529
8135,100030247202500004,Mysuru,Unlawful Assembly,2,2025-11-12,0.16268275098011478
15989,100070463202500004,Ballari,Kidnapping & Abduction,1,2025-10-02,0.16231655438687964
25403,100150740202500002,Bidar,Criminal Breach of Trust,2,2025-11-23,0.1608402604846284
5252,100010089202500007,Bengaluru Urban,Simple Hurt,2,2025-11-24,0.16045682177821652
6000,100010036202500018,Bengaluru Urban,Unlawful Assembly,2,2025-10-22,0.15997023553256226
26584,100160745202500016,Bagalkote,Insult to Modesty of Women,2,2025-12-04,0.1595025432287936
20948,300110616202500001,Shivamogga,Kidnapping & Abduction,1,2025-10-17,0.15874145478325594
13255,100050377202500012,Kalaburagi,Unlawful Assembly,2,2025-11-23,0.15870160151508803
12988,100050384202500010,Kalaburagi,Kidnapping & Abduction,1,2025-10-05,0.15844539889125595
39424,100311121202500004,Vijayanagara,Kidnapping & Abduction,1,2025-12-17,0.15827908284234035
14714,100060425202500006,Tumakuru,NDPS Offence,2,2025-12-15,0.15822254902238544
14796,100060429202500009,Tumakuru,Kidnapping & Abduction,1,2025-10-24,0.15821484141843348
6732,100020203202500013,Bengaluru Rural,NDPS Offence,2,2025-11-16,0.15767098089269566
8433,100030241202500011,Mysuru,Assault on Women (Outrage Modesty),2,2025-12-17,0.1563446831151047
29620,100190839202500009,Udupi,Riots,2,2025-10-24,0.15569285370299474
11109,100040328202500002,Belagavi,Kidnapping & Abduction,1,2025-11-27,0.15567852146162395
6630,400020217202500001,Bengaluru Rural,Riots,2,2025-11-29,0.15487990542354504
17348,100080499202500006,Vijayapura,Assault on Women (Outrage Modesty),2,2025-12-03,0.15455071787240718
8520,300030229202500001,Mysuru,POCSO Offence,1,2025-11-12,0.15446159444156268
22329,100120641202500008,Mandya,Riots,2,2025-10-25,0.15443485770209955
36730,100271055202500004,Yadgir,Cruelty by Husband/Relatives,2,2025-10-21,0.15401273353864312
16242,100070451202500014,Ballari,Unlawful Assembly,2,2025-12-29,0.1537095728461986
17207,100080521202500002,Vijayapura,Riots,2,2025-10-19,0.1536531096670801
14725,100060428202500006,Tumakuru,Cruelty by Husband/Relatives,2,2025-10-21,0.15298112052326562
14913,100060414202500015,Tumakuru,Cruelty by Husband/Relatives,2,2025-10-09,0.15276356184534542
34975,100251009202500005,Gadag,Cruelty by Husband/Relatives,2,2025-10-16,0.15268796918616
30784,100200865202500006,Davanagere,Simple Hurt,2,2025-10-13,0.15222608021418063
31698,100210897202500011,Chikkamagaluru,Riots,2,2025-11-19,0.15179066821395604
11351,100040334202500013,Belagavi,Kidnapping & Abduction,1,2025-11-08,0.15173364601855524
12951,100050377202500005,Kalaburagi,Insult to Modesty of Women,2,2025-10-14,0.15163835922085575
33641,100230953202500009,Haveri,Cruelty by Husband/Relatives,2,2025-11-15,0.15156195655795174
18393,100090541202500001,Dharwad,Riots,2,2025-10-24,0.15136625690426683
33509,100230957202500008,Haveri,Riots,2,2025-10-18,0.15109031832820194
36722,100271043202500005,Yadgir,Cruelty by Husband/Relatives,2,2025-10-18,0.15103181987079678
4815,100010070202500007,Bengaluru Urban,Assault on Women (Outrage Modesty),2,2025-10-12,0.15100687824448847
29558,100190836202500010,Udupi,Insult to Modesty of Women,2,2025-11-27,0.1508404598620587
35003,100250996202500010,Gadag,Kidnapping & Abduction,1,2025-10-03,0.150639277579548
34956,100251008202500004,Gadag,Kidnapping & Abduction,1,2025-11-19,0.15054223866919347
39588,100311118202500016,Vijayanagara,Simple Hurt,2,2025-11-06,0.15040922302228182
4387,100010121202500003,Bengaluru Urban,Simple Hurt,2,2025-12-26,0.15040321794106262
20081,100100562202500009,Dakshina Kannada,Robbery,2,2025-10-07,0.15006514735923016
35757,100261024202500002,Uttara Kannada,Dacoity,1,2025-10-14,0.1500538279088671
17290,100080494202500004,Vijayapura,Insult to Modesty of Women,2,2025-12-08,0.1496479162258853
35924,800261018202500002,Uttara Kannada,Riots,2,2025-11-03,0.14914713921487704
11077,400040354202500001,Belagavi,Insult to Modesty of Women,2,2025-10-15,0.1489885706826613
11083,100040353202500004,Belagavi,Unlawful Assembly,2,2025-11-13,0.14884028073886113
24479,100140693202500006,Raichur,Assault on Women (Outrage Modesty),2,2025-12-03,0.14819096775011753
26676,100160772202500007,Bagalkote,Insult to Modesty of Women,2,2025-11-21,0.14818993822103274
38501,100301095202500001,Ramanagara,NDPS Offence,2,2025-12-24,0.14817364784408643
19727,100100589202500003,Dakshina Kannada,Kidnapping & Abduction,1,2025-12-08,0.1475490287928951
25295,100150730202500001,Bidar,Riots,2,2025-12-08,0.1473431912367336
23221,100130679202500003,Hassan,Insult to Modesty of Women,2,2025-12-24,0.1471147322321673
26414,800160761202500001,Bagalkote,Dowry Death,1,2025-12-28,0.1469966597027783
24561,100140710202500008,Raichur,Assault on Women (Outrage Modesty),2,2025-11-14,0.14698834457568477
16235,100070482202500007,Ballari,Insult to Modesty of Women,2,2025-12-18,0.1460881430544462
23539,100130668202500014,Hassan,Unlawful Assembly,2,2025-10-27,0.1460450575063774
36053,100261013202500014,Uttara Kannada,Criminal Breach of Trust,2,2025-10-17,0.14593814599834404
14533,800060419202500002,Tumakuru,Kidnapping & Abduction,1,2025-11-21,0.14592658758896201
29696,100190849202500014,Udupi,Simple Hurt,2,2025-11-25,0.14583751819325122
29409,100190853202500002,Udupi,Cruelty by Husband/Relatives,2,2025-10-27,0.14583288037958878
30762,100200873202500008,Davanagere,Unlawful Assembly,2,2025-10-03,0.14536077130921246
36675,100271037202500008,Yadgir,Unlawful Assembly,2,2025-10-27,0.14525319297293762
29630,100190834202500006,Udupi,Simple Hurt,2,2025-10-22,0.1452415095964558
23536,100130672202500010,Hassan,Kidnapping & Abduction,1,2025-10-02,0.1451557941596485
5966,100010157202500007,Bengaluru Urban,Kidnapping & Abduction,1,2025-10-21,0.14501433076727757
34276,100240990202500001,Chamarajanagara,Kidnapping & Abduction,1,2025-12-08,0.1450055112997342
30769,100200861202500004,Davanagere,Assault on Women (Outrage Modesty),2,2025-10-05,0.14494308533620714
23433,100130677202500005,Hassan,Grievous Hurt,2,2025-12-01,0.14451266269875873
17250,100080519202500004,Vijayapura,Unlawful Assembly,2,2025-11-11,0.14403325769560454
17534,100080496202500004,Vijayapura,Kidnapping & Abduction,1,2025-12-23,0.143871428543597
6643,100020209202500004,Bengaluru Rural,Riots,2,2025-11-03,0.14378176389964295
11647,100040315202500012,Belagavi,Insult to Modesty of Women,2,2025-10-21,0.14364486506293667
31566,100210898202500001,Chikkamagaluru,Dacoity,1,2025-10-11,0.1435640291877467
12908,400050378202500001,Kalaburagi,Insult to Modesty of Women,2,2025-10-11,0.14348258907454517
8378,100030240202500009,Mysuru,Unlawful Assembly,2,2025-12-27,0.14342945713080016
36733,100271054202500005,Yadgir,Insult to Modesty of Women,2,2025-11-24,0.14297871059204986
25422,100150735202500004,Bidar,Kidnapping & Abduction,1,2025-10-17,0.14274359540327233
26493,300160761202500001,Bagalkote,Attempt to Murder,1,2025-10-05,0.14261702009316302
18715,400090552202500001,Dharwad,Simple Hurt,2,2025-10-16,0.142504851756434
36617,800271040202500001,Yadgir,Cruelty by Husband/Relatives,2,2025-11-25,0.1423366302750594
11440,100040293202500006,Belagavi,Kidnapping & Abduction,1,2025-12-05,0.14211359516812297
14588,100060402202500004,Tumakuru,Riots,2,2025-11-09,0.14057176679029096
12855,100050397202500001,Kalaburagi,Cruelty by Husband/Relatives,2,2025-11-23,0.14033201860481745
26461,100160748202500002,Bagalkote,Attempt to Murder,1,2025-11-08,0.14024009862139572
4482,100010138202500002,Bengaluru Urban,Riots,2,2025-11-15,0.14002193997771778
36618,100271053202500002,Yadgir,Riots,2,2025-12-15,0.13937640635254903
35776,800261034202500001,Uttara Kannada,Unlawful Assembly,2,2025-12-25,0.13933519142799658
14510,100060424202500002,Tumakuru,Assault on Women (Outrage Modesty),2,2025-11-26,0.13806866892917008
35803,100261019202500003,Uttara Kannada,Dowry Death,1,2025-11-27,0.13756975745817837
25470,100150730202500007,Bidar,Insult to Modesty of Women,2,2025-10-14,0.137272293508383
16110,100070476202500006,Ballari,Kidnapping & Abduction,1,2025-12-04,0.13713386676587308
26621,100160750202500007,Bagalkote,Kidnapping & Abduction,1,2025-12-03,0.13693773547207821
17215,100080521202500003,Vijayapura,Unlawful Assembly,2,2025-11-02,0.1365144959518578
37913,100291091202500005,Chikkaballapura,Robbery,2,2025-11-21,0.13633881776139134
34393,100240981202500008,Chamarajanagara,Unlawful Assembly,2,2025-10-14,0.13618074087501655
25362,100150720202500006,Bidar,Kidnapping & Abduction,1,2025-11-04,0.13600599496149704
29546,100190856202500007,Udupi,Kidnapping & Abduction,1,2025-10-24,0.13599916967776485
22198,300120634202500001,Mandya,Grievous Hurt,2,2025-11-24,0.1358622035680916
31537,100210908202500002,Chikkamagaluru,Insult to Modesty of Women,2,2025-11-05,0.13585902782317974
10984,800040297202500001,Belagavi,Riots,2,2025-11-19,0.13552538451710666
8109,100030237202500003,Mysuru,Unlawful Assembly,2,2025-12-05,0.1353892010733778
19721,100100576202500001,Dakshina Kannada,Counterfeiting,2,2025-12-25,0.1353689847333537
23469,100130657202500010,Hassan,Kidnapping & Abduction,1,2025-10-27,0.13528406460954553
11383,100040335202500011,Belagavi,Unlawful Assembly,2,2025-12-26,0.13508701801842182
11298,100040285202500006,Belagavi,Riots,2,2025-11-13,0.13489312696953462
35923,300261010202500001,Uttara Kannada,Kidnapping & Abduction,1,2025-12-20,0.13455752882749997
32413,100220930202500001,Koppal,Assault on Women (Outrage Modesty),2,2025-10-04,0.13439880726947828
14426,100060413202500001,Tumakuru,Unlawful Assembly,2,2025-11-15,0.1343453357263833
14492,100060431202500004,Tumakuru,Kidnapping & Abduction,1,2025-10-05,0.13421410275049164
11243,400040304202500002,Belagavi,Riots,2,2025-12-27,0.13404551432335338
5345,100010045202500010,Bengaluru Urban,Assault on Women (Outrage Modesty),2,2025-11-27,0.13381441092814841
8402,100030264202500005,Mysuru,Unlawful Assembly,2,2025-11-15,0.13372068585135177
37786,100291068202500003,Chikkaballapura,Assault on Women (Outrage Modesty),2,2025-12-23,0.13369140534536775
16131,100070465202500003,Ballari,Kidnapping & Abduction,1,2025-12-06,0.1336309003738173
14663,100060436202500005,Tumakuru,Assault on Women (Outrage Modesty),2,2025-10-03,0.13331291696776518
13215,100050364202500010,Kalaburagi,Cruelty by Husband/Relatives,2,2025-11-04,0.1325072576487631
37823,100291079202500005,Chikkaballapura,Assault on Women (Outrage Modesty),2,2025-12-24,0.13229595550538498
23348,100130663202500007,Hassan,Assault on Women (Outrage Modesty),2,2025-12-03,0.1320965731054619
38587,100301098202500003,Ramanagara,Kidnapping & Abduction,1,2025-11-21,0.13208907006185713
13130,100050400202500010,Kalaburagi,Assault on Women (Outrage Modesty),2,2025-11-16,0.13191442045599974
18720,100090529202500005,Dharwad,Assault on Women (Outrage Modesty),2,2025-12-25,0.13146878388326044
26422,100160755202500004,Bagalkote,Robbery,2,2025-11-12,0.1309953503462547
34323,100240988202500004,Chamarajanagara,Riots,2,2025-11-17,0.13072305894013614
8219,100030255202500007,Mysuru,Riots,2,2025-10-26,0.1305408918434957
29616,100190838202500010,Udupi,Attempt to Murder,1,2025-11-20,0.1304446890612003
23258,100130685202500004,Hassan,Insult to Modesty of Women,2,2025-12-18,0.13020113648590464
17470,100080509202500006,Vijayapura,Assault on Women (Outrage Modesty),2,2025-12-24,0.13003729708776857
4601,300010156202500001,Bengaluru Urban,Unlawful Assembly,2,2025-12-18,0.1298731008194067
16172,100070475202500006,Ballari,Riots,2,2025-12-02,0.12970472277832537
25373,800150721202500001,Bidar,Assault on Women (Outrage Modesty),2,2025-11-08,0.12940360283058489
16153,100070469202500010,Ballari,Grievous Hurt,2,2025-11-24,0.12937837478385436
35851,400261034202500001,Uttara Kannada,Dacoity,1,2025-11-21,0.12929980468615002
20959,100110607202500005,Shivamogga,Assault on Women (Outrage Modesty),2,2025-11-14,0.129295132512233
18676,300090535202500002,Dharwad,Assault on Women (Outrage Modesty),2,2025-12-04,0.12901549837948223
4595,100010043202500001,Bengaluru Urban,Riots,2,2025-10-24,0.12893156883470572
20991,100110616202500004,Shivamogga,Cruelty by Husband/Relatives,2,2025-10-15,0.12877817322496488
24270,100140705202500001,Raichur,Riots,2,2025-12-20,0.12869548268230407
37922,100291072202500009,Chikkaballapura,Dacoity,1,2025-11-26,0.12838635968909778
5494,100010080202500007,Bengaluru Urban,Assault on Women (Outrage Modesty),2,2025-12-29,0.1282985890980993
11632,100040283202500007,Belagavi,Assault on Women (Outrage Modesty),2,2025-11-20,0.12744725829278183
20938,100110599202500004,Shivamogga,Unlawful Assembly,2,2025-10-16,0.12729155845541973
13149,100050391202500007,Kalaburagi,Insult to Modesty of Women,2,2025-11-07,0.127276464019159
8107,100030238202500001,Mysuru,Unlawful Assembly,2,2025-10-20,0.12696070661057943
23184,100130655202500002,Hassan,Riots,2,2025-11-10,0.12664774082672278
4897,100010172202500006,Bengaluru Urban,Dacoity,1,2025-12-09,0.1265285355669166
19961,100100572202500007,Dakshina Kannada,Riots,2,2025-12-08,0.12642116402785641
17403,100080497202500007,Vijayapura,Assault on Women (Outrage Modesty),2,2025-10-05,0.12638874837721356
28476,300180820202500001,Kolar,Insult to Modesty of Women,2,2025-10-07,0.1263619970903226
30856,100200875202500011,Davanagere,Kidnapping & Abduction,1,2025-10-07,0.12579207043138027
33494,100230967202500005,Haveri,Insult to Modesty of Women,2,2025-11-17,0.1256883877533975
26600,100160745202500018,Bagalkote,Grievous Hurt,2,2025-10-23,0.12566055864316325
8076,100030270202500001,Mysuru,Riots,2,2025-12-20,0.12552676527440595
39596,300311113202500002,Vijayanagara,Cruelty by Husband/Relatives,2,2025-12-11,0.1252651826995554
33507,100230963202500005,Haveri,Riots,2,2025-11-02,0.12525525097200169
33600,100230970202500007,Haveri,Cruelty by Husband/Relatives,2,2025-10-02,0.12516970117619217
38555,100301107202500005,Ramanagara,Insult to Modesty of Women,2,2025-11-08,0.12515676847843246
8082,100030266202500002,Mysuru,Criminal Breach of Trust,2,2025-11-14,0.12509302280546078
35865,100261016202500006,Uttara Kannada,Kidnapping & Abduction,1,2025-12-28,0.12495639077295571
38676,300301106202500001,Ramanagara,Attempt to Murder,1,2025-10-17,0.12490164162555739
8278,300030264202500001,Mysuru,Cruelty by Husband/Relatives,2,2025-10-17,0.12482097755603085
11441,100040273202500013,Belagavi,Insult to Modesty of Women,2,2025-12-20,0.1241612262263223
20020,100100564202500008,Dakshina Kannada,Cruelty by Husband/Relatives,2,2025-11-05,0.1233673296111405
17296,100080511202500003,Vijayapura,Riots,2,2025-10-05,0.12324987028588748
36651,100271050202500002,Yadgir,Assault on Women (Outrage Modesty),2,2025-11-03,0.12302684377188554
35751,100261032202500001,Uttara Kannada,Riots,2,2025-10-05,0.12278653428740312
17437,100080502202500005,Vijayapura,Insult to Modesty of Women,2,2025-11-04,0.12261209549425701
4908,100010056202500005,Bengaluru Urban,Insult to Modesty of Women,2,2025-12-08,0.12188855900160835
17488,100080506202500006,Vijayapura,Insult to Modesty of Women,2,2025-10-07,0.12183810418578428
18723,100090539202500006,Dharwad,Assault on Women (Outrage Modesty),2,2025-11-07,0.12045060559672857
37829,100291089202500001,Chikkaballapura,Cruelty by Husband/Relatives,2,2025-12-27,0.12000494464936935
25302,100150728202500002,Bidar,Kidnapping & Abduction,1,2025-10-21,0.11975636745191598
24471,800140715202500001,Raichur,Insult to Modesty of Women,2,2025-10-13,0.11975515540006854
4504,100010182202500001,Bengaluru Urban,Riots,2,2025-10-11,0.11949097597401592
22159,800120649202500001,Mandya,Riots,2,2025-10-05,0.11923687590244175
19968,100100568202500008,Dakshina Kannada,POCSO Offence,1,2025-12-13,0.1192263240827549
8388,100030258202500005,Mysuru,Kidnapping & Abduction,1,2025-10-13,0.11906471725208849
23345,100130677202500002,Hassan,Kidnapping & Abduction,1,2025-12-22,0.11885609916525602
37859,100291087202500003,Chikkaballapura,Assault on Women (Outrage Modesty),2,2025-11-10,0.11817176811248171
19841,100100575202500007,Dakshina Kannada,Unlawful Assembly,2,2025-12-07,0.11782536654731492
14478,100060446202500001,Tumakuru,Assault on Women (Outrage Modesty),2,2025-12-09,0.11745714690946037
6066,100010167202500015,Bengaluru Urban,Unlawful Assembly,2,2025-12-08,0.11718776693014857
33399,100230963202500001,Haveri,Assault on Women (Outrage Modesty),2,2025-11-05,0.11633764700590206
8071,100030249202500003,Mysuru,Rape,1,2025-10-27,0.11625692909332085
38668,100301102202500012,Ramanagara,Assault on Women (Outrage Modesty),2,2025-10-22,0.11607753638926506
14797,300060444202500001,Tumakuru,Cruelty by Husband/Relatives,2,2025-10-12,0.11574449190997894
19906,100100578202500006,Dakshina Kannada,Grievous Hurt,2,2025-10-22,0.11565395806625099
18599,100090541202500008,Dharwad,Attempt to Murder,1,2025-11-19,0.11529690448814615
22369,100120630202500008,Mandya,Riots,2,2025-11-09,0.11511696401779839
5804,100010100202500009,Bengaluru Urban,Kidnapping & Abduction,1,2025-11-08,0.11502837303427169
32632,100220939202500011,Koppal,Assault on Women (Outrage Modesty),2,2025-11-15,0.11482505868821821
14607,100060429202500006,Tumakuru,Insult to Modesty of Women,2,2025-10-20,0.11476880096082902
6625,100020204202500008,Bengaluru Rural,Assault on Women (Outrage Modesty),2,2025-11-23,0.11451538500716857
12993,100050357202500007,Kalaburagi,Assault on Women (Outrage Modesty),2,2025-12-09,0.11306794908513049
25343,300150735202500001,Bidar,Unlawful Assembly,2,2025-10-10,0.11294704802675941
5000,100010046202500008,Bengaluru Urban,Kidnapping & Abduction,1,2025-10-21,0.11283909240467133
36751,400271056202500001,Yadgir,Insult to Modesty of Women,2,2025-11-02,0.1128084909015684
35051,100251008202500009,Gadag,Insult to Modesty of Women,2,2025-11-18,0.11261257728221437
16144,100070463202500007,Ballari,Insult to Modesty of Women,2,2025-10-12,0.11249544658931737
19791,800100558202500001,Dakshina Kannada,Assault on Women (Outrage Modesty),2,2025-10-02,0.11221381866063708
5222,100010099202500007,Bengaluru Urban,Unlawful Assembly,2,2025-11-22,0.11214753413273063
4547,100010197202500005,Bengaluru Urban,Kidnapping & Abduction,1,2025-11-09,0.11204547075004577
21093,100110608202500005,Shivamogga,Attempt to Murder,1,2025-12-02,0.11155860968891881
17563,100080502202500009,Vijayapura,Grievous Hurt,2,2025-10-04,0.11134357179911304
36608,100271054202500002,Yadgir,Assault on Women (Outrage Modesty),2,2025-10-15,0.11133559680650257
22363,100120649202500011,Mandya,Assault on Women (Outrage Modesty),2,2025-10-24,0.11093993241448108
37840,100291073202500005,Chikkaballapura,Assault on Women (Outrage Modesty),2,2025-12-03,0.11077888432313776
10674,100040341202500001,Belagavi,Assault on Women (Outrage Modesty),2,2025-11-13,0.11069851835808463
35024,100251001202500006,Gadag,Unlawful Assembly,2,2025-12-25,0.1106317623807632
36783,100271039202500006,Yadgir,Assault on Women (Outrage Modesty),2,2025-11-04,0.11038262699296962
18600,400090528202500001,Dharwad,Insult to Modesty of Women,2,2025-11-21,0.11028690619099275
37130,100281067202500002,Kodagu,Assault on Women (Outrage Modesty),2,2025-12-05,0.11011841631669168
11259,100040272202500008,Belagavi,Assault on Women (Outrage Modesty),2,2025-11-27,0.1100115405023669
5177,100010132202500004,Bengaluru Urban,Kidnapping & Abduction,1,2025-12-02,0.10995254699448322
32647,300220920202500002,Koppal,Unlawful Assembly,2,2025-11-17,0.10991922231152902
36658,100271037202500006,Yadgir,Insult to Modesty of Women,2,2025-11-09,0.10912880219137935
4915,100010095202500004,Bengaluru Urban,Kidnapping & Abduction,1,2025-12-08,0.10899743703691563
16016,100070480202500003,Ballari,Assault on Women (Outrage Modesty),2,2025-11-25,0.10895733728357294
21211,100110595202500007,Shivamogga,POCSO Offence,1,2025-11-26,0.10861493669655489
19696,100100557202500001,Dakshina Kannada,Insult to Modesty of Women,2,2025-12-26,0.10852095418742863
17565,100080513202500009,Vijayapura,POCSO Offence,1,2025-12-07,0.10846559760116055
36616,100271042202500003,Yadgir,Assault on Women (Outrage Modesty),2,2025-11-07,0.10820564762812959
4821,100010106202500006,Bengaluru Urban,Attempt to Murder,1,2025-12-02,0.1081421250310435
8485,300030236202500001,Mysuru,Attempt to Murder,1,2025-12-03,0.10788108526305915
28612,100180813202500004,Kolar,Insult to Modesty of Women,2,2025-11-16,0.10729551369608076
5896,100010200202500009,Bengaluru Urban,Unlawful Assembly,2,2025-10-20,0.10728293274988106
17555,100080496202500005,Vijayapura,Attempt to Murder,1,2025-11-26,0.1067950703833373
19953,100100559202500008,Dakshina Kannada,Criminal Breach of Trust (Financial),2,2025-12-09,0.10651964718361653
39352,100311127202500001,Vijayanagara,Assault on Women (Outrage Modesty),2,2025-10-15,0.10644756739673764
25575,100150737202500007,Bidar,Kidnapping & Abduction,1,2025-12-09,0.10641947061757663
5937,100010082202500009,Bengaluru Urban,Insult to Modesty of Women,2,2025-11-22,0.10627108038332711
5735,100010054202500009,Bengaluru Urban,Kidnapping & Abduction,1,2025-10-24,0.10567575900207685
5081,100010056202500007,Bengaluru Urban,Unlawful Assembly,2,2025-11-09,0.10548780894173981
5026,100010079202500007,Bengaluru Urban,Kidnapping & Abduction,1,2025-12-26,0.10530738362329214
35978,100261032202500007,Uttara Kannada,Riots,2,2025-12-06,0.10523649601220805
5778,100010084202500011,Bengaluru Urban,Assault on Women (Outrage Modesty),2,2025-10-23,0.1052325580964153
4149,100010148202500001,Bengaluru Urban,Unlawful Assembly,2,2025-12-10,0.1051570198435988
14528,100060439202500005,Tumakuru,Assault on Women (Outrage Modesty),2,2025-12-22,0.10510985860528803
14444,100060427202500001,Tumakuru,Cruelty by Husband/Relatives,2,2025-12-08,0.105092384653922
14441,100060432202500002,Tumakuru,Cruelty by Husband/Relatives,2,2025-12-26,0.10507013397837346
18433,100090541202500002,Dharwad,Grievous Hurt,2,2025-12-10,0.10489082038813864
23376,100130669202500007,Hassan,Insult to Modesty of Women,2,2025-11-10,0.10474567407340372
19697,400100571202500001,Dakshina Kannada,Robbery,2,2025-11-25,0.10467059508324868
23465,100130676202500012,Hassan,Insult to Modesty of Women,2,2025-11-06,0.10444556757489606
17579,100080520202500014,Vijayapura,Grievous Hurt,2,2025-11-26,0.10433430961722076
11522,800040312202500001,Belagavi,Assault on Women (Outrage Modesty),2,2025-12-17,0.10402355480995694
14606,100060447202500002,Tumakuru,Assault on Women (Outrage Modesty),2,2025-11-10,0.10367717397178743
29562,100190856202500009,Udupi,Cruelty by Husband/Relatives,2,2025-11-22,0.10359595344664715
14898,400060430202500001,Tumakuru,Rape,1,2025-10-06,0.10355209249774645
13196,100050364202500008,Kalaburagi,Attempt to Murder,1,2025-10-04,0.10311587027645784
28654,100180806202500018,Kolar,Insult to Modesty of Women,2,2025-12-14,0.10310758364180633
16337,100070472202500006,Ballari,Attempt to Murder,1,2025-10-17,0.10288927529991385
20942,100110594202500002,Shivamogga,Attempt to Murder,1,2025-10-09,0.10274548878241573
11651,100040348202500016,Belagavi,Riots,2,2025-11-18,0.10229985589343384
16276,100070454202500004,Ballari,Assault on Women (Outrage Modesty),2,2025-10-09,0.10204085539225888
19959,800100560202500001,Dakshina Kannada,Riots,2,2025-11-07,0.1018739305860962
20041,100100558202500014,Dakshina Kannada,Insult to Modesty of Women,2,2025-11-19,0.10181270951945466
14870,100060405202500011,Tumakuru,Kidnapping & Abduction,1,2025-12-28,0.10166665879182867
5606,400010162202500001,Bengaluru Urban,Assault on Women (Outrage Modesty),2,2025-10-28,0.10163899754791517
11394,100040348202500009,Belagavi,Assault on Women (Outrage Modesty),2,2025-12-01,0.10147883903304664
32596,100220917202500005,Koppal,Insult to Modesty of Women,2,2025-11-16,0.10125272079544116
37145,400281060202500002,Kodagu,Grievous Hurt,2,2025-11-21,0.10116891959864802
11009,800040347202500001,Belagavi,Assault on Women (Outrage Modesty),2,2025-11-02,0.10115770327996962
5418,100010138202500012,Bengaluru Urban,Kidnapping & Abduction,1,2025-11-12,0.10101451677651171
4183,100010033202500001,Bengaluru Urban,Assault on Women (Outrage Modesty),2,2025-11-28,0.1008134649337232
35895,100261017202500005,Uttara Kannada,Assault on Women (Outrage Modesty),2,2025-11-20,0.10078826802404146
17268,100080506202500003,Vijayapura,Assault on Women (Outrage Modesty),2,2025-12-21,0.10057792968304904
5254,100010058202500005,Bengaluru Urban,Insult to Modesty of Women,2,2025-11-01,0.10046586810840076
4339,100010062202500001,Bengaluru Urban,Unlawful Assembly,2,2025-11-21,0.100365807992841
36775,100271039202500004,Yadgir,Rape,1,2025-12-19,0.10015549469785733
38694,100301100202500015,Ramanagara,Riots,2,2025-12-10,0.1001297299961724
8504,800030243202500002,Mysuru,Insult to Modesty of Women,2,2025-11-18,0.0999859168547085
21051,100110613202500004,Shivamogga,Assault on Women (Outrage Modesty),2,2025-10-14,0.09980929515963763
23283,100130673202500004,Hassan,Assault on Women (Outrage Modesty),2,2025-12-26,0.0997379384396255
38633,100301098202500007,Ramanagara,Unlawful Assembly,2,2025-12-20,0.09961445080803301
8429,100030252202500008,Mysuru,Rape,1,2025-10-10,0.09949620242086894
27554,100170777202500005,Chitradurga,POCSO Offence,1,2025-11-19,0.09937929617524714
4280,100010170202500001,Bengaluru Urban,Assault on Women (Outrage Modesty),2,2025-10-27,0.09931303912358738
16291,100070485202500007,Ballari,Insult to Modesty of Women,2,2025-12-19,0.09885519343488736
19849,100100560202500005,Dakshina Kannada,POCSO Offence,1,2025-11-02,0.0986428432686938
14739,100060419202500004,Tumakuru,Attempt to Murder,1,2025-11-11,0.09859236929002504
21219,100110598202500009,Shivamogga,Insult to Modesty of Women,2,2025-10-15,0.09828128586630568
8591,100030263202500011,Mysuru,Assault on Women (Outrage Modesty),2,2025-11-20,0.09827068368657539
19948,100100581202500006,Dakshina Kannada,Assault on Women (Outrage Modesty),2,2025-12-20,0.0979747701269742
18639,100090545202500011,Dharwad,Attempt to Murder,1,2025-10-05,0.09796514985123563
34382,100240982202500005,Chamarajanagara,POCSO Offence,1,2025-11-22,0.09786925592906041
23319,800130682202500001,Hassan,Insult to Modesty of Women,2,2025-12-25,0.09705007711702233
4621,100010057202500002,Bengaluru Urban,Unlawful Assembly,2,2025-12-07,0.09644086340906922
4316,100010044202500002,Bengaluru Urban,Kidnapping & Abduction,1,2025-12-09,0.09637818984376005
10675,100040321202500001,Belagavi,Assault on Women (Outrage Modesty),2,2025-12-14,0.09628559069570394
4413,100010051202500002,Bengaluru Urban,Cruelty by Husband/Relatives,2,2025-12-16,0.0960014738498343
4926,100010074202500005,Bengaluru Urban,Unlawful Assembly,2,2025-11-28,0.09532056201573816
8128,100030220202500004,Mysuru,POCSO Offence,1,2025-12-09,0.0952852722547879
8413,100030232202500006,Mysuru,Assault on Women (Outrage Modesty),2,2025-12-27,0.09505065690264801
37768,100291082202500001,Chikkaballapura,Insult to Modesty of Women,2,2025-10-21,0.09470668996384653
37166,800281062202500001,Kodagu,Grievous Hurt,2,2025-12-11,0.09469167202374043
5406,100010115202500004,Bengaluru Urban,Kidnapping & Abduction,1,2025-11-25,0.09362844522274379
11474,100040333202500011,Belagavi,Insult to Modesty of Women,2,2025-10-15,0.09336087896619898
37780,100291072202500001,Chikkaballapura,Assault on Women (Outrage Modesty),2,2025-11-22,0.09294132538032045
5898,100010037202500008,Bengaluru Urban,Assault on Women (Outrage Modesty),2,2025-11-08,0.09288488604875028
10804,100040291202500001,Belagavi,Insult to Modesty of Women,2,2025-11-16,0.09264679131158189
4715,100010176202500005,Bengaluru Urban,Insult to Modesty of Women,2,2025-12-27,0.09248610671216395
14931,100060409202500009,Tumakuru,Rape,1,2025-11-07,0.0924479157109374
26352,100160763202500001,Bagalkote,Insult to Modesty of Women,2,2025-11-15,0.09225565926122176
28553,100180824202500003,Kolar,Grievous Hurt,2,2025-12-03,0.09220684108479121
22227,100120652202500006,Mandya,Attempt to Murder,1,2025-10-06,0.09154864749608443
25318,300150732202500001,Bidar,Insult to Modesty of Women,2,2025-11-04,0.09114325122159073
36016,100261012202500013,Uttara Kannada,Assault on Women (Outrage Modesty),2,2025-12-03,0.09099165824550125
21159,100110611202500015,Shivamogga,Insult to Modesty of Women,2,2025-10-07,0.09071782220569846
30794,100200871202500011,Davanagere,Insult to Modesty of Women,2,2025-12-04,0.09050920128774587
21087,100110592202500009,Shivamogga,Assault on Women (Outrage Modesty),2,2025-11-11,0.09017511392908076
4079,100010140202500001,Bengaluru Urban,Kidnapping & Abduction,1,2025-11-09,0.09015348753172817
11427,100040344202500006,Belagavi,POCSO Offence,1,2025-12-22,0.09011444211907627
28550,300180818202500003,Kolar,Grievous Hurt,2,2025-10-08,0.08987890300213197
10716,100040353202500001,Belagavi,POCSO Offence,1,2025-11-25,0.08970361787740617
21171,800110597202500002,Shivamogga,Attempt to Murder,1,2025-11-23,0.08949943905864463
17541,100080515202500010,Vijayapura,Grievous Hurt,2,2025-11-14,0.08932889665238465
6598,100020217202500005,Bengaluru Rural,Attempt to Murder,1,2025-10-28,0.08914772351921486
4959,800010162202500002,Bengaluru Urban,Assault on Women (Outrage Modesty),2,2025-10-24,0.08914620875632959
15942,100070470202500003,Ballari,Attempt to Murder,1,2025-10-28,0.08892411535573759
5226,100010165202500007,Bengaluru Urban,Insult to Modesty of Women,2,2025-12-10,0.08856707634996826
8236,100030235202500003,Mysuru,Riots,2,2025-10-19,0.08850703917315622
6009,100010113202500013,Bengaluru Urban,Assault on Women (Outrage Modesty),2,2025-12-05,0.08816511809722842
22304,100120650202500011,Mandya,Attempt to Murder,1,2025-12-11,0.08788357009264924
10981,800040290202500001,Belagavi,Attempt to Murder,1,2025-10-25,0.08775061394266116
27696,100170805202500008,Chitradurga,Grievous Hurt,2,2025-11-19,0.08771192372183015
5340,100010177202500005,Bengaluru Urban,Assault on Women (Outrage Modesty),2,2025-11-14,0.08766575958650481
25300,100150722202500002,Bidar,Grievous Hurt,2,2025-11-29,0.08715974857645147
6093,100010038202500013,Bengaluru Urban,Riots,2,2025-11-01,0.08649032435040525
11138,100040348202500005,Belagavi,Assault on Women (Outrage Modesty),2,2025-11-13,0.08625301016758576
4670,100010112202500003,Bengaluru Urban,Assault on Women (Outrage Modesty),2,2025-10-19,0.08581931714924228
11045,100040346202500005,Belagavi,POCSO Offence,1,2025-12-07,0.08571464783268559
25311,100150727202500002,Bidar,Assault on Women (Outrage Modesty),2,2025-11-23,0.08550460762747067
4494,100010174202500003,Bengaluru Urban,Assault on Women (Outrage Modesty),2,2025-12-25,0.08550066828190551
8547,100030225202500008,Mysuru,Grievous Hurt,2,2025-11-20,0.08547018023589228
10741,100040301202500002,Belagavi,Attempt to Murder,1,2025-12-18,0.08532990124765662
11267,100040281202500007,Belagavi,Grievous Hurt,2,2025-12-19,0.08514041322343995
22282,100120634202500006,Mandya,Assault on Women (Outrage Modesty),2,2025-10-08,0.08510438362319758
4258,100010172202500001,Bengaluru Urban,Assault on Women (Outrage Modesty),2,2025-10-02,0.0846556896423599
35852,100261020202500002,Uttara Kannada,Dowry Death,1,2025-11-27,0.08465556525646427
26652,100160754202500009,Bagalkote,POCSO Offence,1,2025-12-07,0.08422678649432996
8260,400030240202500001,Mysuru,Grievous Hurt,2,2025-12-11,0.08413679414901186
25331,300150723202500001,Bidar,Attempt to Murder,1,2025-12-11,0.0838249182813865
28712,100180827202500010,Kolar,Grievous Hurt,2,2025-11-04,0.08377979505691249
11085,100040336202500007,Belagavi,Grievous Hurt,2,2025-10-09,0.08377697225370938
5742,100010134202500011,Bengaluru Urban,Insult to Modesty of Women,2,2025-10-11,0.08363197281098206
4065,100010088202500001,Bengaluru Urban,Kidnapping & Abduction,1,2025-10-14,0.08346636141256562
8561,100030237202500011,Mysuru,Grievous Hurt,2,2025-10-11,0.0832510409558736
8386,100030239202500005,Mysuru,Assault on Women (Outrage Modesty),2,2025-10-16,0.08305128124476943
6657,100020216202500004,Bengaluru Rural,POCSO Offence,1,2025-10-12,0.08290507344501433
4660,100010070202500006,Bengaluru Urban,Attempt to Murder,1,2025-12-11,0.08286603854279515
29441,100190851202500005,Udupi,Grievous Hurt,2,2025-10-09,0.08281368324258508
18468,800090550202500001,Dharwad,Grievous Hurt,2,2025-10-21,0.08272980135737006
11047,100040299202500007,Belagavi,Attempt to Murder,1,2025-12-26,0.08199519640691019
19865,100100558202500006,Dakshina Kannada,Grievous Hurt,2,2025-12-26,0.08174977254254112
25507,100150734202500012,Bidar,Assault on Women (Outrage Modesty),2,2025-10-28,0.08174300617468043
27568,100170776202500006,Chitradurga,Attempt to Murder,1,2025-10-04,0.08132064852981047
11437,100040293202500005,Belagavi,POCSO Offence,1,2025-11-29,0.08118129740597713
26488,100160755202500009,Bagalkote,POCSO Offence,1,2025-10-28,0.08114190247862467
4771,100010090202500005,Bengaluru Urban,Attempt to Murder,1,2025-11-28,0.08066827194544461
35000,100251005202500006,Gadag,Grievous Hurt,2,2025-12-09,0.08029577329480451
4578,100010088202500004,Bengaluru Urban,Assault on Women (Outrage Modesty),2,2025-12-26,0.08021739709974823
35867,100261027202500005,Uttara Kannada,Grievous Hurt,2,2025-12-29,0.07987447859302102
35960,100261031202500004,Uttara Kannada,Insult to Modesty of Women,2,2025-12-02,0.07974367446224617
5389,100010098202500011,Bengaluru Urban,Assault on Women (Outrage Modesty),2,2025-11-09,0.07948189125387663
10966,100040322202500003,Belagavi,Assault on Women (Outrage Modesty),2,2025-12-11,0.0790389500457888
19819,100100562202500006,Dakshina Kannada,POCSO Offence,1,2025-11-16,0.07871270469438517
6679,100020209202500007,Bengaluru Rural,Grievous Hurt,2,2025-11-28,0.07834572165286022
11308,800040347202500002,Belagavi,Grievous Hurt,2,2025-11-14,0.07803328082360428
30916,100200859202500011,Davanagere,POCSO Offence,1,2025-12-21,0.07798434270358007
21024,100110612202500006,Shivamogga,POCSO Offence,1,2025-11-21,0.07797802289508902
4092,100010195202500001,Bengaluru Urban,Unlawful Assembly,2,2025-10-05,0.07761278777405017
33553,100230961202500008,Haveri,Assault on Women (Outrage Modesty),2,2025-10-20,0.0775822045677357
20022,100100573202500012,Dakshina Kannada,Assault on Women (Outrage Modesty),2,2025-12-03,0.07754198412066503
23450,100130665202500011,Hassan,Assault on Women (Outrage Modesty),2,2025-10-22,0.07732963440950957
38558,100301094202500004,Ramanagara,Insult to Modesty of Women,2,2025-11-15,0.07729220369515465
34396,100240987202500011,Chamarajanagara,Rape,1,2025-11-28,0.0767668922746563
6647,100020209202500006,Bengaluru Rural,POCSO Offence,1,2025-10-15,0.0766215022070299
34279,100240984202500005,Chamarajanagara,Attempt to Murder,1,2025-11-07,0.07658393911884645
5535,800010091202500001,Bengaluru Urban,Assault on Women (Outrage Modesty),2,2025-10-24,0.0765581702125775
34392,100240972202500011,Chamarajanagara,Attempt to Murder,1,2025-11-08,0.07626480128195848
14424,100060437202500001,Tumakuru,Grievous Hurt,2,2025-12-24,0.07506009356855615
4353,100010035202500005,Bengaluru Urban,Assault on Women (Outrage Modesty),2,2025-11-11,0.07494495488910474
18565,100090533202500006,Dharwad,Grievous Hurt,2,2025-10-07,0.07490616492152188
20083,300100589202500001,Dakshina Kannada,Riots,2,2025-12-27,0.0748906006817643
11418,100040285202500008,Belagavi,Rape,1,2025-11-15,0.07467065491651913
24442,100140702202500006,Raichur,POCSO Offence,1,2025-10-08,0.07458592349711203
8085,100030241202500002,Mysuru,Grievous Hurt,2,2025-11-20,0.07387145382011545
34407,100240987202500012,Chamarajanagara,Assault on Women (Outrage Modesty),2,2025-10-22,0.07363944735926442
27439,300170790202500001,Chitradurga,Grievous Hurt,2,2025-10-03,0.07332521772773282
28587,100180818202500004,Kolar,Attempt to Murder,1,2025-10-27,0.07323751870604006
27456,100170803202500001,Chitradurga,POCSO Offence,1,2025-11-21,0.0731016437334229
16036,100070454202500002,Ballari,Assault on Women (Outrage Modesty),2,2025-12-24,0.07268912107626394
16219,100070486202500008,Ballari,Rape,1,2025-11-18,0.07147325617816455
16322,800070473202500002,Ballari,Assault on Women (Outrage Modesty),2,2025-11-09,0.07076556301452522
4591,100010070202500003,Bengaluru Urban,Attempt to Murder,1,2025-11-24,0.07022611467231238
30870,100200869202500008,Davanagere,Cruelty by Husband/Relatives,2,2025-12-02,0.07020796432620019
11115,300040335202500001,Belagavi,Grievous Hurt,2,2025-10-10,0.07019418563801608
14911,100060425202500009,Tumakuru,Grievous Hurt,2,2025-12-28,0.06970113521444582
10936,100040354202500004,Belagavi,Grievous Hurt,2,2025-12-03,0.06968153866924183
11466,100040350202500004,Belagavi,Grievous Hurt,2,2025-10-22,0.0693644649426283
35820,800261020202500001,Uttara Kannada,Assault on Women (Outrage Modesty),2,2025-11-10,0.06910200324340446
27537,800170793202500001,Chitradurga,POCSO Offence,1,2025-12-26,0.06905673782899586
39564,100311112202500007,Vijayanagara,Insult to Modesty of Women,2,2025-10-21,0.06843220693100883
14494,100060410202500001,Tumakuru,Grievous Hurt,2,2025-11-21,0.06755465669519907
25442,800150727202500001,Bidar,Grievous Hurt,2,2025-10-20,0.06715981876101648
25346,100150743202500002,Bidar,Insult to Modesty of Women,2,2025-11-17,0.06706702259670216
28517,100180809202500005,Kolar,Insult to Modesty of Women,2,2025-10-04,0.06701630834825004
36735,100271037202500013,Yadgir,Rape,1,2025-11-19,0.06677362601017112
20930,100110600202500005,Shivamogga,Kidnapping & Abduction,1,2025-11-27,0.06667918318095536
16321,100070486202500010,Ballari,Grievous Hurt,2,2025-12-01,0.06660977863959422
35756,100261023202500001,Uttara Kannada,Simple Hurt,2,2025-10-13,0.0665662181442325
39451,100311124202500010,Vijayanagara,Insult to Modesty of Women,2,2025-10-04,0.06621730888448184
16047,300070453202500001,Ballari,Grievous Hurt,2,2025-12-18,0.0661024354230385
14859,100060431202500010,Tumakuru,Grievous Hurt,2,2025-11-27,0.06592541546641009
5262,300010144202500001,Bengaluru Urban,POCSO Offence,1,2025-12-10,0.06566184458041831
19901,800100584202500001,Dakshina Kannada,Attempt to Murder,1,2025-11-23,0.06489534311413563
5882,300010094202500001,Bengaluru Urban,POCSO Offence,1,2025-11-11,0.06483971027210925
5801,100010141202500015,Bengaluru Urban,POCSO Offence,1,2025-11-05,0.06482181170818631
26374,100160774202500003,Bagalkote,Rape,1,2025-10-18,0.06472022879956191
25308,100150718202500002,Bidar,Grievous Hurt,2,2025-11-03,0.06400933569861834
26385,100160775202500001,Bagalkote,Rape,1,2025-12-04,0.0639541540558008
11544,100040345202500007,Belagavi,Grievous Hurt,2,2025-11-27,0.06377546273115062
11402,100040353202500007,Belagavi,POCSO Offence,1,2025-10-27,0.06327357907567226
11010,100040319202500002,Belagavi,POCSO Offence,1,2025-12-02,0.06300635469290701
22090,100120633202500003,Mandya,Grievous Hurt,2,2025-12-01,0.06299600794664302
39368,100311122202500004,Vijayanagara,Grievous Hurt,2,2025-12-22,0.06294298183382036
17421,100080494202500011,Vijayapura,Grievous Hurt,2,2025-12-13,0.06290148956754871
37783,100291075202500002,Chikkaballapura,Grievous Hurt,2,2025-11-10,0.06256436279812728
14769,100060412202500008,Tumakuru,Rape,1,2025-12-26,0.06253440819600448
30865,800200865202500001,Davanagere,POCSO Offence,1,2025-12-23,0.062225487099052
28583,100180826202500004,Kolar,Grievous Hurt,2,2025-11-15,0.061987242295061855
33408,100230952202500004,Haveri,POCSO Offence,1,2025-10-27,0.06155655437363839
19976,100100554202500009,Dakshina Kannada,Rape,1,2025-10-07,0.06094324038638311
25597,100150717202500012,Bidar,Rape,1,2025-10-04,0.060893391394781574
37983,100291078202500013,Chikkaballapura,POCSO Offence,1,2025-11-01,0.06067464656462389
6561,100020205202500005,Bengaluru Rural,Grievous Hurt,2,2025-12-20,0.06044976569645918
29659,100190841202500012,Udupi,POCSO Offence,1,2025-11-11,0.05998445342732435
22071,100120644202500003,Mandya,Grievous Hurt,2,2025-12-08,0.05982700725562777
5798,400010143202500001,Bengaluru Urban,POCSO Offence,1,2025-10-08,0.05884694749701929
19899,100100581202500005,Dakshina Kannada,Rape,1,2025-10-07,0.05839803242245875
18587,100090541202500007,Dharwad,Simple Hurt,2,2025-11-18,0.057560269869664504
35976,100261014202500009,Uttara Kannada,Simple Hurt,2,2025-11-21,0.05745589226200555
24383,800140695202500002,Raichur,Dowry Death,1,2025-10-07,0.057154957649605924
28571,100180832202500003,Kolar,Grievous Hurt,2,2025-12-26,0.05689674554625207
25306,100150731202500001,Bidar,Dowry Death,1,2025-12-10,0.0567070284534701
14559,100060443202500004,Tumakuru,POCSO Offence,1,2025-11-04,0.05663971291710162
13054,100050357202500009,Kalaburagi,Grievous Hurt,2,2025-10-12,0.056241579388474475
13240,100050387202500009,Kalaburagi,Grievous Hurt,2,2025-12-19,0.05582581053637771
18521,100090540202500007,Dharwad,Simple Hurt,2,2025-10-07,0.055558398967833635
4789,100010140202500006,Bengaluru Urban,Grievous Hurt,2,2025-11-23,0.05520722706975485
23311,100130668202500006,Hassan,Grievous Hurt,2,2025-12-18,0.055101584909446666
5338,100010038202500009,Bengaluru Urban,Attempt to Murder,1,2025-10-21,0.05493859647901856
4329,100010186202500004,Bengaluru Urban,Grievous Hurt,2,2025-12-29,0.05472788528319884
21166,100110596202500007,Shivamogga,Grievous Hurt,2,2025-12-14,0.05420389816612945
24509,100140698202500009,Raichur,Simple Hurt,2,2025-12-26,0.05407458097375066
25436,100150743202500005,Bidar,Simple Hurt,2,2025-11-25,0.05407110900954183
6019,100010073202500007,Bengaluru Urban,POCSO Offence,1,2025-10-08,0.05353378985569377
27646,100170792202500004,Chitradurga,Rape,1,2025-12-27,0.05318123914304928
32500,100220923202500006,Koppal,POCSO Offence,1,2025-10-10,0.05311050021600887
5184,300010168202500001,Bengaluru Urban,POCSO Offence,1,2025-10-10,0.05303836229266684
4594,100010070202500004,Bengaluru Urban,Grievous Hurt,2,2025-10-09,0.052841415420961116
5768,400010091202500001,Bengaluru Urban,Grievous Hurt,2,2025-11-21,0.05282893910913551
4407,100010100202500002,Bengaluru Urban,Insult to Modesty of Women,2,2025-11-12,0.05243526200721183
11601,100040326202500013,Belagavi,Grievous Hurt,2,2025-10-25,0.05211796288282504
10918,100040321202500003,Belagavi,Grievous Hurt,2,2025-11-14,0.052099577912294096
30551,100200862202500002,Davanagere,Kidnapping & Abduction,1,2025-10-27,0.05207145016307917
37795,100291086202500001,Chikkaballapura,Attempt to Murder,1,2025-11-17,0.05197026248687935
25329,100150742202500005,Bidar,Dowry Death,1,2025-11-04,0.05094706572128905
33382,800230970202500001,Haveri,Grievous Hurt,2,2025-10-11,0.050836428405978795
32591,100220936202500009,Koppal,Grievous Hurt,2,2025-10-16,0.05077037571123913
22365,100120635202500005,Mandya,Grievous Hurt,2,2025-11-28,0.05068764261048621
27583,100170805202500006,Chitradurga,Dowry Death,1,2025-10-24,0.05068536580546654
31708,300210914202500002,Chikkamagaluru,Culpable Homicide Not Amounting to Murder,2,2025-11-02,0.050396743699365344
27486,100170796202500001,Chitradurga,Grievous Hurt,2,2025-10-05,0.04996114094543491
32390,800220934202500001,Koppal,POCSO Offence,1,2025-11-27,0.04967322807546165
22335,100120633202500011,Mandya,Simple Hurt,2,2025-11-06,0.04961150028655371
17444,100080518202500007,Vijayapura,Grievous Hurt,2,2025-12-25,0.049400749617727516
30731,100200871202500009,Davanagere,Grievous Hurt,2,2025-11-12,0.049137087001715526
25319,100150718202500003,Bidar,Grievous Hurt,2,2025-12-16,0.049001806143609404
28485,100180833202500002,Kolar,Rape,1,2025-10-28,0.048992918458033885
14902,100060431202500011,Tumakuru,Culpable Homicide Not Amounting to Murder,2,2025-11-02,0.04888007467118226
15948,100070461202500002,Ballari,Rape,1,2025-12-24,0.048558063669570245
18586,100090531202500006,Dharwad,Simple Hurt,2,2025-11-26,0.04801508845383619
17206,300080518202500001,Vijayapura,Grievous Hurt,2,2025-12-21,0.047683855478631056
27479,100170794202500002,Chitradurga,Simple Hurt,2,2025-12-17,0.04757629002215937
18406,100090530202500001,Dharwad,Simple Hurt,2,2025-12-13,0.04729161874775825
18640,800090553202500001,Dharwad,Simple Hurt,2,2025-11-14,0.046797334922180064
36833,100271045202500013,Yadgir,Rape,1,2025-12-27,0.04663020679608189
24613,100140692202500008,Raichur,Simple Hurt,2,2025-10-27,0.046611905707330405
14916,100060439202500016,Tumakuru,Simple Hurt,2,2025-12-13,0.046352436547669136
5383,100010179202500006,Bengaluru Urban,Grievous Hurt,2,2025-12-12,0.046342288694355374
34237,100240976202500001,Chamarajanagara,Simple Hurt,2,2025-11-21,0.046068477794699685
39503,100311111202500006,Vijayanagara,Grievous Hurt,2,2025-11-14,0.04584358183214745
11592,100040354202500011,Belagavi,Grievous Hurt,2,2025-12-18,0.04577119127327509
30776,100200893202500007,Davanagere,Grievous Hurt,2,2025-12-19,0.045667084443668425
30782,100200874202500009,Davanagere,Grievous Hurt,2,2025-12-24,0.04553777896973637
24607,800140713202500001,Raichur,Grievous Hurt,2,2025-10-25,0.045522157597349386
14812,100060404202500007,Tumakuru,Rape,1,2025-11-05,0.04530148614300986
22371,100120636202500007,Mandya,Simple Hurt,2,2025-11-13,0.04525416498777301
26599,100160775202500009,Bagalkote,Simple Hurt,2,2025-10-12,0.045000002881268965
24416,100140698202500006,Raichur,Grievous Hurt,2,2025-12-17,0.04483372335111161
20946,100110596202500002,Shivamogga,Culpable Homicide Not Amounting to Murder,2,2025-10-09,0.044675727842559604
32627,100220919202500013,Koppal,Rape,1,2025-11-24,0.04440099919184233
18507,100090526202500004,Dharwad,Simple Hurt,2,2025-10-04,0.04437065398352964
17461,100080504202500006,Vijayapura,Simple Hurt,2,2025-12-20,0.04435349619808569
22367,100120647202500009,Mandya,Simple Hurt,2,2025-10-02,0.04433851933599776
18408,100090547202500001,Dharwad,Simple Hurt,2,2025-11-17,0.04429417497696814
30849,100200886202500010,Davanagere,Grievous Hurt,2,2025-11-24,0.044234202417475124
34959,800250998202500002,Gadag,Rape,1,2025-12-22,0.044217482599102104
22404,100120648202500018,Mandya,Grievous Hurt,2,2025-10-27,0.04407321379922215
8215,100030230202500004,Mysuru,Simple Hurt,2,2025-10-12,0.04370511886933505
5994,100010118202500013,Bengaluru Urban,Grievous Hurt,2,2025-11-13,0.043705021880703104
5095,100010068202500004,Bengaluru Urban,Grievous Hurt,2,2025-12-10,0.04364817130998228
5404,100010184202500007,Bengaluru Urban,Rape,1,2025-12-06,0.043596613027664294
22154,100120646202500003,Mandya,Rape,1,2025-11-09,0.04352719063834382
26619,100160760202500006,Bagalkote,Simple Hurt,2,2025-11-15,0.043429788145626085
33438,300230960202500001,Haveri,Rape,1,2025-12-10,0.043239978227337585
21029,100110593202500005,Shivamogga,Arms Act Offence,2,2025-10-21,0.04315810557722458
33522,800230943202500003,Haveri,Grievous Hurt,2,2025-10-16,0.043146065043219745
29533,100190838202500006,Udupi,Grievous Hurt,2,2025-10-21,0.0431206173729103
8168,100030260202500003,Mysuru,Simple Hurt,2,2025-10-04,0.04299040403662369
31613,400210906202500001,Chikkamagaluru,Grievous Hurt,2,2025-12-18,0.04295308906729645
29478,800190856202500001,Udupi,Grievous Hurt,2,2025-11-27,0.04289152165439884
12755,100050376202500002,Kalaburagi,POCSO Offence,1,2025-12-04,0.04288852385925708
13228,100050400202500012,Kalaburagi,Grievous Hurt,2,2025-10-03,0.042735918792364394
22225,100120653202500008,Mandya,Grievous Hurt,2,2025-11-22,0.04260875474121096
37964,100291084202500005,Chikkaballapura,Grievous Hurt,2,2025-12-23,0.042237696918972736
5923,100010068202500006,Bengaluru Urban,Grievous Hurt,2,2025-11-16,0.04205995088474378
18384,100090536202500001,Dharwad,Arms Act Offence,2,2025-10-12,0.041844680885934064
17516,100080502202500007,Vijayapura,Simple Hurt,2,2025-12-12,0.04158128234391806
11545,300040337202500002,Belagavi,Culpable Homicide Not Amounting to Murder,2,2025-12-09,0.0410653951228041
35885,300261024202500001,Uttara Kannada,Simple Hurt,2,2025-10-23,0.04097465699453098
23217,100130685202500001,Hassan,Grievous Hurt,2,2025-12-13,0.04090744678100083
35763,800261022202500001,Uttara Kannada,Simple Hurt,2,2025-10-12,0.04086969311510087
22076,100120648202500002,Mandya,Grievous Hurt,2,2025-11-16,0.04083355763865051
36762,100271041202500006,Yadgir,Rape,1,2025-12-12,0.04078749974044751
31606,100210901202500005,Chikkamagaluru,Dowry Death,1,2025-11-11,0.04059844333254628
20933,100110620202500001,Shivamogga,Simple Hurt,2,2025-10-14,0.040427378553901834
5076,100010124202500005,Bengaluru Urban,Culpable Homicide Not Amounting to Murder,2,2025-10-09,0.040418131826461055
8337,100030229202500003,Mysuru,Arms Act Offence,2,2025-10-24,0.040247286196726635
26360,100160756202500001,Bagalkote,Simple Hurt,2,2025-12-24,0.04011774017398384
22019,100120626202500001,Mandya,Simple Hurt,2,2025-11-06,0.039917696168813896
22278,100120638202500009,Mandya,Arms Act Offence,2,2025-10-15,0.03974089536880974
5661,100010058202500009,Bengaluru Urban,POCSO Offence,1,2025-11-23,0.039630758699771416
5327,100010086202500004,Bengaluru Urban,Rape,1,2025-10-25,0.03958523770452213
24485,100140705202500009,Raichur,Excise Act Offence,2,2025-10-14,0.03947099088666056
11570,100040326202500012,Belagavi,Simple Hurt,2,2025-11-08,0.03946286238416846
39376,100311133202500002,Vijayanagara,Grievous Hurt,2,2025-10-25,0.038905499986474704
35905,100261013202500007,Uttara Kannada,Simple Hurt,2,2025-10-24,0.03871015390963562
26499,100160768202500008,Bagalkote,Simple Hurt,2,2025-10-28,0.03857566805448224
20907,100110612202500002,Shivamogga,Simple Hurt,2,2025-12-23,0.03851947882076959
11553,100040301202500014,Belagavi,Simple Hurt,2,2025-12-01,0.03828236683235966
24554,100140708202500005,Raichur,Rape,1,2025-10-03,0.03818189867219868
17202,100080519202500001,Vijayapura,Simple Hurt,2,2025-11-27,0.038175039031338856
21147,100110617202500005,Shivamogga,Dowry Death,1,2025-12-17,0.03776483272692793
4937,100010177202500003,Bengaluru Urban,Rape,1,2025-10-24,0.037497008371960704
16316,100070463202500009,Ballari,Dowry Death,1,2025-12-27,0.03717187630887741
19738,100100582202500002,Dakshina Kannada,Arms Act Offence,2,2025-11-26,0.03710455902707853
36742,800271046202500001,Yadgir,Simple Hurt,2,2025-12-21,0.03695549371884399
17448,100080495202500008,Vijayapura,Arms Act Offence,2,2025-12-11,0.03675040468592432
18538,800090525202500002,Dharwad,Simple Hurt,2,2025-12-15,0.03664523932764712
21125,100110593202500008,Shivamogga,Simple Hurt,2,2025-12-09,0.03637012726206864
16071,100070475202500003,Ballari,Simple Hurt,2,2025-11-05,0.0362168303687678
26363,100160774202500002,Bagalkote,Culpable Homicide Not Amounting to Murder,2,2025-10-18,0.03570904081280254
30921,100200888202500008,Davanagere,Arms Act Offence,2,2025-10-14,0.03561388007639996
24433,100140689202500002,Raichur,Simple Hurt,2,2025-11-08,0.035174696970683476
18478,100090532202500001,Dharwad,Simple Hurt,2,2025-12-28,0.03500183437743941
17352,100080492202500006,Vijayapura,Simple Hurt,2,2025-11-28,0.03482127546600407
34927,100250995202500003,Gadag,Simple Hurt,2,2025-11-28,0.03472675526875338
33524,100230968202500003,Haveri,Rape,1,2025-11-21,0.03468772975834827
32428,800220931202500001,Koppal,Grievous Hurt,2,2025-11-23,0.034681982829874156
33651,100230959202500011,Haveri,Grievous Hurt,2,2025-11-23,0.03465734927878458
30883,100200885202500003,Davanagere,Cruelty by Husband/Relatives,2,2025-11-21,0.03462171541258787
34354,100240986202500008,Chamarajanagara,Simple Hurt,2,2025-11-21,0.03455369453020391
20037,100100587202500009,Dakshina Kannada,Rape,1,2025-12-04,0.03429419227776445
26637,100160757202500007,Bagalkote,Simple Hurt,2,2025-10-12,0.034272934688641114
32648,100220938202500012,Koppal,Simple Hurt,2,2025-11-27,0.03412652442960959
18633,100090541202500011,Dharwad,Simple Hurt,2,2025-12-15,0.03406189662435531
35078,100251002202500005,Gadag,Simple Hurt,2,2025-12-17,0.03394339140214127
24403,300140693202500001,Raichur,Arms Act Offence,2,2025-12-09,0.03386384752534636
8623,100030233202500014,Mysuru,Simple Hurt,2,2025-12-20,0.033771401112046184
12941,400050400202500001,Kalaburagi,Rape,1,2025-10-09,0.03374150258991818
17576,100080512202500006,Vijayapura,Simple Hurt,2,2025-11-28,0.03363191390128614
35982,400261025202500001,Uttara Kannada,Simple Hurt,2,2025-12-15,0.03355133518152968
24353,100140702202500003,Raichur,Murder,1,2025-10-24,0.03353147913950059
20011,100100560202500010,Dakshina Kannada,Simple Hurt,2,2025-11-20,0.03350830398481711
21089,100110604202500008,Shivamogga,Dowry Death,1,2025-10-17,0.033304873138384025
37909,800291076202500001,Chikkaballapura,Simple Hurt,2,2025-11-09,0.0332279489308062
11631,100040296202500014,Belagavi,Simple Hurt,2,2025-12-12,0.0329879683969157
4431,400010107202500001,Bengaluru Urban,Arms Act Offence,2,2025-11-27,0.03288640813214157
23389,100130664202500008,Hassan,Simple Hurt,2,2025-10-20,0.032836584340382
30617,100200888202500002,Davanagere,Culpable Homicide Not Amounting to Murder,2,2025-12-15,0.03281353476324753
5202,100010184202500005,Bengaluru Urban,Grievous Hurt,2,2025-11-23,0.03249425482078125
32435,100220918202500003,Koppal,Culpable Homicide Not Amounting to Murder,2,2025-12-26,0.03247576803515518
4418,300010124202500001,Bengaluru Urban,Grievous Hurt,2,2025-12-25,0.03240158961165793
28701,100180828202500007,Kolar,Arms Act Offence,2,2025-12-18,0.03239162878461826
8515,100030238202500004,Mysuru,Culpable Homicide Not Amounting to Murder,2,2025-11-14,0.03239010968360245
14583,100060406202500004,Tumakuru,Simple Hurt,2,2025-11-22,0.03232638607964015
4803,100010179202500005,Bengaluru Urban,POCSO Offence,1,2025-12-16,0.032273703109283944
14858,100060444202500013,Tumakuru,Simple Hurt,2,2025-10-20,0.03212983596341763
11622,100040311202500010,Belagavi,Arms Act Offence,2,2025-11-24,0.031795911612043246
37818,100291085202500001,Chikkaballapura,Simple Hurt,2,2025-11-17,0.031791647072568846
8604,100030222202500007,Mysuru,Simple Hurt,2,2025-10-17,0.031684726191191843
17469,100080510202500004,Vijayapura,Simple Hurt,2,2025-10-09,0.031515577831497554
17221,800080521202500001,Vijayapura,Simple Hurt,2,2025-11-22,0.03147703964529614
4526,100010189202500004,Bengaluru Urban,Simple Hurt,2,2025-12-03,0.03139013992622287
23470,100130681202500008,Hassan,Dowry Death,1,2025-10-13,0.031368033399130656
17365,100080494202500008,Vijayapura,Simple Hurt,2,2025-10-06,0.03117032871969502
16146,100070483202500005,Ballari,Dowry Death,1,2025-12-09,0.030756260546608884
8131,100030255202500005,Mysuru,Dowry Death,1,2025-12-08,0.03069741763713673
35871,100261016202500007,Uttara Kannada,Simple Hurt,2,2025-12-14,0.030226712126275326
31601,800210896202500001,Chikkamagaluru,Arms Act Offence,2,2025-11-03,0.030195861105287203
37134,100281065202500006,Kodagu,Simple Hurt,2,2025-10-06,0.030118915388526162
11121,100040354202500007,Belagavi,Simple Hurt,2,2025-10-21,0.030115496909764762
11560,100040335202500014,Belagavi,Simple Hurt,2,2025-12-07,0.030004514893322454
33502,100230966202500006,Haveri,Simple Hurt,2,2025-12-22,0.029993328318865295
23454,100130663202500013,Hassan,Simple Hurt,2,2025-11-20,0.029867945378956345
4293,300010037202500001,Bengaluru Urban,Arms Act Offence,2,2025-11-29,0.02974244476060175
36682,100271038202500005,Yadgir,Excise Act Offence,2,2025-11-04,0.029736752714267657
6654,100020201202500008,Bengaluru Rural,Simple Hurt,2,2025-10-08,0.029615419403333024
5528,100010093202500006,Bengaluru Urban,Simple Hurt,2,2025-10-20,0.029363161733874942
39437,100311113202500003,Vijayanagara,Grievous Hurt,2,2025-12-26,0.029271668995492082
35795,100261030202500002,Uttara Kannada,Arms Act Offence,2,2025-11-10,0.02911568702401866
16072,100070472202500004,Ballari,Simple Hurt,2,2025-12-08,0.02906229817626456
23310,100130668202500005,Hassan,Simple Hurt,2,2025-12-18,0.02903462852682749
31643,100210902202500005,Chikkamagaluru,Arms Act Offence,2,2025-10-07,0.028864179986874877
4757,100010152202500004,Bengaluru Urban,Simple Hurt,2,2025-12-12,0.02875100907973277
17307,100080518202500004,Vijayapura,Simple Hurt,2,2025-10-15,0.028693092963488955
16134,100070461202500009,Ballari,Simple Hurt,2,2025-12-25,0.02864805196138859
11025,100040339202500005,Belagavi,Simple Hurt,2,2025-11-06,0.0285216582408146
37789,100291080202500002,Chikkaballapura,Simple Hurt,2,2025-12-01,0.02840193196745359
33536,100230953202500006,Haveri,Simple Hurt,2,2025-10-09,0.028267417008633503
21138,100110611202500013,Shivamogga,Simple Hurt,2,2025-10-13,0.02822458345983535
38507,100301109202500001,Ramanagara,Simple Hurt,2,2025-11-04,0.028041645221130927
4326,100010068202500001,Bengaluru Urban,Rape,1,2025-10-11,0.02800468147368172
28684,100180812202500010,Kolar,Arms Act Offence,2,2025-10-02,0.02794592611125281
28771,100180806202500031,Kolar,Dowry Death,1,2025-11-05,0.027820000219478263
28567,800180810202500002,Kolar,Dowry Death,1,2025-12-16,0.027744511427679155
5932,100010068202500007,Bengaluru Urban,Grievous Hurt,2,2025-12-15,0.027739496738311692
20893,100110593202500004,Shivamogga,Arms Act Offence,2,2025-11-24,0.02773339013318052
20045,100100588202500011,Dakshina Kannada,Simple Hurt,2,2025-11-07,0.027633344370806
31612,100210895202500002,Chikkamagaluru,Arms Act Offence,2,2025-11-14,0.02763128605668602
23292,100130672202500005,Hassan,Simple Hurt,2,2025-12-03,0.027594230208689244
30918,100200873202500015,Davanagere,Simple Hurt,2,2025-12-02,0.027395360823124045
26602,100160748202500009,Bagalkote,Rape,1,2025-12-11,0.02738597035442606
20076,100100585202500010,Dakshina Kannada,Simple Hurt,2,2025-12-21,0.027317693553746164
38635,100301105202500007,Ramanagara,Simple Hurt,2,2025-11-29,0.02725045956680234
17458,100080494202500013,Vijayapura,Simple Hurt,2,2025-12-14,0.027228044925019894
20049,100100572202500011,Dakshina Kannada,Arms Act Offence,2,2025-10-16,0.027221029103496604
4887,100010128202500008,Bengaluru Urban,Simple Hurt,2,2025-10-16,0.02706427758698164
6674,100020218202500007,Bengaluru Rural,Simple Hurt,2,2025-10-15,0.027052650623989996
8476,100030270202500008,Mysuru,Simple Hurt,2,2025-11-10,0.02703347976092129
19730,100100562202500003,Dakshina Kannada,Simple Hurt,2,2025-10-18,0.026801779757377905
16225,100070470202500010,Ballari,Simple Hurt,2,2025-10-19,0.02679961696978007
8367,100030243202500008,Mysuru,Simple Hurt,2,2025-11-25,0.026734026406508283
21221,100110622202500007,Shivamogga,Rape,1,2025-10-09,0.026729232048637332
10926,300040322202500001,Belagavi,Excise Act Offence,2,2025-11-27,0.026630822771593676
14429,100060439202500001,Tumakuru,Simple Hurt,2,2025-10-27,0.026613818026216356
19914,300100590202500001,Dakshina Kannada,Simple Hurt,2,2025-10-07,0.026611100147052535
30639,100200863202500003,Davanagere,Simple Hurt,2,2025-11-09,0.02657603243604971
5492,100010090202500006,Bengaluru Urban,Arms Act Offence,2,2025-10-05,0.026527208215875897
16028,100070482202500003,Ballari,Simple Hurt,2,2025-11-07,0.026482681474234854
28483,100180829202500002,Kolar,Dowry Death,1,2025-11-20,0.026431943307535802
22032,100120641202500002,Mandya,Arms Act Offence,2,2025-11-12,0.02641023968020259
11559,100040345202500008,Belagavi,Simple Hurt,2,2025-10-10,0.026378181873346968
14487,300060425202500001,Tumakuru,Simple Hurt,2,2025-10-19,0.02631867314366723
37943,800291091202500001,Chikkaballapura,Murder,1,2025-12-16,0.02622432268206586
38637,100301094202500014,Ramanagara,Arms Act Offence,2,2025-12-17,0.026139367145568845
17528,100080507202500011,Vijayapura,Simple Hurt,2,2025-11-14,0.02610211468459131
8326,100030234202500007,Mysuru,Simple Hurt,2,2025-12-16,0.0260487349929301
14608,100060444202500006,Tumakuru,Simple Hurt,2,2025-11-26,0.02603223784838771
39406,100311123202500006,Vijayanagara,Simple Hurt,2,2025-12-16,0.025983720564705333
39567,100311134202500012,Vijayanagara,Simple Hurt,2,2025-11-14,0.02580792982125291
24320,100140696202500002,Raichur,Dowry Death,1,2025-12-17,0.025803527740435674
6041,100010082202500010,Bengaluru Urban,Simple Hurt,2,2025-10-29,0.02579798248220966
8291,100030252202500005,Mysuru,Simple Hurt,2,2025-10-02,0.025731542303878963
11555,100040313202500014,Belagavi,Arms Act Offence,2,2025-12-28,0.02570444850939279
5128,100010139202500006,Bengaluru Urban,Simple Hurt,2,2025-11-27,0.025553341590104563
11208,100040301202500008,Belagavi,Simple Hurt,2,2025-12-14,0.025534145826054355
20958,100110612202500005,Shivamogga,Simple Hurt,2,2025-10-08,0.025515772614697337
37138,400281060202500001,Kodagu,Simple Hurt,2,2025-11-13,0.02548493859081877
16233,100070466202500011,Ballari,Simple Hurt,2,2025-11-25,0.02546762422780629
4500,100010093202500003,Bengaluru Urban,Simple Hurt,2,2025-12-21,0.025439745477283518
5789,100010112202500009,Bengaluru Urban,Simple Hurt,2,2025-10-18,0.02536367776109878
21149,100110591202500006,Shivamogga,Simple Hurt,2,2025-12-08,0.025321975653503626
10886,100040353202500002,Belagavi,Simple Hurt,2,2025-10-26,0.02529305996354017
17591,100080493202500014,Vijayapura,Simple Hurt,2,2025-10-18,0.025191740237652638
23358,100130667202500006,Hassan,Simple Hurt,2,2025-11-22,0.025074166066208173
14472,100060420202500002,Tumakuru,Simple Hurt,2,2025-11-02,0.02504545843484091
11331,300040342202500001,Belagavi,Simple Hurt,2,2025-10-04,0.025025519723266176
38531,100301098202500001,Ramanagara,Culpable Homicide Not Amounting to Murder,2,2025-11-12,0.024991148319481547
23242,100130661202500002,Hassan,Simple Hurt,2,2025-11-04,0.024958800463935376
32372,800220926202500001,Koppal,Excise Act Offence,2,2025-11-22,0.024875066520141688
19725,100100557202500004,Dakshina Kannada,Culpable Homicide Not Amounting to Murder,2,2025-10-03,0.02487397122294896
8614,100030262202500006,Mysuru,Simple Hurt,2,2025-11-20,0.02480041207438804
4745,100010068202500003,Bengaluru Urban,Arms Act Offence,2,2025-12-04,0.0247972257498062
12909,100050390202500004,Kalaburagi,Simple Hurt,2,2025-11-04,0.024785774769742766
6054,100010101202500012,Bengaluru Urban,Arms Act Offence,2,2025-11-03,0.02467787039607067
5797,100010188202500009,Bengaluru Urban,Dowry Death,1,2025-11-15,0.0246673793567558
11019,100040306202500005,Belagavi,Simple Hurt,2,2025-12-23,0.024633544337407876
4976,100010070202500010,Bengaluru Urban,Simple Hurt,2,2025-11-02,0.024585957838133086
23394,100130673202500007,Hassan,Dowry Death,1,2025-10-15,0.024563376842281603
5335,100010079202500010,Bengaluru Urban,Arms Act Offence,2,2025-11-03,0.024522573026634867
32392,100220921202500001,Koppal,Excise Act Offence,2,2025-12-01,0.02435117856551228
16116,100070473202500004,Ballari,Simple Hurt,2,2025-10-27,0.024269616557994825
31580,100210903202500003,Chikkamagaluru,Simple Hurt,2,2025-12-14,0.02418890323781535
11058,100040349202500006,Belagavi,Culpable Homicide Not Amounting to Murder,2,2025-12-11,0.024159054989910913
16040,300070481202500001,Ballari,Arms Act Offence,2,2025-12-21,0.024134850983497005
19947,100100557202500011,Dakshina Kannada,Simple Hurt,2,2025-11-18,0.024018415365847215
11251,100040287202500003,Belagavi,Simple Hurt,2,2025-11-13,0.023867843186007397
5257,100010047202500008,Bengaluru Urban,Grievous Hurt,2,2025-12-15,0.02385792296678061
14829,100060417202500006,Tumakuru,Excise Act Offence,2,2025-12-09,0.023804155953554264
10867,100040296202500002,Belagavi,Simple Hurt,2,2025-10-02,0.02353558901967579
30675,100200859202500003,Davanagere,Dowry Death,1,2025-11-24,0.02349823800088075
19753,800100563202500001,Dakshina Kannada,Arms Act Offence,2,2025-12-07,0.023428828664740962
35077,100251001202500008,Gadag,Simple Hurt,2,2025-11-09,0.023421364813170566
5462,100010066202500007,Bengaluru Urban,Grievous Hurt,2,2025-10-20,0.02338521322661507
5070,100010034202500002,Bengaluru Urban,Simple Hurt,2,2025-11-26,0.023368230125693886
39548,100311119202500008,Vijayanagara,Simple Hurt,2,2025-12-26,0.023316880803785394
31541,100210907202500002,Chikkamagaluru,Simple Hurt,2,2025-11-14,0.02324625810692154
12944,100050398202500005,Kalaburagi,Simple Hurt,2,2025-12-02,0.02322094348412586
15983,100070467202500001,Ballari,Simple Hurt,2,2025-11-06,0.023134879386131492
4548,100010186202500005,Bengaluru Urban,Simple Hurt,2,2025-11-22,0.023129904481390705
23216,800130663202500001,Hassan,Dowry Death,1,2025-10-04,0.023107395169029255
10818,100040334202500004,Belagavi,Simple Hurt,2,2025-12-01,0.023073165156209927
11192,100040335202500008,Belagavi,Simple Hurt,2,2025-11-28,0.022963725345639136
22108,100120636202500002,Mandya,Excise Act Offence,2,2025-10-10,0.02296070100694431
5744,100010082202500008,Bengaluru Urban,Arms Act Offence,2,2025-12-07,0.022780867912777208
8323,100030233202500008,Mysuru,Simple Hurt,2,2025-11-24,0.02275971710797816
8578,100030256202500008,Mysuru,Simple Hurt,2,2025-12-11,0.022731523200650607
4163,100010052202500002,Bengaluru Urban,Simple Hurt,2,2025-11-05,0.022608352598588358
29479,100190851202500007,Udupi,Simple Hurt,2,2025-10-08,0.022577862503126295
5917,100010050202500011,Bengaluru Urban,Simple Hurt,2,2025-12-28,0.022556651506376018
38597,100301094202500008,Ramanagara,Dowry Death,1,2025-12-27,0.022530384270177804
4910,100010154202500004,Bengaluru Urban,Simple Hurt,2,2025-10-11,0.022521873748514068
27742,100170780202500008,Chitradurga,Cruelty by Husband/Relatives,2,2025-12-24,0.022497056360219293
19735,100100555202500001,Dakshina Kannada,Simple Hurt,2,2025-11-03,0.022479856548579053
39465,800311114202500002,Vijayanagara,Simple Hurt,2,2025-10-24,0.022441265539632417
31762,800210915202500002,Chikkamagaluru,Simple Hurt,2,2025-12-04,0.022425714660655214
36609,100271042202500002,Yadgir,Excise Act Offence,2,2025-10-03,0.022358422677833032
5939,100010151202500011,Bengaluru Urban,Simple Hurt,2,2025-11-07,0.022345870070813
25309,100150723202500002,Bidar,Arms Act Offence,2,2025-10-25,0.022312034032491056
4453,100010200202500001,Bengaluru Urban,Simple Hurt,2,2025-10-24,0.022305293765987385
31670,100210904202500007,Chikkamagaluru,Simple Hurt,2,2025-11-09,0.022197982066684274
25493,100150722202500007,Bidar,Simple Hurt,2,2025-11-15,0.02209634170089662
4107,100010136202500001,Bengaluru Urban,Culpable Homicide Not Amounting to Murder,2,2025-11-01,0.0220215446011939
5740,100010074202500008,Bengaluru Urban,Simple Hurt,2,2025-11-06,0.022005108960048772
32376,100220923202500001,Koppal,Simple Hurt,2,2025-11-20,0.021982270362525497
21196,100110598202500008,Shivamogga,Simple Hurt,2,2025-11-01,0.021954662406205774
12794,100050369202500003,Kalaburagi,Simple Hurt,2,2025-12-08,0.021925688636530733
39514,100311126202500006,Vijayanagara,Arms Act Offence,2,2025-11-26,0.02187678788806865
39420,400311127202500001,Vijayanagara,Arms Act Offence,2,2025-12-13,0.021760092662462805
5040,100010056202500006,Bengaluru Urban,Culpable Homicide Not Amounting to Murder,2,2025-10-08,0.021703534339941072
34313,400240976202500001,Chamarajanagara,Cruelty by Husband/Relatives,2,2025-10-08,0.021614840376178127
14479,100060431202500003,Tumakuru,Arms Act Offence,2,2025-12-03,0.021569291374140386
16272,100070458202500011,Ballari,Excise Act Offence,2,2025-11-17,0.021506999842136488
15954,100070473202500001,Ballari,Simple Hurt,2,2025-11-19,0.02150480243461999
4810,100010146202500007,Bengaluru Urban,Simple Hurt,2,2025-10-04,0.021480197647733557
15953,400070480202500001,Ballari,Simple Hurt,2,2025-12-25,0.021405826175709092
39373,100311124202500004,Vijayanagara,Dowry Death,1,2025-10-20,0.021354043163794897
31552,100210897202500006,Chikkamagaluru,Simple Hurt,2,2025-11-25,0.02131439883629001
16109,100070451202500008,Ballari,Simple Hurt,2,2025-12-27,0.02130783420256546
32441,100220936202500004,Koppal,Simple Hurt,2,2025-11-11,0.021252338109910514
4337,100010173202500003,Bengaluru Urban,Simple Hurt,2,2025-12-15,0.021223693768280427
30936,100200885202500006,Davanagere,Simple Hurt,2,2025-11-28,0.021050220699550645
32476,100220924202500004,Koppal,Simple Hurt,2,2025-11-27,0.02101925965653471
8121,100030256202500002,Mysuru,Dowry Death,1,2025-11-12,0.020926433123170985
23523,100130657202500014,Hassan,Simple Hurt,2,2025-10-03,0.02080783292868197
24310,100140705202500003,Raichur,Dowry Death,1,2025-12-26,0.020797643937690805
39366,100311125202500002,Vijayanagara,Dowry Death,1,2025-10-03,0.020765151742247464
5450,100010102202500006,Bengaluru Urban,Simple Hurt,2,2025-12-07,0.020669427319005014
13137,100050373202500005,Kalaburagi,Simple Hurt,2,2025-11-11,0.020644104613243012
4975,400010165202500001,Bengaluru Urban,Simple Hurt,2,2025-11-03,0.020620560916148393
16147,100070483202500006,Ballari,Simple Hurt,2,2025-11-01,0.020611911698812744
31592,400210913202500001,Chikkamagaluru,Arms Act Offence,2,2025-10-29,0.02059804195388188
12912,300050385202500001,Kalaburagi,Simple Hurt,2,2025-11-18,0.02047597488308871
8605,100030257202500006,Mysuru,Arms Act Offence,2,2025-10-08,0.02029305827052928
38696,100301095202500014,Ramanagara,Simple Hurt,2,2025-10-25,0.020276714872997533
32443,100220939202500004,Koppal,Simple Hurt,2,2025-12-26,0.020271604773170797
11359,100040346202500007,Belagavi,Simple Hurt,2,2025-10-25,0.020262090838896962
6636,100020205202500011,Bengaluru Rural,Simple Hurt,2,2025-11-26,0.020240991992602278
8434,100030266202500008,Mysuru,Simple Hurt,2,2025-10-11,0.020186794226551515
29463,100190852202500003,Udupi,Simple Hurt,2,2025-12-19,0.02005865110527455
39312,100311120202500001,Vijayanagara,Simple Hurt,2,2025-10-02,0.020050965710871064
38544,300301097202500001,Ramanagara,Excise Act Offence,2,2025-10-21,0.02003126130912341
29426,100190847202500001,Udupi,Simple Hurt,2,2025-11-29,0.02002820460535769
12882,300050367202500001,Kalaburagi,Murder,1,2025-11-17,0.020010009690244603
4480,100010197202500004,Bengaluru Urban,Simple Hurt,2,2025-11-04,0.019860477826575115
31739,100210898202500004,Chikkamagaluru,Simple Hurt,2,2025-11-05,0.019841660819710463
14749,100060430202500007,Tumakuru,Simple Hurt,2,2025-10-09,0.019803932485953024
16216,100070478202500010,Ballari,Simple Hurt,2,2025-11-21,0.01978992858643437
5733,800010149202500001,Bengaluru Urban,Arms Act Offence,2,2025-12-25,0.019770539583809355
4365,100010176202500003,Bengaluru Urban,Culpable Homicide Not Amounting to Murder,2,2025-11-11,0.01966092689868128
23346,100130659202500002,Hassan,Simple Hurt,2,2025-10-29,0.019551087868465118
37802,100291087202500002,Chikkaballapura,Excise Act Offence,2,2025-12-02,0.019474811284466494
5181,100010041202500006,Bengaluru Urban,Dowry Death,1,2025-12-05,0.019467352740158782
32482,100220931202500001,Koppal,Simple Hurt,2,2025-10-28,0.019461857307821954
14458,100060441202500002,Tumakuru,Simple Hurt,2,2025-12-04,0.01923035727775343
29516,100190837202500007,Udupi,Dowry Death,1,2025-11-22,0.01917061489670361
36623,300271040202500001,Yadgir,Simple Hurt,2,2025-11-17,0.018723912753939684
15955,100070450202500001,Ballari,Simple Hurt,2,2025-12-03,0.01852401381481371
27771,100170802202500008,Chitradurga,Simple Hurt,2,2025-11-16,0.01835110629581936
4324,800010130202500002,Bengaluru Urban,Arms Act Offence,2,2025-10-05,0.018299146390449876
19939,100100564202500007,Dakshina Kannada,Murder,1,2025-10-24,0.01826426091912336
31707,100210902202500007,Chikkamagaluru,Simple Hurt,2,2025-12-23,0.018250332149407286
32580,100220940202500008,Koppal,Simple Hurt,2,2025-10-17,0.01808603731780192
24291,100140690202500004,Raichur,Culpable Homicide Not Amounting to Murder,2,2025-10-14,0.017805392950805222
36781,100271050202500010,Yadgir,Cruelty by Husband/Relatives,2,2025-12-23,0.017615030015235327
4654,400010161202500001,Bengaluru Urban,Simple Hurt,2,2025-12-25,0.017599945633666715
28526,100180826202500001,Kolar,Excise Act Offence,2,2025-12-26,0.017564973451178696
14515,100060406202500001,Tumakuru,Simple Hurt,2,2025-11-04,0.017555125440167428
5191,100010104202500008,Bengaluru Urban,Simple Hurt,2,2025-11-04,0.017517898100754412
33420,100230965202500004,Haveri,Simple Hurt,2,2025-11-26,0.017486504829328366
27727,800170789202500001,Chitradurga,Simple Hurt,2,2025-12-07,0.01719426842414016
33674,100230970202500013,Haveri,Simple Hurt,2,2025-11-13,0.017180930723701845
5460,100010056202500011,Bengaluru Urban,Arms Act Offence,2,2025-12-25,0.01706469013563091
29419,100190837202500002,Udupi,Arms Act Offence,2,2025-10-19,0.0168302096287605
5864,100010185202500009,Bengaluru Urban,Simple Hurt,2,2025-10-23,0.016685319011543708
14741,100060404202500006,Tumakuru,NDPS Offence,2,2025-11-18,0.016613630313253844
4255,100010061202500001,Bengaluru Urban,Dowry Death,1,2025-11-11,0.01658521599901817
25339,100150725202500001,Bidar,Cruelty by Husband/Relatives,2,2025-12-09,0.016483803809759005
13170,100050382202500010,Kalaburagi,Simple Hurt,2,2025-10-06,0.016398018255409926
26477,300160757202500001,Bagalkote,Excise Act Offence,2,2025-12-07,0.016030146722596273
14867,100060433202500005,Tumakuru,Excise Act Offence,2,2025-11-27,0.016029415045690176
23355,100130679202500008,Hassan,Murder,1,2025-12-03,0.01594099366002359
12902,100050387202500004,Kalaburagi,Simple Hurt,2,2025-11-21,0.01589877036746103
14984,100060440202500013,Tumakuru,Cruelty by Husband/Relatives,2,2025-12-13,0.015830526906827236
31774,100210903202500007,Chikkamagaluru,Simple Hurt,2,2025-12-07,0.01575799647569272
33417,100230955202500003,Haveri,Simple Hurt,2,2025-12-16,0.015644897174609117
39457,300311134202500001,Vijayanagara,Simple Hurt,2,2025-12-13,0.01563046787664051
28610,800180816202500002,Kolar,Simple Hurt,2,2025-11-28,0.01546911850013769
32423,100220936202500002,Koppal,Arms Act Offence,2,2025-12-07,0.015247618091490176
27664,100170780202500006,Chitradurga,Cruelty by Husband/Relatives,2,2025-10-19,0.015210425150824271
4104,100010131202500001,Bengaluru Urban,Simple Hurt,2,2025-12-19,0.015019320828521242
37814,100291079202500004,Chikkaballapura,Simple Hurt,2,2025-11-14,0.014970525837041556
29607,100190850202500009,Udupi,Murder,1,2025-11-27,0.01477757721978407
30835,100200866202500005,Davanagere,Murder,1,2025-11-13,0.014635541804494886
28588,100180820202500004,Kolar,Simple Hurt,2,2025-11-14,0.014279261110787195
32446,100220938202500004,Koppal,Simple Hurt,2,2025-10-16,0.014207518804207226
31618,100210897202500008,Chikkamagaluru,Simple Hurt,2,2025-11-02,0.014133412327552547
4546,100010199202500002,Bengaluru Urban,Simple Hurt,2,2025-12-14,0.013901982285660522
36667,100271047202500006,Yadgir,Cruelty by Husband/Relatives,2,2025-11-08,0.013778215344046524
19719,100100563202500002,Dakshina Kannada,Arms Act Offence,2,2025-10-11,0.013704573100174755
4475,800010063202500001,Bengaluru Urban,Murder,1,2025-10-27,0.01369380402962081
16324,100070483202500009,Ballari,Murder,1,2025-10-09,0.013442258982120743
32655,100220917202500012,Koppal,Cruelty by Husband/Relatives,2,2025-11-04,0.013157432907994034
28663,100180824202500006,Kolar,Excise Act Offence,2,2025-10-13,0.013154661184515222
4202,100010085202500001,Bengaluru Urban,Simple Hurt,2,2025-12-10,0.012902238471893245
32661,100220921202500011,Koppal,Simple Hurt,2,2025-10-04,0.012860260971896102
21213,100110602202500011,Shivamogga,NDPS Offence,2,2025-11-21,0.012582787266104109
29678,100190853202500011,Udupi,Simple Hurt,2,2025-10-03,0.012526504904382866
13148,100050380202500010,Kalaburagi,Excise Act Offence,2,2025-11-14,0.012497534979224727
8043,100030267202500002,Mysuru,Excise Act Offence,2,2025-11-05,0.012423110582521726
4690,100010152202500003,Bengaluru Urban,Simple Hurt,2,2025-10-21,0.012135581553713628
33419,100230953202500001,Haveri,Dowry Death,1,2025-10-23,0.01185579896888675
26376,100160755202500002,Bagalkote,Cruelty by Husband/Relatives,2,2025-12-07,0.011812677881506873
13085,300050391202500003,Kalaburagi,Cruelty by Husband/Relatives,2,2025-10-19,0.011734350051166492
6711,100020215202500013,Bengaluru Rural,Excise Act Offence,2,2025-11-26,0.011657028472975294
29405,100190853202500001,Udupi,Simple Hurt,2,2025-11-22,0.011652562559975535
31582,800210897202500002,Chikkamagaluru,Simple Hurt,2,2025-12-21,0.011647312499314928
22162,100120636202500004,Mandya,Excise Act Offence,2,2025-12-21,0.011628609166673569
4368,100010157202500002,Bengaluru Urban,Simple Hurt,2,2025-10-21,0.011513659479466453
5350,100010148202500006,Bengaluru Urban,Murder,1,2025-11-03,0.011502265742498255
12895,100050376202500009,Kalaburagi,Excise Act Offence,2,2025-10-26,0.011446145985276863
35901,100261035202500006,Uttara Kannada,Cruelty by Husband/Relatives,2,2025-11-04,0.01130951293405606
4248,100010091202500001,Bengaluru Urban,Simple Hurt,2,2025-10-09,0.010892118133949334
25280,100150741202500001,Bidar,Cruelty by Husband/Relatives,2,2025-12-22,0.010775505928785638
12848,100050369202500004,Kalaburagi,Simple Hurt,2,2025-10-06,0.010731004154667104
13192,100050388202500012,Kalaburagi,Simple Hurt,2,2025-11-14,0.010609883194629244
29473,400190838202500002,Udupi,Excise Act Offence,2,2025-11-17,0.01048849710464308
17252,100080516202500003,Vijayapura,Excise Act Offence,2,2025-11-26,0.009614781336902871
4768,800010036202500001,Bengaluru Urban,Excise Act Offence,2,2025-10-26,0.009316248089529761
23538,100130656202500006,Hassan,Excise Act Offence,2,2025-10-08,0.009294974099927333
4929,100010098202500005,Bengaluru Urban,Excise Act Offence,2,2025-12-12,0.009279140124271163
5697,800010094202500002,Bengaluru Urban,Excise Act Offence,2,2025-10-15,0.009253596671123495
14727,100060406202500007,Tumakuru,Cruelty by Husband/Relatives,2,2025-12-04,0.009049749802206927
14664,100060435202500006,Tumakuru,Cruelty by Husband/Relatives,2,2025-11-10,0.008938776073405466
37771,100291090202500001,Chikkaballapura,NDPS Offence,2,2025-10-15,0.008760157911884352
39351,100311114202500002,Vijayanagara,Excise Act Offence,2,2025-11-14,0.008531962637629065
25367,100150736202500004,Bidar,Excise Act Offence,2,2025-11-06,0.008505666512146813
14447,100060443202500002,Tumakuru,Cruelty by Husband/Relatives,2,2025-10-05,0.00840295215266597
23212,100130665202500003,Hassan,Excise Act Offence,2,2025-12-13,0.008398370127924486
19824,100100565202500002,Dakshina Kannada,Excise Act Offence,2,2025-10-20,0.008394732655786394
25334,100150727202500005,Bidar,Cruelty by Husband/Relatives,2,2025-10-08,0.00812272453862991
27740,100170798202500006,Chitradurga,NDPS Offence,2,2025-10-02,0.008031915981657095
18404,100090546202500003,Dharwad,NDPS Offence,2,2025-11-27,0.007523994952378585
36592,100271047202500002,Yadgir,Cruelty by Husband/Relatives,2,2025-12-15,0.0072980734499284924
14715,100060428202500005,Tumakuru,Cruelty by Husband/Relatives,2,2025-10-21,0.007274863323360188
22319,800120654202500001,Mandya,NDPS Offence,2,2025-10-27,0.007209809908968342
11578,100040338202500005,Belagavi,Cruelty by Husband/Relatives,2,2025-12-25,0.00706062126132661
10991,100040331202500005,Belagavi,Cruelty by Husband/Relatives,2,2025-10-25,0.00687927419963977
4710,100010120202500004,Bengaluru Urban,Excise Act Offence,2,2025-12-28,0.006846757469802445
36770,100271045202500008,Yadgir,NDPS Offence,2,2025-11-02,0.00678512752749566
26685,800160760202500001,Bagalkote,Cruelty by Husband/Relatives,2,2025-10-24,0.006627631218488375
35912,100261013202500008,Uttara Kannada,Cruelty by Husband/Relatives,2,2025-12-21,0.006415124252488962
4729,100010151202500007,Bengaluru Urban,Excise Act Offence,2,2025-10-21,0.006288589343274718
21099,100110597202500006,Shivamogga,Cruelty by Husband/Relatives,2,2025-12-06,0.0062515366180225206
12866,300050360202500001,Kalaburagi,Cruelty by Husband/Relatives,2,2025-12-21,0.00620546742988953
24533,100140699202500006,Raichur,Cruelty by Husband/Relatives,2,2025-10-05,0.006153786558049104
24514,100140691202500004,Raichur,NDPS Offence,2,2025-12-13,0.005976460344351068
21225,100110602202500013,Shivamogga,Cruelty by Husband/Relatives,2,2025-12-08,0.005962168357830028
26496,100160753202500004,Bagalkote,Cruelty by Husband/Relatives,2,2025-10-15,0.005927709804382578
17414,300080502202500001,Vijayapura,NDPS Offence,2,2025-11-14,0.005781134553479486
36747,100271051202500005,Yadgir,NDPS Offence,2,2025-10-16,0.00568565197484062
13000,100050398202500007,Kalaburagi,NDPS Offence,2,2025-10-11,0.005645215910879048
18677,100090547202500009,Dharwad,Cruelty by Husband/Relatives,2,2025-10-20,0.0056162740517929225
5783,100010113202500011,Bengaluru Urban,Cruelty by Husband/Relatives,2,2025-11-11,0.00560233746604206
14541,100060444202500004,Tumakuru,Cruelty by Husband/Relatives,2,2025-11-06,0.005122119263061217
36683,100271052202500003,Yadgir,Cruelty by Husband/Relatives,2,2025-10-06,0.004930182824646157
17540,100080513202500008,Vijayapura,Cruelty by Husband/Relatives,2,2025-11-20,0.004925698461002762
25476,100150721202500006,Bidar,NDPS Offence,2,2025-11-10,0.004839492805018643
11443,100040333202500009,Belagavi,Cruelty by Husband/Relatives,2,2025-11-21,0.004799858618589782
13146,100050376202500015,Kalaburagi,NDPS Offence,2,2025-12-04,0.004704935217134648
17315,100080517202500004,Vijayapura,NDPS Offence,2,2025-11-03,0.004689644478062354
21041,300110611202500001,Shivamogga,Cruelty by Husband/Relatives,2,2025-12-21,0.004612382458828628
29470,100190858202500003,Udupi,Cruelty by Husband/Relatives,2,2025-11-14,0.004594537273328063
11428,100040287202500006,Belagavi,NDPS Offence,2,2025-12-10,0.004514182702027819
10941,100040327202500003,Belagavi,NDPS Offence,2,2025-10-02,0.004455026366413677
21114,100110595202500005,Shivamogga,Cruelty by Husband/Relatives,2,2025-12-14,0.004395428256769205
23399,400130657202500001,Hassan,NDPS Offence,2,2025-10-13,0.004314403570971258
11610,100040304202500008,Belagavi,NDPS Offence,2,2025-12-28,0.004301565559887262
6010,100010089202500012,Bengaluru Urban,Cruelty by Husband/Relatives,2,2025-11-17,0.004271499880027545
17416,800080503202500001,Vijayapura,Cruelty by Husband/Relatives,2,2025-10-02,0.004263134618308337
36626,100271043202500002,Yadgir,Cruelty by Husband/Relatives,2,2025-12-12,0.004256502077086851
27500,100170781202500002,Chitradurga,NDPS Offence,2,2025-10-06,0.0042302462325773445
10806,100040340202500002,Belagavi,NDPS Offence,2,2025-11-11,0.0041788786597765715
10922,100040290202500002,Belagavi,NDPS Offence,2,2025-11-12,0.004142001069102432
11343,100040286202500003,Belagavi,NDPS Offence,2,2025-12-03,0.004067391382544127
35957,300261036202500001,Uttara Kannada,Cruelty by Husband/Relatives,2,2025-10-19,0.004053432745482179
20981,100110598202500004,Shivamogga,NDPS Offence,2,2025-10-16,0.004037591975683256
6052,100010172202500015,Bengaluru Urban,Cruelty by Husband/Relatives,2,2025-12-05,0.003955550349737704
34291,100240983202500004,Chamarajanagara,NDPS Offence,2,2025-12-03,0.0039460740177601795
17594,100080516202500011,Vijayapura,Cruelty by Husband/Relatives,2,2025-11-18,0.0038265966542140803
29565,100190836202500011,Udupi,NDPS Offence,2,2025-11-17,0.003806382802109217
23443,800130670202500002,Hassan,Cruelty by Husband/Relatives,2,2025-12-04,0.0038042839768267053
19778,100100554202500003,Dakshina Kannada,NDPS Offence,2,2025-12-21,0.0037398120794718387
11033,300040279202500001,Belagavi,NDPS Offence,2,2025-11-19,0.0037283466860841804
16162,400070469202500001,Ballari,Cruelty by Husband/Relatives,2,2025-11-10,0.003727897535952344
18588,100090552202500009,Dharwad,Cruelty by Husband/Relatives,2,2025-10-03,0.0036765069951695552
36581,100271041202500001,Yadgir,Cruelty by Husband/Relatives,2,2025-11-27,0.003659123997627064
16309,100070466202500015,Ballari,Cruelty by Husband/Relatives,2,2025-10-27,0.003639473656236455
32398,300220939202500001,Koppal,NDPS Offence,2,2025-10-02,0.0036244912434246065
8421,100030229202500006,Mysuru,NDPS Offence,2,2025-11-14,0.003602057483004597
21010,100110598202500005,Shivamogga,Cruelty by Husband/Relatives,2,2025-12-06,0.003590951776226793
22041,100120654202500002,Mandya,Cruelty by Husband/Relatives,2,2025-11-02,0.0035760428378452075
37867,100291069202500005,Chikkaballapura,Cruelty by Husband/Relatives,2,2025-12-27,0.0034577130293182885
23174,100130661202500001,Hassan,NDPS Offence,2,2025-11-26,0.003456233975182065
10723,800040335202500001,Belagavi,NDPS Offence,2,2025-12-18,0.003452956465340319
30605,100200875202500002,Davanagere,Cruelty by Husband/Relatives,2,2025-12-12,0.0034339941110686223
23171,100130678202500001,Hassan,NDPS Offence,2,2025-12-08,0.003424361446912266
10916,100040305202500004,Belagavi,NDPS Offence,2,2025-11-23,0.003409673892349696
15977,100070463202500002,Ballari,Cruelty by Husband/Relatives,2,2025-10-21,0.003363405252852696
20082,100100555202500011,Dakshina Kannada,Cruelty by Husband/Relatives,2,2025-12-17,0.003340680373709287
18405,100090545202500004,Dharwad,Cruelty by Husband/Relatives,2,2025-11-01,0.003337688692367739
17440,100080488202500006,Vijayapura,Cruelty by Husband/Relatives,2,2025-11-20,0.0033230427637571465
22330,100120633202500010,Mandya,Cruelty by Husband/Relatives,2,2025-10-23,0.00326132097571581
23349,100130684202500010,Hassan,Cruelty by Husband/Relatives,2,2025-10-21,0.003206037832078348
28676,100180819202500010,Kolar,Cruelty by Husband/Relatives,2,2025-12-20,0.003192632189188581
16249,300070469202500001,Ballari,NDPS Offence,2,2025-10-04,0.003183995217684201
4763,100010065202500004,Bengaluru Urban,Cruelty by Husband/Relatives,2,2025-11-17,0.003157276993889253
16367,100070453202500010,Ballari,Cruelty by Husband/Relatives,2,2025-10-10,0.0030858986619757664
30857,100200893202500010,Davanagere,Cruelty by Husband/Relatives,2,2025-10-26,0.003051762439539226
25299,100150730202500002,Bidar,NDPS Offence,2,2025-10-09,0.003038480052123328
4563,300010187202500001,Bengaluru Urban,Cruelty by Husband/Relatives,2,2025-10-22,0.0030081665059549976
11133,300040326202500001,Belagavi,Cruelty by Husband/Relatives,2,2025-10-04,0.0030054608518180256
28735,100180809202500009,Kolar,NDPS Offence,2,2025-12-22,0.002986694256112958
22348,100120634202500008,Mandya,Cruelty by Husband/Relatives,2,2025-10-08,0.0029582594591419024
5731,100010038202500011,Bengaluru Urban,Cruelty by Husband/Relatives,2,2025-10-22,0.0029338464932542854
33495,800230945202500001,Haveri,Cruelty by Husband/Relatives,2,2025-10-18,0.0029295264149224805
33387,100230954202500002,Haveri,NDPS Offence,2,2025-12-06,0.0029218748653898423
5444,100010084202500009,Bengaluru Urban,Cruelty by Husband/Relatives,2,2025-12-18,0.002916313457669927
11116,100040320202500004,Belagavi,Cruelty by Husband/Relatives,2,2025-11-21,0.0028694338002082896
33528,100230958202500006,Haveri,NDPS Offence,2,2025-11-16,0.002860978079134133
22213,100120651202500008,Mandya,Cruelty by Husband/Relatives,2,2025-11-01,0.0028439874287191657
38704,100301099202500011,Ramanagara,Cruelty by Husband/Relatives,2,2025-11-20,0.002784630981344883
5546,100010173202500013,Bengaluru Urban,NDPS Offence,2,2025-10-23,0.002775064910951397
30547,300200859202500001,Davanagere,Cruelty by Husband/Relatives,2,2025-10-25,0.0027680730132458105
4811,100010195202500009,Bengaluru Urban,Cruelty by Husband/Relatives,2,2025-10-21,0.0027536028385885315
4468,100010059202500002,Bengaluru Urban,Cruelty by Husband/Relatives,2,2025-11-03,0.0027382484026503835
8171,100030269202500002,Mysuru,NDPS Offence,2,2025-11-22,0.002733187157864358
29525,100190842202500006,Udupi,Cruelty by Husband/Relatives,2,2025-10-10,0.002731700641625848
16373,100070459202500008,Ballari,Cruelty by Husband/Relatives,2,2025-10-21,0.0027237516801504294
16288,100070449202500007,Ballari,Cruelty by Husband/Relatives,2,2025-11-03,0.0026958121703277767
35034,100250992202500009,Gadag,Cruelty by Husband/Relatives,2,2025-12-05,0.0026698381238814406
24266,100140697202500001,Raichur,Cruelty by Husband/Relatives,2,2025-10-23,0.002612579530943415
16278,100070461202500012,Ballari,Cruelty by Husband/Relatives,2,2025-10-20,0.0026096840033281695
5451,100010172202500012,Bengaluru Urban,NDPS Offence,2,2025-10-25,0.0025946498898953008
5741,100010097202500014,Bengaluru Urban,Cruelty by Husband/Relatives,2,2025-12-07,0.0025862770724916708
22274,100120645202500003,Mandya,Cruelty by Husband/Relatives,2,2025-10-04,0.0025841005284044038
28607,100180823202500002,Kolar,Cruelty by Husband/Relatives,2,2025-10-08,0.002574312558768175
16313,100070482202500008,Ballari,Cruelty by Husband/Relatives,2,2025-11-28,0.002564349066311959
4415,100010171202500001,Bengaluru Urban,NDPS Offence,2,2025-10-13,0.0025530592115173157
5627,100010183202500004,Bengaluru Urban,Cruelty by Husband/Relatives,2,2025-12-22,0.0025045998476234494
4082,100010118202500001,Bengaluru Urban,NDPS Offence,2,2025-11-19,0.002501202529901735
5869,100010039202500008,Bengaluru Urban,NDPS Offence,2,2025-10-09,0.0024925922377500515
39461,800311119202500001,Vijayanagara,Cruelty by Husband/Relatives,2,2025-11-15,0.002492291208880609
33406,100230942202500001,Haveri,NDPS Offence,2,2025-11-24,0.0024695660205400977
4383,100010122202500001,Bengaluru Urban,Cruelty by Husband/Relatives,2,2025-11-26,0.0024572429148661625
33456,100230961202500004,Haveri,Cruelty by Husband/Relatives,2,2025-12-15,0.0024436023435510297
16066,100070482202500005,Ballari,Cruelty by Husband/Relatives,2,2025-12-01,0.0024328608003904846
34373,100240983202500008,Chamarajanagara,Cruelty by Husband/Relatives,2,2025-10-22,0.0024276303146273047
8438,100030247202500010,Mysuru,Cruelty by Husband/Relatives,2,2025-11-10,0.002408063519506494
10994,100040315202500005,Belagavi,Cruelty by Husband/Relatives,2,2025-10-10,0.002403933555964069
5665,100010069202500008,Bengaluru Urban,NDPS Offence,2,2025-12-25,0.002360307635929944
34930,100250996202500004,Gadag,Cruelty by Husband/Relatives,2,2025-12-18,0.0023536346188378896
38643,100301093202500006,Ramanagara,Cruelty by Husband/Relatives,2,2025-10-15,0.002346636042427894
8225,100030258202500003,Mysuru,NDPS Offence,2,2025-11-07,0.0023277800223219926
4814,100010055202500005,Bengaluru Urban,Cruelty by Husband/Relatives,2,2025-10-08,0.002321579990651291
39367,800311125202500001,Vijayanagara,NDPS Offence,2,2025-11-24,0.002313250278169703
5777,300010173202500001,Bengaluru Urban,Cruelty by Husband/Relatives,2,2025-12-02,0.002307779589407174
28497,100180814202500002,Kolar,NDPS Offence,2,2025-11-15,0.0022978102406106004
28699,100180828202500006,Kolar,Cruelty by Husband/Relatives,2,2025-11-28,0.0022907258428331383
6716,100020214202500014,Bengaluru Rural,NDPS Offence,2,2025-10-04,0.0022861599021539395
38677,100301093202500007,Ramanagara,NDPS Offence,2,2025-11-19,0.0022729050867539105
4847,100010122202500004,Bengaluru Urban,Cruelty by Husband/Relatives,2,2025-12-27,0.0022566539104574602
4680,800010072202500001,Bengaluru Urban,Cruelty by Husband/Relatives,2,2025-11-17,0.002253272398246082
4699,100010060202500003,Bengaluru Urban,Cruelty by Husband/Relatives,2,2025-11-09,0.0022531635801227214
39436,100311125202500003,Vijayanagara,Cruelty by Husband/Relatives,2,2025-11-18,0.0022051732668554873
5015,300010032202500001,Bengaluru Urban,Cruelty by Husband/Relatives,2,2025-11-23,0.0021657487114632207
5583,100010051202500005,Bengaluru Urban,Cruelty by Husband/Relatives,2,2025-12-14,0.002156734377505423
8288,300030241202500002,Mysuru,Cruelty by Husband/Relatives,2,2025-10-09,0.002148437244086723
5751,100010038202500012,Bengaluru Urban,NDPS Offence,2,2025-12-01,0.0021447825843155595
38715,100301095202500016,Ramanagara,NDPS Offence,2,2025-10-10,0.0021388324167083803
5568,800010182202500001,Bengaluru Urban,Cruelty by Husband/Relatives,2,2025-12-13,0.0021372103239024505
37080,100281066202500001,Kodagu,NDPS Offence,2,2025-11-01,0.0021265263390533545
4582,100010149202500002,Bengaluru Urban,NDPS Offence,2,2025-10-28,0.002121839941782643
5138,100010144202500005,Bengaluru Urban,Cruelty by Husband/Relatives,2,2025-11-22,0.0021175109867580923
23214,100130675202500002,Hassan,Cruelty by Husband/Relatives,2,2025-11-02,0.0021095128060953294
4840,800010101202500001,Bengaluru Urban,Cruelty by Husband/Relatives,2,2025-10-14,0.002084804343872736
8102,400030248202500001,Mysuru,Cruelty by Husband/Relatives,2,2025-12-16,0.0020803334463200232
8355,800030252202500004,Mysuru,Cruelty by Husband/Relatives,2,2025-12-16,0.0020432268851471027
6593,100020211202500002,Bengaluru Rural,Cruelty by Husband/Relatives,2,2025-11-16,0.002022073714973981
38518,100301103202500001,Ramanagara,Cruelty by Husband/Relatives,2,2025-12-20,0.0020183091172187506
24430,100140698202500007,Raichur,NDPS Offence,2,2025-12-12,0.0019610362787007484
4920,100010147202500006,Bengaluru Urban,Cruelty by Husband/Relatives,2,2025-10-04,0.0019373803911626546
4406,100010151202500003,Bengaluru Urban,Cruelty by Husband/Relatives,2,2025-12-03,0.0019213395832806267
28570,100180828202500004,Kolar,Cruelty by Husband/Relatives,2,2025-11-25,0.0018483173764078853
22229,100120632202500003,Mandya,NDPS Offence,2,2025-12-18,0.0018108169185211498
8609,100030242202500012,Mysuru,Cruelty by Husband/Relatives,2,2025-10-20,0.001795814981588042
4962,100010144202500004,Bengaluru Urban,NDPS Offence,2,2025-12-01,0.0017642399463521344
5829,100010119202500013,Bengaluru Urban,Cruelty by Husband/Relatives,2,2025-10-03,0.0017139721123723341
5187,100010129202500007,Bengaluru Urban,Cruelty by Husband/Relatives,2,2025-12-21,0.0016843533300045725
12969,100050398202500006,Kalaburagi,Cruelty by Husband/Relatives,2,2025-11-08,0.0016711381511661588
8394,100030234202500008,Mysuru,Cruelty by Husband/Relatives,2,2025-11-25,0.0015686170822460923
22060,100120649202500002,Mandya,Cruelty by Husband/Relatives,2,2025-11-22,0.001509691751320801
4795,100010063202500005,Bengaluru Urban,NDPS Offence,2,2025-11-16,0.0014751955024674224
28532,100180821202500002,Kolar,Cruelty by Husband/Relatives,2,2025-10-15,0.001300359192191894
