EmployeeID,DistrictID,UnitID,RankID,DesignationID,KGID,FirstName,EmployeeDOB,GenderID,BloodGroupID,PhysicallyChallenged,AppointmentDate
1,1,32,7,2,KGID100001,Hemang,1985-01-14,M,B+,0,2005-04-18
2,1,32,7,5,KGID100002,Hemang,2000-04-25,M,A+,0,2024-02-10
3,1,32,10,2,KGID100003,Jonathan,1969-04-12,M,A-,0,2013-12-22
4,1,32,7,6,KGID100004,Shaurya,1994-10-01,M,A-,0,2002-09-10
5,1,32,10,1,KGID100005,Ayaan,1973-08-01,M,O-,0,2010-11-11
6,1,32,10,2,KGID100006,Arjun,1992-07-14,M,B+,0,1998-05-02
7,1,32,10,1,KGID100007,Tanay,1988-11-23,M,O+,0,2018-12-11
8,1,32,6,6,KGID100008,Zayan,1969-06-23,M,AB+,0,1999-11-16
9,1,32,10,5,KGID100009,Jagvi,1987-05-20,F,O+,0,2006-05-03
10,1,32,6,5,KGID100010,Karan,1973-02-01,M,B+,0,2014-10-31
11,1,32,10,3,KGID100011,Zaid,1994-03-03,M,A+,0,2003-05-04
12,1,32,10,4,KGID100012,Vedhika,2002-05-23,F,B-,0,2001-11-14
13,1,32,10,6,KGID100013,Ayushman,1970-07-06,M,O+,0,2001-08-09
14,1,32,10,6,KGID100014,Akshay,1969-01-07,M,B+,0,2021-02-25
15,1,32,9,3,KGID100015,Krishna,1994-11-03,M,B-,0,2020-09-11
16,1,32,10,1,KGID100016,Atharv,2003-03-31,M,B+,0,2008-06-19
17,1,32,10,1,KGID100017,Yauvani,2003-06-13,F,B+,0,2000-04-10
18,1,32,7,2,KGID100018,Kai,1996-06-04,M,B-,0,2001-09-23
19,1,33,10,2,KGID100019,Theodore,1977-04-11,M,B-,0,2019-01-12
20,1,33,9,5,KGID100020,Abhimanyu,1968-11-05,M,AB+,0,1996-08-23
21,1,33,10,4,KGID100021,Edhitha,1998-01-07,F,A+,0,2000-02-04
22,1,33,10,2,KGID100022,Unni,1994-10-15,F,O-,0,2008-06-13
23,1,33,10,5,KGID100023,Gautam,1997-10-08,M,AB+,0,2011-09-14
24,1,33,6,1,KGID100024,Xalak,1991-01-20,F,B-,0,2013-04-04
25,1,33,9,3,KGID100025,Gaurav,1995-03-30,M,O-,0,2024-04-07
26,1,33,10,4,KGID100026,Samarth,1984-09-12,M,A+,0,2002-07-03
27,1,33,10,5,KGID100027,Anusha,1995-12-11,F,O-,0,1998-08-14
28,1,33,6,3,KGID100028,Damyanti,1986-01-22,F,O-,0,1997-04-20
29,1,33,10,2,KGID100029,Avi,2000-04-03,M,A-,0,2000-08-29
30,1,33,6,5,KGID100030,Oviya,1980-07-18,F,O+,0,2015-11-24
31,1,33,10,3,KGID100031,Michael,1974-04-13,M,B+,0,2022-09-24
32,1,33,6,1,KGID100032,Oviya,1977-07-09,F,B-,0,2000-09-18
33,1,33,7,2,KGID100033,Yash,1998-12-31,M,B+,0,2019-04-02
34,1,33,10,5,KGID100034,Oni,1970-05-02,F,O-,0,2000-04-28
35,1,33,6,6,KGID100035,Bina,1970-02-04,F,B-,0,2024-07-20
36,1,33,5,6,KGID100036,Tanish,1968-10-02,M,O+,0,2021-10-08
37,1,34,10,1,KGID100037,Ethan,1996-09-07,M,O+,0,1999-01-08
38,1,34,9,1,KGID100038,Kalpit,1982-03-23,M,A+,0,2024-12-15
39,1,34,10,1,KGID100039,Kai,1975-11-14,M,O-,0,2014-08-18
40,1,34,10,4,KGID100040,Hritik,1982-01-03,M,B+,0,1997-07-28
41,1,34,6,5,KGID100041,Tanveer,1995-08-26,M,AB+,0,2012-08-11
42,1,34,10,1,KGID100042,Devansh,2001-10-08,M,A+,0,2021-08-16
43,1,34,10,6,KGID100043,Henry,1976-04-02,M,A+,0,2010-12-19
44,1,34,10,4,KGID100044,Janya,1992-03-26,F,B-,0,2016-08-13
45,1,34,10,2,KGID100045,Bhavna,2001-02-18,F,A-,0,2003-03-03
46,1,34,10,2,KGID100046,Brijesh,1979-03-21,M,O-,0,2009-10-23
47,1,34,6,5,KGID100047,Kiaan,1969-02-19,M,A+,0,2018-05-06
48,1,34,6,1,KGID100048,Yashoda,1996-05-06,F,O-,0,2021-01-23
49,1,34,9,2,KGID100049,Nakul,1975-01-27,M,O-,0,2010-07-12
50,1,34,10,4,KGID100050,Farhan,1967-11-11,M,O+,0,2011-10-06
51,1,34,10,6,KGID100051,Faras,1991-08-08,M,B-,1,2011-01-12
52,1,34,7,2,KGID100052,Vedant,1988-11-21,M,B+,0,2001-07-29
53,1,35,9,6,KGID100053,Lakshit,1986-03-22,M,O+,0,2016-09-27
54,1,35,9,5,KGID100054,Wazir,1990-02-05,M,B+,0,2018-12-09
55,1,35,6,1,KGID100055,Aayush,1981-05-26,M,A-,0,2017-02-08
56,1,35,10,5,KGID100056,Upadhriti,1986-04-21,F,B+,0,2016-12-14
57,1,35,10,6,KGID100057,Rachit,1968-02-11,M,A-,0,1998-10-16
58,1,35,10,6,KGID100058,Faraj,1992-01-08,M,B-,0,2012-12-18
59,1,35,10,6,KGID100059,Mason,1995-08-10,M,O+,0,2005-11-07
60,1,35,6,1,KGID100060,Omaja,1969-03-19,F,AB+,0,2017-09-04
61,1,36,10,2,KGID100061,Lajita,1973-12-12,F,A-,0,2012-06-01
62,1,36,6,2,KGID100062,Vrinda,1973-05-07,F,O+,0,2025-04-11
63,1,36,9,3,KGID100063,Ishwar,1990-07-11,M,A-,1,2000-08-11
64,1,36,9,6,KGID100064,Megha,1988-12-25,F,O-,0,2001-09-24
65,1,36,10,2,KGID100065,Dayamai,1984-06-23,F,O+,0,2007-05-24
66,1,36,9,3,KGID100066,Hredhaan,1997-08-13,M,O+,0,2008-07-22
67,1,36,10,6,KGID100067,Falan,1988-08-09,M,O-,0,2014-08-29
68,1,36,6,1,KGID100068,Manthan,1972-04-23,M,A+,0,2023-11-04
69,1,36,10,3,KGID100069,Ekaja,2003-02-27,F,O-,0,2012-10-08
70,1,36,10,4,KGID100070,Indira,1985-08-23,F,A-,0,2019-07-02
71,1,36,10,6,KGID100071,Saksham,1969-11-10,M,B+,0,2006-10-30
72,1,36,9,2,KGID100072,Riya,1980-08-27,F,AB+,0,2003-04-19
73,1,36,6,1,KGID100073,Rayaan,1970-07-30,M,O+,0,2005-04-28
74,1,36,10,5,KGID100074,Frederick,1973-12-07,M,O-,0,2005-06-23
75,1,36,10,2,KGID100075,Laksh,1997-04-28,M,O-,0,1999-12-01
76,1,36,10,4,KGID100076,Jeremiah,1980-12-27,M,A+,0,2014-06-22
77,1,36,7,4,KGID100077,Warhi,1983-06-06,F,O-,0,1997-10-14
78,1,37,10,6,KGID100078,Zansi,1989-04-21,F,A+,0,1999-06-12
79,1,37,9,2,KGID100079,Farhan,2001-06-28,M,O-,0,2018-06-01
80,1,37,6,2,KGID100080,Owen,1983-05-16,M,B+,0,2025-05-07
81,1,37,10,1,KGID100081,Kabir,1971-07-24,M,O-,0,2019-08-04
82,1,37,10,5,KGID100082,Champak,1968-01-27,M,O+,0,2015-07-06
83,1,37,5,2,KGID100083,Nathan,1970-05-10,M,A-,0,2012-08-27
84,1,37,10,4,KGID100084,Vivaan,1979-06-03,M,O+,0,2006-02-12
85,1,37,9,5,KGID100085,Samesh,1985-01-22,M,A+,0,2009-10-16
86,1,37,10,6,KGID100086,Hritik,1982-11-13,M,AB+,0,2004-03-22
87,1,37,9,6,KGID100087,Chakrika,1969-02-21,F,B-,0,2003-04-10
88,1,37,10,6,KGID100088,Advaith,1975-03-24,M,O+,0,2010-07-01
89,1,37,10,3,KGID100089,Aarav,2002-09-01,M,A-,0,2002-01-12
90,1,37,10,3,KGID100090,Michael,1974-07-21,M,A-,0,2003-07-10
91,1,37,6,6,KGID100091,Ekaraj,1996-07-15,M,B-,0,2012-07-03
92,1,37,10,5,KGID100092,Qabil,1996-10-29,M,O-,0,2017-11-12
93,1,37,10,5,KGID100093,Aryan,1999-05-18,M,A-,0,2012-12-10
94,1,37,10,2,KGID100094,Patrick,1975-03-21,M,A-,0,2019-02-07
95,1,37,7,2,KGID100095,Reva,2000-12-21,F,B-,0,2008-04-09
96,1,37,9,3,KGID100096,Ekansh,1970-01-23,M,A+,0,2018-03-02
97,1,38,10,2,KGID100097,Aadi,1986-02-14,M,B+,0,2018-10-06
98,1,38,9,1,KGID100098,Rohan,2002-05-22,M,AB+,0,2016-07-19
99,1,38,10,6,KGID100099,Gopal,1984-09-28,M,AB+,0,2015-11-18
100,1,38,7,1,KGID100100,Quincy,1983-10-29,M,O-,0,2006-06-23
101,1,38,7,2,KGID100101,Yashoda,1967-08-30,F,B+,0,2015-07-20
102,1,38,9,5,KGID100102,Harshil,1989-04-29,M,B+,0,2010-05-16
103,1,38,10,4,KGID100103,David,1989-02-13,M,B-,0,2006-10-17
104,1,38,10,4,KGID100104,Pranav,1990-07-11,M,A-,0,2011-01-18
105,1,38,10,5,KGID100105,Sai,1973-08-12,F,AB+,0,2007-06-16
106,1,38,9,3,KGID100106,Gautam,1984-09-12,M,O-,0,2005-02-28
107,1,38,7,5,KGID100107,Bachittar,1976-12-24,M,AB+,0,2014-10-28
108,1,38,10,3,KGID100108,Oliver,1979-07-05,M,B+,0,2003-08-08
109,1,38,9,2,KGID100109,Mohammed,1994-09-12,M,B+,0,2006-07-03
110,1,38,7,1,KGID100110,Charles,1982-08-31,M,AB+,0,2023-01-18
111,1,38,10,2,KGID100111,Wridesh,1991-10-31,M,O-,0,1998-12-25
112,1,38,9,6,KGID100112,Bhavya,1997-07-12,F,A+,0,2020-11-14
113,1,38,10,1,KGID100113,Ekbal,1974-09-25,M,O+,0,2022-09-06
114,1,38,6,4,KGID100114,Ryan,1987-06-08,M,A-,0,2019-02-12
115,1,38,9,2,KGID100115,Quincy,1976-07-18,M,AB+,0,2007-11-21
116,1,38,10,3,KGID100116,Ishwar,1982-03-21,M,B-,0,2013-11-15
117,1,39,6,2,KGID100117,David,1975-01-07,M,A-,0,2013-11-26
118,1,39,9,6,KGID100118,Dhriti,1973-10-11,F,A+,0,2010-11-30
119,1,39,6,2,KGID100119,Farhan,1988-07-29,M,A+,0,2017-07-12
120,1,39,9,3,KGID100120,Chanakya,1989-04-23,M,O-,0,1999-08-09
121,1,39,5,4,KGID100121,Oliver,1982-09-24,M,O+,0,2014-09-07
122,1,39,7,1,KGID100122,Quincy,1986-10-08,M,O+,0,2001-08-08
123,1,39,5,1,KGID100123,Ranveer,2002-11-15,M,O-,0,2001-05-12
124,1,39,6,5,KGID100124,Theodore,1990-08-04,M,B+,0,2000-07-08
125,1,39,10,2,KGID100125,Champak,1967-12-26,M,AB+,0,2022-12-13
126,1,39,10,5,KGID100126,Banjeet,1969-01-22,M,B-,0,2006-07-31
127,1,39,10,3,KGID100127,Orinder,1970-02-09,M,A+,0,2001-07-08
128,1,39,9,4,KGID100128,Manya,1974-03-23,F,AB+,0,2014-09-03
129,1,39,9,6,KGID100129,Pratyush,1997-06-22,M,B+,0,2004-12-31
130,1,39,6,5,KGID100130,Peter,2001-06-02,M,O-,0,2004-09-26
131,1,40,10,4,KGID100131,Ishwar,1991-04-05,M,B-,0,2013-06-09
132,1,40,10,4,KGID100132,Teerth,1982-08-17,M,O-,0,2004-11-05
133,1,40,10,4,KGID100133,Alexander,1985-11-08,M,B-,0,2013-07-01
134,1,40,9,6,KGID100134,Aarnav,1997-10-06,M,O+,0,1996-08-28
135,1,40,7,4,KGID100135,Inaya,1973-11-09,F,AB+,0,2020-03-27
136,1,40,10,2,KGID100136,Chakradev,1977-05-17,M,O-,0,2002-12-23
137,1,40,9,4,KGID100137,Anmol,2002-09-11,M,A-,0,2022-03-20
138,1,40,10,3,KGID100138,Ojas,1991-07-27,M,B+,0,2019-12-02
139,1,40,10,3,KGID100139,Faqid,1970-01-04,M,A-,0,2017-09-06
140,1,40,10,2,KGID100140,Advik,1999-11-06,M,A+,0,2001-06-25
141,1,40,9,2,KGID100141,Rehaan,1967-09-20,M,B-,0,1997-01-22
142,1,40,10,1,KGID100142,Yuvraj,1981-05-31,M,A+,0,1996-12-09
143,1,40,10,6,KGID100143,Veer,1982-10-06,M,A-,0,2016-02-25
144,1,40,10,6,KGID100144,Balvan,1988-07-04,M,A-,0,2023-12-23
145,1,40,10,3,KGID100145,Yash,1976-08-12,M,B+,0,2001-01-13
146,1,40,10,5,KGID100146,Abdul,1997-06-09,M,O-,0,2013-04-25
147,1,40,7,3,KGID100147,Warinder,2002-07-18,M,B-,0,1997-02-27
148,1,41,10,1,KGID100148,Maanav,1995-10-16,M,O-,0,2018-03-30
149,1,41,10,1,KGID100149,Hredhaan,1984-12-12,M,B-,0,2000-04-05
150,1,41,5,5,KGID100150,Wazir,1980-06-20,M,O+,0,2013-06-13
151,1,41,6,4,KGID100151,Aryan,1985-03-02,M,A+,0,2000-11-19
152,1,41,9,4,KGID100152,Elijah,1978-09-15,M,O+,0,2024-10-21
153,1,41,6,4,KGID100153,Shaurya,1983-10-13,M,A+,0,2005-02-28
154,1,41,10,6,KGID100154,Luke,1987-01-09,M,B-,0,2003-11-23
155,1,41,9,3,KGID100155,Anmol,1989-10-07,M,A+,1,2009-08-08
156,1,41,7,5,KGID100156,Logan,1979-08-03,M,A-,0,2019-05-21
157,1,41,9,4,KGID100157,Harrison,1984-04-30,M,AB+,0,2019-05-25
158,1,41,10,5,KGID100158,Lucky,1988-01-17,M,A-,0,1999-01-16
159,1,41,10,2,KGID100159,Lopa,1970-10-22,F,B-,0,2022-04-25
160,1,41,10,2,KGID100160,Saksham,1987-12-29,M,A-,0,1999-12-16
161,1,41,9,5,KGID100161,Chakradev,1991-08-18,M,AB+,0,2023-11-26
162,1,41,7,6,KGID100162,George,1992-09-02,M,O-,0,2014-03-02
163,1,41,6,6,KGID100163,Rachit,1984-10-19,M,A-,0,2008-05-23
164,1,41,10,5,KGID100164,Sudiksha,1988-10-16,F,B+,0,2023-12-11
165,1,41,6,1,KGID100165,Shravya,1979-03-29,F,A+,0,2012-02-20
166,1,41,7,5,KGID100166,Kiaan,1999-01-08,M,O+,0,2005-11-07
167,1,41,10,4,KGID100167,Isaiah,1968-03-20,M,O+,0,2001-12-16
168,1,42,9,4,KGID100168,Praneel,1996-03-22,M,B-,0,2018-10-05
169,1,42,10,6,KGID100169,Ishaan,1972-08-03,M,O-,0,2017-04-20
170,1,42,10,6,KGID100170,Charan,1975-01-13,M,O-,0,2022-03-05
171,1,42,7,4,KGID100171,Pranit,1976-05-29,M,A-,0,2009-11-20
172,1,42,10,5,KGID100172,Lipika,1985-01-24,F,AB+,0,2016-05-07
173,1,42,10,3,KGID100173,Faris,2001-10-13,M,AB+,0,2019-05-16
174,1,42,6,3,KGID100174,Ansh,1995-07-22,M,AB+,0,2017-09-16
175,1,42,6,5,KGID100175,Sai,1983-10-18,M,A+,0,2020-01-31
176,1,42,10,4,KGID100176,Rushil,1977-03-12,M,O-,0,2023-05-17
177,1,42,7,5,KGID100177,Gaurangi,1970-04-16,F,AB+,0,2024-11-26
178,1,42,10,4,KGID100178,Qabil,1971-08-08,M,B-,0,2009-07-30
179,1,42,10,2,KGID100179,Dominic,2003-07-21,M,O+,0,2002-05-26
180,1,42,10,6,KGID100180,Chandran,1979-11-21,M,A-,0,2002-12-26
181,1,42,10,1,KGID100181,Ekaraj,1989-03-20,M,A-,0,2024-09-15
182,1,42,6,1,KGID100182,Qarin,1990-10-28,M,AB+,0,2012-05-15
183,1,43,9,6,KGID100183,Kritika,1972-10-01,F,O+,0,2010-04-25
184,1,43,6,4,KGID100184,Samaksh,1971-12-12,M,B+,0,2004-12-05
185,1,43,10,5,KGID100185,Ranbir,1974-10-15,M,A-,0,2020-01-21
186,1,43,10,4,KGID100186,Advik,1988-11-19,M,O+,0,2002-12-06
187,1,43,6,3,KGID100187,Raghav,1983-03-01,M,B-,0,2018-02-18
188,1,43,5,4,KGID100188,Faraj,1969-03-24,M,O-,0,2020-08-17
189,1,43,10,5,KGID100189,Bachittar,1993-11-05,M,O-,0,2017-08-23
190,1,43,10,2,KGID100190,Manthan,1979-09-03,M,B-,0,2004-06-11
191,1,43,6,4,KGID100191,Max,1979-03-06,M,A+,0,2000-04-13
192,1,43,6,4,KGID100192,Ekavir,1979-12-12,M,AB+,1,2024-02-08
193,1,43,7,2,KGID100193,Aarav,1981-11-17,M,AB+,0,2019-05-14
194,1,43,5,3,KGID100194,Frado,1970-11-13,M,O-,0,2013-03-18
195,1,43,10,4,KGID100195,Anita,2000-10-28,F,A+,0,2025-06-20
196,1,43,7,2,KGID100196,Charan,1977-12-13,M,A+,0,2002-10-08
197,1,43,10,6,KGID100197,Hema,1987-01-07,F,AB+,0,1998-04-02
198,1,43,6,5,KGID100198,Barkha,1996-07-01,F,AB+,0,2007-11-23
199,1,43,6,4,KGID100199,Ranveer,1981-07-18,M,O-,0,2015-06-29
200,1,43,10,6,KGID100200,Ekbal,1984-02-18,M,O+,1,2014-03-14
201,1,44,5,6,KGID100201,Jacob,1994-03-04,M,B-,0,2014-04-05
202,1,44,7,1,KGID100202,Neel,1985-08-29,M,A+,0,2017-07-26
203,1,44,10,4,KGID100203,Oliver,1988-01-15,M,B+,0,2022-06-17
204,1,44,7,2,KGID100204,Girish,1998-10-24,M,B+,0,1998-11-23
205,1,44,10,6,KGID100205,Samaksh,1995-01-03,M,B+,0,2011-10-15
206,1,44,10,6,KGID100206,Wriddhish,1993-01-29,M,O+,0,2015-10-07
207,1,44,6,4,KGID100207,Girik,1988-12-10,M,O+,0,1996-12-10
208,1,44,10,3,KGID100208,Gabriel,1994-05-26,M,A-,0,2006-07-09
209,1,44,7,4,KGID100209,Arunima,1968-07-01,F,O-,0,2013-06-29
210,1,44,6,1,KGID100210,Sai,1980-03-01,F,B+,0,2023-11-24
211,1,44,10,6,KGID100211,Advaith,1971-10-14,M,O+,0,2017-12-09
212,1,44,10,1,KGID100212,Zaitra,1983-12-29,F,A-,0,2002-01-19
213,1,44,5,5,KGID100213,Hemang,1981-12-25,M,B-,0,1996-11-16
214,1,44,10,2,KGID100214,Sai,1974-04-11,F,A-,0,2001-01-18
215,1,44,10,3,KGID100215,Qadim,1983-12-08,M,B-,0,2002-04-18
216,1,44,7,2,KGID100216,Ekansh,1989-02-27,M,B-,0,2011-09-15
217,1,44,10,4,KGID100217,Umang,1998-10-13,M,A+,0,2018-05-12
218,1,44,10,3,KGID100218,Qabil,1968-09-21,M,O+,0,2023-09-12
219,1,44,10,5,KGID100219,Tristan,1996-08-04,M,O+,0,2002-02-10
220,1,45,10,4,KGID100220,Yashoda,1997-11-07,F,O-,0,2022-09-27
221,1,45,6,4,KGID100221,Harini,1996-08-05,F,A+,0,2020-04-30
222,1,45,6,6,KGID100222,Chaman,2003-05-01,F,B-,0,2010-08-05
223,1,45,6,3,KGID100223,Ria,1971-08-26,F,A+,0,2009-11-01
224,1,45,9,4,KGID100224,Chatura,1995-01-21,M,O+,0,2007-09-23
225,1,45,9,6,KGID100225,Lakshit,2002-10-24,M,O+,0,2025-05-28
226,1,45,10,5,KGID100226,Gaurang,1969-12-09,M,O+,0,2020-06-21
227,1,45,10,4,KGID100227,Theodore,1970-02-01,M,B-,0,2017-01-06
228,1,45,10,1,KGID100228,Gaurav,2000-07-11,M,O+,1,2025-02-28
229,1,45,10,5,KGID100229,Chandresh,2003-01-19,M,B+,0,2013-05-07
230,1,45,6,6,KGID100230,Anthony,1969-02-14,M,A-,0,2008-04-09
231,1,45,10,4,KGID100231,Darpan,2001-11-30,M,B-,0,2015-05-31
232,1,46,6,3,KGID100232,Ishaan,1986-09-20,M,A+,0,2002-05-01
233,1,46,10,2,KGID100233,Mason,1982-06-12,M,O-,0,2015-07-10
234,1,46,10,6,KGID100234,Waida,1985-07-30,F,O+,0,1999-12-17
235,1,46,5,4,KGID100235,Ranveer,1991-09-17,M,A+,0,2006-08-17
236,1,46,9,1,KGID100236,Utkarsh,2001-06-21,M,A+,0,2012-11-21
237,1,46,10,5,KGID100237,Vedant,1984-06-06,M,B+,0,2022-03-29
238,1,46,10,2,KGID100238,Teerth,1987-09-23,M,O-,0,2012-04-19
239,1,46,10,5,KGID100239,Aarav,1987-04-11,M,A+,0,2003-12-04
240,1,46,5,5,KGID100240,Urvashi,1989-02-02,F,O+,0,2005-12-13
241,1,46,6,2,KGID100241,Orinder,1977-04-26,M,A+,0,2000-07-15
242,1,46,9,1,KGID100242,George,1976-05-18,M,B+,0,2009-11-14
243,1,46,10,1,KGID100243,Onkar,1999-11-03,M,B-,0,2020-06-03
244,1,46,10,5,KGID100244,Farhan,1974-03-09,M,A+,0,2016-12-06
245,1,46,9,6,KGID100245,Yug,1986-07-13,M,O-,0,2011-10-20
246,1,46,10,6,KGID100246,Pranav,1997-05-26,M,A+,0,2011-03-26
247,1,47,10,1,KGID100247,Meghana,1982-10-19,F,AB+,0,2016-03-02
248,1,47,6,3,KGID100248,Tarak,1980-02-13,M,A-,0,2019-01-21
249,1,47,9,5,KGID100249,Chandran,1976-10-19,M,A-,0,2023-10-10
250,1,47,9,3,KGID100250,Mohammed,1999-06-03,M,AB+,0,2007-10-13
251,1,47,7,1,KGID100251,Azad,1977-10-29,M,O-,0,2025-04-04
252,1,47,9,2,KGID100252,Osha,1993-06-04,F,AB+,0,2015-10-21
253,1,47,10,4,KGID100253,Jason,1999-03-24,M,AB+,0,2003-08-28
254,1,47,10,6,KGID100254,Tanay,1979-01-18,M,O+,0,2001-12-26
255,1,47,6,1,KGID100255,Farhan,2002-01-26,M,A+,0,2008-11-15
256,1,47,10,6,KGID100256,Ekavir,1982-01-27,M,O+,0,2004-07-15
257,1,47,9,5,KGID100257,Ansh,1986-01-19,M,A-,0,2008-11-09
258,1,47,10,6,KGID100258,Shivansh,1989-08-07,M,O-,0,2024-12-26
259,1,47,10,3,KGID100259,Wishi,1999-05-13,F,A-,0,2021-12-06
260,1,47,9,2,KGID100260,Zayyan,1989-06-12,M,B-,0,2023-09-09
261,1,47,10,5,KGID100261,Avni,2002-07-27,F,O+,0,2006-02-15
262,1,48,6,5,KGID100262,Onveer,1992-09-02,M,O-,0,1997-07-10
263,1,48,9,1,KGID100263,Aryan,2002-02-02,M,A-,0,2007-05-16
264,1,48,10,2,KGID100264,Omya,1968-02-25,F,O+,0,2006-01-02
265,1,48,10,1,KGID100265,Chanakya,1995-09-06,M,B+,0,2000-12-16
266,1,48,10,2,KGID100266,Jagdish,1970-08-17,M,B-,0,2007-12-19
267,1,48,7,2,KGID100267,Fitan,1998-07-10,M,AB+,0,2019-01-20
268,1,48,10,6,KGID100268,Yagnesh,1973-09-02,M,O+,0,1997-10-11
269,1,48,10,1,KGID100269,Harrison,1988-06-08,M,B+,0,2014-11-26
270,1,48,7,3,KGID100270,Jonathan,1979-07-05,M,AB+,0,2016-11-05
271,1,48,10,3,KGID100271,Balveer,1969-05-17,M,B+,0,2003-08-03
272,1,48,10,3,KGID100272,Harsh,1980-02-09,M,B-,0,2012-12-22
273,1,48,7,1,KGID100273,Lakshit,1978-01-29,M,B+,0,2014-12-31
274,1,49,10,2,KGID100274,Maanav,1996-10-10,M,O-,0,1999-04-22
275,1,49,10,1,KGID100275,Mohammed,1977-01-14,M,AB+,0,2010-06-23
276,1,49,10,6,KGID100276,Maanav,2000-01-07,M,B+,0,2023-02-09
277,1,49,6,1,KGID100277,Irya,1983-03-17,F,AB+,0,2020-09-01
278,1,49,10,1,KGID100278,Patrick,1982-05-04,M,O-,0,2010-02-28
279,1,49,10,6,KGID100279,Jairaj,1969-08-15,M,AB+,0,2020-11-17
280,1,49,5,2,KGID100280,Krish,1984-04-03,M,O-,0,2008-05-17
281,1,49,7,3,KGID100281,Daksh,1991-09-26,M,A+,0,2019-09-12
282,1,49,10,4,KGID100282,Anthony,1989-12-15,M,A-,0,2016-03-27
283,1,49,7,2,KGID100283,Zansi,1971-10-12,F,O+,0,2000-10-19
284,1,49,9,5,KGID100284,Samaksh,1978-06-17,M,A-,0,2025-01-16
285,1,49,10,6,KGID100285,Akshay,1969-05-19,M,O-,0,2021-12-13
286,1,49,10,2,KGID100286,Ishaan,1968-10-17,M,A-,0,1999-01-18
287,1,49,10,6,KGID100287,Wazir,1979-05-21,M,AB+,0,2025-05-04
288,1,49,9,6,KGID100288,Champak,1997-08-20,M,A-,0,2015-06-23
289,1,49,10,6,KGID100289,Aishani,1991-06-26,F,O+,0,2020-12-29
290,1,49,10,3,KGID100290,Jai,1987-05-03,M,O-,0,2000-12-23
291,1,50,10,4,KGID100291,Imaran,1976-11-28,M,AB+,0,2001-05-03
292,1,50,10,6,KGID100292,Tejas,1969-07-04,M,O-,0,1999-05-03
293,1,50,9,4,KGID100293,Viraj,1998-11-07,M,AB+,0,2024-11-15
294,1,50,7,1,KGID100294,Vritti,1979-12-23,F,AB+,0,2024-09-04
295,1,50,10,5,KGID100295,Anirudh,1976-01-02,M,AB+,0,2023-04-29
296,1,50,9,3,KGID100296,Xalak,2002-08-25,F,B-,0,2025-03-21
297,1,50,10,6,KGID100297,Naveen,1985-09-30,M,AB+,1,2022-01-14
298,1,50,9,3,KGID100298,Ronith,1967-10-28,M,O+,0,2014-09-16
299,1,51,10,5,KGID100299,Jagdish,2000-08-25,M,A+,0,2000-11-02
300,1,51,10,1,KGID100300,Zayan,1975-02-22,M,A-,0,2017-03-06
301,1,51,7,6,KGID100301,Ekapad,1982-06-29,M,A-,0,2001-12-10
302,1,51,9,2,KGID100302,Jeremiah,1984-07-19,M,O+,0,2007-10-13
303,1,51,7,2,KGID100303,Parth,1982-08-29,M,A-,0,2024-09-29
304,1,51,9,6,KGID100304,Praneel,1996-12-18,M,O-,0,2020-05-18
305,1,51,7,6,KGID100305,Veer,1973-09-15,M,B-,0,1999-05-23
306,1,51,7,5,KGID100306,Dalbir,1985-06-29,M,O+,0,2004-05-12
307,1,51,5,3,KGID100307,Qasim,1978-09-29,M,O-,0,2001-02-16
308,1,51,10,1,KGID100308,Benjamin,1973-11-08,M,O+,0,2003-02-22
309,1,51,7,6,KGID100309,Samaksh,1985-12-09,M,A-,0,2014-10-02
310,1,51,7,2,KGID100310,Tarak,2002-11-21,M,A-,0,2024-01-14
311,1,51,6,5,KGID100311,Lakshit,2002-05-06,M,O-,0,2010-04-01
312,1,51,10,3,KGID100312,Falan,1989-07-19,M,B-,0,2002-01-23
313,1,52,7,4,KGID100313,Ayaan,1984-08-31,M,B+,0,1998-09-13
314,1,52,6,4,KGID100314,Ishwar,1973-03-10,M,O-,0,2024-01-18
315,1,52,9,4,KGID100315,Wridesh,1978-04-07,M,AB+,0,2015-02-06
316,1,52,9,4,KGID100316,Darpan,1995-11-04,M,B+,0,2013-12-28
317,1,52,10,3,KGID100317,Rajata,1967-08-23,F,A+,0,2014-04-27
318,1,52,9,1,KGID100318,Lila,1973-06-11,F,B-,0,2009-06-01
319,1,52,10,2,KGID100319,Nirja,1993-11-25,F,O+,0,2019-09-05
320,1,52,6,1,KGID100320,Pratyush,1988-06-10,M,B+,0,1997-03-13
321,1,52,6,4,KGID100321,Varsha,1999-06-09,F,A+,0,2007-09-09
322,1,52,10,1,KGID100322,Anirudh,1977-09-24,M,O+,0,2018-01-23
323,1,52,10,6,KGID100323,Daksh,1975-01-29,M,B-,0,2003-02-17
324,1,52,10,4,KGID100324,Udarsh,1982-05-20,M,B-,0,2008-10-02
325,1,52,9,5,KGID100325,Abhiram,1999-03-10,M,A+,0,2006-07-20
326,1,52,10,2,KGID100326,Chanakya,1981-11-19,M,A-,0,1997-03-21
327,1,52,10,3,KGID100327,Dalbir,1981-03-15,M,B+,0,2019-08-12
328,1,53,9,5,KGID100328,Kalpit,1968-11-02,M,AB+,0,2024-06-08
329,1,53,9,5,KGID100329,Dayamai,1981-11-23,F,A+,0,2023-03-18
330,1,53,7,3,KGID100330,Faris,1991-05-25,M,AB+,0,2017-11-15
331,1,53,9,2,KGID100331,Owen,1979-05-30,M,B-,0,2021-05-13
332,1,53,10,5,KGID100332,Tanay,1970-08-24,M,A-,0,2023-10-06
333,1,53,9,4,KGID100333,Baghyawati,1998-07-09,F,O-,0,2021-03-08
334,1,53,5,3,KGID100334,Hredhaan,1983-06-09,M,B-,0,2019-08-19
335,1,53,10,6,KGID100335,Amol,1984-06-27,M,B-,0,2011-03-28
336,1,54,7,2,KGID100336,Luke,1971-09-27,M,A+,0,2007-10-16
337,1,54,9,6,KGID100337,Anmol,1990-09-01,M,AB+,1,2020-07-14
338,1,54,10,2,KGID100338,Udant,1980-07-16,M,A+,0,2017-08-13
339,1,54,10,2,KGID100339,Vasana,2001-07-09,F,A+,0,2012-08-29
340,1,54,10,3,KGID100340,Netra,1975-08-19,F,A-,0,2007-03-09
341,1,54,9,1,KGID100341,Indira,1998-08-12,F,O-,0,2005-09-26
342,1,54,6,1,KGID100342,Advaith,2003-03-26,M,O-,0,2015-06-29
343,1,54,7,4,KGID100343,Zayan,1997-08-24,M,AB+,0,2016-05-08
344,1,54,10,2,KGID100344,Adya,1994-08-20,F,AB+,0,2022-05-02
345,1,54,7,3,KGID100345,Zehaan,1968-03-19,M,O-,0,2004-05-03
346,1,54,10,2,KGID100346,Lohit,1980-02-04,M,A-,0,2015-03-05
347,1,54,10,3,KGID100347,Ishwar,1999-01-13,M,O+,0,2023-08-02
348,1,54,10,4,KGID100348,Aarav,1968-03-28,M,O+,0,2003-01-05
349,1,54,6,5,KGID100349,Yug,1977-07-15,M,AB+,0,2005-01-04
350,1,54,6,1,KGID100350,Vaishnavi,2002-12-14,F,B-,0,2010-06-03
351,1,54,6,6,KGID100351,Wahab,1982-08-06,M,B+,0,2017-02-16
352,1,54,9,4,KGID100352,Zehaan,1982-11-02,M,A+,0,2008-04-21
353,1,54,9,3,KGID100353,Faraj,2001-03-19,M,AB+,0,1999-04-05
354,1,54,10,4,KGID100354,Daniel,2000-04-05,M,O+,0,2002-10-11
355,1,54,9,5,KGID100355,Wyatt,1988-09-18,M,O+,0,1999-12-14
356,1,55,5,1,KGID100356,Jeet,1984-05-25,M,B-,0,2009-06-05
357,1,55,6,1,KGID100357,Laksh,1983-06-11,M,O+,0,2022-01-24
358,1,55,10,5,KGID100358,Jason,1998-09-09,M,O+,0,2020-05-31
359,1,55,10,2,KGID100359,Veda,1989-04-20,F,O-,0,2013-07-26
360,1,55,7,1,KGID100360,Nathan,1983-03-19,M,O-,0,2018-03-21
361,1,55,10,3,KGID100361,Gaurangi,2001-04-09,F,B-,0,2001-12-15
362,1,55,6,2,KGID100362,Wyatt,1982-11-28,M,B-,0,2018-10-07
363,1,55,10,3,KGID100363,Ronith,1992-09-22,M,A-,0,2012-03-10
364,1,55,7,2,KGID100364,Yahvi,1976-12-23,F,O-,0,2023-05-04
365,1,55,9,4,KGID100365,Avi,1991-11-22,M,O-,1,2020-07-05
366,1,55,6,1,KGID100366,David,1985-08-01,M,O+,0,2000-02-23
367,1,55,9,4,KGID100367,Ishwar,1972-08-03,M,O-,0,2014-12-11
368,1,55,10,3,KGID100368,Jairaj,1969-12-24,M,B-,0,2018-07-23
369,1,55,9,2,KGID100369,Ranveer,1976-11-25,M,O-,0,2015-10-11
370,1,55,10,2,KGID100370,Ronith,1995-05-11,M,AB+,0,2022-07-25
371,1,55,6,5,KGID100371,Vritti,1982-05-12,F,B+,0,2017-01-13
372,1,55,6,2,KGID100372,Abdul,1999-12-28,M,O+,0,2011-04-17
373,1,55,10,1,KGID100373,Warinder,2002-07-10,M,O+,0,1999-01-20
374,1,56,9,5,KGID100374,Isaac,1977-04-29,M,A-,0,2003-08-11
375,1,56,9,5,KGID100375,Vivaan,1999-01-13,M,B+,0,2022-11-22
376,1,56,6,3,KGID100376,Yagnesh,1975-08-26,M,O-,0,2017-09-01
377,1,56,6,1,KGID100377,Patrick,1998-04-03,M,A+,0,2000-06-08
378,1,56,10,2,KGID100378,Udant,1975-09-13,M,O-,0,2006-05-14
379,1,56,10,6,KGID100379,Harish,1993-01-19,M,A-,0,2006-06-18
380,1,56,9,6,KGID100380,Vidhi,1989-01-09,F,AB+,0,2017-05-15
381,1,56,10,4,KGID100381,Ekbal,1996-03-16,M,AB+,0,2005-12-09
382,1,56,9,3,KGID100382,Nihal,1993-10-05,M,O-,0,2010-10-11
383,1,56,6,4,KGID100383,Vedant,1973-07-13,M,B+,0,1999-11-06
384,1,56,10,2,KGID100384,Jatin,1979-09-03,M,AB+,0,2011-07-15
385,1,56,10,1,KGID100385,Hardik,1991-08-02,M,O+,0,2013-04-18
386,1,56,10,2,KGID100386,Chameli,1972-05-09,F,O-,0,2021-10-29
387,1,56,10,2,KGID100387,Simon,1981-10-28,M,AB+,1,1998-12-05
388,1,56,6,4,KGID100388,Lakshit,1997-08-01,M,A+,0,2001-07-02
389,1,56,9,2,KGID100389,Michael,1991-03-14,M,B+,0,1996-12-23
390,1,57,9,6,KGID100390,Charan,1988-04-11,M,B-,0,2020-07-18
391,1,57,6,4,KGID100391,Daniel,1987-03-26,M,B+,0,2006-08-09
392,1,57,7,3,KGID100392,Oscar,1999-06-06,M,A+,0,2011-05-25
393,1,57,10,5,KGID100393,Rayaan,1982-10-21,M,O+,0,2007-03-20
394,1,57,7,3,KGID100394,Nihal,1975-10-26,M,O-,1,2010-07-12
395,1,57,10,1,KGID100395,Matthew,1979-03-02,M,AB+,0,2011-08-19
396,1,57,9,3,KGID100396,Jagrati,1991-08-31,F,O-,0,2023-01-30
397,1,57,10,1,KGID100397,Aayush,1968-03-23,M,A+,0,2016-09-15
398,1,58,9,4,KGID100398,Azaan,1969-06-08,M,B+,0,2013-07-14
399,1,58,10,5,KGID100399,Wriddhish,1971-06-08,M,O+,0,2000-08-06
400,1,58,7,3,KGID100400,Harinakshi,1974-10-03,F,A-,0,2004-06-25
401,1,58,9,6,KGID100401,Advika,1996-01-22,F,A-,0,2011-12-14
402,1,58,10,6,KGID100402,Harini,1988-11-27,F,A+,0,2021-12-28
403,1,58,7,6,KGID100403,Om,1973-12-23,M,O-,0,2013-04-16
404,1,58,9,6,KGID100404,Girish,1983-01-11,M,O-,0,2023-01-15
405,1,58,10,1,KGID100405,Jagat,1975-09-04,M,A-,0,2015-03-18
406,1,58,7,4,KGID100406,Hritik,2000-11-06,M,B+,0,2000-11-26
407,1,58,9,6,KGID100407,Andrew,1975-05-21,M,A+,0,2001-08-19
408,1,58,10,4,KGID100408,Udant,1997-11-24,M,B-,0,2018-09-22
409,1,58,9,4,KGID100409,Chatresh,1998-07-30,M,O-,0,2017-02-07
410,1,58,7,5,KGID100410,Owen,1993-01-18,M,B+,0,2013-12-12
411,1,58,9,4,KGID100411,Upasna,1972-07-03,F,O+,0,2023-02-12
412,1,58,9,5,KGID100412,Imaran,2000-07-07,M,O+,0,2011-09-23
413,1,58,7,6,KGID100413,Amaira,1996-01-19,F,O+,0,2019-01-12
414,1,58,10,5,KGID100414,Jai,2002-05-20,M,O+,0,1996-10-30
415,1,58,10,3,KGID100415,Riya,1970-01-02,F,B-,0,2022-09-29
416,1,58,10,3,KGID100416,Harshil,1980-01-21,M,A-,0,2008-06-15
417,1,59,10,5,KGID100417,Nathan,1973-11-17,M,B-,0,2009-09-07
418,1,59,10,3,KGID100418,Jeevika,1985-05-28,F,O-,0,1999-01-19
419,1,59,10,6,KGID100419,Udarsh,1983-01-21,M,A+,0,2008-03-20
420,1,59,10,4,KGID100420,Advay,1994-10-31,M,B+,0,1996-09-28
421,1,59,6,6,KGID100421,Samarth,1995-03-28,M,O+,0,2013-06-30
422,1,59,9,2,KGID100422,Yug,1980-08-10,M,A+,0,2021-03-06
423,1,59,9,1,KGID100423,Ekaraj,1975-06-06,M,A+,0,2017-03-05
424,1,59,10,2,KGID100424,Yash,1996-09-24,M,A+,0,2010-11-05
425,1,59,10,6,KGID100425,Unnati,1969-07-17,F,AB+,0,2021-08-15
426,1,59,5,3,KGID100426,Gautam,1971-11-01,M,O+,0,1997-06-20
427,1,59,10,5,KGID100427,Vasatika,1994-12-24,F,B+,0,2015-07-10
428,1,59,6,2,KGID100428,Hitesh,1977-03-14,M,AB+,0,2013-01-19
429,1,59,6,4,KGID100429,Chatura,1994-03-04,M,O-,0,2014-05-07
430,1,59,5,3,KGID100430,Chandani,1997-01-20,F,A+,0,2019-02-16
431,1,59,10,3,KGID100431,Mason,1987-03-24,M,O+,0,2011-07-19
432,1,59,9,2,KGID100432,Tanish,1976-07-02,M,O-,0,2024-03-31
433,1,59,6,3,KGID100433,Rachit,1997-07-05,M,B+,0,2007-05-12
434,1,59,7,1,KGID100434,Utkarsh,1989-06-01,M,B-,0,1999-03-26
435,1,59,7,2,KGID100435,Theodore,1996-07-20,M,B+,0,2017-08-02
436,1,59,10,4,KGID100436,Ojas,2000-10-23,M,A-,0,2001-07-14
437,1,60,10,2,KGID100437,Darpan,1995-11-24,M,AB+,0,1997-06-10
438,1,60,10,2,KGID100438,Timothy,1988-08-20,M,AB+,0,2001-09-17
439,1,60,10,6,KGID100439,Advika,1977-09-18,F,A-,0,2015-04-17
440,1,60,7,1,KGID100440,Dominic,1988-10-02,M,B-,0,2024-06-24
441,1,60,10,5,KGID100441,Atharv,1984-06-24,M,B-,0,2023-09-03
442,1,60,9,3,KGID100442,Faras,1990-03-12,M,O+,0,1999-10-06
443,1,60,10,2,KGID100443,Qarin,1976-12-25,M,AB+,0,2013-01-14
444,1,60,10,5,KGID100444,Brijesh,1980-11-09,M,AB+,0,2018-10-16
445,1,60,6,2,KGID100445,Pallavi,1995-10-30,F,B-,0,2011-12-20
446,1,60,10,4,KGID100446,Unni,1986-05-29,F,A-,0,2024-06-14
447,1,60,9,1,KGID100447,Harrison,1975-03-12,M,O-,0,2012-06-07
448,1,60,9,2,KGID100448,Fitan,2002-05-15,M,B+,0,2014-05-27
449,1,60,10,2,KGID100449,Brijesh,1979-02-13,M,B-,0,2018-05-24
450,1,60,9,1,KGID100450,Darsh,1967-07-27,M,AB+,0,1998-08-19
451,1,61,10,4,KGID100451,Ekansh,1973-09-17,M,B-,0,2017-10-23
452,1,61,10,1,KGID100452,Frederick,1999-06-12,M,B-,0,2017-04-17
453,1,61,10,6,KGID100453,Balvan,1978-06-09,M,A+,0,2024-12-08
454,1,61,6,4,KGID100454,Quincy,1976-11-13,M,A+,0,1997-04-17
455,1,61,10,6,KGID100455,Akshay,1971-06-19,M,B-,0,2024-04-27
456,1,61,5,4,KGID100456,Peter,1990-05-29,M,AB+,0,1999-08-08
457,1,61,10,6,KGID100457,Warhi,1987-05-16,F,B-,0,2022-07-14
458,1,61,6,1,KGID100458,Guneet,1985-02-24,M,B+,1,2016-11-21
459,1,61,10,2,KGID100459,Mason,2000-03-15,M,O-,0,1999-06-12
460,1,61,10,6,KGID100460,Xavier,1967-07-24,M,B-,0,2011-04-14
461,1,61,6,2,KGID100461,David,1976-11-07,M,AB+,0,2009-11-26
462,1,61,6,6,KGID100462,Elijah,1993-03-17,M,O-,0,2024-06-15
463,1,61,10,1,KGID100463,Baghyawati,1971-07-01,F,B+,0,2017-11-03
464,1,61,10,5,KGID100464,Quincy,1992-10-26,M,B-,0,2021-09-07
465,1,62,10,4,KGID100465,Anirudh,1968-03-03,M,B+,0,2008-02-04
466,1,62,7,2,KGID100466,Chandresh,2000-06-13,M,A-,1,2014-08-27
467,1,62,6,5,KGID100467,Henry,1978-11-28,M,O+,0,2022-04-27
468,1,62,6,2,KGID100468,Upkaar,2000-08-20,M,O+,0,1996-11-30
469,1,62,9,4,KGID100469,Keya,1985-03-06,F,O+,0,2021-11-19
470,1,62,9,6,KGID100470,Yash,1997-11-19,M,B+,0,1996-10-11
471,1,62,9,3,KGID100471,Jonathan,1992-03-06,M,B-,0,2009-06-13
472,1,62,10,4,KGID100472,Nicholas,2003-05-04,M,AB+,0,1998-11-28
473,1,63,9,2,KGID100473,Yagnesh,1995-07-06,M,O-,0,2020-03-26
474,1,63,10,4,KGID100474,Netra,1973-08-07,F,A+,0,2013-07-05
475,1,63,9,2,KGID100475,Netra,1983-06-19,F,AB+,0,2021-06-07
476,1,63,9,4,KGID100476,Harsh,1989-04-04,M,O-,0,2002-09-09
477,1,63,6,1,KGID100477,Girish,1969-06-02,M,O+,0,2008-05-23
478,1,63,10,1,KGID100478,Ekalinga,1981-04-24,M,B+,0,2016-10-03
479,1,63,7,2,KGID100479,Harish,1970-03-29,M,AB+,0,2012-04-02
480,1,63,10,1,KGID100480,Hamsini,1992-09-17,F,B+,0,2016-08-12
481,1,63,10,4,KGID100481,Lakshmi,1975-08-23,F,B+,0,2007-11-08
482,1,63,10,2,KGID100482,Rushil,1992-03-29,M,A-,0,2006-12-01
483,1,63,9,6,KGID100483,Nachiket,1988-12-10,M,O+,0,2018-10-19
484,1,63,6,4,KGID100484,Dev,1991-07-27,M,A+,0,2010-03-30
485,1,63,7,3,KGID100485,Ranveer,1991-08-19,M,B+,0,2022-10-24
486,1,63,9,2,KGID100486,Ekavir,1999-09-30,M,B-,0,2003-04-21
487,1,64,9,6,KGID100487,Teerth,1986-11-06,M,AB+,0,2008-08-17
488,1,64,10,5,KGID100488,Mohammed,1973-01-16,M,O-,0,2007-08-13
489,1,64,6,3,KGID100489,Madhav,1996-02-27,M,O+,0,1998-08-16
490,1,64,7,6,KGID100490,Ayushman,1978-09-18,M,AB+,0,2012-01-06
491,1,64,10,2,KGID100491,Yuvraj,1996-01-24,M,B-,0,2006-08-02
492,1,64,6,6,KGID100492,Gaurav,1969-08-15,M,A+,0,2023-01-15
493,1,64,10,6,KGID100493,Ishita,1973-06-28,F,A+,0,2019-12-29
494,1,64,6,2,KGID100494,Maanas,1976-07-01,M,A+,0,2022-04-27
495,1,64,9,3,KGID100495,Frado,1984-04-05,M,A+,0,2017-06-18
496,1,64,9,4,KGID100496,Nihal,1988-12-19,M,B-,0,2002-04-10
497,1,64,9,1,KGID100497,Advay,1972-04-20,M,A+,0,2002-10-02
498,1,64,5,1,KGID100498,Indrajit,1970-02-18,M,A-,0,1998-06-26
499,1,65,6,2,KGID100499,Devansh,1976-03-09,M,A+,0,2009-03-03
500,1,65,10,5,KGID100500,Matthew,1975-09-15,M,A-,0,2005-09-12
501,1,65,7,1,KGID100501,Lohit,1968-12-10,M,O+,0,2024-11-07
502,1,65,10,6,KGID100502,Kabir,1985-03-16,M,B+,0,2012-09-29
503,1,65,10,6,KGID100503,Bishakha,1984-05-11,F,O-,0,2000-09-28
504,1,65,10,4,KGID100504,Isaac,1997-11-24,M,A+,0,1997-08-30
505,1,65,10,4,KGID100505,Rushil,2000-05-02,M,B-,0,1999-02-11
506,1,65,6,1,KGID100506,Omkaar,1993-05-29,M,A-,0,2018-09-16
507,1,65,6,6,KGID100507,Viraj,1987-10-20,M,A-,0,2019-05-11
508,1,65,10,3,KGID100508,Abeer,1974-12-23,M,A-,0,2008-12-12
509,1,65,6,3,KGID100509,Baljiwan,1983-12-25,M,A+,0,2019-06-14
510,1,65,7,6,KGID100510,Isaiah,1982-10-10,M,O-,0,2005-12-07
511,1,65,10,2,KGID100511,Joshua,2002-12-22,M,A-,0,2007-02-09
512,1,65,6,3,KGID100512,Balhaar,1987-10-05,M,AB+,0,1996-10-08
513,1,65,5,6,KGID100513,Rushil,1993-12-01,M,A+,0,2012-06-24
514,1,65,10,4,KGID100514,Sanya,1999-04-08,F,B+,0,2000-11-21
515,1,65,7,5,KGID100515,Fitan,1974-09-09,M,AB+,0,2015-06-19
516,1,65,9,4,KGID100516,Ishaan,1970-09-25,M,AB+,0,1999-03-01
517,1,66,10,6,KGID100517,Ekanta,1994-11-23,F,A-,0,2006-11-29
518,1,66,9,2,KGID100518,Faraj,1990-06-28,M,B-,0,1997-11-24
519,1,66,10,6,KGID100519,Harish,1991-12-24,M,B+,0,2008-01-09
520,1,66,10,1,KGID100520,Isaiah,1996-01-29,M,O+,0,2020-08-12
521,1,66,10,1,KGID100521,Rehaan,1973-06-25,M,B+,0,2022-03-07
522,1,66,9,1,KGID100522,George,1986-07-10,M,A+,0,2019-04-25
523,1,66,9,3,KGID100523,Zashil,1986-02-13,M,O-,0,1997-07-21
524,1,66,10,1,KGID100524,Zayan,1984-08-16,M,B-,0,2013-02-05
525,1,66,5,5,KGID100525,Advika,1982-04-29,F,A-,0,1997-04-21
526,1,66,10,3,KGID100526,Nathan,1992-06-21,M,O+,0,2015-02-01
527,1,66,10,4,KGID100527,Nitesh,1972-06-16,M,O+,0,2021-11-27
528,1,66,10,2,KGID100528,Matthew,2002-05-08,M,B-,0,2024-03-16
529,1,66,10,1,KGID100529,Yatin,1977-12-06,M,B+,0,1999-11-05
530,1,66,10,5,KGID100530,Nisha,1975-06-30,F,AB+,0,2014-08-10
531,1,66,10,6,KGID100531,Ayushman,1971-12-17,M,A-,0,1998-05-25
532,1,66,6,2,KGID100532,Ishaan,1994-10-23,M,AB+,0,2007-05-05
533,1,67,10,6,KGID100533,Upadhriti,1981-12-27,F,B-,0,2012-07-19
534,1,67,10,4,KGID100534,Qadim,1993-10-10,M,O+,0,2014-08-03
535,1,67,10,5,KGID100535,David,2002-01-31,M,B+,0,1996-08-16
536,1,67,7,5,KGID100536,Girish,1982-08-15,M,A+,0,2014-07-31
537,1,67,7,4,KGID100537,Devansh,1975-10-02,M,O-,0,2023-05-15
538,1,67,6,4,KGID100538,Jeremiah,1968-04-30,M,B-,0,2022-01-02
539,1,67,10,6,KGID100539,Faras,1984-05-08,M,B+,0,1997-07-06
540,1,67,10,5,KGID100540,Oliver,1996-09-20,M,AB+,0,1999-09-20
541,1,67,6,6,KGID100541,Zehaan,1978-05-30,M,AB+,0,2002-06-14
542,1,67,10,5,KGID100542,Manbir,2000-05-05,M,A-,0,2011-08-27
543,1,67,7,6,KGID100543,Abeer,1969-10-27,M,B-,0,2018-02-22
544,1,67,10,6,KGID100544,Ayush,1980-11-13,M,B-,0,2025-07-05
545,1,67,10,4,KGID100545,Falguni,1997-12-22,F,A+,0,2011-05-18
546,1,67,9,5,KGID100546,Daniel,1988-01-24,M,A-,0,2012-02-14
547,1,68,10,4,KGID100547,Charles,1983-05-02,M,O-,0,2017-06-24
548,1,68,10,1,KGID100548,Ikbal,2001-06-10,M,AB+,0,2001-12-04
549,1,68,5,1,KGID100549,Aryan,1967-08-05,M,O-,0,2007-10-15
550,1,68,10,4,KGID100550,Bahadurjit,1991-02-28,M,O-,0,2019-06-28
551,1,68,9,4,KGID100551,Naveen,1970-02-02,M,B-,0,2007-05-13
552,1,68,10,6,KGID100552,Nathaniel,1972-01-20,M,A+,0,2020-07-21
553,1,68,10,2,KGID100553,Ojas,1988-06-22,M,B-,0,2008-07-09
554,1,68,10,5,KGID100554,Vedant,1970-07-04,M,AB+,0,2024-12-12
555,1,68,10,2,KGID100555,Michael,2003-03-01,M,B+,0,1998-03-18
556,1,68,10,5,KGID100556,Arin,1974-02-08,M,B+,0,2019-09-27
557,1,68,10,2,KGID100557,Krishna,1995-06-19,M,B+,0,2019-09-09
558,1,68,7,5,KGID100558,Aryan,1974-08-04,M,A+,0,1998-07-23
559,1,68,10,2,KGID100559,Arjun,2002-03-12,M,AB+,0,2019-08-14
560,1,68,9,6,KGID100560,George,1990-11-20,M,O+,0,2002-06-07
561,1,68,9,3,KGID100561,Chaitanya,1997-07-13,M,O+,0,1996-11-24
562,1,68,6,6,KGID100562,Ayushman,1983-10-17,M,O-,0,2010-12-29
563,1,68,10,2,KGID100563,Oscar,1980-01-04,M,O+,0,2002-03-16
564,1,69,10,2,KGID100564,Chandran,2003-04-15,M,A-,0,1999-10-13
565,1,69,9,4,KGID100565,Samesh,1988-11-18,M,B+,0,2001-09-30
566,1,69,6,2,KGID100566,Chakradev,1999-01-21,M,A-,0,2009-05-16
567,1,69,10,4,KGID100567,Jacob,2002-10-19,M,A-,0,2008-09-20
568,1,69,10,2,KGID100568,Baljiwan,1981-04-22,M,B+,0,2024-08-15
569,1,69,9,4,KGID100569,Meera,2002-10-28,F,AB+,0,1996-12-23
570,1,69,6,4,KGID100570,Ethan,1973-04-26,M,B+,0,2014-06-29
571,1,69,7,3,KGID100571,Christopher,1971-04-10,M,A+,0,2012-08-06
572,1,69,10,4,KGID100572,Nitesh,1997-11-16,M,A-,0,2002-04-11
573,1,69,9,1,KGID100573,Maanas,1995-12-22,M,A-,0,2006-11-15
574,1,69,6,3,KGID100574,Indrajit,1992-08-10,M,A-,0,1997-06-16
575,1,69,7,5,KGID100575,Ojas,1978-09-04,M,B+,1,2006-12-19
576,1,70,7,2,KGID100576,Qabil,1990-02-10,M,O+,0,2000-09-24
577,1,70,10,1,KGID100577,George,1994-07-09,M,AB+,0,2021-05-04
578,1,70,6,2,KGID100578,Karan,2000-03-14,M,O-,0,2024-03-27
579,1,70,6,5,KGID100579,Advay,1984-02-10,M,B-,0,2017-11-13
580,1,70,7,2,KGID100580,Balhaar,1991-12-06,M,O-,0,2002-01-31
581,1,70,10,5,KGID100581,Azad,1970-10-26,M,B+,0,2017-08-19
582,1,70,10,3,KGID100582,Abeer,1986-06-02,M,O-,0,2005-06-22
583,1,70,6,2,KGID100583,Chakrika,1968-08-30,F,O-,0,2023-07-04
584,1,70,5,6,KGID100584,Gaurika,2000-11-14,F,B+,0,2002-09-21
585,1,71,7,2,KGID100585,Henry,1990-10-06,M,O-,0,2006-08-12
586,1,71,10,6,KGID100586,Ekansh,2001-09-01,M,O+,0,2018-06-04
587,1,71,10,1,KGID100587,Nakul,1993-03-22,M,AB+,0,2023-03-28
588,1,71,6,3,KGID100588,Warjas,1976-12-30,M,AB+,0,2003-09-11
589,1,71,10,6,KGID100589,Bahadurjit,1997-02-25,M,A+,0,2001-04-01
590,1,71,7,3,KGID100590,Yagnesh,1993-01-14,M,O-,0,2001-11-15
591,1,71,10,4,KGID100591,Hitesh,1976-12-06,M,O-,0,2007-07-11
592,1,71,6,3,KGID100592,Hardik,1990-03-26,M,A-,0,2021-06-17
593,1,71,9,3,KGID100593,Joshua,1990-03-18,M,B-,0,2019-06-26
594,1,71,9,4,KGID100594,Ekbal,1994-02-16,M,A+,0,2014-02-27
595,1,72,10,4,KGID100595,Karan,1974-01-31,M,B+,1,2024-05-12
596,1,72,6,3,KGID100596,Hiral,1998-05-15,F,B+,0,2024-06-14
597,1,72,10,3,KGID100597,Bhavani,1976-09-27,F,O+,0,2013-06-08
598,1,72,9,1,KGID100598,Kai,1988-07-24,M,AB+,0,2007-03-28
599,1,72,7,4,KGID100599,Laksh,1977-11-09,M,B-,0,2008-12-17
600,1,72,10,1,KGID100600,Aarnav,1998-05-30,M,B+,0,1997-03-25
601,1,72,10,1,KGID100601,Aarnav,1977-12-31,M,B-,0,2014-09-30
602,1,72,6,6,KGID100602,Henry,2001-05-13,M,B+,0,2016-08-24
603,1,72,10,1,KGID100603,Thomas,1996-11-09,M,A+,0,1999-10-12
604,1,72,10,2,KGID100604,Varsha,1980-11-01,F,B-,1,2000-09-14
605,1,73,9,5,KGID100605,Ayushman,1981-06-08,M,B-,0,2002-12-31
606,1,73,10,6,KGID100606,Qadim,1985-11-06,M,B+,0,1997-04-02
607,1,73,10,2,KGID100607,Hitesh,2000-04-19,M,A+,0,2007-11-02
608,1,73,10,6,KGID100608,Finn,2003-02-21,M,AB+,0,2020-07-11
609,1,73,7,2,KGID100609,Manan,2001-02-07,M,O+,0,2004-09-18
610,1,73,9,6,KGID100610,Omkaar,1973-07-19,M,A-,0,1996-11-08
611,1,73,10,6,KGID100611,Pahal,2001-06-19,F,O+,0,2010-07-02
612,1,73,10,4,KGID100612,Jeet,2001-02-25,M,O+,0,1998-05-24
613,1,73,7,2,KGID100613,Henry,1974-11-21,M,AB+,0,2009-10-09
614,1,73,9,1,KGID100614,Nitesh,1976-05-07,M,A-,0,2020-09-21
615,1,74,6,2,KGID100615,Garima,2000-11-27,F,AB+,0,2012-12-11
616,1,74,10,6,KGID100616,George,1978-01-06,M,B+,0,2007-02-28
617,1,74,7,1,KGID100617,Hemani,1973-05-06,F,A-,0,2006-10-31
618,1,74,10,1,KGID100618,Azaan,1968-09-28,M,O-,0,2008-01-30
619,1,74,7,4,KGID100619,Jagat,1997-10-09,M,AB+,0,2005-03-06
620,1,74,9,5,KGID100620,Ekaraj,1979-11-06,M,B+,0,2000-09-04
621,1,74,9,2,KGID100621,Zayyan,1976-06-04,M,O-,0,2000-04-26
622,1,74,9,6,KGID100622,Ronith,1975-04-02,M,B-,0,1996-09-20
623,1,75,7,2,KGID100623,Rudra,1977-08-20,M,A+,0,2009-05-08
624,1,75,10,5,KGID100624,Ekanta,1999-10-15,F,A-,0,2017-04-02
625,1,75,7,2,KGID100625,Champak,1992-08-15,M,A+,0,2017-04-03
626,1,75,10,4,KGID100626,Azad,1998-09-26,M,O+,0,2023-12-17
627,1,75,7,2,KGID100627,Hemang,1972-01-11,M,O+,0,2016-03-13
628,1,75,10,1,KGID100628,Dalbir,2000-08-21,M,O-,0,2016-09-26
629,1,75,10,5,KGID100629,Gaurav,1970-09-13,M,A+,0,1996-09-23
630,1,75,9,4,KGID100630,Kamya,2001-05-12,F,AB+,0,2014-10-07
631,1,75,6,2,KGID100631,Ayushman,1994-07-09,M,O+,0,2016-03-16
632,1,75,6,6,KGID100632,Hardik,1971-02-10,M,B-,0,1999-08-12
633,1,75,10,1,KGID100633,Logan,1987-12-09,M,B+,0,2004-11-23
634,1,75,6,2,KGID100634,Rudra,1985-01-21,M,O-,0,2011-10-16
635,1,76,7,4,KGID100635,Daksha,1969-04-01,F,B+,0,2025-01-12
636,1,76,7,3,KGID100636,Oliver,1993-11-17,M,O-,0,2004-06-30
637,1,76,9,1,KGID100637,Upkaar,1978-08-16,M,B+,0,2010-01-25
638,1,76,10,4,KGID100638,Harish,2002-02-04,M,A+,0,1997-03-01
639,1,76,7,3,KGID100639,Anita,1973-10-08,F,O+,0,2022-02-25
640,1,76,10,3,KGID100640,Oliver,2000-04-15,M,A-,0,2023-08-20
641,1,76,10,3,KGID100641,Isaiah,1979-05-15,M,A-,0,2015-07-21
642,1,76,7,6,KGID100642,Edhitha,1990-10-23,F,A-,0,2013-07-08
643,1,76,10,4,KGID100643,Abdul,1970-05-03,M,A+,0,2016-08-21
644,1,76,6,1,KGID100644,Advik,1977-06-10,M,O+,0,2017-03-20
645,1,76,6,6,KGID100645,Patrick,1989-08-20,M,O+,0,2019-04-25
646,1,76,10,4,KGID100646,Upkaar,1978-10-23,M,A+,0,2006-12-10
647,1,76,10,1,KGID100647,Caleb,1970-06-01,M,B+,0,2010-03-11
648,1,76,7,3,KGID100648,Samarth,1996-09-01,M,AB+,0,2014-10-06
649,1,76,10,2,KGID100649,Rayaan,1989-09-16,M,B-,0,1997-05-31
650,1,76,9,4,KGID100650,Vedant,2002-12-04,M,B-,0,2020-11-27
651,1,76,10,3,KGID100651,Qabil,1969-08-23,M,O-,0,2002-01-08
652,1,76,10,4,KGID100652,Ishani,1995-02-04,F,O+,0,2005-01-02
653,1,76,10,5,KGID100653,Aadhya,1972-11-20,F,A+,0,2008-08-22
654,1,76,9,4,KGID100654,Naveen,1991-06-02,M,A+,0,2001-03-24
655,1,77,10,3,KGID100655,Bakhshi,1969-04-16,M,O-,0,2003-04-05
656,1,77,7,6,KGID100656,Aadi,1993-09-14,M,B-,0,2022-05-21
657,1,77,6,2,KGID100657,Utkarsh,1998-01-02,M,A+,0,2011-12-25
658,1,77,10,1,KGID100658,Idika,1970-05-04,F,B-,0,2019-09-04
659,1,77,10,4,KGID100659,Janaki,1980-09-19,F,O-,0,2002-11-29
660,1,77,10,4,KGID100660,Ranveer,1988-04-28,M,A+,0,2009-06-01
661,1,77,10,2,KGID100661,Aarnav,1987-08-23,M,B+,0,2015-06-10
662,1,77,7,6,KGID100662,Ishwar,1968-07-27,M,A+,0,2002-08-01
663,1,77,6,1,KGID100663,Sai,1995-10-29,M,A+,0,2020-02-09
664,1,77,6,1,KGID100664,Girindra,1983-11-23,M,O-,0,2006-06-12
665,1,77,10,4,KGID100665,Elijah,1987-07-31,M,A+,0,2003-05-13
666,1,77,6,4,KGID100666,Kiaan,1975-09-02,M,AB+,0,2005-12-12
667,1,77,10,2,KGID100667,Balvan,1973-06-09,M,B+,0,2010-04-18
668,1,77,10,5,KGID100668,Balhaar,1984-06-30,M,A-,0,2016-07-19
669,1,77,9,5,KGID100669,Wahab,2001-03-27,M,AB+,0,1999-09-13
670,1,77,10,2,KGID100670,Nathaniel,1998-12-14,M,B-,0,2001-07-20
671,1,77,9,5,KGID100671,Tanay,1997-09-14,M,O-,0,2015-12-19
672,1,77,7,4,KGID100672,Zehaan,1970-11-23,M,A-,0,1997-12-09
673,1,77,9,3,KGID100673,William,1975-07-30,M,AB+,0,2022-01-11
674,1,77,9,1,KGID100674,Zehaan,1981-07-11,M,O-,0,2001-12-13
675,1,78,9,3,KGID100675,Zaitra,2001-07-14,F,O-,0,2015-01-26
676,1,78,10,2,KGID100676,Thomas,1999-05-16,M,B-,0,2023-05-06
677,1,78,7,6,KGID100677,Aditya,1977-08-02,M,A+,0,2012-07-12
678,1,78,9,4,KGID100678,Nimrat,1988-04-20,F,O+,0,2024-07-28
679,1,78,10,2,KGID100679,Oeshi,1986-10-28,F,A-,0,2005-06-05
680,1,78,10,5,KGID100680,Tristan,1978-07-17,M,A+,0,1997-10-01
681,1,78,9,2,KGID100681,Mitesh,1999-12-05,M,A-,0,1996-08-01
682,1,78,6,4,KGID100682,Lakshmi,1983-09-01,F,A-,0,2016-07-30
683,1,79,10,5,KGID100683,George,1989-08-14,M,B+,0,2004-02-20
684,1,79,10,5,KGID100684,Guneet,1986-07-20,M,B+,0,2005-03-09
685,1,79,10,3,KGID100685,Henry,1985-04-10,M,A+,0,2003-05-26
686,1,79,6,1,KGID100686,Anay,1969-11-02,M,O-,0,2022-12-20
687,1,79,10,6,KGID100687,Jatin,1987-05-16,M,B-,0,2019-09-17
688,1,79,10,2,KGID100688,Onkar,1991-11-18,M,B+,0,2012-05-22
689,1,79,9,4,KGID100689,Agastya,2001-09-20,M,B-,0,2025-06-24
690,1,79,9,5,KGID100690,Isaac,1976-03-26,M,O-,0,2025-07-14
691,1,79,6,4,KGID100691,Arin,1987-02-01,M,O+,0,2006-08-19
692,1,79,10,1,KGID100692,Elijah,1999-06-22,M,B-,0,2015-10-25
693,1,79,5,5,KGID100693,Matthew,2002-12-25,M,A+,0,2021-07-03
694,1,79,6,5,KGID100694,Kabir,1981-12-12,M,B+,0,2010-12-05
695,1,79,9,3,KGID100695,Imaran,1971-08-19,M,B-,0,2016-05-11
696,1,79,10,6,KGID100696,Dominic,1979-01-28,M,A+,0,2002-03-20
697,1,79,7,3,KGID100697,Champak,2001-11-05,M,AB+,0,2024-07-22
698,1,80,10,3,KGID100698,Ekavir,1976-02-07,M,O-,0,2023-01-26
699,1,80,10,6,KGID100699,Praneel,1984-02-17,M,AB+,0,1998-01-14
700,1,80,9,4,KGID100700,Upma,1994-10-15,F,O+,0,2020-03-12
701,1,80,9,5,KGID100701,Jagdish,1989-01-22,M,B-,0,2023-08-06
702,1,80,9,1,KGID100702,Zayan,1972-06-28,M,O+,0,2010-01-21
703,1,80,10,3,KGID100703,Ekaraj,1985-12-23,M,B+,0,2019-08-25
704,1,80,10,1,KGID100704,Falan,1985-08-07,M,O+,0,2005-12-14
705,1,80,9,1,KGID100705,Gavin,2002-04-28,M,AB+,0,2009-10-12
706,1,80,6,2,KGID100706,Kalpit,1979-03-25,M,A+,0,1997-01-09
707,1,80,10,6,KGID100707,Maanas,1988-09-08,M,A-,0,2012-05-28
708,1,80,10,3,KGID100708,Samar,1986-07-20,M,O+,0,2020-09-07
709,1,81,9,4,KGID100709,Robert,1992-11-15,M,B+,0,2001-04-24
710,1,81,10,6,KGID100710,Luke,2000-01-11,M,B-,0,2002-12-10
711,1,81,10,2,KGID100711,Azad,1996-07-24,M,B-,0,2001-02-21
712,1,81,6,3,KGID100712,Siddharth,1983-02-01,M,O-,0,1997-06-26
713,1,81,7,1,KGID100713,Theodore,1989-09-30,M,B-,0,2023-06-19
714,1,81,6,3,KGID100714,Christopher,1978-09-20,M,B+,0,2022-11-12
715,1,81,9,2,KGID100715,Tarak,1981-06-07,M,O-,0,2010-03-29
716,1,81,7,6,KGID100716,Andrew,1971-04-11,M,A+,0,1999-05-07
717,1,82,10,5,KGID100717,Prisha,2002-12-15,F,B+,0,2006-02-23
718,1,82,6,4,KGID100718,Nandini,1968-11-19,F,A-,0,2021-01-06
719,1,82,9,2,KGID100719,Vedika,1986-07-20,F,AB+,0,2010-10-22
720,1,82,6,1,KGID100720,Fiyaz,1986-10-01,M,A-,0,1999-01-26
721,1,82,9,5,KGID100721,Ayaan,2001-02-04,M,B+,0,2023-11-15
722,1,82,10,2,KGID100722,Arin,1992-08-27,M,B+,0,1998-01-31
723,1,82,10,6,KGID100723,Chakradhar,1977-01-21,M,AB+,0,2016-08-27
724,1,82,10,5,KGID100724,Rachana,1988-09-23,F,O+,0,2013-08-27
725,1,82,6,1,KGID100725,Ikbal,1978-03-14,M,AB+,0,2005-09-10
726,1,82,6,5,KGID100726,Isaiah,1996-02-29,M,AB+,0,2015-06-20
727,1,82,7,5,KGID100727,Balveer,1984-05-13,M,A-,0,1996-11-17
728,1,82,10,5,KGID100728,Ayush,1982-10-24,M,A-,0,1997-01-04
729,1,82,10,1,KGID100729,Unni,1969-11-20,F,A-,0,2021-09-08
730,1,83,9,3,KGID100730,Madhav,1996-03-24,M,AB+,0,2016-04-25
731,1,83,9,4,KGID100731,Henry,1996-02-07,M,A+,0,2022-02-08
732,1,83,9,6,KGID100732,Vedant,1984-02-29,M,B-,0,2017-05-17
733,1,83,6,6,KGID100733,Bahadurjit,1993-04-10,M,B+,0,2018-06-01
734,1,83,10,3,KGID100734,Daniel,2000-05-01,M,A+,0,2001-10-27
735,1,83,10,4,KGID100735,Nicholas,1971-05-18,M,O-,0,2005-06-14
736,1,83,6,2,KGID100736,Ishwar,1982-07-21,M,O+,0,2006-02-22
737,1,83,6,3,KGID100737,Sathvik,1983-07-21,M,B-,0,2015-03-19
738,1,83,10,2,KGID100738,Praneel,1970-11-28,M,O-,0,2005-01-07
739,1,83,9,3,KGID100739,Rudra,1968-02-08,M,O-,0,2012-08-17
740,1,83,10,6,KGID100740,Harsh,1968-10-11,M,A-,0,2008-10-30
741,1,83,9,5,KGID100741,Brijesh,1979-12-30,M,A+,0,2013-08-11
742,1,83,10,1,KGID100742,Isha,1978-11-05,F,B+,0,2022-04-17
743,1,83,10,2,KGID100743,Kabir,1982-06-17,M,O+,0,1999-01-04
744,1,83,10,1,KGID100744,Azad,1987-10-18,M,B-,0,2011-09-08
745,1,83,9,2,KGID100745,Rudra,1997-09-05,M,O-,0,2021-09-18
746,1,83,10,3,KGID100746,Yatan,1992-08-19,M,B-,0,1999-05-11
747,1,83,10,1,KGID100747,Harrison,1970-05-09,M,B+,0,2004-03-05
748,1,83,10,2,KGID100748,Frado,1978-04-23,M,B-,0,2009-08-29
749,1,83,7,5,KGID100749,Chandresh,1989-07-19,M,A+,0,2012-12-13
750,1,84,9,2,KGID100750,Hritik,1983-09-30,M,B-,0,2003-04-01
751,1,84,10,5,KGID100751,Sai,1983-06-21,F,O-,0,2016-09-28
752,1,84,7,3,KGID100752,Ojas,1997-06-20,M,AB+,0,2006-03-10
753,1,84,9,2,KGID100753,Yashvi,1997-08-14,F,AB+,0,1999-02-07
754,1,84,9,5,KGID100754,Wyatt,1976-06-28,M,A+,0,2014-07-09
755,1,84,5,3,KGID100755,Zaitra,1998-06-26,F,A-,0,2014-10-12
756,1,84,10,1,KGID100756,Rohan,1994-06-06,M,AB+,0,2018-12-15
757,1,84,9,3,KGID100757,Megha,1978-02-09,F,O+,0,1997-12-28
758,1,84,7,2,KGID100758,Meera,1978-05-26,F,B+,0,2008-01-26
759,1,84,10,5,KGID100759,Chandresh,1999-08-10,M,AB+,0,2022-01-11
760,1,84,7,6,KGID100760,Charan,1994-03-29,M,AB+,1,2010-10-04
761,1,84,10,4,KGID100761,Abdul,1976-12-01,M,B-,0,2010-09-21
762,1,84,9,2,KGID100762,Rehaan,1988-06-24,M,O+,0,2007-11-19
763,1,84,9,4,KGID100763,Rehaan,2003-04-13,M,B-,0,1998-06-29
764,1,84,10,6,KGID100764,Ronith,1985-01-02,M,A-,0,2010-05-27
765,1,84,10,3,KGID100765,Caleb,1980-01-25,M,B-,0,2006-01-27
766,1,84,10,6,KGID100766,Anthony,1983-02-24,M,O+,0,2012-05-25
767,1,84,10,3,KGID100767,Orinder,1986-03-29,M,AB+,0,2013-06-03
768,1,84,10,3,KGID100768,Aarnav,1996-05-24,M,AB+,0,2001-03-24
769,1,84,6,5,KGID100769,Hitesh,1995-05-25,M,A-,0,2024-06-29
770,1,85,10,1,KGID100770,Indrajit,1992-05-29,M,O-,0,2023-08-01
771,1,85,10,2,KGID100771,Faraj,1983-05-23,M,B+,1,2008-08-28
772,1,85,5,4,KGID100772,Pranav,1968-10-05,M,B+,0,1999-04-05
773,1,85,7,4,KGID100773,Harsh,1976-02-01,M,O+,0,2004-03-16
774,1,85,9,1,KGID100774,Viraj,1970-07-31,M,AB+,0,2007-11-18
775,1,85,10,2,KGID100775,Brijesh,1979-06-25,M,AB+,0,2004-07-15
776,1,85,10,4,KGID100776,Ronith,1973-10-24,M,B-,0,2002-04-25
777,1,85,9,1,KGID100777,Yug,1975-10-13,M,A+,0,2007-08-31
778,1,85,5,3,KGID100778,Ansh,1991-02-23,M,O-,0,2014-10-26
779,1,86,10,6,KGID100779,Qasim,1988-03-18,M,B+,0,2009-12-09
780,1,86,10,1,KGID100780,Mugdha,1993-08-30,F,AB+,0,2002-12-28
781,1,86,10,1,KGID100781,Sai,2002-04-17,M,O+,0,2018-05-01
782,1,86,9,5,KGID100782,Daniel,1974-08-17,M,O+,0,1998-11-11
783,1,86,10,4,KGID100783,Champak,1979-03-29,M,O+,0,2000-10-26
784,1,86,6,4,KGID100784,Frado,1975-09-23,M,A+,0,1998-05-03
785,1,86,10,6,KGID100785,Pranit,1973-11-29,M,A+,0,2017-01-06
786,1,86,10,6,KGID100786,Jatin,1975-02-21,M,O-,0,2015-09-18
787,1,86,10,5,KGID100787,Wakeeta,2003-06-24,F,A-,0,2005-09-30
788,1,86,7,6,KGID100788,Ubika,1981-12-16,F,O-,0,2000-04-07
789,1,86,10,4,KGID100789,Ishwar,1971-07-26,M,A+,0,2010-10-29
790,1,87,10,6,KGID100790,Azaan,1988-05-04,M,B-,0,2002-03-27
791,1,87,10,5,KGID100791,Gabriel,1979-07-07,M,O+,0,2000-07-22
792,1,87,10,1,KGID100792,Victor,1972-11-27,M,A-,0,2021-02-03
793,1,87,10,1,KGID100793,Abeer,1981-11-22,M,AB+,0,2019-01-04
794,1,87,10,5,KGID100794,Utkarsh,1989-04-12,M,B+,0,2011-06-17
795,1,87,10,5,KGID100795,Charles,1974-04-06,M,AB+,0,2001-01-31
796,1,87,9,2,KGID100796,Manthan,1992-09-01,M,A+,0,2010-01-16
797,1,87,10,5,KGID100797,Naksh,1986-01-11,M,B-,0,2003-09-17
798,1,87,7,1,KGID100798,Maya,1985-02-26,F,B-,0,2007-02-16
799,1,87,9,4,KGID100799,Jasmit,1978-11-18,F,O+,0,2004-12-11
800,1,87,6,1,KGID100800,Wahab,1985-10-31,M,O-,0,2006-08-21
801,1,87,10,6,KGID100801,Janani,1974-02-08,F,A+,0,2002-01-04
802,1,87,10,2,KGID100802,Ayaan,1978-02-25,M,B-,0,2018-11-18
803,1,87,6,5,KGID100803,Faraj,1980-07-02,M,O+,0,1997-10-27
804,1,87,6,2,KGID100804,Azad,1991-08-22,M,A+,0,2013-05-09
805,1,88,10,4,KGID100805,Jatin,1986-05-21,M,O-,0,2002-05-03
806,1,88,10,2,KGID100806,Vritti,1969-01-18,F,B-,0,2015-09-14
807,1,88,6,1,KGID100807,Vasatika,1991-06-28,F,AB+,0,2016-10-19
808,1,88,9,4,KGID100808,Joshua,1967-08-06,M,B+,0,2004-04-19
809,1,88,9,6,KGID100809,Rishi,1980-07-29,M,O-,0,2013-10-28
810,1,88,9,4,KGID100810,Damyanti,2002-09-26,F,A+,0,2021-04-08
811,1,88,10,6,KGID100811,Maanav,1968-05-23,M,O+,0,2023-10-10
812,1,88,9,6,KGID100812,Harini,1974-07-18,F,A-,0,1998-10-21
813,1,88,5,3,KGID100813,Thomas,1993-01-31,M,A-,0,2011-09-07
814,1,88,10,6,KGID100814,Victor,1993-07-22,M,B-,0,2014-06-05
815,1,88,7,4,KGID100815,Ishwar,1978-02-09,M,B+,0,2020-04-11
816,1,88,5,1,KGID100816,Fariq,2001-06-23,M,A+,0,2004-05-01
817,1,88,6,4,KGID100817,Lohit,1968-07-22,M,O-,0,2004-06-27
818,1,88,10,3,KGID100818,Zayan,1994-02-19,M,O+,0,2025-03-03
819,1,88,9,4,KGID100819,Chatura,1995-10-20,M,O-,0,2005-10-23
820,1,89,9,1,KGID100820,Max,1992-01-15,M,O-,0,1998-02-19
821,1,89,5,6,KGID100821,Tanveer,1982-02-18,M,B-,0,2001-03-09
822,1,89,10,5,KGID100822,Elijah,1995-11-08,M,A+,0,2006-03-15
823,1,89,5,6,KGID100823,Advay,1984-12-25,M,O+,0,2016-01-22
824,1,89,7,4,KGID100824,Ekbal,2001-06-08,M,O+,0,2024-09-24
825,1,89,10,4,KGID100825,Veer,1978-01-28,M,O+,0,2014-09-18
826,1,89,9,6,KGID100826,Zaid,1987-10-19,M,O+,0,2022-05-28
827,1,89,7,2,KGID100827,Bakhshi,1974-08-16,M,A+,0,2013-01-12
828,1,89,5,3,KGID100828,Jagrati,1978-07-04,F,A-,0,2006-02-18
829,1,89,10,2,KGID100829,Kiaan,1997-09-27,M,AB+,0,2009-11-18
830,1,89,7,1,KGID100830,Dev,1974-05-07,M,O+,0,2004-11-26
831,1,89,6,4,KGID100831,Anay,1984-01-14,M,B+,0,2010-05-18
832,1,89,7,1,KGID100832,Chatura,1991-08-10,M,O-,0,2016-05-09
833,1,89,6,5,KGID100833,Meghana,1976-05-23,F,A+,0,2023-09-23
834,1,89,7,5,KGID100834,Yagnesh,1982-03-11,M,B+,0,2000-06-19
835,1,90,10,4,KGID100835,Caleb,1980-02-16,M,O-,0,2008-07-06
836,1,90,7,2,KGID100836,Eiravati,1970-01-12,F,B-,0,2012-11-18
837,1,90,10,4,KGID100837,Darsh,1968-01-09,M,B-,0,2024-07-12
838,1,90,9,4,KGID100838,Idika,1982-01-29,F,AB+,0,2021-10-07
839,1,90,7,3,KGID100839,Xiti,1969-07-23,F,AB+,0,1997-08-10
840,1,90,9,2,KGID100840,Riya,1971-02-13,F,B+,0,1997-12-29
841,1,90,7,3,KGID100841,Ekapad,1999-07-08,M,O-,0,2002-08-14
842,1,90,7,5,KGID100842,Urishilla,1994-09-03,F,B-,0,2001-01-03
843,1,91,10,3,KGID100843,Gabriel,1985-07-18,M,B-,0,2009-09-08
844,1,91,5,2,KGID100844,Mohammed,1977-08-26,M,A-,0,2016-12-08
845,1,91,7,3,KGID100845,Bachittar,1992-01-13,M,A-,0,2022-07-26
846,1,91,7,4,KGID100846,Logan,1993-01-21,M,B-,0,2019-07-06
847,1,91,10,4,KGID100847,Janya,1983-11-24,F,O-,0,2018-06-28
848,1,91,10,1,KGID100848,Abeer,1971-10-27,M,B-,0,2006-01-11
849,1,91,7,3,KGID100849,Harish,1983-05-16,M,B-,0,1999-10-22
850,1,91,7,3,KGID100850,Widisha,1970-11-19,F,B+,0,2016-10-23
851,1,91,6,1,KGID100851,Tanish,1999-05-21,M,A-,0,2023-08-01
852,1,91,6,6,KGID100852,Fiyaz,1991-10-28,M,B-,0,2007-02-26
853,1,91,7,6,KGID100853,Umang,1979-10-24,M,O+,0,1998-06-28
854,1,92,10,6,KGID100854,Dalaja,1996-04-20,F,O+,0,2012-08-21
855,1,92,7,2,KGID100855,Praneel,1972-01-12,M,A-,0,2013-02-02
856,1,92,10,2,KGID100856,Suhani,1989-05-02,F,B-,0,2016-07-18
857,1,92,7,5,KGID100857,Girik,1997-03-11,M,B-,0,2022-08-07
858,1,92,5,3,KGID100858,Aadi,1972-02-29,M,AB+,0,2021-05-28
859,1,92,10,2,KGID100859,Amol,1969-12-15,M,B-,0,2004-11-15
860,1,92,10,5,KGID100860,Laban,1976-01-02,M,O+,0,2009-11-11
861,1,92,10,3,KGID100861,Maanav,1995-01-13,M,AB+,0,2017-06-15
862,1,93,6,5,KGID100862,Jackson,1976-07-24,M,A+,0,2024-12-20
863,1,93,6,3,KGID100863,Hemang,1994-04-25,M,AB+,0,2015-08-10
864,1,93,10,6,KGID100864,Naksh,1982-07-18,M,O+,0,2002-04-19
865,1,93,9,5,KGID100865,Shravya,1985-02-17,F,B+,0,1996-12-06
866,1,93,10,2,KGID100866,Hemang,1983-11-26,M,B+,0,2000-10-03
867,1,93,10,5,KGID100867,Sarthak,1989-09-20,M,A-,0,1999-08-29
868,1,93,7,6,KGID100868,Jacob,1987-04-11,M,A+,0,2009-03-28
869,1,93,10,6,KGID100869,Chatresh,1999-07-20,M,A-,0,2012-06-08
870,1,93,10,3,KGID100870,Veer,1975-09-09,M,AB+,0,2020-09-18
871,1,93,10,5,KGID100871,Ubika,1986-07-28,F,B-,0,2017-05-01
872,1,94,10,5,KGID100872,Lavanya,1983-03-05,F,AB+,0,2016-07-27
873,1,94,7,3,KGID100873,Champak,2001-08-01,M,A-,0,2023-05-29
874,1,94,5,5,KGID100874,Faris,1991-03-23,M,A-,0,2004-12-05
875,1,94,7,2,KGID100875,Darpan,1997-07-02,M,O-,0,2018-10-19
876,1,94,10,6,KGID100876,Urmi,2001-02-01,F,B-,0,2022-04-17
877,1,94,6,6,KGID100877,Dominic,1998-04-28,M,B-,0,2024-05-31
878,1,94,10,1,KGID100878,Nicholas,1992-06-08,M,A+,0,2021-05-20
879,1,94,9,5,KGID100879,Charan,1978-08-25,M,O-,0,2015-09-18
880,1,94,10,6,KGID100880,Naveen,1970-01-12,M,AB+,0,2013-09-01
881,1,94,7,5,KGID100881,Samarth,1971-01-31,M,A+,0,2015-08-02
882,1,94,7,5,KGID100882,Chatura,1988-08-08,M,A+,0,1997-01-25
883,1,94,6,1,KGID100883,Jatin,1975-05-31,M,O+,0,2014-11-02
884,1,94,10,4,KGID100884,Mohammed,1982-05-14,M,AB+,0,2010-05-30
885,1,94,9,5,KGID100885,Yug,1973-08-30,M,B+,0,2024-05-23
886,1,94,7,5,KGID100886,David,1982-09-06,M,O+,0,1996-08-24
887,1,94,7,6,KGID100887,Dakshesh,1969-09-07,M,B-,0,2001-07-06
888,1,95,9,1,KGID100888,Chatresh,1977-02-05,M,A+,0,2010-06-11
889,1,95,9,1,KGID100889,Naveen,1986-12-23,M,O+,0,1997-07-20
890,1,95,7,2,KGID100890,Jason,1992-04-30,M,AB+,0,2011-09-08
891,1,95,10,2,KGID100891,Bhavini,1992-07-27,F,B+,0,1998-05-24
892,1,95,10,6,KGID100892,Teerth,1987-11-21,M,O-,0,2007-06-19
893,1,95,7,5,KGID100893,Samaksh,1991-04-23,M,AB+,0,1997-07-19
894,1,95,7,3,KGID100894,Tristan,1998-11-07,M,A+,0,2015-09-03
895,1,95,5,3,KGID100895,Falan,1996-04-21,M,B+,0,2018-11-06
896,1,96,9,2,KGID100896,Ekapad,1985-02-26,M,O+,0,2006-03-24
897,1,96,7,6,KGID100897,Darsh,1992-08-09,M,A-,0,2017-08-18
898,1,96,6,4,KGID100898,Nakul,1996-06-14,M,B+,0,2022-03-04
899,1,96,10,6,KGID100899,Aarav,1967-08-04,M,B-,0,2003-10-03
900,1,96,10,6,KGID100900,Triveni,1987-09-01,F,O+,0,2004-07-11
901,1,96,10,3,KGID100901,Akshay,1971-11-01,M,AB+,0,2020-08-13
902,1,96,9,3,KGID100902,Ishwar,1977-07-27,M,O-,0,2000-05-08
903,1,96,10,6,KGID100903,Darika,1983-05-12,F,B-,0,2004-05-05
904,1,96,10,5,KGID100904,Jeremiah,2002-08-19,M,B-,0,1998-02-20
905,1,96,10,5,KGID100905,Theodore,1967-07-25,M,B+,0,1998-01-14
906,1,96,9,5,KGID100906,Gabriel,1986-08-16,M,AB+,0,2008-10-11
907,1,97,10,5,KGID100907,Manthan,2001-03-11,M,B-,0,2021-03-30
908,1,97,9,1,KGID100908,Tanish,2000-11-24,M,AB+,0,2023-01-05
909,1,97,10,5,KGID100909,Girik,1981-01-27,M,B-,0,2015-02-06
910,1,97,10,2,KGID100910,Ikbal,1999-06-17,M,A-,0,2003-11-13
911,1,97,5,6,KGID100911,Abhimanyu,2000-10-18,M,B-,0,2024-02-05
912,1,97,10,4,KGID100912,Qasim,1983-05-26,M,B+,0,2023-01-19
913,1,97,10,2,KGID100913,Darpan,1986-06-22,M,A-,0,2020-04-11
914,1,97,9,4,KGID100914,Viraj,1986-08-17,M,A+,0,2006-07-26
915,1,97,10,5,KGID100915,Liam,1977-02-20,M,B-,0,2001-08-15
916,1,97,10,5,KGID100916,Omya,1968-04-12,F,A-,0,2010-09-24
917,1,98,9,1,KGID100917,Samar,1975-10-31,M,A-,0,2006-09-01
918,1,98,10,4,KGID100918,Ishanvi,1973-09-23,F,O+,0,2000-10-20
919,1,98,7,5,KGID100919,Nathan,1974-04-09,M,A+,0,2023-07-18
920,1,98,10,1,KGID100920,Pranav,1968-04-12,M,A-,0,2023-12-29
921,1,98,10,3,KGID100921,Vihaan,1994-10-28,M,A-,0,2005-12-02
922,1,98,10,3,KGID100922,Oscar,1983-04-18,M,B-,0,2022-09-11
923,1,98,9,5,KGID100923,Luke,1991-12-02,M,B+,0,2007-07-15
924,1,98,10,2,KGID100924,Advay,1983-03-06,M,A-,0,2018-11-19
925,1,98,9,5,KGID100925,Vedant,1992-04-11,M,B+,0,2017-02-14
926,1,98,10,4,KGID100926,Chatura,1990-09-16,M,A-,0,2002-06-05
927,1,98,6,6,KGID100927,Krish,2001-06-03,M,B-,0,2023-04-10
928,1,98,10,5,KGID100928,Yashica,1975-05-21,F,AB+,0,2015-01-30
929,1,98,6,5,KGID100929,Tanveer,1998-07-21,M,B+,0,2001-12-06
930,1,98,10,6,KGID100930,Chasmum,1991-08-28,F,A-,0,1996-09-29
931,1,98,10,4,KGID100931,Chatresh,2002-06-23,M,A-,0,2005-03-13
932,1,98,10,1,KGID100932,Peter,1992-03-02,M,A+,0,2024-09-28
933,1,98,9,4,KGID100933,Niharika,1998-08-31,F,O-,0,2012-01-05
934,1,98,9,5,KGID100934,Banjeet,1975-01-26,M,A-,0,2011-07-27
935,1,99,7,1,KGID100935,Jackson,1997-07-30,M,AB+,0,2004-04-18
936,1,99,9,1,KGID100936,Jhalak,1967-09-18,F,O-,0,2009-03-02
937,1,99,10,1,KGID100937,Sathvik,1983-11-23,M,B-,0,2009-11-11
938,1,99,6,4,KGID100938,Rehaan,1988-08-07,M,O+,0,2004-08-25
939,1,99,7,6,KGID100939,Nakul,1974-01-30,M,A-,0,2010-05-13
940,1,99,9,2,KGID100940,Yash,1978-02-06,M,O-,0,2014-12-01
941,1,99,9,3,KGID100941,Daksh,1981-05-22,M,B+,0,1997-10-30
942,1,99,10,5,KGID100942,Aayush,1971-02-06,M,A+,0,2003-11-06
943,1,99,10,3,KGID100943,Balvan,1993-05-23,M,AB+,0,2021-03-05
944,1,99,7,3,KGID100944,Aryan,1974-06-17,M,O+,0,2003-07-08
945,1,99,10,3,KGID100945,Rohan,1974-04-01,M,B-,0,2018-10-11
946,1,99,9,5,KGID100946,Arin,1991-07-04,M,AB+,0,1998-06-01
947,1,99,9,3,KGID100947,Chatura,1990-11-21,M,A-,0,2025-06-13
948,1,99,7,6,KGID100948,Azaan,1973-02-07,M,A+,0,2024-11-18
949,1,99,7,2,KGID100949,Chanakya,1970-03-03,M,A+,0,2007-01-14
950,1,99,10,5,KGID100950,Shivansh,1993-10-12,M,A-,0,2015-09-12
951,1,99,10,6,KGID100951,Chandresh,1972-03-23,M,A+,0,2015-11-01
952,1,99,9,5,KGID100952,Warda,1998-05-02,F,AB+,0,2023-02-12
953,1,99,10,5,KGID100953,Ekapad,2001-11-15,M,A+,0,1996-12-23
954,1,99,10,6,KGID100954,Sudiksha,1974-07-28,F,A-,0,1999-06-28
955,1,100,7,2,KGID100955,Banjeet,1971-09-12,M,B-,0,2003-10-27
956,1,100,6,5,KGID100956,Jagdish,1988-05-08,M,O+,0,2014-11-01
957,1,100,9,6,KGID100957,Anay,1997-07-17,M,B+,0,2023-08-06
958,1,100,10,6,KGID100958,Chakradev,1971-03-19,M,A+,0,2002-02-10
959,1,100,10,4,KGID100959,Ranveer,1997-12-27,M,O+,0,2008-03-14
960,1,100,10,1,KGID100960,Laban,1981-06-24,M,B-,0,1998-10-26
961,1,100,9,6,KGID100961,Vyanjana,1997-06-19,F,O-,0,2011-05-01
962,1,100,10,3,KGID100962,Faras,1987-12-25,M,B+,0,2003-02-28
963,1,100,6,5,KGID100963,Qasim,2002-02-23,M,A+,0,2015-12-09
964,1,100,10,1,KGID100964,Girik,1994-10-04,M,A-,0,2015-10-28
965,1,100,6,3,KGID100965,Leela,1997-06-12,F,A-,0,1998-03-14
966,1,100,7,4,KGID100966,Nachiket,1969-08-26,M,A-,0,2020-12-30
967,1,100,10,4,KGID100967,Daniel,1973-05-28,M,B-,0,1999-05-09
968,1,100,10,1,KGID100968,Ethan,1978-05-27,M,O+,0,2016-07-23
969,1,100,5,6,KGID100969,Jason,1989-06-01,M,B-,0,2008-06-18
970,1,100,5,5,KGID100970,Yuvraj,1970-02-18,M,A-,0,2009-06-24
971,1,100,10,1,KGID100971,Neelima,1994-10-27,F,AB+,0,2024-04-15
972,1,101,6,4,KGID100972,Fiyaz,1993-10-25,M,O+,0,2013-06-26
973,1,101,10,6,KGID100973,Aarna,1991-03-22,F,B-,0,2001-12-26
974,1,101,7,2,KGID100974,Zayan,1984-11-24,M,B-,0,2018-06-04
975,1,101,10,2,KGID100975,Darpan,1980-04-26,M,O-,0,1997-11-19
976,1,101,10,1,KGID100976,Orinder,1996-10-18,M,B-,0,2019-10-30
977,1,101,10,5,KGID100977,Isaac,1970-08-03,M,A+,0,2020-02-16
978,1,101,10,5,KGID100978,Zashil,1985-05-03,M,O-,0,2009-03-14
979,1,101,7,5,KGID100979,Chatura,1967-09-19,M,O+,0,2023-01-06
980,1,101,10,5,KGID100980,Gopal,1979-03-04,M,O-,0,2018-05-19
981,1,101,10,3,KGID100981,Omya,1992-07-12,F,AB+,0,2003-04-27
982,1,101,9,1,KGID100982,Darpan,1992-04-13,M,B-,0,1997-01-24
983,1,101,10,6,KGID100983,Alexander,1992-06-21,M,B+,0,1996-11-12
984,1,101,10,3,KGID100984,Alexander,1993-10-22,M,B+,0,2010-03-08
985,1,102,5,3,KGID100985,Avi,1994-08-17,M,O+,0,2017-07-27
986,1,102,10,3,KGID100986,Jackson,1971-03-20,M,O+,0,2023-08-12
987,1,102,10,2,KGID100987,Kevin,1994-10-27,M,A-,0,2014-09-24
988,1,102,7,2,KGID100988,Netra,1991-05-02,F,A-,0,1998-07-18
989,1,102,10,6,KGID100989,Teerth,1989-11-25,M,B+,0,2007-06-16
990,1,102,10,2,KGID100990,Aarnav,1989-03-25,M,O-,0,2011-06-14
991,1,102,10,4,KGID100991,Farhan,1992-04-27,M,O+,0,2005-03-25
992,1,102,10,1,KGID100992,Priya,1995-11-21,F,B-,0,2002-02-15
993,1,102,10,6,KGID100993,Chandresh,2000-05-24,M,A+,0,2000-09-08
994,1,102,10,5,KGID100994,Jeremiah,1976-01-18,M,A-,0,2003-12-04
995,1,102,10,1,KGID100995,Qabil,1987-09-22,M,O+,0,2016-04-08
996,1,103,9,6,KGID100996,Thomas,1992-11-24,M,A-,0,2020-05-07
997,1,103,10,6,KGID100997,Madhav,1992-06-12,M,A-,0,2014-06-18
998,1,103,6,4,KGID100998,Gagan,1999-11-29,M,A-,0,2023-01-14
999,1,103,10,2,KGID100999,Hritik,1985-01-21,M,B-,0,2018-02-12
1000,1,103,9,5,KGID101000,Jai,1981-10-08,M,AB+,0,1997-10-06
1001,1,103,10,2,KGID101001,Ansh,2001-06-03,M,O+,0,1998-12-12
1002,1,103,10,6,KGID101002,Faras,1995-04-28,M,AB+,0,2006-07-25
1003,1,103,6,3,KGID101003,Ikbal,1985-03-29,M,B-,0,2019-05-10
1004,1,103,10,2,KGID101004,Wakeeta,1973-12-02,F,O-,0,2018-08-26
1005,1,103,7,6,KGID101005,Wahab,1982-09-02,M,B-,0,2017-06-25
1006,1,103,10,1,KGID101006,Aarush,1996-05-09,M,A+,0,2014-08-04
1007,1,103,10,4,KGID101007,Tejas,1991-07-09,M,A-,0,2008-03-16
1008,1,103,10,2,KGID101008,Jagat,1968-02-28,M,A+,0,2024-10-21
1009,1,103,10,2,KGID101009,Edhitha,1973-05-21,F,B-,0,2019-03-11
1010,1,103,10,2,KGID101010,Faqid,1985-10-05,M,A+,0,2025-02-13
1011,1,103,6,4,KGID101011,Ayaan,1996-10-22,M,AB+,0,2004-06-13
1012,1,103,10,4,KGID101012,Krishna,1976-04-10,M,B+,0,2016-07-01
1013,1,104,9,4,KGID101013,Jackson,1989-04-12,M,B-,0,1997-12-22
1014,1,104,10,6,KGID101014,Yadavi,1974-09-03,F,B-,0,1999-07-29
1015,1,104,9,2,KGID101015,Bhavika,1972-11-10,F,O-,0,1999-12-25
1016,1,104,10,2,KGID101016,Chatresh,1988-01-23,M,O+,0,2002-09-09
1017,1,104,7,2,KGID101017,Omkaar,1999-04-27,M,O+,0,2025-06-26
1018,1,104,7,4,KGID101018,Aditya,1970-01-26,M,O-,0,2010-08-01
1019,1,104,10,3,KGID101019,Maanav,2000-06-08,M,A-,0,2021-05-14
1020,1,104,10,4,KGID101020,Oscar,2001-07-16,M,A-,0,2022-06-12
1021,1,104,7,6,KGID101021,Girik,1971-03-10,M,AB+,0,2009-06-03
1022,1,104,10,6,KGID101022,Wridesh,1988-02-02,M,B+,0,2010-03-30
1023,1,104,9,6,KGID101023,Dominic,1989-07-09,M,B-,0,1998-03-08
1024,1,104,9,3,KGID101024,Liam,1992-09-23,M,AB+,0,2010-05-10
1025,1,104,10,1,KGID101025,Wyatt,1979-04-02,M,B-,0,2020-05-16
1026,1,104,7,4,KGID101026,Manbir,1969-02-08,M,B+,0,2017-11-17
1027,1,104,5,1,KGID101027,Charan,2001-06-15,M,B+,0,2001-05-17
1028,1,104,10,4,KGID101028,Girindra,1983-05-05,M,B-,0,2010-03-11
1029,1,104,10,2,KGID101029,Jason,1973-03-09,M,O+,0,2007-02-04
1030,1,104,9,3,KGID101030,Brijesh,1969-05-21,M,AB+,0,2020-11-21
1031,1,104,10,2,KGID101031,Tarak,1968-12-29,M,A+,0,2017-02-13
1032,1,105,9,2,KGID101032,Sai,1996-05-30,M,O-,0,2007-10-18
1033,1,105,10,6,KGID101033,Sathvik,1967-12-22,M,B+,0,2019-03-04
1034,1,105,10,1,KGID101034,Sai,1996-07-05,F,B+,0,2012-07-27
1035,1,105,9,2,KGID101035,Kabir,1987-05-22,M,AB+,0,2008-08-25
1036,1,105,6,2,KGID101036,Raksha,1990-10-01,F,B-,0,2013-01-25
1037,1,105,9,1,KGID101037,Manan,2003-03-21,M,O+,0,1996-10-02
1038,1,105,10,1,KGID101038,Ekbal,1993-10-29,M,O-,0,2001-12-06
1039,1,105,10,4,KGID101039,Damini,1968-07-28,F,O+,0,2003-10-16
1040,1,105,9,4,KGID101040,Jeet,1980-03-28,M,O-,0,2020-10-05
1041,1,105,9,6,KGID101041,Vansha,1976-09-26,F,AB+,0,2020-06-11
1042,1,105,7,2,KGID101042,Oscar,2003-06-25,M,B+,0,2017-03-25
1043,1,105,10,6,KGID101043,Nihal,1976-04-19,M,A+,0,2024-11-02
1044,1,105,7,1,KGID101044,Aarav,1968-11-25,M,B+,0,2024-12-19
1045,1,105,9,6,KGID101045,Chanakya,1984-02-28,M,O-,0,2009-04-29
1046,1,106,10,4,KGID101046,Neel,1977-01-24,M,O+,0,2023-01-31
1047,1,106,10,6,KGID101047,Jonathan,1995-03-26,M,AB+,0,2009-09-30
1048,1,106,9,5,KGID101048,Siddharth,1980-01-11,M,B+,0,2007-02-09
1049,1,106,9,5,KGID101049,Bachittar,1971-09-03,M,O-,0,2013-01-02
1050,1,106,10,3,KGID101050,Farhan,2002-02-28,M,O-,0,2010-09-09
1051,1,106,10,6,KGID101051,Qadim,1981-04-09,M,A-,0,2004-01-24
1052,1,106,10,3,KGID101052,Kalpit,1994-09-04,M,O-,0,2005-06-08
1053,1,106,10,5,KGID101053,Atharv,1973-01-03,M,O-,0,2018-09-17
1054,1,106,9,5,KGID101054,Saksham,1991-09-21,M,B+,0,2011-05-06
1055,1,106,9,1,KGID101055,Ayush,1988-03-20,M,A+,0,2009-05-09
1056,1,106,6,2,KGID101056,Udarsh,1992-10-28,M,B+,0,2020-05-31
1057,1,106,9,1,KGID101057,Dominic,1999-06-07,M,A+,0,2007-12-04
1058,1,106,7,5,KGID101058,Radha,1986-09-05,F,A-,0,2011-07-19
1059,1,106,10,5,KGID101059,Gaurang,1998-10-19,M,B-,0,1996-12-06
1060,1,106,10,4,KGID101060,Ekta,1993-01-06,F,O-,0,2015-04-30
1061,1,107,10,6,KGID101061,Rudra,1972-01-16,M,AB+,0,2014-01-16
1062,1,107,10,5,KGID101062,Nihal,1985-10-19,M,O+,0,2024-10-16
1063,1,107,6,1,KGID101063,Oscar,1974-08-06,M,B+,0,2017-11-19
1064,1,107,7,5,KGID101064,Ishaan,2003-03-24,M,AB+,0,2011-12-26
1065,1,107,10,6,KGID101065,Karan,1993-02-26,M,B+,0,2000-02-24
1066,1,107,7,6,KGID101066,Tanish,1988-08-11,M,A-,0,2005-08-24
1067,1,107,7,1,KGID101067,Nathan,1985-10-21,M,B+,0,2014-05-17
1068,1,107,9,6,KGID101068,Chatura,2000-09-02,M,B+,0,1997-03-15
1069,1,107,6,3,KGID101069,Saksham,1982-09-10,M,A-,1,2002-11-07
1070,1,107,10,6,KGID101070,Rohan,2000-05-15,M,AB+,0,2016-05-17
1071,1,107,10,5,KGID101071,Yatin,1979-11-03,M,B+,0,2024-09-17
1072,1,107,7,3,KGID101072,Yug,1990-01-14,M,AB+,0,1999-12-16
1073,1,107,7,3,KGID101073,Liam,1978-11-02,M,A-,0,2019-02-17
1074,1,107,6,1,KGID101074,Jeet,1990-06-12,M,O+,1,2021-07-24
1075,1,107,10,6,KGID101075,Jackson,1999-08-24,M,O-,0,2007-12-06
1076,1,107,9,5,KGID101076,Darpan,1982-04-03,M,B+,0,2020-09-03
1077,1,107,10,3,KGID101077,Hredhaan,1967-09-19,M,O+,0,2004-08-17
1078,1,107,10,3,KGID101078,Avi,1998-09-08,M,A+,0,2013-01-17
1079,1,107,10,1,KGID101079,Sai,1977-04-28,M,B-,0,2017-12-03
1080,1,107,9,6,KGID101080,Bachittar,1985-03-18,M,B-,0,2014-08-04
1081,1,108,10,6,KGID101081,Matthew,2001-12-27,M,O-,0,2017-05-21
1082,1,108,10,3,KGID101082,Avi,1984-03-14,M,O+,0,1996-09-27
1083,1,108,6,1,KGID101083,Rushil,1993-08-12,M,O-,0,2010-03-27
1084,1,108,6,1,KGID101084,Faras,1967-08-19,M,B-,0,2001-01-09
1085,1,108,10,1,KGID101085,Jackson,1985-02-19,M,O+,0,2007-09-19
1086,1,108,9,2,KGID101086,Fariq,1995-09-18,M,B+,0,2009-12-10
1087,1,108,10,4,KGID101087,Nachiket,1990-08-25,M,O-,0,2023-09-06
1088,1,108,10,3,KGID101088,Jeet,1994-01-30,M,O-,0,2015-08-06
1089,1,108,10,5,KGID101089,Farhan,1988-07-26,M,B-,0,2016-04-30
1090,1,109,10,4,KGID101090,Balendra,1974-09-15,M,O-,0,1998-06-26
1091,1,109,9,2,KGID101091,Girish,1968-02-16,M,AB+,0,2005-08-08
1092,1,109,9,6,KGID101092,Samarth,1984-10-13,M,A-,0,2016-06-08
1093,1,109,7,3,KGID101093,Umang,1999-02-05,M,B-,0,1997-06-14
1094,1,109,7,4,KGID101094,Hemang,1991-01-27,M,O+,0,2009-12-08
1095,1,109,9,1,KGID101095,Hemang,1974-07-08,M,O-,0,2019-02-05
1096,1,109,9,4,KGID101096,Jalsa,1988-10-07,F,A-,0,2003-05-31
1097,1,109,6,2,KGID101097,Pranit,1972-12-09,M,B-,0,2020-08-05
1098,1,109,6,1,KGID101098,William,2001-02-05,M,B-,0,2014-04-08
1099,1,109,6,3,KGID101099,Vrinda,1972-02-13,F,A+,0,2003-06-09
1100,1,109,10,4,KGID101100,Damyanti,1996-05-19,F,A+,0,2009-03-31
1101,1,109,10,5,KGID101101,Isaiah,1983-04-27,M,A-,0,1999-07-10
1102,1,109,9,2,KGID101102,Vincent,1991-03-23,M,B-,0,1996-08-11
1103,1,109,9,6,KGID101103,Samar,1983-01-28,M,A-,0,2020-02-05
1104,1,110,10,6,KGID101104,Om,1984-05-20,M,A-,0,2003-09-23
1105,1,110,6,1,KGID101105,Dakshesh,1972-01-21,M,AB+,0,1998-01-26
1106,1,110,6,3,KGID101106,Vihaan,1993-02-26,M,O-,0,2010-01-22
1107,1,110,6,4,KGID101107,Ranbir,1992-03-23,M,B+,0,1997-09-13
1108,1,110,7,3,KGID101108,Zayan,1991-12-19,M,AB+,0,2003-11-23
1109,1,110,10,5,KGID101109,Abeer,1995-05-02,M,AB+,0,2025-06-11
1110,1,110,10,5,KGID101110,Alexander,1976-12-11,M,O+,0,2005-11-20
1111,1,110,10,3,KGID101111,Advik,1991-12-10,M,B-,0,1998-07-21
1112,1,110,10,5,KGID101112,Jacob,1995-03-18,M,O+,0,2010-07-20
1113,1,110,6,1,KGID101113,Arjun,2003-06-22,M,A-,0,2014-04-10
1114,1,111,6,6,KGID101114,Patrick,1973-08-02,M,B+,0,2021-05-24
1115,1,111,5,5,KGID101115,George,1983-09-29,M,O-,0,2017-05-21
1116,1,111,10,2,KGID101116,Robert,1980-01-26,M,AB+,0,2008-08-05
1117,1,111,10,5,KGID101117,Urvi,1969-01-02,F,B+,0,1998-09-10
1118,1,111,9,2,KGID101118,Alexander,1992-08-09,M,O-,0,2020-04-12
1119,1,111,6,2,KGID101119,Parth,1970-02-24,M,AB+,1,2004-07-17
1120,1,111,10,5,KGID101120,Zarna,1997-08-21,F,B+,0,2012-10-15
1121,1,111,6,1,KGID101121,Jairaj,1996-03-24,M,B+,0,2016-01-18
1122,1,111,7,3,KGID101122,Warhi,1988-03-11,F,AB+,0,2007-05-12
1123,1,111,7,6,KGID101123,Lucky,1997-11-03,M,B-,0,2003-02-09
1124,1,111,10,2,KGID101124,Dalbir,1989-01-23,M,A+,0,2001-01-26
1125,1,112,9,5,KGID101125,Yagnesh,1987-12-12,M,B+,0,2004-01-18
1126,1,112,10,1,KGID101126,Theodore,1981-11-24,M,B-,0,2000-10-18
1127,1,112,6,4,KGID101127,Ranbir,2000-09-04,M,B-,0,1998-04-30
1128,1,112,10,4,KGID101128,Gagan,1998-04-11,M,B+,0,2018-09-23
1129,1,112,10,1,KGID101129,Balveer,2001-10-26,M,O+,0,1999-05-02
1130,1,112,7,2,KGID101130,Yash,1969-01-20,M,O-,0,2009-07-06
1131,1,112,5,4,KGID101131,Charles,1981-02-19,M,O-,0,2009-11-12
1132,1,112,6,2,KGID101132,Yatan,1969-05-23,M,AB+,0,2003-11-13
1133,1,112,7,4,KGID101133,Charles,1977-12-12,M,B-,0,1997-03-08
1134,1,112,7,5,KGID101134,Gagan,1999-11-10,M,A-,0,2002-07-11
1135,1,112,7,5,KGID101135,Janani,1989-04-28,F,A+,0,2017-06-08
1136,1,112,10,2,KGID101136,Triveni,1982-07-25,F,A-,0,2007-09-01
1137,1,112,10,4,KGID101137,Baghyawati,1968-06-08,F,A-,0,2013-01-15
1138,1,112,10,4,KGID101138,Krisha,1971-05-18,F,AB+,0,1999-04-06
1139,1,112,10,2,KGID101139,Akshay,2001-02-12,M,AB+,0,2005-01-06
1140,1,112,7,2,KGID101140,Chaaya,1985-02-26,F,AB+,0,2000-02-26
1141,1,112,7,1,KGID101141,Joshua,1974-02-12,M,B+,0,2006-10-29
1142,1,113,10,3,KGID101142,Tanveer,1979-02-03,M,AB+,0,2025-05-15
1143,1,113,6,2,KGID101143,Umang,1977-03-30,M,AB+,0,2021-11-07
1144,1,113,9,6,KGID101144,Vivaan,1995-09-15,M,O-,0,2004-04-03
1145,1,113,10,6,KGID101145,Maanas,2001-10-13,M,AB+,0,1999-12-30
1146,1,113,7,6,KGID101146,Frederick,1978-06-26,M,O-,0,2021-06-25
1147,1,113,10,5,KGID101147,Upkaar,1979-09-10,M,AB+,0,2011-10-08
1148,1,113,10,6,KGID101148,Samaksh,1969-08-22,M,O-,0,2018-04-22
1149,1,113,10,6,KGID101149,Pavani,2002-01-16,F,A+,0,2000-09-11
1150,1,113,7,4,KGID101150,Baljiwan,1968-05-28,M,O+,0,2015-08-22
1151,1,113,10,2,KGID101151,Hritik,1968-08-26,M,A+,0,2014-06-19
1152,1,113,9,4,KGID101152,Guneet,2002-08-08,M,A-,0,2011-07-04
1153,1,113,9,2,KGID101153,Yatin,1982-08-06,M,A-,0,2023-09-21
1154,1,113,10,5,KGID101154,Ishwar,1983-04-14,M,A-,0,2013-09-13
1155,1,113,10,6,KGID101155,Lila,1984-08-02,F,A-,0,2022-11-10
1156,1,113,10,1,KGID101156,Samaksh,1969-10-04,M,B-,0,2021-09-22
1157,1,113,10,5,KGID101157,Atharv,1991-11-21,M,O-,0,2024-07-28
1158,1,113,10,1,KGID101158,Siddharth,2000-04-20,M,AB+,1,2017-09-20
1159,1,113,10,6,KGID101159,Ronith,1996-03-06,M,B-,0,2023-04-21
1160,1,113,9,4,KGID101160,Vedant,1995-07-11,M,B-,0,2019-08-10
1161,1,114,10,3,KGID101161,Alexander,1991-09-23,M,AB+,0,2019-02-12
1162,1,114,6,1,KGID101162,Nachiket,2002-01-04,M,O+,0,2015-12-21
1163,1,114,6,3,KGID101163,Advik,1991-05-16,M,A-,0,2010-05-23
1164,1,114,10,1,KGID101164,Michael,1974-06-19,M,A+,0,1999-02-22
1165,1,114,9,1,KGID101165,Anika,1984-09-01,F,AB+,0,2022-06-04
1166,1,114,7,6,KGID101166,Neel,1969-11-24,M,O+,0,2020-02-01
1167,1,114,10,5,KGID101167,Aishani,1989-05-28,F,A-,0,2021-11-05
1168,1,114,9,5,KGID101168,Ryan,1990-07-08,M,B-,0,2017-02-22
1169,1,115,6,2,KGID101169,Amrita,1976-02-04,F,B-,0,2018-11-05
1170,1,115,10,4,KGID101170,Mason,1972-06-02,M,B-,0,2004-02-27
1171,1,115,10,5,KGID101171,Benjamin,1973-12-24,M,AB+,0,2013-02-16
1172,1,115,9,6,KGID101172,Balendra,1968-05-08,M,B+,0,1999-11-17
1173,1,115,10,1,KGID101173,Simon,1989-01-15,M,O+,0,2012-07-07
1174,1,115,7,1,KGID101174,Luke,1986-12-27,M,B-,0,2010-09-13
1175,1,115,9,1,KGID101175,Ekaraj,1981-02-01,M,O-,0,2001-11-09
1176,1,115,10,6,KGID101176,Utkarsh,2001-05-24,M,AB+,0,2016-12-14
1177,1,115,9,4,KGID101177,Jairaj,2000-07-28,M,B+,0,2008-04-03
1178,1,115,9,3,KGID101178,Lekha,1970-03-22,F,AB+,0,2013-01-19
1179,1,115,7,5,KGID101179,Anthony,2000-01-31,M,O+,0,2020-12-20
1180,1,115,9,1,KGID101180,Nakul,2002-02-27,M,B+,0,2007-04-06
1181,1,115,6,3,KGID101181,Onveer,1998-05-23,M,A+,0,2002-04-08
1182,1,115,10,4,KGID101182,Anay,1973-04-08,M,B-,0,2015-01-19
1183,1,115,9,2,KGID101183,Balhaar,1981-04-03,M,A-,0,2019-07-28
1184,1,116,7,3,KGID101184,Rayaan,1975-07-03,M,B-,0,2004-01-15
1185,1,116,9,2,KGID101185,Gavin,1986-02-10,M,O+,0,2001-05-10
1186,1,116,10,3,KGID101186,Madhavi,2001-12-21,F,B+,0,2021-10-25
1187,1,116,7,1,KGID101187,Udant,1997-12-15,M,AB+,0,2009-04-18
1188,1,116,6,2,KGID101188,Tanish,1997-03-14,M,B+,0,2021-08-13
1189,1,116,6,3,KGID101189,Fariq,1989-12-28,M,O-,0,2020-01-30
1190,1,116,10,5,KGID101190,Nathan,1996-02-05,M,B-,1,2000-06-28
1191,1,116,10,4,KGID101191,Onkar,1972-03-19,M,B-,0,2010-10-07
1192,1,116,10,1,KGID101192,Ronith,1971-04-25,M,B-,0,2012-11-22
1193,1,116,10,1,KGID101193,Zansi,1981-05-02,F,A+,0,2016-08-08
1194,1,116,10,5,KGID101194,Advaith,1981-12-18,M,O-,0,2016-08-04
1195,1,116,10,2,KGID101195,Ikshita,1987-01-20,F,O+,0,2023-08-30
1196,1,116,10,1,KGID101196,Ryan,1972-09-14,M,O+,0,2024-10-13
1197,1,116,10,5,KGID101197,Aadi,2002-08-26,M,A-,0,2012-08-12
1198,1,116,10,3,KGID101198,Amol,1993-03-01,M,O+,0,2010-01-23
1199,1,116,10,2,KGID101199,Chandran,1995-07-26,M,B+,0,2023-05-10
1200,1,116,10,4,KGID101200,Rehaan,2002-07-19,M,A+,0,2016-07-03
1201,1,116,7,1,KGID101201,Udant,1986-08-27,M,AB+,0,2004-05-13
1202,1,116,10,5,KGID101202,Umang,1986-04-07,M,A-,0,2006-04-26
1203,1,116,10,3,KGID101203,Manbir,1974-12-31,M,O+,0,2024-02-02
1204,1,117,7,5,KGID101204,Reyansh,1979-10-23,M,A+,0,2000-05-12
1205,1,117,9,2,KGID101205,Zayan,2001-06-22,M,A+,0,2024-10-28
1206,1,117,9,4,KGID101206,Anamika,1984-06-16,F,O+,0,2001-09-28
1207,1,117,9,2,KGID101207,Rayaan,1985-07-09,M,B+,0,2001-04-02
1208,1,117,10,3,KGID101208,Aadhya,1973-04-23,F,AB+,0,2004-07-20
1209,1,117,10,3,KGID101209,Vamakshi,1972-04-21,F,AB+,0,2014-07-30
1210,1,117,10,4,KGID101210,Ekansh,1990-05-06,M,AB+,0,2022-05-12
1211,1,117,10,5,KGID101211,Tanveer,1986-05-25,M,B+,0,2012-04-30
1212,1,117,7,1,KGID101212,Hitesh,1988-04-12,M,O+,0,2004-11-18
1213,1,117,10,4,KGID101213,Devansh,2001-06-08,M,AB+,0,2010-05-29
1214,1,117,10,2,KGID101214,Manan,1967-09-05,M,AB+,0,2013-11-06
1215,1,118,7,4,KGID101215,Krishna,1979-11-11,M,O-,1,2002-10-18
1216,1,118,10,6,KGID101216,Gaurang,1981-02-08,M,B+,0,1998-11-12
1217,1,118,7,6,KGID101217,Rushil,1973-08-07,M,A-,0,2016-07-17
1218,1,118,9,3,KGID101218,Tanish,1993-02-20,M,A-,0,2002-10-03
1219,1,118,10,4,KGID101219,Upkaar,1990-07-23,M,A+,0,2016-04-03
1220,1,118,9,4,KGID101220,Elijah,1979-04-02,M,O+,0,2021-03-11
1221,1,118,10,2,KGID101221,Orinder,1998-08-02,M,A-,0,2025-06-01
1222,1,118,10,2,KGID101222,Chanakya,1996-01-28,M,B-,0,2012-06-13
1223,1,118,10,5,KGID101223,Amol,1985-07-18,M,AB+,0,2020-05-29
1224,1,118,10,5,KGID101224,Vihaan,1984-06-23,M,O-,0,2024-06-09
1225,1,118,6,4,KGID101225,Advik,1993-11-22,M,B-,1,1997-03-11
1226,1,118,10,1,KGID101226,Jairaj,1994-08-14,M,A-,1,2010-12-04
1227,1,118,10,3,KGID101227,Raghav,1979-09-03,M,A+,0,2004-04-11
1228,1,119,10,5,KGID101228,Yashvi,1979-01-14,F,O-,0,2005-05-18
1229,1,119,10,1,KGID101229,Siddharth,1970-10-24,M,B+,0,2004-02-10
1230,1,119,9,6,KGID101230,Luke,1995-10-19,M,AB+,0,2013-11-14
1231,1,119,10,2,KGID101231,David,1972-04-14,M,AB+,0,2005-06-22
1232,1,119,6,3,KGID101232,Chakradev,1978-07-25,M,O-,0,2007-04-14
1233,1,119,6,2,KGID101233,Ekaraj,1993-06-04,M,B+,0,2015-04-19
1234,1,119,10,4,KGID101234,Isaiah,1974-07-16,M,B-,0,1998-07-03
1235,1,119,10,6,KGID101235,Anya,1987-07-09,F,O-,0,2003-03-02
1236,1,119,7,5,KGID101236,Gaurang,1983-12-05,M,AB+,0,2022-10-28
1237,1,119,10,4,KGID101237,Manan,1992-06-05,M,AB+,0,1998-04-16
1238,1,119,9,5,KGID101238,Ayush,2002-08-24,M,AB+,0,2018-06-06
1239,1,119,9,4,KGID101239,Dakshesh,1969-05-04,M,A-,0,2022-11-26
1240,1,119,10,4,KGID101240,Jai,1972-10-26,M,B-,0,2015-10-26
1241,1,119,5,1,KGID101241,Rushil,1988-11-30,M,B+,0,2021-11-28
1242,1,119,6,3,KGID101242,Gaurav,1983-01-26,M,AB+,0,2016-06-15
1243,1,119,9,2,KGID101243,Rayaan,1977-09-05,M,AB+,0,1997-03-29
1244,1,120,10,6,KGID101244,Dhriti,1974-06-24,F,A-,0,2017-07-21
1245,1,120,10,3,KGID101245,Nathan,1999-08-09,M,A-,0,2007-01-13
1246,1,120,9,4,KGID101246,Aarnav,1968-12-03,M,A-,0,2011-10-06
1247,1,120,5,3,KGID101247,Chanakya,1969-09-07,M,O+,0,2021-02-17
1248,1,120,9,3,KGID101248,Praneel,1973-08-11,M,B-,0,2000-12-31
1249,1,120,9,5,KGID101249,Udarsh,1984-03-27,M,B+,0,2017-04-05
1250,1,120,10,6,KGID101250,George,1988-06-11,M,A-,0,2013-04-11
1251,1,120,10,1,KGID101251,Udarsh,1983-06-26,M,O-,0,2022-05-02
1252,1,120,9,3,KGID101252,Aadi,2001-12-11,M,O-,0,1998-09-09
1253,1,120,9,5,KGID101253,Naksh,1976-05-11,M,B-,0,2013-03-19
1254,1,120,6,3,KGID101254,Hritik,1967-11-10,M,O-,0,2009-07-02
1255,1,120,7,1,KGID101255,Amol,1998-06-15,M,O+,1,2012-02-29
1256,1,120,9,2,KGID101256,Dalaja,1991-01-10,F,O-,0,2007-05-24
1257,1,120,7,2,KGID101257,Barkha,1976-09-06,F,B-,0,2011-03-23
1258,1,120,10,6,KGID101258,Lucky,1969-10-06,M,O-,0,2001-03-05
1259,1,120,7,1,KGID101259,Yash,1969-02-23,M,A+,0,2007-01-24
1260,1,120,10,6,KGID101260,Jairaj,1982-07-24,M,O-,0,2018-05-05
1261,1,120,7,4,KGID101261,Finn,1973-11-19,M,AB+,0,2013-06-26
1262,1,121,10,4,KGID101262,Rachana,1985-11-18,F,AB+,0,2003-09-03
1263,1,121,7,1,KGID101263,Harita,1969-09-25,F,A+,0,1998-03-19
1264,1,121,5,4,KGID101264,Ojas,1988-10-27,M,A-,0,2003-01-28
1265,1,121,10,3,KGID101265,Triya,1978-03-09,F,O-,0,2007-10-13
1266,1,121,10,6,KGID101266,Rishi,1972-06-24,M,B-,0,2012-11-14
1267,1,121,7,5,KGID101267,Kalpit,1988-12-02,M,O+,0,2006-11-05
1268,1,121,10,1,KGID101268,Pahal,1968-09-22,F,B-,0,2002-01-31
1269,1,121,10,5,KGID101269,Laksh,1972-10-30,M,A+,0,2000-01-06
1270,1,121,7,3,KGID101270,Abeer,2001-03-16,M,B+,0,2013-09-08
1271,1,121,10,5,KGID101271,Gunbir,1976-08-26,M,B-,0,2015-01-11
1272,1,121,9,1,KGID101272,Darsh,1975-05-09,M,B-,0,1999-04-07
1273,1,121,9,4,KGID101273,Rachit,1988-03-30,M,B-,0,2010-05-08
1274,1,121,6,2,KGID101274,Yug,2000-11-04,M,A+,0,1999-09-01
1275,1,121,9,1,KGID101275,Ekavir,1985-01-06,M,B-,0,2004-03-08
1276,1,121,7,6,KGID101276,Pallavi,1995-01-19,F,B-,0,1999-01-10
1277,1,121,10,1,KGID101277,Ronith,1976-08-17,M,O+,0,2023-03-23
1278,1,122,5,3,KGID101278,William,1990-02-07,M,O-,0,2013-08-13
1279,1,122,9,2,KGID101279,Owen,1972-04-01,M,A-,0,2010-03-26
1280,1,122,10,5,KGID101280,Vihaan,1992-10-18,M,O-,0,2001-10-21
1281,1,122,10,4,KGID101281,Qasim,1983-06-28,M,B-,0,2021-10-27
1282,1,122,10,6,KGID101282,Michael,1979-06-17,M,O+,0,2004-08-30
1283,1,122,9,6,KGID101283,Mohammed,1974-09-21,M,B-,0,2024-07-25
1284,1,122,10,2,KGID101284,Naveen,1990-01-17,M,B-,0,1998-05-05
1285,1,122,10,6,KGID101285,Balendra,1980-12-24,M,O-,0,2016-10-18
1286,1,122,6,1,KGID101286,Ayaan,1985-11-26,M,A-,0,2000-06-26
1287,1,122,7,4,KGID101287,Nakul,1972-07-02,M,A+,0,2019-07-12
1288,1,122,10,6,KGID101288,Ojasvi,2000-11-09,F,O+,0,1997-01-07
1289,1,122,5,1,KGID101289,Falan,2002-11-20,M,O+,0,2025-07-02
1290,1,122,10,4,KGID101290,Vaishnavi,1986-05-30,F,O-,0,2020-11-26
1291,1,122,10,1,KGID101291,Ayushman,2000-04-22,M,AB+,0,2020-09-21
1292,1,123,6,6,KGID101292,Viraj,1994-07-22,M,B-,0,2001-05-24
1293,1,123,9,6,KGID101293,Zayan,1985-08-14,M,B+,0,2018-02-12
1294,1,123,7,5,KGID101294,Azad,1969-07-19,M,B+,0,2022-10-13
1295,1,123,9,3,KGID101295,Ayush,1986-05-14,M,AB+,0,2006-08-27
1296,1,123,10,1,KGID101296,Warda,1973-10-15,F,A+,0,2015-01-17
1297,1,123,7,4,KGID101297,Qadim,1991-03-06,M,A+,0,2010-06-23
1298,1,123,9,6,KGID101298,Ekansh,1981-01-10,M,O-,0,2024-05-19
1299,1,123,9,1,KGID101299,Wridesh,1972-03-14,M,A+,0,2014-04-17
1300,1,123,10,5,KGID101300,Aayush,1975-08-29,M,A+,0,2006-05-28
1301,1,123,10,6,KGID101301,Rushil,1977-09-04,M,A+,0,2024-02-13
1302,1,123,10,5,KGID101302,Yochana,1982-01-20,F,B+,0,2023-05-29
1303,1,123,6,1,KGID101303,Samaksh,1978-04-29,M,AB+,0,2017-06-11
1304,1,124,6,4,KGID101304,Aryan,1974-08-02,M,O+,0,2018-02-01
1305,1,124,7,3,KGID101305,Waida,1996-07-24,F,A+,0,2004-04-11
1306,1,124,10,2,KGID101306,Saksham,1970-05-05,M,O-,0,2012-03-28
1307,1,124,10,3,KGID101307,Saksham,1987-12-04,M,B+,0,2003-12-21
1308,1,124,10,2,KGID101308,Wyatt,1987-04-09,M,AB+,0,2019-05-14
1309,1,124,10,6,KGID101309,Madhav,1995-12-23,M,A-,0,2023-09-24
1310,1,124,6,1,KGID101310,Abdul,1976-02-07,M,A+,0,2023-11-19
1311,1,124,7,5,KGID101311,Watika,1978-06-18,F,O+,0,2016-12-03
1312,1,124,7,6,KGID101312,Harinakshi,1981-08-06,F,B+,0,2007-06-26
1313,1,124,9,4,KGID101313,Chatresh,2000-07-08,M,B+,0,2012-06-23
1314,1,124,10,2,KGID101314,Utkarsh,1971-03-17,M,B-,0,2023-11-08
1315,1,124,9,3,KGID101315,Saanvi,1968-12-09,F,O+,0,2008-07-26
1316,1,124,10,5,KGID101316,Daksh,1985-08-22,M,A+,0,2001-08-12
1317,1,124,5,5,KGID101317,Hemangini,2001-09-11,F,B+,0,2022-07-28
1318,1,124,10,1,KGID101318,Sathvik,1972-07-07,M,B+,0,1997-10-02
1319,1,124,6,4,KGID101319,Laksh,1993-03-23,M,AB+,0,2012-03-02
1320,1,124,10,6,KGID101320,Yagnesh,1985-04-05,M,O+,0,2008-12-16
1321,1,125,9,4,KGID101321,Azaan,1987-01-19,M,A+,0,2010-03-02
1322,1,125,9,2,KGID101322,Gavin,1982-09-18,M,O-,0,2015-08-27
1323,1,125,10,2,KGID101323,Farhan,1971-12-04,M,B-,0,2008-09-04
1324,1,125,10,6,KGID101324,Zayan,1994-07-07,M,B-,0,2013-12-26
1325,1,125,10,2,KGID101325,Shaurya,1994-11-02,M,A+,0,2013-12-09
1326,1,125,10,2,KGID101326,Logan,1994-08-24,M,A+,0,1997-02-23
1327,1,125,6,2,KGID101327,Isaiah,1982-02-09,M,B+,0,2011-07-04
1328,1,125,10,2,KGID101328,Baljiwan,1985-09-13,M,AB+,0,2013-10-30
1329,1,125,5,2,KGID101329,Yatin,1990-01-04,M,O+,0,2015-01-08
1330,1,125,10,2,KGID101330,Hredhaan,2002-03-01,M,A+,0,2019-07-03
1331,1,125,10,3,KGID101331,Christopher,1995-07-21,M,B+,0,2001-01-02
1332,1,125,7,6,KGID101332,Faris,1977-06-25,M,A-,0,2013-08-30
1333,1,125,9,2,KGID101333,Nachiket,1973-03-03,M,A+,0,2010-08-27
1334,1,125,6,2,KGID101334,Maanav,1987-05-22,M,A-,0,2011-12-31
1335,1,126,7,6,KGID101335,Pranav,1988-05-04,M,O-,0,2012-05-12
1336,1,126,9,5,KGID101336,Nathaniel,1972-03-10,M,B+,0,2009-06-01
1337,1,126,10,1,KGID101337,Triya,1999-11-17,F,A+,1,2020-02-05
1338,1,126,9,4,KGID101338,Hemang,1978-08-20,M,A-,0,2010-04-05
1339,1,126,7,1,KGID101339,Anusha,1968-05-11,F,AB+,0,1997-06-15
1340,1,126,7,6,KGID101340,Wriddhish,1986-04-01,M,B-,0,1998-01-03
1341,1,126,10,2,KGID101341,Qarin,1984-10-10,M,B-,1,2012-10-07
1342,1,126,7,2,KGID101342,Aditya,1975-08-20,M,B-,0,2005-07-24
1343,1,126,9,4,KGID101343,Jackson,1998-10-17,M,AB+,0,1999-11-14
1344,1,126,10,3,KGID101344,Janaki,1973-10-24,F,B-,0,2001-08-28
1345,1,126,6,1,KGID101345,Nihal,1998-12-19,M,AB+,0,2022-12-31
1346,1,126,10,4,KGID101346,Gopal,1974-07-26,M,O-,0,2000-11-15
1347,1,126,9,2,KGID101347,Triya,1985-06-22,F,O-,0,2007-02-13
1348,1,126,10,1,KGID101348,Balendra,1986-04-16,M,A-,0,2000-10-15
1349,1,126,6,1,KGID101349,Victor,1990-07-13,M,AB+,0,2015-03-21
1350,1,127,10,6,KGID101350,Aditya,1984-07-12,M,A-,0,1997-12-30
1351,1,127,7,2,KGID101351,Rayaan,1984-11-30,M,O+,0,2018-12-03
1352,1,127,9,5,KGID101352,Zashil,1984-09-15,M,O-,0,2017-11-03
1353,1,127,7,2,KGID101353,Tejas,1980-04-06,M,O+,0,2015-07-10
1354,1,127,7,3,KGID101354,Omkaar,1993-01-19,M,A+,0,2009-12-26
1355,1,127,9,5,KGID101355,Onveer,1982-05-21,M,O-,0,2017-02-24
1356,1,127,7,5,KGID101356,Henry,1973-06-27,M,O+,0,2021-04-30
1357,1,127,7,6,KGID101357,Benjamin,1981-01-04,M,O-,0,2018-04-01
1358,1,127,10,4,KGID101358,Vasatika,1981-02-24,F,A+,0,2009-02-12
1359,1,127,10,1,KGID101359,Mugdha,2001-04-08,F,A+,0,2016-04-04
1360,1,127,10,2,KGID101360,Karan,1980-08-16,M,O-,0,2006-04-21
1361,1,127,10,4,KGID101361,Kritika,1995-08-11,F,B-,0,2003-01-23
1362,1,127,10,4,KGID101362,Gopal,1970-12-01,M,B-,0,1998-10-22
1363,1,127,10,2,KGID101363,Gaurav,1970-10-05,M,O-,0,2001-07-28
1364,1,127,10,3,KGID101364,Zehaan,1985-12-18,M,B-,0,2022-06-30
1365,1,127,9,6,KGID101365,Daksh,1991-06-29,M,A-,0,2004-12-08
1366,1,127,10,2,KGID101366,Gaurav,1987-07-10,M,O-,0,1997-07-08
1367,1,128,9,3,KGID101367,Advaith,2000-02-07,M,O-,0,2005-05-30
1368,1,128,10,2,KGID101368,Bahadurjit,1983-02-20,M,A-,0,2006-01-25
1369,1,128,10,2,KGID101369,Balvan,1984-11-24,M,O-,0,2005-03-06
1370,1,128,7,2,KGID101370,Reva,1989-07-21,F,B+,0,2008-10-12
1371,1,128,9,4,KGID101371,Jyoti,1997-11-16,F,O+,0,2000-11-08
1372,1,128,7,6,KGID101372,Reyansh,1980-05-22,M,O+,0,2013-11-23
1373,1,128,10,2,KGID101373,Qadim,2001-06-06,M,A-,0,2023-07-07
1374,1,128,10,4,KGID101374,Shravya,1986-07-28,F,O-,0,2008-04-19
1375,1,128,10,1,KGID101375,Advaith,1983-07-30,M,B-,0,1997-08-03
1376,1,128,9,3,KGID101376,Rachit,1987-06-30,M,AB+,0,2012-05-23
1377,1,128,7,5,KGID101377,Jagrati,1968-02-18,F,B-,0,2007-04-07
1378,1,128,6,4,KGID101378,Siddharth,1983-06-13,M,O+,0,2024-02-06
1379,1,128,6,2,KGID101379,Akshay,1974-02-27,M,B-,0,2009-12-22
1380,1,128,10,2,KGID101380,Anirudh,1998-01-30,M,AB+,0,2008-06-24
1381,1,128,9,2,KGID101381,George,1999-01-09,M,A-,0,2023-04-29
1382,1,128,7,2,KGID101382,Gabriel,2001-01-18,M,A+,0,2010-11-20
1383,1,128,7,1,KGID101383,Pavani,1991-12-16,F,A-,0,2006-04-11
1384,1,128,9,5,KGID101384,Tarak,1973-04-24,M,A+,0,2023-11-12
1385,1,128,10,4,KGID101385,Farhan,1985-12-16,M,O+,0,2000-12-05
1386,1,128,10,3,KGID101386,Vihaan,1988-06-14,M,AB+,0,2006-11-28
1387,1,129,6,6,KGID101387,Timothy,1975-08-27,M,AB+,0,2025-01-16
1388,1,129,6,4,KGID101388,Maanas,1980-01-20,M,B-,0,2013-04-07
1389,1,129,9,1,KGID101389,Fiyaz,1977-03-14,M,B+,0,2023-07-28
1390,1,129,6,3,KGID101390,Jason,1988-10-19,M,A+,0,2006-06-22
1391,1,129,10,1,KGID101391,Arin,1987-12-09,M,AB+,0,2023-11-29
1392,1,129,10,4,KGID101392,Ekalinga,1991-08-13,M,B-,0,1998-12-03
1393,1,129,10,4,KGID101393,Warda,1981-06-04,F,O+,0,2009-07-10
1394,1,129,6,5,KGID101394,Guneet,1986-05-13,M,O+,0,2018-01-16
1395,1,129,10,1,KGID101395,Maanas,1996-11-13,M,B+,0,2024-10-24
1396,1,130,9,6,KGID101396,Sanaya,1986-04-01,F,B-,0,2014-02-01
1397,1,130,9,6,KGID101397,Jonathan,1968-04-23,M,B-,0,2002-10-19
1398,1,130,10,1,KGID101398,Jagat,1997-05-16,M,A-,0,2008-07-15
1399,1,130,9,3,KGID101399,Fitan,1972-10-12,M,B-,0,1997-08-24
1400,1,130,6,3,KGID101400,Alka,1988-07-12,F,A-,0,2011-10-31
1401,1,130,10,5,KGID101401,Henry,1974-06-26,M,A+,0,2010-07-08
1402,1,130,7,3,KGID101402,Warinder,2001-02-13,M,B+,0,2017-09-01
1403,1,130,9,3,KGID101403,Abdul,1995-08-27,M,A+,0,2000-09-07
1404,1,130,6,5,KGID101404,Lohit,1990-06-11,M,B+,0,2008-04-29
1405,1,130,10,2,KGID101405,Jackson,1999-10-24,M,A-,0,2019-05-05
1406,1,130,6,3,KGID101406,Champak,1973-08-31,M,O+,0,2014-08-30
1407,1,130,10,5,KGID101407,Aryan,1977-07-14,M,O+,0,2017-04-29
1408,1,130,9,3,KGID101408,Faqid,1970-06-08,M,O-,0,2011-04-05
1409,1,130,6,1,KGID101409,Andrew,1975-11-03,M,B+,0,2017-02-13
1410,1,130,10,5,KGID101410,Rehaan,1980-08-18,M,A-,0,1997-04-04
1411,1,130,6,6,KGID101411,Kashvi,1995-09-01,F,A-,0,1999-01-12
1412,1,130,10,1,KGID101412,Ijaya,1974-10-19,F,A+,0,2008-04-04
1413,1,130,9,3,KGID101413,Nidra,1997-01-02,F,B-,0,2020-05-17
1414,1,131,9,3,KGID101414,Vedika,1971-10-29,F,B+,0,2013-04-03
1415,1,131,6,2,KGID101415,Anirudh,1982-05-22,M,B+,0,2007-07-21
1416,1,131,10,2,KGID101416,Akshay,1972-10-25,M,B+,0,1999-02-27
1417,1,131,7,1,KGID101417,Daksh,2000-11-04,M,A+,0,1997-12-28
1418,1,131,10,2,KGID101418,Praneel,1971-09-24,M,A+,0,2022-04-06
1419,1,131,9,4,KGID101419,Balendra,1996-04-30,M,A+,0,2014-06-18
1420,1,131,10,1,KGID101420,Frado,1981-02-15,M,O-,0,2011-12-28
1421,1,131,9,5,KGID101421,Rayaan,1971-03-05,M,B+,0,2021-08-25
1422,1,131,10,6,KGID101422,Caleb,1996-06-18,M,O+,0,2022-07-06
1423,1,131,10,5,KGID101423,Manbir,2001-05-24,M,O-,0,1998-08-18
1424,1,131,9,1,KGID101424,Vivaan,1981-10-26,M,O-,0,2017-02-24
1425,1,131,10,2,KGID101425,Nachiket,1987-07-01,M,O+,0,2012-10-21
1426,1,131,10,6,KGID101426,Rehaan,1991-10-12,M,A+,0,2014-11-28
1427,1,131,6,4,KGID101427,Aradhana,1996-12-14,F,O+,0,2025-06-11
1428,1,131,7,1,KGID101428,Alexander,2001-07-07,M,B+,0,2012-02-02
1429,1,132,9,4,KGID101429,Nitesh,1996-08-19,M,A+,0,2014-08-23
1430,1,132,9,5,KGID101430,Brijesh,1982-02-25,M,B+,0,2024-07-26
1431,1,132,10,6,KGID101431,Hritik,1975-07-15,M,A+,0,2004-02-14
1432,1,132,10,4,KGID101432,Maanav,1993-11-24,M,A-,0,2011-11-04
1433,1,132,6,2,KGID101433,Victor,1997-10-07,M,A-,0,2022-01-12
1434,1,132,10,1,KGID101434,Panini,1987-09-14,F,O-,0,2010-10-14
1435,1,132,10,1,KGID101435,Netra,1988-11-18,F,B-,0,2009-10-31
1436,1,132,10,6,KGID101436,Dev,1982-11-05,M,B-,0,2018-11-06
1437,1,132,10,5,KGID101437,Arjun,1976-11-28,M,A+,0,1997-05-22
1438,1,132,10,3,KGID101438,Amara,2002-01-09,F,B+,0,1999-01-19
1439,1,132,5,1,KGID101439,Jagat,1977-04-23,M,B+,0,2018-02-07
1440,1,132,10,6,KGID101440,Henry,1992-02-18,M,O-,0,2006-11-29
1441,1,132,7,6,KGID101441,Caleb,1981-10-25,M,AB+,0,2003-03-26
1442,1,132,5,4,KGID101442,Qasim,1971-10-20,M,A-,0,2012-05-30
1443,1,133,10,4,KGID101443,Vihaan,1996-01-25,M,AB+,0,2010-02-03
1444,1,133,10,6,KGID101444,Falguni,2000-12-13,F,A+,0,2014-02-04
1445,1,133,10,2,KGID101445,Charan,1974-03-22,M,AB+,0,2000-11-21
1446,1,133,10,5,KGID101446,Chatresh,1975-07-27,M,A+,0,2009-09-17
1447,1,133,9,4,KGID101447,Gautam,2000-07-26,M,O-,0,2015-08-31
1448,1,133,9,5,KGID101448,Shaurya,1980-06-05,M,O+,0,2015-01-15
1449,1,133,9,1,KGID101449,Nikita,1980-11-16,F,O-,0,2020-10-06
1450,1,133,6,4,KGID101450,Mitesh,2001-09-17,M,AB+,0,2020-09-20
1451,1,133,9,1,KGID101451,Finn,1985-07-23,M,B+,0,2010-08-14
1452,1,133,10,6,KGID101452,Chaman,1991-01-04,F,B+,0,2017-07-09
1453,1,133,7,4,KGID101453,Ikbal,1982-07-12,M,O-,0,2006-03-28
1454,1,133,7,6,KGID101454,Zehaan,1988-05-04,M,A-,0,2017-05-20
1455,1,133,6,5,KGID101455,Victor,1991-03-11,M,A+,0,2010-03-30
1456,1,133,5,5,KGID101456,Champak,1991-01-01,M,B-,0,2003-01-28
1457,1,133,10,1,KGID101457,Ganga,1988-09-06,F,A-,0,2001-06-13
1458,1,133,10,6,KGID101458,Harini,1980-04-13,F,A-,0,2010-05-17
1459,1,133,10,1,KGID101459,Yachana,1999-01-16,F,AB+,0,2003-04-22
1460,1,133,10,6,KGID101460,Banjeet,1998-04-18,M,B+,0,2019-01-09
1461,1,133,9,6,KGID101461,Jagat,1984-01-16,M,A+,0,2014-02-07
1462,1,133,10,5,KGID101462,Dalbir,1974-01-08,M,O+,0,2001-08-11
1463,1,134,9,4,KGID101463,Veda,2002-11-20,F,O+,0,2021-04-12
1464,1,134,10,3,KGID101464,Alexander,1994-01-05,M,AB+,0,2020-04-13
1465,1,134,10,4,KGID101465,Ayushman,1983-05-02,M,A+,0,2014-07-02
1466,1,134,9,6,KGID101466,Yug,1997-11-06,M,O+,0,2023-10-19
1467,1,134,5,2,KGID101467,David,1990-08-26,M,AB+,0,2022-08-24
1468,1,134,10,5,KGID101468,Ekaja,1983-03-28,F,B+,0,2016-08-22
1469,1,134,5,4,KGID101469,Brijesh,1981-06-07,M,O-,0,2021-11-27
1470,1,134,10,5,KGID101470,Xavier,1987-04-17,M,A+,0,2007-01-09
1471,1,134,9,5,KGID101471,Pratyush,1985-12-06,M,AB+,0,2023-01-10
1472,1,134,10,3,KGID101472,Noah,1987-03-16,M,A-,0,2023-07-16
1473,1,134,9,2,KGID101473,Luke,1968-04-25,M,AB+,0,2007-10-08
1474,1,134,9,5,KGID101474,Qabil,1968-12-12,M,B+,0,2024-09-19
1475,1,134,9,2,KGID101475,Hredhaan,2000-09-07,M,A-,0,2024-09-16
1476,1,134,6,4,KGID101476,Tanveer,1968-11-03,M,O+,0,2017-04-14
1477,1,134,9,4,KGID101477,Hritik,1968-05-15,M,A-,0,1996-08-01
1478,1,134,10,4,KGID101478,Bahadurjit,1973-11-16,M,B+,0,1996-12-31
1479,1,134,7,4,KGID101479,Harshil,1969-10-23,M,AB+,0,2000-10-10
1480,1,134,10,2,KGID101480,Yashasvi,1974-12-29,F,O-,0,2018-07-26
1481,1,135,10,5,KGID101481,Advaith,1981-10-20,M,B+,0,2025-02-22
1482,1,135,10,2,KGID101482,Tanveer,1974-05-16,M,O-,0,2018-12-21
1483,1,135,9,4,KGID101483,Faraj,1994-09-26,M,AB+,0,1999-02-07
1484,1,135,10,2,KGID101484,Quincy,1972-11-04,M,A+,0,2005-08-06
1485,1,135,7,2,KGID101485,Mahika,1995-07-22,F,B-,0,2016-10-01
1486,1,135,9,1,KGID101486,Jyoti,1967-12-27,F,A+,0,2025-04-17
1487,1,135,9,1,KGID101487,Udarsh,1981-09-17,M,AB+,0,1997-02-03
1488,1,135,6,4,KGID101488,Tejas,2000-08-29,M,O-,0,2010-09-16
1489,1,135,10,6,KGID101489,Peter,1979-02-24,M,A-,0,2009-07-10
1490,1,135,6,5,KGID101490,Xavier,2002-06-09,M,O+,0,2013-11-15
1491,1,135,9,3,KGID101491,Andrew,1978-11-07,M,O+,0,2010-07-26
1492,1,135,6,6,KGID101492,Ethan,1999-04-19,M,B+,0,2019-05-17
1493,1,136,10,3,KGID101493,Chanakya,1995-07-06,M,AB+,0,2003-06-11
1494,1,136,10,5,KGID101494,Nidhi,1997-08-07,F,O+,0,2023-06-03
1495,1,136,9,4,KGID101495,Caleb,1980-10-18,M,B-,0,2011-02-06
1496,1,136,7,2,KGID101496,Advaith,1988-09-07,M,O+,0,2014-10-13
1497,1,136,10,6,KGID101497,Pranit,1989-10-11,M,A-,0,2001-06-16
1498,1,136,7,1,KGID101498,Dominic,1990-05-14,M,B-,0,2024-11-04
1499,1,136,10,4,KGID101499,Nachiket,1991-02-17,M,O+,0,2021-11-12
1500,1,136,6,6,KGID101500,Sarthak,1995-11-20,M,A+,0,2022-02-12
1501,1,136,10,1,KGID101501,Vivaan,1967-09-05,M,AB+,0,2010-02-15
1502,1,136,10,2,KGID101502,Anamika,1988-12-16,F,O+,0,2020-08-11
1503,1,136,6,6,KGID101503,Upma,1969-12-30,F,O+,0,2024-03-14
1504,1,137,7,3,KGID101504,Harsh,1981-07-31,M,O-,0,2016-06-21
1505,1,137,9,6,KGID101505,Parth,1981-05-05,M,AB+,0,2015-07-10
1506,1,137,10,1,KGID101506,Chakradhar,1992-09-06,M,O-,0,2009-07-11
1507,1,137,10,4,KGID101507,Manbir,1992-08-07,M,A-,0,2020-11-24
1508,1,137,10,6,KGID101508,Pratyush,1975-05-31,M,A+,0,2004-05-11
1509,1,137,10,4,KGID101509,Gaurang,1993-01-26,M,O-,0,2005-05-26
1510,1,137,10,3,KGID101510,Isaiah,1993-10-30,M,O+,0,2017-05-05
1511,1,137,10,6,KGID101511,Nitesh,1977-07-03,M,O-,0,2002-10-29
1512,1,137,6,6,KGID101512,Chatura,1969-06-11,M,AB+,0,2002-01-25
1513,1,137,9,6,KGID101513,Viraj,1989-03-16,M,B+,0,2024-03-24
1514,1,137,6,3,KGID101514,Teerth,1992-11-29,M,B+,0,2025-04-04
1515,1,137,10,4,KGID101515,William,1978-10-01,M,O-,0,2018-02-21
1516,1,137,6,5,KGID101516,Advay,1997-01-06,M,B-,0,2007-03-06
1517,1,137,10,4,KGID101517,Oscar,1975-04-09,M,B+,0,2007-09-14
1518,1,137,10,5,KGID101518,Zansi,1990-02-23,F,AB+,0,2017-12-29
1519,1,137,5,2,KGID101519,Avi,1978-01-02,M,A-,0,1998-07-12
1520,1,137,10,4,KGID101520,Caleb,1997-01-10,M,O-,0,2022-06-15
1521,1,137,7,2,KGID101521,Thomas,1980-10-18,M,O-,0,2002-12-14
1522,1,137,7,4,KGID101522,Dev,1972-08-29,M,B+,0,2017-09-12
1523,1,137,10,3,KGID101523,Balhaar,1979-01-11,M,B-,0,2019-03-06
1524,1,138,7,1,KGID101524,Anmol,2001-10-10,M,O+,0,2008-10-30
1525,1,138,9,2,KGID101525,Joshua,1967-12-14,M,O+,0,2017-07-27
1526,1,138,10,4,KGID101526,Hemang,1992-08-26,M,B+,0,2012-10-19
1527,1,138,10,2,KGID101527,Bimala,1994-07-29,F,B-,0,2014-02-04
1528,1,138,9,1,KGID101528,Frederick,1970-12-11,M,A+,0,2020-08-16
1529,1,138,6,4,KGID101529,Raghav,1971-02-26,M,O+,1,2023-11-26
1530,1,138,5,5,KGID101530,Indira,2001-08-16,F,B-,0,2008-04-11
1531,1,138,10,5,KGID101531,Ekavir,1995-06-26,M,AB+,0,2006-05-29
1532,1,138,10,5,KGID101532,Laban,1977-09-27,M,A+,0,2005-07-12
1533,1,138,9,3,KGID101533,Balvan,2002-02-07,M,AB+,0,2001-11-27
1534,1,138,9,2,KGID101534,Ronith,1991-03-14,M,O+,0,2024-03-16
1535,1,138,10,3,KGID101535,Balveer,1989-05-27,M,B-,0,2025-06-05
1536,1,138,6,3,KGID101536,Wazir,1975-05-15,M,A-,0,2015-12-11
1537,1,138,9,4,KGID101537,Irya,1977-09-20,F,B+,0,2008-02-29
1538,1,139,10,6,KGID101538,William,1967-09-07,M,B-,0,2006-08-19
1539,1,139,10,2,KGID101539,Faras,2000-02-20,M,B+,0,2024-06-13
1540,1,139,7,4,KGID101540,Wyatt,1983-01-11,M,A+,1,2013-09-19
1541,1,139,10,3,KGID101541,Aashi,1968-08-23,F,B-,0,2021-05-05
1542,1,139,10,6,KGID101542,Mason,2000-08-24,M,O-,0,2000-10-14
1543,1,139,10,3,KGID101543,Faris,2000-09-16,M,B+,0,2001-05-26
1544,1,139,6,5,KGID101544,Jagat,1987-12-30,M,B-,0,2017-03-03
1545,1,139,5,5,KGID101545,Saksham,1994-11-07,M,O-,0,1998-12-03
1546,1,139,10,4,KGID101546,Ishaan,1998-05-23,M,B-,0,2004-02-04
1547,1,139,10,6,KGID101547,Orinder,1986-07-07,M,A+,0,1997-12-26
1548,1,139,5,3,KGID101548,Upkaar,1972-12-13,M,B+,0,2008-03-24
1549,1,139,7,4,KGID101549,Lakshit,1990-06-11,M,AB+,0,2003-10-12
1550,1,139,7,3,KGID101550,Girik,1995-02-21,M,A+,0,2007-01-14
1551,1,139,10,6,KGID101551,Yashawini,1983-01-17,F,B-,0,2009-06-04
1552,1,139,10,1,KGID101552,Alexander,1975-03-21,M,O-,0,2008-04-17
1553,1,140,7,5,KGID101553,Gavin,1976-08-24,M,A-,0,2002-01-20
1554,1,140,10,4,KGID101554,Orinder,1994-03-14,M,A+,0,2004-08-28
1555,1,140,10,4,KGID101555,Darsh,1982-05-16,M,O+,0,2000-03-01
1556,1,140,10,3,KGID101556,Amrita,1996-09-05,F,AB+,0,2012-06-13
1557,1,140,6,6,KGID101557,Ayaan,1984-12-26,M,A-,0,2023-04-24
1558,1,140,6,5,KGID101558,Advay,1982-02-09,M,B+,0,2019-12-11
1559,1,140,9,5,KGID101559,Mahika,1986-04-25,F,A-,0,2021-05-29
1560,1,140,6,5,KGID101560,Nitesh,1968-12-22,M,B+,0,2022-11-03
1561,1,140,10,3,KGID101561,Gaurav,1979-11-05,M,AB+,0,2013-05-20
1562,1,140,7,4,KGID101562,Isaiah,1982-01-01,M,A-,0,1996-12-01
1563,1,140,10,4,KGID101563,Manthan,1987-03-14,M,A+,0,2003-10-05
1564,1,140,10,2,KGID101564,Akshay,1985-07-13,M,B-,0,2017-01-06
1565,1,140,9,3,KGID101565,Aarna,1968-05-23,F,A-,0,2011-10-13
1566,1,141,9,5,KGID101566,Leela,1995-10-08,F,AB+,0,2007-03-14
1567,1,141,7,3,KGID101567,Chakradev,1994-04-11,M,O+,0,2009-03-22
1568,1,141,9,1,KGID101568,Gaurav,1987-07-29,M,B-,0,2009-08-02
1569,1,141,10,4,KGID101569,Tristan,1975-04-02,M,A+,0,2008-09-11
1570,1,141,10,5,KGID101570,Urvashi,1988-02-06,F,B-,0,2011-03-06
1571,1,141,9,3,KGID101571,Reyansh,1985-11-03,M,O+,0,1997-04-14
1572,1,141,10,2,KGID101572,Amrita,1982-01-08,F,A+,0,2025-04-02
1573,1,141,6,1,KGID101573,Abhiram,1984-09-26,M,AB+,0,2003-04-27
1574,1,141,10,2,KGID101574,Mohammed,1990-01-20,M,B-,0,2024-05-15
1575,1,142,7,6,KGID101575,Chatura,1975-11-22,M,A-,0,2004-10-29
1576,1,142,6,5,KGID101576,Advaith,1994-10-08,M,O+,0,2008-06-28
1577,1,142,7,3,KGID101577,Aishani,1998-10-22,F,A+,0,2021-10-21
1578,1,142,10,1,KGID101578,Rudra,2001-03-20,M,B-,0,2022-02-15
1579,1,142,10,6,KGID101579,Upma,1971-12-23,F,B+,0,2015-03-30
1580,1,142,9,5,KGID101580,Zehaan,2000-03-18,M,B+,0,2024-10-24
1581,1,142,10,4,KGID101581,William,1992-08-07,M,A+,0,2012-04-14
1582,1,142,7,4,KGID101582,Nisha,1979-07-09,F,AB+,0,2019-02-11
1583,1,142,9,2,KGID101583,Vritti,1969-01-10,F,O+,0,2022-02-25
1584,1,142,10,1,KGID101584,Yashvi,1987-09-10,F,A+,0,2004-01-15
1585,1,142,5,4,KGID101585,Xavier,1988-03-12,M,B-,0,2018-02-15
1586,1,142,5,1,KGID101586,Atharv,1986-03-03,M,AB+,0,1997-06-18
1587,1,142,7,6,KGID101587,Upkaar,1978-08-16,M,O-,0,2016-01-03
1588,1,142,10,1,KGID101588,Jai,1973-02-13,M,AB+,0,2025-06-12
1589,1,142,10,6,KGID101589,Warjas,1981-06-29,M,AB+,0,2017-08-06
1590,1,142,9,6,KGID101590,Daksh,1990-08-28,M,O+,0,2005-10-17
1591,1,142,10,6,KGID101591,Chandran,1986-05-16,M,B+,0,2024-06-01
1592,1,142,9,5,KGID101592,Girish,1975-09-25,M,B-,0,2004-06-08
1593,1,142,6,6,KGID101593,Nathaniel,1990-05-13,M,AB+,0,2011-10-22
1594,1,143,10,4,KGID101594,Samaksh,1995-05-14,M,O-,0,1998-09-04
1595,1,143,10,4,KGID101595,Robert,1993-12-24,M,O-,0,2011-07-05
1596,1,143,10,6,KGID101596,Dakshesh,1994-01-04,M,B-,0,2015-10-16
1597,1,143,10,2,KGID101597,Mason,1970-11-04,M,A-,0,1999-02-23
1598,1,143,6,4,KGID101598,Kevin,1979-07-18,M,O+,0,2005-07-20
1599,1,143,5,3,KGID101599,Zehaan,1975-04-07,M,O+,0,2001-02-22
1600,1,143,6,5,KGID101600,Abhiram,1995-11-02,M,A+,0,2010-10-23
1601,1,143,10,2,KGID101601,Charles,1979-02-28,M,A+,0,2018-01-05
1602,1,143,5,3,KGID101602,Robert,1984-04-20,M,O-,0,2008-10-23
1603,1,143,10,2,KGID101603,Arunima,1991-10-18,F,O-,0,2020-07-05
1604,1,143,7,6,KGID101604,Peter,1991-12-21,M,A+,0,2021-12-01
1605,1,143,9,1,KGID101605,Qadim,1986-08-13,M,A+,0,1997-06-06
1606,1,144,6,5,KGID101606,Warinder,1982-03-27,M,A+,0,1996-10-28
1607,1,144,10,2,KGID101607,Qabil,1977-02-02,M,O+,0,2002-08-28
1608,1,144,10,5,KGID101608,Ethan,1971-07-03,M,AB+,0,2008-05-16
1609,1,144,9,3,KGID101609,Ishaan,1971-02-01,M,O-,0,1997-04-19
1610,1,144,10,4,KGID101610,Krisha,1991-11-15,F,O-,0,2007-11-28
1611,1,144,6,3,KGID101611,Victor,1997-09-10,M,O+,0,2002-12-20
1612,1,144,10,4,KGID101612,Pranav,1999-03-27,M,O+,0,2011-09-17
1613,1,144,7,5,KGID101613,Chakradhar,2000-04-15,M,AB+,0,2000-07-31
1614,1,144,10,4,KGID101614,Ayush,1980-11-15,M,AB+,0,2014-06-02
1615,1,144,7,1,KGID101615,Ansh,1987-08-26,M,AB+,0,2019-06-12
1616,1,144,6,1,KGID101616,Ishwar,1999-07-29,M,A+,0,2006-06-07
1617,1,144,7,4,KGID101617,Qabil,1990-02-25,M,A+,0,2004-04-06
1618,1,144,6,2,KGID101618,Chandran,1980-12-28,M,A-,0,2003-06-15
1619,1,144,7,6,KGID101619,Champak,1975-08-08,M,A-,0,2022-06-13
1620,1,144,6,6,KGID101620,Madhav,1996-12-04,M,A-,0,2005-04-07
1621,1,144,10,3,KGID101621,Fiyaz,1979-11-17,M,A+,0,2008-01-31
1622,1,144,9,2,KGID101622,Varenya,1980-03-27,F,B-,0,2001-09-21
1623,1,145,9,5,KGID101623,Dominic,2003-04-30,M,B-,0,2005-07-26
1624,1,145,6,6,KGID101624,Onveer,1968-03-22,M,AB+,0,2002-04-21
1625,1,145,10,5,KGID101625,Ekaja,1972-10-25,F,O+,0,2003-06-21
1626,1,145,6,5,KGID101626,Aayush,1987-04-09,M,A-,0,2022-05-28
1627,1,145,9,5,KGID101627,Gaurav,1982-06-27,M,O+,0,2015-11-27
1628,1,145,10,5,KGID101628,Faras,1974-04-02,M,A-,0,2025-01-30
1629,1,145,10,4,KGID101629,Falguni,1996-12-07,F,A-,0,1999-07-28
1630,1,145,10,6,KGID101630,Oscar,1992-02-28,M,A-,0,2019-07-16
1631,1,145,7,1,KGID101631,Chandran,1981-12-15,M,AB+,0,2024-01-31
1632,1,145,9,2,KGID101632,Ayush,2001-05-24,M,O-,0,1998-03-26
1633,1,145,7,6,KGID101633,Harsh,1970-02-09,M,B-,0,2000-01-27
1634,1,145,10,3,KGID101634,Wahab,1971-09-08,M,B-,0,2010-11-27
1635,1,145,7,6,KGID101635,Nicholas,1995-10-06,M,AB+,0,2000-06-13
1636,1,145,10,5,KGID101636,Saksham,1981-09-12,M,B+,0,2005-05-22
1637,1,145,10,6,KGID101637,Dev,1996-07-07,M,AB+,0,2015-11-01
1638,1,145,10,2,KGID101638,Parth,1992-12-21,M,AB+,0,2002-11-10
1639,1,145,7,4,KGID101639,Baljiwan,1992-11-19,M,A-,0,2011-08-05
1640,1,145,6,5,KGID101640,Baljiwan,1999-12-25,M,AB+,0,2001-12-12
1641,1,146,6,6,KGID101641,Chatura,1973-05-12,M,AB+,0,2004-03-23
1642,1,146,10,6,KGID101642,Warjas,1995-05-11,M,AB+,0,2009-10-24
1643,1,146,6,1,KGID101643,Rachit,1984-04-27,M,B-,0,2004-03-26
1644,1,146,7,5,KGID101644,Girik,1997-11-13,M,O+,0,2018-01-15
1645,1,146,6,1,KGID101645,Sarthak,1992-03-18,M,A+,0,2024-11-03
1646,1,146,9,1,KGID101646,Gopal,1983-04-21,M,O+,0,2001-09-22
1647,1,146,10,1,KGID101647,Gagan,1998-10-02,M,O-,0,2012-12-10
1648,1,146,10,3,KGID101648,Gautam,1991-12-29,M,O+,0,2000-04-26
1649,1,146,9,1,KGID101649,Lakshmi,1996-03-18,F,A-,0,2015-12-29
1650,1,146,10,5,KGID101650,Shivani,1980-12-26,F,O+,0,2001-07-05
1651,1,146,7,4,KGID101651,Oeshi,2000-04-13,F,O-,0,2011-03-01
1652,1,146,7,5,KGID101652,Omkaar,1974-07-22,M,B-,0,1998-08-18
1653,1,146,10,6,KGID101653,Samuel,1972-07-16,M,O+,0,2016-01-31
1654,1,146,9,4,KGID101654,Finn,1981-10-21,M,B+,0,1999-10-25
1655,1,146,10,6,KGID101655,Maanav,2003-05-13,M,AB+,0,2025-03-01
1656,1,147,10,1,KGID101656,Champak,1977-01-06,M,A-,0,2010-08-13
1657,1,147,10,6,KGID101657,Robert,1992-01-03,M,A+,0,1998-03-29
1658,1,147,5,5,KGID101658,Qadim,1985-09-02,M,A-,0,2012-01-14
1659,1,147,9,4,KGID101659,Triveni,1979-09-24,F,A-,0,2022-04-20
1660,1,147,6,2,KGID101660,Liam,1967-09-13,M,A+,0,2016-06-01
1661,1,147,6,5,KGID101661,Chatresh,1984-08-16,M,AB+,0,2003-11-10
1662,1,147,10,5,KGID101662,Andrew,1970-11-25,M,A+,0,2025-02-10
1663,1,147,10,2,KGID101663,Zilmil,1992-05-18,F,AB+,0,2008-04-29
1664,1,147,10,1,KGID101664,Aadi,1982-05-05,M,A+,0,2019-06-18
1665,1,147,10,2,KGID101665,Ekalinga,1999-10-17,M,O+,0,2016-02-23
1666,1,147,5,6,KGID101666,Karan,1971-02-13,M,B+,0,1999-08-10
1667,1,147,10,6,KGID101667,Sudiksha,1990-06-02,F,A+,0,2002-10-10
1668,1,147,10,3,KGID101668,Gagan,1982-08-21,M,O+,0,2000-09-17
1669,1,147,10,2,KGID101669,Vyanjana,1979-11-20,F,B+,0,2009-11-28
1670,1,147,9,5,KGID101670,Chaitanya,1979-05-26,M,AB+,0,1997-05-31
1671,1,147,10,5,KGID101671,Aarush,1997-10-01,M,AB+,0,2022-07-27
1672,1,147,9,1,KGID101672,Dakshesh,1987-02-28,M,O+,0,2019-08-08
1673,1,147,10,5,KGID101673,Dalbir,1983-05-14,M,B-,0,2015-02-16
1674,1,148,10,6,KGID101674,Advaith,1972-04-24,M,A-,0,2000-01-08
1675,1,148,10,2,KGID101675,Eta,1989-08-29,F,O-,0,2012-05-26
1676,1,148,5,5,KGID101676,Krisha,1996-09-10,F,AB+,0,2024-05-24
1677,1,148,5,5,KGID101677,Barkha,1978-08-08,F,O+,0,1999-12-19
1678,1,148,10,4,KGID101678,Girindra,1975-05-31,M,O+,0,2015-07-10
1679,1,148,10,3,KGID101679,Yasti,1981-12-21,F,O-,0,2004-01-12
1680,1,148,9,1,KGID101680,Samaksh,1976-10-23,M,B+,0,1997-08-27
1681,1,148,10,4,KGID101681,Wriddhish,1993-06-08,M,B-,0,2016-01-14
1682,1,148,9,3,KGID101682,Gautam,1980-12-07,M,AB+,0,2016-03-26
1683,1,148,6,6,KGID101683,Vedant,1981-11-16,M,O+,0,2003-11-05
1684,1,148,7,3,KGID101684,Anika,1988-10-17,F,B+,0,2013-10-23
1685,1,148,10,5,KGID101685,Teerth,1968-07-09,M,O+,0,2023-06-20
1686,1,149,6,5,KGID101686,Parth,1996-10-28,M,AB+,0,2025-04-28
1687,1,149,10,5,KGID101687,Mohammed,1984-07-03,M,B-,0,1996-10-28
1688,1,149,9,6,KGID101688,Shaurya,1995-09-28,M,B-,0,2004-06-29
1689,1,149,6,6,KGID101689,Ekbal,1977-12-05,M,AB+,0,2025-05-10
1690,1,149,6,5,KGID101690,Peter,1994-08-30,M,O+,0,1996-11-03
1691,1,149,6,1,KGID101691,Idika,1969-09-23,F,A+,0,2008-08-22
1692,1,149,10,2,KGID101692,Aarna,1986-03-26,F,B-,0,2006-11-24
1693,1,149,6,3,KGID101693,Kevin,1978-05-02,M,B+,0,1997-09-26
1694,1,149,10,6,KGID101694,Mason,1975-08-14,M,B+,0,2023-12-04
1695,1,149,10,3,KGID101695,Gopal,2003-02-13,M,AB+,0,1998-05-29
1696,1,149,10,2,KGID101696,Lucky,2003-04-23,M,O-,0,2004-05-09
1697,1,149,10,5,KGID101697,Abdul,1977-08-13,M,AB+,0,2003-09-04
1698,1,149,7,6,KGID101698,Caleb,1980-01-12,M,B-,0,2001-06-07
1699,1,149,9,6,KGID101699,Darsh,1968-07-07,M,A+,0,2024-07-19
1700,1,149,6,5,KGID101700,Vasudha,1993-01-19,F,B-,0,2000-04-21
1701,1,149,7,6,KGID101701,Shaurya,1977-05-21,M,B-,0,2019-09-10
1702,1,149,9,4,KGID101702,Thomas,1993-09-11,M,A+,0,2006-11-02
1703,1,149,6,1,KGID101703,Chakradhar,1979-02-17,M,O-,0,2008-08-09
1704,1,149,5,3,KGID101704,Abeer,1969-02-03,M,A+,0,2000-03-07
1705,1,150,9,1,KGID101705,Vivaan,1991-06-11,M,B-,0,1999-02-14
1706,1,150,10,4,KGID101706,Ekansh,1971-07-03,M,O+,0,2004-07-09
1707,1,150,10,5,KGID101707,Patrick,1993-01-02,M,O-,0,2016-02-19
1708,1,150,5,4,KGID101708,Zashil,1986-12-23,M,A+,0,2020-09-21
1709,1,150,10,1,KGID101709,Chakradev,1980-09-22,M,B-,0,2024-03-21
1710,1,150,10,1,KGID101710,Onveer,1988-06-05,M,A-,0,2012-08-27
1711,1,150,6,2,KGID101711,Geetika,1995-02-20,F,A+,0,2003-03-27
1712,1,150,6,3,KGID101712,Saanvi,1989-02-08,F,A-,0,2010-12-24
1713,1,150,7,5,KGID101713,Jagvi,1980-12-05,F,AB+,0,2003-11-16
1714,1,150,9,1,KGID101714,Jairaj,1991-09-09,M,A+,0,2004-09-15
1715,1,150,6,6,KGID101715,Advik,1982-08-15,M,A+,0,2024-11-26
1716,1,150,6,1,KGID101716,Gunbir,1993-09-09,M,O+,0,2001-02-05
1717,1,150,10,1,KGID101717,Patrick,1993-02-28,M,A-,0,2004-04-28
1718,1,150,10,5,KGID101718,Sneha,1996-03-04,F,O-,0,2016-09-08
1719,1,150,7,5,KGID101719,Vyanjana,1978-04-20,F,A+,0,2022-07-23
1720,1,151,6,5,KGID101720,Owen,2002-12-29,M,A+,0,2019-01-16
1721,1,151,7,4,KGID101721,Janani,1989-07-08,F,A-,0,2000-10-18
1722,1,151,10,5,KGID101722,Mason,1978-09-05,M,B-,0,1998-05-23
1723,1,151,10,5,KGID101723,Krishna,1992-07-14,M,B+,0,2004-01-17
1724,1,151,10,6,KGID101724,Yash,1998-03-24,M,A-,0,2012-07-01
1725,1,151,7,1,KGID101725,Ojas,1982-09-14,M,B+,0,2007-08-17
1726,1,151,5,3,KGID101726,Qabil,1979-02-07,M,O+,0,2015-02-08
1727,1,151,10,4,KGID101727,Frederick,1991-01-30,M,O+,0,2006-08-17
1728,1,151,5,5,KGID101728,Dalbir,2000-02-23,M,A-,0,2006-02-07
1729,1,151,10,5,KGID101729,Champak,1999-07-20,M,O-,0,2008-02-28
1730,1,151,5,6,KGID101730,Wazir,1990-04-28,M,B+,0,2019-09-21
1731,1,151,7,6,KGID101731,Imaran,1984-09-16,M,B-,1,2018-09-15
1732,1,151,10,5,KGID101732,Yuvraj,1997-05-19,M,A-,0,2006-11-25
1733,1,151,10,2,KGID101733,Chanakya,1996-05-21,M,A+,0,2020-04-22
1734,1,151,10,2,KGID101734,Wridesh,1981-02-07,M,A+,0,2018-08-02
1735,1,152,9,2,KGID101735,Atharv,2000-01-06,M,AB+,0,2006-03-19
1736,1,152,10,6,KGID101736,Hemal,1987-05-31,F,AB+,0,2015-06-10
1737,1,152,5,3,KGID101737,Tristan,1972-02-15,M,A+,0,2018-05-24
1738,1,152,10,3,KGID101738,Faras,1995-03-06,M,AB+,0,2020-12-14
1739,1,152,7,1,KGID101739,Devansh,2001-02-24,M,A+,0,2025-06-12
1740,1,152,10,3,KGID101740,Logan,1989-12-23,M,B-,0,2008-05-01
1741,1,152,10,2,KGID101741,Janani,1987-09-20,F,A+,0,2014-05-02
1742,1,152,10,6,KGID101742,Dominic,1999-05-07,M,B+,0,2008-11-06
1743,1,152,10,2,KGID101743,Thomas,1983-02-10,M,O+,0,2017-07-18
1744,1,152,10,2,KGID101744,Atharv,1991-10-02,M,A-,0,2005-10-19
1745,1,152,6,6,KGID101745,Anjali,1969-10-16,F,A+,0,2016-09-04
1746,1,152,10,2,KGID101746,Yadavi,1972-05-05,F,B+,0,2011-01-11
1747,1,152,10,4,KGID101747,Chandran,1969-10-16,M,B-,0,2014-02-20
1748,1,152,9,2,KGID101748,Amol,1976-12-10,M,O-,0,2015-10-03
1749,1,152,10,1,KGID101749,Zayan,2001-06-16,M,B-,0,2018-08-15
1750,1,152,6,5,KGID101750,Vamakshi,1994-10-31,F,AB+,0,2017-07-28
1751,1,152,9,6,KGID101751,Gabriel,1970-05-15,M,A-,0,2020-08-04
1752,1,152,7,6,KGID101752,Logan,1985-04-26,M,O-,0,2010-02-14
1753,1,152,9,3,KGID101753,Om,1987-06-07,M,B-,0,1999-10-04
1754,1,153,5,4,KGID101754,Wyatt,2003-04-23,M,O+,0,2010-11-10
1755,1,153,7,6,KGID101755,Zashil,1980-08-10,M,A+,0,2022-12-10
1756,1,153,9,2,KGID101756,Madhavi,1972-07-23,F,AB+,0,2014-06-09
1757,1,153,10,2,KGID101757,Pratyush,1991-06-09,M,O-,0,1999-02-27
1758,1,153,10,1,KGID101758,Gaurang,1968-08-04,M,O+,0,2004-10-10
1759,1,153,9,4,KGID101759,Siddharth,1989-06-24,M,A-,0,2005-10-30
1760,1,153,9,4,KGID101760,Nihal,1996-08-05,M,O+,0,2017-07-28
1761,1,153,10,2,KGID101761,Ojas,2002-05-03,M,AB+,0,2001-01-11
1762,1,153,10,1,KGID101762,Charles,1986-12-17,M,O+,0,2009-07-21
1763,1,153,9,3,KGID101763,Advaith,1989-04-16,M,B+,0,2003-12-04
1764,1,153,10,2,KGID101764,Laksh,1998-06-13,M,O+,0,2018-08-04
1765,1,153,10,6,KGID101765,Jeet,1976-07-01,M,O-,0,2024-12-22
1766,1,153,5,6,KGID101766,Udant,1986-01-26,M,B-,0,2006-03-25
1767,1,153,7,3,KGID101767,Girish,1983-09-08,M,O-,0,2016-03-05
1768,1,153,6,5,KGID101768,Meghana,1988-05-26,F,O-,0,2019-11-05
1769,1,153,9,2,KGID101769,Imaran,1993-11-15,M,O-,0,2018-03-18
1770,1,153,7,4,KGID101770,Kalpit,1998-02-08,M,B+,0,2000-07-01
1771,1,153,7,6,KGID101771,Mohammed,1970-10-10,M,O-,0,2002-05-21
1772,1,153,10,2,KGID101772,Peter,1983-08-07,M,AB+,0,2006-08-11
1773,1,154,10,5,KGID101773,Finn,1983-04-27,M,A+,0,1999-05-22
1774,1,154,10,6,KGID101774,Aarush,1991-11-15,M,A+,0,2004-09-23
1775,1,154,10,2,KGID101775,Rachit,1970-08-05,M,AB+,0,2011-07-12
1776,1,154,7,6,KGID101776,Ranveer,1983-03-19,M,A-,0,2024-10-22
1777,1,154,9,1,KGID101777,Zayyan,1984-05-28,M,B+,0,2024-09-14
1778,1,154,10,6,KGID101778,Chakrika,2001-11-15,F,O-,0,2010-08-13
1779,1,154,6,4,KGID101779,Arjun,2002-01-18,M,B+,0,2005-04-15
1780,1,154,10,4,KGID101780,Qabil,1972-05-24,M,A+,0,2002-02-05
1781,1,154,9,3,KGID101781,Sanaya,1999-09-25,F,A+,0,1999-08-05
1782,1,154,10,6,KGID101782,Akshay,1975-03-21,M,A-,0,2008-05-13
1783,1,154,10,4,KGID101783,Teerth,1975-01-16,M,O+,0,2002-02-10
1784,1,154,9,4,KGID101784,Orinder,1971-04-05,M,A+,0,2005-03-19
1785,1,154,10,4,KGID101785,Jai,1984-05-03,M,AB+,0,2021-12-07
1786,1,154,9,4,KGID101786,Om,1979-06-24,M,B-,0,2012-12-02
1787,1,154,6,2,KGID101787,Warhi,1988-12-17,F,O-,0,2002-12-04
1788,1,154,7,4,KGID101788,Tanay,1987-02-26,M,B+,0,2010-11-04
1789,1,154,9,5,KGID101789,Aahana,1997-03-31,F,B-,0,2005-07-12
1790,1,154,10,2,KGID101790,Udant,1976-10-18,M,AB+,0,2023-09-18
1791,1,154,6,5,KGID101791,Aryan,1969-07-22,M,O+,0,1997-08-06
1792,1,155,9,6,KGID101792,Aditya,1980-02-12,M,A+,0,2025-03-22
1793,1,155,9,6,KGID101793,Libni,1970-11-03,F,O-,0,2000-10-15
1794,1,155,9,2,KGID101794,Zehaan,1972-10-24,M,AB+,0,2007-02-28
1795,1,155,7,4,KGID101795,Ubika,1991-10-18,F,AB+,0,2024-12-19
1796,1,155,9,4,KGID101796,Finn,1977-03-14,M,B-,0,2002-04-25
1797,1,155,6,3,KGID101797,Kai,1992-08-17,M,B-,0,2013-02-01
1798,1,155,10,6,KGID101798,Guneet,1984-10-22,M,B-,0,2021-11-09
1799,1,155,10,5,KGID101799,Omisha,1979-02-13,F,A+,1,2010-09-14
1800,1,155,10,3,KGID101800,Darsh,1996-11-13,M,AB+,0,2008-04-27
1801,1,155,9,4,KGID101801,Warjas,1983-02-18,M,A+,0,2019-08-14
1802,1,155,7,4,KGID101802,Bachittar,1990-09-27,M,O+,0,2015-01-26
1803,1,155,10,1,KGID101803,Priya,2000-03-28,F,O+,0,2010-02-10
1804,1,155,10,6,KGID101804,Jhalak,1996-09-06,F,AB+,0,2025-03-11
1805,1,155,9,2,KGID101805,Ojas,1989-05-27,M,B-,0,2010-05-02
1806,1,155,6,2,KGID101806,Bakhshi,1986-07-21,M,B+,0,2004-06-21
1807,1,156,10,5,KGID101807,Christopher,1992-12-21,M,B-,0,2008-03-18
1808,1,156,7,6,KGID101808,Dalbir,1972-05-12,M,O+,0,2017-12-28
1809,1,156,10,1,KGID101809,Falan,1972-12-25,M,B-,0,2009-10-03
1810,1,156,10,6,KGID101810,Ekaraj,1974-01-20,M,O-,0,2019-10-02
1811,1,156,7,1,KGID101811,Zayan,1973-03-29,M,AB+,0,1998-08-24
1812,1,156,9,1,KGID101812,Banjeet,1987-12-19,M,O-,0,2010-02-18
1813,1,156,10,2,KGID101813,Darsh,1979-10-15,M,B+,0,2025-03-08
1814,1,156,5,3,KGID101814,Jacob,1994-04-30,M,O-,0,2019-07-05
1815,1,156,10,1,KGID101815,Manbir,1984-09-16,M,O-,0,2020-06-26
1816,1,156,7,1,KGID101816,Imaran,1973-07-05,M,AB+,0,2011-10-23
1817,1,156,10,6,KGID101817,Udyati,1984-05-14,F,B+,0,2011-12-08
1818,1,156,10,4,KGID101818,Yamini,1991-10-01,F,A+,0,2000-11-12
1819,1,156,10,1,KGID101819,William,1977-06-06,M,AB+,0,2019-05-05
1820,1,156,10,2,KGID101820,Nihal,1969-08-13,M,A+,0,2020-10-14
1821,1,156,9,1,KGID101821,Baljiwan,1986-09-09,M,A+,0,2001-06-03
1822,1,156,7,4,KGID101822,Naveen,1984-11-16,M,A+,0,2017-01-18
1823,1,156,6,5,KGID101823,Zashil,1974-04-28,M,B+,0,2001-07-26
1824,1,157,5,6,KGID101824,Lohit,1999-08-09,M,AB+,0,2024-02-18
1825,1,157,7,3,KGID101825,Zarna,1978-05-30,F,B+,0,2003-11-27
1826,1,157,10,6,KGID101826,Maya,1981-12-10,F,AB+,0,2000-10-03
1827,1,157,6,4,KGID101827,Ikbal,1976-04-05,M,AB+,0,2004-03-14
1828,1,157,9,6,KGID101828,Viraj,1974-07-12,M,A+,0,2019-11-20
1829,1,157,6,3,KGID101829,Harish,1993-06-02,M,B+,0,2000-11-25
1830,1,157,9,1,KGID101830,Andrew,1973-03-17,M,B+,0,1997-11-13
1831,1,157,10,2,KGID101831,Aarav,1999-05-24,M,B-,0,2018-07-10
1832,1,157,9,4,KGID101832,Rajata,1973-02-23,F,B-,0,2024-10-20
1833,1,158,9,1,KGID101833,Max,1981-08-18,M,A-,0,2003-05-19
1834,1,158,6,1,KGID101834,Laksh,1987-02-24,M,B+,0,2006-12-13
1835,1,158,10,5,KGID101835,Arin,1981-07-27,M,A+,0,1999-08-21
1836,1,158,10,6,KGID101836,Kiaan,2002-03-08,M,B-,0,2006-05-05
1837,1,158,10,3,KGID101837,Farhan,1982-07-01,M,B+,0,2000-01-31
1838,1,158,6,1,KGID101838,Charan,1977-01-24,M,B+,0,2020-09-21
1839,1,158,6,2,KGID101839,Suhani,1972-04-07,F,A+,0,1996-08-14
1840,1,158,7,2,KGID101840,Zayyan,1971-02-04,M,B+,0,2015-03-15
1841,1,158,9,2,KGID101841,Jackson,1969-04-07,M,B-,0,2017-12-08
1842,1,158,9,3,KGID101842,Indrajit,1993-05-22,M,O+,0,2010-04-04
1843,1,159,6,4,KGID101843,Rehaan,2003-03-02,M,A+,0,2023-12-22
1844,1,159,10,4,KGID101844,Chakradhar,1979-03-07,M,AB+,0,2012-03-21
1845,1,159,10,2,KGID101845,Quincy,1994-08-02,M,O-,0,2018-08-20
1846,1,159,7,4,KGID101846,Pranit,1999-05-01,M,O-,0,2011-11-18
1847,1,159,10,5,KGID101847,Ishanvi,1995-05-12,F,B+,0,2006-09-07
1848,1,159,10,3,KGID101848,Yug,1982-05-14,M,AB+,0,2000-01-10
1849,1,159,9,3,KGID101849,Jeremiah,1980-01-15,M,B+,0,2002-12-17
1850,1,159,6,1,KGID101850,Daniel,1990-01-27,M,A+,0,2023-08-23
1851,1,159,10,4,KGID101851,Advay,1994-09-06,M,AB+,0,2006-08-30
1852,1,159,10,4,KGID101852,Radhika,1986-02-24,F,O+,0,2006-05-02
1853,1,159,10,1,KGID101853,Omkaar,1968-01-30,M,A+,0,2008-08-23
1854,1,159,10,4,KGID101854,Hemang,1976-06-16,M,O+,0,2005-11-23
1855,1,159,10,6,KGID101855,Zaid,1977-11-17,M,AB+,0,2022-06-17
1856,1,159,10,4,KGID101856,Abhimanyu,1989-07-27,M,AB+,0,2011-04-30
1857,1,159,10,3,KGID101857,Gavin,1991-05-13,M,B-,0,2008-01-21
1858,1,159,7,2,KGID101858,Pratyush,1999-09-03,M,O+,0,2015-06-25
1859,1,159,10,2,KGID101859,Krisha,1990-08-08,F,A-,0,2020-07-13
1860,1,159,10,1,KGID101860,Nathan,1975-12-30,M,O-,0,2004-07-25
1861,1,160,10,5,KGID101861,Udyati,1970-01-25,F,A+,0,2009-06-03
1862,1,160,10,4,KGID101862,Maanas,1969-06-02,M,O+,0,2004-04-20
1863,1,160,9,4,KGID101863,Yug,1991-01-10,M,A-,0,2004-01-16
1864,1,160,6,6,KGID101864,Christopher,1971-09-14,M,O-,0,2009-03-10
1865,1,160,7,3,KGID101865,Vincent,2000-12-14,M,O-,0,2012-12-27
1866,1,160,6,4,KGID101866,Oliver,1978-03-24,M,B-,0,2019-12-18
1867,1,160,6,1,KGID101867,Nidra,1983-11-20,F,A+,0,2022-02-18
1868,1,160,9,6,KGID101868,Wahab,1998-07-16,M,O+,0,2003-07-27
1869,1,160,10,6,KGID101869,Udarsh,1991-06-11,M,B+,0,2017-07-12
1870,1,160,6,4,KGID101870,Anirudh,2002-09-12,M,A-,0,1999-04-26
1871,1,160,10,2,KGID101871,Naveen,1986-02-07,M,O-,0,1999-03-12
1872,1,160,6,4,KGID101872,Jagdish,1980-04-16,M,AB+,0,2012-05-30
1873,1,160,6,2,KGID101873,Dhruv,1983-08-29,M,A+,0,2000-08-25
1874,1,160,10,3,KGID101874,Max,1979-05-14,M,A+,0,2018-03-23
1875,1,160,7,1,KGID101875,Ekaraj,1986-06-15,M,A+,0,2015-04-06
1876,1,160,10,5,KGID101876,Liam,1969-05-19,M,O-,1,2006-02-23
1877,1,160,9,1,KGID101877,Aayush,1976-09-10,M,AB+,0,2007-12-07
1878,1,160,7,4,KGID101878,Chaaya,1996-02-07,F,AB+,0,2025-05-11
1879,1,160,10,6,KGID101879,Gavin,1989-10-12,M,O+,1,2020-06-16
1880,1,161,7,4,KGID101880,Ekantika,1993-05-28,F,A-,0,2001-01-27
1881,1,161,10,1,KGID101881,Charles,1991-06-05,M,A+,0,2014-09-03
1882,1,161,7,2,KGID101882,Atharv,1968-10-13,M,A+,0,2002-02-20
1883,1,161,10,6,KGID101883,Abha,1988-04-10,F,O-,0,2019-09-02
1884,1,161,9,6,KGID101884,Ekbal,1999-09-02,M,O-,0,2001-12-18
1885,1,161,10,6,KGID101885,Ayaan,1995-01-12,M,O-,0,2001-02-11
1886,1,161,6,6,KGID101886,Baljiwan,1983-06-04,M,O+,0,2015-04-15
1887,1,161,9,6,KGID101887,Atharv,1973-09-11,M,A-,0,2015-08-06
1888,1,161,6,4,KGID101888,Teerth,2000-05-15,M,B-,0,2008-08-24
1889,1,161,7,3,KGID101889,Tanmayi,2000-07-04,F,A-,0,2019-11-10
1890,1,161,9,5,KGID101890,Onveer,1968-06-06,M,O-,0,2001-09-18
1891,1,162,9,1,KGID101891,Lohit,1985-11-22,M,O+,0,2019-04-03
1892,1,162,5,4,KGID101892,Vaishnavi,1973-01-25,F,B+,0,2021-02-28
1893,1,162,9,5,KGID101893,Waida,1991-05-18,F,B+,0,2007-12-06
1894,1,162,6,6,KGID101894,Anmol,1978-06-23,M,A+,0,2020-04-05
1895,1,162,10,3,KGID101895,Falak,1988-10-03,F,AB+,0,1998-07-24
1896,1,162,10,4,KGID101896,Kai,1967-12-21,M,B-,0,2024-10-30
1897,1,162,9,6,KGID101897,Fitan,1968-05-08,M,AB+,0,2013-12-28
1898,1,162,6,5,KGID101898,Warinder,2000-06-27,M,O-,0,2008-03-06
1899,1,162,10,6,KGID101899,Tarak,1996-04-14,M,B-,0,2024-04-20
1900,1,162,9,5,KGID101900,Reyansh,1974-08-09,M,O-,0,2016-09-27
1901,1,162,10,3,KGID101901,Balendra,1987-04-03,M,A+,0,1998-08-28
1902,1,162,9,2,KGID101902,Manan,1969-06-13,M,B-,0,2010-01-08
1903,1,162,10,3,KGID101903,Orinder,1993-02-28,M,AB+,0,2010-10-15
1904,1,162,10,5,KGID101904,Lohit,1978-03-04,M,B+,0,2008-01-05
1905,1,162,10,3,KGID101905,Waida,1997-12-19,F,O-,0,2008-07-22
1906,1,162,9,5,KGID101906,Sarthak,1987-02-23,M,A-,0,2007-02-19
1907,1,163,6,3,KGID101907,Yuvraj,2002-01-24,M,B+,0,2006-08-27
1908,1,163,10,6,KGID101908,Fitan,1977-06-03,M,AB+,0,2018-08-05
1909,1,163,7,6,KGID101909,Champak,1997-12-15,M,A+,0,2015-07-23
1910,1,163,5,1,KGID101910,Chatura,1967-09-27,M,O+,1,1998-04-08
1911,1,163,9,2,KGID101911,Yatin,2001-07-31,M,AB+,0,1999-09-23
1912,1,163,10,3,KGID101912,Lavanya,1980-01-20,F,B+,0,2002-11-15
1913,1,163,7,2,KGID101913,Akshay,1985-07-31,M,B-,0,2014-05-08
1914,1,163,7,4,KGID101914,Charvi,2001-09-12,F,B-,0,2015-06-18
1915,1,163,7,2,KGID101915,Omaja,1982-03-01,F,A+,0,1997-01-15
1916,1,163,7,3,KGID101916,Nihal,1972-08-24,M,O-,0,2008-09-05
1917,1,163,7,3,KGID101917,Henry,1971-01-04,M,B-,0,2006-08-08
1918,1,163,9,1,KGID101918,Mason,1996-09-19,M,B+,0,1999-07-06
1919,1,163,6,1,KGID101919,Sai,1982-04-15,M,O-,0,2024-07-13
1920,1,163,7,5,KGID101920,Hitesh,1969-02-22,M,B+,0,2014-07-05
1921,1,164,10,2,KGID101921,Wriddhish,1985-01-31,M,O-,0,1997-10-04
1922,1,164,10,6,KGID101922,Chandresh,1972-10-22,M,O-,0,2014-12-02
1923,1,164,5,2,KGID101923,Andrew,1969-09-05,M,AB+,0,2006-07-10
1924,1,164,6,1,KGID101924,Indrajit,1981-02-25,M,A+,0,2019-07-17
1925,1,164,6,1,KGID101925,Daksh,2001-12-19,M,A-,0,2018-01-23
1926,1,164,5,6,KGID101926,Advay,1968-08-06,M,B-,0,2011-01-29
1927,1,164,10,4,KGID101927,Devansh,1986-07-22,M,O+,0,2007-11-09
1928,1,164,7,4,KGID101928,Omaja,1975-09-06,F,O-,0,2021-08-11
1929,1,164,7,4,KGID101929,Dhruv,1988-02-26,M,O-,0,2013-02-03
1930,1,164,9,4,KGID101930,Advay,1968-02-25,M,O+,0,2005-08-06
1931,1,164,10,6,KGID101931,Kevin,1987-11-15,M,B-,0,2018-11-25
1932,1,164,9,5,KGID101932,Yuvraj,1997-07-11,M,AB+,0,2012-09-25
1933,1,164,7,2,KGID101933,Tanay,1971-10-07,M,AB+,0,2007-09-30
1934,1,164,10,5,KGID101934,Liam,1994-12-05,M,B+,0,2001-08-05
1935,1,164,6,5,KGID101935,Yash,1978-12-14,M,B+,0,2007-08-12
1936,1,165,9,5,KGID101936,Mitesh,1974-02-26,M,O-,0,2000-12-26
1937,1,165,9,5,KGID101937,Ojas,1997-10-16,M,A-,0,2011-12-08
1938,1,165,10,2,KGID101938,Zayan,1983-06-22,M,B-,0,2000-04-10
1939,1,165,9,2,KGID101939,Samarth,1978-07-31,M,A+,0,2004-09-22
1940,1,165,10,2,KGID101940,Vrishti,1994-03-03,F,A-,0,1999-06-03
1941,1,165,9,1,KGID101941,Liam,1993-07-21,M,A+,0,2003-11-25
1942,1,165,10,5,KGID101942,Jackson,1996-08-19,M,B+,0,2020-01-06
1943,1,165,10,3,KGID101943,Omya,1969-08-02,F,A+,0,2024-03-20
1944,1,165,7,6,KGID101944,Mohammed,1977-09-07,M,A-,0,2006-08-08
1945,1,165,7,5,KGID101945,Parth,1993-07-01,M,O+,0,2020-01-07
1946,1,165,7,6,KGID101946,Imaran,1981-12-23,M,O-,0,2009-06-10
1947,1,165,10,2,KGID101947,Samaksh,1998-12-13,M,B+,0,2017-10-30
1948,1,165,10,2,KGID101948,Avi,1977-09-09,M,B-,0,2018-06-04
1949,1,165,10,4,KGID101949,Wridesh,1974-05-28,M,B-,0,2021-07-11
1950,1,165,10,3,KGID101950,Jagdish,1988-06-07,M,B-,0,2007-08-24
1951,1,165,9,1,KGID101951,Harish,1976-01-15,M,B-,0,1998-05-28
1952,1,165,7,2,KGID101952,Edhitha,1993-04-16,F,B-,0,2002-10-12
1953,1,165,6,5,KGID101953,Manthan,1986-12-20,M,B+,0,2024-02-21
1954,1,165,5,4,KGID101954,Andrew,1996-01-03,M,AB+,0,2008-10-26
1955,1,166,10,5,KGID101955,Mohammed,1995-12-19,M,A+,0,2001-09-30
1956,1,166,10,1,KGID101956,George,1989-01-11,M,O+,0,2014-01-17
1957,1,166,10,2,KGID101957,Girik,2002-09-10,M,O+,0,2011-03-25
1958,1,166,5,4,KGID101958,Rishi,1982-04-24,M,A+,0,2005-05-12
1959,1,166,9,3,KGID101959,Aryan,1993-07-28,M,A-,0,2021-01-24
1960,1,166,9,6,KGID101960,Reyansh,1968-04-24,M,A-,0,2018-04-04
1961,1,166,9,1,KGID101961,Onveer,1977-11-15,M,B+,0,2003-12-15
1962,1,166,10,6,KGID101962,Tanveer,2000-01-13,M,B-,0,1997-04-06
1963,1,166,9,4,KGID101963,Advik,1972-03-11,M,AB+,0,1997-11-22
1964,1,166,7,6,KGID101964,Hardik,1975-01-12,M,B+,0,2007-03-13
1965,1,166,9,3,KGID101965,David,1998-04-14,M,A+,0,2020-10-11
1966,1,166,10,2,KGID101966,Thomas,1982-01-19,M,B-,0,1998-10-09
1967,1,166,10,3,KGID101967,Praneel,1989-10-07,M,O-,0,1998-09-01
1968,1,166,5,5,KGID101968,Arjun,1967-10-24,M,B-,0,1998-11-16
1969,1,166,10,1,KGID101969,Adweta,1998-02-08,F,O+,0,2021-07-21
1970,1,166,10,1,KGID101970,Sathvik,1990-11-15,M,A+,0,2000-03-24
1971,1,166,10,1,KGID101971,Falak,1993-11-08,F,A+,0,2007-08-24
1972,1,167,6,1,KGID101972,Deepa,1974-04-13,F,AB+,0,2013-08-23
1973,1,167,10,4,KGID101973,Vrinda,1998-12-13,F,A-,0,2016-01-03
1974,1,167,9,1,KGID101974,Jairaj,1970-03-16,M,AB+,0,2021-08-15
1975,1,167,6,1,KGID101975,Balhaar,1975-09-22,M,B-,0,2018-01-13
1976,1,167,10,6,KGID101976,Jagdish,2002-12-27,M,B-,0,2010-05-12
1977,1,167,6,5,KGID101977,Sachi,1978-06-12,F,B-,0,2006-05-14
1978,1,167,5,6,KGID101978,Qabil,1990-03-24,M,O-,0,2016-01-21
1979,1,167,10,2,KGID101979,David,1975-11-25,M,A-,0,2005-07-03
1980,1,167,9,2,KGID101980,Vihaan,1976-07-19,M,O+,0,1999-11-09
1981,1,167,7,5,KGID101981,Parth,1976-01-11,M,O-,0,2001-09-09
1982,1,167,10,3,KGID101982,Arin,2001-01-01,M,O+,0,2016-08-30
1983,1,167,9,2,KGID101983,Orinder,1969-10-22,M,O+,0,2010-06-22
1984,1,167,9,1,KGID101984,Yochana,1991-10-02,F,AB+,0,1998-04-28
1985,1,167,10,1,KGID101985,Bhavika,1982-05-21,F,A-,0,2009-04-24
1986,1,167,10,3,KGID101986,Bahadurjit,1982-08-07,M,B-,0,2018-09-01
1987,1,167,10,4,KGID101987,George,1984-07-03,M,B+,0,2001-11-25
1988,1,168,10,4,KGID101988,Tanvi,1997-05-13,F,A+,0,2002-06-02
1989,1,168,10,4,KGID101989,Omkaar,1990-10-30,M,O+,0,2012-12-23
1990,1,168,10,3,KGID101990,Nathan,1999-04-17,M,A+,1,2014-02-23
1991,1,168,10,2,KGID101991,Sathvik,1992-03-11,M,O+,0,1996-08-17
1992,1,168,6,6,KGID101992,Dominic,1997-08-05,M,B+,0,2020-07-31
1993,1,168,10,4,KGID101993,Guneet,1996-09-11,M,B-,0,2020-09-04
1994,1,168,7,4,KGID101994,Umang,1975-03-18,M,B-,1,1997-01-27
1995,1,168,9,4,KGID101995,Advaith,2001-10-16,M,O-,0,1999-05-20
1996,1,168,7,4,KGID101996,Harsh,1999-09-20,M,A-,0,2000-06-09
1997,1,168,6,2,KGID101997,Zehaan,1992-07-29,M,A+,0,2004-09-15
1998,1,168,10,3,KGID101998,Girish,1996-02-14,M,A-,0,2010-08-12
1999,1,168,10,3,KGID101999,Patrick,1991-05-03,M,AB+,0,2011-02-06
2000,1,168,10,3,KGID102000,Zehaan,1992-05-10,M,O+,0,2019-02-07
2001,1,168,10,2,KGID102001,Veer,1974-05-14,M,B-,0,2017-01-25
2002,1,168,7,3,KGID102002,Maanav,1974-11-11,M,B-,0,1997-01-06
2003,1,168,10,6,KGID102003,Ladli,1978-12-15,F,O-,0,2014-08-12
2004,1,169,9,2,KGID102004,Laksh,1973-09-04,M,O-,0,1999-11-29
2005,1,169,10,2,KGID102005,Chaitanya,1974-08-07,M,AB+,0,2013-10-14
2006,1,169,6,4,KGID102006,Janya,1983-07-25,F,A+,0,2001-03-25
2007,1,169,10,4,KGID102007,Hemang,1971-11-10,M,A-,0,2017-04-25
2008,1,169,10,3,KGID102008,Akshay,2000-08-20,M,AB+,0,2018-09-13
2009,1,169,9,3,KGID102009,Ekansh,1977-09-04,M,A+,0,2001-10-11
2010,1,169,10,4,KGID102010,Anmol,1977-04-16,M,B+,0,2011-07-27
2011,1,169,10,1,KGID102011,Timothy,1997-08-07,M,B-,0,2019-10-25
2012,1,169,9,5,KGID102012,Wahab,1977-02-14,M,A+,0,2023-02-07
2013,1,169,9,3,KGID102013,Daksh,1975-09-19,M,O+,0,2001-11-30
2014,1,169,7,2,KGID102014,Arin,1982-01-26,M,O+,0,2011-09-11
2015,1,169,7,5,KGID102015,Amaira,2001-01-20,F,A-,0,2013-02-09
2016,1,169,10,5,KGID102016,Harrison,1983-03-18,M,AB+,0,2001-02-28
2017,1,169,9,5,KGID102017,Faras,1971-03-31,M,A+,0,2011-05-21
2018,1,169,6,2,KGID102018,Gaurika,1973-05-15,F,B+,0,2025-01-26
2019,1,169,10,5,KGID102019,Hemani,1991-11-15,F,A-,0,1999-12-03
2020,1,169,5,2,KGID102020,Benjamin,1974-07-01,M,A-,0,2004-04-26
2021,1,169,10,5,KGID102021,Caleb,1993-10-24,M,B-,0,2009-04-29
2022,1,169,6,5,KGID102022,Bina,1980-02-13,F,O+,0,2002-12-19
2023,1,170,10,4,KGID102023,Ayushman,1983-04-20,M,A+,0,2022-08-09
2024,1,170,5,1,KGID102024,Warinder,2000-03-15,M,B+,0,2001-11-16
2025,1,170,10,1,KGID102025,Simon,1977-08-29,M,A-,0,2005-12-02
2026,1,170,10,4,KGID102026,Jalsa,1987-05-05,F,AB+,0,2012-09-27
2027,1,170,5,2,KGID102027,Lipika,1976-04-24,F,AB+,0,2012-07-09
2028,1,170,7,4,KGID102028,Lohit,1972-07-27,M,A-,0,2014-10-21
2029,1,170,10,2,KGID102029,Pranit,2000-01-24,M,A-,0,2015-01-24
2030,1,170,7,4,KGID102030,Anya,2002-01-12,F,A-,0,2012-03-27
2031,1,170,10,2,KGID102031,Fitan,1991-12-17,M,O+,0,2015-11-27
2032,1,170,10,1,KGID102032,Simon,1992-04-25,M,A-,0,2015-05-09
2033,1,170,10,3,KGID102033,Ekapad,1981-03-28,M,B+,0,2004-04-25
2034,1,170,9,2,KGID102034,Rayaan,1973-11-14,M,O-,0,2008-07-20
2035,1,170,9,6,KGID102035,Mitesh,1975-01-25,M,A-,0,2004-05-02
2036,1,170,6,5,KGID102036,Aditya,1971-02-28,M,O+,0,2018-05-25
2037,1,170,9,3,KGID102037,Qasim,1981-05-11,M,A+,0,2010-05-06
2038,1,171,10,3,KGID102038,Bhanumati,1981-02-07,F,B+,0,2023-11-14
2039,1,171,7,5,KGID102039,Qasim,2002-03-06,M,A+,0,2006-08-24
2040,1,171,6,3,KGID102040,Girish,1995-03-16,M,O-,0,2018-02-17
2041,1,171,10,4,KGID102041,Advik,1976-01-15,M,B+,0,2021-07-25
2042,1,171,9,4,KGID102042,Theodore,1970-01-28,M,B+,0,1998-02-12
2043,1,171,10,2,KGID102043,Quincy,1997-07-12,M,AB+,0,2025-01-05
2044,1,171,10,2,KGID102044,Qadim,1974-06-28,M,B+,0,2018-11-29
2045,1,171,10,3,KGID102045,Vrishti,1975-04-15,F,A+,0,2024-02-10
2046,1,172,7,2,KGID102046,Priya,1996-07-13,F,A+,0,2019-08-28
2047,1,172,9,6,KGID102047,Banjeet,1990-11-24,M,AB+,0,2022-04-18
2048,1,172,7,1,KGID102048,Ojas,1993-05-24,M,A-,0,1998-03-10
2049,1,172,10,1,KGID102049,Qasim,1981-09-19,M,O-,0,2003-04-26
2050,1,172,10,1,KGID102050,Krisha,1993-09-05,F,O+,0,2021-05-25
2051,1,172,10,1,KGID102051,Naksh,1994-01-01,M,O-,0,2012-04-17
2052,1,172,10,6,KGID102052,Sai,1977-03-15,M,A+,0,2022-07-04
2053,1,172,9,4,KGID102053,Balvan,1970-07-07,M,O-,0,2019-11-29
2054,1,172,10,1,KGID102054,Samuel,1998-08-26,M,A-,0,2008-03-15
2055,1,172,10,1,KGID102055,Aadi,1991-09-03,M,A+,0,2019-07-13
2056,1,173,6,2,KGID102056,Peter,1992-03-05,M,A+,0,2008-03-01
2057,1,173,10,2,KGID102057,Arjun,1985-08-26,M,O+,0,2015-03-29
2058,1,173,6,4,KGID102058,Luke,1991-10-17,M,B-,0,2002-01-02
2059,1,173,10,2,KGID102059,Ikshita,1982-01-17,F,A+,0,1996-08-06
2060,1,173,10,1,KGID102060,Ishita,2000-11-21,F,A-,0,2003-03-03
2061,1,173,6,1,KGID102061,Veer,2000-12-02,M,A+,0,1997-05-16
2062,1,173,9,5,KGID102062,Dalbir,1976-05-25,M,B+,0,2020-09-15
2063,1,173,7,3,KGID102063,Ethan,1970-11-11,M,A-,0,2020-06-26
2064,1,173,10,4,KGID102064,Darsh,1972-09-23,M,B-,0,2015-08-19
2065,1,174,7,1,KGID102065,Amara,1968-07-02,F,O-,0,2025-01-05
2066,1,174,10,6,KGID102066,Manya,2002-01-11,F,B+,0,2015-04-03
2067,1,174,7,4,KGID102067,Azad,1999-06-08,M,O-,0,2024-05-06
2068,1,174,5,3,KGID102068,Isaiah,1996-06-09,M,B+,0,2014-05-15
2069,1,174,10,4,KGID102069,Mugdha,1984-12-12,F,O+,0,2012-12-10
2070,1,174,7,4,KGID102070,Liam,1974-02-01,M,A-,0,2004-08-03
2071,1,174,6,6,KGID102071,Laksh,1996-04-01,M,B+,0,2008-03-11
2072,1,174,9,4,KGID102072,Wazir,1987-10-06,M,A-,0,2017-03-16
2073,1,174,10,6,KGID102073,Jai,1980-06-13,M,AB+,0,2008-10-26
2074,1,174,6,2,KGID102074,Yatin,1994-05-02,M,B-,0,2002-09-19
2075,1,174,10,1,KGID102075,Gabriel,1977-08-05,M,O+,0,1999-05-14
2076,1,174,6,1,KGID102076,Jhalak,1992-09-04,F,O+,0,2008-12-30
2077,1,175,10,2,KGID102077,Dhriti,1983-04-08,F,O-,0,2006-09-22
2078,1,175,6,2,KGID102078,Tamanna,1981-07-08,F,B+,0,2023-01-24
2079,1,175,10,6,KGID102079,Qarin,1993-01-16,M,B-,0,2004-04-20
2080,1,175,7,4,KGID102080,Aarav,1989-02-08,M,O+,0,2011-11-04
2081,1,175,9,4,KGID102081,Ekapad,2000-03-25,M,O-,0,2018-09-03
2082,1,175,10,2,KGID102082,Anay,1978-03-30,M,A+,0,2010-06-06
2083,1,175,6,4,KGID102083,Dakshesh,1982-12-11,M,B+,0,1997-11-19
2084,1,175,10,5,KGID102084,Tarak,1995-12-18,M,B-,0,2006-03-21
2085,1,175,7,4,KGID102085,Wahab,1978-07-11,M,O-,0,2006-06-25
2086,1,175,10,1,KGID102086,Guneet,1982-11-14,M,B-,0,1997-01-01
2087,1,175,9,1,KGID102087,Balendra,1976-06-27,M,AB+,0,2011-01-05
2088,1,175,6,5,KGID102088,Jairaj,1988-10-14,M,B-,0,1996-12-27
2089,1,175,9,6,KGID102089,Upasna,1972-01-16,F,B+,0,2018-05-16
2090,1,175,5,5,KGID102090,Mohammed,2001-08-15,M,AB+,0,1999-08-17
2091,1,175,10,5,KGID102091,Advik,1993-07-07,M,A+,0,2005-07-29
2092,1,175,7,5,KGID102092,Nihal,1991-10-15,M,A-,0,2010-01-21
2093,1,175,9,3,KGID102093,Sneha,2000-03-08,F,B-,0,2018-04-25
2094,1,175,10,3,KGID102094,Pushti,1999-03-18,F,B-,0,2003-11-25
2095,1,175,10,3,KGID102095,Henry,1970-12-14,M,A-,0,2023-08-30
2096,1,175,10,2,KGID102096,Imaran,2000-01-26,M,A-,0,2014-03-21
2097,1,176,7,3,KGID102097,Warjas,1972-07-02,M,B+,0,1996-12-18
2098,1,176,10,3,KGID102098,Ansh,1986-03-27,M,A+,0,2019-03-27
2099,1,176,9,4,KGID102099,Charles,2000-06-13,M,A+,0,2008-09-25
2100,1,176,10,3,KGID102100,Bakhshi,1997-08-04,M,O-,0,2023-12-07
2101,1,176,10,4,KGID102101,Noah,1980-04-26,M,B-,0,2009-08-16
2102,1,176,7,3,KGID102102,Dhruv,1970-03-25,M,AB+,0,2016-06-08
2103,1,176,9,2,KGID102103,Madhav,1999-03-01,M,A+,0,2023-05-16
2104,1,176,9,1,KGID102104,Warjas,1989-05-04,M,O+,0,2024-04-10
2105,1,176,10,6,KGID102105,Hitesh,1967-08-09,M,A+,0,2016-01-18
2106,1,176,10,6,KGID102106,Chatura,1988-04-23,M,B-,0,2010-05-29
2107,1,176,5,5,KGID102107,Qadim,1968-04-10,M,A-,1,1998-07-19
2108,1,177,6,3,KGID102108,Utkarsh,1988-09-27,M,AB+,0,2003-05-01
2109,1,177,10,4,KGID102109,Aadi,2001-03-14,M,A+,0,1999-08-20
2110,1,177,10,2,KGID102110,Ekaraj,1982-08-23,M,A-,0,2014-04-13
2111,1,177,9,4,KGID102111,Lavanya,1969-01-28,F,A+,0,2023-11-28
2112,1,177,6,5,KGID102112,Qabil,1979-08-11,M,O-,0,2006-04-13
2113,1,177,10,1,KGID102113,Brijesh,1993-10-25,M,AB+,0,2012-08-19
2114,1,177,10,3,KGID102114,Amara,1971-01-30,F,A-,0,2012-12-26
2115,1,177,10,4,KGID102115,Michael,1992-12-23,M,O+,1,2004-02-11
2116,1,177,7,4,KGID102116,Leena,1993-07-24,F,B-,0,1997-10-05
2117,1,177,5,4,KGID102117,Gayathri,1969-01-24,F,A+,0,2019-05-03
2118,1,177,10,5,KGID102118,Thomas,1985-01-05,M,B-,0,2012-04-02
2119,1,177,6,3,KGID102119,Pranit,1998-10-03,M,O+,0,2006-10-23
2120,1,177,9,6,KGID102120,Frado,2003-06-16,M,A+,0,2007-07-31
2121,1,177,7,2,KGID102121,Yagnesh,1970-03-22,M,B-,0,2021-11-19
2122,1,177,6,3,KGID102122,Aarush,1975-04-16,M,AB+,0,2001-11-03
2123,1,177,10,4,KGID102123,Manan,1989-05-03,M,O-,0,2003-01-15
2124,1,177,9,6,KGID102124,Jeet,1968-10-02,M,A-,0,2016-04-24
2125,1,178,10,1,KGID102125,Timothy,2000-09-14,M,AB+,0,1999-03-25
2126,1,178,10,3,KGID102126,Wriddhish,1998-03-11,M,O+,1,2006-10-06
2127,1,178,7,4,KGID102127,Fiyaz,1973-06-29,M,A+,0,2008-08-19
2128,1,178,10,4,KGID102128,Indrajit,1971-10-14,M,B+,0,2005-12-30
2129,1,178,10,5,KGID102129,Warjas,1989-07-26,M,O-,0,2016-11-07
2130,1,178,10,4,KGID102130,Netra,1997-01-06,F,AB+,0,2016-12-04
2131,1,178,10,6,KGID102131,Jackson,1978-11-13,M,AB+,0,2013-12-04
2132,1,178,10,1,KGID102132,Yagnesh,1990-05-06,M,O+,0,2022-09-10
2133,1,178,7,4,KGID102133,Harrison,2003-02-01,M,A-,0,2013-09-25
2134,1,178,10,1,KGID102134,Chanchal,2003-04-24,F,A+,0,2020-08-15
2135,1,178,5,3,KGID102135,Kevin,1975-08-05,M,B+,0,1999-04-08
2136,1,178,9,5,KGID102136,Bina,1967-09-06,F,B-,0,2018-10-20
2137,1,178,10,6,KGID102137,Darika,1975-06-26,F,A-,0,2015-01-11
2138,1,178,7,5,KGID102138,Frederick,2003-06-28,M,B+,0,1997-03-12
2139,1,178,9,3,KGID102139,Fariq,1978-03-25,M,B-,1,2015-07-07
2140,1,179,7,3,KGID102140,Chakradev,1972-10-03,M,A+,0,2007-10-08
2141,1,179,10,3,KGID102141,Lohit,1973-04-21,M,A+,0,2024-01-25
2142,1,179,10,6,KGID102142,Zaid,1973-11-18,M,A+,1,2010-03-06
2143,1,179,6,6,KGID102143,Ria,1999-12-27,F,AB+,0,2008-03-04
2144,1,179,10,6,KGID102144,Darpan,1997-03-07,M,B+,0,2005-06-03
2145,1,179,10,4,KGID102145,Bakhshi,1995-07-02,M,B+,0,2018-03-25
2146,1,179,5,5,KGID102146,Leena,1982-05-10,F,A+,0,2016-08-04
2147,1,179,10,3,KGID102147,Vivaan,1977-01-07,M,A-,0,2022-04-26
2148,1,179,9,4,KGID102148,Yagnesh,1989-07-18,M,AB+,0,2011-05-31
2149,1,179,9,5,KGID102149,Veer,1974-07-05,M,O-,0,2008-02-27
2150,1,179,9,3,KGID102150,Sanaya,1991-11-02,F,B+,0,2015-12-19
2151,1,179,10,3,KGID102151,Ishaan,1970-01-01,M,O-,0,2024-12-18
2152,1,179,9,6,KGID102152,Advik,1992-10-24,M,A-,0,2009-09-18
2153,1,179,10,1,KGID102153,Eshana,1983-06-24,F,O-,0,2010-09-04
2154,1,179,10,4,KGID102154,Sai,1982-10-08,M,A+,0,2025-02-06
2155,1,179,6,1,KGID102155,Qadim,1980-08-06,M,B-,0,2017-06-06
2156,1,179,10,3,KGID102156,Fitan,1998-10-18,M,O-,0,2008-08-01
2157,1,179,9,4,KGID102157,Avi,1986-08-17,M,A+,0,2021-03-23
2158,1,179,10,4,KGID102158,Sathvik,1985-07-11,M,AB+,0,2000-10-24
2159,1,180,7,1,KGID102159,Umang,1998-12-10,M,O+,0,2017-12-13
2160,1,180,10,6,KGID102160,Lakshit,1977-08-27,M,O+,0,2018-08-18
2161,1,180,6,6,KGID102161,Leela,1992-07-08,F,B+,0,2010-05-27
2162,1,180,10,1,KGID102162,Lopa,1993-02-20,F,B+,0,2025-05-15
2163,1,180,9,6,KGID102163,Hamsini,2000-12-31,F,A-,0,2015-08-27
2164,1,180,9,4,KGID102164,Wriddhish,1967-09-04,M,B+,0,2024-11-17
2165,1,180,9,4,KGID102165,Azaan,2000-04-01,M,O-,0,1997-02-12
2166,1,180,10,6,KGID102166,Suhani,1990-07-17,F,AB+,0,2010-08-25
2167,1,180,6,5,KGID102167,Saksham,1977-08-18,M,B+,0,2008-04-02
2168,1,180,6,5,KGID102168,Alexander,1972-05-09,M,A+,0,2021-11-03
2169,1,180,6,6,KGID102169,Madhav,1995-01-08,M,O+,0,2011-09-14
2170,1,180,10,1,KGID102170,Manthan,1976-04-07,M,A+,0,2007-08-05
2171,1,180,7,2,KGID102171,Balhaar,1993-03-28,M,A+,0,2023-08-01
2172,1,180,5,5,KGID102172,Ayaan,1994-07-30,M,AB+,0,2011-09-02
2173,1,180,5,6,KGID102173,Elijah,2001-12-05,M,B-,0,2005-09-04
2174,1,180,7,2,KGID102174,Luke,1969-10-07,M,O+,0,1998-10-06
2175,1,180,7,4,KGID102175,Nikita,1996-04-03,F,O-,0,2002-09-19
2176,1,180,10,2,KGID102176,Ekapad,1980-07-07,M,B-,0,2007-07-02
2177,1,181,10,5,KGID102177,Oviya,1985-03-27,F,A+,0,2018-11-13
2178,1,181,6,1,KGID102178,Harrison,1992-05-18,M,A+,0,2021-12-15
2179,1,181,6,4,KGID102179,Jai,1992-12-03,M,A+,0,2018-07-26
2180,1,181,10,6,KGID102180,Azad,1993-04-02,M,A+,0,2010-12-13
2181,1,181,6,6,KGID102181,Shivansh,1972-06-28,M,AB+,0,2009-08-30
2182,1,181,10,2,KGID102182,Hemang,1990-07-06,M,B-,0,2013-11-27
2183,1,181,10,3,KGID102183,Ayaan,1989-05-11,M,O+,0,2014-02-18
2184,1,181,9,2,KGID102184,Bahadurjit,1996-04-17,M,A-,0,2017-12-26
2185,1,181,10,1,KGID102185,Leena,1991-01-22,F,A-,0,2005-06-09
2186,1,181,10,3,KGID102186,William,2002-09-10,M,A+,0,2001-07-16
2187,1,181,10,1,KGID102187,Onveer,1970-02-13,M,B-,0,2016-11-12
2188,1,181,10,2,KGID102188,Veer,1991-02-04,M,A+,0,1997-06-21
2189,1,181,10,6,KGID102189,Chatresh,1983-07-06,M,O-,0,2024-08-26
2190,1,181,10,2,KGID102190,Faris,1982-03-03,M,O+,0,1997-05-09
2191,1,181,6,3,KGID102191,Laban,1980-08-02,M,AB+,0,1998-04-11
2192,1,181,9,2,KGID102192,Aadi,1995-06-21,M,O-,0,1998-12-26
2193,1,181,10,4,KGID102193,Zaid,2001-03-25,M,AB+,0,2023-04-13
2194,1,182,9,5,KGID102194,Pallavi,1998-03-16,F,AB+,0,2011-04-02
2195,1,182,10,6,KGID102195,Nakul,1981-05-05,M,O-,0,2025-07-13
2196,1,182,10,5,KGID102196,Agastya,1974-08-12,M,O+,0,1999-06-27
2197,1,182,6,6,KGID102197,Laban,1998-02-22,M,A-,0,2022-03-05
2198,1,182,10,3,KGID102198,Gunbir,1985-12-02,M,AB+,0,2012-08-14
2199,1,182,10,6,KGID102199,Advaith,1987-02-15,M,O+,0,2024-05-14
2200,1,182,10,3,KGID102200,Advik,2002-10-05,M,B-,0,2016-01-19
2201,1,182,9,3,KGID102201,Frado,1993-02-21,M,B+,0,2002-03-04
2202,1,182,9,5,KGID102202,Faras,1999-09-02,M,B+,0,2015-03-29
2203,1,182,9,6,KGID102203,Bahadurjit,1975-05-31,M,A+,0,2011-01-02
2204,1,182,7,4,KGID102204,Siddharth,1991-11-19,M,O+,0,2000-05-02
2205,1,182,10,4,KGID102205,Nachiket,2002-11-08,M,AB+,0,2020-03-02
2206,1,183,10,2,KGID102206,Simon,1982-12-08,M,A-,0,2023-11-19
2207,1,183,9,3,KGID102207,Advaith,2001-10-24,M,A+,0,2022-07-04
2208,1,183,5,4,KGID102208,Unni,1983-03-11,F,O+,0,2001-08-13
2209,1,183,10,5,KGID102209,Vasana,1994-03-20,F,A-,0,1997-10-21
2210,1,183,10,1,KGID102210,Ranveer,1993-06-11,M,O-,0,2012-07-30
2211,1,183,10,3,KGID102211,Andrew,2000-05-08,M,AB+,0,2019-06-10
2212,1,183,9,1,KGID102212,Om,1996-07-22,M,AB+,0,1997-01-10
2213,1,183,9,6,KGID102213,Jasmit,1994-04-02,F,A+,0,2000-12-20
2214,1,183,10,2,KGID102214,Chaitaly,1980-10-25,F,A+,0,2017-08-23
2215,1,183,5,6,KGID102215,Gunbir,1998-10-26,M,B-,0,2001-10-19
2216,1,183,10,3,KGID102216,Girik,1983-06-10,M,O-,0,2009-12-05
2217,1,183,6,1,KGID102217,Aashi,1984-06-15,F,O+,0,2000-10-29
2218,1,184,6,1,KGID102218,Samuel,1974-03-31,M,O+,0,2013-01-01
2219,1,184,6,3,KGID102219,Kiaan,1986-07-04,M,B-,0,2014-09-19
2220,1,184,9,2,KGID102220,Harish,1995-09-15,M,O+,0,2021-02-03
2221,1,184,6,4,KGID102221,Simon,1992-11-15,M,B-,0,2023-11-21
2222,1,184,9,5,KGID102222,Samaksh,1998-02-28,M,AB+,0,2021-11-14
2223,1,184,10,6,KGID102223,Pooja,1976-02-02,F,AB+,0,2001-02-12
2224,1,184,10,1,KGID102224,Azad,1973-10-10,M,O+,0,2010-02-22
2225,1,184,7,6,KGID102225,Eshana,1983-06-13,F,O-,0,2018-07-07
2226,1,185,9,2,KGID102226,Aditya,1972-11-23,M,A+,0,2016-09-07
2227,1,185,10,4,KGID102227,Robert,1975-03-20,M,A+,0,2000-08-20
2228,1,185,7,5,KGID102228,Yashica,2003-04-21,F,O-,0,2010-10-10
2229,1,185,7,6,KGID102229,Omisha,1972-05-19,F,B+,0,2004-10-01
2230,1,185,10,3,KGID102230,Laksh,1999-10-01,M,AB+,0,2005-08-31
2231,1,185,9,4,KGID102231,Sanaya,1996-02-05,F,B+,0,2014-08-13
2232,1,185,7,5,KGID102232,Ansh,1973-03-15,M,B-,0,2016-08-06
2233,1,185,10,1,KGID102233,Kai,1994-04-16,M,B+,0,2017-08-26
2234,1,185,10,4,KGID102234,Elijah,1996-09-11,M,B-,0,2025-01-20
2235,1,186,6,1,KGID102235,George,2002-09-22,M,O+,0,2013-02-02
2236,1,186,9,5,KGID102236,Azaan,1991-04-08,M,O+,0,2004-07-01
2237,1,186,10,6,KGID102237,Ansh,1974-10-31,M,AB+,0,2021-11-26
2238,1,186,10,4,KGID102238,Robert,1988-10-04,M,B+,0,2020-01-18
2239,1,186,9,4,KGID102239,Nicholas,1973-03-19,M,A+,0,2025-02-27
2240,1,186,5,2,KGID102240,Ayaan,1979-08-14,M,A+,0,2018-10-10
2241,1,186,10,1,KGID102241,Daksh,1993-04-25,M,A-,0,1997-02-11
2242,1,186,9,6,KGID102242,Maanav,2000-04-10,M,AB+,0,2013-12-25
2243,1,186,7,6,KGID102243,Andrew,1982-01-10,M,O+,0,2015-11-13
2244,1,186,10,6,KGID102244,Owen,1968-08-17,M,O+,0,2010-03-19
2245,1,186,10,2,KGID102245,Chandran,2002-06-30,M,A-,0,2023-12-09
2246,1,186,7,6,KGID102246,Bakhshi,1984-12-01,M,B+,0,2011-12-25
2247,1,186,10,3,KGID102247,Luke,1986-07-01,M,AB+,0,2000-08-10
2248,1,187,10,1,KGID102248,Nathan,1975-11-10,M,B+,0,2000-07-02
2249,1,187,10,1,KGID102249,Janaki,1983-12-05,F,A-,0,2019-04-10
2250,1,187,10,2,KGID102250,Naveen,1981-06-12,M,AB+,0,2021-09-05
2251,1,187,9,3,KGID102251,Omisha,1996-03-05,F,O-,0,2023-01-07
2252,1,187,7,1,KGID102252,Wahab,1975-01-09,M,A+,0,1997-10-08
2253,1,187,9,6,KGID102253,Viraj,1979-07-21,M,O+,1,2023-04-08
2254,1,187,9,3,KGID102254,Atharv,1992-11-21,M,AB+,0,1999-09-10
2255,1,187,7,5,KGID102255,Logan,1979-11-16,M,O-,0,2024-10-09
2256,1,188,10,5,KGID102256,Abhiram,1976-08-10,M,B-,0,2012-07-22
2257,1,188,10,2,KGID102257,Rishi,1968-07-03,M,B-,1,2021-07-07
2258,1,188,10,5,KGID102258,Anirudh,2000-03-13,M,B-,0,2022-05-01
2259,1,188,10,1,KGID102259,Neel,2003-06-22,M,B+,0,2019-05-15
2260,1,188,10,3,KGID102260,Tanay,1972-05-31,M,B-,0,2020-01-08
2261,1,188,10,5,KGID102261,Prisha,1977-11-27,F,B+,0,2003-08-14
2262,1,188,6,4,KGID102262,Ansh,1992-10-15,M,A-,0,2019-05-07
2263,1,188,10,1,KGID102263,Deepa,1973-05-12,F,A-,0,2004-08-05
2264,1,188,9,4,KGID102264,Jeet,1989-03-15,M,O-,0,2023-05-23
2265,1,188,7,3,KGID102265,Jagvi,1980-03-02,F,A+,0,2012-11-07
2266,1,188,7,4,KGID102266,Girik,1980-12-28,M,B-,0,1997-03-25
2267,1,188,9,6,KGID102267,Ishita,1982-04-17,F,B+,0,2009-11-26
2268,1,188,7,1,KGID102268,Gopal,1981-09-14,M,AB+,0,2013-01-01
2269,1,188,9,1,KGID102269,Rachit,1978-03-09,M,AB+,0,2013-12-16
2270,1,188,7,1,KGID102270,Bahadurjit,1971-04-13,M,A+,0,2003-02-12
2271,1,188,10,5,KGID102271,Hemang,1997-10-26,M,B-,0,2015-02-09
2272,1,188,5,6,KGID102272,Kai,1972-08-06,M,O+,0,2001-11-15
2273,1,189,9,1,KGID102273,Baljiwan,1969-06-02,M,O+,0,2002-07-25
2274,1,189,10,6,KGID102274,Chatura,1999-10-30,M,B-,0,2002-06-24
2275,1,189,6,3,KGID102275,Samesh,1982-05-25,M,O+,0,2020-12-11
2276,1,189,10,3,KGID102276,Girik,1977-08-31,M,O-,0,2001-06-23
2277,1,189,10,2,KGID102277,Owen,1997-09-11,M,AB+,0,2006-02-12
2278,1,189,10,5,KGID102278,Vedant,1989-01-05,M,B-,0,2012-08-28
2279,1,189,7,4,KGID102279,Ethan,1996-03-05,M,A+,0,2008-12-20
2280,1,189,10,6,KGID102280,Devansh,1990-04-24,M,B-,0,1999-06-17
2281,1,189,9,4,KGID102281,Aryan,1999-02-18,M,AB+,0,2014-09-22
2282,1,189,5,4,KGID102282,Omkaar,1976-07-15,M,A+,0,2004-03-13
2283,1,189,10,2,KGID102283,Faras,1998-02-15,M,A-,0,2007-07-30
2284,1,189,9,5,KGID102284,Maanas,1991-06-01,M,O+,0,2017-12-29
2285,1,189,10,6,KGID102285,Wakeeta,1969-04-23,F,A+,0,2004-05-28
2286,1,189,9,1,KGID102286,Teerth,1991-03-14,M,A+,0,2002-04-17
2287,1,189,9,3,KGID102287,Suhani,1985-04-29,F,A-,0,2014-10-11
2288,1,189,9,3,KGID102288,Chaitanya,1996-01-06,M,O-,0,1996-11-11
2289,1,189,7,6,KGID102289,Robert,1976-06-29,M,B-,0,1998-02-13
2290,1,189,10,6,KGID102290,Maanav,1982-08-08,M,AB+,0,2009-01-17
2291,1,189,9,2,KGID102291,Anusha,1988-02-26,F,O+,0,2003-07-05
2292,1,190,10,4,KGID102292,Janani,1992-06-02,F,A-,0,2000-08-08
2293,1,190,10,5,KGID102293,Viraj,1990-07-03,M,A+,0,2008-02-11
2294,1,190,10,1,KGID102294,Avi,1989-09-24,M,O-,0,2023-06-12
2295,1,190,6,3,KGID102295,Ronith,1985-08-03,M,AB+,0,1996-12-25
2296,1,190,10,5,KGID102296,Yash,1974-07-06,M,O+,0,2008-10-26
2297,1,190,6,5,KGID102297,Jagdish,1975-06-12,M,A+,0,2001-11-04
2298,1,190,10,6,KGID102298,Gautam,1992-11-07,M,B-,0,2012-04-22
2299,1,190,7,2,KGID102299,Sathvik,2001-09-08,M,AB+,0,2015-08-12
2300,1,190,10,5,KGID102300,George,1980-06-29,M,AB+,0,2006-12-27
2301,1,190,10,1,KGID102301,Hemang,1973-09-21,M,AB+,0,2004-03-13
2302,1,190,10,4,KGID102302,Michael,1996-12-09,M,A+,0,2015-12-11
2303,1,190,10,6,KGID102303,Anirudh,2000-12-12,M,B-,0,2013-04-08
2304,1,190,10,3,KGID102304,Ojas,1988-11-14,M,B+,0,2003-12-14
2305,1,190,10,2,KGID102305,Shivansh,1968-04-08,M,O+,0,2008-04-12
2306,1,190,10,6,KGID102306,Anjali,1982-08-05,F,A-,0,1999-03-26
2307,1,190,7,3,KGID102307,Fitan,1976-12-29,M,B-,0,2012-07-28
2308,1,190,7,2,KGID102308,Gabriel,1978-09-08,M,O+,0,2011-07-16
2309,1,190,6,1,KGID102309,Balhaar,2001-07-17,M,O-,0,1997-05-08
2310,1,190,9,6,KGID102310,Pratyush,1974-03-12,M,B+,0,2016-02-10
2311,1,191,9,2,KGID102311,Michael,1994-03-20,M,B-,0,2016-12-24
2312,1,191,10,5,KGID102312,Pallavi,1975-05-03,F,O-,0,2001-04-23
2313,1,191,6,2,KGID102313,Zashil,1969-04-04,M,B+,0,1996-09-27
2314,1,191,6,4,KGID102314,Naksh,1977-07-13,M,O+,0,2014-02-05
2315,1,191,6,6,KGID102315,Geetika,1968-06-21,F,O-,0,2018-08-25
2316,1,191,10,4,KGID102316,Anya,2000-11-09,F,O-,0,2013-05-08
2317,1,191,10,3,KGID102317,Prisha,1982-08-03,F,A+,0,2024-08-23
2318,1,191,10,3,KGID102318,Azaan,1967-11-29,M,A-,0,2005-12-19
2319,1,191,10,1,KGID102319,Umang,1997-08-22,M,B-,0,2007-06-26
2320,1,191,9,5,KGID102320,Hritik,1973-10-21,M,B+,0,2015-06-07
2321,1,191,7,2,KGID102321,Advik,1970-05-30,M,B+,0,2017-03-31
2322,1,191,9,2,KGID102322,Sathvik,1998-05-16,M,A+,0,2008-04-10
2323,1,191,7,2,KGID102323,Charles,1975-08-25,M,A+,0,1997-03-12
2324,1,191,10,4,KGID102324,Urishilla,1968-12-27,F,A-,0,2021-12-18
2325,1,191,10,6,KGID102325,Vivaan,1981-11-18,M,B-,0,2000-07-10
2326,1,191,6,5,KGID102326,Bahadurjit,2000-12-02,M,O-,0,2023-12-26
2327,1,192,6,2,KGID102327,Ryan,1993-09-11,M,O-,0,2002-07-01
2328,1,192,10,1,KGID102328,Yagnesh,1980-12-19,M,A-,0,1998-02-11
2329,1,192,10,1,KGID102329,Robert,1969-07-17,M,AB+,0,2017-02-24
2330,1,192,10,2,KGID102330,Jack,2002-01-26,M,O-,0,2005-09-11
2331,1,192,10,6,KGID102331,Aahana,1970-08-13,F,O+,0,2004-12-03
2332,1,192,5,1,KGID102332,Jagvi,1990-12-30,F,A-,0,2012-06-18
2333,1,192,6,5,KGID102333,Vyanjana,1995-07-28,F,O+,0,2022-02-01
2334,1,192,7,1,KGID102334,Patrick,1973-12-02,M,A-,0,1996-11-06
2335,1,192,10,1,KGID102335,Amrita,1999-01-16,F,A+,0,2001-01-20
2336,1,192,10,1,KGID102336,Om,1992-05-03,M,B+,0,2010-09-24
2337,1,192,10,6,KGID102337,Aradhana,1972-11-16,F,A+,0,1997-08-15
2338,1,192,6,5,KGID102338,Nitesh,1994-06-15,M,B-,0,2009-11-19
2339,1,192,10,1,KGID102339,Zarna,1997-11-07,F,AB+,0,2010-09-24
2340,1,193,6,4,KGID102340,Garima,2001-12-13,F,B+,0,2010-10-20
2341,1,193,10,5,KGID102341,Ojas,1972-02-20,M,B+,0,2018-06-25
2342,1,193,10,2,KGID102342,Faras,1978-01-07,M,A+,0,1996-10-08
2343,1,193,7,2,KGID102343,Zayyan,1981-12-13,M,A-,0,2010-05-21
2344,1,193,7,1,KGID102344,Logan,1981-12-11,M,A-,0,2020-11-23
2345,1,193,10,2,KGID102345,Daniel,1986-04-09,M,AB+,0,2016-10-21
2346,1,193,10,1,KGID102346,Balvan,1971-05-09,M,A-,1,2004-12-10
2347,1,193,10,4,KGID102347,Naksh,1982-10-31,M,A+,0,2005-11-06
2348,1,193,10,4,KGID102348,Hredhaan,1988-07-19,M,B-,0,1998-07-10
2349,1,193,9,1,KGID102349,Ojasvi,1995-06-22,F,O-,0,2004-08-03
2350,1,193,6,1,KGID102350,Pranav,1971-01-20,M,A+,0,2020-08-07
2351,1,193,10,3,KGID102351,Lucky,2003-02-22,M,A-,0,2020-11-26
2352,1,193,10,5,KGID102352,Dhruv,1985-01-19,M,AB+,0,2007-05-05
2353,1,193,10,3,KGID102353,Samarth,1991-11-29,M,A-,0,2015-03-24
2354,1,193,6,2,KGID102354,Maanav,1995-01-02,M,AB+,0,1997-01-05
2355,1,193,7,3,KGID102355,Jhalak,1985-12-08,F,O-,0,2016-04-07
2356,1,193,10,6,KGID102356,Chandran,1995-12-29,M,A-,0,1998-04-24
2357,1,194,10,5,KGID102357,Rohan,1986-02-27,M,AB+,0,2010-11-29
2358,1,194,10,5,KGID102358,Logan,1978-12-16,M,B+,0,1997-08-04
2359,1,194,10,6,KGID102359,Noah,1971-03-03,M,O-,0,2013-09-21
2360,1,194,10,4,KGID102360,Rohan,1977-08-12,M,B-,0,2003-08-15
2361,1,194,10,1,KGID102361,Xiti,1991-11-20,F,O+,0,2014-06-11
2362,1,194,6,1,KGID102362,Fitan,1989-12-24,M,A+,0,2006-04-18
2363,1,194,9,4,KGID102363,Rudra,1980-03-01,M,AB+,0,2012-11-12
2364,1,194,10,6,KGID102364,Max,2003-03-10,M,AB+,0,2002-08-04
2365,1,195,9,3,KGID102365,Owen,1989-03-14,M,A+,0,2023-03-19
2366,1,195,10,3,KGID102366,Manan,1980-03-08,M,O-,0,2024-07-02
2367,1,195,10,6,KGID102367,Isaac,1985-04-18,M,O-,0,2010-02-07
2368,1,195,7,6,KGID102368,Geetika,1970-07-05,F,O-,0,2024-12-05
2369,1,195,10,6,KGID102369,Mohammed,1978-01-03,M,B-,0,1998-03-16
2370,1,195,9,4,KGID102370,Krishna,1982-03-21,F,A-,0,2021-05-18
2371,1,195,10,4,KGID102371,Azaan,1979-04-08,M,AB+,0,2004-07-02
2372,1,195,10,1,KGID102372,Triveni,2001-12-05,F,O+,0,2016-11-05
2373,1,195,10,2,KGID102373,Shravya,1985-08-12,F,O-,0,2008-10-09
2374,1,195,10,5,KGID102374,Tristan,1986-12-08,M,O+,0,2022-05-17
2375,1,195,7,5,KGID102375,Daniel,1973-04-28,M,A+,0,2008-08-24
2376,1,195,10,3,KGID102376,Ayaan,1975-06-17,M,O-,0,2015-10-10
2377,1,195,10,4,KGID102377,Banjeet,1972-03-07,M,A+,0,2008-05-24
2378,1,195,6,2,KGID102378,Onveer,1990-01-25,M,AB+,0,2013-03-18
2379,1,195,10,5,KGID102379,Zansi,1993-05-09,F,A-,0,2000-10-06
2380,1,195,10,3,KGID102380,Finn,2001-04-17,M,O+,0,2017-06-25
2381,1,195,9,2,KGID102381,Nathan,1973-06-29,M,O-,0,2004-03-07
2382,1,195,10,1,KGID102382,Nicholas,1990-04-11,M,B+,0,1999-09-07
2383,1,196,10,6,KGID102383,Fiyaz,1991-01-20,M,B+,0,2023-12-02
2384,1,196,10,3,KGID102384,Wahab,1989-03-19,M,A+,0,2022-08-18
2385,1,196,10,6,KGID102385,Gaurangi,1974-08-15,F,A+,0,2019-08-07
2386,1,196,10,4,KGID102386,Faqid,1989-05-17,M,A+,0,2025-05-28
2387,1,196,10,3,KGID102387,Tanveer,1999-09-12,M,O-,0,2008-06-25
2388,1,196,9,3,KGID102388,Jairaj,1973-07-22,M,B+,0,2003-11-05
2389,1,196,10,4,KGID102389,Rudra,2001-10-10,M,B-,0,1997-01-03
2390,1,196,10,1,KGID102390,Yadavi,2000-06-29,F,B+,0,2012-02-24
2391,1,196,10,5,KGID102391,Rudra,1969-07-19,M,A+,0,2018-02-13
2392,1,196,10,6,KGID102392,Balvan,1997-04-18,M,O-,0,2020-04-17
2393,1,196,7,2,KGID102393,Aayush,1978-12-30,M,AB+,0,1996-09-05
2394,1,196,7,4,KGID102394,Reyansh,1999-10-30,M,O-,1,2022-10-01
2395,1,196,10,2,KGID102395,Ikbal,1970-11-18,M,A-,0,1999-02-19
2396,1,196,9,4,KGID102396,Rushil,1998-04-30,M,A-,0,2001-11-01
2397,1,196,9,1,KGID102397,Mitali,2002-07-10,F,A-,0,2022-06-26
2398,1,197,10,2,KGID102398,Yagnesh,1984-11-29,M,O-,0,2018-03-16
2399,1,197,10,3,KGID102399,Baghyawati,1997-09-30,F,B+,0,1997-01-24
2400,1,197,10,2,KGID102400,Zaid,2000-05-05,M,AB+,0,2024-10-15
2401,1,197,10,3,KGID102401,Turvi,1986-03-01,F,A-,0,2005-12-08
2402,1,197,7,5,KGID102402,Anita,1991-11-04,F,B+,0,2017-04-27
2403,1,197,9,2,KGID102403,Brijesh,1981-05-15,M,A-,0,1997-04-02
2404,1,197,7,6,KGID102404,Bhavika,1975-02-16,F,B+,0,2024-02-24
2405,1,197,10,1,KGID102405,Pratyush,2002-06-24,M,A+,0,2001-06-08
2406,1,197,10,4,KGID102406,Elijah,1974-09-06,M,B-,0,2001-12-02
2407,1,197,10,4,KGID102407,Yatan,1983-05-15,M,A+,0,2017-03-31
2408,1,197,7,6,KGID102408,Shivansh,1984-06-28,M,AB+,0,2018-04-21
2409,1,197,10,4,KGID102409,Tanay,1976-06-13,M,A+,0,1997-10-05
2410,1,197,10,5,KGID102410,Bhavika,1972-11-26,F,AB+,0,2014-01-23
2411,1,197,10,5,KGID102411,Ekansh,1998-07-10,M,B+,0,2008-11-12
2412,1,197,6,3,KGID102412,Ryan,1972-03-31,M,A-,0,2002-02-07
2413,1,197,7,1,KGID102413,Chakradev,1974-03-08,M,B-,0,1996-09-03
2414,1,198,9,6,KGID102414,Radhika,2003-03-29,F,O-,0,2010-08-21
2415,1,198,7,6,KGID102415,Anay,1968-10-04,M,B+,0,1997-04-26
2416,1,198,6,5,KGID102416,Girik,1993-02-08,M,A+,0,2000-11-30
2417,1,198,9,6,KGID102417,Warinder,2003-07-19,M,B-,0,2011-01-29
2418,1,198,10,6,KGID102418,Oscar,2002-02-10,M,A-,0,2010-01-04
2419,1,198,10,4,KGID102419,Harshil,1975-03-24,M,O+,0,2018-09-12
2420,1,198,9,5,KGID102420,Advay,1968-03-04,M,O-,0,2010-06-26
2421,1,198,10,2,KGID102421,Lakshit,1975-04-04,M,B+,0,2006-09-28
2422,1,198,6,6,KGID102422,Warda,1990-01-04,F,B+,0,2024-02-07
2423,1,198,6,3,KGID102423,Farhan,1984-11-25,M,A+,0,2022-02-14
2424,1,198,10,4,KGID102424,Warinder,1978-04-09,M,AB+,0,2019-09-07
2425,1,198,6,3,KGID102425,Utkarsh,1986-01-28,M,A-,0,2018-01-24
2426,1,198,7,2,KGID102426,Vansha,1978-06-04,F,A+,0,2015-01-06
2427,1,198,7,1,KGID102427,Hamsini,1987-01-16,F,A-,0,2017-12-25
2428,1,198,9,2,KGID102428,Niharika,1995-03-11,F,A+,0,2025-04-02
2429,1,199,10,5,KGID102429,Gaurang,1987-04-19,M,AB+,0,2011-05-07
2430,1,199,6,3,KGID102430,Baljiwan,1986-08-19,M,A+,0,2024-05-19
2431,1,199,10,4,KGID102431,Omya,2000-07-20,F,AB+,0,2002-11-22
2432,1,199,5,6,KGID102432,Ria,1999-01-03,F,B-,0,2006-01-21
2433,1,199,10,2,KGID102433,Akshay,1980-11-25,M,B-,0,2007-10-26
2434,1,199,10,4,KGID102434,Charan,2000-05-31,M,B-,0,1997-12-22
2435,1,199,10,6,KGID102435,Yagnesh,1976-02-24,M,O+,0,2016-02-04
2436,1,199,10,6,KGID102436,Henry,1991-04-28,M,O-,0,2004-11-25
2437,1,200,7,6,KGID102437,Amrita,2000-10-07,F,A+,0,1997-11-18
2438,1,200,10,5,KGID102438,Qadim,1987-01-26,M,AB+,0,2000-08-14
2439,1,200,10,4,KGID102439,Frado,2003-06-29,M,B+,0,2018-05-16
2440,1,200,9,2,KGID102440,Rehaan,1975-10-27,M,B+,0,2003-11-22
2441,1,200,9,6,KGID102441,Ishaan,1969-08-27,M,B-,0,2001-03-02
2442,1,200,9,5,KGID102442,Brijesh,1996-08-10,M,B+,0,2011-04-13
2443,1,200,7,5,KGID102443,Brijesh,1989-09-04,M,AB+,0,2013-05-11
2444,1,200,10,5,KGID102444,Manan,1969-03-28,M,B-,0,2001-09-21
2445,1,200,6,3,KGID102445,Prisha,1967-12-17,F,B-,0,2003-12-25
2446,1,200,10,3,KGID102446,Laksh,1973-05-31,M,A-,0,2012-09-30
2447,1,200,10,3,KGID102447,Tanveer,1988-11-25,M,AB+,0,2011-06-22
2448,2,201,10,2,KGID102448,Nachiket,1984-11-14,M,AB+,0,2010-10-16
2449,2,201,10,4,KGID102449,Xavier,1993-04-16,M,B-,0,2016-01-22
2450,2,201,6,4,KGID102450,Zansi,1983-02-11,F,A-,0,2019-04-19
2451,2,201,10,5,KGID102451,Sarthak,1988-03-12,M,B+,0,1999-10-03
2452,2,201,10,3,KGID102452,Chandresh,1976-10-08,M,O+,0,2009-07-24
2453,2,201,6,4,KGID102453,Noah,1998-03-20,M,AB+,0,2010-07-31
2454,2,201,9,2,KGID102454,Ayushman,1994-08-29,M,O+,0,2011-09-13
2455,2,201,10,2,KGID102455,Umang,1988-08-26,M,A-,0,2005-05-06
2456,2,201,7,1,KGID102456,Viraj,1993-06-04,M,A-,0,2021-01-22
2457,2,201,9,6,KGID102457,Ekalinga,1991-11-18,M,A+,0,2013-09-19
2458,2,201,7,3,KGID102458,Gavin,1983-04-09,M,O-,0,2004-03-11
2459,2,201,10,2,KGID102459,Henry,1980-06-01,M,O+,0,2002-12-26
2460,2,201,6,4,KGID102460,Aachal,1992-10-05,F,O-,0,2009-10-01
2461,2,202,6,3,KGID102461,Zansi,1984-06-17,F,AB+,0,2013-01-28
2462,2,202,6,1,KGID102462,Champak,1976-04-17,M,O-,0,2003-09-27
2463,2,202,10,4,KGID102463,Gaurika,1968-05-07,F,O-,0,2013-02-17
2464,2,202,10,2,KGID102464,Balvan,1986-05-21,M,B-,0,2003-07-05
2465,2,202,10,1,KGID102465,Rudra,1977-08-24,M,O-,0,2001-07-27
2466,2,202,10,6,KGID102466,Upkaar,1973-04-03,M,O+,0,2024-01-27
2467,2,202,9,6,KGID102467,Samaksh,2001-07-21,M,O-,0,2016-06-14
2468,2,202,7,5,KGID102468,Omkaar,1987-02-12,M,A-,0,1998-10-22
2469,2,202,9,4,KGID102469,Sai,1979-02-08,M,B+,0,2010-10-21
2470,2,202,7,4,KGID102470,Shivani,1984-09-14,F,A-,0,2022-04-12
2471,2,202,9,1,KGID102471,Dalbir,2002-02-11,M,O+,0,2009-11-21
2472,2,202,10,4,KGID102472,Qabil,1989-06-08,M,A+,0,2023-03-07
2473,2,203,9,6,KGID102473,Jai,1984-03-20,M,A-,0,2011-05-06
2474,2,203,5,6,KGID102474,Joshua,1981-01-10,M,AB+,0,2014-11-25
2475,2,203,7,4,KGID102475,Gaurang,1987-03-19,M,B+,0,2004-12-07
2476,2,203,7,4,KGID102476,Samaksh,1997-06-03,M,O+,0,2024-04-16
2477,2,203,10,2,KGID102477,Aayush,1978-12-06,M,O-,0,2005-12-06
2478,2,203,9,2,KGID102478,Isaiah,1991-06-05,M,O-,0,2003-09-19
2479,2,203,10,4,KGID102479,Quincy,1986-07-14,M,A-,0,2003-01-29
2480,2,203,6,2,KGID102480,Jagdish,2001-04-03,M,A+,0,2017-11-04
2481,2,203,10,3,KGID102481,Ishwar,1973-02-09,M,O-,0,2009-04-13
2482,2,203,9,4,KGID102482,Balveer,1979-05-17,M,O-,0,2001-04-09
2483,2,203,7,4,KGID102483,Samaksh,1981-12-09,M,A-,0,2021-01-31
2484,2,203,10,4,KGID102484,Mitali,1997-04-13,F,B-,0,2023-03-22
2485,2,203,7,6,KGID102485,Christopher,1976-08-25,M,A+,0,2005-09-26
2486,2,203,10,2,KGID102486,Ojas,1982-12-11,M,O-,0,2010-07-14
2487,2,204,10,4,KGID102487,Chakradev,1969-04-15,M,O-,0,2002-07-10
2488,2,204,10,2,KGID102488,Girish,1997-05-14,M,B-,0,2018-01-07
2489,2,204,7,5,KGID102489,Aditya,1967-08-07,M,AB+,0,2006-12-31
2490,2,204,10,3,KGID102490,Reyansh,1995-04-10,M,B-,0,2012-06-20
2491,2,204,9,5,KGID102491,Krish,1986-09-06,M,O+,0,2009-11-04
2492,2,204,10,6,KGID102492,William,1982-10-09,M,B+,0,2009-10-31
2493,2,204,10,5,KGID102493,Krishna,1975-11-13,F,O+,0,2015-07-22
2494,2,204,10,6,KGID102494,Balvan,2003-07-21,M,B-,1,2016-02-08
2495,2,204,10,6,KGID102495,Ucchal,1987-07-01,F,O-,0,2010-09-27
2496,2,204,10,4,KGID102496,Lohit,1985-03-04,M,A+,1,2000-01-25
2497,2,204,7,2,KGID102497,Anthony,1967-08-28,M,B-,0,2018-01-08
2498,2,204,10,5,KGID102498,Kai,1983-10-07,M,AB+,0,2004-09-15
2499,2,204,9,2,KGID102499,Utkarsh,1993-09-20,M,O+,0,2018-12-09
2500,2,204,10,4,KGID102500,Radha,1979-02-03,F,A-,0,2016-10-30
2501,2,204,7,3,KGID102501,Dev,1990-07-18,M,A-,0,2011-09-15
2502,2,204,10,2,KGID102502,Noah,1987-12-10,M,A+,0,2003-07-27
2503,2,205,9,2,KGID102503,Tanay,1967-09-13,M,O-,0,2013-03-02
2504,2,205,10,5,KGID102504,Avi,1996-11-23,M,O-,0,2002-06-22
2505,2,205,5,6,KGID102505,Ishwar,1993-09-05,M,O-,0,2022-06-22
2506,2,205,10,1,KGID102506,Neelima,1975-09-19,F,O-,0,2024-05-12
2507,2,205,6,5,KGID102507,Yagnesh,1985-02-03,M,B+,0,1997-03-27
2508,2,205,10,1,KGID102508,Frederick,1981-01-21,M,A+,0,2015-10-11
2509,2,205,10,4,KGID102509,Varenya,1991-05-01,F,O+,0,2025-06-18
2510,2,205,10,4,KGID102510,Abhiram,1973-02-12,M,AB+,0,2014-09-03
2511,2,205,10,5,KGID102511,Yagnesh,1975-01-17,M,O+,0,2020-12-12
2512,2,205,6,2,KGID102512,Charita,1978-05-13,F,B-,0,2021-03-13
2513,2,205,6,5,KGID102513,Chandresh,1969-12-11,M,AB+,0,2016-09-12
2514,2,205,7,5,KGID102514,Harrison,2000-12-07,M,AB+,0,2017-09-04
2515,2,206,10,4,KGID102515,Gunbir,1978-09-04,M,O-,0,2021-08-13
2516,2,206,10,5,KGID102516,Balhaar,1982-03-30,M,B+,0,2019-11-16
2517,2,206,7,1,KGID102517,Nicholas,1982-01-11,M,B+,0,2017-02-02
2518,2,206,10,3,KGID102518,Girik,1985-10-20,M,O+,0,2004-04-03
2519,2,206,10,1,KGID102519,Pranit,1998-05-25,M,A-,0,2010-03-04
2520,2,206,9,4,KGID102520,Harish,1971-04-11,M,A+,1,2016-10-31
2521,2,206,10,1,KGID102521,Elijah,1985-07-15,M,A-,0,1998-07-10
2522,2,206,6,5,KGID102522,Vyanjana,2000-05-19,F,B-,0,2022-05-21
2523,2,206,7,6,KGID102523,Neel,1968-02-29,M,O-,0,2009-01-04
2524,2,206,10,5,KGID102524,Shaurya,1986-11-05,M,B-,0,1998-07-22
2525,2,207,6,1,KGID102525,Ronith,1989-01-31,M,AB+,0,2003-12-09
2526,2,207,10,6,KGID102526,Laban,1985-07-15,M,A+,0,2009-06-26
2527,2,207,10,2,KGID102527,Bhavani,1977-10-08,F,B-,0,2020-12-13
2528,2,207,6,3,KGID102528,Krish,1986-04-30,M,B-,0,2012-10-19
2529,2,207,7,3,KGID102529,Lila,1998-11-08,F,A-,0,1996-12-03
2530,2,207,10,6,KGID102530,Gopal,1997-11-09,M,B-,0,2004-01-08
2531,2,207,7,2,KGID102531,Reyansh,1996-07-02,M,B-,0,2000-07-23
2532,2,207,10,5,KGID102532,Joshua,1968-02-26,M,B+,0,2005-10-22
2533,2,207,9,1,KGID102533,Ayush,1989-03-12,M,O+,0,2011-07-30
2534,2,207,10,5,KGID102534,Qasim,1977-12-16,M,O-,0,2000-11-15
2535,2,207,9,1,KGID102535,Lakshit,1973-01-17,M,A+,0,1997-10-16
2536,2,207,10,6,KGID102536,Jackson,1968-11-26,M,A+,0,2012-06-18
2537,2,207,10,3,KGID102537,Farhan,1970-03-23,M,AB+,0,2008-07-01
2538,2,207,10,6,KGID102538,Yatan,1976-07-08,M,B-,0,2000-11-08
2539,2,207,7,6,KGID102539,Dayamai,1981-03-03,F,B+,0,2003-12-01
2540,2,207,10,3,KGID102540,Naksh,1988-01-12,M,B+,0,2002-10-26
2541,2,207,6,3,KGID102541,Theodore,1995-02-16,M,B+,0,2009-08-29
2542,2,207,7,3,KGID102542,Udant,1993-05-06,M,A+,0,2005-02-08
2543,2,207,10,6,KGID102543,Arjun,1970-10-16,M,A-,0,2000-10-03
2544,2,208,10,5,KGID102544,Bahadurjit,1993-06-10,M,AB+,0,2018-12-06
2545,2,208,5,4,KGID102545,Qarin,1984-03-10,M,O+,0,2001-03-03
2546,2,208,10,3,KGID102546,Ishwar,1986-09-26,M,B-,0,1998-12-15
2547,2,208,7,3,KGID102547,Hritik,1972-12-19,M,A+,0,2009-08-08
2548,2,208,10,3,KGID102548,Om,1990-10-14,M,A+,0,2021-08-11
2549,2,208,9,4,KGID102549,Samesh,1975-06-17,M,B+,0,2016-10-30
2550,2,208,9,6,KGID102550,Chandresh,1968-06-26,M,A-,0,2014-02-18
2551,2,208,10,3,KGID102551,Daniel,1975-04-16,M,O-,0,2000-08-09
2552,2,208,9,3,KGID102552,Banjeet,1997-09-03,M,B-,0,2005-07-01
2553,2,208,10,2,KGID102553,Nathaniel,1978-10-15,M,AB+,0,2021-11-05
2554,2,208,10,5,KGID102554,Om,1996-08-31,M,AB+,0,1996-11-16
2555,2,208,7,4,KGID102555,Chanakya,2000-10-12,M,O-,0,1996-11-16
2556,2,208,9,4,KGID102556,Andrew,1970-09-26,M,B-,0,2014-06-23
2557,2,208,6,2,KGID102557,Ryan,1980-04-28,M,O-,0,2013-10-19
2558,2,208,10,4,KGID102558,Dayita,1996-07-29,F,O-,0,2024-06-23
2559,2,208,9,2,KGID102559,Yash,1986-07-07,M,A-,0,2020-02-11
2560,2,208,9,6,KGID102560,Zehaan,2001-04-06,M,A-,0,1997-01-23
2561,2,208,7,2,KGID102561,Anya,1992-06-11,F,B-,0,1997-07-30
2562,2,209,10,2,KGID102562,Rajeshri,1995-12-22,F,O-,0,2010-01-22
2563,2,209,9,6,KGID102563,Manan,1985-06-25,M,B+,0,2006-07-11
2564,2,209,10,2,KGID102564,Bakhshi,2000-12-04,M,B+,0,1997-04-04
2565,2,209,7,2,KGID102565,Kalpit,1984-12-07,M,B-,0,2016-04-14
2566,2,209,10,2,KGID102566,Joshua,1972-09-09,M,O+,0,1998-01-11
2567,2,209,10,2,KGID102567,Gavin,1972-10-12,M,AB+,0,2024-08-11
2568,2,209,7,1,KGID102568,Urishilla,1997-12-24,F,AB+,0,2003-02-05
2569,2,209,10,3,KGID102569,Wridesh,1973-12-07,M,O+,0,2003-11-22
2570,2,210,9,5,KGID102570,Nimrat,1969-12-18,F,A+,0,2002-01-27
2571,2,210,5,1,KGID102571,Zayan,1999-08-04,M,B+,0,2001-10-18
2572,2,210,10,3,KGID102572,Utkarsh,2001-11-06,M,O+,0,2002-03-08
2573,2,210,9,4,KGID102573,Kiaan,1976-03-17,M,A+,0,2022-12-01
2574,2,210,10,2,KGID102574,Warinder,1974-09-17,M,O+,0,1998-01-24
2575,2,210,7,4,KGID102575,Qarin,1995-01-27,M,B+,0,2017-02-17
2576,2,210,6,1,KGID102576,Nitesh,1992-05-03,M,O+,0,2011-01-03
2577,2,210,10,6,KGID102577,Darpan,1997-06-25,M,A-,0,2011-04-01
2578,2,210,10,6,KGID102578,Parth,1985-09-18,M,B-,0,2015-12-31
2579,2,210,6,1,KGID102579,Siya,1994-12-10,F,B+,0,1998-04-19
2580,2,210,10,4,KGID102580,Tanish,1996-11-30,M,A+,0,2020-02-23
2581,2,210,10,1,KGID102581,Bishakha,1989-05-30,F,O+,0,2018-10-14
2582,2,210,10,4,KGID102582,Kai,1996-11-29,M,A-,0,2010-05-12
2583,2,210,10,5,KGID102583,Azaan,2001-02-27,M,O+,0,2007-07-27
2584,2,210,10,4,KGID102584,Tanveer,1987-02-10,M,O-,0,2008-04-09
2585,2,210,10,6,KGID102585,Tarak,1999-09-01,M,A-,0,2025-03-03
2586,2,210,9,4,KGID102586,Falan,1970-08-18,M,AB+,0,2004-01-19
2587,2,210,10,4,KGID102587,Tristan,1983-03-17,M,AB+,0,2001-05-26
2588,2,210,7,3,KGID102588,Rachita,2000-10-02,F,AB+,0,1998-07-19
2589,2,211,10,3,KGID102589,Jagat,1999-03-04,M,B+,0,2012-12-03
2590,2,211,10,3,KGID102590,Ryan,1972-12-30,M,B-,0,2007-04-30
2591,2,211,7,5,KGID102591,Imaran,1980-06-11,M,B-,0,2009-11-03
2592,2,211,9,2,KGID102592,Rishi,1969-03-01,M,B-,0,2015-08-19
2593,2,211,6,3,KGID102593,Dhruv,1986-07-28,M,AB+,0,2012-06-25
2594,2,211,6,6,KGID102594,Girik,1975-03-13,M,O-,0,2018-04-10
2595,2,211,10,3,KGID102595,Imaran,1981-04-28,M,A+,0,2025-01-10
2596,2,211,9,1,KGID102596,Bhavna,1976-08-20,F,AB+,0,1997-02-18
2597,2,211,10,6,KGID102597,Udant,1972-11-19,M,B-,0,2023-07-01
2598,2,211,10,6,KGID102598,Patrick,1972-04-08,M,O+,0,2024-10-16
2599,2,211,10,4,KGID102599,Abhimanyu,1979-01-10,M,A+,0,2009-10-15
2600,2,211,5,5,KGID102600,Ojas,1979-10-22,M,A-,0,2006-01-07
2601,2,212,7,3,KGID102601,Udant,1994-05-08,M,A-,0,2024-06-09
2602,2,212,10,6,KGID102602,Nicholas,1981-07-02,M,B-,0,2017-09-08
2603,2,212,7,5,KGID102603,Aayush,1973-08-21,M,AB+,0,2025-04-30
2604,2,212,10,4,KGID102604,Kabir,2000-04-15,M,B+,0,1998-07-01
2605,2,212,10,3,KGID102605,Timothy,1971-10-04,M,AB+,0,2023-11-13
2606,2,212,10,2,KGID102606,Advika,1976-02-18,F,B+,0,2006-11-14
2607,2,212,10,3,KGID102607,Qadim,1975-10-26,M,B-,0,2020-02-10
2608,2,212,9,6,KGID102608,Manya,1991-10-30,F,A-,0,2017-11-22
2609,2,212,6,1,KGID102609,Naveen,2001-05-12,M,O+,0,2002-05-14
2610,2,212,10,4,KGID102610,Rushil,2003-03-04,M,O-,0,2010-09-11
2611,2,212,7,6,KGID102611,Nicholas,1986-03-13,M,AB+,0,1996-10-25
2612,2,212,6,1,KGID102612,Wazir,1968-05-10,M,B-,0,1998-09-11
2613,2,212,10,6,KGID102613,Gaurika,1974-10-31,F,A-,0,2001-12-14
2614,2,212,10,6,KGID102614,Fitan,1970-11-11,M,AB+,0,2005-09-04
2615,2,212,10,3,KGID102615,Ishaan,1997-03-12,M,A-,0,2015-08-19
2616,2,212,10,3,KGID102616,Abha,1997-04-13,F,A-,0,2000-09-26
2617,2,212,10,5,KGID102617,Unni,1999-01-24,F,B+,0,1996-08-26
2618,2,212,10,4,KGID102618,Arunima,1999-10-17,F,B+,0,2019-06-06
2619,2,212,10,2,KGID102619,Tristan,1986-11-11,M,O-,0,1998-12-03
2620,2,212,10,4,KGID102620,Fiyaz,1996-02-04,M,O+,0,1998-11-12
2621,2,213,10,3,KGID102621,Darika,1970-01-08,F,B-,0,2015-05-22
2622,2,213,5,6,KGID102622,Pallavi,1987-08-22,F,O+,0,2005-09-14
2623,2,213,10,4,KGID102623,Samesh,1981-09-12,M,AB+,0,2021-06-24
2624,2,213,6,2,KGID102624,George,2003-01-17,M,O-,0,2005-06-15
2625,2,213,9,3,KGID102625,Charan,2000-03-24,M,O-,0,1998-10-10
2626,2,213,6,4,KGID102626,Tanay,1987-05-03,M,A-,0,2000-12-29
2627,2,213,10,6,KGID102627,Idika,1971-04-19,F,A+,0,1998-03-21
2628,2,213,9,1,KGID102628,Krish,2002-05-26,M,A-,0,2010-12-26
2629,2,213,10,5,KGID102629,Harish,1967-10-11,M,B+,0,2007-07-10
2630,2,213,7,3,KGID102630,Amol,2002-07-27,M,A+,0,2018-07-30
2631,2,213,7,5,KGID102631,Upadhriti,1980-02-07,F,A-,0,2011-10-18
2632,2,213,10,3,KGID102632,Lajita,1986-03-16,F,B-,0,2011-11-28
2633,2,213,6,2,KGID102633,Vedant,2003-02-05,M,O+,0,2002-05-25
2634,2,213,10,5,KGID102634,Dalbir,2002-08-18,M,AB+,0,2020-07-29
2635,2,214,5,2,KGID102635,Kabir,1978-05-28,M,AB+,0,2018-09-18
2636,2,214,9,3,KGID102636,Dalbir,1978-08-28,M,O-,0,2020-07-15
2637,2,214,9,1,KGID102637,Gaurav,1979-09-01,M,A+,0,2015-10-13
2638,2,214,10,5,KGID102638,Jack,1972-02-07,M,AB+,0,2022-10-04
2639,2,214,10,3,KGID102639,Azaan,1969-04-18,M,B-,0,2013-06-16
2640,2,214,9,5,KGID102640,Quincy,1985-03-13,M,B-,0,2014-04-16
2641,2,214,7,3,KGID102641,Bachittar,1992-07-13,M,O-,0,2003-11-16
2642,2,214,7,3,KGID102642,Ucchal,1987-01-09,F,AB+,0,1999-09-07
2643,2,214,9,4,KGID102643,Ayaan,1973-08-05,M,O-,0,2014-07-26
2644,2,214,10,5,KGID102644,Warjas,2002-01-11,M,O-,0,2016-01-13
2645,2,214,10,6,KGID102645,Ekavir,1998-11-22,M,O+,0,2019-11-23
2646,2,214,9,3,KGID102646,Abhimanyu,1998-12-13,M,A+,0,2017-05-17
2647,2,214,9,6,KGID102647,Liam,1973-01-14,M,AB+,0,2023-06-26
2648,2,214,10,6,KGID102648,Samaksh,2000-01-08,M,AB+,0,2016-02-05
2649,2,214,10,3,KGID102649,Frederick,1979-04-09,M,A-,0,2022-12-25
2650,2,214,9,1,KGID102650,Vihaan,1979-04-01,M,B+,0,2002-07-18
2651,2,214,7,3,KGID102651,Gautam,1974-09-15,M,B-,0,2021-09-03
2652,2,214,9,4,KGID102652,Tanay,1995-12-10,M,B-,0,2018-06-15
2653,2,215,10,5,KGID102653,Wakeeta,1979-07-23,F,O+,0,2003-10-09
2654,2,215,10,2,KGID102654,Abhimanyu,1985-06-16,M,A-,0,2011-02-24
2655,2,215,10,6,KGID102655,Balveer,1984-08-31,M,A-,0,2001-07-26
2656,2,215,10,5,KGID102656,Lopa,2002-04-13,F,B+,0,2014-12-14
2657,2,215,9,5,KGID102657,Ekbal,1972-01-23,M,O+,0,1996-09-16
2658,2,215,6,6,KGID102658,Isaiah,1971-05-13,M,B+,0,2024-08-16
2659,2,215,9,4,KGID102659,Kai,1981-10-28,M,A+,0,2012-11-09
2660,2,215,10,2,KGID102660,Hardik,1981-01-09,M,B+,0,2025-04-07
2661,2,215,7,1,KGID102661,Teerth,2001-01-15,M,B-,0,2017-03-11
2662,2,215,9,6,KGID102662,Ryan,1985-03-24,M,A+,0,2002-04-11
2663,2,215,7,5,KGID102663,Dayita,1971-03-02,F,B+,0,2015-06-04
2664,2,215,10,6,KGID102664,Falan,1987-04-28,M,A+,0,2017-07-14
2665,2,215,10,5,KGID102665,Om,1972-06-10,M,O-,0,2015-07-13
2666,2,215,5,1,KGID102666,Niharika,1971-04-15,F,AB+,0,2011-12-21
2667,2,215,10,6,KGID102667,Quincy,1996-07-07,M,B+,0,2019-08-12
2668,2,215,10,6,KGID102668,Henry,1988-02-22,M,B-,0,2000-07-29
2669,2,215,9,5,KGID102669,Harrison,1997-03-16,M,O+,0,1996-12-16
2670,2,215,6,1,KGID102670,Tristan,1972-05-31,M,B+,0,2018-09-17
2671,2,215,10,5,KGID102671,Matthew,1967-10-07,M,O-,0,1997-04-14
2672,2,216,6,1,KGID102672,Jatin,1980-03-25,M,O+,0,2017-08-16
2673,2,216,9,4,KGID102673,Faris,1971-07-08,M,A+,0,2011-05-20
2674,2,216,9,5,KGID102674,Nihal,1988-11-11,M,AB+,0,2021-12-23
2675,2,216,10,1,KGID102675,Aarush,2001-12-01,M,B-,0,1998-10-11
2676,2,216,10,6,KGID102676,Frado,1976-08-09,M,A-,0,2004-06-21
2677,2,216,10,4,KGID102677,Yashawini,1995-11-07,F,A-,0,2004-08-04
2678,2,216,10,4,KGID102678,Gautam,1980-12-31,M,A-,0,2015-01-04
2679,2,216,10,5,KGID102679,Luke,2002-06-27,M,B+,0,2018-04-08
2680,2,216,9,6,KGID102680,Indrajit,1996-01-10,M,AB+,0,2009-04-22
2681,2,216,10,1,KGID102681,Darpan,1980-05-19,M,O+,0,2010-08-04
2682,2,216,9,2,KGID102682,Agastya,1996-04-09,M,A+,0,2017-11-28
2683,2,216,10,4,KGID102683,Upkaar,1975-05-30,M,O+,0,2022-03-02
2684,2,216,10,1,KGID102684,Dhruv,1975-12-27,M,O-,0,2018-07-12
2685,2,216,10,5,KGID102685,Ikbal,1990-02-09,M,AB+,0,2020-12-30
2686,2,216,9,5,KGID102686,Samaksh,1969-04-09,M,B-,0,2004-07-22
2687,2,217,10,2,KGID102687,Teerth,1983-07-14,M,O-,0,2012-02-06
2688,2,217,10,5,KGID102688,Zaid,1986-11-11,M,AB+,0,2015-04-11
2689,2,217,7,3,KGID102689,Wahab,1979-10-24,M,B+,0,2015-09-11
2690,2,217,6,3,KGID102690,Shivansh,2001-09-16,M,O+,0,2021-04-13
2691,2,217,10,6,KGID102691,Naveen,1975-10-10,M,O+,0,2003-08-06
2692,2,217,10,4,KGID102692,Devansh,1982-03-14,M,A+,0,2001-09-22
2693,2,217,5,3,KGID102693,Reyansh,1992-09-21,M,B-,0,2022-11-20
2694,2,217,7,1,KGID102694,Lipika,1983-05-17,F,O-,0,2022-02-16
2695,2,217,7,3,KGID102695,Baljiwan,1984-12-16,M,O-,0,2016-08-01
2696,2,217,7,3,KGID102696,Ayush,1981-02-16,M,A-,0,2013-07-22
2697,2,218,9,4,KGID102697,Laksh,1972-02-07,M,O-,0,2019-12-20
2698,2,218,10,6,KGID102698,Aryan,2001-08-20,M,AB+,0,2019-04-02
2699,2,218,5,1,KGID102699,Bakhshi,1972-01-09,M,O-,0,2006-04-12
2700,2,218,6,4,KGID102700,Yug,1978-07-14,M,B+,0,1999-06-24
2701,2,218,10,1,KGID102701,Dominic,1995-04-08,M,A+,0,2021-05-05
2702,2,218,10,3,KGID102702,Jack,1979-05-09,M,A+,0,2010-09-24
2703,2,218,10,6,KGID102703,Vasana,1994-01-20,F,AB+,0,2021-04-20
2704,2,218,9,5,KGID102704,Vasatika,1975-01-03,F,B+,0,2008-02-04
2705,2,218,10,5,KGID102705,Xavier,2001-09-29,M,O-,0,2021-08-04
2706,2,218,6,6,KGID102706,Naveen,1993-09-01,M,A+,0,2012-10-11
2707,2,218,6,6,KGID102707,Agastya,1974-07-27,M,B-,0,2014-02-15
2708,3,219,10,2,KGID102708,Priya,1969-02-05,F,B+,0,2020-06-19
2709,3,219,10,2,KGID102709,Jatin,1983-07-05,M,B-,0,1999-12-17
2710,3,219,9,1,KGID102710,Manan,1978-12-08,M,B+,0,2015-08-21
2711,3,219,10,4,KGID102711,Jack,1994-03-10,M,O-,0,2006-02-04
2712,3,219,6,5,KGID102712,Sathvik,1983-01-06,M,O+,0,1997-08-12
2713,3,219,10,5,KGID102713,Charan,1986-11-19,M,O-,0,2022-06-05
2714,3,219,9,5,KGID102714,Logan,1969-04-10,M,O+,0,2015-09-04
2715,3,219,9,5,KGID102715,Umang,1995-05-28,M,O-,0,2017-05-21
2716,3,219,9,1,KGID102716,Farhan,1970-02-04,M,A-,0,2000-06-03
2717,3,219,5,1,KGID102717,Faqid,1970-04-18,M,O-,0,2013-05-02
2718,3,219,9,6,KGID102718,Bishakha,1996-01-06,F,B+,0,2000-05-31
2719,3,219,9,3,KGID102719,Ekansh,1991-08-14,M,AB+,0,2001-09-18
2720,3,219,6,4,KGID102720,Abhimanyu,1972-11-09,M,A+,0,2012-04-06
2721,3,220,6,1,KGID102721,Nathaniel,2001-02-23,M,A+,0,2005-11-10
2722,3,220,10,2,KGID102722,Lucky,1968-04-20,M,A-,0,2025-07-21
2723,3,220,9,6,KGID102723,Rehaan,1995-09-11,M,B+,0,2012-09-10
2724,3,220,10,6,KGID102724,Krishna,2001-08-26,M,O-,0,1997-09-24
2725,3,220,10,3,KGID102725,Harsh,2001-06-24,M,B+,0,2012-05-09
2726,3,220,6,1,KGID102726,Darpan,1999-10-15,M,O-,0,1999-04-01
2727,3,220,10,3,KGID102727,Gautam,1987-01-11,M,B+,0,2024-11-20
2728,3,220,10,3,KGID102728,Viraj,1980-12-04,M,B+,0,2012-03-09
2729,3,220,10,2,KGID102729,Rayaan,1994-02-05,M,AB+,0,2015-11-19
2730,3,220,10,6,KGID102730,Megha,1970-06-26,F,O-,0,1999-05-21
2731,3,220,10,4,KGID102731,Tarak,2000-06-09,M,B+,0,2020-12-10
2732,3,220,6,1,KGID102732,Rehaan,2000-02-05,M,B+,0,2002-04-26
2733,3,221,10,2,KGID102733,Rohan,1996-06-09,M,A+,0,2010-10-30
2734,3,221,10,3,KGID102734,Zaid,1984-01-12,M,AB+,0,2009-09-19
2735,3,221,7,3,KGID102735,Kamya,1970-02-28,F,AB+,0,2023-11-23
2736,3,221,9,1,KGID102736,Thomas,1993-08-31,M,AB+,0,2017-05-16
2737,3,221,6,3,KGID102737,Karan,1993-07-24,M,O+,0,2024-01-22
2738,3,221,10,6,KGID102738,Vaishnavi,1992-08-09,F,O+,0,1997-12-29
2739,3,221,7,4,KGID102739,Abdul,1990-09-19,M,AB+,0,2019-03-12
2740,3,221,7,3,KGID102740,Nitara,1992-08-31,F,A+,0,2017-01-06
2741,3,221,9,2,KGID102741,Champak,1990-09-10,M,A-,0,2007-06-05
2742,3,221,7,1,KGID102742,Thomas,1985-01-14,M,A-,0,2024-11-15
2743,3,221,7,3,KGID102743,Ria,1994-03-21,F,A-,0,1998-06-01
2744,3,221,10,5,KGID102744,Joshua,1983-04-15,M,B+,0,2022-06-29
2745,3,221,10,1,KGID102745,Ridhi,1986-04-17,F,O-,0,2015-08-02
2746,3,221,10,6,KGID102746,Tristan,1997-03-15,M,O+,0,2016-12-12
2747,3,221,10,1,KGID102747,Kabir,1971-02-10,M,O+,0,2008-04-13
2748,3,221,7,2,KGID102748,Dev,1978-03-17,M,AB+,0,2017-06-02
2749,3,221,9,5,KGID102749,Reyansh,1980-07-25,M,B+,0,1998-10-30
2750,3,222,10,4,KGID102750,Chaitanya,1987-02-03,M,A+,0,2019-08-28
2751,3,222,5,5,KGID102751,Samarth,1994-03-12,M,AB+,0,2008-02-20
2752,3,222,9,3,KGID102752,Agastya,1968-07-03,M,AB+,0,2002-06-21
2753,3,222,10,6,KGID102753,Libni,1987-09-14,F,A-,0,2011-03-23
2754,3,222,7,4,KGID102754,Liam,1984-06-05,M,AB+,0,2018-06-13
2755,3,222,10,2,KGID102755,Aishani,1969-12-13,F,A-,0,2020-01-03
2756,3,222,10,1,KGID102756,Janya,1997-02-06,F,B-,0,2008-02-09
2757,3,222,6,1,KGID102757,Aarav,1998-01-09,M,B+,0,2021-02-28
2758,3,223,10,6,KGID102758,Frederick,1974-06-21,M,AB+,0,1999-06-07
2759,3,223,9,3,KGID102759,Saksham,1969-03-20,M,O-,0,2004-05-20
2760,3,223,10,2,KGID102760,Udant,1983-03-28,M,A-,0,2019-10-24
2761,3,223,7,4,KGID102761,Pahal,1976-01-04,F,B-,0,2024-01-01
2762,3,223,10,2,KGID102762,Patrick,1991-05-23,M,B-,0,2022-07-02
2763,3,223,10,3,KGID102763,Frederick,2000-08-23,M,A+,0,1999-05-14
2764,3,223,10,6,KGID102764,Henry,2000-03-24,M,O-,0,2000-02-24
2765,3,223,9,2,KGID102765,Benjamin,2003-06-17,M,AB+,0,2023-10-01
2766,3,223,10,3,KGID102766,Manbir,1984-11-06,M,B-,0,2010-05-10
2767,3,223,10,2,KGID102767,Ekiya,1993-07-08,F,O+,0,1997-08-20
2768,3,224,9,1,KGID102768,Oscar,1996-10-10,M,B-,0,2017-07-20
2769,3,224,10,3,KGID102769,Balendra,1999-11-26,M,AB+,0,2020-05-18
2770,3,224,10,2,KGID102770,Urmi,1980-06-14,F,AB+,0,2002-10-18
2771,3,224,7,2,KGID102771,Jatin,1989-10-01,M,O-,0,2005-11-16
2772,3,224,9,1,KGID102772,Qarin,1970-11-10,M,O-,0,1996-12-24
2773,3,224,6,5,KGID102773,Abdul,1987-07-21,M,B+,0,2015-05-18
2774,3,224,7,2,KGID102774,Amol,1970-10-30,M,B-,0,1999-07-16
2775,3,224,7,5,KGID102775,Ishaan,1992-05-11,M,O-,0,2017-03-09
2776,3,224,9,5,KGID102776,Mitesh,1994-07-08,M,B+,0,2012-04-14
2777,3,224,10,2,KGID102777,Oviya,1990-09-09,F,A+,0,2012-11-24
2778,3,224,6,2,KGID102778,Harish,1991-06-22,M,O-,0,1996-10-15
2779,3,224,9,5,KGID102779,Gautam,1969-11-09,M,AB+,0,2019-02-01
2780,3,224,5,4,KGID102780,Charles,1978-03-27,M,O+,0,2007-01-12
2781,3,224,10,4,KGID102781,Abeer,2002-06-27,M,AB+,0,1999-10-13
2782,3,224,10,1,KGID102782,Devansh,1996-08-10,M,O+,0,2007-08-19
2783,3,225,6,5,KGID102783,Kiaan,1976-12-12,M,A-,0,2002-03-07
2784,3,225,10,2,KGID102784,Jason,1976-12-26,M,AB+,0,2013-09-04
2785,3,225,6,2,KGID102785,Luke,1978-12-16,M,AB+,0,2017-04-02
2786,3,225,10,2,KGID102786,Jonathan,1986-01-28,M,B+,0,2012-01-16
2787,3,225,5,3,KGID102787,Ayushman,1994-02-25,M,B+,0,2012-02-05
2788,3,225,7,6,KGID102788,Arin,1995-10-16,M,B+,0,2004-06-27
2789,3,225,10,3,KGID102789,Manan,1976-04-06,M,A+,0,2007-08-03
2790,3,225,9,6,KGID102790,Chakradhar,1978-02-10,M,A-,0,2004-06-28
2791,3,225,10,1,KGID102791,Ayushman,2000-08-08,M,A-,0,2025-06-28
2792,3,225,10,6,KGID102792,Ryan,1980-10-06,M,O+,0,2021-11-16
2793,3,225,10,3,KGID102793,Chakrika,1985-07-16,F,A+,0,2011-12-28
2794,3,225,10,6,KGID102794,Fariq,1968-10-29,M,B-,0,2011-10-15
2795,3,225,10,5,KGID102795,Gautam,1979-04-10,M,A+,0,2016-06-14
2796,3,225,5,3,KGID102796,Warinder,2000-02-17,M,B+,0,2015-01-27
2797,3,225,6,4,KGID102797,Rachit,1996-05-24,M,AB+,0,2014-11-20
2798,3,225,7,6,KGID102798,Krish,1974-11-21,M,B-,0,1998-01-07
2799,3,225,9,4,KGID102799,Liam,1980-06-12,M,B-,0,1997-03-13
2800,3,225,10,1,KGID102800,Panini,1968-09-05,F,B-,0,2018-09-10
2801,3,226,10,4,KGID102801,Darsh,1973-04-30,M,B-,0,2003-01-26
2802,3,226,6,4,KGID102802,Harita,1990-04-23,F,A-,0,2019-01-14
2803,3,226,9,6,KGID102803,Tarak,1976-10-16,M,AB+,0,1997-09-04
2804,3,226,6,6,KGID102804,Ekaraj,1992-09-04,M,A+,0,2005-01-13
2805,3,226,7,3,KGID102805,Harsh,1991-09-25,M,A-,0,2012-08-16
2806,3,226,10,4,KGID102806,Keya,1990-10-23,F,B-,0,2003-09-04
2807,3,226,7,4,KGID102807,Krish,1980-08-04,M,A-,0,2014-09-10
2808,3,226,10,6,KGID102808,Ekalinga,1997-10-11,M,B-,0,2021-09-27
2809,3,226,10,5,KGID102809,Nakul,1982-08-26,M,B+,0,1999-06-23
2810,3,226,10,4,KGID102810,Saanvi,2003-05-16,F,O-,0,2024-02-04
2811,3,226,6,3,KGID102811,Bakhshi,1989-08-07,M,O-,0,2022-07-30
2812,3,227,10,4,KGID102812,Aarna,1970-09-08,F,O-,0,2021-09-11
2813,3,227,5,3,KGID102813,George,1971-07-18,M,O-,0,2011-10-25
2814,3,227,7,5,KGID102814,Yug,1991-09-20,M,B-,0,2009-12-17
2815,3,227,10,2,KGID102815,Laban,1970-03-12,M,O-,0,2022-04-05
2816,3,227,10,5,KGID102816,Nachiket,2002-05-13,M,B-,0,2000-02-08
2817,3,227,10,3,KGID102817,Vamakshi,1979-01-08,F,A+,0,2007-11-28
2818,3,227,10,5,KGID102818,Arjun,1977-01-31,M,AB+,0,2014-01-16
2819,3,227,10,6,KGID102819,Zayyan,1970-04-27,M,AB+,0,2001-06-20
2820,3,227,6,2,KGID102820,Panini,1991-02-02,F,B+,0,2003-01-10
2821,3,227,9,5,KGID102821,Elijah,1973-05-20,M,B-,0,2006-01-14
2822,3,227,9,2,KGID102822,Zehaan,1994-10-26,M,AB+,0,2017-04-07
2823,3,227,10,6,KGID102823,Mason,1992-10-08,M,A-,0,2003-03-22
2824,3,227,6,2,KGID102824,Frado,1981-12-20,M,B-,0,2002-12-24
2825,3,228,6,1,KGID102825,Zashil,1997-01-23,M,O-,0,2008-12-04
2826,3,228,6,3,KGID102826,Vasudha,1977-11-20,F,A-,0,2002-01-22
2827,3,228,5,4,KGID102827,Sarthak,1980-08-27,M,O-,0,2004-01-06
2828,3,228,7,3,KGID102828,Dhruv,1987-09-11,M,A+,0,2004-12-10
2829,3,228,5,2,KGID102829,Bina,1998-06-12,F,B+,0,2008-09-11
2830,3,228,10,3,KGID102830,Megha,2003-03-13,F,B+,0,2015-06-22
2831,3,228,9,4,KGID102831,Priya,1971-02-02,F,AB+,0,2008-08-09
2832,3,228,10,2,KGID102832,Anjali,1974-05-06,F,O-,0,2016-10-19
2833,3,228,9,4,KGID102833,Rishi,1998-09-05,M,B-,0,2010-02-16
2834,3,228,10,3,KGID102834,Alexander,1978-01-30,M,AB+,0,1996-12-18
2835,3,228,6,3,KGID102835,Yutika,1986-03-27,F,A-,0,2014-11-05
2836,3,228,10,6,KGID102836,Saanvi,1983-12-10,F,B+,0,2008-01-13
2837,3,228,10,5,KGID102837,Tristan,1971-09-03,M,B-,0,2000-11-12
2838,3,229,6,2,KGID102838,Siddharth,1971-11-18,M,B-,0,1999-06-29
2839,3,229,5,2,KGID102839,Naveen,1989-03-25,M,AB+,0,2014-05-08
2840,3,229,9,4,KGID102840,Nitara,1968-11-11,F,AB+,0,2004-08-26
2841,3,229,5,1,KGID102841,Faraj,1977-11-11,M,A-,0,2000-06-07
2842,3,229,6,4,KGID102842,Yuvraj,1989-04-20,M,O-,0,2014-05-24
2843,3,229,10,6,KGID102843,Wyatt,1972-03-25,M,O+,0,2016-11-29
2844,3,229,7,6,KGID102844,Mohini,1991-02-04,F,A-,0,1998-06-07
2845,3,229,6,4,KGID102845,Hitesh,1973-08-29,M,B+,0,2019-07-25
2846,3,229,7,3,KGID102846,Gavin,1971-12-12,M,O+,0,2005-08-18
2847,3,229,9,4,KGID102847,Simon,2000-05-10,M,B+,0,1997-02-11
2848,3,229,9,1,KGID102848,Rachita,1981-11-15,F,A-,0,1998-08-18
2849,3,229,9,1,KGID102849,Samesh,1991-05-06,M,A-,0,2017-01-27
2850,3,229,10,2,KGID102850,Kai,1972-01-03,M,B+,0,2016-07-08
2851,3,230,10,2,KGID102851,Gavin,1970-11-06,M,A+,0,2000-08-31
2852,3,230,10,1,KGID102852,Neel,1997-12-13,M,A+,0,2023-02-07
2853,3,230,6,4,KGID102853,Mohammed,1995-06-23,M,O-,0,1998-10-13
2854,3,230,10,3,KGID102854,Rayaan,1980-02-20,M,B+,0,2001-11-10
2855,3,230,7,3,KGID102855,Yash,1987-09-17,M,AB+,0,2001-12-06
2856,3,230,10,3,KGID102856,Balveer,1983-11-15,M,B-,0,2015-05-24
2857,3,230,7,5,KGID102857,Manthan,1968-05-29,M,O+,0,2010-12-23
2858,3,230,5,1,KGID102858,Chandran,1974-02-17,M,B-,0,2013-08-25
2859,3,230,5,5,KGID102859,Wriddhish,1991-06-15,M,A+,0,2002-09-28
2860,3,230,10,5,KGID102860,Hritik,1981-11-25,M,A-,0,2009-04-11
2861,3,230,10,6,KGID102861,Raghav,1976-05-28,M,A-,0,2015-05-23
2862,3,230,5,1,KGID102862,Bahadurjit,1978-04-28,M,O-,0,2003-11-20
2863,3,230,10,2,KGID102863,Balendra,1991-02-08,M,AB+,0,2019-04-11
2864,3,230,10,2,KGID102864,Eesha,2000-12-11,F,O-,0,2008-12-12
2865,3,230,10,5,KGID102865,Neel,1991-09-03,M,O-,0,2007-09-29
2866,3,230,10,3,KGID102866,Yashoda,1997-09-04,F,A+,0,2024-01-02
2867,3,230,9,1,KGID102867,Hredhaan,1977-05-23,M,AB+,0,2004-05-27
2868,3,230,9,3,KGID102868,Dev,1989-07-06,M,AB+,0,2007-06-05
2869,3,230,10,4,KGID102869,Frederick,1999-03-22,M,A+,0,1999-08-15
2870,3,230,10,2,KGID102870,Aadi,2003-06-05,M,B+,0,2016-05-23
2871,3,231,10,3,KGID102871,Gaurav,1976-08-09,M,A+,0,2025-06-06
2872,3,231,6,6,KGID102872,Nitara,1977-05-17,F,B-,0,2009-07-02
2873,3,231,6,1,KGID102873,Gautam,1999-02-22,M,B-,0,2019-08-27
2874,3,231,9,6,KGID102874,Kamala,1979-10-25,F,A-,0,1996-10-12
2875,3,231,9,3,KGID102875,Lohit,1985-06-01,M,O+,0,2022-09-01
2876,3,231,10,6,KGID102876,Atharv,1974-08-02,M,AB+,0,1999-02-28
2877,3,231,9,4,KGID102877,Balveer,2001-09-08,M,A+,0,2018-07-26
2878,3,231,10,4,KGID102878,Abhiram,1973-03-09,M,O-,0,2003-02-08
2879,3,231,7,5,KGID102879,Gautam,1990-08-30,M,O-,0,2022-01-01
2880,3,231,10,5,KGID102880,Mohini,1992-07-12,F,B-,0,2006-07-26
2881,3,231,9,6,KGID102881,Vincent,1987-08-05,M,A+,0,2016-03-11
2882,3,231,10,2,KGID102882,Om,1991-08-15,M,O+,0,2002-06-25
2883,3,231,6,4,KGID102883,Jatin,1968-03-23,M,B-,0,1997-05-20
2884,3,231,9,6,KGID102884,Warhi,1994-11-25,F,B-,0,2012-09-22
2885,3,231,9,2,KGID102885,Victor,1991-11-06,M,B+,0,2011-07-08
2886,3,232,9,5,KGID102886,Wriddhish,1990-09-24,M,B-,0,1998-03-11
2887,3,232,10,6,KGID102887,Mohammed,1976-10-15,M,A+,0,2008-08-08
2888,3,232,10,3,KGID102888,Utkarsh,1987-05-09,M,B+,1,2004-07-09
2889,3,232,10,4,KGID102889,Meghana,1992-05-25,F,A+,0,2009-07-25
2890,3,232,9,3,KGID102890,Ayush,1978-09-26,M,AB+,0,2023-06-15
2891,3,232,6,3,KGID102891,Nathaniel,1970-12-13,M,B+,0,2005-09-21
2892,3,232,6,4,KGID102892,Nachiket,1998-10-09,M,B-,0,2023-08-01
2893,3,232,10,2,KGID102893,Ubika,1973-04-19,F,O-,0,2025-05-03
2894,3,232,10,6,KGID102894,Qabil,1974-11-01,M,AB+,0,2010-09-02
2895,3,233,7,2,KGID102895,Theodore,1983-06-29,M,A+,0,2021-12-27
2896,3,233,6,4,KGID102896,Dev,1996-06-03,M,A+,0,2025-05-10
2897,3,233,6,3,KGID102897,Wridesh,1970-09-25,M,B-,0,2015-04-16
2898,3,233,10,3,KGID102898,Qarin,2001-07-12,M,O+,0,2006-10-28
2899,3,233,7,4,KGID102899,Chakradhar,1985-02-28,M,O-,0,2022-02-24
2900,3,233,10,4,KGID102900,Zaid,1998-08-29,M,B+,0,1999-08-01
2901,3,233,9,1,KGID102901,Radha,1979-04-11,F,A+,0,2009-04-07
2902,3,233,10,6,KGID102902,Shivani,1982-08-03,F,O-,0,2001-01-08
2903,3,233,10,6,KGID102903,Nicholas,1988-05-27,M,B+,0,2024-10-06
2904,3,233,7,5,KGID102904,Om,1972-11-22,M,O-,0,2024-03-28
2905,3,233,7,1,KGID102905,Ekavir,1987-02-03,M,A-,0,2019-11-30
2906,3,233,6,3,KGID102906,Mohammed,1976-05-01,M,B+,0,2001-08-22
2907,3,233,9,4,KGID102907,Dalbir,2000-09-24,M,AB+,0,2019-10-30
2908,3,233,10,2,KGID102908,Aryan,1968-07-31,M,B-,0,2007-12-31
2909,3,233,10,4,KGID102909,Nakul,1971-01-15,M,A+,0,2003-11-09
2910,3,233,10,2,KGID102910,Nicholas,1978-05-03,M,B+,0,2025-07-03
2911,3,233,10,1,KGID102911,Advay,1989-01-15,M,AB+,0,2001-02-03
2912,3,233,7,6,KGID102912,Girindra,1980-01-10,M,O+,0,2008-09-06
2913,3,233,10,2,KGID102913,Naksh,1985-11-15,M,A+,0,1997-07-23
2914,3,233,6,5,KGID102914,Zashil,1985-11-18,M,A+,0,2017-12-28
2915,3,234,9,1,KGID102915,Onkar,1983-09-17,M,A+,0,2014-03-25
2916,3,234,6,6,KGID102916,Yasti,1983-06-26,F,AB+,0,1998-11-09
2917,3,234,10,6,KGID102917,Dev,1980-11-18,M,B+,0,2007-08-24
2918,3,234,10,6,KGID102918,Jackson,1996-10-19,M,AB+,0,2021-11-29
2919,3,234,9,3,KGID102919,Hemani,1984-02-19,F,B+,0,2022-07-11
2920,3,234,10,4,KGID102920,Laban,1998-04-30,M,O+,0,2006-09-11
2921,3,234,10,3,KGID102921,Christopher,1996-01-02,M,B+,0,2010-06-20
2922,3,234,6,2,KGID102922,Manbir,2000-10-11,M,AB+,0,2021-12-09
2923,3,234,10,4,KGID102923,Dakshesh,1995-01-04,M,AB+,0,2018-12-28
2924,3,234,9,4,KGID102924,Jeet,1980-10-27,M,AB+,0,2015-06-05
2925,3,234,10,6,KGID102925,Reyansh,1989-03-10,M,A-,0,2013-01-13
2926,3,234,10,2,KGID102926,Yagnesh,2000-02-02,M,O-,0,2013-04-02
2927,3,234,10,4,KGID102927,Faras,1996-06-29,M,A-,0,2023-01-29
2928,3,234,10,3,KGID102928,Abeer,1996-03-02,M,B+,0,2021-09-25
2929,3,234,9,4,KGID102929,Ekavir,1991-08-15,M,O+,0,2009-09-10
2930,3,234,6,4,KGID102930,Hemangini,1984-08-22,F,A+,0,1999-07-22
2931,3,234,6,6,KGID102931,Qabil,1975-10-15,M,AB+,0,2014-04-22
2932,3,234,6,1,KGID102932,Faras,1975-05-06,M,B-,0,2019-12-10
2933,3,234,10,6,KGID102933,Alexander,1968-11-26,M,B-,0,1999-07-21
2934,3,234,10,2,KGID102934,Tejas,1971-12-01,M,B+,0,2003-06-24
2935,3,235,7,4,KGID102935,Rushil,1990-09-06,M,O+,0,2021-03-18
2936,3,235,9,6,KGID102936,Dev,1977-03-17,M,A+,0,2015-01-01
2937,3,235,10,1,KGID102937,Raghav,1990-05-25,M,O-,0,2000-11-17
2938,3,235,10,3,KGID102938,Abhimanyu,1997-04-18,M,B+,0,2009-02-19
2939,3,235,10,1,KGID102939,Vaishnavi,1976-10-01,F,O+,0,2024-01-06
2940,3,235,6,4,KGID102940,Chatresh,1972-04-16,M,AB+,0,2016-07-20
2941,3,235,10,5,KGID102941,Omkaar,1971-07-09,M,B+,0,1998-11-28
2942,3,235,10,5,KGID102942,Ojas,1979-05-17,M,A-,0,2001-07-10
2943,3,235,9,6,KGID102943,Chatura,2003-05-13,M,O+,0,2018-12-14
2944,3,235,5,6,KGID102944,Yahvi,1973-09-03,F,B+,0,2018-03-15
2945,3,235,10,4,KGID102945,Aditya,1986-05-14,M,AB+,0,2001-04-23
2946,3,235,10,6,KGID102946,Zashil,1977-02-14,M,O-,0,2016-09-08
2947,3,235,9,4,KGID102947,Harish,1985-06-17,M,A+,0,2003-10-16
2948,3,235,9,3,KGID102948,Jalsa,1991-04-14,F,A+,0,2020-08-04
2949,3,235,10,3,KGID102949,Dhruv,1998-04-04,M,B-,0,2015-06-19
2950,3,236,6,6,KGID102950,Hitesh,1988-05-14,M,B+,0,2013-03-14
2951,3,236,7,1,KGID102951,Tarak,1971-09-16,M,O+,0,2017-11-24
2952,3,236,10,5,KGID102952,Hritik,1998-09-11,M,AB+,1,2003-02-13
2953,3,236,10,5,KGID102953,Chakradev,1982-09-26,M,O+,1,2024-04-08
2954,3,236,10,3,KGID102954,Falak,1988-12-21,F,B+,0,2013-08-25
2955,3,236,10,4,KGID102955,Balveer,1989-11-22,M,AB+,0,2008-12-11
2956,3,236,5,6,KGID102956,Advay,1968-02-27,M,AB+,0,2023-04-19
2957,3,236,10,5,KGID102957,Ikbal,1991-01-25,M,A+,0,2018-10-27
2958,3,236,10,4,KGID102958,Vihaan,1970-07-19,M,AB+,0,2012-04-17
2959,3,236,10,4,KGID102959,Henry,1990-06-06,M,O+,0,2015-02-01
2960,3,237,7,4,KGID102960,Lekha,1974-02-12,F,B-,0,2001-10-07
2961,3,237,7,5,KGID102961,Anjali,1999-07-17,F,B+,0,1996-08-24
2962,3,237,6,6,KGID102962,Warjas,1975-03-09,M,A+,0,2003-03-11
2963,3,237,6,1,KGID102963,Jeevika,1972-01-12,F,A+,0,2006-12-11
2964,3,237,10,1,KGID102964,Yashvi,1990-09-16,F,B+,0,2006-04-08
2965,3,237,6,1,KGID102965,Faras,1992-01-26,M,O-,0,2012-12-11
2966,3,237,7,3,KGID102966,Umang,1996-02-27,M,O-,0,2009-07-02
2967,3,237,9,4,KGID102967,Ojas,1979-10-12,M,B-,0,2014-02-24
2968,3,237,10,1,KGID102968,Azaan,1976-12-16,M,A+,0,2006-10-30
2969,3,237,7,1,KGID102969,Warjas,1990-02-07,M,B+,0,2001-05-01
2970,3,237,10,6,KGID102970,Yahvi,1985-03-13,F,B+,0,2016-02-28
2971,3,237,10,6,KGID102971,Akshay,1997-05-08,M,A-,0,2015-04-06
2972,3,237,7,4,KGID102972,Ekani,1987-12-31,F,A-,0,2008-08-21
2973,3,237,7,5,KGID102973,Ethan,2003-05-01,M,O-,0,2016-05-27
2974,3,237,9,1,KGID102974,Charles,2002-08-21,M,B+,0,2018-06-17
2975,3,237,6,5,KGID102975,Imaran,1971-03-28,M,B+,0,2005-12-21
2976,3,238,10,3,KGID102976,Yagnesh,1971-06-27,M,O-,1,2013-07-19
2977,3,238,9,5,KGID102977,Nachiket,1967-10-12,M,O+,0,2012-08-15
2978,3,238,10,4,KGID102978,Ekalinga,1993-12-18,M,O+,0,2003-07-05
2979,3,238,9,6,KGID102979,Wazir,2001-05-11,M,B-,0,2012-01-05
2980,3,238,10,1,KGID102980,Nachiket,2001-10-01,M,AB+,0,2017-04-17
2981,3,238,9,4,KGID102981,Banjeet,2003-03-14,M,A+,0,2002-09-29
2982,3,238,10,6,KGID102982,Unni,1997-11-19,F,B-,0,1999-07-18
2983,3,238,6,3,KGID102983,Aarav,2003-05-23,M,B-,0,1999-06-14
2984,3,238,10,3,KGID102984,Kabir,1978-12-17,M,B-,0,2005-10-04
2985,3,238,7,4,KGID102985,Advik,1970-11-18,M,O+,0,2008-12-05
2986,3,238,10,6,KGID102986,Chatresh,1995-08-26,M,B+,0,2017-12-13
2987,3,238,7,4,KGID102987,Vihaan,1986-06-06,M,AB+,0,2009-11-22
2988,3,238,7,4,KGID102988,Rushil,1976-07-06,M,AB+,0,2006-08-15
2989,3,238,10,6,KGID102989,Isaiah,1980-03-22,M,O-,0,2022-12-11
2990,3,238,6,3,KGID102990,Mitali,1969-10-21,F,AB+,1,2015-07-05
2991,3,238,10,1,KGID102991,Zaid,1994-04-07,M,AB+,0,2023-12-05
2992,3,238,10,5,KGID102992,Chandresh,1994-07-18,M,B+,0,2015-07-05
2993,3,238,9,3,KGID102993,Guneet,1981-03-21,M,O+,0,2010-03-03
2994,3,238,10,5,KGID102994,Finn,1989-11-18,M,O+,0,2002-12-25
2995,3,239,9,4,KGID102995,Qasim,1984-08-01,M,O-,0,2006-06-11
2996,3,239,10,1,KGID102996,Daksha,1993-07-10,F,A+,0,1999-03-15
2997,3,239,9,2,KGID102997,Ekalinga,1991-03-19,M,B+,0,1997-04-09
2998,3,239,10,4,KGID102998,Chakradhar,1997-09-19,M,A+,0,2021-12-14
2999,3,239,10,3,KGID102999,Ethan,1990-12-13,M,B-,0,2020-04-28
3000,3,239,9,5,KGID103000,Hredhaan,1970-02-06,M,O+,0,2024-11-14
3001,3,239,7,2,KGID103001,Dalbir,1974-01-02,M,O+,0,2011-09-03
3002,3,239,10,3,KGID103002,Advik,1993-03-03,M,AB+,0,2019-05-12
3003,3,239,7,3,KGID103003,Vinaya,1986-12-24,F,B-,0,2003-12-31
3004,3,239,7,5,KGID103004,Kashish,1974-01-26,F,O+,0,2019-08-29
3005,3,239,10,2,KGID103005,Karan,1971-09-30,M,O+,0,1998-04-01
3006,3,239,6,6,KGID103006,Anthony,1984-08-30,M,A-,0,2020-09-14
3007,3,239,10,5,KGID103007,Urmi,2003-04-22,F,AB+,0,2004-04-24
3008,3,239,6,4,KGID103008,Warjas,1981-08-16,M,O-,0,2017-03-13
3009,3,239,9,4,KGID103009,Harish,1974-02-13,M,A-,0,1999-10-06
3010,3,240,10,2,KGID103010,Hardik,1977-09-18,M,O-,0,2005-01-21
3011,3,240,10,1,KGID103011,Frado,1981-07-06,M,AB+,0,2000-05-28
3012,3,240,10,5,KGID103012,Simon,1986-02-22,M,AB+,0,2011-04-20
3013,3,240,5,4,KGID103013,Zaid,1987-08-31,M,O+,0,2013-10-14
3014,3,240,6,6,KGID103014,Shivansh,1973-03-24,M,B+,0,1996-08-27
3015,3,240,10,6,KGID103015,Karan,1979-08-24,M,A+,0,2021-04-18
3016,3,240,7,3,KGID103016,Dominic,1972-10-07,M,B+,0,2004-04-16
3017,3,240,6,1,KGID103017,Karan,1998-01-05,M,O+,0,2005-01-22
3018,3,240,10,6,KGID103018,Reyansh,1970-06-24,M,B-,0,2020-10-29
3019,3,240,9,2,KGID103019,Rishi,1969-10-17,M,AB+,0,2023-03-10
3020,3,240,9,3,KGID103020,Abhimanyu,1975-10-30,M,A+,0,2002-03-29
3021,3,240,10,5,KGID103021,Chakradhar,1975-05-20,M,AB+,0,2021-07-06
3022,3,240,10,1,KGID103022,George,1998-06-09,M,A+,0,2019-01-23
3023,3,240,9,2,KGID103023,Falan,1998-09-05,M,O+,0,2018-03-19
3024,3,240,10,4,KGID103024,Ekansh,2002-05-08,M,B-,0,2009-02-25
3025,3,240,9,1,KGID103025,Devansh,1984-08-06,M,B-,0,2011-05-06
3026,3,240,9,5,KGID103026,Qabil,1995-01-07,M,A+,0,2019-05-17
3027,3,240,9,1,KGID103027,Oliver,1969-08-30,M,B+,0,1999-02-22
3028,3,240,6,2,KGID103028,Yatan,1981-11-19,M,A+,0,2009-06-02
3029,3,241,10,1,KGID103029,Yug,1974-07-19,M,AB+,0,2017-11-15
3030,3,241,10,4,KGID103030,Charles,1976-03-27,M,B-,0,1999-06-13
3031,3,241,6,4,KGID103031,Mahika,1987-01-24,F,B+,0,2017-04-08
3032,3,241,10,2,KGID103032,Aahana,1987-03-25,F,A+,0,2005-07-08
3033,3,241,10,6,KGID103033,Champak,1995-11-28,M,B+,0,2023-11-24
3034,3,241,7,2,KGID103034,Maanas,1988-09-18,M,O-,0,2005-10-05
3035,3,241,10,6,KGID103035,Vincent,1969-05-24,M,B-,0,2021-09-06
3036,3,241,10,1,KGID103036,Veer,1979-07-21,M,B-,0,1997-09-12
3037,3,241,10,2,KGID103037,Owen,1977-07-25,M,A-,0,2000-10-27
3038,3,241,9,3,KGID103038,Kevin,1976-02-29,M,B-,0,2017-07-12
3039,3,241,9,2,KGID103039,Charvi,1983-01-19,F,AB+,0,2000-04-09
3040,3,241,6,6,KGID103040,Qarin,1994-05-01,M,A-,0,2004-07-25
3041,3,241,9,2,KGID103041,Ekaraj,1992-06-14,M,O-,0,2019-01-23
3042,3,242,10,3,KGID103042,Fariq,1996-06-04,M,AB+,0,2021-05-04
3043,3,242,10,5,KGID103043,Qarin,1984-02-15,M,B-,0,2020-03-15
3044,3,242,10,1,KGID103044,Azad,1992-09-03,M,A+,0,1997-01-28
3045,3,242,6,2,KGID103045,Aayush,2001-02-19,M,B+,0,2015-01-20
3046,3,242,10,6,KGID103046,Maanav,1970-09-21,M,B-,0,2003-09-25
3047,3,242,10,4,KGID103047,Hitesh,1969-10-06,M,A+,0,2005-12-21
3048,3,242,6,3,KGID103048,Manbir,1979-10-15,M,B+,0,1998-04-02
3049,3,242,10,2,KGID103049,Hardik,1999-12-22,M,O-,0,2024-01-04
3050,3,242,7,6,KGID103050,Nachiket,1991-12-16,M,O+,0,2021-07-05
3051,3,242,7,4,KGID103051,Neel,1984-01-17,M,AB+,0,2005-06-30
3052,3,242,5,2,KGID103052,Ayushman,1973-06-26,M,A+,0,2008-12-08
3053,3,242,6,5,KGID103053,Madhavi,2002-04-18,F,A+,0,2003-03-18
3054,3,242,6,3,KGID103054,Vedhika,1969-01-26,F,AB+,0,2021-02-26
3055,3,242,10,1,KGID103055,Xavier,1998-04-18,M,O+,0,2015-12-17
3056,3,242,10,3,KGID103056,Laksh,1996-12-10,M,A+,0,2009-07-30
3057,3,242,10,1,KGID103057,Ojas,1995-11-28,M,A+,0,2008-03-01
3058,3,242,6,2,KGID103058,Ishaan,1968-05-25,M,A+,0,2016-02-25
3059,3,243,7,4,KGID103059,Leena,2000-10-02,F,B+,0,2002-12-07
3060,3,243,10,5,KGID103060,Isaac,2000-10-16,M,B-,0,2009-07-25
3061,3,243,7,4,KGID103061,Krishna,1990-04-08,M,A+,0,2001-07-29
3062,3,243,10,6,KGID103062,Sai,1986-03-19,M,AB+,0,2015-09-24
3063,3,243,6,4,KGID103063,Ayushman,1980-01-19,M,B+,0,2012-03-04
3064,3,243,10,1,KGID103064,Patrick,1987-12-19,M,O-,0,2024-06-12
3065,3,243,7,2,KGID103065,Fiyaz,1983-10-13,M,O-,0,2003-04-25
3066,3,243,5,2,KGID103066,Rachit,1998-04-06,M,B+,0,2010-03-24
3067,3,243,5,1,KGID103067,Adya,1989-06-09,F,O-,0,2009-06-20
3068,3,243,9,6,KGID103068,Anya,1976-10-08,F,AB+,0,2004-08-06
3069,3,243,7,3,KGID103069,Jeremiah,1989-09-21,M,O+,0,2018-12-23
3070,3,243,6,5,KGID103070,Isaiah,1969-07-21,M,B+,0,2008-11-23
3071,3,243,7,5,KGID103071,Vedika,1990-09-18,F,B+,0,1997-09-20
3072,3,243,10,5,KGID103072,Peter,1989-12-29,M,AB+,0,2024-01-08
3073,3,243,7,2,KGID103073,Ojasvi,1980-07-25,F,O-,0,2004-08-07
3074,3,243,7,4,KGID103074,Veda,1990-01-13,F,O+,0,2010-03-14
3075,3,243,10,2,KGID103075,Mason,1994-02-06,M,O+,0,2011-11-27
3076,3,243,9,5,KGID103076,Chandresh,1979-12-18,M,O-,0,2024-05-14
3077,3,243,10,6,KGID103077,Xalak,2000-04-18,F,B+,0,2015-08-30
3078,3,244,7,5,KGID103078,Vivaan,1984-05-22,M,B+,0,2008-04-12
3079,3,244,6,4,KGID103079,Saksham,1974-12-25,M,A+,0,2008-12-29
3080,3,244,5,5,KGID103080,Jeevika,1987-04-06,F,A+,0,2000-07-08
3081,3,244,10,5,KGID103081,Yash,2000-09-29,M,B-,0,2012-03-13
3082,3,244,7,3,KGID103082,Umang,1995-06-21,M,AB+,0,2020-06-27
3083,3,244,7,5,KGID103083,Shivansh,1992-05-06,M,AB+,0,2012-09-24
3084,3,244,10,3,KGID103084,Falguni,1985-07-15,F,B-,0,2023-07-24
3085,3,244,10,6,KGID103085,Guneet,1973-06-26,M,B-,0,2014-01-04
3086,3,244,6,2,KGID103086,Anya,1982-12-28,F,B-,0,2005-10-12
3087,3,244,9,1,KGID103087,Shaurya,1985-02-22,M,AB+,0,2005-08-03
3088,3,244,5,2,KGID103088,Rehaan,1974-05-09,M,O-,0,2022-10-30
3089,3,244,9,1,KGID103089,Ganga,1991-08-27,F,O-,0,2017-04-18
3090,3,244,10,2,KGID103090,Xavier,1998-05-04,M,B+,0,2013-05-29
3091,3,244,10,4,KGID103091,Anmol,2001-06-28,M,A+,0,2007-09-23
3092,3,244,10,6,KGID103092,Laksh,1975-07-08,M,A-,0,2000-01-23
3093,3,244,10,4,KGID103093,William,1988-08-05,M,A-,0,2011-12-19
3094,3,245,9,6,KGID103094,Azad,1971-02-21,M,AB+,0,2015-03-29
3095,3,245,10,3,KGID103095,Anirudh,1968-10-20,M,B-,0,2020-06-12
3096,3,245,7,1,KGID103096,Dev,1976-11-02,M,AB+,0,2009-07-21
3097,3,245,10,6,KGID103097,Harish,1982-05-14,M,AB+,1,2006-11-24
3098,3,245,5,1,KGID103098,Gavin,1980-02-24,M,AB+,0,2017-11-17
3099,3,245,10,6,KGID103099,Vincent,2001-07-30,M,B-,0,2021-06-04
3100,3,245,7,2,KGID103100,Akshay,2002-01-15,M,A-,1,2000-10-04
3101,3,245,10,6,KGID103101,Theodore,2000-08-02,M,O-,0,1998-11-01
3102,3,245,10,6,KGID103102,Kiaan,1998-07-13,M,B+,0,2008-07-23
3103,3,245,10,5,KGID103103,Charan,1988-11-22,M,AB+,0,2003-01-11
3104,3,245,10,5,KGID103104,Guneet,1982-09-03,M,AB+,0,2023-08-29
3105,3,245,7,3,KGID103105,Robert,1992-09-19,M,A-,0,2000-11-07
3106,3,245,10,4,KGID103106,Balvan,1976-03-10,M,O+,0,2012-02-05
3107,3,245,9,4,KGID103107,Kai,1986-05-11,M,A+,0,2013-03-11
3108,3,245,10,4,KGID103108,Manya,2001-11-18,F,AB+,0,1999-06-26
3109,3,246,6,2,KGID103109,Benjamin,2000-04-22,M,O-,0,2010-09-23
3110,3,246,10,6,KGID103110,Upkaar,1985-07-17,M,A-,0,2001-01-06
3111,3,246,10,6,KGID103111,Faras,1992-12-21,M,A+,0,1999-06-10
3112,3,246,7,5,KGID103112,Abdul,1971-08-28,M,A-,0,2022-03-31
3113,3,246,7,4,KGID103113,Anay,1985-08-30,M,A+,0,2015-01-29
3114,3,246,10,5,KGID103114,Mekhala,1988-12-25,F,A+,0,2006-03-17
3115,3,246,10,6,KGID103115,Chandresh,1996-09-17,M,AB+,0,2002-05-16
3116,3,246,6,6,KGID103116,Wyatt,1969-08-31,M,O+,0,2022-12-18
3117,3,246,10,2,KGID103117,Aarav,1979-01-02,M,A+,0,2016-09-12
3118,3,246,10,2,KGID103118,Samarth,1971-05-20,M,AB+,0,2001-02-18
3119,3,246,9,4,KGID103119,Maanav,1981-01-04,M,A+,0,2020-03-14
3120,3,246,9,1,KGID103120,Faras,1974-05-13,M,A-,0,2005-05-18
3121,3,246,10,6,KGID103121,Ethan,2002-07-04,M,B-,0,2025-01-24
3122,3,246,9,1,KGID103122,Owen,2000-09-17,M,A+,0,2015-08-21
3123,3,247,10,2,KGID103123,Anirudh,1972-06-15,M,O+,0,1997-12-10
3124,3,247,6,2,KGID103124,Radha,1995-10-26,F,B-,0,2006-10-02
3125,3,247,10,4,KGID103125,Omkaar,1979-08-08,M,A-,0,2017-05-27
3126,3,247,6,2,KGID103126,Darpan,1977-07-04,M,B-,0,2025-02-12
3127,3,247,6,1,KGID103127,Christopher,1978-05-20,M,AB+,0,2022-07-31
3128,3,247,9,2,KGID103128,Upasna,1968-02-07,F,B-,0,2002-03-10
3129,3,247,10,2,KGID103129,Sudiksha,1983-12-09,F,O-,0,2021-07-20
3130,3,247,10,3,KGID103130,Aayush,2002-05-04,M,O-,0,2007-01-11
3131,3,247,7,3,KGID103131,Viraj,1993-02-24,M,AB+,0,2017-10-21
3132,3,247,10,2,KGID103132,Nikita,1970-08-29,F,AB+,0,2020-03-24
3133,3,247,6,6,KGID103133,Aarush,1972-12-31,M,O-,0,1998-04-18
3134,3,247,9,3,KGID103134,Elijah,1990-06-18,M,AB+,0,2011-08-27
3135,3,248,10,5,KGID103135,Daniel,1993-02-09,M,A+,0,2008-07-28
3136,3,248,7,1,KGID103136,Hitesh,1994-10-27,M,O+,0,2006-07-22
3137,3,248,7,3,KGID103137,Nathan,1996-05-14,M,O+,0,2008-08-08
3138,3,248,6,4,KGID103138,Logan,2001-07-15,M,A-,0,2008-02-05
3139,3,248,6,5,KGID103139,Dhruv,1991-09-12,M,B-,0,2005-07-15
3140,3,248,9,5,KGID103140,Samuel,1987-09-26,M,B+,0,2024-10-19
3141,3,248,9,3,KGID103141,Harish,1993-09-22,M,A-,0,2017-12-17
3142,3,248,10,3,KGID103142,Aadi,1999-10-17,M,O+,0,1996-11-02
3143,3,248,10,3,KGID103143,Sathvik,1976-04-28,M,B+,0,2007-11-02
3144,3,248,10,3,KGID103144,Lucky,2002-05-08,M,A-,0,2023-11-10
3145,3,248,9,6,KGID103145,Warjas,2001-08-25,M,B-,0,2020-01-17
3146,3,248,7,6,KGID103146,Faras,1986-03-06,M,O+,0,2009-11-05
3147,3,248,7,5,KGID103147,Udant,1992-10-01,M,O+,0,1997-03-11
3148,3,248,9,1,KGID103148,Samuel,1982-03-15,M,B-,0,2013-02-12
3149,3,249,10,6,KGID103149,Upkaar,1973-07-28,M,O-,0,2003-04-05
3150,3,249,6,3,KGID103150,Sudiksha,1975-12-03,F,B+,0,1999-02-20
3151,3,249,6,4,KGID103151,David,1985-03-26,M,A-,0,1998-09-07
3152,3,249,10,1,KGID103152,Aryan,1995-01-09,M,AB+,0,2018-04-01
3153,3,249,10,2,KGID103153,Charvi,1994-09-11,F,O-,0,1996-12-31
3154,3,249,9,5,KGID103154,Daksha,1995-04-06,F,A-,0,2005-08-08
3155,3,249,10,3,KGID103155,Udant,1979-09-21,M,A+,1,1998-11-29
3156,3,249,9,1,KGID103156,Finn,1973-02-07,M,AB+,0,2005-07-02
3157,3,249,10,1,KGID103157,Indrajit,1997-11-17,M,O+,0,2001-08-08
3158,3,249,10,1,KGID103158,Krishna,1988-10-25,F,O+,0,2014-08-22
3159,3,249,10,1,KGID103159,Liam,1997-05-07,M,B-,0,2017-08-25
3160,3,249,6,5,KGID103160,Praneel,1998-07-04,M,A+,0,1999-04-26
3161,3,250,7,3,KGID103161,Falak,1975-04-19,F,AB+,0,1999-06-26
3162,3,250,9,3,KGID103162,Omkaar,1968-06-02,M,A-,0,2009-06-23
3163,3,250,10,5,KGID103163,Wriddhish,1992-06-03,M,O+,0,2004-11-28
3164,3,250,5,4,KGID103164,Champak,1967-10-22,M,B+,0,2012-01-13
3165,3,250,10,5,KGID103165,Ayush,2003-01-07,M,B-,0,2002-12-03
3166,3,250,6,1,KGID103166,Ridhi,2001-12-11,F,A+,0,2009-03-31
3167,3,250,10,5,KGID103167,Parth,1997-10-18,M,B+,0,2017-01-20
3168,3,250,10,1,KGID103168,Dalaja,1969-09-12,F,B+,0,1997-01-19
3169,3,250,6,4,KGID103169,Naveen,1975-05-27,M,AB+,0,2023-04-28
3170,3,250,10,6,KGID103170,Mason,2002-12-14,M,AB+,0,2000-05-06
3171,3,250,10,5,KGID103171,Nathan,1982-10-20,M,O-,0,1998-07-01
3172,3,250,10,6,KGID103172,Ranbir,1985-10-04,M,AB+,0,2000-12-15
3173,3,250,10,1,KGID103173,Aadhya,1977-06-04,F,AB+,0,2009-02-16
3174,3,251,9,3,KGID103174,Bhavini,2001-10-12,F,B+,0,2017-05-12
3175,3,251,7,4,KGID103175,Vihaan,1993-10-03,M,B+,0,2021-09-28
3176,3,251,10,4,KGID103176,Gavin,1987-12-19,M,O+,0,2024-04-20
3177,3,251,10,5,KGID103177,Harsh,1992-12-29,M,AB+,0,2009-06-18
3178,3,251,9,6,KGID103178,Baljiwan,1979-10-13,M,B-,0,2010-12-04
3179,3,251,10,5,KGID103179,Benjamin,1973-02-22,M,O+,0,2005-03-03
3180,3,251,10,4,KGID103180,Sai,1986-04-13,M,AB+,0,2000-09-12
3181,3,251,10,3,KGID103181,Nachiket,1997-04-28,M,O+,0,2017-02-25
3182,3,251,6,6,KGID103182,Jeet,1979-06-10,M,A-,0,1998-11-04
3183,3,251,6,4,KGID103183,Yauvani,1983-01-17,F,O+,0,2003-01-06
3184,3,251,7,2,KGID103184,Vedant,1978-09-16,M,A+,0,2013-05-12
3185,3,251,10,5,KGID103185,Omkaar,1973-03-02,M,O+,0,1998-02-10
3186,3,251,6,3,KGID103186,Aarnav,1992-05-30,M,O-,0,2024-05-28
3187,3,251,10,5,KGID103187,Amol,1977-04-15,M,A+,0,1998-02-07
3188,3,252,9,6,KGID103188,Maanav,1974-12-24,M,B+,0,2017-08-15
3189,3,252,10,2,KGID103189,Qasim,1987-12-04,M,B+,0,2017-07-09
3190,3,252,9,1,KGID103190,Sneha,1989-04-12,F,A+,0,2019-01-19
3191,3,252,7,5,KGID103191,Viraj,1970-08-28,M,A+,0,2002-01-21
3192,3,252,10,2,KGID103192,Zashil,1987-12-23,M,B+,0,1997-10-01
3193,3,252,7,3,KGID103193,Arin,1991-07-26,M,O-,0,2004-01-20
3194,3,252,6,5,KGID103194,Manbir,1984-01-30,M,A-,0,2007-12-16
3195,3,252,10,4,KGID103195,Mitesh,1985-11-03,M,B+,0,2018-10-22
3196,3,252,9,3,KGID103196,Samar,2003-06-29,M,A-,0,1997-01-01
3197,3,253,10,1,KGID103197,Luke,1982-09-03,M,B-,0,2018-01-04
3198,3,253,7,1,KGID103198,Thomas,1974-11-06,M,AB+,0,2008-12-06
3199,3,253,9,4,KGID103199,Samarth,1978-06-16,M,B-,0,2015-12-04
3200,3,253,7,5,KGID103200,Ekbal,1996-09-22,M,AB+,0,1997-04-14
3201,3,253,10,5,KGID103201,Dalaja,1993-11-18,F,A-,0,2012-05-30
3202,3,253,7,5,KGID103202,Theodore,1982-09-03,M,AB+,0,2010-04-24
3203,3,253,10,1,KGID103203,Lakshmi,1983-08-16,F,B+,0,2006-05-31
3204,3,253,6,1,KGID103204,Adweta,1982-09-23,F,A-,0,2019-10-04
3205,3,253,10,1,KGID103205,Nakul,1970-03-23,M,O+,0,2024-11-10
3206,3,253,10,6,KGID103206,Max,2001-05-08,M,O-,0,2023-01-22
3207,3,253,7,6,KGID103207,Vrishti,1972-04-30,F,B+,0,2008-04-23
3208,3,253,10,1,KGID103208,Zehaan,1988-02-09,M,B+,0,2005-04-09
3209,3,253,10,6,KGID103209,Ryan,1972-06-15,M,AB+,0,2022-03-07
3210,3,253,10,1,KGID103210,Rohan,1974-09-02,M,B+,0,2022-03-27
3211,3,253,6,3,KGID103211,Dayita,1979-04-24,F,O+,0,2021-06-24
3212,3,254,6,4,KGID103212,Libni,2001-04-01,F,A+,0,2000-12-19
3213,3,254,9,4,KGID103213,Ronith,1971-03-11,M,A+,0,2019-10-03
3214,3,254,9,3,KGID103214,Nimrat,2000-01-11,F,O+,0,2013-03-21
3215,3,254,10,1,KGID103215,Yashica,1985-02-10,F,B+,0,2008-02-15
3216,3,254,10,5,KGID103216,Warjas,1985-04-05,M,B+,0,2012-01-14
3217,3,254,10,3,KGID103217,Indrajit,1994-04-26,M,O-,0,2022-11-21
3218,3,254,10,3,KGID103218,Ranveer,1983-09-02,M,A+,0,2003-06-10
3219,3,254,6,4,KGID103219,Andrew,1983-10-07,M,AB+,0,2016-02-24
3220,3,254,7,6,KGID103220,Warjas,1988-08-23,M,B-,0,2010-09-23
3221,3,254,5,4,KGID103221,Dhruv,1976-10-28,M,O+,0,2003-12-10
3222,3,254,7,3,KGID103222,Krish,1998-12-11,M,B+,0,2002-12-26
3223,3,254,10,4,KGID103223,Aashi,1986-07-23,F,O+,0,2003-01-28
3224,3,254,10,2,KGID103224,Banjeet,1983-09-25,M,B+,0,2011-04-09
3225,3,254,7,2,KGID103225,Wriddhish,1974-09-12,M,AB+,0,2000-05-20
3226,3,254,6,1,KGID103226,Tanish,1995-09-27,M,A+,0,2012-10-13
3227,3,255,9,1,KGID103227,Noah,1969-01-19,M,B+,0,2020-05-04
3228,3,255,6,4,KGID103228,Vrinda,1987-07-13,F,A+,0,2008-11-26
3229,3,255,6,5,KGID103229,Samaksh,1992-02-14,M,B-,0,2023-11-26
3230,3,255,5,3,KGID103230,Kritika,1994-12-09,F,A-,0,2003-08-05
3231,3,255,6,3,KGID103231,Vaishnavi,1981-08-27,F,B-,0,2014-11-05
3232,3,255,7,6,KGID103232,Aayush,1972-08-16,M,A-,0,1999-12-13
3233,3,255,9,2,KGID103233,Baljiwan,1980-08-08,M,B+,0,2012-01-02
3234,3,255,10,5,KGID103234,Faraj,1969-06-22,M,O+,0,2018-05-02
3235,3,256,10,5,KGID103235,Neha,1977-02-12,F,O+,0,2010-05-16
3236,3,256,6,5,KGID103236,Udarsh,1994-11-29,M,B+,0,2024-09-18
3237,3,256,5,4,KGID103237,Siddharth,1995-03-25,M,B+,0,2016-08-14
3238,3,256,9,4,KGID103238,Harrison,2002-02-28,M,B-,0,2000-05-25
3239,3,256,10,2,KGID103239,Aarush,1997-03-05,M,B+,0,2002-01-06
3240,3,256,7,3,KGID103240,Dayamai,1971-04-01,F,A+,0,2003-10-21
3241,3,256,10,4,KGID103241,Rajata,1977-12-13,F,A+,0,2018-04-25
3242,3,256,10,4,KGID103242,Rushil,1983-08-07,M,AB+,0,1996-12-06
3243,3,256,10,4,KGID103243,Onveer,2002-10-11,M,O-,0,2014-07-01
3244,3,256,6,3,KGID103244,Jeremiah,1967-11-23,M,B+,0,2011-04-08
3245,3,256,6,1,KGID103245,Pranit,1978-05-05,M,A+,0,1997-05-03
3246,3,256,10,4,KGID103246,Nakul,1997-11-13,M,AB+,0,1999-08-21
3247,3,256,7,6,KGID103247,Eesha,1999-03-29,F,B-,0,1998-07-06
3248,3,256,9,1,KGID103248,Zehaan,1981-10-02,M,B+,0,2015-08-25
3249,3,256,7,6,KGID103249,Gautami,1994-12-07,F,O+,0,2002-03-12
3250,3,256,10,3,KGID103250,Neel,1984-07-20,M,O+,0,2001-01-23
3251,3,256,10,1,KGID103251,Siya,1992-12-19,F,A-,0,2007-09-16
3252,3,256,7,4,KGID103252,Eiravati,1974-10-19,F,O-,1,2009-02-23
3253,3,256,9,5,KGID103253,Ansh,1985-07-22,M,O-,0,1999-04-02
3254,3,257,10,5,KGID103254,Nihal,2001-12-25,M,O-,0,2014-04-12
3255,3,257,7,1,KGID103255,Advik,1985-02-25,M,AB+,0,1999-08-22
3256,3,257,10,3,KGID103256,Gaurang,1974-06-14,M,B-,0,2024-08-01
3257,3,257,9,5,KGID103257,Matthew,1979-12-26,M,O+,0,2008-02-27
3258,3,257,10,2,KGID103258,Ekansh,1994-07-14,M,O-,1,2012-04-09
3259,3,257,10,2,KGID103259,Abhiram,1985-05-17,M,AB+,0,2018-01-26
3260,3,257,10,5,KGID103260,Qarin,1974-04-27,M,A+,0,2019-12-07
3261,3,257,10,6,KGID103261,Zansi,1970-09-03,F,A+,0,2001-06-14
3262,3,257,10,2,KGID103262,Gagan,1991-10-05,M,B-,0,2024-01-17
3263,3,257,6,6,KGID103263,Bakhshi,1981-03-16,M,B-,0,2001-09-26
3264,3,257,6,2,KGID103264,Guneet,1969-12-10,M,AB+,0,2021-11-20
3265,3,257,10,3,KGID103265,Karan,1971-05-04,M,A+,0,2024-08-19
3266,3,257,6,4,KGID103266,Baghyawati,1988-04-08,F,B+,0,2023-04-27
3267,3,257,5,6,KGID103267,Wahab,1971-02-07,M,O-,0,2012-02-04
3268,3,257,10,6,KGID103268,Balveer,1972-02-17,M,AB+,0,2013-06-27
3269,3,257,7,6,KGID103269,Zaitra,1995-12-18,F,B+,0,2012-10-31
3270,3,257,5,4,KGID103270,Kalpit,1987-05-15,M,A+,0,2025-01-26
3271,3,258,6,2,KGID103271,Neel,1971-01-10,M,A-,0,2008-08-04
3272,3,258,6,6,KGID103272,Garima,1997-03-15,F,B+,0,1998-03-17
3273,3,258,9,6,KGID103273,Shaurya,1973-03-29,M,O+,0,2002-05-30
3274,3,258,10,4,KGID103274,Wahab,1974-08-26,M,O-,0,2023-12-29
3275,3,258,10,3,KGID103275,Harsh,1995-06-18,M,B-,0,2000-01-30
3276,3,258,9,5,KGID103276,Bakhshi,1996-03-16,M,AB+,0,2001-12-16
3277,3,258,9,5,KGID103277,Dhriti,2002-04-18,F,B+,0,2008-10-02
3278,3,258,6,4,KGID103278,Zinal,1999-02-03,F,B-,0,2007-03-20
3279,3,258,5,4,KGID103279,Jeet,1996-12-10,M,A+,0,2003-12-22
3280,3,258,9,1,KGID103280,Tanveer,1971-03-29,M,AB+,0,2014-05-10
3281,3,258,9,5,KGID103281,Aditya,1977-01-12,M,A-,0,2004-10-04
3282,3,258,9,4,KGID103282,Alexander,1981-04-21,M,O+,0,2019-06-17
3283,3,258,10,2,KGID103283,Balhaar,2000-05-15,M,B-,0,1999-02-03
3284,3,259,10,2,KGID103284,Abeer,1975-11-07,M,A+,0,2008-06-21
3285,3,259,10,1,KGID103285,Warhi,1979-08-06,F,AB+,0,2002-10-27
3286,3,259,6,5,KGID103286,Jack,1982-06-04,M,O-,0,1998-06-21
3287,3,259,10,6,KGID103287,Anvi,1974-08-31,F,O-,0,1997-11-26
3288,3,259,7,6,KGID103288,Dhruv,1969-09-22,M,A+,0,2017-12-11
3289,3,259,9,5,KGID103289,Atharv,1978-06-13,M,O+,0,2006-11-26
3290,3,259,6,4,KGID103290,Anya,1975-11-14,F,A-,0,2019-09-26
3291,3,259,7,1,KGID103291,Christopher,1985-12-22,M,B-,0,2007-01-23
3292,3,259,10,4,KGID103292,Ishwar,1982-06-02,M,A+,0,2014-12-13
3293,3,259,7,2,KGID103293,Ishanvi,1982-01-30,F,B-,0,2021-09-19
3294,3,259,10,4,KGID103294,Karan,1995-06-01,M,B+,0,2012-06-23
3295,3,259,7,3,KGID103295,Advik,2003-05-13,M,O+,1,1997-11-03
3296,3,260,10,2,KGID103296,Fiyaz,1984-10-16,M,O-,0,2024-08-22
3297,3,260,5,1,KGID103297,Darika,1969-02-08,F,O-,0,1999-10-05
3298,3,260,10,2,KGID103298,Jason,1986-04-28,M,A+,0,2024-07-30
3299,3,260,9,5,KGID103299,Oliver,1985-12-05,M,AB+,0,2007-09-05
3300,3,260,9,1,KGID103300,Logan,2000-06-30,M,O+,0,2021-11-21
3301,3,260,10,2,KGID103301,Farhan,1994-06-17,M,A-,0,2013-02-13
3302,3,260,6,5,KGID103302,Chakradev,1976-04-09,M,O-,0,2000-01-16
3303,3,260,5,2,KGID103303,Peter,1973-07-23,M,B+,0,2021-05-21
3304,3,260,7,2,KGID103304,Thomas,2002-12-11,M,AB+,1,2008-05-17
3305,3,260,10,3,KGID103305,Dakshesh,1987-06-25,M,O-,0,2006-06-04
3306,3,260,10,5,KGID103306,Dakshesh,1985-01-26,M,O-,0,2001-02-19
3307,3,260,10,6,KGID103307,Finn,2003-05-15,M,AB+,0,1999-09-14
3308,3,260,10,6,KGID103308,Advik,1975-06-24,M,B+,0,2024-10-30
3309,3,260,7,5,KGID103309,Zilmil,1983-12-27,F,O-,0,2006-08-17
3310,3,260,10,1,KGID103310,Amol,1981-11-16,M,A+,0,2002-11-07
3311,3,260,10,6,KGID103311,Sai,1971-04-20,M,O+,0,2020-10-27
3312,3,260,6,3,KGID103312,Theodore,1994-01-27,M,O-,0,2007-12-10
3313,3,260,10,5,KGID103313,Anthony,1975-03-14,M,A-,0,2007-05-06
3314,3,260,9,5,KGID103314,Arjun,1971-06-15,M,A-,0,2024-05-10
3315,3,261,6,6,KGID103315,Dhruv,1999-07-30,M,O+,0,2006-03-16
3316,3,261,10,1,KGID103316,Onkar,1978-01-16,M,O-,0,2021-06-30
3317,3,261,7,2,KGID103317,Janya,1981-01-19,F,B-,0,2018-06-04
3318,3,261,10,3,KGID103318,Rudra,1977-09-02,M,O-,0,2023-02-09
3319,3,261,9,1,KGID103319,Amol,1973-12-28,M,AB+,0,2008-08-26
3320,3,261,10,3,KGID103320,Pranit,1980-08-09,M,O+,0,2020-08-02
3321,3,261,10,5,KGID103321,Theodore,2000-11-03,M,A-,0,2002-11-24
3322,3,261,10,3,KGID103322,Ikbal,1969-08-29,M,O-,0,2009-11-25
3323,3,261,10,2,KGID103323,Ishanvi,1981-06-30,F,A-,0,1998-07-01
3324,3,261,10,5,KGID103324,Kai,1988-07-31,M,O-,0,2021-08-17
3325,3,261,6,5,KGID103325,Zansi,1997-08-11,F,A-,0,1997-11-29
3326,3,261,6,6,KGID103326,Manan,1981-10-17,M,O+,0,2022-04-01
3327,3,261,6,3,KGID103327,Ronith,1975-04-15,M,AB+,0,2004-07-23
3328,3,262,10,1,KGID103328,Abeer,2002-03-06,M,A+,0,2008-09-24
3329,3,262,10,4,KGID103329,Baljiwan,1971-11-09,M,A+,0,2013-07-01
3330,3,262,9,3,KGID103330,Aryan,2002-02-28,M,B+,0,1999-10-13
3331,3,262,7,1,KGID103331,Viraj,1973-12-09,M,O+,0,1999-03-15
3332,3,262,9,1,KGID103332,Falan,1976-09-09,M,B-,0,2020-02-16
3333,3,262,7,2,KGID103333,Gunbir,1993-01-31,M,B+,0,2021-09-21
3334,3,262,7,2,KGID103334,Veda,1995-07-01,F,AB+,0,2018-07-12
3335,3,262,10,6,KGID103335,Ayushman,1986-02-17,M,O-,0,2012-08-01
3336,3,262,10,4,KGID103336,Owen,1968-08-17,M,B+,0,2017-01-02
3337,3,262,6,3,KGID103337,Samar,1973-12-02,M,O+,0,2014-08-04
3338,3,262,10,5,KGID103338,Falguni,1972-12-28,F,O+,0,2017-10-30
3339,3,262,6,6,KGID103339,Chandran,1999-09-24,M,AB+,0,1998-11-12
3340,3,262,10,1,KGID103340,Nathan,1988-01-09,M,AB+,0,2019-10-13
3341,3,263,10,2,KGID103341,Jack,2002-12-06,M,O-,0,2001-03-07
3342,3,263,7,2,KGID103342,Vedant,1969-08-02,M,B-,0,2014-12-02
3343,3,263,7,6,KGID103343,Chandani,1971-11-26,F,A+,0,2024-07-08
3344,3,263,10,1,KGID103344,Bakhshi,1985-07-11,M,A-,0,2003-01-12
3345,3,263,10,6,KGID103345,Matthew,1971-10-05,M,A+,0,2003-09-20
3346,3,263,10,2,KGID103346,Vihaan,1987-03-02,M,B-,0,2001-06-12
3347,3,263,10,4,KGID103347,Arjun,1973-07-17,M,AB+,0,2012-10-30
3348,3,263,10,2,KGID103348,Ethan,1991-02-06,M,O-,0,2008-09-28
3349,3,263,10,6,KGID103349,Harsh,1982-07-25,M,O-,0,1999-01-12
3350,3,263,9,3,KGID103350,Robert,1972-01-24,M,AB+,0,2004-03-24
3351,3,263,9,1,KGID103351,Abhimanyu,1988-09-04,M,O-,0,2017-05-27
3352,3,263,9,3,KGID103352,Pranav,1985-10-14,M,B+,0,2001-09-21
3353,3,263,10,3,KGID103353,Lajita,1988-08-14,F,B+,0,2010-03-04
3354,3,263,7,5,KGID103354,Zaid,1989-05-27,M,A+,0,1999-09-29
3355,3,263,9,4,KGID103355,Yagnesh,1973-03-14,M,B+,0,2015-12-13
3356,3,263,9,4,KGID103356,Orinder,1979-06-23,M,O+,0,2013-05-23
3357,3,263,6,1,KGID103357,Frado,1989-05-14,M,O-,0,2012-11-24
3358,3,263,10,5,KGID103358,Jagdish,1999-08-15,M,A-,0,2015-03-31
3359,3,263,10,3,KGID103359,Raghav,1975-03-22,M,A-,0,1997-08-29
3360,3,264,7,3,KGID103360,Finn,2002-09-25,M,B-,0,2015-05-27
3361,3,264,5,1,KGID103361,Elijah,1979-12-03,M,B+,0,2019-05-14
3362,3,264,10,6,KGID103362,Nathan,1989-01-08,M,A-,0,2025-05-20
3363,3,264,6,2,KGID103363,Samuel,1992-04-26,M,B-,0,1997-08-15
3364,3,264,10,1,KGID103364,Tejas,1985-03-30,M,O+,0,1997-02-28
3365,3,264,10,3,KGID103365,Tejas,1993-08-11,M,A+,0,2004-04-11
3366,3,264,7,6,KGID103366,Sarthak,1991-12-26,M,O-,0,2016-07-24
3367,3,264,10,2,KGID103367,Samuel,1981-02-02,M,B-,0,2000-12-12
3368,3,264,9,5,KGID103368,Omaja,1984-11-03,F,O+,0,2025-06-29
3369,3,265,6,3,KGID103369,Joshua,1993-08-22,M,A+,0,2013-02-02
3370,3,265,7,5,KGID103370,Aryan,2003-01-13,M,O+,0,1997-03-20
3371,3,265,9,6,KGID103371,Ranbir,1997-01-13,M,A+,0,1997-03-01
3372,3,265,10,1,KGID103372,Yashica,1974-11-10,F,B+,0,2019-01-01
3373,3,265,7,1,KGID103373,Rayaan,1974-12-20,M,B-,1,2007-09-25
3374,3,265,7,2,KGID103374,Laksh,1974-06-07,M,B-,0,2020-02-03
3375,3,265,10,1,KGID103375,Jairaj,1997-11-14,M,A-,0,2024-01-14
3376,3,265,9,4,KGID103376,Kashish,1975-06-22,F,B+,0,2011-10-14
3377,3,265,9,1,KGID103377,Daksha,1997-10-11,F,O-,0,2007-07-13
3378,3,265,7,2,KGID103378,Imaran,1979-04-29,M,A+,0,2023-10-11
3379,3,265,10,6,KGID103379,Gautam,1989-11-06,M,B-,0,2016-01-26
3380,3,265,6,2,KGID103380,Ridhi,1993-03-12,F,O-,0,2025-04-26
3381,3,265,10,5,KGID103381,Neel,1998-07-31,M,B+,0,2014-04-06
3382,3,265,10,3,KGID103382,Shaurya,2001-09-24,M,O+,0,2023-12-12
3383,3,265,10,6,KGID103383,Kalpit,1991-02-20,M,A+,1,2023-03-16
3384,3,266,10,2,KGID103384,Tejas,1998-10-07,M,O-,0,2001-03-24
3385,3,266,7,2,KGID103385,Aarav,1985-12-29,M,O-,0,2011-01-09
3386,3,266,9,6,KGID103386,Dominic,2000-06-08,M,AB+,0,2009-07-02
3387,3,266,10,6,KGID103387,Andrew,1972-03-13,M,B+,0,2011-07-24
3388,3,266,7,6,KGID103388,Kevin,1983-06-29,M,AB+,0,2004-12-20
3389,3,266,6,4,KGID103389,Aadi,1993-06-07,M,AB+,0,2019-05-22
3390,3,266,9,6,KGID103390,Harrison,1983-07-22,M,O-,0,2023-05-13
3391,3,266,7,2,KGID103391,Frederick,1980-02-05,M,A+,0,2023-02-03
3392,3,266,10,2,KGID103392,Manan,1999-08-23,M,O+,0,2002-05-09
3393,3,266,6,5,KGID103393,Michael,1982-11-30,M,A-,0,2023-12-21
3394,3,266,5,4,KGID103394,Mitali,2001-01-28,F,B+,0,2000-05-22
3395,3,266,7,2,KGID103395,Harish,1976-11-10,M,AB+,0,2010-12-26
3396,3,266,7,3,KGID103396,David,1996-01-06,M,O+,0,1998-02-25
3397,3,266,7,1,KGID103397,Champak,2002-06-03,M,B+,0,1997-08-15
3398,3,266,9,1,KGID103398,Laksh,1972-01-09,M,O-,0,2020-09-09
3399,3,266,10,1,KGID103399,Rudra,1998-08-10,M,B+,0,2023-05-12
3400,3,266,6,5,KGID103400,Ethan,1981-03-23,M,AB+,0,2020-03-03
3401,3,267,7,2,KGID103401,Yatan,1973-07-20,M,A+,0,1998-10-20
3402,3,267,10,2,KGID103402,Balhaar,1971-09-17,M,B+,0,1998-11-03
3403,3,267,9,1,KGID103403,Jonathan,1992-02-24,M,B+,0,2014-07-26
3404,3,267,9,1,KGID103404,Nakul,1979-04-25,M,O+,0,2024-12-11
3405,3,267,6,1,KGID103405,Vedant,1980-12-14,M,AB+,0,2000-08-11
3406,3,267,10,2,KGID103406,Edhitha,2001-06-11,F,B-,0,2023-08-13
3407,3,267,9,1,KGID103407,Samarth,2000-12-21,M,AB+,0,2022-09-26
3408,3,267,7,3,KGID103408,Dev,1976-10-12,M,AB+,0,2018-08-18
3409,3,267,6,1,KGID103409,Raghav,1990-12-12,M,A+,0,2003-05-18
3410,3,267,7,6,KGID103410,Champak,1976-11-27,M,A+,0,2005-12-29
3411,3,267,10,2,KGID103411,Naveen,1969-03-23,M,O-,0,1996-11-09
3412,3,267,10,6,KGID103412,Ethan,2002-07-27,M,B+,0,2024-09-09
3413,3,267,10,5,KGID103413,Nisha,1976-01-06,F,B-,0,2015-04-22
3414,3,267,7,5,KGID103414,Xavier,1979-03-23,M,A+,0,2010-08-23
3415,3,267,10,6,KGID103415,Janaki,1996-04-18,F,A+,0,2015-01-27
3416,3,267,10,3,KGID103416,Thomas,1990-05-04,M,O+,0,2020-10-07
3417,3,267,10,6,KGID103417,Fiyaz,1969-10-11,M,A-,0,2024-07-02
3418,3,267,9,1,KGID103418,Kalpit,2002-10-23,M,B+,0,2017-09-07
3419,3,268,9,1,KGID103419,Gopal,1978-07-27,M,O+,0,2010-01-30
3420,3,268,10,1,KGID103420,Umang,1999-03-26,M,A+,0,2005-02-24
3421,3,268,10,2,KGID103421,Vihaan,1969-04-25,M,AB+,0,1997-10-25
3422,3,268,10,5,KGID103422,Pranav,1981-05-03,M,O+,0,2014-08-05
3423,3,268,9,2,KGID103423,Akshay,2002-05-25,M,AB+,0,2004-06-11
3424,3,268,10,3,KGID103424,Jonathan,1974-06-21,M,O+,0,2014-08-22
3425,3,268,6,5,KGID103425,Avi,1994-09-12,M,AB+,0,2018-08-02
3426,3,268,10,4,KGID103426,Ishwar,1972-11-10,M,A+,0,2010-07-27
3427,3,268,9,5,KGID103427,Ronith,1991-02-13,M,A-,0,2020-04-03
3428,3,268,5,5,KGID103428,Onveer,2003-07-19,M,O-,0,2017-05-08
3429,3,268,6,2,KGID103429,Yashodhara,2000-10-25,F,B+,0,2017-01-02
3430,3,268,10,1,KGID103430,Henry,1975-12-31,M,O-,0,2005-10-23
3431,3,268,10,5,KGID103431,Rachana,2000-05-23,F,A-,0,2012-01-11
3432,3,268,7,6,KGID103432,Samaksh,1982-08-15,M,B+,0,2021-03-05
3433,3,268,6,2,KGID103433,Abdul,2000-10-07,M,A-,0,2018-05-06
3434,3,268,10,6,KGID103434,Umang,1980-11-20,M,A+,0,2009-02-12
3435,3,268,7,2,KGID103435,Darsh,1980-06-30,M,B-,0,2020-07-24
3436,3,268,7,5,KGID103436,Yash,1997-01-04,M,A-,0,1997-04-05
3437,3,268,10,3,KGID103437,Finn,2001-10-09,M,B+,0,2017-06-03
3438,3,268,7,2,KGID103438,Sanya,1988-07-10,F,O+,0,2002-10-02
3439,3,269,10,3,KGID103439,Advik,1981-03-26,M,A+,0,2019-03-24
3440,3,269,10,6,KGID103440,Luke,1975-01-10,M,AB+,0,2011-05-08
3441,3,269,10,3,KGID103441,Aishani,1975-03-29,F,O-,0,2008-05-02
3442,3,269,7,6,KGID103442,Ekansh,1992-11-20,M,B-,0,2005-07-19
3443,3,269,10,2,KGID103443,Krishna,1983-05-07,M,O-,0,2006-11-19
3444,3,269,10,4,KGID103444,Abeer,1992-11-26,M,O+,0,2004-04-12
3445,3,269,10,5,KGID103445,Tanay,1970-06-08,M,O-,0,2018-08-04
3446,3,269,10,2,KGID103446,Pavani,1994-06-17,F,B-,0,1999-08-23
3447,3,269,7,5,KGID103447,Wazir,2003-05-12,M,B+,0,2004-02-26
3448,3,269,7,2,KGID103448,Ishwar,1970-04-02,M,AB+,0,2009-02-11
3449,3,269,7,3,KGID103449,Abdul,1987-05-04,M,A+,0,2001-05-22
3450,3,269,5,3,KGID103450,Utkarsh,1999-07-23,M,B+,0,2020-03-06
3451,3,269,5,3,KGID103451,Noah,1973-01-01,M,B+,0,2019-08-16
3452,3,269,10,6,KGID103452,Gaurav,2000-05-21,M,A+,0,1997-01-09
3453,3,269,10,1,KGID103453,Fariq,1994-09-08,M,A+,0,1996-11-12
3454,3,269,9,6,KGID103454,Dalbir,1991-01-08,M,O-,0,2025-01-17
3455,3,270,10,5,KGID103455,Elijah,1970-03-12,M,A+,0,2010-09-19
3456,3,270,10,4,KGID103456,Dominic,1982-12-28,M,B-,0,2025-05-06
3457,3,270,6,1,KGID103457,Manan,1989-09-24,M,B-,0,2006-09-23
3458,3,270,7,5,KGID103458,Zayan,1990-01-03,M,AB+,0,2018-07-20
3459,3,270,10,4,KGID103459,Vihaan,1974-05-18,M,A-,0,2021-08-03
3460,3,270,7,5,KGID103460,Dalbir,1976-09-14,M,A+,0,2004-07-24
3461,3,270,6,1,KGID103461,Yug,1980-05-11,M,A-,0,2010-05-01
3462,3,270,10,2,KGID103462,Qadim,1993-09-06,M,O-,0,2012-06-09
3463,3,271,10,4,KGID103463,Mason,1982-03-08,M,B-,0,2002-09-10
3464,3,271,10,5,KGID103464,Isaac,1969-12-08,M,A+,0,2004-06-27
3465,3,271,6,5,KGID103465,Hiral,1975-10-08,F,B-,0,2021-03-16
3466,3,271,7,2,KGID103466,Ranveer,1991-09-15,M,A+,0,2010-05-07
3467,3,271,6,5,KGID103467,Raghav,1979-03-25,M,B-,0,2002-01-05
3468,3,271,9,2,KGID103468,Aarnav,1976-01-14,M,B+,0,2016-04-17
3469,3,271,6,5,KGID103469,Dhruv,1982-06-22,M,B+,0,2015-08-03
3470,3,271,10,6,KGID103470,Nathan,1995-01-12,M,B+,0,2023-06-12
3471,4,272,10,2,KGID103471,Ekapad,1980-06-22,M,AB+,0,2003-12-24
3472,4,272,10,3,KGID103472,Tanveer,1978-05-16,M,A+,0,2022-04-04
3473,4,272,10,5,KGID103473,Sanaya,2001-03-27,F,A-,0,2019-11-07
3474,4,272,6,6,KGID103474,Anmol,1997-11-19,M,A+,0,2025-04-09
3475,4,272,9,4,KGID103475,Faras,1991-12-10,M,AB+,0,1997-10-22
3476,4,272,10,6,KGID103476,David,1981-09-07,M,A+,0,2012-10-03
3477,4,272,7,1,KGID103477,Parth,1983-06-27,M,A+,0,2006-10-24
3478,4,272,10,2,KGID103478,Shravya,1983-10-01,F,O+,0,2009-07-23
3479,4,272,10,1,KGID103479,Madhavi,1970-06-05,F,AB+,0,2007-08-17
3480,4,272,10,6,KGID103480,Zayyan,1987-06-16,M,B+,0,2017-01-01
3481,4,272,10,3,KGID103481,Bakhshi,1968-11-29,M,O+,0,2017-08-15
3482,4,272,9,4,KGID103482,Quincy,1997-09-20,M,A-,0,2009-03-31
3483,4,272,9,5,KGID103483,Viraj,1974-07-25,M,B-,0,2002-02-25
3484,4,272,5,3,KGID103484,William,1996-07-06,M,O+,0,2005-12-19
3485,4,272,10,5,KGID103485,Faqid,1976-10-28,M,A+,0,2022-05-08
3486,4,272,7,3,KGID103486,Radhika,1985-05-05,F,O+,0,2012-10-18
3487,4,272,6,6,KGID103487,Yashoda,1997-02-07,F,A-,0,1998-10-30
3488,4,273,9,5,KGID103488,Laksh,1971-05-07,M,B-,0,2007-10-02
3489,4,273,10,6,KGID103489,Ayaan,1995-01-19,M,B-,0,2001-06-10
3490,4,273,9,5,KGID103490,Xiti,1975-06-03,F,A-,0,2018-05-20
3491,4,273,10,2,KGID103491,Nikita,1988-05-17,F,A+,0,2000-12-06
3492,4,273,10,2,KGID103492,Kevin,1970-08-26,M,AB+,0,2022-12-11
3493,4,273,9,6,KGID103493,Aditya,1988-11-30,M,AB+,0,2018-12-25
3494,4,273,10,6,KGID103494,Gopal,1975-10-13,M,O+,0,2021-10-09
3495,4,273,7,6,KGID103495,Girish,1988-04-20,M,B-,0,2005-05-31
3496,4,274,9,5,KGID103496,Arunima,2002-03-17,F,O+,0,2011-10-18
3497,4,274,9,6,KGID103497,Arjun,1986-01-07,M,A-,0,2008-04-16
3498,4,274,10,1,KGID103498,Ekaraj,1968-05-23,M,O-,0,2017-10-06
3499,4,274,9,2,KGID103499,Gavin,1991-04-30,M,B+,0,2001-12-07
3500,4,274,6,2,KGID103500,Hitesh,1969-08-28,M,O+,0,2011-01-10
3501,4,274,10,5,KGID103501,Aayush,1990-10-03,M,A-,0,2010-11-12
3502,4,274,9,1,KGID103502,Tejas,1998-09-01,M,A-,0,2002-08-20
3503,4,274,10,4,KGID103503,Azaan,1999-05-22,M,A+,0,2007-09-23
3504,4,274,10,5,KGID103504,Teerth,1970-04-14,M,B-,0,2025-03-13
3505,4,274,10,6,KGID103505,Hredhaan,1981-12-03,M,A-,0,2007-03-17
3506,4,274,6,5,KGID103506,Zehaan,1999-11-29,M,B+,0,1997-09-14
3507,4,274,10,3,KGID103507,Manbir,1975-10-24,M,O-,0,2023-03-03
3508,4,274,10,6,KGID103508,Victor,1987-01-06,M,A+,1,2023-06-11
3509,4,274,9,4,KGID103509,Jeevika,1999-02-15,F,O+,0,2009-11-01
3510,4,274,7,4,KGID103510,Isha,1993-01-19,F,A-,0,1996-11-23
3511,4,274,10,6,KGID103511,Manbir,1993-05-09,M,O+,0,1999-03-20
3512,4,274,9,3,KGID103512,Wridesh,1970-05-24,M,AB+,0,2025-05-06
3513,4,274,10,5,KGID103513,Vaishnavi,1968-05-01,F,AB+,0,2007-12-06
3514,4,274,6,2,KGID103514,Oliver,1984-10-15,M,O-,0,1998-04-04
3515,4,274,9,1,KGID103515,Gaurav,1983-07-25,M,O+,0,1996-08-14
3516,4,275,9,2,KGID103516,Zashil,1995-09-10,M,A-,0,2019-09-16
3517,4,275,9,6,KGID103517,Fiyaz,1967-10-16,M,A+,0,2013-01-15
3518,4,275,10,2,KGID103518,Chaaya,1979-10-14,F,A+,0,1998-02-19
3519,4,275,10,4,KGID103519,Omisha,1991-10-02,F,AB+,0,1998-07-26
3520,4,275,6,4,KGID103520,Arjun,1981-08-15,M,A-,0,2011-04-08
3521,4,275,10,5,KGID103521,Samar,1972-12-10,M,O+,0,2009-10-06
3522,4,275,10,1,KGID103522,Arya,1990-07-24,F,AB+,0,2014-07-03
3523,4,275,10,3,KGID103523,Madhav,1984-05-04,M,B-,0,2005-08-11
3524,4,275,10,4,KGID103524,Avni,1993-08-27,F,AB+,0,2025-01-08
3525,4,275,9,5,KGID103525,Kavya,1980-06-25,F,AB+,0,1997-08-22
3526,4,275,10,3,KGID103526,Anmol,1968-02-26,M,B+,0,2001-09-04
3527,4,275,6,4,KGID103527,Chandresh,1971-12-04,M,AB+,0,2023-12-30
3528,4,275,10,4,KGID103528,Omkaar,1982-09-17,M,B+,0,2012-07-14
3529,4,275,10,2,KGID103529,Hitesh,1969-06-18,M,A-,0,2006-11-04
3530,4,275,7,6,KGID103530,Ayaan,1974-04-08,M,O-,0,2010-01-05
3531,4,275,9,4,KGID103531,Agastya,1999-07-24,M,A+,1,2023-11-24
3532,4,275,6,1,KGID103532,Girik,1997-09-19,M,O-,0,2011-06-24
3533,4,275,6,6,KGID103533,Nathan,1999-10-02,M,A-,0,1999-07-13
3534,4,275,10,4,KGID103534,Janya,1993-05-16,F,B+,0,2014-01-31
3535,4,275,6,3,KGID103535,Jairaj,1995-09-14,M,B-,0,2001-11-28
3536,4,276,5,1,KGID103536,Isaiah,1978-02-25,M,AB+,0,2006-10-31
3537,4,276,10,2,KGID103537,Kabir,1991-07-17,M,B-,0,2006-12-05
3538,4,276,10,1,KGID103538,Yatin,1970-07-01,M,B+,0,2019-10-13
3539,4,276,9,6,KGID103539,Laksh,1972-02-27,M,O+,0,2008-12-13
3540,4,276,9,3,KGID103540,Henry,1995-04-13,M,AB+,0,2018-08-03
3541,4,276,10,6,KGID103541,Aryan,1977-06-21,M,A-,0,2008-08-20
3542,4,276,10,2,KGID103542,Maanas,1988-01-23,M,O-,0,2025-06-05
3543,4,276,6,3,KGID103543,Farhan,1990-07-18,M,A-,0,2018-09-21
3544,4,276,10,3,KGID103544,Urishilla,1996-05-24,F,A+,0,2006-01-20
3545,4,276,10,1,KGID103545,Jagat,1991-07-29,M,AB+,0,2010-10-18
3546,4,276,10,4,KGID103546,Arjun,1991-09-15,M,B-,0,2005-11-13
3547,4,277,6,1,KGID103547,Gabriel,1973-04-02,M,A+,0,2013-07-24
3548,4,277,6,5,KGID103548,Girish,1969-01-26,M,A-,0,1997-09-04
3549,4,277,10,5,KGID103549,Nihal,1992-02-02,M,AB+,0,2008-08-10
3550,4,277,7,4,KGID103550,Dominic,1967-08-26,M,O-,0,2022-06-15
3551,4,277,10,4,KGID103551,Abhiram,1995-07-02,M,O-,0,1997-04-29
3552,4,277,9,1,KGID103552,Vasudha,1969-10-10,F,O-,0,2010-04-16
3553,4,277,5,4,KGID103553,Ekavir,1999-11-23,M,A+,0,2015-02-03
3554,4,277,10,6,KGID103554,Frederick,1973-11-21,M,A+,0,2008-06-29
3555,4,277,9,6,KGID103555,Fitan,1970-10-06,M,AB+,0,2002-08-04
3556,4,277,10,4,KGID103556,Indira,1979-06-10,F,B-,0,2011-02-18
3557,4,277,9,4,KGID103557,Chavvi,1991-05-18,F,A-,0,2009-07-22
3558,4,277,7,3,KGID103558,Manbir,1996-11-02,M,O-,0,2017-08-07
3559,4,277,10,2,KGID103559,Guneet,1967-09-09,M,B+,0,2015-06-05
3560,4,277,7,1,KGID103560,Rushil,1982-12-10,M,AB+,0,2021-01-18
3561,4,277,10,3,KGID103561,Girish,1982-01-20,M,A-,1,2020-01-29
3562,4,277,7,4,KGID103562,Aadhya,2001-08-12,F,A-,0,1997-03-26
3563,4,277,7,2,KGID103563,Champak,1983-09-25,M,A+,1,1997-08-18
3564,4,277,9,4,KGID103564,Timothy,1991-11-11,M,O-,0,2022-01-02
3565,4,278,9,6,KGID103565,Agastya,1971-01-12,M,O+,0,2001-05-26
3566,4,278,9,5,KGID103566,Ekansh,1985-07-25,M,O-,0,1997-07-08
3567,4,278,6,1,KGID103567,Hemang,1976-06-20,M,O-,0,2024-12-05
3568,4,278,9,6,KGID103568,Kalpit,1978-01-09,M,B+,0,1998-04-21
3569,4,278,5,5,KGID103569,Krish,1972-12-07,M,B-,0,1999-05-13
3570,4,278,10,2,KGID103570,Balveer,2003-05-17,M,O+,0,2011-12-07
3571,4,278,7,5,KGID103571,Bachittar,1976-10-17,M,A-,0,1998-10-03
3572,4,278,10,4,KGID103572,Anirudh,1992-11-04,M,B-,0,2013-06-06
3573,4,279,7,1,KGID103573,Idika,2003-07-05,F,B-,0,2018-11-10
3574,4,279,6,2,KGID103574,Om,1999-05-22,M,A-,0,2011-01-03
3575,4,279,10,6,KGID103575,Parth,1992-05-19,M,B+,0,2015-12-14
3576,4,279,10,1,KGID103576,Agastya,1981-04-28,M,A-,0,2016-06-13
3577,4,279,5,4,KGID103577,Christopher,1987-01-18,M,A-,0,2013-01-09
3578,4,279,10,5,KGID103578,Chatresh,1996-09-29,M,A-,0,1999-03-29
3579,4,279,7,2,KGID103579,Kai,1994-02-28,M,O-,0,2015-02-23
3580,4,279,9,4,KGID103580,Rohan,1968-10-18,M,B-,0,2015-07-09
3581,4,279,10,5,KGID103581,Darsh,1975-06-30,M,A+,0,2009-11-23
3582,4,279,9,2,KGID103582,Akshay,1982-04-05,M,O+,0,2006-02-19
3583,4,279,10,3,KGID103583,Ishaan,1979-10-24,M,O-,1,2000-01-18
3584,4,279,9,6,KGID103584,Indrajit,1996-01-30,M,AB+,0,1998-09-29
3585,4,279,10,3,KGID103585,Girish,1974-11-12,M,A-,0,1996-11-26
3586,4,279,6,3,KGID103586,Om,2000-03-17,M,O+,0,2025-02-11
3587,4,279,9,4,KGID103587,Abeer,1982-10-14,M,B+,0,2000-07-28
3588,4,280,9,6,KGID103588,Laban,2000-12-15,M,B+,0,1999-09-08
3589,4,280,6,4,KGID103589,Bachittar,1979-01-09,M,O-,0,2001-08-24
3590,4,280,10,5,KGID103590,Kamala,1991-04-22,F,A+,0,2005-03-19
3591,4,280,10,6,KGID103591,Jeet,1978-11-24,M,O+,0,2004-05-16
3592,4,280,7,4,KGID103592,Raghav,1980-02-19,M,B+,0,2014-03-31
3593,4,280,10,5,KGID103593,Arjun,1977-10-11,M,B+,0,2001-07-24
3594,4,280,6,2,KGID103594,Bakhshi,1999-08-06,M,O+,0,2007-06-08
3595,4,280,10,2,KGID103595,Fitan,1981-02-03,M,O-,1,2021-05-03
3596,4,280,9,4,KGID103596,Aadi,1987-06-30,M,O+,0,2023-06-23
3597,4,280,9,3,KGID103597,Tamanna,1988-10-18,F,AB+,0,2015-06-06
3598,4,280,10,3,KGID103598,Zashil,1973-07-17,M,O-,0,1999-05-01
3599,4,280,6,2,KGID103599,Upkaar,1998-06-10,M,A+,0,2019-02-05
3600,4,280,10,6,KGID103600,Hredhaan,1996-09-15,M,A-,0,2023-07-01
3601,4,280,6,4,KGID103601,Sathvik,1984-12-05,M,A-,0,2023-10-05
3602,4,280,9,6,KGID103602,Caleb,1972-05-19,M,O+,0,2019-02-26
3603,4,280,10,3,KGID103603,Victor,1978-02-15,M,B+,0,2001-01-21
3604,4,280,10,1,KGID103604,Anthony,1981-07-22,M,O+,0,1997-06-09
3605,4,281,7,3,KGID103605,Ekaraj,1984-04-14,M,A-,0,2007-04-25
3606,4,281,9,5,KGID103606,Yachana,1992-07-14,F,A+,0,2007-03-21
3607,4,281,6,1,KGID103607,Jack,1972-09-13,M,A+,0,1998-03-02
3608,4,281,6,6,KGID103608,Gaurav,1981-11-15,M,O-,0,2004-05-17
3609,4,281,5,1,KGID103609,Ekavir,1983-09-14,M,A+,0,1999-08-27
3610,4,281,10,5,KGID103610,Gaurav,1993-01-18,M,A+,0,1996-11-10
3611,4,281,9,5,KGID103611,Chandresh,1996-12-29,M,B-,0,1998-03-12
3612,4,281,10,3,KGID103612,Jeet,1968-03-16,M,B+,0,2024-12-24
3613,4,281,9,3,KGID103613,Aadi,1978-07-27,M,AB+,0,2011-09-29
3614,4,281,10,4,KGID103614,Aryan,1981-12-17,M,AB+,0,2012-03-02
3615,4,281,7,5,KGID103615,Lakshit,1999-03-30,M,AB+,0,2007-12-28
3616,4,282,10,2,KGID103616,Simon,1975-03-26,M,B+,0,2023-04-24
3617,4,282,10,6,KGID103617,Thomas,1993-03-11,M,B-,0,1999-08-21
3618,4,282,7,4,KGID103618,Darpan,2002-05-15,M,O+,0,2024-01-18
3619,4,282,7,5,KGID103619,Zayyan,1983-07-03,M,O+,0,2022-11-06
3620,4,282,5,1,KGID103620,Bahadurjit,1987-08-10,M,A+,0,2006-07-24
3621,4,282,10,2,KGID103621,Laksh,1996-11-03,M,O-,0,2013-02-27
3622,4,282,10,3,KGID103622,Liam,1989-02-11,M,O+,0,2019-06-28
3623,4,282,6,1,KGID103623,Ayaan,2003-04-27,M,B+,0,2020-05-12
3624,4,282,6,1,KGID103624,Dhriti,1990-07-03,F,O-,0,2004-11-26
3625,4,282,10,3,KGID103625,Azad,1968-10-17,M,O+,0,2021-02-27
3626,4,282,9,4,KGID103626,Jackson,1999-01-10,M,A-,0,1997-12-23
3627,4,282,10,3,KGID103627,Fitan,1974-08-19,M,O-,0,2004-12-07
3628,4,282,10,5,KGID103628,Qabil,1993-02-21,M,B-,0,2003-08-23
3629,4,282,6,2,KGID103629,Rushil,2001-12-09,M,AB+,0,2019-01-24
3630,4,282,10,3,KGID103630,Aayush,1997-10-02,M,B-,0,2025-02-04
3631,4,283,10,5,KGID103631,Jonathan,1995-05-04,M,B-,0,2010-04-01
3632,4,283,10,1,KGID103632,Nirja,1989-07-22,F,A-,0,2006-11-28
3633,4,283,7,1,KGID103633,Pahal,1988-10-18,F,B-,0,2010-03-08
3634,4,283,10,5,KGID103634,Chaitaly,1984-04-01,F,B+,0,2013-08-28
3635,4,283,9,5,KGID103635,Mohammed,1997-12-04,M,A+,0,2017-09-05
3636,4,283,6,5,KGID103636,Abhimanyu,1969-07-01,M,B+,0,2014-01-29
3637,4,283,10,5,KGID103637,Noah,1995-05-11,M,AB+,0,2022-04-30
3638,4,283,7,4,KGID103638,Isaac,1984-04-21,M,A-,0,2021-08-13
3639,4,283,10,2,KGID103639,Rachit,2002-10-22,M,O+,0,2009-01-20
3640,4,283,7,3,KGID103640,Tanish,1996-03-30,M,A-,0,2004-10-16
3641,4,283,10,5,KGID103641,Isaiah,2000-12-28,M,A+,0,2023-05-25
3642,4,283,9,6,KGID103642,Samuel,1984-07-29,M,B-,0,2014-08-03
3643,4,283,9,6,KGID103643,Zinal,1999-03-31,F,A+,0,2013-08-21
3644,4,283,10,4,KGID103644,Atharv,1979-06-26,M,A+,0,1997-12-05
3645,4,283,9,2,KGID103645,Upkaar,1982-08-20,M,B+,0,2011-12-20
3646,4,283,10,5,KGID103646,Brijesh,1973-10-01,M,B-,0,2000-05-25
3647,4,283,6,1,KGID103647,Fariq,1984-05-30,M,O+,0,2001-09-18
3648,4,283,5,5,KGID103648,Omkaar,1983-01-18,M,B+,0,2018-06-08
3649,4,283,5,6,KGID103649,Dhriti,1977-07-27,F,AB+,0,2001-11-06
3650,4,284,10,3,KGID103650,Rachita,1990-12-04,F,B+,0,2002-10-28
3651,4,284,6,3,KGID103651,Kiaan,1969-01-22,M,B-,0,2017-04-01
3652,4,284,7,5,KGID103652,Aarna,2001-05-25,F,B+,0,2011-04-01
3653,4,284,10,1,KGID103653,Leena,2000-01-15,F,AB+,0,2001-05-07
3654,4,284,7,4,KGID103654,Harish,1979-04-09,M,B+,0,2012-03-06
3655,4,284,10,1,KGID103655,Hardik,1998-01-10,M,A-,0,1999-07-08
3656,4,284,9,4,KGID103656,Radha,1992-01-04,F,A-,0,2013-04-09
3657,4,284,6,5,KGID103657,Zehaan,1993-08-13,M,O-,0,2006-02-19
3658,4,284,10,5,KGID103658,Yagnesh,1993-05-27,M,B+,0,1999-02-17
3659,4,284,10,6,KGID103659,Yatan,1986-10-12,M,A-,0,2012-02-15
3660,4,284,9,1,KGID103660,Falan,1980-09-07,M,B+,0,2016-11-16
3661,4,284,10,5,KGID103661,Kamya,1985-09-11,F,A-,0,2022-07-04
3662,4,284,10,1,KGID103662,Akshay,1993-03-16,M,O-,0,2007-01-23
3663,4,284,10,3,KGID103663,Pooja,1993-04-15,F,AB+,0,2025-07-07
3664,4,284,10,2,KGID103664,Laksh,1980-02-01,M,B+,0,2017-08-14
3665,4,284,7,4,KGID103665,Victor,1990-06-01,M,A-,0,2000-04-16
3666,4,284,9,5,KGID103666,Chakradhar,1995-03-20,M,A-,0,2003-10-18
3667,4,284,7,6,KGID103667,Jason,1988-05-09,M,B-,0,2001-12-17
3668,4,285,10,2,KGID103668,Caleb,1969-10-17,M,B-,0,1999-11-05
3669,4,285,7,1,KGID103669,Ishani,1994-12-22,F,B+,0,2010-03-05
3670,4,285,10,4,KGID103670,Aachal,1969-08-27,F,B-,0,2019-03-12
3671,4,285,7,3,KGID103671,Advik,1986-06-03,M,A+,0,2017-03-12
3672,4,285,6,2,KGID103672,Advaith,1992-11-10,M,O-,0,2002-04-01
3673,4,285,6,1,KGID103673,Adweta,1996-12-14,F,O-,0,2017-03-11
3674,4,285,7,6,KGID103674,Chatura,1975-01-22,M,A-,0,2010-07-23
3675,4,285,10,2,KGID103675,Aarav,1976-10-20,M,AB+,0,2000-12-01
3676,4,285,9,1,KGID103676,Vasatika,1998-10-10,F,A-,0,1997-01-03
3677,4,285,9,4,KGID103677,Gautami,1971-03-27,F,A+,0,2006-01-30
3678,4,285,10,1,KGID103678,Dominic,2002-06-15,M,B+,0,2014-05-13
3679,4,285,7,1,KGID103679,Lohit,1972-09-05,M,B+,0,2007-12-04
3680,4,285,6,4,KGID103680,Oeshi,1976-06-17,F,AB+,0,2000-05-04
3681,4,286,10,6,KGID103681,Frederick,1998-12-11,M,B-,0,2017-11-02
3682,4,286,10,2,KGID103682,Gunbir,1969-12-31,M,B+,0,2017-01-27
3683,4,286,10,2,KGID103683,Ishaan,1977-06-26,M,B-,0,2011-07-16
3684,4,286,9,4,KGID103684,Harish,1973-02-24,M,B+,0,2006-06-27
3685,4,286,7,1,KGID103685,Daksh,1997-01-09,M,O+,0,2019-10-12
3686,4,286,10,5,KGID103686,Guneet,1972-04-01,M,A+,0,1996-10-09
3687,4,286,6,3,KGID103687,Girish,1969-09-18,M,O-,0,1999-10-11
3688,4,286,7,2,KGID103688,Finn,1977-10-02,M,A+,0,2005-07-01
3689,4,286,9,4,KGID103689,Ishwar,2002-05-26,M,B-,0,2009-10-15
3690,4,286,6,5,KGID103690,Omya,1982-04-12,F,B-,0,2025-07-16
3691,4,286,9,4,KGID103691,Oliver,1967-10-23,M,B+,0,2009-08-08
3692,4,286,10,3,KGID103692,Jagvi,1997-07-09,F,O+,0,2004-06-04
3693,4,286,10,6,KGID103693,Kamala,1978-06-10,F,B-,0,2011-05-21
3694,4,286,10,6,KGID103694,Alka,1986-03-03,F,A-,0,2013-11-25
3695,4,286,7,4,KGID103695,Oscar,1995-12-04,M,O-,0,2015-02-18
3696,4,286,5,1,KGID103696,Ekaraj,1984-06-30,M,B+,0,2012-09-05
3697,4,286,10,3,KGID103697,Yuvraj,1971-09-03,M,A-,0,2001-02-03
3698,4,286,6,2,KGID103698,Devansh,2002-03-14,M,O-,0,2010-03-13
3699,4,287,7,1,KGID103699,Panini,1992-09-13,F,B+,1,1998-09-24
3700,4,287,10,3,KGID103700,Chaaya,1982-01-09,F,A-,0,2018-04-20
3701,4,287,9,1,KGID103701,Gavin,1976-12-07,M,B+,0,2002-09-01
3702,4,287,7,1,KGID103702,Guneet,1971-01-11,M,AB+,0,2015-10-14
3703,4,287,10,2,KGID103703,Nicholas,1979-02-16,M,B+,0,2001-11-29
3704,4,287,6,1,KGID103704,Balhaar,1997-06-03,M,O+,0,2019-01-24
3705,4,287,10,6,KGID103705,Chakrika,1991-02-28,F,B-,0,2004-12-11
3706,4,287,7,3,KGID103706,Anthony,1983-02-21,M,A+,0,2005-12-24
3707,4,287,9,4,KGID103707,Sai,1976-07-20,M,AB+,0,2010-11-21
3708,4,288,10,3,KGID103708,Ayaan,1986-10-23,M,A-,0,2012-04-09
3709,4,288,7,3,KGID103709,Gautam,1980-07-21,M,O+,0,2005-04-21
3710,4,288,6,3,KGID103710,Amruta,1983-12-25,F,AB+,0,1997-06-18
3711,4,288,6,4,KGID103711,Frado,1984-12-19,M,AB+,0,2022-09-06
3712,4,288,10,1,KGID103712,Onkar,1985-08-19,M,O-,0,2001-05-25
3713,4,288,10,6,KGID103713,Devansh,1969-07-09,M,O-,0,2022-06-29
3714,4,288,10,3,KGID103714,Arjun,1999-08-11,M,O-,0,1999-08-10
3715,4,288,10,1,KGID103715,Bahadurjit,1982-12-20,M,A-,0,2015-02-09
3716,4,288,7,3,KGID103716,Hredhaan,1980-06-11,M,AB+,0,2013-01-17
3717,4,288,6,1,KGID103717,Sathvik,1979-06-10,M,O+,0,2009-04-07
3718,4,288,10,1,KGID103718,Ayush,1968-11-20,M,AB+,0,2012-08-08
3719,4,288,9,2,KGID103719,Ryan,1968-02-21,M,O+,0,1998-01-30
3720,4,288,6,3,KGID103720,Ayush,1976-05-23,M,A-,0,2016-01-02
3721,4,288,10,4,KGID103721,Ikbal,1972-07-03,M,B+,0,2023-07-15
3722,4,288,10,4,KGID103722,Neel,1989-02-23,M,B+,0,2019-11-05
3723,4,288,7,4,KGID103723,Aahana,1993-09-28,F,AB+,0,2018-09-09
3724,4,288,9,2,KGID103724,Anirudh,1979-10-27,M,A+,0,2015-01-19
3725,4,288,5,2,KGID103725,Reyansh,1981-11-04,M,A-,0,2016-09-14
3726,4,288,6,4,KGID103726,Harita,1972-08-07,F,O+,0,1998-02-19
3727,4,288,10,2,KGID103727,Vidhi,1967-08-11,F,A+,0,2009-12-04
3728,4,289,6,6,KGID103728,Ansh,1991-01-05,M,O-,0,2019-05-20
3729,4,289,5,4,KGID103729,Maanav,1994-10-07,M,AB+,0,2006-06-26
3730,4,289,10,5,KGID103730,Hritik,1985-09-07,M,A+,0,2008-10-19
3731,4,289,10,5,KGID103731,Jackson,1981-02-11,M,AB+,0,2024-12-05
3732,4,289,10,1,KGID103732,Victor,1976-09-07,M,B-,0,1996-10-24
3733,4,289,9,5,KGID103733,Jack,1978-06-20,M,A+,0,2013-02-11
3734,4,289,7,6,KGID103734,Yatan,1979-03-07,M,B-,0,2008-04-03
3735,4,289,10,6,KGID103735,Aayush,1991-04-05,M,B-,0,2011-07-19
3736,4,289,10,5,KGID103736,George,1969-06-29,M,A-,0,2006-12-30
3737,4,290,9,5,KGID103737,Amol,1999-12-06,M,O-,0,2018-12-25
3738,4,290,7,5,KGID103738,Pushti,1978-07-01,F,AB+,0,2016-09-01
3739,4,290,10,5,KGID103739,Praneel,1973-10-09,M,AB+,0,1998-07-17
3740,4,290,10,5,KGID103740,Ekani,2000-08-22,F,B-,0,2004-11-05
3741,4,290,10,1,KGID103741,Devansh,1984-01-06,M,B+,0,1997-05-06
3742,4,290,10,4,KGID103742,Hardik,1977-06-24,M,A-,0,1998-01-05
3743,4,290,10,3,KGID103743,Tanish,1995-12-05,M,AB+,0,2014-02-19
3744,4,290,5,6,KGID103744,Anay,1999-05-20,M,A-,0,2008-12-05
3745,4,290,6,5,KGID103745,Jatin,1968-01-28,M,AB+,0,2009-01-10
3746,4,290,6,3,KGID103746,Sarthak,1969-02-10,M,B+,0,2009-03-12
3747,4,290,5,2,KGID103747,Yadavi,1973-06-05,F,A+,0,2008-08-17
3748,4,290,9,5,KGID103748,Luke,1984-06-04,M,O-,0,2014-11-25
3749,4,290,10,2,KGID103749,Rushil,1989-10-16,M,B-,0,2018-11-19
3750,4,290,6,6,KGID103750,Advay,1992-10-05,M,O+,0,1996-09-18
3751,4,290,6,1,KGID103751,Pushti,1977-04-09,F,B+,0,2023-11-05
3752,4,290,9,5,KGID103752,Harshil,1976-06-10,M,A-,0,2001-05-25
3753,4,290,9,2,KGID103753,Triya,2002-10-04,F,A+,0,2006-01-22
3754,4,290,10,5,KGID103754,Tanish,1983-12-07,M,A-,0,2014-09-18
3755,4,290,6,5,KGID103755,Megha,1999-03-08,F,A+,0,2009-05-31
3756,4,290,5,4,KGID103756,Rajeshri,1995-06-07,F,O+,0,2009-05-29
3757,4,291,10,3,KGID103757,Samesh,1981-02-24,M,A-,0,2012-01-18
3758,4,291,9,4,KGID103758,Ishanvi,1974-05-13,F,A-,0,2002-06-12
3759,4,291,9,1,KGID103759,Oeshi,1975-01-28,F,O-,0,2012-09-13
3760,4,291,10,3,KGID103760,Qarin,1996-09-03,M,AB+,0,2022-03-22
3761,4,291,10,2,KGID103761,Neha,1984-05-30,F,AB+,0,2013-07-05
3762,4,291,10,6,KGID103762,Qarin,1985-02-10,M,B-,0,2020-04-02
3763,4,291,6,6,KGID103763,Chandran,1984-03-17,M,O-,0,2012-02-17
3764,4,291,9,4,KGID103764,Aarnav,1986-12-08,M,A-,0,2008-07-13
3765,4,291,7,4,KGID103765,Devansh,1976-01-31,M,A-,0,2020-04-24
3766,4,291,6,6,KGID103766,Oliver,1973-11-01,M,B-,0,2018-08-10
3767,4,292,10,1,KGID103767,Daniel,1995-08-28,M,O+,0,2018-09-18
3768,4,292,9,1,KGID103768,Aarush,1973-04-04,M,O+,0,2008-12-18
3769,4,292,9,2,KGID103769,Chatresh,1974-01-21,M,B+,0,2009-01-22
3770,4,292,6,5,KGID103770,Mitesh,1971-03-18,M,A-,0,2010-09-10
3771,4,292,10,4,KGID103771,Anthony,1990-08-01,M,A-,0,2007-04-25
3772,4,292,7,4,KGID103772,Damini,1999-09-27,F,B+,0,2005-05-11
3773,4,292,9,4,KGID103773,Nathaniel,1997-06-16,M,B-,0,1997-10-29
3774,4,292,10,5,KGID103774,Riya,2000-02-23,F,B+,0,2023-08-15
3775,4,293,10,5,KGID103775,Darsh,1993-08-18,M,O+,0,2002-05-24
3776,4,293,10,3,KGID103776,Parth,1996-12-06,M,A+,0,2008-03-17
3777,4,293,6,5,KGID103777,Saksham,1990-08-03,M,O-,0,2003-03-04
3778,4,293,10,5,KGID103778,Guneet,1972-08-13,M,B+,0,2020-03-11
3779,4,293,5,2,KGID103779,Advika,1993-02-03,F,O+,0,2002-02-13
3780,4,293,9,5,KGID103780,Nihal,1970-12-17,M,A+,0,1998-05-26
3781,4,293,10,4,KGID103781,Kalpit,2001-04-10,M,B+,1,2000-09-03
3782,4,293,10,5,KGID103782,Rudra,2002-11-08,M,A+,0,1997-08-18
3783,4,293,10,3,KGID103783,Oscar,1987-05-05,M,A+,0,2024-05-18
3784,4,293,9,6,KGID103784,Geetika,1989-04-14,F,B+,0,1997-08-30
3785,4,293,9,2,KGID103785,Ishwar,1969-10-08,M,O-,0,2010-03-22
3786,4,293,10,2,KGID103786,Ronith,1970-01-17,M,AB+,0,2005-01-27
3787,4,293,10,2,KGID103787,Omya,1993-02-08,F,A+,0,2010-10-14
3788,4,293,9,4,KGID103788,Dhruv,1999-08-24,M,O+,0,2010-09-15
3789,4,293,6,3,KGID103789,Upkaar,1992-01-09,M,O+,0,2010-11-01
3790,4,293,10,5,KGID103790,Jack,1971-03-10,M,A+,0,2005-01-26
3791,4,293,6,6,KGID103791,Robert,1977-08-09,M,O+,0,2020-08-03
3792,4,294,10,1,KGID103792,Nitesh,1986-06-20,M,AB+,0,2001-08-24
3793,4,294,6,6,KGID103793,Zehaan,1984-07-09,M,A+,0,2003-07-10
3794,4,294,10,5,KGID103794,Chanakya,2001-09-29,M,A-,0,2005-10-06
3795,4,294,9,6,KGID103795,Kai,1990-05-07,M,A+,0,2023-01-17
3796,4,294,9,1,KGID103796,Rishi,1996-08-15,M,O+,0,2004-05-01
3797,4,294,9,1,KGID103797,Aadi,1974-01-05,M,O-,0,2003-08-10
3798,4,294,10,4,KGID103798,Krish,1988-10-13,M,B-,0,1997-06-25
3799,4,294,10,6,KGID103799,Devansh,1991-01-12,M,A-,0,2021-03-30
3800,4,294,7,5,KGID103800,Meera,1993-02-10,F,AB+,0,2024-12-31
3801,4,294,10,5,KGID103801,Ryan,1971-06-21,M,AB+,0,2005-03-09
3802,4,294,6,3,KGID103802,Aarush,1987-09-22,M,O+,0,1998-03-10
3803,4,294,6,1,KGID103803,Dalaja,1980-09-17,F,A+,0,2008-02-01
3804,4,294,9,2,KGID103804,Daniel,1972-01-12,M,A+,0,2022-08-25
3805,4,294,5,2,KGID103805,Lucky,1991-09-01,M,B-,0,2023-11-16
3806,4,294,10,1,KGID103806,Edhitha,1967-09-07,F,A+,0,2001-09-24
3807,4,294,7,2,KGID103807,Frederick,1969-04-07,M,O-,0,2012-05-06
3808,4,294,9,4,KGID103808,Ekansh,1969-03-29,M,B+,0,1998-05-31
3809,4,294,5,6,KGID103809,Ronith,1996-03-21,M,B+,0,2010-05-31
3810,4,294,10,5,KGID103810,Rushil,2003-03-22,M,A+,0,2003-03-28
3811,4,294,10,6,KGID103811,Imaran,1990-06-20,M,B-,0,2019-05-27
3812,4,295,9,5,KGID103812,Neel,2001-10-10,M,O+,0,2009-03-19
3813,4,295,10,4,KGID103813,Nitesh,1986-12-17,M,B-,0,1998-06-03
3814,4,295,7,5,KGID103814,Yash,1987-09-22,M,A-,0,2011-01-15
3815,4,295,10,4,KGID103815,Ansh,1990-07-07,M,O+,0,2010-07-21
3816,4,295,6,3,KGID103816,Omisha,1999-12-23,F,AB+,0,1997-08-19
3817,4,295,10,5,KGID103817,Isaiah,1993-10-08,M,A+,0,1999-05-13
3818,4,295,10,3,KGID103818,Matthew,1987-04-08,M,B+,0,2016-10-31
3819,4,295,9,4,KGID103819,Qabil,1975-05-29,M,B+,0,2018-09-11
3820,4,295,10,4,KGID103820,Avi,1980-10-05,M,AB+,0,2016-10-16
3821,4,295,10,4,KGID103821,Bhavika,1983-10-14,F,O+,0,2001-07-25
3822,4,295,10,3,KGID103822,Balhaar,1987-05-09,M,A-,0,2009-12-27
3823,4,295,10,6,KGID103823,Agastya,1998-01-17,M,B-,0,2016-07-25
3824,4,295,10,2,KGID103824,Devika,1971-07-18,F,O+,0,2011-01-25
3825,4,295,9,4,KGID103825,Ishaan,1989-10-25,M,B-,0,2015-11-26
3826,4,295,10,3,KGID103826,Isaac,2001-05-21,M,A-,0,2013-06-26
3827,4,295,10,3,KGID103827,Tarak,1977-01-26,M,B-,1,2013-07-23
3828,4,295,6,5,KGID103828,Shaurya,1991-05-03,M,O-,0,1998-04-24
3829,4,295,9,4,KGID103829,Jatin,1991-10-31,M,A+,0,2003-03-02
3830,4,295,9,1,KGID103830,Dayita,1998-09-27,F,AB+,0,2015-08-13
3831,4,295,9,4,KGID103831,Veda,1977-08-08,F,A-,0,2000-12-02
3832,4,296,9,3,KGID103832,Anirudh,1991-02-04,M,AB+,0,2017-07-01
3833,4,296,6,3,KGID103833,Yauvani,1986-08-10,F,AB+,0,2002-03-23
3834,4,296,7,2,KGID103834,Laksh,1968-07-02,M,B-,0,1999-08-01
3835,4,296,7,2,KGID103835,Ansh,1978-01-10,M,A+,0,1998-03-23
3836,4,296,7,4,KGID103836,Xavier,1983-10-17,M,O+,0,2007-05-31
3837,4,296,9,4,KGID103837,Patrick,1981-05-15,M,O-,0,2007-11-11
3838,4,296,9,6,KGID103838,Gabriel,1999-11-20,M,B+,0,2007-11-29
3839,4,296,9,3,KGID103839,Kalpit,1976-03-18,M,B+,0,2009-06-02
3840,4,296,7,5,KGID103840,Ekapad,1974-05-22,M,O+,0,2004-08-26
3841,4,297,5,3,KGID103841,Bahadurjit,1993-12-28,M,A+,0,2015-06-25
3842,4,297,10,6,KGID103842,Sai,1977-11-28,F,O+,0,1996-09-08
3843,4,297,7,2,KGID103843,Faqid,1975-09-15,M,O-,0,2009-08-05
3844,4,297,6,2,KGID103844,Girik,1971-06-19,M,B-,1,2000-01-29
3845,4,297,9,6,KGID103845,Ayaan,1975-08-15,M,B-,0,2025-06-20
3846,4,297,9,1,KGID103846,Balvan,1971-09-07,M,AB+,0,2024-10-01
3847,4,297,7,2,KGID103847,Dakshesh,1976-06-05,M,B-,0,2023-01-20
3848,4,297,7,4,KGID103848,Jonathan,1982-12-28,M,B+,0,2006-02-21
3849,4,297,9,4,KGID103849,Garima,1974-04-21,F,B-,0,2001-12-07
3850,4,297,9,6,KGID103850,Arjun,1976-12-04,M,A+,0,2018-01-04
3851,4,297,6,5,KGID103851,Mitesh,1999-11-29,M,O-,0,2013-09-02
3852,4,297,10,3,KGID103852,Rudra,1976-05-23,M,B-,0,2019-12-18
3853,4,297,9,2,KGID103853,Chatresh,2002-06-02,M,O+,0,1998-01-20
3854,4,298,10,2,KGID103854,Chanchal,1968-06-17,F,O+,0,2017-01-24
3855,4,298,10,6,KGID103855,Rajeshri,1986-09-14,F,O-,0,2012-03-11
3856,4,298,10,4,KGID103856,Balhaar,1999-04-02,M,AB+,0,1996-08-11
3857,4,298,6,4,KGID103857,Ojas,1976-03-30,M,O+,1,2002-06-27
3858,4,298,10,6,KGID103858,Lucky,1982-12-06,M,O+,0,2024-09-21
3859,4,298,6,2,KGID103859,Ryan,1977-05-08,M,O-,0,1996-10-08
3860,4,298,10,5,KGID103860,Samuel,1983-11-25,M,A-,0,2012-08-13
3861,4,298,9,1,KGID103861,Charles,1986-06-13,M,B-,0,1999-06-25
3862,4,298,6,6,KGID103862,Krishna,1998-07-18,M,O+,0,2000-01-24
3863,4,298,10,4,KGID103863,Aarush,1992-12-03,M,A-,0,2002-07-11
3864,4,298,9,4,KGID103864,Jai,1974-01-14,M,O-,0,2007-02-14
3865,4,298,5,5,KGID103865,Andrew,1995-06-23,M,A-,0,2014-08-22
3866,4,298,7,5,KGID103866,Amara,1996-05-14,F,A+,0,2004-02-24
3867,4,298,9,6,KGID103867,Chavvi,1969-10-27,F,B+,0,2006-04-24
3868,4,298,6,6,KGID103868,Isaac,1976-01-04,M,B+,0,2005-06-05
3869,4,298,6,6,KGID103869,Teerth,1987-08-24,M,A-,0,2019-11-17
3870,4,299,10,2,KGID103870,Omkaar,1980-02-05,M,B+,0,2023-07-27
3871,4,299,9,2,KGID103871,Advik,1981-01-17,M,A-,0,2024-05-27
3872,4,299,10,1,KGID103872,Wridesh,1985-11-15,M,B-,0,2002-11-12
3873,4,299,10,2,KGID103873,Laksh,2000-01-29,M,A-,0,2014-02-08
3874,4,299,6,1,KGID103874,Arjun,1982-08-27,M,B-,0,2014-06-27
3875,4,299,10,1,KGID103875,Chaitaly,1999-12-05,F,A+,0,1997-06-25
3876,4,299,10,1,KGID103876,Wyatt,1991-07-25,M,A+,0,2004-09-13
3877,4,299,9,4,KGID103877,Veer,1977-04-16,M,A+,0,2003-07-25
3878,4,299,6,5,KGID103878,Advay,1980-03-22,M,B-,0,1996-12-31
3879,4,299,7,6,KGID103879,Pahal,1972-08-12,F,AB+,0,1997-05-30
3880,4,299,6,2,KGID103880,Kai,1997-06-20,M,O+,0,2021-08-16
3881,4,299,10,6,KGID103881,Tarak,1972-09-30,M,B+,0,2013-02-07
3882,4,299,10,2,KGID103882,Ayushman,1969-02-03,M,B-,0,2003-10-17
3883,4,299,7,4,KGID103883,Quincy,1985-07-25,M,O+,0,2022-08-14
3884,4,300,9,2,KGID103884,Ekaraj,1984-05-12,M,B+,0,2024-11-25
3885,4,300,5,3,KGID103885,Yug,1989-11-16,M,O-,0,2008-07-09
3886,4,300,10,6,KGID103886,Warjas,2002-03-13,M,O-,1,2023-08-27
3887,4,300,7,2,KGID103887,Warjas,1999-04-16,M,A+,0,2007-11-15
3888,4,300,6,6,KGID103888,Anya,2002-04-25,F,A-,0,1999-09-18
3889,4,300,10,6,KGID103889,Saumya,1972-05-10,F,A+,0,2025-02-20
3890,4,300,7,4,KGID103890,Ikshita,1991-02-09,F,O+,0,2019-09-26
3891,4,300,9,3,KGID103891,Wyatt,2001-11-02,M,O+,0,1998-11-12
3892,4,300,7,2,KGID103892,Ryan,1970-03-16,M,O+,0,2017-10-29
3893,4,300,10,4,KGID103893,Wriddhish,1996-11-12,M,A-,0,2016-04-17
3894,4,300,10,5,KGID103894,Amara,1967-12-23,F,AB+,0,2001-06-10
3895,4,300,10,5,KGID103895,Aadi,1981-06-15,M,O-,0,2009-12-09
3896,4,300,10,5,KGID103896,Logan,1991-03-14,M,B+,0,2022-10-17
3897,4,300,9,4,KGID103897,Onkar,1997-03-15,M,B+,0,2013-01-13
3898,4,300,10,2,KGID103898,Ronith,1995-08-16,M,A-,0,2016-05-19
3899,4,300,6,5,KGID103899,Laban,1982-08-11,M,A+,0,2018-06-08
3900,4,300,7,4,KGID103900,Yahvi,1997-09-10,F,O-,0,2015-08-02
3901,4,300,10,5,KGID103901,Harrison,1987-09-01,M,AB+,0,2000-10-24
3902,4,300,10,4,KGID103902,Mohammed,1982-02-07,M,AB+,0,2004-12-16
3903,4,300,10,1,KGID103903,Dalbir,1998-02-14,M,B+,0,2011-01-03
3904,4,301,10,6,KGID103904,Jatin,1975-08-01,M,A-,0,2017-12-20
3905,4,301,10,1,KGID103905,Yashoda,1975-07-20,F,O+,0,2016-07-27
3906,4,301,10,5,KGID103906,Chatresh,1999-12-30,M,O+,0,2020-09-12
3907,4,301,7,3,KGID103907,Siya,1992-02-29,F,O+,0,2020-06-29
3908,4,301,10,4,KGID103908,Dhriti,1999-05-23,F,AB+,0,2017-07-27
3909,4,301,7,4,KGID103909,Manan,1991-07-25,M,O+,0,2020-01-04
3910,4,301,10,5,KGID103910,Veer,2001-08-08,M,B-,0,2016-09-01
3911,4,301,10,1,KGID103911,Yatin,2001-12-24,M,A-,0,2002-09-23
3912,4,301,10,3,KGID103912,Jeremiah,1997-02-08,M,B+,0,2017-03-17
3913,4,301,9,5,KGID103913,Hredhaan,1980-01-16,M,A-,0,2024-11-06
3914,4,301,7,3,KGID103914,Vihaan,1989-04-07,M,B-,0,2014-08-27
3915,4,301,10,5,KGID103915,Advay,1992-06-22,M,O+,0,2020-05-20
3916,4,301,6,1,KGID103916,Zaid,1978-09-29,M,O+,0,2024-11-15
3917,4,301,10,5,KGID103917,Akshay,1995-11-18,M,B+,0,2020-07-01
3918,4,301,9,1,KGID103918,Bishakha,1987-03-08,F,B-,0,2005-06-26
3919,4,301,10,6,KGID103919,Diya,1977-05-29,F,AB+,0,2020-11-28
3920,4,301,10,3,KGID103920,Ryan,1994-04-26,M,A+,0,2000-12-23
3921,4,301,10,4,KGID103921,Max,1978-05-12,M,B+,0,2004-06-10
3922,4,301,9,6,KGID103922,Tanvi,1994-10-26,F,O-,0,2017-11-04
3923,4,302,9,5,KGID103923,Udarsh,1979-02-18,M,B+,0,2011-04-29
3924,4,302,9,1,KGID103924,Qasim,1975-09-04,M,B+,1,2007-07-01
3925,4,302,6,5,KGID103925,Mason,2002-08-17,M,O-,0,2007-12-31
3926,4,302,10,3,KGID103926,Yug,1977-06-23,M,A-,0,2007-04-04
3927,4,302,10,1,KGID103927,Pranav,1969-01-15,M,A-,0,2000-11-27
3928,4,302,10,4,KGID103928,Balvan,1968-04-30,M,O-,0,2016-09-22
3929,4,302,10,2,KGID103929,Aadhya,1971-02-24,F,AB+,0,1999-12-12
3930,4,302,7,2,KGID103930,Geetika,1976-02-01,F,O-,0,2003-02-04
3931,4,303,9,2,KGID103931,Dalbir,1986-11-03,M,A+,0,2019-10-28
3932,4,303,10,3,KGID103932,Wriddhish,1985-04-29,M,B-,0,2009-05-03
3933,4,303,10,6,KGID103933,Saumya,1970-12-16,F,O-,1,2019-12-16
3934,4,303,9,3,KGID103934,Arjun,2000-03-27,M,A-,0,2025-02-20
3935,4,303,10,6,KGID103935,Elijah,1989-09-10,M,B+,0,2023-12-01
3936,4,303,10,5,KGID103936,Champak,1998-12-16,M,A-,0,2023-12-02
3937,4,303,10,5,KGID103937,Omaja,1982-01-15,F,O+,0,2010-03-03
3938,4,303,10,6,KGID103938,Upkaar,1995-11-05,M,A+,0,1999-06-06
3939,4,303,9,2,KGID103939,Tarak,1988-10-03,M,AB+,0,2008-09-13
3940,4,303,9,2,KGID103940,Jack,1992-08-16,M,O-,0,2002-02-04
3941,4,303,10,1,KGID103941,Robert,1976-01-28,M,B+,0,2024-02-01
3942,4,303,9,2,KGID103942,George,1997-04-24,M,B-,0,2015-06-24
3943,4,303,10,6,KGID103943,Lohit,1975-07-12,M,O+,0,2003-10-22
3944,4,303,6,2,KGID103944,Baljiwan,1982-11-28,M,O+,0,2002-09-04
3945,4,303,9,4,KGID103945,Jack,1967-08-26,M,O-,0,2010-11-15
3946,4,304,7,4,KGID103946,Ronith,1991-09-25,M,B+,0,1999-03-12
3947,4,304,7,3,KGID103947,Harshil,1974-05-28,M,O+,0,2007-09-10
3948,4,304,9,2,KGID103948,Zayyan,1980-06-25,M,O+,0,2012-08-20
3949,4,304,5,6,KGID103949,Gautam,1975-09-08,M,O-,0,2018-02-20
3950,4,304,9,3,KGID103950,Edhitha,1977-09-09,F,O+,0,2006-03-24
3951,4,304,6,6,KGID103951,Daksha,1988-01-16,F,A+,0,2016-03-11
3952,4,304,10,1,KGID103952,Kabir,2001-02-28,M,O+,0,2007-03-18
3953,4,304,9,6,KGID103953,Lucky,1969-08-23,M,O-,0,1999-03-06
3954,4,304,6,3,KGID103954,Hardik,2002-01-23,M,A+,0,2007-06-01
3955,4,304,10,1,KGID103955,Balvan,2001-06-19,M,B-,1,2000-06-07
3956,4,304,10,1,KGID103956,Jagat,1992-06-28,M,A+,0,2011-06-01
3957,4,304,10,5,KGID103957,Dhruv,1991-01-29,M,B-,0,2017-11-03
3958,4,304,10,4,KGID103958,Aarush,1985-07-24,M,B-,0,2022-10-11
3959,4,304,10,6,KGID103959,Charan,1992-09-30,M,A+,0,2005-12-19
3960,4,304,6,3,KGID103960,Hitesh,1993-12-30,M,O-,0,2018-04-18
3961,4,304,6,6,KGID103961,Aarush,1988-12-24,M,B+,1,2015-08-02
3962,4,305,10,3,KGID103962,George,1978-06-16,M,O-,0,2014-06-23
3963,4,305,6,1,KGID103963,Parth,1994-01-20,M,A+,0,2019-04-08
3964,4,305,6,1,KGID103964,Devansh,1972-06-23,M,A+,0,2013-10-09
3965,4,305,6,2,KGID103965,Utkarsh,1992-08-21,M,O+,0,2016-03-04
3966,4,305,7,3,KGID103966,Omkaar,1980-05-05,M,AB+,0,2014-02-19
3967,4,305,10,3,KGID103967,Nachiket,1999-08-23,M,A+,0,2011-11-17
3968,4,305,7,6,KGID103968,Champak,2002-11-07,M,B+,0,2024-07-10
3969,4,305,9,3,KGID103969,Hardik,1980-01-27,M,B-,0,2016-01-15
3970,4,305,9,2,KGID103970,Anirudh,2002-01-23,M,B-,0,2021-02-16
3971,4,306,5,3,KGID103971,Lakshit,1989-03-23,M,B-,0,2013-06-06
3972,4,306,7,1,KGID103972,Diya,1991-06-05,F,B+,0,2019-01-22
3973,4,306,10,3,KGID103973,Saksham,1983-07-08,M,B+,0,1999-11-26
3974,4,306,10,5,KGID103974,Jagvi,2001-05-25,F,A-,0,2011-07-21
3975,4,306,10,5,KGID103975,Ryan,1986-06-03,M,O+,0,2017-07-07
3976,4,306,5,6,KGID103976,Urmi,2002-07-10,F,O+,0,2019-08-26
3977,4,306,10,5,KGID103977,Ayaan,1987-07-04,M,O+,0,2004-06-11
3978,4,306,6,6,KGID103978,Girish,1993-12-09,M,A-,0,1999-08-08
3979,4,306,10,1,KGID103979,Maanav,1984-09-17,M,A+,0,2012-08-07
3980,4,307,9,6,KGID103980,Advay,1998-04-07,M,A+,0,2024-06-15
3981,4,307,6,5,KGID103981,Wriddhish,1998-05-09,M,A+,0,2009-10-24
3982,4,307,10,3,KGID103982,Hardik,1995-02-25,M,A+,0,2023-09-03
3983,4,307,5,5,KGID103983,Devika,1968-11-03,F,O+,0,2022-02-12
3984,4,307,6,2,KGID103984,Fiyaz,1986-12-21,M,B-,0,2015-04-10
3985,4,307,10,6,KGID103985,Amrita,1981-01-17,F,O+,0,2018-10-24
3986,4,307,10,4,KGID103986,Samaksh,1995-09-06,M,AB+,0,2019-04-29
3987,4,307,10,1,KGID103987,Ikshita,1991-03-19,F,B+,0,2007-09-24
3988,4,307,10,4,KGID103988,Akshay,1998-09-25,M,B+,1,2006-05-19
3989,4,307,10,4,KGID103989,Robert,1987-08-15,M,B+,0,2001-08-13
3990,4,307,10,5,KGID103990,Samuel,1988-04-29,M,A+,0,2019-03-25
3991,4,307,9,2,KGID103991,Ronith,1967-12-09,M,B+,0,2000-08-10
3992,4,307,6,1,KGID103992,Sai,1994-07-11,M,A+,0,1998-08-05
3993,4,307,10,4,KGID103993,Harish,1986-05-28,M,O-,0,2014-09-05
3994,4,307,10,5,KGID103994,Aayush,1978-08-17,M,A-,0,2012-08-08
3995,4,308,10,1,KGID103995,Ethan,1968-03-13,M,A+,0,2014-05-20
3996,4,308,7,5,KGID103996,Samesh,1988-09-26,M,A+,0,2009-11-29
3997,4,308,5,4,KGID103997,Tanay,1972-09-19,M,O+,0,2006-10-14
3998,4,308,9,5,KGID103998,Mugdha,1992-03-09,F,AB+,0,2023-04-28
3999,4,308,10,2,KGID103999,Warjas,1971-06-20,M,A-,0,2006-12-30
4000,4,308,10,4,KGID104000,Tanveer,1970-07-19,M,A+,0,2018-03-23
4001,4,308,10,2,KGID104001,Lakshmi,1998-03-02,F,O-,0,2008-06-06
4002,4,308,9,3,KGID104002,Advaith,1999-08-17,M,A-,0,2000-04-07
4003,4,308,5,1,KGID104003,Rudra,2000-03-06,M,B-,0,2015-03-28
4004,4,308,10,1,KGID104004,Manthan,1979-09-09,M,O-,0,1998-05-17
4005,4,308,7,5,KGID104005,Harsh,1972-12-19,M,A+,0,2019-08-30
4006,4,308,5,1,KGID104006,Ekansh,1978-06-23,M,B-,0,2019-10-09
4007,4,308,10,3,KGID104007,Krishna,1979-05-26,M,A-,0,2018-12-17
4008,4,308,6,6,KGID104008,Victor,1971-09-24,M,A+,0,1999-07-31
4009,4,308,10,1,KGID104009,Manbir,1996-12-06,M,A-,0,2007-10-29
4010,4,308,10,5,KGID104010,Ayaan,1975-12-24,M,A+,0,2023-02-20
4011,4,309,9,4,KGID104011,William,1989-04-04,M,B+,0,2021-12-19
4012,4,309,9,1,KGID104012,Anay,1994-07-25,M,B-,0,2010-07-19
4013,4,309,10,2,KGID104013,Chaman,1981-08-24,F,AB+,0,2015-09-16
4014,4,309,9,2,KGID104014,Arunima,1977-12-02,F,A+,0,2011-01-15
4015,4,309,6,5,KGID104015,Nakul,1970-06-28,M,A-,0,2008-10-29
4016,4,309,9,3,KGID104016,Baljiwan,1997-09-13,M,O+,0,2006-07-30
4017,4,309,5,2,KGID104017,Kevin,1995-05-03,M,B+,0,2015-03-17
4018,4,309,10,2,KGID104018,Noah,1993-09-12,M,A-,0,2009-02-11
4019,4,309,10,2,KGID104019,Dhruv,1997-04-16,M,B+,0,2025-06-11
4020,4,309,10,3,KGID104020,Aayush,1981-01-22,M,O+,0,2004-03-10
4021,4,309,10,2,KGID104021,Udant,1970-11-12,M,B-,0,2013-07-28
4022,4,309,10,3,KGID104022,Gaurang,1988-11-06,M,A-,0,2008-03-11
4023,4,309,10,2,KGID104023,Maanav,1980-06-01,M,B-,0,2007-05-22
4024,4,310,9,1,KGID104024,Jackson,1991-10-10,M,O+,0,2012-03-26
4025,4,310,10,2,KGID104025,Pranit,1991-02-03,M,B+,0,1996-08-16
4026,4,310,6,2,KGID104026,Krishna,1968-09-06,M,B-,0,2012-09-28
4027,4,310,7,1,KGID104027,Jai,1981-03-23,M,O-,0,2019-02-09
4028,4,310,10,1,KGID104028,Vivaan,1999-05-16,M,AB+,0,2018-02-01
4029,4,310,7,1,KGID104029,Andrew,1984-03-28,M,O+,0,2007-02-07
4030,4,310,6,4,KGID104030,Tanish,1999-02-03,M,AB+,0,2023-01-20
4031,4,310,9,5,KGID104031,Samar,1988-04-09,M,A-,0,2003-04-29
4032,4,311,10,2,KGID104032,Neel,1992-03-27,M,A-,0,2014-07-09
4033,4,311,6,6,KGID104033,Hredhaan,1985-03-08,M,A+,0,2015-11-06
4034,4,311,9,2,KGID104034,Farhan,1989-09-26,M,A-,0,1998-08-19
4035,4,311,10,1,KGID104035,Samuel,1995-07-24,M,O+,0,2018-12-12
4036,4,311,9,3,KGID104036,Jeevika,1989-06-21,F,A+,0,2001-06-28
4037,4,311,10,1,KGID104037,Noah,1995-01-19,M,O-,0,2016-04-24
4038,4,311,10,1,KGID104038,Lakshmi,1998-06-05,F,A-,0,2019-09-21
4039,4,311,6,4,KGID104039,Naveen,1984-12-30,M,O-,0,2006-08-24
4040,4,311,5,1,KGID104040,Wridesh,2001-07-02,M,AB+,0,1997-07-22
4041,4,311,10,5,KGID104041,Elijah,1991-02-09,M,A-,0,2023-08-28
4042,4,311,10,5,KGID104042,Fariq,1988-05-01,M,O+,0,1999-04-06
4043,4,311,10,1,KGID104043,Arjun,1971-09-08,M,AB+,0,2020-10-22
4044,4,311,10,3,KGID104044,Laban,1970-02-18,M,A-,0,2010-10-15
4045,4,311,9,3,KGID104045,Faras,1980-04-02,M,A+,0,2006-06-11
4046,4,311,10,2,KGID104046,Abdul,1969-11-13,M,B+,0,1996-10-14
4047,4,311,10,1,KGID104047,Jagat,1971-01-16,M,A+,0,1997-10-26
4048,4,311,10,4,KGID104048,George,1992-06-17,M,B-,0,2008-03-14
4049,4,311,10,6,KGID104049,Leena,1971-04-23,F,A-,0,2002-02-24
4050,4,311,10,6,KGID104050,Thomas,1986-06-21,M,A-,0,2012-01-26
4051,4,311,5,5,KGID104051,Parth,1989-12-29,M,B-,0,2009-05-29
4052,4,312,9,6,KGID104052,Aachal,1990-02-02,F,A-,0,2021-10-15
4053,4,312,10,3,KGID104053,Noah,1969-12-31,M,O-,0,2001-04-15
4054,4,312,9,4,KGID104054,Jeet,1977-05-30,M,O+,0,2009-11-06
4055,4,312,6,2,KGID104055,Yatan,1972-09-29,M,B-,0,2021-11-01
4056,4,312,6,2,KGID104056,Chandani,1998-02-01,F,O+,0,2020-12-24
4057,4,312,10,2,KGID104057,Wazir,1972-09-29,M,O+,0,1998-09-13
4058,4,312,10,6,KGID104058,Eesha,1972-07-29,F,B+,0,2008-05-03
4059,4,312,10,6,KGID104059,Agastya,1987-08-10,M,A-,0,2010-06-11
4060,4,312,5,3,KGID104060,William,1969-11-03,M,O+,0,2022-03-04
4061,4,312,10,6,KGID104061,Tanish,1983-10-01,M,A-,0,2016-10-16
4062,4,312,7,4,KGID104062,Champak,1971-07-25,M,A-,0,2006-11-11
4063,4,312,5,6,KGID104063,Sarthak,1991-06-15,M,O-,0,2004-07-12
4064,4,312,10,2,KGID104064,Chaitaly,1968-03-29,F,O+,0,2015-06-20
4065,4,312,9,3,KGID104065,Wyatt,1988-11-22,M,AB+,0,2013-05-23
4066,4,312,7,4,KGID104066,Andrew,1969-01-19,M,O-,0,2009-03-19
4067,4,312,10,1,KGID104067,Tarak,1998-08-21,M,B+,0,2018-07-09
4068,4,312,9,1,KGID104068,Atharv,1974-03-20,M,A-,0,2000-01-15
4069,4,313,10,1,KGID104069,Anya,1968-10-15,F,O-,0,2021-06-22
4070,4,313,9,3,KGID104070,Vihaan,1993-05-26,M,O-,0,2008-01-10
4071,4,313,10,4,KGID104071,Zayyan,1973-11-29,M,B+,0,2007-10-06
4072,4,313,10,3,KGID104072,Pallavi,1996-08-20,F,B+,0,1998-11-16
4073,4,313,9,1,KGID104073,Faraj,1974-04-08,M,O+,0,2023-04-20
4074,4,313,6,1,KGID104074,Gaurang,1983-11-24,M,B-,0,2009-10-08
4075,4,313,9,2,KGID104075,Jai,2002-05-30,M,O-,0,2017-04-29
4076,4,313,6,3,KGID104076,Kashvi,1983-01-14,F,O-,0,2006-05-13
4077,4,313,7,1,KGID104077,Maanas,1989-11-20,M,AB+,0,2003-10-23
4078,4,313,7,2,KGID104078,Jeremiah,1970-10-18,M,A+,0,2001-11-25
4079,4,313,10,5,KGID104079,Indrajit,1989-06-04,M,B-,0,2012-11-17
4080,4,313,6,3,KGID104080,Peter,1986-09-06,M,B+,0,1999-04-17
4081,4,313,10,5,KGID104081,Wyatt,1987-01-09,M,AB+,0,2009-12-29
4082,4,313,10,2,KGID104082,Yashoda,1983-07-27,F,B+,0,2011-07-20
4083,4,313,10,2,KGID104083,Baghyawati,1967-11-16,F,AB+,0,1998-05-15
4084,4,313,9,3,KGID104084,Atharv,1999-05-23,M,O-,0,2010-01-13
4085,4,313,9,1,KGID104085,Aarini,1978-01-04,F,AB+,0,2002-12-31
4086,4,314,6,6,KGID104086,Hiral,1976-05-28,F,A+,0,2008-04-10
4087,4,314,10,6,KGID104087,Mason,1993-07-23,M,O-,0,2003-08-01
4088,4,314,9,2,KGID104088,Rachita,1996-04-15,F,A-,0,2006-10-25
4089,4,314,10,2,KGID104089,Samesh,1982-02-25,M,AB+,0,2004-02-26
4090,4,314,10,1,KGID104090,Isaiah,1979-07-06,M,O-,0,2007-10-13
4091,4,314,10,4,KGID104091,Parth,1991-04-11,M,A-,0,2020-06-27
4092,4,314,10,6,KGID104092,Charvi,1983-01-26,F,A-,0,2018-04-12
4093,4,314,10,2,KGID104093,Aadi,2003-02-09,M,AB+,0,2014-10-24
4094,4,314,10,3,KGID104094,Siddharth,1974-06-17,M,B+,0,2012-06-18
4095,4,314,6,1,KGID104095,Jason,1995-03-07,M,AB+,0,2002-04-02
4096,4,315,9,1,KGID104096,Ranbir,1975-09-30,M,O-,0,1999-10-07
4097,4,315,9,6,KGID104097,Kai,1968-06-19,M,B-,0,2017-05-03
4098,4,315,6,2,KGID104098,Ubika,1999-10-01,F,A+,0,2009-10-04
4099,4,315,10,2,KGID104099,Ansh,1992-11-27,M,A-,0,2016-06-07
4100,4,315,7,5,KGID104100,Harshil,1999-12-18,M,B-,0,2004-10-28
4101,4,315,6,2,KGID104101,David,1973-03-06,M,O+,0,2022-11-21
4102,4,315,9,6,KGID104102,Thomas,2003-05-26,M,B-,0,2010-03-24
4103,4,315,10,6,KGID104103,Hardik,1977-03-14,M,B-,0,1999-08-18
4104,4,315,7,2,KGID104104,Gaurav,1972-04-25,M,A-,0,2025-02-26
4105,4,315,10,4,KGID104105,Abhiram,1982-12-08,M,B-,0,2007-06-23
4106,4,315,6,3,KGID104106,Megha,1969-12-31,F,B+,0,2017-10-23
4107,4,315,10,3,KGID104107,Gavin,1982-01-19,M,A+,0,2023-03-08
4108,4,316,9,4,KGID104108,Edhitha,2000-05-31,F,A+,0,2013-01-12
4109,4,316,9,1,KGID104109,Tanish,2002-07-02,M,O-,0,2013-07-07
4110,4,316,6,4,KGID104110,Kai,1995-09-15,M,A+,0,2017-12-27
4111,4,316,10,1,KGID104111,Farhan,1980-05-12,M,O+,0,1999-08-24
4112,4,316,5,2,KGID104112,Nimrat,1978-03-24,F,A-,0,2016-10-13
4113,4,316,10,1,KGID104113,Lohit,1990-03-24,M,O-,0,2022-01-03
4114,4,316,9,6,KGID104114,Onkar,1973-01-05,M,O-,0,2003-10-23
4115,4,316,7,4,KGID104115,Sara,1980-09-19,F,B+,0,2019-01-27
4116,4,316,10,2,KGID104116,Aryan,2002-02-28,M,B+,1,2020-09-30
4117,4,317,10,6,KGID104117,Darsh,1989-08-25,M,A-,0,1997-03-09
4118,4,317,9,3,KGID104118,Baljiwan,1991-12-30,M,B+,0,1997-07-11
4119,4,317,6,5,KGID104119,Nidra,1990-02-04,F,B+,0,2010-08-01
4120,4,317,7,2,KGID104120,Sai,2002-06-03,M,B+,0,2022-10-14
4121,4,317,10,2,KGID104121,Elijah,1987-12-20,M,O-,0,2001-07-15
4122,4,317,10,3,KGID104122,Radhika,1972-02-23,F,B-,0,2016-09-30
4123,4,317,6,6,KGID104123,Udant,1971-07-13,M,O-,0,2007-05-14
4124,4,317,10,6,KGID104124,Dayita,1988-04-25,F,A+,0,1998-06-19
4125,4,317,7,4,KGID104125,Robert,1969-06-08,M,O+,0,2022-07-14
4126,4,317,9,3,KGID104126,Robert,1990-08-20,M,B+,0,2010-09-28
4127,4,318,7,3,KGID104127,Nathan,1981-11-15,M,B+,0,2015-05-05
4128,4,318,10,4,KGID104128,Darsh,1975-10-28,M,B+,0,2003-12-17
4129,4,318,7,6,KGID104129,Upkaar,1999-02-04,M,AB+,0,2020-02-26
4130,4,318,9,3,KGID104130,Ubika,1971-05-21,F,AB+,0,2021-11-12
4131,4,318,7,1,KGID104131,Vivaan,1971-11-28,M,O+,0,2004-02-21
4132,4,318,7,6,KGID104132,Wahab,1993-07-20,M,B-,0,1999-07-07
4133,4,318,5,3,KGID104133,Peter,2000-07-20,M,A+,0,2008-12-14
4134,4,318,7,3,KGID104134,Avi,1992-12-29,M,AB+,0,2019-05-22
4135,4,318,7,5,KGID104135,Maanas,1969-07-19,M,B-,0,2000-10-30
4136,4,318,9,4,KGID104136,Yauvani,1968-10-28,F,A-,0,1998-05-13
4137,4,318,10,1,KGID104137,Ekanta,1978-10-08,F,O-,0,2010-06-11
4138,4,318,10,2,KGID104138,Chakradev,1974-02-22,M,B-,0,2003-06-15
4139,4,319,9,2,KGID104139,Ijaya,1996-08-04,F,B-,0,2000-02-08
4140,4,319,10,2,KGID104140,Naveen,1991-12-08,M,A-,0,2015-09-11
4141,4,319,6,5,KGID104141,Wridesh,1984-01-19,M,AB+,0,2023-10-07
4142,4,319,9,1,KGID104142,Tarak,1999-06-10,M,A-,0,2017-07-05
4143,4,319,10,4,KGID104143,Qadim,1970-05-20,M,AB+,0,2002-11-02
4144,4,319,7,2,KGID104144,Rachit,2000-04-05,M,B+,0,2012-11-16
4145,4,319,7,4,KGID104145,Qadim,1983-09-19,M,O+,0,1999-04-08
4146,4,319,9,4,KGID104146,Mitali,1996-07-15,F,B-,0,2001-03-26
4147,4,319,6,2,KGID104147,Finn,1984-09-28,M,B-,0,2007-09-16
4148,4,319,7,3,KGID104148,Ishanvi,1990-05-23,F,B+,0,2005-06-22
4149,4,319,7,3,KGID104149,Banjeet,1978-08-16,M,O+,0,2021-03-12
4150,4,319,7,5,KGID104150,Damyanti,1977-03-14,F,B-,0,2015-04-21
4151,4,319,10,2,KGID104151,Aditya,1970-07-14,M,A+,0,2009-11-26
4152,4,319,10,3,KGID104152,Akshay,1981-02-15,M,AB+,0,2012-11-13
4153,4,319,10,6,KGID104153,Kevin,1981-03-05,M,AB+,0,2013-01-15
4154,4,319,10,1,KGID104154,Hardik,2003-05-25,M,A+,0,1998-08-23
4155,4,319,9,3,KGID104155,Varsha,1985-12-03,F,O+,0,2005-03-17
4156,4,320,10,5,KGID104156,Hardik,1993-12-09,M,AB+,0,2001-04-15
4157,4,320,6,1,KGID104157,Dayamai,1986-01-23,F,AB+,0,2005-07-12
4158,4,320,10,6,KGID104158,Ayush,1980-11-05,M,A+,0,2022-03-01
4159,4,320,10,2,KGID104159,Wazir,1973-08-09,M,O+,0,2003-02-17
4160,4,320,10,5,KGID104160,Samarth,1976-01-12,M,B-,0,2003-11-01
4161,4,320,10,2,KGID104161,Charles,1967-09-24,M,AB+,0,2024-07-23
4162,4,320,9,6,KGID104162,Udant,1986-11-05,M,O+,0,2000-11-17
4163,4,320,10,2,KGID104163,Yatin,1994-10-30,M,A+,0,2017-02-02
4164,4,320,7,2,KGID104164,Aditya,1990-03-30,M,O+,0,2003-11-20
4165,4,320,10,4,KGID104165,Pranit,1998-03-04,M,B-,0,2012-05-25
4166,4,320,5,3,KGID104166,Praneel,1987-03-22,M,A-,0,2017-03-14
4167,4,320,6,5,KGID104167,Harsh,1980-02-22,M,O-,0,2022-09-29
4168,4,320,6,4,KGID104168,Madhav,1990-10-14,M,B-,0,2024-03-09
4169,4,320,10,3,KGID104169,Harshil,1987-01-03,M,O-,0,2013-11-16
4170,4,320,7,3,KGID104170,Gaurangi,1975-08-08,F,B-,0,2002-11-09
4171,4,320,6,5,KGID104171,Akshay,1989-08-16,M,A+,0,2008-07-12
4172,4,320,9,5,KGID104172,Amruta,2001-11-04,F,B+,0,2004-07-24
4173,4,320,10,5,KGID104173,Waida,2001-10-08,F,AB+,0,2003-04-03
4174,4,320,10,4,KGID104174,Wriddhish,1976-01-15,M,O+,0,2012-11-09
4175,4,320,6,6,KGID104175,Atharv,1976-01-20,M,A-,0,2006-06-25
4176,4,321,10,4,KGID104176,Benjamin,1984-08-28,M,B+,0,2014-01-15
4177,4,321,6,5,KGID104177,Gunbir,1978-04-03,M,B-,0,2005-12-01
4178,4,321,6,5,KGID104178,Manthan,1985-06-26,M,O-,0,2017-01-24
4179,4,321,10,1,KGID104179,Saksham,1997-12-14,M,O-,0,2021-06-05
4180,4,321,7,1,KGID104180,Timothy,1975-12-23,M,O-,0,2017-01-14
4181,4,321,10,5,KGID104181,Benjamin,1972-01-23,M,O+,0,1997-07-25
4182,4,321,7,3,KGID104182,Saksham,1979-09-14,M,O+,0,2014-11-23
4183,4,321,6,2,KGID104183,Chatura,1993-03-04,M,A+,0,2000-05-13
4184,4,321,10,4,KGID104184,Udarsh,1985-10-23,M,O-,0,1998-12-09
4185,4,321,10,5,KGID104185,Isha,1995-08-23,F,B+,0,2016-12-01
4186,4,321,10,6,KGID104186,Ijaya,1984-06-20,F,O-,0,2015-04-18
4187,4,322,10,4,KGID104187,Nathaniel,2002-10-26,M,O+,0,2007-05-04
4188,4,322,9,5,KGID104188,Deepa,1985-06-09,F,AB+,0,2004-05-27
4189,4,322,9,4,KGID104189,Ekbal,2000-12-28,M,A+,0,2001-04-16
4190,4,322,6,5,KGID104190,Yug,1976-01-11,M,A-,0,1999-07-18
4191,4,322,7,5,KGID104191,Aadi,2001-01-17,M,O+,0,2019-04-11
4192,4,322,10,2,KGID104192,Mason,1977-07-23,M,A+,0,2023-02-28
4193,4,322,9,1,KGID104193,Dipta,1995-05-09,F,B+,0,2012-08-29
4194,4,322,6,2,KGID104194,Kabir,1983-05-08,M,B-,0,2013-09-10
4195,4,322,10,3,KGID104195,Chandresh,1998-06-12,M,AB+,0,2000-03-12
4196,4,322,10,1,KGID104196,Ayushman,1989-03-20,M,A+,0,2020-02-15
4197,4,323,9,5,KGID104197,Qadim,1968-03-27,M,B-,0,2013-11-14
4198,4,323,10,5,KGID104198,Oeshi,1991-04-19,F,O-,0,2013-06-22
4199,4,323,6,6,KGID104199,Yatin,2002-12-30,M,O+,0,2007-11-11
4200,4,323,9,3,KGID104200,Krishna,1977-07-04,F,AB+,0,2004-11-22
4201,4,323,10,6,KGID104201,Ria,1985-04-08,F,A+,0,2010-10-02
4202,4,323,10,3,KGID104202,Xiti,1974-10-17,F,A+,0,2022-12-10
4203,4,323,10,2,KGID104203,Teerth,1987-02-19,M,O-,0,1997-07-06
4204,4,323,9,3,KGID104204,Mason,1981-10-12,M,A+,0,2017-01-22
4205,4,323,9,3,KGID104205,Nidhi,1995-08-12,F,AB+,0,2013-03-01
4206,4,323,7,6,KGID104206,Gagan,1992-08-05,M,O-,0,2020-02-06
4207,4,323,10,2,KGID104207,Saksham,1968-09-23,M,A-,1,2010-12-29
4208,4,323,10,2,KGID104208,Imaran,1974-03-31,M,A+,0,2007-11-17
4209,4,323,5,2,KGID104209,Naksh,1977-08-24,M,B+,0,2014-06-12
4210,4,323,10,3,KGID104210,Noah,1974-01-20,M,AB+,0,2017-08-01
4211,4,323,7,6,KGID104211,Guneet,1968-12-11,M,AB+,0,1998-03-26
4212,4,323,6,4,KGID104212,Daksh,1999-10-31,M,O-,0,2001-04-11
4213,4,323,9,3,KGID104213,Aarush,1976-09-21,M,O-,0,2015-06-04
4214,4,323,7,2,KGID104214,Mohammed,1995-11-16,M,O+,0,1997-11-01
4215,4,324,6,2,KGID104215,Avi,1994-07-28,M,B+,0,2006-11-09
4216,4,324,10,4,KGID104216,Isaac,1997-03-08,M,B+,0,2019-12-22
4217,4,324,7,2,KGID104217,Gagan,1995-07-04,M,A+,0,2016-08-28
4218,4,324,10,5,KGID104218,Faqid,1983-09-20,M,O-,0,2006-10-25
4219,4,324,7,1,KGID104219,Jalsa,1994-11-26,F,AB+,0,1999-05-15
4220,4,324,7,2,KGID104220,Nidra,1976-04-15,F,O+,0,2002-12-21
4221,4,324,10,6,KGID104221,George,1988-04-20,M,AB+,0,2021-01-23
4222,4,324,6,4,KGID104222,Aarav,1982-09-21,M,B-,0,2018-04-11
4223,4,324,6,6,KGID104223,Saksham,1975-06-20,M,B-,0,1999-08-10
4224,4,324,10,1,KGID104224,Devansh,1999-04-07,M,A-,0,2012-08-11
4225,4,324,6,3,KGID104225,Ekavir,1987-07-25,M,A+,0,2008-10-20
4226,4,325,9,4,KGID104226,Nicholas,1983-01-09,M,B+,0,1998-01-16
4227,4,325,10,5,KGID104227,Ansh,1997-05-30,M,O-,0,2016-11-07
4228,4,325,10,1,KGID104228,Arin,1967-09-30,M,O-,0,2010-11-03
4229,4,325,10,4,KGID104229,David,1996-10-27,M,O-,0,2009-01-30
4230,4,325,6,6,KGID104230,Girindra,1981-09-05,M,B-,0,2018-04-05
4231,4,325,10,2,KGID104231,Maanas,1993-12-23,M,AB+,0,2002-02-19
4232,4,325,7,1,KGID104232,Omaja,1971-05-26,F,B+,0,2007-09-18
4233,4,325,10,4,KGID104233,Abha,1998-12-01,F,A-,0,2008-10-11
4234,4,325,5,5,KGID104234,Charan,1977-06-20,M,AB+,0,2013-03-04
4235,4,325,10,1,KGID104235,Lucky,1978-03-14,M,AB+,0,2010-10-14
4236,4,325,9,6,KGID104236,Jagvi,1970-04-22,F,A+,0,2017-02-19
4237,4,325,9,3,KGID104237,Upasna,1970-03-16,F,A+,0,2010-08-11
4238,4,325,10,3,KGID104238,Dev,1991-07-16,M,B+,0,2017-05-13
4239,4,325,6,1,KGID104239,Ethan,1990-04-27,M,AB+,0,2008-01-14
4240,4,325,6,4,KGID104240,Yatin,1979-06-15,M,B-,0,1998-03-22
4241,4,325,9,2,KGID104241,Jatin,1983-12-15,M,A+,0,2008-08-28
4242,4,325,10,4,KGID104242,Zashil,1972-05-26,M,B+,0,2012-09-27
4243,4,325,6,5,KGID104243,Lucky,1973-07-07,M,B-,0,1998-05-26
4244,4,326,7,1,KGID104244,Warda,1997-07-17,F,B-,0,2000-08-22
4245,4,326,5,3,KGID104245,Lakshit,1976-08-16,M,O+,0,2023-07-12
4246,4,326,10,5,KGID104246,Nitara,1974-12-03,F,O-,0,1998-11-20
4247,4,326,9,3,KGID104247,Chakradhar,1977-12-23,M,A+,0,2010-11-01
4248,4,326,10,3,KGID104248,Vivaan,1986-03-04,M,A-,0,2016-05-02
4249,4,326,7,1,KGID104249,Jagat,1976-12-25,M,A-,0,2005-02-05
4250,4,326,7,4,KGID104250,Owen,1981-08-29,M,AB+,0,2012-11-07
4251,4,326,10,4,KGID104251,Dev,1986-05-07,M,B-,0,2009-08-24
4252,4,326,6,6,KGID104252,Teerth,1993-06-20,M,O+,0,2010-11-02
4253,4,326,9,4,KGID104253,Fariq,2002-07-10,M,AB+,0,1997-12-27
4254,4,326,6,5,KGID104254,Warinder,1992-02-26,M,B+,0,2016-10-29
4255,4,327,10,1,KGID104255,Triya,1997-02-24,F,B+,0,2012-10-31
4256,4,327,7,5,KGID104256,Kevin,1976-07-01,M,B-,0,2017-07-05
4257,4,327,10,1,KGID104257,Faqid,1979-09-13,M,O+,0,2011-11-22
4258,4,327,7,2,KGID104258,Falguni,1970-06-18,F,A+,0,2001-02-06
4259,4,327,7,6,KGID104259,Frado,1988-06-09,M,A-,0,1998-10-01
4260,4,327,9,6,KGID104260,Faqid,1991-05-30,M,O-,0,2014-05-26
4261,4,327,6,6,KGID104261,Jagdish,1998-05-24,M,O+,0,2018-08-21
4262,4,327,10,4,KGID104262,Chaman,1969-06-01,F,A+,0,2019-03-14
4263,4,327,9,6,KGID104263,Viraj,1984-01-12,M,B-,0,2017-08-14
4264,4,328,7,2,KGID104264,Ikbal,1971-03-09,M,B-,0,2012-12-19
4265,4,328,10,5,KGID104265,Divya,1976-08-01,F,A-,0,2016-08-18
4266,4,328,6,1,KGID104266,Abhimanyu,1989-05-26,M,O-,0,2024-04-20
4267,4,328,10,2,KGID104267,Nicholas,1979-12-18,M,O-,0,2006-12-23
4268,4,328,9,1,KGID104268,William,1995-12-12,M,B-,0,1997-07-30
4269,4,328,10,4,KGID104269,Tristan,1975-04-16,M,A-,0,2011-05-06
4270,4,328,6,1,KGID104270,Ansh,1995-02-12,M,O-,0,2022-09-13
4271,4,328,10,5,KGID104271,Oscar,1968-04-22,M,A+,0,2014-01-04
4272,4,328,7,6,KGID104272,Urishilla,2000-04-09,F,A+,0,2018-01-14
4273,4,329,6,4,KGID104273,Bahadurjit,1995-04-18,M,AB+,0,2018-08-06
4274,4,329,6,5,KGID104274,Agastya,1983-12-19,M,O+,0,2002-12-06
4275,4,329,9,3,KGID104275,Meghana,1990-07-22,F,O-,0,2014-09-13
4276,4,329,7,5,KGID104276,Jairaj,1981-01-28,M,AB+,0,2009-08-23
4277,4,329,7,1,KGID104277,Karan,1974-03-15,M,A-,0,2011-05-04
4278,4,329,6,2,KGID104278,Urvashi,1978-03-25,F,A+,0,2009-12-08
4279,4,329,7,1,KGID104279,Abhimanyu,1968-05-04,M,O+,0,2009-05-22
4280,4,329,10,1,KGID104280,Samesh,1968-08-17,M,O+,0,2024-04-16
4281,4,329,6,5,KGID104281,Amruta,1988-09-26,F,O-,0,1999-09-09
4282,4,329,10,5,KGID104282,Diya,1970-04-08,F,AB+,0,2000-04-02
4283,4,329,9,5,KGID104283,Luke,1993-06-14,M,A-,0,2021-12-28
4284,4,329,10,2,KGID104284,Nihal,1994-12-27,M,A-,0,2022-07-02
4285,4,329,9,1,KGID104285,Vihaan,1981-04-24,M,B+,0,2016-07-09
4286,4,329,10,6,KGID104286,Chandran,1999-03-27,M,B-,0,2012-09-14
4287,4,330,10,2,KGID104287,Wridesh,1981-04-07,M,B-,0,2015-11-11
4288,4,330,9,2,KGID104288,Abeer,1995-04-03,M,O-,0,2013-07-28
4289,4,330,10,2,KGID104289,Qasim,1985-01-25,M,O+,0,2002-04-22
4290,4,330,10,6,KGID104290,Andrew,1987-08-16,M,A+,0,2005-04-03
4291,4,330,10,4,KGID104291,Tarak,1977-01-27,M,O-,0,2014-06-09
4292,4,330,7,5,KGID104292,Abeer,1987-04-04,M,A+,0,1998-10-15
4293,4,330,7,2,KGID104293,Dev,1998-10-24,M,O-,0,2008-02-04
4294,4,330,10,2,KGID104294,Vihaan,1997-10-31,M,B+,0,1996-11-23
4295,4,331,9,4,KGID104295,Chanchal,1972-07-23,F,B-,0,2017-01-01
4296,4,331,10,4,KGID104296,Ojasvi,1977-05-17,F,AB+,0,2013-10-22
4297,4,331,10,1,KGID104297,Elijah,1986-05-07,M,B-,0,2012-11-09
4298,4,331,7,4,KGID104298,Ekaja,1980-01-18,F,B+,0,2009-06-07
4299,4,331,10,3,KGID104299,Qabil,1986-04-30,M,O-,0,2014-09-06
4300,4,331,10,6,KGID104300,Lopa,1983-09-08,F,A-,0,2007-03-30
4301,4,331,10,5,KGID104301,Qabil,1984-12-26,M,B+,0,2006-09-21
4302,4,331,9,2,KGID104302,Lohit,1998-06-10,M,O+,0,2008-03-16
4303,4,331,9,1,KGID104303,Nihal,1984-12-04,M,A-,0,1997-06-04
4304,4,331,7,6,KGID104304,Owen,1970-02-05,M,A+,0,2018-09-30
4305,4,331,9,1,KGID104305,Tara,1976-01-08,F,B-,0,2019-10-19
4306,4,332,10,5,KGID104306,Arin,1987-07-19,M,B+,0,2025-07-13
4307,4,332,9,1,KGID104307,Aishani,1972-11-22,F,O-,0,2003-08-16
4308,4,332,7,5,KGID104308,Jeremiah,1991-04-13,M,B+,0,2020-06-17
4309,4,332,10,4,KGID104309,Aryan,1974-12-01,M,A-,0,2004-12-29
4310,4,332,9,5,KGID104310,Yatan,1992-07-21,M,O-,0,2018-03-25
4311,4,332,7,3,KGID104311,Ekaraj,1984-07-24,M,B-,0,2007-12-09
4312,4,332,10,6,KGID104312,George,1974-02-02,M,O-,0,2020-12-26
4313,4,332,10,6,KGID104313,Shaurya,1979-04-26,M,O-,0,2003-03-24
4314,4,332,10,3,KGID104314,Jonathan,1977-06-07,M,A-,0,2008-04-15
4315,4,332,10,3,KGID104315,Ekbal,1980-09-06,M,A-,0,1996-11-27
4316,4,332,5,3,KGID104316,Balendra,1983-01-06,M,O+,0,2022-03-02
4317,4,332,10,6,KGID104317,Azad,1973-05-02,M,A+,0,2000-05-03
4318,4,332,6,5,KGID104318,Qabil,2001-08-16,M,O-,0,2001-07-12
4319,4,332,9,2,KGID104319,Advay,1970-03-20,M,O-,0,2014-05-10
4320,4,332,5,3,KGID104320,Maanas,1979-03-27,M,A+,0,1997-10-30
4321,4,332,10,1,KGID104321,Ekavir,1989-06-29,M,A-,0,2003-10-23
4322,4,332,9,6,KGID104322,Aayush,1993-08-01,M,B-,0,2015-04-18
4323,4,332,7,5,KGID104323,Ayush,1988-05-14,M,O+,0,2002-05-16
4324,4,332,9,5,KGID104324,Ekapad,1978-07-29,M,O-,0,2016-05-31
4325,4,332,10,2,KGID104325,Nachiket,2002-10-13,M,O+,0,2004-09-03
4326,4,333,10,4,KGID104326,Vidhi,1971-03-21,F,B-,0,1999-01-19
4327,4,333,10,4,KGID104327,Charita,1997-09-26,F,O+,0,2005-05-31
4328,4,333,10,3,KGID104328,Onveer,2002-09-03,M,A+,0,2007-08-21
4329,4,333,9,4,KGID104329,Noah,1984-08-21,M,A+,0,2003-01-29
4330,4,333,6,1,KGID104330,Ishaan,1989-02-19,M,B+,0,2006-03-26
4331,4,333,10,4,KGID104331,Widisha,1978-12-22,F,O+,0,2005-10-16
4332,4,333,10,5,KGID104332,Varsha,1988-10-04,F,B+,0,2001-05-02
4333,4,333,10,1,KGID104333,Tanmayi,2002-08-06,F,O-,0,2000-12-03
4334,4,333,9,5,KGID104334,Falan,2002-07-07,M,B+,0,2024-05-25
4335,4,333,10,3,KGID104335,Lavanya,1990-06-17,F,B-,0,2014-06-18
4336,4,333,9,6,KGID104336,Kabir,1969-05-21,M,AB+,0,2024-05-18
4337,4,333,5,5,KGID104337,Wakeeta,1975-06-05,F,O+,0,2007-11-23
4338,4,333,10,4,KGID104338,Vansha,1997-11-09,F,O-,0,2019-12-10
4339,4,333,10,1,KGID104339,Om,1968-08-08,M,B-,0,2009-09-16
4340,4,333,7,1,KGID104340,Oscar,1978-09-02,M,A-,0,2009-12-02
4341,4,333,10,2,KGID104341,Samaksh,1975-09-26,M,A+,0,2017-03-15
4342,4,334,10,3,KGID104342,Abhiram,1968-08-26,M,O-,0,2011-02-21
4343,4,334,5,6,KGID104343,Vinaya,1972-09-30,F,O-,0,2007-11-01
4344,4,334,10,1,KGID104344,Balvan,1975-02-18,M,A-,0,2005-08-08
4345,4,334,6,6,KGID104345,Deepa,1997-12-20,F,A+,0,1999-06-30
4346,4,334,6,1,KGID104346,Laban,1978-11-13,M,A+,0,2023-02-16
4347,4,334,10,6,KGID104347,Nihal,1978-10-25,M,A+,0,2024-05-07
4348,4,334,10,3,KGID104348,Balendra,1975-07-31,M,B+,0,2001-07-13
4349,4,334,10,3,KGID104349,Warhi,1999-11-22,F,B-,0,2019-09-22
4350,4,334,6,4,KGID104350,Hardik,2001-02-13,M,O-,0,2001-04-19
4351,4,334,6,4,KGID104351,Anthony,1986-05-09,M,B+,0,2006-05-11
4352,4,334,10,3,KGID104352,Shaurya,1997-03-07,M,A-,0,2021-10-28
4353,4,334,10,4,KGID104353,Jagrati,1994-08-18,F,O-,0,1998-11-06
4354,4,334,10,5,KGID104354,Varsha,2000-01-23,F,A+,0,2025-01-20
4355,4,335,9,3,KGID104355,Riya,1998-02-12,F,AB+,0,2004-04-30
4356,4,335,10,4,KGID104356,Frederick,1978-11-25,M,O+,0,2013-07-07
4357,4,335,10,5,KGID104357,Baljiwan,1980-05-31,M,B+,0,2002-01-12
4358,4,335,10,2,KGID104358,Qadim,1984-03-14,M,A-,0,2009-09-08
4359,4,335,6,2,KGID104359,Zaid,1971-09-23,M,O+,0,2018-07-02
4360,4,335,10,6,KGID104360,Aarush,1991-07-06,M,O-,0,2016-08-29
4361,4,335,10,2,KGID104361,Tanay,1969-08-30,M,AB+,0,2005-02-17
4362,4,335,10,1,KGID104362,Jack,1975-06-16,M,B-,0,2007-04-21
4363,4,335,7,2,KGID104363,Anthony,1969-05-02,M,B-,0,2018-10-05
4364,4,335,10,3,KGID104364,Bakhshi,1997-08-21,M,A-,0,2004-11-16
4365,4,335,9,5,KGID104365,Ekaraj,1973-03-11,M,O+,0,2023-02-25
4366,4,336,10,5,KGID104366,Upkaar,1972-04-24,M,B-,0,1999-11-15
4367,4,336,10,6,KGID104367,Tanish,1986-12-26,M,O-,0,2006-06-07
4368,4,336,5,3,KGID104368,Champak,1971-05-24,M,AB+,0,2018-01-16
4369,4,336,10,3,KGID104369,Kevin,1971-08-13,M,A+,0,1997-12-03
4370,4,336,10,5,KGID104370,Jonathan,1989-05-08,M,A+,0,2020-07-31
4371,4,336,10,2,KGID104371,Upkaar,1995-03-08,M,O-,0,1998-12-22
4372,4,336,7,3,KGID104372,Darpan,1989-03-20,M,AB+,0,2011-01-03
4373,4,336,6,3,KGID104373,Yatan,1978-11-24,M,A+,0,2023-08-16
4374,4,336,10,5,KGID104374,Maya,1979-08-02,F,O+,0,2021-11-30
4375,4,336,9,3,KGID104375,Sara,1992-07-18,F,O+,0,1996-09-07
4376,4,336,10,2,KGID104376,Faqid,1968-08-06,M,AB+,0,2005-12-04
4377,4,336,10,5,KGID104377,Kai,1989-05-03,M,B+,0,2004-12-18
4378,4,336,10,2,KGID104378,Keya,1973-07-02,F,B+,0,2014-08-31
4379,4,337,5,4,KGID104379,Jyoti,1980-09-20,F,A+,0,2008-02-16
4380,4,337,6,5,KGID104380,Michael,1994-07-16,M,A+,0,2007-06-27
4381,4,337,9,2,KGID104381,Wahab,1978-01-01,M,A+,0,2012-11-10
4382,4,337,10,6,KGID104382,Harrison,1992-07-23,M,A+,0,2004-10-17
4383,4,337,7,4,KGID104383,Simon,1998-10-13,M,O+,0,2003-04-28
4384,4,337,10,2,KGID104384,Peter,1984-09-02,M,AB+,0,2006-04-22
4385,4,337,10,5,KGID104385,Azaan,1993-07-13,M,A-,0,2003-12-29
4386,4,337,7,2,KGID104386,Chanakya,1982-12-31,M,O+,0,2014-12-22
4387,4,337,10,4,KGID104387,Aarav,1998-11-10,M,AB+,0,2010-04-26
4388,4,337,9,4,KGID104388,Jhalak,1978-07-07,F,A-,0,2002-07-13
4389,4,337,10,4,KGID104389,Ojasvi,1972-04-14,F,B+,0,2011-04-28
4390,4,337,6,6,KGID104390,Harsh,1998-05-17,M,O-,0,1996-07-25
4391,4,337,10,5,KGID104391,Sara,1969-06-22,F,A-,0,2004-12-18
4392,4,337,7,1,KGID104392,Balendra,1983-10-04,M,A+,0,2020-01-06
4393,4,337,9,5,KGID104393,Raghav,2001-09-24,M,A+,0,2000-08-29
4394,4,337,6,6,KGID104394,Fitan,1993-06-13,M,O+,0,2015-10-22
4395,4,338,9,6,KGID104395,Lakshit,1995-01-08,M,A-,0,2011-11-27
4396,4,338,7,4,KGID104396,Rachit,1994-12-09,M,O+,0,2014-01-20
4397,4,338,9,5,KGID104397,Girik,1990-12-29,M,O-,0,2022-06-02
4398,4,338,9,4,KGID104398,Pavani,1969-03-09,F,A-,0,2021-01-19
4399,4,338,6,3,KGID104399,Jai,1978-11-22,M,O-,0,2021-12-27
4400,4,338,9,5,KGID104400,Madhav,1972-06-05,M,O+,0,2017-03-16
4401,4,338,9,1,KGID104401,Upkaar,1973-04-15,M,O-,0,2016-02-07
4402,4,338,10,6,KGID104402,Thomas,1984-10-23,M,A-,0,2003-10-04
4403,4,338,7,6,KGID104403,Dalbir,1987-09-04,M,O-,0,2014-11-25
4404,4,338,10,5,KGID104404,Warjas,1968-03-07,M,A-,0,1998-07-22
4405,4,338,6,1,KGID104405,Vihaan,1987-07-29,M,AB+,0,2013-07-19
4406,4,338,9,3,KGID104406,Xavier,1981-02-26,M,O+,0,2024-07-26
4407,4,338,7,2,KGID104407,Osha,1978-09-11,F,AB+,0,2020-07-20
4408,4,338,9,4,KGID104408,Alka,2002-10-17,F,A-,0,2012-08-27
4409,4,338,10,1,KGID104409,Zashil,1993-08-03,M,B+,0,1999-10-14
4410,4,338,10,5,KGID104410,Yash,1991-06-07,M,A+,0,2000-08-23
4411,4,338,9,4,KGID104411,Ekbal,1983-01-15,M,O-,0,2024-03-24
4412,4,338,6,5,KGID104412,Kevin,1986-04-21,M,A+,0,2002-05-20
4413,4,338,7,6,KGID104413,Zaid,1982-10-13,M,O-,0,2007-03-01
4414,4,339,6,1,KGID104414,Om,1983-06-03,M,AB+,0,2007-05-10
4415,4,339,10,5,KGID104415,Sarthak,1982-01-18,M,O-,0,1996-10-15
4416,4,339,10,3,KGID104416,Sarthak,1994-07-16,M,A+,0,1998-03-27
4417,4,339,7,5,KGID104417,Avi,1985-05-15,M,O-,0,2006-06-11
4418,4,339,5,1,KGID104418,Charles,1990-08-25,M,O-,0,2017-01-24
4419,4,339,10,4,KGID104419,Ayaan,1995-06-17,M,A+,0,2006-07-23
4420,4,339,9,5,KGID104420,Chandran,1981-09-05,M,A+,0,2017-06-22
4421,4,339,9,5,KGID104421,Yauvani,1975-01-23,F,AB+,0,1999-12-08
4422,4,339,10,1,KGID104422,Ojas,1995-01-16,M,B+,0,2024-07-27
4423,4,339,10,5,KGID104423,Teerth,1993-03-14,M,O+,0,2003-04-13
4424,4,339,6,6,KGID104424,Sarthak,1987-10-05,M,A+,0,2003-11-26
4425,4,339,6,3,KGID104425,Girik,1978-08-30,M,B+,0,2019-05-06
4426,4,339,10,3,KGID104426,Banjeet,1973-12-03,M,B-,0,1999-06-19
4427,4,339,10,4,KGID104427,Onveer,1995-10-28,M,B+,0,2014-05-20
4428,4,339,7,5,KGID104428,Tarak,1990-11-23,M,B-,0,2012-03-21
4429,4,339,10,2,KGID104429,Jagdish,1977-10-28,M,O-,0,2011-12-10
4430,4,339,9,5,KGID104430,Logan,1990-02-27,M,O+,0,2010-04-21
4431,4,339,6,4,KGID104431,Harinakshi,1969-01-23,F,A+,0,2000-08-08
4432,4,339,9,2,KGID104432,Ekani,1984-02-24,F,A+,0,2002-12-17
4433,4,340,10,4,KGID104433,Bishakha,1992-08-15,F,A-,0,2004-01-11
4434,4,340,6,1,KGID104434,Chaitanya,1992-06-06,M,AB+,0,2016-08-02
4435,4,340,7,1,KGID104435,Manbir,1990-12-13,M,B-,0,2023-10-21
4436,4,340,10,4,KGID104436,Gagan,1981-03-09,M,B+,0,2001-03-03
4437,4,340,9,4,KGID104437,Dayamai,1983-03-19,F,O-,0,2021-01-25
4438,4,340,10,2,KGID104438,Champak,1984-02-24,M,O+,0,2017-06-08
4439,4,340,6,3,KGID104439,Abdul,2000-01-03,M,A+,0,2024-02-20
4440,4,340,10,1,KGID104440,Jagdish,1976-04-20,M,A-,1,2023-06-17
4441,4,340,6,6,KGID104441,Fiyaz,1984-01-10,M,B+,0,2005-01-05
4442,4,340,9,3,KGID104442,Damini,1980-04-05,F,AB+,0,2007-11-11
4443,4,340,10,1,KGID104443,Chaitanya,2002-04-04,M,A+,0,2009-01-28
4444,4,340,10,4,KGID104444,Chaitanya,1996-07-18,M,B+,0,1998-11-26
4445,4,340,10,4,KGID104445,Ansh,1977-01-04,M,B+,0,2008-07-02
4446,4,340,10,6,KGID104446,Rudra,1999-07-21,M,O+,0,2018-06-13
4447,4,341,7,2,KGID104447,Ekavir,2002-04-27,M,A-,0,2024-08-08
4448,4,341,10,4,KGID104448,Chandresh,1987-09-23,M,A-,0,2002-05-11
4449,4,341,10,6,KGID104449,Guneet,1975-05-16,M,O-,0,2023-06-06
4450,4,341,9,6,KGID104450,Kiaan,1999-06-09,M,A+,0,1997-03-01
4451,4,341,9,3,KGID104451,Samar,1976-07-26,M,A-,0,2014-09-28
4452,4,341,6,3,KGID104452,Rohan,1979-12-03,M,A+,0,2004-09-17
4453,4,341,6,3,KGID104453,Maanav,1986-10-05,M,A-,0,2018-02-10
4454,4,341,6,1,KGID104454,Qabil,1988-09-22,M,AB+,0,2020-03-28
4455,4,341,9,4,KGID104455,Utkarsh,1972-12-23,M,O-,0,2021-09-13
4456,4,341,10,1,KGID104456,Dhruv,1978-11-04,M,O-,0,1997-07-26
4457,4,341,10,6,KGID104457,Yashvi,2003-06-22,F,O-,0,1998-08-14
4458,4,341,6,5,KGID104458,Rohan,1976-08-07,M,A-,0,2002-07-28
4459,4,341,9,2,KGID104459,Darika,1996-05-29,F,A-,0,1999-06-07
4460,4,341,10,5,KGID104460,Girik,2000-06-30,M,B+,0,2010-07-31
4461,4,341,10,4,KGID104461,Udant,1992-07-13,M,AB+,0,2023-12-01
4462,4,342,7,5,KGID104462,Benjamin,1968-04-14,M,A+,0,2004-02-17
4463,4,342,5,2,KGID104463,Noah,1972-11-28,M,A-,0,1998-07-18
4464,4,342,5,2,KGID104464,Dayita,1970-03-11,F,A-,0,2018-08-03
4465,4,342,10,2,KGID104465,Ojas,1979-12-20,M,A+,0,2005-07-30
4466,4,342,6,2,KGID104466,Yuvraj,1968-08-19,M,A+,0,1998-09-24
4467,4,342,10,4,KGID104467,Xavier,1985-12-21,M,B+,0,2014-03-31
4468,4,342,10,1,KGID104468,Ekapad,1978-11-14,M,B-,0,2013-09-16
4469,4,342,6,3,KGID104469,Hardik,1998-12-15,M,A+,0,2003-02-04
4470,4,342,10,2,KGID104470,Jack,1994-04-27,M,O-,0,2023-02-18
4471,4,342,9,6,KGID104471,Pranav,1975-10-19,M,A-,0,2019-05-03
4472,4,342,6,2,KGID104472,Krisha,2003-04-17,F,O-,0,2016-02-08
4473,4,342,10,6,KGID104473,Yauvani,1968-11-18,F,B-,0,2021-05-26
4474,4,343,5,5,KGID104474,Abhimanyu,1994-06-18,M,AB+,0,2002-05-04
4475,4,343,10,4,KGID104475,Timothy,1973-12-18,M,O-,0,2007-12-04
4476,4,343,10,3,KGID104476,Aarav,1996-03-29,M,O-,0,2013-11-16
4477,4,343,10,4,KGID104477,Abhimanyu,1975-01-04,M,A+,0,2007-11-02
4478,4,343,10,2,KGID104478,Udyati,1994-08-30,F,O+,0,2004-04-22
4479,4,343,7,2,KGID104479,Matthew,1998-04-01,M,A+,0,2021-01-20
4480,4,343,10,6,KGID104480,Raghav,1979-03-06,M,B-,0,2019-07-28
4481,4,343,10,1,KGID104481,Aadhya,1996-08-16,F,A+,0,2015-11-09
4482,4,343,10,4,KGID104482,Ethan,1982-02-25,M,B-,0,2021-09-06
4483,4,343,10,5,KGID104483,Pranav,1994-12-24,M,A-,0,2017-05-10
4484,4,344,9,1,KGID104484,Max,1986-05-25,M,A+,0,1998-12-01
4485,4,344,10,5,KGID104485,Neel,1985-03-03,M,A+,0,2018-06-25
4486,4,344,9,1,KGID104486,Karan,2001-11-11,M,B+,0,2008-03-24
4487,4,344,9,2,KGID104487,Qarin,1977-02-20,M,A+,0,2005-09-28
4488,4,344,10,1,KGID104488,Teerth,1982-01-12,M,B-,0,2008-08-10
4489,4,344,7,4,KGID104489,Odika,1993-04-16,F,B+,0,2011-06-06
4490,4,344,6,3,KGID104490,Fitan,1987-02-24,M,O-,0,2014-02-23
4491,4,344,7,1,KGID104491,Nihal,2000-05-09,M,AB+,0,2011-01-04
4492,4,344,6,1,KGID104492,Nachiket,1976-04-18,M,AB+,0,2008-09-23
4493,4,344,10,4,KGID104493,Tanveer,1978-04-27,M,A+,1,2004-09-20
4494,4,344,10,3,KGID104494,Falan,1975-05-18,M,O+,0,1998-04-07
4495,4,344,10,3,KGID104495,Warda,1975-11-25,F,B+,0,2022-10-13
4496,4,344,10,2,KGID104496,Chaitanya,1979-10-07,M,B+,0,2013-07-22
4497,4,345,10,6,KGID104497,Aditya,1972-10-01,M,B-,0,2014-04-23
4498,4,345,10,4,KGID104498,Shivansh,2000-08-27,M,O-,0,2009-01-02
4499,4,345,10,1,KGID104499,Vrinda,1973-07-09,F,B+,0,2018-10-25
4500,4,345,9,3,KGID104500,Daksh,1990-07-01,M,A+,0,2024-07-28
4501,4,345,10,6,KGID104501,Naksh,1972-06-07,M,AB+,0,2024-11-08
4502,4,345,9,6,KGID104502,Mohammed,1975-09-19,M,B+,0,2012-01-01
4503,4,345,7,5,KGID104503,Ayush,1989-12-05,M,A-,0,2004-01-10
4504,4,345,10,1,KGID104504,Dakshesh,2001-09-10,M,A-,0,1999-08-13
4505,4,345,6,5,KGID104505,Azaan,1967-12-16,M,O-,0,2009-06-21
4506,4,345,9,4,KGID104506,Meera,1990-01-24,F,O-,0,2022-09-25
4507,4,345,6,4,KGID104507,Faraj,1998-03-03,M,O+,0,2020-08-17
4508,4,345,6,5,KGID104508,Onkar,1972-05-18,M,B-,0,1996-08-14
4509,4,346,5,1,KGID104509,Samarth,1972-03-23,M,A-,0,2002-10-11
4510,4,346,10,5,KGID104510,Girindra,1987-03-04,M,B-,0,2001-08-29
4511,4,346,9,1,KGID104511,Eta,1976-10-13,F,A-,0,2018-01-31
4512,4,346,10,5,KGID104512,Yuvraj,1981-03-01,M,B+,0,2010-12-09
4513,4,346,10,5,KGID104513,Anirudh,1991-03-18,M,B-,0,2006-11-09
4514,4,346,6,2,KGID104514,Yug,1978-12-31,M,AB+,0,2018-07-18
4515,4,346,10,2,KGID104515,Bakhshi,1968-02-17,M,O-,0,1999-01-22
4516,4,346,9,5,KGID104516,Kiaan,1989-12-25,M,AB+,0,2014-11-30
4517,4,346,10,2,KGID104517,Urmi,1981-10-10,F,A+,0,2012-05-26
4518,4,346,10,3,KGID104518,Sai,2000-08-03,F,AB+,0,2014-11-03
4519,4,346,10,1,KGID104519,Avi,1975-04-04,M,B+,0,2025-04-30
4520,4,347,6,2,KGID104520,Faraj,2001-04-18,M,O-,0,2013-04-15
4521,4,347,10,2,KGID104521,Deepa,1982-06-25,F,O-,0,2005-12-02
4522,4,347,10,5,KGID104522,Hitesh,1993-01-18,M,AB+,0,2020-05-14
4523,4,347,7,4,KGID104523,Balvan,1980-07-13,M,AB+,0,1998-04-21
4524,4,347,10,5,KGID104524,Ansh,1968-05-12,M,A-,0,2013-04-10
4525,4,347,5,1,KGID104525,Yuvraj,1987-04-25,M,O+,0,1999-12-03
4526,4,347,10,1,KGID104526,Ronith,1982-11-11,M,AB+,0,2025-03-22
4527,4,347,10,2,KGID104527,Gaurav,1993-06-05,M,B+,0,1996-10-16
4528,4,347,9,5,KGID104528,Lohit,1976-06-06,M,B-,0,2022-07-27
4529,4,347,7,6,KGID104529,Arin,2002-12-07,M,B-,0,2019-07-01
4530,4,347,9,6,KGID104530,Vihaan,1971-11-24,M,O+,0,1997-04-17
4531,4,347,5,5,KGID104531,Dayamai,1969-08-13,F,AB+,0,2004-08-07
4532,4,347,10,1,KGID104532,Balhaar,1970-12-06,M,A+,0,2007-10-22
4533,4,347,5,5,KGID104533,Omaja,1990-03-02,F,O+,0,2020-03-21
4534,4,347,10,1,KGID104534,Chaitanya,1990-12-24,M,B-,0,2020-07-06
4535,4,347,10,1,KGID104535,Yahvi,1994-09-01,F,A-,0,2004-01-04
4536,4,347,7,5,KGID104536,Zashil,1983-05-30,M,B-,0,2018-05-26
4537,4,347,9,5,KGID104537,Vivaan,1986-10-10,M,O-,0,2004-01-09
4538,4,347,10,3,KGID104538,Damyanti,1972-03-07,F,O-,0,2015-03-21
4539,4,348,10,2,KGID104539,Rishi,1989-04-05,M,O+,0,2020-03-18
4540,4,348,10,5,KGID104540,Rushil,1999-10-26,M,A-,0,2010-09-19
4541,4,348,6,3,KGID104541,Chandresh,1988-01-17,M,O-,0,2000-07-01
4542,4,348,7,1,KGID104542,Nakul,1997-02-03,M,A+,0,1999-01-13
4543,4,348,9,1,KGID104543,Qabil,1982-07-02,M,O-,0,1998-10-05
4544,4,348,6,6,KGID104544,Champak,2001-10-28,M,A-,0,2012-12-10
4545,4,348,10,4,KGID104545,Elijah,1975-07-06,M,A-,0,2004-03-17
4546,4,348,10,4,KGID104546,Vivaan,1974-02-09,M,B+,0,2014-12-26
4547,4,349,10,3,KGID104547,Balvan,1998-02-23,M,B-,0,2023-11-01
4548,4,349,10,3,KGID104548,Caleb,1974-09-02,M,B-,0,2009-04-07
4549,4,349,10,2,KGID104549,Hardik,1995-08-15,M,O+,1,2025-04-23
4550,4,349,10,2,KGID104550,Wahab,1968-06-17,M,A-,0,2008-07-29
4551,4,349,5,5,KGID104551,Abeer,1977-10-06,M,B-,0,2013-12-17
4552,4,349,7,1,KGID104552,Shivansh,1971-04-28,M,B-,0,2019-12-07
4553,4,349,10,5,KGID104553,Manan,1986-04-16,M,A+,0,1997-01-13
4554,4,349,10,1,KGID104554,Sanya,2001-09-14,F,A+,0,2013-04-08
4555,4,349,10,4,KGID104555,Qarin,2001-07-31,M,AB+,0,1996-12-23
4556,4,349,9,5,KGID104556,Sai,2000-01-23,M,B+,0,2019-05-16
4557,4,349,7,6,KGID104557,Ikbal,1986-11-08,M,B+,0,2011-08-03
4558,4,349,9,6,KGID104558,Nikita,1980-01-09,F,AB+,0,2019-09-12
4559,4,349,10,3,KGID104559,Faras,1988-08-24,M,A-,0,2003-06-24
4560,4,350,10,3,KGID104560,Falan,1998-02-07,M,B+,0,2013-03-08
4561,4,350,7,3,KGID104561,Jeet,1982-03-17,M,O+,0,1996-09-25
4562,4,350,6,6,KGID104562,Chatresh,1991-12-18,M,B+,0,2017-08-06
4563,4,350,10,2,KGID104563,Nisha,1987-03-08,F,O-,0,2006-06-13
4564,4,350,5,1,KGID104564,Orinder,1993-02-26,M,A-,0,2007-10-22
4565,4,350,10,6,KGID104565,Aryan,1974-06-19,M,B-,0,2010-02-20
4566,4,350,5,3,KGID104566,Daksha,1981-12-05,F,AB+,0,2024-11-05
4567,4,350,10,4,KGID104567,Nihal,1976-02-24,M,A+,0,2018-01-11
4568,4,351,10,3,KGID104568,Yuvraj,1976-07-30,M,O-,0,2003-01-17
4569,4,351,6,6,KGID104569,Agastya,1980-09-29,M,B+,0,2008-02-17
4570,4,351,9,4,KGID104570,Isha,1970-02-02,F,B-,0,2002-08-20
4571,4,351,6,4,KGID104571,Barkha,2001-01-20,F,B+,0,2017-03-28
4572,4,351,10,5,KGID104572,Farhan,1984-06-03,M,AB+,0,2002-03-25
4573,4,351,9,5,KGID104573,Bahadurjit,1985-06-19,M,O-,0,2015-10-05
4574,4,351,10,4,KGID104574,Harsh,1969-03-19,M,O-,0,2015-04-25
4575,4,351,10,2,KGID104575,Aarnav,1982-11-15,M,O+,0,2013-05-10
4576,4,351,6,5,KGID104576,Chatura,1974-01-23,M,O+,0,2004-11-10
4577,4,351,10,2,KGID104577,Wriddhish,1968-06-09,M,B+,0,2001-02-21
4578,4,351,6,3,KGID104578,Xiti,1972-12-01,F,A+,0,2008-11-24
4579,4,351,7,4,KGID104579,Ranveer,1975-01-25,M,A-,0,2002-09-16
4580,4,351,10,6,KGID104580,Anirudh,1975-08-10,M,AB+,0,2008-07-03
4581,4,351,7,2,KGID104581,Sathvik,1978-03-18,M,O+,0,2021-09-05
4582,4,352,5,6,KGID104582,Madhav,2002-12-09,M,B-,0,2009-03-15
4583,4,352,6,1,KGID104583,Wriddhish,1979-10-24,M,A+,0,2012-01-19
4584,4,352,7,5,KGID104584,Krishna,1991-10-01,M,A-,0,2011-07-08
4585,4,352,10,6,KGID104585,Azad,1968-06-21,M,AB+,0,2021-12-23
4586,4,352,7,3,KGID104586,Zashil,1995-01-25,M,A-,0,2011-01-31
4587,4,352,10,1,KGID104587,Gavin,1985-02-08,M,A-,0,2002-10-15
4588,4,352,10,1,KGID104588,Tanveer,2001-11-14,M,AB+,0,2018-04-22
4589,4,352,10,1,KGID104589,Kashvi,1992-11-12,F,O-,0,2007-10-13
4590,4,352,10,3,KGID104590,Arjun,1968-06-18,M,O+,0,2020-12-11
4591,4,352,10,6,KGID104591,Qadim,1968-06-11,M,B+,0,2015-11-27
4592,4,352,7,1,KGID104592,Laban,1986-11-19,M,O+,0,1997-10-13
4593,4,352,10,2,KGID104593,Tanmayi,2001-04-03,F,AB+,0,2020-04-04
4594,4,352,9,5,KGID104594,Madhav,1972-11-19,M,AB+,0,2024-10-01
4595,4,352,10,6,KGID104595,Balendra,2002-09-17,M,B+,0,2007-06-27
4596,4,352,6,5,KGID104596,Falan,1980-11-20,M,A-,0,2018-07-09
4597,4,352,10,3,KGID104597,Alexander,1995-05-09,M,A+,0,2015-08-13
4598,4,352,6,4,KGID104598,Abeer,1968-09-06,M,O-,0,2002-10-25
4599,4,352,7,6,KGID104599,Ekavir,1972-10-24,M,A+,0,2014-03-27
4600,4,352,7,4,KGID104600,Dhruv,1992-11-12,M,A+,0,2016-06-09
4601,4,352,9,4,KGID104601,Andrew,1978-12-06,M,B+,0,2013-01-17
4602,4,353,9,1,KGID104602,Zehaan,1968-03-15,M,B-,0,2018-01-15
4603,4,353,9,6,KGID104603,Ethan,2000-02-03,M,AB+,0,2011-09-21
4604,4,353,10,1,KGID104604,Tanveer,1988-03-24,M,B-,0,2001-12-07
4605,4,353,10,2,KGID104605,Henry,1998-07-20,M,O+,0,2000-11-18
4606,4,353,10,2,KGID104606,Faris,1999-04-02,M,A-,0,2023-06-04
4607,4,353,10,6,KGID104607,Omaja,1987-07-15,F,A+,0,1999-02-08
4608,4,353,9,1,KGID104608,Abhiram,1989-12-08,M,B-,0,2022-05-08
4609,4,353,10,4,KGID104609,David,1996-02-04,M,A+,0,2017-11-24
4610,4,353,7,4,KGID104610,Arjun,1991-05-03,M,O-,0,2005-06-19
4611,4,353,7,5,KGID104611,Yamini,1989-10-17,F,B-,1,2017-11-22
4612,4,353,9,1,KGID104612,Ekavir,1995-06-30,M,A-,0,2017-05-03
4613,4,353,10,4,KGID104613,Rayaan,2002-06-18,M,AB+,0,2012-05-14
4614,4,353,6,2,KGID104614,Manbir,2002-04-23,M,O-,0,2024-06-11
4615,4,354,7,3,KGID104615,Qasim,1978-12-15,M,O-,0,1997-06-17
4616,4,354,9,1,KGID104616,Eesha,1999-06-16,F,B+,0,2012-06-13
4617,4,354,10,2,KGID104617,Hardik,1996-11-13,M,B+,0,2004-09-15
4618,4,354,10,1,KGID104618,Anusha,2002-01-20,F,AB+,0,1997-04-06
4619,4,354,10,6,KGID104619,Chaitanya,2003-03-10,M,O-,0,2012-07-13
4620,4,354,9,4,KGID104620,Onkar,1993-04-19,M,B-,0,2014-10-12
4621,4,354,10,6,KGID104621,Wridesh,1992-07-09,M,O+,0,2005-06-10
4622,4,354,10,5,KGID104622,Wazir,1981-03-26,M,O-,1,2002-04-24
4623,4,355,6,2,KGID104623,George,1982-06-04,M,A+,0,2016-12-20
4624,4,355,6,3,KGID104624,Jason,1991-11-10,M,O-,0,2010-11-21
4625,4,355,9,1,KGID104625,Indrajit,1992-08-04,M,B+,0,2021-05-29
4626,4,355,6,6,KGID104626,Tanish,1980-11-03,M,A-,0,2017-03-11
4627,4,355,10,2,KGID104627,Harini,1992-03-09,F,B-,0,2008-02-06
4628,4,355,9,2,KGID104628,Aadi,1971-10-12,M,A-,0,2013-10-20
4629,4,355,10,1,KGID104629,Chandresh,1980-06-03,M,B+,0,2015-05-28
4630,4,355,10,4,KGID104630,Lakshit,1982-04-02,M,A-,0,2023-11-15
4631,4,355,10,2,KGID104631,George,2002-10-15,M,A+,0,2023-06-26
4632,4,355,10,4,KGID104632,Tristan,2002-07-03,M,B-,0,2019-12-09
4633,4,355,9,4,KGID104633,Vasatika,1980-09-08,F,B-,0,2010-04-23
4634,4,355,10,6,KGID104634,Faqid,1999-05-27,M,O-,0,2008-02-07
4635,4,355,10,5,KGID104635,Vansha,1973-08-10,F,A+,0,2000-04-03
4636,4,356,10,3,KGID104636,Elijah,1989-11-04,M,AB+,0,1999-06-11
4637,4,356,10,5,KGID104637,Yuvraj,1972-04-29,M,O-,0,2009-11-14
4638,4,356,6,1,KGID104638,Harsh,1968-12-04,M,O+,0,2009-05-24
4639,4,356,10,1,KGID104639,Maanas,1971-03-29,M,B+,0,1996-08-25
4640,4,356,10,4,KGID104640,Jagdish,1993-09-06,M,O+,0,2024-07-14
4641,4,356,9,5,KGID104641,Patrick,1968-12-17,M,AB+,0,2005-02-12
4642,4,356,10,4,KGID104642,Omkaar,1994-10-27,M,O-,0,2011-05-22
4643,4,356,7,5,KGID104643,Dominic,1995-11-25,M,AB+,0,2013-04-14
4644,4,356,10,3,KGID104644,Yatan,1968-02-26,M,O-,0,2005-05-21
4645,4,356,6,3,KGID104645,Atharv,1989-03-16,M,O-,0,2006-12-15
4646,4,356,9,1,KGID104646,Hritik,1998-10-09,M,O+,0,2002-01-07
4647,4,356,9,1,KGID104647,Naksh,1990-10-14,M,O-,0,2010-03-17
4648,4,356,10,3,KGID104648,Faraj,2000-01-11,M,O-,0,2008-12-02
4649,5,357,7,4,KGID104649,Damini,1968-03-11,F,B-,0,2006-09-29
4650,5,357,9,3,KGID104650,Oliver,1979-06-26,M,B+,0,2006-11-15
4651,5,357,6,3,KGID104651,Daksh,1980-01-31,M,O-,0,2005-10-05
4652,5,357,6,6,KGID104652,Falan,1988-06-17,M,AB+,0,2003-05-08
4653,5,357,10,2,KGID104653,Samuel,1988-06-23,M,O+,0,1999-02-14
4654,5,357,7,4,KGID104654,Thomas,2000-10-12,M,B+,0,1998-05-03
4655,5,357,9,3,KGID104655,Reyansh,1982-02-18,M,A+,0,2022-03-12
4656,5,357,10,4,KGID104656,Jeremiah,2001-02-18,M,B-,0,2002-06-15
4657,5,357,10,1,KGID104657,Naksh,1995-10-20,M,O-,0,1999-07-07
4658,5,357,10,6,KGID104658,Nihal,1976-04-30,M,A-,0,2013-04-24
4659,5,357,10,2,KGID104659,Viraj,1988-11-11,M,O+,0,2000-04-08
4660,5,357,9,6,KGID104660,William,1981-06-22,M,A-,0,2016-06-12
4661,5,357,10,6,KGID104661,Girindra,1985-06-24,M,B-,0,2008-07-16
4662,5,357,6,5,KGID104662,Avi,1969-05-18,M,AB+,0,2016-06-17
4663,5,357,10,3,KGID104663,Omkaar,1982-12-01,M,O-,0,2001-09-11
4664,5,357,10,1,KGID104664,Siddharth,1997-12-04,M,B-,0,2024-12-08
4665,5,358,9,5,KGID104665,Daniel,2002-10-26,M,AB+,0,2001-03-22
4666,5,358,10,4,KGID104666,Ishita,1982-07-03,F,AB+,0,2025-01-23
4667,5,358,10,6,KGID104667,Chakradev,1984-07-17,M,B-,0,2005-07-22
4668,5,358,10,4,KGID104668,Girindra,1997-03-28,M,A-,0,1998-03-04
4669,5,358,7,3,KGID104669,Isaiah,1972-01-21,M,O+,0,1997-10-09
4670,5,358,9,1,KGID104670,Wakeeta,1993-08-05,F,B+,0,2011-06-01
4671,5,358,10,2,KGID104671,Banjeet,1982-09-08,M,AB+,0,2019-12-26
4672,5,358,6,4,KGID104672,Jonathan,1986-11-10,M,B-,0,2019-01-02
4673,5,358,10,6,KGID104673,Qasim,1977-01-31,M,B+,0,2014-09-30
4674,5,358,10,4,KGID104674,Anmol,1983-12-21,M,O-,0,2013-01-05
4675,5,358,10,1,KGID104675,Vasana,1971-11-26,F,AB+,0,2019-06-15
4676,5,358,7,2,KGID104676,Wazir,1999-10-17,M,A-,0,2018-07-28
4677,5,358,10,5,KGID104677,Dalbir,1997-04-15,M,AB+,0,2016-01-29
4678,5,358,10,1,KGID104678,Jeet,1980-08-31,M,O-,0,1998-06-27
4679,5,358,10,2,KGID104679,Harshil,1983-12-20,M,B+,0,2009-12-11
4680,5,358,10,5,KGID104680,Darsh,2003-02-25,M,O-,0,2006-07-18
4681,5,358,5,3,KGID104681,Bahadurjit,1987-02-19,M,B+,0,2010-05-21
4682,5,359,10,4,KGID104682,Harrison,1977-04-13,M,A-,0,2021-02-27
4683,5,359,9,1,KGID104683,Abdul,1982-01-14,M,B+,0,2025-05-13
4684,5,359,6,4,KGID104684,Omkaar,1978-06-30,M,O-,0,2022-06-30
4685,5,359,10,1,KGID104685,Veer,1990-03-01,M,O+,0,1997-02-10
4686,5,359,10,4,KGID104686,Krish,1981-03-25,M,B+,0,2009-06-06
4687,5,359,9,1,KGID104687,Faqid,1990-05-19,M,O-,0,2018-11-11
4688,5,359,10,4,KGID104688,Nachiket,1988-10-04,M,AB+,0,2018-03-14
4689,5,359,10,2,KGID104689,Kashvi,1992-12-30,F,A-,0,2008-10-07
4690,5,359,6,3,KGID104690,Nakul,1979-01-14,M,A+,0,2007-06-13
4691,5,359,7,5,KGID104691,Daksh,1996-09-22,M,O+,0,2010-05-20
4692,5,359,7,2,KGID104692,Tanish,1999-10-10,M,B+,0,2011-08-28
4693,5,359,7,2,KGID104693,Caleb,1972-05-25,M,A-,0,1998-10-01
4694,5,360,10,4,KGID104694,Riya,2001-09-17,F,B+,0,2016-05-02
4695,5,360,5,5,KGID104695,Guneet,1999-01-05,M,O-,0,2010-08-20
4696,5,360,10,4,KGID104696,Andrew,1981-10-30,M,AB+,0,2021-07-12
4697,5,360,10,2,KGID104697,Vincent,1981-02-22,M,A-,0,2013-01-10
4698,5,360,10,4,KGID104698,Praneel,1976-12-21,M,O+,0,2000-02-24
4699,5,360,10,4,KGID104699,Charles,1977-01-17,M,B-,0,2010-04-04
4700,5,360,10,1,KGID104700,Anamika,1986-03-15,F,AB+,0,2008-11-07
4701,5,360,7,1,KGID104701,Divya,1982-10-15,F,B+,0,2025-07-14
4702,5,360,7,1,KGID104702,Luke,1982-05-05,M,A-,0,2023-02-11
4703,5,360,9,2,KGID104703,Urvi,1986-12-24,F,B+,0,2013-07-13
4704,5,361,6,2,KGID104704,Sai,1988-01-05,M,A-,0,1996-09-27
4705,5,361,9,1,KGID104705,Qadim,1971-10-01,M,A-,0,2008-05-09
4706,5,361,10,2,KGID104706,Oeshi,1969-02-22,F,B+,0,2014-03-20
4707,5,361,10,3,KGID104707,Ikbal,1992-10-24,M,A+,0,2022-01-20
4708,5,361,6,3,KGID104708,Lekha,1988-04-14,F,O+,0,2014-06-02
4709,5,361,9,6,KGID104709,Gunbir,2002-01-23,M,B+,1,1999-04-27
4710,5,361,7,6,KGID104710,Dominic,1982-08-09,M,A+,0,2020-02-03
4711,5,361,9,5,KGID104711,Yagnesh,1972-12-21,M,O-,0,2014-11-19
4712,5,361,10,2,KGID104712,Wahab,1976-08-30,M,O-,0,2003-08-28
4713,5,361,10,2,KGID104713,Jacob,1984-04-09,M,AB+,0,2025-02-27
4714,5,361,10,5,KGID104714,Pranit,1978-12-14,M,A+,0,2020-05-20
4715,5,361,9,6,KGID104715,Girik,1995-02-16,M,B+,0,2012-03-21
4716,5,361,7,3,KGID104716,Gaurika,2001-12-20,F,A+,0,2019-09-22
4717,5,362,7,5,KGID104717,Bahadurjit,2001-10-06,M,AB+,0,2015-03-15
4718,5,362,9,2,KGID104718,Dipta,2000-06-23,F,A+,0,2010-04-20
4719,5,362,9,2,KGID104719,Falan,1998-10-21,M,A+,0,2010-02-12
4720,5,362,10,2,KGID104720,Gautam,1997-09-30,M,A+,0,2011-08-22
4721,5,362,9,3,KGID104721,Faras,1974-02-16,M,B-,0,2016-03-23
4722,5,362,10,5,KGID104722,Sarthak,1998-02-23,M,O-,0,2014-07-09
4723,5,362,10,1,KGID104723,Veer,1981-02-23,M,B-,0,1998-05-25
4724,5,362,10,4,KGID104724,Wriddhish,1979-10-14,M,B+,0,2001-03-27
4725,5,362,10,3,KGID104725,Jagvi,1991-10-03,F,B+,0,2016-06-27
4726,5,362,6,3,KGID104726,Teerth,1967-08-31,M,AB+,0,2007-09-01
4727,5,362,7,5,KGID104727,Ira,1980-02-18,F,AB+,0,1998-08-03
4728,5,362,10,1,KGID104728,Chavvi,1979-02-06,F,A-,0,2008-04-12
4729,5,362,6,3,KGID104729,Wyatt,1992-10-09,M,O+,0,2002-12-08
4730,5,362,10,6,KGID104730,Wazir,1978-06-27,M,A+,0,2021-06-15
4731,5,362,6,3,KGID104731,Jackson,1990-11-09,M,A+,0,1997-10-10
4732,5,362,7,2,KGID104732,Bahadurjit,1975-11-07,M,A+,0,2010-05-13
4733,5,362,10,1,KGID104733,Finn,1983-01-03,M,A-,0,2013-10-30
4734,5,363,9,2,KGID104734,Aachal,1977-01-11,F,O+,0,2023-02-01
4735,5,363,10,6,KGID104735,Daksha,1981-06-03,F,O+,0,2000-03-03
4736,5,363,10,5,KGID104736,Harrison,1989-04-27,M,B+,0,2008-12-21
4737,5,363,7,3,KGID104737,Fitan,2003-01-27,M,B-,0,2000-08-13
4738,5,363,9,6,KGID104738,Lucky,1998-09-25,M,A+,0,2023-04-16
4739,5,363,9,4,KGID104739,Yuvraj,1975-05-11,M,AB+,0,2016-07-05
4740,5,363,10,2,KGID104740,Brinda,1972-05-03,F,B+,0,2022-03-08
4741,5,363,5,4,KGID104741,Gagan,1971-07-23,M,O+,0,2011-08-13
4742,5,363,6,2,KGID104742,Urvi,1976-05-16,F,O+,0,2011-06-28
4743,5,363,10,4,KGID104743,Chaitanya,1989-12-17,M,O+,0,2023-02-20
4744,5,363,9,3,KGID104744,Jai,1995-03-07,M,B-,0,2002-07-30
4745,5,363,7,2,KGID104745,Max,1999-12-15,M,O-,0,2021-06-26
4746,5,363,7,2,KGID104746,Akshay,1999-04-22,M,AB+,0,2009-06-06
4747,5,363,9,4,KGID104747,Fitan,1986-12-20,M,AB+,0,1996-12-14
4748,5,363,10,3,KGID104748,Bahadurjit,1972-10-16,M,B+,0,2002-09-07
4749,5,364,7,1,KGID104749,Zarna,1989-10-17,F,O-,0,1999-04-24
4750,5,364,10,2,KGID104750,Kabir,1993-03-14,M,O-,0,2001-03-20
4751,5,364,9,3,KGID104751,Amol,1973-01-25,M,B-,0,2005-09-11
4752,5,364,10,3,KGID104752,Baghyawati,1990-09-03,F,AB+,0,2005-04-09
4753,5,364,9,3,KGID104753,Qasim,1990-08-12,M,B+,0,2011-06-27
4754,5,364,6,2,KGID104754,Sarthak,1980-06-20,M,B+,0,2008-10-14
4755,5,364,9,2,KGID104755,Krish,1974-04-22,M,A-,0,2016-01-01
4756,5,364,7,4,KGID104756,Girish,1983-03-04,M,AB+,0,2020-12-28
4757,5,364,10,4,KGID104757,Zashil,1983-08-27,M,AB+,0,2012-09-26
4758,5,364,6,1,KGID104758,Bhavna,1971-06-07,F,A-,0,2000-02-25
4759,5,364,10,3,KGID104759,Caleb,1985-01-13,M,B-,0,2020-10-02
4760,5,364,9,1,KGID104760,Udant,1988-12-02,M,B-,0,2014-09-24
4761,5,364,10,2,KGID104761,Chandran,1981-01-20,M,A-,0,2024-01-19
4762,5,364,10,4,KGID104762,Warinder,1991-04-03,M,A+,0,2024-10-03
4763,5,364,10,1,KGID104763,Anirudh,1995-08-12,M,B-,0,2020-01-22
4764,5,364,6,2,KGID104764,Lila,1996-10-25,F,AB+,0,2018-09-24
4765,5,364,10,4,KGID104765,Wyatt,1984-01-26,M,A+,0,2022-03-30
4766,5,364,6,1,KGID104766,Shivansh,1987-08-07,M,AB+,0,2020-12-18
4767,5,365,10,5,KGID104767,Agastya,1974-11-15,M,B-,0,2009-08-14
4768,5,365,9,2,KGID104768,Christopher,1970-06-18,M,AB+,0,1998-07-21
4769,5,365,10,4,KGID104769,Gavin,1999-07-31,M,B-,0,2002-01-22
4770,5,365,10,2,KGID104770,Simon,1985-04-23,M,O-,0,2011-08-23
4771,5,365,6,5,KGID104771,Laksh,1994-10-26,M,O+,0,2006-12-28
4772,5,365,10,2,KGID104772,Rachit,1971-08-13,M,B+,0,2004-09-14
4773,5,365,10,3,KGID104773,Lohit,1991-08-24,M,A+,0,2006-12-04
4774,5,365,10,4,KGID104774,Dakshesh,2001-02-07,M,B-,0,2021-10-30
4775,5,365,9,4,KGID104775,Ethan,1977-08-23,M,O-,0,2012-03-31
4776,5,365,10,3,KGID104776,Charita,2002-01-06,F,A-,0,2023-04-07
4777,5,366,6,4,KGID104777,Ati,1987-04-17,F,O-,0,2019-02-06
4778,5,366,10,5,KGID104778,Rehaan,1991-07-17,M,A-,0,2022-10-18
4779,5,366,6,4,KGID104779,Ria,1996-02-13,F,A-,0,2003-12-10
4780,5,366,10,2,KGID104780,Daksh,1969-03-02,M,A+,0,2020-02-01
4781,5,366,10,3,KGID104781,Chandresh,1995-02-23,M,O+,0,1998-11-17
4782,5,366,9,2,KGID104782,Manbir,1972-11-05,M,O+,0,2001-02-03
4783,5,366,7,5,KGID104783,Michael,1992-08-28,M,O-,0,2015-10-01
4784,5,366,9,1,KGID104784,Quincy,1991-11-19,M,B+,0,2009-04-28
4785,5,366,9,6,KGID104785,Frederick,1994-11-23,M,B+,0,2002-10-19
4786,5,366,10,5,KGID104786,Harsh,1992-12-21,M,A+,0,2020-03-25
4787,5,366,10,4,KGID104787,Jack,1968-01-31,M,B-,0,2022-08-25
4788,5,366,10,1,KGID104788,Thomas,2001-08-13,M,A-,0,1998-08-19
4789,5,366,10,3,KGID104789,Patrick,1987-06-21,M,AB+,0,1999-04-23
4790,5,366,10,6,KGID104790,Elijah,1982-07-02,M,O+,0,2022-12-20
4791,5,366,9,1,KGID104791,Yatan,1973-12-15,M,A-,0,2012-11-30
4792,5,366,10,6,KGID104792,Daniel,1992-10-12,M,AB+,0,2007-05-16
4793,5,366,9,4,KGID104793,Kalpit,1991-10-29,M,B-,0,2023-02-11
4794,5,367,5,5,KGID104794,George,1987-03-02,M,O+,0,2000-04-18
4795,5,367,10,4,KGID104795,Gagan,1986-01-02,M,A+,0,2009-02-05
4796,5,367,7,3,KGID104796,Zayyan,2000-06-30,M,AB+,0,2001-06-14
4797,5,367,9,6,KGID104797,Elijah,1989-09-02,M,AB+,0,1998-09-28
4798,5,367,6,1,KGID104798,Lucky,1987-02-12,M,O+,0,1996-08-24
4799,5,367,10,3,KGID104799,Varenya,1977-04-29,F,O-,0,2005-04-09
4800,5,367,10,1,KGID104800,Chaitanya,1994-04-17,M,B+,0,2005-09-18
4801,5,367,10,1,KGID104801,Lajita,1996-12-15,F,A+,0,2021-11-24
4802,5,367,10,4,KGID104802,Krish,1991-05-06,M,B-,0,2023-05-05
4803,5,367,10,2,KGID104803,Bachittar,1990-04-16,M,O+,0,1998-10-08
4804,5,367,10,1,KGID104804,Amruta,1996-05-09,F,B+,0,2010-09-12
4805,5,368,10,5,KGID104805,Nathan,1999-07-06,M,B+,0,1999-03-31
4806,5,368,9,6,KGID104806,Lohit,1985-04-01,M,B+,0,2020-04-21
4807,5,368,7,1,KGID104807,Rayaan,1992-01-08,M,A-,0,2000-01-08
4808,5,368,10,4,KGID104808,Rushil,1976-09-26,M,O-,0,2011-10-05
4809,5,368,10,1,KGID104809,Chatura,1986-03-13,M,A-,0,1998-07-25
4810,5,368,9,5,KGID104810,Matthew,1986-08-01,M,AB+,0,2024-06-21
4811,5,368,10,5,KGID104811,Sarthak,1984-01-10,M,O-,0,2016-11-04
4812,5,368,7,5,KGID104812,Banjeet,1983-09-29,M,AB+,0,2022-04-24
4813,5,368,10,5,KGID104813,Yagnesh,1976-04-22,M,B-,0,2022-01-11
4814,5,368,7,4,KGID104814,Jasmit,1971-12-18,F,A+,0,2015-03-30
4815,5,368,5,3,KGID104815,Laban,1981-10-22,M,O-,0,2008-03-04
4816,5,368,10,2,KGID104816,Saksham,1975-01-30,M,B+,0,2014-01-09
4817,5,368,10,6,KGID104817,Nicholas,1989-03-17,M,O-,0,2021-07-11
4818,5,368,7,5,KGID104818,Isaac,1997-02-21,M,O-,0,2020-05-10
4819,5,368,10,4,KGID104819,Vihaan,1993-10-07,M,B+,0,2018-09-14
4820,5,369,10,2,KGID104820,William,1976-12-18,M,A-,0,2007-06-03
4821,5,369,6,4,KGID104821,Peter,1976-01-06,M,B+,0,2004-04-02
4822,5,369,10,5,KGID104822,Yagnesh,2000-11-29,M,O-,0,2003-07-28
4823,5,369,9,5,KGID104823,Isaiah,1989-05-20,M,B+,0,1999-03-09
4824,5,369,10,3,KGID104824,Avi,1984-02-20,M,O-,0,2012-03-07
4825,5,369,9,4,KGID104825,Ishita,1971-04-19,F,B-,0,2018-12-19
4826,5,369,10,3,KGID104826,Arin,1968-07-02,M,A-,0,2017-06-13
4827,5,369,10,1,KGID104827,Gagan,1988-10-04,M,B+,0,2006-08-12
4828,5,370,5,2,KGID104828,Chatura,1967-12-31,M,A+,0,2005-01-17
4829,5,370,10,6,KGID104829,Harrison,1979-09-05,M,B-,0,2010-07-13
4830,5,370,10,5,KGID104830,Sai,1990-09-27,M,A-,0,2009-08-22
4831,5,370,5,5,KGID104831,Jeet,1988-12-15,M,B+,0,2015-08-04
4832,5,370,9,2,KGID104832,Christopher,1977-02-01,M,A+,0,2019-11-06
4833,5,370,9,3,KGID104833,Deepa,1971-06-24,F,B+,0,2015-10-16
4834,5,370,7,6,KGID104834,Oliver,1986-12-28,M,O-,0,2011-11-25
4835,5,370,10,6,KGID104835,Jack,2002-01-01,M,B-,0,2010-07-22
4836,5,370,7,1,KGID104836,Tanay,1984-09-29,M,AB+,0,2013-06-25
4837,5,370,10,6,KGID104837,Riya,1974-10-12,F,AB+,0,2000-01-12
4838,5,370,10,1,KGID104838,Nathan,2000-03-08,M,O+,0,2020-01-24
4839,5,370,6,1,KGID104839,Girik,1979-02-23,M,A+,0,2016-04-07
4840,5,370,6,5,KGID104840,Idika,1995-12-02,F,B-,0,2007-08-07
4841,5,370,7,1,KGID104841,Chaman,2002-11-21,F,O+,0,2007-08-09
4842,5,370,7,1,KGID104842,Urmi,1990-10-16,F,AB+,0,2012-04-01
4843,5,370,10,6,KGID104843,Aarush,2000-06-21,M,O+,0,1997-03-14
4844,5,370,10,5,KGID104844,Lopa,1970-10-20,F,B-,0,2010-07-02
4845,5,371,6,1,KGID104845,Ekalinga,1998-01-23,M,AB+,0,2018-03-24
4846,5,371,10,4,KGID104846,Arjun,1976-10-16,M,A-,0,2006-11-29
4847,5,371,10,3,KGID104847,Darika,1991-05-03,F,O-,0,2012-01-25
4848,5,371,10,1,KGID104848,Christopher,2002-01-19,M,AB+,0,2015-05-09
4849,5,371,9,3,KGID104849,Jairaj,1971-10-14,M,A-,0,2016-05-02
4850,5,371,9,1,KGID104850,Aarav,1997-03-17,M,A+,0,2003-12-17
4851,5,371,6,6,KGID104851,Ayush,1982-11-01,M,A+,0,2003-06-14
4852,5,371,10,1,KGID104852,Niharika,1990-07-26,F,B+,0,2020-07-25
4853,5,371,10,5,KGID104853,Manan,1978-05-16,M,A+,0,2003-12-02
4854,5,371,10,1,KGID104854,Xalak,1989-08-08,F,AB+,0,2024-06-10
4855,5,371,10,4,KGID104855,Kabir,2002-02-10,M,B+,0,2008-07-07
4856,5,371,10,2,KGID104856,Vasatika,1991-01-21,F,O+,0,2004-03-10
4857,5,371,7,6,KGID104857,Girindra,1975-11-28,M,O+,0,2012-08-25
4858,5,371,6,4,KGID104858,Balveer,1993-08-09,M,A+,0,2012-11-25
4859,5,371,7,6,KGID104859,Viraj,1971-03-27,M,B-,0,2009-07-13
4860,5,371,6,2,KGID104860,Ekalinga,1984-04-29,M,AB+,0,2001-11-13
4861,5,372,6,2,KGID104861,Atharv,1970-11-10,M,AB+,0,2000-11-30
4862,5,372,9,3,KGID104862,Christopher,1995-11-25,M,A-,0,2015-01-23
4863,5,372,6,1,KGID104863,Lila,1992-06-20,F,B+,0,2013-07-29
4864,5,372,10,2,KGID104864,Oliver,1980-02-10,M,O-,0,2001-01-31
4865,5,372,10,6,KGID104865,Faraj,1973-12-03,M,O+,0,2016-03-02
4866,5,372,7,4,KGID104866,Ryan,1974-02-27,M,O+,0,2022-10-29
4867,5,372,9,4,KGID104867,Gopal,2001-01-04,M,O-,0,2010-11-12
4868,5,372,7,2,KGID104868,Inaya,1989-09-06,F,O-,0,2014-02-12
4869,5,372,6,5,KGID104869,Anmol,1974-03-06,M,A-,0,2017-01-10
4870,5,372,7,4,KGID104870,Nachiket,1982-10-09,M,AB+,0,2001-05-15
4871,5,372,6,4,KGID104871,Qadim,1976-11-24,M,AB+,0,2018-04-02
4872,5,372,10,4,KGID104872,Ekapad,1981-09-07,M,A+,0,2006-05-13
4873,5,372,9,5,KGID104873,Ubika,1989-07-31,F,A-,0,2023-12-03
4874,5,372,10,5,KGID104874,Neel,1981-09-23,M,O+,0,2008-10-12
4875,5,372,6,6,KGID104875,Warinder,1995-06-11,M,B+,0,2018-01-14
4876,5,372,10,5,KGID104876,Balendra,1984-04-25,M,A-,0,2001-10-06
4877,5,372,10,5,KGID104877,Harrison,1978-11-01,M,B+,0,2006-10-13
4878,5,373,5,5,KGID104878,Bachittar,1990-09-13,M,A-,0,2018-07-12
4879,5,373,10,5,KGID104879,Wridesh,1990-09-16,M,A-,0,2023-02-11
4880,5,373,7,2,KGID104880,Zaitra,1980-07-13,F,A-,0,2004-10-04
4881,5,373,5,5,KGID104881,Ethan,1974-05-01,M,B+,0,2001-12-17
4882,5,373,7,4,KGID104882,Ekbal,1992-12-22,M,A-,0,2014-01-28
4883,5,373,9,2,KGID104883,Orinder,1976-08-20,M,O+,0,2012-11-23
4884,5,373,10,2,KGID104884,Karan,1969-05-31,M,O+,0,2017-06-18
4885,5,373,6,3,KGID104885,Tanish,1973-03-05,M,A-,0,2014-09-11
4886,5,373,10,5,KGID104886,Ojas,1992-05-12,M,B-,0,2017-10-02
4887,5,373,10,2,KGID104887,Warjas,1981-11-06,M,AB+,0,2020-03-14
4888,5,373,10,3,KGID104888,Baljiwan,1971-09-10,M,A+,0,2020-05-14
4889,5,373,9,4,KGID104889,Gavin,1999-06-08,M,B+,0,2017-11-01
4890,5,373,6,3,KGID104890,Krishna,1989-01-20,M,B-,0,2023-12-19
4891,5,373,10,3,KGID104891,Laksh,2002-09-15,M,B-,0,2011-01-12
4892,5,374,10,2,KGID104892,Yatin,1998-03-16,M,A-,0,2021-01-15
4893,5,374,10,6,KGID104893,Jatin,1983-12-18,M,O-,0,2000-12-06
4894,5,374,9,5,KGID104894,David,1979-10-08,M,AB+,0,2023-09-27
4895,5,374,10,2,KGID104895,Ekta,1979-09-07,F,B-,0,1998-01-29
4896,5,374,10,1,KGID104896,Niharika,1995-05-05,F,O+,0,2008-08-27
4897,5,374,10,5,KGID104897,William,1975-06-30,M,B+,0,2000-02-26
4898,5,374,10,4,KGID104898,Bhavna,1985-11-03,F,AB+,0,2016-12-29
4899,5,374,10,3,KGID104899,Adweta,1973-03-30,F,A-,0,1997-10-01
4900,5,374,6,5,KGID104900,Reyansh,1988-12-24,M,O-,0,2007-01-07
4901,5,375,6,4,KGID104901,Frado,1969-01-08,M,A-,0,2022-06-12
4902,5,375,9,3,KGID104902,Ayushman,1997-05-06,M,B+,0,2018-02-22
4903,5,375,9,4,KGID104903,Laksh,1971-02-20,M,A+,0,2000-12-08
4904,5,375,10,4,KGID104904,Ekalinga,1989-11-26,M,B+,0,2000-06-12
4905,5,375,7,3,KGID104905,Champak,2000-01-10,M,O-,0,2016-09-25
4906,5,375,7,3,KGID104906,Arin,1975-08-07,M,AB+,0,1999-11-15
4907,5,375,10,1,KGID104907,Ekansh,1982-06-28,M,B-,0,2013-03-08
4908,5,375,10,4,KGID104908,Hardik,1975-04-09,M,A+,0,2004-10-11
4909,5,376,10,2,KGID104909,Faris,1977-01-23,M,A+,0,2012-02-24
4910,5,376,10,4,KGID104910,Vidhi,1980-03-04,F,A+,0,2005-09-22
4911,5,376,10,1,KGID104911,Frederick,2003-03-22,M,B+,0,2003-08-11
4912,5,376,7,5,KGID104912,Sanya,1989-05-29,F,A-,0,2023-04-25
4913,5,376,9,2,KGID104913,Anay,1968-02-24,M,B+,0,2010-09-15
4914,5,376,7,3,KGID104914,Girik,1988-10-06,M,O-,1,2007-01-24
4915,5,376,10,5,KGID104915,Balveer,1973-03-09,M,A-,0,2022-08-10
4916,5,376,10,4,KGID104916,Neel,1977-10-07,M,B-,0,2020-02-24
4917,5,376,10,2,KGID104917,Ikbal,1999-01-27,M,O+,1,2010-11-15
4918,5,376,6,6,KGID104918,Nidhi,1979-03-21,F,O-,0,2021-11-08
4919,5,376,7,5,KGID104919,Elijah,1987-10-12,M,A+,0,2017-08-31
4920,5,376,5,6,KGID104920,Qadim,1997-03-18,M,A-,0,2021-06-20
4921,5,376,10,6,KGID104921,Damini,1976-01-20,F,B+,0,2008-01-03
4922,5,376,9,3,KGID104922,Saksham,1980-01-26,M,A+,0,2007-04-13
4923,5,376,5,1,KGID104923,Wazir,1971-10-13,M,A-,0,2000-11-18
4924,5,377,9,3,KGID104924,Naveen,1989-03-27,M,O+,0,2013-02-08
4925,5,377,7,1,KGID104925,Atharv,1974-10-28,M,O+,0,1999-07-18
4926,5,377,10,5,KGID104926,Hritik,1994-06-26,M,AB+,0,2016-10-31
4927,5,377,7,4,KGID104927,Charles,1973-04-10,M,A+,0,2006-11-12
4928,5,377,10,3,KGID104928,Pallavi,1985-06-17,F,A+,0,2013-10-26
4929,5,377,6,6,KGID104929,Rachana,1986-02-04,F,O+,0,2020-03-30
4930,5,377,9,1,KGID104930,Avi,2001-06-19,M,O-,0,2012-06-26
4931,5,377,7,2,KGID104931,Ucchal,1990-10-24,F,B+,0,2009-04-23
4932,5,377,7,5,KGID104932,Orinder,1977-11-24,M,AB+,0,2020-02-27
4933,5,377,6,6,KGID104933,Christopher,1996-08-30,M,A+,0,2015-11-14
4934,5,377,6,5,KGID104934,Manan,1985-10-22,M,AB+,0,2017-06-23
4935,5,377,5,6,KGID104935,Gagan,1972-03-27,M,A+,0,2010-07-14
4936,5,377,10,4,KGID104936,Kalpit,1979-06-28,M,O+,0,2005-11-17
4937,5,377,10,4,KGID104937,Om,1977-08-30,M,O+,0,2016-05-08
4938,5,377,10,2,KGID104938,Ekbal,1972-05-30,M,B-,0,2005-06-03
4939,5,377,10,1,KGID104939,Vihaan,1983-03-09,M,B+,0,2001-10-09
4940,5,378,6,5,KGID104940,Anay,1987-02-23,M,A-,0,2024-04-04
4941,5,378,6,4,KGID104941,Kevin,1991-07-09,M,A+,0,1998-08-20
4942,5,378,9,1,KGID104942,Chakrika,1999-02-24,F,A-,0,2006-04-07
4943,5,378,7,5,KGID104943,Saanvi,1981-07-28,F,B-,0,2015-02-27
4944,5,378,7,6,KGID104944,Advay,1994-03-17,M,B-,0,2004-12-23
4945,5,378,10,1,KGID104945,Chatura,1980-07-09,M,B+,0,1999-09-13
4946,5,378,6,4,KGID104946,Falguni,1987-11-02,F,A+,0,2013-01-28
4947,5,378,9,5,KGID104947,Luke,1984-01-29,M,A+,0,2021-12-26
4948,5,378,10,6,KGID104948,Lakshmi,1985-08-27,F,A+,0,2017-10-01
4949,5,378,10,4,KGID104949,Nakul,1981-03-02,M,O-,0,2014-05-30
4950,5,378,10,3,KGID104950,Barkha,1996-05-10,F,B+,0,2020-09-21
4951,5,378,10,4,KGID104951,Gautam,1973-02-12,M,O+,0,2012-12-07
4952,5,378,9,6,KGID104952,Aarnav,1972-07-31,M,O-,0,2018-06-09
4953,5,378,6,2,KGID104953,Faraj,1987-05-27,M,B-,0,2020-04-10
4954,5,378,7,3,KGID104954,Gagan,1992-11-02,M,AB+,0,2004-01-01
4955,5,379,7,5,KGID104955,Champak,1988-07-15,M,O+,0,1999-05-23
4956,5,379,6,4,KGID104956,Jack,1990-06-03,M,B+,0,2013-08-11
4957,5,379,10,5,KGID104957,George,1969-12-05,M,AB+,0,2011-12-16
4958,5,379,5,2,KGID104958,Saksham,1991-02-13,M,B-,0,2018-09-30
4959,5,379,10,2,KGID104959,Lucky,1976-06-21,M,O+,0,2002-06-13
4960,5,379,10,2,KGID104960,Jai,1972-11-02,M,AB+,0,2003-11-01
4961,5,379,6,1,KGID104961,Raghav,1982-03-17,M,AB+,0,2004-10-25
4962,5,379,10,1,KGID104962,Indrajit,1998-01-17,M,O+,0,2024-03-25
4963,5,379,6,1,KGID104963,Daniel,1990-05-17,M,B-,0,2017-09-28
4964,5,379,10,5,KGID104964,Anay,1988-05-14,M,A-,0,2019-12-12
4965,5,379,9,5,KGID104965,Bhavani,1986-05-08,F,A+,1,2001-04-05
4966,5,379,7,6,KGID104966,Hritik,1978-04-17,M,A+,0,2006-03-26
4967,5,379,9,3,KGID104967,Fariq,1975-04-16,M,B+,0,2004-01-18
4968,5,379,9,3,KGID104968,Pratyush,1976-10-29,M,A-,0,2012-05-31
4969,5,379,10,1,KGID104969,Hredhaan,1977-04-22,M,A-,0,2007-04-30
4970,5,379,10,1,KGID104970,Arjun,1977-01-16,M,A-,0,2023-07-29
4971,5,379,10,4,KGID104971,Lohit,1989-06-10,M,O+,0,2003-06-16
4972,5,380,7,3,KGID104972,Irya,1979-08-04,F,O-,0,2015-02-18
4973,5,380,5,1,KGID104973,Ishaan,1983-03-30,M,O+,0,1997-07-10
4974,5,380,9,6,KGID104974,Aayush,1999-09-30,M,O+,0,1997-12-19
4975,5,380,10,5,KGID104975,Vihaan,1987-07-20,M,A+,0,2007-01-13
4976,5,380,9,4,KGID104976,Mitesh,1998-01-24,M,O+,0,2003-04-09
4977,5,380,10,3,KGID104977,Girik,1988-09-11,M,O-,0,2018-08-03
4978,5,380,10,2,KGID104978,Januja,1995-11-26,F,A-,0,2006-04-10
4979,5,380,10,5,KGID104979,Wriddhish,1983-04-12,M,AB+,0,2020-12-02
4980,5,380,10,2,KGID104980,Ekalinga,1993-06-09,M,O-,0,2022-07-26
4981,5,380,6,3,KGID104981,Hiral,1985-01-24,F,A-,0,2011-07-02
4982,5,380,10,6,KGID104982,Vihaan,1998-09-26,M,B+,0,2003-04-05
4983,5,380,10,2,KGID104983,Rachita,2000-03-31,F,B+,0,2023-06-12
4984,5,380,10,3,KGID104984,Amaira,1967-12-13,F,A+,0,2013-01-22
4985,5,380,7,1,KGID104985,Waida,1975-12-15,F,AB+,0,2015-02-05
4986,5,380,5,4,KGID104986,Veer,1970-02-03,M,AB+,0,1996-08-04
4987,5,381,10,4,KGID104987,Dominic,1981-10-02,M,A-,0,2001-01-11
4988,5,381,10,1,KGID104988,Champak,1985-01-03,M,B+,0,2016-01-11
4989,5,381,10,3,KGID104989,Abdul,1999-06-26,M,A+,0,2007-06-09
4990,5,381,7,3,KGID104990,Bhanumati,1992-11-14,F,B+,0,1999-02-06
4991,5,381,7,4,KGID104991,Tanmayi,1996-12-17,F,A-,0,2015-10-26
4992,5,381,10,6,KGID104992,Michael,1997-07-19,M,A+,0,2010-07-01
4993,5,381,9,5,KGID104993,Ekiya,1994-08-11,F,AB+,0,2003-09-27
4994,5,381,10,6,KGID104994,Ryan,1973-04-29,M,AB+,0,2012-02-04
4995,5,381,10,1,KGID104995,Aditya,1980-06-16,M,A-,0,2000-04-04
4996,5,381,7,4,KGID104996,Chanchal,1967-12-07,F,O+,0,2002-05-07
4997,5,381,10,1,KGID104997,Lohit,1972-10-10,M,O+,0,2019-03-26
4998,5,381,10,2,KGID104998,Krish,1976-09-18,M,B-,0,1997-12-20
4999,5,381,6,1,KGID104999,Hema,1969-07-04,F,A-,0,2005-07-04
5000,5,382,10,2,KGID105000,Deepa,1996-04-09,F,B+,0,2020-06-25
5001,5,382,9,2,KGID105001,Gaurav,1972-05-10,M,B+,0,2020-01-27
5002,5,382,7,6,KGID105002,Ojas,1988-10-10,M,AB+,0,2012-08-05
5003,5,382,10,4,KGID105003,Krishna,1974-09-04,M,O+,0,2000-09-17
5004,5,382,9,2,KGID105004,Ranveer,1991-10-14,M,O+,0,2022-03-09
5005,5,382,10,4,KGID105005,Samar,1967-10-22,M,AB+,0,2016-03-22
5006,5,382,10,2,KGID105006,Nihal,1999-09-09,M,AB+,0,2009-09-26
5007,5,382,6,2,KGID105007,Wyatt,1998-12-02,M,B+,0,2004-12-13
5008,5,383,10,2,KGID105008,Girik,1983-03-19,M,B-,0,1997-10-23
5009,5,383,10,1,KGID105009,Faris,1988-12-30,M,A+,0,1996-09-13
5010,5,383,7,2,KGID105010,Ranveer,1990-01-10,M,A-,0,2018-09-29
5011,5,383,5,4,KGID105011,Dominic,2001-02-20,M,B-,0,2017-12-27
5012,5,383,10,5,KGID105012,Wahab,1971-12-06,M,A+,0,2007-04-20
5013,5,383,6,1,KGID105013,Samuel,2001-04-06,M,O+,0,2008-01-29
5014,5,383,10,4,KGID105014,Jeremiah,2000-01-26,M,A+,0,2020-11-03
5015,5,383,10,6,KGID105015,Timothy,1999-10-29,M,A-,0,2004-04-24
5016,5,383,5,1,KGID105016,Gautam,1997-10-07,M,A+,0,2017-09-07
5017,5,383,7,2,KGID105017,Reva,1975-01-27,F,B+,0,2013-02-22
5018,5,383,7,6,KGID105018,Wahab,1967-08-07,M,B-,0,2021-03-31
5019,5,383,9,4,KGID105019,Anika,1997-04-06,F,AB+,0,2004-01-16
5020,5,383,10,6,KGID105020,Dayita,1981-04-27,F,A-,0,1997-12-09
5021,5,384,10,3,KGID105021,Harita,1994-05-04,F,B-,0,2024-02-02
5022,5,384,10,2,KGID105022,Hiral,1980-07-14,F,A-,0,2008-05-08
5023,5,384,7,3,KGID105023,Vedant,1997-06-09,M,A-,0,2010-09-30
5024,5,384,7,2,KGID105024,Laban,1992-05-21,M,B-,0,2025-06-23
5025,5,384,10,4,KGID105025,Jeremiah,1969-10-11,M,O-,0,2024-10-12
5026,5,384,10,4,KGID105026,Faqid,1998-03-26,M,O+,0,2017-01-07
5027,5,384,10,3,KGID105027,Alexander,1998-11-08,M,A-,0,2004-05-30
5028,5,384,10,5,KGID105028,Faqid,1972-03-26,M,A+,0,2010-07-02
5029,5,385,10,1,KGID105029,Wakeeta,1976-11-30,F,B+,0,2024-10-16
5030,5,385,9,3,KGID105030,Fiyaz,1969-11-27,M,B-,0,2017-04-21
5031,5,385,10,3,KGID105031,Omya,2001-07-05,F,AB+,0,2016-07-21
5032,5,385,10,3,KGID105032,Advaith,1984-07-21,M,A-,0,2022-12-11
5033,5,385,10,2,KGID105033,Jackson,2000-08-17,M,A-,0,2003-09-27
5034,5,385,9,5,KGID105034,Luke,1994-11-30,M,O-,0,2024-08-10
5035,5,385,5,1,KGID105035,Daniel,1977-05-26,M,O+,0,2004-07-05
5036,5,385,10,5,KGID105036,Jason,2002-09-29,M,B-,0,2014-10-30
5037,5,385,10,3,KGID105037,Sarthak,1990-10-24,M,A-,0,2000-02-16
5038,5,385,10,4,KGID105038,Jacob,2003-05-19,M,O-,0,2019-07-06
5039,5,385,10,6,KGID105039,Praneel,1977-08-23,M,B+,0,2020-12-17
5040,5,385,10,2,KGID105040,Chandran,1995-12-28,M,A+,0,2005-12-11
5041,5,385,7,5,KGID105041,Rudra,1982-10-06,M,O-,0,1997-03-09
5042,5,385,6,3,KGID105042,Atharv,1979-09-24,M,A-,0,2017-09-07
5043,5,386,10,6,KGID105043,Hardik,1974-02-12,M,A+,0,2011-08-30
5044,5,386,7,2,KGID105044,Abhimanyu,1989-06-22,M,B+,0,2013-08-27
5045,5,386,5,6,KGID105045,Sudiksha,2000-08-03,F,O+,0,2003-04-28
5046,5,386,6,6,KGID105046,Agastya,1983-07-31,M,B+,0,2023-08-12
5047,5,386,7,6,KGID105047,Rohan,1990-06-22,M,AB+,0,2016-09-12
5048,5,386,9,2,KGID105048,Krishna,1985-12-08,M,B+,0,2003-03-16
5049,5,386,9,4,KGID105049,Abhiram,1983-09-10,M,A+,0,2004-09-28
5050,5,386,6,1,KGID105050,Liam,1971-07-28,M,AB+,0,2009-02-06
5051,5,386,10,6,KGID105051,Ansh,1992-01-15,M,B+,0,1998-08-30
5052,5,386,9,4,KGID105052,Harshil,1974-05-16,M,O+,0,2022-11-13
5053,5,386,9,3,KGID105053,Urishilla,1986-07-14,F,AB+,0,2008-05-04
5054,5,386,9,6,KGID105054,Vincent,1986-06-29,M,AB+,0,2004-07-31
5055,5,386,7,2,KGID105055,Fariq,2001-07-08,M,B-,0,1996-09-12
5056,5,387,6,4,KGID105056,Vedika,1972-04-11,F,B+,0,2001-03-18
5057,5,387,10,5,KGID105057,Nikita,1994-06-11,F,A+,0,2010-06-06
5058,5,387,10,4,KGID105058,Guneet,1973-08-18,M,B+,0,2007-12-14
5059,5,387,10,3,KGID105059,Lakshit,1996-09-24,M,B-,0,2023-07-29
5060,5,387,5,3,KGID105060,Tarak,2001-04-13,M,AB+,0,2013-03-10
5061,5,387,10,3,KGID105061,Saksham,1982-01-19,M,O-,0,2005-12-18
5062,5,387,10,2,KGID105062,Gauri,1992-07-06,F,O+,0,2013-07-27
5063,5,387,10,4,KGID105063,Nihal,1992-04-09,M,A-,0,2011-04-25
5064,5,388,10,5,KGID105064,Nitesh,1985-09-08,M,O-,0,2003-07-18
5065,5,388,10,4,KGID105065,Ryan,2000-12-05,M,AB+,0,2001-10-23
5066,5,388,10,3,KGID105066,Champak,1982-04-19,M,O-,0,2006-12-19
5067,5,388,9,5,KGID105067,Zashil,2001-03-29,M,AB+,0,2000-02-01
5068,5,388,6,2,KGID105068,Ekavir,1999-01-16,M,B+,0,1998-07-13
5069,5,388,5,1,KGID105069,Brinda,2002-10-01,F,A-,0,2013-10-25
5070,5,388,6,1,KGID105070,Vasudha,1986-12-19,F,B-,0,2004-02-29
5071,5,388,10,2,KGID105071,Kai,1982-05-31,M,A+,0,2022-08-01
5072,5,388,6,2,KGID105072,Imaran,2000-11-08,M,B+,0,2005-12-24
5073,5,388,10,6,KGID105073,Manbir,2002-08-04,M,O+,0,2016-01-08
5074,5,388,7,2,KGID105074,Anirudh,1985-08-06,M,A+,1,2011-10-16
5075,5,388,10,1,KGID105075,Dominic,1985-02-22,M,B+,0,2017-08-16
5076,5,388,9,4,KGID105076,Anmol,1985-12-26,M,B-,0,2012-08-12
5077,5,388,9,5,KGID105077,William,1983-06-21,M,AB+,0,2007-09-16
5078,5,388,5,5,KGID105078,Ranbir,1980-06-24,M,O+,0,2018-09-01
5079,5,388,9,5,KGID105079,Fitan,1968-06-26,M,A+,0,2004-07-25
5080,5,389,10,4,KGID105080,William,1990-06-27,M,O-,0,2005-07-15
5081,5,389,9,1,KGID105081,Manthan,1974-06-08,M,A-,0,1998-07-17
5082,5,389,5,5,KGID105082,Champak,1976-03-14,M,O+,0,2006-03-01
5083,5,389,9,6,KGID105083,Garima,1985-06-01,F,O-,0,2001-11-06
5084,5,389,5,1,KGID105084,Ekalinga,1997-05-29,M,B+,0,2017-10-30
5085,5,389,10,1,KGID105085,Azad,1985-11-06,M,O-,0,2009-04-10
5086,5,389,6,5,KGID105086,Gautam,2002-07-16,M,O-,0,1997-11-03
5087,5,389,9,1,KGID105087,Balendra,1976-02-27,M,AB+,0,2003-04-16
5088,5,390,10,5,KGID105088,Vivaan,1972-02-09,M,B-,0,2016-04-20
5089,5,390,10,4,KGID105089,Umang,1991-05-10,M,AB+,0,2023-12-06
5090,5,390,6,6,KGID105090,Balvan,1973-03-03,M,O+,0,1999-12-19
5091,5,390,7,6,KGID105091,Vedhika,1979-01-06,F,A-,0,2021-10-22
5092,5,390,9,6,KGID105092,Liam,1996-12-09,M,B+,0,2020-10-29
5093,5,390,9,4,KGID105093,Gagan,1988-11-28,M,B-,0,2025-06-18
5094,5,390,10,4,KGID105094,Sneha,1968-01-04,F,B+,0,1997-12-27
5095,5,390,10,4,KGID105095,Ishaan,1979-08-14,M,A+,0,2023-01-23
5096,5,390,9,6,KGID105096,Yug,1971-10-08,M,A-,0,1998-11-20
5097,5,390,10,4,KGID105097,Yatin,1998-09-16,M,O+,0,2010-08-10
5098,5,390,6,4,KGID105098,Oscar,1977-08-02,M,B+,0,2019-08-13
5099,5,390,10,5,KGID105099,Lohit,1994-01-24,M,B+,0,2021-08-29
5100,5,391,10,1,KGID105100,Daksha,1973-09-22,F,O-,0,2016-02-12
5101,5,391,7,4,KGID105101,Ria,1974-04-15,F,A-,0,2004-12-13
5102,5,391,10,4,KGID105102,Ansh,1967-08-31,M,O-,0,2006-10-13
5103,5,391,10,5,KGID105103,Matthew,1991-04-24,M,A-,0,2017-01-06
5104,5,391,10,2,KGID105104,Balvan,2000-11-01,M,B+,0,1998-10-14
5105,5,391,10,4,KGID105105,Rudra,2001-09-18,M,A+,0,2014-12-21
5106,5,391,9,2,KGID105106,Oscar,2000-06-14,M,B+,0,1999-07-22
5107,5,391,9,1,KGID105107,Raghav,1968-04-17,M,B-,0,2011-05-15
5108,5,391,10,3,KGID105108,Darsh,1974-11-05,M,O-,0,1998-02-11
5109,5,391,9,1,KGID105109,Warinder,1999-05-07,M,B-,0,1999-07-25
5110,5,391,9,4,KGID105110,Anmol,2000-12-30,M,A-,0,2022-06-29
5111,5,391,9,4,KGID105111,Balendra,1992-07-24,M,AB+,0,2015-11-09
5112,5,391,9,1,KGID105112,Parth,1997-06-23,M,O-,0,1998-12-28
5113,5,391,9,1,KGID105113,Siddharth,1994-09-07,M,O-,0,2013-08-14
5114,5,391,9,3,KGID105114,Luke,1989-06-08,M,A-,0,2006-01-30
5115,5,391,10,5,KGID105115,Samar,1972-05-01,M,O+,0,2023-08-23
5116,5,391,7,6,KGID105116,Alka,2000-05-02,F,AB+,0,1998-12-17
5117,5,391,10,3,KGID105117,Widisha,1998-01-24,F,A-,0,2000-03-27
5118,5,392,10,2,KGID105118,Zehaan,1986-03-27,M,A+,0,2011-02-14
5119,5,392,10,5,KGID105119,Jeet,1985-01-02,M,AB+,0,2013-12-17
5120,5,392,6,6,KGID105120,Agastya,1974-01-25,M,A-,0,2012-06-22
5121,5,392,7,5,KGID105121,Sai,2001-09-14,F,O-,0,2003-07-05
5122,5,392,9,5,KGID105122,Dakshesh,1998-07-17,M,A-,0,2011-01-24
5123,5,392,7,1,KGID105123,Niharika,1990-06-01,F,A-,0,2003-09-18
5124,5,392,10,4,KGID105124,Ridhi,1971-01-01,F,A+,0,2008-12-24
5125,5,392,7,5,KGID105125,Chandresh,1996-07-30,M,A+,0,2010-05-16
5126,5,392,9,2,KGID105126,Faras,1992-04-01,M,AB+,0,2004-02-11
5127,5,392,10,5,KGID105127,Guneet,1972-02-25,M,A-,0,2010-04-25
5128,5,392,6,5,KGID105128,Anirudh,1992-01-19,M,B-,0,2008-04-23
5129,5,392,10,4,KGID105129,Jagat,1993-10-02,M,A+,0,2007-10-07
5130,5,392,10,3,KGID105130,Arjun,1975-03-23,M,AB+,0,2003-12-22
5131,5,392,9,6,KGID105131,Samuel,1996-09-07,M,O-,0,2022-02-08
5132,5,393,7,1,KGID105132,Naksh,1968-03-04,M,O-,0,1998-07-08
5133,5,393,10,2,KGID105133,Darpan,1976-08-11,M,O-,0,2001-09-10
5134,5,393,10,3,KGID105134,Anusha,1994-04-10,F,O+,0,2003-04-18
5135,5,393,6,3,KGID105135,Girish,1976-01-10,M,AB+,0,1999-08-06
5136,5,393,10,1,KGID105136,Chatura,1992-09-07,M,A-,0,2001-08-27
5137,5,393,6,2,KGID105137,Noah,1989-10-14,M,A-,0,2025-06-20
5138,5,393,10,3,KGID105138,Nidra,1984-06-23,F,O+,1,2012-04-19
5139,5,393,10,1,KGID105139,Girish,1974-09-04,M,O+,0,2024-01-10
5140,5,393,5,6,KGID105140,Chasmum,2001-02-18,F,B-,0,2020-07-19
5141,5,393,10,6,KGID105141,Jairaj,1983-06-15,M,O-,0,2020-11-13
5142,5,393,10,4,KGID105142,Agastya,1983-06-06,M,A+,0,2016-04-19
5143,5,394,6,5,KGID105143,Chaitanya,1998-02-23,M,A-,0,2016-12-05
5144,5,394,9,4,KGID105144,Udarsh,1985-03-15,M,A-,0,2012-11-01
5145,5,394,6,2,KGID105145,Jeet,1997-04-30,M,B-,0,2006-03-15
5146,5,394,9,3,KGID105146,Vansha,1985-04-22,F,AB+,0,1997-03-09
5147,5,394,5,5,KGID105147,Chanakya,1976-08-07,M,O-,0,2019-12-09
5148,5,394,5,4,KGID105148,Arunima,1988-08-26,F,B-,0,2012-09-16
5149,5,394,6,1,KGID105149,Falguni,1987-05-12,F,AB+,0,2006-04-21
5150,5,394,10,2,KGID105150,Wazir,1979-09-02,M,O-,0,1999-05-25
5151,5,394,6,3,KGID105151,Upkaar,1983-06-06,M,A-,0,2017-10-05
5152,5,394,7,2,KGID105152,Aditya,1980-01-28,M,A-,0,2016-03-13
5153,5,394,7,2,KGID105153,Yatin,2001-08-01,M,A+,0,1999-07-24
5154,5,394,7,2,KGID105154,Ladli,1969-09-12,F,B-,0,2015-11-29
5155,5,394,10,5,KGID105155,Karan,1992-04-06,M,O+,0,2009-06-26
5156,5,394,9,2,KGID105156,Abeer,1967-08-31,M,B+,0,2009-12-22
5157,5,394,6,6,KGID105157,Timothy,1985-08-26,M,O+,0,2007-05-08
5158,5,394,7,5,KGID105158,Chanakya,1978-12-13,M,B+,0,2015-02-25
5159,5,394,10,4,KGID105159,Chatura,1969-08-12,M,B+,0,2019-10-08
5160,5,394,6,6,KGID105160,Atharv,1975-06-29,M,O+,0,2019-01-21
5161,5,394,10,6,KGID105161,Tristan,1987-09-11,M,A-,0,2025-06-14
5162,5,394,10,6,KGID105162,Mitesh,1982-06-03,M,AB+,0,2013-01-21
5163,5,395,10,1,KGID105163,Hritik,2003-01-22,M,O+,0,2013-03-27
5164,5,395,10,5,KGID105164,Harshil,1975-11-22,M,B-,0,2015-06-29
5165,5,395,10,3,KGID105165,Vedant,1967-10-08,M,A+,0,1998-05-21
5166,5,395,6,6,KGID105166,Qarin,1973-02-01,M,AB+,0,2014-01-09
5167,5,395,7,3,KGID105167,Neha,1983-11-17,F,O-,0,2014-11-20
5168,5,395,6,3,KGID105168,Anthony,1971-08-14,M,A+,0,2023-12-03
5169,5,395,6,2,KGID105169,Ranbir,1999-09-24,M,A-,0,2010-08-27
5170,5,395,5,2,KGID105170,Tanish,1995-05-10,M,O-,0,1996-12-09
5171,5,395,10,6,KGID105171,Nimrat,1994-01-12,F,O+,0,2002-01-07
5172,5,395,9,6,KGID105172,Bachittar,1971-09-07,M,A-,0,2024-02-04
5173,5,395,10,2,KGID105173,Saumya,1981-05-06,F,AB+,0,2024-10-10
5174,5,395,9,4,KGID105174,Naveen,1982-04-24,M,AB+,0,2002-07-03
5175,5,395,10,3,KGID105175,Veda,1981-05-03,F,B-,0,2020-09-10
5176,5,395,10,1,KGID105176,Farhan,1972-05-15,M,B+,0,2025-02-06
5177,5,395,10,6,KGID105177,Waida,1988-10-18,F,B+,0,2014-01-15
5178,5,395,10,2,KGID105178,Wriddhish,1997-10-22,M,B-,0,1999-09-21
5179,5,395,10,4,KGID105179,Jagat,1980-11-06,M,AB+,0,2013-04-28
5180,5,396,9,4,KGID105180,Jack,1998-09-30,M,A-,0,2015-08-09
5181,5,396,10,4,KGID105181,Chatura,1997-05-16,M,A+,0,2010-04-05
5182,5,396,10,2,KGID105182,Hitesh,1992-05-02,M,O-,0,2016-01-06
5183,5,396,10,4,KGID105183,Onveer,1996-01-28,M,O+,0,2023-12-29
5184,5,396,6,4,KGID105184,Samesh,1987-09-17,M,O-,0,2008-06-07
5185,5,396,10,2,KGID105185,Faras,1987-02-12,M,AB+,0,1996-12-16
5186,5,396,7,3,KGID105186,Lohit,1982-09-29,M,B-,0,2025-04-08
5187,5,396,9,3,KGID105187,Lakshit,1981-10-15,M,O+,0,2002-10-12
5188,5,396,10,6,KGID105188,Shivansh,2002-01-06,M,AB+,0,2019-04-06
5189,5,396,6,3,KGID105189,Gaurangi,2002-10-02,F,A-,0,2013-01-31
5190,5,396,6,5,KGID105190,Darpan,1968-02-07,M,O+,0,1998-04-22
5191,5,396,6,3,KGID105191,Balendra,1971-06-16,M,A+,0,2015-07-18
5192,5,396,6,3,KGID105192,Dhriti,1995-08-10,F,O-,0,2010-06-04
5193,5,396,6,4,KGID105193,Aryan,1987-11-19,M,AB+,0,2024-04-06
5194,5,396,9,5,KGID105194,Chatura,1967-07-30,M,A+,0,1998-01-19
5195,5,396,5,1,KGID105195,Maanav,1980-11-03,M,O+,0,2020-01-28
5196,5,396,7,6,KGID105196,Sarthak,1985-09-21,M,A+,0,2002-05-07
5197,5,396,9,2,KGID105197,Dominic,1973-09-24,M,B+,0,2012-02-19
5198,5,396,7,5,KGID105198,Anthony,1968-04-21,M,AB+,0,1999-11-02
5199,5,397,10,1,KGID105199,Jatin,1986-11-28,M,B+,0,2010-12-07
5200,5,397,10,3,KGID105200,Ethan,1984-02-23,M,O+,0,2021-06-08
5201,5,397,10,1,KGID105201,Om,1986-12-07,M,A-,0,2007-01-20
5202,5,397,6,5,KGID105202,Dalbir,1977-07-04,M,A+,0,2022-10-06
5203,5,397,9,2,KGID105203,Sathvik,1985-02-27,M,A+,0,2017-10-31
5204,5,397,10,1,KGID105204,Madhav,1973-03-29,M,O+,0,2021-07-12
5205,5,397,10,6,KGID105205,Nitesh,1980-02-12,M,A+,0,2013-04-08
5206,5,397,7,1,KGID105206,Isaac,1989-07-13,M,A-,0,2022-11-01
5207,5,397,7,6,KGID105207,Theodore,1969-09-28,M,A-,0,2017-06-12
5208,5,397,10,4,KGID105208,Dhruv,2000-08-27,M,O-,0,2006-06-01
5209,5,397,7,1,KGID105209,Bachittar,2001-09-06,M,B+,0,2001-01-09
5210,5,397,7,2,KGID105210,Sai,1975-03-22,F,O-,0,2005-06-22
5211,5,397,10,6,KGID105211,Tejas,1973-08-17,M,B-,0,2004-10-19
5212,5,397,10,2,KGID105212,Guneet,2001-01-13,M,A+,0,1998-02-24
5213,5,397,6,6,KGID105213,Zayyan,1969-12-18,M,B-,0,2025-05-10
5214,5,398,10,2,KGID105214,Kai,1991-06-13,M,B+,0,2015-01-06
5215,5,398,10,2,KGID105215,Warinder,1980-04-17,M,A+,0,2013-06-06
5216,5,398,10,1,KGID105216,Baljiwan,1969-09-30,M,O+,0,1997-06-30
5217,5,398,10,1,KGID105217,Upkaar,1986-06-10,M,O-,0,2012-06-06
5218,5,398,10,6,KGID105218,Chavvi,1974-02-26,F,A-,0,2024-11-16
5219,5,398,10,1,KGID105219,Gabriel,1984-01-27,M,A+,1,2005-07-11
5220,5,398,5,2,KGID105220,Daniel,1998-04-30,M,B+,0,2008-10-30
5221,5,398,10,6,KGID105221,Umang,1975-11-20,M,A+,0,1998-07-14
5222,5,398,9,1,KGID105222,Abdul,1998-12-04,M,O-,0,2023-06-14
5223,5,398,10,3,KGID105223,Jacob,1983-03-20,M,B+,0,2013-11-15
5224,5,398,10,2,KGID105224,Darsh,1988-10-03,M,O+,0,2020-09-19
5225,5,398,5,2,KGID105225,Daksh,1977-02-06,M,B+,0,2012-01-17
5226,5,398,10,4,KGID105226,Advik,1977-03-01,M,B-,0,2007-10-07
5227,5,398,10,5,KGID105227,Nathan,1982-05-07,M,AB+,0,2000-04-04
5228,5,398,9,4,KGID105228,Mohini,2003-05-05,F,O-,0,2014-06-27
5229,5,398,9,4,KGID105229,Henry,1996-04-30,M,B+,0,2011-03-12
5230,5,398,7,5,KGID105230,Om,1983-12-04,M,O+,0,2006-12-05
5231,5,398,9,4,KGID105231,Fiyaz,1994-10-29,M,B-,0,1997-07-11
5232,5,398,10,5,KGID105232,Inaya,1988-04-20,F,A-,0,2024-06-01
5233,5,399,9,2,KGID105233,Shivansh,1979-09-28,M,O+,0,2003-03-04
5234,5,399,10,2,KGID105234,Aryan,1988-01-05,M,AB+,1,2005-07-08
5235,5,399,6,5,KGID105235,Onveer,1969-12-26,M,O-,0,2017-03-16
5236,5,399,6,2,KGID105236,Christopher,1979-11-09,M,O+,0,2021-12-01
5237,5,399,9,5,KGID105237,Varenya,1972-08-09,F,AB+,0,2014-05-17
5238,5,399,9,3,KGID105238,Wahab,1970-12-20,M,B+,0,1997-01-26
5239,5,399,7,2,KGID105239,Pahal,1999-07-29,F,O+,0,2023-10-22
5240,5,399,6,4,KGID105240,Abhimanyu,1975-09-13,M,AB+,0,2004-08-27
5241,5,399,10,5,KGID105241,Aarnav,1990-11-09,M,A-,0,1999-04-27
5242,5,399,10,6,KGID105242,Ekapad,1999-12-07,M,O-,0,2011-11-15
5243,5,399,7,2,KGID105243,Kamya,2000-04-11,F,O+,0,2011-03-14
5244,5,399,7,4,KGID105244,Sudiksha,1979-04-24,F,AB+,0,2017-02-02
5245,5,399,10,4,KGID105245,Ekalinga,1970-01-19,M,A+,0,2022-03-18
5246,5,400,7,4,KGID105246,Maya,1991-12-10,F,B+,0,2007-12-27
5247,5,400,10,3,KGID105247,Aditya,1985-10-11,M,B+,0,2018-10-19
5248,5,400,9,5,KGID105248,Warjas,1980-11-01,M,B-,0,2019-03-20
5249,5,400,10,1,KGID105249,Gagan,1973-06-16,M,AB+,0,2006-11-29
5250,5,400,9,5,KGID105250,Umang,1968-01-01,M,B-,0,2006-02-07
5251,5,400,6,5,KGID105251,Abhiram,1986-07-05,M,O-,0,2010-10-06
5252,5,400,10,2,KGID105252,Oliver,1982-06-06,M,B-,0,2014-04-18
5253,5,400,10,5,KGID105253,Tristan,1971-10-13,M,B-,0,2002-11-30
5254,5,400,10,1,KGID105254,Ekbal,2000-11-16,M,AB+,0,2024-07-24
5255,5,400,10,4,KGID105255,Tanay,2002-09-29,M,B-,0,2019-12-28
5256,5,400,10,1,KGID105256,Megha,1994-09-20,F,O+,0,2013-05-28
5257,5,400,9,5,KGID105257,Quincy,1986-03-10,M,B-,0,2006-09-02
5258,5,400,10,3,KGID105258,Lekha,1971-04-29,F,A-,0,2024-10-03
5259,5,400,10,3,KGID105259,Jagat,1976-02-29,M,AB+,0,2023-11-06
5260,5,400,10,4,KGID105260,Rehaan,1987-11-13,M,AB+,0,2016-02-22
5261,6,401,10,5,KGID105261,Girish,1995-07-04,M,O-,0,2013-03-29
5262,6,401,7,3,KGID105262,Zaid,1993-03-31,M,O-,0,2022-11-15
5263,6,401,10,1,KGID105263,Priya,1974-10-10,F,AB+,0,2016-02-03
5264,6,401,6,5,KGID105264,Sudiksha,1972-05-31,F,B-,0,1997-02-10
5265,6,401,10,5,KGID105265,David,1985-05-01,M,O+,0,2025-03-16
5266,6,401,5,1,KGID105266,Gunbir,1974-07-10,M,B+,0,2024-05-25
5267,6,401,10,3,KGID105267,Shaurya,1992-02-13,M,A-,0,2009-11-20
5268,6,401,9,6,KGID105268,Hemang,1978-05-21,M,A+,0,2000-02-17
5269,6,401,10,3,KGID105269,Saanvi,1968-04-05,F,B+,0,2002-07-26
5270,6,401,5,1,KGID105270,Chatresh,1993-11-29,M,B+,0,2012-05-12
5271,6,401,10,4,KGID105271,Girish,1995-11-11,M,O-,0,2006-04-25
5272,6,401,10,5,KGID105272,Advay,1969-11-16,M,A+,0,2016-08-11
5273,6,401,10,3,KGID105273,Rehaan,1971-07-14,M,O+,0,2008-08-30
5274,6,401,10,4,KGID105274,Hema,1982-05-11,F,B-,0,1997-02-16
5275,6,401,10,1,KGID105275,Reva,1974-06-14,F,O+,0,2001-04-25
5276,6,401,7,3,KGID105276,Elijah,1967-11-23,M,A+,0,2023-12-13
5277,6,401,6,4,KGID105277,Anika,1988-09-28,F,A-,0,2011-11-24
5278,6,401,10,5,KGID105278,Robert,1979-07-02,M,A+,0,2011-02-28
5279,6,402,9,6,KGID105279,Megha,2003-04-22,F,A-,0,2002-05-16
5280,6,402,10,3,KGID105280,Laban,1968-07-06,M,B-,0,2012-11-02
5281,6,402,6,2,KGID105281,Lakshit,1987-08-31,M,A-,0,2008-10-22
5282,6,402,6,1,KGID105282,Rachita,1995-03-29,F,AB+,0,1997-11-25
5283,6,402,7,1,KGID105283,Chasmum,1994-10-07,F,A-,0,2001-10-28
5284,6,402,10,2,KGID105284,Wridesh,1998-11-09,M,O+,0,2011-10-01
5285,6,402,10,5,KGID105285,Abhimanyu,1969-07-02,M,O+,0,2008-11-27
5286,6,402,10,2,KGID105286,Chanchal,1970-04-10,F,A+,0,2018-05-28
5287,6,403,5,1,KGID105287,Dev,1990-01-20,M,AB+,0,2010-04-22
5288,6,403,10,5,KGID105288,Indali,1968-11-22,F,AB+,0,2016-11-25
5289,6,403,9,6,KGID105289,Balendra,2003-01-12,M,A+,0,1997-10-22
5290,6,403,6,6,KGID105290,Abhiram,1985-02-13,M,A+,0,2004-04-06
5291,6,403,6,1,KGID105291,Abdul,1999-07-27,M,B+,0,2009-07-13
5292,6,403,6,2,KGID105292,Wahab,1968-04-10,M,A-,0,2016-02-23
5293,6,403,10,1,KGID105293,Ojas,1984-09-11,M,B+,0,1999-03-21
5294,6,403,9,3,KGID105294,Baljiwan,1983-06-03,M,B+,0,2016-12-25
5295,6,403,10,5,KGID105295,Lakshmi,1974-09-02,F,B+,0,2015-02-20
5296,6,403,9,4,KGID105296,Yug,1995-01-05,M,AB+,0,2004-02-06
5297,6,403,9,2,KGID105297,Naksh,1990-03-20,M,A-,0,2014-04-23
5298,6,403,6,4,KGID105298,Tanay,1991-12-09,M,O+,0,2019-05-02
5299,6,403,5,1,KGID105299,Rayaan,1975-12-19,M,O-,0,2009-03-15
5300,6,403,10,2,KGID105300,Jatin,1996-05-24,M,A+,0,2006-04-15
5301,6,403,10,2,KGID105301,Dipta,1987-06-22,F,A+,0,2010-08-12
5302,6,403,10,5,KGID105302,Benjamin,1974-11-28,M,B-,0,2004-10-21
5303,6,403,10,4,KGID105303,Abhiram,1971-01-15,M,A-,0,1998-10-07
5304,6,403,10,3,KGID105304,Akshay,1973-05-21,M,B+,0,2021-12-22
5305,6,403,10,1,KGID105305,Nachiket,1992-02-25,M,A+,0,2023-05-10
5306,6,404,7,1,KGID105306,Chandran,1997-07-20,M,B-,0,2019-12-30
5307,6,404,7,3,KGID105307,Imaran,2002-12-21,M,A-,0,2005-02-16
5308,6,404,10,5,KGID105308,Siya,1986-04-24,F,O+,0,2000-04-06
5309,6,404,9,1,KGID105309,Barkha,1972-12-07,F,A+,0,2023-06-15
5310,6,404,9,6,KGID105310,Indrajit,1980-11-17,M,O+,0,1998-02-18
5311,6,404,7,4,KGID105311,Elijah,1980-04-11,M,B+,0,2021-11-21
5312,6,404,10,2,KGID105312,Nathan,1990-10-05,M,O-,1,2015-02-27
5313,6,404,7,4,KGID105313,Balvan,1995-10-30,M,B+,0,2015-11-02
5314,6,404,7,4,KGID105314,Anmol,1973-08-02,M,O+,0,2024-11-08
5315,6,404,10,1,KGID105315,Krish,1982-07-09,M,B-,0,2022-10-30
5316,6,404,5,3,KGID105316,Joshua,1989-03-04,M,A+,0,2009-12-06
5317,6,404,6,5,KGID105317,Kalpit,1969-07-22,M,B-,0,2014-06-25
5318,6,404,10,1,KGID105318,Ayush,1970-08-23,M,O-,0,2005-10-13
5319,6,405,10,1,KGID105319,Anmol,1989-12-25,M,A+,0,2022-11-21
5320,6,405,10,5,KGID105320,Bimala,1991-09-28,F,A-,0,2001-02-12
5321,6,405,5,1,KGID105321,Ekapad,2002-01-10,M,AB+,0,2001-02-13
5322,6,405,9,2,KGID105322,Viraj,1973-08-21,M,B+,0,1997-03-27
5323,6,405,10,6,KGID105323,Nathaniel,1992-05-29,M,B+,0,2023-10-25
5324,6,405,10,2,KGID105324,Abeer,2000-03-22,M,A-,0,2015-07-01
5325,6,405,10,3,KGID105325,Jatin,1979-10-20,M,O-,0,2019-09-22
5326,6,405,5,5,KGID105326,Raghav,1974-01-31,M,A-,0,2015-08-13
5327,6,405,10,6,KGID105327,Anay,1971-05-23,M,O-,0,2020-10-03
5328,6,405,6,2,KGID105328,Yatan,1997-10-06,M,O+,0,2010-10-17
5329,6,405,10,2,KGID105329,Rishi,1994-08-10,M,O+,0,2001-11-21
5330,6,405,6,3,KGID105330,Waida,1970-09-08,F,B+,0,2014-01-14
5331,6,405,10,2,KGID105331,Laksh,1974-11-17,M,B+,0,2004-09-29
5332,6,405,10,1,KGID105332,Nakul,1993-11-23,M,O-,0,2016-10-15
5333,6,405,9,6,KGID105333,Abeer,1993-03-23,M,O+,0,2011-07-18
5334,6,406,9,4,KGID105334,Lakshmi,1968-11-08,F,A-,0,2002-03-02
5335,6,406,9,1,KGID105335,Nakul,1996-07-24,M,A+,0,2009-08-17
5336,6,406,10,6,KGID105336,Gopal,1975-06-09,M,O+,0,2023-09-02
5337,6,406,10,2,KGID105337,Chandran,1977-01-08,M,O-,0,2012-07-27
5338,6,406,10,6,KGID105338,Peter,1978-04-14,M,O+,0,2015-03-16
5339,6,406,7,3,KGID105339,Lohit,1967-12-19,M,B-,0,2013-09-21
5340,6,406,10,1,KGID105340,Bachittar,1980-01-28,M,B-,0,2017-10-31
5341,6,406,9,1,KGID105341,Karan,1994-06-18,M,AB+,0,2022-05-16
5342,6,406,5,5,KGID105342,Omkaar,1984-09-18,M,B-,0,2014-08-27
5343,6,406,5,4,KGID105343,Xavier,1988-10-21,M,A-,0,1998-03-17
5344,6,406,10,2,KGID105344,Aadi,1979-09-26,M,O-,0,2008-08-15
5345,6,406,7,3,KGID105345,Rayaan,1983-12-08,M,B+,0,2021-05-01
5346,6,406,9,3,KGID105346,Gavin,1979-03-07,M,O-,0,2012-04-23
5347,6,406,10,4,KGID105347,Samar,1996-12-27,M,O-,0,1998-09-10
5348,6,406,7,1,KGID105348,Caleb,1988-11-15,M,A-,0,2018-12-16
5349,6,406,6,1,KGID105349,Parth,1998-06-12,M,O-,0,2022-10-07
5350,6,407,10,3,KGID105350,Lohit,1991-08-29,M,O+,0,2019-07-15
5351,6,407,6,4,KGID105351,Shivansh,1981-11-18,M,A+,0,2017-08-18
5352,6,407,10,4,KGID105352,Daniel,1974-12-30,M,AB+,0,2010-02-10
5353,6,407,10,4,KGID105353,Ayush,1977-11-02,M,A+,0,2025-04-19
5354,6,407,10,1,KGID105354,Samarth,2000-04-10,M,B+,0,2003-10-28
5355,6,407,10,5,KGID105355,Balveer,1991-04-30,M,A+,0,2014-05-22
5356,6,407,10,3,KGID105356,Mitesh,1990-05-08,M,B+,0,2012-11-09
5357,6,407,9,6,KGID105357,Vihaan,1973-12-07,M,A-,0,2024-08-02
5358,6,407,10,4,KGID105358,Ekalinga,1987-12-31,M,O-,0,2023-06-30
5359,6,407,6,1,KGID105359,Madhav,1982-03-24,M,A-,0,2021-08-12
5360,6,407,7,3,KGID105360,Ojas,1998-02-07,M,B+,0,2018-11-01
5361,6,407,7,3,KGID105361,Udant,1980-01-19,M,A+,0,1997-09-08
5362,6,407,10,3,KGID105362,Charles,1980-08-12,M,O+,0,2017-08-28
5363,6,407,9,3,KGID105363,Odika,1986-11-23,F,A-,0,2019-03-13
5364,6,408,5,1,KGID105364,Samar,1993-05-12,M,AB+,0,2008-06-17
5365,6,408,6,1,KGID105365,Nakul,1975-07-16,M,B+,0,2013-01-11
5366,6,408,10,2,KGID105366,Vedant,1998-11-11,M,B+,0,2008-05-28
5367,6,408,10,5,KGID105367,Jagat,1991-07-18,M,O+,0,2008-04-24
5368,6,408,6,3,KGID105368,Charvi,1987-07-13,F,B-,0,2010-10-08
5369,6,408,9,2,KGID105369,Veda,1980-03-04,F,A+,0,2014-03-17
5370,6,408,10,4,KGID105370,Hema,1993-08-01,F,AB+,0,2014-07-09
5371,6,408,9,1,KGID105371,Idika,1981-08-20,F,AB+,0,1999-01-30
5372,6,408,5,5,KGID105372,Raghav,2000-12-05,M,B+,0,2014-07-22
5373,6,408,10,4,KGID105373,Anthony,1982-12-25,M,A-,0,2016-01-22
5374,6,408,10,6,KGID105374,Lucky,1985-08-30,M,B+,0,2017-12-11
5375,6,408,10,2,KGID105375,Rachana,1983-11-07,F,AB+,0,2003-07-26
5376,6,408,10,2,KGID105376,Dalaja,1977-04-12,F,O-,0,2008-03-21
5377,6,408,10,2,KGID105377,Yatan,1970-11-20,M,A-,0,2023-09-18
5378,6,408,9,3,KGID105378,Madhav,1980-11-15,M,A+,0,2009-04-12
5379,6,409,7,1,KGID105379,Umang,1983-04-03,M,A+,0,2001-11-09
5380,6,409,10,5,KGID105380,Samar,1985-06-11,M,B+,0,2019-10-12
5381,6,409,9,1,KGID105381,Ekansh,1984-05-12,M,A+,0,2015-04-19
5382,6,409,9,3,KGID105382,Sarthak,1985-01-22,M,AB+,0,2019-01-24
5383,6,409,6,4,KGID105383,Thomas,1997-12-06,M,B-,0,2004-08-04
5384,6,409,9,5,KGID105384,Mitesh,1984-03-07,M,B-,0,2018-07-13
5385,6,409,10,6,KGID105385,Sudiksha,1982-08-24,F,AB+,0,2008-02-11
5386,6,409,6,2,KGID105386,Karan,1994-03-11,M,A+,0,1997-08-25
5387,6,410,6,2,KGID105387,Frado,1989-11-19,M,B+,0,2003-12-15
5388,6,410,10,6,KGID105388,Ekaraj,1976-05-03,M,AB+,0,2025-02-15
5389,6,410,7,3,KGID105389,Ryan,1982-12-29,M,O+,0,2008-08-14
5390,6,410,10,2,KGID105390,Jackson,1975-03-31,M,AB+,0,2003-10-30
5391,6,410,9,3,KGID105391,Anirudh,1992-02-15,M,B+,0,1997-11-15
5392,6,410,10,1,KGID105392,Azad,1986-07-20,M,B-,0,2006-08-20
5393,6,410,5,6,KGID105393,Viraj,1967-12-28,M,AB+,0,1997-03-11
5394,6,410,7,6,KGID105394,Ayushman,1969-08-29,M,O-,0,2017-04-21
5395,6,410,7,2,KGID105395,Oliver,1979-06-16,M,A-,0,1997-09-16
5396,6,410,10,5,KGID105396,Daksh,1992-03-22,M,A+,0,2022-11-05
5397,6,410,7,1,KGID105397,Farhan,1988-01-03,M,B+,0,2006-04-25
5398,6,410,10,4,KGID105398,Farhan,1982-10-30,M,B-,0,2018-11-02
5399,6,410,10,6,KGID105399,Unni,1999-03-26,F,O-,0,2021-04-20
5400,6,410,10,2,KGID105400,Christopher,1980-09-14,M,B+,0,2004-02-19
5401,6,410,9,5,KGID105401,Finn,1992-01-01,M,B+,0,2014-10-06
5402,6,410,6,5,KGID105402,Gabriel,1970-02-21,M,B-,0,1999-04-27
5403,6,410,10,4,KGID105403,Gagan,2003-01-30,M,A+,0,2015-12-22
5404,6,410,9,2,KGID105404,Hamsini,1977-08-07,F,A+,0,2010-12-09
5405,6,410,10,3,KGID105405,Aachal,1969-06-29,F,O-,0,2012-01-09
5406,6,410,9,6,KGID105406,Vincent,1983-09-10,M,B+,0,1998-12-31
5407,6,411,10,3,KGID105407,Henry,2001-08-29,M,AB+,0,2023-03-28
5408,6,411,9,4,KGID105408,Jacob,1972-02-25,M,AB+,0,2007-02-23
5409,6,411,9,5,KGID105409,Michael,1979-06-23,M,B-,0,2012-12-06
5410,6,411,9,6,KGID105410,Chaitanya,1996-12-26,M,AB+,0,2021-02-07
5411,6,411,6,3,KGID105411,Tanay,1975-10-21,M,B+,0,2011-01-21
5412,6,411,10,3,KGID105412,Wazir,1969-09-03,M,B-,0,2009-08-27
5413,6,411,6,2,KGID105413,Sai,1989-09-06,F,B-,0,1999-12-09
5414,6,411,10,2,KGID105414,Shivansh,1993-11-13,M,O-,0,2000-03-19
5415,6,411,10,2,KGID105415,Girindra,1999-05-21,M,O+,0,2009-12-09
5416,6,411,5,2,KGID105416,Aadi,1988-04-17,M,AB+,0,2004-01-31
5417,6,411,10,4,KGID105417,Harrison,1968-05-01,M,A-,0,2019-11-22
5418,6,411,9,5,KGID105418,Jason,1970-06-14,M,O+,0,1998-06-27
5419,6,411,10,5,KGID105419,Zashil,1986-02-04,M,O+,0,2005-02-24
5420,6,411,10,4,KGID105420,Osha,2001-02-08,F,B-,0,2008-04-18
5421,6,411,10,2,KGID105421,Ethan,1984-05-10,M,A-,0,2017-05-20
5422,6,411,6,1,KGID105422,Krish,1969-03-04,M,B+,0,1996-10-05
5423,6,411,10,2,KGID105423,Yatin,1990-10-11,M,O-,0,2012-04-09
5424,6,411,9,5,KGID105424,Shaurya,1976-06-17,M,B+,0,2000-10-31
5425,6,411,9,5,KGID105425,Rehaan,1968-09-24,M,O-,0,1998-11-20
5426,6,412,6,1,KGID105426,Lipika,1974-05-12,F,B+,0,1999-07-08
5427,6,412,6,6,KGID105427,Anthony,2002-07-22,M,O+,0,2000-06-26
5428,6,412,7,3,KGID105428,Matthew,1996-06-08,M,AB+,0,2001-11-08
5429,6,412,7,6,KGID105429,Abha,1988-10-12,F,B-,0,2017-11-09
5430,6,412,6,4,KGID105430,Gabriel,1993-11-28,M,B-,0,2015-05-23
5431,6,412,10,1,KGID105431,Isha,1976-05-10,F,O-,0,2019-10-09
5432,6,412,10,1,KGID105432,Pratyush,1984-08-07,M,B+,0,2024-01-24
5433,6,412,10,3,KGID105433,Wazir,1988-06-18,M,AB+,0,2010-05-07
5434,6,412,6,2,KGID105434,Barkha,1988-03-16,F,O-,0,2001-12-28
5435,6,412,7,2,KGID105435,Arjun,1982-08-30,M,B-,0,2001-03-11
5436,6,412,7,3,KGID105436,Ayushman,1988-11-12,M,A+,0,2024-06-10
5437,6,412,10,6,KGID105437,Rayaan,1996-01-19,M,AB+,0,2014-08-08
5438,6,412,9,6,KGID105438,Jagdish,1990-07-31,M,B+,0,2019-04-08
5439,6,412,6,4,KGID105439,Ekansh,2002-10-21,M,B+,0,2002-06-13
5440,6,412,10,2,KGID105440,Quincy,1978-02-18,M,A+,0,2014-09-26
5441,6,412,6,6,KGID105441,Chaman,1982-07-23,F,B-,0,2010-07-16
5442,6,412,10,4,KGID105442,Harish,2000-09-09,M,O-,0,2013-06-06
5443,6,412,9,2,KGID105443,Aahana,1997-03-10,F,O-,0,1998-05-06
5444,6,413,10,5,KGID105444,Anthony,1975-02-11,M,B+,0,2008-10-25
5445,6,413,9,4,KGID105445,Jai,1983-02-10,M,B-,0,2008-06-30
5446,6,413,10,1,KGID105446,Sathvik,1993-01-28,M,O-,0,2000-11-24
5447,6,413,9,3,KGID105447,Bahadurjit,1985-02-10,M,AB+,0,2009-06-10
5448,6,413,10,3,KGID105448,Yagnesh,1977-06-26,M,AB+,0,2011-08-09
5449,6,413,10,2,KGID105449,Onveer,1983-03-12,M,B+,0,2008-06-11
5450,6,413,6,5,KGID105450,Balendra,1993-03-24,M,B+,0,2023-06-23
5451,6,413,5,1,KGID105451,Varsha,1972-12-20,F,A+,0,1999-02-24
5452,6,413,10,4,KGID105452,Tanish,1983-03-06,M,O+,0,2022-12-18
5453,6,413,7,6,KGID105453,Ekbal,1968-12-04,M,B-,0,2013-04-13
5454,6,413,10,5,KGID105454,Harinakshi,1970-05-13,F,B-,0,2009-06-24
5455,6,413,7,1,KGID105455,Om,1978-09-13,M,O+,0,2005-07-27
5456,6,413,10,3,KGID105456,Nathan,1972-04-18,M,B+,0,2014-11-15
5457,6,413,6,3,KGID105457,Oscar,1999-06-05,M,A+,0,2012-05-29
5458,6,413,10,6,KGID105458,Idika,1981-01-16,F,B-,0,2006-02-07
5459,6,414,9,4,KGID105459,Bachittar,1982-05-20,M,O+,0,2007-01-24
5460,6,414,10,6,KGID105460,Veer,1989-06-24,M,A+,0,2003-02-03
5461,6,414,6,4,KGID105461,Nihal,1995-07-09,M,O+,0,1999-05-24
5462,6,414,6,5,KGID105462,Zashil,1982-03-18,M,O+,0,2016-11-09
5463,6,414,9,2,KGID105463,Nisha,1996-02-19,F,AB+,0,2015-07-09
5464,6,414,10,5,KGID105464,Vedant,1978-11-17,M,A-,0,2011-03-17
5465,6,414,10,6,KGID105465,Qadim,1989-08-08,M,A+,0,2023-03-02
5466,6,414,9,4,KGID105466,Arin,1980-02-01,M,AB+,1,2006-09-18
5467,6,414,10,1,KGID105467,Amol,1986-06-25,M,A-,0,2004-12-08
5468,6,414,10,3,KGID105468,Vamakshi,1982-01-01,F,A-,0,2019-09-06
5469,6,414,7,2,KGID105469,Rehaan,1969-06-12,M,AB+,0,1996-08-16
5470,6,414,7,1,KGID105470,Upma,1979-11-09,F,O+,0,2014-02-07
5471,6,414,10,3,KGID105471,Kalpit,1989-02-16,M,O+,0,2016-12-13
5472,6,414,10,3,KGID105472,Abdul,1999-08-15,M,AB+,0,1997-09-04
5473,6,414,10,2,KGID105473,Wazir,1969-07-26,M,B+,0,2009-01-29
5474,6,414,7,2,KGID105474,Imaran,1993-07-20,M,O+,0,1997-06-24
5475,6,415,10,6,KGID105475,Noah,2000-07-22,M,AB+,0,2014-02-08
5476,6,415,7,5,KGID105476,Abdul,1981-12-27,M,O-,0,2022-11-22
5477,6,415,9,5,KGID105477,Laban,2001-11-15,M,O-,0,2017-01-08
5478,6,415,7,1,KGID105478,Urvi,1990-02-10,F,B+,0,2015-10-25
5479,6,415,10,4,KGID105479,Samaksh,1998-06-23,M,B+,0,2022-10-25
5480,6,415,9,6,KGID105480,Frederick,1971-02-24,M,B+,0,1999-07-22
5481,6,415,10,6,KGID105481,Alexander,1982-06-24,M,B-,0,2018-05-11
5482,6,415,6,3,KGID105482,Zayan,1989-02-05,M,O+,0,1997-11-11
5483,6,415,10,5,KGID105483,Vrinda,1978-12-16,F,AB+,0,2013-07-10
5484,6,415,10,5,KGID105484,Sneha,1998-05-30,F,AB+,0,2015-01-28
5485,6,415,10,4,KGID105485,Gautam,1999-07-20,M,O-,0,2017-02-27
5486,6,415,7,2,KGID105486,Teerth,1985-02-21,M,AB+,0,2011-12-04
5487,6,415,6,1,KGID105487,Tanay,1998-01-27,M,A+,0,2010-11-13
5488,6,415,10,2,KGID105488,Manbir,1995-12-14,M,B-,0,2013-10-24
5489,6,416,10,1,KGID105489,Ekapad,2000-03-19,M,O-,0,2003-09-16
5490,6,416,6,2,KGID105490,Ronith,1998-01-07,M,A+,0,2001-11-11
5491,6,416,6,2,KGID105491,Isaac,2002-01-01,M,B+,0,2010-12-17
5492,6,416,10,6,KGID105492,Naveen,1983-05-29,M,A+,0,2011-03-14
5493,6,416,6,6,KGID105493,Ethan,1984-10-25,M,B-,0,2005-02-21
5494,6,416,7,6,KGID105494,Abhiram,2000-05-17,M,AB+,0,2024-04-10
5495,6,416,9,4,KGID105495,Siddharth,2002-12-09,M,A+,0,2024-06-01
5496,6,416,10,4,KGID105496,Tristan,1999-09-02,M,AB+,0,2004-05-15
5497,6,416,10,5,KGID105497,Ishaan,1990-02-13,M,B-,0,2007-01-11
5498,6,416,10,3,KGID105498,Sai,1990-04-23,M,O-,0,2001-06-19
5499,6,416,7,2,KGID105499,Robert,1987-10-26,M,B+,0,2002-11-22
5500,6,416,6,6,KGID105500,Zaitra,1994-07-20,F,AB+,0,2002-11-18
5501,6,416,7,5,KGID105501,Chandresh,1975-12-03,M,B+,0,2006-08-28
5502,6,416,6,5,KGID105502,Gunbir,1998-07-20,M,A+,0,2005-12-26
5503,6,416,9,1,KGID105503,Abeer,1973-09-13,M,AB+,0,2010-11-08
5504,6,416,9,2,KGID105504,Dakshesh,1975-10-26,M,AB+,0,2006-10-28
5505,6,416,9,6,KGID105505,Thomas,1970-06-24,M,A-,0,1998-10-30
5506,6,416,10,6,KGID105506,Ekiya,1977-01-14,F,B-,0,2022-06-27
5507,6,417,6,2,KGID105507,Oscar,1980-02-15,M,AB+,0,2021-02-11
5508,6,417,10,3,KGID105508,Ethan,1981-11-30,M,A-,0,2010-03-19
5509,6,417,10,4,KGID105509,Samesh,1989-11-05,M,O+,0,2007-01-12
5510,6,417,6,2,KGID105510,Neha,1981-04-22,F,B+,0,2009-03-27
5511,6,417,7,3,KGID105511,Michael,1996-10-04,M,AB+,0,2020-11-02
5512,6,417,10,5,KGID105512,Faris,1970-04-09,M,AB+,0,2023-10-09
5513,6,417,10,2,KGID105513,Zayyan,2000-01-18,M,B-,0,2009-12-10
5514,6,417,9,3,KGID105514,Girish,1999-06-26,M,B-,0,2013-10-22
5515,6,417,10,2,KGID105515,Harini,1980-12-24,F,A+,0,2022-06-24
5516,6,418,6,4,KGID105516,Chandran,1996-11-29,M,AB+,0,2002-03-03
5517,6,418,10,4,KGID105517,Dominic,1992-09-09,M,A-,0,2024-04-05
5518,6,418,9,2,KGID105518,Nandini,1977-05-10,F,B-,0,2016-10-02
5519,6,418,10,1,KGID105519,Bakhshi,1997-03-13,M,B-,0,2025-01-07
5520,6,418,10,5,KGID105520,Agastya,1969-08-03,M,AB+,0,2001-05-16
5521,6,418,7,4,KGID105521,Gopal,1995-06-24,M,O-,0,2005-02-09
5522,6,418,10,3,KGID105522,Yagnesh,1989-10-27,M,O+,0,2002-10-14
5523,6,418,6,4,KGID105523,Bakhshi,1969-01-23,M,B-,0,2006-08-26
5524,6,418,9,6,KGID105524,Ronith,2001-12-25,M,B+,1,2014-10-02
5525,6,418,10,6,KGID105525,Darpan,1972-03-13,M,B+,0,2016-04-30
5526,6,418,6,2,KGID105526,Chatresh,1989-03-14,M,O-,0,2000-12-01
5527,6,418,10,1,KGID105527,Kamala,2002-09-06,F,A-,0,2017-10-18
5528,6,418,9,1,KGID105528,Bhavika,1994-02-17,F,A-,0,2023-01-19
5529,6,418,10,3,KGID105529,Sarthak,1977-09-13,M,O-,0,2004-06-15
5530,6,418,10,6,KGID105530,Wakeeta,2000-01-16,F,B+,0,2006-10-21
5531,6,419,9,5,KGID105531,Isaac,1982-07-06,M,O-,0,2022-04-22
5532,6,419,9,2,KGID105532,Nicholas,1997-02-06,M,A+,0,2000-01-10
5533,6,419,9,4,KGID105533,Andrew,1976-11-10,M,AB+,0,2022-06-15
5534,6,419,10,5,KGID105534,Ikbal,1969-07-09,M,B-,0,2014-12-25
5535,6,419,10,2,KGID105535,Victor,1983-01-20,M,B-,0,2017-10-23
5536,6,419,10,5,KGID105536,Ishaan,1973-11-22,M,O+,0,2013-01-18
5537,6,419,5,4,KGID105537,Triveni,1996-12-24,F,O-,0,2001-06-19
5538,6,419,7,1,KGID105538,George,1993-11-27,M,O-,0,2012-09-21
5539,6,419,5,6,KGID105539,Yash,1989-04-01,M,A-,0,2006-06-15
5540,6,419,7,1,KGID105540,Gaurang,1971-06-16,M,O-,0,2000-07-03
5541,6,419,10,4,KGID105541,Thomas,1967-10-14,M,A-,0,1996-08-29
5542,6,419,10,5,KGID105542,Ucchal,1982-09-04,F,A+,0,2017-09-24
5543,6,420,9,4,KGID105543,Dhruv,1970-06-28,M,AB+,0,2009-12-20
5544,6,420,10,6,KGID105544,Anthony,1999-09-30,M,A+,0,2009-02-13
5545,6,420,9,1,KGID105545,Zaid,1997-07-08,M,A-,0,2008-04-17
5546,6,420,6,6,KGID105546,Teerth,1995-04-09,M,A-,0,1998-01-03
5547,6,420,10,2,KGID105547,Vanya,2000-06-08,F,AB+,0,2016-01-01
5548,6,420,7,1,KGID105548,Pahal,1994-03-05,F,A+,0,2024-02-08
5549,6,420,7,6,KGID105549,Michael,1993-08-27,M,B+,0,2012-11-30
5550,6,420,9,2,KGID105550,Ojas,1998-09-08,M,AB+,0,2004-02-13
5551,6,420,6,5,KGID105551,Timothy,1978-10-07,M,A+,0,1999-10-16
5552,6,420,10,4,KGID105552,Ethan,1982-03-25,M,A+,0,2017-01-22
5553,6,421,9,6,KGID105553,Aarush,1979-05-01,M,A-,0,2006-02-10
5554,6,421,5,1,KGID105554,Orinder,1996-08-27,M,AB+,0,1998-05-21
5555,6,421,6,5,KGID105555,Sarthak,1978-06-09,M,A-,0,2004-08-15
5556,6,421,9,4,KGID105556,Vedant,1994-03-31,M,AB+,0,2012-07-14
5557,6,421,9,4,KGID105557,Qabil,1989-11-21,M,AB+,0,1998-11-15
5558,6,421,10,5,KGID105558,Imaran,1970-04-12,M,O+,0,2017-08-25
5559,6,421,10,1,KGID105559,Vincent,1972-07-30,M,B-,0,2017-05-22
5560,6,421,7,1,KGID105560,Thomas,1990-04-15,M,O-,0,2024-08-24
5561,6,421,9,5,KGID105561,Rishi,1994-05-23,M,A+,0,2011-02-12
5562,6,421,5,3,KGID105562,Mohammed,1997-01-02,M,O-,0,2007-10-21
5563,6,421,9,4,KGID105563,Nimrat,1979-08-29,F,A+,0,2019-09-03
5564,6,421,10,4,KGID105564,Sanya,1997-03-11,F,A+,0,2011-02-19
5565,6,421,7,1,KGID105565,Naveen,1988-12-01,M,B-,0,2013-10-15
5566,6,422,7,2,KGID105566,Tanish,1969-05-28,M,A-,0,2001-04-16
5567,6,422,6,3,KGID105567,Zayan,1977-07-13,M,B-,0,2005-08-03
5568,6,422,10,1,KGID105568,Hritik,1969-04-02,M,O-,0,1996-11-24
5569,6,422,10,6,KGID105569,Laksh,1997-05-11,M,B+,0,1998-12-16
5570,6,422,9,4,KGID105570,Atharv,1997-12-03,M,O-,0,2008-05-14
5571,6,422,10,1,KGID105571,Samuel,1997-09-14,M,AB+,0,2021-07-06
5572,6,422,10,2,KGID105572,Qarin,1994-09-14,M,B+,0,1996-10-07
5573,6,422,9,1,KGID105573,Qadim,1983-12-04,M,B-,0,2021-02-13
5574,6,422,6,1,KGID105574,Anay,2001-02-11,M,O-,0,2005-03-09
5575,6,422,10,2,KGID105575,Advik,1998-11-05,M,O-,0,2020-06-22
5576,6,422,10,6,KGID105576,Balhaar,1986-12-31,M,AB+,0,2025-07-14
5577,6,422,9,3,KGID105577,Ojas,1973-11-18,M,B+,0,2011-11-18
5578,6,423,10,1,KGID105578,Max,1984-07-20,M,B-,0,2009-10-17
5579,6,423,7,1,KGID105579,Naksh,1979-01-05,M,O-,0,2018-11-19
5580,6,423,10,6,KGID105580,Dhruv,1978-12-25,M,A-,0,2016-08-07
5581,6,423,7,4,KGID105581,Anthony,1979-05-12,M,O+,0,2020-05-29
5582,6,423,6,2,KGID105582,Laksh,1990-06-22,M,O+,0,2018-05-22
5583,6,423,10,3,KGID105583,Jagat,1999-10-24,M,O+,0,2022-12-18
5584,6,423,7,5,KGID105584,Laksh,1980-12-24,M,A-,0,2015-07-27
5585,6,423,6,5,KGID105585,Alexander,1990-06-05,M,B+,0,2019-04-17
5586,6,423,9,3,KGID105586,Yashawini,1985-12-29,F,A-,0,2019-11-22
5587,6,423,6,3,KGID105587,Mitesh,1982-05-14,M,B-,0,2020-11-10
5588,6,423,10,4,KGID105588,Aayush,1981-04-23,M,O-,0,2022-11-22
5589,6,423,10,3,KGID105589,Simon,2000-11-24,M,A-,0,2005-09-16
5590,6,423,6,4,KGID105590,Robert,1972-03-04,M,AB+,0,2014-01-05
5591,6,423,6,5,KGID105591,Mohammed,1999-05-17,M,O+,0,2008-09-09
5592,6,423,7,5,KGID105592,Atharv,1969-02-01,M,A-,0,2022-07-28
5593,6,423,10,2,KGID105593,Harini,1996-03-09,F,O-,0,2001-08-27
5594,6,423,9,3,KGID105594,Yash,1970-03-12,M,O-,0,2007-02-04
5595,6,423,7,3,KGID105595,Balvan,2001-09-30,M,O+,0,2019-06-10
5596,6,423,7,5,KGID105596,Dhruv,1980-06-11,M,B+,0,2010-07-17
5597,6,423,10,1,KGID105597,Utkarsh,1992-09-26,M,A+,0,2015-07-24
5598,6,424,5,5,KGID105598,Ranbir,1970-01-19,M,O-,0,1998-10-27
5599,6,424,9,2,KGID105599,Ranveer,1988-05-02,M,B-,0,2010-12-01
5600,6,424,5,3,KGID105600,Abhiram,1967-12-10,M,O+,0,2012-02-23
5601,6,424,7,6,KGID105601,Mugdha,1975-11-24,F,A+,0,2001-07-29
5602,6,424,10,2,KGID105602,Lila,1975-08-01,F,O+,0,2000-08-26
5603,6,424,10,6,KGID105603,Yatin,1993-05-07,M,B+,0,2011-12-25
5604,6,424,10,3,KGID105604,Tanveer,1986-02-07,M,A+,0,2024-01-02
5605,6,424,10,2,KGID105605,Tamanna,1981-06-02,F,O+,0,1998-11-30
5606,6,424,6,5,KGID105606,Christopher,1968-12-07,M,O+,0,2002-08-19
5607,6,424,7,2,KGID105607,Samaksh,1986-08-18,M,O-,0,2008-04-19
5608,6,424,7,2,KGID105608,Bhavini,1994-07-17,F,A+,0,2018-04-21
5609,6,424,10,2,KGID105609,Chaitanya,1980-01-12,M,B+,0,2004-12-06
5610,6,425,5,2,KGID105610,Gautam,1988-07-19,M,AB+,0,2008-09-25
5611,6,425,6,2,KGID105611,Hema,1997-10-16,F,A-,0,1996-11-27
5612,6,425,6,6,KGID105612,Jeremiah,1971-07-29,M,O+,0,2022-01-16
5613,6,425,10,2,KGID105613,Samuel,1992-10-06,M,A-,0,2013-11-29
5614,6,425,10,3,KGID105614,Om,1981-04-07,M,O+,0,2004-11-04
5615,6,425,7,1,KGID105615,Gaurav,1979-11-19,M,O-,0,2001-05-18
5616,6,425,10,2,KGID105616,Xiti,1988-05-01,F,O+,0,2017-01-15
5617,6,425,6,3,KGID105617,Warinder,2002-10-13,M,O+,0,2004-03-03
5618,6,425,7,6,KGID105618,Vivaan,1998-05-15,M,AB+,0,2004-06-29
5619,6,425,10,4,KGID105619,Ladli,1971-01-24,F,B+,0,2014-11-07
5620,6,425,9,2,KGID105620,Omkaar,1977-01-09,M,AB+,0,1999-12-31
5621,6,425,6,1,KGID105621,Falan,1974-11-20,M,B-,0,1998-01-06
5622,6,425,5,6,KGID105622,Yagnesh,1981-03-30,M,B-,0,2021-04-09
5623,6,425,7,3,KGID105623,Dhruv,1989-03-03,M,A+,0,2003-04-25
5624,6,425,9,5,KGID105624,Yatin,1991-03-15,M,A+,0,2013-08-24
5625,6,425,10,2,KGID105625,Onkar,1998-06-07,M,A+,0,2003-12-01
5626,6,425,10,2,KGID105626,Vasudha,1972-01-04,F,A+,0,1999-04-18
5627,6,426,7,2,KGID105627,Dev,1991-10-18,M,A-,0,2015-06-05
5628,6,426,10,4,KGID105628,Urvi,1975-07-24,F,A+,0,2000-02-25
5629,6,426,10,5,KGID105629,Jairaj,1984-09-10,M,O-,0,2011-11-17
5630,6,426,6,6,KGID105630,Alexander,1995-04-14,M,B-,0,2015-09-06
5631,6,426,7,1,KGID105631,Rudra,1995-09-10,M,B+,0,2000-04-21
5632,6,426,7,5,KGID105632,Gaurang,1995-03-01,M,A-,0,2000-10-17
5633,6,426,9,1,KGID105633,Benjamin,1996-01-20,M,B-,0,2004-06-11
5634,6,426,10,5,KGID105634,Zayan,1993-07-25,M,O-,0,2002-08-03
5635,6,426,10,6,KGID105635,Owen,1975-01-21,M,B+,0,2016-05-11
5636,6,426,10,2,KGID105636,Ishaan,1988-01-27,M,O+,0,2020-05-01
5637,6,426,10,4,KGID105637,Yash,1979-01-06,M,AB+,0,2009-09-03
5638,6,426,10,3,KGID105638,Ojas,1992-08-05,M,O+,0,2015-04-29
5639,6,426,9,2,KGID105639,Oscar,2002-03-18,M,A+,0,2012-02-11
5640,6,426,9,2,KGID105640,George,1987-05-11,M,AB+,0,2009-10-24
5641,6,427,7,1,KGID105641,Pratyush,1968-11-27,M,B-,0,2011-03-17
5642,6,427,5,4,KGID105642,Bakhshi,1994-11-13,M,AB+,0,2007-05-27
5643,6,427,10,4,KGID105643,Gautam,1969-09-07,M,B+,0,2015-09-18
5644,6,427,7,4,KGID105644,Chanakya,1975-06-25,M,A-,0,2024-09-28
5645,6,427,5,1,KGID105645,Chameli,1995-05-29,F,AB+,0,1998-08-23
5646,6,427,10,4,KGID105646,Hritik,1988-03-19,M,B+,0,2023-03-28
5647,6,427,10,5,KGID105647,Oliver,1986-06-10,M,AB+,0,2004-11-16
5648,6,427,10,5,KGID105648,Yuvraj,1972-10-15,M,A-,0,1997-03-13
5649,6,427,10,3,KGID105649,Atharv,1997-05-26,M,AB+,0,2012-02-08
5650,6,427,7,1,KGID105650,Caleb,1968-03-31,M,O-,0,2024-06-05
5651,6,427,9,4,KGID105651,Daksh,1995-05-25,M,AB+,0,2013-01-05
5652,6,427,10,5,KGID105652,Caleb,1980-12-09,M,B-,0,1999-10-08
5653,6,427,10,2,KGID105653,Udant,1980-01-24,M,A+,0,2004-05-29
5654,6,428,6,2,KGID105654,Joshua,1970-11-09,M,A+,0,2006-01-27
5655,6,428,7,5,KGID105655,Orinder,1996-07-15,M,B+,0,2012-01-04
5656,6,428,10,2,KGID105656,Kabir,1982-11-19,M,B-,0,2003-11-05
5657,6,428,6,2,KGID105657,Guneet,1977-04-17,M,A-,0,2015-08-17
5658,6,428,7,1,KGID105658,Dalbir,1975-11-30,M,B+,0,2024-05-27
5659,6,428,10,6,KGID105659,Advaith,1971-04-25,M,O-,0,2012-07-21
5660,6,428,7,6,KGID105660,Vihaan,1993-10-31,M,O+,0,2025-06-06
5661,6,428,7,2,KGID105661,Maanas,2000-04-26,M,B+,0,2000-01-30
5662,6,428,10,1,KGID105662,Zayyan,1994-07-04,M,B+,0,2010-11-23
5663,6,428,10,1,KGID105663,Anmol,1978-02-08,M,A+,0,2004-06-04
5664,6,428,10,3,KGID105664,Akshay,2000-12-31,M,AB+,0,2023-05-18
5665,6,428,10,1,KGID105665,Samesh,1983-10-10,M,A+,0,2006-03-24
5666,6,428,10,2,KGID105666,Oliver,1984-10-09,M,B+,0,2006-01-12
5667,6,429,7,1,KGID105667,Theodore,1983-10-11,M,O-,0,2000-01-07
5668,6,429,7,6,KGID105668,Tanay,2002-07-20,M,AB+,0,2010-01-23
5669,6,429,10,5,KGID105669,Rachita,1983-06-18,F,B-,0,2013-04-06
5670,6,429,6,4,KGID105670,Elijah,1973-07-07,M,B+,0,2010-05-15
5671,6,429,9,5,KGID105671,Gopal,1982-10-17,M,A-,0,2013-08-20
5672,6,429,10,2,KGID105672,Gautam,1978-02-25,M,A+,0,2003-06-02
5673,6,429,10,6,KGID105673,Tanveer,1972-08-08,M,B-,0,2019-02-20
5674,6,429,9,1,KGID105674,Azad,1991-09-21,M,AB+,0,2024-10-08
5675,6,429,9,1,KGID105675,Patrick,1988-08-08,M,O-,0,1997-12-30
5676,6,429,9,1,KGID105676,Reyansh,1979-11-18,M,B+,0,2016-02-21
5677,6,429,10,1,KGID105677,Sathvik,1993-01-21,M,O-,0,2002-06-14
5678,6,429,10,6,KGID105678,Yuvraj,1993-07-12,M,O+,0,2014-05-30
5679,6,429,10,4,KGID105679,Ishita,1989-01-10,F,B+,0,2018-03-18
5680,6,429,10,1,KGID105680,Harsh,1974-03-14,M,A-,0,2022-06-25
5681,6,429,10,4,KGID105681,Utkarsh,1997-02-25,M,AB+,0,2000-02-10
5682,6,429,7,6,KGID105682,Madhavi,1970-08-20,F,A-,0,2002-04-13
5683,6,430,10,5,KGID105683,Chanakya,1991-06-17,M,O+,0,2020-06-03
5684,6,430,10,4,KGID105684,Mason,1981-07-01,M,O-,0,2014-04-24
5685,6,430,10,3,KGID105685,Elijah,2000-02-16,M,AB+,0,2020-09-25
5686,6,430,9,5,KGID105686,Isaac,1988-09-05,M,AB+,0,1998-05-03
5687,6,430,10,6,KGID105687,Anvi,1968-03-07,F,B+,0,1998-02-16
5688,6,430,7,3,KGID105688,Gaurav,1988-02-17,M,B-,0,2009-02-13
5689,6,430,10,4,KGID105689,Banjeet,1977-10-13,M,AB+,0,2023-10-13
5690,6,430,7,1,KGID105690,Dalbir,1987-07-05,M,O+,0,2018-10-21
5691,6,430,6,4,KGID105691,Umang,1976-08-07,M,O-,0,2010-05-22
5692,6,430,9,1,KGID105692,Jeet,1995-12-17,M,O+,0,2006-09-30
5693,6,430,10,4,KGID105693,Qarin,1986-11-14,M,A-,0,2012-08-14
5694,6,430,6,3,KGID105694,Ayaan,1967-09-16,M,AB+,0,1997-11-19
5695,6,430,10,5,KGID105695,Balvan,1988-04-18,M,A-,0,2009-05-11
5696,6,430,9,1,KGID105696,Ekaraj,1999-11-29,M,B+,0,2004-10-08
5697,6,430,5,1,KGID105697,Om,1999-08-22,M,A+,0,1998-08-07
5698,6,430,7,6,KGID105698,Nathan,1972-02-19,M,B+,0,2007-11-19
5699,6,430,6,3,KGID105699,Naveen,1982-01-15,M,A-,0,2012-08-16
5700,6,430,10,6,KGID105700,Girik,1974-10-24,M,A-,0,2012-04-13
5701,6,430,9,1,KGID105701,Joshua,1998-06-06,M,AB+,0,1996-12-29
5702,6,430,10,3,KGID105702,George,1992-03-03,M,A+,0,2011-08-26
5703,6,431,10,5,KGID105703,Anay,1988-12-19,M,AB+,0,2005-01-14
5704,6,431,10,1,KGID105704,Jeet,1992-07-06,M,A-,0,2012-01-03
5705,6,431,10,6,KGID105705,Jairaj,2000-07-21,M,A-,0,2013-09-04
5706,6,431,7,4,KGID105706,Ekta,1995-06-12,F,O+,0,1998-10-10
5707,6,431,7,6,KGID105707,Aditya,1971-11-13,M,A-,0,2018-07-05
5708,6,431,9,3,KGID105708,Triveni,1971-12-16,F,A-,0,2016-10-12
5709,6,431,10,2,KGID105709,Harsh,1984-02-17,M,O-,0,2014-10-06
5710,6,431,10,5,KGID105710,Jatin,1972-08-04,M,O-,0,1997-05-05
5711,6,431,10,5,KGID105711,Wahab,1995-06-08,M,B-,0,2017-02-11
5712,6,431,7,1,KGID105712,Benjamin,1971-04-13,M,AB+,0,2017-05-30
5713,6,431,6,6,KGID105713,Pranav,1991-09-24,M,O+,0,2000-08-28
5714,6,431,5,2,KGID105714,Falan,1986-12-05,M,O-,0,2008-08-08
5715,6,431,5,3,KGID105715,Bakhshi,1996-07-16,M,O-,0,2021-08-12
5716,6,431,7,4,KGID105716,Libni,1968-02-18,F,A+,0,2000-06-11
5717,6,431,10,4,KGID105717,Caleb,1983-04-20,M,A-,0,2010-10-19
5718,6,431,6,2,KGID105718,Bahadurjit,1972-09-11,M,A-,0,2000-04-09
5719,6,431,9,5,KGID105719,Lakshit,1997-10-25,M,A+,0,1999-01-18
5720,6,431,10,1,KGID105720,Lavanya,1972-05-06,F,A+,0,1999-11-23
5721,6,432,9,4,KGID105721,Ridhi,2001-07-31,F,AB+,0,2008-01-29
5722,6,432,7,1,KGID105722,Yatan,1989-07-19,M,AB+,0,2011-05-28
5723,6,432,10,1,KGID105723,Xalak,1974-01-30,F,O-,0,2009-08-20
5724,6,432,9,5,KGID105724,Nathan,1996-06-03,M,O+,0,2001-11-15
5725,6,432,6,3,KGID105725,Chatresh,1994-04-10,M,B-,0,2017-09-05
5726,6,432,9,2,KGID105726,Gaurang,1991-11-30,M,A-,0,2001-03-18
5727,6,432,9,3,KGID105727,Girish,1981-04-29,M,A-,0,2000-08-24
5728,6,432,6,2,KGID105728,Omkaar,1979-09-10,M,B-,0,2018-10-02
5729,6,432,7,1,KGID105729,Faqid,1995-11-24,M,B+,0,2005-04-16
5730,6,432,7,5,KGID105730,Lohit,1968-05-30,M,B-,0,2000-04-18
5731,6,432,7,3,KGID105731,Zaitra,1981-05-04,F,A+,0,1997-01-19
5732,6,432,6,6,KGID105732,Jack,1984-07-27,M,B-,0,1997-05-19
5733,6,432,6,6,KGID105733,Jagat,2000-05-25,M,B-,0,2023-02-10
5734,6,432,6,4,KGID105734,Tanmayi,1987-07-22,F,O-,0,2003-08-22
5735,6,432,6,6,KGID105735,Avi,1996-07-13,M,B+,0,2005-03-12
5736,6,432,10,6,KGID105736,Kabir,1991-03-16,M,A-,0,2018-03-08
5737,6,432,10,3,KGID105737,Mohammed,1978-06-20,M,A+,0,2000-06-19
5738,6,432,9,3,KGID105738,Joshua,1997-06-03,M,B+,0,1997-05-08
5739,6,433,10,2,KGID105739,Tristan,1997-05-28,M,A+,0,2004-12-07
5740,6,433,9,5,KGID105740,Nitara,1989-12-18,F,B-,0,1998-03-27
5741,6,433,9,6,KGID105741,Onkar,1996-10-31,M,A-,0,2010-05-01
5742,6,433,10,5,KGID105742,Wyatt,1980-12-30,M,A-,0,2009-07-12
5743,6,433,6,1,KGID105743,Harshil,1979-06-09,M,A-,1,2002-05-12
5744,6,433,6,6,KGID105744,Bachittar,1993-05-01,M,A+,0,2004-11-02
5745,6,433,6,3,KGID105745,Bachittar,1985-06-07,M,B-,0,1998-08-25
5746,6,433,10,5,KGID105746,Eiravati,1984-11-07,F,A+,0,2014-02-14
5747,6,433,5,4,KGID105747,Anay,1987-09-18,M,B+,0,2005-10-03
5748,6,433,9,2,KGID105748,Madhav,1978-06-30,M,A+,0,2019-08-21
5749,6,433,10,1,KGID105749,Charan,1978-05-04,M,B-,0,2003-07-19
5750,6,433,7,6,KGID105750,William,1982-02-24,M,B+,0,2012-04-29
5751,6,433,10,5,KGID105751,Falguni,2002-10-26,F,A-,0,2016-06-30
5752,6,433,10,1,KGID105752,Upma,1971-04-22,F,AB+,0,2020-10-24
5753,6,434,10,3,KGID105753,Chatresh,1997-06-05,M,O+,0,1998-12-23
5754,6,434,9,6,KGID105754,Qarin,1999-12-19,M,O-,0,2010-08-09
5755,6,434,10,5,KGID105755,Udarsh,2000-09-28,M,O-,0,2021-07-12
5756,6,434,5,1,KGID105756,David,2001-03-12,M,B+,0,2025-01-08
5757,6,434,6,3,KGID105757,Michael,1979-12-05,M,A+,0,2019-04-11
5758,6,434,10,6,KGID105758,Atharv,1976-03-08,M,A+,0,2023-02-12
5759,6,434,10,1,KGID105759,Nicholas,1976-10-11,M,O+,0,2013-04-14
5760,6,434,9,5,KGID105760,Madhav,2001-07-06,M,O+,0,2016-07-29
5761,6,434,10,5,KGID105761,Viraj,1987-01-18,M,A-,0,2023-01-02
5762,6,434,9,3,KGID105762,Pushti,1972-02-22,F,O+,0,2002-09-22
5763,6,434,6,1,KGID105763,Jairaj,1994-02-25,M,B-,0,2002-08-27
5764,6,435,6,4,KGID105764,Girindra,1991-05-12,M,O-,0,2002-07-25
5765,6,435,7,1,KGID105765,Anamika,1972-05-20,F,B-,0,2022-04-12
5766,6,435,9,2,KGID105766,Samaksh,1984-02-12,M,B-,0,2018-12-02
5767,6,435,10,2,KGID105767,Zinal,1976-09-10,F,B+,0,2003-08-07
5768,6,435,10,6,KGID105768,Udant,1983-06-06,M,AB+,0,2006-08-11
5769,6,435,9,2,KGID105769,Patrick,1968-04-15,M,B+,0,2011-10-20
5770,6,435,10,1,KGID105770,Samar,1994-05-27,M,B-,0,2008-03-17
5771,6,435,10,6,KGID105771,Advaith,1985-05-01,M,A+,0,2014-02-08
5772,6,436,7,2,KGID105772,Rishi,1969-09-01,M,O+,0,2012-08-27
5773,6,436,10,4,KGID105773,Irya,1988-08-15,F,AB+,0,2002-02-14
5774,6,436,10,4,KGID105774,Samuel,1981-02-13,M,B+,0,2022-03-09
5775,6,436,9,5,KGID105775,Shaurya,1984-08-03,M,B+,0,2021-02-26
5776,6,436,9,1,KGID105776,Aryan,1982-11-04,M,B-,0,1996-11-22
5777,6,436,9,6,KGID105777,Ranbir,1987-06-24,M,A+,0,1999-04-20
5778,6,436,10,3,KGID105778,Yuvraj,1989-04-23,M,B+,0,2002-06-06
5779,6,436,10,5,KGID105779,Saksham,2002-06-11,M,B+,0,2000-01-22
5780,6,436,10,2,KGID105780,Anay,1976-05-31,M,O+,0,2024-01-03
5781,6,436,6,2,KGID105781,Robert,1986-06-20,M,O-,0,2000-10-03
5782,6,436,6,5,KGID105782,Baljiwan,1992-01-27,M,O+,0,1997-09-29
5783,6,436,6,6,KGID105783,Ekaja,1975-10-18,F,O-,0,2019-01-11
5784,6,436,6,5,KGID105784,Faras,1995-06-16,M,O-,0,2018-01-15
5785,6,436,10,5,KGID105785,Banjeet,1975-04-29,M,A+,0,1997-12-31
5786,6,436,10,3,KGID105786,Robert,2002-12-19,M,AB+,0,2012-01-28
5787,6,436,10,1,KGID105787,Tanish,1979-02-20,M,O-,0,2004-05-25
5788,6,436,10,5,KGID105788,Caleb,1979-07-30,M,A-,0,2004-04-12
5789,6,436,10,3,KGID105789,Zaid,1980-06-10,M,B-,0,2002-11-26
5790,6,436,7,5,KGID105790,Ekapad,1993-08-31,M,AB+,0,2017-08-12
5791,6,436,9,3,KGID105791,Theodore,1978-08-11,M,AB+,0,1999-06-30
5792,6,437,7,6,KGID105792,Udarsh,1990-12-11,M,A+,0,1997-05-01
5793,6,437,10,1,KGID105793,Sanya,1979-12-13,F,A+,0,2012-05-05
5794,6,437,6,1,KGID105794,Kiaan,1970-05-22,M,A+,0,2002-08-26
5795,6,437,9,6,KGID105795,Brijesh,1980-04-25,M,AB+,0,2004-03-03
5796,6,437,6,4,KGID105796,Qabil,1987-02-07,M,AB+,0,2017-03-08
5797,6,437,10,5,KGID105797,Azaan,1976-04-22,M,B-,0,2015-08-30
5798,6,437,7,4,KGID105798,Bina,1969-09-02,F,AB+,0,2001-09-19
5799,6,437,6,6,KGID105799,Guneet,1996-10-14,M,B+,0,2019-04-08
5800,6,437,5,3,KGID105800,Noah,1990-08-19,M,A-,0,2011-05-18
5801,6,437,9,3,KGID105801,Ganga,1973-06-21,F,A+,0,1999-08-25
5802,6,437,10,1,KGID105802,Yoshita,1986-10-05,F,B-,0,2000-04-21
5803,6,437,6,5,KGID105803,Timothy,1980-08-01,M,O-,0,2021-06-03
5804,6,437,10,2,KGID105804,Chakradhar,1993-07-14,M,O-,0,2012-03-12
5805,6,437,6,5,KGID105805,Janaki,1971-09-09,F,AB+,0,2003-11-14
5806,6,437,9,2,KGID105806,Mohini,1990-02-11,F,O+,0,2019-09-10
5807,6,437,5,2,KGID105807,Jeet,1972-03-26,M,O+,0,2021-08-26
5808,6,437,6,5,KGID105808,Nilima,1993-10-25,F,O+,0,2022-08-23
5809,6,437,10,2,KGID105809,Hiral,1991-04-12,F,O-,0,2014-01-23
5810,6,437,9,1,KGID105810,Vansha,1998-11-19,F,B-,0,2016-01-29
5811,6,438,9,5,KGID105811,Maanav,1970-06-14,M,B+,0,2001-11-28
5812,6,438,9,1,KGID105812,Ayushman,2000-01-18,M,B-,0,2006-05-07
5813,6,438,10,1,KGID105813,Daksh,1984-12-19,M,B-,0,1999-04-06
5814,6,438,10,2,KGID105814,Gaurav,1981-11-27,M,AB+,0,2012-04-03
5815,6,438,10,5,KGID105815,Ekalinga,1988-07-24,M,B-,0,2011-01-31
5816,6,438,9,5,KGID105816,Tanay,1977-09-12,M,O-,0,2008-11-19
5817,6,438,6,4,KGID105817,Vanya,1996-07-11,F,AB+,0,2001-07-08
5818,6,438,9,2,KGID105818,Manan,1969-06-30,M,AB+,0,2016-09-18
5819,6,438,6,6,KGID105819,Girik,1983-08-07,M,AB+,0,2016-02-06
5820,6,438,10,6,KGID105820,Yuvraj,1978-10-14,M,A-,0,2019-09-13
5821,6,438,9,6,KGID105821,Omkaar,1986-08-21,M,B-,0,2007-07-10
5822,6,438,9,6,KGID105822,Ayush,1985-05-12,M,B+,0,2003-09-13
5823,6,438,7,1,KGID105823,Hemang,1986-05-29,M,AB+,0,2006-04-03
5824,6,438,10,2,KGID105824,Baljiwan,1971-08-06,M,O-,0,2022-09-19
5825,6,438,10,3,KGID105825,Faqid,1987-01-07,M,AB+,0,2022-10-14
5826,6,438,7,2,KGID105826,Vivaan,1981-12-06,M,AB+,0,2004-06-11
5827,6,438,9,6,KGID105827,Wahab,1984-12-14,M,A+,0,2015-10-14
5828,6,438,9,5,KGID105828,Turvi,1994-06-03,F,AB+,0,2016-08-14
5829,6,438,9,3,KGID105829,Udant,1986-10-23,M,A-,0,2016-10-12
5830,6,438,10,3,KGID105830,Nihal,1983-09-14,M,O-,0,2006-04-10
5831,6,439,10,2,KGID105831,Ishaan,1998-03-11,M,AB+,0,2012-06-27
5832,6,439,6,1,KGID105832,Ayaan,1970-09-01,M,O-,0,2007-09-29
5833,6,439,9,5,KGID105833,Benjamin,1978-12-07,M,AB+,0,2012-01-06
5834,6,439,10,4,KGID105834,Xavier,1990-07-13,M,AB+,0,2007-01-23
5835,6,439,9,3,KGID105835,Christopher,1974-10-23,M,B+,0,2003-11-20
5836,6,439,7,2,KGID105836,Daksh,1973-07-31,M,B-,0,2011-11-17
5837,6,439,9,1,KGID105837,Aarush,1997-01-10,M,B-,0,2013-09-24
5838,6,439,10,1,KGID105838,Karan,1984-10-19,M,O-,0,2002-06-08
5839,6,439,7,2,KGID105839,Henry,1970-04-19,M,B+,0,2024-05-13
5840,6,439,10,5,KGID105840,Gagan,2001-10-11,M,O-,0,2020-08-16
5841,6,439,10,3,KGID105841,Ranbir,2002-03-09,M,B+,0,2024-12-11
5842,6,439,10,4,KGID105842,Mohini,2003-03-27,F,AB+,1,2019-09-18
5843,6,439,6,6,KGID105843,Anmol,1991-06-29,M,O-,0,2001-09-07
5844,6,440,10,5,KGID105844,Qarin,1992-11-29,M,B-,0,2010-11-02
5845,6,440,10,3,KGID105845,Aryan,1980-01-15,M,A-,1,1998-01-18
5846,6,440,6,1,KGID105846,Qadim,1992-06-08,M,A+,0,2006-01-16
5847,6,440,9,5,KGID105847,Gagan,1981-12-06,M,B-,0,2017-11-27
5848,6,440,10,5,KGID105848,Aadi,1979-07-26,M,A+,0,2018-03-18
5849,6,440,10,4,KGID105849,Brijesh,1974-01-18,M,O-,0,2009-02-01
5850,6,440,10,6,KGID105850,Naksh,1972-03-07,M,O+,0,2015-09-10
5851,6,440,10,6,KGID105851,Tanveer,1993-03-09,M,O-,0,2019-02-18
5852,6,441,10,6,KGID105852,Jason,1968-03-21,M,AB+,0,2024-10-16
5853,6,441,7,4,KGID105853,Hritik,1973-06-04,M,A-,0,2012-09-14
5854,6,441,10,3,KGID105854,Victor,1972-07-20,M,B-,0,2005-08-29
5855,6,441,5,5,KGID105855,Matthew,1981-07-24,M,O+,0,2013-05-04
5856,6,441,10,6,KGID105856,Qasim,1997-09-16,M,B+,0,2019-07-24
5857,6,441,10,2,KGID105857,Arjun,1974-06-24,M,A-,0,2021-01-09
5858,6,441,6,1,KGID105858,Umang,1979-07-08,M,O+,0,2007-10-08
5859,6,441,10,5,KGID105859,Joshua,1980-02-18,M,AB+,0,2024-07-11
5860,6,441,10,3,KGID105860,Caleb,1999-10-03,M,A+,0,2010-04-26
5861,6,441,10,1,KGID105861,Naksh,1981-02-17,M,O+,0,2018-10-21
5862,6,441,10,5,KGID105862,Jai,1967-09-16,M,A-,0,2024-09-15
5863,6,441,7,5,KGID105863,Jacob,1975-06-30,M,O+,0,2014-04-02
5864,6,441,6,2,KGID105864,Nihal,1992-02-01,M,A+,0,2011-03-05
5865,6,441,10,1,KGID105865,Aditya,1967-12-02,M,B-,0,2018-08-06
5866,6,441,7,5,KGID105866,Elijah,1994-05-15,M,AB+,0,2000-11-22
5867,6,441,5,5,KGID105867,Aachal,1994-11-10,F,B-,0,2001-01-19
5868,6,442,10,4,KGID105868,Ekaja,1997-05-10,F,AB+,0,2017-10-10
5869,6,442,5,3,KGID105869,Advay,1989-07-12,M,A+,0,2013-06-02
5870,6,442,10,5,KGID105870,Azad,1972-12-20,M,O+,0,1998-06-19
5871,6,442,5,3,KGID105871,Aadhya,1999-01-25,F,A-,0,1997-07-09
5872,6,442,5,5,KGID105872,Joshua,1970-03-06,M,O-,0,2017-02-07
5873,6,442,7,4,KGID105873,Ethan,1977-10-02,M,A-,0,2012-07-16
5874,6,442,9,5,KGID105874,Yatan,1973-04-10,M,A+,0,2005-07-16
5875,6,442,7,6,KGID105875,Chandran,1984-12-16,M,O-,0,2016-12-02
5876,6,442,5,5,KGID105876,Pushti,1984-01-25,F,AB+,0,2005-10-06
5877,6,442,6,1,KGID105877,Geetika,1971-05-05,F,AB+,0,2019-07-10
5878,6,442,10,5,KGID105878,Faris,1984-03-27,M,B+,0,2000-12-02
5879,6,442,10,5,KGID105879,Caleb,1983-01-21,M,O-,0,2007-10-03
5880,6,442,6,1,KGID105880,Orinder,1996-12-30,M,B-,0,2020-02-08
5881,6,442,9,3,KGID105881,Dev,1982-07-19,M,O-,0,2016-09-05
5882,6,442,7,2,KGID105882,Harshil,1995-07-20,M,O+,0,1997-08-19
5883,6,442,9,3,KGID105883,Wyatt,1975-12-18,M,A-,0,1997-04-28
5884,6,442,5,1,KGID105884,Chaitaly,2000-06-24,F,O-,0,2015-07-18
5885,6,442,10,5,KGID105885,Ridhi,1980-07-13,F,O+,0,2005-10-16
5886,6,442,10,1,KGID105886,Yauvani,1974-10-14,F,O+,0,1996-12-31
5887,6,442,10,3,KGID105887,Patrick,1980-12-16,M,B-,0,2002-10-28
5888,6,443,5,3,KGID105888,Anvi,1985-02-01,F,B+,0,2020-03-02
5889,6,443,10,1,KGID105889,William,2000-01-31,M,AB+,0,2004-01-29
5890,6,443,7,1,KGID105890,Faris,1978-08-23,M,A-,1,2013-08-11
5891,6,443,10,5,KGID105891,Arin,1971-07-03,M,O+,0,2010-12-21
5892,6,443,9,6,KGID105892,Rayaan,2000-11-01,M,O-,0,2005-09-12
5893,6,443,6,3,KGID105893,Faraj,1992-05-07,M,O+,0,2020-08-30
5894,6,443,5,5,KGID105894,Nicholas,1984-03-26,M,A-,0,2015-03-05
5895,6,443,9,5,KGID105895,Shaurya,1989-10-03,M,O+,0,2016-07-05
5896,6,443,10,1,KGID105896,Tristan,1988-10-22,M,A-,0,2023-05-22
5897,6,443,10,1,KGID105897,Vrishti,1989-06-29,F,B-,0,1997-10-03
5898,6,443,10,5,KGID105898,Anvi,1995-06-29,F,A+,0,2005-01-13
5899,6,444,6,6,KGID105899,Megha,1973-03-20,F,A-,0,2014-04-06
5900,6,444,10,6,KGID105900,Darpan,1975-08-29,M,A+,0,2005-02-14
5901,6,444,6,2,KGID105901,Charan,1974-10-28,M,B+,0,2022-04-10
5902,6,444,9,6,KGID105902,Xavier,1984-02-10,M,AB+,0,2007-05-20
5903,6,444,6,5,KGID105903,Aditya,2002-10-30,M,O-,0,2016-11-23
5904,6,444,9,6,KGID105904,Parth,1991-10-03,M,O+,0,2003-03-07
5905,6,444,7,6,KGID105905,Aadi,1971-02-14,M,A+,0,2009-10-03
5906,6,444,10,6,KGID105906,Viraj,1969-04-11,M,B-,0,2002-06-19
5907,6,444,10,2,KGID105907,Pavani,2001-04-29,F,O-,0,2002-02-18
5908,6,444,10,2,KGID105908,Gabriel,1994-07-27,M,B+,0,2003-04-14
5909,6,444,9,4,KGID105909,Chaitanya,1999-09-29,M,O-,0,1999-05-17
5910,6,444,9,2,KGID105910,Faraj,1990-09-10,M,O+,0,2016-04-12
5911,6,444,6,2,KGID105911,Fitan,1996-10-25,M,A-,0,2018-05-20
5912,6,444,10,6,KGID105912,Oscar,1976-01-21,M,O-,0,2020-03-30
5913,6,444,9,6,KGID105913,Aarav,1995-08-17,M,A+,0,2020-03-05
5914,6,444,9,5,KGID105914,Christopher,1986-04-09,M,AB+,0,2018-07-28
5915,6,444,10,1,KGID105915,Harsh,1970-03-18,M,B+,0,2004-01-21
5916,6,444,10,4,KGID105916,Hiral,1993-06-17,F,O-,0,2016-11-27
5917,6,444,9,4,KGID105917,Zayan,1973-04-10,M,O-,0,2017-04-23
5918,6,444,5,1,KGID105918,Upma,1974-08-14,F,B-,0,2023-03-10
5919,6,445,9,6,KGID105919,Irya,1977-03-19,F,A-,0,2002-05-24
5920,6,445,5,3,KGID105920,Mohammed,1973-07-20,M,B+,0,2006-09-06
5921,6,445,10,3,KGID105921,Baghyawati,1980-12-15,F,AB+,0,2023-03-18
5922,6,445,9,5,KGID105922,Peter,1987-01-28,M,A-,0,2014-06-10
5923,6,445,6,3,KGID105923,Qabil,1983-12-22,M,AB+,0,2000-12-20
5924,6,445,9,2,KGID105924,Janaki,1973-11-03,F,A+,0,2022-05-12
5925,6,445,10,6,KGID105925,Yatin,1978-08-07,M,B+,0,2000-05-26
5926,6,445,9,1,KGID105926,Benjamin,2000-09-15,M,A+,0,2015-06-09
5927,6,445,9,1,KGID105927,Lopa,1984-10-12,F,O+,0,2008-10-19
5928,6,445,7,4,KGID105928,Advay,1982-04-16,M,A+,0,2019-02-10
5929,6,445,10,1,KGID105929,Warinder,1999-10-30,M,B+,0,2011-03-24
5930,6,445,7,5,KGID105930,Robert,1977-03-08,M,A-,0,1996-10-30
5931,6,446,10,2,KGID105931,Owen,1989-12-18,M,B-,0,2000-12-12
5932,6,446,9,1,KGID105932,Bahadurjit,1969-12-14,M,O+,0,2008-05-20
5933,6,446,10,3,KGID105933,Fitan,1982-10-11,M,B+,0,1997-01-28
5934,6,446,10,3,KGID105934,Nitesh,1980-07-22,M,A+,0,2017-01-12
5935,6,446,10,1,KGID105935,Balvan,2001-04-29,M,O-,0,1998-04-15
5936,6,446,10,6,KGID105936,Bahadurjit,1975-09-04,M,AB+,0,2001-07-19
5937,6,446,10,5,KGID105937,Nikita,1981-10-01,F,O-,0,1997-10-19
5938,6,446,9,4,KGID105938,Gauri,1986-05-31,F,O-,0,2009-12-18
5939,6,446,7,5,KGID105939,Jeet,2002-12-21,M,B+,0,2022-01-10
5940,6,446,7,6,KGID105940,Gagan,1968-11-22,M,B+,0,2024-12-05
5941,6,446,6,6,KGID105941,Liam,1971-12-14,M,A-,0,2019-08-27
5942,6,446,10,2,KGID105942,David,1981-06-23,M,B+,0,2005-01-12
5943,6,446,10,5,KGID105943,Yatin,1992-10-21,M,A-,0,2000-09-25
5944,6,446,10,4,KGID105944,Wyatt,1977-04-01,M,AB+,0,2008-02-26
5945,6,446,9,5,KGID105945,Gavin,1999-04-24,M,AB+,0,2013-04-20
5946,6,446,10,3,KGID105946,Eta,1980-08-14,F,B-,0,2002-05-03
5947,6,446,9,3,KGID105947,Jeet,1994-02-26,M,B+,0,2013-12-29
5948,6,446,10,4,KGID105948,Azad,1974-03-22,M,O+,0,2024-02-05
5949,6,446,7,5,KGID105949,Champak,1984-02-22,M,B-,0,2010-02-05
5950,6,446,9,3,KGID105950,Reyansh,1974-02-24,M,A-,0,2024-07-30
5951,6,447,7,6,KGID105951,Zaid,2001-06-11,M,B-,0,2023-12-29
5952,6,447,7,2,KGID105952,Utkarsh,1978-05-15,M,AB+,0,2024-03-13
5953,6,447,6,6,KGID105953,Gautam,1992-10-19,M,A+,0,2022-08-02
5954,6,447,10,3,KGID105954,Christopher,2000-02-19,M,B+,0,2010-05-19
5955,6,447,7,1,KGID105955,Qabil,1989-09-02,M,O-,0,2023-09-24
5956,6,447,10,1,KGID105956,Devansh,1988-04-24,M,A-,0,2015-10-09
5957,6,447,10,6,KGID105957,Udant,1985-02-27,M,A+,0,2014-10-10
5958,6,447,5,3,KGID105958,Advaith,1994-07-31,M,B-,0,2006-11-12
5959,6,447,6,4,KGID105959,Rachit,1986-10-23,M,O-,0,2017-08-16
5960,6,447,7,3,KGID105960,Abdul,1996-10-20,M,A-,0,2023-06-03
5961,6,447,10,3,KGID105961,Balhaar,1989-03-23,M,B+,0,2015-11-08
5962,6,447,9,6,KGID105962,Anirudh,1996-10-18,M,B+,0,1998-05-12
5963,6,448,9,4,KGID105963,Qadim,1996-12-04,M,A-,0,2000-03-31
5964,6,448,7,4,KGID105964,Rudra,1979-09-13,M,B-,0,2015-07-10
5965,6,448,6,5,KGID105965,Aahana,1999-12-27,F,A+,0,2022-08-15
5966,6,448,10,3,KGID105966,Benjamin,1991-08-28,M,A-,0,2021-09-05
5967,6,448,10,2,KGID105967,Kavya,1993-02-18,F,AB+,0,2014-12-09
5968,6,448,6,4,KGID105968,Daksh,1973-01-18,M,AB+,1,2014-08-07
5969,6,448,6,3,KGID105969,Rehaan,1998-03-23,M,O+,0,2008-12-08
5970,6,448,10,5,KGID105970,Rajata,1982-10-19,F,B+,0,2005-01-16
5971,6,448,6,4,KGID105971,Parth,1977-10-28,M,O-,0,2023-01-29
5972,6,448,5,6,KGID105972,Charan,1972-10-18,M,B-,0,1997-01-15
5973,6,448,9,6,KGID105973,Imaran,1994-02-01,M,B+,0,2009-04-27
5974,6,448,7,5,KGID105974,Orinder,1981-09-25,M,A-,0,2023-09-22
5975,6,448,10,5,KGID105975,Laban,1998-06-17,M,O-,1,2001-05-15
5976,6,448,7,6,KGID105976,Michael,1988-01-24,M,B+,0,2000-10-03
5977,6,448,10,1,KGID105977,Abdul,1981-10-31,M,O+,0,2012-04-08
5978,6,448,6,6,KGID105978,Simon,1983-09-15,M,O-,0,2023-09-03
5979,6,448,6,6,KGID105979,Isaiah,1972-07-20,M,AB+,0,2017-07-01
5980,6,448,9,1,KGID105980,Mitali,1976-07-22,F,B+,0,1997-07-08
5981,7,449,6,3,KGID105981,Ekapad,1994-07-30,M,AB+,0,2025-03-16
5982,7,449,10,4,KGID105982,Gopal,1989-03-23,M,A+,0,1997-11-29
5983,7,449,6,4,KGID105983,Reyansh,1974-02-23,M,O-,0,2021-01-11
5984,7,449,6,6,KGID105984,Indrajit,2003-02-28,M,A-,0,2002-04-16
5985,7,449,10,4,KGID105985,Avi,1969-01-13,M,O+,0,1996-10-01
5986,7,449,7,3,KGID105986,Faraj,1996-12-08,M,O+,0,2004-04-25
5987,7,449,7,3,KGID105987,Patrick,1974-11-28,M,B+,0,2005-04-18
5988,7,449,10,5,KGID105988,Ekansh,1999-09-24,M,B+,0,2007-07-16
5989,7,449,10,6,KGID105989,Balhaar,1997-04-18,M,O+,0,2024-08-30
5990,7,449,10,4,KGID105990,Hritik,1979-04-20,M,O+,0,2013-12-07
5991,7,449,6,4,KGID105991,Tejas,2001-01-22,M,A+,0,2004-10-22
5992,7,449,9,6,KGID105992,Caleb,1981-11-22,M,O-,0,2003-01-24
5993,7,449,10,4,KGID105993,Ekapad,1971-04-01,M,A-,0,2004-06-19
5994,7,449,10,4,KGID105994,Kalpit,1997-08-22,M,O-,0,2004-09-26
5995,7,450,6,3,KGID105995,Nakul,2002-04-01,M,O-,0,2011-11-27
5996,7,450,9,6,KGID105996,Ekta,2002-03-22,F,B+,0,2000-07-27
5997,7,450,10,5,KGID105997,Faras,2000-02-28,M,AB+,0,2017-03-08
5998,7,450,7,1,KGID105998,Aishani,1970-02-22,F,A+,0,1999-05-02
5999,7,450,9,2,KGID105999,Gaurav,1988-07-11,M,O-,0,2022-01-12
6000,7,450,10,1,KGID106000,Ojasvi,1992-10-20,F,O-,0,2017-09-26
6001,7,450,9,2,KGID106001,Raghav,1970-03-24,M,B+,0,1999-01-29
6002,7,450,5,3,KGID106002,Chandresh,1980-07-24,M,AB+,0,2014-10-11
6003,7,450,10,6,KGID106003,Dakshesh,1992-04-27,M,B-,0,1999-05-27
6004,7,450,9,6,KGID106004,Viraj,1992-03-25,M,O+,0,1999-03-05
6005,7,451,10,2,KGID106005,Omkaar,1975-10-25,M,A-,0,2023-06-10
6006,7,451,9,6,KGID106006,Ikbal,1995-10-08,M,B-,0,2013-07-04
6007,7,451,10,6,KGID106007,Hemal,1978-09-19,F,A-,0,2017-10-31
6008,7,451,6,1,KGID106008,Abhimanyu,1992-06-17,M,B-,0,2023-12-16
6009,7,451,7,5,KGID106009,Samarth,1992-03-21,M,O-,0,1997-02-26
6010,7,451,10,2,KGID106010,Tanish,1977-11-12,M,AB+,0,2009-12-21
6011,7,451,7,6,KGID106011,Darsh,1990-04-10,M,O+,0,2010-04-07
6012,7,451,9,3,KGID106012,Wriddhish,1999-04-12,M,AB+,0,2013-09-09
6013,7,451,10,6,KGID106013,Pushti,1991-06-11,F,A+,0,2007-11-14
6014,7,451,7,4,KGID106014,Brinda,1997-04-28,F,B-,0,2025-06-25
6015,7,451,10,3,KGID106015,Omaja,1976-11-23,F,A+,0,2000-11-27
6016,7,451,9,1,KGID106016,Praneel,1970-12-04,M,A-,0,2001-06-13
6017,7,451,10,6,KGID106017,Aarnav,1974-07-21,M,O-,0,2018-10-04
6018,7,451,10,5,KGID106018,Neel,1988-03-28,M,O-,0,2020-12-05
6019,7,451,9,5,KGID106019,Oliver,1993-06-02,M,B-,0,2020-07-25
6020,7,451,7,4,KGID106020,Hamsini,1972-04-01,F,B-,0,2009-04-12
6021,7,451,9,6,KGID106021,Raghav,1995-09-28,M,O+,0,2020-11-30
6022,7,452,7,2,KGID106022,Balendra,1981-11-30,M,A-,0,2021-01-25
6023,7,452,10,6,KGID106023,Indrajit,1979-12-15,M,B+,0,2015-12-31
6024,7,452,9,2,KGID106024,Samar,1988-01-30,M,B-,0,1996-10-18
6025,7,452,9,4,KGID106025,Faraj,1995-01-11,M,AB+,0,1999-02-16
6026,7,452,10,4,KGID106026,Chaitanya,1984-11-01,M,AB+,1,2018-06-09
6027,7,452,7,3,KGID106027,Nitesh,1972-05-15,M,B-,0,2007-02-10
6028,7,452,9,4,KGID106028,Yatan,1995-01-24,M,B+,0,2021-10-29
6029,7,452,10,1,KGID106029,Dakshesh,1983-02-06,M,B+,0,1997-07-19
6030,7,452,10,2,KGID106030,Wyatt,1977-11-04,M,A-,0,2024-06-28
6031,7,452,10,4,KGID106031,Vincent,1994-05-20,M,O-,0,2018-01-29
6032,7,452,10,5,KGID106032,Yuvraj,1998-04-05,M,B+,0,1999-09-20
6033,7,452,6,3,KGID106033,Falak,1994-06-02,F,AB+,0,2001-12-10
6034,7,452,10,1,KGID106034,Thomas,1984-10-14,M,B-,0,2001-08-11
6035,7,452,10,6,KGID106035,Varsha,2000-10-25,F,A+,0,2014-10-24
6036,7,452,7,2,KGID106036,Sachi,1971-10-24,F,O-,0,2023-02-27
6037,7,453,10,2,KGID106037,Ayaan,1969-10-14,M,AB+,0,1999-07-06
6038,7,453,5,3,KGID106038,Ryan,1977-09-28,M,B+,0,2008-07-11
6039,7,453,10,6,KGID106039,Hemang,1997-01-19,M,AB+,0,2012-06-25
6040,7,453,7,1,KGID106040,Advika,1994-03-13,F,B+,0,2011-03-06
6041,7,453,9,4,KGID106041,Hemangini,1992-07-12,F,A-,0,2002-09-20
6042,7,453,7,2,KGID106042,Januja,1995-12-19,F,O-,0,2018-12-15
6043,7,453,9,2,KGID106043,Luke,2003-02-12,M,O+,0,2024-03-20
6044,7,453,10,1,KGID106044,Yoshita,1987-09-07,F,A-,0,2002-02-14
6045,7,453,9,2,KGID106045,Ronith,1987-12-09,M,O-,0,2019-02-18
6046,7,453,10,3,KGID106046,Xavier,1986-04-06,M,AB+,0,1998-05-15
6047,7,453,10,3,KGID106047,Qarin,2001-11-13,M,B-,0,2004-06-11
6048,7,453,6,3,KGID106048,Maanav,1994-08-27,M,O+,0,2013-05-02
6049,7,453,10,6,KGID106049,Peter,1997-11-15,M,A-,0,2013-07-31
6050,7,453,7,1,KGID106050,Joshua,1978-04-10,M,B+,0,1998-08-31
6051,7,453,9,1,KGID106051,Jairaj,1996-02-26,M,B-,0,2010-04-29
6052,7,453,9,6,KGID106052,Jagat,1970-01-25,M,B-,0,2011-10-10
6053,7,453,10,6,KGID106053,Daksh,2002-09-08,M,AB+,0,2008-10-07
6054,7,453,9,3,KGID106054,Manbir,1989-08-28,M,O-,0,2022-01-19
6055,7,454,7,2,KGID106055,Devansh,1988-07-11,M,A+,0,2004-12-26
6056,7,454,9,2,KGID106056,Sathvik,1980-02-06,M,B+,0,2000-01-08
6057,7,454,6,1,KGID106057,Garima,1998-03-09,F,B+,0,2009-07-19
6058,7,454,6,1,KGID106058,Ayaan,1992-08-29,M,B+,0,2009-11-15
6059,7,454,7,3,KGID106059,Samuel,1981-07-19,M,AB+,0,2008-06-23
6060,7,454,9,4,KGID106060,Wahab,1983-12-31,M,B-,0,2009-12-25
6061,7,454,5,2,KGID106061,Umang,1985-08-12,M,O-,0,2006-08-19
6062,7,454,9,1,KGID106062,Abdul,1983-10-22,M,AB+,0,2001-06-23
6063,7,454,6,6,KGID106063,Chakradev,1996-01-05,M,AB+,0,2025-07-05
6064,7,455,10,5,KGID106064,Nakul,1994-10-28,M,A-,0,2020-03-17
6065,7,455,10,3,KGID106065,Gunbir,1986-08-18,M,A+,0,2024-01-05
6066,7,455,10,2,KGID106066,Vrinda,1996-10-13,F,O-,0,2021-04-22
6067,7,455,10,3,KGID106067,Indrajit,1978-04-11,M,O-,0,2018-09-09
6068,7,455,9,1,KGID106068,Akshay,1976-01-16,M,A-,0,2009-01-23
6069,7,455,10,6,KGID106069,Tanay,1989-05-20,M,O-,0,2015-02-17
6070,7,455,10,3,KGID106070,Kabir,1989-08-26,M,O-,0,2017-01-03
6071,7,455,9,6,KGID106071,Chakradhar,1986-07-18,M,O-,0,2008-03-06
6072,7,455,10,3,KGID106072,Avi,1977-11-08,M,O-,0,2019-04-26
6073,7,456,9,6,KGID106073,Balendra,1981-08-04,M,A+,0,2003-12-13
6074,7,456,6,5,KGID106074,Nathaniel,1987-03-01,M,A-,0,1998-02-01
6075,7,456,9,5,KGID106075,Timothy,1979-06-13,M,AB+,0,2002-02-16
6076,7,456,10,1,KGID106076,Nachiket,1990-08-06,M,O+,0,2021-02-19
6077,7,456,10,4,KGID106077,Wridesh,1985-12-15,M,B-,0,2012-02-13
6078,7,456,5,4,KGID106078,Gaurika,1989-11-22,F,O-,0,2000-08-04
6079,7,456,10,6,KGID106079,Rohan,1971-05-16,M,O-,0,2015-07-18
6080,7,456,9,3,KGID106080,Abeer,1989-04-22,M,A-,0,1999-07-12
6081,7,456,6,2,KGID106081,Tara,1969-12-03,F,B+,0,1999-10-25
6082,7,457,7,3,KGID106082,Qadim,1996-12-07,M,B+,0,2022-07-13
6083,7,457,10,4,KGID106083,Warjas,1969-09-09,M,O+,0,2025-01-14
6084,7,457,10,1,KGID106084,Kritika,1974-02-12,F,AB+,0,2004-04-23
6085,7,457,10,2,KGID106085,Widisha,1981-01-27,F,O-,0,2002-12-20
6086,7,457,10,2,KGID106086,Samar,1996-05-06,M,B-,0,2014-06-02
6087,7,457,6,1,KGID106087,Jagdish,1982-06-04,M,B+,0,2019-05-17
6088,7,457,10,3,KGID106088,Luke,1997-09-12,M,O+,0,2023-08-03
6089,7,457,7,5,KGID106089,Chaitanya,1982-08-12,M,A-,0,2005-11-30
6090,7,457,6,5,KGID106090,Zayyan,1972-05-05,M,AB+,0,2021-04-16
6091,7,457,10,4,KGID106091,Pallavi,1968-10-22,F,B-,0,2011-06-25
6092,7,457,10,4,KGID106092,Samar,1989-11-04,M,A+,0,2008-10-29
6093,7,457,10,6,KGID106093,William,1971-06-17,M,AB+,0,2020-12-30
6094,7,457,10,5,KGID106094,Ekalinga,2002-07-02,M,O-,0,2014-03-16
6095,7,458,9,2,KGID106095,Xavier,1972-07-12,M,B+,0,2011-05-26
6096,7,458,10,5,KGID106096,Pranit,1995-06-30,M,AB+,0,2006-02-13
6097,7,458,9,6,KGID106097,Bakhshi,1970-12-26,M,AB+,0,1999-01-02
6098,7,458,10,3,KGID106098,Arin,1984-08-17,M,O+,0,1997-10-05
6099,7,458,7,5,KGID106099,Robert,1992-09-04,M,O-,0,2017-11-15
6100,7,458,7,2,KGID106100,Gopal,1999-09-10,M,O-,0,2000-02-18
6101,7,458,7,1,KGID106101,Yagnesh,2000-01-08,M,B+,0,1999-10-28
6102,7,458,7,6,KGID106102,Ekapad,1986-10-22,M,O-,0,2021-10-09
6103,7,458,6,4,KGID106103,Aarush,1999-04-02,M,O+,1,1999-07-20
6104,7,458,7,3,KGID106104,Lakshit,1967-08-13,M,A-,0,2020-01-24
6105,7,458,10,3,KGID106105,Harshil,1993-01-07,M,B-,0,1996-10-23
6106,7,458,6,1,KGID106106,Vedant,1969-08-21,M,A-,0,2010-01-19
6107,7,458,10,3,KGID106107,Chakradev,1987-10-18,M,O-,0,2003-06-13
6108,7,458,9,5,KGID106108,Gaurang,1974-02-14,M,O+,0,2004-01-02
6109,7,458,10,4,KGID106109,Agastya,1982-05-22,M,AB+,0,2003-12-21
6110,7,458,10,5,KGID106110,Jacob,1988-09-14,M,AB+,0,2006-07-28
6111,7,458,10,6,KGID106111,Bhavna,1975-08-29,F,B-,0,2021-10-21
6112,7,458,10,5,KGID106112,Aarush,1986-07-07,M,O-,0,2014-02-01
6113,7,459,9,3,KGID106113,Ansh,1998-02-27,M,A-,0,2023-12-13
6114,7,459,7,2,KGID106114,Nirja,1985-05-12,F,A-,0,2003-12-02
6115,7,459,5,4,KGID106115,Saksham,1981-01-29,M,A-,0,2006-01-30
6116,7,459,10,4,KGID106116,Tarak,1988-06-28,M,AB+,0,2018-05-14
6117,7,459,10,6,KGID106117,Maanav,1977-03-05,M,B-,0,2006-08-08
6118,7,459,9,4,KGID106118,Shaurya,1979-01-08,M,O-,0,2002-12-07
6119,7,459,7,4,KGID106119,Anay,1972-09-13,M,AB+,0,2011-03-30
6120,7,459,10,1,KGID106120,Siddharth,1967-09-05,M,O-,0,2021-03-03
6121,7,459,6,4,KGID106121,Vihaan,1997-11-13,M,B+,0,2005-03-07
6122,7,459,9,6,KGID106122,Chakradhar,1998-12-17,M,O-,0,2020-06-07
6123,7,460,7,1,KGID106123,Ekansh,1988-02-01,M,AB+,0,2002-07-27
6124,7,460,10,5,KGID106124,Damyanti,1975-10-30,F,A-,0,2008-03-14
6125,7,460,7,4,KGID106125,Teerth,1987-09-20,M,A-,0,2024-08-08
6126,7,460,10,2,KGID106126,Charan,1997-06-04,M,B+,0,2018-06-23
6127,7,460,7,1,KGID106127,Nathaniel,1971-08-02,M,O-,0,2012-10-31
6128,7,460,6,3,KGID106128,Yagnesh,1985-08-30,M,O+,0,2003-08-08
6129,7,460,6,1,KGID106129,Jonathan,1976-05-09,M,O-,0,1999-10-27
6130,7,460,9,3,KGID106130,Aachal,1992-05-17,F,B-,0,2003-06-03
6131,7,460,10,3,KGID106131,Ishanvi,1988-11-23,F,B-,0,2005-05-10
6132,7,460,9,4,KGID106132,Gaurav,1986-04-19,M,O+,0,2008-09-13
6133,7,460,10,5,KGID106133,Yagnesh,1984-07-20,M,O+,0,2018-09-29
6134,7,460,10,4,KGID106134,Michael,2003-05-25,M,O-,0,2023-11-14
6135,7,460,6,5,KGID106135,Yug,1995-09-16,M,O+,0,2012-04-15
6136,7,460,6,2,KGID106136,Dalbir,1992-05-23,M,A+,0,2005-06-10
6137,7,460,7,5,KGID106137,Jason,1995-02-08,M,O-,0,2004-02-28
6138,7,461,5,2,KGID106138,Nihal,1968-01-13,M,A-,0,2002-08-19
6139,7,461,5,4,KGID106139,Krishna,1997-07-30,M,O-,1,2008-06-04
6140,7,461,10,1,KGID106140,Pushti,1980-12-23,F,AB+,0,1996-10-06
6141,7,461,10,5,KGID106141,Shravya,1977-03-27,F,B-,0,1999-12-07
6142,7,461,10,2,KGID106142,George,2002-08-27,M,A+,0,2024-11-08
6143,7,461,10,1,KGID106143,Aryan,1994-06-05,M,B+,0,2002-07-28
6144,7,461,10,1,KGID106144,Varenya,1976-02-26,F,A-,0,2008-11-11
6145,7,461,9,4,KGID106145,Nidhi,1996-09-24,F,B+,0,2003-06-21
6146,7,461,7,5,KGID106146,Qasim,2001-12-26,M,O-,0,2013-03-03
6147,7,461,9,5,KGID106147,Benjamin,1977-07-09,M,AB+,0,2022-07-23
6148,7,462,10,2,KGID106148,Daniel,1976-05-06,M,O-,0,1997-06-11
6149,7,462,10,5,KGID106149,Ryan,1989-09-25,M,O-,0,2000-05-04
6150,7,462,9,3,KGID106150,Ati,1978-10-30,F,O+,0,2009-06-26
6151,7,462,10,2,KGID106151,Rachit,1995-09-13,M,A-,0,2016-12-21
6152,7,462,10,3,KGID106152,Dhruv,1975-12-27,M,A+,0,1997-02-19
6153,7,462,9,3,KGID106153,Pranit,1972-09-02,M,B-,0,2009-12-25
6154,7,462,10,2,KGID106154,Daksha,1991-02-26,F,B-,0,2010-06-04
6155,7,462,10,4,KGID106155,Peter,2002-01-02,M,O+,0,2005-06-07
6156,7,462,10,3,KGID106156,Jalsa,1997-12-31,F,A-,0,2019-11-08
6157,7,462,6,1,KGID106157,Charan,1984-05-05,M,A+,0,2018-03-20
6158,7,462,10,4,KGID106158,Gagan,1977-01-17,M,O+,0,2020-12-06
6159,7,462,10,2,KGID106159,William,1997-05-26,M,AB+,0,2021-12-01
6160,7,462,10,2,KGID106160,David,1988-10-23,M,O-,0,2013-05-13
6161,7,462,10,4,KGID106161,Ishanvi,1974-04-19,F,A-,0,2000-03-07
6162,7,462,7,2,KGID106162,William,1986-11-20,M,B+,0,2002-03-24
6163,7,462,9,4,KGID106163,Urishilla,1976-11-14,F,B+,0,2020-09-20
6164,7,462,10,5,KGID106164,Viraj,1997-06-15,M,B-,0,1999-10-10
6165,7,462,7,3,KGID106165,Onveer,1969-09-08,M,O+,0,2020-11-12
6166,7,462,10,4,KGID106166,Karan,1997-08-17,M,AB+,0,2011-11-16
6167,7,462,9,5,KGID106167,Theodore,2000-12-12,M,B-,0,2014-03-06
6168,7,463,10,1,KGID106168,Victor,1986-07-02,M,B-,0,2017-07-28
6169,7,463,9,4,KGID106169,Harsh,1987-03-28,M,B-,0,1998-02-13
6170,7,463,10,5,KGID106170,Peter,2002-08-19,M,B+,0,2025-01-21
6171,7,463,10,6,KGID106171,Hemal,1973-10-13,F,B-,0,2023-04-06
6172,7,463,7,5,KGID106172,Vihaan,1982-08-09,M,AB+,0,2005-02-10
6173,7,463,9,2,KGID106173,Charita,1996-07-21,F,O-,0,2013-09-07
6174,7,463,10,1,KGID106174,Chatura,1988-05-30,M,O+,0,1996-09-04
6175,7,463,6,3,KGID106175,Neelima,1975-09-26,F,O-,0,2019-08-07
6176,7,463,10,5,KGID106176,Farhan,2001-12-03,M,B-,0,2018-01-02
6177,7,463,10,1,KGID106177,Falan,1986-04-17,M,O-,0,2013-01-16
6178,7,463,9,6,KGID106178,Sanaya,1996-02-26,F,O-,0,2010-11-15
6179,7,463,10,2,KGID106179,Yatin,2001-03-31,M,O+,0,2022-12-12
6180,7,463,10,4,KGID106180,Patrick,1996-03-26,M,B+,0,2008-04-17
6181,7,463,10,5,KGID106181,Dakshesh,1968-06-10,M,B+,0,2025-06-19
6182,7,463,7,4,KGID106182,Udant,1970-05-19,M,B-,0,2000-06-05
6183,7,463,9,6,KGID106183,Chakradhar,1978-11-21,M,O-,0,2012-02-16
6184,7,463,7,3,KGID106184,Qasim,2001-04-07,M,B+,0,1998-08-26
6185,7,463,6,3,KGID106185,Banjeet,1984-05-26,M,A-,0,2010-08-18
6186,7,464,9,4,KGID106186,Darpan,1976-02-03,M,O+,0,2002-09-05
6187,7,464,10,6,KGID106187,Veer,1977-09-27,M,O-,0,2023-06-26
6188,7,464,6,6,KGID106188,Falak,1977-08-18,F,A+,0,2018-04-25
6189,7,464,9,2,KGID106189,Advaith,1974-01-29,M,O+,0,2006-11-07
6190,7,464,9,2,KGID106190,Balendra,1990-09-22,M,O+,0,1997-01-23
6191,7,464,5,6,KGID106191,Harini,1968-06-25,F,A+,0,2007-01-08
6192,7,464,10,1,KGID106192,Kai,1979-05-01,M,AB+,0,2010-09-01
6193,7,464,9,2,KGID106193,Henry,1985-05-26,M,O+,0,2025-06-11
6194,7,464,7,6,KGID106194,Sarthak,1978-02-24,M,O-,0,2015-03-18
6195,7,464,9,1,KGID106195,Girik,1986-03-01,M,B+,0,2023-06-24
6196,7,464,10,1,KGID106196,Nicholas,1994-09-08,M,B-,0,2000-12-02
6197,7,464,9,1,KGID106197,Vyanjana,2002-09-10,F,A+,0,2008-09-25
6198,7,464,10,6,KGID106198,Zayan,1997-06-29,M,A+,0,1998-01-20
6199,7,464,10,3,KGID106199,Rachit,1972-01-14,M,A+,0,2011-10-13
6200,7,464,10,5,KGID106200,Upadhriti,1978-11-16,F,O-,0,1999-12-24
6201,7,464,10,3,KGID106201,Wridesh,1991-08-02,M,B+,0,2018-08-23
6202,7,465,5,5,KGID106202,Chatura,1982-04-09,M,A-,1,2014-05-03
6203,7,465,6,2,KGID106203,Wridesh,1988-01-21,M,B+,0,2019-02-08
6204,7,465,6,6,KGID106204,Samar,1970-12-17,M,O-,0,2005-11-23
6205,7,465,10,6,KGID106205,Gunbir,1978-08-06,M,AB+,0,2024-11-15
6206,7,465,10,3,KGID106206,Banjeet,1994-05-11,M,B+,0,2005-08-17
6207,7,465,10,4,KGID106207,Jacob,1999-02-17,M,O-,0,2004-12-11
6208,7,465,9,2,KGID106208,Anthony,1971-02-04,M,AB+,0,1996-08-10
6209,7,465,10,5,KGID106209,Christopher,1986-09-19,M,A-,0,2022-09-14
6210,7,465,5,1,KGID106210,Jatin,1968-08-23,M,AB+,0,2000-05-11
6211,7,465,10,6,KGID106211,Ansh,1974-09-26,M,O+,0,1997-07-23
6212,7,465,9,6,KGID106212,Umang,1975-12-03,M,B-,0,2016-02-03
6213,7,465,6,6,KGID106213,Chatura,1990-09-06,M,O+,0,2004-12-16
6214,7,465,10,4,KGID106214,Arjun,1999-02-17,M,A-,0,2020-03-30
6215,7,465,10,4,KGID106215,Samarth,1979-06-12,M,AB+,0,1997-12-26
6216,7,465,10,5,KGID106216,Ikshita,2002-12-28,F,B+,0,2013-08-18
6217,7,465,10,5,KGID106217,Akshay,1979-06-17,M,AB+,0,2013-05-08
6218,7,465,6,6,KGID106218,Zayan,1984-12-10,M,O-,0,2020-05-08
6219,7,465,7,6,KGID106219,Adya,1989-01-29,F,O+,0,2017-02-13
6220,7,465,7,3,KGID106220,Girindra,1981-10-24,M,AB+,0,2010-04-08
6221,7,465,6,1,KGID106221,Libni,1983-01-21,F,B+,0,2014-12-21
6222,7,466,10,6,KGID106222,Samuel,1982-11-30,M,O-,0,2018-09-02
6223,7,466,5,4,KGID106223,Fariq,1993-12-12,M,O+,0,2011-09-14
6224,7,466,10,4,KGID106224,Hitesh,1970-01-12,M,O+,0,2005-02-23
6225,7,466,10,6,KGID106225,Gunbir,1971-03-25,M,O-,0,2007-05-24
6226,7,466,10,1,KGID106226,Logan,1983-04-17,M,O+,0,2014-06-30
6227,7,466,10,2,KGID106227,Balvan,1993-01-04,M,O+,0,2004-01-19
6228,7,466,7,3,KGID106228,Agastya,2000-02-06,M,O+,0,2004-11-10
6229,7,466,10,5,KGID106229,Arya,1979-10-25,F,O+,0,2005-10-26
6230,7,466,10,2,KGID106230,Upkaar,1991-04-10,M,B-,0,2012-09-25
6231,7,466,6,4,KGID106231,Warjas,1979-08-02,M,O+,0,2006-06-27
6232,7,466,10,3,KGID106232,Daniel,1990-12-08,M,O-,0,1998-12-27
6233,7,466,9,1,KGID106233,Udant,1972-05-22,M,AB+,0,2019-10-31
6234,7,466,10,2,KGID106234,Kevin,1968-06-18,M,O-,0,2018-03-22
6235,7,466,10,1,KGID106235,Harinakshi,1999-07-12,F,O+,0,1999-02-05
6236,7,466,7,5,KGID106236,Devansh,1983-07-31,M,O+,0,2015-06-22
6237,7,467,6,1,KGID106237,Hredhaan,1994-01-07,M,O+,0,2001-11-03
6238,7,467,10,4,KGID106238,Lekha,1968-11-23,F,A+,0,2000-09-11
6239,7,467,7,2,KGID106239,Faras,1972-02-29,M,A-,0,2007-09-24
6240,7,467,10,2,KGID106240,Avi,1997-12-21,M,A+,0,2004-03-08
6241,7,467,7,2,KGID106241,Elijah,1974-10-24,M,O-,0,2008-11-16
6242,7,467,6,6,KGID106242,Dominic,1992-03-20,M,O+,0,2007-06-12
6243,7,467,10,2,KGID106243,Imaran,1985-07-27,M,A+,0,2006-09-28
6244,7,467,10,1,KGID106244,Neel,1967-08-15,M,O+,0,2010-12-06
6245,7,467,10,5,KGID106245,Frederick,1979-06-11,M,B-,0,2017-10-15
6246,7,468,7,5,KGID106246,Anmol,1970-09-01,M,AB+,0,2022-11-24
6247,7,468,10,2,KGID106247,Raghav,1996-08-20,M,B-,0,2024-08-30
6248,7,468,6,1,KGID106248,Abeer,1970-11-10,M,B-,0,2021-11-11
6249,7,468,10,3,KGID106249,Nathaniel,1968-04-28,M,O-,0,2017-02-09
6250,7,468,6,6,KGID106250,Azad,1999-04-28,M,B+,0,2013-12-11
6251,7,468,9,5,KGID106251,Upkaar,1992-01-05,M,A-,0,2022-03-28
6252,7,468,10,4,KGID106252,Reyansh,1987-02-23,M,B-,0,2001-02-25
6253,7,468,9,1,KGID106253,Hiral,1985-08-11,F,AB+,0,2023-08-05
6254,7,468,9,3,KGID106254,Udarsh,1985-08-04,M,A+,0,2003-01-27
6255,7,468,6,5,KGID106255,Xavier,1987-12-18,M,A+,1,2014-05-05
6256,7,468,7,4,KGID106256,Ronith,1989-02-13,M,O+,1,2017-04-18
6257,7,468,9,2,KGID106257,Warjas,1979-04-02,M,AB+,0,2015-07-20
6258,7,468,10,2,KGID106258,Zaid,2001-07-17,M,B-,0,2018-12-11
6259,7,468,7,5,KGID106259,Oviya,1984-06-01,F,A+,0,2004-01-15
6260,7,468,10,2,KGID106260,Dayita,1984-12-25,F,B-,0,2010-02-01
6261,7,468,10,1,KGID106261,Christopher,1995-08-07,M,AB+,0,2003-11-27
6262,7,468,7,1,KGID106262,Kai,2002-09-01,M,A-,0,2000-04-18
6263,7,468,9,5,KGID106263,Aarush,1999-03-12,M,O-,0,2010-02-09
6264,7,468,9,1,KGID106264,Rohan,2002-08-30,M,B-,0,2022-02-17
6265,7,468,9,2,KGID106265,Krisha,1992-03-13,F,AB+,0,2020-12-03
6266,7,469,9,5,KGID106266,Akshay,1989-08-21,M,A+,0,2001-08-07
6267,7,469,9,4,KGID106267,Caleb,1999-03-31,M,AB+,0,2022-01-04
6268,7,469,10,4,KGID106268,Vamakshi,1994-07-31,F,A+,0,2024-06-15
6269,7,469,10,3,KGID106269,Harshil,1990-10-16,M,B-,0,1996-08-21
6270,7,469,10,3,KGID106270,Gopal,1997-10-30,M,B+,0,2013-04-20
6271,7,469,10,6,KGID106271,Vihaan,1999-05-01,M,B-,0,2006-09-06
6272,7,469,10,6,KGID106272,Rishi,1978-07-17,M,A+,0,2000-09-08
6273,7,469,5,4,KGID106273,Rachit,2002-10-05,M,O+,0,2004-01-19
6274,7,469,7,6,KGID106274,Shaurya,1999-01-20,M,AB+,0,2023-09-26
6275,7,470,10,4,KGID106275,Samesh,1978-02-17,M,AB+,0,2020-02-09
6276,7,470,9,2,KGID106276,Rohan,1989-05-09,M,O-,0,2021-11-27
6277,7,470,9,6,KGID106277,Zashil,1972-12-25,M,B+,0,2024-03-25
6278,7,470,10,1,KGID106278,Ekavir,1987-04-05,M,B+,0,2003-10-28
6279,7,470,10,3,KGID106279,Kamala,2002-09-07,F,A+,0,2023-06-19
6280,7,470,10,1,KGID106280,Tanmayi,1972-07-17,F,A-,1,2019-06-05
6281,7,470,7,5,KGID106281,Tanay,1968-01-03,M,A-,0,2014-01-16
6282,7,470,9,6,KGID106282,Fitan,1991-03-07,M,AB+,0,1999-03-29
6283,7,470,10,4,KGID106283,Laksh,1999-01-14,M,A+,0,2011-03-11
6284,7,470,7,3,KGID106284,Arin,1969-07-19,M,B+,0,2006-12-31
6285,7,470,10,1,KGID106285,Girindra,1976-06-13,M,A-,0,2005-12-20
6286,7,471,9,5,KGID106286,Umang,1995-04-07,M,B+,1,2005-05-27
6287,7,471,5,3,KGID106287,Alexander,2001-12-02,M,A+,0,2010-03-27
6288,7,471,5,4,KGID106288,Max,1990-12-06,M,O+,1,2005-04-10
6289,7,471,10,5,KGID106289,Orinder,1993-12-12,M,A-,0,2017-06-08
6290,7,471,10,5,KGID106290,Jack,1980-12-08,M,O-,0,2011-11-14
6291,7,471,10,3,KGID106291,Ayaan,1998-04-03,M,B-,0,2000-08-22
6292,7,471,10,1,KGID106292,Robert,1985-04-22,M,B+,0,1999-02-22
6293,7,471,10,4,KGID106293,Lila,2003-03-26,F,B-,0,2020-05-13
6294,7,471,5,1,KGID106294,Falak,1988-11-27,F,B+,0,2011-11-24
6295,7,471,9,6,KGID106295,Parth,2001-05-03,M,A+,0,2013-07-14
6296,7,471,9,6,KGID106296,Lohit,1984-02-20,M,B+,0,2002-09-09
6297,7,472,10,1,KGID106297,Yashica,1991-05-13,F,AB+,0,2003-10-20
6298,7,472,9,1,KGID106298,Veer,1979-02-20,M,O-,0,1999-08-23
6299,7,472,9,5,KGID106299,Timothy,1983-11-23,M,O+,0,2002-03-01
6300,7,472,9,5,KGID106300,Rishi,1997-08-12,M,A-,0,2022-03-27
6301,7,472,10,2,KGID106301,Chakradev,1984-10-30,M,AB+,0,2002-08-08
6302,7,472,9,3,KGID106302,Gaurav,1970-08-31,M,O+,0,2006-05-31
6303,7,472,10,3,KGID106303,Aarav,1971-02-20,M,B-,0,1998-01-27
6304,7,472,9,4,KGID106304,George,1977-10-07,M,B+,0,2024-08-31
6305,7,472,9,4,KGID106305,George,1984-08-30,M,A+,0,2010-01-17
6306,7,472,6,1,KGID106306,Hitesh,1973-07-16,M,A-,0,2020-03-09
6307,7,472,7,6,KGID106307,George,1999-09-11,M,A-,0,2002-05-13
6308,7,472,7,5,KGID106308,Lavanya,2002-07-27,F,O-,0,2023-11-09
6309,7,472,10,1,KGID106309,Robert,1987-12-03,M,A+,0,2019-11-13
6310,7,472,7,5,KGID106310,Devika,1998-06-06,F,A-,0,2005-01-23
6311,7,472,10,5,KGID106311,Patrick,1996-03-01,M,O-,0,2020-01-07
6312,7,472,10,4,KGID106312,Praneel,2001-08-30,M,B-,0,2020-03-06
6313,7,473,7,4,KGID106313,Triveni,1998-02-12,F,A-,0,2011-09-08
6314,7,473,10,1,KGID106314,Jatin,1987-02-17,M,B+,0,2012-04-30
6315,7,473,10,1,KGID106315,Vivaan,1974-01-08,M,A-,0,2004-06-08
6316,7,473,5,5,KGID106316,Libni,1968-04-03,F,B-,0,1996-10-24
6317,7,473,5,1,KGID106317,Ranveer,1988-11-12,M,B-,0,2011-08-19
6318,7,473,9,4,KGID106318,Advik,2000-08-20,M,O-,0,2024-07-24
6319,7,473,10,1,KGID106319,Benjamin,1983-08-19,M,A-,0,2022-04-27
6320,7,473,7,1,KGID106320,Vedant,1984-05-31,M,O-,1,2015-12-26
6321,7,473,10,6,KGID106321,Jackson,1973-08-24,M,O-,0,2011-08-11
6322,7,473,10,2,KGID106322,Guneet,1994-02-06,M,A+,0,2021-12-06
6323,7,474,6,3,KGID106323,Warinder,1983-01-12,M,O+,0,2012-08-26
6324,7,474,10,3,KGID106324,Nidra,1996-07-14,F,B-,0,2021-03-03
6325,7,474,7,4,KGID106325,Anthony,1995-11-23,M,B-,0,2024-12-12
6326,7,474,6,4,KGID106326,Aditya,1989-06-01,M,O+,0,1999-03-25
6327,7,474,9,5,KGID106327,Wahab,1973-12-04,M,AB+,0,2008-11-06
6328,7,474,10,1,KGID106328,Osha,1981-07-30,F,B-,0,2003-07-20
6329,7,474,5,3,KGID106329,Lakshit,1997-09-28,M,A+,0,2002-10-05
6330,7,474,5,1,KGID106330,Indrajit,1985-06-23,M,A+,0,2023-11-05
6331,7,474,10,4,KGID106331,Jonathan,1999-01-16,M,O+,0,2011-01-16
6332,7,474,9,1,KGID106332,Kalpit,1994-03-28,M,O+,0,2007-10-03
6333,7,474,10,6,KGID106333,Lakshmi,1969-04-15,F,O-,0,2009-08-02
6334,7,474,9,4,KGID106334,Brijesh,1983-11-05,M,B-,0,2006-03-08
6335,7,474,10,3,KGID106335,Mason,1997-11-09,M,B+,0,2019-01-18
6336,7,474,10,1,KGID106336,Devansh,1976-09-29,M,O+,0,2018-07-27
6337,7,474,10,5,KGID106337,Brinda,2000-03-10,F,O+,0,2006-05-28
6338,7,474,9,5,KGID106338,Parth,1968-12-22,M,O-,0,2004-01-17
6339,7,474,10,1,KGID106339,Isaiah,1984-05-13,M,AB+,0,1997-10-28
6340,7,474,10,1,KGID106340,Abhimanyu,1967-11-10,M,A+,1,2021-09-05
6341,7,474,9,4,KGID106341,Zilmil,2002-02-08,F,A+,0,2001-06-29
6342,7,474,6,2,KGID106342,Falan,1987-10-09,M,B-,0,2013-03-28
6343,7,475,9,2,KGID106343,Anya,1994-03-27,F,O-,1,2010-08-01
6344,7,475,9,1,KGID106344,Gunbir,1984-12-07,M,A+,0,2021-05-08
6345,7,475,7,1,KGID106345,Lohit,1978-05-11,M,A+,0,2018-03-10
6346,7,475,6,3,KGID106346,Chatresh,1971-09-27,M,O+,0,2010-10-29
6347,7,475,6,3,KGID106347,Yoshita,1971-01-10,F,O-,0,2022-08-16
6348,7,475,10,2,KGID106348,Advik,1990-10-03,M,B-,0,1997-02-06
6349,7,475,9,4,KGID106349,Wriddhish,1967-08-28,M,B-,0,2016-05-16
6350,7,475,10,5,KGID106350,Wahab,1981-07-18,M,A+,0,2022-03-26
6351,7,475,6,6,KGID106351,Dalbir,1972-02-15,M,B+,0,2024-05-13
6352,7,475,6,1,KGID106352,Bhavani,1977-10-04,F,O+,0,1999-12-26
6353,7,475,9,4,KGID106353,Orinder,1974-05-16,M,B-,0,2007-08-28
6354,7,475,7,6,KGID106354,Tarak,1999-02-17,M,A+,0,1997-05-10
6355,7,475,9,4,KGID106355,Ranbir,1979-09-30,M,B+,0,2017-10-05
6356,7,475,5,3,KGID106356,Ansh,1992-11-29,M,O-,0,2000-07-11
6357,7,475,10,4,KGID106357,Ati,1977-02-04,F,B-,0,2012-11-19
6358,7,475,10,6,KGID106358,Vasudha,1974-10-10,F,O-,0,2003-09-16
6359,7,475,9,3,KGID106359,William,1998-04-08,M,B-,0,1998-01-18
6360,7,476,9,4,KGID106360,Yatin,1994-09-17,M,A-,0,2022-05-11
6361,7,476,7,2,KGID106361,Dalbir,1973-01-15,M,O+,0,2024-09-28
6362,7,476,6,4,KGID106362,Ekalinga,1973-11-04,M,A-,0,2005-07-15
6363,7,476,10,3,KGID106363,Advika,1990-12-03,F,O+,0,2005-08-29
6364,7,476,6,3,KGID106364,Dhruv,1969-11-10,M,AB+,0,2006-04-30
6365,7,476,7,4,KGID106365,Thomas,1969-03-04,M,B+,0,2022-03-11
6366,7,476,6,5,KGID106366,Ekavir,2002-11-19,M,A-,0,2011-01-17
6367,7,476,7,4,KGID106367,Kala,1993-07-01,F,O+,0,2004-07-18
6368,7,476,9,5,KGID106368,Neha,2002-02-02,F,AB+,0,2022-12-19
6369,7,476,7,6,KGID106369,Riya,2000-12-19,F,B-,0,1999-02-21
6370,7,476,6,2,KGID106370,Jatin,1990-01-04,M,A-,0,2018-10-17
6371,7,476,10,6,KGID106371,Gavin,1998-07-25,M,O-,1,2024-05-19
6372,7,476,5,4,KGID106372,Advik,1979-04-27,M,B-,0,2005-04-28
6373,7,476,10,5,KGID106373,Devansh,1968-03-08,M,O-,0,2015-03-18
6374,7,476,10,2,KGID106374,Farhan,1995-05-26,M,AB+,1,2020-07-03
6375,7,476,7,1,KGID106375,Wahab,1986-08-09,M,B-,0,2018-05-13
6376,7,476,6,4,KGID106376,Robert,1975-10-28,M,A+,0,2017-10-11
6377,7,477,9,3,KGID106377,Patrick,1986-02-21,M,O-,0,2018-03-20
6378,7,477,10,1,KGID106378,Chanakya,1975-10-10,M,O-,0,2022-03-24
6379,7,477,7,5,KGID106379,Gaurang,1999-05-01,M,B+,0,2023-11-16
6380,7,477,6,6,KGID106380,Aarnav,1976-07-24,M,AB+,0,2013-01-23
6381,7,477,7,6,KGID106381,Zayyan,1977-04-05,M,B-,0,2010-06-16
6382,7,477,9,2,KGID106382,Yoshita,1976-06-25,F,B-,0,2001-01-18
6383,7,477,10,3,KGID106383,Bachittar,1989-08-06,M,A-,0,2000-11-23
6384,7,477,6,4,KGID106384,Tanveer,1983-01-17,M,B-,0,1998-05-06
6385,7,477,6,3,KGID106385,Deepa,1992-06-30,F,O+,0,2001-09-05
6386,7,477,10,1,KGID106386,Mitesh,1979-11-25,M,O-,1,2003-12-23
6387,7,477,6,1,KGID106387,Nakul,1974-08-30,M,AB+,0,2005-07-18
6388,7,477,7,4,KGID106388,Gautam,1978-03-03,M,O-,0,2024-04-10
6389,7,477,10,6,KGID106389,Nitesh,1985-10-05,M,B-,0,2000-11-10
6390,7,477,10,2,KGID106390,Zayan,1969-05-29,M,AB+,0,2006-09-19
6391,7,477,9,5,KGID106391,Ekavir,1968-05-02,M,B+,0,2013-12-13
6392,7,477,6,5,KGID106392,Yug,2002-11-01,M,A-,0,2009-10-06
6393,7,477,10,1,KGID106393,Shivani,1984-12-17,F,O-,0,2025-01-30
6394,7,478,7,6,KGID106394,Abeer,1971-03-03,M,A-,0,2015-12-14
6395,7,478,5,2,KGID106395,Ekalinga,1974-06-22,M,O-,0,2024-09-12
6396,7,478,6,4,KGID106396,Umang,1970-02-23,M,O-,0,2011-03-21
6397,7,478,10,5,KGID106397,Balhaar,1969-10-21,M,B+,0,2021-09-07
6398,7,478,6,5,KGID106398,Chakradev,1971-03-31,M,O+,0,2016-11-29
6399,7,478,10,2,KGID106399,Alexander,1979-01-11,M,A-,0,2002-02-17
6400,7,478,10,5,KGID106400,Charan,1996-09-01,M,O+,0,2007-12-16
6401,7,478,6,6,KGID106401,Utkarsh,1990-10-14,M,AB+,0,2020-07-13
6402,7,478,10,1,KGID106402,Yatan,1973-12-15,M,O-,0,2023-01-09
6403,7,478,10,2,KGID106403,Baljiwan,2002-06-22,M,B+,0,2008-03-21
6404,7,478,9,5,KGID106404,Champak,1969-04-10,M,A+,0,2014-07-26
6405,7,479,6,3,KGID106405,Girindra,1976-12-24,M,B-,0,2012-05-11
6406,7,479,7,1,KGID106406,Zaid,1973-11-28,M,O-,0,1997-12-15
6407,7,479,6,4,KGID106407,Mitesh,1991-08-18,M,A-,0,2024-06-03
6408,7,479,10,3,KGID106408,Christopher,1973-08-07,M,A-,0,2005-09-17
6409,7,479,7,3,KGID106409,Abhimanyu,1983-10-14,M,AB+,0,1998-01-03
6410,7,479,10,2,KGID106410,Jeet,1980-02-28,M,B-,0,2000-02-25
6411,7,479,10,2,KGID106411,Samar,1998-11-11,M,B+,0,2012-09-15
6412,7,479,9,1,KGID106412,Nachiket,1986-12-30,M,B+,0,2006-07-06
6413,7,479,9,5,KGID106413,Ayaan,1969-07-20,M,AB+,0,2005-07-28
6414,7,479,9,5,KGID106414,Veer,1984-11-11,M,B+,0,2001-03-22
6415,7,479,9,5,KGID106415,Tanay,1973-12-03,M,O+,0,1998-02-02
6416,7,479,5,2,KGID106416,Manbir,2000-08-16,M,O+,0,2017-10-20
6417,7,479,10,1,KGID106417,George,1969-01-29,M,AB+,0,2020-12-05
6418,7,479,5,4,KGID106418,Gautami,1976-01-13,F,A+,0,2017-03-08
6419,7,479,10,3,KGID106419,Peter,2001-03-22,M,AB+,0,2010-03-08
6420,7,480,10,2,KGID106420,Jasmit,1970-08-15,F,O+,0,2014-12-12
6421,7,480,6,2,KGID106421,Lohit,2001-11-07,M,B+,0,2007-12-29
6422,7,480,10,4,KGID106422,Yug,1995-05-26,M,B+,0,2022-08-28
6423,7,480,7,5,KGID106423,Oni,1992-06-29,F,B+,0,2000-09-06
6424,7,480,9,5,KGID106424,Omisha,1973-10-29,F,AB+,0,2007-04-16
6425,7,480,6,1,KGID106425,Vansha,1985-11-04,F,A+,0,2024-09-25
6426,7,480,9,2,KGID106426,Kevin,1978-05-10,M,A+,0,2004-11-09
6427,7,480,7,3,KGID106427,Zayyan,1969-11-07,M,O-,0,2000-05-07
6428,7,480,10,1,KGID106428,Girish,1996-02-19,M,AB+,0,1998-04-13
6429,7,480,10,1,KGID106429,Balhaar,1976-01-26,M,A-,0,2013-01-19
6430,7,480,10,6,KGID106430,Bachittar,2003-07-13,M,A+,0,2021-09-23
6431,7,480,9,6,KGID106431,Dalbir,1989-03-04,M,AB+,0,1997-03-25
6432,7,480,10,1,KGID106432,Pranav,1990-09-23,M,B+,0,2001-01-23
6433,7,480,10,1,KGID106433,Ekaraj,1984-02-01,M,B-,0,1998-07-19
6434,7,480,10,1,KGID106434,Anmol,1991-10-24,M,A+,0,2014-11-23
6435,7,481,9,3,KGID106435,Vincent,1998-05-08,M,B-,0,2020-09-25
6436,7,481,10,6,KGID106436,Hitesh,1988-11-10,M,A+,0,2007-10-06
6437,7,481,5,2,KGID106437,Fitan,1991-03-31,M,B+,0,2020-05-09
6438,7,481,7,5,KGID106438,Gaurang,1981-03-22,M,B+,0,2000-04-05
6439,7,481,7,6,KGID106439,Aarna,1968-11-02,F,B+,0,1997-02-11
6440,7,481,10,4,KGID106440,Zehaan,1976-12-22,M,O+,0,2011-11-14
6441,7,481,5,5,KGID106441,Ayaan,2000-05-17,M,B+,0,2009-09-13
6442,7,481,6,1,KGID106442,Devansh,2002-01-07,M,O-,0,2009-09-17
6443,7,481,10,4,KGID106443,Umang,1989-12-03,M,A-,0,2013-11-14
6444,7,481,7,3,KGID106444,Kalpit,2001-04-01,M,A+,0,2004-08-27
6445,7,481,10,3,KGID106445,Nidra,1979-03-12,F,O+,0,1998-02-20
6446,7,481,10,4,KGID106446,Anay,1989-11-22,M,O+,0,2007-12-24
6447,7,481,7,3,KGID106447,Aarush,1994-03-13,M,O+,0,1998-10-25
6448,7,481,10,3,KGID106448,Nathaniel,2001-11-29,M,B-,0,2018-07-28
6449,7,481,10,5,KGID106449,Ayush,1991-10-18,M,AB+,0,2023-05-14
6450,7,481,10,2,KGID106450,Balveer,1974-05-23,M,O+,0,2015-09-09
6451,7,481,10,1,KGID106451,Nachiket,1988-12-02,M,B-,0,2016-04-15
6452,7,482,9,6,KGID106452,Shaurya,1999-04-11,M,AB+,0,2014-06-29
6453,7,482,10,3,KGID106453,Lucky,1994-01-29,M,O-,0,2023-07-24
6454,7,482,10,2,KGID106454,Om,2001-10-27,M,B-,0,2010-12-05
6455,7,482,5,1,KGID106455,Henry,1977-05-10,M,O+,0,2004-05-12
6456,7,482,5,6,KGID106456,Qarin,1970-04-16,M,AB+,0,1999-10-07
6457,7,482,6,6,KGID106457,Kevin,1981-01-23,M,A+,0,2007-11-18
6458,7,482,10,4,KGID106458,Vasana,1986-10-28,F,B+,0,1997-12-09
6459,7,482,7,5,KGID106459,Manan,1969-01-29,M,O+,0,2012-11-27
6460,7,482,10,3,KGID106460,Jai,1985-10-27,M,O-,0,2012-11-02
6461,7,482,9,4,KGID106461,Lucky,2000-05-18,M,O-,0,2005-03-04
6462,7,482,9,5,KGID106462,Bahadurjit,1980-03-06,M,B+,0,2000-08-06
6463,7,482,5,3,KGID106463,Omkaar,1971-06-14,M,A-,0,2016-08-01
6464,7,482,10,3,KGID106464,Amruta,1998-08-13,F,O-,0,2020-01-02
6465,7,482,9,6,KGID106465,Aradhana,1971-11-14,F,O-,0,2004-08-28
6466,7,482,9,1,KGID106466,Frederick,1993-02-23,M,O-,0,2024-02-10
6467,7,482,6,2,KGID106467,Ganga,1996-05-23,F,B+,0,2020-07-24
6468,7,482,10,6,KGID106468,Saumya,1998-09-18,F,O+,0,2017-05-16
6469,7,482,7,3,KGID106469,Finn,2000-07-28,M,A-,0,2015-10-27
6470,7,482,7,3,KGID106470,Sai,1987-10-12,M,A-,0,2022-05-09
6471,7,482,9,5,KGID106471,Wyatt,2002-12-08,M,O-,0,2009-09-11
6472,7,483,10,5,KGID106472,Anthony,1983-03-14,M,O-,0,2013-11-04
6473,7,483,10,3,KGID106473,Gagan,1983-11-07,M,AB+,0,1997-07-11
6474,7,483,6,3,KGID106474,Abeer,1991-08-14,M,O-,0,2007-11-10
6475,7,483,5,1,KGID106475,Viraj,1990-09-23,M,A-,0,2001-12-15
6476,7,483,10,5,KGID106476,Gauri,1992-02-27,F,A-,0,2002-12-31
6477,7,483,7,1,KGID106477,Falguni,1979-01-06,F,O+,0,2009-03-16
6478,7,483,10,2,KGID106478,Mohini,1979-08-11,F,B+,0,1996-07-24
6479,7,483,7,1,KGID106479,Lohit,1991-10-25,M,A+,0,2003-02-17
6480,7,483,9,6,KGID106480,Sarthak,1973-12-11,M,B-,0,1999-04-16
6481,7,483,9,5,KGID106481,Girindra,1989-06-06,M,A-,0,2002-08-10
6482,7,483,7,4,KGID106482,Madhav,1985-02-12,M,O+,0,2005-12-02
6483,7,483,10,2,KGID106483,Champak,1997-06-10,M,B-,0,2008-09-10
6484,7,483,9,5,KGID106484,Vivaan,1986-02-06,M,O-,0,2008-11-07
6485,7,483,10,3,KGID106485,Wridesh,2000-03-11,M,B-,0,2016-06-11
6486,7,483,7,2,KGID106486,Ryan,1976-02-09,M,B+,0,2010-11-10
6487,7,483,9,5,KGID106487,Aarush,1979-01-10,M,B-,0,2015-08-08
6488,7,483,9,6,KGID106488,Vedika,1991-07-10,F,B-,0,1997-02-22
6489,7,483,9,4,KGID106489,Ranveer,1986-05-16,M,A-,0,1997-03-01
6490,7,484,10,2,KGID106490,Harrison,1971-04-05,M,A-,0,2011-05-10
6491,7,484,10,5,KGID106491,Ansh,1990-01-21,M,A+,0,2016-07-13
6492,7,484,9,3,KGID106492,Chandran,2002-02-14,M,A-,0,2001-01-19
6493,7,484,7,6,KGID106493,Pratyush,1987-06-12,M,B-,0,2005-09-12
6494,7,484,10,6,KGID106494,Praneel,1971-06-23,M,B-,0,2024-08-29
6495,7,484,10,1,KGID106495,Vaishnavi,1978-07-26,F,O-,0,2011-05-27
6496,7,484,9,2,KGID106496,Guneet,1981-10-19,M,B-,0,2001-05-06
6497,7,484,7,3,KGID106497,Rachit,1976-06-06,M,O+,0,2021-02-22
6498,7,484,9,3,KGID106498,Samesh,1990-03-02,M,A-,0,2004-11-04
6499,7,484,6,6,KGID106499,Madhav,2001-07-27,M,O+,0,2003-02-14
6500,7,484,6,2,KGID106500,Chandran,1984-10-13,M,A-,0,1997-11-07
6501,7,484,9,5,KGID106501,Xiti,1969-03-29,F,B-,0,2015-03-02
6502,7,484,7,5,KGID106502,Vedhika,1968-08-27,F,AB+,0,1999-11-20
6503,7,484,9,2,KGID106503,Omaja,1994-01-30,F,B-,0,2019-03-31
6504,7,484,5,5,KGID106504,Rohan,1982-05-24,M,A+,0,1998-04-24
6505,7,484,5,2,KGID106505,Falan,1974-11-28,M,O+,0,2006-12-01
6506,7,485,7,1,KGID106506,Darika,1974-11-17,F,AB+,0,2007-10-23
6507,7,485,7,4,KGID106507,Thomas,1969-02-02,M,AB+,0,2009-07-20
6508,7,485,6,6,KGID106508,Falan,1969-02-02,M,O-,0,1999-01-26
6509,7,485,9,1,KGID106509,Dhruv,1979-12-14,M,AB+,0,2014-10-16
6510,7,485,9,2,KGID106510,Sarthak,1974-10-18,M,B+,0,2024-05-16
6511,7,485,10,1,KGID106511,Hardik,1987-01-05,M,B+,0,2020-05-05
6512,7,485,9,3,KGID106512,Aarush,1981-03-11,M,B+,0,2023-12-10
6513,7,485,7,6,KGID106513,Maanas,1970-06-28,M,B+,0,2002-09-05
6514,7,485,5,6,KGID106514,Wyatt,1978-08-18,M,O-,0,2015-07-01
6515,7,485,9,3,KGID106515,Luke,1971-12-30,M,B-,0,2005-06-01
6516,7,485,10,5,KGID106516,Aarnav,1989-03-10,M,AB+,0,2000-02-01
6517,7,485,10,2,KGID106517,Anirudh,1991-04-23,M,B+,0,2007-03-25
6518,7,485,10,4,KGID106518,Sarthak,1985-07-31,M,O-,0,2012-09-24
6519,7,485,9,6,KGID106519,Pushti,1984-02-26,F,O+,0,2003-11-26
6520,7,485,9,1,KGID106520,George,1983-09-22,M,B+,0,1999-05-02
6521,7,486,10,2,KGID106521,Arjun,2003-02-23,M,AB+,0,2014-07-06
6522,7,486,6,3,KGID106522,Girish,1994-05-07,M,A-,0,2023-08-22
6523,7,486,10,2,KGID106523,Ranbir,1985-12-03,M,A+,0,2003-11-12
6524,7,486,7,1,KGID106524,Gopal,1981-05-18,M,B-,0,2022-02-05
6525,7,486,7,1,KGID106525,Ayush,1988-01-09,M,O-,0,2006-04-10
6526,7,486,7,1,KGID106526,Banjeet,1984-07-16,M,B+,0,2021-05-06
6527,7,486,5,6,KGID106527,Wyatt,1991-05-27,M,B+,0,2024-04-21
6528,7,486,10,3,KGID106528,Farhan,2003-01-10,M,O+,0,2025-04-10
6529,7,486,10,1,KGID106529,Aryan,1985-03-17,M,O+,0,2016-10-01
6530,7,486,6,5,KGID106530,Dev,1990-02-22,M,O+,0,2008-05-11
6531,7,486,10,3,KGID106531,Damini,1992-03-04,F,AB+,0,2008-04-11
6532,7,486,7,5,KGID106532,Chatresh,1990-08-29,M,O-,0,2024-08-18
6533,7,486,10,6,KGID106533,Upma,1986-04-28,F,B+,0,2023-02-18
6534,7,486,10,6,KGID106534,Mohini,1985-02-01,F,A-,0,2019-03-10
6535,7,487,10,5,KGID106535,Ekani,1995-12-20,F,B+,0,2001-12-28
6536,7,487,10,4,KGID106536,Vrishti,1978-08-02,F,B-,0,2004-04-29
6537,7,487,10,4,KGID106537,Kritika,1987-02-28,F,A-,0,2001-11-07
6538,7,487,10,1,KGID106538,Yashodhara,1992-08-19,F,A-,0,2007-08-21
6539,7,487,7,4,KGID106539,Garima,1970-11-06,F,A+,0,2010-04-25
6540,7,487,10,4,KGID106540,Peter,1978-04-25,M,A+,0,2013-02-25
6541,7,487,10,1,KGID106541,Fitan,1968-01-09,M,B+,0,2007-04-07
6542,7,487,6,3,KGID106542,Lucky,1978-11-14,M,O+,0,2023-09-12
6543,7,487,9,2,KGID106543,Dalbir,1991-12-24,M,A+,0,2012-06-05
6544,7,487,9,2,KGID106544,Rehaan,1996-10-20,M,B-,0,1998-12-02
6545,7,487,10,6,KGID106545,Chakradev,2001-01-01,M,B-,0,2007-08-30
6546,7,487,9,5,KGID106546,Jagdish,1974-08-27,M,AB+,0,2023-01-19
6547,7,487,10,3,KGID106547,Xavier,1971-05-18,M,B+,0,2019-02-12
6548,7,487,10,4,KGID106548,Chandresh,2000-02-07,M,A+,0,2006-09-17
6549,7,487,10,2,KGID106549,Vyanjana,1983-05-24,F,A-,0,2007-12-26
6550,7,487,7,2,KGID106550,Chatura,1967-12-13,M,AB+,0,2001-06-07
6551,7,487,9,3,KGID106551,Noah,1969-10-12,M,AB+,0,2010-01-11
6552,7,487,10,2,KGID106552,Aayush,1983-06-18,M,A-,0,2007-11-27
6553,8,488,10,6,KGID106553,Thomas,1993-03-24,M,B-,0,2013-08-02
6554,8,488,7,1,KGID106554,Maanav,1998-03-15,M,B+,0,2000-07-31
6555,8,488,10,3,KGID106555,Ekapad,1990-03-20,M,O+,0,2008-10-17
6556,8,488,9,3,KGID106556,Zayyan,1981-09-24,M,B+,0,2006-07-29
6557,8,488,10,5,KGID106557,William,1996-04-09,M,AB+,0,2005-07-08
6558,8,488,9,3,KGID106558,Harinakshi,1994-02-11,F,AB+,0,2004-11-26
6559,8,488,6,3,KGID106559,Omkaar,2000-12-22,M,B+,0,1997-06-05
6560,8,488,9,6,KGID106560,Om,1991-12-16,M,O+,0,1999-11-09
6561,8,489,10,4,KGID106561,Oni,2000-01-16,F,A+,0,2022-02-10
6562,8,489,10,3,KGID106562,Ekaraj,1990-09-13,M,AB+,0,2005-01-20
6563,8,489,10,4,KGID106563,Ayush,1997-11-15,M,A+,0,2009-10-25
6564,8,489,9,4,KGID106564,Tarak,1973-01-16,M,B+,0,2007-04-04
6565,8,489,9,5,KGID106565,Faris,2001-03-20,M,B+,0,2004-07-17
6566,8,489,6,6,KGID106566,Omisha,1995-08-21,F,B-,0,1999-02-17
6567,8,489,10,1,KGID106567,Jack,1994-11-03,M,AB+,0,2022-01-21
6568,8,489,6,1,KGID106568,Logan,1987-01-05,M,B-,0,2014-08-18
6569,8,489,10,6,KGID106569,Ekapad,1968-11-23,M,B-,0,2004-11-17
6570,8,489,7,1,KGID106570,Ojas,1972-05-26,M,B-,0,2001-03-03
6571,8,489,10,4,KGID106571,Daniel,1977-08-11,M,O-,0,2019-11-17
6572,8,489,10,4,KGID106572,Harsh,1989-06-28,M,A-,0,2003-08-06
6573,8,489,6,3,KGID106573,Aradhana,1989-03-03,F,B+,0,2009-12-21
6574,8,489,5,6,KGID106574,Qadim,1975-09-10,M,B-,0,1996-11-07
6575,8,489,7,1,KGID106575,Waida,1969-09-29,F,A-,0,2024-07-17
6576,8,489,9,3,KGID106576,Vamakshi,2003-02-17,F,A-,0,2005-02-17
6577,8,490,7,4,KGID106577,Timothy,1971-02-26,M,A+,0,1999-01-27
6578,8,490,7,4,KGID106578,Krish,1969-10-10,M,O-,0,2017-09-10
6579,8,490,10,4,KGID106579,Robert,1967-10-31,M,B-,0,2017-12-09
6580,8,490,9,3,KGID106580,Hemal,1980-01-09,F,A+,0,2000-11-23
6581,8,490,5,5,KGID106581,Brijesh,1994-09-19,M,O+,0,2009-12-17
6582,8,490,9,2,KGID106582,Farhan,1999-02-15,M,B-,0,2020-11-16
6583,8,490,7,3,KGID106583,Fariq,1976-12-14,M,A+,0,2009-07-03
6584,8,490,9,1,KGID106584,Omya,1990-11-26,F,A+,0,2022-07-23
6585,8,490,10,5,KGID106585,Darpan,1972-01-08,M,B-,0,2023-12-08
6586,8,490,10,1,KGID106586,Oliver,1984-11-27,M,B+,0,2021-06-20
6587,8,490,9,6,KGID106587,Onkar,1977-01-31,M,O-,0,1998-08-20
6588,8,490,7,2,KGID106588,Chatresh,1993-05-31,M,A+,0,2000-12-04
6589,8,490,10,4,KGID106589,Aachal,1990-12-12,F,O+,0,2024-10-04
6590,8,490,9,6,KGID106590,Frederick,2002-11-22,M,AB+,0,2019-03-18
6591,8,490,6,3,KGID106591,Daksh,1987-01-22,M,B-,0,2015-09-04
6592,8,491,9,6,KGID106592,Neel,1990-07-12,M,AB+,0,2016-07-15
6593,8,491,7,3,KGID106593,Hardik,1989-07-03,M,B+,0,2019-07-29
6594,8,491,9,6,KGID106594,Joshua,1968-10-15,M,O+,0,2022-08-16
6595,8,491,10,4,KGID106595,Noah,1995-12-14,M,O+,0,2013-02-22
6596,8,491,10,3,KGID106596,Chakradhar,1981-09-22,M,A+,0,2022-09-05
6597,8,491,6,1,KGID106597,Warjas,1994-12-07,M,B+,0,2001-11-14
6598,8,491,5,2,KGID106598,Urvi,1998-04-08,F,O-,0,2011-03-10
6599,8,491,7,6,KGID106599,Yatin,1970-07-29,M,A-,0,2024-04-06
6600,8,491,10,5,KGID106600,Utkarsh,1969-01-27,M,A+,0,2001-09-13
6601,8,491,7,1,KGID106601,Janya,1975-04-14,F,O-,0,2014-04-05
6602,8,491,7,4,KGID106602,Faqid,1982-01-09,M,O+,0,2001-01-31
6603,8,491,10,3,KGID106603,Daksh,1971-01-03,M,A-,0,2002-04-18
6604,8,491,10,3,KGID106604,Chatresh,1997-07-29,M,A-,0,2000-06-01
6605,8,491,10,3,KGID106605,Timothy,1979-01-13,M,A-,0,2011-03-28
6606,8,491,10,3,KGID106606,Arjun,1991-02-21,M,AB+,0,2017-03-28
6607,8,491,9,5,KGID106607,Fariq,1979-01-08,M,A-,0,2007-09-18
6608,8,491,10,2,KGID106608,Tanish,1969-03-05,M,O+,0,2007-02-24
6609,8,492,10,1,KGID106609,Azaan,1989-10-12,M,A+,0,2017-08-13
6610,8,492,7,3,KGID106610,Udant,1975-04-14,M,O-,0,2013-02-17
6611,8,492,9,4,KGID106611,Guneet,1976-07-25,M,B-,0,2013-08-27
6612,8,492,9,6,KGID106612,Champak,1979-12-30,M,O+,0,2004-06-14
6613,8,492,10,3,KGID106613,Anita,1967-12-11,F,O-,0,2018-11-16
6614,8,492,7,1,KGID106614,Naveen,1976-05-01,M,O-,0,1996-10-14
6615,8,492,10,3,KGID106615,Om,1989-03-12,M,B-,0,2011-04-28
6616,8,492,6,1,KGID106616,Michael,1987-11-07,M,B+,0,2019-09-10
6617,8,492,10,3,KGID106617,Udyati,1978-10-03,F,A-,0,2012-06-29
6618,8,492,6,1,KGID106618,Yug,1975-02-18,M,O+,0,2009-04-17
6619,8,492,6,5,KGID106619,Isaiah,1991-05-16,M,A-,0,2011-06-12
6620,8,492,6,5,KGID106620,Wakeeta,1994-01-28,F,O-,0,2001-06-17
6621,8,492,5,3,KGID106621,Om,1998-05-30,M,AB+,0,2002-02-02
6622,8,492,7,3,KGID106622,Azad,1981-04-14,M,AB+,0,2000-09-19
6623,8,492,10,2,KGID106623,Gagan,1999-07-08,M,AB+,0,2005-08-26
6624,8,493,6,6,KGID106624,Raghav,1990-04-28,M,AB+,1,2012-10-18
6625,8,493,10,4,KGID106625,Omaja,1970-10-18,F,A+,0,2019-08-06
6626,8,493,9,3,KGID106626,Chakradhar,1983-07-27,M,O+,0,2009-04-08
6627,8,493,6,4,KGID106627,Vincent,1998-10-18,M,AB+,0,2000-10-15
6628,8,493,9,5,KGID106628,Upadhriti,1984-01-03,F,A-,0,2002-01-31
6629,8,493,5,5,KGID106629,Jai,1991-10-22,M,AB+,0,2019-09-28
6630,8,493,10,5,KGID106630,Kai,1993-04-16,M,O+,0,2010-02-22
6631,8,493,5,2,KGID106631,Krishna,1974-12-01,M,O+,0,2021-03-14
6632,8,493,6,2,KGID106632,Damyanti,1991-07-09,F,B-,0,2008-01-07
6633,8,493,5,4,KGID106633,Urvashi,1968-01-25,F,A+,0,2000-06-03
6634,8,493,10,6,KGID106634,Yasti,1986-09-26,F,AB+,0,2013-12-11
6635,8,493,5,5,KGID106635,Aadhya,1989-06-04,F,B+,0,2006-05-24
6636,8,493,9,1,KGID106636,Saumya,1975-01-07,F,A+,0,1999-05-21
6637,8,493,5,3,KGID106637,Balvan,2002-09-04,M,O-,0,2011-12-24
6638,8,493,10,6,KGID106638,Tanish,1989-10-11,M,O+,0,2005-07-30
6639,8,494,10,4,KGID106639,Anjali,1979-04-03,F,B+,0,2025-02-22
6640,8,494,10,1,KGID106640,Ojas,1987-10-16,M,O-,0,2009-08-06
6641,8,494,10,3,KGID106641,Harshil,1980-11-22,M,A-,0,2019-01-23
6642,8,494,10,4,KGID106642,Mason,1981-08-24,M,A+,0,2006-03-06
6643,8,494,9,3,KGID106643,Anmol,1978-01-08,M,B+,0,1999-03-24
6644,8,494,10,6,KGID106644,Girish,1969-04-03,M,B+,0,2023-04-07
6645,8,494,7,4,KGID106645,Rachita,2002-10-22,F,A+,0,2010-02-20
6646,8,494,10,3,KGID106646,Michael,2002-05-29,M,AB+,0,2006-02-27
6647,8,494,10,1,KGID106647,Charles,1988-06-20,M,O-,0,2000-10-19
6648,8,495,10,6,KGID106648,Oscar,1967-10-17,M,A+,0,2017-09-18
6649,8,495,9,4,KGID106649,Leena,1986-04-23,F,A-,0,2004-02-20
6650,8,495,10,1,KGID106650,Udant,1993-05-10,M,O+,0,2004-09-08
6651,8,495,9,5,KGID106651,Aditya,1994-09-19,M,O+,0,1998-12-28
6652,8,495,10,3,KGID106652,Abhiram,1996-09-03,M,B-,0,2002-04-09
6653,8,495,6,2,KGID106653,Chanakya,1994-10-09,M,B-,0,2016-04-17
6654,8,495,10,2,KGID106654,Vedant,1997-11-24,M,A+,0,2013-07-25
6655,8,495,9,5,KGID106655,Ekiya,1970-10-19,F,AB+,0,2014-02-08
6656,8,495,6,5,KGID106656,Ekaraj,1981-09-13,M,O+,0,1998-08-26
6657,8,495,9,3,KGID106657,Urvashi,1986-03-09,F,B+,0,2001-02-25
6658,8,496,6,3,KGID106658,Chandani,1992-01-14,F,AB+,0,2009-03-15
6659,8,496,10,1,KGID106659,Chakradhar,1994-03-29,M,B-,0,2025-07-13
6660,8,496,6,5,KGID106660,Gaurang,1975-09-06,M,A-,0,2020-02-11
6661,8,496,7,2,KGID106661,Wriddhish,1980-03-08,M,B+,0,2023-09-04
6662,8,496,10,4,KGID106662,Hamsini,2001-11-26,F,AB+,0,2012-11-17
6663,8,496,10,4,KGID106663,Unnati,1972-01-29,F,O-,0,2004-12-19
6664,8,496,10,5,KGID106664,Bakhshi,1989-11-13,M,B-,0,1998-01-29
6665,8,496,9,5,KGID106665,Caleb,1981-10-26,M,AB+,0,2015-03-26
6666,8,496,7,2,KGID106666,Janya,1985-10-03,F,A+,0,2012-11-02
6667,8,496,10,2,KGID106667,Meghana,1995-05-31,F,O-,0,2024-09-22
6668,8,497,10,2,KGID106668,Ria,1977-07-16,F,B-,0,2016-11-29
6669,8,497,10,6,KGID106669,Shivani,1978-12-26,F,O+,0,2008-02-01
6670,8,497,5,6,KGID106670,Akshay,1995-05-08,M,B-,0,2001-12-01
6671,8,497,6,2,KGID106671,Daniel,1991-11-01,M,B+,0,1997-03-16
6672,8,497,6,4,KGID106672,Gautam,1978-11-18,M,AB+,0,2016-04-28
6673,8,497,10,3,KGID106673,Anmol,1989-11-22,M,B+,0,2005-03-10
6674,8,497,9,2,KGID106674,Azad,1989-05-01,M,A+,0,1999-04-10
6675,8,497,10,6,KGID106675,Ansh,1994-07-08,M,B-,0,2018-01-19
6676,8,497,10,4,KGID106676,Aryan,1993-04-24,M,A+,0,2016-03-14
6677,8,498,10,6,KGID106677,Abhiram,1996-01-29,M,B+,0,2014-05-28
6678,8,498,6,5,KGID106678,Chaitanya,1988-05-22,M,A-,0,2004-04-17
6679,8,498,10,5,KGID106679,Noah,1983-05-16,M,O-,0,2017-03-16
6680,8,498,9,1,KGID106680,Siya,1982-07-16,F,O+,0,2024-12-07
6681,8,498,5,5,KGID106681,Chakradhar,1973-03-16,M,O-,0,2010-11-11
6682,8,498,9,6,KGID106682,Ethan,1992-02-14,M,O-,0,2016-03-04
6683,8,498,9,2,KGID106683,Aryan,1967-11-18,M,A-,0,1999-11-23
6684,8,498,6,4,KGID106684,Theodore,1986-05-25,M,A-,0,2001-07-26
6685,8,498,10,6,KGID106685,Yoshita,1994-01-12,F,O+,0,2006-07-25
6686,8,498,7,2,KGID106686,Azaan,1972-06-04,M,B+,0,2016-02-18
6687,8,499,5,2,KGID106687,Vasudha,1967-10-20,F,O+,0,2018-04-23
6688,8,499,9,6,KGID106688,Hritik,1985-02-13,M,AB+,0,2001-05-19
6689,8,499,10,2,KGID106689,Pranit,1983-05-02,M,B+,0,2005-11-28
6690,8,499,10,5,KGID106690,Fiyaz,1999-02-25,M,B-,0,2000-11-18
6691,8,499,10,1,KGID106691,Edhitha,1975-02-25,F,AB+,0,2012-12-12
6692,8,499,9,2,KGID106692,Charles,1993-02-06,M,A+,0,2000-05-25
6693,8,499,10,2,KGID106693,Raagini,1999-11-20,F,A-,0,2014-02-15
6694,8,499,10,5,KGID106694,Logan,1981-01-19,M,AB+,0,2014-06-20
6695,8,499,10,2,KGID106695,Jeet,1992-04-05,M,B+,0,2013-05-19
6696,8,499,10,5,KGID106696,Banjeet,1999-03-14,M,O-,1,2018-06-04
6697,8,499,7,1,KGID106697,Ekalinga,2002-10-29,M,O+,0,2016-11-24
6698,8,499,10,2,KGID106698,Harrison,1999-07-02,M,O+,0,2007-12-10
6699,8,499,9,4,KGID106699,Ayushman,1988-04-03,M,AB+,0,2015-04-11
6700,8,499,10,3,KGID106700,Bachittar,1978-11-03,M,AB+,0,2015-04-30
6701,8,499,9,4,KGID106701,Girindra,1993-03-27,M,B-,0,2025-03-02
6702,8,499,10,4,KGID106702,Anmol,1989-09-01,M,O+,0,2025-07-04
6703,8,499,10,3,KGID106703,Owen,1982-06-13,M,A+,0,2004-12-22
6704,8,500,10,6,KGID106704,Meera,1994-08-17,F,AB+,0,1997-08-26
6705,8,500,10,1,KGID106705,Vihaan,2000-12-22,M,O+,0,1999-03-09
6706,8,500,5,3,KGID106706,Lopa,1985-01-21,F,A+,0,2008-11-07
6707,8,500,6,6,KGID106707,Abhiram,2002-01-26,M,O+,0,1997-03-22
6708,8,500,6,2,KGID106708,Warhi,1971-08-30,F,O-,0,2006-08-07
6709,8,500,6,5,KGID106709,Baghyawati,1996-09-18,F,B-,0,2001-10-17
6710,8,500,7,4,KGID106710,Imaran,1967-08-20,M,B-,0,2023-03-19
6711,8,500,9,6,KGID106711,Odika,1987-06-13,F,B+,0,2021-11-12
6712,8,500,10,3,KGID106712,Vanya,1976-07-31,F,B-,0,2001-01-03
6713,8,500,6,1,KGID106713,Anthony,1991-07-10,M,O-,0,2001-04-18
6714,8,500,9,5,KGID106714,Karan,2002-07-19,M,O+,0,2007-07-18
6715,8,500,7,5,KGID106715,Charan,1981-01-29,M,B+,0,2010-11-16
6716,8,500,6,3,KGID106716,Girik,1985-07-04,M,B-,0,2010-10-22
6717,8,501,10,2,KGID106717,Hitesh,1992-05-29,M,B-,1,2005-11-22
6718,8,501,10,6,KGID106718,Vritti,1974-11-13,F,B-,0,2016-08-29
6719,8,501,7,2,KGID106719,Ranveer,1989-07-19,M,O+,0,1998-11-12
6720,8,501,10,3,KGID106720,Lohit,1990-08-10,M,A+,0,2022-12-01
6721,8,501,6,1,KGID106721,Karan,1992-07-27,M,O+,0,2005-12-14
6722,8,501,10,5,KGID106722,Siddharth,1975-04-03,M,O+,0,2020-01-11
6723,8,501,10,4,KGID106723,Pranit,2001-11-26,M,A-,0,2017-05-11
6724,8,501,6,6,KGID106724,Manan,1985-03-18,M,B+,0,2018-07-09
6725,8,501,10,1,KGID106725,Warjas,1970-12-23,M,A-,0,1996-11-23
6726,8,501,5,1,KGID106726,Hemang,1979-04-25,M,B+,0,2000-06-25
6727,8,502,5,3,KGID106727,Keya,1972-11-06,F,O-,0,2023-05-22
6728,8,502,10,2,KGID106728,Faraj,1972-06-04,M,A-,0,2025-04-08
6729,8,502,7,4,KGID106729,Siddharth,1999-06-12,M,AB+,0,2021-10-07
6730,8,502,9,3,KGID106730,Omkaar,1998-12-07,M,O-,0,2000-06-28
6731,8,502,10,2,KGID106731,Isaac,1984-11-26,M,A-,0,2011-12-08
6732,8,502,10,1,KGID106732,Yuvraj,1991-09-17,M,B+,0,1998-12-05
6733,8,502,6,5,KGID106733,Pranav,1997-08-18,M,A+,0,2012-03-26
6734,8,502,9,5,KGID106734,Kiaan,1981-04-07,M,A-,0,2013-07-30
6735,8,502,9,6,KGID106735,Dhruv,1988-07-14,M,AB+,0,2002-09-11
6736,8,502,10,5,KGID106736,Liam,1989-07-28,M,A+,0,2025-05-28
6737,8,502,10,2,KGID106737,Mahika,1983-04-03,F,A+,0,2016-09-25
6738,8,502,10,5,KGID106738,Siddharth,2002-06-18,M,B-,0,2009-05-13
6739,8,502,10,2,KGID106739,Max,1975-03-06,M,B+,0,2000-12-16
6740,8,502,9,4,KGID106740,Lopa,2003-01-04,F,A+,1,2013-01-04
6741,8,502,7,6,KGID106741,Garima,1976-02-20,F,A+,0,2013-02-05
6742,8,502,6,2,KGID106742,Jatin,1981-12-17,M,B-,0,2014-07-26
6743,8,502,9,5,KGID106743,Shivansh,1978-08-23,M,O-,0,2021-12-11
6744,8,502,10,1,KGID106744,Noah,1986-04-23,M,A+,0,2010-01-09
6745,8,502,10,2,KGID106745,Ansh,1983-01-31,M,O+,0,2017-05-19
6746,8,503,10,4,KGID106746,Jeet,1970-10-15,M,A+,0,2002-11-23
6747,8,503,7,3,KGID106747,Zayan,1979-12-31,M,A+,0,2004-05-17
6748,8,503,10,6,KGID106748,Bahadurjit,2002-10-13,M,B+,0,2023-08-03
6749,8,503,9,2,KGID106749,Tara,1998-03-31,F,A+,0,2021-04-04
6750,8,503,10,4,KGID106750,Ekaraj,1982-05-05,M,A+,0,1999-11-07
6751,8,503,5,5,KGID106751,Nakul,1999-09-06,M,B-,0,2023-05-30
6752,8,503,6,6,KGID106752,Gagan,1992-03-16,M,O-,0,2000-12-27
6753,8,503,7,4,KGID106753,Pranav,1977-05-27,M,O-,0,2008-04-09
6754,8,503,7,5,KGID106754,Kritika,1998-05-07,F,A-,0,2013-04-28
6755,8,503,10,4,KGID106755,Arjun,1978-07-01,M,O-,0,2018-01-05
6756,8,503,9,3,KGID106756,Thomas,1972-09-23,M,AB+,0,2002-05-11
6757,8,503,5,4,KGID106757,Ira,1993-11-06,F,B-,0,2004-02-29
6758,8,504,7,2,KGID106758,Manan,1971-06-01,M,B-,0,2024-04-06
6759,8,504,10,6,KGID106759,Zehaan,1994-03-23,M,O+,0,2022-01-22
6760,8,504,10,4,KGID106760,Faqid,1983-05-26,M,O-,0,2011-04-26
6761,8,504,10,4,KGID106761,Jatin,1970-07-02,M,B+,0,2023-08-31
6762,8,504,10,1,KGID106762,Krish,1983-04-28,M,O-,0,2020-06-21
6763,8,504,9,4,KGID106763,Umang,1970-09-16,M,O+,0,2005-10-31
6764,8,504,7,5,KGID106764,Onveer,1985-10-21,M,B+,0,2024-08-09
6765,8,504,10,3,KGID106765,Ethan,1995-01-01,M,A-,0,2024-12-17
6766,8,504,9,2,KGID106766,Rajata,1982-12-17,F,A-,0,2020-05-28
6767,8,504,9,6,KGID106767,Girindra,1970-12-09,M,B+,0,2014-02-27
6768,8,504,10,3,KGID106768,Champak,1972-03-16,M,O+,0,2021-01-20
6769,8,504,10,1,KGID106769,Vasana,1996-03-19,F,A-,0,2003-09-22
6770,8,504,5,3,KGID106770,Bahadurjit,2002-12-27,M,A-,0,2008-07-25
6771,8,504,10,4,KGID106771,Balhaar,1998-11-30,M,A-,0,2011-03-14
6772,8,504,7,2,KGID106772,Lakshit,1977-08-05,M,AB+,0,2011-08-19
6773,8,504,10,2,KGID106773,Suhani,1983-07-20,F,A-,0,2001-02-08
6774,8,504,10,3,KGID106774,Reyansh,1994-05-17,M,AB+,0,2006-10-25
6775,8,504,10,3,KGID106775,Ayaan,1979-04-22,M,A-,0,2008-12-31
6776,8,504,7,1,KGID106776,Gagan,1979-07-01,M,AB+,0,2005-04-26
6777,8,505,10,2,KGID106777,Darsh,1997-09-22,M,A+,0,2005-02-17
6778,8,505,10,4,KGID106778,Banjeet,1971-10-25,M,AB+,0,2007-04-24
6779,8,505,10,3,KGID106779,Pranav,1993-10-21,M,A+,0,2016-11-08
6780,8,505,7,3,KGID106780,Girik,1999-02-16,M,O-,0,2017-04-02
6781,8,505,9,6,KGID106781,Quincy,1977-01-23,M,O+,0,2020-10-10
6782,8,505,6,1,KGID106782,Brijesh,2000-12-14,M,AB+,0,2015-08-21
6783,8,505,10,1,KGID106783,Maanav,1996-03-25,M,O-,0,2001-07-26
6784,8,505,10,5,KGID106784,Benjamin,1981-03-13,M,B+,0,2005-11-21
6785,8,505,7,3,KGID106785,Jeremiah,1971-11-14,M,O+,0,2009-08-11
6786,8,505,5,3,KGID106786,Avi,1973-01-15,M,B+,0,2015-05-02
6787,8,505,10,5,KGID106787,Onveer,1971-05-29,M,O-,0,2019-03-05
6788,8,505,7,2,KGID106788,Nandini,1980-02-18,F,AB+,0,2021-10-03
6789,8,505,6,2,KGID106789,Lavanya,1997-03-14,F,O+,0,1998-09-22
6790,8,505,9,3,KGID106790,Avi,1989-10-25,M,O+,1,2006-06-15
6791,8,505,10,4,KGID106791,Bhavika,1995-12-16,F,O-,0,2024-08-03
6792,8,505,5,1,KGID106792,Andrew,1988-01-26,M,A+,0,2011-07-30
6793,8,505,5,2,KGID106793,Isaac,1990-05-14,M,AB+,0,2022-05-18
6794,8,505,5,4,KGID106794,Pallavi,1983-10-16,F,O-,0,1998-12-31
6795,8,505,7,6,KGID106795,Meera,1973-02-19,F,A+,0,2002-04-17
6796,8,505,7,6,KGID106796,Zehaan,1990-04-23,M,O-,0,1999-05-21
6797,8,506,10,3,KGID106797,Gaurav,1978-07-22,M,B-,0,2001-02-13
6798,8,506,9,6,KGID106798,Abeer,2003-06-18,M,B-,0,2005-12-08
6799,8,506,9,3,KGID106799,Waida,1978-02-27,F,A+,0,1997-10-26
6800,8,506,10,6,KGID106800,Nitesh,1982-06-07,M,O+,0,2012-12-24
6801,8,506,10,6,KGID106801,Liam,1998-02-24,M,O-,0,2011-11-03
6802,8,506,7,1,KGID106802,Pooja,1980-03-22,F,B+,0,2010-07-30
6803,8,506,10,3,KGID106803,Naksh,1989-10-21,M,B+,0,2001-05-13
6804,8,506,6,1,KGID106804,Odika,1971-08-24,F,A+,0,2011-09-18
6805,8,506,9,5,KGID106805,Onkar,1968-11-26,M,O+,0,2005-01-21
6806,8,506,6,1,KGID106806,Yuvraj,2002-12-22,M,O+,0,2000-10-15
6807,8,506,10,3,KGID106807,Wridesh,1986-12-04,M,A-,0,2005-01-09
6808,8,506,10,2,KGID106808,Rishi,1992-04-18,M,O-,0,2000-05-28
6809,8,506,7,6,KGID106809,Naveen,1975-03-23,M,B-,0,2002-12-07
6810,8,506,10,3,KGID106810,Triya,1998-08-30,F,B+,0,2011-08-15
6811,8,507,5,6,KGID106811,Imaran,1993-06-21,M,B-,0,2001-07-31
6812,8,507,10,3,KGID106812,Gopal,1976-09-20,M,O+,0,2018-07-21
6813,8,507,10,3,KGID106813,Harsh,1995-06-30,M,A-,0,2020-04-26
6814,8,507,10,4,KGID106814,Theodore,1989-11-11,M,B-,0,2023-01-27
6815,8,507,10,3,KGID106815,Harish,1981-01-18,M,B-,0,1996-09-02
6816,8,507,10,6,KGID106816,Luke,1984-07-26,M,O-,0,2006-12-18
6817,8,507,10,5,KGID106817,Girindra,1998-03-10,M,A+,0,1998-03-31
6818,8,507,10,6,KGID106818,Jack,1994-08-13,M,O+,0,1998-10-26
6819,8,508,10,3,KGID106819,Nachiket,2001-02-19,M,O-,1,2000-10-27
6820,8,508,9,5,KGID106820,Yashvi,1980-05-05,F,O+,0,2022-11-06
6821,8,508,10,6,KGID106821,Turvi,1982-08-19,F,B-,0,2012-11-05
6822,8,508,6,3,KGID106822,Janaki,1980-01-26,F,B-,0,2007-08-06
6823,8,508,5,5,KGID106823,Tanay,1970-10-19,M,B+,0,2002-07-07
6824,8,508,7,4,KGID106824,Balvan,1970-05-29,M,B-,0,2022-06-02
6825,8,508,9,5,KGID106825,Samar,1997-01-01,M,A+,0,2006-08-29
6826,8,508,10,3,KGID106826,Ekansh,1985-03-15,M,AB+,0,2010-12-10
6827,8,508,7,1,KGID106827,Faqid,1976-03-22,M,O-,0,1997-05-01
6828,8,509,6,6,KGID106828,Andrew,2000-09-19,M,A+,0,2002-11-05
6829,8,509,5,1,KGID106829,Bhavna,1984-11-23,F,B-,0,2013-07-16
6830,8,509,10,6,KGID106830,Liam,1982-07-06,M,A+,0,2008-10-25
6831,8,509,10,4,KGID106831,Charan,1991-08-29,M,A+,0,2005-12-01
6832,8,509,10,4,KGID106832,Baghyawati,1997-05-26,F,B-,0,2015-01-16
6833,8,509,5,5,KGID106833,Yashodhara,1973-02-26,F,B+,0,1997-05-31
6834,8,509,10,3,KGID106834,Aarnav,1970-05-24,M,B+,0,1997-08-18
6835,8,509,6,2,KGID106835,Jai,1993-06-12,M,B-,0,2013-09-23
6836,8,509,6,6,KGID106836,Wridesh,2001-09-08,M,O-,0,2023-09-19
6837,8,509,10,6,KGID106837,Mohammed,1976-05-20,M,B-,0,2009-07-06
6838,8,509,7,6,KGID106838,Zayan,1969-11-06,M,AB+,0,2023-09-28
6839,8,509,9,1,KGID106839,Sai,1972-04-20,M,B-,0,2003-10-07
6840,8,509,10,1,KGID106840,Darsh,2002-05-30,M,B+,0,2007-03-07
6841,8,509,7,1,KGID106841,Jack,2001-05-21,M,A-,0,2006-03-01
6842,8,509,10,5,KGID106842,Nathan,1987-03-04,M,A-,0,2016-03-02
6843,8,509,10,6,KGID106843,Chatresh,1996-12-14,M,A+,0,1998-07-02
6844,8,510,7,2,KGID106844,Rishi,1973-10-04,M,A-,1,2002-10-22
6845,8,510,9,3,KGID106845,Gautami,1978-01-04,F,AB+,0,2014-09-11
6846,8,510,7,6,KGID106846,Kiaan,1977-03-16,M,A-,0,2022-03-05
6847,8,510,7,1,KGID106847,Harrison,1999-08-14,M,B+,0,2021-03-05
6848,8,510,10,6,KGID106848,Neel,1994-01-29,M,A-,0,2021-03-03
6849,8,510,10,2,KGID106849,Rushil,1970-02-25,M,AB+,0,2014-08-28
6850,8,510,9,6,KGID106850,Matthew,2000-09-04,M,AB+,0,2025-07-20
6851,8,510,10,5,KGID106851,Kiaan,1978-02-06,M,B+,0,2004-07-10
6852,8,510,6,6,KGID106852,Rayaan,1989-08-04,M,A+,0,2008-11-19
6853,8,510,9,3,KGID106853,Ishita,1978-01-08,F,A-,0,2004-04-16
6854,8,510,7,4,KGID106854,Chandran,2000-01-17,M,AB+,0,2001-01-11
6855,8,510,6,6,KGID106855,Aayush,1992-10-05,M,B+,0,2000-09-02
6856,8,510,6,3,KGID106856,Aditya,1967-09-06,M,B-,0,2019-09-28
6857,8,510,10,4,KGID106857,Nimrat,1984-11-27,F,B+,0,2025-06-21
6858,8,511,10,5,KGID106858,Girindra,1988-06-04,M,A-,0,2016-03-01
6859,8,511,5,3,KGID106859,Atharv,1971-12-28,M,AB+,0,2003-11-07
6860,8,511,6,1,KGID106860,Nihal,1993-12-22,M,B+,0,2007-02-08
6861,8,511,7,1,KGID106861,Hredhaan,2002-07-21,M,B+,0,2023-12-06
6862,8,511,9,2,KGID106862,Akshay,1982-12-20,M,A+,0,2005-01-21
6863,8,511,10,3,KGID106863,Hemal,1973-05-29,F,O+,0,2009-02-23
6864,8,511,5,2,KGID106864,Sara,1980-08-31,F,B+,0,2003-10-15
6865,8,511,7,4,KGID106865,Vedhika,1994-05-19,F,O-,0,2018-10-26
6866,8,511,7,6,KGID106866,Lucky,2001-10-18,M,AB+,0,2013-06-28
6867,8,511,9,2,KGID106867,Dalbir,1972-12-01,M,B-,0,2009-07-17
6868,8,511,7,3,KGID106868,Chakradhar,2003-07-07,M,A+,0,2019-11-12
6869,8,511,10,6,KGID106869,Finn,2003-05-21,M,A-,0,2010-08-14
6870,8,511,7,3,KGID106870,Guneet,1987-12-15,M,O-,0,2015-10-25
6871,8,511,7,4,KGID106871,Akshay,2001-12-17,M,A-,0,1999-01-21
6872,8,512,10,2,KGID106872,Ryan,2002-09-09,M,O+,0,2015-10-08
6873,8,512,10,4,KGID106873,Yash,1988-02-10,M,B+,0,2018-04-11
6874,8,512,10,2,KGID106874,Kalpit,1973-11-28,M,O-,0,2009-03-27
6875,8,512,9,2,KGID106875,Vrishti,1996-01-22,F,B+,0,2018-05-07
6876,8,512,10,2,KGID106876,William,1991-11-24,M,O-,0,2021-12-23
6877,8,512,7,6,KGID106877,Tarak,1998-09-25,M,B-,0,2014-04-22
6878,8,512,7,3,KGID106878,Henry,1972-08-21,M,B+,0,2018-09-25
6879,8,512,6,2,KGID106879,Praneel,1973-04-16,M,B-,0,2019-12-04
6880,8,512,10,2,KGID106880,Daniel,1997-10-09,M,B-,0,2001-03-22
6881,8,512,6,5,KGID106881,Max,1975-04-20,M,B+,0,2002-06-02
6882,8,512,9,1,KGID106882,Manan,1992-09-11,M,B+,0,2014-01-30
6883,8,513,9,1,KGID106883,Pavani,1973-08-03,F,O+,0,2015-02-22
6884,8,513,9,6,KGID106884,Vedant,1976-01-19,M,B-,0,2021-12-10
6885,8,513,7,1,KGID106885,Pranit,1982-08-13,M,AB+,0,2022-07-01
6886,8,513,10,1,KGID106886,Tanay,1994-01-21,M,B-,0,2008-08-24
6887,8,513,6,3,KGID106887,Nihal,1996-02-16,M,O+,0,2009-05-25
6888,8,513,10,3,KGID106888,Nitara,1971-11-20,F,AB+,0,2010-07-12
6889,8,513,10,5,KGID106889,Tanay,2002-11-24,M,B-,0,1998-12-05
6890,8,513,10,6,KGID106890,Devansh,1975-01-20,M,B+,0,2012-05-07
6891,8,513,9,5,KGID106891,Saksham,2000-02-10,M,AB+,0,2020-12-16
6892,8,513,10,6,KGID106892,Gavin,1999-09-12,M,B+,0,2007-10-17
6893,8,513,9,5,KGID106893,Vedant,2001-01-06,M,A+,0,2011-12-13
6894,8,513,6,4,KGID106894,Neel,2000-11-06,M,B-,0,2003-07-28
6895,8,513,7,1,KGID106895,Yamini,1980-11-07,F,B-,0,2006-07-06
6896,8,513,10,5,KGID106896,Oscar,1997-04-26,M,O+,0,2001-01-06
6897,8,513,10,3,KGID106897,Alka,1969-02-28,F,O-,0,2007-03-13
6898,8,514,7,2,KGID106898,Samesh,1988-09-24,M,O+,0,1999-03-16
6899,8,514,6,6,KGID106899,Madhav,1995-09-13,M,B-,0,2018-03-06
6900,8,514,7,4,KGID106900,Abeer,1991-04-27,M,B-,0,2014-05-20
6901,8,514,9,4,KGID106901,Gaurika,1979-01-11,F,A+,0,2013-03-07
6902,8,514,9,5,KGID106902,Libni,1974-12-03,F,AB+,0,2010-08-17
6903,8,514,10,5,KGID106903,Samaksh,1994-04-26,M,A+,0,2004-10-23
6904,8,514,9,2,KGID106904,Zayyan,2000-12-30,M,O+,0,2017-02-24
6905,8,514,10,1,KGID106905,Anirudh,1998-04-15,M,O+,0,2024-07-28
6906,8,514,10,6,KGID106906,Sai,1999-12-12,M,AB+,0,2021-11-19
6907,8,515,10,5,KGID106907,Banjeet,1998-05-03,M,A-,0,1998-06-02
6908,8,515,9,1,KGID106908,Aditya,2002-11-07,M,B+,0,2002-03-03
6909,8,515,7,3,KGID106909,Aditya,1975-06-11,M,AB+,0,2004-05-14
6910,8,515,7,2,KGID106910,Dhruv,1992-07-23,M,A+,0,2010-11-09
6911,8,515,10,1,KGID106911,Andrew,1974-08-04,M,B+,0,2005-07-06
6912,8,515,7,6,KGID106912,Nitesh,1983-01-10,M,O-,0,2015-08-31
6913,8,515,10,4,KGID106913,Yashodhara,1973-09-10,F,B+,0,2011-06-12
6914,8,515,10,4,KGID106914,Ubika,1988-02-10,F,B-,0,2013-10-07
6915,8,515,7,2,KGID106915,Mason,1987-06-12,M,B+,0,1999-07-13
6916,8,515,6,4,KGID106916,Bachittar,1982-11-20,M,O+,0,2001-10-06
6917,8,515,10,6,KGID106917,Neel,1976-06-12,M,AB+,0,2020-03-03
6918,8,515,10,5,KGID106918,Guneet,1989-11-28,M,A+,0,2020-01-21
6919,8,515,10,6,KGID106919,Matthew,1994-05-03,M,A+,0,2025-06-08
6920,8,515,6,2,KGID106920,Qadim,1980-12-12,M,AB+,0,2023-06-28
6921,8,515,10,5,KGID106921,Vanya,1972-10-08,F,A-,0,2015-04-24
6922,8,515,9,3,KGID106922,Luke,1968-03-19,M,A-,0,2006-06-02
6923,8,515,10,4,KGID106923,Lila,1990-11-04,F,O-,0,1997-03-10
6924,8,516,9,4,KGID106924,Lohit,2002-01-04,M,A+,0,2016-09-07
6925,8,516,6,6,KGID106925,Ekansh,1996-04-25,M,B-,0,2021-10-30
6926,8,516,9,1,KGID106926,Liam,1967-12-30,M,O+,0,2004-05-26
6927,8,516,10,3,KGID106927,Ronith,1985-03-14,M,AB+,0,2020-09-14
6928,8,516,10,4,KGID106928,Chanakya,1972-01-14,M,O-,0,2013-02-28
6929,8,516,10,4,KGID106929,Eiravati,1997-04-04,F,O-,0,2024-02-12
6930,8,516,7,6,KGID106930,Ronith,1984-04-28,M,O+,0,2020-01-01
6931,8,516,10,3,KGID106931,Nandini,1991-12-13,F,AB+,0,2006-08-02
6932,8,516,10,2,KGID106932,Unnati,1993-01-14,F,AB+,0,1997-10-27
6933,8,516,7,4,KGID106933,Jhalak,1996-04-11,F,A+,0,2011-03-23
6934,8,516,9,2,KGID106934,Rajata,1987-08-03,F,AB+,0,2014-01-18
6935,8,516,10,5,KGID106935,Harinakshi,1995-12-20,F,O-,0,2024-12-24
6936,8,516,10,1,KGID106936,Jairaj,1979-01-11,M,AB+,0,1999-02-13
6937,8,516,10,1,KGID106937,Naveen,1988-09-02,M,A-,0,2004-05-08
6938,8,516,6,4,KGID106938,Theodore,1980-06-13,M,O+,0,2019-07-26
6939,8,516,9,3,KGID106939,Aayush,1987-01-24,M,B+,0,2003-06-17
6940,8,516,10,5,KGID106940,Radhika,1977-03-15,F,AB+,0,2016-06-25
6941,8,517,10,1,KGID106941,Gayathri,1985-06-11,F,B-,0,1999-09-24
6942,8,517,10,4,KGID106942,Chandresh,2002-07-26,M,A+,0,2008-04-01
6943,8,517,10,3,KGID106943,Faris,1983-07-20,M,AB+,0,2022-07-14
6944,8,517,10,3,KGID106944,Nihal,1998-04-28,M,A-,0,1997-07-05
6945,8,517,10,4,KGID106945,Luke,1986-06-14,M,O+,0,2009-04-28
6946,8,517,9,6,KGID106946,Falan,1994-09-13,M,B-,0,2017-07-03
6947,8,517,10,1,KGID106947,Ishwar,1996-07-11,M,O-,0,2001-07-11
6948,8,517,10,5,KGID106948,Varsha,1998-01-03,F,O-,0,1997-06-12
6949,8,517,5,5,KGID106949,Wazir,1995-12-30,M,O-,0,2024-09-16
6950,8,517,6,1,KGID106950,Orinder,1989-10-28,M,B-,0,1998-09-20
6951,8,518,7,3,KGID106951,Pratyush,2001-09-07,M,A+,0,2005-12-20
6952,8,518,10,3,KGID106952,Zashil,1977-10-04,M,B+,0,2020-11-24
6953,8,518,7,4,KGID106953,Liam,1999-10-13,M,A+,0,1997-02-18
6954,8,518,10,6,KGID106954,Gabriel,1970-09-29,M,A+,0,2006-09-14
6955,8,518,9,4,KGID106955,Zaid,1982-12-07,M,B+,0,2000-01-18
6956,8,518,5,1,KGID106956,Viraj,1972-12-18,M,A+,0,1997-10-11
6957,8,518,10,4,KGID106957,Utkarsh,1968-11-07,M,A+,0,2016-05-25
6958,8,518,10,1,KGID106958,Shivansh,1999-05-11,M,AB+,0,2012-11-12
6959,8,518,10,3,KGID106959,Dhruv,1985-09-05,M,A-,0,2001-05-06
6960,8,518,10,4,KGID106960,Nathaniel,2000-08-08,M,B-,0,2010-09-12
6961,8,518,6,3,KGID106961,Devansh,1996-01-17,M,A+,0,2001-03-21
6962,8,518,7,5,KGID106962,Yuvraj,1981-06-20,M,B+,0,2019-08-25
6963,8,518,9,1,KGID106963,Dalbir,1988-07-28,M,A-,0,2022-01-16
6964,8,518,10,1,KGID106964,Abhimanyu,1983-09-18,M,A-,0,2023-03-24
6965,8,518,6,5,KGID106965,Sai,1985-03-09,M,O-,0,2023-05-24
6966,8,518,6,5,KGID106966,Bachittar,1993-02-10,M,B-,0,2008-11-29
6967,8,518,5,1,KGID106967,Yutika,1995-03-27,F,AB+,0,2007-02-11
6968,8,518,9,1,KGID106968,William,1981-04-27,M,B+,0,2010-04-10
6969,8,519,10,2,KGID106969,Jatin,1986-06-03,M,O+,0,2004-01-10
6970,8,519,10,5,KGID106970,Zaid,1989-02-14,M,O-,0,2016-09-06
6971,8,519,10,6,KGID106971,Ranveer,1969-12-01,M,A+,0,1999-08-26
6972,8,519,9,6,KGID106972,Ojasvi,1984-01-22,F,A+,0,2013-01-07
6973,8,519,10,5,KGID106973,Tanveer,1970-10-06,M,O+,0,2004-10-31
6974,8,519,10,1,KGID106974,Ranbir,1988-04-24,M,AB+,0,1998-06-04
6975,8,519,6,2,KGID106975,Dalbir,2002-02-13,M,AB+,0,2004-09-15
6976,8,519,7,6,KGID106976,Jeet,1969-10-12,M,B+,0,2000-02-09
6977,8,519,9,3,KGID106977,Barkha,1991-04-30,F,A+,0,2014-01-20
6978,8,519,10,1,KGID106978,Farhan,1984-05-15,M,A+,0,2008-07-28
6979,8,519,9,5,KGID106979,Veer,1977-02-09,M,A+,0,2001-08-15
6980,8,520,6,6,KGID106980,Jackson,1989-09-24,M,B-,0,2014-07-18
6981,8,520,9,5,KGID106981,Waida,1974-03-01,F,B+,0,2017-03-02
6982,8,520,10,6,KGID106982,Liam,1982-08-25,M,A-,0,2010-07-17
6983,8,520,6,1,KGID106983,Henry,1968-12-13,M,AB+,0,2015-09-16
6984,8,520,7,6,KGID106984,Dominic,1977-06-08,M,O+,0,2019-04-30
6985,8,520,7,6,KGID106985,Yug,1980-09-13,M,A-,1,2019-03-14
6986,8,520,6,5,KGID106986,Chanchal,1997-04-19,F,B-,0,1998-09-30
6987,8,520,7,5,KGID106987,Siddharth,1991-09-15,M,A+,0,2001-08-16
6988,8,520,10,1,KGID106988,Joshua,2002-04-05,M,A+,0,2012-11-10
6989,8,520,10,4,KGID106989,Abhiram,1979-01-12,M,A+,0,2015-05-09
6990,8,520,10,1,KGID106990,Qadim,1968-05-04,M,B-,0,2009-01-31
6991,8,520,10,6,KGID106991,Advay,1967-09-23,M,O-,0,2008-07-14
6992,8,520,6,6,KGID106992,Krishna,1987-12-30,F,A+,0,2001-09-04
6993,8,520,10,1,KGID106993,Zehaan,1990-07-03,M,O-,0,2020-03-20
6994,8,520,10,5,KGID106994,Saumya,1987-01-08,F,O+,0,2012-08-20
6995,8,520,10,4,KGID106995,Chandresh,1992-06-08,M,A+,0,2015-10-06
6996,8,520,7,5,KGID106996,Unnati,1991-02-28,F,A+,0,2013-10-27
6997,8,520,6,3,KGID106997,Samar,1993-12-28,M,O+,0,2000-10-23
6998,8,521,7,6,KGID106998,Wazir,1990-12-14,M,A-,0,2016-01-19
6999,8,521,7,4,KGID106999,Rushil,2002-07-29,M,O+,0,2017-03-28
7000,8,521,10,2,KGID107000,Gaurangi,1996-09-01,F,B-,0,2016-01-07
7001,8,521,9,4,KGID107001,Warjas,1993-03-17,M,O-,1,2005-04-13
7002,8,521,10,3,KGID107002,Azaan,1971-09-16,M,O-,0,2023-08-21
7003,8,521,9,4,KGID107003,Henry,1968-01-10,M,AB+,0,2022-03-09
7004,8,521,6,3,KGID107004,Ansh,1988-07-17,M,B+,0,1996-11-17
7005,8,521,6,3,KGID107005,Balhaar,1993-03-11,M,AB+,0,2019-05-26
7006,8,521,10,4,KGID107006,Kashish,1990-05-01,F,O+,0,2023-10-30
7007,8,521,9,5,KGID107007,Kabir,1998-11-06,M,A+,0,2019-10-15
7008,8,521,7,2,KGID107008,Harish,1987-03-08,M,A-,0,2012-01-28
7009,8,521,10,4,KGID107009,Dhriti,1991-04-04,F,AB+,0,2015-12-16
7010,8,521,10,1,KGID107010,Nachiket,1973-06-07,M,O-,0,1999-06-13
7011,8,521,10,4,KGID107011,Gopal,1987-06-12,M,A-,0,1997-07-15
7012,8,521,7,4,KGID107012,Robert,1989-10-11,M,AB+,0,2012-07-24
7013,8,521,10,2,KGID107013,Lohit,1977-10-31,M,O-,0,2025-07-08
7014,8,521,7,1,KGID107014,Aadi,1984-01-28,M,B+,0,2005-11-04
7015,9,522,9,2,KGID107015,Triveni,1985-11-11,F,B+,0,2020-04-15
7016,9,522,10,3,KGID107016,Triya,1974-03-18,F,B+,0,2019-11-03
7017,9,522,10,6,KGID107017,Ikbal,1981-01-04,M,AB+,0,2006-07-02
7018,9,522,10,5,KGID107018,Abdul,1985-06-13,M,O-,0,2014-05-19
7019,9,522,6,4,KGID107019,Kalpit,1994-06-11,M,B+,0,2012-04-29
7020,9,522,10,2,KGID107020,Chanchal,1978-07-11,F,A+,0,2009-08-24
7021,9,522,6,3,KGID107021,Nikita,2000-04-04,F,B+,0,2005-10-30
7022,9,522,10,3,KGID107022,Gavin,1975-02-01,M,O+,0,2025-05-31
7023,9,522,9,5,KGID107023,Frado,1982-08-12,M,B+,0,2002-01-04
7024,9,522,10,6,KGID107024,Gopal,1974-04-06,M,B-,0,2018-02-26
7025,9,522,10,2,KGID107025,Gunbir,1982-05-09,M,A-,0,2017-06-02
7026,9,522,7,6,KGID107026,Yuvraj,1971-01-04,M,A+,0,2020-12-05
7027,9,522,7,1,KGID107027,Banjeet,1980-04-10,M,O+,0,2000-10-11
7028,9,523,6,4,KGID107028,Bina,2001-07-10,F,A-,0,2004-04-16
7029,9,523,6,2,KGID107029,Ronith,1973-07-09,M,B-,0,1999-06-13
7030,9,523,6,5,KGID107030,Azaan,1975-09-04,M,O-,0,2021-02-25
7031,9,523,10,2,KGID107031,Yatan,1984-03-07,M,A+,0,2019-03-07
7032,9,523,9,2,KGID107032,Abhiram,1989-07-11,M,A+,0,2002-07-11
7033,9,523,9,6,KGID107033,Vincent,2001-01-06,M,B-,0,2022-12-13
7034,9,523,7,1,KGID107034,Aditya,1991-08-08,M,O-,0,2021-03-04
7035,9,523,6,2,KGID107035,Tristan,1972-10-24,M,AB+,0,2009-05-28
7036,9,523,7,4,KGID107036,Darpan,1984-06-07,M,O-,0,2001-02-05
7037,9,523,9,4,KGID107037,Ranbir,1992-12-16,M,O+,0,2000-11-23
7038,9,523,6,4,KGID107038,Radha,1974-01-29,F,B+,0,2013-06-14
7039,9,523,9,5,KGID107039,Owen,1969-09-22,M,B+,0,1997-09-02
7040,9,523,9,6,KGID107040,Zehaan,1973-03-05,M,B+,0,2007-03-05
7041,9,523,10,6,KGID107041,Samuel,1987-12-13,M,O+,0,2016-01-28
7042,9,523,6,5,KGID107042,Yash,1996-04-19,M,B-,0,2006-02-28
7043,9,523,10,1,KGID107043,Jonathan,1969-03-11,M,B+,0,2009-09-08
7044,9,523,9,5,KGID107044,Christopher,1988-08-10,M,B+,0,2007-02-18
7045,9,523,10,3,KGID107045,Champak,1985-09-08,M,AB+,0,1999-08-28
7046,9,523,6,6,KGID107046,Kiaan,1992-12-28,M,A+,0,1998-03-07
7047,9,523,5,3,KGID107047,Tarak,1991-05-28,M,O+,0,2024-10-15
7048,9,524,7,2,KGID107048,Advik,1988-06-15,M,A+,0,2017-06-15
7049,9,524,10,2,KGID107049,Fariq,1969-06-30,M,B-,0,2006-03-11
7050,9,524,9,1,KGID107050,Warinder,1990-02-19,M,O+,0,2018-11-05
7051,9,524,10,1,KGID107051,Zayyan,1987-09-16,M,B-,0,2024-03-31
7052,9,524,10,1,KGID107052,Banjeet,2003-05-07,M,O+,0,2021-09-08
7053,9,524,10,1,KGID107053,Darsh,1970-11-25,M,A+,0,2001-08-05
7054,9,524,6,3,KGID107054,Laban,1981-08-03,M,B+,0,2000-04-19
7055,9,524,10,3,KGID107055,Ganga,1968-06-21,F,O+,0,2019-02-17
7056,9,524,6,2,KGID107056,Ekansh,1980-08-15,M,A+,0,2012-08-28
7057,9,524,9,1,KGID107057,Joshua,1987-04-18,M,B-,0,2005-04-27
7058,9,524,6,3,KGID107058,Pranit,1983-07-04,M,O-,0,2012-09-06
7059,9,524,9,5,KGID107059,Dev,1973-09-09,M,AB+,0,2004-07-09
7060,9,524,10,2,KGID107060,David,2001-08-09,M,O-,0,2015-09-07
7061,9,524,10,5,KGID107061,Rayaan,1978-10-28,M,AB+,0,2011-10-15
7062,9,524,7,5,KGID107062,Zashil,1978-09-11,M,B-,0,2007-01-24
7063,9,524,9,5,KGID107063,Yug,1991-06-14,M,A+,0,2004-01-22
7064,9,525,10,6,KGID107064,Yatin,1991-05-26,M,O-,0,1997-07-09
7065,9,525,9,2,KGID107065,Omkaar,1991-02-02,M,AB+,0,2018-03-04
7066,9,525,10,2,KGID107066,Caleb,1975-03-21,M,A-,0,2023-11-06
7067,9,525,9,1,KGID107067,Jalsa,1998-12-05,F,B+,0,2001-03-28
7068,9,525,10,5,KGID107068,Gavin,2003-05-27,M,O+,0,2023-01-22
7069,9,525,6,1,KGID107069,Yug,1982-08-09,M,O+,0,2000-03-20
7070,9,525,5,6,KGID107070,Nachiket,1974-01-08,M,B-,0,1999-01-28
7071,9,525,7,5,KGID107071,Gavin,1995-05-19,M,AB+,0,2019-07-18
7072,9,525,6,3,KGID107072,Ayaan,1977-03-05,M,A+,0,2021-11-20
7073,9,525,10,3,KGID107073,Balendra,1993-03-01,M,AB+,0,2013-09-22
7074,9,525,10,6,KGID107074,Atharv,1972-03-29,M,B+,0,2001-08-09
7075,9,525,6,1,KGID107075,Ekaja,1977-04-06,F,O-,0,2024-07-25
7076,9,525,9,2,KGID107076,Maanas,1992-11-03,M,A+,0,1999-05-12
7077,9,525,6,5,KGID107077,Harinakshi,1986-07-23,F,AB+,0,2016-10-29
7078,9,525,9,3,KGID107078,Aarush,2003-07-02,M,O-,0,2001-08-30
7079,9,526,7,5,KGID107079,Bakhshi,1978-06-23,M,B+,0,2014-03-09
7080,9,526,10,3,KGID107080,Tanish,1997-12-01,M,B-,0,2013-04-21
7081,9,526,9,6,KGID107081,Xiti,1988-01-03,F,O-,0,2021-06-13
7082,9,526,7,4,KGID107082,Madhav,1997-11-08,M,A+,0,2019-06-18
7083,9,526,5,1,KGID107083,Jeet,1968-04-09,M,B+,0,2003-05-24
7084,9,526,10,3,KGID107084,Wridesh,1998-05-16,M,A-,0,2005-06-17
7085,9,526,6,5,KGID107085,Jairaj,1988-09-22,M,A+,0,1996-12-01
7086,9,526,10,4,KGID107086,Jonathan,1976-03-01,M,O+,0,2012-05-05
7087,9,526,10,1,KGID107087,Yashawini,1975-03-30,F,O-,0,2024-09-26
7088,9,526,9,1,KGID107088,Abeer,1997-07-03,M,AB+,0,2021-02-09
7089,9,526,9,6,KGID107089,Vedant,1983-04-04,M,B+,0,1999-05-17
7090,9,526,6,1,KGID107090,Tejas,1974-10-21,M,A+,0,2016-07-23
7091,9,526,9,3,KGID107091,Tanveer,1988-10-17,M,B-,1,2003-05-20
7092,9,526,9,3,KGID107092,Frado,1977-02-28,M,A-,0,2014-12-08
7093,9,527,10,5,KGID107093,Pranav,1978-01-08,M,O-,0,2004-03-26
7094,9,527,7,4,KGID107094,Amol,1977-02-18,M,B+,0,2012-09-29
7095,9,527,9,2,KGID107095,Harrison,2002-02-15,M,AB+,0,2007-12-22
7096,9,527,9,4,KGID107096,Wriddhish,1978-07-24,M,O+,0,2022-01-14
7097,9,527,9,1,KGID107097,Faqid,1982-04-05,M,B+,0,2007-01-26
7098,9,527,9,5,KGID107098,Harrison,1994-05-22,M,A+,0,2003-07-22
7099,9,527,6,5,KGID107099,Jacob,1980-04-17,M,A+,0,2023-04-19
7100,9,527,7,2,KGID107100,Viraj,1974-01-25,M,AB+,0,2019-11-17
7101,9,527,10,5,KGID107101,Kashish,1986-08-04,F,A-,0,1998-07-15
7102,9,527,6,1,KGID107102,Divya,1986-04-05,F,O+,0,1999-03-18
7103,9,528,10,5,KGID107103,Aarav,1973-08-04,M,A+,0,2006-08-21
7104,9,528,10,3,KGID107104,George,1995-06-29,M,B+,0,2007-11-26
7105,9,528,10,5,KGID107105,Jeremiah,2002-08-12,M,B+,0,2015-12-20
7106,9,528,9,1,KGID107106,Dhruv,1988-07-24,M,A+,0,2000-07-12
7107,9,528,5,1,KGID107107,Isaac,1975-09-19,M,O-,0,2017-05-28
7108,9,528,6,3,KGID107108,Peter,1980-07-31,M,O-,0,2017-11-23
7109,9,528,10,6,KGID107109,Simon,2000-08-31,M,O-,0,2024-12-20
7110,9,528,10,4,KGID107110,Dev,1996-02-27,M,B+,0,2016-09-27
7111,9,529,9,5,KGID107111,Michael,2000-01-22,M,AB+,0,1998-11-08
7112,9,529,9,1,KGID107112,Nihal,1999-09-05,M,A-,0,1998-03-07
7113,9,529,6,2,KGID107113,Aryan,1980-07-28,M,AB+,0,1998-04-21
7114,9,529,7,1,KGID107114,Joshua,1967-09-30,M,O+,0,2023-07-09
7115,9,529,9,2,KGID107115,Girik,1971-12-06,M,O+,0,2017-11-30
7116,9,529,9,6,KGID107116,Shivansh,1996-10-16,M,O-,0,2010-04-22
7117,9,529,6,4,KGID107117,Samuel,1986-05-18,M,A-,0,2018-01-09
7118,9,529,9,1,KGID107118,Imaran,1996-05-22,M,A+,0,2021-07-16
7119,9,530,9,4,KGID107119,Logan,1994-09-27,M,B-,0,2022-02-23
7120,9,530,10,4,KGID107120,Jairaj,1978-02-27,M,A+,0,2010-10-05
7121,9,530,9,4,KGID107121,Bachittar,1988-08-17,M,A-,0,2005-11-07
7122,9,530,9,5,KGID107122,Vincent,1972-12-01,M,AB+,0,2019-09-18
7123,9,530,7,3,KGID107123,Agastya,1981-08-26,M,B-,0,2013-06-19
7124,9,530,10,4,KGID107124,Tristan,1999-06-28,M,AB+,0,2025-03-04
7125,9,530,6,3,KGID107125,Varsha,1967-12-03,F,O-,0,2013-11-25
7126,9,530,10,4,KGID107126,Laban,1981-12-19,M,O+,0,2001-11-09
7127,9,530,10,2,KGID107127,Jatin,1989-11-08,M,B+,0,2022-09-30
7128,9,530,7,3,KGID107128,Jhalak,2003-02-06,F,A-,0,2009-08-30
7129,9,530,10,3,KGID107129,Vinaya,1976-12-01,F,A-,0,2001-12-31
7130,9,530,10,3,KGID107130,Darsh,1970-01-24,M,O-,0,1996-09-28
7131,9,530,10,1,KGID107131,Vincent,1977-04-03,M,O+,0,2023-03-30
7132,9,531,10,4,KGID107132,Mugdha,1990-04-06,F,O+,0,2002-09-18
7133,9,531,7,2,KGID107133,George,1996-10-05,M,O+,0,2012-07-10
7134,9,531,10,2,KGID107134,Ayushman,1984-05-30,M,A-,0,2005-01-01
7135,9,531,10,6,KGID107135,Chakradhar,1989-03-11,M,A-,0,2009-02-06
7136,9,531,10,5,KGID107136,Balhaar,1992-07-14,M,O+,0,2000-03-24
7137,9,531,10,3,KGID107137,Hemang,1990-10-31,M,O+,0,2006-02-09
7138,9,531,7,4,KGID107138,Arya,1978-02-10,F,A-,0,2019-12-25
7139,9,531,10,6,KGID107139,Farhan,1999-03-07,M,A-,0,2024-03-21
7140,9,531,10,6,KGID107140,Samuel,1978-01-18,M,A-,0,2023-12-21
7141,9,531,10,6,KGID107141,Azaan,1989-08-28,M,A-,0,2008-05-12
7142,9,531,6,1,KGID107142,Ati,1995-06-15,F,AB+,0,2019-12-14
7143,9,531,5,3,KGID107143,Isaiah,1997-06-07,M,A+,0,2013-08-15
7144,9,531,10,2,KGID107144,Jason,1992-04-17,M,O-,1,2014-07-04
7145,9,531,10,1,KGID107145,Krish,1986-08-21,M,A+,0,2019-01-11
7146,9,531,10,5,KGID107146,Alka,1991-08-07,F,B+,0,2014-05-16
7147,9,531,9,2,KGID107147,Devansh,1979-02-28,M,B+,0,1999-02-24
7148,9,531,9,6,KGID107148,Amrita,1991-06-19,F,AB+,0,2011-03-25
7149,9,531,7,4,KGID107149,Vanya,1981-05-29,F,O-,0,2014-07-25
7150,9,532,6,2,KGID107150,Rushil,1998-10-02,M,AB+,0,2010-03-21
7151,9,532,9,3,KGID107151,Aarnav,1971-05-06,M,A+,0,2012-09-06
7152,9,532,10,5,KGID107152,Bachittar,1993-02-19,M,O+,0,2005-10-18
7153,9,532,6,1,KGID107153,Abhimanyu,1998-07-31,M,B+,0,1999-03-05
7154,9,532,9,5,KGID107154,Umang,1976-03-30,M,A+,0,2006-12-02
7155,9,532,10,3,KGID107155,Girish,1981-02-25,M,A-,0,2014-08-28
7156,9,532,9,6,KGID107156,Bhanumati,1997-03-14,F,AB+,0,2014-03-14
7157,9,532,10,1,KGID107157,Dev,1976-11-30,M,AB+,0,2022-11-29
7158,9,533,10,6,KGID107158,Sarthak,1977-03-24,M,O+,0,2012-05-07
7159,9,533,9,2,KGID107159,Ishanvi,1970-04-23,F,O-,0,2013-11-24
7160,9,533,6,6,KGID107160,Qushi,1976-08-12,F,O-,0,2008-06-24
7161,9,533,10,2,KGID107161,Advay,1967-12-30,M,O-,0,2022-12-05
7162,9,533,6,4,KGID107162,Zayyan,2002-11-15,M,O+,0,2011-01-10
7163,9,533,9,6,KGID107163,William,1974-02-28,M,O-,0,2023-04-25
7164,9,533,6,2,KGID107164,Jatin,1975-09-28,M,A-,0,2000-09-16
7165,9,533,10,1,KGID107165,Ikshita,1985-08-05,F,O-,0,2020-12-20
7166,9,533,10,4,KGID107166,Nathan,1978-04-18,M,O+,0,2016-07-11
7167,9,533,9,3,KGID107167,Hitesh,1985-04-01,M,B-,0,2016-05-01
7168,9,533,10,2,KGID107168,Timothy,1978-07-03,M,AB+,0,1997-10-25
7169,9,533,10,6,KGID107169,Nihal,1983-09-27,M,A-,0,2009-05-22
7170,9,534,10,1,KGID107170,Orinder,1976-06-18,M,B-,0,2008-12-01
7171,9,534,9,1,KGID107171,Gautam,1994-07-31,M,A+,0,2009-05-30
7172,9,534,9,4,KGID107172,Imaran,1994-07-29,M,A-,0,2014-02-25
7173,9,534,9,4,KGID107173,Chakradhar,1991-09-20,M,A-,0,2001-03-10
7174,9,534,10,1,KGID107174,Samesh,1981-01-07,M,B+,0,2009-06-13
7175,9,534,10,2,KGID107175,Yashvi,1986-03-13,F,AB+,0,2011-09-09
7176,9,534,10,6,KGID107176,Benjamin,1975-05-30,M,A+,0,2003-10-13
7177,9,534,9,4,KGID107177,Sneha,1984-04-24,F,B+,0,2000-02-23
7178,9,535,10,4,KGID107178,Michael,1992-06-06,M,A-,0,2012-01-13
7179,9,535,7,4,KGID107179,Ojas,2000-08-13,M,O-,1,2001-09-16
7180,9,535,6,4,KGID107180,Nachiket,1970-01-01,M,AB+,0,2001-06-29
7181,9,535,9,3,KGID107181,Benjamin,2001-06-12,M,O+,1,1999-08-26
7182,9,535,9,6,KGID107182,Kala,1991-10-10,F,A-,0,2013-11-05
7183,9,535,9,1,KGID107183,Daksha,2000-10-28,F,B+,1,2013-09-23
7184,9,535,10,6,KGID107184,Yashvi,1989-07-02,F,O+,0,2001-06-22
7185,9,535,6,2,KGID107185,Wishi,1973-11-17,F,AB+,0,2004-01-26
7186,9,535,10,3,KGID107186,Nicholas,1978-03-06,M,B+,0,2002-12-21
7187,9,535,10,2,KGID107187,Waida,1983-07-01,F,A-,0,1997-03-21
7188,9,535,10,2,KGID107188,Yash,2002-06-14,M,B+,0,2004-05-13
7189,9,535,6,2,KGID107189,Maanas,1971-05-19,M,O+,0,2021-12-07
7190,9,535,10,1,KGID107190,Wridesh,1975-09-27,M,B+,0,2024-01-01
7191,9,535,9,3,KGID107191,Christopher,1969-02-24,M,O+,0,2022-12-23
7192,9,535,6,6,KGID107192,Zaitra,1999-02-06,F,AB+,0,2007-05-08
7193,9,535,10,6,KGID107193,Tarak,1993-08-19,M,A-,0,2018-12-17
7194,9,535,5,3,KGID107194,Saksham,1991-12-14,M,A+,0,2003-05-09
7195,9,536,7,5,KGID107195,Brijesh,1992-10-11,M,B+,0,2018-11-04
7196,9,536,7,4,KGID107196,Qadim,1982-05-16,M,A-,0,1999-05-18
7197,9,536,10,1,KGID107197,Urishilla,1984-04-30,F,O-,0,2000-11-01
7198,9,536,6,1,KGID107198,Nihal,1988-11-19,M,O+,0,2021-04-04
7199,9,536,10,5,KGID107199,Udarsh,1993-01-13,M,O+,0,1997-02-21
7200,9,536,9,2,KGID107200,Yashodhara,1993-04-17,F,A-,0,2015-12-04
7201,9,536,10,6,KGID107201,Rajata,1972-02-07,F,O+,0,2021-05-30
7202,9,536,9,1,KGID107202,Gaurang,2000-07-30,M,O+,0,2014-08-11
7203,9,536,9,6,KGID107203,Matthew,1991-04-26,M,B+,0,2024-10-30
7204,9,536,10,3,KGID107204,Aarna,1995-04-24,F,O-,0,2004-02-19
7205,9,537,10,3,KGID107205,Darika,1999-04-02,F,B+,0,2024-07-15
7206,9,537,9,4,KGID107206,Dalbir,1981-11-22,M,O-,0,2016-09-11
7207,9,537,7,3,KGID107207,Maanav,1975-04-04,M,O+,0,1999-12-02
7208,9,537,6,1,KGID107208,Girindra,1999-02-02,M,A-,0,2010-12-22
7209,9,537,6,3,KGID107209,Madhav,2000-09-15,M,O-,0,2021-11-09
7210,9,537,9,1,KGID107210,Krishna,1971-03-07,M,B-,0,2010-06-30
7211,9,537,7,3,KGID107211,Lohit,1980-05-18,M,A-,0,2002-05-16
7212,9,537,10,6,KGID107212,Chakradhar,2000-01-24,M,O-,0,2020-11-05
7213,9,537,9,6,KGID107213,Laksh,1967-09-01,M,O+,0,2009-11-21
7214,9,537,10,3,KGID107214,Elijah,1977-06-16,M,A+,0,2015-03-17
7215,9,537,9,3,KGID107215,Ira,1990-02-24,F,O+,0,2022-03-23
7216,9,537,7,2,KGID107216,Balendra,1995-11-27,M,O+,0,2024-12-10
7217,9,537,10,1,KGID107217,Ojas,1983-12-03,M,A-,0,2011-03-21
7218,9,538,10,3,KGID107218,David,1991-07-18,M,O+,0,2004-05-18
7219,9,538,9,4,KGID107219,Vasatika,1987-07-13,F,O+,0,2016-09-17
7220,9,538,10,6,KGID107220,Advika,1993-04-06,F,A+,0,2009-05-20
7221,9,538,10,3,KGID107221,Naksh,1985-08-07,M,B-,0,2003-09-10
7222,9,538,9,4,KGID107222,Rajeshri,1980-11-03,F,A-,0,2003-08-30
7223,9,538,7,3,KGID107223,Jacob,1980-12-16,M,O+,0,2006-03-14
7224,9,538,6,5,KGID107224,Saksham,1973-12-19,M,B-,0,1997-06-02
7225,9,538,10,6,KGID107225,Dev,1980-12-12,M,O-,0,2014-12-25
7226,9,538,10,6,KGID107226,Jeet,1968-12-07,M,A-,0,1998-04-28
7227,9,538,6,1,KGID107227,Alexander,2000-08-19,M,B+,0,2002-11-04
7228,9,539,6,2,KGID107228,Udarsh,1980-05-30,M,O-,0,2003-01-12
7229,9,539,9,1,KGID107229,Ekansh,1975-05-20,M,AB+,0,2022-06-23
7230,9,539,6,2,KGID107230,Manthan,1968-06-27,M,AB+,0,2012-12-26
7231,9,539,10,1,KGID107231,Shivansh,1973-04-18,M,O+,0,2009-10-29
7232,9,539,7,2,KGID107232,Amaira,1974-02-12,F,O+,0,2004-04-14
7233,9,539,9,1,KGID107233,Nidhi,1999-09-08,F,A+,0,2005-12-07
7234,9,539,10,2,KGID107234,Arya,1992-05-26,F,O-,0,2011-09-09
7235,9,539,5,3,KGID107235,Krish,1979-08-15,M,AB+,0,2017-07-23
7236,9,539,10,5,KGID107236,Aachal,1985-02-04,F,B-,0,2021-07-26
7237,9,539,5,6,KGID107237,Arin,1989-05-26,M,AB+,0,2015-08-28
7238,9,539,10,5,KGID107238,Zinal,1979-03-14,F,A+,0,1997-03-20
7239,9,539,10,1,KGID107239,Falan,1971-04-01,M,O+,1,1996-10-24
7240,9,539,10,5,KGID107240,Udarsh,1988-05-23,M,AB+,0,2009-06-04
7241,9,539,10,4,KGID107241,Zayyan,1998-04-19,M,A+,0,2017-07-08
7242,9,539,9,3,KGID107242,Aarush,2000-07-28,M,O-,0,2020-01-01
7243,9,539,9,5,KGID107243,Abhiram,1980-07-15,M,B+,0,2023-03-01
7244,9,539,6,5,KGID107244,Harshil,1982-02-24,M,B-,0,2010-03-28
7245,9,540,10,5,KGID107245,Peter,1981-08-23,M,A-,0,2014-06-22
7246,9,540,5,5,KGID107246,Vrinda,1972-06-14,F,O+,0,2008-08-10
7247,9,540,10,3,KGID107247,Christopher,1993-12-22,M,O+,0,2016-11-28
7248,9,540,9,1,KGID107248,Vincent,1975-12-15,M,A+,0,2011-05-03
7249,9,540,10,4,KGID107249,Lakshit,1989-06-13,M,O+,0,2025-07-20
7250,9,540,10,6,KGID107250,Vivaan,1973-02-27,M,B-,0,2011-10-26
7251,9,540,9,2,KGID107251,Rudra,1991-01-04,M,AB+,0,2025-05-18
7252,9,540,10,6,KGID107252,Qadim,1968-01-28,M,B+,0,2022-12-22
7253,9,540,9,6,KGID107253,Brijesh,2002-03-19,M,A+,0,2023-11-09
7254,9,541,10,4,KGID107254,Ayaan,1998-12-17,M,A-,0,2000-01-20
7255,9,541,7,4,KGID107255,Timothy,1969-03-29,M,AB+,0,1998-01-24
7256,9,541,6,2,KGID107256,Meera,1981-07-11,F,B-,0,2021-04-17
7257,9,541,9,1,KGID107257,Ranbir,1985-08-29,M,B+,0,2013-01-18
7258,9,541,10,3,KGID107258,Dakshesh,1969-07-25,M,AB+,0,2023-08-13
7259,9,541,10,3,KGID107259,Jairaj,2001-02-28,M,O-,0,2000-12-04
7260,9,541,9,6,KGID107260,Ikbal,1995-09-16,M,O-,0,2024-04-05
7261,9,541,6,4,KGID107261,Tanay,1993-10-09,M,B+,0,2000-05-12
7262,9,541,10,1,KGID107262,Dalbir,1970-04-13,M,B-,0,2004-04-24
7263,9,541,6,3,KGID107263,Ekaraj,2002-11-25,M,O+,0,2023-09-29
7264,9,541,10,4,KGID107264,Akshay,1978-01-05,M,B-,0,2000-11-08
7265,9,541,10,5,KGID107265,Nisha,1999-09-09,F,B+,1,1998-08-08
7266,9,541,7,2,KGID107266,Daniel,1999-05-20,M,A+,0,2014-01-07
7267,9,541,10,3,KGID107267,Faqid,1990-11-01,M,B-,0,2015-06-27
7268,9,541,10,2,KGID107268,Rehaan,1983-08-13,M,B-,0,2001-05-03
7269,9,541,7,5,KGID107269,Laksh,2003-03-01,M,A-,0,1997-06-24
7270,9,541,5,4,KGID107270,Abhiram,1980-03-24,M,AB+,0,2009-10-01
7271,9,542,5,1,KGID107271,Ekaraj,1981-05-22,M,B-,1,1999-04-24
7272,9,542,10,2,KGID107272,Advaith,1991-08-25,M,B+,0,2020-12-07
7273,9,542,5,6,KGID107273,Michael,1969-04-09,M,B+,0,2018-05-23
7274,9,542,10,1,KGID107274,Gunbir,1994-07-25,M,B+,0,2008-03-31
7275,9,542,7,3,KGID107275,Girik,2000-10-21,M,A+,1,2005-04-18
7276,9,542,10,5,KGID107276,Fariq,1971-02-02,M,AB+,0,1997-09-23
7277,9,542,6,5,KGID107277,Rishi,1982-10-11,M,O+,0,2003-04-30
7278,9,542,6,3,KGID107278,Ekaraj,1988-10-09,M,O+,0,2018-08-30
7279,9,542,6,3,KGID107279,Matthew,1996-11-07,M,B-,0,2009-08-24
7280,9,542,7,6,KGID107280,Lohit,1988-06-26,M,O-,1,1999-06-12
7281,9,542,9,4,KGID107281,Adya,1994-05-09,F,A-,0,1998-01-02
7282,9,542,10,1,KGID107282,Wyatt,2002-09-17,M,O-,0,2021-01-31
7283,9,542,9,4,KGID107283,Vritti,2001-06-07,F,B-,0,1997-01-19
7284,9,542,6,3,KGID107284,Omkaar,1974-01-31,M,B+,0,2005-10-03
7285,9,542,10,1,KGID107285,Gautami,1985-11-16,F,O+,0,2021-12-15
7286,9,542,10,2,KGID107286,Baljiwan,1969-08-01,M,O+,0,2008-01-23
7287,9,542,10,2,KGID107287,Vedant,1998-12-16,M,A+,1,2017-10-10
7288,9,542,10,4,KGID107288,Fariq,1993-10-09,M,B-,0,2023-07-18
7289,9,542,10,3,KGID107289,Anmol,1995-03-16,M,A+,0,2001-06-21
7290,9,542,5,3,KGID107290,Christopher,1990-03-02,M,B-,0,2008-05-09
7291,9,543,10,6,KGID107291,Yahvi,1992-11-05,F,A+,0,2014-08-05
7292,9,543,6,3,KGID107292,Hredhaan,1977-02-07,M,A+,0,2017-05-14
7293,9,543,5,2,KGID107293,Hemang,1988-12-05,M,O-,0,2019-08-20
7294,9,543,6,4,KGID107294,Raghav,1995-11-28,M,AB+,0,2009-08-07
7295,9,543,10,4,KGID107295,Sneha,1974-11-30,F,B-,0,2004-08-31
7296,9,543,7,2,KGID107296,Jeet,1970-07-25,M,B+,0,2022-01-03
7297,9,543,10,6,KGID107297,Siddharth,1995-11-04,M,O-,0,2010-03-10
7298,9,543,7,4,KGID107298,Vansha,1990-08-19,F,A+,0,2024-12-16
7299,9,544,10,3,KGID107299,Finn,1981-07-23,M,O+,0,2018-04-02
7300,9,544,7,3,KGID107300,Xiti,1982-04-23,F,A-,0,2024-12-19
7301,9,544,9,1,KGID107301,Maanav,1998-08-06,M,O+,0,2020-12-19
7302,9,544,7,3,KGID107302,Azaan,1982-07-31,M,A-,0,1999-09-07
7303,9,544,10,3,KGID107303,Teerth,1982-12-13,M,B+,0,2007-11-02
7304,9,544,6,1,KGID107304,Indali,1970-09-17,F,O+,0,2006-01-18
7305,9,544,9,6,KGID107305,Isaiah,2000-10-20,M,B-,0,2024-12-24
7306,9,544,10,1,KGID107306,Neel,1981-12-22,M,A+,0,2004-06-12
7307,9,544,6,2,KGID107307,Theodore,1968-04-12,M,A+,0,2016-09-25
7308,9,544,10,2,KGID107308,Zaid,1974-03-27,M,O-,0,2004-07-31
7309,9,545,10,2,KGID107309,Nitara,1978-04-18,F,A+,0,2009-01-02
7310,9,545,10,3,KGID107310,Andrew,1985-03-03,M,B+,0,2019-11-30
7311,9,545,10,3,KGID107311,Farhan,1969-10-13,M,AB+,0,2010-08-16
7312,9,545,10,1,KGID107312,Devansh,1980-09-24,M,AB+,0,2002-12-05
7313,9,545,10,2,KGID107313,Farhan,1980-11-17,M,O+,0,2003-01-18
7314,9,545,10,4,KGID107314,Zehaan,1988-07-06,M,B+,0,2008-10-24
7315,9,545,10,4,KGID107315,Parth,1988-08-22,M,B-,0,2001-12-17
7316,9,545,10,1,KGID107316,Chakradev,1988-05-18,M,A+,0,2013-08-02
7317,9,545,7,6,KGID107317,Charles,1992-03-07,M,AB+,0,2001-07-20
7318,9,545,9,3,KGID107318,Arin,1998-03-14,M,AB+,0,2015-11-26
7319,9,545,5,1,KGID107319,Faraj,1987-04-11,M,B-,0,2003-10-27
7320,9,545,9,6,KGID107320,Aradhana,1992-03-20,F,A-,0,1997-09-19
7321,9,546,10,2,KGID107321,Vasatika,1973-08-22,F,A-,0,2003-01-26
7322,9,546,6,1,KGID107322,Udarsh,1981-06-19,M,B-,0,1999-08-03
7323,9,546,10,5,KGID107323,William,1991-01-25,M,B-,0,2002-12-26
7324,9,546,6,3,KGID107324,Banjeet,1984-12-26,M,AB+,0,1997-02-19
7325,9,546,9,2,KGID107325,Sanya,1994-05-26,F,B+,0,2014-05-12
7326,9,546,10,2,KGID107326,Anay,1986-11-28,M,O+,0,2012-09-25
7327,9,546,10,5,KGID107327,William,1987-07-28,M,O-,0,2004-08-26
7328,9,546,10,1,KGID107328,Vritti,1999-01-23,F,A-,0,2023-05-21
7329,9,546,10,6,KGID107329,Balvan,2000-09-07,M,A+,0,2015-09-18
7330,9,546,9,3,KGID107330,Umang,1980-11-13,M,A+,0,2017-01-29
7331,9,547,10,3,KGID107331,Jairaj,1979-01-22,M,B-,0,2024-10-03
7332,9,547,10,2,KGID107332,Osha,1994-07-22,F,A+,0,2014-01-20
7333,9,547,10,3,KGID107333,Wazir,1983-08-04,M,B+,0,2014-07-18
7334,9,547,10,5,KGID107334,Pooja,1971-11-28,F,O+,0,2022-09-17
7335,9,547,10,4,KGID107335,Nathan,1972-06-12,M,AB+,0,2013-02-03
7336,9,547,10,4,KGID107336,Vincent,1968-10-26,M,A+,0,2019-07-07
7337,9,547,10,1,KGID107337,Patrick,1999-06-13,M,O-,0,2023-01-22
7338,9,547,6,2,KGID107338,Gaurav,1970-04-18,M,A-,0,2016-10-10
7339,9,547,10,2,KGID107339,Indira,1993-02-21,F,B-,0,2024-05-31
7340,9,547,10,6,KGID107340,Manbir,1967-12-02,M,O-,0,2022-09-07
7341,9,547,9,4,KGID107341,Ekapad,1994-04-08,M,AB+,0,2011-02-27
7342,9,548,9,4,KGID107342,Wriddhish,1969-01-29,M,B-,0,2008-11-27
7343,9,548,9,1,KGID107343,Amol,1979-07-21,M,O-,0,2015-04-19
7344,9,548,7,6,KGID107344,Ijaya,1989-12-12,F,O+,0,2023-12-24
7345,9,548,7,5,KGID107345,Patrick,1999-07-10,M,O-,0,2002-11-09
7346,9,548,7,4,KGID107346,Jack,2001-09-01,M,A-,0,2017-07-28
7347,9,548,10,4,KGID107347,Bhanumati,1997-08-28,F,A+,0,2002-10-27
7348,9,548,10,3,KGID107348,Chatresh,1998-06-24,M,A+,0,2016-04-13
7349,9,548,6,3,KGID107349,Praneel,1984-09-24,M,O-,0,2009-05-02
7350,9,548,7,5,KGID107350,Isaac,1982-01-29,M,B+,0,2007-09-14
7351,9,548,10,4,KGID107351,Hritik,1981-09-08,M,O-,0,2015-03-15
7352,9,548,10,5,KGID107352,Gopal,1990-08-08,M,O+,0,2000-07-18
7353,9,548,9,6,KGID107353,Pallavi,1986-02-24,F,O+,0,2009-08-25
7354,9,548,7,4,KGID107354,Vincent,1988-12-06,M,A+,0,1997-07-11
7355,9,549,7,6,KGID107355,Fitan,1986-04-12,M,B-,0,1999-04-08
7356,9,549,5,1,KGID107356,Aarav,1997-10-12,M,A-,0,2005-08-09
7357,9,549,10,1,KGID107357,Pushti,1979-09-15,F,A+,1,2012-11-23
7358,9,549,7,4,KGID107358,Xiti,1983-12-23,F,O-,0,2002-09-16
7359,9,549,9,5,KGID107359,Dominic,1972-03-09,M,A+,0,2024-03-11
7360,9,549,9,1,KGID107360,Robert,1998-04-12,M,O-,0,1999-08-04
7361,9,549,7,6,KGID107361,Omkaar,1968-03-08,M,B+,0,2017-11-07
7362,9,549,6,6,KGID107362,Anmol,1982-07-10,M,B-,0,2014-05-29
7363,9,549,6,4,KGID107363,Praneel,1985-10-26,M,O-,0,2011-03-26
7364,9,549,9,2,KGID107364,Samaksh,1985-08-14,M,B-,0,2006-12-12
7365,9,550,10,5,KGID107365,Aishani,1972-07-18,F,O+,0,2003-06-29
7366,9,550,7,4,KGID107366,Omkaar,1999-03-09,M,O+,0,2004-07-12
7367,9,550,10,6,KGID107367,Gaurika,1986-09-28,F,O+,0,2007-08-26
7368,9,550,7,5,KGID107368,Madhav,1979-08-19,M,B-,0,2018-03-15
7369,9,550,10,1,KGID107369,Oliver,1979-04-16,M,O+,0,2012-04-11
7370,9,550,10,2,KGID107370,Waida,1973-06-15,F,O+,0,2003-03-16
7371,9,550,7,5,KGID107371,Tamanna,2003-07-11,F,B-,0,2019-10-25
7372,9,550,7,6,KGID107372,Praneel,1998-09-15,M,A-,0,2008-08-14
7373,9,550,9,1,KGID107373,Harish,1984-09-01,M,AB+,0,2023-05-23
7374,9,550,6,5,KGID107374,Simon,1985-12-24,M,AB+,0,1999-09-21
7375,9,551,10,2,KGID107375,Viraj,1981-11-01,M,B-,0,2006-06-07
7376,9,551,10,4,KGID107376,Jeremiah,1970-03-05,M,O+,0,2005-11-14
7377,9,551,10,5,KGID107377,Ethan,1991-01-16,M,A-,0,2002-04-10
7378,9,551,7,3,KGID107378,Zarna,1983-01-12,F,B+,0,1998-11-07
7379,9,551,9,5,KGID107379,Avi,1987-10-12,M,AB+,0,2015-01-01
7380,9,551,10,1,KGID107380,Owen,1970-09-02,M,O-,0,2006-11-18
7381,9,551,7,3,KGID107381,Rudra,2003-02-23,M,AB+,0,2022-12-11
7382,9,551,10,4,KGID107382,Om,1972-06-08,M,A+,0,2007-07-04
7383,9,551,5,5,KGID107383,Mitesh,1990-08-11,M,B+,0,2022-10-25
7384,9,551,10,6,KGID107384,Advaith,1968-10-17,M,A+,0,2023-11-17
7385,9,551,9,1,KGID107385,Charles,2000-11-17,M,O+,0,2024-04-05
7386,9,552,7,6,KGID107386,Lohit,1974-11-05,M,O-,0,2003-02-09
7387,9,552,10,3,KGID107387,Ryan,1978-01-04,M,B+,0,2002-11-05
7388,9,552,10,6,KGID107388,Jairaj,1983-01-02,M,O+,0,2018-10-29
7389,9,552,10,5,KGID107389,Rachana,1968-06-19,F,A+,0,1996-11-30
7390,9,552,10,6,KGID107390,Ryan,1973-07-17,M,A-,0,2015-04-13
7391,9,552,10,2,KGID107391,Girish,1990-09-26,M,A-,0,2013-06-09
7392,9,552,10,2,KGID107392,Harini,1993-03-11,F,A+,0,2016-04-06
7393,9,552,10,1,KGID107393,Yagnesh,1979-04-06,M,O-,0,2023-03-11
7394,9,552,7,4,KGID107394,Samaksh,1973-06-06,M,O+,0,2006-04-15
7395,9,552,10,3,KGID107395,Chanakya,1993-02-22,M,AB+,0,1998-07-21
7396,9,552,9,5,KGID107396,Tanish,1974-04-11,M,A+,0,2017-04-13
7397,9,552,6,6,KGID107397,Anay,1997-10-14,M,O+,0,2021-01-26
7398,9,552,10,2,KGID107398,Jagdish,1986-05-20,M,A-,0,1997-05-04
7399,9,552,7,4,KGID107399,Owen,1996-02-23,M,O+,0,2000-11-04
7400,9,552,6,4,KGID107400,Lakshit,1981-06-22,M,B+,0,1998-04-22
7401,9,552,10,2,KGID107401,Chaitanya,1999-07-28,M,AB+,0,2014-01-12
7402,9,553,10,4,KGID107402,Isaiah,1973-05-12,M,B+,0,2021-02-09
7403,9,553,10,1,KGID107403,Amol,2001-04-03,M,AB+,0,2005-01-31
7404,9,553,7,1,KGID107404,Ijaya,1972-10-02,F,O-,0,2019-04-28
7405,9,553,10,5,KGID107405,Girik,1969-05-05,M,O-,0,2014-09-06
7406,9,553,9,3,KGID107406,Samar,1974-04-15,M,O+,0,1998-12-10
7407,9,553,7,1,KGID107407,Robert,1981-01-19,M,O+,0,1998-09-25
7408,9,553,7,4,KGID107408,Aditya,1991-05-31,M,O+,0,2001-10-04
7409,9,553,6,2,KGID107409,Qasim,1989-04-13,M,A+,0,2011-09-24
7410,9,553,6,1,KGID107410,Wahab,1989-04-22,M,A-,0,2003-02-06
7411,9,553,10,5,KGID107411,Ansh,1986-11-12,M,B-,0,1999-08-30
7412,9,553,7,6,KGID107412,Yashodhara,1998-09-21,F,A-,0,2011-05-10
7413,9,553,5,2,KGID107413,Balvan,1990-08-03,M,A-,0,2020-05-24
7414,9,553,9,1,KGID107414,Isaiah,1979-07-29,M,A+,0,2017-05-09
7415,10,554,10,4,KGID107415,Om,1984-11-18,M,O+,0,2013-10-11
7416,10,554,6,4,KGID107416,Warinder,1976-06-22,M,O+,0,2017-11-30
7417,10,554,10,2,KGID107417,Watika,1971-10-15,F,O+,0,2020-12-16
7418,10,554,10,4,KGID107418,Hitesh,1999-11-26,M,B+,0,1999-03-08
7419,10,554,10,2,KGID107419,Yash,1974-07-03,M,O+,0,2012-09-03
7420,10,554,9,6,KGID107420,Atharv,1982-02-09,M,B+,0,2007-03-30
7421,10,554,10,4,KGID107421,Avi,1992-08-22,M,O-,0,2020-03-21
7422,10,554,10,3,KGID107422,Abhiram,1973-06-20,M,B+,0,2017-01-09
7423,10,554,10,5,KGID107423,Ishaan,1976-12-16,M,O+,0,2013-06-16
7424,10,554,7,6,KGID107424,Nitesh,1982-09-01,M,B-,0,2015-01-15
7425,10,554,7,5,KGID107425,Frederick,1971-02-21,M,A-,0,1997-06-03
7426,10,554,10,3,KGID107426,Ojas,2000-08-05,M,A+,0,2023-09-05
7427,10,554,10,6,KGID107427,Abhiram,1978-10-20,M,O-,0,2010-03-05
7428,10,554,10,2,KGID107428,Ekavir,1985-02-10,M,B+,0,2004-10-26
7429,10,554,10,1,KGID107429,Harrison,1967-12-22,M,AB+,0,2005-09-22
7430,10,555,10,1,KGID107430,Harshil,1996-02-07,M,A-,0,1997-11-22
7431,10,555,10,2,KGID107431,Bhanumati,1982-01-11,F,B+,0,2007-05-20
7432,10,555,10,1,KGID107432,Peter,1988-05-27,M,B+,0,1999-10-26
7433,10,555,9,1,KGID107433,Aishani,1975-12-11,F,O+,0,2010-01-01
7434,10,555,6,5,KGID107434,Kevin,1992-06-22,M,A+,0,2001-05-28
7435,10,555,7,6,KGID107435,Wahab,1972-01-09,M,AB+,0,2016-06-20
7436,10,555,7,2,KGID107436,Chanakya,1998-07-03,M,B-,0,2007-10-18
7437,10,555,10,5,KGID107437,Jatin,1976-02-12,M,O-,0,2016-08-15
7438,10,555,7,2,KGID107438,Kabir,1969-09-25,M,A-,0,1999-07-11
7439,10,555,9,3,KGID107439,Nathan,1981-08-03,M,A+,0,2016-05-31
7440,10,555,10,5,KGID107440,Zehaan,1993-12-28,M,O+,0,2015-05-02
7441,10,555,9,2,KGID107441,Fariq,1990-04-23,M,A-,0,2008-12-16
7442,10,555,10,2,KGID107442,Tripti,1994-05-16,F,A+,0,2024-12-12
7443,10,555,6,1,KGID107443,Yamini,1991-01-02,F,A+,0,2019-01-10
7444,10,555,10,5,KGID107444,Panini,1993-09-12,F,A-,0,2002-02-10
7445,10,555,10,5,KGID107445,Yatin,1978-03-09,M,A-,0,2021-09-27
7446,10,555,10,3,KGID107446,Gavin,1993-01-03,M,A-,0,2009-05-01
7447,10,556,10,5,KGID107447,Yatan,1988-05-04,M,A+,0,1997-08-09
7448,10,556,6,3,KGID107448,Harsh,1979-06-24,M,A-,0,2015-05-06
7449,10,556,10,3,KGID107449,Varsha,1985-11-02,F,B-,0,2003-07-22
7450,10,556,6,3,KGID107450,David,1982-02-08,M,B+,0,2014-10-13
7451,10,556,9,1,KGID107451,Umang,1980-09-05,M,A+,0,2007-07-15
7452,10,556,10,2,KGID107452,Gagan,1991-06-01,M,B+,0,2018-10-22
7453,10,556,6,2,KGID107453,Gunbir,1975-06-10,M,B+,0,1998-08-23
7454,10,556,6,1,KGID107454,Nicholas,2000-04-01,M,B-,0,2001-01-26
7455,10,556,6,3,KGID107455,Anya,1986-10-08,F,AB+,0,2010-03-16
7456,10,556,6,6,KGID107456,Chanakya,1981-06-19,M,B+,1,2002-09-29
7457,10,556,5,3,KGID107457,Warjas,1991-10-28,M,B+,0,2003-04-04
7458,10,556,6,2,KGID107458,Anvi,1996-06-14,F,B+,0,2016-03-30
7459,10,556,10,4,KGID107459,Qarin,2002-05-27,M,AB+,0,2018-10-20
7460,10,556,10,6,KGID107460,Atharv,1984-11-16,M,B+,0,2015-06-05
7461,10,556,7,5,KGID107461,Gaurang,1976-07-15,M,O-,0,1998-01-07
7462,10,556,6,4,KGID107462,Tanveer,1987-12-23,M,B-,0,2004-08-24
7463,10,557,5,6,KGID107463,Ishwar,1971-11-03,M,O-,0,2006-01-27
7464,10,557,10,4,KGID107464,Nikita,1983-06-16,F,B-,0,2009-05-30
7465,10,557,6,1,KGID107465,Warjas,1969-07-13,M,A+,0,2018-07-17
7466,10,557,10,3,KGID107466,Kevin,2002-05-13,M,O-,0,2004-08-29
7467,10,557,6,5,KGID107467,Jagat,2001-05-18,M,B-,0,1998-07-22
7468,10,557,10,4,KGID107468,Hamsini,1984-03-28,F,O-,0,2006-03-07
7469,10,557,10,3,KGID107469,Faras,1995-01-09,M,O+,0,2003-04-10
7470,10,557,6,5,KGID107470,Laksh,1975-06-03,M,A-,0,2001-03-07
7471,10,557,9,4,KGID107471,Jonathan,1988-12-09,M,O-,0,2023-12-22
7472,10,557,7,5,KGID107472,Advay,1980-07-18,M,A-,0,2003-12-03
7473,10,557,9,1,KGID107473,Mason,2000-02-08,M,O-,0,2014-01-27
7474,10,557,9,2,KGID107474,Saksham,1969-11-04,M,AB+,0,2024-06-21
7475,10,557,9,4,KGID107475,Panini,2003-02-19,F,A-,0,2011-02-04
7476,10,557,9,6,KGID107476,Balhaar,1970-12-31,M,A+,0,2017-08-08
7477,10,557,10,4,KGID107477,Daksh,2003-03-14,M,O-,0,2014-04-13
7478,10,558,9,5,KGID107478,Thomas,1978-02-01,M,B+,0,1998-04-05
7479,10,558,10,5,KGID107479,Falan,1969-05-27,M,A-,0,2010-09-08
7480,10,558,10,2,KGID107480,Orinder,1971-03-18,M,O+,0,2007-04-01
7481,10,558,10,4,KGID107481,Wriddhish,1987-11-03,M,O-,1,2001-12-05
7482,10,558,9,1,KGID107482,Wyatt,1996-07-06,M,B-,0,2015-02-16
7483,10,558,6,5,KGID107483,Anamika,1979-02-09,F,O+,0,2017-02-19
7484,10,558,7,4,KGID107484,Manan,1993-12-12,M,B+,0,2020-02-16
7485,10,558,9,6,KGID107485,Maanav,1980-05-19,M,AB+,0,1999-03-09
7486,10,558,9,1,KGID107486,Jason,1994-01-03,M,O-,0,2024-05-27
7487,10,559,9,3,KGID107487,Ranveer,1972-08-29,M,A-,0,2018-11-12
7488,10,559,7,2,KGID107488,Chatura,1995-08-06,M,O+,0,2000-12-20
7489,10,559,10,2,KGID107489,Finn,1999-04-08,M,B-,0,2013-09-12
7490,10,559,10,3,KGID107490,David,2002-02-23,M,A+,0,2020-12-15
7491,10,559,7,1,KGID107491,Anay,1971-04-18,M,B-,0,2007-05-04
7492,10,559,10,4,KGID107492,Mohini,1974-11-09,F,AB+,0,2000-09-23
7493,10,559,10,4,KGID107493,Kevin,1970-09-11,M,B+,0,2016-08-09
7494,10,559,9,3,KGID107494,Naveen,1999-03-14,M,B-,0,2021-04-14
7495,10,559,10,2,KGID107495,Mitesh,1990-02-12,M,B+,0,2015-01-02
7496,10,559,6,4,KGID107496,Nathaniel,1999-09-25,M,O-,0,1999-09-26
7497,10,559,6,1,KGID107497,Nandini,1981-04-28,F,B-,0,2000-05-18
7498,10,559,7,2,KGID107498,Urishilla,1996-04-19,F,B-,0,2011-12-01
7499,10,559,9,4,KGID107499,Karan,1973-11-07,M,A+,0,2008-08-08
7500,10,559,6,6,KGID107500,Ekani,1991-01-17,F,B-,0,2020-07-04
7501,10,559,6,3,KGID107501,Jairaj,1971-12-29,M,B-,0,2000-04-10
7502,10,559,7,2,KGID107502,Omkaar,1979-09-21,M,O-,0,2004-08-08
7503,10,559,10,3,KGID107503,Damyanti,1981-10-24,F,A-,0,1996-08-18
7504,10,560,6,2,KGID107504,Pushti,1979-12-09,F,A+,0,2018-08-28
7505,10,560,5,2,KGID107505,Zashil,1998-10-22,M,A+,0,2018-05-07
7506,10,560,9,2,KGID107506,Inaya,1968-04-14,F,B+,0,2014-04-08
7507,10,560,7,5,KGID107507,Aarnav,1972-10-08,M,O+,0,2003-10-31
7508,10,560,10,5,KGID107508,David,1977-06-22,M,A+,0,2008-02-08
7509,10,560,7,3,KGID107509,Jairaj,1974-06-20,M,A-,0,1999-07-25
7510,10,560,7,1,KGID107510,Nicholas,1977-03-11,M,B+,0,2014-06-12
7511,10,560,10,3,KGID107511,Onveer,1968-11-13,M,A+,0,2012-01-07
7512,10,560,10,3,KGID107512,Advaith,1980-02-29,M,AB+,0,2015-03-10
7513,10,560,9,4,KGID107513,Balveer,2003-01-05,M,B-,0,2007-06-05
7514,10,560,7,3,KGID107514,Amol,1975-04-07,M,A-,0,2024-06-09
7515,10,560,6,1,KGID107515,Christopher,2000-11-03,M,B+,0,2008-05-12
7516,10,560,10,6,KGID107516,Pahal,1988-08-26,F,O+,0,2007-08-05
7517,10,560,7,3,KGID107517,Dhruv,1970-02-13,M,O+,0,2020-08-10
7518,10,560,10,1,KGID107518,Robert,1998-03-13,M,O-,0,2018-06-13
7519,10,560,10,1,KGID107519,Arunima,2000-11-19,F,B-,0,2012-11-22
7520,10,560,10,3,KGID107520,Bachittar,1988-01-26,M,O+,0,1997-04-02
7521,10,560,10,1,KGID107521,Ayush,1996-09-11,M,B-,0,2022-12-25
7522,10,560,10,6,KGID107522,Bhavya,1970-04-11,F,B+,0,2025-02-07
7523,10,560,10,6,KGID107523,Gaurav,1986-06-23,M,AB+,0,2021-10-01
7524,10,561,7,1,KGID107524,Luke,1967-08-18,M,B-,0,2020-06-07
7525,10,561,6,5,KGID107525,Tanish,1975-09-17,M,A-,0,2002-04-04
7526,10,561,6,4,KGID107526,Gabriel,1990-12-06,M,AB+,0,2004-11-23
7527,10,561,6,1,KGID107527,Rudra,1997-11-15,M,B+,0,1997-05-04
7528,10,561,10,2,KGID107528,Nitesh,2000-08-10,M,A-,0,2022-07-14
7529,10,561,9,5,KGID107529,Samar,1986-01-30,M,AB+,0,2006-02-12
7530,10,561,10,5,KGID107530,Ekbal,1999-03-30,M,AB+,0,2012-04-16
7531,10,561,10,3,KGID107531,Reyansh,1978-04-06,M,O+,0,2019-08-31
7532,10,561,6,1,KGID107532,Christopher,1980-09-19,M,B-,0,2021-12-24
7533,10,562,10,1,KGID107533,Zarna,1975-10-07,F,A-,0,2019-02-14
7534,10,562,9,5,KGID107534,Harrison,1988-06-30,M,B-,0,2020-12-17
7535,10,562,7,2,KGID107535,Tristan,1971-10-02,M,B-,0,2000-01-09
7536,10,562,6,3,KGID107536,Girik,1986-01-07,M,A-,0,2014-06-06
7537,10,562,9,5,KGID107537,Abdul,1990-02-21,M,B-,0,2019-07-04
7538,10,562,7,1,KGID107538,Anirudh,1974-05-17,M,O+,0,2007-03-16
7539,10,562,9,2,KGID107539,Varsha,1993-11-12,F,A-,0,1998-05-04
7540,10,562,9,3,KGID107540,Abdul,1997-02-24,M,A+,0,2001-02-27
7541,10,562,10,4,KGID107541,Girik,2002-09-06,M,AB+,0,2002-08-08
7542,10,562,7,6,KGID107542,Warda,1970-12-21,F,A+,0,1998-11-06
7543,10,562,9,3,KGID107543,Bahadurjit,1968-07-05,M,B+,0,2004-09-18
7544,10,562,10,6,KGID107544,Shravya,1986-07-06,F,O+,0,2024-08-14
7545,10,562,7,3,KGID107545,Onveer,1968-12-17,M,O+,0,2007-05-24
7546,10,562,9,5,KGID107546,Janya,2001-09-14,F,B-,0,2002-06-17
7547,10,562,9,5,KGID107547,Shivansh,1995-12-25,M,O-,0,2013-10-24
7548,10,563,6,6,KGID107548,Kevin,1997-11-27,M,B-,0,2016-06-26
7549,10,563,5,1,KGID107549,Rudra,1970-02-05,M,O-,0,2022-08-20
7550,10,563,9,2,KGID107550,Mason,1972-09-20,M,B-,0,2011-03-07
7551,10,563,10,5,KGID107551,Triya,1996-09-24,F,O+,0,2022-01-08
7552,10,563,5,2,KGID107552,Damini,2003-06-03,F,O+,0,2008-07-04
7553,10,563,10,4,KGID107553,Christopher,1967-11-15,M,A-,0,2016-05-30
7554,10,563,10,1,KGID107554,Falguni,1984-06-17,F,B-,1,2004-06-18
7555,10,563,10,1,KGID107555,Brijesh,2002-04-29,M,A-,0,2022-11-14
7556,10,563,10,4,KGID107556,Nidra,1998-07-05,F,B+,0,2020-04-06
7557,10,563,6,4,KGID107557,Pranit,1997-08-31,M,A+,0,2006-10-24
7558,10,563,10,1,KGID107558,George,1970-05-17,M,A+,0,2000-03-01
7559,10,563,9,4,KGID107559,Garima,1970-04-29,F,O-,0,1998-08-18
7560,10,563,10,1,KGID107560,Tanveer,1968-03-09,M,B-,0,2007-09-26
7561,10,563,7,1,KGID107561,Isaiah,1981-01-03,M,AB+,0,1997-01-09
7562,10,563,10,4,KGID107562,Patrick,1996-04-22,M,O-,0,2019-09-09
7563,10,563,6,6,KGID107563,Waida,1968-03-06,F,O+,0,2022-05-30
7564,10,563,10,2,KGID107564,Edhitha,1986-04-14,F,B-,0,2006-12-12
7565,10,563,5,5,KGID107565,Devansh,1998-10-05,M,A+,0,2007-12-19
7566,10,563,9,6,KGID107566,Oliver,1994-05-27,M,A-,0,1997-06-05
7567,10,563,10,5,KGID107567,Maanas,1997-08-11,M,B+,0,2014-09-30
7568,10,564,9,1,KGID107568,Dev,1998-09-03,M,B-,0,2003-11-03
7569,10,564,10,3,KGID107569,Jatin,1990-06-28,M,B+,0,2007-10-15
7570,10,564,10,3,KGID107570,Aarush,2000-10-19,M,B-,0,2025-07-13
7571,10,564,9,1,KGID107571,Yash,1971-10-23,M,B+,0,2003-01-28
7572,10,564,6,4,KGID107572,Oliver,1977-09-20,M,A+,0,2013-04-12
7573,10,564,6,4,KGID107573,Tanish,1978-03-22,M,O+,0,2021-01-21
7574,10,564,10,4,KGID107574,Nidhi,1976-12-23,F,O-,0,2018-02-11
7575,10,564,5,6,KGID107575,Om,1970-03-04,M,O+,0,2009-08-16
7576,10,565,6,6,KGID107576,Anmol,1982-03-10,M,B+,0,2014-07-08
7577,10,565,10,1,KGID107577,Tejas,1988-07-10,M,B-,0,2016-01-14
7578,10,565,6,1,KGID107578,Advay,1972-07-16,M,B-,0,2013-11-14
7579,10,565,9,2,KGID107579,Ekalinga,1986-09-08,M,B-,0,2003-08-23
7580,10,565,10,1,KGID107580,Daksh,1985-07-12,M,O+,0,2002-06-09
7581,10,565,5,3,KGID107581,Lohit,1974-04-12,M,O+,0,2013-05-25
7582,10,565,7,4,KGID107582,Upasna,1976-09-17,F,B-,1,2008-10-10
7583,10,565,7,2,KGID107583,Zehaan,1998-05-02,M,A-,0,2018-04-11
7584,10,565,7,1,KGID107584,Aryan,1980-02-08,M,A+,0,2016-02-15
7585,10,565,7,6,KGID107585,Anay,1974-10-01,M,O-,0,2009-01-12
7586,10,566,10,2,KGID107586,Matthew,1981-10-20,M,AB+,0,2016-03-27
7587,10,566,10,3,KGID107587,Faris,1969-02-03,M,O+,0,2015-06-30
7588,10,566,5,3,KGID107588,Frado,1991-06-25,M,A-,0,2006-06-26
7589,10,566,10,6,KGID107589,Joshua,1969-11-21,M,A-,0,2024-06-07
7590,10,566,10,5,KGID107590,Orinder,2003-01-15,M,A-,0,2003-06-23
7591,10,566,5,2,KGID107591,Anthony,1974-12-24,M,O-,0,2004-11-06
7592,10,566,9,5,KGID107592,Yuvraj,1976-03-06,M,B+,0,1998-11-12
7593,10,566,7,6,KGID107593,Abhiram,1997-04-30,M,B-,0,2005-09-06
7594,10,566,9,5,KGID107594,Aryan,1999-09-23,M,A-,0,2012-08-24
7595,10,566,6,3,KGID107595,Laban,1978-10-14,M,A+,0,2012-10-04
7596,10,566,9,5,KGID107596,Fariq,1997-05-24,M,B-,0,2010-11-12
7597,10,566,9,2,KGID107597,Chanakya,1980-03-24,M,O+,0,1997-06-16
7598,10,566,10,2,KGID107598,Gaurang,1982-03-20,M,O+,0,2009-11-29
7599,10,566,9,4,KGID107599,Jacob,1971-01-24,M,AB+,0,1999-06-29
7600,10,566,10,4,KGID107600,Gunbir,1995-11-25,M,O+,0,2008-08-07
7601,10,566,10,3,KGID107601,Manthan,1979-04-12,M,O-,0,1996-11-23
7602,10,566,10,5,KGID107602,Parth,1999-05-15,M,O-,0,2005-09-10
7603,10,566,10,4,KGID107603,Udarsh,1976-04-22,M,B+,0,2023-01-09
7604,10,566,10,3,KGID107604,Nakul,1982-01-11,M,O-,0,2007-02-20
7605,10,567,7,5,KGID107605,Joshua,1970-02-15,M,O+,0,2016-05-25
7606,10,567,7,4,KGID107606,Yutika,1978-12-30,F,A+,0,2018-12-06
7607,10,567,10,3,KGID107607,Avi,1991-09-09,M,A+,0,2014-03-30
7608,10,567,10,3,KGID107608,Warhi,1972-05-11,F,B-,0,2000-11-06
7609,10,567,10,4,KGID107609,Ekaraj,1974-02-04,M,A+,0,2023-12-14
7610,10,567,6,2,KGID107610,Kashish,1982-05-10,F,B+,0,1998-09-03
7611,10,567,9,4,KGID107611,Matthew,1991-10-28,M,A-,0,2020-04-03
7612,10,567,10,1,KGID107612,Geetika,1986-01-08,F,B-,0,2000-01-18
7613,10,567,7,1,KGID107613,Balveer,1981-04-17,M,B+,0,2022-02-06
7614,10,567,6,6,KGID107614,Zehaan,2003-03-14,M,B-,0,2006-04-09
7615,10,567,10,6,KGID107615,Rishi,1994-06-27,M,B-,0,2015-11-02
7616,10,567,10,3,KGID107616,Advika,1968-11-15,F,B+,0,2013-10-13
7617,10,567,10,2,KGID107617,Pranit,1994-04-09,M,AB+,0,2008-08-07
7618,10,567,9,3,KGID107618,Yutika,1982-06-29,F,A-,0,2014-12-06
7619,10,567,6,3,KGID107619,Champak,1978-05-20,M,A-,0,1997-06-24
7620,10,568,10,4,KGID107620,Akshay,1971-08-14,M,B-,0,2004-05-13
7621,10,568,10,2,KGID107621,Maanav,1970-06-13,M,B-,0,1998-03-19
7622,10,568,10,6,KGID107622,Faqid,1978-05-19,M,O-,0,2024-01-27
7623,10,568,7,5,KGID107623,Darsh,1988-11-19,M,B+,0,2025-06-15
7624,10,568,7,1,KGID107624,Michael,1975-10-06,M,B+,0,2017-01-29
7625,10,568,10,6,KGID107625,Vedhika,1969-01-22,F,B+,0,2017-05-16
7626,10,568,10,3,KGID107626,Samuel,1996-11-05,M,B-,0,2012-11-12
7627,10,568,5,3,KGID107627,Sai,1978-10-04,M,B-,0,2001-02-05
7628,10,568,10,1,KGID107628,Tanish,1992-07-01,M,B+,0,2021-06-02
7629,10,568,10,1,KGID107629,Manbir,2001-01-31,M,A+,0,2005-05-05
7630,10,568,7,2,KGID107630,Aashi,1975-03-14,F,A-,0,2003-02-21
7631,10,568,9,6,KGID107631,Pranav,1980-12-06,M,O+,0,2020-09-19
7632,10,568,10,5,KGID107632,Chaitanya,1988-07-27,M,B-,0,2023-01-28
7633,10,569,6,4,KGID107633,Parth,1992-05-30,M,AB+,0,2014-04-01
7634,10,569,9,3,KGID107634,Krish,1969-02-14,M,B-,0,2015-04-22
7635,10,569,10,6,KGID107635,Forum,2001-11-12,F,AB+,0,2021-06-26
7636,10,569,7,5,KGID107636,Falan,1993-01-19,M,B+,0,2024-03-23
7637,10,569,9,1,KGID107637,Aadi,1982-02-09,M,O-,0,1997-10-28
7638,10,569,10,4,KGID107638,Gagan,1988-10-24,M,A+,0,2007-08-23
7639,10,569,10,2,KGID107639,Balvan,1997-08-02,M,B-,0,2005-06-11
7640,10,569,7,4,KGID107640,Manya,1977-12-11,F,A-,0,2014-07-31
7641,10,569,7,3,KGID107641,Frado,1983-11-23,M,B+,0,1996-11-26
7642,10,569,6,4,KGID107642,Rayaan,1969-06-07,M,B+,0,2006-08-27
7643,10,569,10,5,KGID107643,Harsh,1999-11-06,M,A-,0,2024-05-23
7644,10,569,9,1,KGID107644,Dhruv,1982-01-20,M,B-,0,2010-06-20
7645,10,569,10,5,KGID107645,Yashasvi,1976-09-25,F,B+,0,2022-02-27
7646,10,569,6,2,KGID107646,Qarin,1973-09-11,M,A+,1,2015-05-19
7647,10,569,5,3,KGID107647,Harsh,1999-05-27,M,A+,0,2005-04-02
7648,10,570,6,2,KGID107648,Ranveer,1970-09-17,M,B-,0,2007-08-03
7649,10,570,5,5,KGID107649,Ishwar,1972-09-06,M,B-,0,2000-03-10
7650,10,570,9,4,KGID107650,Shaurya,1969-06-24,M,A-,0,2016-08-02
7651,10,570,10,2,KGID107651,Harrison,1969-11-08,M,B+,0,2019-12-02
7652,10,570,9,2,KGID107652,Theodore,1971-01-29,M,O-,0,2004-11-17
7653,10,570,7,3,KGID107653,Naveen,1983-06-12,M,O+,0,2016-03-30
7654,10,570,9,3,KGID107654,Krish,1984-12-26,M,A-,0,2005-06-29
7655,10,570,10,1,KGID107655,Naksh,1994-09-21,M,O-,0,2014-08-08
7656,10,570,7,5,KGID107656,Kalpit,1988-11-16,M,A-,0,1999-09-09
7657,10,570,10,3,KGID107657,Tripti,1983-02-16,F,AB+,0,1998-11-16
7658,10,570,10,1,KGID107658,Maanav,1969-01-15,M,O-,0,2018-11-25
7659,10,570,10,4,KGID107659,Samarth,1978-07-11,M,O-,0,2016-02-07
7660,10,570,6,4,KGID107660,Jairaj,1988-09-01,M,O+,0,2018-03-26
7661,10,570,7,1,KGID107661,Kala,1988-08-26,F,B+,0,2015-04-05
7662,10,570,9,5,KGID107662,Anthony,1994-12-16,M,AB+,0,2018-03-10
7663,10,570,7,4,KGID107663,Ranbir,2000-03-17,M,O+,0,2016-02-04
7664,10,571,5,5,KGID107664,Aayush,1972-01-22,M,O+,0,2007-04-15
7665,10,571,10,3,KGID107665,Ayush,1969-01-15,M,A-,0,2000-05-08
7666,10,571,6,4,KGID107666,Advay,1991-07-04,M,AB+,0,2023-09-03
7667,10,571,10,2,KGID107667,Qabil,1976-05-01,M,A-,0,2006-03-18
7668,10,571,9,1,KGID107668,Daniel,1987-04-20,M,O+,0,2000-09-04
7669,10,571,10,2,KGID107669,Jatin,1994-07-07,M,B-,0,2014-03-11
7670,10,571,10,1,KGID107670,William,1976-04-26,M,B-,0,2012-01-28
7671,10,571,10,1,KGID107671,Faras,1977-03-31,M,AB+,0,2019-05-10
7672,10,571,10,3,KGID107672,Anmol,1992-05-05,M,A-,0,2004-08-04
7673,10,571,6,1,KGID107673,Bhavna,1989-01-27,F,AB+,0,2009-09-02
7674,10,571,7,4,KGID107674,Varsha,1973-01-16,F,AB+,0,1997-08-12
7675,10,571,9,6,KGID107675,Theodore,1971-02-28,M,A-,0,2002-07-06
7676,10,571,9,6,KGID107676,Vivaan,1990-03-12,M,O-,0,2008-01-23
7677,10,571,6,3,KGID107677,Ekalinga,1971-09-14,M,A-,0,2008-06-05
7678,10,571,10,1,KGID107678,Qadim,1990-05-30,M,A+,0,1999-05-18
7679,10,571,10,6,KGID107679,Janaki,1983-05-25,F,B+,0,1998-06-12
7680,10,572,9,5,KGID107680,Chaitaly,1989-02-01,F,B+,0,2020-06-30
7681,10,572,9,3,KGID107681,Amol,1970-07-08,M,B+,0,2007-11-25
7682,10,572,5,3,KGID107682,Veer,1990-01-30,M,A-,0,2010-08-13
7683,10,572,10,3,KGID107683,Irya,2000-11-24,F,O+,0,2013-09-28
7684,10,572,5,3,KGID107684,Warjas,2001-10-28,M,B+,1,2014-12-28
7685,10,572,10,4,KGID107685,Omkaar,1970-07-06,M,A+,0,2010-08-26
7686,10,572,9,4,KGID107686,Darpan,1979-08-23,M,O+,0,2017-09-16
7687,10,572,10,4,KGID107687,Tarak,1996-10-19,M,O-,0,2010-01-15
7688,10,572,6,5,KGID107688,Jhalak,1977-10-16,F,B+,0,2011-02-13
7689,10,572,7,2,KGID107689,Vasatika,1998-02-12,F,B-,0,2001-12-07
7690,10,572,9,2,KGID107690,Faras,1999-11-15,M,O+,0,2024-12-23
7691,10,572,10,4,KGID107691,Vedant,2002-10-30,M,B+,1,2007-07-24
7692,10,573,10,5,KGID107692,Unnati,1977-11-28,F,O-,0,2020-01-25
7693,10,573,6,3,KGID107693,Patrick,1976-11-26,M,O-,0,2019-06-14
7694,10,573,10,3,KGID107694,Nathaniel,1973-07-07,M,B+,0,2014-11-29
7695,10,573,10,5,KGID107695,Rehaan,2001-09-13,M,A-,0,2019-04-29
7696,10,573,6,3,KGID107696,Inaya,1983-10-05,F,AB+,0,2019-10-10
7697,10,573,7,1,KGID107697,Bahadurjit,1987-10-21,M,B-,0,2000-05-09
7698,10,573,6,3,KGID107698,Zashil,2002-08-01,M,A+,0,2004-12-28
7699,10,573,6,4,KGID107699,Irya,1972-03-10,F,O+,0,2007-10-23
7700,10,573,9,4,KGID107700,Nathaniel,1990-03-27,M,B-,0,2009-04-04
7701,10,573,6,5,KGID107701,Kai,1972-02-15,M,O-,0,2021-01-02
7702,10,574,6,1,KGID107702,Eta,1968-10-24,F,B-,0,2013-12-13
7703,10,574,10,4,KGID107703,Naksh,1984-04-02,M,O+,0,2016-09-18
7704,10,574,10,2,KGID107704,Jeremiah,1982-04-26,M,B+,0,2024-11-03
7705,10,574,10,3,KGID107705,Chandresh,1990-06-10,M,B-,0,2012-12-29
7706,10,574,7,3,KGID107706,Alexander,2002-03-09,M,O+,0,2025-03-09
7707,10,574,10,6,KGID107707,Veer,1973-04-20,M,B-,0,2014-01-18
7708,10,574,10,6,KGID107708,Isha,1969-03-06,F,AB+,0,1998-10-15
7709,10,574,6,4,KGID107709,Unni,1989-12-31,F,B-,0,2004-01-12
7710,10,574,10,3,KGID107710,Jagat,1986-01-14,M,O+,0,1998-07-04
7711,10,574,10,1,KGID107711,Pooja,1982-02-06,F,A-,0,2005-11-02
7712,10,574,7,3,KGID107712,Ethan,1985-05-29,M,A+,0,2023-06-02
7713,10,574,10,2,KGID107713,Isaac,1979-06-09,M,B-,0,2013-07-04
7714,10,574,7,5,KGID107714,Amol,1986-12-29,M,A-,0,2019-02-03
7715,10,574,7,6,KGID107715,Dhruv,1995-03-29,M,A-,0,2012-01-24
7716,10,574,10,6,KGID107716,Kiaan,1974-12-27,M,B+,0,2019-09-13
7717,10,574,6,2,KGID107717,Wyatt,1972-01-25,M,A+,0,1997-06-28
7718,10,574,10,6,KGID107718,Faraj,1972-10-13,M,O-,0,2008-10-10
7719,10,574,10,6,KGID107719,Hemal,1984-08-09,F,A+,0,2005-10-04
7720,10,574,9,3,KGID107720,Anmol,1971-11-03,M,AB+,0,2012-06-09
7721,10,575,10,6,KGID107721,Ekavir,1996-08-01,M,O+,0,2017-06-12
7722,10,575,9,4,KGID107722,Dayita,1994-02-13,F,AB+,0,1999-02-01
7723,10,575,9,2,KGID107723,Manthan,1996-06-03,M,A-,0,2011-07-09
7724,10,575,7,6,KGID107724,Advaith,1991-05-19,M,O+,0,2007-06-25
7725,10,575,9,6,KGID107725,Max,1983-07-10,M,AB+,0,2012-06-12
7726,10,575,10,4,KGID107726,Pratyush,1971-11-08,M,B-,0,1999-12-19
7727,10,575,10,4,KGID107727,Om,1989-08-15,M,A+,0,2011-02-11
7728,10,575,9,6,KGID107728,Omkaar,1975-10-08,M,O+,0,2022-09-18
7729,10,575,10,3,KGID107729,Balvan,1983-08-01,M,O+,0,1997-04-08
7730,10,575,10,3,KGID107730,Darpan,1984-04-02,M,A-,0,2013-05-23
7731,10,575,9,5,KGID107731,Chatura,1987-06-10,M,A-,0,2019-09-18
7732,10,575,9,3,KGID107732,Urvi,1996-09-08,F,B-,0,2021-01-13
7733,10,575,10,6,KGID107733,Nathan,1992-04-17,M,B-,0,2011-06-03
7734,10,575,10,5,KGID107734,Farhan,1987-03-17,M,B+,0,2017-08-03
7735,10,575,7,2,KGID107735,Joshua,1994-06-17,M,B-,0,1997-06-25
7736,10,575,10,1,KGID107736,Charan,1998-09-25,M,AB+,0,2011-06-08
7737,10,575,10,4,KGID107737,Nicholas,1983-08-19,M,B+,0,2001-07-14
7738,10,575,6,1,KGID107738,Arin,1982-12-07,M,O+,0,2021-03-24
7739,10,575,9,2,KGID107739,Aarav,1968-12-12,M,A-,0,2001-11-09
7740,10,575,6,1,KGID107740,Indrajit,1995-02-11,M,A+,0,2005-02-07
7741,10,576,10,1,KGID107741,Lila,1974-06-29,F,AB+,0,2016-04-28
7742,10,576,10,5,KGID107742,Vivaan,1973-11-18,M,AB+,0,2015-02-20
7743,10,576,10,2,KGID107743,Avi,1978-07-01,M,A-,0,2014-03-28
7744,10,576,10,4,KGID107744,Chandran,1970-05-20,M,A-,0,2011-02-25
7745,10,576,9,5,KGID107745,Girish,1992-10-28,M,B+,0,1997-03-20
7746,10,576,5,5,KGID107746,Vamakshi,1994-07-31,F,B+,0,2014-12-05
7747,10,576,6,6,KGID107747,Quincy,1997-10-03,M,B+,0,2002-08-11
7748,10,576,5,5,KGID107748,Anya,1994-12-25,F,AB+,0,1998-06-08
7749,10,576,5,5,KGID107749,Dev,1998-08-29,M,B-,0,2017-06-28
7750,10,576,6,5,KGID107750,Maanav,1979-11-25,M,AB+,0,1997-05-27
7751,10,576,7,2,KGID107751,Sai,1990-07-29,M,O+,0,2004-08-10
7752,10,576,10,1,KGID107752,Chanakya,2002-05-24,M,A-,0,2013-08-30
7753,10,576,10,6,KGID107753,Hredhaan,2001-12-09,M,AB+,0,2003-04-05
7754,10,576,6,3,KGID107754,Adya,1985-07-22,F,B-,0,2008-05-28
7755,10,576,10,2,KGID107755,Advik,1972-09-04,M,AB+,0,2020-05-30
7756,10,576,9,2,KGID107756,Ranveer,1971-12-03,M,AB+,0,2007-04-06
7757,10,576,10,5,KGID107757,Nakul,1980-12-14,M,AB+,0,2009-07-18
7758,10,576,7,5,KGID107758,Umang,1979-11-24,M,A+,0,2019-11-12
7759,10,576,10,4,KGID107759,Eesha,1978-06-19,F,O-,0,2018-09-10
7760,10,576,7,5,KGID107760,Jai,1978-08-06,M,O+,0,1999-02-19
7761,10,577,10,1,KGID107761,Oscar,1991-02-27,M,B+,0,1997-11-04
7762,10,577,10,2,KGID107762,Faras,1983-12-30,M,A+,0,2021-04-02
7763,10,577,9,5,KGID107763,Anjali,1990-07-26,F,A+,0,2010-05-22
7764,10,577,7,4,KGID107764,Anusha,1995-08-05,F,B+,0,2020-06-04
7765,10,577,7,4,KGID107765,Sai,1993-05-20,F,B-,0,2000-11-19
7766,10,577,10,4,KGID107766,Faris,1998-08-05,M,AB+,0,2016-06-27
7767,10,577,9,6,KGID107767,Caleb,1996-09-13,M,O+,0,2006-10-23
7768,10,577,10,2,KGID107768,Karan,1991-10-06,M,AB+,0,2003-06-09
7769,10,577,9,3,KGID107769,Faras,1977-08-30,M,A+,0,1998-06-25
7770,10,577,10,5,KGID107770,Simon,1995-06-15,M,O-,0,2001-01-18
7771,10,577,7,2,KGID107771,Jonathan,2000-01-09,M,A+,0,2005-09-22
7772,10,577,10,3,KGID107772,Reyansh,1994-11-21,M,A+,0,2002-08-02
7773,10,577,7,6,KGID107773,Gaurang,1991-07-05,M,A-,0,2005-05-29
7774,10,577,6,5,KGID107774,Deepa,1995-09-25,F,A+,0,2004-07-01
7775,10,577,6,5,KGID107775,Darpan,1971-03-27,M,O-,0,2011-12-01
7776,10,577,10,3,KGID107776,Isaac,1996-02-09,M,O-,0,2020-09-25
7777,10,577,9,4,KGID107777,Jairaj,1968-03-08,M,AB+,0,2005-08-25
7778,10,577,10,3,KGID107778,Wazir,1996-11-24,M,B-,0,2024-10-27
7779,10,577,10,4,KGID107779,Gaurangi,1985-07-21,F,AB+,0,2025-01-20
7780,10,578,10,3,KGID107780,Chatura,1970-05-11,M,AB+,0,2002-11-30
7781,10,578,10,4,KGID107781,Qarin,1999-12-08,M,B+,0,2023-01-26
7782,10,578,6,3,KGID107782,Samarth,1972-09-07,M,AB+,0,2018-06-23
7783,10,578,10,4,KGID107783,Kalpit,1992-03-06,M,A+,0,2000-11-05
7784,10,578,9,5,KGID107784,Darpan,1999-10-31,M,B-,0,2012-05-25
7785,10,578,10,6,KGID107785,Laksh,1976-07-14,M,A+,0,2018-10-24
7786,10,578,10,6,KGID107786,Osha,2001-04-04,F,A+,0,2021-03-20
7787,10,578,6,6,KGID107787,Brijesh,1981-08-02,M,B+,0,2012-04-02
7788,10,578,9,6,KGID107788,Charan,1980-02-09,M,A-,0,2011-12-12
7789,10,578,10,2,KGID107789,Advik,1974-02-02,M,O+,0,2013-08-29
7790,10,578,10,5,KGID107790,Girik,1985-08-20,M,A+,0,2018-09-01
7791,10,579,6,2,KGID107791,Anika,2001-12-08,F,AB+,0,2016-12-16
7792,10,579,10,4,KGID107792,Alexander,1975-05-17,M,O+,0,1997-02-01
7793,10,579,7,3,KGID107793,Andrew,1998-01-08,M,AB+,0,2023-05-20
7794,10,579,10,2,KGID107794,Owen,1977-11-27,M,A+,0,2001-05-17
7795,10,579,6,2,KGID107795,Upkaar,1969-03-11,M,B+,0,2022-05-14
7796,10,579,10,6,KGID107796,Jalsa,1982-05-17,F,B-,0,2018-10-15
7797,10,579,10,6,KGID107797,Manbir,1998-07-06,M,O+,0,2019-07-11
7798,10,579,10,2,KGID107798,Imaran,1996-05-06,M,AB+,0,1998-06-04
7799,10,579,6,6,KGID107799,Abdul,1969-09-26,M,O-,0,1998-03-28
7800,10,579,9,3,KGID107800,Advay,1991-02-11,M,B+,0,2001-03-15
7801,10,579,6,1,KGID107801,Banjeet,1970-03-04,M,B-,0,2012-10-26
7802,10,579,10,4,KGID107802,Arin,1999-12-21,M,AB+,0,2007-01-02
7803,10,579,10,5,KGID107803,Alexander,1992-05-17,M,A+,0,2007-10-29
7804,10,579,6,4,KGID107804,Lucky,1980-10-20,M,A-,0,2021-08-04
7805,10,579,10,2,KGID107805,Gaurav,1981-12-24,M,B+,0,2022-01-14
7806,10,579,10,1,KGID107806,Tanay,1996-02-19,M,A-,0,2020-02-16
7807,10,579,10,6,KGID107807,Aryan,2003-06-25,M,B+,0,1998-08-10
7808,10,580,9,4,KGID107808,Omaja,2003-06-18,F,AB+,0,2007-01-20
7809,10,580,10,4,KGID107809,Girindra,1968-05-23,M,A+,0,2002-06-23
7810,10,580,10,4,KGID107810,Harrison,1971-02-14,M,B-,0,2011-03-28
7811,10,580,6,6,KGID107811,Girik,1973-09-20,M,B+,0,2013-11-19
7812,10,580,6,3,KGID107812,Brijesh,1994-01-13,M,B-,0,2012-12-06
7813,10,580,10,5,KGID107813,Wahab,1992-08-15,M,O+,0,2010-09-28
7814,10,580,10,6,KGID107814,Falan,1967-10-16,M,AB+,0,2021-08-16
7815,10,580,9,4,KGID107815,Manan,1992-06-10,M,B+,0,2014-06-18
7816,10,580,10,5,KGID107816,Pahal,1973-03-02,F,O+,0,2012-07-27
7817,10,580,5,4,KGID107817,Jeet,1971-11-03,M,A-,0,2022-07-27
7818,10,580,6,3,KGID107818,Mohammed,1977-04-17,M,A-,0,2022-09-09
7819,10,580,10,6,KGID107819,Patrick,1967-08-25,M,O-,0,2016-12-15
7820,10,580,10,6,KGID107820,Matthew,1981-05-13,M,O+,0,1999-10-24
7821,10,580,10,3,KGID107821,Upkaar,1975-07-20,M,A-,0,2016-07-08
7822,10,580,10,2,KGID107822,Devansh,1980-04-10,M,B+,0,2000-03-12
7823,10,580,10,3,KGID107823,Zaid,1968-11-12,M,O+,0,1997-06-01
7824,10,580,9,6,KGID107824,Unni,1972-05-24,F,B+,0,2017-12-10
7825,10,580,9,4,KGID107825,Nihal,1993-05-02,M,A+,0,2003-06-09
7826,10,580,6,3,KGID107826,Qarin,2001-02-25,M,B+,0,2008-01-26
7827,10,581,10,1,KGID107827,Hemani,1979-12-29,F,B+,0,2019-02-07
7828,10,581,9,2,KGID107828,Pranav,1973-12-30,M,A+,0,2015-11-19
7829,10,581,10,2,KGID107829,Gaurang,2002-08-30,M,O+,0,2022-04-01
7830,10,581,9,2,KGID107830,Guneet,1994-03-16,M,A-,0,2025-05-05
7831,10,581,7,6,KGID107831,Madhav,1991-02-09,M,B-,0,2012-07-21
7832,10,581,10,2,KGID107832,Daniel,1967-08-18,M,A-,0,2006-05-08
7833,10,581,10,6,KGID107833,Madhav,2003-07-02,M,B-,0,2006-05-21
7834,10,581,9,5,KGID107834,Upkaar,1993-10-05,M,AB+,0,2014-08-14
7835,10,581,5,3,KGID107835,Girish,2000-03-13,M,O-,0,1997-08-21
7836,10,581,9,1,KGID107836,Maanas,1973-02-08,M,AB+,0,1997-11-05
7837,10,581,10,4,KGID107837,Wridesh,1974-07-27,M,AB+,0,2018-03-29
7838,10,581,10,6,KGID107838,Aryan,1972-09-09,M,O-,0,2012-04-28
7839,10,581,9,2,KGID107839,Aarini,1994-03-04,F,A-,0,2005-01-07
7840,10,581,7,3,KGID107840,Henry,1983-08-02,M,B-,0,2010-09-01
7841,10,581,9,3,KGID107841,Abhimanyu,1990-09-04,M,O-,0,2010-01-12
7842,10,581,9,2,KGID107842,Jackson,1994-09-26,M,AB+,0,2001-08-16
7843,10,581,10,2,KGID107843,Neel,1995-10-19,M,O+,0,2013-11-22
7844,10,582,9,3,KGID107844,Chandresh,1995-07-28,M,B-,0,2012-11-14
7845,10,582,9,6,KGID107845,Aarav,1998-12-26,M,A-,0,2005-03-14
7846,10,582,10,6,KGID107846,Girindra,1997-12-02,M,O+,0,2020-05-14
7847,10,582,7,2,KGID107847,Chandresh,1977-12-25,M,O+,0,2014-07-27
7848,10,582,5,4,KGID107848,Jalsa,1993-12-04,F,AB+,0,2022-03-05
7849,10,582,6,3,KGID107849,Ethan,1979-08-01,M,A-,0,2016-01-21
7850,10,582,9,4,KGID107850,Vincent,1980-09-25,M,O-,0,2023-03-06
7851,10,582,6,4,KGID107851,Darpan,1989-06-11,M,O-,0,2015-07-19
7852,10,582,9,4,KGID107852,Ryan,1969-12-02,M,A-,0,2017-04-08
7853,10,582,10,3,KGID107853,Logan,1968-01-04,M,A+,0,2017-11-11
7854,10,583,7,6,KGID107854,Waida,1970-12-03,F,A-,0,2014-08-15
7855,10,583,10,6,KGID107855,Fariq,1990-10-31,M,O+,0,1999-09-29
7856,10,583,7,3,KGID107856,Yatan,1971-08-25,M,A+,0,1999-07-30
7857,10,583,10,6,KGID107857,Yashawini,1976-08-21,F,B+,0,2005-04-13
7858,10,583,9,1,KGID107858,Arin,1971-01-04,M,AB+,0,2003-01-19
7859,10,583,9,5,KGID107859,Pratyush,1975-10-08,M,A+,0,2002-05-20
7860,10,583,7,2,KGID107860,Sarthak,1993-06-28,M,AB+,0,1999-09-28
7861,10,583,7,6,KGID107861,Dev,1976-10-28,M,A-,0,1996-07-30
7862,10,583,7,2,KGID107862,Charles,2001-10-19,M,B+,0,2000-04-04
7863,10,583,10,1,KGID107863,Pratyush,1993-09-29,M,A-,0,2010-05-09
7864,10,583,10,2,KGID107864,Ekapad,1984-05-10,M,B+,0,2000-01-17
7865,10,583,10,2,KGID107865,Amol,1984-05-15,M,B+,0,2019-03-28
7866,10,583,7,2,KGID107866,Oliver,1976-09-11,M,B-,0,2005-11-13
7867,10,583,9,2,KGID107867,Aayush,1994-12-11,M,A+,0,2006-09-20
7868,10,583,10,5,KGID107868,Ekansh,1969-06-27,M,A-,0,2011-09-15
7869,10,583,10,1,KGID107869,Advaith,1969-02-02,M,B+,0,2024-02-20
7870,10,583,6,2,KGID107870,Falan,2002-06-30,M,A+,0,2005-02-20
7871,10,583,9,4,KGID107871,Luke,1992-03-31,M,A-,0,2006-03-24
7872,10,584,10,1,KGID107872,Alexander,1993-01-30,M,B-,0,2022-06-27
7873,10,584,7,4,KGID107873,Vanya,2001-01-29,F,AB+,0,2024-06-01
7874,10,584,6,2,KGID107874,Sanya,1977-12-29,F,O+,0,2004-03-19
7875,10,584,10,2,KGID107875,Andrew,1982-02-11,M,O-,0,2005-12-02
7876,10,584,9,3,KGID107876,Yashvi,2002-12-21,F,A+,0,2014-03-25
7877,10,584,10,5,KGID107877,Daniel,1997-08-09,M,A+,0,2015-06-06
7878,10,584,10,6,KGID107878,Nidra,1979-06-12,F,B-,0,2020-06-26
7879,10,584,9,5,KGID107879,Darpan,1986-05-15,M,B+,0,2014-02-26
7880,10,585,9,6,KGID107880,Onveer,1967-08-01,M,B-,0,2023-07-15
7881,10,585,6,6,KGID107881,Tejas,1971-07-14,M,B+,0,2014-07-27
7882,10,585,9,2,KGID107882,Advaith,1983-05-25,M,O-,0,1997-09-27
7883,10,585,7,1,KGID107883,Chatura,1974-07-31,M,A+,0,2012-11-10
7884,10,585,7,2,KGID107884,Avi,1999-10-17,M,O+,0,2006-01-20
7885,10,585,10,6,KGID107885,Nicholas,1982-07-29,M,O-,0,2011-02-08
7886,10,585,10,3,KGID107886,Chaitanya,1973-08-11,M,B+,0,2005-07-08
7887,10,585,10,2,KGID107887,Vivaan,1979-12-23,M,A+,0,2018-11-23
7888,10,585,10,3,KGID107888,Sarthak,1993-12-13,M,B+,0,2015-10-14
7889,10,585,10,4,KGID107889,Unni,1974-12-12,F,AB+,0,2012-10-14
7890,10,585,7,4,KGID107890,Krishna,1992-06-20,M,AB+,0,2016-03-25
7891,10,585,10,4,KGID107891,William,1979-04-02,M,O-,0,2013-07-21
7892,10,586,10,5,KGID107892,Patrick,1992-11-11,M,A+,0,2008-10-08
7893,10,586,10,4,KGID107893,Dakshesh,2002-06-20,M,O-,0,2021-10-18
7894,10,586,10,1,KGID107894,Noah,1986-08-18,M,B+,0,2019-04-28
7895,10,586,10,4,KGID107895,Noah,1982-07-04,M,B-,0,2012-12-18
7896,10,586,10,1,KGID107896,Yamini,1992-07-27,F,O+,0,2005-03-16
7897,10,586,7,1,KGID107897,Aadi,1998-04-13,M,A-,0,1996-10-17
7898,10,586,10,3,KGID107898,Peter,1995-02-23,M,A+,0,2000-11-06
7899,10,586,10,3,KGID107899,Krish,1973-05-31,M,A-,0,2011-07-13
7900,10,586,10,4,KGID107900,Charan,1974-08-07,M,AB+,0,2016-10-17
7901,10,586,9,4,KGID107901,Kai,1998-09-06,M,AB+,0,2000-08-15
7902,10,586,10,6,KGID107902,Nakul,1988-10-20,M,B-,0,2002-12-12
7903,10,586,10,3,KGID107903,Finn,1986-04-16,M,B-,0,1997-10-21
7904,10,586,6,2,KGID107904,Bahadurjit,1998-08-25,M,O+,0,2015-08-04
7905,10,586,10,2,KGID107905,Hiral,1996-03-11,F,AB+,0,2001-09-26
7906,10,586,5,2,KGID107906,Ekansh,1991-07-20,M,B-,0,2018-01-28
7907,10,586,10,6,KGID107907,Pranit,1980-08-26,M,A-,0,2018-10-14
7908,10,587,10,2,KGID107908,Gaurang,1995-12-15,M,A+,0,2017-07-27
7909,10,587,10,2,KGID107909,Pranav,1985-05-08,M,O-,0,2023-01-11
7910,10,587,6,5,KGID107910,Praneel,1972-01-13,M,A+,0,2007-03-23
7911,10,587,10,3,KGID107911,Benjamin,1979-12-06,M,A+,0,2017-06-03
7912,10,587,7,3,KGID107912,Gopal,1999-01-05,M,O-,0,2004-08-28
7913,10,587,7,4,KGID107913,Amrita,1979-04-09,F,A+,0,2020-07-16
7914,10,587,10,4,KGID107914,Advay,2001-04-21,M,A-,0,2006-01-01
7915,10,587,10,2,KGID107915,Jagat,1969-03-10,M,B-,0,2016-02-18
7916,10,587,5,3,KGID107916,Jeet,1997-08-08,M,O-,0,2024-08-29
7917,10,587,9,3,KGID107917,Charan,1994-10-02,M,B-,0,2004-11-23
7918,10,588,10,6,KGID107918,Girindra,1994-11-27,M,A-,0,2011-07-08
7919,10,588,10,3,KGID107919,Sai,1985-11-14,M,O-,0,1998-07-16
7920,10,588,9,6,KGID107920,Max,1988-08-06,M,AB+,0,2014-06-01
7921,10,588,10,3,KGID107921,Frado,1998-06-13,M,B+,0,2007-03-13
7922,10,588,10,4,KGID107922,Nathaniel,1996-02-20,M,A+,0,2008-05-02
7923,10,588,10,3,KGID107923,Aarnav,1984-04-01,M,O+,0,2000-04-05
7924,10,588,6,4,KGID107924,Vasudha,1994-03-04,F,O-,0,2014-12-05
7925,10,588,10,2,KGID107925,Vedant,2002-12-07,M,A-,0,2004-01-15
7926,10,588,10,2,KGID107926,Azad,1988-04-23,M,O+,0,2000-10-10
7927,10,588,10,6,KGID107927,Falguni,1984-08-08,F,B+,0,2025-03-27
7928,10,588,10,5,KGID107928,Balvan,1978-04-20,M,O+,0,2023-01-01
7929,10,588,10,3,KGID107929,Aarav,1988-07-17,M,A-,0,2020-10-29
7930,10,588,10,6,KGID107930,Reyansh,1988-12-06,M,A-,0,2009-07-09
7931,10,588,5,5,KGID107931,Sanya,1973-08-26,F,A-,0,2015-01-15
7932,10,588,9,3,KGID107932,Anthony,1992-09-06,M,B-,0,2024-11-21
7933,10,588,10,6,KGID107933,Brijesh,1969-03-03,M,O+,0,1998-11-30
7934,10,588,10,5,KGID107934,Ridhi,1986-09-02,F,AB+,0,2000-08-08
7935,10,588,9,5,KGID107935,Tanay,1987-06-18,M,O+,0,1999-11-29
7936,10,589,10,6,KGID107936,Dhruv,1979-10-24,M,AB+,0,2016-07-04
7937,10,589,10,4,KGID107937,Fiyaz,1993-05-10,M,O-,0,2016-02-13
7938,10,589,10,1,KGID107938,Ayaan,1983-02-15,M,A-,0,2000-12-21
7939,10,589,9,2,KGID107939,Alexander,2001-10-31,M,O-,0,2012-01-16
7940,10,589,10,2,KGID107940,Baljiwan,1977-06-13,M,O-,0,1998-09-17
7941,10,589,10,4,KGID107941,Quincy,1982-10-03,M,B-,0,2021-03-29
7942,10,589,10,2,KGID107942,Kamala,1982-12-24,F,B+,0,2008-10-03
7943,10,589,10,2,KGID107943,Isaiah,1978-03-16,M,A+,0,2015-04-10
7944,10,589,10,6,KGID107944,Matthew,1985-02-11,M,O+,0,2019-02-12
7945,10,589,10,2,KGID107945,Radhika,1973-12-26,F,O-,0,2020-05-18
7946,10,589,10,2,KGID107946,Om,1999-11-19,M,B+,0,1997-12-09
7947,10,589,10,3,KGID107947,Dominic,1980-06-10,M,O+,0,2017-11-21
7948,10,590,6,3,KGID107948,Jack,1984-08-01,M,B+,0,2005-08-28
7949,10,590,10,1,KGID107949,Charan,1985-03-05,M,A+,0,1998-12-16
7950,10,590,9,3,KGID107950,Nathan,1990-07-21,M,A-,0,2006-08-20
7951,10,590,10,1,KGID107951,Udant,1977-04-14,M,B-,0,2012-12-11
7952,10,590,10,6,KGID107952,Umang,1983-01-03,M,O-,0,2002-05-20
7953,10,590,10,3,KGID107953,Krishna,1998-07-14,M,A+,0,2010-01-09
7954,10,590,5,4,KGID107954,Isaac,1983-12-05,M,O+,0,2013-07-07
7955,10,590,10,3,KGID107955,Chandresh,1988-08-02,M,B-,0,2016-09-19
7956,10,590,9,5,KGID107956,Chaitanya,1995-03-30,M,AB+,0,2013-09-03
7957,11,591,10,6,KGID107957,Anay,1996-03-10,M,A-,0,2004-11-10
7958,11,591,10,6,KGID107958,Ekiya,1995-04-16,F,A-,0,1997-11-17
7959,11,591,6,1,KGID107959,Faris,1997-01-03,M,AB+,0,2006-02-19
7960,11,591,10,6,KGID107960,Wyatt,1988-08-08,M,A+,0,1997-03-18
7961,11,591,10,5,KGID107961,Wahab,1970-12-20,M,B+,0,2018-06-06
7962,11,591,10,4,KGID107962,Triveni,1986-04-14,F,O-,0,2013-02-25
7963,11,591,10,2,KGID107963,Qarin,1980-09-13,M,A+,0,2018-05-17
7964,11,591,10,4,KGID107964,Timothy,1990-10-21,M,O+,0,2025-05-20
7965,11,591,9,6,KGID107965,Rishi,1977-03-25,M,B-,0,2020-10-04
7966,11,591,10,2,KGID107966,Akshay,1977-12-17,M,B-,0,2024-04-28
7967,11,591,10,3,KGID107967,Jagvi,1974-03-13,F,B-,0,2013-05-06
7968,11,591,7,5,KGID107968,Robert,1987-05-28,M,AB+,0,1999-04-27
7969,11,591,6,5,KGID107969,Quincy,1983-10-04,M,B-,0,2023-01-17
7970,11,591,6,5,KGID107970,Quincy,1992-08-31,M,A+,0,2007-12-02
7971,11,591,6,1,KGID107971,Warjas,1988-05-20,M,A-,0,2021-08-17
7972,11,592,9,4,KGID107972,Anjali,1983-09-30,F,O+,0,2004-04-19
7973,11,592,7,4,KGID107973,Tanay,1974-11-16,M,A+,0,2007-08-03
7974,11,592,10,2,KGID107974,Charan,1983-06-25,M,O+,0,2003-10-05
7975,11,592,10,4,KGID107975,Vivaan,1991-04-23,M,A+,0,1997-01-14
7976,11,592,10,4,KGID107976,Faraj,1988-02-04,M,B+,0,2000-06-06
7977,11,592,9,5,KGID107977,Ishanvi,1978-09-23,F,B+,0,2019-07-29
7978,11,592,10,5,KGID107978,Gaurav,1981-10-10,M,AB+,0,2005-09-04
7979,11,592,7,5,KGID107979,Laban,1978-03-16,M,O+,0,2009-03-07
7980,11,592,9,4,KGID107980,Aayush,1979-07-12,M,O-,0,2019-02-19
7981,11,592,9,4,KGID107981,Noah,1981-08-23,M,A-,0,2001-01-12
7982,11,592,6,6,KGID107982,Logan,2002-06-26,M,A+,0,2021-05-27
7983,11,592,10,3,KGID107983,Ayush,1994-09-27,M,AB+,0,2022-08-22
7984,11,592,6,2,KGID107984,Girish,1984-04-08,M,B+,0,2019-10-11
7985,11,592,10,6,KGID107985,Krishna,2000-09-21,M,O+,0,2017-08-10
7986,11,592,7,3,KGID107986,Champak,1969-05-24,M,B-,0,1997-03-08
7987,11,592,10,3,KGID107987,Anusha,1978-06-09,F,B-,0,2005-07-08
7988,11,592,6,4,KGID107988,Kevin,1990-06-27,M,B-,0,1996-12-28
7989,11,593,10,3,KGID107989,Fariq,1969-10-23,M,O+,0,2012-12-03
7990,11,593,7,5,KGID107990,Charles,1968-03-12,M,B-,0,1997-08-31
7991,11,593,10,4,KGID107991,Sneha,1977-08-06,F,A+,0,2008-06-08
7992,11,593,10,3,KGID107992,Max,1980-05-25,M,A-,0,2011-12-09
7993,11,593,7,1,KGID107993,Kevin,1991-09-09,M,O+,0,2016-11-06
7994,11,593,6,5,KGID107994,Jairaj,1990-08-15,M,A+,0,2001-01-26
7995,11,593,6,6,KGID107995,Kalpit,1978-02-12,M,A+,0,2015-12-23
7996,11,593,7,6,KGID107996,Onveer,1991-10-27,M,AB+,0,2000-07-16
7997,11,593,10,1,KGID107997,Sudiksha,1969-12-06,F,O-,0,2000-11-01
7998,11,593,10,4,KGID107998,Simon,1975-07-23,M,AB+,0,1998-08-30
7999,11,593,6,2,KGID107999,Nitesh,2002-02-20,M,A+,0,2020-11-28
8000,11,593,10,2,KGID108000,Naksh,1987-04-21,M,B-,0,2010-01-11
8001,11,593,7,1,KGID108001,Alexander,1991-01-30,M,A-,0,2004-06-29
8002,11,593,6,3,KGID108002,Peter,1991-12-07,M,A-,0,2024-05-29
8003,11,593,5,5,KGID108003,Udarsh,1967-12-01,M,B-,0,2009-11-07
8004,11,593,10,2,KGID108004,Nachiket,1972-04-15,M,O-,0,2003-07-05
8005,11,594,9,6,KGID108005,Chanakya,2001-08-22,M,A-,0,2015-03-11
8006,11,594,7,4,KGID108006,Yashodhara,1986-06-27,F,B-,0,2018-02-05
8007,11,594,10,2,KGID108007,Imaran,1988-09-26,M,AB+,0,2011-09-27
8008,11,594,6,6,KGID108008,Pranav,1989-06-15,M,O+,0,2009-05-28
8009,11,594,10,2,KGID108009,Maanav,1995-08-08,M,B+,0,2002-05-24
8010,11,594,7,3,KGID108010,Krishna,1975-10-11,F,AB+,0,1997-07-14
8011,11,594,9,1,KGID108011,Parth,1977-09-22,M,B-,0,1997-05-27
8012,11,594,10,2,KGID108012,Joshua,1986-05-16,M,O-,0,2011-02-20
8013,11,594,6,5,KGID108013,Matthew,1989-06-15,M,O+,0,2025-03-27
8014,11,594,5,3,KGID108014,Sarthak,1978-05-29,M,B+,0,2020-04-20
8015,11,594,9,6,KGID108015,Pranit,1992-08-11,M,O-,0,2002-03-02
8016,11,595,10,2,KGID108016,Ishwar,1982-12-28,M,B-,0,2011-03-09
8017,11,595,10,1,KGID108017,Jatin,1969-01-19,M,A-,0,2020-08-02
8018,11,595,9,1,KGID108018,Gopal,1983-07-20,M,B+,0,2009-04-13
8019,11,595,7,4,KGID108019,Jairaj,1985-08-29,M,O+,0,2011-09-20
8020,11,595,10,6,KGID108020,Qadim,1971-10-13,M,B+,0,2022-03-25
8021,11,595,9,6,KGID108021,Darpan,1970-05-25,M,B+,0,2018-02-13
8022,11,595,10,3,KGID108022,Harrison,1976-02-15,M,B+,0,2001-07-19
8023,11,595,10,1,KGID108023,Thomas,1977-04-28,M,A-,0,2023-07-13
8024,11,595,7,2,KGID108024,Ryan,1978-03-08,M,O+,0,2020-11-24
8025,11,595,9,4,KGID108025,Peter,1975-02-28,M,A-,0,2021-12-19
8026,11,595,9,6,KGID108026,Anthony,1970-08-28,M,AB+,0,2003-03-09
8027,11,595,6,2,KGID108027,Arunima,1980-01-07,F,B-,0,1998-11-20
8028,11,595,10,6,KGID108028,Fiyaz,1968-05-07,M,A-,0,2020-08-14
8029,11,595,6,4,KGID108029,Ishwar,1973-07-29,M,A+,1,1999-05-17
8030,11,595,6,6,KGID108030,Ranveer,1979-08-21,M,B+,0,1998-12-11
8031,11,595,10,1,KGID108031,Siya,1984-10-08,F,A-,0,2018-08-23
8032,11,595,7,4,KGID108032,Jacob,1978-05-08,M,A+,0,2016-04-18
8033,11,596,9,2,KGID108033,George,1980-10-01,M,A+,0,1998-11-04
8034,11,596,9,6,KGID108034,Krishna,1992-07-29,F,B+,0,2014-06-11
8035,11,596,9,4,KGID108035,Nihal,1996-12-18,M,AB+,0,2018-01-04
8036,11,596,10,4,KGID108036,Siddharth,2001-11-09,M,O-,0,2009-03-02
8037,11,596,10,4,KGID108037,Kai,1979-07-28,M,AB+,0,2007-03-05
8038,11,596,10,1,KGID108038,Bahadurjit,1982-04-02,M,B+,0,2016-09-11
8039,11,596,10,3,KGID108039,Kashvi,1994-07-31,F,O-,0,2018-10-07
8040,11,596,10,6,KGID108040,Ishaan,1997-01-08,M,B-,0,2000-01-24
8041,11,596,10,5,KGID108041,Rachana,1985-09-12,F,B+,0,2014-09-13
8042,11,596,10,1,KGID108042,Teerth,1968-02-25,M,A-,0,2021-03-05
8043,11,596,10,2,KGID108043,Baljiwan,1980-03-26,M,B+,0,2005-07-27
8044,11,596,10,6,KGID108044,Eshana,1978-03-23,F,B-,1,2011-04-11
8045,11,596,7,3,KGID108045,Nakul,1986-05-17,M,O+,0,2011-07-10
8046,11,596,10,4,KGID108046,Dhruv,1997-07-11,M,O+,0,2019-09-24
8047,11,596,7,1,KGID108047,Krishna,1989-03-19,M,AB+,0,2014-05-02
8048,11,596,10,1,KGID108048,Fariq,1967-12-10,M,B-,0,2001-08-11
8049,11,596,9,4,KGID108049,Chatura,1975-11-03,M,B+,0,2022-01-05
8050,11,596,5,3,KGID108050,Xalak,1980-06-06,F,A-,1,2010-07-12
8051,11,597,7,4,KGID108051,Lopa,1986-02-10,F,B-,0,1996-11-27
8052,11,597,9,1,KGID108052,Siya,1981-06-19,F,B+,0,1999-07-15
8053,11,597,9,4,KGID108053,Jagdish,1974-03-16,M,B+,0,2003-10-12
8054,11,597,10,6,KGID108054,Balvan,1974-12-19,M,O-,0,2020-09-20
8055,11,597,9,4,KGID108055,Logan,2002-05-12,M,AB+,0,2005-12-25
8056,11,597,9,5,KGID108056,Matthew,1984-12-02,M,O+,0,2003-08-28
8057,11,597,9,1,KGID108057,Parth,1989-08-25,M,A-,0,2001-09-19
8058,11,597,9,3,KGID108058,Idika,1981-09-28,F,O-,0,2024-08-17
8059,11,597,10,6,KGID108059,Nitara,1970-04-07,F,O+,0,2016-07-04
8060,11,597,7,5,KGID108060,Naksh,1973-05-29,M,O+,0,2013-03-30
8061,11,597,7,3,KGID108061,Omisha,1972-01-10,F,O+,0,2000-01-24
8062,11,597,10,5,KGID108062,Umang,1978-05-31,M,A+,0,2010-05-05
8063,11,597,10,3,KGID108063,William,1984-01-05,M,O-,0,2018-03-15
8064,11,597,6,5,KGID108064,Unni,1998-11-13,F,AB+,0,2013-07-10
8065,11,597,10,1,KGID108065,Balveer,1989-10-16,M,O-,0,2016-09-21
8066,11,597,7,5,KGID108066,Yatan,1982-07-18,M,B-,0,2001-08-29
8067,11,597,6,3,KGID108067,Reyansh,1999-09-07,M,AB+,0,2022-11-11
8068,11,597,6,6,KGID108068,Chandresh,1992-07-31,M,O-,0,2023-04-03
8069,11,597,7,3,KGID108069,Yuvraj,1972-05-02,M,A+,0,2023-11-12
8070,11,598,10,6,KGID108070,Vincent,1974-06-07,M,O+,0,2001-11-18
8071,11,598,6,1,KGID108071,Chanakya,1980-06-01,M,O-,0,2019-04-09
8072,11,598,7,4,KGID108072,Champak,2001-02-16,M,A+,0,2007-05-02
8073,11,598,10,6,KGID108073,Viraj,1983-06-29,M,O+,0,2013-09-29
8074,11,598,9,6,KGID108074,Ekbal,1970-03-05,M,B-,0,2009-06-11
8075,11,598,10,3,KGID108075,Anamika,1998-01-18,F,O-,0,2000-08-15
8076,11,598,9,6,KGID108076,Frado,2001-10-09,M,A-,0,2008-02-10
8077,11,598,10,2,KGID108077,Advaith,1971-07-04,M,O-,0,2006-03-26
8078,11,598,7,5,KGID108078,Girik,1996-04-20,M,O+,0,1999-11-04
8079,11,598,7,4,KGID108079,Ganga,1976-09-22,F,AB+,0,2010-08-13
8080,11,598,10,6,KGID108080,Avi,1968-02-14,M,AB+,0,1996-09-02
8081,11,598,6,6,KGID108081,Noah,1994-09-14,M,AB+,0,2024-10-18
8082,11,598,9,5,KGID108082,Aayush,1980-09-07,M,O+,1,1996-09-06
8083,11,598,10,6,KGID108083,Qarin,1986-08-22,M,B+,0,2015-03-22
8084,11,598,10,5,KGID108084,Jason,1968-10-21,M,O+,0,2006-08-02
8085,11,598,10,1,KGID108085,Benjamin,2002-05-27,M,B+,0,2022-12-15
8086,11,599,10,2,KGID108086,Qadim,1982-07-05,M,O+,0,2019-09-09
8087,11,599,9,3,KGID108087,Leela,1990-08-25,F,AB+,0,2018-03-26
8088,11,599,10,2,KGID108088,Advay,2002-04-18,M,B-,0,1996-08-22
8089,11,599,9,6,KGID108089,Aashi,1994-11-06,F,O+,0,2021-11-16
8090,11,599,6,5,KGID108090,Lohit,1969-10-24,M,AB+,0,2008-05-14
8091,11,599,9,5,KGID108091,Kalpit,1987-03-28,M,B-,0,2010-09-04
8092,11,599,10,5,KGID108092,Ethan,1973-10-20,M,AB+,0,1997-10-04
8093,11,599,10,6,KGID108093,Nihal,1970-10-02,M,A+,0,1998-08-17
8094,11,599,9,2,KGID108094,Isaiah,1998-10-06,M,B+,0,2018-01-25
8095,11,599,7,4,KGID108095,Lavanya,1970-09-16,F,O+,0,2021-07-27
8096,11,599,10,4,KGID108096,Qasim,1978-08-19,M,O+,0,2016-04-06
8097,11,599,7,1,KGID108097,Rajata,1974-04-09,F,AB+,0,2021-03-27
8098,11,599,7,1,KGID108098,Dalaja,1967-08-29,F,A-,0,2010-03-09
8099,11,600,5,6,KGID108099,Gautam,1978-08-24,M,A+,0,2010-01-17
8100,11,600,10,4,KGID108100,Kabir,1987-07-08,M,A+,0,2021-04-27
8101,11,600,10,4,KGID108101,Elijah,1980-02-18,M,B+,0,1998-08-25
8102,11,600,9,3,KGID108102,Vivaan,1972-11-01,M,AB+,0,2022-07-15
8103,11,600,7,2,KGID108103,Gaurang,1991-09-19,M,O-,0,2003-07-24
8104,11,600,10,3,KGID108104,Gavin,1978-02-08,M,A+,0,2023-09-26
8105,11,600,10,6,KGID108105,Yug,1997-03-15,M,B+,0,2022-01-01
8106,11,600,7,3,KGID108106,Advay,1971-12-22,M,O-,0,2020-07-26
8107,11,600,10,6,KGID108107,Balveer,1968-01-04,M,AB+,0,2004-11-10
8108,11,600,10,6,KGID108108,Nathaniel,1998-12-27,M,B+,0,2022-10-05
8109,11,600,10,5,KGID108109,Upadhriti,1993-12-15,F,A-,0,2000-09-27
8110,11,600,5,5,KGID108110,Chandran,2001-12-10,M,A+,0,2024-02-15
8111,11,600,6,6,KGID108111,Mason,1993-03-25,M,B-,0,2016-07-17
8112,11,600,5,2,KGID108112,Daksh,2001-11-05,M,B-,0,2000-08-18
8113,11,601,9,6,KGID108113,Ayush,2000-11-20,M,O-,0,2022-10-23
8114,11,601,7,2,KGID108114,Advay,1994-08-15,M,A-,0,2023-09-03
8115,11,601,7,1,KGID108115,Xavier,1968-11-22,M,O-,0,2005-10-30
8116,11,601,10,4,KGID108116,Gabriel,1982-08-22,M,B+,0,2009-01-20
8117,11,601,9,4,KGID108117,Brijesh,2002-11-16,M,B+,0,2014-09-17
8118,11,601,10,3,KGID108118,Upkaar,1987-07-06,M,A-,0,2020-03-07
8119,11,601,10,6,KGID108119,Kiaan,1978-05-20,M,AB+,0,1998-06-04
8120,11,601,7,5,KGID108120,Teerth,1990-10-27,M,O+,1,2020-10-27
8121,11,601,10,3,KGID108121,Mitesh,1989-07-02,M,B+,0,2003-08-04
8122,11,601,7,1,KGID108122,Brijesh,1969-12-31,M,B-,0,2018-08-09
8123,11,601,7,2,KGID108123,Gagan,1986-12-30,M,O-,0,2024-07-04
8124,11,601,10,4,KGID108124,Mitali,1972-06-27,F,O-,0,2017-12-07
8125,11,601,10,6,KGID108125,Aryan,1985-10-19,M,B+,0,2019-09-08
8126,11,602,9,4,KGID108126,Kevin,1997-01-06,M,O-,0,2005-01-27
8127,11,602,7,3,KGID108127,Anmol,1967-07-25,M,B+,0,2016-10-05
8128,11,602,10,5,KGID108128,Oeshi,1984-08-13,F,A-,0,2021-12-11
8129,11,602,7,5,KGID108129,Chatura,1969-12-30,M,A-,0,2009-07-11
8130,11,602,10,1,KGID108130,Arin,1969-07-13,M,B-,0,2008-01-16
8131,11,602,9,4,KGID108131,Arjun,1996-03-27,M,AB+,0,2012-01-09
8132,11,602,10,6,KGID108132,Finn,1970-10-18,M,A+,0,2011-05-15
8133,11,602,10,3,KGID108133,Jairaj,1974-07-27,M,B+,0,2007-11-25
8134,11,602,5,6,KGID108134,Vamakshi,1992-06-20,F,O-,0,2019-10-17
8135,11,602,9,3,KGID108135,Caleb,1972-06-17,M,B-,0,2019-12-25
8136,11,602,7,1,KGID108136,Hema,1978-04-10,F,O-,0,2008-01-26
8137,11,602,9,3,KGID108137,Timothy,1988-01-18,M,A-,0,2004-02-17
8138,11,602,6,3,KGID108138,Abdul,1977-08-07,M,B-,0,2000-12-30
8139,11,602,6,4,KGID108139,Ekansh,1998-05-13,M,O-,0,1999-06-26
8140,11,603,6,5,KGID108140,Devika,2002-08-04,F,O-,0,2005-09-21
8141,11,603,10,6,KGID108141,Lakshit,1995-05-10,M,A+,0,1997-08-23
8142,11,603,10,3,KGID108142,Harish,1996-05-05,M,A-,0,2005-08-07
8143,11,603,10,2,KGID108143,Chaitanya,1992-01-14,M,B+,0,2008-01-17
8144,11,603,7,6,KGID108144,Wazir,1982-10-24,M,O-,0,2023-09-01
8145,11,603,7,2,KGID108145,Megha,1986-11-26,F,AB+,0,2005-03-09
8146,11,603,9,3,KGID108146,Kala,2001-10-03,F,A+,0,2002-11-13
8147,11,603,10,1,KGID108147,Darsh,1981-12-04,M,A-,0,2023-09-09
8148,11,603,10,6,KGID108148,Brijesh,1982-12-30,M,A-,0,1996-10-10
8149,11,603,6,2,KGID108149,Ojas,1996-12-07,M,A+,0,2000-05-17
8150,11,603,6,2,KGID108150,Viraj,1987-05-16,M,B-,0,2015-02-09
8151,11,603,9,1,KGID108151,Zaid,1976-12-09,M,B+,0,2003-08-21
8152,11,603,9,4,KGID108152,Nisha,1988-01-09,F,O-,0,2005-09-27
8153,11,603,10,1,KGID108153,Aahana,1980-05-07,F,B+,0,2013-04-23
8154,11,603,7,5,KGID108154,Guneet,1983-11-26,M,B+,1,2014-06-19
8155,11,603,10,1,KGID108155,Maanav,2000-09-20,M,AB+,0,2014-02-08
8156,11,603,7,3,KGID108156,Aarnav,1998-07-19,M,AB+,0,2012-08-18
8157,11,603,6,2,KGID108157,Utkarsh,1984-06-02,M,A-,0,2022-08-14
8158,11,603,10,4,KGID108158,Chakradev,1989-10-30,M,O-,0,2015-10-10
8159,11,604,10,6,KGID108159,Manan,1992-12-27,M,A-,0,2025-05-24
8160,11,604,5,3,KGID108160,Advika,1988-03-27,F,AB+,0,2015-08-10
8161,11,604,9,2,KGID108161,Gautam,1978-08-17,M,B-,0,2013-01-21
8162,11,604,9,5,KGID108162,Frado,1988-04-10,M,AB+,0,2024-06-12
8163,11,604,10,2,KGID108163,Hredhaan,1971-07-02,M,A+,0,2019-03-14
8164,11,604,10,4,KGID108164,Wazir,1967-12-28,M,B+,0,2012-08-31
8165,11,604,7,1,KGID108165,Chaaya,1989-01-14,F,B-,0,2023-05-01
8166,11,604,10,1,KGID108166,Matthew,1977-04-13,M,O-,0,2015-02-06
8167,11,604,10,3,KGID108167,Ekaraj,2000-06-12,M,A-,0,2025-01-25
8168,11,604,10,1,KGID108168,Frederick,1998-10-24,M,A+,0,2014-10-28
8169,11,604,5,1,KGID108169,Daksh,1989-07-13,M,AB+,0,2010-06-13
8170,11,604,10,4,KGID108170,Peter,1995-12-27,M,AB+,0,2022-03-06
8171,11,604,9,6,KGID108171,Patrick,1976-08-13,M,AB+,0,2012-03-07
8172,11,604,7,2,KGID108172,Odika,1995-08-19,F,O-,0,2001-04-13
8173,11,604,9,3,KGID108173,Pushti,2002-10-17,F,A+,0,2012-04-25
8174,11,604,10,5,KGID108174,Faras,1983-12-14,M,AB+,0,2002-05-07
8175,11,604,10,2,KGID108175,Chatura,1999-11-21,M,A+,0,2017-01-03
8176,11,605,9,3,KGID108176,Panini,1975-11-12,F,B-,0,1998-03-13
8177,11,605,9,1,KGID108177,Ekbal,1988-01-26,M,A+,0,2012-07-28
8178,11,605,10,3,KGID108178,Yagnesh,1989-09-26,M,A-,0,2007-09-06
8179,11,605,9,2,KGID108179,Thomas,1974-07-04,M,B-,0,2006-05-10
8180,11,605,10,5,KGID108180,Andrew,1972-06-15,M,AB+,0,2016-09-23
8181,11,605,9,6,KGID108181,Brijesh,1995-08-01,M,B-,0,2007-03-06
8182,11,605,10,5,KGID108182,Gautam,1970-07-04,M,B-,0,2017-03-02
8183,11,605,9,4,KGID108183,Joshua,1994-10-09,M,A+,1,2011-03-08
8184,11,605,10,6,KGID108184,Faras,1987-11-07,M,A-,0,2022-08-22
8185,11,605,5,1,KGID108185,Ekbal,1967-07-27,M,B+,0,2010-12-19
8186,11,606,10,5,KGID108186,Nathan,1978-10-30,M,O-,0,2015-03-06
8187,11,606,9,3,KGID108187,Anay,1984-12-23,M,O+,0,2025-01-22
8188,11,606,10,1,KGID108188,Harrison,1976-11-27,M,A-,0,2016-01-12
8189,11,606,7,5,KGID108189,Krishna,1971-04-03,M,B-,0,2001-07-02
8190,11,606,7,4,KGID108190,Girindra,2001-06-28,M,B-,0,2023-07-01
8191,11,606,10,5,KGID108191,Patrick,1968-05-17,M,B+,0,2014-02-24
8192,11,606,10,3,KGID108192,Rishi,1994-04-19,M,A-,0,2004-05-14
8193,11,606,10,1,KGID108193,Quincy,1984-12-13,M,A+,0,2024-06-11
8194,11,606,10,4,KGID108194,Michael,1972-12-23,M,O-,0,2010-12-24
8195,11,606,9,5,KGID108195,Harini,1989-07-16,F,B+,1,2001-08-25
8196,11,606,6,5,KGID108196,Rushil,1972-02-10,M,A-,0,1999-11-25
8197,11,606,6,1,KGID108197,Abeer,1983-04-23,M,B+,0,2010-12-08
8198,11,607,10,1,KGID108198,Samuel,1981-10-15,M,O+,0,2024-09-16
8199,11,607,10,6,KGID108199,Siddharth,1988-01-07,M,O-,0,2022-08-12
8200,11,607,10,4,KGID108200,Neel,1971-02-01,M,A-,0,1999-09-19
8201,11,607,9,3,KGID108201,Jairaj,1993-09-07,M,O-,0,1999-04-11
8202,11,607,10,3,KGID108202,Umang,1997-05-08,M,O+,0,2017-02-08
8203,11,607,10,4,KGID108203,Qasim,1985-11-03,M,O+,0,1998-01-13
8204,11,607,6,6,KGID108204,Jai,1985-11-01,M,O+,0,2006-01-28
8205,11,607,10,4,KGID108205,Ekavir,1993-02-02,M,O+,0,2002-10-29
8206,11,607,7,3,KGID108206,Frado,1968-10-12,M,B-,0,2023-11-23
8207,11,607,9,3,KGID108207,Omaja,1980-07-04,F,B+,0,2017-01-15
8208,11,607,6,5,KGID108208,Imaran,1998-09-18,M,A+,0,2017-04-01
8209,11,607,10,1,KGID108209,Diya,1972-01-24,F,O-,0,1997-08-10
8210,11,607,10,4,KGID108210,Eiravati,1973-01-22,F,AB+,0,2011-05-08
8211,11,607,9,3,KGID108211,Kabir,1996-01-21,M,A+,0,2015-01-26
8212,11,607,7,4,KGID108212,Girik,1981-06-06,M,A+,0,2018-06-24
8213,11,608,7,5,KGID108213,Udarsh,1979-01-04,M,A+,0,2021-06-22
8214,11,608,9,2,KGID108214,Wahab,1999-04-28,M,A+,0,2010-12-07
8215,11,608,10,6,KGID108215,Harrison,1989-12-15,M,A+,0,2009-12-09
8216,11,608,9,4,KGID108216,Chatresh,1982-09-01,M,A+,0,2000-01-27
8217,11,608,7,3,KGID108217,Dalbir,1979-09-17,M,AB+,0,1999-01-03
8218,11,608,10,5,KGID108218,Krishna,1999-03-03,M,A-,0,2013-11-28
8219,11,608,5,3,KGID108219,Agastya,1970-04-18,M,B+,0,2018-12-07
8220,11,608,10,1,KGID108220,Daniel,1984-06-04,M,O+,0,2004-07-22
8221,11,609,6,6,KGID108221,Christopher,1996-03-07,M,B+,0,2003-06-09
8222,11,609,10,6,KGID108222,Pratyush,1979-01-09,M,B+,0,2007-04-13
8223,11,609,5,6,KGID108223,Meghana,1981-02-23,F,O-,0,2019-01-02
8224,11,609,10,6,KGID108224,Maanas,1968-02-08,M,A-,0,2003-01-06
8225,11,609,10,6,KGID108225,Yash,1985-01-13,M,A-,0,2007-04-17
8226,11,609,6,6,KGID108226,Omkaar,1998-09-16,M,O+,0,2024-05-31
8227,11,609,10,2,KGID108227,Timothy,1984-03-03,M,B-,0,2024-05-29
8228,11,609,9,6,KGID108228,Ronith,1982-01-30,M,O+,0,2016-08-28
8229,11,609,7,6,KGID108229,Brijesh,1979-01-24,M,B+,0,2022-04-04
8230,11,609,5,2,KGID108230,Karan,1980-04-09,M,A+,0,2016-04-17
8231,11,609,7,3,KGID108231,Banjeet,1994-09-22,M,A+,0,2000-02-04
8232,11,609,10,6,KGID108232,Yuvraj,1970-01-01,M,B+,0,2015-04-13
8233,11,609,10,4,KGID108233,Ishaan,1981-07-22,M,B+,0,2022-07-13
8234,11,610,6,1,KGID108234,Isaac,1977-11-15,M,A-,0,2025-06-19
8235,11,610,10,5,KGID108235,Yuvraj,1968-02-21,M,A-,0,2002-09-11
8236,11,610,9,2,KGID108236,Rehaan,1997-04-20,M,A+,0,2004-07-16
8237,11,610,6,3,KGID108237,Wridesh,1983-05-18,M,AB+,0,2007-09-12
8238,11,610,6,5,KGID108238,Quincy,1977-12-30,M,B+,0,2018-01-21
8239,11,610,7,5,KGID108239,Maanas,1974-12-26,M,A+,0,1999-11-27
8240,11,610,6,5,KGID108240,Kai,1971-05-26,M,AB+,0,2007-12-16
8241,11,610,6,5,KGID108241,Matthew,1973-02-27,M,A-,0,2024-07-26
8242,11,610,10,2,KGID108242,Hritik,1982-12-23,M,O-,0,2015-05-20
8243,11,610,9,2,KGID108243,Faqid,1968-01-04,M,O-,0,2015-10-13
8244,11,610,10,3,KGID108244,Lakshmi,1970-06-28,F,B-,0,2005-07-12
8245,11,610,10,6,KGID108245,Theodore,1987-03-06,M,A-,0,2005-11-15
8246,11,610,10,1,KGID108246,Barkha,2001-09-17,F,A-,0,2008-03-17
8247,11,610,10,5,KGID108247,Banjeet,1996-11-22,M,A-,0,2025-04-21
8248,11,610,10,6,KGID108248,Henry,1995-11-03,M,B+,0,2002-04-02
8249,11,610,10,1,KGID108249,Daniel,1970-02-02,M,O-,0,2008-05-29
8250,11,610,10,2,KGID108250,Atharv,2000-08-03,M,B-,0,1997-03-12
8251,11,610,9,1,KGID108251,Nitara,1972-05-30,F,B+,0,2010-04-08
8252,11,611,10,1,KGID108252,Lavanya,1990-12-19,F,A-,0,2003-02-28
8253,11,611,6,4,KGID108253,Peter,1994-06-25,M,O+,0,2012-12-21
8254,11,611,10,2,KGID108254,Nathan,2000-05-21,M,O+,0,2006-12-08
8255,11,611,6,6,KGID108255,Thomas,1996-10-16,M,A+,0,2005-06-21
8256,11,611,7,6,KGID108256,Indrajit,1982-10-20,M,A+,0,1998-08-11
8257,11,611,10,2,KGID108257,Darpan,1998-04-21,M,O-,0,2002-04-29
8258,11,611,10,3,KGID108258,Gunbir,1976-12-04,M,O+,0,2020-07-02
8259,11,611,9,3,KGID108259,Balveer,1996-03-08,M,AB+,0,2020-10-11
8260,11,611,5,2,KGID108260,Pooja,1974-03-11,F,B+,0,2014-11-20
8261,11,611,7,1,KGID108261,Anay,1978-10-20,M,B-,0,2011-09-15
8262,11,611,10,1,KGID108262,Ojas,1990-07-13,M,AB+,0,2021-11-02
8263,11,611,7,6,KGID108263,Qadim,1986-05-07,M,B-,0,2008-09-17
8264,11,611,10,1,KGID108264,Gabriel,1985-12-22,M,O+,0,2007-09-09
8265,11,611,10,3,KGID108265,Brijesh,1991-12-06,M,A-,0,2025-07-18
8266,11,611,6,5,KGID108266,Ethan,1998-11-18,M,A+,0,2020-04-03
8267,11,611,6,2,KGID108267,Owen,1992-03-31,M,O+,0,2020-09-23
8268,11,611,10,6,KGID108268,Falak,1972-04-15,F,AB+,0,2009-11-22
8269,11,611,5,2,KGID108269,Anthony,1982-12-26,M,O-,0,2003-12-22
8270,11,611,10,1,KGID108270,Oni,2003-06-27,F,O-,0,2014-08-19
8271,11,612,6,5,KGID108271,Aadi,2000-04-23,M,A-,0,2021-04-15
8272,11,612,10,1,KGID108272,Atharv,1991-12-21,M,AB+,0,2015-10-18
8273,11,612,6,6,KGID108273,Joshua,1988-12-11,M,AB+,0,2021-07-30
8274,11,612,10,2,KGID108274,Sai,1969-12-11,M,B+,0,2014-01-03
8275,11,612,10,6,KGID108275,Benjamin,1969-05-24,M,A+,0,2002-08-23
8276,11,612,10,5,KGID108276,Aayush,1986-11-27,M,O+,0,1998-09-18
8277,11,612,10,1,KGID108277,Gaurang,1980-08-29,M,AB+,0,2012-11-30
8278,11,612,9,3,KGID108278,Logan,1974-05-30,M,O+,0,2004-04-17
8279,11,612,10,5,KGID108279,Gaurika,1967-10-14,F,B-,0,2012-05-03
8280,11,612,9,2,KGID108280,Umang,1973-06-26,M,A+,0,2007-06-18
8281,11,612,5,5,KGID108281,Arjun,1979-08-30,M,A+,0,2019-09-25
8282,11,612,10,5,KGID108282,Nitesh,1999-03-23,M,O-,1,1999-11-05
8283,11,612,10,4,KGID108283,Lucky,1970-05-20,M,O-,0,2019-06-23
8284,11,612,5,2,KGID108284,Ishaan,1974-12-11,M,AB+,0,1999-08-08
8285,11,612,5,3,KGID108285,Harshil,1991-11-15,M,O-,0,2000-04-16
8286,11,612,5,2,KGID108286,Yug,1971-09-28,M,O+,0,2000-06-25
8287,11,612,10,5,KGID108287,Balendra,1974-09-02,M,O+,0,2010-07-27
8288,11,612,5,2,KGID108288,Timothy,1999-08-06,M,O+,0,2001-10-30
8289,11,613,10,4,KGID108289,Kalpit,1998-12-02,M,O-,0,2011-10-08
8290,11,613,9,5,KGID108290,Bhavani,1999-05-07,F,O+,0,2012-03-27
8291,11,613,6,6,KGID108291,Sarthak,1978-09-25,M,O-,0,2009-11-22
8292,11,613,10,2,KGID108292,Harsh,1996-06-01,M,A-,0,2014-12-11
8293,11,613,6,5,KGID108293,Shaurya,1976-01-31,M,O-,0,2002-09-12
8294,11,613,10,1,KGID108294,Vedant,1991-08-01,M,A-,0,2020-03-04
8295,11,613,10,5,KGID108295,Sarthak,1987-11-18,M,AB+,0,2017-08-03
8296,11,613,9,1,KGID108296,Dalaja,1975-12-30,F,A-,0,2001-01-04
8297,11,613,5,3,KGID108297,Kevin,2000-02-01,M,B-,0,2015-12-01
8298,11,613,10,5,KGID108298,Wazir,1993-01-11,M,A+,0,2016-02-23
8299,11,613,10,2,KGID108299,Udant,1971-10-04,M,AB+,0,1998-09-16
8300,11,613,9,4,KGID108300,Jacob,1999-10-19,M,O+,0,1998-09-26
8301,11,613,7,5,KGID108301,Oscar,1974-01-22,M,A+,0,2009-02-12
8302,11,613,9,3,KGID108302,Madhav,1980-07-07,M,O-,0,2004-01-04
8303,11,613,7,3,KGID108303,Dhruv,1989-01-14,M,AB+,0,2018-10-15
8304,11,613,7,5,KGID108304,Harini,1985-06-17,F,AB+,0,2024-03-26
8305,11,613,7,4,KGID108305,Anjali,1979-12-01,F,O+,0,2015-12-24
8306,11,613,10,1,KGID108306,Orinder,1999-10-25,M,AB+,0,2011-10-02
8307,11,613,7,3,KGID108307,Nakul,1978-11-02,M,O-,0,2009-12-30
8308,11,613,10,1,KGID108308,Jack,1984-08-10,M,A-,0,1996-07-30
8309,11,614,9,2,KGID108309,Balendra,1993-10-21,M,A-,0,2011-06-17
8310,11,614,6,5,KGID108310,Gabriel,1986-01-09,M,B-,0,2023-01-23
8311,11,614,10,2,KGID108311,Gaurav,2000-12-09,M,A-,0,2011-06-29
8312,11,614,10,2,KGID108312,Max,2002-12-25,M,AB+,0,2020-08-18
8313,11,614,9,4,KGID108313,Simon,1993-11-28,M,O+,0,2007-05-20
8314,11,614,10,3,KGID108314,Ucchal,1980-09-06,F,A-,0,2009-09-23
8315,11,614,7,4,KGID108315,Ekalinga,1975-09-15,M,B+,0,2002-06-22
8316,11,614,9,2,KGID108316,Anay,1990-07-08,M,O+,0,2016-03-27
8317,11,615,10,4,KGID108317,Jason,1994-05-02,M,AB+,0,2011-04-16
8318,11,615,6,5,KGID108318,Timothy,2002-07-26,M,B+,0,2013-02-17
8319,11,615,10,5,KGID108319,Gopal,1983-08-01,M,O-,0,2016-10-04
8320,11,615,10,6,KGID108320,Maanav,2001-05-14,M,B-,0,2005-03-18
8321,11,615,9,5,KGID108321,Chaitanya,1999-05-07,M,O+,0,2024-08-01
8322,11,615,9,4,KGID108322,Harsh,1990-09-27,M,B+,0,2004-06-07
8323,11,615,10,3,KGID108323,Alka,1980-01-24,F,A-,0,2013-05-16
8324,11,615,7,4,KGID108324,Manbir,1994-01-28,M,O+,0,2022-09-22
8325,11,615,7,6,KGID108325,Jack,2002-09-25,M,AB+,0,2012-01-01
8326,11,615,7,5,KGID108326,Imaran,1998-06-15,M,A+,0,2022-09-23
8327,11,615,9,5,KGID108327,Siddharth,1984-07-30,M,O+,0,2018-06-15
8328,11,615,5,3,KGID108328,Om,1981-02-07,M,A-,0,2017-02-07
8329,11,615,9,1,KGID108329,Qarin,1970-01-06,M,O-,0,2018-08-04
8330,11,615,7,3,KGID108330,Samarth,1991-07-14,M,A+,0,2008-07-21
8331,11,615,6,5,KGID108331,Faris,1989-03-26,M,O-,0,2004-12-27
8332,11,615,10,6,KGID108332,Abhiram,1979-10-01,M,A+,0,2000-08-16
8333,11,616,9,3,KGID108333,Jeremiah,1969-06-01,M,AB+,0,2002-04-09
8334,11,616,10,4,KGID108334,Indrajit,1972-02-03,M,O-,0,2016-05-03
8335,11,616,10,6,KGID108335,Agastya,1967-12-18,M,A-,0,1999-11-26
8336,11,616,7,1,KGID108336,Kabir,1998-12-20,M,B-,0,2011-05-31
8337,11,616,9,1,KGID108337,Ishanvi,1975-06-03,F,AB+,0,2007-10-27
8338,11,616,10,2,KGID108338,David,1968-05-21,M,O+,0,2024-09-21
8339,11,616,10,3,KGID108339,Ojas,2000-04-30,M,AB+,1,2005-01-08
8340,11,616,10,1,KGID108340,Vasatika,2003-02-15,F,B+,0,2005-09-28
8341,11,616,7,5,KGID108341,Netra,1978-10-03,F,O-,0,2006-05-14
8342,11,617,9,1,KGID108342,Dalaja,1976-01-20,F,B+,0,2010-01-02
8343,11,617,9,5,KGID108343,Ansh,2001-08-06,M,A-,0,2010-04-23
8344,11,617,10,6,KGID108344,Umang,1997-08-03,M,A-,0,2009-05-27
8345,11,617,10,5,KGID108345,Bhavini,1995-10-18,F,O+,0,2007-12-11
8346,11,617,7,5,KGID108346,Anmol,1978-11-16,M,O-,0,2002-02-28
8347,11,617,9,2,KGID108347,Gopal,2000-12-12,M,A+,0,2025-05-11
8348,11,617,9,4,KGID108348,Oscar,2002-07-30,M,B+,0,2000-09-24
8349,11,617,9,4,KGID108349,Saksham,1989-09-30,M,A+,0,1997-01-03
8350,11,617,7,3,KGID108350,Tejas,2003-04-17,M,O+,0,2009-04-14
8351,11,617,10,6,KGID108351,Keya,1980-12-23,F,O+,0,2024-11-08
8352,11,618,10,4,KGID108352,Oliver,2001-05-31,M,O+,0,2016-01-26
8353,11,618,7,1,KGID108353,Kai,1984-12-19,M,A+,0,2023-12-21
8354,11,618,7,4,KGID108354,Veer,1972-10-26,M,O-,1,1996-10-13
8355,11,618,9,5,KGID108355,David,2001-02-03,M,B-,0,2010-05-18
8356,11,618,9,3,KGID108356,Baljiwan,1970-01-03,M,B-,0,2019-12-08
8357,11,618,6,6,KGID108357,Vihaan,2002-09-06,M,O+,0,2020-07-09
8358,11,618,9,6,KGID108358,Jairaj,1997-02-10,M,A-,0,2016-07-27
8359,11,618,10,6,KGID108359,Idika,1971-10-04,F,A-,0,2003-03-25
8360,11,619,10,3,KGID108360,Yashawini,1996-02-05,F,O+,0,2003-05-11
8361,11,619,9,4,KGID108361,Lila,2002-12-13,F,O-,0,2016-09-06
8362,11,619,7,6,KGID108362,Vaishnavi,1998-08-10,F,B+,0,2016-04-12
8363,11,619,10,1,KGID108363,Agastya,1967-12-08,M,O-,0,2021-11-26
8364,11,619,9,6,KGID108364,Zehaan,1971-11-03,M,B+,0,2018-06-13
8365,11,619,10,4,KGID108365,Jeet,1971-11-28,M,B-,0,2020-10-08
8366,11,619,9,2,KGID108366,Yash,1992-02-04,M,B-,0,2018-06-05
8367,11,619,10,3,KGID108367,Girindra,2002-01-25,M,B+,0,1998-06-06
8368,11,619,5,2,KGID108368,Farhan,1974-07-11,M,O+,0,2007-10-13
8369,11,619,10,1,KGID108369,Logan,1979-03-25,M,B+,0,2016-08-02
8370,11,619,10,4,KGID108370,George,1985-10-20,M,AB+,0,2008-09-23
8371,11,620,10,1,KGID108371,Aarav,1981-02-26,M,B+,0,2016-09-23
8372,11,620,7,6,KGID108372,Hritik,1995-12-05,M,AB+,0,2016-12-25
8373,11,620,7,3,KGID108373,Rudra,1981-09-30,M,A+,0,2019-07-14
8374,11,620,10,6,KGID108374,Rohan,1994-05-15,M,AB+,0,2002-02-13
8375,11,620,6,6,KGID108375,Abdul,1988-01-17,M,O+,0,2017-07-07
8376,11,620,10,6,KGID108376,Anthony,1975-04-14,M,AB+,0,1997-12-17
8377,11,620,6,4,KGID108377,Chandran,1967-11-14,M,A+,0,2008-02-16
8378,11,620,10,1,KGID108378,Champak,1989-11-16,M,AB+,0,2017-10-15
8379,11,620,9,3,KGID108379,Upma,1969-03-11,F,A-,0,2024-08-07
8380,11,620,6,2,KGID108380,Caleb,1977-07-27,M,O+,0,2021-05-04
8381,11,620,10,4,KGID108381,Bhavya,1999-12-18,F,A-,0,2022-10-31
8382,11,620,7,4,KGID108382,Sarthak,1986-07-25,M,A-,0,1996-09-06
8383,11,620,10,6,KGID108383,Jason,1982-02-04,M,O-,0,2000-01-07
8384,11,620,6,4,KGID108384,Charan,1980-06-30,M,A+,0,2018-03-08
8385,11,620,9,4,KGID108385,Qadim,2000-03-02,M,B+,0,2008-02-21
8386,11,621,7,1,KGID108386,Rehaan,1967-10-22,M,O-,0,2008-01-19
8387,11,621,10,4,KGID108387,Ojas,1968-11-05,M,O+,0,2000-02-20
8388,11,621,10,6,KGID108388,Frederick,2000-10-06,M,B+,0,2015-09-24
8389,11,621,7,6,KGID108389,Maanav,1994-03-13,M,O-,0,2013-11-27
8390,11,621,10,2,KGID108390,Indrajit,2003-04-25,M,B-,0,2021-01-19
8391,11,621,7,1,KGID108391,Radha,1983-08-28,F,AB+,0,1999-12-15
8392,11,621,9,1,KGID108392,Anay,1977-10-05,M,B+,0,2021-09-23
8393,11,621,5,4,KGID108393,Chaitanya,1987-12-04,M,B+,0,2021-12-24
8394,11,621,7,4,KGID108394,Farhan,1985-04-18,M,O-,0,2015-05-16
8395,11,621,7,4,KGID108395,Damyanti,2000-07-31,F,O+,0,1996-07-31
8396,11,622,10,1,KGID108396,Hredhaan,1996-07-20,M,A+,0,2014-03-06
8397,11,622,10,3,KGID108397,Darika,2000-07-07,F,AB+,0,2024-10-09
8398,11,622,10,3,KGID108398,Abha,1989-10-25,F,A+,0,2015-11-02
8399,11,622,6,3,KGID108399,Maanav,1988-06-02,M,O+,0,2022-12-22
8400,11,622,10,6,KGID108400,Aarnav,1990-12-06,M,A-,0,1997-03-30
8401,11,622,7,5,KGID108401,Yutika,1975-08-20,F,AB+,0,2003-01-30
8402,11,622,10,4,KGID108402,Anika,1985-05-26,F,A-,0,1998-06-10
8403,11,622,10,1,KGID108403,Rayaan,1968-11-23,M,A+,0,2023-08-07
8404,11,622,7,1,KGID108404,Azad,1973-08-10,M,O+,0,2020-09-03
8405,11,622,5,4,KGID108405,Jhalak,1970-06-24,F,B-,0,1997-07-04
8406,11,622,9,4,KGID108406,Umang,1995-03-05,M,A-,0,2001-05-31
8407,11,622,10,2,KGID108407,Brijesh,1975-03-26,M,AB+,0,2013-12-14
8408,11,622,6,3,KGID108408,Chakradhar,1980-12-12,M,A-,0,1998-09-29
8409,12,623,5,4,KGID108409,Tristan,1974-02-21,M,B-,0,2015-05-18
8410,12,623,10,1,KGID108410,Jagat,1968-06-02,M,AB+,0,2018-02-12
8411,12,623,10,6,KGID108411,Nitesh,1997-05-03,M,O-,0,2006-02-26
8412,12,623,10,2,KGID108412,Udant,1981-07-11,M,B+,0,2014-04-16
8413,12,623,6,4,KGID108413,Ansh,1983-04-13,M,A+,0,2018-02-13
8414,12,623,5,1,KGID108414,Kevin,1992-09-17,M,A+,0,2001-06-13
8415,12,623,10,6,KGID108415,Manan,1992-11-27,M,AB+,0,1996-08-28
8416,12,623,10,5,KGID108416,Rudra,1984-08-07,M,A-,0,1998-12-16
8417,12,623,10,3,KGID108417,Brijesh,1988-03-02,M,A-,0,2022-07-21
8418,12,623,9,6,KGID108418,Upadhriti,1993-04-21,F,A+,0,1999-06-07
8419,12,623,9,4,KGID108419,Bhavika,1997-04-25,F,O-,0,2000-03-20
8420,12,623,7,5,KGID108420,Abhimanyu,1990-10-02,M,O-,0,2017-04-14
8421,12,623,6,5,KGID108421,Naveen,1974-09-29,M,O-,0,2011-02-13
8422,12,623,6,5,KGID108422,Ishanvi,1973-08-07,F,A+,0,2017-06-09
8423,12,623,10,3,KGID108423,Wriddhish,1998-01-11,M,B-,0,2013-05-11
8424,12,623,10,6,KGID108424,Fariq,1970-10-09,M,A+,0,2020-07-02
8425,12,623,10,6,KGID108425,Anika,1980-02-12,F,B+,0,2016-04-30
8426,12,623,7,6,KGID108426,Harrison,1992-03-28,M,AB+,0,2002-06-11
8427,12,624,9,1,KGID108427,Umang,1997-11-04,M,O-,0,2017-01-01
8428,12,624,10,4,KGID108428,Kiaan,1985-10-25,M,A-,0,2012-11-11
8429,12,624,10,6,KGID108429,Dominic,1997-03-14,M,A+,0,2014-05-20
8430,12,624,10,4,KGID108430,Falguni,1990-07-11,F,AB+,0,2016-09-28
8431,12,624,10,1,KGID108431,Pranav,1982-12-31,M,B+,0,1996-07-31
8432,12,624,10,5,KGID108432,Oscar,1980-12-05,M,O-,0,2004-03-15
8433,12,624,10,3,KGID108433,Abeer,1971-12-04,M,A-,0,2020-04-02
8434,12,624,6,5,KGID108434,Tanay,1996-04-06,M,B-,0,2005-05-20
8435,12,624,6,4,KGID108435,Ansh,1984-01-27,M,A+,0,2012-02-17
8436,12,624,10,1,KGID108436,Dalbir,1976-11-22,M,B-,0,2012-02-06
8437,12,624,10,6,KGID108437,Sai,1998-03-16,M,O+,0,1997-09-09
8438,12,624,10,4,KGID108438,Sara,1989-05-27,F,AB+,0,2025-02-14
8439,12,624,6,6,KGID108439,Ati,1973-03-24,F,A+,0,1999-07-21
8440,12,624,9,3,KGID108440,Ekavir,1992-08-23,M,O-,0,2015-01-04
8441,12,624,9,6,KGID108441,Dalbir,1993-06-27,M,O-,0,2020-01-25
8442,12,624,10,3,KGID108442,Jagdish,1975-01-02,M,A+,0,2000-03-29
8443,12,624,7,5,KGID108443,Hardik,1991-04-01,M,O+,0,2017-09-29
8444,12,625,6,1,KGID108444,Mohammed,1978-07-25,M,AB+,1,2000-06-27
8445,12,625,6,5,KGID108445,Amara,1969-04-10,F,AB+,0,2004-05-16
8446,12,625,10,1,KGID108446,Kevin,1990-02-11,M,B+,0,2024-10-24
8447,12,625,6,3,KGID108447,George,1987-10-22,M,AB+,0,2003-02-19
8448,12,625,10,6,KGID108448,Pranit,2000-07-25,M,A+,0,2016-08-24
8449,12,625,10,2,KGID108449,Gaurika,1998-10-05,F,O+,0,2012-10-02
8450,12,625,10,3,KGID108450,Daksh,1974-05-31,M,B-,0,2011-03-15
8451,12,625,10,6,KGID108451,Gopal,1987-08-15,M,AB+,0,2014-11-22
8452,12,625,9,5,KGID108452,Oscar,1977-07-02,M,A+,0,1997-04-14
8453,12,625,9,3,KGID108453,Gaurav,1972-05-01,M,AB+,0,2010-08-31
8454,12,626,6,4,KGID108454,Samaksh,1976-05-02,M,O-,0,2017-11-15
8455,12,626,7,2,KGID108455,Veer,1994-07-27,M,B+,0,2010-08-24
8456,12,626,6,4,KGID108456,Jack,1998-07-05,M,O+,0,2000-09-08
8457,12,626,9,5,KGID108457,Anmol,1979-03-29,M,B-,0,2023-08-22
8458,12,626,10,3,KGID108458,Agastya,1978-04-25,M,B-,1,2010-04-07
8459,12,626,6,1,KGID108459,Mekhala,1969-05-19,F,B+,0,2004-01-27
8460,12,626,6,2,KGID108460,Ekalinga,1984-12-10,M,A-,0,2012-04-05
8461,12,626,9,6,KGID108461,Nisha,2000-08-30,F,A+,0,2016-11-03
8462,12,626,10,1,KGID108462,Harshil,1991-01-09,M,B+,0,1997-06-19
8463,12,626,9,3,KGID108463,Harrison,1974-10-27,M,AB+,0,2012-12-22
8464,12,627,10,6,KGID108464,Yatan,1988-06-04,M,O+,0,2006-02-27
8465,12,627,10,2,KGID108465,Udarsh,1990-06-29,M,B+,0,2006-10-31
8466,12,627,10,5,KGID108466,Gagan,1980-10-20,M,AB+,0,2002-10-19
8467,12,627,5,5,KGID108467,Madhav,1977-11-13,M,B-,0,1996-11-05
8468,12,627,9,6,KGID108468,Girik,1975-07-01,M,O+,0,2009-09-25
8469,12,627,10,1,KGID108469,Ekbal,1989-05-25,M,B-,0,2007-10-02
8470,12,627,6,3,KGID108470,Vedant,1997-04-03,M,A+,0,2007-04-14
8471,12,627,10,4,KGID108471,Abdul,1972-12-08,M,O-,0,2003-04-21
8472,12,627,7,6,KGID108472,Gaurang,1976-01-20,M,A-,0,2022-02-19
8473,12,627,7,3,KGID108473,Banjeet,1977-04-04,M,B-,0,2016-01-12
8474,12,627,7,3,KGID108474,Odika,1995-12-08,F,B+,0,2004-08-22
8475,12,627,10,5,KGID108475,Harshil,1971-05-23,M,B+,0,2018-08-06
8476,12,627,6,4,KGID108476,Jatin,1988-11-08,M,AB+,0,2002-03-01
8477,12,628,10,4,KGID108477,Jacob,1985-01-28,M,B-,0,2009-10-18
8478,12,628,10,5,KGID108478,Anirudh,1998-12-10,M,A-,0,2018-07-11
8479,12,628,10,3,KGID108479,Quincy,1986-08-05,M,A-,0,2015-05-13
8480,12,628,10,4,KGID108480,Hemani,2002-03-06,F,B+,0,2008-07-10
8481,12,628,10,5,KGID108481,Samarth,1970-12-18,M,AB+,0,2010-10-17
8482,12,628,10,1,KGID108482,Fitan,1970-04-10,M,O-,0,2023-05-28
8483,12,628,9,6,KGID108483,Orinder,1972-05-26,M,B-,0,2008-10-16
8484,12,628,9,3,KGID108484,Agastya,1999-11-06,M,B-,0,2000-01-24
8485,12,628,10,4,KGID108485,Michael,1970-10-01,M,A+,0,2014-03-23
8486,12,628,5,2,KGID108486,Ishwar,1999-12-28,M,B-,0,2019-04-10
8487,12,629,10,6,KGID108487,Manthan,2003-07-14,M,A+,0,2015-04-10
8488,12,629,10,4,KGID108488,Irya,1994-08-27,F,A+,0,2005-07-11
8489,12,629,7,4,KGID108489,Oscar,1979-09-12,M,A-,0,2017-06-09
8490,12,629,5,6,KGID108490,Orinder,1972-05-16,M,AB+,0,2015-04-18
8491,12,629,9,5,KGID108491,Siddharth,1987-02-18,M,A-,0,2010-03-22
8492,12,629,10,1,KGID108492,Charan,2000-05-12,M,O-,0,2001-08-20
8493,12,629,9,3,KGID108493,Alexander,1979-05-26,M,O-,0,1997-10-13
8494,12,629,9,6,KGID108494,Bhanumati,1979-08-23,F,A+,0,1998-01-04
8495,12,629,7,2,KGID108495,Ansh,1987-10-30,M,B+,0,2017-07-27
8496,12,629,9,1,KGID108496,Praneel,1975-12-07,M,A-,0,1996-11-25
8497,12,629,9,4,KGID108497,Neel,1998-01-15,M,B+,0,2006-07-01
8498,12,629,6,5,KGID108498,Kabir,1990-01-04,M,AB+,0,1997-06-23
8499,12,629,7,5,KGID108499,Orinder,1972-11-19,M,A-,0,2013-10-17
8500,12,629,9,6,KGID108500,Umang,1977-09-21,M,AB+,0,2022-09-05
8501,12,629,6,2,KGID108501,Ayaan,1969-08-08,M,A+,0,1998-01-01
8502,12,629,10,1,KGID108502,Harsh,1997-10-11,M,A+,0,2004-08-10
8503,12,630,10,4,KGID108503,Samar,1982-04-30,M,A-,0,2016-07-18
8504,12,630,10,4,KGID108504,Isaac,1978-04-17,M,O+,0,2021-01-24
8505,12,630,6,1,KGID108505,Balendra,2003-07-14,M,A-,0,2000-07-05
8506,12,630,9,6,KGID108506,Om,1981-02-07,M,O-,0,2020-08-22
8507,12,630,10,3,KGID108507,Liam,1982-12-30,M,B-,0,2015-10-14
8508,12,630,9,2,KGID108508,Wriddhish,1982-02-20,M,O+,0,2022-07-21
8509,12,630,6,6,KGID108509,Wyatt,1991-01-09,M,O+,0,2012-09-20
8510,12,630,9,4,KGID108510,Zehaan,1982-11-22,M,AB+,0,2004-09-17
8511,12,630,9,5,KGID108511,Nihal,1992-04-23,M,B+,0,1999-12-16
8512,12,630,10,4,KGID108512,Bhavini,1984-04-02,F,A+,0,2025-03-08
8513,12,631,10,6,KGID108513,Ekapad,1998-08-25,M,B+,0,1997-02-08
8514,12,631,7,2,KGID108514,Akshay,1988-04-29,M,O+,0,2016-01-04
8515,12,631,10,4,KGID108515,Vivaan,1992-04-15,M,B-,0,2009-03-21
8516,12,631,10,6,KGID108516,Girik,1995-10-30,M,O-,0,2024-03-24
8517,12,631,6,3,KGID108517,Indrajit,1984-10-10,M,A-,0,2022-10-14
8518,12,631,10,1,KGID108518,Timothy,2001-04-20,M,A+,0,2018-03-02
8519,12,631,10,1,KGID108519,Rehaan,1979-05-15,M,O+,0,2003-02-27
8520,12,631,10,6,KGID108520,Sanaya,2002-06-30,F,B-,0,2008-11-08
8521,12,631,5,4,KGID108521,Teerth,1993-06-28,M,A+,0,2009-05-25
8522,12,631,9,4,KGID108522,Zarna,1973-08-08,F,O-,0,1998-05-25
8523,12,632,7,4,KGID108523,Gunbir,1993-10-18,M,A-,0,2016-12-04
8524,12,632,10,2,KGID108524,Kashvi,1975-02-15,F,O-,0,2021-01-11
8525,12,632,10,1,KGID108525,Mahika,1979-03-18,F,O-,0,2005-08-30
8526,12,632,10,4,KGID108526,Champak,1976-11-28,M,AB+,0,2012-01-08
8527,12,632,7,6,KGID108527,Ganga,1980-02-23,F,A+,0,2022-05-12
8528,12,632,10,5,KGID108528,Bahadurjit,1968-05-09,M,O+,0,2022-01-12
8529,12,632,10,4,KGID108529,Hema,1979-03-20,F,B-,0,2008-07-12
8530,12,632,10,6,KGID108530,David,1981-03-25,M,A+,0,2010-12-20
8531,12,632,10,1,KGID108531,Isaiah,1972-03-25,M,B-,0,2005-12-27
8532,12,632,10,5,KGID108532,Lakshit,1986-05-02,M,O+,0,2005-05-24
8533,12,632,10,6,KGID108533,Meghana,1995-03-24,F,AB+,0,2019-07-19
8534,12,632,10,6,KGID108534,Amrita,1987-04-08,F,AB+,0,1999-10-10
8535,12,632,9,5,KGID108535,Ekavir,1997-02-12,M,B+,0,2014-11-15
8536,12,632,10,5,KGID108536,Ayush,1990-12-05,M,AB+,0,2020-01-31
8537,12,633,7,3,KGID108537,Mohammed,1985-06-01,M,B+,0,2005-07-05
8538,12,633,9,1,KGID108538,Ekbal,1976-03-25,M,B-,0,2011-12-10
8539,12,633,6,4,KGID108539,Onkar,1999-11-03,M,B+,1,2007-11-24
8540,12,633,10,4,KGID108540,Darsh,1974-01-16,M,B+,0,2002-07-09
8541,12,633,5,3,KGID108541,Pranav,1982-04-21,M,B-,0,2004-06-26
8542,12,633,10,4,KGID108542,Champak,1970-08-15,M,O-,0,1999-01-14
8543,12,633,7,6,KGID108543,Geetika,1989-07-03,F,A+,0,2007-06-20
8544,12,633,9,1,KGID108544,Ekani,1974-08-25,F,B+,0,2013-08-03
8545,12,633,6,2,KGID108545,Kiaan,1967-08-26,M,O-,0,2018-01-28
8546,12,633,7,6,KGID108546,Arin,1984-11-28,M,B-,0,2011-11-10
8547,12,633,6,4,KGID108547,Pranav,1982-02-20,M,B-,0,1997-07-15
8548,12,633,9,5,KGID108548,Gavin,1998-01-20,M,B-,0,2014-01-29
8549,12,633,9,1,KGID108549,Michael,1996-09-09,M,O+,0,2011-11-10
8550,12,633,9,1,KGID108550,Ekalinga,1990-08-30,M,AB+,0,2021-04-04
8551,12,633,9,5,KGID108551,Gaurang,1979-02-09,M,AB+,0,2018-05-11
8552,12,634,10,6,KGID108552,Devika,1985-12-06,F,A-,0,2011-09-15
8553,12,634,9,1,KGID108553,Yahvi,1989-03-24,F,B-,0,2004-09-08
8554,12,634,7,1,KGID108554,Kalpit,1973-10-09,M,B+,1,2016-07-20
8555,12,634,9,4,KGID108555,Ojas,1985-07-06,M,O-,0,2008-12-02
8556,12,634,10,4,KGID108556,Vivaan,2001-08-15,M,O-,0,2010-06-14
8557,12,634,10,4,KGID108557,Agastya,1998-06-18,M,AB+,0,2022-03-18
8558,12,634,9,1,KGID108558,Mohammed,1981-03-03,M,A-,0,2004-12-20
8559,12,634,9,1,KGID108559,Aditya,1978-08-11,M,B-,0,2021-10-10
8560,12,634,7,4,KGID108560,Fiyaz,1990-10-03,M,AB+,0,2009-08-25
8561,12,634,10,5,KGID108561,Janaki,1980-06-10,F,B+,0,2011-01-10
8562,12,634,10,2,KGID108562,Indrajit,1985-11-08,M,B-,0,2008-02-22
8563,12,634,7,4,KGID108563,Rohan,1994-12-07,M,B+,0,2002-06-20
8564,12,634,7,5,KGID108564,Yuvraj,1975-02-05,M,O-,0,1998-01-21
8565,12,634,6,2,KGID108565,Yatin,1996-12-29,M,O+,0,2005-01-25
8566,12,634,10,5,KGID108566,Hemang,1970-10-30,M,AB+,0,1997-01-01
8567,12,634,10,5,KGID108567,Rushil,1974-04-04,M,B-,0,2005-01-31
8568,12,634,10,5,KGID108568,Umang,1997-09-26,M,B-,0,2011-01-27
8569,12,635,10,6,KGID108569,Gavin,1980-12-06,M,O+,0,2019-05-19
8570,12,635,10,5,KGID108570,Qabil,1985-02-14,M,B+,0,2011-07-27
8571,12,635,5,5,KGID108571,Alexander,1977-05-01,M,O+,0,2024-09-27
8572,12,635,9,5,KGID108572,Nihal,1987-05-05,M,AB+,0,2007-12-11
8573,12,635,6,3,KGID108573,Ekalinga,1999-09-03,M,O-,0,2008-08-09
8574,12,635,9,6,KGID108574,Abdul,1975-10-21,M,A+,0,2020-01-20
8575,12,635,10,6,KGID108575,Samuel,1977-01-10,M,A-,0,1997-09-05
8576,12,635,9,4,KGID108576,Nimrat,1969-07-31,F,O-,0,2014-10-07
8577,12,635,10,5,KGID108577,Yagnesh,1995-07-02,M,B+,0,2016-07-09
8578,12,635,7,4,KGID108578,Gayathri,2003-06-14,F,AB+,0,2022-07-15
8579,12,635,9,4,KGID108579,Samaksh,1980-03-03,M,O-,0,2017-05-28
8580,12,635,10,4,KGID108580,Hema,1989-10-22,F,AB+,0,2022-07-22
8581,12,635,5,2,KGID108581,Dakshesh,1984-08-22,M,AB+,0,2005-10-21
8582,12,635,10,6,KGID108582,Mugdha,1982-07-09,F,AB+,0,2006-01-09
8583,12,635,10,1,KGID108583,Gabriel,1999-12-17,M,O+,0,2024-02-29
8584,12,635,10,5,KGID108584,Ikbal,1973-09-24,M,B-,0,2010-02-14
8585,12,635,10,3,KGID108585,Girish,2002-03-21,M,B+,0,2007-05-28
8586,12,635,10,6,KGID108586,Fitan,1988-05-16,M,A+,0,2016-03-04
8587,12,635,10,5,KGID108587,Gaurang,1969-01-27,M,AB+,0,2005-03-20
8588,12,636,10,1,KGID108588,Chatresh,1988-06-22,M,O+,0,2011-08-28
8589,12,636,9,4,KGID108589,Xavier,1974-11-18,M,AB+,0,2015-10-04
8590,12,636,7,3,KGID108590,Faris,1972-01-08,M,A-,0,2000-01-12
8591,12,636,10,3,KGID108591,Teerth,1970-01-09,M,AB+,0,2017-07-05
8592,12,636,10,2,KGID108592,Chandran,1976-02-09,M,A-,0,2020-02-22
8593,12,636,10,4,KGID108593,Christopher,1975-08-13,M,O-,0,2006-04-01
8594,12,636,7,3,KGID108594,Ranbir,1974-07-09,M,B-,0,2018-01-29
8595,12,636,10,6,KGID108595,Joshua,1981-06-27,M,A-,0,2002-04-09
8596,12,636,10,6,KGID108596,Suhani,1981-12-10,F,A-,0,2001-02-14
8597,12,636,10,5,KGID108597,Falan,1988-03-15,M,O+,0,2003-04-28
8598,12,636,9,4,KGID108598,Falan,1993-03-07,M,O+,0,2021-06-19
8599,12,636,10,2,KGID108599,Patrick,1996-07-06,M,A-,0,2015-03-08
8600,12,636,10,1,KGID108600,Anmol,1976-10-14,M,O-,0,2007-02-12
8601,12,636,6,5,KGID108601,Noah,1970-11-30,M,O-,0,2021-09-18
8602,12,636,9,6,KGID108602,Faqid,2000-03-18,M,A-,0,2007-08-27
8603,12,636,7,5,KGID108603,Logan,1975-06-02,M,A+,0,2016-10-08
8604,12,636,10,5,KGID108604,Neel,1993-05-27,M,A+,0,2018-12-25
8605,12,636,10,2,KGID108605,Timothy,1990-10-19,M,AB+,0,2010-03-02
8606,12,637,10,5,KGID108606,Sai,1973-05-01,M,A+,0,2013-02-05
8607,12,637,6,3,KGID108607,Arin,1969-11-19,M,AB+,0,2023-12-18
8608,12,637,6,1,KGID108608,Rohan,1970-03-05,M,B+,0,2004-05-17
8609,12,637,6,1,KGID108609,Hitesh,1984-07-06,M,O-,0,2004-01-03
8610,12,637,10,3,KGID108610,Dakshesh,1976-07-27,M,O-,0,2001-04-14
8611,12,637,9,4,KGID108611,Nathaniel,1972-05-05,M,O+,0,1998-01-28
8612,12,637,7,1,KGID108612,Ganga,1996-10-26,F,A-,0,2023-06-19
8613,12,637,9,6,KGID108613,Rajeshri,1976-03-12,F,B-,0,2022-05-16
8614,12,637,10,4,KGID108614,Balveer,1982-04-22,M,A-,0,1997-01-21
8615,12,637,9,5,KGID108615,Jeremiah,1970-09-06,M,B-,0,2018-07-02
8616,12,637,7,4,KGID108616,Harsh,1972-08-17,M,B+,0,2011-05-09
8617,12,637,10,5,KGID108617,Brinda,2000-11-26,F,AB+,0,2015-05-08
8618,12,637,6,6,KGID108618,Joshua,1999-03-20,M,B+,0,2012-08-03
8619,12,638,9,6,KGID108619,Manthan,1969-10-10,M,A-,1,2014-03-26
8620,12,638,10,3,KGID108620,Simon,1984-06-14,M,A+,0,2016-01-07
8621,12,638,7,3,KGID108621,Hredhaan,1970-11-10,M,O+,1,2015-10-24
8622,12,638,10,2,KGID108622,Umang,2000-07-24,M,A-,0,2009-06-14
8623,12,638,6,6,KGID108623,Rajata,1990-11-10,F,O-,0,2022-03-10
8624,12,638,10,4,KGID108624,Ethan,1970-08-01,M,A-,0,2014-03-01
8625,12,638,6,4,KGID108625,William,1995-11-27,M,O+,0,2000-08-26
8626,12,638,10,4,KGID108626,Faras,1984-05-31,M,B+,0,2001-08-23
8627,12,638,7,6,KGID108627,Anmol,1996-03-07,M,O+,0,2005-04-13
8628,12,638,9,3,KGID108628,Brijesh,1985-04-22,M,B+,0,2012-07-27
8629,12,638,5,4,KGID108629,Pahal,1994-10-09,F,B+,0,2004-04-19
8630,12,638,9,6,KGID108630,Kai,1990-02-04,M,A-,0,2006-02-28
8631,12,638,9,1,KGID108631,Yachana,1997-11-02,F,A-,0,2013-07-02
8632,12,638,9,6,KGID108632,Harrison,1975-03-26,M,O+,0,2015-02-07
8633,12,639,10,2,KGID108633,Lucky,1974-03-20,M,B-,0,2002-06-06
8634,12,639,9,4,KGID108634,Teerth,1977-01-17,M,A-,0,2014-02-14
8635,12,639,10,4,KGID108635,Ranbir,1980-11-01,M,B-,0,2023-11-15
8636,12,639,10,2,KGID108636,Brijesh,1999-05-23,M,O-,0,1998-03-30
8637,12,639,10,1,KGID108637,Qarin,1992-01-23,M,O-,0,2023-03-22
8638,12,639,10,2,KGID108638,Jai,1983-12-09,M,A-,0,2020-04-11
8639,12,639,6,4,KGID108639,Veer,2003-04-06,M,O-,0,2021-09-16
8640,12,639,10,5,KGID108640,Shravya,2001-12-10,F,O-,0,2008-09-19
8641,12,639,10,6,KGID108641,Ekalinga,1983-12-27,M,A-,0,2013-11-14
8642,12,639,9,4,KGID108642,Aayush,1973-02-13,M,B+,0,2023-10-15
8643,12,639,7,5,KGID108643,Raksha,1987-06-28,F,A+,0,2002-07-16
8644,12,639,9,1,KGID108644,Laksh,1999-01-05,M,AB+,0,2010-08-26
8645,12,639,9,4,KGID108645,Chandresh,1974-04-27,M,O-,0,2021-11-07
8646,12,639,10,4,KGID108646,Indrajit,2001-06-25,M,B+,0,2006-02-15
8647,12,639,10,4,KGID108647,Teerth,1979-01-01,M,A+,0,2001-02-14
8648,12,639,10,3,KGID108648,Zayan,1995-07-13,M,A-,0,2008-08-23
8649,12,639,7,3,KGID108649,Darpan,2000-05-22,M,O+,0,1997-10-15
8650,12,639,6,6,KGID108650,Naksh,1995-02-23,M,B-,0,2018-03-30
8651,12,639,7,3,KGID108651,Chandresh,1975-05-03,M,A+,0,2004-06-14
8652,12,640,6,6,KGID108652,Simon,1985-01-20,M,A-,0,2021-01-26
8653,12,640,9,1,KGID108653,Hredhaan,1976-02-23,M,B-,0,2015-05-04
8654,12,640,10,4,KGID108654,Chandran,1997-03-25,M,B+,0,2013-06-26
8655,12,640,10,3,KGID108655,Pranit,1987-06-27,M,O-,0,2004-09-07
8656,12,640,9,2,KGID108656,Jackson,1983-07-12,M,O+,0,2013-08-18
8657,12,640,10,3,KGID108657,Vivaan,1994-12-11,M,A+,0,2006-02-14
8658,12,640,6,3,KGID108658,Devansh,1995-11-16,M,A-,0,2003-04-08
8659,12,640,10,6,KGID108659,Patrick,1969-05-13,M,A+,0,1998-02-17
8660,12,640,10,3,KGID108660,Pranav,1974-10-23,M,B-,0,2015-09-26
8661,12,640,10,2,KGID108661,Yuvraj,1997-03-13,M,B-,0,2019-02-07
8662,12,641,7,3,KGID108662,Girik,1990-05-18,M,A+,0,2004-08-19
8663,12,641,10,5,KGID108663,Varenya,1982-03-18,F,O+,0,2008-10-18
8664,12,641,9,2,KGID108664,Brijesh,1995-04-02,M,B-,0,2024-08-09
8665,12,641,6,5,KGID108665,Tarak,1974-08-24,M,B-,0,2006-10-11
8666,12,641,10,3,KGID108666,Dev,1976-07-03,M,A-,0,1999-05-30
8667,12,641,10,6,KGID108667,Balvan,1972-09-15,M,O-,0,2019-11-30
8668,12,641,6,6,KGID108668,Nidhi,1984-12-21,F,B+,0,2015-11-11
8669,12,641,9,4,KGID108669,Kiaan,1972-02-06,M,O+,0,2003-02-19
8670,12,641,10,3,KGID108670,Manya,1999-10-28,F,O-,0,2004-07-16
8671,12,641,9,5,KGID108671,Rudra,1996-11-22,M,B-,0,2020-05-02
8672,12,641,7,3,KGID108672,Omkaar,1987-07-27,M,O-,0,2018-08-27
8673,12,641,10,6,KGID108673,Elijah,1999-08-14,M,O-,0,2006-12-21
8674,12,641,7,4,KGID108674,Ikbal,2002-02-14,M,B-,0,2013-01-02
8675,12,641,7,6,KGID108675,Zaid,1967-08-29,M,A+,0,2009-04-03
8676,12,641,6,6,KGID108676,Aditya,1988-09-02,M,A-,0,2010-02-06
8677,12,641,6,6,KGID108677,Agastya,1969-06-27,M,A-,0,2001-01-24
8678,12,641,7,4,KGID108678,Teerth,2001-08-10,M,B-,0,2016-02-09
8679,12,641,10,6,KGID108679,Yuvraj,1996-07-28,M,A-,0,2003-07-25
8680,12,641,10,5,KGID108680,Ojas,1982-10-11,M,A-,0,2000-04-30
8681,12,642,6,5,KGID108681,Gunbir,1983-04-16,M,A-,0,2019-06-21
8682,12,642,5,5,KGID108682,Nitara,1975-04-24,F,A-,0,2025-03-02
8683,12,642,10,6,KGID108683,Rachita,1973-08-04,F,A-,0,2019-07-02
8684,12,642,7,5,KGID108684,Nathan,1990-08-27,M,A+,0,2006-04-19
8685,12,642,10,3,KGID108685,Chatresh,1971-05-26,M,AB+,0,2014-05-22
8686,12,642,10,1,KGID108686,Zaid,1982-10-09,M,B+,0,2014-12-17
8687,12,642,10,4,KGID108687,Nakul,1989-04-17,M,AB+,0,2013-08-17
8688,12,642,10,2,KGID108688,Zayan,1992-01-01,M,O-,0,2015-12-31
8689,12,642,10,4,KGID108689,Meera,1983-06-05,F,O-,0,2020-05-26
8690,12,642,10,3,KGID108690,Veer,1973-05-16,M,O+,0,1998-09-12
8691,12,642,9,5,KGID108691,Rushil,1986-07-16,M,A-,0,1999-07-06
8692,12,643,10,2,KGID108692,Farhan,1997-03-09,M,A+,0,2015-12-23
8693,12,643,10,4,KGID108693,Samarth,2000-11-01,M,A+,0,2007-07-29
8694,12,643,6,1,KGID108694,Balveer,2003-07-09,M,O+,0,2020-01-15
8695,12,643,10,4,KGID108695,Jonathan,2001-02-21,M,O+,0,2005-09-15
8696,12,643,7,3,KGID108696,Kalpit,2001-09-26,M,B+,0,2023-12-11
8697,12,643,10,6,KGID108697,Azaan,1983-05-10,M,A-,0,2017-02-09
8698,12,643,6,4,KGID108698,Omkaar,1998-05-18,M,B-,0,2006-07-07
8699,12,643,10,1,KGID108699,Alexander,1981-11-06,M,B-,0,1999-12-18
8700,12,643,6,2,KGID108700,Azaan,1995-05-02,M,B-,0,2008-01-16
8701,12,644,9,4,KGID108701,Jeet,1971-03-26,M,O-,0,2006-03-18
8702,12,644,10,5,KGID108702,Ishwar,1996-02-05,M,O-,0,2025-04-13
8703,12,644,10,3,KGID108703,Balveer,1969-01-25,M,B-,0,2019-08-17
8704,12,644,6,6,KGID108704,Diya,1978-01-31,F,AB+,0,2001-01-03
8705,12,644,10,6,KGID108705,Aarini,1985-04-24,F,A+,0,2017-06-07
8706,12,644,7,3,KGID108706,Chandran,1981-12-10,M,A+,0,1997-08-21
8707,12,644,10,3,KGID108707,Tejas,1974-12-27,M,B+,0,2014-09-15
8708,12,644,10,1,KGID108708,Yagnesh,1971-02-17,M,A-,0,2001-05-05
8709,12,644,10,2,KGID108709,Nidra,1994-10-25,F,O-,0,2007-03-01
8710,12,644,6,6,KGID108710,Ekaraj,1982-02-16,M,O+,0,2017-06-20
8711,12,644,9,3,KGID108711,Yashoda,1977-01-12,F,O+,0,2010-11-20
8712,12,644,9,2,KGID108712,Krishna,1990-09-08,F,O-,0,2007-08-18
8713,12,644,10,5,KGID108713,Devansh,1976-09-04,M,A-,0,2006-02-01
8714,12,644,10,5,KGID108714,Saksham,1968-11-04,M,B+,0,2014-06-21
8715,12,644,9,2,KGID108715,Om,1978-06-09,M,AB+,0,2008-07-17
8716,12,644,7,2,KGID108716,Omkaar,1970-10-22,M,B-,0,2015-01-09
8717,12,645,10,2,KGID108717,Saksham,1999-12-21,M,B+,0,2005-04-08
8718,12,645,10,2,KGID108718,Tarak,1998-03-25,M,AB+,0,2017-12-05
8719,12,645,7,4,KGID108719,Upkaar,1982-08-20,M,O+,0,2016-12-28
8720,12,645,6,5,KGID108720,Caleb,1992-09-29,M,O-,0,1997-07-07
8721,12,645,10,4,KGID108721,Nathan,1989-11-09,M,A-,0,2003-04-02
8722,12,645,9,3,KGID108722,Warjas,1971-10-29,M,A-,0,2011-01-05
8723,12,645,10,5,KGID108723,Ekta,1973-02-23,F,A-,0,2017-10-07
8724,12,645,10,3,KGID108724,Jagdish,1969-07-11,M,B-,0,1998-02-11
8725,12,645,6,6,KGID108725,Abdul,1992-12-14,M,O-,0,1999-12-27
8726,12,645,10,5,KGID108726,Shaurya,1968-12-03,M,A+,0,2019-04-25
8727,12,645,10,4,KGID108727,Yagnesh,1969-09-03,M,AB+,0,2022-10-22
8728,12,645,10,2,KGID108728,Viraj,1980-04-26,M,A+,0,2016-11-23
8729,12,645,7,2,KGID108729,Suhani,1978-01-19,F,O-,0,2003-03-06
8730,12,645,10,2,KGID108730,Fariq,1975-07-31,M,O+,0,2006-08-03
8731,12,645,7,2,KGID108731,Mason,1997-05-14,M,B+,0,2009-08-30
8732,12,646,5,6,KGID108732,Balendra,1986-02-24,M,A+,0,2025-04-27
8733,12,646,10,5,KGID108733,Om,1986-06-16,M,O-,0,2008-02-05
8734,12,646,10,1,KGID108734,Gaurang,1991-09-18,M,O-,0,2007-01-17
8735,12,646,9,6,KGID108735,Tarak,1997-01-02,M,B-,0,2014-10-31
8736,12,646,10,2,KGID108736,Laksh,1975-10-15,M,A+,0,2025-06-06
8737,12,646,6,2,KGID108737,Rushil,1968-11-20,M,A-,0,2007-07-17
8738,12,646,10,2,KGID108738,Lila,1994-10-07,F,O+,0,2000-11-18
8739,12,646,9,1,KGID108739,Arya,1984-10-09,F,A+,0,2016-07-15
8740,12,646,10,4,KGID108740,Nathan,1989-11-27,M,O-,0,2024-06-02
8741,12,646,10,3,KGID108741,Chakradhar,1967-08-25,M,AB+,0,1999-07-27
8742,12,646,6,6,KGID108742,Qabil,1977-05-24,M,B+,0,1997-03-26
8743,12,646,5,5,KGID108743,Anthony,1989-09-26,M,B-,0,2008-01-04
8744,12,646,6,3,KGID108744,Gagan,1997-11-14,M,A+,0,2001-01-12
8745,12,646,7,4,KGID108745,Ekavir,1974-10-05,M,B-,0,2013-03-12
8746,12,646,10,1,KGID108746,Fitan,1974-09-04,M,AB+,0,2011-12-25
8747,12,646,10,1,KGID108747,Hemang,1984-03-05,M,O+,0,2004-08-07
8748,12,646,6,4,KGID108748,Yashodhara,1991-10-05,F,B-,0,2019-08-08
8749,12,646,9,5,KGID108749,Baljiwan,1977-01-13,M,A+,0,2017-11-25
8750,12,647,10,4,KGID108750,Balvan,1968-12-23,M,A-,0,2003-11-26
8751,12,647,10,5,KGID108751,Vasatika,1987-08-30,F,B+,0,2010-12-05
8752,12,647,10,6,KGID108752,Ayushman,1970-05-18,M,B+,0,2004-06-08
8753,12,647,5,4,KGID108753,Peter,1975-04-05,M,B+,0,2020-01-16
8754,12,647,9,3,KGID108754,Ekalinga,1977-11-07,M,O-,0,2004-10-26
8755,12,647,9,5,KGID108755,Caleb,1995-01-15,M,B+,0,2004-07-06
8756,12,647,6,6,KGID108756,Onveer,1990-10-21,M,B-,0,2016-01-05
8757,12,647,10,1,KGID108757,Dominic,1979-05-12,M,B-,0,2017-08-27
8758,12,647,10,3,KGID108758,Tejas,1988-02-27,M,A-,0,2020-05-27
8759,12,647,10,5,KGID108759,Jasmit,1993-01-27,F,B-,0,2020-06-12
8760,12,647,10,2,KGID108760,Sathvik,1994-06-05,M,B+,0,2015-01-23
8761,12,647,6,2,KGID108761,Samesh,1998-04-24,M,B+,0,2004-01-02
8762,12,647,10,5,KGID108762,Prisha,1976-04-04,F,AB+,0,2024-06-10
8763,12,647,7,3,KGID108763,Jeet,1979-04-08,M,A+,0,2010-01-26
8764,12,647,6,2,KGID108764,Samaksh,1973-07-30,M,A-,0,2009-03-17
8765,12,647,10,3,KGID108765,Yashodhara,1990-04-08,F,O+,0,2014-11-27
8766,12,647,9,3,KGID108766,Yuvraj,1986-10-12,M,O+,0,2009-10-24
8767,12,648,10,6,KGID108767,Matthew,1988-12-07,M,O-,0,2024-04-29
8768,12,648,5,4,KGID108768,Amol,1992-09-05,M,B+,0,2000-04-29
8769,12,648,6,2,KGID108769,Janani,1973-06-21,F,AB+,0,2009-02-04
8770,12,648,9,3,KGID108770,Balvan,1974-07-22,M,B-,0,2000-10-18
8771,12,648,10,2,KGID108771,Udyati,1971-08-17,F,A-,0,2021-04-26
8772,12,648,6,4,KGID108772,Aarav,1991-12-28,M,B-,0,2019-12-19
8773,12,648,9,6,KGID108773,Brijesh,1977-11-24,M,B+,0,2009-03-05
8774,12,648,10,1,KGID108774,Ethan,1980-12-21,M,O-,0,2013-07-30
8775,12,648,9,5,KGID108775,Caleb,1970-07-06,M,A+,0,2023-07-09
8776,12,648,10,3,KGID108776,Udarsh,1990-09-08,M,B-,0,2001-09-18
8777,12,648,10,1,KGID108777,Samaksh,1982-04-05,M,A+,0,2023-01-28
8778,12,648,6,6,KGID108778,Abhimanyu,1981-07-15,M,B+,1,2016-06-18
8779,12,648,10,1,KGID108779,Ishanvi,1971-08-18,F,O-,0,2017-11-23
8780,12,648,10,4,KGID108780,Daksh,1975-10-19,M,A+,0,2001-09-26
8781,12,648,5,6,KGID108781,Abhimanyu,1998-11-09,M,O+,0,1999-06-12
8782,12,649,6,2,KGID108782,Oscar,1970-07-21,M,A+,0,2014-02-20
8783,12,649,6,2,KGID108783,Qadim,1990-04-16,M,B+,0,2013-01-07
8784,12,649,10,4,KGID108784,Aditya,2002-01-11,M,A+,0,2014-02-08
8785,12,649,10,6,KGID108785,Abhimanyu,1968-06-30,M,O+,0,2002-02-28
8786,12,649,9,6,KGID108786,Dev,1993-11-11,M,A-,0,2001-02-08
8787,12,649,9,6,KGID108787,Chakradhar,1968-12-08,M,A+,0,2018-12-23
8788,12,649,6,4,KGID108788,Mohini,1975-08-08,F,O-,0,1999-08-23
8789,12,649,9,2,KGID108789,Avni,1990-08-07,F,O-,0,2021-09-08
8790,12,649,9,1,KGID108790,Dhruv,1970-09-12,M,AB+,0,2020-05-04
8791,12,649,10,1,KGID108791,Abeer,1977-03-07,M,B+,0,2002-12-21
8792,12,649,7,5,KGID108792,Faras,1999-01-31,M,O-,0,1996-10-19
8793,12,649,10,4,KGID108793,Ansh,1983-08-20,M,AB+,0,2013-07-10
8794,12,649,10,5,KGID108794,Viraj,1998-11-05,M,B+,0,1999-05-15
8795,12,649,10,4,KGID108795,Warjas,1971-03-25,M,O+,0,2015-03-07
8796,12,650,10,1,KGID108796,Dhruv,1976-02-02,M,AB+,0,2022-12-28
8797,12,650,7,6,KGID108797,Maanav,2003-04-29,M,A-,0,2014-03-20
8798,12,650,9,6,KGID108798,Mitali,1985-02-18,F,O-,0,2024-02-08
8799,12,650,10,5,KGID108799,Mitesh,1999-01-02,M,AB+,0,2018-09-28
8800,12,650,7,5,KGID108800,Jeet,1972-11-12,M,A-,0,1999-04-29
8801,12,650,6,5,KGID108801,Samuel,1971-01-11,M,O-,0,2020-02-03
8802,12,650,10,1,KGID108802,Tarak,1976-01-17,M,A+,0,1999-05-08
8803,12,650,10,2,KGID108803,Ranbir,1969-04-07,M,O+,0,2002-07-21
8804,12,650,5,3,KGID108804,Imaran,1975-02-19,M,AB+,0,2003-05-07
8805,12,650,7,2,KGID108805,Karan,1994-09-18,M,AB+,0,2020-12-24
8806,12,650,6,6,KGID108806,Hitesh,1993-09-25,M,O+,0,1998-09-13
8807,12,650,10,4,KGID108807,Gaurika,1967-11-16,F,AB+,0,2018-11-21
8808,12,651,10,1,KGID108808,Janaki,1984-04-18,F,A-,0,2016-03-26
8809,12,651,10,3,KGID108809,Lakshit,1990-04-03,M,A+,0,2007-08-12
8810,12,651,7,4,KGID108810,Ranbir,1978-05-28,M,AB+,0,2000-08-11
8811,12,651,10,1,KGID108811,Lakshit,1988-11-24,M,B+,0,2020-01-19
8812,12,651,10,2,KGID108812,Ronith,1970-06-06,M,AB+,0,2017-02-21
8813,12,651,10,5,KGID108813,Isaiah,1991-06-10,M,B-,0,2008-09-07
8814,12,651,10,2,KGID108814,Aadi,1974-11-24,M,O+,0,1997-03-12
8815,12,651,5,4,KGID108815,Wyatt,1998-04-15,M,O+,0,2004-12-21
8816,12,651,10,6,KGID108816,Vedant,1969-01-30,M,B-,0,2000-01-31
8817,12,651,10,4,KGID108817,Udant,2001-06-08,M,B-,0,2002-08-18
8818,12,651,10,2,KGID108818,Turvi,2002-01-23,F,O-,0,2018-01-17
8819,12,651,6,2,KGID108819,Nakul,2002-10-08,M,O+,0,2021-04-30
8820,12,652,7,1,KGID108820,Gunbir,1981-05-18,M,O-,0,2017-09-09
8821,12,652,9,3,KGID108821,Vritti,1988-04-20,F,B-,0,1998-05-18
8822,12,652,10,5,KGID108822,Rudra,1980-11-12,M,B+,0,2012-08-27
8823,12,652,10,4,KGID108823,Ekiya,1975-06-30,F,O+,0,1999-06-05
8824,12,652,10,5,KGID108824,Ekavir,1973-05-13,M,O+,0,2022-06-26
8825,12,652,6,5,KGID108825,Gaurav,1987-09-19,M,O-,0,2019-06-24
8826,12,652,10,2,KGID108826,Zashil,1972-05-08,M,B+,0,2007-04-18
8827,12,652,10,2,KGID108827,Kiaan,1980-10-14,M,A+,0,2010-10-13
8828,12,652,10,3,KGID108828,Praneel,1981-08-31,M,B+,0,2003-02-18
8829,12,652,6,3,KGID108829,Naksh,1978-10-23,M,A-,0,1999-06-23
8830,12,653,7,6,KGID108830,Ayush,2003-02-19,M,O-,0,2010-02-01
8831,12,653,6,4,KGID108831,Ansh,1982-01-03,M,B-,0,1998-08-01
8832,12,653,7,6,KGID108832,Aarav,2000-03-13,M,AB+,0,2011-03-01
8833,12,653,9,6,KGID108833,Karan,2001-08-17,M,A+,0,2018-05-06
8834,12,653,6,1,KGID108834,Yatan,1993-01-07,M,B-,0,1998-05-02
8835,12,653,6,6,KGID108835,Zehaan,2002-11-07,M,O+,0,2009-10-16
8836,12,653,10,5,KGID108836,Pranav,1995-05-02,M,B+,1,2010-08-10
8837,12,653,7,3,KGID108837,Jackson,1984-09-29,M,B-,0,2023-09-21
8838,12,654,9,4,KGID108838,Tejas,1988-10-17,M,B+,0,2001-01-02
8839,12,654,10,6,KGID108839,Manthan,2002-09-26,M,O-,0,2003-11-25
8840,12,654,10,5,KGID108840,Gagan,1992-02-01,M,AB+,0,2007-01-08
8841,12,654,9,3,KGID108841,Udant,1975-03-19,M,B+,0,2001-04-02
8842,12,654,10,6,KGID108842,Shaurya,1993-07-13,M,O-,0,2001-09-11
8843,12,654,6,1,KGID108843,Hemang,1975-08-17,M,O+,1,2012-03-20
8844,12,654,10,1,KGID108844,Teerth,1997-01-23,M,A+,0,2011-05-27
8845,12,654,10,4,KGID108845,Aryan,1969-12-30,M,A-,0,2013-10-02
8846,12,654,9,6,KGID108846,Rishi,2000-07-18,M,A-,0,2013-01-01
8847,12,654,10,6,KGID108847,Veer,2001-02-25,M,O+,0,2010-12-24
8848,12,654,6,2,KGID108848,Samuel,1992-11-06,M,A-,0,2001-09-29
8849,12,654,7,4,KGID108849,Nakul,2002-06-07,M,AB+,0,2004-10-25
8850,13,655,7,5,KGID108850,Ekiya,1992-12-21,F,A-,0,2000-02-21
8851,13,655,10,6,KGID108851,Wyatt,1983-10-30,M,A+,0,2005-09-26
8852,13,655,10,6,KGID108852,Chakradev,1982-12-27,M,B-,0,2024-11-10
8853,13,655,6,4,KGID108853,Ishita,1988-03-28,F,B+,0,2019-06-25
8854,13,655,6,5,KGID108854,Daniel,1969-12-24,M,A+,0,2001-06-03
8855,13,655,7,6,KGID108855,Mitesh,1975-03-21,M,A+,0,1998-02-09
8856,13,655,10,1,KGID108856,Finn,1988-07-22,M,B+,0,2020-10-13
8857,13,655,9,5,KGID108857,Bhanumati,1991-06-21,F,O+,0,1999-08-03
8858,13,655,10,2,KGID108858,Adya,1973-09-02,F,B+,0,2014-02-12
8859,13,655,10,4,KGID108859,Harshil,1981-12-16,M,AB+,0,2001-07-15
8860,13,655,7,2,KGID108860,Fitan,2002-04-24,M,A-,0,2025-06-03
8861,13,655,6,1,KGID108861,Panini,1994-05-21,F,AB+,0,2022-01-20
8862,13,655,10,3,KGID108862,Faqid,1992-09-22,M,A+,0,2024-09-11
8863,13,655,9,6,KGID108863,Guneet,2003-02-10,M,AB+,0,2005-08-07
8864,13,656,9,6,KGID108864,Baljiwan,1975-09-23,M,AB+,0,2009-03-07
8865,13,656,7,6,KGID108865,Dominic,1999-05-06,M,O+,0,2003-11-23
8866,13,656,10,1,KGID108866,Peter,1987-11-08,M,AB+,0,2009-04-17
8867,13,656,10,3,KGID108867,Xalak,1976-09-06,F,B-,0,2018-02-20
8868,13,656,7,3,KGID108868,Elijah,2002-10-02,M,B+,0,2000-09-30
8869,13,656,7,5,KGID108869,Amrita,1978-11-17,F,B+,0,2005-09-30
8870,13,656,10,6,KGID108870,Chavvi,1980-11-12,F,O-,0,1999-01-11
8871,13,656,9,3,KGID108871,Sudiksha,1968-09-11,F,B-,0,1997-06-01
8872,13,656,9,5,KGID108872,Fiyaz,1993-03-27,M,O-,0,2023-10-01
8873,13,656,10,6,KGID108873,Xavier,1981-04-18,M,O-,0,2015-03-19
8874,13,656,9,4,KGID108874,Andrew,1998-11-01,M,B+,0,2010-05-04
8875,13,657,10,6,KGID108875,Arin,1975-01-21,M,O-,0,2004-06-16
8876,13,657,10,2,KGID108876,Anirudh,1995-03-27,M,O+,0,2011-05-09
8877,13,657,9,2,KGID108877,Maanav,1988-11-27,M,B-,0,2019-11-03
8878,13,657,9,2,KGID108878,Henry,2000-08-01,M,O+,0,2024-02-29
8879,13,657,10,3,KGID108879,Umang,1994-01-18,M,AB+,0,1999-11-29
8880,13,657,9,3,KGID108880,Hemang,1978-04-10,M,B-,0,2004-12-17
8881,13,657,10,6,KGID108881,Yash,1991-02-08,M,B+,0,2019-06-26
8882,13,657,6,5,KGID108882,Ubika,1998-08-31,F,AB+,0,2022-05-23
8883,13,657,10,6,KGID108883,Qabil,1975-06-19,M,O-,0,2007-09-22
8884,13,657,7,6,KGID108884,Faris,1976-03-13,M,A-,0,2005-11-08
8885,13,657,6,2,KGID108885,Wriddhish,1992-08-08,M,AB+,0,2012-04-18
8886,13,657,10,4,KGID108886,Ayushman,1982-06-30,M,A-,0,2020-10-20
8887,13,657,10,1,KGID108887,Vedant,1988-06-16,M,AB+,0,2005-08-23
8888,13,657,10,4,KGID108888,Lakshit,1988-02-15,M,B-,0,2013-03-13
8889,13,657,5,5,KGID108889,Michael,1975-01-01,M,B+,0,2013-05-03
8890,13,657,9,1,KGID108890,Ekaraj,2000-11-07,M,AB+,0,1997-07-11
8891,13,657,7,5,KGID108891,Caleb,1976-03-06,M,A-,0,1996-07-24
8892,13,657,9,2,KGID108892,Forum,1974-08-01,F,AB+,0,1997-08-07
8893,13,657,10,6,KGID108893,Kavya,1986-12-30,F,O-,0,2008-03-03
8894,13,658,7,4,KGID108894,Parth,1976-07-28,M,A+,0,2003-09-23
8895,13,658,10,3,KGID108895,Aarush,2001-06-07,M,O-,0,2022-11-10
8896,13,658,10,4,KGID108896,Darpan,1997-09-29,M,A+,0,2008-06-17
8897,13,658,6,3,KGID108897,Pallavi,1972-04-27,F,B-,0,2016-10-21
8898,13,658,6,3,KGID108898,Upkaar,1994-11-01,M,A-,0,2020-06-03
8899,13,658,7,1,KGID108899,Hritik,1998-09-25,M,B-,0,2020-03-17
8900,13,658,7,2,KGID108900,Bakhshi,1992-11-21,M,A-,1,2016-09-21
8901,13,658,6,6,KGID108901,Viraj,1967-12-02,M,A-,0,2005-04-10
8902,13,658,5,2,KGID108902,Peter,1987-09-17,M,O+,0,2018-08-17
8903,13,659,9,3,KGID108903,Samuel,2002-07-12,M,AB+,0,2001-05-24
8904,13,659,6,2,KGID108904,Teerth,1996-05-24,M,B+,0,2022-06-07
8905,13,659,10,4,KGID108905,Mason,1982-09-23,M,AB+,0,2008-08-28
8906,13,659,9,6,KGID108906,Krishna,1969-01-27,M,B-,0,2024-04-11
8907,13,659,10,1,KGID108907,Aarush,1995-01-27,M,A-,0,2004-06-25
8908,13,659,10,1,KGID108908,Naksh,1989-07-05,M,A+,1,1997-12-07
8909,13,659,10,2,KGID108909,Andrew,2002-03-06,M,A+,0,2022-04-16
8910,13,659,7,2,KGID108910,Kiaan,1980-11-07,M,O+,0,2014-10-14
8911,13,659,9,1,KGID108911,Abeer,1986-04-30,M,AB+,0,2020-08-30
8912,13,659,9,6,KGID108912,Krishna,1969-10-19,F,B-,0,2004-12-30
8913,13,659,6,5,KGID108913,Shivansh,1986-04-21,M,B+,0,1998-09-20
8914,13,659,10,3,KGID108914,Janani,1992-04-22,F,A-,0,2023-11-27
8915,13,659,6,4,KGID108915,Jack,1993-02-16,M,B+,0,2011-11-10
8916,13,659,7,2,KGID108916,Hitesh,1972-06-01,M,O+,0,1996-11-01
8917,13,659,9,2,KGID108917,Dev,1989-10-14,M,O+,0,2015-12-16
8918,13,659,10,4,KGID108918,Turvi,1979-10-24,F,O+,0,2005-10-20
8919,13,659,9,3,KGID108919,Elijah,1996-05-20,M,B-,0,2010-11-20
8920,13,659,6,4,KGID108920,Matthew,1970-06-22,M,A-,0,2001-10-31
8921,13,659,6,2,KGID108921,Rudra,1983-11-19,M,B-,0,2011-03-15
8922,13,660,9,6,KGID108922,Maanas,1967-10-27,M,A-,0,2008-03-02
8923,13,660,7,6,KGID108923,Abeer,1986-09-21,M,O+,0,2016-01-14
8924,13,660,10,5,KGID108924,Zarna,1967-09-05,F,O-,0,2003-08-17
8925,13,660,10,6,KGID108925,Damyanti,1979-06-30,F,O+,0,2003-03-04
8926,13,660,5,4,KGID108926,Chaitanya,1996-12-30,M,B-,0,2000-10-14
8927,13,660,10,6,KGID108927,Aditya,1975-01-10,M,AB+,0,1998-12-25
8928,13,660,10,3,KGID108928,Priya,1972-10-23,F,O+,0,2006-02-12
8929,13,660,10,1,KGID108929,Vedhika,2003-03-21,F,O+,0,2016-12-10
8930,13,660,10,3,KGID108930,Hemang,1983-03-23,M,A+,0,2017-04-15
8931,13,660,10,4,KGID108931,Kevin,1991-05-30,M,B-,0,2016-03-10
8932,13,660,7,6,KGID108932,Samuel,1975-06-28,M,B+,0,2023-03-05
8933,13,660,10,3,KGID108933,Eiravati,1997-03-02,F,O-,0,2020-07-31
8934,13,660,10,6,KGID108934,Azad,2000-07-26,M,B-,0,2014-09-29
8935,13,660,9,5,KGID108935,Frederick,1979-08-26,M,A+,0,2002-02-14
8936,13,660,10,4,KGID108936,Mohammed,1996-10-28,M,O+,0,2013-06-27
8937,13,660,5,1,KGID108937,Gavin,1992-11-20,M,A+,0,2006-03-04
8938,13,660,10,4,KGID108938,Faras,1979-02-06,M,O+,0,2007-04-08
8939,13,661,10,2,KGID108939,Mason,1994-01-07,M,O+,0,2012-06-18
8940,13,661,10,2,KGID108940,Tanish,2003-03-04,M,O+,0,2016-09-06
8941,13,661,6,5,KGID108941,Veer,1992-07-01,M,A-,0,2014-06-09
8942,13,661,10,3,KGID108942,Samaksh,1979-03-25,M,AB+,0,2019-02-09
8943,13,661,10,1,KGID108943,Ekapad,1987-04-26,M,B-,0,2018-03-31
8944,13,661,10,5,KGID108944,Yug,1978-10-07,M,A+,0,2008-10-15
8945,13,661,7,4,KGID108945,Varsha,1979-09-28,F,O+,0,2012-12-10
8946,13,661,10,6,KGID108946,Lakshit,1975-07-01,M,A+,0,2009-09-07
8947,13,661,10,2,KGID108947,Devansh,1979-09-17,M,A+,0,1998-01-30
8948,13,661,6,1,KGID108948,Nitesh,1988-11-04,M,O-,0,2017-03-25
8949,13,661,10,3,KGID108949,Aarav,1974-03-29,M,AB+,0,2008-04-30
8950,13,661,7,6,KGID108950,Luke,1988-06-06,M,B-,0,1998-05-24
8951,13,662,6,1,KGID108951,Chaman,1976-06-15,F,B-,0,2006-12-24
8952,13,662,10,2,KGID108952,Gaurangi,2000-08-22,F,B-,0,2011-09-19
8953,13,662,10,1,KGID108953,Caleb,1973-10-01,M,B+,0,2000-09-11
8954,13,662,10,5,KGID108954,Urmi,1968-09-12,F,O+,0,2023-04-27
8955,13,662,9,3,KGID108955,Wazir,1971-07-25,M,O+,0,2011-11-05
8956,13,662,9,2,KGID108956,Abhiram,1973-10-10,M,O+,0,2020-08-14
8957,13,662,7,2,KGID108957,Udarsh,1989-07-07,M,B+,0,2017-04-03
8958,13,662,6,2,KGID108958,Aarnav,1974-04-27,M,O-,0,2015-02-03
8959,13,662,6,6,KGID108959,Faris,1985-05-24,M,B-,0,1998-04-10
8960,13,662,7,6,KGID108960,Darsh,1977-07-29,M,B+,0,2018-08-22
8961,13,662,7,5,KGID108961,Logan,1997-09-16,M,A+,0,2000-03-11
8962,13,663,10,5,KGID108962,Bhavya,1995-01-17,F,A-,1,2004-07-10
8963,13,663,10,6,KGID108963,Logan,1994-03-25,M,O+,0,2007-06-09
8964,13,663,6,3,KGID108964,Aradhana,1979-05-09,F,AB+,0,2019-03-01
8965,13,663,9,6,KGID108965,Ijaya,1969-08-14,F,B-,0,1998-09-20
8966,13,663,6,4,KGID108966,Dalbir,2003-03-25,M,A-,0,2022-12-18
8967,13,663,7,4,KGID108967,Warda,1971-01-28,F,AB+,0,2022-03-24
8968,13,663,9,3,KGID108968,Rehaan,1984-05-07,M,O-,0,2022-01-22
8969,13,663,9,1,KGID108969,Ekiya,1987-07-22,F,O+,0,2007-06-09
8970,13,663,10,5,KGID108970,Rachana,2000-01-31,F,A+,0,2012-10-28
8971,13,663,10,5,KGID108971,Anmol,1991-06-11,M,A-,0,2025-04-30
8972,13,663,6,4,KGID108972,Patrick,1981-04-29,M,AB+,0,2013-11-22
8973,13,663,10,5,KGID108973,Warinder,1985-01-08,M,A+,0,2013-12-08
8974,13,664,10,4,KGID108974,Lakshit,1978-11-13,M,O-,0,2022-07-30
8975,13,664,7,5,KGID108975,Samar,1994-12-29,M,B+,0,1996-09-14
8976,13,664,9,1,KGID108976,Lakshit,1981-11-08,M,A-,0,1998-03-20
8977,13,664,6,3,KGID108977,Ojas,1982-10-06,M,A-,0,2011-09-06
8978,13,664,6,4,KGID108978,Aadi,1977-03-28,M,B-,0,2014-08-26
8979,13,664,7,6,KGID108979,Nathan,1973-04-02,M,B-,0,2015-07-05
8980,13,664,10,3,KGID108980,Teerth,1986-07-17,M,O-,0,2018-09-12
8981,13,664,5,1,KGID108981,Rohan,1981-06-07,M,O+,0,2024-12-21
8982,13,664,6,4,KGID108982,Ojasvi,1974-04-08,F,A+,0,2002-09-17
8983,13,664,5,1,KGID108983,Nathaniel,2001-12-04,M,B-,0,2022-09-27
8984,13,664,10,5,KGID108984,Zayyan,1975-07-10,M,O+,0,2002-02-12
8985,13,664,9,5,KGID108985,Triya,1995-03-27,F,A-,0,2008-02-02
8986,13,664,10,4,KGID108986,Upasna,1981-06-09,F,B-,0,1999-06-04
8987,13,664,6,6,KGID108987,Onveer,1991-08-09,M,A-,0,2012-11-13
8988,13,664,10,6,KGID108988,Aarnav,1990-12-27,M,B-,0,2016-02-16
8989,13,664,6,6,KGID108989,Xiti,1978-11-21,F,AB+,0,2007-07-22
8990,13,664,7,2,KGID108990,Neelima,1970-05-12,F,A+,0,1997-04-05
8991,13,665,9,3,KGID108991,Nakul,1981-01-26,M,B+,0,2012-06-15
8992,13,665,10,6,KGID108992,Harrison,1982-03-31,M,AB+,0,2011-03-06
8993,13,665,7,2,KGID108993,Jack,1969-05-03,M,AB+,0,2001-06-19
8994,13,665,9,5,KGID108994,Indrajit,1974-08-27,M,AB+,0,2011-02-10
8995,13,665,9,3,KGID108995,Rachit,1969-01-11,M,O-,0,2006-11-02
8996,13,665,6,4,KGID108996,Benjamin,1977-06-19,M,O-,0,2003-07-30
8997,13,665,6,5,KGID108997,Tejas,1998-05-04,M,A-,0,2010-02-09
8998,13,665,7,4,KGID108998,Gunbir,1978-08-15,M,B-,0,1998-05-01
8999,13,665,10,5,KGID108999,Henry,1996-12-28,M,O-,0,1997-06-21
9000,13,665,7,1,KGID109000,Advaith,1984-01-17,M,A+,0,1997-12-08
9001,13,665,10,1,KGID109001,Zayan,1987-08-27,M,AB+,0,2005-02-14
9002,13,665,6,4,KGID109002,Ayaan,1978-06-22,M,B-,0,1997-07-12
9003,13,665,9,4,KGID109003,Krish,1988-02-23,M,O+,0,2009-12-07
9004,13,666,10,6,KGID109004,Patrick,1970-02-22,M,AB+,0,1997-07-04
9005,13,666,6,4,KGID109005,Manthan,1999-02-22,M,O-,0,1999-12-12
9006,13,666,10,1,KGID109006,Kai,1968-07-24,M,AB+,0,2002-05-30
9007,13,666,9,5,KGID109007,Om,1986-07-11,M,A+,0,2023-01-14
9008,13,666,10,4,KGID109008,Lucky,1994-06-19,M,B-,0,2019-11-02
9009,13,666,10,6,KGID109009,Om,1982-10-09,M,O+,0,2011-10-11
9010,13,666,10,4,KGID109010,Tristan,1970-08-25,M,O+,0,2014-04-13
9011,13,666,10,6,KGID109011,Yadavi,1989-09-21,F,B+,0,2003-10-26
9012,13,666,10,5,KGID109012,Agastya,1981-10-04,M,A+,0,2006-01-26
9013,13,667,9,5,KGID109013,Xavier,1967-08-29,M,A-,0,2017-02-04
9014,13,667,10,3,KGID109014,Nitesh,1992-10-04,M,AB+,0,2019-11-28
9015,13,667,10,1,KGID109015,Agastya,1969-03-12,M,A-,0,2013-07-30
9016,13,667,9,1,KGID109016,Ekbal,1987-11-29,M,O+,0,2016-09-05
9017,13,667,10,1,KGID109017,Gagan,1969-10-23,M,B-,0,2011-11-07
9018,13,667,6,5,KGID109018,Ucchal,1994-06-18,F,O-,0,2002-04-11
9019,13,667,5,5,KGID109019,Pavani,1996-10-04,F,AB+,1,2000-02-04
9020,13,667,9,3,KGID109020,Finn,1973-12-24,M,B+,0,2013-12-08
9021,13,667,10,2,KGID109021,Raksha,1968-03-16,F,A-,0,2011-04-12
9022,13,667,10,6,KGID109022,Caleb,2000-03-31,M,B-,0,1997-02-15
9023,13,667,10,5,KGID109023,Ryan,1970-11-06,M,O+,0,1997-06-21
9024,13,667,9,3,KGID109024,Kai,1976-06-05,M,B-,0,2018-12-23
9025,13,667,10,2,KGID109025,Ryan,1976-03-29,M,A+,0,2000-10-09
9026,13,667,6,4,KGID109026,Andrew,1987-07-15,M,O-,0,2004-04-27
9027,13,668,9,2,KGID109027,Isaac,1993-05-03,M,O-,0,2009-05-18
9028,13,668,10,3,KGID109028,Daksh,1970-02-02,M,O+,0,2011-03-13
9029,13,668,9,2,KGID109029,Tristan,2000-07-16,M,O+,0,2004-03-11
9030,13,668,10,6,KGID109030,Caleb,1995-06-20,M,A-,0,2003-08-20
9031,13,668,10,5,KGID109031,Yatan,1984-08-24,M,B-,0,2024-12-01
9032,13,668,9,2,KGID109032,Mitesh,1983-02-12,M,B-,0,2021-02-06
9033,13,668,9,3,KGID109033,Abeer,1978-02-20,M,O-,0,2007-06-21
9034,13,668,6,4,KGID109034,Gautami,1990-03-12,F,AB+,0,2013-08-08
9035,13,668,10,5,KGID109035,Manthan,1968-07-29,M,AB+,0,2003-07-26
9036,13,668,10,4,KGID109036,Bachittar,1977-06-01,M,AB+,0,2021-05-20
9037,13,668,10,4,KGID109037,Hema,2001-06-11,F,O-,0,2024-03-22
9038,13,668,10,6,KGID109038,Umang,1979-08-25,M,O+,0,2004-11-30
9039,13,668,10,6,KGID109039,Nakul,1983-03-12,M,A-,0,2015-11-16
9040,13,668,10,1,KGID109040,Darpan,1973-12-07,M,B-,0,2004-09-20
9041,13,668,10,1,KGID109041,Wyatt,1999-10-24,M,B+,0,2008-07-21
9042,13,668,10,6,KGID109042,Urmi,1976-08-19,F,B+,0,2010-05-17
9043,13,668,10,3,KGID109043,Wishi,1990-08-05,F,AB+,0,2003-09-19
9044,13,668,9,2,KGID109044,Chatura,1975-01-12,M,O-,0,1998-10-27
9045,13,668,9,3,KGID109045,Ranbir,1990-08-05,M,B+,0,2012-07-31
9046,13,668,10,1,KGID109046,Amol,1982-12-24,M,B-,0,2003-07-26
9047,13,669,10,2,KGID109047,Liam,1972-04-24,M,A+,0,1996-11-23
9048,13,669,7,6,KGID109048,Rishi,1985-06-13,M,B-,0,2016-12-07
9049,13,669,7,3,KGID109049,Chaitaly,1992-02-24,F,A-,0,2000-06-11
9050,13,669,9,4,KGID109050,Rajata,1990-04-22,F,A+,0,2002-12-01
9051,13,669,10,1,KGID109051,Tanvi,1991-11-14,F,B-,0,2011-06-11
9052,13,669,6,4,KGID109052,Chameli,1994-05-28,F,B+,0,2020-04-14
9053,13,669,9,6,KGID109053,Brijesh,1994-04-17,M,B-,0,2004-02-22
9054,13,669,6,1,KGID109054,Osha,1988-09-04,F,B-,0,2005-04-23
9055,13,669,10,2,KGID109055,Theodore,1976-02-26,M,A+,0,2022-07-31
9056,13,669,9,2,KGID109056,Yutika,1993-05-03,F,O-,0,2005-01-12
9057,13,669,6,1,KGID109057,Victor,2002-03-28,M,A+,0,2025-02-21
9058,13,669,10,3,KGID109058,Chandresh,1984-10-03,M,O-,0,2005-01-09
9059,13,670,10,6,KGID109059,Udyati,1988-02-04,F,O+,0,2019-02-24
9060,13,670,10,3,KGID109060,Kashish,1988-06-29,F,A-,0,2021-10-30
9061,13,670,6,1,KGID109061,Vasana,1977-12-14,F,A+,0,2001-04-25
9062,13,670,10,1,KGID109062,Xavier,2002-06-01,M,O+,0,1997-08-12
9063,13,670,10,2,KGID109063,Ekbal,2000-05-20,M,A+,0,2021-09-14
9064,13,670,10,6,KGID109064,Champak,1998-05-05,M,AB+,0,1996-11-19
9065,13,670,9,5,KGID109065,Triveni,1989-02-19,F,O-,0,2005-03-19
9066,13,670,6,4,KGID109066,Urmi,1972-06-20,F,AB+,0,2002-08-26
9067,13,670,6,3,KGID109067,Sai,1975-02-10,M,A-,0,2011-03-12
9068,13,670,10,4,KGID109068,Advik,1985-09-24,M,O+,0,2004-02-05
9069,13,670,10,4,KGID109069,Nakul,1976-03-27,M,O-,0,2000-08-20
9070,13,670,9,3,KGID109070,Ekalinga,2000-06-23,M,B-,0,2018-08-15
9071,13,670,7,6,KGID109071,Reyansh,1969-09-26,M,O-,0,2015-01-31
9072,13,670,6,6,KGID109072,Eesha,1977-11-27,F,A-,0,2021-09-12
9073,13,671,7,3,KGID109073,Saksham,1982-02-01,M,A-,0,2016-11-04
9074,13,671,10,3,KGID109074,Krishna,1999-07-04,M,A-,0,2004-06-20
9075,13,671,9,3,KGID109075,Devansh,1995-05-05,M,O+,0,2020-02-27
9076,13,671,10,4,KGID109076,Devansh,1997-10-27,M,B-,0,1996-10-31
9077,13,671,10,1,KGID109077,Siya,1999-04-10,F,O+,0,2001-04-17
9078,13,671,6,3,KGID109078,Jagdish,1998-06-22,M,B-,0,2023-12-16
9079,13,671,10,2,KGID109079,Omisha,1992-04-15,F,B-,0,2010-11-24
9080,13,671,10,5,KGID109080,Thomas,1989-01-13,M,A+,0,2008-05-09
9081,13,671,10,1,KGID109081,Chaman,1982-04-01,F,B+,0,2006-07-22
9082,13,671,10,2,KGID109082,Gunbir,1970-01-29,M,AB+,0,2005-08-10
9083,13,671,6,4,KGID109083,Yoshita,1999-05-09,F,A+,0,2021-08-18
9084,13,671,10,5,KGID109084,Pranav,1968-11-11,M,B-,0,2010-06-18
9085,13,671,6,1,KGID109085,Aarush,1971-07-02,M,AB+,0,2004-08-31
9086,13,671,10,6,KGID109086,Imaran,1985-09-10,M,A+,0,2022-12-15
9087,13,671,6,2,KGID109087,Ekalinga,1967-11-09,M,AB+,0,1997-01-08
9088,13,671,7,2,KGID109088,Laban,1991-08-26,M,A-,0,2021-02-18
9089,13,671,10,6,KGID109089,Guneet,1993-06-20,M,A+,0,2006-12-16
9090,13,671,10,4,KGID109090,Rehaan,1993-05-26,M,O-,0,2009-03-24
9091,13,671,7,4,KGID109091,Samarth,1980-11-09,M,A+,0,2012-08-26
9092,13,671,9,1,KGID109092,Amrita,1990-07-29,F,B-,0,2012-10-28
9093,13,672,10,4,KGID109093,Kabir,2000-01-18,M,A-,0,2022-03-17
9094,13,672,5,3,KGID109094,Lakshit,1980-04-25,M,AB+,0,1997-03-31
9095,13,672,10,4,KGID109095,Advay,1970-02-06,M,AB+,0,2007-11-08
9096,13,672,9,6,KGID109096,Max,1977-10-01,M,A+,0,2016-04-23
9097,13,672,6,5,KGID109097,Wyatt,1995-01-29,M,O-,0,2014-06-23
9098,13,672,10,2,KGID109098,Guneet,1971-03-29,M,A+,0,2009-01-01
9099,13,672,10,3,KGID109099,Balhaar,1970-05-28,M,B+,0,2018-04-01
9100,13,672,10,4,KGID109100,Udant,1999-08-24,M,A-,0,1998-01-24
9101,13,673,9,3,KGID109101,Vasatika,1985-10-22,F,O-,0,2002-11-08
9102,13,673,7,1,KGID109102,Chaaya,1981-11-21,F,B+,0,2001-03-26
9103,13,673,9,3,KGID109103,Gaurang,1970-12-06,M,O-,0,2019-10-08
9104,13,673,6,4,KGID109104,Sarthak,1999-03-20,M,A-,0,2001-03-17
9105,13,673,6,1,KGID109105,Chandran,2000-05-27,M,A+,0,2024-08-16
9106,13,673,10,4,KGID109106,Bakhshi,1981-03-07,M,O-,0,2015-10-11
9107,13,673,10,6,KGID109107,Jagat,1995-03-16,M,A+,0,1996-11-16
9108,13,673,10,4,KGID109108,Alexander,1996-09-09,M,O-,0,2010-01-25
9109,13,673,6,6,KGID109109,Onkar,1973-10-22,M,B+,0,2001-01-14
9110,13,673,10,2,KGID109110,Quincy,1981-08-02,M,AB+,0,2016-05-19
9111,13,673,6,5,KGID109111,Hiral,1999-04-22,F,O+,0,1998-05-02
9112,13,673,10,4,KGID109112,Qarin,2000-11-19,M,AB+,0,2014-08-07
9113,13,673,10,4,KGID109113,Nicholas,1981-04-12,M,B+,1,2009-06-11
9114,13,673,6,3,KGID109114,Pratyush,1995-09-24,M,A-,0,2023-02-09
9115,13,674,6,1,KGID109115,Henry,1979-05-11,M,B+,0,2016-01-02
9116,13,674,6,5,KGID109116,Champak,1983-11-01,M,AB+,0,2013-10-09
9117,13,674,10,2,KGID109117,Jai,1984-09-06,M,B+,0,2011-09-22
9118,13,674,10,5,KGID109118,Chatresh,1999-05-11,M,A+,0,2011-11-13
9119,13,674,9,5,KGID109119,Girik,1991-05-17,M,O-,0,1999-07-18
9120,13,674,6,6,KGID109120,Bhanumati,2000-11-17,F,O-,0,2025-05-04
9121,13,674,6,5,KGID109121,Harita,2001-10-07,F,B+,0,2006-06-03
9122,13,674,10,1,KGID109122,Michael,1988-09-07,M,A+,0,2016-02-01
9123,13,674,10,3,KGID109123,Aarush,2003-01-21,M,A-,0,2024-06-21
9124,13,674,5,6,KGID109124,Vasudha,1981-01-13,F,O-,0,2011-01-15
9125,13,674,5,1,KGID109125,Jackson,1990-05-25,M,O+,0,1997-02-22
9126,13,674,6,6,KGID109126,Neel,1983-05-19,M,B-,0,1999-11-25
9127,13,674,9,6,KGID109127,Kai,1990-03-21,M,AB+,0,2009-06-11
9128,13,674,9,6,KGID109128,Gagan,2001-06-08,M,B+,0,1999-08-31
9129,13,674,10,3,KGID109129,Chakradev,1977-09-21,M,AB+,0,2012-08-23
9130,13,674,9,3,KGID109130,Nilima,1989-08-27,F,B-,0,2018-05-11
9131,13,674,10,1,KGID109131,Nathan,1987-05-17,M,B+,0,2010-04-21
9132,13,674,10,4,KGID109132,Tejas,1977-10-22,M,AB+,0,2021-11-22
9133,13,674,10,6,KGID109133,Warinder,1978-11-16,M,O-,0,2020-08-22
9134,13,675,6,1,KGID109134,Elijah,1988-12-11,M,A-,0,2020-12-02
9135,13,675,6,3,KGID109135,Devika,2002-01-05,F,O+,0,2016-04-16
9136,13,675,9,1,KGID109136,Zansi,1999-11-01,F,A-,0,2022-08-07
9137,13,675,10,2,KGID109137,Baljiwan,1968-06-02,M,A-,0,2012-12-17
9138,13,675,10,2,KGID109138,Shaurya,1988-03-20,M,O+,0,1999-05-25
9139,13,675,10,2,KGID109139,Ojas,1993-08-11,M,A-,0,2017-11-28
9140,13,675,10,1,KGID109140,Nathaniel,1978-05-28,M,A+,0,2016-04-17
9141,13,675,9,1,KGID109141,Andrew,1995-05-24,M,O-,0,2010-11-26
9142,13,675,7,3,KGID109142,Michael,1972-12-16,M,A+,0,2008-07-06
9143,13,675,5,5,KGID109143,Yug,1969-02-22,M,B-,0,2010-07-02
9144,13,675,9,1,KGID109144,Jasmit,2000-10-08,F,A-,0,2005-08-08
9145,13,675,6,1,KGID109145,Teerth,1998-04-03,M,B+,0,2018-12-07
9146,13,675,6,4,KGID109146,Kabir,1995-09-10,M,O+,0,2000-01-29
9147,13,675,10,3,KGID109147,Fariq,1977-11-17,M,A+,0,2019-05-22
9148,13,675,6,2,KGID109148,Dev,1969-11-07,M,B+,0,2016-03-31
9149,13,675,10,5,KGID109149,Tarak,2002-11-13,M,B+,0,2005-06-12
9150,13,675,9,5,KGID109150,Chakradhar,1995-06-22,M,O+,0,2007-01-28
9151,13,675,6,2,KGID109151,Isaiah,1982-05-22,M,A+,0,2005-10-27
9152,13,676,10,2,KGID109152,Jagdish,1989-09-26,M,A-,0,2004-08-22
9153,13,676,10,2,KGID109153,Lajita,1995-03-26,F,AB+,0,2005-05-30
9154,13,676,10,1,KGID109154,Ranveer,1969-03-26,M,B+,0,2022-10-13
9155,13,676,10,1,KGID109155,Fariq,1979-11-14,M,B+,0,2024-12-28
9156,13,676,6,5,KGID109156,Tristan,1975-05-27,M,B+,0,1999-01-26
9157,13,676,10,2,KGID109157,Nihal,1976-10-15,M,AB+,0,2019-11-08
9158,13,676,10,6,KGID109158,Vyanjana,1995-08-23,F,B+,0,2021-12-27
9159,13,676,7,3,KGID109159,Jeremiah,1972-10-08,M,B-,0,2015-12-08
9160,13,676,10,4,KGID109160,Indira,1986-08-28,F,A-,0,2024-02-08
9161,13,676,7,5,KGID109161,Udarsh,1998-06-05,M,O+,1,2011-04-15
9162,13,677,10,6,KGID109162,Wriddhish,1977-06-22,M,A+,0,2020-11-05
9163,13,677,9,4,KGID109163,Balhaar,1976-11-29,M,O-,0,1997-01-15
9164,13,677,7,2,KGID109164,Amrita,1989-07-22,F,B+,0,2018-03-15
9165,13,677,6,2,KGID109165,Rachit,1976-02-03,M,O-,0,2012-05-20
9166,13,677,9,2,KGID109166,Falan,1983-06-14,M,A+,0,2010-06-09
9167,13,677,7,3,KGID109167,Mohammed,1995-09-29,M,A+,0,2025-04-14
9168,13,677,10,1,KGID109168,Ethan,1993-06-16,M,O+,0,2002-10-02
9169,13,677,10,5,KGID109169,Rohan,1999-12-13,M,AB+,0,1996-09-28
9170,13,677,10,1,KGID109170,Rayaan,1995-05-11,M,O-,0,2013-03-14
9171,13,677,10,2,KGID109171,Krish,1988-03-15,M,AB+,0,2008-11-10
9172,13,677,9,4,KGID109172,Laksh,1978-04-22,M,B+,0,2012-06-01
9173,13,677,10,4,KGID109173,Kai,1975-08-03,M,B+,0,2010-02-25
9174,13,678,5,2,KGID109174,Christopher,1981-10-02,M,B+,0,2008-09-01
9175,13,678,9,1,KGID109175,Prisha,1972-03-22,F,A+,0,2002-07-11
9176,13,678,9,3,KGID109176,Hemangini,1974-07-18,F,AB+,0,2020-01-04
9177,13,678,9,1,KGID109177,Hemang,1975-07-25,M,A-,0,2023-10-15
9178,13,678,10,5,KGID109178,Ishaan,1980-01-09,M,A-,0,2009-11-26
9179,13,678,7,4,KGID109179,Hamsini,1972-09-02,F,O-,0,2002-02-09
9180,13,678,6,6,KGID109180,Viraj,1967-08-08,M,B+,0,2005-11-04
9181,13,678,6,5,KGID109181,Dakshesh,1973-09-08,M,A-,0,2005-12-20
9182,13,678,7,4,KGID109182,Ojas,1980-07-20,M,O-,0,2023-05-17
9183,13,678,9,2,KGID109183,Om,1983-06-27,M,AB+,0,2022-04-11
9184,13,678,6,3,KGID109184,Aarav,1984-06-04,M,B+,0,2014-12-24
9185,13,678,10,1,KGID109185,Rehaan,2001-11-04,M,AB+,0,2004-02-19
9186,13,678,10,2,KGID109186,Alexander,1988-11-17,M,B+,0,2012-07-14
9187,13,678,9,4,KGID109187,Logan,1980-11-18,M,A-,0,2016-08-15
9188,13,678,10,1,KGID109188,Jonathan,1985-12-18,M,A-,0,2005-08-03
9189,13,678,10,5,KGID109189,Zayyan,1988-05-18,M,O-,0,2022-06-03
9190,13,679,6,4,KGID109190,Ayaan,1975-05-30,M,A-,0,2023-05-02
9191,13,679,7,3,KGID109191,Maya,1969-07-05,F,A-,0,2008-04-23
9192,13,679,6,3,KGID109192,Rehaan,2001-06-04,M,A-,0,1997-09-21
9193,13,679,6,6,KGID109193,Udant,1987-08-17,M,B+,0,2025-07-19
9194,13,679,10,6,KGID109194,Ayush,1976-01-07,M,A-,0,2023-02-19
9195,13,679,10,6,KGID109195,Ayush,1994-08-10,M,AB+,0,2021-08-17
9196,13,679,9,5,KGID109196,Ishwar,1980-01-12,M,AB+,0,2024-08-06
9197,13,679,9,5,KGID109197,Ekaraj,1975-05-31,M,AB+,0,2020-09-10
9198,13,679,7,4,KGID109198,Dalbir,1984-06-22,M,A-,0,2003-12-20
9199,13,679,7,6,KGID109199,Bhavani,1975-02-25,F,O-,0,2006-11-03
9200,13,679,10,5,KGID109200,Viraj,1984-10-13,M,A-,0,2007-10-11
9201,13,679,6,3,KGID109201,Reyansh,1992-03-17,M,O-,0,2002-04-13
9202,13,679,5,1,KGID109202,Parth,1994-12-17,M,B+,0,2021-08-01
9203,13,679,7,3,KGID109203,Jai,1987-01-26,M,O-,0,2000-12-25
9204,13,679,6,6,KGID109204,Upasna,1968-11-20,F,O+,0,2000-08-19
9205,13,679,9,5,KGID109205,Naksh,1979-07-31,M,O+,0,2000-03-01
9206,13,679,10,1,KGID109206,Quincy,1995-09-15,M,AB+,0,2011-10-19
9207,13,679,10,1,KGID109207,Onveer,1973-04-23,M,O+,0,2001-10-22
9208,13,679,10,2,KGID109208,Manthan,1993-06-10,M,A+,0,2022-02-14
9209,13,680,10,3,KGID109209,Sudiksha,1999-08-31,F,B-,0,2023-11-08
9210,13,680,10,1,KGID109210,Fitan,1978-10-09,M,O+,0,2015-03-11
9211,13,680,5,2,KGID109211,Gopal,1981-10-10,M,A+,0,2022-05-10
9212,13,680,9,3,KGID109212,Jagat,2003-03-30,M,O-,0,2002-08-06
9213,13,680,10,3,KGID109213,Kabir,1989-01-24,M,B-,0,2014-01-31
9214,13,680,10,4,KGID109214,Balendra,1993-01-05,M,AB+,0,2014-01-17
9215,13,680,9,1,KGID109215,Darpan,1992-05-18,M,AB+,0,1998-11-15
9216,13,680,10,5,KGID109216,Osha,1976-07-04,F,O+,0,1999-01-23
9217,13,681,10,3,KGID109217,Wazir,1973-04-24,M,A+,0,2024-01-26
9218,13,681,7,2,KGID109218,Nathaniel,1993-03-09,M,A-,0,2001-09-07
9219,13,681,10,2,KGID109219,Chatresh,1986-09-10,M,A-,0,2001-03-14
9220,13,681,9,5,KGID109220,Krish,1973-09-23,M,A-,0,2021-08-13
9221,13,681,9,3,KGID109221,Kiaan,1996-05-21,M,AB+,0,1999-11-10
9222,13,681,10,4,KGID109222,Chandran,1991-10-31,M,AB+,1,2000-03-27
9223,13,681,10,3,KGID109223,Vihaan,1981-10-05,M,AB+,0,2001-10-25
9224,13,681,9,3,KGID109224,Daniel,1978-07-08,M,B+,0,1997-06-17
9225,13,681,7,5,KGID109225,Ojasvi,1975-09-05,F,B+,0,2000-08-21
9226,13,681,9,1,KGID109226,Yuvraj,1991-12-16,M,B-,0,2012-08-21
9227,13,681,10,4,KGID109227,Aarnav,1998-04-06,M,AB+,0,2018-02-20
9228,13,681,9,1,KGID109228,Jhalak,1978-05-21,F,A-,0,2002-11-02
9229,13,681,9,1,KGID109229,Mohammed,1976-04-12,M,A-,0,2021-10-27
9230,13,681,10,1,KGID109230,Udant,1973-05-16,M,AB+,0,2018-04-14
9231,13,681,9,3,KGID109231,Yashoda,1983-04-02,F,O+,0,2024-04-23
9232,13,681,7,1,KGID109232,Advik,1972-01-24,M,A+,0,2012-08-24
9233,13,681,6,4,KGID109233,Yadavi,1994-11-24,F,B+,0,2024-11-14
9234,13,681,7,6,KGID109234,Nilima,1991-10-06,F,B-,0,2012-08-17
9235,13,682,10,6,KGID109235,Radhika,1967-11-13,F,B+,0,2022-05-10
9236,13,682,9,4,KGID109236,Girish,1988-12-31,M,B-,0,1997-05-15
9237,13,682,9,2,KGID109237,Rehaan,1970-06-24,M,B+,0,2007-07-10
9238,13,682,10,4,KGID109238,Manya,1985-07-01,F,A-,0,1998-09-28
9239,13,682,10,6,KGID109239,Qasim,1994-02-10,M,A-,0,2010-10-25
9240,13,682,6,1,KGID109240,Anthony,1967-12-17,M,O-,0,2017-07-16
9241,13,682,6,1,KGID109241,Bachittar,1979-12-05,M,B-,0,2021-05-14
9242,13,682,10,3,KGID109242,Tejas,1998-10-08,M,B+,0,2024-07-12
9243,13,683,6,3,KGID109243,Ekaja,1998-11-12,F,B+,0,2015-11-01
9244,13,683,10,6,KGID109244,Christopher,1987-08-08,M,AB+,0,2024-07-12
9245,13,683,7,3,KGID109245,Oviya,2002-10-24,F,A+,0,1998-04-25
9246,13,683,10,4,KGID109246,Jalsa,1978-07-22,F,B-,0,2010-07-10
9247,13,683,5,1,KGID109247,Abhiram,1971-04-04,M,B+,0,2017-10-01
9248,13,683,6,2,KGID109248,Samaksh,1990-12-01,M,B-,0,2000-06-15
9249,13,683,9,6,KGID109249,Tamanna,2000-06-19,F,AB+,0,2013-05-05
9250,13,683,6,4,KGID109250,Chakradev,2000-12-21,M,O+,0,2019-07-29
9251,13,683,10,6,KGID109251,Udant,1981-09-27,M,A+,0,2004-03-18
9252,13,683,10,5,KGID109252,Ria,1982-05-13,F,B-,0,2006-10-17
9253,13,683,7,1,KGID109253,Lakshmi,1997-02-06,F,O-,0,1998-07-18
9254,13,683,6,6,KGID109254,Hardik,1978-08-17,M,B+,0,1999-07-14
9255,13,683,9,2,KGID109255,Caleb,1970-11-02,M,A-,0,2002-09-14
9256,13,683,10,6,KGID109256,Viraj,1989-05-15,M,O-,0,2010-08-28
9257,13,683,7,2,KGID109257,Alexander,1977-10-25,M,A-,0,1997-01-07
9258,13,684,9,4,KGID109258,Ranbir,1988-03-01,M,B-,0,2020-08-03
9259,13,684,7,3,KGID109259,Ranveer,1970-04-17,M,O-,0,2022-08-23
9260,13,684,10,6,KGID109260,Arunima,1998-04-03,F,B-,0,2024-11-08
9261,13,684,6,4,KGID109261,Tanay,1985-02-27,M,B+,0,2015-07-07
9262,13,684,6,2,KGID109262,Harshil,1981-03-28,M,B-,0,2017-03-31
9263,13,684,7,4,KGID109263,Maanas,1967-08-22,M,AB+,0,2020-10-20
9264,13,684,6,1,KGID109264,Robert,1991-08-13,M,A+,0,2024-10-15
9265,13,684,10,2,KGID109265,Ojas,1971-10-05,M,A-,0,2015-05-25
9266,13,684,10,4,KGID109266,Jairaj,1987-12-02,M,B-,0,1996-12-02
9267,13,684,9,4,KGID109267,Aryan,1981-10-29,M,O+,0,2004-11-29
9268,13,684,9,1,KGID109268,Ishani,1977-01-18,F,O-,0,2006-11-08
9269,13,684,9,1,KGID109269,Jonathan,1998-11-25,M,O+,0,2010-03-23
9270,13,684,9,1,KGID109270,Rushil,1997-11-11,M,O+,0,2019-11-22
9271,13,685,10,6,KGID109271,Shivansh,1988-05-26,M,O+,0,2014-05-19
9272,13,685,10,2,KGID109272,Patrick,1980-11-01,M,O-,0,2010-05-21
9273,13,685,10,1,KGID109273,Faris,1982-08-19,M,B-,0,1996-09-28
9274,13,685,9,1,KGID109274,Faraj,2002-06-23,M,AB+,0,2015-11-11
9275,13,685,6,2,KGID109275,Hemang,1978-08-10,M,A-,0,2013-08-11
9276,13,685,10,4,KGID109276,Kevin,1990-11-15,M,A-,0,2014-04-30
9277,13,685,10,3,KGID109277,Yash,1975-12-06,M,A-,0,2012-03-12
9278,13,685,5,6,KGID109278,Advay,1982-12-05,M,O-,0,2015-05-16
9279,13,685,10,1,KGID109279,Gabriel,1998-01-22,M,O-,0,2021-05-05
9280,13,685,9,1,KGID109280,Nakul,1994-06-30,M,B-,0,2001-05-12
9281,13,685,10,4,KGID109281,Kai,1997-12-25,M,A-,0,2016-09-08
9282,13,685,9,4,KGID109282,Nathan,2002-04-19,M,A+,0,1998-04-13
9283,13,685,10,1,KGID109283,Robert,1984-07-22,M,A-,0,2004-10-03
9284,13,685,10,4,KGID109284,Veer,1981-01-15,M,B+,0,2019-11-08
9285,13,685,10,2,KGID109285,Onkar,2002-07-23,M,O+,0,2025-02-04
9286,13,685,6,2,KGID109286,Bhavini,1975-09-29,F,B+,0,2018-01-27
9287,13,686,5,4,KGID109287,Andrew,1972-06-29,M,A-,0,2009-06-04
9288,13,686,9,4,KGID109288,Aayush,2002-02-15,M,A-,0,2011-01-14
9289,13,686,6,2,KGID109289,Chandresh,1999-12-14,M,AB+,0,2000-11-25
9290,13,686,9,3,KGID109290,Karan,1973-03-18,M,B+,0,1999-02-24
9291,13,686,9,5,KGID109291,Nathaniel,1973-08-10,M,AB+,0,2025-01-03
9292,13,686,9,1,KGID109292,Reyansh,1986-04-25,M,O-,0,2013-05-19
9293,13,686,10,6,KGID109293,Hemang,1981-04-09,M,O-,0,2013-03-19
9294,13,686,5,3,KGID109294,Jai,1979-07-20,M,AB+,0,2014-07-21
9295,13,686,10,2,KGID109295,Harini,1984-08-05,F,AB+,0,2019-11-29
9296,13,686,10,4,KGID109296,Dalbir,1984-05-11,M,O-,0,1999-04-12
9297,13,686,9,5,KGID109297,Hredhaan,1988-01-03,M,O+,0,1999-05-14
9298,13,686,10,5,KGID109298,Warhi,1983-04-25,F,O-,0,2007-03-11
9299,13,686,10,6,KGID109299,Aadi,1971-06-17,M,O+,0,2004-09-07
9300,13,686,10,6,KGID109300,Christopher,1979-08-02,M,AB+,0,2007-04-14
9301,13,686,10,6,KGID109301,Nachiket,1976-08-11,M,B+,0,2001-03-15
9302,14,687,10,1,KGID109302,Finn,1981-09-03,M,A-,0,2020-10-23
9303,14,687,6,4,KGID109303,Oscar,1971-02-25,M,O+,0,2016-03-19
9304,14,687,6,1,KGID109304,Ekaraj,1995-12-27,M,O-,0,2021-08-10
9305,14,687,10,6,KGID109305,Hredhaan,1988-04-22,M,A-,0,2008-01-29
9306,14,687,6,5,KGID109306,Harish,1981-07-18,M,B-,0,2024-01-10
9307,14,687,9,1,KGID109307,Tamanna,1978-08-02,F,O+,0,2015-07-22
9308,14,687,10,5,KGID109308,Ayaan,2001-06-24,M,B-,0,2015-03-23
9309,14,687,10,1,KGID109309,Maanav,1984-01-21,M,A-,0,1999-10-03
9310,14,687,10,4,KGID109310,Matthew,1969-06-02,M,O-,0,2002-08-09
9311,14,687,10,6,KGID109311,Krisha,1993-12-27,F,A-,0,1997-12-01
9312,14,687,6,2,KGID109312,William,1999-10-29,M,B-,0,2025-04-07
9313,14,687,10,4,KGID109313,Omya,1981-10-25,F,O-,0,2024-08-11
9314,14,687,9,5,KGID109314,Warjas,1980-02-21,M,AB+,0,2003-07-01
9315,14,687,7,3,KGID109315,Isaiah,1975-10-06,M,B+,0,2014-01-13
9316,14,687,10,4,KGID109316,Tarak,1972-06-19,M,B+,0,2007-06-06
9317,14,688,10,2,KGID109317,Mohammed,1984-09-17,M,B-,0,2012-01-24
9318,14,688,10,6,KGID109318,Jasmit,1982-07-16,F,A-,0,2023-09-09
9319,14,688,10,6,KGID109319,Liam,1984-01-21,M,A-,0,2024-02-13
9320,14,688,5,5,KGID109320,Zayyan,2001-06-13,M,O-,0,2005-05-20
9321,14,688,9,6,KGID109321,Yagnesh,1977-02-28,M,B+,0,2020-07-14
9322,14,688,9,6,KGID109322,Finn,1988-07-09,M,O-,0,2020-02-21
9323,14,688,6,1,KGID109323,Mohammed,1969-04-05,M,O-,0,2013-11-16
9324,14,688,10,6,KGID109324,Udyati,1993-10-14,F,AB+,0,1998-09-19
9325,14,689,10,6,KGID109325,Mitesh,1981-10-17,M,A+,0,1996-08-13
9326,14,689,10,1,KGID109326,Umang,1979-12-23,M,O-,0,2010-04-15
9327,14,689,7,4,KGID109327,Dominic,1984-04-18,M,AB+,0,2015-02-04
9328,14,689,10,1,KGID109328,Samaksh,1993-10-11,M,O+,0,2003-03-20
9329,14,689,10,1,KGID109329,Warjas,1984-05-25,M,A-,0,2014-12-13
9330,14,689,9,4,KGID109330,Xavier,1974-04-21,M,O-,0,2023-08-22
9331,14,689,10,6,KGID109331,Baljiwan,1972-08-22,M,O+,0,2017-01-27
9332,14,689,7,1,KGID109332,Deepa,1996-12-22,F,B+,0,2021-09-26
9333,14,690,10,3,KGID109333,Ayush,1988-05-04,M,AB+,0,2014-07-10
9334,14,690,6,4,KGID109334,Amara,1999-06-20,F,O+,0,2002-11-08
9335,14,690,7,5,KGID109335,Brinda,2000-08-25,F,B-,0,2006-11-29
9336,14,690,10,1,KGID109336,Rachana,1975-08-23,F,O+,0,2024-05-19
9337,14,690,9,6,KGID109337,Rehaan,1978-10-06,M,B+,0,2005-11-14
9338,14,690,7,4,KGID109338,Chanakya,1976-01-11,M,O-,0,2019-03-05
9339,14,690,7,6,KGID109339,Madhav,1978-05-03,M,A+,0,2018-08-06
9340,14,690,6,3,KGID109340,Oeshi,1969-05-19,F,B+,0,2012-10-08
9341,14,690,10,1,KGID109341,Zansi,1970-04-16,F,O+,0,2022-02-26
9342,14,690,10,5,KGID109342,Aarini,1967-12-19,F,A-,0,2011-01-10
9343,14,690,9,6,KGID109343,Chatura,1982-04-26,M,O-,0,2000-06-15
9344,14,690,10,5,KGID109344,Samarth,1993-09-17,M,O-,0,2002-03-30
9345,14,690,6,4,KGID109345,Karan,1992-08-12,M,A+,0,2004-10-14
9346,14,691,10,5,KGID109346,Ayushman,2002-07-16,M,A+,0,2023-07-06
9347,14,691,9,3,KGID109347,Eesha,1999-05-07,F,A-,0,2000-03-29
9348,14,691,9,5,KGID109348,Arjun,1995-01-12,M,B-,0,2020-11-11
9349,14,691,9,6,KGID109349,Matthew,1985-07-26,M,B+,0,2015-11-09
9350,14,691,10,4,KGID109350,Charan,1983-03-24,M,A+,0,2016-10-16
9351,14,691,7,5,KGID109351,Owen,1983-05-21,M,AB+,0,1999-08-05
9352,14,691,10,2,KGID109352,Harrison,1987-01-03,M,B+,0,2020-11-02
9353,14,691,10,5,KGID109353,Avni,1982-06-28,F,B-,0,2025-02-18
9354,14,692,7,4,KGID109354,Charles,1995-08-10,M,O-,0,2004-03-24
9355,14,692,9,3,KGID109355,Ryan,1990-09-05,M,O-,0,2012-07-30
9356,14,692,10,5,KGID109356,Maanav,1976-02-23,M,B-,0,2001-06-21
9357,14,692,5,4,KGID109357,Ayaan,1969-12-24,M,O+,0,2014-04-21
9358,14,692,7,1,KGID109358,Chandresh,1977-12-28,M,O-,0,2010-01-12
9359,14,692,7,1,KGID109359,Mason,1997-01-25,M,O+,0,2022-12-11
9360,14,692,9,3,KGID109360,Charvi,2000-03-03,F,A+,0,2022-03-26
9361,14,692,6,2,KGID109361,Yashodhara,1978-08-11,F,AB+,0,2014-04-24
9362,14,692,7,1,KGID109362,Timothy,2003-05-28,M,O-,0,2010-02-10
9363,14,692,7,1,KGID109363,Baljiwan,1985-08-16,M,O+,0,2010-01-17
9364,14,692,9,3,KGID109364,Peter,1996-01-23,M,O-,0,2011-09-02
9365,14,692,9,1,KGID109365,Anmol,1968-04-16,M,B-,0,2006-03-17
9366,14,692,7,1,KGID109366,Baljiwan,1971-04-04,M,A-,0,2001-05-18
9367,14,692,7,2,KGID109367,Ekansh,1991-09-27,M,B-,0,2014-06-29
9368,14,692,10,2,KGID109368,Lavanya,2002-06-22,F,AB+,1,2020-07-23
9369,14,692,10,6,KGID109369,Frado,1977-08-14,M,O-,0,2009-09-22
9370,14,693,7,6,KGID109370,Oscar,1979-10-18,M,B+,0,2003-09-11
9371,14,693,10,3,KGID109371,Anmol,1998-03-06,M,AB+,0,2024-07-08
9372,14,693,7,3,KGID109372,Azad,1986-07-29,M,A-,0,2014-07-19
9373,14,693,7,5,KGID109373,Harsh,1984-06-17,M,A+,0,2017-02-02
9374,14,693,10,3,KGID109374,Ronith,2000-07-06,M,B+,0,1997-04-17
9375,14,693,10,6,KGID109375,Zashil,1973-08-03,M,B-,0,2007-09-07
9376,14,693,7,4,KGID109376,Ethan,1992-04-18,M,O-,0,2015-11-17
9377,14,693,10,5,KGID109377,Ayaan,1970-09-26,M,O-,1,2010-09-25
9378,14,693,10,4,KGID109378,Urvashi,1977-03-12,F,O-,0,2014-04-05
9379,14,693,5,3,KGID109379,Jackson,1972-04-10,M,O+,0,2018-05-26
9380,14,693,9,6,KGID109380,Imaran,1995-08-29,M,AB+,0,2006-06-07
9381,14,693,9,2,KGID109381,Aadi,1995-08-21,M,O-,0,2012-07-25
9382,14,693,10,4,KGID109382,Advay,1992-05-01,M,A+,0,2013-07-18
9383,14,694,9,3,KGID109383,Brijesh,1973-11-14,M,A-,0,2011-02-07
9384,14,694,10,5,KGID109384,Lopa,1973-04-11,F,B-,0,2012-04-28
9385,14,694,9,6,KGID109385,Anay,1992-07-08,M,O+,0,2012-12-19
9386,14,694,5,1,KGID109386,Luke,1978-08-11,M,B+,0,2022-05-09
9387,14,694,10,5,KGID109387,Wridesh,1996-07-05,M,O-,0,2005-05-15
9388,14,694,9,5,KGID109388,Jacob,1982-06-23,M,AB+,0,2013-12-13
9389,14,694,10,3,KGID109389,Gautam,2002-04-03,M,B-,0,1997-11-01
9390,14,694,9,1,KGID109390,Dhruv,1979-05-25,M,A-,0,2014-06-25
9391,14,695,6,2,KGID109391,Bhavna,1969-04-26,F,O+,0,2008-10-20
9392,14,695,10,2,KGID109392,William,1999-08-28,M,O-,0,2005-10-18
9393,14,695,10,5,KGID109393,Faris,1988-07-19,M,O-,0,2006-08-01
9394,14,695,6,4,KGID109394,Qabil,1968-04-17,M,B-,0,2003-04-23
9395,14,695,10,3,KGID109395,Rehaan,1985-01-12,M,O-,0,2022-04-06
9396,14,695,10,5,KGID109396,Harsh,1982-10-28,M,B-,0,2025-01-25
9397,14,695,10,6,KGID109397,Sathvik,2000-07-05,M,O+,0,2020-10-25
9398,14,695,10,5,KGID109398,Manan,1975-08-16,M,B-,0,2013-11-29
9399,14,695,9,3,KGID109399,Liam,1978-11-25,M,AB+,0,2005-12-19
9400,14,695,10,3,KGID109400,Vincent,1968-10-27,M,O-,0,2014-04-24
9401,14,695,9,3,KGID109401,Yug,1996-09-28,M,O+,0,2007-01-29
9402,14,695,6,2,KGID109402,Rishi,1983-07-24,M,AB+,0,2024-07-27
9403,14,695,10,4,KGID109403,Aayush,1974-09-01,M,B+,0,2000-04-05
9404,14,696,6,2,KGID109404,Janaki,1989-08-29,F,B-,1,1999-05-31
9405,14,696,10,3,KGID109405,Onkar,1989-02-11,M,B-,0,2014-09-28
9406,14,696,9,6,KGID109406,Yash,1983-01-27,M,AB+,0,2007-07-16
9407,14,696,10,4,KGID109407,Janaki,2001-02-12,F,B+,0,1999-05-04
9408,14,696,6,3,KGID109408,Ojas,1998-07-09,M,A+,0,2018-07-16
9409,14,696,6,3,KGID109409,David,1980-04-03,M,O-,0,2006-10-20
9410,14,696,5,3,KGID109410,Jatin,1986-10-28,M,O-,0,2005-06-21
9411,14,696,10,4,KGID109411,Kevin,1969-11-19,M,O-,0,2017-10-21
9412,14,696,10,3,KGID109412,Anirudh,2000-09-12,M,B-,0,2006-11-26
9413,14,696,10,2,KGID109413,George,1987-06-28,M,O-,0,2009-09-07
9414,14,696,7,2,KGID109414,Isaac,1972-11-24,M,B-,0,2015-01-22
9415,14,696,5,6,KGID109415,Jasmit,1977-04-26,F,B+,0,2022-02-18
9416,14,696,10,5,KGID109416,Yuvraj,1967-10-31,M,B+,0,2000-05-14
9417,14,697,7,6,KGID109417,Joshua,1981-03-08,M,B-,0,2003-09-25
9418,14,697,9,1,KGID109418,Oliver,1971-01-19,M,A+,0,2012-07-09
9419,14,697,10,4,KGID109419,Benjamin,2003-07-22,M,B-,0,2013-02-13
9420,14,697,6,1,KGID109420,Hredhaan,1996-01-20,M,O-,0,2016-01-02
9421,14,697,6,4,KGID109421,Daniel,1987-05-09,M,O+,0,2018-04-18
9422,14,697,9,6,KGID109422,Varsha,2002-01-10,F,B-,0,2010-01-05
9423,14,697,10,4,KGID109423,Devansh,1989-01-04,M,A-,0,2001-05-16
9424,14,697,9,6,KGID109424,Gaurang,1992-02-18,M,O-,0,2024-04-17
9425,14,697,9,5,KGID109425,Faras,1994-05-19,M,A-,0,2005-03-05
9426,14,697,10,2,KGID109426,Liam,1973-10-21,M,B-,0,2001-10-28
9427,14,698,6,4,KGID109427,Libni,1976-08-28,F,O-,0,2007-10-12
9428,14,698,7,2,KGID109428,Ansh,1978-03-21,M,O-,0,2015-07-09
9429,14,698,10,3,KGID109429,Patrick,2000-10-27,M,O+,0,2019-01-01
9430,14,698,6,2,KGID109430,Azad,1999-08-19,M,B+,0,2003-03-20
9431,14,698,6,2,KGID109431,Omkaar,1975-03-14,M,O-,0,2003-01-23
9432,14,698,10,3,KGID109432,Akshay,1999-09-18,M,O-,1,2021-10-04
9433,14,698,7,4,KGID109433,Guneet,1985-02-07,M,A+,0,1998-05-23
9434,14,698,10,6,KGID109434,Rishi,1980-04-01,M,AB+,0,2015-05-19
9435,14,698,9,6,KGID109435,Nachiket,1975-07-25,M,B+,0,1998-07-17
9436,14,698,10,4,KGID109436,Dakshesh,1989-02-13,M,B-,0,2024-11-26
9437,14,698,7,5,KGID109437,Wridesh,1997-11-07,M,B+,0,2010-05-16
9438,14,699,9,6,KGID109438,Nandini,1979-09-24,F,AB+,0,2010-04-17
9439,14,699,9,3,KGID109439,Mohammed,1972-09-06,M,B-,0,2017-07-20
9440,14,699,7,2,KGID109440,Daksh,2000-01-07,M,AB+,0,2003-01-27
9441,14,699,10,5,KGID109441,Wridesh,1977-11-18,M,O+,0,2016-06-15
9442,14,699,10,2,KGID109442,Akshay,1968-09-17,M,O+,0,1997-04-17
9443,14,699,10,3,KGID109443,Wazir,1972-06-04,M,A+,0,2016-09-27
9444,14,699,9,5,KGID109444,Kai,1985-12-17,M,A-,0,2007-12-06
9445,14,699,10,5,KGID109445,Karan,1979-03-21,M,A-,0,2000-07-07
9446,14,699,10,1,KGID109446,Shaurya,1978-04-26,M,A-,0,2010-04-08
9447,14,699,10,1,KGID109447,Zaitra,1987-11-29,F,O+,0,1997-04-15
9448,14,700,10,4,KGID109448,Kashish,1984-03-21,F,A+,0,1997-04-17
9449,14,700,9,5,KGID109449,Adya,1988-11-27,F,B-,0,2012-05-31
9450,14,700,9,3,KGID109450,Yash,1996-10-11,M,O-,0,1999-04-06
9451,14,700,6,2,KGID109451,Faris,1993-03-08,M,O-,0,2003-04-28
9452,14,700,10,6,KGID109452,Qabil,1989-11-05,M,B-,0,2015-02-05
9453,14,700,10,5,KGID109453,Daksh,1973-11-09,M,O-,0,2023-12-27
9454,14,700,10,5,KGID109454,Rayaan,1992-12-17,M,A+,0,1998-03-18
9455,14,700,6,2,KGID109455,Chaitanya,1975-02-22,M,A-,0,2016-06-14
9456,14,700,10,5,KGID109456,Harish,1993-04-14,M,AB+,0,2020-01-16
9457,14,700,5,4,KGID109457,Pranav,1968-06-10,M,A-,0,2023-09-04
9458,14,701,9,5,KGID109458,Om,1992-12-13,M,O-,0,2007-06-07
9459,14,701,9,6,KGID109459,Ranveer,1983-10-11,M,AB+,0,2000-04-14
9460,14,701,10,6,KGID109460,Wazir,1991-06-19,M,B+,0,2025-03-31
9461,14,701,10,5,KGID109461,Akshay,1968-03-25,M,B-,0,2001-07-20
9462,14,701,10,2,KGID109462,Tanay,1993-02-12,M,B-,0,2011-05-26
9463,14,701,9,1,KGID109463,Balendra,1967-11-12,M,AB+,0,2023-07-02
9464,14,701,10,2,KGID109464,Krishna,1991-05-31,M,O-,0,2023-07-19
9465,14,701,9,5,KGID109465,Aashi,1969-10-02,F,A+,0,1999-09-28
9466,14,701,9,2,KGID109466,Omkaar,1967-08-07,M,A+,0,2016-07-01
9467,14,701,10,4,KGID109467,Laban,1980-09-17,M,O+,0,2016-02-26
9468,14,701,6,1,KGID109468,Imaran,1974-06-09,M,A-,0,1998-08-07
9469,14,701,9,2,KGID109469,Ansh,1979-05-14,M,A+,0,2000-04-15
9470,14,702,6,4,KGID109470,Omisha,1979-08-22,F,A-,0,2013-07-25
9471,14,702,10,2,KGID109471,Laban,1975-09-01,M,AB+,0,2013-03-20
9472,14,702,10,6,KGID109472,Anay,2002-03-09,M,A+,0,2007-11-15
9473,14,702,5,2,KGID109473,Girindra,1988-01-17,M,A+,0,2004-11-14
9474,14,702,9,1,KGID109474,Bachittar,1981-03-24,M,O-,0,2013-04-26
9475,14,702,6,3,KGID109475,Dev,1986-02-23,M,AB+,0,2011-11-22
9476,14,702,7,4,KGID109476,Harsh,1979-01-04,M,A+,0,2006-01-15
9477,14,702,6,2,KGID109477,Kabir,1977-04-15,M,A+,0,2023-06-15
9478,14,703,7,5,KGID109478,Isaiah,2002-10-05,M,A-,0,1998-06-09
9479,14,703,6,6,KGID109479,Dalbir,1983-10-03,M,B-,0,1998-10-11
9480,14,703,10,2,KGID109480,Hitesh,1984-07-01,M,O+,0,2001-05-12
9481,14,703,7,4,KGID109481,Ridhi,1976-07-13,F,B+,0,2007-10-16
9482,14,703,10,5,KGID109482,Jonathan,1975-06-22,M,O+,0,2022-08-10
9483,14,703,10,3,KGID109483,Darpan,1997-03-03,M,B-,0,2016-08-04
9484,14,703,10,2,KGID109484,Shaurya,1999-06-03,M,B+,0,2014-09-26
9485,14,703,10,2,KGID109485,Gaurav,1984-12-13,M,A+,0,2015-09-28
9486,14,703,6,2,KGID109486,Ishita,1977-12-06,F,O+,0,2005-08-08
9487,14,703,10,2,KGID109487,Jairaj,1972-09-05,M,O+,0,2020-03-29
9488,14,703,10,2,KGID109488,Saksham,1985-09-26,M,B+,0,2009-09-09
9489,14,703,10,6,KGID109489,Anirudh,1971-12-05,M,A-,0,2014-09-09
9490,14,704,10,5,KGID109490,Hritik,1986-07-18,M,A+,0,2000-08-15
9491,14,704,10,1,KGID109491,Yochana,1980-12-09,F,A+,0,2011-09-19
9492,14,704,10,6,KGID109492,Jeet,1976-11-20,M,AB+,0,2001-01-01
9493,14,704,7,4,KGID109493,Mitesh,1972-07-20,M,A-,0,2005-08-28
9494,14,704,10,1,KGID109494,Shivansh,1971-09-01,M,O-,0,2012-11-12
9495,14,704,10,6,KGID109495,Lakshit,1998-12-26,M,O+,0,1996-09-19
9496,14,704,7,6,KGID109496,Ranveer,1995-04-15,M,B-,0,2015-08-25
9497,14,704,7,6,KGID109497,Wazir,1996-12-10,M,B+,0,1998-06-09
9498,14,704,7,5,KGID109498,Ansh,1989-04-18,M,A+,0,2024-05-13
9499,14,704,10,3,KGID109499,Isaiah,1984-04-03,M,A+,0,2014-03-15
9500,14,704,9,4,KGID109500,Luke,1986-02-02,M,B-,0,2017-07-03
9501,14,704,6,3,KGID109501,Sarthak,1973-06-23,M,A+,0,2016-07-03
9502,14,704,6,6,KGID109502,Mason,1988-03-31,M,A-,0,2022-10-08
9503,14,705,9,6,KGID109503,Nisha,1968-01-11,F,O+,0,2017-08-03
9504,14,705,10,4,KGID109504,Rehaan,1996-07-17,M,B-,0,2007-03-17
9505,14,705,9,5,KGID109505,Nachiket,1994-07-27,M,B-,0,2021-07-22
9506,14,705,7,6,KGID109506,Aachal,1998-03-09,F,AB+,0,2008-08-08
9507,14,705,7,6,KGID109507,Ojas,1982-01-16,M,A-,0,2020-02-10
9508,14,705,7,2,KGID109508,Nitesh,2002-07-08,M,A+,0,2018-06-17
9509,14,705,6,5,KGID109509,Liam,1989-06-29,M,AB+,0,2005-07-26
9510,14,705,10,6,KGID109510,Samaksh,1974-01-02,M,O+,0,1997-02-23
9511,14,705,7,1,KGID109511,Tanveer,2001-11-20,M,O+,0,2024-09-17
9512,14,705,5,6,KGID109512,Hredhaan,1974-12-29,M,AB+,0,2000-10-11
9513,14,705,6,3,KGID109513,Yashasvi,1986-04-14,F,O+,0,1998-03-15
9514,14,705,10,3,KGID109514,Dayamai,2001-07-22,F,O+,0,2005-08-26
9515,14,705,10,2,KGID109515,Nicholas,1993-04-22,M,B-,0,2011-06-05
9516,14,705,10,5,KGID109516,Benjamin,1993-04-09,M,O+,0,2021-06-30
9517,14,706,10,3,KGID109517,Ira,1977-05-08,F,B+,0,2001-11-29
9518,14,706,9,2,KGID109518,Fiyaz,1979-07-03,M,AB+,0,2003-10-12
9519,14,706,7,1,KGID109519,Aarav,1976-11-19,M,A-,0,2004-11-01
9520,14,706,10,6,KGID109520,Vincent,1985-02-16,M,A-,0,2020-02-08
9521,14,706,7,4,KGID109521,Fariq,1979-03-24,M,A+,0,2023-03-26
9522,14,706,10,3,KGID109522,Rayaan,1999-05-22,M,A+,0,2013-01-23
9523,14,706,10,2,KGID109523,Karan,1989-08-25,M,O+,0,2022-05-13
9524,14,706,6,6,KGID109524,Ojas,1978-11-08,M,B-,0,2004-05-14
9525,14,706,10,4,KGID109525,Ayush,1992-03-16,M,B+,1,2004-08-14
9526,14,706,6,3,KGID109526,Ayaan,1998-01-24,M,O+,0,2014-08-19
9527,14,706,10,1,KGID109527,Harshil,1991-12-28,M,A+,0,2023-02-03
9528,14,707,10,5,KGID109528,Ekaraj,1993-04-02,M,O+,0,2011-05-31
9529,14,707,10,5,KGID109529,Arin,1982-10-28,M,B+,0,2011-11-30
9530,14,707,7,5,KGID109530,Indira,1978-05-25,F,B-,0,2013-10-25
9531,14,707,6,5,KGID109531,Wazir,1978-12-10,M,B+,0,2025-03-18
9532,14,707,7,3,KGID109532,Zayan,1975-09-16,M,AB+,0,2025-04-18
9533,14,707,10,4,KGID109533,Amol,1979-09-13,M,O+,0,2017-09-04
9534,14,707,6,4,KGID109534,Harrison,1988-04-27,M,AB+,0,2014-04-10
9535,14,707,10,2,KGID109535,Chanakya,1984-04-13,M,O+,0,2012-03-03
9536,14,707,6,1,KGID109536,Isaac,1977-10-24,M,B-,0,2000-03-16
9537,14,707,5,3,KGID109537,Gagan,1970-04-16,M,B+,0,1997-02-03
9538,14,707,9,5,KGID109538,Daksha,2003-06-12,F,B+,0,2005-11-09
9539,14,707,6,5,KGID109539,Vedika,1995-07-15,F,B+,0,1998-01-31
9540,14,707,10,3,KGID109540,Christopher,1984-12-05,M,B-,0,2012-09-21
9541,14,707,10,5,KGID109541,Isha,1990-10-09,F,B-,0,2020-06-25
9542,14,707,10,1,KGID109542,Ishwar,1975-09-13,M,B+,0,2000-10-03
9543,14,708,9,4,KGID109543,Deepa,1983-09-04,F,O+,0,2001-12-21
9544,14,708,7,1,KGID109544,Jackson,1967-10-19,M,O-,0,2020-12-15
9545,14,708,9,3,KGID109545,Vivaan,1997-09-13,M,B+,0,2006-10-30
9546,14,708,9,1,KGID109546,Jeet,1993-07-19,M,O-,0,2015-11-07
9547,14,708,5,4,KGID109547,Ekavir,1998-07-01,M,B+,0,1997-02-14
9548,14,708,9,1,KGID109548,Chatresh,2001-07-08,M,B+,0,2004-02-01
9549,14,708,10,6,KGID109549,Hitesh,2000-12-10,M,AB+,0,2016-08-18
9550,14,708,10,2,KGID109550,Ryan,1968-01-13,M,B-,0,2019-05-16
9551,14,708,6,1,KGID109551,Chakradev,2002-12-03,M,B-,0,2004-06-08
9552,14,708,9,1,KGID109552,Qadim,1991-10-11,M,A-,0,2004-11-13
9553,14,708,5,3,KGID109553,Krishna,1971-08-26,M,O-,0,1999-10-05
9554,14,708,10,4,KGID109554,Libni,1999-09-21,F,A-,0,2021-06-07
9555,14,708,6,2,KGID109555,Saanvi,1984-02-11,F,A-,0,2013-07-31
9556,14,708,10,6,KGID109556,Nathaniel,1992-10-26,M,O+,0,1998-03-28
9557,14,708,6,3,KGID109557,Advik,1990-06-07,M,B-,0,2007-10-04
9558,14,708,10,3,KGID109558,Upkaar,1995-12-05,M,A-,0,2011-01-13
9559,14,708,9,2,KGID109559,Faqid,2001-03-25,M,B-,0,2013-03-19
9560,14,708,9,2,KGID109560,Kevin,1984-12-26,M,O+,0,2017-05-25
9561,14,709,10,6,KGID109561,Wahab,1986-03-22,M,A-,0,2003-08-18
9562,14,709,10,4,KGID109562,Tristan,1975-05-13,M,AB+,0,2024-10-14
9563,14,709,5,3,KGID109563,Onkar,1968-09-14,M,A+,0,2011-07-07
9564,14,709,10,4,KGID109564,Victor,1985-07-01,M,AB+,0,2001-11-05
9565,14,709,10,5,KGID109565,Kashish,2001-09-29,F,O-,0,2021-01-16
9566,14,709,7,1,KGID109566,Noah,1984-06-24,M,B-,0,2013-02-21
9567,14,709,6,6,KGID109567,Samesh,1985-07-09,M,B-,0,2015-05-17
9568,14,709,7,2,KGID109568,Elijah,1968-11-14,M,B-,0,2002-05-28
9569,14,709,10,2,KGID109569,Bhavika,1973-05-25,F,AB+,0,1998-06-13
9570,14,709,9,5,KGID109570,Xavier,1986-10-12,M,A+,0,2010-10-19
9571,14,709,9,3,KGID109571,Sudiksha,1967-12-07,F,B+,0,2008-12-24
9572,14,709,6,4,KGID109572,Isaiah,1988-01-31,M,B-,0,2008-11-24
9573,14,709,9,4,KGID109573,Isaac,1976-05-30,M,A+,0,2012-01-09
9574,14,709,10,4,KGID109574,Wriddhish,1999-08-30,M,B+,0,2005-07-16
9575,14,709,9,4,KGID109575,Kevin,1971-02-13,M,O-,0,2025-07-05
9576,14,710,10,3,KGID109576,Logan,2003-03-21,M,O+,0,2023-03-07
9577,14,710,10,2,KGID109577,Jeet,1993-06-30,M,A+,0,2016-07-23
9578,14,710,9,3,KGID109578,Balhaar,1989-07-29,M,A-,0,2003-06-03
9579,14,710,9,6,KGID109579,Zashil,1969-01-29,M,A+,0,2008-11-28
9580,14,710,9,5,KGID109580,Anamika,1968-10-23,F,O+,0,1998-07-09
9581,14,710,10,5,KGID109581,Jack,1986-09-03,M,B-,0,2000-11-04
9582,14,710,5,1,KGID109582,Finn,1987-10-23,M,AB+,0,2024-08-13
9583,14,710,9,1,KGID109583,Advik,1982-10-07,M,B-,0,1999-07-31
9584,14,710,10,6,KGID109584,Elijah,1977-08-02,M,A-,0,2018-03-20
9585,14,710,10,3,KGID109585,Inaya,1993-01-22,F,AB+,0,2021-04-03
9586,14,710,9,2,KGID109586,Shaurya,1998-09-04,M,AB+,0,2018-12-09
9587,14,710,7,1,KGID109587,Jagdish,1985-05-06,M,O-,0,2017-05-29
9588,14,710,6,2,KGID109588,Mason,1994-08-30,M,A+,0,1999-05-29
9589,14,710,10,1,KGID109589,Wridesh,1975-10-28,M,B+,0,2016-05-19
9590,14,710,10,6,KGID109590,Laban,1981-07-03,M,B+,0,1997-03-28
9591,14,710,10,1,KGID109591,Raksha,1973-05-07,F,B-,0,1997-10-19
9592,14,710,9,6,KGID109592,Joshua,1987-03-04,M,B+,0,2012-07-08
9593,14,710,10,3,KGID109593,Chatresh,2002-08-09,M,AB+,0,2000-09-23
9594,14,710,7,2,KGID109594,Kiaan,1999-11-06,M,A-,0,2005-10-17
9595,14,711,10,2,KGID109595,Ekavir,1972-06-30,M,B-,0,2023-04-08
9596,14,711,7,6,KGID109596,Qadim,1988-12-06,M,AB+,0,2013-06-13
9597,14,711,10,1,KGID109597,Timothy,1972-03-03,M,O+,0,2018-06-28
9598,14,711,9,3,KGID109598,Ishwar,1990-08-01,M,B-,0,2009-05-01
9599,14,711,6,1,KGID109599,Orinder,1980-09-08,M,B+,0,2006-10-20
9600,14,711,10,2,KGID109600,Darsh,1971-04-18,M,B+,0,2001-01-17
9601,14,711,7,5,KGID109601,Ekalinga,1993-02-01,M,AB+,0,2006-08-24
9602,14,711,9,5,KGID109602,Theodore,1970-04-24,M,A+,0,2002-06-28
9603,14,711,7,3,KGID109603,Advaith,1990-10-07,M,A-,0,2001-04-07
9604,14,711,7,2,KGID109604,Dev,1987-07-14,M,A-,0,2009-02-04
9605,14,711,10,5,KGID109605,Abdul,1995-04-23,M,A-,0,2000-12-12
9606,14,711,9,5,KGID109606,Om,1974-07-18,M,B-,0,2021-08-30
9607,14,711,9,1,KGID109607,Arya,2000-06-25,F,O-,0,2013-05-16
9608,14,711,5,2,KGID109608,Ekavir,1977-05-24,M,O-,0,2020-01-29
9609,14,712,10,3,KGID109609,Yagnesh,1980-01-13,M,B+,0,2014-12-19
9610,14,712,7,5,KGID109610,Lakshit,2003-05-25,M,A-,0,2012-03-21
9611,14,712,5,2,KGID109611,Zaid,1991-11-12,M,A+,0,1998-02-20
9612,14,712,6,4,KGID109612,Nathaniel,1975-02-14,M,A+,0,2004-12-26
9613,14,712,10,6,KGID109613,Vihaan,1979-11-24,M,O-,0,2022-04-05
9614,14,712,10,1,KGID109614,Indrajit,1987-12-28,M,O-,0,2016-02-28
9615,14,712,10,6,KGID109615,Faris,1973-11-09,M,A-,0,2017-03-04
9616,14,712,5,3,KGID109616,Timothy,1998-06-14,M,B-,1,2006-05-26
9617,14,712,9,1,KGID109617,Falak,1997-12-19,F,O+,0,2023-12-07
9618,14,712,5,2,KGID109618,Hemang,1987-05-26,M,A+,1,2017-02-05
9619,14,712,10,3,KGID109619,Krishna,1968-05-15,M,A-,0,2011-01-19
9620,14,712,10,2,KGID109620,Avi,1998-05-15,M,O-,0,2012-03-27
9621,14,712,9,6,KGID109621,Darsh,1994-01-07,M,A+,0,2020-02-10
9622,14,712,6,4,KGID109622,Laksh,2002-02-22,M,AB+,0,2021-11-14
9623,14,712,10,2,KGID109623,Omkaar,1968-06-11,M,A-,0,2010-01-02
9624,14,712,9,6,KGID109624,Gavin,1971-05-05,M,B+,0,2000-07-21
9625,14,713,10,3,KGID109625,Amaira,1983-03-21,F,O-,0,2010-12-07
9626,14,713,10,5,KGID109626,Faraj,2001-07-12,M,O+,0,2007-04-25
9627,14,713,10,6,KGID109627,Qushi,1982-07-23,F,B+,0,2018-01-03
9628,14,713,6,3,KGID109628,Vivaan,1989-10-31,M,AB+,0,2019-04-17
9629,14,713,9,3,KGID109629,Yoshita,1980-09-17,F,B+,0,1998-10-21
9630,14,713,7,5,KGID109630,Girindra,2003-06-10,M,O+,0,2005-12-09
9631,14,713,10,3,KGID109631,Finn,1990-12-02,M,A-,0,2024-10-10
9632,14,713,5,5,KGID109632,Girish,1972-10-11,M,B-,0,1999-02-20
9633,14,713,9,5,KGID109633,Maanav,1968-09-24,M,B+,0,1998-02-07
9634,14,713,5,1,KGID109634,Azad,1980-06-14,M,O+,0,2023-08-18
9635,14,713,10,3,KGID109635,Samuel,1985-04-06,M,O-,0,2024-12-20
9636,14,713,10,1,KGID109636,Lakshit,1973-04-28,M,AB+,0,2019-09-15
9637,14,713,10,5,KGID109637,Ayaan,1995-10-17,M,A-,0,2007-11-22
9638,14,713,10,1,KGID109638,Udarsh,1995-03-04,M,B-,0,2013-02-06
9639,14,713,7,2,KGID109639,Quincy,1977-01-20,M,O-,0,2018-06-13
9640,14,713,10,5,KGID109640,Theodore,1968-05-26,M,O-,0,2014-11-13
9641,14,713,10,3,KGID109641,Vedant,1986-09-24,M,A+,0,1999-11-30
9642,14,714,6,1,KGID109642,Jacob,1983-08-22,M,A-,0,1997-10-22
9643,14,714,6,1,KGID109643,Abeer,1998-01-08,M,A-,0,2023-05-03
9644,14,714,9,5,KGID109644,Dayamai,1974-10-18,F,AB+,0,1996-08-20
9645,14,714,9,6,KGID109645,Samuel,1995-07-13,M,B-,0,2014-12-21
9646,14,714,10,1,KGID109646,Agastya,1971-09-01,M,B+,0,2015-02-24
9647,14,714,10,4,KGID109647,Baljiwan,1971-08-09,M,O-,0,2008-12-17
9648,14,714,10,1,KGID109648,Pranav,1992-02-27,M,A+,0,2017-05-06
9649,14,714,10,3,KGID109649,Jatin,1983-08-01,M,O+,0,2024-09-15
9650,14,714,10,2,KGID109650,Kiaan,1980-10-22,M,A-,0,2022-01-25
9651,14,714,6,4,KGID109651,Wahab,1991-07-04,M,B-,0,2014-03-14
9652,14,714,10,1,KGID109652,Yatin,2001-03-20,M,O-,0,2016-03-07
9653,14,714,9,5,KGID109653,Yashvi,1972-07-07,F,B-,0,2014-07-16
9654,14,714,10,1,KGID109654,Wishi,1974-05-10,F,A-,0,2019-02-23
9655,14,714,7,4,KGID109655,Vedant,1988-07-29,M,O-,0,2016-05-14
9656,14,715,10,3,KGID109656,William,1997-05-15,M,B+,1,2025-04-29
9657,14,715,10,6,KGID109657,Upkaar,1972-07-05,M,B+,0,2016-09-23
9658,14,715,10,4,KGID109658,Praneel,1978-11-14,M,B-,0,2009-01-03
9659,14,715,10,2,KGID109659,Samar,1967-11-15,M,O-,0,2003-10-02
9660,14,715,10,5,KGID109660,Anusha,1986-12-03,F,AB+,0,2019-08-05
9661,14,715,7,3,KGID109661,Faris,1994-07-08,M,AB+,0,2008-09-28
9662,14,715,10,2,KGID109662,Darsh,2003-02-06,M,AB+,0,2003-02-15
9663,14,715,6,5,KGID109663,Kevin,1973-08-06,M,B+,0,2011-03-30
9664,14,715,7,4,KGID109664,Faras,1971-11-05,M,A-,0,1999-04-23
9665,14,715,9,6,KGID109665,Henry,1992-06-02,M,O-,0,2004-01-04
9666,14,715,7,5,KGID109666,Shaurya,1985-11-03,M,A-,0,2009-01-07
9667,14,715,9,2,KGID109667,Girindra,2000-09-30,M,AB+,1,2020-07-08
9668,14,715,9,3,KGID109668,Anamika,1987-04-06,F,O+,0,2009-09-21
9669,14,715,10,5,KGID109669,Sneha,1981-01-19,F,B+,0,2011-10-22
9670,14,715,6,2,KGID109670,Laban,1984-05-12,M,B-,0,2019-12-07
9671,14,715,6,5,KGID109671,Henry,1978-04-16,M,B-,0,2012-12-28
9672,14,715,6,1,KGID109672,Kabir,1987-09-08,M,B-,0,2005-06-06
9673,14,715,10,6,KGID109673,Kiaan,1994-01-17,M,O+,0,1999-05-30
9674,14,715,9,1,KGID109674,Abhimanyu,1971-08-06,M,A+,0,2014-11-03
9675,14,715,10,5,KGID109675,Aryan,1971-06-20,M,AB+,0,2014-05-26
9676,14,716,9,4,KGID109676,Oscar,1993-11-02,M,O+,0,2001-05-12
9677,14,716,10,6,KGID109677,Charles,1997-05-29,M,A+,0,2021-05-12
9678,14,716,5,1,KGID109678,Qasim,1991-08-01,M,O+,0,2013-01-21
9679,14,716,9,4,KGID109679,Onkar,1996-03-24,M,AB+,0,2025-03-21
9680,14,716,7,6,KGID109680,Vrinda,1985-07-08,F,B+,0,2014-01-15
9681,14,716,10,5,KGID109681,Balveer,1977-03-27,M,AB+,0,2007-10-31
9682,14,716,9,4,KGID109682,Advaith,1971-01-01,M,O+,0,2014-08-22
9683,14,716,5,2,KGID109683,Faqid,1976-04-15,M,A+,0,2019-10-22
9684,14,716,10,1,KGID109684,Darpan,1996-10-14,M,B+,0,2008-09-15
9685,14,716,7,3,KGID109685,Noah,1978-01-29,M,B+,0,2011-06-18
9686,14,716,10,5,KGID109686,Owen,1983-04-21,M,AB+,0,1996-07-22
9687,15,717,10,4,KGID109687,Dayamai,1978-04-11,F,AB+,0,2011-05-11
9688,15,717,9,5,KGID109688,Raghav,1974-10-19,M,A-,1,2003-04-29
9689,15,717,6,5,KGID109689,Manan,1992-02-24,M,O-,0,2015-05-19
9690,15,717,9,1,KGID109690,Gaurang,1994-12-01,M,O+,0,2005-10-01
9691,15,717,10,1,KGID109691,Rudra,1992-10-25,M,B-,0,2025-03-27
9692,15,717,9,6,KGID109692,Nakul,1974-11-21,M,O+,0,2015-03-18
9693,15,717,10,4,KGID109693,Warinder,1983-03-20,M,A+,0,2004-11-14
9694,15,717,10,6,KGID109694,Arjun,1981-08-20,M,B+,0,2016-07-04
9695,15,717,10,3,KGID109695,Laban,1993-11-20,M,O+,0,2020-07-16
9696,15,717,9,3,KGID109696,Fitan,1980-02-19,M,A+,0,2024-05-13
9697,15,717,6,2,KGID109697,Bhavya,1994-10-13,F,A-,0,1998-04-18
9698,15,717,7,2,KGID109698,Ikbal,1992-04-09,M,AB+,0,2015-08-24
9699,15,718,10,3,KGID109699,Eiravati,1999-03-25,F,AB+,0,2009-10-04
9700,15,718,7,6,KGID109700,Teerth,1998-05-07,M,A+,0,2018-11-10
9701,15,718,9,4,KGID109701,Om,1970-08-19,M,AB+,0,2002-10-04
9702,15,718,10,1,KGID109702,Qadim,1995-12-02,M,B+,0,2019-12-22
9703,15,718,10,5,KGID109703,Jai,1971-05-31,M,B-,0,2023-02-08
9704,15,718,5,4,KGID109704,Anirudh,1976-02-18,M,O-,0,2011-07-07
9705,15,718,5,6,KGID109705,Zarna,1997-03-30,F,O-,0,2013-10-17
9706,15,718,10,2,KGID109706,Samarth,1994-12-17,M,A+,0,2005-02-04
9707,15,718,9,5,KGID109707,Frederick,1971-10-21,M,AB+,0,1996-12-03
9708,15,718,10,5,KGID109708,Mitesh,1982-03-09,M,AB+,0,2018-05-12
9709,15,718,7,5,KGID109709,Jhalak,1986-08-27,F,AB+,0,2007-03-09
9710,15,718,10,2,KGID109710,William,1975-12-09,M,B+,0,2015-04-29
9711,15,718,10,5,KGID109711,Qarin,1972-01-26,M,A-,0,2007-11-07
9712,15,718,10,4,KGID109712,Arin,1993-03-20,M,O+,0,2021-08-20
9713,15,718,9,1,KGID109713,Ekavir,2003-03-25,M,O-,0,2022-01-29
9714,15,718,10,2,KGID109714,Krish,1999-02-28,M,O-,0,2018-05-13
9715,15,719,10,2,KGID109715,Harrison,1978-11-05,M,A+,0,2015-08-17
9716,15,719,10,5,KGID109716,Reyansh,1994-03-27,M,B-,0,2008-08-03
9717,15,719,10,5,KGID109717,Quincy,1996-12-19,M,A-,0,2012-02-17
9718,15,719,9,5,KGID109718,Neel,1972-01-14,M,A+,0,2015-11-02
9719,15,719,9,1,KGID109719,Onkar,1989-12-15,M,O+,0,2010-04-29
9720,15,719,10,6,KGID109720,Anay,1992-02-25,M,O+,0,2001-04-30
9721,15,719,10,1,KGID109721,Rayaan,1976-02-04,M,A+,0,2012-04-20
9722,15,719,6,2,KGID109722,Samesh,1984-05-21,M,A+,0,2002-05-09
9723,15,719,6,1,KGID109723,Krishna,1998-06-06,M,O+,0,2014-04-16
9724,15,719,10,4,KGID109724,Tanveer,1980-12-01,M,O+,0,2015-09-22
9725,15,719,6,4,KGID109725,Isaac,1993-08-01,M,AB+,0,2009-12-03
9726,15,719,10,2,KGID109726,Unni,1984-01-16,F,AB+,0,2000-06-20
9727,15,719,5,5,KGID109727,Bhavya,1973-07-17,F,B-,0,1998-01-18
9728,15,719,10,3,KGID109728,Yahvi,1969-11-19,F,AB+,0,2010-10-04
9729,15,719,6,1,KGID109729,Neel,1972-06-23,M,A+,0,2018-03-01
9730,15,719,10,4,KGID109730,Anirudh,1993-11-06,M,AB+,0,2024-01-09
9731,15,719,7,2,KGID109731,Aradhana,1974-09-13,F,A-,0,2025-05-14
9732,15,720,10,4,KGID109732,Hredhaan,1995-03-24,M,O+,0,1998-06-21
9733,15,720,9,1,KGID109733,Logan,2001-05-03,M,B-,0,2014-11-16
9734,15,720,9,2,KGID109734,Pavani,1979-09-27,F,B-,0,2007-11-30
9735,15,720,6,2,KGID109735,Lohit,1973-06-25,M,O+,0,2025-05-21
9736,15,720,7,3,KGID109736,Wazir,1974-01-01,M,O+,0,2002-03-02
9737,15,720,6,1,KGID109737,Chandresh,1987-10-02,M,B+,0,2016-10-13
9738,15,720,7,4,KGID109738,Tanay,1973-04-01,M,AB+,0,2014-05-29
9739,15,720,10,1,KGID109739,Jason,1981-12-19,M,A+,0,2018-11-18
9740,15,720,7,5,KGID109740,Ira,1986-12-27,F,B+,0,2011-02-13
9741,15,720,9,3,KGID109741,Bakhshi,1989-06-01,M,B-,0,2015-06-09
9742,15,720,10,6,KGID109742,Samesh,1981-08-02,M,O+,0,2010-12-03
9743,15,720,7,4,KGID109743,Ayaan,1992-04-19,M,B+,0,2013-12-21
9744,15,720,6,6,KGID109744,George,2003-02-12,M,B-,0,2002-10-25
9745,15,720,9,2,KGID109745,Harish,1981-12-30,M,O-,0,2013-04-07
9746,15,720,5,4,KGID109746,Jeremiah,1983-01-14,M,O-,0,2010-05-04
9747,15,720,7,3,KGID109747,Chatura,1988-07-07,M,O-,0,2002-04-14
9748,15,720,9,5,KGID109748,Gagan,1998-06-28,M,O-,0,2006-09-23
9749,15,720,7,5,KGID109749,Avi,1987-05-15,M,B+,0,2024-08-12
9750,15,720,10,3,KGID109750,Farhan,1996-10-13,M,O-,0,2024-05-27
9751,15,721,10,4,KGID109751,Faras,1997-08-07,M,A-,0,1997-02-24
9752,15,721,10,1,KGID109752,Isaiah,1998-04-07,M,A-,0,2006-06-28
9753,15,721,7,4,KGID109753,Rachit,1975-02-10,M,B+,0,2001-06-12
9754,15,721,10,1,KGID109754,Robert,1993-08-21,M,B+,0,2011-07-19
9755,15,721,10,2,KGID109755,George,1977-01-19,M,O-,0,2004-06-12
9756,15,721,6,2,KGID109756,Jagat,1991-09-12,M,A-,0,2020-08-05
9757,15,721,7,1,KGID109757,Balvan,1971-03-01,M,A-,1,2006-11-09
9758,15,721,7,2,KGID109758,Guneet,1998-09-13,M,A+,0,2013-01-05
9759,15,721,10,4,KGID109759,Yasti,1970-02-21,F,A-,0,2025-02-16
9760,15,721,6,6,KGID109760,Chakradhar,1973-10-17,M,B+,0,2008-09-07
9761,15,721,10,3,KGID109761,Irya,2003-06-14,F,B-,0,2004-08-18
9762,15,721,6,6,KGID109762,Ranveer,1982-12-30,M,A-,0,2017-04-20
9763,15,721,10,3,KGID109763,Matthew,2000-11-23,M,B-,0,1997-02-17
9764,15,721,7,6,KGID109764,Ekalinga,1984-10-01,M,AB+,0,2013-07-15
9765,15,721,10,4,KGID109765,Kamya,1985-05-24,F,O+,0,2018-05-27
9766,15,721,6,5,KGID109766,Sathvik,2003-06-24,M,B-,0,2008-05-11
9767,15,721,10,2,KGID109767,Yashoda,1980-07-29,F,A-,0,2021-05-27
9768,15,721,10,5,KGID109768,Qasim,1976-06-07,M,B-,0,2017-03-28
9769,15,721,9,3,KGID109769,Gauri,1972-11-26,F,O-,0,2019-03-04
9770,15,722,10,5,KGID109770,Brijesh,1979-10-16,M,O-,0,2025-05-07
9771,15,722,10,2,KGID109771,Triya,1976-01-01,F,B-,0,2023-02-08
9772,15,722,9,5,KGID109772,Umang,1988-08-27,M,B+,0,2001-08-05
9773,15,722,9,5,KGID109773,Yasti,1975-01-09,F,AB+,0,2021-01-19
9774,15,722,9,6,KGID109774,Yatin,1974-07-01,M,A-,0,2007-07-09
9775,15,722,9,6,KGID109775,Chanakya,1997-09-29,M,A+,0,2022-05-07
9776,15,722,10,4,KGID109776,Rachit,1975-07-16,M,B+,0,2014-10-30
9777,15,722,10,4,KGID109777,Jatin,1988-01-19,M,A+,0,2001-06-30
9778,15,722,10,5,KGID109778,Veda,1974-03-19,F,O-,0,2004-04-27
9779,15,722,9,3,KGID109779,Chaitanya,1970-08-11,M,A+,0,1996-11-25
9780,15,722,10,2,KGID109780,Rayaan,1984-09-29,M,A+,0,2023-12-23
9781,15,722,7,2,KGID109781,Charvi,1994-02-05,F,A+,0,2014-01-10
9782,15,722,9,1,KGID109782,Jairaj,1979-02-17,M,AB+,1,2018-04-21
9783,15,722,10,4,KGID109783,Krishna,1998-04-20,M,O-,0,2006-06-28
9784,15,722,9,4,KGID109784,Yug,1998-07-21,M,B+,0,2005-03-19
9785,15,723,9,3,KGID109785,Shivansh,2000-05-03,M,O-,0,2010-09-08
9786,15,723,7,2,KGID109786,Rehaan,1996-08-14,M,B-,0,2016-02-25
9787,15,723,6,6,KGID109787,Arjun,1969-07-09,M,A-,0,2021-05-22
9788,15,723,10,1,KGID109788,Hardik,1989-08-07,M,O-,0,2002-12-09
9789,15,723,6,5,KGID109789,Ranveer,1992-11-24,M,B-,0,2024-02-11
9790,15,723,10,6,KGID109790,Rehaan,1977-04-06,M,O+,0,2022-09-26
9791,15,723,10,6,KGID109791,Urvi,1994-09-13,F,O-,1,2006-01-06
9792,15,723,10,4,KGID109792,Gopal,2000-01-30,M,A+,1,1999-05-18
9793,15,724,10,2,KGID109793,Krish,1987-12-08,M,AB+,0,2010-10-18
9794,15,724,5,6,KGID109794,Jacob,2003-07-16,M,A+,0,2000-08-24
9795,15,724,7,2,KGID109795,Jonathan,1971-09-03,M,A+,0,2005-02-12
9796,15,724,10,6,KGID109796,Samuel,1997-04-02,M,O-,0,2023-03-20
9797,15,724,10,5,KGID109797,Ekansh,1996-06-10,M,A+,0,2012-05-08
9798,15,724,10,6,KGID109798,Janaki,1985-08-12,F,AB+,0,2005-03-11
9799,15,724,10,1,KGID109799,Isaac,1995-11-09,M,A-,0,2002-10-17
9800,15,724,10,6,KGID109800,Advika,1990-10-29,F,B+,0,2024-09-02
9801,15,724,10,3,KGID109801,Bachittar,2002-08-27,M,AB+,0,2005-03-31
9802,15,724,10,1,KGID109802,Girindra,1997-02-01,M,A+,0,2021-07-24
9803,15,724,10,4,KGID109803,Advik,2001-07-17,M,B-,0,1999-10-27
9804,15,724,9,5,KGID109804,Vanya,1974-11-24,F,B+,0,2024-09-08
9805,15,724,10,1,KGID109805,Wridesh,1996-03-23,M,AB+,0,2000-11-08
9806,15,724,9,3,KGID109806,Jagdish,1983-07-11,M,AB+,0,2005-09-06
9807,15,724,9,1,KGID109807,Bhanumati,1979-06-07,F,B-,0,2008-06-11
9808,15,725,7,4,KGID109808,Isaiah,1989-07-27,M,O+,0,2017-09-11
9809,15,725,10,3,KGID109809,Triveni,1985-10-04,F,A-,0,2000-10-01
9810,15,725,10,5,KGID109810,Dev,1992-07-26,M,A+,0,1997-03-09
9811,15,725,10,6,KGID109811,Reva,1986-11-23,F,AB+,0,2012-09-04
9812,15,725,9,6,KGID109812,Frederick,1998-09-13,M,O+,0,2019-04-24
9813,15,725,5,1,KGID109813,Lekha,1997-11-25,F,O-,0,2009-04-24
9814,15,725,9,6,KGID109814,Neel,1984-12-20,M,B+,0,2017-11-15
9815,15,725,9,5,KGID109815,Ishani,1973-05-17,F,B-,0,2022-05-21
9816,15,725,10,1,KGID109816,Udant,1969-04-19,M,A-,0,2025-04-18
9817,15,726,10,2,KGID109817,Chaaya,1998-11-27,F,A+,0,2001-04-07
9818,15,726,10,4,KGID109818,Bhavika,1993-06-21,F,O-,0,2016-11-13
9819,15,726,10,4,KGID109819,Liam,2002-03-22,M,O+,0,2011-12-07
9820,15,726,10,6,KGID109820,Vedant,1969-11-11,M,O-,0,2021-07-31
9821,15,726,7,1,KGID109821,Falak,1984-03-20,F,AB+,0,2014-08-23
9822,15,726,10,4,KGID109822,David,1995-03-29,M,O-,0,2020-03-22
9823,15,726,9,1,KGID109823,Odika,2002-06-01,F,B+,0,2016-08-13
9824,15,726,10,4,KGID109824,Gabriel,1995-10-07,M,O-,0,1997-12-08
9825,15,726,5,6,KGID109825,Charita,1997-01-26,F,B+,0,2009-12-31
9826,15,726,6,6,KGID109826,Banjeet,1989-10-27,M,O+,0,2014-03-08
9827,15,726,6,6,KGID109827,Sara,1973-10-26,F,A+,0,2017-03-14
9828,15,726,7,6,KGID109828,Wridesh,1977-06-25,M,A+,0,2011-09-29
9829,15,726,9,3,KGID109829,Zashil,2002-06-11,M,O+,0,2018-11-18
9830,15,727,5,6,KGID109830,Guneet,1996-11-13,M,O-,0,2009-02-18
9831,15,727,10,1,KGID109831,Baghyawati,2001-01-27,F,B+,0,2003-06-18
9832,15,727,9,1,KGID109832,Dhruv,1972-12-07,M,A-,0,2003-11-11
9833,15,727,5,6,KGID109833,Atharv,1999-05-23,M,O-,0,2008-05-12
9834,15,727,10,2,KGID109834,Warjas,1985-02-26,M,O+,0,2018-06-13
9835,15,727,6,4,KGID109835,Rayaan,1968-02-01,M,B+,0,2007-09-15
9836,15,727,10,4,KGID109836,Qarin,1999-12-22,M,O-,0,1997-11-18
9837,15,727,10,6,KGID109837,Henry,1996-08-18,M,AB+,0,2015-07-04
9838,15,727,6,1,KGID109838,Bhanumati,2001-12-12,F,O+,0,2003-02-27
9839,15,727,6,3,KGID109839,Ishaan,1983-10-19,M,AB+,0,2023-04-02
9840,15,727,9,3,KGID109840,Elijah,1983-06-16,M,B+,0,1997-02-21
9841,15,728,6,5,KGID109841,Peter,1983-04-23,M,A-,0,2008-08-23
9842,15,728,9,4,KGID109842,Elijah,1991-12-13,M,O-,0,2010-11-21
9843,15,728,9,1,KGID109843,Jonathan,1995-01-20,M,AB+,0,2024-08-21
9844,15,728,10,2,KGID109844,Pranit,1972-04-05,M,B-,0,2000-03-15
9845,15,728,7,1,KGID109845,Gautam,1982-02-21,M,A+,0,2018-06-14
9846,15,728,6,3,KGID109846,Nakul,1987-11-01,M,B-,0,2007-08-24
9847,15,728,10,6,KGID109847,Aryan,2000-03-12,M,O-,0,2013-11-19
9848,15,728,7,5,KGID109848,Advik,1994-03-25,M,A-,0,2003-08-18
9849,15,728,9,2,KGID109849,Ayushman,1992-07-14,M,B+,0,2009-03-29
9850,15,728,9,4,KGID109850,Nakul,1969-01-29,M,B+,0,2007-10-04
9851,15,728,10,1,KGID109851,Naksh,1982-05-11,M,O+,0,1999-10-25
9852,15,728,5,3,KGID109852,Manbir,1968-10-12,M,B-,0,2020-03-16
9853,15,728,10,5,KGID109853,Zarna,1975-11-14,F,O-,0,2016-12-18
9854,15,729,7,6,KGID109854,Umang,1971-04-05,M,O-,0,2010-07-07
9855,15,729,6,1,KGID109855,Nilima,1969-03-26,F,AB+,0,2019-04-07
9856,15,729,9,3,KGID109856,Mason,1971-03-19,M,B-,0,2001-05-03
9857,15,729,10,2,KGID109857,Rohan,1997-04-24,M,A+,0,2007-07-31
9858,15,729,10,1,KGID109858,Advik,1987-03-03,M,B-,0,2017-10-28
9859,15,729,10,5,KGID109859,Dominic,1987-02-06,M,B+,0,2010-06-18
9860,15,729,9,6,KGID109860,Krishna,2000-10-08,M,A-,0,2017-06-16
9861,15,729,6,2,KGID109861,Nachiket,1997-06-15,M,O+,0,2014-12-23
9862,15,729,7,1,KGID109862,Isaiah,1977-11-29,M,B-,0,2001-11-05
9863,15,729,10,5,KGID109863,Dakshesh,1992-10-26,M,AB+,0,2002-06-29
9864,15,729,9,3,KGID109864,Bachittar,1986-10-31,M,AB+,0,1999-06-08
9865,15,729,10,4,KGID109865,Balhaar,1998-07-14,M,A-,0,2013-07-10
9866,15,729,9,5,KGID109866,Balveer,1999-10-07,M,B-,0,2002-08-26
9867,15,729,6,1,KGID109867,Fiyaz,1977-11-16,M,AB+,0,2002-06-09
9868,15,730,10,3,KGID109868,Henry,1968-09-20,M,O+,0,2004-09-04
9869,15,730,10,4,KGID109869,Rayaan,1978-04-20,M,AB+,0,2005-03-10
9870,15,730,6,2,KGID109870,Dev,2001-06-17,M,O+,0,2008-09-12
9871,15,730,7,5,KGID109871,Girik,1979-02-01,M,AB+,0,2004-08-07
9872,15,730,10,3,KGID109872,Yuvraj,1968-04-25,M,O-,0,2003-03-31
9873,15,730,6,3,KGID109873,Thomas,1976-02-29,M,O+,0,2006-05-30
9874,15,730,10,2,KGID109874,Elijah,1968-09-20,M,O-,0,2014-05-18
9875,15,730,6,4,KGID109875,Harshil,1995-07-22,M,A-,0,1997-07-19
9876,15,730,10,5,KGID109876,Madhavi,1968-09-11,F,B+,0,2020-04-20
9877,15,730,9,2,KGID109877,Aarush,1987-04-21,M,O+,0,1999-07-25
9878,15,730,9,3,KGID109878,Bakhshi,1980-03-12,M,O+,0,2019-12-13
9879,15,730,9,3,KGID109879,Bakhshi,1996-01-13,M,A+,0,2007-07-12
9880,15,730,6,3,KGID109880,Faraj,1967-10-04,M,B-,0,2018-08-08
9881,15,730,10,4,KGID109881,Vedant,1970-12-23,M,AB+,0,2009-12-22
9882,15,730,10,2,KGID109882,Indrajit,2003-02-03,M,A-,0,2025-02-22
9883,15,730,9,1,KGID109883,Manbir,1972-05-25,M,AB+,0,2025-03-03
9884,15,731,9,5,KGID109884,Ronith,1996-09-21,M,B+,0,2006-05-04
9885,15,731,10,3,KGID109885,Yutika,1971-08-10,F,O+,0,2015-06-06
9886,15,731,6,5,KGID109886,Lajita,1972-05-16,F,A-,0,2013-06-22
9887,15,731,7,3,KGID109887,Nilima,1997-07-29,F,O-,0,2008-11-24
9888,15,731,10,3,KGID109888,Bachittar,1976-07-04,M,O+,0,2023-11-17
9889,15,731,10,6,KGID109889,Avni,1982-04-25,F,O-,0,1998-06-05
9890,15,731,7,3,KGID109890,Tarak,1972-01-11,M,B-,0,2021-12-30
9891,15,731,9,6,KGID109891,Aadhya,1993-06-15,F,B-,0,2008-01-25
9892,15,731,6,5,KGID109892,Ishwar,1982-06-11,M,O-,0,2006-12-19
9893,15,731,10,3,KGID109893,Mohini,1981-09-09,F,O+,0,2020-08-20
9894,15,731,10,1,KGID109894,Janani,1985-07-05,F,B+,0,2022-11-25
9895,15,732,10,4,KGID109895,Daksh,1983-07-07,M,B-,0,2023-05-05
9896,15,732,9,3,KGID109896,Charan,1991-10-21,M,B+,0,2005-11-14
9897,15,732,6,1,KGID109897,Zaid,1969-11-28,M,B-,0,2023-01-01
9898,15,732,9,3,KGID109898,Jairaj,1978-09-05,M,A+,0,2019-07-18
9899,15,732,10,5,KGID109899,Zehaan,1978-06-19,M,A-,0,2003-08-16
9900,15,732,9,4,KGID109900,Rushil,1988-06-17,M,O+,0,2024-08-29
9901,15,732,7,3,KGID109901,Jai,1981-08-27,M,A-,0,2004-09-21
9902,15,732,7,2,KGID109902,Chandran,1971-05-25,M,AB+,0,2011-06-29
9903,15,732,6,6,KGID109903,Ranveer,1995-08-21,M,O+,0,2017-08-01
9904,15,733,6,2,KGID109904,Kai,1983-05-24,M,A-,0,2015-02-26
9905,15,733,10,4,KGID109905,Wazir,1973-11-16,M,A+,1,2006-09-29
9906,15,733,10,5,KGID109906,Isaiah,1968-11-10,M,A+,0,2015-06-07
9907,15,733,9,5,KGID109907,Elijah,1985-05-27,M,A-,0,2014-10-21
9908,15,733,10,3,KGID109908,Fitan,1989-02-26,M,B+,0,2017-04-01
9909,15,733,5,5,KGID109909,Hredhaan,1987-07-12,M,B-,0,2003-02-14
9910,15,733,7,6,KGID109910,Ishwar,1988-02-21,M,B+,0,1997-07-19
9911,15,733,10,4,KGID109911,Samesh,1982-03-15,M,A+,0,2006-08-08
9912,15,733,10,4,KGID109912,Sudiksha,1978-10-18,F,A-,0,2009-05-03
9913,15,733,10,6,KGID109913,Vaishnavi,1981-08-17,F,A-,0,1998-04-18
9914,15,734,10,3,KGID109914,Tristan,1980-08-15,M,A+,0,2021-05-10
9915,15,734,10,5,KGID109915,Janaki,1974-04-15,F,A-,0,2009-02-05
9916,15,734,7,2,KGID109916,Anirudh,1982-01-27,M,AB+,0,2020-05-05
9917,15,734,10,6,KGID109917,Jatin,1979-04-04,M,A-,0,2023-02-02
9918,15,734,10,5,KGID109918,Oni,1993-05-19,F,AB+,0,2023-04-24
9919,15,734,6,3,KGID109919,Christopher,1994-05-04,M,A-,0,2000-01-26
9920,15,734,10,5,KGID109920,Kamala,1979-05-12,F,O-,0,2018-07-12
9921,15,734,9,6,KGID109921,Upasna,1993-04-17,F,O+,0,2000-12-19
9922,15,734,10,5,KGID109922,Bahadurjit,1979-01-05,M,B+,0,2009-05-26
9923,15,734,6,3,KGID109923,Jai,1976-12-16,M,O+,0,2006-01-04
9924,15,734,9,2,KGID109924,Qarin,1970-06-06,M,A-,0,2014-02-19
9925,15,734,7,6,KGID109925,Gabriel,1986-05-13,M,A-,0,2017-01-05
9926,15,734,10,6,KGID109926,Kai,1995-03-12,M,A-,0,2006-08-22
9927,15,734,6,4,KGID109927,Frederick,2003-07-07,M,O+,0,2016-06-13
9928,15,734,10,4,KGID109928,Ansh,1972-01-26,M,A+,0,2014-02-25
9929,15,734,7,1,KGID109929,Rehaan,1972-09-24,M,O-,0,2016-05-11
9930,15,734,6,3,KGID109930,Eshana,1984-03-25,F,A+,0,1999-01-13
9931,15,734,9,2,KGID109931,Isaiah,1993-12-17,M,B-,0,2013-04-22
9932,15,735,6,5,KGID109932,Samaksh,1976-09-13,M,B-,0,2001-12-04
9933,15,735,10,3,KGID109933,Nakul,1985-10-04,M,A-,0,2014-11-02
9934,15,735,5,1,KGID109934,Shivansh,1995-08-21,M,AB+,0,2005-05-01
9935,15,735,10,5,KGID109935,Maanas,1994-08-11,M,O+,0,1998-01-15
9936,15,735,9,1,KGID109936,Azaan,2000-03-03,M,O-,0,2006-03-08
9937,15,735,10,5,KGID109937,Bimala,1993-06-23,F,O-,0,2007-08-02
9938,15,735,7,1,KGID109938,Wazir,1989-04-11,M,AB+,0,2017-11-29
9939,15,735,6,5,KGID109939,Nidhi,1999-03-14,F,B-,0,2008-05-20
9940,15,735,6,1,KGID109940,Veer,1981-09-24,M,A-,0,2009-06-14
9941,15,735,10,6,KGID109941,Anay,1974-04-12,M,B-,1,2000-03-24
9942,15,735,7,6,KGID109942,Advay,1975-06-15,M,A-,0,2021-10-08
9943,15,735,6,6,KGID109943,Arjun,1992-11-06,M,O-,0,1999-06-06
9944,15,735,9,6,KGID109944,Michael,1978-07-15,M,B-,0,2018-08-16
9945,15,735,9,1,KGID109945,Farhan,1998-11-22,M,A+,0,1997-01-29
9946,15,735,9,2,KGID109946,Jacob,1981-10-11,M,O-,0,2022-06-13
9947,15,736,10,5,KGID109947,Yash,1997-08-08,M,B-,1,1996-09-04
9948,15,736,9,1,KGID109948,Ishaan,1994-04-04,M,A+,0,2020-09-20
9949,15,736,10,6,KGID109949,Divya,1987-04-22,F,A+,0,2021-05-18
9950,15,736,6,3,KGID109950,Raghav,1991-01-21,M,B-,0,2013-05-29
9951,15,736,9,3,KGID109951,Benjamin,1974-05-04,M,O-,0,2016-10-04
9952,15,736,6,3,KGID109952,Darpan,1968-10-29,M,A-,0,2000-03-15
9953,15,736,10,1,KGID109953,Zayyan,1995-05-21,M,B-,0,2007-06-18
9954,15,736,10,5,KGID109954,Amol,1997-12-24,M,A-,0,1997-12-12
9955,15,736,6,6,KGID109955,Yatan,1980-11-28,M,A+,0,2013-04-24
9956,15,736,10,3,KGID109956,Kalpit,1974-10-27,M,B-,0,2011-02-13
9957,15,737,10,1,KGID109957,Lucky,1995-08-25,M,O-,0,2018-05-08
9958,15,737,10,2,KGID109958,Bahadurjit,1969-06-19,M,B+,0,2014-12-20
9959,15,737,6,4,KGID109959,David,1971-12-15,M,O+,0,1997-12-16
9960,15,737,7,4,KGID109960,Balhaar,1972-11-02,M,A-,0,2017-10-18
9961,15,737,6,4,KGID109961,Timothy,1982-08-04,M,AB+,0,2006-07-29
9962,15,737,7,3,KGID109962,Yug,1999-02-09,M,B+,0,2013-04-14
9963,15,737,10,4,KGID109963,Dakshesh,1992-06-18,M,A-,0,2012-02-25
9964,15,737,10,4,KGID109964,Dominic,1974-08-10,M,O+,1,2024-05-15
9965,15,737,9,6,KGID109965,Fariq,1988-04-08,M,AB+,0,2005-04-03
9966,15,737,9,2,KGID109966,Gauri,1986-11-20,F,A+,0,2021-01-06
9967,15,737,10,4,KGID109967,Anmol,1974-10-04,M,B-,0,1998-08-17
9968,15,737,10,4,KGID109968,Yashica,1969-03-22,F,A-,0,1998-08-18
9969,15,737,10,6,KGID109969,Viraj,1985-08-17,M,A-,0,2011-10-01
9970,15,737,10,1,KGID109970,Siddharth,1969-04-13,M,B-,0,2008-09-04
9971,15,737,10,6,KGID109971,Aadi,1974-02-12,M,AB+,0,1997-09-16
9972,15,737,10,5,KGID109972,Qabil,1990-09-06,M,O+,0,2019-09-15
9973,15,737,9,5,KGID109973,Rachana,1999-02-20,F,AB+,0,2022-06-10
9974,15,737,9,3,KGID109974,Rushil,1981-03-31,M,B-,0,2001-09-16
9975,15,738,10,5,KGID109975,Aarav,1995-04-01,M,A-,0,2013-04-09
9976,15,738,10,6,KGID109976,Aarnav,1996-12-10,M,B+,0,2000-04-13
9977,15,738,9,4,KGID109977,Ethan,1970-03-10,M,B-,0,2005-07-18
9978,15,738,6,6,KGID109978,Anay,1969-01-25,M,B-,0,2015-01-03
9979,15,738,9,2,KGID109979,Ekapad,1982-09-12,M,AB+,0,2010-06-11
9980,15,738,9,1,KGID109980,Vincent,1994-08-15,M,O-,0,2014-05-01
9981,15,738,10,1,KGID109981,Atharv,1998-01-06,M,O+,0,2001-09-12
9982,15,738,7,4,KGID109982,Abdul,1971-09-11,M,O+,1,2008-06-09
9983,15,738,9,4,KGID109983,Elijah,1985-01-09,M,AB+,0,2010-01-10
9984,15,738,9,6,KGID109984,Sathvik,1991-09-10,M,A-,0,2016-03-23
9985,15,738,7,6,KGID109985,Ryan,1983-08-18,M,A-,0,2013-07-18
9986,15,738,10,6,KGID109986,Ucchal,1983-07-11,F,O+,0,2004-12-16
9987,15,738,10,1,KGID109987,Saksham,1990-09-09,M,O-,0,2015-04-21
9988,15,739,7,6,KGID109988,Bahadurjit,1973-01-11,M,AB+,0,2024-12-30
9989,15,739,9,1,KGID109989,Baljiwan,1979-04-05,M,O-,0,2012-12-18
9990,15,739,10,4,KGID109990,Jeremiah,1977-10-27,M,A+,0,1996-11-25
9991,15,739,9,1,KGID109991,Joshua,1998-06-21,M,B+,0,2024-03-12
9992,15,739,9,3,KGID109992,Rachita,1979-04-24,F,O+,0,2007-02-25
9993,15,739,5,4,KGID109993,Jagdish,1998-04-26,M,AB+,0,2014-08-12
9994,15,739,6,1,KGID109994,Veer,1980-08-01,M,B-,0,1997-02-03
9995,15,739,10,4,KGID109995,Onkar,1976-11-09,M,A-,0,2010-03-31
9996,15,739,10,5,KGID109996,Damyanti,1989-03-08,F,B-,0,2005-10-18
9997,15,739,6,1,KGID109997,Caleb,1970-04-09,M,B+,0,2017-10-05
9998,15,739,5,3,KGID109998,Andrew,1983-07-11,M,A-,0,1998-07-10
9999,15,739,6,6,KGID109999,Dominic,1976-05-10,M,A-,0,2011-07-03
10000,15,739,10,3,KGID110000,Simon,1999-11-16,M,O-,0,2002-10-04
10001,15,739,7,2,KGID110001,Indali,1985-11-03,F,O-,0,2010-08-18
10002,15,739,10,1,KGID110002,Nachiket,1969-06-06,M,O-,0,2021-06-29
10003,15,739,6,2,KGID110003,Anay,1992-07-15,M,B+,0,2023-01-17
10004,15,739,10,4,KGID110004,Wahab,1983-04-27,M,O+,0,2011-02-06
10005,15,739,10,6,KGID110005,Yashasvi,1980-03-21,F,A+,0,2004-03-09
10006,15,740,9,4,KGID110006,Tanay,1996-11-06,M,AB+,0,2007-10-15
10007,15,740,10,3,KGID110007,Ryan,1996-12-03,M,B-,0,2000-05-27
10008,15,740,5,6,KGID110008,Omkaar,2001-05-23,M,AB+,0,2017-08-04
10009,15,740,7,4,KGID110009,Harish,2002-12-07,M,O+,0,2010-02-11
10010,15,740,10,5,KGID110010,Qarin,1977-10-23,M,B-,0,2002-06-30
10011,15,740,10,2,KGID110011,Qasim,1992-06-08,M,A+,0,2005-06-30
10012,15,740,10,6,KGID110012,Siddharth,1987-11-01,M,B-,0,2011-02-11
10013,15,740,10,1,KGID110013,Avi,1986-10-22,M,AB+,0,2017-07-17
10014,15,740,10,5,KGID110014,Bahadurjit,1986-01-09,M,O+,0,2006-02-16
10015,15,740,7,3,KGID110015,Qabil,1999-03-23,M,A-,0,2000-06-03
10016,15,740,9,2,KGID110016,Imaran,1991-09-22,M,O-,0,2005-12-20
10017,15,740,10,4,KGID110017,Abeer,1988-02-20,M,B+,0,2008-12-03
10018,15,740,6,6,KGID110018,Yug,1980-10-02,M,O+,0,2012-06-23
10019,15,740,10,4,KGID110019,Triya,1977-06-12,F,A+,0,2000-11-17
10020,15,741,10,3,KGID110020,Ojas,2003-06-26,M,B-,0,2014-04-21
10021,15,741,9,6,KGID110021,Nihal,1998-11-01,M,B+,0,2010-08-23
10022,15,741,9,3,KGID110022,Neel,1999-08-07,M,AB+,0,2015-07-07
10023,15,741,5,2,KGID110023,Neha,1999-09-19,F,B+,0,2020-10-29
10024,15,741,10,5,KGID110024,Bhavika,1998-07-11,F,O+,0,2005-10-31
10025,15,741,7,5,KGID110025,Charan,1990-06-24,M,O+,0,2003-02-24
10026,15,741,7,3,KGID110026,Jai,1974-05-01,M,A-,0,2023-08-25
10027,15,741,10,3,KGID110027,Siddharth,1993-12-29,M,B-,0,2014-03-24
10028,15,741,10,2,KGID110028,Advaith,1975-04-02,M,A-,0,2023-09-26
10029,15,741,7,2,KGID110029,Ekbal,1983-03-12,M,AB+,0,1999-09-14
10030,15,741,7,1,KGID110030,Om,1993-09-14,M,O+,0,2003-11-22
10031,15,742,9,3,KGID110031,Wriddhish,1998-09-21,M,A+,0,2009-06-06
10032,15,742,10,3,KGID110032,Isaiah,1979-02-06,M,A-,0,2000-06-13
10033,15,742,5,1,KGID110033,Theodore,1989-10-26,M,B-,0,2011-07-14
10034,15,742,10,5,KGID110034,Dev,1996-04-10,M,AB+,0,2024-03-09
10035,15,742,7,2,KGID110035,Elijah,1972-01-27,M,B+,0,2014-05-13
10036,15,742,10,1,KGID110036,Girindra,1977-02-28,M,A+,0,2017-01-28
10037,15,742,9,1,KGID110037,Zashil,1998-04-15,M,O-,0,2010-06-22
10038,15,742,6,1,KGID110038,Fariq,1997-12-27,M,B-,0,2002-02-04
10039,15,742,10,5,KGID110039,Dominic,1983-05-13,M,A+,0,2011-05-14
10040,15,742,10,3,KGID110040,Chatura,1986-06-27,M,B-,0,1998-07-01
10041,15,742,6,5,KGID110041,Ayush,1983-04-29,M,AB+,0,2003-07-15
10042,15,742,10,5,KGID110042,Omaja,1982-01-26,F,AB+,0,2015-11-09
10043,15,742,7,3,KGID110043,Neha,1975-11-05,F,A+,0,2020-02-11
10044,15,743,6,3,KGID110044,Timothy,1982-12-31,M,B+,0,2013-05-17
10045,15,743,10,3,KGID110045,Aryan,1987-08-16,M,B+,0,2006-05-23
10046,15,743,10,6,KGID110046,Theodore,1983-01-11,M,A+,0,2020-03-23
10047,15,743,10,5,KGID110047,Darpan,1991-01-29,M,A-,0,2012-03-13
10048,15,743,10,6,KGID110048,Rudra,1978-06-01,M,B+,0,2011-02-07
10049,15,743,6,5,KGID110049,Falan,1991-06-21,M,A+,0,2021-03-13
10050,15,743,10,2,KGID110050,Abeer,1980-10-06,M,A-,0,2024-06-21
10051,15,743,9,4,KGID110051,Ojas,1994-04-21,M,AB+,0,2001-05-11
10052,15,743,7,5,KGID110052,Rayaan,1985-05-18,M,O+,0,2025-05-25
10053,15,743,10,1,KGID110053,Champak,1978-05-27,M,O-,0,2023-08-23
10054,15,744,9,3,KGID110054,Madhavi,1989-11-16,F,B+,0,2010-08-08
10055,15,744,10,2,KGID110055,Dalaja,1995-05-22,F,A+,0,2018-12-03
10056,15,744,10,2,KGID110056,Frederick,1981-11-20,M,B+,0,2007-10-21
10057,15,744,6,1,KGID110057,Jacob,1974-11-28,M,B-,0,2016-07-10
10058,15,744,6,2,KGID110058,Harshil,1972-11-25,M,AB+,0,2021-05-03
10059,15,744,6,2,KGID110059,Mohammed,1976-04-03,M,AB+,0,2010-06-11
10060,15,744,10,5,KGID110060,Yuvraj,1979-07-20,M,B-,0,2024-01-12
10061,15,744,9,4,KGID110061,Anthony,2000-01-01,M,B+,0,2022-10-06
10062,15,744,7,2,KGID110062,Tanish,1992-09-27,M,A-,0,2007-07-21
10063,15,744,10,2,KGID110063,Jeet,1975-07-26,M,B+,0,2008-05-26
10064,15,744,9,2,KGID110064,Aryan,1992-09-29,M,B+,0,2024-12-03
10065,15,744,10,3,KGID110065,Rehaan,1978-11-24,M,B+,0,1999-10-23
10066,15,744,9,1,KGID110066,Ekansh,1993-03-06,M,AB+,0,2018-03-14
10067,15,744,7,6,KGID110067,Gunbir,1980-06-11,M,O+,0,2009-08-27
10068,15,744,10,6,KGID110068,Nirja,1971-10-08,F,B-,0,1997-08-30
10069,15,744,10,3,KGID110069,Jagat,1987-09-27,M,O+,0,2024-07-15
10070,15,744,5,3,KGID110070,Andrew,1998-02-09,M,O-,0,2000-09-17
10071,16,745,9,6,KGID110071,Victor,1999-04-20,M,A-,0,2011-11-29
10072,16,745,6,6,KGID110072,Faqid,1990-05-04,M,B-,0,2013-12-07
10073,16,745,6,6,KGID110073,Imaran,1982-05-24,M,A-,0,2003-07-23
10074,16,745,5,3,KGID110074,Mitesh,1983-04-17,M,A+,0,2017-10-21
10075,16,745,10,6,KGID110075,Onveer,2003-04-09,M,O-,0,1997-10-13
10076,16,745,10,6,KGID110076,Simon,2001-02-27,M,A-,0,2001-08-30
10077,16,745,7,5,KGID110077,Yagnesh,1984-09-22,M,A+,0,2005-05-06
10078,16,745,9,6,KGID110078,Aryan,1994-07-07,M,O+,0,2008-04-30
10079,16,745,9,1,KGID110079,Hardik,1983-09-08,M,A-,0,2016-07-10
10080,16,745,6,4,KGID110080,Nitesh,1977-01-15,M,B+,0,2002-06-23
10081,16,745,7,1,KGID110081,Devansh,1994-05-25,M,A+,0,2005-07-30
10082,16,745,6,1,KGID110082,Manbir,1988-05-02,M,A-,0,2006-03-07
10083,16,745,9,3,KGID110083,Eshana,1972-04-05,F,AB+,0,2012-04-10
10084,16,745,7,3,KGID110084,Lakshit,1999-02-26,M,B+,0,2012-06-14
10085,16,745,9,6,KGID110085,Faras,1975-12-04,M,O+,0,2024-11-10
10086,16,746,10,6,KGID110086,Saanvi,1983-11-02,F,O-,0,2017-09-27
10087,16,746,6,4,KGID110087,Amol,2000-09-11,M,O-,0,2014-05-09
10088,16,746,10,2,KGID110088,Varenya,1989-08-05,F,O+,0,2008-07-20
10089,16,746,10,6,KGID110089,Tanish,1977-10-19,M,B-,0,2012-05-26
10090,16,746,10,1,KGID110090,Saanvi,1971-07-10,F,B-,0,2022-02-24
10091,16,746,6,3,KGID110091,Yutika,1985-05-14,F,B-,0,2018-01-12
10092,16,746,5,2,KGID110092,Dhruv,1995-03-19,M,AB+,0,2021-07-15
10093,16,746,6,5,KGID110093,Qadim,1972-02-01,M,A+,0,1998-11-06
10094,16,746,6,1,KGID110094,Lavanya,1992-09-22,F,B-,0,2000-09-30
10095,16,746,9,2,KGID110095,Siddharth,2000-04-13,M,B+,0,2000-09-25
10096,16,746,6,3,KGID110096,Zaid,1976-09-13,M,O-,0,1998-04-17
10097,16,746,10,3,KGID110097,Nathan,1967-12-18,M,O+,0,2018-01-12
10098,16,746,10,4,KGID110098,Girish,1973-05-05,M,B-,0,2023-06-07
10099,16,746,10,1,KGID110099,Yachana,1992-12-16,F,B-,0,2008-01-10
10100,16,747,10,1,KGID110100,Pahal,2000-09-23,F,O+,0,2014-03-18
10101,16,747,10,1,KGID110101,Zinal,1971-07-09,F,A+,0,2005-07-10
10102,16,747,6,4,KGID110102,Ekalinga,1994-11-13,M,A-,0,2004-05-29
10103,16,747,9,6,KGID110103,Krisha,1996-07-01,F,O+,0,2005-12-17
10104,16,747,10,2,KGID110104,Kritika,1978-01-03,F,B+,1,2016-11-20
10105,16,747,6,4,KGID110105,Reyansh,1996-11-23,M,O+,0,2005-08-20
10106,16,747,9,1,KGID110106,Caleb,1978-02-17,M,AB+,0,2016-03-06
10107,16,747,10,3,KGID110107,Krishna,1997-03-19,M,B+,0,2018-12-02
10108,16,747,6,1,KGID110108,Laksh,1984-02-17,M,AB+,1,2017-11-06
10109,16,747,9,1,KGID110109,Peter,1975-12-25,M,B-,0,1997-07-02
10110,16,747,10,2,KGID110110,Rudra,1995-09-17,M,O+,1,2001-10-23
10111,16,747,9,1,KGID110111,Netra,1991-11-20,F,O+,0,2021-02-11
10112,16,747,6,1,KGID110112,Rohan,1982-04-10,M,A+,0,2004-08-05
10113,16,747,7,6,KGID110113,Ekansh,1991-08-14,M,A+,0,2009-08-18
10114,16,747,10,1,KGID110114,Balhaar,1988-10-06,M,B-,0,2008-08-25
10115,16,747,10,6,KGID110115,Ayaan,1988-02-27,M,B+,0,2015-08-30
10116,16,747,6,5,KGID110116,Balveer,1997-05-30,M,B+,1,2018-12-09
10117,16,747,9,1,KGID110117,Ekalinga,1976-11-07,M,B-,0,2000-10-30
10118,16,747,6,1,KGID110118,Aayush,1978-12-01,M,B+,0,1999-06-02
10119,16,747,7,3,KGID110119,Qarin,1994-06-23,M,B-,0,2004-03-23
10120,16,748,10,1,KGID110120,Atharv,1998-06-08,M,B+,0,2024-04-05
10121,16,748,9,5,KGID110121,Zayyan,1985-11-19,M,O+,0,1997-12-23
10122,16,748,7,4,KGID110122,Manan,1977-06-06,M,O-,0,2006-09-16
10123,16,748,10,5,KGID110123,Samesh,1983-04-05,M,B+,0,1997-02-22
10124,16,748,10,5,KGID110124,Lohit,2002-12-07,M,O+,0,2013-04-10
10125,16,748,6,4,KGID110125,Charan,1993-11-01,M,A+,0,2025-03-25
10126,16,748,7,5,KGID110126,Noah,2002-07-22,M,AB+,0,2000-11-13
10127,16,748,10,1,KGID110127,Warda,1969-06-24,F,B-,0,2015-09-26
10128,16,748,9,1,KGID110128,Kavya,1982-09-04,F,O+,0,2019-08-12
10129,16,749,10,1,KGID110129,Maanav,1969-09-14,M,AB+,0,2007-11-24
10130,16,749,5,1,KGID110130,Urvi,1969-06-02,F,B-,0,2023-08-22
10131,16,749,9,3,KGID110131,Chakradhar,1997-01-22,M,O+,0,2015-05-05
10132,16,749,10,2,KGID110132,Arunima,1979-03-31,F,AB+,0,2020-12-03
10133,16,749,10,2,KGID110133,Praneel,1968-06-12,M,O+,0,1998-05-29
10134,16,749,5,3,KGID110134,Anay,1976-05-04,M,O-,0,2007-10-03
10135,16,749,6,5,KGID110135,Upkaar,1975-08-14,M,A-,0,2002-02-23
10136,16,749,7,4,KGID110136,Oscar,1978-02-04,M,B-,0,2003-12-01
10137,16,749,6,2,KGID110137,Sai,1984-02-17,M,AB+,0,2002-03-21
10138,16,749,6,5,KGID110138,Nicholas,1977-12-01,M,B-,0,2010-07-25
10139,16,749,7,5,KGID110139,Charles,1980-05-12,M,A+,0,2019-03-13
10140,16,749,10,1,KGID110140,Udant,1990-06-14,M,A+,0,2015-02-20
10141,16,749,9,2,KGID110141,Veer,1982-09-15,M,O-,0,2014-07-30
10142,16,750,7,5,KGID110142,Baljiwan,1974-04-30,M,B+,0,2024-02-19
10143,16,750,9,5,KGID110143,Kamala,2001-05-26,F,A-,0,2021-01-22
10144,16,750,7,3,KGID110144,Ijaya,1987-03-31,F,B-,0,2002-01-21
10145,16,750,9,3,KGID110145,Anvi,1999-04-30,F,O+,0,2019-01-16
10146,16,750,10,1,KGID110146,Neel,1976-07-17,M,B+,0,1999-08-11
10147,16,750,10,2,KGID110147,Jack,1980-10-25,M,A-,0,2006-01-24
10148,16,750,9,4,KGID110148,Lakshit,1971-03-13,M,O-,0,2003-04-30
10149,16,750,10,1,KGID110149,Anmol,1992-01-17,M,A+,0,2020-05-29
10150,16,750,10,6,KGID110150,Radhika,2000-10-07,F,B-,0,2018-05-18
10151,16,750,10,3,KGID110151,Eshana,1976-04-29,F,B+,0,1997-12-13
10152,16,750,9,5,KGID110152,Harrison,1972-03-31,M,A-,0,2019-09-05
10153,16,750,9,1,KGID110153,Wahab,2002-02-28,M,A+,0,2005-08-13
10154,16,750,6,3,KGID110154,Rushil,1974-07-17,M,A+,0,1999-06-03
10155,16,750,9,1,KGID110155,Liam,1979-11-23,M,B-,0,2006-11-07
10156,16,750,10,1,KGID110156,Ekta,1979-05-08,F,O+,0,1996-11-24
10157,16,750,9,6,KGID110157,Brijesh,1987-03-10,M,B+,0,2022-11-19
10158,16,750,6,4,KGID110158,Dalbir,1999-06-04,M,B-,0,2001-10-10
10159,16,751,5,2,KGID110159,Faraj,1970-06-09,M,A-,0,2017-12-31
10160,16,751,10,2,KGID110160,Gabriel,1983-12-04,M,AB+,0,2021-04-02
10161,16,751,10,6,KGID110161,Zarna,1999-06-18,F,A-,0,2017-03-08
10162,16,751,9,1,KGID110162,Pranav,1968-07-22,M,A+,0,2013-07-31
10163,16,751,10,6,KGID110163,Joshua,1984-12-17,M,B+,0,1998-05-06
10164,16,751,10,6,KGID110164,Sathvik,1971-11-01,M,B-,0,2022-06-18
10165,16,751,6,2,KGID110165,Jeet,1993-12-12,M,O-,0,1998-08-12
10166,16,751,10,2,KGID110166,Lohit,1983-03-20,M,B+,0,2021-07-14
10167,16,751,5,1,KGID110167,Gavin,1971-05-16,M,AB+,0,2010-09-08
10168,16,752,9,1,KGID110168,Vihaan,1992-11-28,M,O-,0,2010-12-21
10169,16,752,9,1,KGID110169,Baljiwan,1994-06-26,M,B-,0,2006-09-14
10170,16,752,10,5,KGID110170,Turvi,1992-09-03,F,A+,0,2021-07-03
10171,16,752,9,2,KGID110171,Owen,1975-02-01,M,O+,0,2005-12-30
10172,16,752,7,1,KGID110172,Jeremiah,1980-05-16,M,O+,1,2021-12-21
10173,16,752,6,3,KGID110173,Baghyawati,1984-11-28,F,O+,0,2018-05-17
10174,16,752,7,1,KGID110174,Anirudh,1972-08-07,M,O-,0,1998-05-19
10175,16,752,10,1,KGID110175,Ansh,1970-12-20,M,O+,0,2013-06-17
10176,16,752,9,5,KGID110176,Azaan,2003-04-23,M,A-,0,2020-06-18
10177,16,752,10,1,KGID110177,Udant,1996-10-15,M,O-,0,2022-04-07
10178,16,752,6,3,KGID110178,Gaurav,1985-07-02,M,A-,0,2019-05-12
10179,16,752,9,3,KGID110179,Rishi,1971-08-25,M,A-,0,2007-03-30
10180,16,752,6,4,KGID110180,Brijesh,1998-06-18,M,AB+,0,2001-01-14
10181,16,752,7,1,KGID110181,Lavanya,1997-05-24,F,O-,0,2020-05-26
10182,16,753,10,6,KGID110182,Banjeet,1976-10-01,M,B-,0,2020-03-21
10183,16,753,6,3,KGID110183,Vivaan,1975-11-14,M,B-,0,2025-04-20
10184,16,753,10,4,KGID110184,Wahab,1985-01-19,M,O+,0,2018-07-22
10185,16,753,10,2,KGID110185,Jack,1987-03-06,M,A-,0,2022-01-07
10186,16,753,10,5,KGID110186,Advaith,2003-02-17,M,AB+,0,2007-04-21
10187,16,753,9,2,KGID110187,Nathaniel,1993-10-23,M,AB+,0,1996-09-12
10188,16,753,10,3,KGID110188,Baljiwan,1974-09-20,M,AB+,0,2015-06-19
10189,16,753,10,3,KGID110189,Theodore,1970-08-08,M,A+,0,2014-07-06
10190,16,753,7,4,KGID110190,David,1973-09-27,M,O+,0,2002-03-18
10191,16,753,9,5,KGID110191,Hemal,1981-12-02,F,A+,0,2006-08-05
10192,16,753,10,6,KGID110192,Samar,1985-05-23,M,A+,0,2014-11-24
10193,16,753,6,1,KGID110193,Chatresh,1970-07-31,M,A+,0,2010-03-06
10194,16,753,6,5,KGID110194,Nathan,1986-10-25,M,B+,0,2023-02-03
10195,16,753,10,4,KGID110195,Chatresh,1989-02-02,M,A+,0,2002-01-12
10196,16,753,9,3,KGID110196,Imaran,1982-10-16,M,AB+,0,2012-10-05
10197,16,754,10,4,KGID110197,Warhi,2000-05-30,F,AB+,0,2007-02-02
10198,16,754,6,3,KGID110198,Samaksh,1989-10-27,M,O+,0,2019-05-02
10199,16,754,10,5,KGID110199,Caleb,1981-08-20,M,O+,0,2010-01-26
10200,16,754,6,6,KGID110200,Rushil,1990-11-16,M,A+,0,2009-07-01
10201,16,754,10,2,KGID110201,Mohammed,1975-07-26,M,AB+,0,2009-08-24
10202,16,754,10,1,KGID110202,Bhavini,1970-04-09,F,A+,0,2006-10-15
10203,16,754,7,1,KGID110203,Devansh,1972-02-01,M,B+,0,2007-10-20
10204,16,754,6,5,KGID110204,Indrajit,1985-03-13,M,B-,0,2007-05-02
10205,16,754,10,3,KGID110205,Teerth,1976-12-04,M,A-,0,2000-08-31
10206,16,754,9,3,KGID110206,Lakshit,1967-12-23,M,AB+,0,2004-11-24
10207,16,754,6,5,KGID110207,Mitali,1976-10-14,F,A-,0,2002-12-08
10208,16,754,7,4,KGID110208,Jeevika,1996-10-27,F,O+,0,2007-07-26
10209,16,754,5,5,KGID110209,Vasudha,1986-05-18,F,A+,0,2019-10-06
10210,16,754,9,4,KGID110210,Matthew,1996-06-10,M,A+,0,2015-02-04
10211,16,754,10,6,KGID110211,Abdul,1973-12-12,M,B-,0,2003-01-20
10212,16,754,7,2,KGID110212,Zayan,1972-11-17,M,AB+,0,2008-03-28
10213,16,755,5,1,KGID110213,Noah,1981-03-19,M,A-,0,2002-06-19
10214,16,755,7,4,KGID110214,Arjun,1979-03-01,M,A-,0,2016-04-03
10215,16,755,10,5,KGID110215,Abdul,1983-01-19,M,B-,0,2008-01-07
10216,16,755,7,1,KGID110216,Kalpit,1968-11-06,M,A+,0,1997-10-06
10217,16,755,10,4,KGID110217,Nikita,1981-07-29,F,A-,0,2005-08-15
10218,16,755,6,3,KGID110218,Liam,1985-07-03,M,AB+,0,2016-02-13
10219,16,755,10,2,KGID110219,Isaiah,2001-04-30,M,A+,0,2005-06-15
10220,16,755,10,1,KGID110220,Sathvik,1989-10-16,M,O-,0,2009-02-15
10221,16,755,10,1,KGID110221,Fariq,1994-05-04,M,AB+,0,2024-09-27
10222,16,755,10,5,KGID110222,Krishna,1986-04-09,M,AB+,0,2014-03-16
10223,16,755,10,6,KGID110223,Oliver,1987-01-15,M,O+,0,2014-09-09
10224,16,755,10,5,KGID110224,Lakshit,1994-03-04,M,B+,0,2001-11-07
10225,16,755,7,1,KGID110225,Guneet,1988-06-07,M,B-,0,2016-10-02
10226,16,755,9,1,KGID110226,Oliver,1996-03-11,M,B-,0,2018-07-23
10227,16,755,10,5,KGID110227,Chakradhar,1984-05-13,M,B+,0,2022-09-27
10228,16,755,6,4,KGID110228,Manbir,1996-09-05,M,A-,0,2003-01-28
10229,16,755,5,3,KGID110229,Darpan,1995-11-27,M,A-,0,2023-06-04
10230,16,755,10,6,KGID110230,Urvashi,1998-06-20,F,AB+,0,1997-03-05
10231,16,756,9,2,KGID110231,Kai,1982-04-30,M,O-,0,2013-06-03
10232,16,756,10,4,KGID110232,Kiaan,1976-04-01,M,A+,0,2006-05-11
10233,16,756,5,5,KGID110233,Vincent,1993-07-17,M,A+,0,2019-07-12
10234,16,756,7,5,KGID110234,Samaksh,1987-03-03,M,AB+,0,2017-10-08
10235,16,756,10,6,KGID110235,Tanay,1972-03-30,M,O-,0,1999-01-21
10236,16,756,5,3,KGID110236,Wyatt,1985-09-11,M,O-,0,2018-10-12
10237,16,756,9,5,KGID110237,Zashil,1980-07-28,M,B-,0,2013-12-10
10238,16,756,7,5,KGID110238,Jairaj,1999-11-21,M,B+,0,2012-10-01
10239,16,756,9,3,KGID110239,Vivaan,1991-03-11,M,B-,0,2016-07-27
10240,16,756,10,3,KGID110240,Lekha,2002-02-16,F,A+,0,2017-06-04
10241,16,756,10,2,KGID110241,Meera,1983-08-28,F,A+,0,2007-06-08
10242,16,757,7,6,KGID110242,Noah,1983-07-04,M,B-,0,2007-06-06
10243,16,757,10,4,KGID110243,Gaurang,1973-05-10,M,O-,0,2022-12-25
10244,16,757,7,2,KGID110244,Nitesh,1971-01-12,M,B-,0,2016-06-01
10245,16,757,6,6,KGID110245,Girish,1996-05-02,M,O-,0,2020-05-26
10246,16,757,10,4,KGID110246,Chatresh,1971-01-19,M,B+,0,2021-10-18
10247,16,757,10,3,KGID110247,Upkaar,1989-09-21,M,AB+,0,2015-05-28
10248,16,757,7,1,KGID110248,Wishi,1973-07-10,F,O-,0,2020-07-08
10249,16,757,9,4,KGID110249,Gunbir,1997-10-05,M,AB+,0,2003-07-11
10250,16,757,9,6,KGID110250,Hardik,1971-03-27,M,B+,0,2012-09-07
10251,16,757,10,3,KGID110251,David,1985-02-25,M,A-,0,2009-07-02
10252,16,757,10,4,KGID110252,Tanveer,1976-05-16,M,B-,0,2019-05-24
10253,16,757,10,4,KGID110253,Jairaj,1986-01-11,M,A+,0,2022-05-20
10254,16,757,10,4,KGID110254,Amaira,1999-07-26,F,B-,0,2012-05-05
10255,16,757,10,1,KGID110255,Indrajit,1999-08-31,M,B-,0,2022-12-28
10256,16,757,9,3,KGID110256,Nikita,1978-08-16,F,AB+,0,2008-10-17
10257,16,757,6,6,KGID110257,Manbir,1995-11-02,M,O+,0,2013-06-20
10258,16,757,10,2,KGID110258,Udant,1997-02-27,M,AB+,0,2024-04-22
10259,16,758,9,4,KGID110259,Netra,1988-04-22,F,AB+,0,2007-07-21
10260,16,758,10,3,KGID110260,Hritik,1972-02-03,M,AB+,0,2012-06-09
10261,16,758,10,2,KGID110261,Nihal,1987-03-03,M,AB+,0,2022-09-25
10262,16,758,7,5,KGID110262,Anamika,1979-06-02,F,B-,0,2023-01-17
10263,16,758,10,6,KGID110263,Amol,1982-02-07,M,O-,0,2023-11-01
10264,16,758,9,6,KGID110264,Atharv,1991-01-01,M,AB+,0,1997-02-10
10265,16,758,9,3,KGID110265,Samesh,1981-12-18,M,O+,0,2001-05-28
10266,16,758,10,3,KGID110266,Karan,1977-11-14,M,A-,0,2021-05-28
10267,16,758,5,5,KGID110267,Abdul,1994-12-30,M,B+,0,2019-06-02
10268,16,758,10,2,KGID110268,Wriddhish,1988-07-30,M,AB+,0,1997-11-27
10269,16,758,10,6,KGID110269,Qadim,1981-06-30,M,A+,0,2017-07-07
10270,16,758,10,3,KGID110270,Jonathan,1976-02-08,M,O+,0,2001-12-07
10271,16,758,9,6,KGID110271,Udant,1990-10-19,M,B-,0,2024-09-28
10272,16,758,7,1,KGID110272,Quincy,1983-03-07,M,A+,0,1999-12-24
10273,16,758,9,6,KGID110273,Siddharth,1989-07-24,M,O-,0,2024-07-04
10274,16,758,10,2,KGID110274,Yochana,1998-12-03,F,A-,0,2023-01-28
10275,16,758,10,5,KGID110275,Pahal,1990-08-19,F,AB+,0,2018-08-04
10276,16,758,7,5,KGID110276,Pahal,1975-11-08,F,B+,0,2021-06-25
10277,16,759,10,2,KGID110277,Faraj,1974-08-19,M,O-,0,2019-05-28
10278,16,759,9,6,KGID110278,Michael,1974-01-18,M,B+,0,2016-05-29
10279,16,759,6,2,KGID110279,Michael,1970-08-02,M,O-,0,2001-08-15
10280,16,759,6,3,KGID110280,Jack,1979-08-31,M,O-,0,2017-01-28
10281,16,759,10,4,KGID110281,Advik,1974-05-08,M,A-,0,2002-09-08
10282,16,759,6,5,KGID110282,Owen,1976-06-07,M,B-,0,2023-01-29
10283,16,759,10,6,KGID110283,Samar,1999-01-25,M,AB+,0,1997-01-27
10284,16,759,6,6,KGID110284,Urvashi,1976-04-10,F,B+,0,2001-05-15
10285,16,759,6,1,KGID110285,Christopher,2001-07-03,M,A+,0,2011-01-02
10286,16,759,10,5,KGID110286,Zaid,1978-12-29,M,A+,0,2014-11-04
10287,16,759,6,4,KGID110287,Dakshesh,1995-05-30,M,B+,0,2003-08-28
10288,16,759,10,4,KGID110288,Ranveer,1990-10-07,M,O-,0,1997-09-16
10289,16,759,7,2,KGID110289,Brijesh,1968-05-09,M,A+,0,2016-04-29
10290,16,759,5,1,KGID110290,Vincent,1998-01-18,M,A-,0,2018-08-19
10291,16,759,10,6,KGID110291,Samar,1988-05-06,M,A+,0,2005-10-24
10292,16,759,7,4,KGID110292,Omkaar,1968-12-04,M,A-,0,2000-05-25
10293,16,759,9,6,KGID110293,Reyansh,1996-05-09,M,AB+,0,2013-11-03
10294,16,759,10,6,KGID110294,Janya,1978-07-22,F,A+,0,1998-12-17
10295,16,760,9,6,KGID110295,Faras,1996-06-06,M,B-,0,2001-12-05
10296,16,760,10,5,KGID110296,Tanveer,2003-01-04,M,AB+,0,2008-12-25
10297,16,760,9,4,KGID110297,Januja,1980-07-27,F,O-,0,2024-12-13
10298,16,760,9,5,KGID110298,Saksham,1972-12-21,M,O+,0,2006-09-06
10299,16,760,9,3,KGID110299,Girik,1993-05-09,M,B-,0,2014-07-06
10300,16,760,5,5,KGID110300,Deepa,1990-07-19,F,A-,0,2024-11-04
10301,16,760,7,2,KGID110301,Tripti,1989-12-06,F,O+,0,2004-12-07
10302,16,760,10,3,KGID110302,Tejas,1995-05-28,M,O+,0,2022-06-06
10303,16,760,9,1,KGID110303,Ganga,1984-11-15,F,A+,0,2004-10-07
10304,16,760,5,2,KGID110304,Aarav,1980-10-29,M,A+,0,2024-04-12
10305,16,761,10,5,KGID110305,Darsh,1995-05-28,M,A+,0,2015-10-28
10306,16,761,9,6,KGID110306,Avi,2002-09-27,M,AB+,0,2010-04-10
10307,16,761,6,1,KGID110307,Advay,1995-04-03,M,B+,0,2007-10-08
10308,16,761,6,3,KGID110308,Chaman,2002-09-07,F,O+,0,2015-10-16
10309,16,761,10,3,KGID110309,Harshil,1970-10-27,M,B+,0,2001-03-25
10310,16,761,6,3,KGID110310,Yochana,1981-09-23,F,B+,0,2000-10-31
10311,16,761,7,2,KGID110311,Chanchal,1979-12-11,F,O-,0,2012-11-27
10312,16,761,10,3,KGID110312,Chanakya,1993-05-11,M,B-,0,2013-11-20
10313,16,761,6,1,KGID110313,Neel,1987-11-13,M,O+,0,2001-11-28
10314,16,761,10,5,KGID110314,Pratyush,1980-11-08,M,O-,0,2000-11-17
10315,16,761,10,1,KGID110315,Isaac,1994-01-28,M,B-,0,2024-05-23
10316,16,761,10,6,KGID110316,Gavin,1998-06-17,M,B-,0,2021-02-11
10317,16,761,10,1,KGID110317,Pranit,1980-02-01,M,O+,0,2001-10-14
10318,16,761,10,4,KGID110318,Noah,1983-11-29,M,O-,0,2005-12-29
10319,16,761,10,4,KGID110319,Ishaan,1998-11-26,M,A-,0,2019-05-29
10320,16,761,5,2,KGID110320,Max,1978-04-13,M,AB+,0,2002-10-15
10321,16,761,9,3,KGID110321,Dhruv,1968-05-18,M,B-,0,2006-10-31
10322,16,762,9,1,KGID110322,Shivani,1992-07-26,F,A+,0,1997-09-04
10323,16,762,10,2,KGID110323,Ubika,1985-08-15,F,O-,0,2007-01-03
10324,16,762,10,2,KGID110324,Darpan,1979-03-23,M,B-,0,2017-06-12
10325,16,762,7,3,KGID110325,Aishani,1994-03-06,F,B+,0,2004-06-06
10326,16,762,10,5,KGID110326,Charan,1999-09-16,M,O-,0,2015-09-07
10327,16,762,9,2,KGID110327,Akshay,1983-10-03,M,O+,0,2010-01-31
10328,16,762,9,6,KGID110328,Jagvi,1975-04-27,F,O+,0,2003-03-30
10329,16,762,9,2,KGID110329,Veer,1996-07-10,M,A+,0,2022-05-08
10330,16,762,9,2,KGID110330,Farhan,1967-10-18,M,O-,0,1999-08-02
10331,16,762,10,5,KGID110331,Ekaraj,1984-09-13,M,B+,0,2020-02-19
10332,16,762,10,5,KGID110332,Rudra,1976-01-03,M,O-,0,2000-02-20
10333,16,762,6,6,KGID110333,Matthew,2002-10-18,M,O-,0,2018-08-06
10334,16,763,6,4,KGID110334,Ronith,1974-08-19,M,AB+,0,2007-03-09
10335,16,763,7,6,KGID110335,Samarth,1988-10-04,M,B-,0,1998-10-20
10336,16,763,5,1,KGID110336,Krishna,1978-01-05,M,O+,0,2017-01-08
10337,16,763,10,3,KGID110337,Sanya,1992-07-03,F,B-,1,2019-11-15
10338,16,763,10,1,KGID110338,Faqid,1970-02-06,M,A+,0,2015-03-28
10339,16,763,10,3,KGID110339,Balhaar,1975-07-13,M,B+,0,2017-04-23
10340,16,763,6,4,KGID110340,Wriddhish,2000-06-10,M,O+,0,2002-12-21
10341,16,763,6,1,KGID110341,Quincy,1999-05-12,M,O+,0,2002-01-31
10342,16,763,9,6,KGID110342,Naveen,2003-02-17,M,B-,0,2015-06-03
10343,16,763,7,4,KGID110343,George,1983-01-02,M,A-,0,2008-06-22
10344,16,763,10,5,KGID110344,Advay,1994-11-30,M,O-,0,2017-08-27
10345,16,763,10,4,KGID110345,Balhaar,1969-09-13,M,O+,0,2004-07-17
10346,16,763,10,6,KGID110346,Anay,1976-01-26,M,A-,0,2008-03-29
10347,16,764,10,6,KGID110347,Vidhi,1981-03-10,F,B+,0,2014-01-30
10348,16,764,9,1,KGID110348,Omkaar,1967-07-24,M,A+,0,2017-07-10
10349,16,764,10,1,KGID110349,Ekbal,1995-02-04,M,O+,0,2007-07-24
10350,16,764,10,6,KGID110350,Libni,1991-02-18,F,AB+,0,2024-08-31
10351,16,764,10,3,KGID110351,Gopal,1990-06-18,M,O+,0,2000-12-26
10352,16,764,7,5,KGID110352,Isha,1999-02-15,F,AB+,0,2007-07-10
10353,16,764,6,4,KGID110353,Frederick,2002-12-12,M,A+,0,2002-02-11
10354,16,764,10,6,KGID110354,Samaksh,1978-06-10,M,O-,0,2023-07-25
10355,16,764,7,3,KGID110355,Warinder,1982-03-28,M,AB+,0,2024-12-09
10356,16,764,7,5,KGID110356,Krisha,1975-05-30,F,A-,0,2015-03-31
10357,16,764,5,5,KGID110357,Frederick,1999-05-12,M,A+,0,2019-05-17
10358,16,764,9,1,KGID110358,Lohit,1968-04-14,M,O+,0,2003-07-21
10359,16,764,7,3,KGID110359,Isaiah,1975-08-10,M,O+,1,1998-05-04
10360,16,765,9,2,KGID110360,Nakul,1978-05-24,M,B+,0,1998-09-08
10361,16,765,10,6,KGID110361,Anthony,1990-02-01,M,AB+,0,2010-06-13
10362,16,765,7,1,KGID110362,Imaran,1970-05-20,M,A+,0,2024-08-09
10363,16,765,10,5,KGID110363,Elijah,1981-10-11,M,A+,0,1999-11-05
10364,16,765,9,5,KGID110364,Advay,1980-06-22,M,A+,0,2008-07-10
10365,16,765,10,4,KGID110365,Nidra,1994-08-11,F,B-,0,1998-10-14
10366,16,765,5,2,KGID110366,Arunima,1982-09-25,F,A+,1,2016-07-15
10367,16,765,10,5,KGID110367,Anya,1990-12-26,F,O-,0,2023-09-23
10368,16,765,7,3,KGID110368,Siddharth,1986-05-01,M,B-,1,2023-09-11
10369,16,766,9,1,KGID110369,Caleb,1989-03-08,M,O-,0,2016-12-24
10370,16,766,9,2,KGID110370,Jeremiah,1985-03-31,M,O+,0,2007-07-22
10371,16,766,6,3,KGID110371,Sai,1980-02-23,M,AB+,0,2016-03-14
10372,16,766,7,5,KGID110372,Chaitanya,1969-07-22,M,A+,0,2001-01-24
10373,16,766,9,2,KGID110373,Jairaj,1982-11-20,M,O-,0,2001-06-08
10374,16,766,5,5,KGID110374,Fitan,1968-03-30,M,AB+,0,2006-07-20
10375,16,766,9,2,KGID110375,Balhaar,1978-08-18,M,B-,0,2015-07-25
10376,16,766,9,5,KGID110376,Simon,1985-06-03,M,A+,0,2007-03-05
10377,16,766,10,5,KGID110377,Dakshesh,1999-10-31,M,O+,0,2013-08-15
10378,16,766,10,3,KGID110378,Imaran,2000-12-01,M,A+,0,2014-09-03
10379,16,766,10,6,KGID110379,Ayushman,1999-09-25,M,AB+,0,2007-07-10
10380,16,766,10,3,KGID110380,Aashi,1980-12-30,F,A-,0,2018-05-03
10381,16,766,7,6,KGID110381,David,1990-12-28,M,O-,0,2020-01-09
10382,16,766,7,6,KGID110382,Advik,1989-08-23,M,O+,0,2022-04-03
10383,16,766,6,5,KGID110383,Shivansh,1975-12-01,M,O+,0,2023-04-25
10384,16,766,10,2,KGID110384,Devansh,1996-04-21,M,B-,0,2004-12-19
10385,16,766,6,4,KGID110385,Ansh,2001-01-25,M,A+,0,2022-12-03
10386,16,767,7,6,KGID110386,Nikita,1985-06-05,F,O-,0,2014-09-01
10387,16,767,9,4,KGID110387,Qadim,1988-04-19,M,A+,0,2007-06-01
10388,16,767,9,6,KGID110388,Aarna,1998-07-24,F,B+,0,2011-05-31
10389,16,767,10,4,KGID110389,Upkaar,1985-02-23,M,O-,0,2000-06-24
10390,16,767,6,3,KGID110390,Naksh,1981-06-26,M,A-,0,2019-08-19
10391,16,767,7,1,KGID110391,Frado,1985-05-08,M,A-,0,2012-02-23
10392,16,767,7,6,KGID110392,Ranveer,1987-01-25,M,AB+,0,2009-12-26
10393,16,767,10,4,KGID110393,Falan,2001-02-10,M,B-,0,1998-10-24
10394,16,767,6,6,KGID110394,Aarnav,1973-08-10,M,A+,0,2022-12-25
10395,16,768,10,6,KGID110395,Ansh,1977-05-09,M,A+,0,1996-11-03
10396,16,768,6,3,KGID110396,Aryan,1972-06-08,M,O+,0,2016-04-25
10397,16,768,9,2,KGID110397,Nathaniel,1994-09-20,M,B+,0,2018-04-01
10398,16,768,7,2,KGID110398,Imaran,1991-05-17,M,AB+,0,2003-11-03
10399,16,768,10,3,KGID110399,Pranav,1979-12-09,M,AB+,0,2018-07-26
10400,16,768,9,6,KGID110400,Isaac,2002-09-23,M,AB+,0,2016-04-03
10401,16,768,10,2,KGID110401,Daksh,1996-01-14,M,A-,0,2022-11-15
10402,16,768,9,6,KGID110402,Divya,1979-08-12,F,A+,0,2020-05-10
10403,16,768,10,6,KGID110403,Vivaan,1997-12-28,M,O+,0,2011-05-06
10404,16,769,9,4,KGID110404,Jason,1973-06-16,M,B+,0,2002-04-30
10405,16,769,10,1,KGID110405,Tanveer,1981-09-30,M,B-,0,2014-01-18
10406,16,769,10,1,KGID110406,Gunbir,1990-11-30,M,A+,0,2012-10-03
10407,16,769,10,3,KGID110407,Farhan,1989-11-06,M,B-,0,2007-05-02
10408,16,769,9,6,KGID110408,Wakeeta,1997-05-22,F,A+,0,2000-11-26
10409,16,769,9,5,KGID110409,Yagnesh,1971-01-26,M,O+,0,1998-06-05
10410,16,769,10,4,KGID110410,Jacob,2002-02-18,M,O+,0,2000-11-14
10411,16,769,10,4,KGID110411,Luke,1986-09-08,M,B+,0,1999-09-06
10412,16,769,10,5,KGID110412,Qadim,1972-11-08,M,AB+,0,2011-02-07
10413,16,769,9,1,KGID110413,Faraj,1996-12-10,M,B-,0,2004-01-05
10414,16,769,9,6,KGID110414,Hemangini,1975-07-31,F,AB+,1,2001-10-19
10415,16,769,7,6,KGID110415,Logan,1988-09-14,M,B-,0,2013-07-17
10416,16,769,10,6,KGID110416,Aayush,1975-10-27,M,O+,0,2000-07-09
10417,16,769,10,2,KGID110417,Andrew,2003-02-05,M,A+,0,2006-05-20
10418,16,769,6,2,KGID110418,Aishani,1982-03-07,F,B-,0,2009-12-12
10419,16,769,10,2,KGID110419,Onveer,1984-12-16,M,O+,0,1999-11-26
10420,16,769,10,1,KGID110420,Elijah,1977-01-18,M,B+,0,2001-12-27
10421,16,769,6,2,KGID110421,Dev,1991-08-03,M,A+,0,2001-02-14
10422,16,770,9,6,KGID110422,Wazir,1976-07-15,M,A+,0,2022-12-31
10423,16,770,7,5,KGID110423,Pranit,1985-11-21,M,B+,0,2001-10-24
10424,16,770,5,1,KGID110424,Adweta,1984-06-22,F,B-,0,2003-05-30
10425,16,770,10,4,KGID110425,Abdul,1971-10-25,M,AB+,0,2005-03-04
10426,16,770,9,6,KGID110426,Ekaraj,2000-08-25,M,A-,0,2016-11-06
10427,16,770,10,6,KGID110427,Charan,1994-05-11,M,A-,0,2019-03-06
10428,16,770,10,2,KGID110428,Robert,1980-12-21,M,O+,0,2014-06-28
10429,16,770,10,3,KGID110429,Frado,2003-05-04,M,A-,0,2024-05-10
10430,16,770,7,6,KGID110430,Azad,1973-05-27,M,AB+,0,2014-01-09
10431,16,770,9,1,KGID110431,Rohan,2000-03-30,M,AB+,0,1996-11-18
10432,16,770,6,4,KGID110432,Kai,1986-06-23,M,O+,0,2023-12-13
10433,16,770,10,2,KGID110433,Sudiksha,1977-06-18,F,B+,0,2017-12-15
10434,16,770,6,4,KGID110434,Ryan,1998-05-17,M,O-,0,2001-06-30
10435,16,770,10,2,KGID110435,Gautam,1998-05-27,M,B-,0,2014-04-08
10436,16,770,10,6,KGID110436,Onveer,1975-02-09,M,B-,0,2025-05-24
10437,16,771,10,3,KGID110437,Udarsh,1975-01-29,M,B+,0,2017-07-29
10438,16,771,5,1,KGID110438,Gavin,1989-12-09,M,AB+,1,2008-10-26
10439,16,771,9,6,KGID110439,Girindra,1978-05-27,M,AB+,0,1997-10-31
10440,16,771,6,5,KGID110440,Gabriel,1998-12-31,M,AB+,0,1997-03-05
10441,16,771,9,5,KGID110441,Atharv,1968-10-03,M,O-,0,2009-09-19
10442,16,771,10,1,KGID110442,Hredhaan,1978-07-29,M,A+,0,2001-11-19
10443,16,771,9,2,KGID110443,Avi,1977-12-09,M,A-,0,2010-06-30
10444,16,771,10,6,KGID110444,Aditya,2002-12-30,M,O+,0,2004-01-05
10445,16,771,10,4,KGID110445,Jonathan,1971-12-17,M,O+,0,2004-07-01
10446,16,771,10,3,KGID110446,Faris,1978-09-24,M,O+,0,2022-06-19
10447,16,771,5,6,KGID110447,Jagat,2000-11-17,M,AB+,0,2019-04-10
10448,16,772,6,4,KGID110448,Gaurang,1997-08-29,M,B-,0,1997-09-23
10449,16,772,10,6,KGID110449,Lohit,2002-04-08,M,A+,0,1997-11-12
10450,16,772,9,1,KGID110450,Ekbal,1981-06-05,M,O-,0,2013-01-29
10451,16,772,9,3,KGID110451,Wazir,1984-02-28,M,A+,0,2025-06-11
10452,16,772,6,5,KGID110452,Fariq,1968-11-25,M,A-,0,2006-05-21
10453,16,772,6,4,KGID110453,Ekapad,1989-04-25,M,A-,0,2009-07-18
10454,16,772,10,1,KGID110454,Ikbal,1992-01-10,M,O+,0,2010-09-28
10455,16,772,7,6,KGID110455,Guneet,1995-12-02,M,AB+,0,2013-08-27
10456,16,772,10,1,KGID110456,Chandran,1972-05-24,M,A-,0,1998-08-05
10457,16,772,10,2,KGID110457,Gopal,1991-08-28,M,O+,0,2006-09-08
10458,16,772,9,4,KGID110458,Jack,1998-05-04,M,A-,0,2002-04-16
10459,16,773,9,2,KGID110459,Bakhshi,1977-12-11,M,B-,1,2009-09-17
10460,16,773,9,6,KGID110460,Sai,1983-01-07,M,A-,0,2006-03-21
10461,16,773,10,4,KGID110461,Sudiksha,2003-01-30,F,AB+,0,2020-02-02
10462,16,773,6,3,KGID110462,Pranit,1970-12-16,M,O+,0,2013-02-24
10463,16,773,10,6,KGID110463,Ijaya,1985-05-07,F,AB+,0,2011-03-18
10464,16,773,10,4,KGID110464,Saksham,1980-09-26,M,A-,0,2007-01-19
10465,16,773,6,6,KGID110465,Karan,1974-01-02,M,A+,0,2021-10-22
10466,16,773,10,2,KGID110466,Veer,2001-07-24,M,A+,1,2017-12-07
10467,16,773,10,3,KGID110467,Faras,1983-07-24,M,A+,0,2013-07-09
10468,16,773,10,2,KGID110468,Gunbir,1979-05-27,M,A+,0,2018-10-06
10469,16,773,9,4,KGID110469,Pratyush,1969-04-14,M,AB+,0,2023-01-15
10470,16,773,10,3,KGID110470,Vedant,1972-05-26,M,O-,0,2010-05-27
10471,16,773,10,1,KGID110471,Noah,1987-08-31,M,AB+,0,2018-02-20
10472,16,774,10,2,KGID110472,Manthan,1974-01-06,M,B-,0,2017-12-23
10473,16,774,7,6,KGID110473,Turvi,1988-10-06,F,O+,0,2000-09-26
10474,16,774,9,2,KGID110474,Faris,1973-05-23,M,O-,0,2020-07-24
10475,16,774,10,1,KGID110475,Atharv,1981-12-31,M,A+,0,2000-09-08
10476,16,774,10,4,KGID110476,Eshana,1994-06-11,F,B+,0,2010-04-30
10477,16,774,10,6,KGID110477,Advaith,1989-02-19,M,A+,0,2024-09-05
10478,16,774,10,5,KGID110478,Pratyush,1984-03-06,M,AB+,0,1997-06-22
10479,16,774,10,1,KGID110479,Abdul,2001-06-29,M,A+,0,2022-11-02
10480,16,774,5,6,KGID110480,Harini,1994-10-26,F,A-,0,2001-11-26
10481,16,774,5,2,KGID110481,Sathvik,1967-08-05,M,O-,0,2021-03-04
10482,16,774,10,6,KGID110482,Manbir,1997-01-23,M,O+,0,2009-07-06
10483,16,774,10,6,KGID110483,Reva,1980-08-22,F,A+,0,2000-10-18
10484,16,774,10,5,KGID110484,Zaid,1976-09-08,M,A-,0,2001-10-31
10485,16,774,10,4,KGID110485,Jatin,1993-10-12,M,O+,0,2013-07-06
10486,16,774,10,6,KGID110486,Rohan,1989-09-24,M,A+,0,2015-06-20
10487,16,774,7,1,KGID110487,Victor,1971-12-27,M,A-,0,2005-08-22
10488,16,774,7,3,KGID110488,Gaurav,1970-06-26,M,A+,0,2018-12-17
10489,16,774,10,2,KGID110489,Falan,2003-05-13,M,A+,0,2010-10-14
10490,16,775,6,3,KGID110490,Hredhaan,1993-01-12,M,A+,0,2015-09-05
10491,16,775,7,5,KGID110491,Nitesh,1993-03-17,M,AB+,0,2023-02-20
10492,16,775,10,1,KGID110492,Wridesh,1999-08-20,M,O+,0,2020-07-21
10493,16,775,6,2,KGID110493,Warjas,1974-05-02,M,A+,0,2007-06-01
10494,16,775,10,1,KGID110494,Daniel,1969-08-15,M,O-,0,2013-04-23
10495,16,775,9,2,KGID110495,Sachi,1976-09-19,F,B+,0,1997-03-08
10496,16,775,6,5,KGID110496,Maanas,2003-01-15,M,O-,0,2023-07-10
10497,16,775,10,4,KGID110497,Guneet,1969-09-07,M,AB+,0,2014-03-03
10498,16,775,7,1,KGID110498,Jagat,1977-02-18,M,A+,0,2021-09-10
10499,17,776,7,4,KGID110499,Adweta,2000-07-23,F,B-,0,2003-10-21
10500,17,776,10,5,KGID110500,Neel,2000-03-25,M,O-,0,2013-08-14
10501,17,776,10,2,KGID110501,Nakul,1969-07-15,M,A+,0,2003-03-30
10502,17,776,6,2,KGID110502,Mason,1998-04-14,M,B+,0,2023-06-06
10503,17,776,5,2,KGID110503,Bakhshi,1986-05-22,M,B+,0,1999-12-23
10504,17,776,10,5,KGID110504,Pranav,1972-11-26,M,O-,0,1999-05-25
10505,17,776,9,3,KGID110505,Neel,1999-03-25,M,O+,0,2024-05-25
10506,17,776,9,4,KGID110506,Aarush,1968-07-19,M,A+,0,2017-01-31
10507,17,776,6,2,KGID110507,Maanas,1980-04-11,M,AB+,0,1998-11-16
10508,17,776,10,6,KGID110508,Indrajit,1991-11-13,M,O+,0,2017-11-25
10509,17,776,10,5,KGID110509,Faris,1987-12-11,M,A-,0,2001-07-21
10510,17,776,6,3,KGID110510,Harshil,1971-02-01,M,B-,0,2002-01-09
10511,17,776,9,6,KGID110511,Pratyush,1972-10-08,M,O-,0,2007-05-26
10512,17,776,10,1,KGID110512,Vincent,2003-06-21,M,B+,0,2025-07-09
10513,17,777,9,3,KGID110513,Arin,1978-05-04,M,O+,0,2021-04-12
10514,17,777,10,3,KGID110514,Chanakya,1970-09-20,M,B+,0,2021-11-10
10515,17,777,10,6,KGID110515,Omaja,1988-09-27,F,AB+,0,2010-12-27
10516,17,777,10,2,KGID110516,Anjali,1985-10-11,F,O+,0,1999-03-05
10517,17,777,10,4,KGID110517,Vamakshi,1985-05-07,F,O-,0,2009-05-06
10518,17,777,10,3,KGID110518,Ethan,1996-02-26,M,O-,0,2005-11-03
10519,17,777,10,3,KGID110519,Eshana,1991-09-11,F,A-,0,1996-08-30
10520,17,777,6,1,KGID110520,Bimala,1986-03-29,F,A-,0,2013-06-21
10521,17,777,10,4,KGID110521,Yashasvi,1981-03-25,F,B-,0,2025-03-20
10522,17,777,7,4,KGID110522,Chavvi,2002-07-11,F,A-,0,2007-06-27
10523,17,777,6,5,KGID110523,Om,1982-08-07,M,O+,0,2015-04-15
10524,17,777,7,6,KGID110524,Faris,2001-02-22,M,AB+,0,2004-09-11
10525,17,777,10,5,KGID110525,Arunima,2001-08-10,F,O+,0,2018-05-04
10526,17,777,10,5,KGID110526,Nitesh,1974-06-20,M,B+,0,2001-07-17
10527,17,778,10,4,KGID110527,Saksham,1990-05-28,M,O+,0,2006-06-16
10528,17,778,6,1,KGID110528,Manthan,1986-06-13,M,AB+,0,2018-05-12
10529,17,778,10,6,KGID110529,Dakshesh,1985-12-31,M,O+,0,2011-08-31
10530,17,778,6,5,KGID110530,Ekiya,1967-09-13,F,O-,0,2003-02-09
10531,17,778,10,5,KGID110531,Naksh,1992-07-14,M,A-,0,2024-03-12
10532,17,778,10,5,KGID110532,Reva,1981-10-10,F,B+,0,2000-10-25
10533,17,778,9,2,KGID110533,Anamika,1967-11-01,F,AB+,0,2008-05-25
10534,17,778,6,5,KGID110534,Bachittar,1975-01-27,M,B+,0,2024-01-13
10535,17,778,10,6,KGID110535,Neel,1977-04-12,M,A-,0,2003-10-30
10536,17,778,9,3,KGID110536,Yochana,1970-12-23,F,AB+,0,1997-02-07
10537,17,778,10,2,KGID110537,Zayyan,1989-03-06,M,AB+,1,2021-03-15
10538,17,779,7,6,KGID110538,Chatresh,2003-03-11,M,O-,0,2014-09-13
10539,17,779,10,2,KGID110539,Teerth,2002-03-27,M,A-,0,2008-06-25
10540,17,779,9,1,KGID110540,Nandini,1979-06-24,F,O+,0,2008-04-07
10541,17,779,6,3,KGID110541,Ryan,1969-05-29,M,AB+,0,1998-12-21
10542,17,779,9,5,KGID110542,Yug,2001-12-08,M,B+,0,2017-10-15
10543,17,779,5,6,KGID110543,Imaran,1983-09-22,M,A-,0,2007-12-23
10544,17,779,10,2,KGID110544,Bhanumati,1986-03-05,F,AB+,0,2025-02-18
10545,17,779,10,2,KGID110545,Karan,1993-05-07,M,B-,0,2017-01-05
10546,17,780,7,5,KGID110546,Janaki,1998-04-08,F,B+,0,2013-09-06
10547,17,780,7,2,KGID110547,Falan,1979-02-05,M,O-,0,2008-06-13
10548,17,780,5,3,KGID110548,Sai,1976-03-14,M,A-,0,2019-10-03
10549,17,780,7,1,KGID110549,Gaurang,1995-07-01,M,B-,0,2011-06-04
10550,17,780,9,1,KGID110550,Zaid,1996-11-06,M,A-,0,2015-10-26
10551,17,780,10,5,KGID110551,Parth,1997-04-19,M,B+,0,1996-12-11
10552,17,780,10,3,KGID110552,Harshil,1975-05-03,M,O-,0,2022-03-05
10553,17,780,10,3,KGID110553,Tanmayi,1993-10-25,F,A-,0,2013-02-24
10554,17,780,10,2,KGID110554,Ronith,1991-10-08,M,B-,0,2022-07-27
10555,17,780,10,2,KGID110555,Xavier,1981-11-09,M,A+,0,2024-05-26
10556,17,780,10,3,KGID110556,Yashvi,1991-06-19,F,A+,0,2020-08-14
10557,17,781,9,2,KGID110557,Om,1993-10-02,M,A-,0,2005-12-27
10558,17,781,10,1,KGID110558,Madhav,2002-12-12,M,B-,0,2008-08-14
10559,17,781,7,1,KGID110559,Naveen,1984-04-19,M,AB+,0,2019-12-15
10560,17,781,7,3,KGID110560,Balendra,1996-12-10,M,O-,0,2016-08-07
10561,17,781,10,2,KGID110561,Matthew,1973-09-19,M,A-,0,2015-07-11
10562,17,781,10,6,KGID110562,Turvi,1970-11-07,F,O+,0,2010-07-16
10563,17,781,10,5,KGID110563,Ekaraj,1982-07-29,M,AB+,0,2009-08-11
10564,17,781,5,1,KGID110564,Kalpit,1972-01-01,M,B-,0,2016-08-03
10565,17,781,6,2,KGID110565,Gaurang,1993-02-08,M,B-,0,2007-12-02
10566,17,781,7,1,KGID110566,Harshil,1990-02-10,M,A-,0,2003-12-05
10567,17,781,5,3,KGID110567,Faraj,2001-06-08,M,O+,0,2015-06-12
10568,17,781,6,4,KGID110568,Manan,1970-06-02,M,A-,0,2012-03-25
10569,17,781,10,1,KGID110569,Waida,1995-08-22,F,AB+,0,2006-01-26
10570,17,781,10,3,KGID110570,Anmol,2003-01-30,M,O+,0,2016-11-28
10571,17,782,6,5,KGID110571,Ansh,1970-08-26,M,AB+,1,2006-03-17
10572,17,782,10,1,KGID110572,Vincent,1976-12-15,M,B-,0,2022-11-14
10573,17,782,10,3,KGID110573,Aadi,1981-07-23,M,A-,0,2005-06-29
10574,17,782,10,1,KGID110574,Manan,2002-01-29,M,O-,0,2009-04-28
10575,17,782,10,3,KGID110575,Falan,1984-10-19,M,B+,0,2004-08-12
10576,17,782,10,5,KGID110576,Owen,1978-12-22,M,A+,0,2002-02-21
10577,17,782,10,4,KGID110577,Utkarsh,1983-10-20,M,AB+,0,2003-03-22
10578,17,782,6,2,KGID110578,Anirudh,1998-12-19,M,B+,0,2006-09-04
10579,17,782,7,2,KGID110579,Harini,1988-11-12,F,B-,0,1999-05-25
10580,17,782,9,4,KGID110580,Gaurang,1991-06-27,M,B+,0,2021-04-07
10581,17,782,7,6,KGID110581,Indrajit,1996-10-14,M,A-,0,2010-08-07
10582,17,782,10,1,KGID110582,Ansh,1982-07-30,M,AB+,0,2006-09-08
10583,17,782,10,3,KGID110583,Chatresh,1990-07-24,M,A-,0,2004-10-28
10584,17,782,10,6,KGID110584,Raghav,1996-07-02,M,B+,0,2011-10-05
10585,17,782,10,3,KGID110585,Samuel,1975-08-15,M,B+,0,2016-04-18
10586,17,782,5,3,KGID110586,Gagan,2002-06-15,M,B-,0,2007-08-12
10587,17,782,7,3,KGID110587,Kalpit,1987-11-01,M,B+,0,2012-09-17
10588,17,782,10,6,KGID110588,Rudra,2001-12-02,M,B-,0,2009-05-22
10589,17,782,10,2,KGID110589,Pallavi,1991-04-14,F,O-,0,2002-12-05
10590,17,782,10,3,KGID110590,Balendra,1994-09-08,M,O-,0,2008-02-11
10591,17,783,9,5,KGID110591,Jeet,1994-09-09,M,B+,0,2015-04-25
10592,17,783,6,5,KGID110592,Avi,1997-05-25,M,A-,0,2002-08-13
10593,17,783,10,4,KGID110593,Teerth,1969-09-20,M,A-,0,2008-07-06
10594,17,783,9,6,KGID110594,Mahika,1983-06-27,F,O+,0,2012-02-15
10595,17,783,10,5,KGID110595,Balveer,1997-12-29,M,O+,0,2018-07-06
10596,17,783,9,5,KGID110596,Sathvik,1973-06-24,M,B-,1,2021-10-14
10597,17,783,7,5,KGID110597,Jackson,1987-01-04,M,A+,0,2010-08-19
10598,17,783,6,5,KGID110598,Madhav,1994-07-17,M,A-,0,2006-10-16
10599,17,783,10,6,KGID110599,Watika,1983-11-03,F,AB+,0,2018-09-16
10600,17,783,6,4,KGID110600,Faqid,1977-08-15,M,A+,0,2011-02-01
10601,17,783,7,4,KGID110601,Chakradev,1981-09-13,M,A+,0,2004-08-17
10602,17,784,10,2,KGID110602,Tripti,1971-10-15,F,B+,0,2014-12-22
10603,17,784,7,6,KGID110603,Oliver,1984-10-15,M,O-,0,2009-12-09
10604,17,784,10,6,KGID110604,Samaksh,1988-12-10,M,O+,0,1996-08-29
10605,17,784,7,3,KGID110605,Qabil,1972-03-22,M,B+,0,2014-01-22
10606,17,784,9,5,KGID110606,Ansh,1975-07-23,M,O-,0,2014-03-12
10607,17,784,10,6,KGID110607,Harshil,1986-02-10,M,AB+,0,2014-10-09
10608,17,784,5,4,KGID110608,Vedant,1980-07-07,M,AB+,1,2017-10-09
10609,17,784,10,5,KGID110609,Diya,1983-07-08,F,AB+,0,1998-12-11
10610,17,784,9,1,KGID110610,Balendra,1969-12-16,M,B-,0,1996-09-08
10611,17,784,6,6,KGID110611,Ekalinga,1990-04-25,M,AB+,0,2012-06-07
10612,17,784,9,6,KGID110612,Henry,1986-01-05,M,O+,0,2023-10-17
10613,17,784,6,1,KGID110613,Yatan,1996-08-03,M,A-,0,2013-10-08
10614,17,784,10,1,KGID110614,Gopal,2001-03-05,M,AB+,0,2017-03-07
10615,17,784,10,4,KGID110615,Charles,1972-01-12,M,O-,0,1996-12-27
10616,17,785,10,6,KGID110616,Ishaan,1992-10-04,M,O+,0,2005-08-15
10617,17,785,9,4,KGID110617,Ekapad,1998-06-28,M,AB+,0,2025-06-09
10618,17,785,10,5,KGID110618,Yug,1977-10-16,M,B-,0,2024-09-18
10619,17,785,10,3,KGID110619,Praneel,1985-08-28,M,B-,0,2013-06-21
10620,17,785,10,4,KGID110620,Shivansh,1972-03-18,M,B-,0,2021-11-25
10621,17,785,10,3,KGID110621,Chatresh,1971-06-17,M,B+,0,2019-03-20
10622,17,785,10,2,KGID110622,Balvan,1976-04-07,M,B+,0,2007-04-09
10623,17,785,9,2,KGID110623,Saumya,1998-02-16,F,O-,0,2017-08-16
10624,17,785,10,6,KGID110624,Zashil,1975-10-26,M,B-,0,2002-11-24
10625,17,786,6,4,KGID110625,Shaurya,1972-05-14,M,O-,0,2013-01-21
10626,17,786,10,4,KGID110626,Ethan,2002-04-08,M,B-,0,1998-05-11
10627,17,786,10,6,KGID110627,Ayush,1990-07-30,M,B-,0,2022-08-12
10628,17,786,9,4,KGID110628,Abhiram,1970-09-17,M,B+,0,1998-03-20
10629,17,786,9,1,KGID110629,Madhav,1985-01-12,M,AB+,0,2004-09-13
10630,17,786,10,2,KGID110630,Vrishti,1989-05-06,F,B-,0,2001-07-16
10631,17,786,10,2,KGID110631,Dominic,1974-11-03,M,A-,0,2015-09-19
10632,17,786,10,6,KGID110632,Luke,1992-06-14,M,A-,0,2025-02-17
10633,17,786,7,2,KGID110633,Owen,1972-04-25,M,A-,0,2022-08-19
10634,17,786,7,1,KGID110634,Robert,1998-05-01,M,A-,0,2015-08-27
10635,17,786,10,3,KGID110635,Darpan,2002-08-14,M,O+,0,2000-10-17
10636,17,786,10,2,KGID110636,Patrick,1979-12-06,M,B-,0,2011-11-17
10637,17,786,6,1,KGID110637,Maanas,1981-11-23,M,O+,0,2003-02-11
10638,17,786,10,1,KGID110638,Chatresh,1976-08-19,M,O+,0,2011-10-01
10639,17,786,5,1,KGID110639,Onveer,1998-01-13,M,A-,0,1998-05-04
10640,17,786,10,2,KGID110640,Ganga,1973-02-12,F,A-,0,2013-05-25
10641,17,786,10,3,KGID110641,Tanveer,1996-09-10,M,A+,0,1998-07-06
10642,17,787,7,4,KGID110642,Orinder,1976-03-14,M,B-,0,2016-05-20
10643,17,787,7,2,KGID110643,Urmi,1979-05-28,F,O+,0,2020-06-02
10644,17,787,10,2,KGID110644,Balendra,1992-03-10,M,A+,0,2017-11-09
10645,17,787,7,4,KGID110645,Harshil,1975-05-08,M,A-,0,2003-05-01
10646,17,787,10,6,KGID110646,Om,1999-12-21,M,A+,0,2015-05-22
10647,17,787,7,1,KGID110647,Liam,2002-01-06,M,A-,0,2003-03-14
10648,17,787,10,2,KGID110648,Ranbir,1999-12-04,M,O+,0,2000-08-11
10649,17,787,10,1,KGID110649,Luke,1972-05-07,M,O+,0,1998-08-21
10650,17,787,9,5,KGID110650,Max,1976-12-12,M,B+,0,2023-12-18
10651,17,787,9,3,KGID110651,Rachit,1993-04-06,M,A+,0,1996-11-05
10652,17,787,10,2,KGID110652,Madhav,1970-08-26,M,A-,0,2001-04-23
10653,17,787,7,1,KGID110653,Rayaan,1972-09-15,M,O+,0,2018-07-03
10654,17,787,6,4,KGID110654,Vansha,1999-02-02,F,B+,0,2018-06-03
10655,17,788,5,3,KGID110655,Elijah,1979-11-01,M,B+,0,1997-09-12
10656,17,788,7,1,KGID110656,Charles,1994-11-11,M,O+,0,2009-10-23
10657,17,788,10,6,KGID110657,Shravya,1979-05-02,F,O-,0,2002-11-27
10658,17,788,9,3,KGID110658,Orinder,1974-07-18,M,B+,0,2008-10-24
10659,17,788,10,2,KGID110659,Tejas,1989-04-02,M,O-,0,2021-09-15
10660,17,788,9,3,KGID110660,Krish,1970-03-17,M,B-,0,1999-10-23
10661,17,788,9,1,KGID110661,Faris,1989-09-11,M,B+,0,2012-02-23
10662,17,788,7,5,KGID110662,Nachiket,2000-04-20,M,B+,0,2006-02-06
10663,17,789,10,1,KGID110663,Omkaar,1968-11-03,M,AB+,0,2019-05-24
10664,17,789,7,6,KGID110664,Devansh,1974-02-03,M,O+,0,2008-06-02
10665,17,789,10,6,KGID110665,Warinder,1970-03-28,M,A-,0,2025-04-10
10666,17,789,6,1,KGID110666,Veda,1982-02-18,F,AB+,0,2012-02-07
10667,17,789,9,2,KGID110667,Caleb,1971-10-09,M,B+,0,2006-01-18
10668,17,789,10,6,KGID110668,Nakul,1980-04-02,M,B-,0,2023-03-15
10669,17,789,6,4,KGID110669,Nicholas,1987-02-24,M,A+,0,2015-04-21
10670,17,789,6,1,KGID110670,Saumya,1985-02-26,F,B-,0,2022-09-14
10671,17,789,6,6,KGID110671,Jai,1979-01-13,M,A+,0,2005-04-27
10672,17,789,9,2,KGID110672,Aditya,1996-02-23,M,A+,0,2008-07-29
10673,17,789,5,6,KGID110673,Michael,1973-11-21,M,A-,0,2020-06-16
10674,17,790,6,5,KGID110674,Samuel,1980-10-19,M,O-,0,2002-10-25
10675,17,790,6,2,KGID110675,Rishi,1995-06-10,M,A-,0,2021-11-27
10676,17,790,5,6,KGID110676,Shivani,1999-02-26,F,AB+,0,2011-08-07
10677,17,790,10,6,KGID110677,David,1974-09-19,M,O-,0,2023-03-03
10678,17,790,10,3,KGID110678,Udarsh,1987-05-14,M,AB+,0,2017-11-02
10679,17,790,6,5,KGID110679,Hredhaan,1988-05-04,M,B-,0,2015-02-21
10680,17,790,6,4,KGID110680,Dominic,2002-06-14,M,B-,0,1997-12-15
10681,17,790,9,5,KGID110681,Ethan,1970-02-22,M,B-,0,2006-08-24
10682,17,790,10,2,KGID110682,Ojas,1976-06-15,M,B+,0,1996-11-30
10683,17,791,10,2,KGID110683,Janani,1987-06-14,F,A+,0,2003-12-08
10684,17,791,10,3,KGID110684,Ekaraj,1985-10-07,M,A+,0,1999-11-22
10685,17,791,10,2,KGID110685,Jairaj,1972-02-03,M,A-,0,2014-03-22
10686,17,791,10,4,KGID110686,Fitan,1978-09-10,M,A-,0,1999-12-01
10687,17,791,9,6,KGID110687,Tejas,2001-05-10,M,O-,0,2006-02-14
10688,17,791,10,6,KGID110688,Ria,1976-07-13,F,AB+,0,2011-11-12
10689,17,791,9,4,KGID110689,Dev,1971-01-15,M,AB+,0,2017-06-28
10690,17,791,10,3,KGID110690,Logan,1995-05-19,M,A-,0,2012-11-23
10691,17,791,7,5,KGID110691,Yoshita,1990-04-05,F,AB+,0,2003-02-14
10692,17,791,7,2,KGID110692,Ranveer,1969-03-03,M,A-,0,2014-07-08
10693,17,791,10,2,KGID110693,Chatresh,1989-12-19,M,A+,0,2014-06-08
10694,17,791,10,6,KGID110694,Arjun,1978-03-30,M,B-,0,2010-02-19
10695,17,792,7,6,KGID110695,Lajita,1987-09-08,F,O+,0,1999-02-01
10696,17,792,6,4,KGID110696,Arin,1975-06-08,M,A-,0,1997-03-26
10697,17,792,10,1,KGID110697,Anthony,1981-01-15,M,O-,0,2014-09-28
10698,17,792,6,4,KGID110698,Ekbal,1981-11-28,M,A+,0,2023-04-25
10699,17,792,10,6,KGID110699,Peter,1980-05-20,M,B-,0,2005-11-13
10700,17,792,9,2,KGID110700,Ikbal,1977-11-09,M,O+,0,1997-06-19
10701,17,792,9,5,KGID110701,Girik,1978-02-03,M,B+,0,2025-04-25
10702,17,792,5,2,KGID110702,Aadi,1980-08-12,M,A+,0,2018-03-27
10703,17,792,10,6,KGID110703,Abhiram,1972-07-06,M,AB+,0,2017-10-24
10704,17,792,10,2,KGID110704,Aditya,1997-09-28,M,O-,0,2003-01-21
10705,17,792,9,4,KGID110705,Ishaan,2003-04-12,M,O+,1,1998-02-14
10706,17,792,10,4,KGID110706,Tamanna,1975-06-27,F,B+,0,2018-04-26
10707,17,792,9,5,KGID110707,Jeet,1985-07-22,M,AB+,0,2005-01-22
10708,17,792,7,2,KGID110708,Nimrat,1995-05-29,F,B-,0,2010-02-07
10709,17,792,10,4,KGID110709,Ryan,1972-12-02,M,AB+,0,2005-12-12
10710,17,792,9,2,KGID110710,Lila,1991-04-09,F,A+,0,2003-02-21
10711,17,792,10,1,KGID110711,Nihal,1974-09-02,M,O-,0,2022-12-12
10712,17,792,9,6,KGID110712,Harsh,1978-02-22,M,O+,0,2024-02-18
10713,17,792,6,4,KGID110713,Neel,1982-02-12,M,O+,0,1997-05-05
10714,17,793,10,6,KGID110714,Falan,2003-01-28,M,O+,0,2023-06-05
10715,17,793,6,5,KGID110715,Caleb,1983-07-21,M,O+,0,2006-11-13
10716,17,793,10,3,KGID110716,Girish,1995-11-13,M,B+,0,2024-09-08
10717,17,793,10,4,KGID110717,Peter,1994-06-04,M,O-,0,2010-07-14
10718,17,793,6,3,KGID110718,Ishaan,1995-09-22,M,AB+,0,2018-06-25
10719,17,793,10,4,KGID110719,Shivansh,1971-05-25,M,O+,1,2005-12-06
10720,17,793,9,6,KGID110720,Wazir,1998-10-02,M,O+,0,1997-10-01
10721,17,793,10,1,KGID110721,Lucky,1977-05-07,M,A-,0,2018-04-12
10722,17,793,6,4,KGID110722,Reyansh,2001-06-18,M,AB+,0,2009-05-07
10723,17,794,6,3,KGID110723,Sarthak,2001-10-02,M,A+,0,2005-08-20
10724,17,794,10,5,KGID110724,Hardik,1977-06-12,M,B+,0,2007-10-10
10725,17,794,10,4,KGID110725,Charita,1987-02-22,F,A+,0,1997-12-11
10726,17,794,10,5,KGID110726,Ojas,1978-12-26,M,AB+,0,2020-01-23
10727,17,794,7,1,KGID110727,Tanish,1983-06-19,M,O-,0,2022-08-19
10728,17,794,10,1,KGID110728,Warjas,2001-04-18,M,B-,0,2013-02-09
10729,17,794,9,2,KGID110729,Banjeet,1991-07-23,M,A-,0,2006-08-30
10730,17,794,10,2,KGID110730,Hitesh,1999-05-24,M,O-,0,2010-04-07
10731,17,794,7,6,KGID110731,Max,1970-09-29,M,B+,0,2006-02-21
10732,17,794,10,2,KGID110732,Ekbal,1995-06-08,M,A+,0,2001-09-04
10733,17,794,10,1,KGID110733,Victor,2000-06-19,M,B+,0,2014-07-23
10734,17,794,10,6,KGID110734,Hitesh,1990-04-29,M,O-,0,2020-01-17
10735,17,794,6,4,KGID110735,Tara,1999-07-31,F,AB+,0,2023-02-20
10736,17,794,10,3,KGID110736,Amaira,1994-08-04,F,A-,0,2015-10-24
10737,17,794,9,1,KGID110737,Wridesh,1991-08-17,M,O+,0,2010-07-09
10738,17,794,9,3,KGID110738,Neel,1971-12-30,M,O+,0,1998-08-02
10739,17,794,9,6,KGID110739,Bhanumati,1997-11-14,F,A-,0,2024-12-16
10740,17,794,5,2,KGID110740,Vansha,1991-03-26,F,O+,0,2017-09-01
10741,17,794,9,6,KGID110741,Madhav,1979-08-11,M,O-,0,1997-11-26
10742,17,794,7,4,KGID110742,Nathan,1975-06-04,M,A-,0,2000-08-27
10743,17,795,9,5,KGID110743,Vedhika,1969-08-14,F,B-,0,1997-09-15
10744,17,795,7,6,KGID110744,Upkaar,1977-03-31,M,B-,0,2015-02-01
10745,17,795,10,6,KGID110745,Chaitanya,1971-12-30,M,A+,0,2024-12-16
10746,17,795,7,5,KGID110746,Omkaar,1973-07-02,M,AB+,0,2008-06-06
10747,17,795,10,5,KGID110747,Michael,1981-09-28,M,AB+,0,2010-02-13
10748,17,795,10,5,KGID110748,Falan,1970-08-11,M,A-,0,2017-11-20
10749,17,795,10,6,KGID110749,Amara,1999-03-14,F,A+,0,2005-08-15
10750,17,795,10,4,KGID110750,Manya,1972-10-13,F,B-,0,2016-02-02
10751,17,795,9,6,KGID110751,Indrajit,1980-09-02,M,O+,0,2020-01-13
10752,17,795,10,4,KGID110752,Rachita,1972-01-12,F,O+,0,2016-07-21
10753,17,795,6,3,KGID110753,Jackson,1977-11-24,M,O+,0,2022-02-17
10754,17,795,10,6,KGID110754,Harsh,1986-08-30,M,O+,0,2004-02-12
10755,17,795,6,1,KGID110755,Pratyush,1990-03-15,M,A-,0,2006-06-08
10756,17,796,10,3,KGID110756,Kritika,1994-03-16,F,A-,0,2010-07-09
10757,17,796,10,3,KGID110757,Yug,1971-03-13,M,O+,0,2005-01-02
10758,17,796,10,1,KGID110758,Luke,1980-12-13,M,A-,0,1997-04-27
10759,17,796,10,4,KGID110759,Charan,1978-05-13,M,O-,0,2017-12-22
10760,17,796,6,4,KGID110760,Ronith,2003-05-31,M,O-,0,2000-03-25
10761,17,796,7,1,KGID110761,Ekanta,1995-09-30,F,O-,0,2021-12-28
10762,17,796,7,5,KGID110762,Ishaan,1979-12-05,M,O+,0,1998-03-30
10763,17,796,6,2,KGID110763,Falan,1987-02-12,M,O-,0,2023-12-13
10764,17,796,9,4,KGID110764,Viraj,1999-08-07,M,O-,0,2020-07-13
10765,17,796,7,5,KGID110765,Kritika,1969-02-01,F,O-,0,2000-07-16
10766,17,796,9,6,KGID110766,Baghyawati,2002-03-22,F,A+,0,2001-03-09
10767,17,796,6,2,KGID110767,Harish,1984-09-21,M,AB+,0,2013-07-06
10768,17,796,6,4,KGID110768,Chakradhar,2002-04-07,M,A-,0,2023-05-04
10769,17,796,9,4,KGID110769,Gautami,1996-05-28,F,A+,0,2020-09-27
10770,17,796,9,1,KGID110770,Jagdish,1994-07-24,M,A+,0,2004-09-17
10771,17,796,10,1,KGID110771,Kabir,1968-04-05,M,B-,0,2016-07-21
10772,17,796,7,3,KGID110772,Zilmil,1992-09-29,F,O+,1,2012-01-06
10773,17,796,10,1,KGID110773,Daniel,1970-09-24,M,O+,0,2004-02-06
10774,17,797,10,3,KGID110774,Kevin,1999-03-17,M,B+,0,1999-04-05
10775,17,797,7,2,KGID110775,Zilmil,1994-12-01,F,B+,0,2003-02-19
10776,17,797,9,6,KGID110776,Ekansh,1976-10-03,M,O+,0,2020-03-11
10777,17,797,7,6,KGID110777,Samesh,1996-03-18,M,AB+,0,2022-10-22
10778,17,797,6,1,KGID110778,Girindra,1994-02-19,M,A-,0,2019-10-05
10779,17,797,7,6,KGID110779,Nicholas,1986-09-17,M,B-,0,2013-01-30
10780,17,797,10,4,KGID110780,Frado,1980-09-05,M,A-,0,2023-05-25
10781,17,797,10,2,KGID110781,Zaid,1995-08-09,M,A+,0,2011-01-26
10782,17,797,10,4,KGID110782,Nakul,1992-10-26,M,A+,0,2016-03-22
10783,17,797,7,2,KGID110783,Yochana,1977-05-27,F,AB+,0,2002-09-10
10784,17,797,10,2,KGID110784,Siddharth,1996-05-29,M,B-,0,2000-10-27
10785,17,797,9,1,KGID110785,Advik,1985-06-15,M,O-,0,2013-07-05
10786,17,797,7,2,KGID110786,Fariq,1989-12-16,M,B+,0,1999-01-07
10787,17,797,6,2,KGID110787,Radha,1971-01-11,F,A+,0,2017-04-04
10788,17,797,7,6,KGID110788,Onveer,1994-03-15,M,B+,0,2003-06-24
10789,17,798,9,5,KGID110789,Sathvik,1969-12-14,M,A+,0,2014-10-21
10790,17,798,10,1,KGID110790,Nakul,1990-07-03,M,O-,0,2009-03-15
10791,17,798,5,6,KGID110791,Oviya,2002-05-14,F,O-,0,1997-08-02
10792,17,798,10,6,KGID110792,Dakshesh,1997-04-12,M,O-,0,2017-01-17
10793,17,798,10,2,KGID110793,Pranav,1973-09-18,M,O+,0,2010-01-15
10794,17,798,7,5,KGID110794,Zayyan,1994-10-28,M,O-,0,2012-10-27
10795,17,798,5,6,KGID110795,Unni,1989-11-24,F,O-,0,2016-07-16
10796,17,798,7,2,KGID110796,Avi,1988-11-17,M,O+,0,2013-06-03
10797,17,798,6,3,KGID110797,Vanya,1989-03-28,F,B-,0,2003-04-07
10798,17,799,7,6,KGID110798,Nihal,1991-03-07,M,A+,0,2019-08-15
10799,17,799,6,5,KGID110799,Liam,1988-08-14,M,A+,0,2011-06-30
10800,17,799,7,1,KGID110800,Dominic,1970-04-09,M,A+,0,2015-02-10
10801,17,799,10,6,KGID110801,Noah,1982-08-31,M,AB+,0,2017-03-06
10802,17,799,5,4,KGID110802,Shaurya,1994-01-12,M,B+,0,2008-09-03
10803,17,799,9,6,KGID110803,Shivansh,1969-04-15,M,A+,0,1997-12-10
10804,17,799,10,1,KGID110804,Rehaan,1982-11-05,M,O-,0,2008-03-19
10805,17,799,6,6,KGID110805,David,1974-03-08,M,AB+,0,2023-10-26
10806,17,799,9,6,KGID110806,Jason,2001-10-06,M,O-,0,2017-02-25
10807,17,799,9,1,KGID110807,Vedant,1986-05-22,M,O-,0,2015-06-24
10808,17,799,10,6,KGID110808,Zarna,1996-08-21,F,O-,0,2018-05-31
10809,17,799,10,5,KGID110809,Faris,1977-04-01,M,AB+,0,2000-11-05
10810,17,799,5,5,KGID110810,Siddharth,1979-07-01,M,O+,0,2005-08-26
10811,17,799,9,5,KGID110811,Jackson,1994-07-15,M,O+,0,2016-08-30
10812,17,799,9,3,KGID110812,Madhav,1997-01-14,M,O+,0,2006-05-15
10813,17,799,10,5,KGID110813,Yatan,1992-01-14,M,AB+,0,1999-11-06
10814,17,799,6,6,KGID110814,Tristan,1976-06-20,M,O-,0,2013-03-03
10815,17,800,6,2,KGID110815,Jai,1984-02-24,M,B-,0,2019-11-22
10816,17,800,10,5,KGID110816,Anvi,1972-06-26,F,O+,0,2007-09-10
10817,17,800,6,3,KGID110817,Ganga,2000-04-12,F,A+,0,2016-01-06
10818,17,800,10,6,KGID110818,Nathan,1981-02-28,M,O-,0,2014-07-23
10819,17,800,10,3,KGID110819,Aadi,1981-07-27,M,B-,0,2018-10-12
10820,17,800,7,5,KGID110820,Benjamin,1998-09-03,M,O-,0,2003-11-03
10821,17,800,10,4,KGID110821,Gunbir,1999-08-02,M,O+,0,2002-10-17
10822,17,800,9,1,KGID110822,Lekha,1974-01-28,F,O+,0,2017-06-15
10823,17,800,6,3,KGID110823,Yash,1980-07-21,M,B+,0,2003-08-26
10824,17,800,10,4,KGID110824,Yashodhara,1996-09-24,F,B-,0,2014-10-21
10825,17,800,10,5,KGID110825,Lavanya,1979-09-06,F,B+,0,2019-03-28
10826,17,800,9,2,KGID110826,Kai,1970-11-06,M,B-,0,2016-07-05
10827,17,800,10,3,KGID110827,Azad,1968-05-06,M,O+,0,2015-11-17
10828,17,800,10,3,KGID110828,Viraj,1981-11-12,M,O-,1,2011-05-15
10829,17,800,10,5,KGID110829,Max,1984-06-15,M,B-,0,2019-06-26
10830,17,801,10,2,KGID110830,Tanay,1994-03-10,M,B+,0,2022-03-23
10831,17,801,9,2,KGID110831,Forum,1995-03-01,F,A+,0,2016-06-26
10832,17,801,9,3,KGID110832,Krisha,1976-04-03,F,B+,0,2002-08-27
10833,17,801,7,4,KGID110833,Daniel,1981-09-01,M,B+,0,2018-05-26
10834,17,801,6,5,KGID110834,Ikbal,2001-04-16,M,B-,0,2022-09-15
10835,17,801,6,2,KGID110835,Yoshita,1989-06-06,F,B+,0,1997-07-07
10836,17,801,5,5,KGID110836,Aarush,1994-06-16,M,O+,0,2005-07-06
10837,17,801,9,3,KGID110837,Raghav,1998-10-19,M,O+,0,2013-12-28
10838,17,801,7,2,KGID110838,Max,1976-05-24,M,AB+,0,2013-09-30
10839,17,801,10,5,KGID110839,Quincy,1993-09-20,M,O+,0,2014-10-08
10840,17,801,10,1,KGID110840,Aarnav,2001-04-15,M,B-,0,2016-09-25
10841,17,801,7,5,KGID110841,Rudra,1992-04-24,M,B-,0,2005-10-15
10842,17,801,7,1,KGID110842,Frado,1994-12-25,M,A-,0,2011-03-22
10843,17,801,5,5,KGID110843,Anthony,1981-07-22,M,O+,0,2016-12-23
10844,17,801,6,6,KGID110844,Anirudh,1975-05-05,M,A-,0,1999-11-05
10845,17,801,9,4,KGID110845,Udarsh,1994-01-11,M,O+,0,2015-07-28
10846,17,801,9,6,KGID110846,Joshua,1969-02-14,M,O+,0,2011-02-11
10847,17,801,10,3,KGID110847,Yashvi,1989-03-08,F,A-,0,1999-04-17
10848,17,801,7,4,KGID110848,Sathvik,1972-07-06,M,B+,0,2024-10-26
10849,17,801,6,5,KGID110849,Manthan,1986-09-20,M,B-,0,2021-01-24
10850,17,802,10,2,KGID110850,Hredhaan,1989-08-25,M,O-,0,1997-05-17
10851,17,802,6,1,KGID110851,Azad,1979-02-18,M,A-,0,2009-05-20
10852,17,802,5,4,KGID110852,Christopher,1975-10-04,M,B+,0,2001-05-29
10853,17,802,10,6,KGID110853,Charan,1988-06-12,M,B+,0,2017-10-18
10854,17,802,7,4,KGID110854,Baljiwan,2003-07-18,M,O-,0,2023-08-15
10855,17,802,9,2,KGID110855,Amol,1992-01-30,M,O-,0,2001-06-07
10856,17,802,9,2,KGID110856,Elijah,1986-03-23,M,A+,0,2007-03-24
10857,17,802,9,5,KGID110857,Michael,2000-11-15,M,A-,0,2005-01-08
10858,17,802,10,2,KGID110858,Teerth,1982-05-23,M,O+,0,2014-05-03
10859,17,802,9,6,KGID110859,Logan,1971-02-21,M,B+,0,2016-07-23
10860,17,803,10,5,KGID110860,Vanya,1995-04-07,F,O+,0,2008-09-19
10861,17,803,10,5,KGID110861,Jacob,1980-08-29,M,B-,0,2010-10-06
10862,17,803,6,5,KGID110862,Rachit,1969-10-29,M,B+,0,1998-01-02
10863,17,803,9,4,KGID110863,Xalak,1989-01-20,F,A-,0,1996-07-27
10864,17,803,10,1,KGID110864,Mason,1992-01-11,M,A+,0,2022-04-28
10865,17,803,10,3,KGID110865,Hitesh,1986-03-07,M,A+,0,2000-01-20
10866,17,803,10,1,KGID110866,Xavier,1977-10-15,M,B-,0,2019-03-03
10867,17,803,10,3,KGID110867,Yatin,1981-01-17,M,O-,0,2015-08-26
10868,17,803,5,1,KGID110868,Devansh,1974-09-14,M,B+,0,2011-08-16
10869,17,803,9,4,KGID110869,Rushil,1976-03-29,M,O-,0,2014-07-21
10870,17,804,5,6,KGID110870,Chakradhar,1995-10-12,M,B+,0,2009-08-16
10871,17,804,9,6,KGID110871,Suhani,1986-12-21,F,O-,0,2017-05-02
10872,17,804,9,3,KGID110872,Chatura,1971-04-20,M,A-,0,1997-02-09
10873,17,804,6,2,KGID110873,Kevin,1993-06-19,M,A+,0,2017-02-14
10874,17,804,9,2,KGID110874,Vrinda,1990-03-04,F,AB+,0,2014-05-24
10875,17,804,5,3,KGID110875,Hemangini,1977-02-06,F,O-,0,2024-07-31
10876,17,804,7,1,KGID110876,Yuvraj,1976-03-18,M,B-,0,2024-07-29
10877,17,804,7,1,KGID110877,Siya,1974-02-05,F,B+,0,1999-10-01
10878,17,804,10,1,KGID110878,Om,1972-04-26,M,AB+,0,1998-02-01
10879,17,804,9,2,KGID110879,Advik,1995-06-18,M,B-,0,2015-02-03
10880,17,804,10,2,KGID110880,Bina,1989-01-17,F,O+,0,2005-05-21
10881,17,804,10,6,KGID110881,Yashoda,1969-09-03,F,B-,0,2003-01-04
10882,17,804,6,4,KGID110882,Faras,1973-01-21,M,A-,0,1998-11-22
10883,17,804,6,1,KGID110883,Hardik,1992-10-18,M,B+,0,2007-07-07
10884,17,804,5,3,KGID110884,Pranav,1980-04-05,M,B+,0,2011-06-12
10885,17,804,10,3,KGID110885,Tanay,1970-03-13,M,AB+,0,2023-04-08
10886,17,804,7,2,KGID110886,Triya,1971-06-24,F,B+,0,2014-02-24
10887,17,805,10,3,KGID110887,Charan,1977-04-21,M,B-,0,1999-07-31
10888,17,805,6,3,KGID110888,Aadi,1993-09-22,M,B+,0,2024-12-18
10889,17,805,7,6,KGID110889,Yatin,1973-12-04,M,A+,0,2020-07-17
10890,17,805,10,2,KGID110890,Nicholas,1980-01-15,M,O+,0,2022-06-14
10891,17,805,10,3,KGID110891,Isaiah,1992-08-01,M,B+,0,2019-02-12
10892,17,805,6,6,KGID110892,Ekapad,1993-07-19,M,AB+,0,2020-12-03
10893,17,805,10,5,KGID110893,Matthew,1967-11-28,M,A-,0,2001-04-24
10894,17,805,10,4,KGID110894,Yashvi,1970-11-30,F,A+,0,2012-05-29
10895,17,805,10,5,KGID110895,Andrew,1986-01-13,M,A-,0,2011-04-19
10896,17,805,10,6,KGID110896,Nidra,1991-11-09,F,B-,0,2000-07-24
10897,17,805,10,2,KGID110897,Yagnesh,1967-11-11,M,O+,0,2013-10-03
10898,17,805,7,3,KGID110898,Hritik,1971-05-19,M,B+,0,2008-04-02
10899,17,805,5,1,KGID110899,Vivaan,1975-01-19,M,B-,0,2004-10-03
10900,17,805,10,5,KGID110900,Adweta,1979-09-03,F,B+,0,2014-01-11
10901,17,805,10,3,KGID110901,Raghav,1987-08-08,M,A-,0,2008-04-02
10902,17,805,10,3,KGID110902,Harita,1996-01-06,F,O+,0,2015-03-02
10903,17,805,7,4,KGID110903,Abhiram,1997-01-06,M,A-,0,2003-05-04
10904,17,805,9,2,KGID110904,Daksh,1989-12-14,M,O+,0,2022-12-16
10905,17,805,9,6,KGID110905,Zinal,1982-11-09,F,A+,0,2016-04-02
10906,18,806,9,4,KGID110906,Hardik,1981-11-24,M,O+,0,2006-05-21
10907,18,806,5,6,KGID110907,Luke,1977-06-29,M,A-,0,2007-02-09
10908,18,806,6,4,KGID110908,Jyoti,1992-10-05,F,A-,0,2023-02-27
10909,18,806,6,4,KGID110909,Chandani,1996-03-16,F,B+,0,1996-08-03
10910,18,806,7,1,KGID110910,Agastya,1999-07-25,M,O+,0,2005-11-24
10911,18,806,10,4,KGID110911,Isaac,1990-02-04,M,A-,0,2019-07-15
10912,18,806,9,3,KGID110912,Mahika,1967-11-08,F,A+,0,2012-10-24
10913,18,806,9,2,KGID110913,Ladli,1978-01-01,F,B-,0,1999-10-23
10914,18,806,10,4,KGID110914,Matthew,1993-08-04,M,A+,0,2000-08-26
10915,18,806,9,2,KGID110915,Nathan,1983-08-04,M,AB+,0,2000-09-23
10916,18,806,6,1,KGID110916,Vincent,2001-02-07,M,A+,0,2016-11-08
10917,18,806,9,3,KGID110917,Champak,1995-02-23,M,O-,0,2001-02-07
10918,18,807,10,5,KGID110918,Nihal,1967-08-28,M,O-,0,2000-05-10
10919,18,807,10,2,KGID110919,Tanish,1995-05-05,M,A+,0,2025-04-15
10920,18,807,10,6,KGID110920,Gunbir,1970-07-06,M,B-,0,2013-09-22
10921,18,807,6,3,KGID110921,Ayaan,1985-04-02,M,O-,0,2002-01-24
10922,18,807,9,6,KGID110922,Praneel,1984-04-28,M,A-,0,2002-07-15
10923,18,807,10,1,KGID110923,Dalbir,1992-11-05,M,B+,0,2006-08-31
10924,18,807,5,4,KGID110924,Harsh,1983-06-20,M,A-,0,2017-11-13
10925,18,807,7,6,KGID110925,Azaan,2000-01-12,M,A-,0,2001-01-26
10926,18,807,10,1,KGID110926,Udarsh,1970-07-31,M,AB+,0,1997-02-03
10927,18,807,10,2,KGID110927,Rushil,1972-09-01,M,B-,0,2013-07-02
10928,18,807,10,3,KGID110928,Bakhshi,1997-03-06,M,AB+,0,2006-03-02
10929,18,807,9,4,KGID110929,Ethan,1981-05-14,M,O-,0,2002-02-27
10930,18,807,5,1,KGID110930,Raghav,1989-02-11,M,AB+,0,2019-12-28
10931,18,807,10,5,KGID110931,Rushil,1985-05-04,M,B+,0,1997-11-10
10932,18,808,10,1,KGID110932,Nidra,1985-08-05,F,AB+,0,2005-01-13
10933,18,808,6,4,KGID110933,Falguni,1978-03-12,F,O+,0,2005-11-07
10934,18,808,9,1,KGID110934,Hemang,1977-06-21,M,A-,0,2008-12-24
10935,18,808,7,4,KGID110935,Patrick,1991-12-13,M,AB+,0,2007-05-12
10936,18,808,10,1,KGID110936,Nitesh,2002-03-19,M,A+,0,2024-01-07
10937,18,808,10,4,KGID110937,Chakradhar,1991-11-23,M,A+,0,2024-04-17
10938,18,808,10,1,KGID110938,Wyatt,1981-08-15,M,B+,0,2005-10-16
10939,18,808,10,6,KGID110939,Amol,1977-11-03,M,AB+,0,2012-03-03
10940,18,808,5,5,KGID110940,Onkar,1998-10-19,M,A+,0,2003-06-09
10941,18,808,10,1,KGID110941,Suhani,1987-06-23,F,O-,0,2001-02-03
10942,18,808,10,4,KGID110942,Girik,1994-03-02,M,A-,0,2024-07-06
10943,18,808,9,1,KGID110943,Advaith,1997-03-20,M,O-,0,2000-10-06
10944,18,808,9,4,KGID110944,Faqid,1987-07-02,M,O-,0,2015-04-23
10945,18,808,10,5,KGID110945,Prisha,1981-07-26,F,O+,0,2023-05-10
10946,18,809,7,4,KGID110946,Chameli,1982-07-02,F,B+,0,2025-01-27
10947,18,809,7,3,KGID110947,Naveen,1982-09-14,M,A+,0,2018-11-07
10948,18,809,10,5,KGID110948,Advaith,1986-10-01,M,O+,0,2013-08-09
10949,18,809,10,2,KGID110949,Tanveer,1990-05-23,M,A+,0,2004-02-25
10950,18,809,10,2,KGID110950,Yashasvi,1997-10-27,F,O-,0,2002-12-18
10951,18,809,7,5,KGID110951,Urvashi,1998-11-24,F,AB+,0,2005-02-27
10952,18,809,10,3,KGID110952,Ethan,1970-08-22,M,B-,0,2010-11-16
10953,18,809,6,6,KGID110953,Manbir,1990-12-18,M,O-,0,2021-10-30
10954,18,809,7,6,KGID110954,Naveen,1983-10-30,M,A-,0,1996-12-13
10955,18,809,6,5,KGID110955,Rachit,1974-06-23,M,O-,0,2021-07-03
10956,18,809,6,3,KGID110956,Wriddhish,1977-10-01,M,B+,0,2013-03-21
10957,18,809,10,2,KGID110957,Wazir,1984-04-14,M,B+,0,2005-07-04
10958,18,809,10,4,KGID110958,Zehaan,1993-10-23,M,B-,0,2001-09-12
10959,18,809,9,1,KGID110959,Agastya,1971-12-11,M,O-,0,2015-08-26
10960,18,809,10,1,KGID110960,Advik,1987-04-22,M,AB+,0,2013-03-12
10961,18,809,6,2,KGID110961,Fiyaz,2001-05-02,M,A+,0,2023-06-10
10962,18,809,10,4,KGID110962,Baljiwan,2001-01-06,M,O-,0,2000-02-03
10963,18,809,10,5,KGID110963,Ikshita,1991-03-05,F,B+,0,2014-10-01
10964,18,809,9,4,KGID110964,Banjeet,1993-01-16,M,B+,0,2007-12-23
10965,18,809,6,3,KGID110965,Jeet,1989-03-03,M,A-,0,1997-02-21
10966,18,810,6,4,KGID110966,Ryan,2000-12-10,M,AB+,0,2014-08-03
10967,18,810,10,5,KGID110967,Zashil,1968-02-25,M,AB+,0,2019-07-26
10968,18,810,7,5,KGID110968,Dakshesh,2000-01-13,M,O-,0,2010-04-16
10969,18,810,6,5,KGID110969,Samarth,1999-09-01,M,A+,0,2022-03-13
10970,18,810,10,6,KGID110970,Chandran,2000-02-11,M,AB+,0,2024-08-14
10971,18,810,6,5,KGID110971,Gunbir,1978-07-25,M,O+,0,2014-02-15
10972,18,810,5,6,KGID110972,Brinda,1980-08-03,F,A-,0,2006-07-02
10973,18,810,6,3,KGID110973,Viraj,1979-05-31,M,AB+,0,2003-02-14
10974,18,811,6,6,KGID110974,Onveer,1969-12-31,M,AB+,0,1997-10-11
10975,18,811,10,5,KGID110975,Omkaar,1981-05-01,M,B-,0,2008-04-21
10976,18,811,10,4,KGID110976,Kabir,1975-07-29,M,O-,0,2009-02-04
10977,18,811,7,4,KGID110977,Netra,2002-05-25,F,O-,0,2019-01-20
10978,18,811,10,6,KGID110978,Yochana,1986-03-31,F,A-,0,1996-12-19
10979,18,811,6,5,KGID110979,Mason,1971-05-30,M,O-,0,2019-01-30
10980,18,811,7,3,KGID110980,Vaishnavi,1988-08-09,F,B-,0,2013-03-17
10981,18,811,6,1,KGID110981,Joshua,1998-04-18,M,B-,0,2008-06-10
10982,18,811,6,2,KGID110982,Fiyaz,1980-07-04,M,AB+,0,2025-01-26
10983,18,812,5,3,KGID110983,Harita,1985-04-11,F,O+,0,2005-10-31
10984,18,812,5,2,KGID110984,Michael,1979-03-22,M,B+,0,2017-06-01
10985,18,812,7,3,KGID110985,Kai,1984-02-24,M,B-,0,2006-09-13
10986,18,812,10,2,KGID110986,Onveer,1972-09-12,M,B+,0,2009-10-09
10987,18,812,5,4,KGID110987,Hredhaan,1987-06-21,M,O-,0,2012-01-21
10988,18,812,10,5,KGID110988,Om,1972-07-05,M,B-,0,2004-02-20
10989,18,812,7,2,KGID110989,Jagdish,1986-10-07,M,O-,0,2008-11-17
10990,18,812,10,2,KGID110990,Tanish,1972-09-24,M,O-,0,2023-10-04
10991,18,812,10,5,KGID110991,Gaurav,1976-07-28,M,A+,0,1997-02-14
10992,18,812,9,1,KGID110992,Avi,1996-12-21,M,A+,0,2013-06-26
10993,18,812,10,1,KGID110993,Yoshita,1999-05-28,F,O+,0,1997-04-28
10994,18,812,9,2,KGID110994,Nicholas,1999-07-29,M,B+,0,2009-05-03
10995,18,812,10,5,KGID110995,Rudra,1984-11-04,M,A+,0,2006-01-03
10996,18,812,6,4,KGID110996,Chakradev,1989-06-13,M,O+,0,2023-09-11
10997,18,812,10,5,KGID110997,Ansh,1985-12-30,M,AB+,0,2012-02-21
10998,18,812,10,4,KGID110998,Jacob,1986-09-03,M,O-,0,2002-10-11
10999,18,812,7,1,KGID110999,Nihal,1970-11-07,M,O-,0,2011-10-10
11000,18,812,7,5,KGID111000,Daniel,1980-11-05,M,A-,0,2015-11-02
11001,18,812,9,3,KGID111001,Manbir,1981-06-04,M,O+,0,2003-08-10
11002,18,812,9,2,KGID111002,Pranit,1995-11-09,M,B+,0,2002-11-22
11003,18,813,10,3,KGID111003,Mitesh,1979-04-22,M,B+,0,2024-06-07
11004,18,813,10,1,KGID111004,Onkar,1975-03-01,M,O-,0,2009-01-29
11005,18,813,6,2,KGID111005,Girish,1983-11-21,M,O-,0,2003-03-26
11006,18,813,7,6,KGID111006,Dominic,2001-01-14,M,B-,0,2021-05-21
11007,18,813,10,1,KGID111007,Isaac,2000-10-08,M,AB+,0,1997-02-20
11008,18,813,9,4,KGID111008,Harinakshi,1969-10-09,F,A+,0,2024-12-16
11009,18,813,5,2,KGID111009,Amol,1985-12-18,M,AB+,0,2022-11-15
11010,18,813,9,1,KGID111010,Avi,1974-08-24,M,O-,0,2007-03-26
11011,18,813,10,4,KGID111011,Gaurangi,1973-10-26,F,A+,0,2022-03-07
11012,18,813,7,6,KGID111012,Jacob,1984-10-12,M,A-,0,2021-01-20
11013,18,813,9,6,KGID111013,Yash,1978-01-21,M,B-,0,2012-09-14
11014,18,813,9,3,KGID111014,Hemang,1993-06-11,M,O+,0,2016-08-23
11015,18,813,10,4,KGID111015,Brijesh,1975-07-15,M,O+,0,2000-08-03
11016,18,813,10,3,KGID111016,Gaurang,1974-01-27,M,B+,0,2009-08-09
11017,18,813,9,2,KGID111017,Yashvi,1987-02-10,F,B-,0,2008-04-14
11018,18,813,9,5,KGID111018,Brinda,1997-11-13,F,A-,0,2012-11-11
11019,18,813,10,3,KGID111019,Upkaar,1975-01-11,M,O+,0,2023-05-07
11020,18,813,7,3,KGID111020,Arin,1973-07-16,M,B+,0,1999-05-26
11021,18,814,9,5,KGID111021,Yash,2001-04-05,M,AB+,0,2018-05-16
11022,18,814,6,4,KGID111022,Harrison,1986-08-03,M,A-,0,2015-11-19
11023,18,814,10,6,KGID111023,Bahadurjit,1969-03-19,M,O-,0,2019-11-22
11024,18,814,10,5,KGID111024,Zayyan,1972-09-03,M,A-,0,2023-03-09
11025,18,814,5,4,KGID111025,Hemangini,1993-01-26,F,A-,0,1996-08-28
11026,18,814,10,3,KGID111026,Krish,1995-12-03,M,O-,0,2011-07-29
11027,18,814,6,1,KGID111027,Rachita,1980-11-20,F,B-,0,2001-04-18
11028,18,814,7,6,KGID111028,Arya,1968-03-07,F,O+,0,2024-05-28
11029,18,815,7,6,KGID111029,Rayaan,1973-05-06,M,O+,0,2009-11-24
11030,18,815,6,4,KGID111030,Charles,1969-09-17,M,B-,0,2016-04-10
11031,18,815,6,2,KGID111031,Pratyush,1996-06-15,M,O+,0,2003-01-22
11032,18,815,9,1,KGID111032,Wriddhish,1989-04-19,M,A+,0,2003-03-23
11033,18,815,6,1,KGID111033,Onkar,2002-10-20,M,AB+,0,2015-11-26
11034,18,815,7,3,KGID111034,Harshil,1974-05-04,M,A-,0,2007-07-09
11035,18,815,10,5,KGID111035,Onveer,1981-10-15,M,B-,0,2015-11-19
11036,18,815,10,5,KGID111036,Saksham,1973-08-19,M,O+,0,1997-10-06
11037,18,815,6,4,KGID111037,Ekapad,1997-04-29,M,A+,0,2018-07-05
11038,18,815,10,6,KGID111038,Anmol,2001-12-30,M,A-,0,2017-12-31
11039,18,815,7,6,KGID111039,Arunima,2000-12-03,F,A-,0,2019-04-19
11040,18,815,10,3,KGID111040,Hritik,1998-05-31,M,A-,0,2003-09-28
11041,18,815,10,4,KGID111041,Ayushman,1991-09-08,M,B+,0,2017-12-27
11042,18,815,9,3,KGID111042,Upkaar,2002-03-07,M,B+,0,2009-08-02
11043,18,815,10,1,KGID111043,Siddharth,1976-05-13,M,O-,0,2003-03-15
11044,18,815,9,5,KGID111044,Baljiwan,1986-08-01,M,AB+,0,2024-02-27
11045,18,815,7,5,KGID111045,Veer,2003-04-05,M,O+,0,1996-10-13
11046,18,816,10,3,KGID111046,Tanveer,1977-01-19,M,B+,0,2010-09-15
11047,18,816,10,6,KGID111047,Rushil,1992-10-16,M,A-,0,2011-08-20
11048,18,816,6,1,KGID111048,Garima,1971-09-14,F,O-,0,2015-05-05
11049,18,816,10,6,KGID111049,Ojas,1982-04-24,M,B+,1,1999-08-27
11050,18,816,5,6,KGID111050,Ansh,1993-05-17,M,AB+,0,1998-03-12
11051,18,816,10,1,KGID111051,Imaran,1997-09-06,M,AB+,0,2016-03-20
11052,18,816,10,1,KGID111052,Atharv,1990-08-25,M,A+,0,2009-10-26
11053,18,816,7,3,KGID111053,Falan,1991-03-22,M,O+,0,2002-05-04
11054,18,816,7,2,KGID111054,Ranbir,1970-06-04,M,A+,0,2000-06-24
11055,18,816,7,1,KGID111055,Sathvik,1989-08-12,M,B-,0,1997-07-13
11056,18,816,10,2,KGID111056,Meghana,1993-10-20,F,B-,0,2007-02-27
11057,18,816,10,2,KGID111057,Peter,2002-07-07,M,B+,0,2004-03-26
11058,18,816,6,4,KGID111058,Bakhshi,1972-08-11,M,A+,0,2021-04-19
11059,18,816,6,6,KGID111059,Anjali,1993-03-29,F,O-,0,2016-07-01
11060,18,816,5,1,KGID111060,Fariq,2002-05-09,M,B-,0,2012-07-24
11061,18,816,7,3,KGID111061,Quincy,1986-10-08,M,O+,0,2003-04-03
11062,18,816,10,6,KGID111062,Christopher,1978-05-22,M,O+,0,2006-08-19
11063,18,816,7,4,KGID111063,Saanvi,1983-05-29,F,B-,0,2020-10-14
11064,18,816,10,3,KGID111064,Yasti,1993-09-26,F,AB+,0,2015-01-19
11065,18,817,10,1,KGID111065,Eesha,1970-08-16,F,A-,0,2024-07-11
11066,18,817,10,2,KGID111066,Guneet,1972-08-27,M,O+,0,2019-11-20
11067,18,817,6,6,KGID111067,Gopal,1991-07-06,M,AB+,0,2022-07-13
11068,18,817,7,4,KGID111068,Naveen,1981-04-04,M,B-,0,2007-09-15
11069,18,817,6,4,KGID111069,Baljiwan,1969-02-28,M,A+,0,1999-06-11
11070,18,817,10,4,KGID111070,Sara,1974-10-31,F,B-,1,2008-05-23
11071,18,817,10,4,KGID111071,Alexander,1980-07-05,M,A-,0,2007-05-17
11072,18,817,9,3,KGID111072,Umang,1969-05-11,M,B-,0,2006-02-05
11073,18,817,10,5,KGID111073,Yug,1992-07-24,M,A-,0,2006-03-03
11074,18,817,6,2,KGID111074,Abhiram,1969-04-08,M,B+,0,2000-07-04
11075,18,817,9,1,KGID111075,Yashodhara,1971-12-31,F,B-,0,2014-01-02
11076,18,817,7,1,KGID111076,Jairaj,1980-09-13,M,B-,0,2012-03-14
11077,18,817,9,5,KGID111077,Ansh,1988-12-03,M,O+,0,2005-02-19
11078,18,817,9,4,KGID111078,Upkaar,1971-06-15,M,A+,0,2015-02-25
11079,18,817,9,6,KGID111079,Radha,1973-09-24,F,B+,0,2005-03-21
11080,18,817,10,6,KGID111080,Kiaan,1980-07-13,M,B+,0,2024-04-14
11081,18,817,9,6,KGID111081,Tanay,1986-04-07,M,B-,0,2024-10-14
11082,18,817,9,5,KGID111082,Jeet,1974-09-24,M,A+,0,2009-08-13
11083,18,817,10,1,KGID111083,Maanas,2000-11-13,M,A-,0,2024-03-26
11084,18,818,10,1,KGID111084,Vihaan,1972-06-02,M,A+,0,1999-12-29
11085,18,818,9,3,KGID111085,Riya,1975-10-29,F,AB+,0,2025-06-13
11086,18,818,9,5,KGID111086,Zehaan,1985-02-25,M,AB+,0,2003-02-19
11087,18,818,10,2,KGID111087,Anmol,1985-12-05,M,B+,0,1999-03-26
11088,18,818,7,3,KGID111088,Hitesh,1973-08-26,M,B+,0,2014-03-16
11089,18,818,10,1,KGID111089,Qabil,1980-10-07,M,O-,1,2014-10-03
11090,18,818,10,6,KGID111090,Upkaar,1982-04-29,M,A+,0,2019-09-02
11091,18,818,10,1,KGID111091,Lakshit,1989-11-14,M,O-,0,2023-08-26
11092,18,818,6,5,KGID111092,Oni,2003-04-12,F,B+,0,2018-01-13
11093,18,818,7,6,KGID111093,Wridesh,1984-02-27,M,AB+,0,2004-07-18
11094,18,818,10,3,KGID111094,Zayyan,2001-03-07,M,O+,0,2011-10-22
11095,18,818,10,3,KGID111095,Rachita,2002-03-12,F,A+,0,2003-09-09
11096,18,818,10,4,KGID111096,Dev,1980-08-31,M,O-,0,2023-08-12
11097,18,818,10,4,KGID111097,Brijesh,1973-11-05,M,B+,0,2012-05-23
11098,18,818,9,3,KGID111098,Imaran,1998-07-08,M,O+,0,1997-07-18
11099,18,818,10,1,KGID111099,Abdul,1999-08-03,M,O-,0,2004-03-05
11100,18,818,10,2,KGID111100,Sai,1968-12-23,F,O-,0,2010-08-22
11101,18,819,10,6,KGID111101,Sarthak,1985-02-13,M,AB+,0,2020-08-10
11102,18,819,6,5,KGID111102,Aayush,1987-08-10,M,AB+,0,1998-07-09
11103,18,819,7,4,KGID111103,Charles,1976-04-09,M,B-,0,2018-01-31
11104,18,819,9,1,KGID111104,Zaid,1993-07-30,M,A-,0,2005-11-13
11105,18,819,9,5,KGID111105,Leena,1999-12-15,F,A-,0,2003-10-10
11106,18,819,10,3,KGID111106,Qasim,1983-12-30,M,O+,0,2011-03-31
11107,18,819,5,3,KGID111107,Devika,1975-10-31,F,O-,0,2023-01-17
11108,18,819,10,1,KGID111108,Neel,1970-02-04,M,O+,0,1997-04-21
11109,18,819,7,3,KGID111109,Banjeet,1970-04-09,M,A+,0,2004-07-28
11110,18,819,10,4,KGID111110,Vedant,1992-01-17,M,A-,0,2002-09-05
11111,18,819,7,5,KGID111111,Abhimanyu,2000-05-04,M,AB+,0,2014-10-28
11112,18,820,9,2,KGID111112,Dakshesh,1974-11-08,M,O+,0,2009-11-24
11113,18,820,10,5,KGID111113,Maanas,2001-03-17,M,O-,0,2003-04-02
11114,18,820,9,3,KGID111114,Rajata,1985-08-30,F,O-,0,2023-10-17
11115,18,820,10,4,KGID111115,Nachiket,1981-03-20,M,O-,0,2015-03-01
11116,18,820,7,5,KGID111116,Abhiram,2000-03-03,M,AB+,0,2024-08-17
11117,18,820,10,2,KGID111117,Nicholas,1993-06-11,M,B-,0,2008-11-07
11118,18,820,6,6,KGID111118,Kritika,1977-02-12,F,A+,0,2006-09-04
11119,18,820,10,4,KGID111119,Leena,1990-09-27,F,AB+,0,2015-12-14
11120,18,820,10,1,KGID111120,Ranveer,1969-01-25,M,A+,0,2012-11-07
11121,18,820,7,3,KGID111121,Vasana,1983-06-29,F,B+,0,2007-09-08
11122,18,820,7,1,KGID111122,Upasna,2000-10-06,F,A-,0,2000-06-21
11123,18,820,6,2,KGID111123,Mohammed,1991-08-18,M,B-,0,2017-12-04
11124,18,821,7,3,KGID111124,Wahab,1987-10-29,M,B-,0,2023-02-13
11125,18,821,7,1,KGID111125,Chandresh,1997-05-05,M,AB+,0,2022-11-04
11126,18,821,10,1,KGID111126,Qadim,1975-10-04,M,B+,0,2015-01-28
11127,18,821,10,3,KGID111127,Bakhshi,1977-12-16,M,AB+,0,2000-11-11
11128,18,821,6,3,KGID111128,Ryan,1993-12-06,M,AB+,0,2016-11-30
11129,18,821,7,6,KGID111129,Krish,2002-06-16,M,A-,0,2011-06-14
11130,18,821,5,3,KGID111130,Udarsh,1983-06-23,M,O-,0,2015-11-17
11131,18,821,9,6,KGID111131,Vihaan,1987-12-01,M,O+,0,2024-03-19
11132,18,821,10,3,KGID111132,Devansh,1994-03-25,M,O-,0,2013-02-28
11133,18,821,5,3,KGID111133,Charles,1968-12-17,M,AB+,0,2001-03-01
11134,18,821,10,4,KGID111134,Keya,1999-09-29,F,A-,0,2017-11-23
11135,18,821,7,6,KGID111135,Chanchal,1980-10-08,F,B-,0,2007-10-22
11136,18,822,9,6,KGID111136,Umang,1982-09-19,M,O-,0,2002-12-27
11137,18,822,10,2,KGID111137,Advaith,1990-04-07,M,O-,0,2004-12-18
11138,18,822,10,5,KGID111138,Rohan,1972-12-20,M,O-,0,2014-05-14
11139,18,822,5,5,KGID111139,Baghyawati,1974-01-27,F,A-,0,2008-07-25
11140,18,822,10,4,KGID111140,Sai,1979-12-23,M,O-,0,2015-05-18
11141,18,822,5,3,KGID111141,Kevin,1999-03-04,M,B+,0,1998-09-29
11142,18,822,7,1,KGID111142,Daniel,1968-04-23,M,B-,0,2025-02-20
11143,18,822,6,2,KGID111143,Zehaan,1982-01-02,M,B+,0,1999-08-16
11144,18,822,10,3,KGID111144,Hiral,1991-03-19,F,AB+,0,2010-06-24
11145,18,822,5,5,KGID111145,Kalpit,1981-03-01,M,AB+,0,2007-08-03
11146,18,822,10,3,KGID111146,Devansh,1974-09-15,M,O-,0,2019-03-14
11147,18,822,9,6,KGID111147,Yug,1986-06-26,M,A-,0,2005-04-23
11148,18,822,10,5,KGID111148,Ryan,2000-11-17,M,AB+,0,2021-10-04
11149,18,823,7,5,KGID111149,Zayan,1988-06-05,M,AB+,0,2010-08-15
11150,18,823,10,6,KGID111150,Yuvraj,1991-06-20,M,O-,0,2008-11-25
11151,18,823,10,1,KGID111151,Rishi,1992-04-06,M,O+,0,2015-03-29
11152,18,823,10,6,KGID111152,Aarna,1978-06-15,F,B+,0,2017-04-27
11153,18,823,9,6,KGID111153,Tara,1975-02-08,F,O+,0,2012-02-01
11154,18,823,9,5,KGID111154,Radha,1975-02-16,F,B-,0,2015-01-29
11155,18,823,6,2,KGID111155,Jatin,1998-01-17,M,O-,1,2020-04-12
11156,18,823,9,3,KGID111156,Xavier,1976-02-17,M,A-,0,2001-11-09
11157,18,823,5,1,KGID111157,Sai,1971-02-25,M,O-,0,2021-07-16
11158,18,823,7,1,KGID111158,Hemang,1992-10-01,M,B+,0,2021-09-27
11159,18,823,6,4,KGID111159,Caleb,1976-12-11,M,B-,0,2000-08-04
11160,18,823,10,6,KGID111160,Daniel,1992-11-07,M,B+,0,2001-12-13
11161,18,823,9,1,KGID111161,Ryan,1985-10-07,M,O-,0,2009-12-09
11162,18,823,6,4,KGID111162,Advika,1970-01-12,F,B+,0,2024-05-16
11163,18,824,6,5,KGID111163,Manan,1967-12-09,M,O-,0,2020-02-13
11164,18,824,7,3,KGID111164,Neelima,1995-07-20,F,B-,0,2012-06-10
11165,18,824,9,1,KGID111165,Keya,1996-04-23,F,A+,0,2014-12-08
11166,18,824,9,3,KGID111166,Mohammed,1975-04-06,M,A-,0,1998-02-01
11167,18,824,10,1,KGID111167,Warjas,2000-05-24,M,AB+,0,1999-11-12
11168,18,824,7,4,KGID111168,Madhavi,1968-12-05,F,B-,0,2008-09-11
11169,18,824,10,3,KGID111169,Shivansh,1991-09-22,M,B-,0,2010-10-29
11170,18,824,6,5,KGID111170,Kamala,1973-08-30,F,AB+,0,2018-07-04
11171,18,824,10,6,KGID111171,Fariq,1993-01-27,M,B-,0,2020-10-22
11172,18,824,10,4,KGID111172,Akshay,1983-02-04,M,A+,0,2025-03-26
11173,18,824,5,3,KGID111173,Samar,1975-08-12,M,B-,0,2012-11-23
11174,18,824,7,4,KGID111174,Samaksh,2001-03-31,M,B+,0,2009-10-02
11175,18,824,10,5,KGID111175,Amruta,1969-05-15,F,O+,0,2004-05-28
11176,18,824,10,4,KGID111176,Onveer,1990-07-06,M,A+,0,2022-06-18
11177,18,824,9,2,KGID111177,Krishna,1979-11-02,M,O-,0,2012-04-24
11178,18,824,7,4,KGID111178,Neelima,1986-09-05,F,AB+,0,2010-03-25
11179,18,824,7,4,KGID111179,Chaitanya,1975-07-04,M,B-,0,2022-05-05
11180,18,824,9,5,KGID111180,Teerth,1985-04-27,M,O-,0,2015-08-04
11181,18,824,10,3,KGID111181,Omkaar,1981-10-29,M,B+,0,2001-10-02
11182,18,824,10,2,KGID111182,Vyanjana,1972-09-14,F,A+,0,2024-04-05
11183,18,825,9,5,KGID111183,Tanveer,1992-12-20,M,B-,0,2002-07-14
11184,18,825,7,3,KGID111184,Ethan,1999-12-27,M,AB+,0,2020-03-27
11185,18,825,9,6,KGID111185,Caleb,1995-06-14,M,A-,0,2004-05-21
11186,18,825,9,5,KGID111186,Rehaan,1996-10-20,M,B-,0,2010-01-15
11187,18,825,9,5,KGID111187,Vritti,2001-04-22,F,AB+,0,1998-11-23
11188,18,825,10,2,KGID111188,Aarav,1983-10-23,M,A+,0,2006-06-14
11189,18,825,10,5,KGID111189,Isaiah,1978-11-16,M,O-,0,2008-10-25
11190,18,825,10,6,KGID111190,Rushil,1987-08-01,M,B+,0,2008-06-01
11191,18,826,7,4,KGID111191,Kritika,1978-11-05,F,A-,0,2001-04-19
11192,18,826,10,6,KGID111192,Kavya,1988-11-07,F,B-,0,1997-08-23
11193,18,826,10,5,KGID111193,Madhavi,1990-08-17,F,B+,0,2004-01-18
11194,18,826,10,1,KGID111194,Niharika,1983-07-26,F,A-,0,2010-03-18
11195,18,826,10,4,KGID111195,Zashil,1999-05-16,M,O+,0,2019-02-19
11196,18,826,10,4,KGID111196,Harshil,1982-06-24,M,O+,0,2003-06-03
11197,18,826,10,1,KGID111197,Jeremiah,1981-08-14,M,A-,0,2005-06-21
11198,18,826,10,6,KGID111198,Harita,1998-10-16,F,B-,0,1997-12-26
11199,18,826,10,5,KGID111199,Onveer,1979-12-14,M,B+,0,2021-09-14
11200,18,826,10,6,KGID111200,Liam,1982-06-23,M,O+,0,1999-11-11
11201,18,826,10,5,KGID111201,Jonathan,2003-05-31,M,B+,0,2005-07-06
11202,18,826,10,1,KGID111202,Bhavna,1988-12-22,F,A+,0,1999-04-21
11203,18,826,9,6,KGID111203,Gunbir,1969-02-06,M,A-,0,2009-12-06
11204,18,827,9,6,KGID111204,Joshua,1979-04-16,M,A-,0,2002-10-19
11205,18,827,10,4,KGID111205,Gavin,1997-04-29,M,A-,0,2016-11-16
11206,18,827,7,6,KGID111206,Bimala,1988-02-21,F,B+,0,2017-11-08
11207,18,827,10,5,KGID111207,Frado,1997-12-27,M,B+,0,1997-01-14
11208,18,827,6,5,KGID111208,Praneel,1979-05-20,M,A-,0,2010-08-19
11209,18,827,10,5,KGID111209,Imaran,1977-01-06,M,O-,0,2010-10-20
11210,18,827,10,4,KGID111210,Teerth,1980-07-18,M,B+,0,2019-11-13
11211,18,827,5,1,KGID111211,Daniel,1974-12-22,M,AB+,0,2019-11-06
11212,18,827,10,1,KGID111212,Jagat,1995-10-18,M,AB+,0,2009-03-19
11213,18,827,6,6,KGID111213,Finn,1970-11-06,M,A-,0,2023-10-25
11214,18,827,9,6,KGID111214,Agastya,1970-07-24,M,B-,0,1996-08-05
11215,18,827,9,1,KGID111215,Peter,1978-10-30,M,AB+,0,2003-10-05
11216,18,827,6,4,KGID111216,Zayan,1969-05-31,M,A+,0,2002-01-02
11217,18,827,6,2,KGID111217,Geetika,1969-09-30,F,A-,0,2011-07-07
11218,18,828,10,5,KGID111218,Anirudh,1975-07-05,M,AB+,0,2016-09-12
11219,18,828,10,6,KGID111219,Anita,1997-04-22,F,B-,0,2002-11-18
11220,18,828,6,4,KGID111220,Mohammed,1999-09-05,M,AB+,0,2015-12-23
11221,18,828,10,5,KGID111221,Karan,1977-03-10,M,O-,0,2015-02-07
11222,18,828,7,6,KGID111222,Yug,2003-03-22,M,A-,0,2006-04-15
11223,18,828,10,5,KGID111223,Gavin,1978-08-20,M,A+,0,2023-11-09
11224,18,828,10,4,KGID111224,Raghav,2002-02-09,M,A-,0,2009-06-21
11225,18,828,9,2,KGID111225,Yagnesh,1985-04-03,M,A+,0,1997-03-08
11226,18,828,10,6,KGID111226,Ekapad,1979-02-16,M,AB+,0,2014-06-23
11227,18,828,10,1,KGID111227,Azaan,1998-11-10,M,B-,0,2004-01-24
11228,18,828,5,6,KGID111228,Wahab,1974-08-28,M,AB+,0,2015-10-06
11229,18,828,10,5,KGID111229,Xavier,1984-09-22,M,O+,0,1997-08-28
11230,18,828,9,4,KGID111230,Neel,1975-12-08,M,O-,0,2012-11-24
11231,18,828,9,1,KGID111231,Noah,1984-05-24,M,AB+,0,1999-03-29
11232,18,828,9,3,KGID111232,Vivaan,1999-04-30,M,AB+,0,2016-03-05
11233,18,828,9,4,KGID111233,Brijesh,1976-12-17,M,O-,0,2001-11-22
11234,18,828,7,3,KGID111234,Vihaan,1982-12-19,M,A+,0,1998-12-08
11235,18,828,6,6,KGID111235,Bahadurjit,1971-05-03,M,O+,0,2002-10-09
11236,18,828,7,3,KGID111236,Mohammed,1989-01-13,M,A-,0,2012-08-10
11237,18,828,10,5,KGID111237,Om,1977-07-20,M,O-,0,2021-04-08
11238,18,829,6,6,KGID111238,Jeremiah,1975-02-10,M,A-,0,2010-08-28
11239,18,829,10,3,KGID111239,Anthony,1971-04-03,M,B-,0,2005-05-16
11240,18,829,6,5,KGID111240,Rushil,1983-01-09,M,A+,0,1997-05-04
11241,18,829,7,3,KGID111241,Jason,1974-11-04,M,B-,0,2021-07-29
11242,18,829,10,3,KGID111242,Hredhaan,1989-07-22,M,O-,0,2005-03-28
11243,18,829,6,5,KGID111243,Zarna,1986-09-13,F,A-,0,2025-07-08
11244,18,829,9,6,KGID111244,Gavin,1993-08-24,M,A-,0,2018-06-03
11245,18,829,10,2,KGID111245,Udant,1978-02-02,M,B+,0,2014-08-15
11246,18,829,6,6,KGID111246,Joshua,1990-04-29,M,B-,0,2018-11-28
11247,18,829,6,2,KGID111247,Forum,1994-02-21,F,A+,0,2012-06-22
11248,18,829,10,3,KGID111248,Girindra,1994-10-28,M,B-,0,2001-12-27
11249,18,829,6,5,KGID111249,Anamika,1971-09-01,F,AB+,0,1998-01-05
11250,18,829,7,2,KGID111250,William,1989-08-30,M,O-,0,1998-09-20
11251,18,829,10,3,KGID111251,Theodore,1989-01-21,M,O+,0,2016-12-20
11252,18,829,9,6,KGID111252,Logan,2002-06-11,M,A+,0,1998-02-16
11253,18,829,6,1,KGID111253,Oscar,2003-01-01,M,B+,0,2013-04-27
11254,18,830,6,1,KGID111254,Ekalinga,2001-12-29,M,A+,0,2015-06-11
11255,18,830,6,6,KGID111255,Udyati,1979-11-27,F,A+,0,2024-04-27
11256,18,830,6,3,KGID111256,Ayush,1978-01-18,M,A-,0,2022-01-02
11257,18,830,7,2,KGID111257,Vihaan,1999-07-20,M,O-,0,2000-04-15
11258,18,830,6,3,KGID111258,Ekavir,1979-03-17,M,B+,0,2000-07-29
11259,18,830,10,5,KGID111259,Nathaniel,2001-04-29,M,A-,0,2009-06-28
11260,18,830,10,5,KGID111260,Parth,1969-03-22,M,A-,0,2012-02-25
11261,18,830,10,5,KGID111261,Omkaar,1981-09-17,M,A-,0,2013-09-26
11262,18,831,10,4,KGID111262,Dalbir,1987-12-29,M,A-,0,2008-06-18
11263,18,831,9,3,KGID111263,Hamsini,1984-11-02,F,B-,0,2000-01-13
11264,18,831,9,6,KGID111264,Anirudh,1973-03-15,M,A+,0,2024-02-23
11265,18,831,6,4,KGID111265,Harsh,1973-07-01,M,A+,0,2002-10-08
11266,18,831,10,4,KGID111266,Peter,1975-08-29,M,O+,0,2001-03-03
11267,18,831,9,1,KGID111267,Raagini,2003-03-01,F,AB+,0,2025-04-05
11268,18,831,7,5,KGID111268,Yauvani,1970-07-12,F,O-,0,2007-11-30
11269,18,831,10,3,KGID111269,Shivani,1977-01-22,F,O+,0,2001-05-16
11270,18,832,6,5,KGID111270,Inaya,1969-05-02,F,A-,0,2007-09-18
11271,18,832,10,5,KGID111271,Vidhi,1987-01-19,F,A-,0,2005-09-19
11272,18,832,7,2,KGID111272,Advik,1978-07-05,M,A-,0,2014-05-12
11273,18,832,10,3,KGID111273,Wridesh,1974-06-23,M,A+,0,2022-09-21
11274,18,832,9,2,KGID111274,Devika,1989-09-22,F,B-,0,2012-01-15
11275,18,832,7,1,KGID111275,Faras,1990-09-20,M,O+,0,2004-04-20
11276,18,832,7,5,KGID111276,Nitesh,1988-04-16,M,A-,0,2022-10-06
11277,18,832,6,1,KGID111277,Advay,1996-05-04,M,A-,0,2018-12-31
11278,18,832,10,2,KGID111278,Kabir,1983-12-15,M,A-,0,2018-09-21
11279,18,832,10,3,KGID111279,Dipta,1986-03-02,F,AB+,0,2000-06-07
11280,18,832,6,6,KGID111280,Nathaniel,1988-11-12,M,O-,0,2009-06-07
11281,18,832,10,5,KGID111281,David,1981-09-02,M,AB+,0,2012-10-10
11282,18,832,10,4,KGID111282,Qarin,1979-12-14,M,B+,0,2004-01-13
11283,18,832,6,1,KGID111283,Neha,1986-12-05,F,O-,0,2018-08-09
11284,18,832,9,3,KGID111284,Manya,1994-07-07,F,O+,0,2014-12-01
11285,18,833,6,2,KGID111285,Ikbal,1997-04-19,M,O-,0,2007-08-01
11286,18,833,7,2,KGID111286,Ranbir,1994-12-02,M,O+,0,2005-10-10
11287,18,833,10,4,KGID111287,Chandresh,1989-06-29,M,AB+,0,2024-11-29
11288,18,833,6,1,KGID111288,Sudiksha,1987-07-27,F,O+,0,1998-12-18
11289,18,833,6,6,KGID111289,Janani,1983-02-06,F,O+,0,2023-02-08
11290,18,833,9,5,KGID111290,Qadim,1986-06-30,M,B+,0,2007-11-24
11291,18,833,7,2,KGID111291,Alexander,1979-11-02,M,A-,0,1997-07-04
11292,18,833,9,2,KGID111292,Kai,1971-06-22,M,AB+,0,2010-04-14
11293,18,833,9,6,KGID111293,Akshay,1969-11-22,M,B+,0,2005-04-17
11294,19,834,7,5,KGID111294,Victor,2002-03-17,M,B-,0,1996-08-19
11295,19,834,6,5,KGID111295,Rohan,1976-10-17,M,A+,0,2001-09-24
11296,19,834,6,3,KGID111296,Rehaan,1996-07-23,M,AB+,0,2002-11-01
11297,19,834,6,2,KGID111297,Sarthak,1978-12-04,M,O+,0,2006-03-11
11298,19,834,10,1,KGID111298,Hredhaan,1976-06-19,M,O-,0,2006-08-03
11299,19,834,10,4,KGID111299,Harsh,1978-03-21,M,O-,0,2012-01-11
11300,19,834,9,6,KGID111300,Hredhaan,1995-11-17,M,A-,0,2016-09-23
11301,19,834,6,2,KGID111301,Qasim,1982-08-11,M,A+,0,2011-03-13
11302,19,834,10,3,KGID111302,Indira,1988-04-07,F,O+,0,2013-04-14
11303,19,834,9,1,KGID111303,Banjeet,1975-12-21,M,B+,0,2022-04-08
11304,19,835,7,2,KGID111304,Xiti,1979-02-06,F,A-,0,2014-05-24
11305,19,835,6,4,KGID111305,Samaksh,1983-06-11,M,O+,0,2013-04-18
11306,19,835,9,4,KGID111306,Upadhriti,1973-10-31,F,O-,0,2013-12-19
11307,19,835,5,5,KGID111307,David,1981-05-11,M,A+,0,2003-04-14
11308,19,835,6,5,KGID111308,Daksh,1979-09-06,M,B-,0,2010-03-17
11309,19,835,7,5,KGID111309,Vasana,1999-06-28,F,A+,0,2001-01-10
11310,19,835,6,1,KGID111310,Chavvi,1969-01-06,F,A+,0,1997-02-26
11311,19,835,7,6,KGID111311,Faras,1986-02-27,M,B-,0,2006-04-18
11312,19,835,9,5,KGID111312,Michael,2003-07-14,M,B-,0,2000-07-09
11313,19,835,9,6,KGID111313,Mitesh,1984-04-24,M,O-,0,2015-12-02
11314,19,835,6,3,KGID111314,Hemangini,1986-05-31,F,A-,0,2013-03-02
11315,19,836,7,6,KGID111315,Abdul,1979-05-01,M,O-,0,2006-03-16
11316,19,836,10,4,KGID111316,Ishani,1988-10-22,F,A+,0,2015-04-16
11317,19,836,10,1,KGID111317,Aarush,1998-01-16,M,AB+,0,2018-03-26
11318,19,836,6,3,KGID111318,Ekaraj,1968-04-03,M,AB+,0,2005-08-19
11319,19,836,10,5,KGID111319,Bimala,1993-09-26,F,A-,0,2022-04-11
11320,19,836,10,3,KGID111320,Vyanjana,1969-07-27,F,B+,0,2024-10-12
11321,19,836,10,4,KGID111321,Aarush,1996-12-23,M,O-,0,2021-04-26
11322,19,836,9,3,KGID111322,Chaitanya,1981-05-10,M,A-,0,2017-07-30
11323,19,836,10,3,KGID111323,Nathaniel,1997-09-19,M,O-,0,2025-04-01
11324,19,836,6,1,KGID111324,Finn,2000-11-05,M,O-,0,2024-01-08
11325,19,836,10,3,KGID111325,David,1989-07-27,M,A-,0,2000-04-21
11326,19,836,10,6,KGID111326,Wriddhish,1984-06-25,M,AB+,0,2012-02-29
11327,19,836,10,5,KGID111327,Dhruv,1995-12-02,M,B+,0,1999-05-28
11328,19,836,9,1,KGID111328,Hardik,1988-08-12,M,B-,0,2007-12-21
11329,19,836,10,3,KGID111329,Avi,1975-03-22,M,A+,0,2013-10-05
11330,19,836,5,3,KGID111330,Nicholas,1978-04-22,M,AB+,0,1999-02-03
11331,19,836,10,1,KGID111331,Atharv,1998-06-13,M,B+,0,2020-06-17
11332,19,836,10,3,KGID111332,Rohan,1976-08-12,M,AB+,0,2015-02-19
11333,19,836,10,2,KGID111333,Jairaj,1972-04-03,M,B-,0,2019-10-23
11334,19,836,6,6,KGID111334,Parth,1976-08-15,M,A+,0,2016-08-16
11335,19,837,7,4,KGID111335,Timothy,1977-09-27,M,A-,0,2023-06-11
11336,19,837,9,3,KGID111336,Yatin,1996-07-29,M,B-,0,2021-05-04
11337,19,837,6,3,KGID111337,Zansi,1988-12-19,F,B-,0,1999-02-03
11338,19,837,7,3,KGID111338,Theodore,1996-01-10,M,B-,0,2015-01-13
11339,19,837,10,4,KGID111339,Darsh,1988-11-16,M,O+,0,2013-11-22
11340,19,837,9,5,KGID111340,Yatan,1994-03-19,M,AB+,0,2025-06-21
11341,19,837,10,4,KGID111341,Gagan,1969-01-03,M,O+,0,2000-12-19
11342,19,837,9,1,KGID111342,Nathan,1969-12-09,M,AB+,0,2018-05-15
11343,19,837,7,3,KGID111343,Gautami,1975-09-03,F,B+,0,2012-06-29
11344,19,837,10,3,KGID111344,Fiyaz,1969-12-25,M,O+,0,2012-06-12
11345,19,837,6,6,KGID111345,Ishaan,1988-06-21,M,B+,0,2012-05-11
11346,19,837,10,4,KGID111346,Joshua,1999-05-10,M,B+,0,2024-09-08
11347,19,837,10,4,KGID111347,Gunbir,1996-11-04,M,O-,0,1997-08-19
11348,19,837,10,6,KGID111348,Ryan,1979-07-30,M,B-,0,2016-04-29
11349,19,838,10,3,KGID111349,Dalaja,1968-01-07,F,B+,1,2022-09-28
11350,19,838,5,2,KGID111350,Zashil,1984-10-30,M,A+,0,2017-07-18
11351,19,838,9,3,KGID111351,Atharv,1999-05-04,M,AB+,0,2021-07-16
11352,19,838,7,3,KGID111352,Daniel,1984-09-11,M,A+,0,2022-07-29
11353,19,838,10,4,KGID111353,David,1982-04-03,M,A-,0,2022-11-08
11354,19,838,10,3,KGID111354,Ethan,1996-08-10,M,A+,0,2020-11-30
11355,19,838,10,1,KGID111355,Wriddhish,1984-02-02,M,AB+,0,1997-08-25
11356,19,838,9,6,KGID111356,Gunbir,1973-12-25,M,O+,0,2016-08-04
11357,19,838,9,1,KGID111357,Falan,1979-04-12,M,O+,0,1997-12-07
11358,19,838,10,5,KGID111358,Balveer,1985-05-07,M,O-,0,2007-11-19
11359,19,838,10,5,KGID111359,Andrew,1969-04-25,M,A+,0,1996-09-24
11360,19,838,9,4,KGID111360,Shivansh,1983-04-23,M,B-,0,2022-10-03
11361,19,838,10,3,KGID111361,Aachal,1984-06-07,F,B+,0,2015-10-20
11362,19,838,10,5,KGID111362,Andrew,2000-01-31,M,O+,0,2001-04-19
11363,19,838,7,2,KGID111363,Amaira,1986-09-20,F,B-,0,2020-07-04
11364,19,838,9,4,KGID111364,Sai,1999-07-28,F,A+,0,2016-01-04
11365,19,838,10,3,KGID111365,Isaiah,1968-08-18,M,O+,0,2004-06-01
11366,19,839,10,1,KGID111366,Lucky,1990-09-22,M,O+,0,2006-03-22
11367,19,839,7,5,KGID111367,Vincent,1985-12-03,M,A+,0,2001-10-26
11368,19,839,9,2,KGID111368,Kavya,1970-09-05,F,A+,0,2012-11-07
11369,19,839,6,2,KGID111369,Qadim,1996-02-16,M,B-,1,2013-05-15
11370,19,839,9,2,KGID111370,Upasna,1975-10-19,F,B+,0,2017-04-09
11371,19,839,10,3,KGID111371,Atharv,1969-03-23,M,A+,0,2018-10-23
11372,19,839,6,4,KGID111372,Nitesh,1994-01-13,M,A+,0,2010-03-14
11373,19,839,9,3,KGID111373,Wriddhish,1994-11-25,M,B+,0,2000-11-03
11374,19,840,7,6,KGID111374,Vincent,1982-09-27,M,O+,0,2015-01-08
11375,19,840,5,3,KGID111375,Sathvik,1996-05-10,M,O-,0,2020-02-27
11376,19,840,9,2,KGID111376,Lipika,1995-07-24,F,O-,0,2022-01-26
11377,19,840,10,6,KGID111377,Madhav,1971-03-18,M,O+,0,2018-12-07
11378,19,840,10,4,KGID111378,Faris,1971-12-17,M,A+,0,2020-09-11
11379,19,840,7,5,KGID111379,Warda,1995-12-18,F,A-,0,2007-07-28
11380,19,840,9,1,KGID111380,Isaac,1979-11-29,M,B-,0,2011-11-02
11381,19,840,7,1,KGID111381,Om,1968-11-26,M,O-,0,2011-09-13
11382,19,840,10,5,KGID111382,Rehaan,1990-10-16,M,O-,0,2022-10-14
11383,19,840,10,3,KGID111383,Ranbir,1988-05-23,M,B-,0,1997-09-12
11384,19,841,10,3,KGID111384,Vrishti,1990-11-12,F,O+,0,2018-03-25
11385,19,841,10,4,KGID111385,Reyansh,1992-11-22,M,B+,0,2020-12-11
11386,19,841,7,2,KGID111386,Advay,1983-03-11,M,B+,0,2011-03-11
11387,19,841,6,5,KGID111387,Jonathan,1969-08-17,M,A-,0,2006-12-20
11388,19,841,10,5,KGID111388,Elijah,2003-03-14,M,O+,0,2005-01-10
11389,19,841,9,2,KGID111389,Zansi,1981-03-21,F,O+,0,1996-08-07
11390,19,841,6,3,KGID111390,Gabriel,1992-07-21,M,B+,0,2022-12-14
11391,19,841,9,4,KGID111391,Brijesh,1982-10-26,M,O+,0,2025-03-06
11392,19,841,6,5,KGID111392,Ishwar,1980-06-21,M,B-,0,2014-10-10
11393,19,841,5,2,KGID111393,Gagan,1981-05-09,M,A-,0,2008-12-10
11394,19,841,10,4,KGID111394,Shaurya,1984-12-14,M,A+,0,2008-05-03
11395,19,841,10,2,KGID111395,Dakshesh,1976-02-29,M,B-,0,2023-07-23
11396,19,841,7,6,KGID111396,Shaurya,2002-01-20,M,A-,0,2014-01-22
11397,19,841,9,6,KGID111397,Shaurya,1995-10-07,M,O-,0,2023-10-05
11398,19,841,10,5,KGID111398,Samarth,1998-06-05,M,B+,0,2019-11-07
11399,19,841,7,3,KGID111399,Patrick,1977-07-21,M,O-,0,1998-12-01
11400,19,841,9,6,KGID111400,Oliver,1976-03-28,M,B-,0,2002-01-30
11401,19,841,9,2,KGID111401,Fariq,1987-02-13,M,A-,0,2018-12-25
11402,19,842,6,2,KGID111402,Yuvraj,1975-04-16,M,A+,0,2001-05-25
11403,19,842,10,2,KGID111403,Vihaan,1974-02-16,M,O-,0,2004-09-17
11404,19,842,10,4,KGID111404,Garima,1992-12-16,F,B+,0,2002-05-11
11405,19,842,10,1,KGID111405,Siddharth,1986-03-02,M,O-,0,2018-11-22
11406,19,842,9,5,KGID111406,Daksh,1986-04-09,M,O-,0,2013-08-11
11407,19,842,5,3,KGID111407,Neha,1996-12-12,F,AB+,0,2017-11-15
11408,19,842,7,4,KGID111408,Rehaan,1984-01-11,M,A+,0,2019-01-15
11409,19,842,6,1,KGID111409,Shaurya,1971-09-21,M,O-,0,1999-09-26
11410,19,842,10,1,KGID111410,Frederick,1989-06-27,M,B-,0,2002-07-26
11411,19,842,5,1,KGID111411,Karan,1998-01-18,M,B+,0,2018-07-16
11412,19,842,9,2,KGID111412,Devika,1991-03-11,F,B+,0,1998-03-30
11413,19,842,6,1,KGID111413,Henry,1980-05-17,M,O+,0,2004-09-02
11414,19,842,10,2,KGID111414,Eiravati,1972-05-06,F,B-,0,2009-07-14
11415,19,843,10,3,KGID111415,Omya,2003-04-06,F,O+,0,2007-09-22
11416,19,843,10,6,KGID111416,Mugdha,1974-12-12,F,A+,0,2019-11-26
11417,19,843,9,4,KGID111417,Daksh,1976-06-21,M,A-,0,2014-06-05
11418,19,843,9,1,KGID111418,Chatresh,2000-11-28,M,O-,0,2001-04-13
11419,19,843,10,3,KGID111419,Nachiket,2000-12-15,M,O-,0,2024-03-02
11420,19,843,10,3,KGID111420,Baljiwan,1980-01-22,M,B+,0,2024-02-09
11421,19,843,7,2,KGID111421,Lucky,1998-12-03,M,O+,0,2000-04-05
11422,19,843,9,1,KGID111422,Logan,1985-10-05,M,B+,0,2019-02-08
11423,19,843,7,6,KGID111423,Zayyan,1999-10-21,M,B+,0,2009-12-04
11424,19,843,6,4,KGID111424,Sanya,1978-10-20,F,A+,0,2025-07-14
11425,19,843,10,5,KGID111425,Tejas,1996-08-06,M,A+,0,2021-07-20
11426,19,843,10,5,KGID111426,Faris,1981-01-24,M,B-,0,2005-05-17
11427,19,843,10,4,KGID111427,Balvan,1974-04-21,M,A+,0,2002-04-20
11428,19,843,10,3,KGID111428,Lekha,1991-03-26,F,A+,1,2012-02-04
11429,19,843,10,5,KGID111429,Dhruv,1970-10-28,M,O-,0,2023-05-19
11430,19,843,9,1,KGID111430,Harsh,1984-08-22,M,A-,0,2024-05-29
11431,19,843,7,4,KGID111431,Ishaan,2001-03-16,M,AB+,0,2008-01-25
11432,19,843,9,5,KGID111432,Aarini,1968-05-17,F,A-,0,2005-05-15
11433,19,843,10,5,KGID111433,Chakradev,1985-04-08,M,B-,0,2009-03-05
11434,19,844,9,6,KGID111434,Jeremiah,1994-06-15,M,AB+,0,2019-06-27
11435,19,844,10,6,KGID111435,Oliver,1982-12-13,M,A+,0,2023-06-08
11436,19,844,10,3,KGID111436,Jason,1980-11-20,M,A+,0,2001-11-20
11437,19,844,6,3,KGID111437,Naksh,1969-08-03,M,A-,0,1997-05-17
11438,19,844,6,4,KGID111438,Tanvi,1987-09-23,F,B+,0,2024-11-08
11439,19,844,6,1,KGID111439,Sathvik,1973-03-28,M,B+,0,2024-01-14
11440,19,844,9,4,KGID111440,Jalsa,1994-01-12,F,AB+,0,1997-10-14
11441,19,844,6,3,KGID111441,Nisha,1970-11-06,F,O-,0,1996-08-31
11442,19,844,10,1,KGID111442,Ojas,1987-03-07,M,AB+,0,2013-11-08
11443,19,844,7,6,KGID111443,Ekapad,1984-10-10,M,AB+,0,2009-01-30
11444,19,844,10,6,KGID111444,Riya,1976-04-21,F,A-,0,2022-11-04
11445,19,844,7,4,KGID111445,Wahab,1995-05-29,M,B-,0,2015-08-28
11446,19,844,7,1,KGID111446,Noah,1988-12-29,M,A+,0,2019-12-17
11447,19,844,10,1,KGID111447,Veer,1971-05-27,M,B+,0,2020-01-12
11448,19,844,7,4,KGID111448,Maya,1990-07-21,F,O+,0,2009-12-15
11449,19,844,6,5,KGID111449,Frederick,1997-02-08,M,A-,0,2020-07-28
11450,19,844,9,5,KGID111450,Rayaan,1969-01-22,M,B+,1,2000-10-19
11451,19,844,10,3,KGID111451,Vedhika,1978-10-10,F,B+,0,2000-11-29
11452,19,845,7,2,KGID111452,Kiaan,1992-08-04,M,B-,0,2020-11-11
11453,19,845,6,5,KGID111453,Maanas,1992-05-21,M,AB+,0,1996-11-27
11454,19,845,5,1,KGID111454,Dominic,1978-11-21,M,O-,0,2001-04-18
11455,19,845,9,6,KGID111455,George,1999-07-12,M,O+,0,1997-09-14
11456,19,845,6,6,KGID111456,Hardik,1998-12-20,M,B-,0,2024-02-13
11457,19,845,10,3,KGID111457,Utkarsh,1997-10-15,M,B-,0,2017-03-22
11458,19,845,7,5,KGID111458,Zayyan,1990-07-01,M,O+,0,2014-03-10
11459,19,845,10,3,KGID111459,George,1973-04-05,M,AB+,0,2025-04-28
11460,19,845,5,6,KGID111460,Isaac,1989-12-23,M,AB+,0,2009-04-28
11461,19,845,10,2,KGID111461,Nathan,1986-04-08,M,B+,0,2008-02-18
11462,19,845,10,6,KGID111462,Vincent,1980-08-26,M,O+,0,1999-10-06
11463,19,845,7,2,KGID111463,Kevin,1970-04-20,M,O+,0,2012-10-31
11464,19,846,10,3,KGID111464,Zarna,1972-10-02,F,B+,0,2020-06-11
11465,19,846,10,3,KGID111465,Kalpit,1973-06-12,M,B-,0,2000-01-29
11466,19,846,7,5,KGID111466,Krish,1981-06-26,M,B-,0,2007-01-14
11467,19,846,6,5,KGID111467,Rachit,1991-06-29,M,B-,0,2001-11-27
11468,19,846,9,4,KGID111468,Aryan,1999-01-15,M,A-,0,2018-04-10
11469,19,846,10,6,KGID111469,Brijesh,1998-10-08,M,A-,0,2011-08-29
11470,19,846,7,4,KGID111470,Bahadurjit,1991-04-28,M,AB+,0,2024-11-12
11471,19,846,10,5,KGID111471,Vivaan,1991-12-22,M,A+,0,2000-07-06
11472,19,846,10,5,KGID111472,Qarin,1976-05-02,M,O-,0,2011-10-18
11473,19,846,10,4,KGID111473,Hitesh,1983-03-31,M,B-,0,2007-07-26
11474,19,846,10,6,KGID111474,Brinda,1986-04-05,F,O+,0,2015-03-01
11475,19,846,10,2,KGID111475,Gopal,1996-10-18,M,B+,0,2008-05-24
11476,19,846,7,3,KGID111476,Timothy,1979-02-19,M,B+,0,2000-07-25
11477,19,846,10,4,KGID111477,Luke,1987-06-12,M,A+,0,2017-08-03
11478,19,846,9,4,KGID111478,Gautam,2001-09-25,M,O+,0,2017-10-02
11479,19,846,10,4,KGID111479,Chakradhar,2000-08-11,M,A+,0,2009-11-06
11480,19,846,10,2,KGID111480,Brijesh,1989-08-30,M,B+,0,2024-09-25
11481,19,847,6,3,KGID111481,Ryan,1970-08-25,M,AB+,0,2014-12-15
11482,19,847,10,3,KGID111482,Anika,1968-07-11,F,A+,0,1999-09-01
11483,19,847,10,1,KGID111483,Vinaya,1972-11-17,F,O+,0,2020-10-21
11484,19,847,10,3,KGID111484,Chandresh,1977-05-02,M,A-,0,2024-01-24
11485,19,847,10,4,KGID111485,Omkaar,1978-04-08,M,B-,0,2011-03-05
11486,19,847,10,2,KGID111486,Liam,2002-02-19,M,A+,0,2023-01-14
11487,19,847,10,2,KGID111487,Janya,1982-12-22,F,B-,0,2012-06-01
11488,19,847,7,1,KGID111488,Xalak,1987-11-13,F,B+,0,2008-10-21
11489,19,848,10,6,KGID111489,Michael,1967-08-25,M,AB+,0,1997-08-10
11490,19,848,10,4,KGID111490,Charles,1980-09-29,M,B-,0,1997-01-14
11491,19,848,6,3,KGID111491,Wahab,1981-10-31,M,B+,0,2024-08-19
11492,19,848,10,2,KGID111492,Yug,1995-05-30,M,O+,0,2006-02-08
11493,19,848,9,3,KGID111493,Vritti,1984-05-14,F,B-,0,2010-12-01
11494,19,848,10,5,KGID111494,Krish,1979-12-04,M,A-,0,2001-09-11
11495,19,848,6,3,KGID111495,Mitesh,2001-08-14,M,AB+,0,2008-05-11
11496,19,848,5,2,KGID111496,Christopher,1998-05-28,M,O+,0,2018-04-14
11497,19,848,9,6,KGID111497,Isaac,1976-09-09,M,AB+,0,2019-09-29
11498,19,848,10,2,KGID111498,Vanya,1995-08-01,F,B+,0,2000-08-20
11499,19,848,7,1,KGID111499,Niharika,1976-01-12,F,O+,0,2007-09-05
11500,19,848,10,4,KGID111500,Peter,1973-04-20,M,A-,0,2000-03-11
11501,19,848,9,3,KGID111501,Anita,1995-04-18,F,A+,0,2020-09-02
11502,19,848,9,1,KGID111502,Ekalinga,1996-08-13,M,B+,0,2003-06-18
11503,19,849,10,1,KGID111503,Teerth,1997-08-27,M,B-,0,2020-03-28
11504,19,849,9,4,KGID111504,Hemang,1976-05-15,M,B+,0,2017-05-19
11505,19,849,10,4,KGID111505,Anay,1978-10-10,M,B+,0,2017-02-21
11506,19,849,6,3,KGID111506,Umang,1997-10-26,M,B-,0,2025-02-21
11507,19,849,10,4,KGID111507,Nathan,1974-06-28,M,A-,0,2021-01-29
11508,19,849,9,4,KGID111508,Ekavir,1971-05-01,M,AB+,0,2006-04-22
11509,19,849,9,2,KGID111509,Fariq,1989-04-14,M,AB+,0,1997-05-13
11510,19,849,10,1,KGID111510,Kalpit,1986-01-24,M,B-,0,2020-07-01
11511,19,849,9,5,KGID111511,Ranbir,1969-03-16,M,B-,0,2002-02-15
11512,19,849,6,1,KGID111512,Akshay,1979-11-10,M,O-,0,1999-02-18
11513,19,849,6,6,KGID111513,Balveer,1986-08-22,M,O-,0,2005-07-28
11514,19,849,10,3,KGID111514,Nathan,1976-12-30,M,O-,0,1999-11-14
11515,19,849,6,3,KGID111515,Gaurav,1994-08-26,M,A+,0,2007-10-02
11516,19,849,10,1,KGID111516,Joshua,1971-01-05,M,AB+,0,2011-12-25
11517,19,849,9,5,KGID111517,Ekansh,2000-10-12,M,O+,0,2005-05-14
11518,19,849,10,4,KGID111518,Patrick,1976-03-12,M,A-,0,2017-12-03
11519,19,849,5,4,KGID111519,Shivani,2003-03-13,F,A-,0,2023-10-07
11520,19,850,7,1,KGID111520,Aarav,1999-04-28,M,A-,0,2000-08-06
11521,19,850,7,3,KGID111521,Faraj,1981-12-06,M,A-,0,1997-11-18
11522,19,850,10,3,KGID111522,Rajata,1992-07-31,F,AB+,0,2025-07-05
11523,19,850,9,3,KGID111523,Qabil,1987-12-24,M,O-,0,1999-08-27
11524,19,850,10,1,KGID111524,Banjeet,1972-09-20,M,O-,0,2002-01-14
11525,19,850,10,6,KGID111525,Pratyush,1979-02-07,M,AB+,0,2016-05-07
11526,19,850,5,6,KGID111526,Mohini,1997-11-16,F,A+,0,2024-06-06
11527,19,850,9,1,KGID111527,Advay,1975-10-09,M,O-,0,2009-02-09
11528,19,850,10,5,KGID111528,Maanas,1989-12-30,M,B-,0,2025-06-09
11529,19,850,9,3,KGID111529,Frederick,1971-07-08,M,B-,0,2018-08-17
11530,19,850,7,5,KGID111530,Onveer,1979-09-11,M,B-,0,1997-12-10
11531,19,850,9,2,KGID111531,Jhalak,1970-03-10,F,B+,0,1999-07-29
11532,19,850,10,5,KGID111532,Jacob,1995-06-18,M,B+,0,2007-09-27
11533,19,850,9,3,KGID111533,Krish,1976-04-04,M,A+,0,1999-05-12
11534,19,851,9,5,KGID111534,Lavanya,1981-12-09,F,A-,0,1996-09-26
11535,19,851,6,2,KGID111535,Manbir,1995-01-07,M,A-,0,2005-12-07
11536,19,851,10,5,KGID111536,Gaurav,1970-11-03,M,AB+,0,2002-07-31
11537,19,851,9,2,KGID111537,Nathan,1991-03-23,M,B+,0,2014-07-18
11538,19,851,7,2,KGID111538,Ekalinga,1975-10-02,M,B+,0,2013-03-02
11539,19,851,6,4,KGID111539,Victor,2002-07-27,M,O+,0,2010-01-18
11540,19,851,10,5,KGID111540,Chandran,1983-09-06,M,AB+,0,2011-07-30
11541,19,851,10,4,KGID111541,Sai,2003-06-17,M,B+,0,2016-09-24
11542,19,851,10,6,KGID111542,Wridesh,1992-12-24,M,B-,0,2013-01-15
11543,19,852,6,5,KGID111543,Gopal,1990-04-05,M,B-,0,2004-04-02
11544,19,852,10,1,KGID111544,Devansh,1987-08-28,M,B+,0,2001-06-29
11545,19,852,10,1,KGID111545,Nathaniel,1985-03-29,M,O-,0,2011-07-12
11546,19,852,6,2,KGID111546,Elijah,1999-06-07,M,A-,0,2023-08-21
11547,19,852,10,6,KGID111547,Rushil,1982-12-01,M,A-,0,2011-01-09
11548,19,852,7,6,KGID111548,Suhani,1973-04-15,F,AB+,0,2002-01-14
11549,19,852,10,6,KGID111549,Warinder,1970-01-13,M,O+,1,2018-10-11
11550,19,852,7,3,KGID111550,Raksha,1969-09-18,F,A-,0,2005-07-20
11551,19,852,10,2,KGID111551,Samar,1972-03-03,M,O-,0,2002-07-24
11552,19,852,6,5,KGID111552,Advik,1989-10-14,M,B+,0,2020-03-19
11553,19,852,5,2,KGID111553,Indira,1985-04-03,F,B-,0,2012-06-13
11554,19,852,9,1,KGID111554,Varsha,1984-08-27,F,O-,0,2021-07-14
11555,19,852,10,2,KGID111555,Maanas,1988-03-24,M,B-,0,2022-10-24
11556,19,852,10,1,KGID111556,Saumya,1969-07-08,F,A-,0,2016-02-02
11557,19,852,5,1,KGID111557,Banjeet,1995-07-09,M,B-,0,2002-06-17
11558,19,852,10,1,KGID111558,Lohit,1999-01-09,M,B+,0,2021-11-12
11559,19,853,7,3,KGID111559,Oliver,1984-04-09,M,A+,0,2001-03-22
11560,19,853,6,2,KGID111560,Ekalinga,1981-01-21,M,AB+,0,2004-12-19
11561,19,853,10,6,KGID111561,Samaksh,1993-10-04,M,O+,0,2001-01-31
11562,19,853,7,2,KGID111562,Netra,1971-01-08,F,A-,0,2014-02-23
11563,19,853,10,4,KGID111563,Megha,2002-11-12,F,A-,0,2016-11-07
11564,19,853,10,3,KGID111564,Jagat,1981-03-11,M,B-,0,1997-05-05
11565,19,853,10,4,KGID111565,Shivani,1977-11-28,F,A+,0,2002-03-04
11566,19,853,6,1,KGID111566,Kabir,1992-12-08,M,O-,0,2004-11-23
11567,19,853,6,5,KGID111567,Mitesh,1969-12-03,M,B-,0,2008-03-01
11568,19,853,7,6,KGID111568,Advik,1980-10-31,M,O-,0,2017-06-19
11569,19,853,10,3,KGID111569,Chakradhar,1990-05-21,M,A-,0,2023-03-23
11570,19,853,6,1,KGID111570,Rishi,1968-06-26,M,O+,0,2003-06-09
11571,19,853,7,3,KGID111571,Shivansh,1991-07-24,M,B+,0,2014-05-01
11572,19,853,9,4,KGID111572,Balveer,1973-03-13,M,A-,0,2024-10-16
11573,19,853,10,3,KGID111573,Abhimanyu,1992-10-18,M,A+,0,2013-04-28
11574,19,853,7,3,KGID111574,Mugdha,1998-12-19,F,AB+,0,2012-06-11
11575,19,853,9,4,KGID111575,Lohit,1986-09-13,M,AB+,0,2005-08-11
11576,19,853,10,5,KGID111576,Rachit,1990-12-29,M,B+,0,2019-12-19
11577,19,853,9,3,KGID111577,Vansha,1992-10-05,F,O-,0,2018-04-13
11578,19,854,9,1,KGID111578,Rushil,1983-12-19,M,A-,0,2025-02-28
11579,19,854,6,5,KGID111579,Saksham,1992-05-15,M,B+,0,1998-03-05
11580,19,854,10,1,KGID111580,Ojas,1975-03-09,M,O+,0,2004-07-29
11581,19,854,6,6,KGID111581,Lakshit,1988-07-29,M,B-,0,2011-02-13
11582,19,854,10,6,KGID111582,Qadim,1972-05-27,M,A-,0,1996-08-12
11583,19,854,10,1,KGID111583,Ishanvi,1994-08-16,F,B+,0,2014-11-07
11584,19,854,10,5,KGID111584,Mohammed,1996-12-25,M,B+,0,2012-03-06
11585,19,854,10,6,KGID111585,Hemangini,1978-03-30,F,O+,0,2020-06-15
11586,19,854,7,3,KGID111586,Baljiwan,1979-05-12,M,AB+,0,1998-11-22
11587,19,854,9,2,KGID111587,Gagan,1980-10-09,M,O-,0,2022-04-09
11588,19,854,10,1,KGID111588,Falan,1998-02-06,M,O-,0,2010-05-07
11589,19,854,9,5,KGID111589,Ayaan,1995-03-11,M,B-,0,2003-08-13
11590,19,854,10,1,KGID111590,Umang,2002-03-19,M,A+,0,2012-01-17
11591,19,854,10,1,KGID111591,Ikbal,1998-08-27,M,B+,0,2007-01-08
11592,19,854,10,4,KGID111592,Praneel,1983-10-02,M,O-,0,2003-02-03
11593,19,854,10,1,KGID111593,Faraj,1980-10-02,M,AB+,0,2008-02-23
11594,19,854,7,4,KGID111594,Udarsh,1981-06-18,M,O+,0,2002-02-05
11595,19,854,6,6,KGID111595,Bakhshi,1983-09-20,M,A+,0,2022-03-27
11596,19,854,10,3,KGID111596,Peter,1998-11-26,M,O-,0,2024-06-20
11597,19,854,10,1,KGID111597,Yutika,2002-08-28,F,A-,0,2004-01-22
11598,19,855,10,3,KGID111598,Zaid,1971-01-02,M,O+,0,2022-05-01
11599,19,855,10,2,KGID111599,Madhav,1973-02-28,M,O-,0,2015-10-12
11600,19,855,9,1,KGID111600,Peter,1971-03-07,M,O-,0,2007-11-29
11601,19,855,6,6,KGID111601,Qadim,1993-08-08,M,AB+,0,2001-04-21
11602,19,855,9,4,KGID111602,Sathvik,2002-03-21,M,A+,0,2008-11-11
11603,19,855,9,3,KGID111603,Garima,1995-09-29,F,A+,0,2018-07-02
11604,19,855,6,1,KGID111604,Farhan,1969-05-16,M,A-,0,2001-08-09
11605,19,855,7,4,KGID111605,Isaac,1974-04-16,M,AB+,1,1999-02-04
11606,19,855,10,4,KGID111606,Anmol,1981-03-06,M,B+,0,2022-03-27
11607,19,855,10,5,KGID111607,Alexander,1979-08-08,M,A-,0,2012-11-24
11608,19,855,6,6,KGID111608,Jeet,1975-04-21,M,B-,0,2007-04-19
11609,19,855,6,3,KGID111609,Fitan,2002-12-17,M,AB+,0,2025-03-08
11610,19,855,10,4,KGID111610,Yashodhara,1994-01-05,F,A+,0,2010-06-12
11611,19,855,6,3,KGID111611,Pooja,1973-12-08,F,AB+,0,2010-05-24
11612,19,856,7,1,KGID111612,Prisha,1989-03-06,F,B-,0,2000-03-13
11613,19,856,10,1,KGID111613,Shaurya,1982-04-11,M,O+,0,2004-01-17
11614,19,856,10,1,KGID111614,Lucky,1985-07-30,M,O-,0,1999-05-04
11615,19,856,9,1,KGID111615,Viraj,1994-11-29,M,A-,0,2020-02-22
11616,19,856,10,5,KGID111616,Kiaan,1986-03-14,M,O-,0,2017-10-08
11617,19,856,9,4,KGID111617,Vedant,1968-03-27,M,B-,0,2004-03-29
11618,19,856,6,4,KGID111618,Quincy,1982-10-08,M,B+,0,2010-02-07
11619,19,856,10,4,KGID111619,Dayita,1971-08-26,F,AB+,0,2022-11-28
11620,19,856,7,2,KGID111620,Pratyush,1994-10-13,M,B+,0,2004-05-03
11621,19,856,7,5,KGID111621,Eta,1987-11-25,F,B-,0,1999-07-16
11622,19,856,9,1,KGID111622,Fitan,1998-05-24,M,A-,0,2015-09-20
11623,19,856,7,5,KGID111623,Girik,2000-12-05,M,B-,0,2013-12-20
11624,19,856,6,2,KGID111624,Ekansh,1970-07-18,M,O+,0,2005-04-22
11625,19,856,9,6,KGID111625,Gaurang,1982-11-14,M,O-,0,2020-02-24
11626,19,857,6,1,KGID111626,Qarin,1986-01-30,M,B-,0,1997-12-06
11627,19,857,10,5,KGID111627,Nachiket,1981-07-25,M,A-,0,2023-04-30
11628,19,857,9,3,KGID111628,Rohan,1986-07-13,M,A+,0,2025-03-12
11629,19,857,6,4,KGID111629,Harsh,1983-08-14,M,O+,0,2006-10-27
11630,19,857,6,6,KGID111630,Yauvani,1988-01-30,F,A-,0,2023-06-20
11631,19,857,6,1,KGID111631,Harish,1969-04-16,M,O+,0,2007-12-12
11632,19,857,10,3,KGID111632,Aadi,1971-12-16,M,AB+,0,2023-05-20
11633,19,857,7,5,KGID111633,Andrew,1992-01-19,M,A+,0,2000-07-13
11634,19,857,10,4,KGID111634,Upkaar,1991-04-27,M,B-,0,2015-09-30
11635,19,857,10,4,KGID111635,Qarin,1985-01-11,M,A-,0,2002-05-10
11636,19,857,7,1,KGID111636,Daniel,1981-11-04,M,A-,0,1998-05-28
11637,19,857,10,3,KGID111637,Nakul,1997-06-28,M,A-,0,2016-07-26
11638,19,857,10,5,KGID111638,Thomas,1973-02-20,M,AB+,0,1999-11-29
11639,19,858,5,6,KGID111639,Jagdish,1972-09-17,M,AB+,0,2009-08-19
11640,19,858,7,3,KGID111640,Neel,1982-01-28,M,B+,0,2022-08-11
11641,19,858,7,6,KGID111641,Fitan,1998-01-30,M,O+,0,2011-02-22
11642,19,858,7,5,KGID111642,Rushil,1969-01-03,M,A+,0,2012-01-19
11643,19,858,9,5,KGID111643,Imaran,1971-05-02,M,AB+,0,2012-06-30
11644,19,858,10,6,KGID111644,Alexander,1999-04-09,M,O+,0,2009-05-23
11645,19,858,10,2,KGID111645,Ojas,1999-01-21,M,O-,0,2008-03-26
11646,19,858,10,1,KGID111646,Upadhriti,1989-02-01,F,O-,0,2009-02-04
11647,19,858,10,3,KGID111647,Anika,1996-09-25,F,A+,0,1999-04-14
11648,19,858,10,5,KGID111648,Ranveer,1985-02-04,M,A+,0,2015-12-18
11649,19,858,6,6,KGID111649,Chakrika,1976-10-31,F,A-,0,2024-03-01
11650,19,858,10,5,KGID111650,Nandini,1977-11-13,F,A-,0,2002-04-15
11651,19,858,10,5,KGID111651,Dayita,1996-05-08,F,A+,0,2019-11-26
11652,19,858,9,4,KGID111652,Vihaan,1989-07-16,M,O+,0,2022-06-09
11653,19,858,6,1,KGID111653,Baljiwan,1990-08-29,M,A+,0,2023-12-09
11654,19,858,6,5,KGID111654,Eiravati,2003-02-09,F,O-,0,2021-12-05
11655,19,858,6,2,KGID111655,Laksh,1980-01-11,M,A-,0,2003-02-23
11656,19,858,6,3,KGID111656,Eiravati,1987-10-15,F,A+,0,2017-11-07
11657,19,858,9,4,KGID111657,Lucky,1996-02-12,M,B-,0,2025-06-14
11658,20,859,10,2,KGID111658,Nihal,1978-10-14,M,B+,0,2024-08-03
11659,20,859,6,2,KGID111659,Wridesh,1993-05-12,M,A+,0,2024-03-22
11660,20,859,10,3,KGID111660,Imaran,1978-10-19,M,O-,0,1998-11-06
11661,20,859,9,2,KGID111661,Darsh,1985-06-27,M,O-,0,2005-06-08
11662,20,859,7,1,KGID111662,Abeer,1995-01-05,M,O-,0,2007-04-09
11663,20,859,5,4,KGID111663,Shaurya,1972-09-07,M,A-,0,1998-03-23
11664,20,859,6,6,KGID111664,Vihaan,2003-03-21,M,B+,0,2013-09-15
11665,20,859,9,1,KGID111665,Wakeeta,1980-03-02,F,A-,0,2014-10-28
11666,20,859,7,5,KGID111666,Wriddhish,1976-06-03,M,B-,0,2014-11-04
11667,20,859,7,5,KGID111667,Ekapad,1989-08-21,M,O-,0,2021-12-18
11668,20,859,10,4,KGID111668,Yashasvi,1986-03-13,F,AB+,0,2018-04-28
11669,20,859,9,1,KGID111669,Bahadurjit,1996-03-17,M,A+,0,2023-11-09
11670,20,859,6,4,KGID111670,Rehaan,1998-08-14,M,B-,0,2002-03-02
11671,20,859,7,2,KGID111671,Chakradhar,1971-11-18,M,A+,0,2021-07-12
11672,20,859,9,1,KGID111672,Sanya,1992-12-22,F,B+,0,2002-06-21
11673,20,859,7,5,KGID111673,Zashil,1995-04-06,M,B-,0,2004-03-04
11674,20,859,6,3,KGID111674,Harish,1987-09-27,M,O+,0,2007-04-24
11675,20,859,6,4,KGID111675,Zayan,1997-10-15,M,B-,0,2010-09-10
11676,20,859,10,4,KGID111676,Krishna,1991-05-11,F,B+,0,1998-02-17
11677,20,859,6,2,KGID111677,Teerth,2000-07-02,M,A+,0,2022-11-15
11678,20,860,9,5,KGID111678,Teerth,1974-06-17,M,B+,0,2022-05-30
11679,20,860,10,1,KGID111679,Quincy,1992-03-16,M,A+,0,2006-12-10
11680,20,860,7,6,KGID111680,Frederick,1984-11-05,M,B-,0,2004-07-30
11681,20,860,9,1,KGID111681,Bhavya,1996-06-08,F,B-,0,1997-09-23
11682,20,860,7,5,KGID111682,Zayan,1998-01-22,M,A-,0,2024-10-15
11683,20,860,10,4,KGID111683,Tanay,2003-05-29,M,AB+,0,2013-09-08
11684,20,860,9,3,KGID111684,Reyansh,1997-09-24,M,AB+,0,2003-08-17
11685,20,860,10,2,KGID111685,Gagan,1980-10-24,M,O+,0,2018-12-15
11686,20,860,9,2,KGID111686,Manthan,1998-12-01,M,AB+,0,2003-08-10
11687,20,860,9,5,KGID111687,Ranbir,1988-06-04,M,B-,0,2023-05-10
11688,20,860,10,6,KGID111688,Wyatt,1980-06-20,M,O+,0,2018-10-24
11689,20,860,10,6,KGID111689,Umang,1983-03-07,M,AB+,0,2003-10-06
11690,20,860,10,1,KGID111690,Gautam,1977-02-05,M,O-,0,2006-01-02
11691,20,860,10,5,KGID111691,Ishwar,1984-09-29,M,B+,0,1997-12-07
11692,20,860,10,6,KGID111692,Siddharth,1970-12-21,M,A-,0,2004-09-01
11693,20,861,10,2,KGID111693,Pranit,1976-03-31,M,B-,0,2008-11-23
11694,20,861,10,1,KGID111694,Gautami,1991-04-30,F,A+,0,2019-04-11
11695,20,861,10,3,KGID111695,Devansh,1978-08-04,M,B-,0,2023-03-13
11696,20,861,6,6,KGID111696,Guneet,1998-04-14,M,AB+,0,2008-03-10
11697,20,861,10,2,KGID111697,Veer,2003-06-30,M,A-,0,1997-06-08
11698,20,861,5,1,KGID111698,Fariq,2000-11-27,M,B+,0,2009-07-13
11699,20,861,6,2,KGID111699,Guneet,1968-02-05,M,AB+,0,2014-07-29
11700,20,861,10,1,KGID111700,Jatin,1973-04-13,M,O-,0,2014-04-26
11701,20,861,7,6,KGID111701,Aarav,1971-11-29,M,AB+,0,2010-01-01
11702,20,861,10,2,KGID111702,Xavier,1995-12-02,M,A+,0,2022-10-17
11703,20,861,7,3,KGID111703,Udarsh,1995-06-15,M,AB+,0,2020-06-14
11704,20,861,10,1,KGID111704,Dhruv,1973-09-13,M,AB+,0,2019-11-13
11705,20,861,10,5,KGID111705,Hredhaan,1996-10-13,M,B-,0,1997-03-26
11706,20,862,10,1,KGID111706,Anirudh,1972-08-01,M,B+,0,2018-08-24
11707,20,862,7,2,KGID111707,Edhitha,1982-04-27,F,B-,0,2020-03-24
11708,20,862,9,4,KGID111708,Nachiket,1981-03-06,M,A-,0,2023-04-05
11709,20,862,7,6,KGID111709,William,1986-09-15,M,A-,0,2009-12-05
11710,20,862,6,3,KGID111710,Ojas,1997-01-10,M,AB+,0,2018-09-26
11711,20,862,7,1,KGID111711,Vansha,1983-08-03,F,AB+,0,1998-11-09
11712,20,862,10,2,KGID111712,Finn,1996-01-25,M,A-,0,2016-08-26
11713,20,862,5,6,KGID111713,Owen,1971-09-13,M,O+,0,1997-09-02
11714,20,862,10,3,KGID111714,Dayamai,1972-04-21,F,A+,0,1996-12-14
11715,20,862,10,3,KGID111715,Chandresh,1992-08-28,M,O+,0,1998-03-14
11716,20,862,7,3,KGID111716,Vivaan,1971-10-27,M,B-,0,2018-02-16
11717,20,862,7,2,KGID111717,Rudra,1997-06-26,M,O+,0,2011-09-20
11718,20,862,10,2,KGID111718,Gunbir,1978-08-03,M,B+,0,2010-04-17
11719,20,863,10,6,KGID111719,Om,1977-07-14,M,A+,0,2014-06-14
11720,20,863,10,3,KGID111720,Farhan,1989-03-02,M,A-,0,2004-11-04
11721,20,863,7,5,KGID111721,Jairaj,1968-12-31,M,O+,0,1999-04-27
11722,20,863,6,3,KGID111722,Simon,1972-12-11,M,O+,0,2006-04-12
11723,20,863,10,6,KGID111723,Ekansh,1980-08-27,M,B+,0,2022-03-01
11724,20,863,6,1,KGID111724,Kai,1970-09-11,M,B+,0,2016-04-25
11725,20,863,5,5,KGID111725,Fariq,1969-11-30,M,O-,0,2019-02-09
11726,20,863,10,6,KGID111726,Chatura,1983-12-07,M,O+,0,2008-06-17
11727,20,863,9,6,KGID111727,Siddharth,1980-02-08,M,A+,0,2006-07-23
11728,20,863,9,4,KGID111728,Darsh,1978-11-28,M,B+,0,2016-05-06
11729,20,863,9,3,KGID111729,Janaki,1971-12-26,F,A-,0,2022-07-10
11730,20,863,10,1,KGID111730,Charan,2002-01-03,M,B-,0,2006-06-04
11731,20,863,10,3,KGID111731,Naksh,2002-07-01,M,AB+,0,2022-09-03
11732,20,863,10,5,KGID111732,Max,1994-06-21,M,A-,0,2006-05-05
11733,20,863,10,1,KGID111733,Finn,1984-03-03,M,A-,0,1998-03-02
11734,20,864,10,4,KGID111734,Robert,1996-09-16,M,B+,0,2014-12-11
11735,20,864,10,3,KGID111735,Pranav,1984-02-02,M,A-,0,2001-10-30
11736,20,864,9,4,KGID111736,Shivani,1999-12-30,F,B+,1,2006-08-19
11737,20,864,10,2,KGID111737,Veer,1988-02-26,M,A+,0,2009-09-20
11738,20,864,10,2,KGID111738,Siddharth,1969-05-29,M,B-,0,2017-05-03
11739,20,864,10,3,KGID111739,Ekalinga,1992-03-05,M,A-,0,1997-02-05
11740,20,864,10,5,KGID111740,Udarsh,1974-08-25,M,A+,0,1997-06-14
11741,20,864,10,1,KGID111741,Jack,2001-09-08,M,O+,0,1997-01-27
11742,20,864,9,5,KGID111742,Nidhi,1995-06-13,F,O+,0,2004-11-18
11743,20,864,10,3,KGID111743,Rehaan,1970-08-15,M,O+,0,2022-04-20
11744,20,864,7,2,KGID111744,Tarak,1993-02-27,M,B+,0,2017-12-16
11745,20,864,9,4,KGID111745,Mohammed,1971-10-07,M,AB+,0,2004-03-20
11746,20,864,10,1,KGID111746,Jeet,1972-05-30,M,B+,0,1999-02-15
11747,20,864,10,4,KGID111747,Nidhi,1970-01-21,F,B+,0,2016-05-06
11748,20,864,9,3,KGID111748,Charvi,1983-01-16,F,B+,0,2022-12-25
11749,20,864,10,5,KGID111749,Finn,1981-12-27,M,O+,0,2014-09-25
11750,20,865,7,2,KGID111750,Yash,1996-07-12,M,B+,0,2019-10-26
11751,20,865,6,3,KGID111751,Fitan,1996-06-20,M,O-,0,2022-07-31
11752,20,865,10,4,KGID111752,Azad,2001-09-21,M,B+,0,2016-12-11
11753,20,865,10,2,KGID111753,Balhaar,1987-12-02,M,A+,0,2017-10-10
11754,20,865,10,3,KGID111754,Ubika,1985-12-29,F,A-,0,1997-03-22
11755,20,865,10,3,KGID111755,Ikbal,1998-10-12,M,B+,0,2004-07-01
11756,20,865,7,1,KGID111756,Isaiah,1990-11-19,M,B+,0,2007-03-03
11757,20,865,6,5,KGID111757,Urmi,1991-09-17,F,A-,0,2016-06-30
11758,20,865,10,2,KGID111758,Bahadurjit,1991-10-18,M,A+,0,2000-02-19
11759,20,865,10,3,KGID111759,Benjamin,1999-03-14,M,AB+,0,2004-06-22
11760,20,865,6,4,KGID111760,Manan,1975-06-09,M,AB+,0,2021-05-05
11761,20,865,7,6,KGID111761,Timothy,1987-09-28,M,B-,0,2012-03-20
11762,20,865,6,3,KGID111762,Nicholas,1980-07-09,M,B-,0,2008-02-20
11763,20,865,6,4,KGID111763,Ekaraj,1972-08-26,M,O+,0,2019-06-14
11764,20,865,10,2,KGID111764,Sai,1984-01-24,F,O-,0,2022-03-24
11765,20,865,7,4,KGID111765,Vidhi,1989-07-18,F,O-,0,2016-09-26
11766,20,865,10,1,KGID111766,Ethan,1973-07-14,M,B+,0,2016-04-29
11767,20,865,10,5,KGID111767,Gaurang,1998-11-20,M,B-,0,1998-03-30
11768,20,866,10,4,KGID111768,Kevin,2001-06-07,M,A-,0,2003-02-23
11769,20,866,7,1,KGID111769,Fiyaz,1986-02-25,M,O-,0,2000-06-21
11770,20,866,10,6,KGID111770,Zaid,1988-06-17,M,O+,0,2006-02-01
11771,20,866,10,6,KGID111771,Andrew,1994-02-12,M,B+,0,2018-07-24
11772,20,866,10,2,KGID111772,Balvan,1998-09-22,M,AB+,0,2002-02-19
11773,20,866,10,2,KGID111773,Yagnesh,2002-10-25,M,A+,0,2003-06-06
11774,20,866,9,4,KGID111774,Jatin,1999-10-20,M,O-,0,2020-01-11
11775,20,866,5,5,KGID111775,Ishani,2002-03-03,F,A+,0,2007-10-01
11776,20,866,10,6,KGID111776,Rehaan,1988-02-29,M,O-,0,2004-11-29
11777,20,866,5,1,KGID111777,Qasim,1994-03-04,M,AB+,0,2018-11-13
11778,20,866,9,5,KGID111778,Diya,1968-08-20,F,A+,0,2017-04-12
11779,20,867,9,4,KGID111779,Yagnesh,1988-12-06,M,B-,0,2025-02-20
11780,20,867,7,6,KGID111780,Jeremiah,1972-01-30,M,B+,0,2005-12-25
11781,20,867,9,1,KGID111781,Maanas,1989-07-23,M,B+,0,2006-02-27
11782,20,867,10,5,KGID111782,Matthew,1979-01-19,M,AB+,0,2005-07-08
11783,20,867,10,5,KGID111783,Frado,1999-05-18,M,O-,0,2017-03-27
11784,20,867,10,2,KGID111784,Anay,1988-12-14,M,B+,0,2003-05-11
11785,20,867,9,5,KGID111785,Owen,1999-02-22,M,B-,0,2010-09-12
11786,20,867,10,5,KGID111786,Sara,1991-03-03,F,A-,0,2001-06-18
11787,20,867,10,4,KGID111787,Yagnesh,1998-03-28,M,A+,0,2000-07-06
11788,20,867,10,4,KGID111788,Ishwar,1997-10-19,M,O-,0,2013-10-28
11789,20,867,9,3,KGID111789,Atharv,1975-08-07,M,A-,0,2024-03-05
11790,20,867,10,4,KGID111790,Manbir,2003-07-16,M,B+,0,2001-10-28
11791,20,867,10,1,KGID111791,Faqid,1996-01-04,M,B-,0,2021-12-03
11792,20,867,7,3,KGID111792,Bakhshi,1994-09-04,M,AB+,0,2008-03-26
11793,20,867,10,2,KGID111793,Jagdish,1982-07-31,M,A+,0,2020-08-03
11794,20,867,5,1,KGID111794,Timothy,1969-09-05,M,B+,0,2016-04-16
11795,20,867,10,4,KGID111795,Aishani,1977-09-19,F,O-,0,2024-03-12
11796,20,867,7,1,KGID111796,Gagan,1975-06-26,M,B-,0,2005-10-06
11797,20,868,6,1,KGID111797,Anay,1999-09-03,M,B-,0,2010-02-16
11798,20,868,6,6,KGID111798,Vedant,1991-01-24,M,B-,0,2019-11-20
11799,20,868,10,4,KGID111799,Forum,1982-03-29,F,AB+,0,2022-05-24
11800,20,868,6,6,KGID111800,Charan,1975-08-28,M,B-,0,2021-03-17
11801,20,868,6,3,KGID111801,Onkar,1982-09-25,M,B+,0,2004-11-20
11802,20,868,10,1,KGID111802,Kalpit,1996-05-15,M,O-,0,2013-02-15
11803,20,868,6,4,KGID111803,Chakradhar,2001-06-03,M,O+,0,2012-09-30
11804,20,868,9,1,KGID111804,Tarak,1982-11-09,M,A+,0,2018-04-09
11805,20,868,6,2,KGID111805,Lucky,1988-10-12,M,B+,0,2020-07-03
11806,20,868,6,6,KGID111806,Amruta,1990-06-21,F,A-,0,2021-12-31
11807,20,868,10,2,KGID111807,Victor,1979-11-12,M,B-,0,2009-07-21
11808,20,868,10,2,KGID111808,Vaishnavi,1999-12-16,F,O+,0,1999-09-29
11809,20,868,10,4,KGID111809,Abhimanyu,1996-02-02,M,AB+,0,2021-03-06
11810,20,869,10,4,KGID111810,Zaid,2000-04-17,M,A+,0,2000-04-29
11811,20,869,10,3,KGID111811,Krish,1996-05-11,M,A-,0,2016-05-05
11812,20,869,9,4,KGID111812,Varenya,1998-01-25,F,B+,0,2010-03-27
11813,20,869,9,2,KGID111813,Tristan,2002-08-12,M,A-,0,1996-09-06
11814,20,869,5,5,KGID111814,Lekha,1996-03-04,F,B-,0,2024-05-23
11815,20,869,10,5,KGID111815,Hredhaan,1971-04-20,M,B-,0,2000-10-23
11816,20,869,6,1,KGID111816,Chasmum,1974-11-08,F,O+,0,2020-10-31
11817,20,869,10,5,KGID111817,William,1969-07-01,M,A+,0,2010-04-04
11818,20,869,10,3,KGID111818,Isaiah,1974-12-14,M,AB+,0,2015-09-21
11819,20,869,10,5,KGID111819,Mekhala,1999-03-18,F,O-,0,1998-08-22
11820,20,869,10,2,KGID111820,Laksh,1981-04-05,M,AB+,0,2014-03-16
11821,20,869,10,3,KGID111821,Reyansh,1972-02-21,M,AB+,0,2017-07-08
11822,20,869,10,6,KGID111822,Samuel,1989-04-20,M,B+,0,2015-07-17
11823,20,869,9,6,KGID111823,Samarth,1995-02-23,M,B-,0,2006-08-10
11824,20,869,6,2,KGID111824,Atharv,1976-12-27,M,A-,0,2020-01-25
11825,20,870,5,4,KGID111825,Arin,1974-05-29,M,A+,0,1999-12-27
11826,20,870,5,4,KGID111826,Pooja,1997-12-02,F,B+,0,1997-07-03
11827,20,870,7,1,KGID111827,Yochana,1978-04-08,F,A+,0,2001-10-12
11828,20,870,10,3,KGID111828,Veer,1974-07-25,M,O-,0,1998-01-06
11829,20,870,10,4,KGID111829,Gavin,1976-10-11,M,A-,0,2014-01-16
11830,20,870,9,4,KGID111830,Yug,1968-02-23,M,B+,0,2001-09-02
11831,20,870,10,6,KGID111831,Ekapad,1989-10-21,M,A-,0,2016-03-26
11832,20,870,10,6,KGID111832,Saksham,1989-06-09,M,A+,0,2001-07-09
11833,20,870,9,4,KGID111833,Gaurang,1999-08-24,M,A+,0,2008-06-16
11834,20,870,10,1,KGID111834,Wyatt,1978-02-25,M,A+,0,2016-09-23
11835,20,870,10,5,KGID111835,Brinda,2001-02-20,F,B+,0,2004-05-31
11836,20,870,5,3,KGID111836,Yug,1995-05-20,M,A-,0,1998-03-16
11837,20,870,9,2,KGID111837,Gaurav,1998-10-07,M,A+,0,2009-09-14
11838,20,870,5,6,KGID111838,Benjamin,1975-10-30,M,AB+,0,2002-04-12
11839,20,871,5,2,KGID111839,Anthony,1974-09-17,M,A-,0,1998-10-27
11840,20,871,9,5,KGID111840,Ayaan,1993-06-06,M,B-,0,2012-01-31
11841,20,871,10,4,KGID111841,Pranit,1982-05-10,M,A-,0,2017-04-23
11842,20,871,10,3,KGID111842,Faris,1986-11-27,M,O-,0,2018-04-08
11843,20,871,10,6,KGID111843,Qadim,1988-04-09,M,B+,0,2003-05-14
11844,20,871,6,5,KGID111844,Darpan,1995-02-03,M,O-,0,2006-08-17
11845,20,871,7,5,KGID111845,Vedant,1980-12-15,M,O-,0,2015-04-21
11846,20,871,7,3,KGID111846,Zayan,1969-03-06,M,A-,0,2023-11-28
11847,20,871,9,4,KGID111847,Isaiah,1990-02-18,M,O+,0,2017-03-27
11848,20,871,10,6,KGID111848,Jagrati,1991-04-29,F,O+,0,2003-10-10
11849,20,871,6,5,KGID111849,Ekaraj,1972-02-17,M,A-,0,2000-03-04
11850,20,871,5,5,KGID111850,Abhimanyu,1972-04-07,M,B+,0,2010-10-07
11851,20,872,6,4,KGID111851,Anya,1970-12-02,F,B-,1,2004-07-22
11852,20,872,6,4,KGID111852,Lila,1978-04-07,F,A-,0,2019-04-21
11853,20,872,9,6,KGID111853,Viraj,1971-04-10,M,B-,0,2013-03-23
11854,20,872,5,1,KGID111854,Tanish,1996-01-22,M,A-,0,2018-09-15
11855,20,872,10,4,KGID111855,Dominic,1987-08-20,M,AB+,0,1999-03-05
11856,20,872,10,1,KGID111856,Jacob,1996-08-05,M,B+,0,1996-11-23
11857,20,872,6,4,KGID111857,Sara,1982-06-10,F,A+,0,2012-05-12
11858,20,872,7,3,KGID111858,Samuel,1979-08-07,M,A+,0,1999-09-22
11859,20,872,9,6,KGID111859,Tristan,1969-10-25,M,A-,0,2004-12-08
11860,20,872,10,1,KGID111860,Atharv,1981-08-11,M,O-,0,2017-03-12
11861,20,872,6,6,KGID111861,Gopal,1997-04-07,M,B-,0,2010-12-22
11862,20,872,6,5,KGID111862,Ranbir,2000-10-02,M,A+,0,2011-09-28
11863,20,872,10,2,KGID111863,Dev,1977-02-27,M,O-,0,2022-03-06
11864,20,872,10,3,KGID111864,Krishna,1967-10-31,M,B-,0,2019-03-01
11865,20,872,6,5,KGID111865,Rachana,2000-01-09,F,B+,0,2008-08-25
11866,20,872,10,3,KGID111866,Saksham,1987-09-11,M,B+,0,2021-04-08
11867,20,872,5,3,KGID111867,Viraj,1978-09-04,M,AB+,0,2024-10-30
11868,20,873,6,3,KGID111868,Falak,2000-01-22,F,AB+,0,1997-07-07
11869,20,873,10,6,KGID111869,Ijaya,1985-10-20,F,B-,0,1998-07-03
11870,20,873,10,4,KGID111870,Hemangini,1993-08-11,F,O+,0,2020-09-28
11871,20,873,9,1,KGID111871,Arjun,1990-06-03,M,B-,0,2003-07-02
11872,20,873,9,6,KGID111872,Azaan,1995-07-22,M,B-,0,2022-12-17
11873,20,873,7,1,KGID111873,Christopher,1970-09-02,M,O-,0,2019-01-01
11874,20,873,6,2,KGID111874,Farhan,1996-10-17,M,O-,0,2008-12-19
11875,20,873,10,4,KGID111875,Abhiram,1992-03-08,M,A-,0,2001-08-21
11876,20,873,10,1,KGID111876,Om,1971-02-04,M,B+,0,2001-07-19
11877,20,873,9,1,KGID111877,Dhruv,1985-08-31,M,AB+,0,2018-07-30
11878,20,873,9,2,KGID111878,Ayush,1983-02-23,M,B-,0,2004-11-09
11879,20,873,9,1,KGID111879,Harsh,1991-11-01,M,B-,0,2023-12-08
11880,20,873,10,4,KGID111880,Bhavika,1972-02-09,F,O+,0,2001-12-23
11881,20,873,10,5,KGID111881,Vrinda,2003-05-08,F,B-,0,2007-03-21
11882,20,873,10,6,KGID111882,Zansi,2002-09-20,F,O+,0,1999-12-11
11883,20,873,9,4,KGID111883,Upasna,1995-12-05,F,B+,0,2015-09-15
11884,20,873,9,1,KGID111884,Ekapad,1995-07-14,M,A+,0,2005-10-03
11885,20,873,7,4,KGID111885,Qabil,1981-11-08,M,A-,0,2013-02-26
11886,20,873,10,4,KGID111886,Imaran,1995-04-10,M,B+,0,2001-05-27
11887,20,874,10,3,KGID111887,Harshil,2000-06-03,M,B-,0,2020-07-11
11888,20,874,10,4,KGID111888,Arjun,1983-11-14,M,A-,0,2012-07-19
11889,20,874,10,4,KGID111889,Anusha,2000-10-30,F,B+,0,2004-10-25
11890,20,874,6,3,KGID111890,Kevin,1994-02-18,M,O-,0,2023-03-23
11891,20,874,7,2,KGID111891,Robert,1989-04-27,M,A+,0,2007-07-16
11892,20,874,6,2,KGID111892,Hemani,1989-07-21,F,A+,0,2006-04-15
11893,20,874,10,4,KGID111893,Onveer,1968-03-18,M,B-,0,2024-12-28
11894,20,874,9,5,KGID111894,Ronith,1999-11-07,M,A+,1,2010-05-16
11895,20,874,7,2,KGID111895,Aachal,2003-03-09,F,A-,0,2024-11-21
11896,20,874,7,4,KGID111896,Kevin,1975-10-18,M,AB+,0,2020-09-11
11897,20,874,9,5,KGID111897,Balendra,1968-07-25,M,B+,0,2017-05-25
11898,20,875,9,5,KGID111898,Faqid,1986-09-16,M,B-,0,2013-10-15
11899,20,875,9,6,KGID111899,Bachittar,1984-07-02,M,A+,0,2000-12-19
11900,20,875,7,1,KGID111900,Hritik,1987-01-03,M,O+,0,1999-03-01
11901,20,875,10,5,KGID111901,Christopher,2000-10-14,M,A+,0,2007-12-16
11902,20,875,6,4,KGID111902,Faqid,1973-12-14,M,A+,0,2008-07-30
11903,20,875,10,6,KGID111903,Omya,1978-07-23,F,AB+,0,2013-03-31
11904,20,875,10,2,KGID111904,Chandresh,1982-07-24,M,O+,0,2010-08-26
11905,20,875,6,4,KGID111905,Yash,1990-08-04,M,B+,0,2016-02-29
11906,20,875,6,6,KGID111906,Nathan,1994-02-26,M,O-,0,1998-03-27
11907,20,875,10,2,KGID111907,Hritik,2002-08-02,M,B-,0,2004-08-03
11908,20,875,10,4,KGID111908,Dominic,1975-07-04,M,B+,0,2001-04-09
11909,20,875,10,5,KGID111909,Amol,1995-12-04,M,B-,0,2008-09-02
11910,20,875,7,2,KGID111910,Lohit,1988-10-15,M,O-,0,2022-12-21
11911,20,875,10,4,KGID111911,Tamanna,1978-05-13,F,A+,0,2006-10-12
11912,20,875,10,4,KGID111912,Charvi,1998-12-15,F,A+,0,2020-01-27
11913,20,875,7,6,KGID111913,Ekaraj,1970-04-13,M,A-,0,2000-08-31
11914,20,875,7,1,KGID111914,Aarav,1992-04-16,M,AB+,0,2020-06-08
11915,20,875,6,5,KGID111915,Advika,1970-03-31,F,B-,0,2024-06-25
11916,20,876,10,5,KGID111916,Chatura,1984-12-24,M,A-,0,1996-10-08
11917,20,876,10,3,KGID111917,Balhaar,1974-08-08,M,AB+,0,2004-06-10
11918,20,876,10,2,KGID111918,Eta,1987-08-02,F,O+,0,2023-09-10
11919,20,876,6,3,KGID111919,Nandini,1974-04-06,F,A+,0,1997-10-16
11920,20,876,10,3,KGID111920,Nidra,1994-07-20,F,O+,0,2010-11-19
11921,20,876,5,2,KGID111921,Alka,1993-01-20,F,O+,0,2001-07-02
11922,20,876,7,3,KGID111922,Amol,1996-06-22,M,B-,0,1997-08-25
11923,20,876,10,2,KGID111923,Onkar,1985-05-13,M,A+,0,2019-08-03
11924,20,876,10,4,KGID111924,Qarin,1994-10-10,M,B-,0,2016-04-30
11925,20,876,10,4,KGID111925,Manthan,1995-11-15,M,O+,0,2024-09-18
11926,20,877,6,6,KGID111926,Imaran,1978-02-05,M,A+,0,2000-12-17
11927,20,877,10,2,KGID111927,Kai,1979-09-17,M,AB+,0,2021-12-20
11928,20,877,10,4,KGID111928,Udant,1980-06-25,M,A-,0,2011-02-25
11929,20,877,7,4,KGID111929,Nirja,2003-02-06,F,AB+,0,2015-11-04
11930,20,877,6,3,KGID111930,Aadi,1984-04-02,M,A+,0,2002-07-17
11931,20,877,10,3,KGID111931,Krishna,1988-10-01,M,A-,0,2012-08-21
11932,20,877,9,6,KGID111932,Peter,1989-01-03,M,O-,0,2019-05-23
11933,20,877,10,1,KGID111933,Chanakya,1971-02-14,M,B-,0,2017-07-25
11934,20,877,7,1,KGID111934,Aachal,1977-10-05,F,O-,0,2004-09-22
11935,20,877,6,2,KGID111935,Lohit,1968-02-20,M,A-,0,2011-06-23
11936,20,877,9,4,KGID111936,Abdul,1977-03-18,M,O+,0,2018-01-30
11937,20,877,10,4,KGID111937,Dhriti,1976-02-17,F,A+,0,1999-01-24
11938,20,877,7,1,KGID111938,Ayaan,1969-05-11,M,O-,0,2013-09-20
11939,20,878,6,3,KGID111939,Gautami,1997-07-14,F,O-,0,2001-11-30
11940,20,878,7,6,KGID111940,Sathvik,1976-02-24,M,A+,0,2016-07-18
11941,20,878,9,2,KGID111941,Maanav,1999-02-09,M,B-,0,2010-08-10
11942,20,878,9,4,KGID111942,Arin,1971-08-22,M,O-,0,2018-12-14
11943,20,878,7,2,KGID111943,Madhav,1992-01-13,M,B-,0,2015-02-07
11944,20,878,10,3,KGID111944,Amaira,2000-11-16,F,A-,1,2021-08-12
11945,20,878,9,3,KGID111945,Yatin,1998-01-06,M,AB+,0,2018-12-31
11946,20,878,5,5,KGID111946,Hitesh,1989-07-19,M,B+,0,2004-09-29
11947,20,878,7,2,KGID111947,Ikshita,1980-10-11,F,A-,0,2021-03-19
11948,20,878,10,1,KGID111948,Unni,1993-03-28,F,AB+,0,2023-09-14
11949,20,878,9,5,KGID111949,Ekaraj,1970-04-08,M,B+,0,2011-08-16
11950,20,878,9,3,KGID111950,Chanchal,1979-11-19,F,O+,0,2015-07-28
11951,20,878,10,4,KGID111951,Oliver,1980-03-17,M,AB+,0,2007-08-27
11952,20,878,10,4,KGID111952,Hritik,1989-03-28,M,A-,0,2006-12-26
11953,20,878,10,2,KGID111953,Nachiket,1972-07-18,M,B+,0,2016-09-13
11954,20,878,10,1,KGID111954,Nirja,2002-05-13,F,B+,0,2004-08-04
11955,20,878,10,3,KGID111955,Ekbal,1988-04-02,M,B+,0,2013-06-05
11956,20,878,7,4,KGID111956,Bakhshi,1967-09-19,M,B-,0,2022-04-21
11957,20,878,10,6,KGID111957,Balendra,2002-10-07,M,A+,0,2002-03-04
11958,20,878,5,6,KGID111958,Amol,2002-01-24,M,A+,0,2010-12-23
11959,20,879,10,4,KGID111959,Gabriel,1991-06-20,M,A+,0,2011-04-18
11960,20,879,10,6,KGID111960,Benjamin,1982-01-28,M,A-,0,1999-10-14
11961,20,879,7,3,KGID111961,Mitesh,1981-08-30,M,O+,0,2016-02-21
11962,20,879,6,4,KGID111962,Zashil,1981-03-07,M,B+,0,2024-07-20
11963,20,879,10,5,KGID111963,Aarnav,1983-04-04,M,AB+,0,2013-09-12
11964,20,879,6,6,KGID111964,Gautam,1973-11-14,M,B-,0,2009-04-11
11965,20,879,10,6,KGID111965,Rajeshri,1980-10-26,F,B+,0,2014-03-14
11966,20,879,10,2,KGID111966,Arjun,1977-07-29,M,O-,0,2008-02-22
11967,20,879,6,6,KGID111967,Saksham,1976-02-09,M,B+,0,2018-10-03
11968,20,880,10,1,KGID111968,Shaurya,1986-05-20,M,O+,0,2011-07-14
11969,20,880,9,4,KGID111969,Falan,1983-12-23,M,O-,0,2018-07-31
11970,20,880,9,3,KGID111970,Bahadurjit,2002-02-04,M,O+,0,2010-12-22
11971,20,880,10,3,KGID111971,Ojas,1991-05-27,M,B+,0,2017-10-11
11972,20,880,10,5,KGID111972,Manbir,1976-07-08,M,O+,0,2019-04-10
11973,20,880,7,2,KGID111973,Ojas,1987-04-19,M,O-,0,2014-05-16
11974,20,880,10,2,KGID111974,Yug,1989-07-17,M,O+,0,2022-11-14
11975,20,880,9,2,KGID111975,Benjamin,1967-10-30,M,O+,0,2016-08-18
11976,20,880,5,3,KGID111976,Nakul,1982-09-10,M,O+,0,2002-02-01
11977,20,880,7,5,KGID111977,Shaurya,1992-07-02,M,AB+,0,2005-10-18
11978,20,880,10,2,KGID111978,Dalaja,1987-11-14,F,B-,0,2003-08-16
11979,20,880,10,4,KGID111979,Qasim,1988-09-28,M,A+,0,1996-09-30
11980,20,880,10,6,KGID111980,Jason,1987-07-27,M,A+,0,1997-11-04
11981,20,880,10,1,KGID111981,George,1997-11-29,M,O+,0,2009-02-15
11982,20,880,10,1,KGID111982,Eesha,1973-09-27,F,O+,0,2003-05-15
11983,20,880,6,2,KGID111983,Amol,1986-11-27,M,O+,0,2021-07-02
11984,20,880,10,1,KGID111984,Chatresh,1996-10-19,M,O+,0,2016-11-06
11985,20,880,7,6,KGID111985,Azad,1998-02-17,M,B+,0,2004-05-10
11986,20,880,9,6,KGID111986,Gunbir,1975-09-12,M,A+,0,2021-05-30
11987,20,881,9,1,KGID111987,Advika,1981-03-25,F,B-,0,2012-03-01
11988,20,881,10,5,KGID111988,Siddharth,1979-04-01,M,A-,0,2020-02-04
11989,20,881,10,2,KGID111989,Manbir,1987-03-11,M,O+,0,2021-01-16
11990,20,881,9,5,KGID111990,Balveer,1996-10-15,M,O+,0,2024-10-15
11991,20,881,10,3,KGID111991,Yash,1974-02-14,M,AB+,0,2023-11-26
11992,20,881,7,4,KGID111992,Jai,1968-05-09,M,O-,0,2024-02-26
11993,20,881,6,5,KGID111993,Nathan,1975-12-28,M,A+,0,2006-03-08
11994,20,881,10,6,KGID111994,Aditya,1996-11-09,M,B+,0,2023-07-02
11995,20,881,6,2,KGID111995,Qasim,1992-12-01,M,O-,0,2000-10-28
11996,20,881,5,5,KGID111996,Fitan,2000-12-03,M,O-,0,2018-10-28
11997,20,881,10,5,KGID111997,Chandran,1981-01-19,M,B-,0,2003-11-14
11998,20,881,6,2,KGID111998,Harsh,1981-11-15,M,AB+,0,2000-04-23
11999,20,881,6,3,KGID111999,Gaurav,2003-03-30,M,A+,0,2004-07-26
12000,20,881,9,6,KGID112000,Yachana,1971-02-23,F,A+,0,2002-05-15
12001,20,881,9,4,KGID112001,Chandran,2002-12-16,M,A+,0,2010-08-30
12002,20,881,10,3,KGID112002,Tanish,1968-07-07,M,B+,0,2021-05-29
12003,20,882,6,5,KGID112003,Nakul,1997-09-19,M,O-,0,2002-10-18
12004,20,882,10,6,KGID112004,Vansha,1985-07-11,F,A+,0,2004-06-14
12005,20,882,10,2,KGID112005,Kai,1995-01-23,M,B+,0,2007-08-16
12006,20,882,6,1,KGID112006,Kevin,1978-02-10,M,A+,0,2002-11-10
12007,20,882,7,6,KGID112007,Elijah,1972-02-26,M,O+,0,2014-12-02
12008,20,882,10,4,KGID112008,Mekhala,1972-04-30,F,A+,0,2010-01-04
12009,20,882,10,4,KGID112009,Zayan,1992-08-08,M,O+,0,2021-06-16
12010,20,882,9,4,KGID112010,Banjeet,1997-01-06,M,B+,0,1996-08-11
12011,20,883,7,1,KGID112011,Qarin,1996-11-09,M,O-,0,2013-04-25
12012,20,883,9,5,KGID112012,Krishna,1968-06-13,M,O+,0,2011-10-26
12013,20,883,7,6,KGID112013,Nicholas,1986-02-20,M,B+,1,2001-04-15
12014,20,883,7,5,KGID112014,Raksha,1993-02-18,F,B-,0,2017-02-04
12015,20,883,10,6,KGID112015,Rushil,1969-05-09,M,O-,0,2002-08-13
12016,20,883,6,6,KGID112016,Anvi,1978-08-14,F,O-,0,2024-05-31
12017,20,883,6,5,KGID112017,Jonathan,1992-03-27,M,O-,0,2019-08-03
12018,20,883,10,5,KGID112018,Urmi,2000-10-13,F,O+,0,2022-01-16
12019,20,883,9,1,KGID112019,Irya,1982-07-05,F,AB+,1,2020-03-26
12020,20,883,10,6,KGID112020,Ekaraj,1989-03-28,M,B-,0,2005-02-09
12021,20,883,10,2,KGID112021,Charles,1978-08-22,M,AB+,0,2004-04-30
12022,20,883,9,1,KGID112022,Yashica,1978-01-16,F,B-,0,2018-01-31
12023,20,883,10,3,KGID112023,Praneel,1970-06-07,M,O-,0,1997-01-25
12024,20,883,9,6,KGID112024,Azaan,1997-01-02,M,A-,0,2009-12-22
12025,20,883,10,1,KGID112025,Samesh,1971-11-28,M,B-,0,2002-08-21
12026,20,883,9,1,KGID112026,Azad,2001-06-11,M,AB+,0,2021-02-04
12027,20,883,10,1,KGID112027,Balhaar,1988-11-29,M,A+,0,2011-03-08
12028,20,884,9,3,KGID112028,Samuel,1998-01-07,M,A-,0,2017-02-01
12029,20,884,10,2,KGID112029,Abhimanyu,1976-07-12,M,B-,0,2006-12-29
12030,20,884,9,1,KGID112030,Chatresh,2001-04-02,M,AB+,0,2017-12-17
12031,20,884,10,3,KGID112031,Finn,2001-09-09,M,A-,0,2012-04-09
12032,20,884,10,4,KGID112032,Zashil,1995-04-24,M,O+,0,2014-03-31
12033,20,884,10,1,KGID112033,Praneel,1998-07-17,M,A-,0,2024-12-13
12034,20,884,6,1,KGID112034,Ucchal,1993-09-07,F,AB+,0,2006-11-04
12035,20,884,10,3,KGID112035,Naksh,1989-06-02,M,B+,0,2019-04-08
12036,20,884,10,5,KGID112036,Yagnesh,1977-09-07,M,O-,0,2024-11-18
12037,20,884,9,6,KGID112037,Manthan,1978-08-09,M,B-,0,2006-05-25
12038,20,884,9,6,KGID112038,Jason,1999-02-12,M,B-,0,1997-09-10
12039,20,884,5,5,KGID112039,Krishna,1996-06-01,M,A+,0,2006-12-23
12040,20,884,10,5,KGID112040,Nilima,1976-02-15,F,O-,0,2000-03-30
12041,20,884,10,3,KGID112041,Siddharth,1992-01-25,M,A-,0,2015-07-02
12042,20,884,9,1,KGID112042,Sai,1979-09-03,M,O+,0,2013-02-10
12043,20,884,10,1,KGID112043,Ojas,1974-08-05,M,A+,0,2012-01-03
12044,20,884,10,5,KGID112044,Reyansh,1980-09-19,M,A-,0,2003-04-10
12045,20,884,10,2,KGID112045,Wridesh,1989-12-07,M,A+,0,2016-11-18
12046,20,884,7,4,KGID112046,Vincent,1985-05-22,M,O-,0,2005-12-14
12047,20,885,6,2,KGID112047,Ayushman,1986-09-30,M,B-,0,2002-02-09
12048,20,885,10,5,KGID112048,Agastya,1980-04-17,M,A-,0,1997-05-05
12049,20,885,10,5,KGID112049,Yashodhara,1976-11-18,F,A+,0,2007-10-29
12050,20,885,10,1,KGID112050,Nicholas,1978-06-30,M,AB+,0,2002-11-05
12051,20,885,10,3,KGID112051,Onveer,1976-07-02,M,A-,0,2010-08-31
12052,20,885,9,3,KGID112052,Priya,1998-12-27,F,B+,0,2020-12-25
12053,20,885,10,6,KGID112053,Azad,1978-06-29,M,O+,0,2002-10-21
12054,20,885,10,5,KGID112054,Wazir,1999-11-24,M,O+,0,1999-10-23
12055,20,886,7,3,KGID112055,Charan,1986-01-11,M,O+,0,2021-02-15
12056,20,886,10,4,KGID112056,Watika,1973-12-29,F,A-,0,2007-12-23
12057,20,886,5,5,KGID112057,Jack,1992-06-28,M,A-,0,2003-09-14
12058,20,886,9,6,KGID112058,Jagat,1998-12-03,M,B-,0,1997-11-21
12059,20,886,5,6,KGID112059,Amol,1971-05-03,M,B-,0,2011-02-23
12060,20,886,9,1,KGID112060,Oscar,1970-03-22,M,B-,0,2015-09-20
12061,20,886,9,5,KGID112061,Ranveer,1999-12-05,M,A+,0,2018-12-16
12062,20,886,10,6,KGID112062,Gagan,1983-04-17,M,B+,0,2014-01-14
12063,20,886,9,1,KGID112063,Lila,1992-08-21,F,B-,0,2017-06-04
12064,20,886,7,2,KGID112064,Vyanjana,1972-09-02,F,B-,0,2008-06-09
12065,20,886,6,1,KGID112065,Hitesh,1977-03-02,M,A-,0,2009-04-16
12066,20,886,6,3,KGID112066,Krishna,1970-11-17,F,B+,0,2024-06-25
12067,20,886,7,1,KGID112067,Udant,1991-10-08,M,A+,0,2015-10-25
12068,20,886,10,3,KGID112068,David,1969-07-21,M,A-,0,2008-08-01
12069,20,886,9,2,KGID112069,Avi,1992-11-14,M,O+,0,1999-04-27
12070,20,886,9,4,KGID112070,Omaja,1989-03-07,F,A-,0,2015-12-23
12071,20,886,10,4,KGID112071,Utkarsh,1996-09-08,M,A+,0,2003-01-06
12072,20,886,9,1,KGID112072,Ekiya,1997-08-30,F,O-,0,2023-12-30
12073,20,886,7,5,KGID112073,Anthony,1975-08-22,M,A+,0,2002-11-25
12074,20,887,6,4,KGID112074,Faqid,1999-05-12,M,B+,0,2020-12-01
12075,20,887,10,1,KGID112075,Tanvi,1997-07-09,F,AB+,0,2004-02-13
12076,20,887,6,4,KGID112076,Andrew,1968-01-06,M,O-,0,2006-11-11
12077,20,887,10,5,KGID112077,Hamsini,1978-07-11,F,O-,0,2000-05-25
12078,20,887,6,4,KGID112078,Abdul,1983-09-03,M,B-,0,2018-06-24
12079,20,887,10,3,KGID112079,Devansh,1983-05-18,M,B-,0,2020-08-19
12080,20,887,6,1,KGID112080,Yuvraj,1967-12-04,M,O-,0,2022-06-01
12081,20,887,9,4,KGID112081,Ekbal,1996-03-04,M,A+,0,2020-06-04
12082,20,887,7,1,KGID112082,Charita,2002-01-11,F,A+,1,1997-01-04
12083,20,887,7,4,KGID112083,Balhaar,1992-07-20,M,AB+,0,2003-08-26
12084,20,887,10,6,KGID112084,Baljiwan,1983-07-21,M,O-,0,2022-10-03
12085,20,887,10,1,KGID112085,Advaith,1974-05-02,M,A-,0,2015-01-10
12086,20,887,10,4,KGID112086,Banjeet,1995-01-10,M,AB+,0,2009-12-25
12087,20,887,9,2,KGID112087,Kamya,1989-07-23,F,O+,0,2023-04-04
12088,20,887,10,6,KGID112088,Gabriel,1978-11-14,M,AB+,0,2012-08-07
12089,20,887,10,1,KGID112089,Veer,1983-08-07,M,O-,0,2001-02-25
12090,20,887,5,1,KGID112090,Pranav,1974-06-06,M,B+,0,1997-12-27
12091,20,887,6,4,KGID112091,Tristan,1987-08-26,M,O-,0,2002-07-17
12092,20,888,5,5,KGID112092,Samarth,1992-05-10,M,B+,0,2016-11-17
12093,20,888,6,6,KGID112093,Rohan,1968-07-04,M,B-,0,2005-07-14
12094,20,888,10,6,KGID112094,Frado,1983-05-27,M,B+,0,2018-06-02
12095,20,888,6,4,KGID112095,Jyoti,1983-01-02,F,AB+,0,1996-08-28
12096,20,888,9,5,KGID112096,Aayush,1993-04-21,M,O-,1,2002-09-02
12097,20,888,10,1,KGID112097,Atharv,1984-02-19,M,O-,0,2010-05-26
12098,20,888,7,2,KGID112098,Amol,1994-11-26,M,O+,0,2006-12-11
12099,20,888,6,6,KGID112099,Dominic,1979-03-18,M,A-,0,2005-11-19
12100,20,888,7,5,KGID112100,Jeet,1982-01-09,M,O+,0,2003-11-26
12101,20,889,10,2,KGID112101,Vedant,1990-05-25,M,A+,0,2011-10-10
12102,20,889,6,5,KGID112102,Udyati,2002-12-10,F,AB+,0,1998-02-12
12103,20,889,9,1,KGID112103,Gaurangi,1991-06-14,F,AB+,0,2016-01-28
12104,20,889,10,1,KGID112104,Girindra,1979-08-21,M,B+,1,2013-10-27
12105,20,889,10,5,KGID112105,Ryan,2002-05-31,M,B-,0,2007-02-09
12106,20,889,10,5,KGID112106,Ekbal,1986-04-04,M,B+,0,2015-09-23
12107,20,889,7,3,KGID112107,Indrajit,1973-02-08,M,O+,0,2015-06-30
12108,20,889,6,1,KGID112108,Ekanta,1991-03-15,F,B+,0,2020-09-19
12109,20,889,10,1,KGID112109,Mohammed,1985-04-02,M,A-,0,2001-07-23
12110,20,889,7,3,KGID112110,Vaishnavi,1973-07-28,F,A+,0,2012-02-27
12111,20,889,9,1,KGID112111,Om,1981-01-11,M,A-,0,2010-06-08
12112,20,890,7,6,KGID112112,Veda,1986-01-10,F,O+,0,2009-09-22
12113,20,890,7,5,KGID112113,Indali,1985-07-12,F,O-,0,2004-03-15
12114,20,890,10,4,KGID112114,Xavier,2002-04-11,M,O-,0,2008-05-28
12115,20,890,7,1,KGID112115,Hemang,1980-08-31,M,B+,0,2004-04-25
12116,20,890,5,6,KGID112116,Praneel,1997-01-27,M,O+,0,2019-08-13
12117,20,890,10,4,KGID112117,Chandani,1991-04-18,F,O+,0,2022-05-17
12118,20,890,7,2,KGID112118,Omya,1968-10-05,F,B+,1,2009-02-09
12119,20,890,10,3,KGID112119,Warinder,2001-05-21,M,B+,0,2013-01-04
12120,20,890,9,4,KGID112120,Yashica,1983-05-17,F,AB+,0,2001-04-11
12121,20,890,7,2,KGID112121,Chakrika,1988-07-30,F,B-,0,2021-10-19
12122,20,890,10,1,KGID112122,Harini,1973-12-03,F,O-,0,2014-04-19
12123,20,890,9,2,KGID112123,Rishi,1982-12-20,M,A+,0,2005-05-23
12124,20,891,5,2,KGID112124,Advay,1997-04-22,M,AB+,0,2008-10-27
12125,20,891,7,5,KGID112125,Qarin,1995-05-25,M,B-,0,2016-04-07
12126,20,891,10,4,KGID112126,Daksh,1978-05-30,M,AB+,0,2022-04-08
12127,20,891,9,6,KGID112127,Ekbal,1985-03-23,M,B-,0,2008-07-04
12128,20,891,10,6,KGID112128,Yuvraj,1974-06-13,M,O-,1,2012-06-21
12129,20,891,10,5,KGID112129,Reyansh,1992-07-21,M,O-,0,2015-02-03
12130,20,891,7,4,KGID112130,Ubika,2002-02-02,F,A+,0,2023-02-14
12131,20,891,9,1,KGID112131,Hemang,1983-06-12,M,O+,0,2004-02-18
12132,20,891,6,5,KGID112132,Kashish,1981-09-14,F,O-,0,2010-03-22
12133,20,891,10,5,KGID112133,Arjun,1970-09-24,M,O-,0,2021-06-15
12134,20,891,7,2,KGID112134,Guneet,1972-08-16,M,B+,0,2000-05-27
12135,20,891,9,5,KGID112135,Nitesh,1993-10-23,M,B+,0,2017-04-13
12136,20,891,10,2,KGID112136,Warjas,1984-03-12,M,B+,0,2003-01-02
12137,20,892,6,1,KGID112137,Nakul,1970-08-27,M,AB+,0,1997-05-16
12138,20,892,6,6,KGID112138,Timothy,1993-02-26,M,AB+,0,2003-05-20
12139,20,892,10,3,KGID112139,Nihal,1985-03-07,M,B+,0,2024-10-30
12140,20,892,5,5,KGID112140,Meera,1976-06-18,F,A-,0,2007-03-27
12141,20,892,7,2,KGID112141,Agastya,1982-06-13,M,O-,0,2023-02-07
12142,20,892,7,3,KGID112142,Ronith,1982-05-23,M,AB+,0,2020-12-15
12143,20,892,5,1,KGID112143,Avi,1989-12-22,M,A+,0,2009-05-18
12144,20,892,10,4,KGID112144,Tanay,1993-02-19,M,A-,0,1999-07-23
12145,20,892,10,2,KGID112145,Isaac,1979-08-30,M,B+,0,2004-05-02
12146,20,892,10,5,KGID112146,Umang,1997-04-06,M,O-,0,2011-10-20
12147,20,892,6,3,KGID112147,Charan,1989-05-20,M,A-,0,2017-10-29
12148,20,892,7,5,KGID112148,Bachittar,1986-04-23,M,O-,0,2000-11-16
12149,20,892,5,1,KGID112149,Qarin,1978-07-03,M,B-,0,2021-10-28
12150,20,892,10,2,KGID112150,Thomas,2002-07-21,M,A-,0,2010-08-29
12151,20,892,10,6,KGID112151,Qadim,1989-04-27,M,A+,0,2006-09-17
12152,20,892,7,1,KGID112152,Kalpit,1999-11-30,M,O+,0,1999-08-21
12153,20,893,10,3,KGID112153,Faqid,1967-12-09,M,B-,0,2001-11-23
12154,20,893,10,6,KGID112154,Garima,1977-09-11,F,A-,0,2024-08-20
12155,20,893,7,6,KGID112155,Chaitanya,1980-11-30,M,B+,0,2013-10-11
12156,20,893,7,2,KGID112156,Ryan,1974-04-18,M,AB+,0,2014-06-27
12157,20,893,6,4,KGID112157,Vaishnavi,1981-12-28,F,AB+,0,2018-04-29
12158,20,893,10,5,KGID112158,Abhimanyu,1967-08-01,M,B-,0,2014-04-23
12159,20,893,6,5,KGID112159,Gavin,2000-08-08,M,B-,0,2006-05-14
12160,20,893,10,1,KGID112160,Timothy,1976-06-22,M,B-,0,1999-04-05
12161,20,893,6,5,KGID112161,Lipika,1969-10-11,F,A+,0,2000-09-07
12162,20,893,7,6,KGID112162,Shivansh,1978-06-15,M,A-,0,1997-02-24
12163,20,893,10,6,KGID112163,Krishna,1993-09-25,M,A-,0,2023-03-04
12164,20,893,7,6,KGID112164,Faris,1978-01-27,M,O+,0,1999-07-12
12165,20,893,9,5,KGID112165,Girindra,1981-02-28,M,B-,0,1998-11-28
12166,20,893,10,4,KGID112166,Advik,1994-09-08,M,A-,0,2001-04-16
12167,20,893,10,4,KGID112167,Gabriel,1976-08-17,M,B+,0,2001-05-18
12168,20,893,10,6,KGID112168,Onveer,1996-10-19,M,AB+,0,2003-09-03
12169,21,894,7,4,KGID112169,Nidhi,2001-11-29,F,B+,0,2003-12-15
12170,21,894,10,2,KGID112170,Hiral,2001-11-19,F,O-,0,2007-09-12
12171,21,894,6,3,KGID112171,Isaac,2001-01-05,M,O-,0,2022-07-26
12172,21,894,5,1,KGID112172,Anika,1979-03-16,F,B-,0,2008-11-19
12173,21,894,9,3,KGID112173,Charan,1982-03-14,M,B+,0,2019-08-22
12174,21,894,10,6,KGID112174,Kabir,1972-02-26,M,B+,0,2008-05-14
12175,21,894,10,3,KGID112175,Nicholas,1971-11-11,M,O-,0,2020-05-04
12176,21,894,10,1,KGID112176,Chakradev,1994-06-15,M,A-,0,2022-04-17
12177,21,894,9,5,KGID112177,Jairaj,1975-08-29,M,O+,0,2013-01-03
12178,21,894,10,1,KGID112178,Lakshit,1974-06-16,M,O+,0,2017-04-25
12179,21,894,9,5,KGID112179,Veer,1982-02-16,M,A-,0,2008-05-02
12180,21,894,9,2,KGID112180,Upkaar,1987-03-09,M,B-,0,2002-09-22
12181,21,894,10,6,KGID112181,Max,1985-02-04,M,O+,0,2023-07-06
12182,21,894,10,5,KGID112182,Zaitra,1998-03-16,F,AB+,0,2025-07-10
12183,21,894,6,4,KGID112183,Sai,2000-02-08,M,O-,0,2008-01-05
12184,21,895,9,4,KGID112184,Yatin,1995-01-24,M,B-,0,2019-12-06
12185,21,895,7,1,KGID112185,Bachittar,1983-10-20,M,B-,0,2014-06-04
12186,21,895,7,4,KGID112186,Triveni,1993-09-08,F,B+,0,2023-08-12
12187,21,895,9,4,KGID112187,Yoshita,2000-10-06,F,B+,0,2010-03-12
12188,21,895,10,1,KGID112188,Ira,1988-06-28,F,B-,0,2016-02-12
12189,21,895,10,2,KGID112189,Ansh,1981-06-24,M,A+,0,1999-04-07
12190,21,895,10,2,KGID112190,Mitesh,2002-11-29,M,AB+,0,2009-01-21
12191,21,895,9,4,KGID112191,Samuel,1993-12-12,M,A+,0,2000-01-19
12192,21,895,6,3,KGID112192,Shaurya,1982-11-19,M,O+,0,2012-10-14
12193,21,895,10,2,KGID112193,Qarin,1985-01-26,M,B+,0,2006-06-12
12194,21,895,10,3,KGID112194,Nakul,1999-12-26,M,O-,0,2009-10-30
12195,21,895,6,3,KGID112195,Zaid,1971-10-08,M,O+,0,2009-09-17
12196,21,895,10,6,KGID112196,Rachit,2000-07-01,M,B-,0,1997-11-25
12197,21,895,6,3,KGID112197,Vihaan,2002-04-17,M,O-,0,1998-03-16
12198,21,895,10,5,KGID112198,Robert,1973-04-10,M,O+,0,2018-09-18
12199,21,895,5,2,KGID112199,Ryan,1995-04-01,M,B-,0,2002-11-24
12200,21,895,10,5,KGID112200,Faqid,2000-03-06,M,A-,0,2024-11-16
12201,21,895,10,5,KGID112201,Anay,1997-10-21,M,B+,0,2019-12-09
12202,21,895,9,5,KGID112202,Unni,1997-07-15,F,B-,0,2014-01-02
12203,21,896,9,5,KGID112203,Yashasvi,1996-08-28,F,A+,0,2014-09-12
12204,21,896,7,6,KGID112204,Nitesh,1969-04-23,M,B+,0,2002-10-26
12205,21,896,10,2,KGID112205,Noah,1985-11-20,M,A+,0,2000-11-17
12206,21,896,7,4,KGID112206,Utkarsh,2000-02-26,M,A+,0,2023-02-24
12207,21,896,7,4,KGID112207,Vidhi,1974-02-15,F,O-,0,2017-07-26
12208,21,896,7,1,KGID112208,Idika,1974-12-02,F,AB+,0,2007-12-27
12209,21,896,10,2,KGID112209,Frederick,2003-01-16,M,A+,0,2018-04-16
12210,21,896,6,6,KGID112210,Hemangini,1995-03-06,F,O-,0,2011-01-06
12211,21,896,9,1,KGID112211,Arin,1975-08-14,M,AB+,0,2009-04-12
12212,21,896,9,4,KGID112212,Tanmayi,2002-03-15,F,AB+,0,2002-05-24
12213,21,896,10,3,KGID112213,Faras,1975-09-08,M,A-,0,1996-10-28
12214,21,896,10,5,KGID112214,Balendra,1982-09-25,M,A+,0,2013-05-04
12215,21,896,10,3,KGID112215,Meera,1997-12-30,F,A-,0,2009-04-11
12216,21,896,9,3,KGID112216,Charan,2003-02-19,M,A+,0,2014-01-22
12217,21,897,10,6,KGID112217,Kritika,2003-05-18,F,A-,0,2006-11-16
12218,21,897,9,4,KGID112218,Shivani,1977-12-21,F,O-,0,2009-11-13
12219,21,897,7,3,KGID112219,Isaiah,1997-07-09,M,B-,0,2017-07-18
12220,21,897,6,2,KGID112220,Anay,1970-03-28,M,A-,0,2008-01-21
12221,21,897,9,5,KGID112221,Om,1986-04-24,M,A+,0,2010-06-17
12222,21,897,9,6,KGID112222,Charles,1995-01-19,M,A+,0,2011-06-21
12223,21,897,10,2,KGID112223,Nathaniel,1987-03-19,M,B+,0,2000-04-08
12224,21,897,5,5,KGID112224,Atharv,1984-07-01,M,O+,0,2007-10-09
12225,21,897,10,1,KGID112225,Maanas,1990-01-06,M,O+,0,2023-09-22
12226,21,897,10,5,KGID112226,Vrishti,1967-11-11,F,O+,0,2002-12-11
12227,21,897,5,4,KGID112227,Kashish,1981-01-14,F,O-,0,2022-01-13
12228,21,897,10,2,KGID112228,Fiyaz,1972-05-12,M,O-,0,2005-10-12
12229,21,897,7,4,KGID112229,Lopa,1997-07-14,F,A-,0,2010-06-22
12230,21,897,7,1,KGID112230,Faqid,1976-03-08,M,AB+,0,2001-06-07
12231,21,897,7,6,KGID112231,Victor,1983-12-30,M,A+,0,1998-10-23
12232,21,898,10,3,KGID112232,Vasatika,1996-10-03,F,B+,0,1999-08-18
12233,21,898,10,5,KGID112233,Yahvi,1989-11-16,F,AB+,0,2016-02-25
12234,21,898,10,6,KGID112234,Azaan,2002-12-07,M,B+,0,2004-01-31
12235,21,898,10,1,KGID112235,Kai,1988-02-22,M,A+,0,2022-12-12
12236,21,898,10,5,KGID112236,Reyansh,1993-10-03,M,A-,0,2018-06-16
12237,21,898,10,6,KGID112237,Ekapad,1971-02-04,M,O-,0,2024-12-13
12238,21,898,10,6,KGID112238,Om,1975-08-25,M,B+,0,2009-09-20
12239,21,898,9,3,KGID112239,Rayaan,1978-07-02,M,AB+,0,2022-01-19
12240,21,898,5,6,KGID112240,Onkar,1993-09-21,M,AB+,0,2011-02-25
12241,21,898,9,3,KGID112241,Aditya,1984-02-24,M,B+,0,2011-01-09
12242,21,898,10,1,KGID112242,Samesh,1972-11-22,M,B+,0,2005-05-09
12243,21,898,9,3,KGID112243,Amrita,1993-03-17,F,O-,0,2003-10-15
12244,21,898,9,1,KGID112244,Nihal,1968-05-18,M,B-,0,2008-10-16
12245,21,898,9,6,KGID112245,Sai,1976-10-24,M,O-,0,2005-10-23
12246,21,899,10,3,KGID112246,Hemang,1968-05-04,M,B+,0,2005-07-27
12247,21,899,10,4,KGID112247,Jason,1990-01-20,M,A+,0,1997-01-05
12248,21,899,6,6,KGID112248,Kabir,1988-07-13,M,O+,0,2015-10-27
12249,21,899,10,4,KGID112249,Advik,1998-09-02,M,A-,0,2024-12-20
12250,21,899,10,6,KGID112250,Kritika,1972-12-04,F,B+,0,2011-02-17
12251,21,899,7,2,KGID112251,Liam,1979-02-24,M,B-,0,1999-10-24
12252,21,899,9,1,KGID112252,Meera,1974-11-03,F,A-,0,2018-08-14
12253,21,899,10,3,KGID112253,Bina,1968-09-15,F,O-,0,2018-03-24
12254,21,899,9,3,KGID112254,Ranveer,1998-11-03,M,O-,0,2008-12-08
12255,21,899,9,6,KGID112255,Guneet,2002-10-26,M,A+,0,2002-04-07
12256,21,899,7,3,KGID112256,Janya,1981-08-31,F,AB+,0,2002-10-04
12257,21,899,10,2,KGID112257,Timothy,1988-04-15,M,A-,0,2010-01-17
12258,21,900,10,5,KGID112258,Ijaya,1968-11-09,F,B+,0,2020-01-01
12259,21,900,10,6,KGID112259,Yash,1997-09-29,M,O+,0,1996-09-18
12260,21,900,7,6,KGID112260,Luke,1990-11-25,M,O+,0,2024-08-08
12261,21,900,10,3,KGID112261,Tanish,1974-08-29,M,AB+,0,2003-07-29
12262,21,900,6,6,KGID112262,Chandresh,1994-09-21,M,A-,0,2005-10-12
12263,21,900,10,4,KGID112263,Vasudha,1981-10-25,F,A+,0,2012-06-29
12264,21,900,6,2,KGID112264,Qarin,1998-08-16,M,B-,0,2020-01-23
12265,21,900,7,1,KGID112265,Alexander,1996-02-18,M,B-,0,1996-09-29
12266,21,901,10,6,KGID112266,Veer,1986-12-21,M,AB+,0,2014-03-26
12267,21,901,9,4,KGID112267,Girindra,1997-11-06,M,O+,0,1997-12-27
12268,21,901,9,2,KGID112268,Yatan,1998-02-25,M,B+,0,2020-10-14
12269,21,901,9,1,KGID112269,Samuel,1970-07-03,M,AB+,0,2010-02-01
12270,21,901,5,5,KGID112270,Charles,1988-10-20,M,O-,0,1998-02-26
12271,21,901,10,2,KGID112271,Jeevika,1970-09-06,F,B+,0,2012-05-17
12272,21,901,10,2,KGID112272,Samesh,1986-04-17,M,O+,0,1996-11-18
12273,21,901,10,1,KGID112273,Udarsh,1978-12-10,M,A-,0,2002-06-30
12274,21,901,9,1,KGID112274,Gavin,1968-07-02,M,O+,0,2008-07-08
12275,21,901,9,5,KGID112275,Thomas,1975-01-07,M,B-,0,2001-04-24
12276,21,901,10,2,KGID112276,Luke,1993-01-30,M,B+,0,1997-03-12
12277,21,901,10,4,KGID112277,Warhi,1985-11-30,F,A+,0,2019-02-21
12278,21,901,10,5,KGID112278,Warinder,2003-01-26,M,B-,0,2006-10-10
12279,21,901,10,1,KGID112279,Rudra,1971-11-27,M,B+,0,2021-05-18
12280,21,901,7,3,KGID112280,Alexander,1999-04-07,M,B-,0,2015-01-11
12281,21,901,10,3,KGID112281,Devika,1973-06-11,F,O+,0,2009-06-03
12282,21,901,10,2,KGID112282,Diya,1986-05-04,F,B+,0,2000-07-25
12283,21,902,10,5,KGID112283,Jatin,1970-05-13,M,A-,0,2016-12-26
12284,21,902,5,3,KGID112284,Laksh,1983-08-15,M,O-,0,2010-10-07
12285,21,902,7,5,KGID112285,Ridhi,2002-01-08,F,B-,0,2021-12-06
12286,21,902,10,3,KGID112286,Agastya,1994-04-09,M,A-,0,2017-05-14
12287,21,902,10,2,KGID112287,Ekavir,1995-07-18,M,O-,0,2004-04-23
12288,21,902,6,2,KGID112288,Edhitha,1997-02-13,F,B-,0,2012-01-25
12289,21,902,5,1,KGID112289,Ati,1991-04-25,F,AB+,0,2003-02-19
12290,21,902,7,2,KGID112290,Keya,1976-09-29,F,A+,0,2007-10-25
12291,21,902,10,4,KGID112291,David,1976-11-15,M,B-,0,2001-11-30
12292,21,902,10,5,KGID112292,Chatresh,1971-09-04,M,O+,0,2006-01-08
12293,21,902,9,1,KGID112293,Guneet,1999-03-10,M,B-,0,2003-11-10
12294,21,902,9,2,KGID112294,Ekalinga,1990-11-21,M,B+,0,2012-11-02
12295,21,902,9,4,KGID112295,Vasudha,1998-12-13,F,O-,0,2016-01-20
12296,21,902,10,5,KGID112296,Damyanti,1983-08-30,F,B-,0,2012-04-29
12297,21,902,6,3,KGID112297,Ansh,1982-04-24,M,O-,0,2019-05-28
12298,21,902,9,3,KGID112298,Aarnav,1985-05-15,M,B-,0,2021-06-15
12299,21,902,10,5,KGID112299,Pranit,1971-04-07,M,B+,0,2014-06-23
12300,21,902,9,2,KGID112300,Charles,2001-11-17,M,B-,0,2005-12-24
12301,21,902,9,4,KGID112301,Dhruv,1988-09-09,M,B+,0,2021-01-12
12302,21,903,7,3,KGID112302,Mahika,1968-02-16,F,B+,0,2003-10-10
12303,21,903,7,3,KGID112303,Tanay,2001-04-21,M,AB+,0,1997-01-17
12304,21,903,10,4,KGID112304,Jacob,1979-02-08,M,B+,0,2008-05-01
12305,21,903,7,1,KGID112305,Umang,1981-05-06,M,A+,0,1996-09-23
12306,21,903,10,6,KGID112306,Arin,1979-04-03,M,AB+,0,2020-08-11
12307,21,903,9,3,KGID112307,Ijaya,1988-09-07,F,A+,0,2011-05-26
12308,21,903,7,3,KGID112308,Alexander,2001-12-31,M,O+,0,1999-12-30
12309,21,903,7,5,KGID112309,Jagat,1999-08-25,M,A+,0,2008-12-05
12310,21,904,7,4,KGID112310,Bishakha,1976-01-04,F,B-,0,2021-07-02
12311,21,904,7,5,KGID112311,Warda,1969-06-25,F,A+,0,2024-08-16
12312,21,904,5,5,KGID112312,Advika,1974-12-26,F,O-,0,2011-03-05
12313,21,904,7,1,KGID112313,Hardik,1995-08-07,M,A-,0,2015-09-07
12314,21,904,6,4,KGID112314,Frederick,1982-12-05,M,O-,0,2002-05-22
12315,21,904,7,6,KGID112315,Frederick,1986-10-03,M,A+,1,2008-04-29
12316,21,904,9,1,KGID112316,Tanay,1986-07-22,M,O-,0,2019-02-11
12317,21,904,6,1,KGID112317,Balvan,1999-07-31,M,B+,0,2025-06-12
12318,21,904,10,2,KGID112318,Wahab,1973-12-15,M,AB+,0,2013-09-08
12319,21,904,6,5,KGID112319,Zashil,2003-04-14,M,O+,0,2014-12-08
12320,21,904,7,5,KGID112320,Charan,1983-03-27,M,A-,0,2024-01-17
12321,21,904,7,1,KGID112321,Nilima,2003-04-12,F,O-,0,2009-10-01
12322,21,904,10,5,KGID112322,Praneel,1978-04-25,M,AB+,0,1999-10-18
12323,21,904,9,2,KGID112323,Frado,1985-10-30,M,O-,0,2025-06-27
12324,21,904,9,2,KGID112324,Vincent,1967-10-11,M,A-,0,2013-01-03
12325,21,905,9,5,KGID112325,Fariq,1971-02-10,M,AB+,0,2018-11-03
12326,21,905,9,4,KGID112326,Rishi,1968-12-18,M,B+,0,2019-11-03
12327,21,905,6,5,KGID112327,Ekani,1986-04-04,F,AB+,0,2024-08-22
12328,21,905,7,5,KGID112328,Amaira,1970-09-30,F,A+,0,2025-07-06
12329,21,905,6,3,KGID112329,Pranit,1990-02-15,M,A-,0,2015-09-05
12330,21,905,9,6,KGID112330,Jason,1971-08-17,M,A-,0,2015-01-11
12331,21,905,6,3,KGID112331,Nicholas,1973-01-21,M,O+,0,2013-11-07
12332,21,905,10,3,KGID112332,Charan,1969-08-29,M,A+,0,2024-05-17
12333,21,905,7,4,KGID112333,Harish,1983-07-06,M,O-,0,2019-12-18
12334,21,905,6,2,KGID112334,Zayyan,1967-12-03,M,A+,0,2008-03-26
12335,21,905,7,5,KGID112335,Urishilla,1976-11-18,F,AB+,0,2004-03-27
12336,21,905,10,2,KGID112336,Anmol,1970-12-07,M,A+,0,2007-11-19
12337,21,905,9,2,KGID112337,Jacob,1976-05-10,M,AB+,0,2018-05-21
12338,21,905,10,6,KGID112338,Janani,1996-11-18,F,O+,0,2010-06-05
12339,21,905,7,6,KGID112339,Yuvraj,2002-01-11,M,B-,0,2024-11-05
12340,21,905,10,3,KGID112340,Bachittar,1985-03-12,M,B+,0,2012-07-26
12341,21,905,10,2,KGID112341,Onkar,1980-12-25,M,A-,0,2024-03-31
12342,21,905,7,5,KGID112342,Pratyush,1984-11-28,M,AB+,0,1998-10-13
12343,21,905,10,5,KGID112343,Jacob,1976-06-14,M,A-,0,2000-01-08
12344,21,905,10,6,KGID112344,Devansh,1968-09-09,M,O+,0,2010-03-15
12345,21,906,6,3,KGID112345,Tarak,1981-12-01,M,O-,0,2024-06-29
12346,21,906,7,2,KGID112346,Brijesh,1997-11-02,M,O+,0,2009-12-21
12347,21,906,10,6,KGID112347,Luke,1985-12-17,M,A-,0,2024-11-22
12348,21,906,7,4,KGID112348,Charles,1996-06-07,M,O-,0,2009-08-29
12349,21,906,10,4,KGID112349,Yuvraj,1997-03-02,M,AB+,0,2009-07-08
12350,21,906,10,2,KGID112350,Timothy,1975-04-01,M,O-,0,2012-10-16
12351,21,906,6,5,KGID112351,Michael,1970-01-27,M,A+,0,2024-07-11
12352,21,906,10,6,KGID112352,Devansh,1982-05-20,M,AB+,0,2019-07-01
12353,21,906,10,5,KGID112353,Veda,1980-10-22,F,O-,1,2015-09-24
12354,21,906,10,6,KGID112354,Faris,1992-08-14,M,O+,0,2016-09-05
12355,21,906,7,1,KGID112355,Jairaj,1991-12-05,M,B+,0,2018-05-03
12356,21,906,10,5,KGID112356,Gaurang,1974-01-06,M,A+,0,2010-05-10
12357,21,906,7,2,KGID112357,Gaurang,1984-12-27,M,AB+,0,2001-05-21
12358,21,906,10,3,KGID112358,Krish,1968-02-02,M,O+,0,2024-11-02
12359,21,906,5,3,KGID112359,Henry,1988-05-31,M,AB+,0,2001-08-24
12360,21,906,6,6,KGID112360,Reyansh,1969-03-03,M,A-,0,2024-12-20
12361,21,906,7,6,KGID112361,Samuel,1991-11-15,M,B-,0,2001-01-08
12362,21,906,10,3,KGID112362,Wishi,1985-08-03,F,A+,0,2022-01-29
12363,21,906,10,5,KGID112363,Ekaraj,1987-07-13,M,O-,0,2012-10-09
12364,21,907,10,4,KGID112364,Vihaan,1997-08-08,M,A+,0,2022-07-27
12365,21,907,5,2,KGID112365,Jeremiah,1980-08-16,M,B+,0,2015-12-01
12366,21,907,9,3,KGID112366,Chandresh,1971-04-28,M,B-,0,2009-03-26
12367,21,907,5,1,KGID112367,Hemani,1997-06-24,F,A-,0,2018-01-19
12368,21,907,9,1,KGID112368,Vedhika,1999-06-03,F,A-,0,2019-12-20
12369,21,907,10,1,KGID112369,Chandresh,1971-09-30,M,B+,0,2019-05-27
12370,21,907,7,6,KGID112370,Luke,1978-06-20,M,O-,0,2020-06-05
12371,21,907,9,1,KGID112371,Wriddhish,1973-03-26,M,B+,0,2023-11-01
12372,21,907,10,3,KGID112372,Kai,1986-04-03,M,O-,0,2019-07-04
12373,21,907,10,3,KGID112373,Guneet,1993-04-08,M,AB+,0,2007-12-06
12374,21,907,9,3,KGID112374,Upasna,1998-02-24,F,O+,0,2022-08-20
12375,21,907,7,2,KGID112375,Hritik,1975-07-05,M,A-,0,2010-07-02
12376,21,908,6,3,KGID112376,Vasana,1972-05-01,F,B-,0,2007-02-16
12377,21,908,10,1,KGID112377,Aarush,1983-03-22,M,A-,1,2017-05-11
12378,21,908,9,6,KGID112378,Pranav,1978-10-23,M,A+,0,2008-02-05
12379,21,908,9,6,KGID112379,Jonathan,1981-02-13,M,AB+,0,2011-12-27
12380,21,908,9,2,KGID112380,Finn,1999-08-20,M,A+,0,2004-09-06
12381,21,908,10,6,KGID112381,Praneel,1979-06-09,M,O+,0,2000-01-12
12382,21,908,6,4,KGID112382,Tanveer,2001-04-09,M,O+,0,2020-06-07
12383,21,908,6,6,KGID112383,Gaurav,1992-07-02,M,A-,0,2018-12-03
12384,21,908,10,6,KGID112384,Tanveer,1988-09-26,M,B-,0,2006-08-10
12385,21,908,10,5,KGID112385,Abdul,1981-09-04,M,A-,0,2010-05-19
12386,21,908,9,3,KGID112386,Bhavika,1993-02-07,F,A+,0,2018-08-09
12387,21,908,7,3,KGID112387,Aadi,2002-02-10,M,A-,0,2013-07-06
12388,21,908,7,3,KGID112388,Zayan,1985-08-14,M,A+,0,2010-05-11
12389,21,908,10,4,KGID112389,Agastya,1989-11-11,M,A-,0,2002-08-03
12390,21,908,9,5,KGID112390,Bahadurjit,2000-02-18,M,O-,0,2009-03-20
12391,21,908,6,1,KGID112391,Samarth,1998-03-29,M,A+,0,2011-02-06
12392,21,908,10,4,KGID112392,Girik,1993-01-21,M,B-,0,1999-01-23
12393,21,908,9,2,KGID112393,Anthony,1982-08-01,M,O-,0,2010-12-09
12394,21,908,7,6,KGID112394,Lohit,1984-05-09,M,B-,0,1996-09-11
12395,21,909,10,2,KGID112395,Advika,1971-08-14,F,B-,0,2013-12-22
12396,21,909,6,2,KGID112396,Ishaan,1994-07-27,M,AB+,0,1998-04-05
12397,21,909,10,5,KGID112397,Saksham,1990-09-22,M,O-,0,2009-03-05
12398,21,909,10,6,KGID112398,Vedant,1996-02-03,M,A+,0,2003-08-19
12399,21,909,10,3,KGID112399,Peter,1976-12-20,M,O-,0,2023-06-01
12400,21,909,10,5,KGID112400,Oviya,1973-03-26,F,AB+,0,1998-12-22
12401,21,909,10,1,KGID112401,Qabil,1978-08-16,M,AB+,0,2004-05-12
12402,21,909,10,1,KGID112402,Neel,1999-02-22,M,AB+,0,2010-11-27
12403,21,909,9,3,KGID112403,Nicholas,1991-02-28,M,A+,0,2005-05-10
12404,21,909,6,1,KGID112404,Patrick,1985-08-08,M,AB+,0,2008-12-31
12405,21,910,9,6,KGID112405,Noah,1994-11-23,M,A+,0,2014-01-11
12406,21,910,10,4,KGID112406,Laban,1970-11-06,M,A+,0,2014-03-30
12407,21,910,10,3,KGID112407,Jagdish,1993-11-14,M,A+,0,2011-11-12
12408,21,910,10,5,KGID112408,Fitan,1992-02-26,M,O+,0,2019-02-22
12409,21,910,6,6,KGID112409,Jeet,2002-01-26,M,A-,0,2002-08-19
12410,21,910,5,3,KGID112410,Daniel,1980-06-05,M,A-,0,2018-09-23
12411,21,910,10,3,KGID112411,Matthew,1998-01-27,M,B-,0,2011-06-10
12412,21,910,10,5,KGID112412,Yatan,1990-02-06,M,B+,0,2010-12-06
12413,21,910,10,4,KGID112413,Tanmayi,1980-10-22,F,O-,0,2021-06-24
12414,21,910,9,4,KGID112414,Dipta,1992-09-08,F,B+,0,2016-10-12
12415,21,910,9,1,KGID112415,Abdul,1993-04-13,M,O+,0,2012-11-30
12416,21,910,10,1,KGID112416,Girik,1981-06-22,M,B-,0,2015-12-12
12417,21,910,10,6,KGID112417,Yahvi,1997-10-14,F,B-,0,2017-03-20
12418,21,910,10,4,KGID112418,Peter,1998-12-25,M,B+,0,2020-11-01
12419,21,910,6,1,KGID112419,Aradhana,1972-02-13,F,A-,0,2004-02-09
12420,21,910,10,6,KGID112420,Farhan,2003-02-08,M,A+,0,2024-08-31
12421,21,910,7,4,KGID112421,Jagat,1974-08-14,M,A+,0,2021-06-01
12422,21,910,10,5,KGID112422,Lakshit,1975-10-29,M,B-,0,2021-01-18
12423,21,910,5,5,KGID112423,Robert,1975-04-26,M,O-,0,2008-04-26
12424,21,911,7,5,KGID112424,Tanay,1976-12-13,M,A-,0,2018-10-08
12425,21,911,10,6,KGID112425,Nathan,1992-03-05,M,A+,0,2002-01-03
12426,21,911,10,5,KGID112426,Ryan,1996-10-12,M,O-,0,1999-11-17
12427,21,911,10,3,KGID112427,Gabriel,1981-02-12,M,B-,0,2021-06-22
12428,21,911,10,6,KGID112428,Jai,1974-09-06,M,AB+,1,2022-04-14
12429,21,911,10,4,KGID112429,Udarsh,1973-04-20,M,O+,0,2006-06-13
12430,21,911,9,4,KGID112430,Nisha,1969-04-14,F,A+,0,2004-05-11
12431,21,911,10,3,KGID112431,Finn,1976-10-15,M,A-,0,2024-04-10
12432,21,911,10,3,KGID112432,Isaiah,1994-11-19,M,O-,0,2010-03-26
12433,21,911,7,2,KGID112433,Kalpit,1977-05-27,M,O-,0,2004-02-05
12434,21,911,10,1,KGID112434,Nitesh,1979-02-01,M,B-,0,2008-12-01
12435,21,911,10,4,KGID112435,Charles,2001-12-25,M,A+,0,2002-01-29
12436,21,911,10,4,KGID112436,Bina,1973-12-10,F,B+,0,1999-02-09
12437,21,911,9,5,KGID112437,Lila,1983-01-20,F,A+,0,2008-03-06
12438,21,911,10,5,KGID112438,Bina,1972-06-10,F,B+,0,2005-08-14
12439,21,912,10,1,KGID112439,Fitan,1971-06-05,M,AB+,0,2014-12-14
12440,21,912,6,4,KGID112440,Jatin,1992-09-06,M,A+,0,2005-10-19
12441,21,912,9,5,KGID112441,Hredhaan,1980-04-10,M,O-,0,2000-02-24
12442,21,912,9,3,KGID112442,Aayush,2002-03-07,M,B-,0,2001-12-09
12443,21,912,9,6,KGID112443,Finn,1996-06-10,M,O-,0,2004-12-31
12444,21,912,10,2,KGID112444,Ranbir,1994-06-10,M,B-,0,2021-04-09
12445,21,912,9,5,KGID112445,Vasudha,1980-12-02,F,B-,0,2003-12-04
12446,21,912,5,2,KGID112446,Yashawini,1976-01-08,F,B-,0,2000-11-12
12447,21,912,10,4,KGID112447,Sanya,1972-02-29,F,O+,0,1999-01-20
12448,21,912,10,6,KGID112448,Zehaan,1983-05-12,M,O-,0,2018-09-24
12449,21,912,10,5,KGID112449,Avi,1984-08-30,M,A+,0,1997-04-24
12450,21,912,6,6,KGID112450,Zehaan,1997-07-15,M,AB+,0,2002-08-11
12451,21,912,9,1,KGID112451,Aashi,1970-12-12,F,A-,0,2024-10-26
12452,21,912,7,3,KGID112452,Vanya,1982-08-20,F,B-,0,2000-10-17
12453,21,912,6,4,KGID112453,Max,1998-04-23,M,B+,0,2018-01-11
12454,21,912,7,3,KGID112454,Brijesh,1983-08-04,M,A+,0,2001-08-27
12455,21,913,10,2,KGID112455,Falan,1973-12-24,M,O+,0,2013-09-30
12456,21,913,10,5,KGID112456,Qasim,1975-08-06,M,A+,0,2005-09-10
12457,21,913,10,3,KGID112457,Daniel,1985-09-12,M,A-,1,2020-03-20
12458,21,913,9,5,KGID112458,Alexander,1985-11-11,M,AB+,0,1998-09-20
12459,21,913,6,4,KGID112459,Hritik,1997-07-28,M,B+,0,2003-06-22
12460,21,913,7,2,KGID112460,Orinder,1972-05-18,M,A-,0,2015-05-16
12461,21,913,10,4,KGID112461,Saumya,1987-08-28,F,B-,0,2009-03-22
12462,21,913,7,3,KGID112462,Nicholas,1986-02-04,M,O+,0,2001-08-24
12463,21,913,10,5,KGID112463,Viraj,1975-08-14,M,AB+,0,2001-08-22
12464,21,913,7,1,KGID112464,Dev,1992-09-02,M,AB+,0,1997-04-30
12465,21,913,10,2,KGID112465,Niharika,1969-01-18,F,B+,0,2014-01-13
12466,21,913,6,2,KGID112466,Yashvi,2000-08-12,F,O+,0,1996-12-23
12467,21,913,10,4,KGID112467,Sathvik,1990-05-17,M,O+,0,2014-06-20
12468,21,913,7,6,KGID112468,Ishaan,1991-05-03,M,B+,0,2017-05-13
12469,21,913,10,3,KGID112469,Jonathan,1990-11-18,M,A-,0,1998-06-24
12470,21,913,10,6,KGID112470,Kiaan,1990-11-25,M,A-,0,2007-07-24
12471,21,913,10,6,KGID112471,Vaishnavi,1974-07-17,F,AB+,0,2022-06-19
12472,21,913,5,2,KGID112472,Saanvi,1993-04-29,F,AB+,0,2025-05-25
12473,21,913,6,3,KGID112473,Abeer,1998-02-14,M,B-,0,2016-01-18
12474,21,914,10,3,KGID112474,Vrishti,1973-10-31,F,O+,0,2011-04-24
12475,21,914,5,1,KGID112475,Timothy,2000-05-20,M,B+,0,2015-09-12
12476,21,914,6,1,KGID112476,Chatura,1972-08-22,M,O+,0,2024-11-15
12477,21,914,9,2,KGID112477,Imaran,1987-01-15,M,O+,0,1999-05-18
12478,21,914,9,2,KGID112478,Avni,1975-11-07,F,A+,0,2023-02-08
12479,21,914,10,5,KGID112479,Ayush,1979-01-24,M,B-,0,2022-11-25
12480,21,914,5,3,KGID112480,Ekalinga,2002-05-06,M,O+,0,1999-01-24
12481,21,914,9,3,KGID112481,Jackson,1982-08-27,M,O+,0,1999-01-28
12482,21,914,10,1,KGID112482,Chaitaly,1988-11-15,F,B-,0,2005-12-16
12483,21,914,7,1,KGID112483,Joshua,1985-07-29,M,B-,0,2021-11-02
12484,21,914,7,4,KGID112484,Balhaar,1969-06-23,M,A+,0,2025-02-10
12485,21,914,10,1,KGID112485,Omisha,1967-10-31,F,O-,0,2018-03-16
12486,21,914,10,4,KGID112486,Girik,1971-04-28,M,A-,0,2019-07-25
12487,21,914,10,1,KGID112487,Yug,1969-02-20,M,A-,0,1997-01-01
12488,21,914,10,3,KGID112488,Balendra,1972-10-04,M,B-,0,2022-06-20
12489,21,914,6,5,KGID112489,Finn,1972-01-08,M,AB+,0,2008-06-13
12490,21,914,9,6,KGID112490,Zayan,1992-06-20,M,B-,0,2024-01-11
12491,21,914,6,4,KGID112491,Gabriel,1983-10-11,M,A+,0,2022-08-15
12492,21,914,10,2,KGID112492,Gauri,1969-01-31,F,A-,0,2015-06-15
12493,21,914,7,6,KGID112493,Zayyan,1996-12-02,M,AB+,0,2017-04-21
12494,21,915,10,4,KGID112494,Kiaan,1988-09-18,M,O+,0,2005-12-05
12495,21,915,10,2,KGID112495,Om,1982-01-09,M,O+,0,2000-10-21
12496,21,915,5,6,KGID112496,Daksha,1988-05-10,F,B+,0,2013-09-09
12497,21,915,9,6,KGID112497,Aditya,2002-07-16,M,O+,0,2018-03-24
12498,21,915,9,1,KGID112498,Prisha,1993-11-01,F,O+,0,2017-11-18
12499,21,915,10,2,KGID112499,Noah,2002-09-10,M,B-,0,2023-12-06
12500,21,915,10,4,KGID112500,Prisha,1968-01-14,F,B+,0,2004-11-18
12501,21,915,10,2,KGID112501,Vedant,1995-12-28,M,AB+,0,2005-02-25
12502,21,916,10,6,KGID112502,Jeremiah,1981-03-10,M,O-,0,2006-03-08
12503,21,916,6,3,KGID112503,Yash,1980-05-19,M,A+,0,2004-08-09
12504,21,916,10,2,KGID112504,Viraj,1971-08-05,M,AB+,0,2018-11-14
12505,21,916,7,2,KGID112505,Sathvik,1982-05-11,M,O-,0,2005-01-05
12506,21,916,6,3,KGID112506,Imaran,1981-02-08,M,AB+,0,2012-09-06
12507,21,916,6,2,KGID112507,Aashi,1996-04-30,F,A-,0,2012-05-09
12508,21,916,10,3,KGID112508,Avi,1990-12-31,M,A+,0,2015-09-26
12509,21,916,10,5,KGID112509,Ayaan,1992-01-09,M,AB+,0,2022-10-13
12510,21,916,6,6,KGID112510,Charan,1993-09-15,M,A+,0,1998-03-25
12511,21,916,10,3,KGID112511,Qarin,1989-12-26,M,O-,0,2003-05-31
12512,21,916,6,5,KGID112512,Lucky,2002-06-03,M,O-,0,2024-10-12
12513,21,916,7,4,KGID112513,Imaran,1982-07-18,M,B-,0,2019-09-16
12514,22,917,9,4,KGID112514,Chakradev,1973-03-23,M,A-,0,2021-09-17
12515,22,917,10,5,KGID112515,Wahab,1976-05-04,M,B-,0,2009-05-09
12516,22,917,10,4,KGID112516,Ryan,1970-10-16,M,AB+,0,2005-09-26
12517,22,917,10,6,KGID112517,Champak,1984-01-07,M,AB+,0,1999-12-27
12518,22,917,10,2,KGID112518,Sudiksha,1982-07-24,F,A-,0,2025-02-03
12519,22,917,10,5,KGID112519,Girindra,1988-10-09,M,B+,0,2010-01-20
12520,22,917,7,4,KGID112520,Rishi,1989-03-30,M,O+,0,2017-01-10
12521,22,917,10,2,KGID112521,Maanav,1970-09-21,M,A+,0,2015-03-10
12522,22,917,5,3,KGID112522,Charles,1984-11-10,M,B+,0,2020-10-09
12523,22,917,5,5,KGID112523,Patrick,1980-03-12,M,A-,0,2007-10-30
12524,22,917,10,1,KGID112524,Fariq,1970-02-17,M,B-,0,2002-10-04
12525,22,917,10,4,KGID112525,Ekbal,1976-09-29,M,AB+,0,2023-03-23
12526,22,917,10,3,KGID112526,Yuvraj,1985-07-21,M,A-,0,2003-03-11
12527,22,917,5,4,KGID112527,Hemang,2002-04-25,M,B+,0,1997-07-18
12528,22,917,6,3,KGID112528,Anika,1976-04-17,F,B-,0,1998-09-16
12529,22,917,9,6,KGID112529,Xavier,1992-11-24,M,O+,0,1999-09-26
12530,22,917,7,2,KGID112530,Pooja,1980-12-30,F,A+,0,2020-08-12
12531,22,917,10,5,KGID112531,Warjas,1971-12-26,M,O+,0,2022-02-13
12532,22,917,6,3,KGID112532,Quincy,1971-10-05,M,O+,0,2002-10-25
12533,22,918,6,5,KGID112533,Tarak,1984-03-09,M,A-,1,2003-12-19
12534,22,918,9,5,KGID112534,Robert,1972-08-06,M,A-,0,2010-06-28
12535,22,918,9,6,KGID112535,Gabriel,1972-08-01,M,AB+,0,2010-09-14
12536,22,918,5,1,KGID112536,Lakshmi,1997-09-05,F,O+,0,2019-11-21
12537,22,918,6,3,KGID112537,Tarak,1980-06-29,M,B-,0,2014-05-18
12538,22,918,9,6,KGID112538,Tripti,1973-12-21,F,B+,0,2017-07-08
12539,22,918,10,1,KGID112539,Jagdish,1970-03-06,M,AB+,0,2007-06-10
12540,22,918,10,6,KGID112540,Balhaar,1996-07-28,M,O+,0,2021-11-06
12541,22,918,6,1,KGID112541,Jatin,1991-08-21,M,AB+,0,2014-03-22
12542,22,918,9,1,KGID112542,Chakrika,1982-06-22,F,A-,0,1997-03-18
12543,22,918,9,4,KGID112543,Aadi,1977-07-20,M,A+,0,2014-02-19
12544,22,918,9,1,KGID112544,Aditya,1983-01-25,M,AB+,0,1997-08-30
12545,22,918,6,5,KGID112545,Michael,1991-09-16,M,AB+,0,2010-08-01
12546,22,918,7,4,KGID112546,Anvi,2002-04-30,F,A-,0,2021-03-30
12547,22,918,7,2,KGID112547,Fariq,1982-09-15,M,B-,0,2003-01-10
12548,22,918,10,3,KGID112548,Vincent,1985-08-28,M,B-,0,1999-06-15
12549,22,918,10,5,KGID112549,Daniel,1969-05-22,M,O-,1,2003-03-04
12550,22,918,10,3,KGID112550,Girindra,1984-01-17,M,B+,0,2009-01-31
12551,22,919,6,2,KGID112551,Krishna,1979-06-09,F,B-,0,2020-02-27
12552,22,919,6,3,KGID112552,Om,1979-08-23,M,B-,0,2017-04-27
12553,22,919,10,2,KGID112553,Anmol,1989-08-14,M,B-,0,1998-10-07
12554,22,919,10,6,KGID112554,Upkaar,1976-01-03,M,AB+,0,2011-07-25
12555,22,919,5,3,KGID112555,Jacob,2001-05-03,M,A-,0,2014-01-07
12556,22,919,10,1,KGID112556,Kai,1989-04-16,M,O-,1,2022-02-05
12557,22,919,9,5,KGID112557,Devika,1985-11-27,F,O-,0,2012-04-05
12558,22,919,10,3,KGID112558,Patrick,1984-11-25,M,O-,0,2016-08-21
12559,22,919,10,2,KGID112559,Daksha,1969-06-26,F,O-,0,2004-07-23
12560,22,919,9,3,KGID112560,Omkaar,1982-05-16,M,O-,1,1998-07-26
12561,22,920,10,1,KGID112561,Vedant,1986-02-26,M,A-,0,2017-04-09
12562,22,920,7,1,KGID112562,Wahab,2002-03-29,M,B-,0,2021-10-17
12563,22,920,9,2,KGID112563,Gunbir,1992-12-08,M,O+,0,2007-08-01
12564,22,920,6,3,KGID112564,Anthony,1969-06-30,M,A-,0,2004-05-27
12565,22,920,10,1,KGID112565,Dev,1985-04-09,M,B+,0,2004-04-16
12566,22,920,10,5,KGID112566,Wakeeta,1987-07-19,F,A-,0,2023-06-01
12567,22,920,10,3,KGID112567,Pratyush,1989-12-03,M,B-,0,2017-08-25
12568,22,920,10,6,KGID112568,Isaac,1982-06-13,M,A+,0,2010-11-25
12569,22,920,10,4,KGID112569,Riya,1996-12-10,F,A+,0,2023-04-06
12570,22,920,10,2,KGID112570,Radha,1983-01-17,F,B-,0,2012-03-21
12571,22,920,9,1,KGID112571,Dominic,1993-01-20,M,B+,0,2022-09-20
12572,22,921,6,5,KGID112572,Anamika,1979-04-19,F,O+,0,1998-05-21
12573,22,921,9,2,KGID112573,Qadim,1988-12-16,M,O-,0,2023-06-25
12574,22,921,7,3,KGID112574,Yashodhara,1988-04-23,F,B-,0,2001-02-05
12575,22,921,9,3,KGID112575,Azad,1970-04-09,M,A-,0,2009-07-18
12576,22,921,10,6,KGID112576,Mohammed,1998-11-09,M,AB+,0,2007-05-28
12577,22,921,10,5,KGID112577,Joshua,1970-12-23,M,A+,0,2000-07-13
12578,22,921,9,3,KGID112578,Neel,2000-07-15,M,B+,0,2009-06-01
12579,22,921,7,3,KGID112579,Gaurav,1998-01-01,M,O+,0,2021-04-15
12580,22,921,6,6,KGID112580,Theodore,1968-10-20,M,O-,0,1997-12-01
12581,22,921,9,6,KGID112581,Samar,1983-05-13,M,B+,0,2002-06-27
12582,22,921,6,5,KGID112582,Zilmil,1999-03-19,F,B+,0,2005-05-07
12583,22,921,10,2,KGID112583,Bakhshi,1998-10-26,M,O-,0,2008-10-12
12584,22,921,7,5,KGID112584,Nakul,1970-01-23,M,O+,0,2009-03-06
12585,22,922,5,3,KGID112585,Bhavika,1973-06-03,F,B+,0,2010-12-10
12586,22,922,10,2,KGID112586,Onveer,1970-09-02,M,B-,0,2012-05-18
12587,22,922,10,3,KGID112587,Aahana,1979-07-10,F,A-,0,1998-05-17
12588,22,922,9,6,KGID112588,Om,1971-04-25,M,B-,0,2020-05-22
12589,22,922,10,3,KGID112589,Ganga,1995-07-23,F,O-,0,2002-05-23
12590,22,922,10,2,KGID112590,Isaac,1996-07-18,M,B+,0,2004-01-04
12591,22,922,7,6,KGID112591,Jonathan,1995-03-05,M,A-,0,1999-04-15
12592,22,922,10,1,KGID112592,Avi,1979-02-08,M,B+,0,2001-08-09
12593,22,922,10,4,KGID112593,Zansi,2000-02-25,F,B-,0,2019-12-15
12594,22,922,10,2,KGID112594,Ekavir,1993-09-03,M,O-,0,2000-07-18
12595,22,922,9,2,KGID112595,Liam,2000-12-18,M,B-,0,2024-11-01
12596,22,922,10,6,KGID112596,Samarth,1988-01-01,M,B+,0,2019-11-13
12597,22,922,10,1,KGID112597,Avni,1981-09-01,F,B+,0,2016-01-15
12598,22,922,9,2,KGID112598,Bhavna,1981-11-25,F,A-,0,2011-07-23
12599,22,922,6,3,KGID112599,Anjali,1988-07-18,F,O-,0,2024-07-06
12600,22,923,10,6,KGID112600,Daniel,1991-02-07,M,AB+,0,1997-05-04
12601,22,923,10,5,KGID112601,Arjun,1982-01-01,M,O+,0,2007-10-11
12602,22,923,6,5,KGID112602,Balhaar,1990-10-03,M,AB+,0,2013-08-04
12603,22,923,9,5,KGID112603,Pahal,1975-10-12,F,A-,0,1999-04-01
12604,22,923,10,6,KGID112604,Manthan,1982-01-15,M,A+,0,2014-10-23
12605,22,923,6,3,KGID112605,Quincy,1984-01-30,M,O-,0,2013-04-07
12606,22,923,7,5,KGID112606,Orinder,1968-07-29,M,AB+,0,2021-12-02
12607,22,923,6,5,KGID112607,Umang,1978-03-22,M,O+,0,2009-08-18
12608,22,924,10,6,KGID112608,Faris,1993-09-06,M,A-,0,2007-04-15
12609,22,924,10,4,KGID112609,Isaiah,1995-07-31,M,AB+,0,2022-12-28
12610,22,924,10,5,KGID112610,Upadhriti,1986-10-20,F,O-,0,1999-01-01
12611,22,924,10,6,KGID112611,Ethan,1995-07-26,M,A+,0,2019-10-21
12612,22,924,9,4,KGID112612,Yuvraj,1988-03-22,M,AB+,0,1997-11-11
12613,22,924,5,6,KGID112613,Gaurang,1991-12-29,M,A-,0,2008-03-17
12614,22,924,6,3,KGID112614,Kritika,1968-07-20,F,A+,0,2011-04-10
12615,22,924,9,4,KGID112615,Luke,1991-12-17,M,AB+,0,2004-07-30
12616,22,924,6,4,KGID112616,Dayita,1979-07-25,F,AB+,0,2023-10-05
12617,22,924,7,5,KGID112617,Jeevika,1992-03-07,F,A+,0,2012-08-06
12618,22,925,10,5,KGID112618,Praneel,1983-11-26,M,B+,0,2018-09-22
12619,22,925,10,5,KGID112619,Jeet,1991-11-19,M,B+,0,2011-12-03
12620,22,925,10,3,KGID112620,Balvan,1998-08-20,M,A+,0,2019-06-08
12621,22,925,10,2,KGID112621,Devansh,1968-06-17,M,O-,0,2024-01-15
12622,22,925,10,4,KGID112622,Ira,1973-11-17,F,A+,0,2010-04-27
12623,22,925,10,6,KGID112623,Harsh,1970-03-02,M,O-,0,2009-06-28
12624,22,925,10,3,KGID112624,Zehaan,1981-12-17,M,A-,0,1997-01-12
12625,22,925,10,3,KGID112625,Sarthak,2000-06-29,M,O+,0,2019-05-25
12626,22,925,7,4,KGID112626,Chakradhar,1972-01-16,M,A-,0,2023-11-18
12627,22,925,9,2,KGID112627,Veer,1968-07-23,M,O+,0,2016-03-31
12628,22,925,10,3,KGID112628,Oeshi,1982-08-23,F,B-,0,2000-02-18
12629,22,925,5,3,KGID112629,Indira,1989-07-24,F,B-,0,2006-05-19
12630,22,925,10,2,KGID112630,Lakshit,1969-02-01,M,A+,0,2014-04-22
12631,22,925,10,6,KGID112631,Veer,1995-03-16,M,A-,0,2007-01-03
12632,22,925,6,3,KGID112632,Isaiah,1987-08-25,M,O-,0,2012-09-23
12633,22,925,10,5,KGID112633,Pratyush,1968-01-29,M,AB+,0,1998-06-12
12634,22,925,10,1,KGID112634,Azad,1972-08-20,M,A+,0,1999-12-07
12635,22,925,6,6,KGID112635,Yatin,1973-05-21,M,A-,1,2018-02-09
12636,22,925,9,6,KGID112636,Chandran,1988-02-24,M,A+,0,2021-02-20
12637,22,925,7,6,KGID112637,Faris,1982-08-20,M,A+,0,2011-08-16
12638,22,926,7,3,KGID112638,Udarsh,1990-11-24,M,O-,0,2004-09-11
12639,22,926,10,1,KGID112639,Jason,1980-02-11,M,A-,0,2008-09-12
12640,22,926,9,6,KGID112640,Dev,1977-10-11,M,B-,0,2009-08-01
12641,22,926,7,1,KGID112641,Ronith,1999-12-09,M,O-,0,2018-11-27
12642,22,926,10,1,KGID112642,Ansh,1999-08-03,M,O+,0,1998-01-25
12643,22,926,10,3,KGID112643,Oeshi,1997-10-04,F,O+,0,2018-08-26
12644,22,926,10,6,KGID112644,Abdul,1980-09-13,M,O+,0,2015-09-14
12645,22,926,9,6,KGID112645,Gauri,1988-08-29,F,O-,0,2006-04-07
12646,22,926,10,1,KGID112646,Anay,1980-03-05,M,A+,0,1996-10-24
12647,22,926,7,2,KGID112647,Frederick,1996-12-07,M,A+,0,1998-10-31
12648,22,926,10,3,KGID112648,Aarini,1985-10-13,F,B-,0,2021-06-19
12649,22,926,10,1,KGID112649,Lipika,1981-04-15,F,O-,0,2020-02-01
12650,22,926,5,5,KGID112650,Netra,1990-01-24,F,B-,0,2015-06-26
12651,22,926,9,6,KGID112651,Ishaan,1995-08-31,M,O-,0,2009-06-21
12652,22,926,10,2,KGID112652,Jatin,1982-03-24,M,A+,0,2001-09-09
12653,22,926,10,5,KGID112653,Thomas,1987-09-06,M,AB+,0,2016-06-30
12654,22,926,10,6,KGID112654,Leena,1968-10-23,F,O-,0,2000-06-13
12655,22,926,6,4,KGID112655,Dominic,1977-10-15,M,A-,0,1997-06-07
12656,22,926,10,1,KGID112656,Chakradev,1988-08-05,M,O-,0,2011-03-28
12657,22,927,7,2,KGID112657,Brijesh,1970-05-26,M,B+,0,2002-12-24
12658,22,927,9,5,KGID112658,Nathan,1988-12-12,M,A-,0,2008-09-08
12659,22,927,9,1,KGID112659,Yatan,1976-05-21,M,A-,0,2010-07-09
12660,22,927,5,5,KGID112660,Matthew,1969-01-07,M,B-,0,1998-01-29
12661,22,927,10,2,KGID112661,Ayush,1998-08-19,M,B+,0,2001-07-19
12662,22,927,10,6,KGID112662,Wahab,1969-05-10,M,B+,0,2020-08-28
12663,22,927,10,4,KGID112663,Pratyush,1970-09-20,M,B+,0,1999-12-18
12664,22,927,10,2,KGID112664,Wriddhish,1979-11-12,M,AB+,0,2018-08-29
12665,22,927,5,5,KGID112665,Dominic,1982-06-12,M,O-,0,2024-10-18
12666,22,927,7,4,KGID112666,Charles,2000-10-30,M,A+,0,2005-03-09
12667,22,927,6,5,KGID112667,Maanav,1995-10-28,M,O+,0,2012-07-21
12668,22,927,10,4,KGID112668,David,1996-03-02,M,A+,0,2016-11-03
12669,22,928,10,1,KGID112669,Zaid,1975-12-02,M,O+,0,2005-02-23
12670,22,928,9,5,KGID112670,Naksh,1968-12-17,M,O-,0,2015-12-08
12671,22,928,7,1,KGID112671,Maanav,1980-10-18,M,AB+,0,2003-07-28
12672,22,928,9,4,KGID112672,Ishaan,2000-04-12,M,AB+,0,2025-06-11
12673,22,928,9,2,KGID112673,Anmol,1989-05-12,M,B-,0,2014-04-11
12674,22,928,7,2,KGID112674,Om,1968-01-11,M,A-,0,2013-11-07
12675,22,928,10,1,KGID112675,Chandresh,1999-12-08,M,O-,0,2017-08-07
12676,22,928,10,6,KGID112676,Reyansh,1980-02-09,M,A+,0,2009-05-06
12677,22,929,7,4,KGID112677,Hemal,1978-10-13,F,A+,0,2010-01-29
12678,22,929,6,3,KGID112678,Laksh,1987-08-23,M,B+,0,2000-07-09
12679,22,929,7,4,KGID112679,Ishita,1991-05-13,F,A-,0,2010-07-08
12680,22,929,10,2,KGID112680,Aryan,1979-02-16,M,AB+,0,2024-05-26
12681,22,929,10,5,KGID112681,Faqid,1991-03-16,M,A-,0,1999-05-20
12682,22,929,10,1,KGID112682,Hitesh,1973-08-02,M,B-,0,2017-01-27
12683,22,929,10,3,KGID112683,Ekbal,1994-01-23,M,O+,0,1999-08-24
12684,22,929,10,4,KGID112684,Oscar,1969-07-02,M,B-,0,2019-09-16
12685,22,929,5,5,KGID112685,Laksh,2003-06-15,M,B-,0,2023-08-19
12686,22,929,9,6,KGID112686,Alexander,1977-03-15,M,O-,0,2023-11-30
12687,22,929,6,3,KGID112687,Gagan,1983-01-12,M,O-,0,2004-07-27
12688,22,929,9,6,KGID112688,Chandresh,1999-10-21,M,A-,0,1996-11-18
12689,22,929,10,6,KGID112689,Nicholas,1999-07-28,M,A-,0,2016-06-22
12690,22,929,7,4,KGID112690,Upma,1968-10-02,F,B-,0,2002-01-24
12691,22,929,10,2,KGID112691,Chanakya,1990-08-01,M,O+,0,1997-02-14
12692,22,929,9,6,KGID112692,Indali,1980-11-30,F,B+,0,2014-02-11
12693,22,930,7,5,KGID112693,Madhav,1986-07-14,M,A+,0,2014-11-03
12694,22,930,9,6,KGID112694,Reyansh,1983-01-17,M,A-,0,2014-06-21
12695,22,930,10,2,KGID112695,Bahadurjit,1970-04-15,M,B+,0,2002-10-23
12696,22,930,10,4,KGID112696,Thomas,2000-02-29,M,O+,0,2019-01-23
12697,22,930,6,1,KGID112697,Chatura,1967-09-07,M,B-,0,2000-05-12
12698,22,930,9,1,KGID112698,Aryan,1983-07-28,M,A+,1,1997-12-12
12699,22,930,9,2,KGID112699,Ekapad,1980-06-29,M,O-,1,2020-03-11
12700,22,930,7,5,KGID112700,Azad,1967-09-02,M,B+,0,2008-01-16
12701,22,930,10,2,KGID112701,Advik,1985-06-25,M,A+,0,2020-01-07
12702,22,930,10,6,KGID112702,Ekapad,1982-07-06,M,B+,0,2007-12-07
12703,22,930,6,4,KGID112703,Imaran,1996-11-08,M,B-,0,2023-12-25
12704,22,930,5,6,KGID112704,Nakul,1979-06-20,M,AB+,0,2014-04-13
12705,22,930,10,4,KGID112705,Kalpit,2001-08-19,M,B-,0,2002-12-07
12706,22,930,6,4,KGID112706,Qarin,1991-11-26,M,A+,0,2004-08-24
12707,22,930,9,5,KGID112707,Wahab,1994-12-23,M,A+,0,2013-07-17
12708,22,930,7,5,KGID112708,Shaurya,2001-10-09,M,A-,0,2019-05-28
12709,22,930,7,5,KGID112709,Urmi,1994-02-24,F,B+,0,2006-05-24
12710,22,930,7,4,KGID112710,Ishaan,1989-03-26,M,B-,0,2019-12-14
12711,22,931,10,6,KGID112711,Charita,1996-01-04,F,A-,1,2010-12-27
12712,22,931,9,1,KGID112712,Farhan,1987-07-11,M,A+,0,2011-08-16
12713,22,931,7,5,KGID112713,Advay,2000-04-27,M,O-,0,2019-05-23
12714,22,931,10,2,KGID112714,Girik,1969-02-06,M,B+,0,1999-11-30
12715,22,931,7,6,KGID112715,Hemang,1991-12-01,M,O-,0,1997-04-13
12716,22,931,10,2,KGID112716,Maya,1984-09-20,F,O-,0,1998-02-08
12717,22,931,7,3,KGID112717,Naksh,1970-06-24,M,A+,0,2021-10-20
12718,22,931,10,3,KGID112718,Jeevika,1975-08-03,F,O+,0,1999-09-10
12719,22,931,10,3,KGID112719,Daniel,1975-11-06,M,A-,0,2017-02-23
12720,22,931,9,3,KGID112720,Qadim,1972-08-19,M,A-,0,2008-08-20
12721,22,931,10,2,KGID112721,Yagnesh,1975-12-06,M,A-,0,2023-05-05
12722,22,931,10,1,KGID112722,Aditya,1968-10-17,M,A-,0,2019-02-14
12723,22,931,10,1,KGID112723,Pranit,1993-01-22,M,A+,0,1998-08-29
12724,22,931,9,5,KGID112724,Samarth,1996-03-02,M,B-,0,2001-09-28
12725,22,931,10,3,KGID112725,Janani,1968-09-06,F,A+,0,2015-08-12
12726,22,931,10,3,KGID112726,Darpan,1988-06-05,M,B+,0,2006-06-15
12727,22,931,7,2,KGID112727,Frederick,1970-08-13,M,A+,0,2007-08-20
12728,22,931,10,5,KGID112728,Girindra,1989-04-29,M,O+,0,2022-03-08
12729,22,931,9,4,KGID112729,Indrajit,1992-02-01,M,O-,0,1999-06-09
12730,22,932,9,1,KGID112730,Vedhika,1976-05-22,F,B-,0,2009-03-14
12731,22,932,9,6,KGID112731,Samar,1993-08-29,M,B+,0,2016-09-04
12732,22,932,7,1,KGID112732,Aarnav,1974-08-28,M,O+,0,2006-06-09
12733,22,932,10,6,KGID112733,Isaac,2003-01-25,M,A-,0,2010-10-16
12734,22,932,10,3,KGID112734,Jeet,1998-05-30,M,A+,0,2004-02-10
12735,22,932,7,2,KGID112735,Fiyaz,1991-09-29,M,O+,0,2016-12-04
12736,22,932,10,4,KGID112736,Caleb,1991-07-25,M,O+,0,2002-07-03
12737,22,932,9,3,KGID112737,Chandresh,1993-02-13,M,A+,0,2025-05-29
12738,22,932,7,5,KGID112738,Aayush,1988-04-16,M,A-,0,1996-10-15
12739,22,932,9,4,KGID112739,Theodore,1994-12-01,M,A+,0,1999-11-30
12740,22,932,9,3,KGID112740,Bahadurjit,1979-06-26,M,O-,0,2014-07-22
12741,22,932,9,6,KGID112741,Darpan,1986-10-24,M,O+,0,2012-11-19
12742,22,932,7,1,KGID112742,Tejas,1978-08-19,M,O+,0,2020-03-20
12743,22,932,10,2,KGID112743,Faris,1986-10-25,M,O-,0,2015-06-16
12744,22,932,10,5,KGID112744,Warinder,2002-11-05,M,O-,0,2023-05-08
12745,22,932,10,2,KGID112745,Ridhi,1977-04-06,F,B+,0,2021-11-12
12746,22,932,10,1,KGID112746,Isaiah,1969-01-26,M,B+,0,1999-04-08
12747,22,932,9,1,KGID112747,Kiaan,1973-10-01,M,O-,0,2016-09-19
12748,22,933,9,4,KGID112748,Isaac,1969-01-09,M,A+,0,1999-03-06
12749,22,933,10,5,KGID112749,Shaurya,2002-06-16,M,B+,0,2000-12-29
12750,22,933,6,4,KGID112750,Krisha,1987-01-22,F,B+,0,2004-08-22
12751,22,933,7,3,KGID112751,Samaksh,1983-09-02,M,AB+,0,2002-02-06
12752,22,933,6,5,KGID112752,Hemal,2003-06-22,F,B+,0,2025-03-13
12753,22,933,6,3,KGID112753,Chakrika,1987-01-11,F,A+,0,2010-10-12
12754,22,933,10,3,KGID112754,Chandresh,1997-01-18,M,B+,0,2009-06-23
12755,22,933,6,6,KGID112755,Jackson,1986-06-22,M,O-,0,2008-05-16
12756,22,933,10,3,KGID112756,Yug,1988-10-20,M,O-,0,2021-12-25
12757,22,934,10,4,KGID112757,Balendra,1970-01-08,M,B-,0,2023-04-25
12758,22,934,5,1,KGID112758,Qadim,1973-10-29,M,O+,0,2001-05-05
12759,22,934,6,6,KGID112759,Indrajit,2002-02-13,M,B-,0,2005-07-05
12760,22,934,9,1,KGID112760,Yuvraj,2003-01-16,M,A-,0,1998-10-20
12761,22,934,5,2,KGID112761,Chakradev,2002-08-31,M,O+,0,2022-03-10
12762,22,934,10,2,KGID112762,Nidhi,1977-05-19,F,O+,0,1999-07-26
12763,22,934,10,6,KGID112763,Abeer,1992-09-20,M,A-,0,2023-11-30
12764,22,934,10,5,KGID112764,Darpan,2003-06-30,M,B-,0,2006-05-02
12765,22,934,10,2,KGID112765,Aarav,1987-06-04,M,B+,0,2009-01-31
12766,22,934,5,5,KGID112766,Andrew,1979-07-19,M,O-,0,2013-07-18
12767,22,934,7,3,KGID112767,Ojas,1994-03-17,M,O+,0,2015-02-26
12768,22,934,6,1,KGID112768,Daniel,1994-04-08,M,O-,0,1999-02-25
12769,22,934,9,1,KGID112769,Gaurav,1982-07-16,M,O+,0,2016-06-06
12770,22,935,9,6,KGID112770,Samaksh,1975-10-08,M,B-,0,2002-05-28
12771,22,935,10,3,KGID112771,Azad,1997-09-28,M,A+,0,2002-10-03
12772,22,935,7,3,KGID112772,Victor,2002-05-01,M,AB+,0,2007-04-09
12773,22,935,7,5,KGID112773,Maanas,1992-10-16,M,A+,0,2021-10-20
12774,22,935,10,1,KGID112774,Lohit,1972-11-29,M,B-,0,2025-02-17
12775,22,935,9,5,KGID112775,Manthan,1970-04-07,M,B+,0,2018-01-30
12776,22,935,6,1,KGID112776,Aadi,1994-04-24,M,O-,0,2018-03-13
12777,22,935,10,6,KGID112777,Atharv,1982-09-15,M,A+,0,2015-07-22
12778,22,935,10,1,KGID112778,Bhavya,1998-09-29,F,O-,0,2025-07-17
12779,22,935,10,5,KGID112779,Divya,1990-05-01,F,B-,0,1997-09-17
12780,22,935,10,3,KGID112780,Gautam,1978-01-13,M,B+,0,2019-09-25
12781,22,935,9,4,KGID112781,Karan,1979-11-12,M,O-,0,2022-02-17
12782,22,935,9,3,KGID112782,Nakul,1992-07-10,M,B+,0,2007-10-05
12783,22,935,9,1,KGID112783,Damini,1998-07-24,F,O-,0,2020-03-27
12784,22,935,10,1,KGID112784,Faraj,1977-11-23,M,B-,0,1998-01-31
12785,22,935,10,2,KGID112785,Indrajit,1968-12-07,M,AB+,0,2014-12-12
12786,22,935,9,5,KGID112786,Tejas,1987-07-22,M,B+,0,1999-11-16
12787,22,935,10,5,KGID112787,Fariq,1993-02-09,M,AB+,0,2017-07-18
12788,22,935,5,5,KGID112788,Krish,1970-05-27,M,A-,0,2025-04-05
12789,22,936,7,6,KGID112789,Oliver,1978-07-07,M,O+,0,2010-08-14
12790,22,936,10,6,KGID112790,Varsha,1993-05-20,F,A-,0,2019-12-24
12791,22,936,6,4,KGID112791,Imaran,1998-01-31,M,O+,0,2020-07-08
12792,22,936,9,5,KGID112792,Aadi,1983-04-05,M,B-,0,2009-11-03
12793,22,936,7,6,KGID112793,Raghav,1987-10-22,M,O+,0,2019-11-12
12794,22,936,9,2,KGID112794,Guneet,1989-11-09,M,AB+,0,2008-06-01
12795,22,936,7,6,KGID112795,Gagan,1969-07-28,M,O-,0,2010-09-04
12796,22,936,6,1,KGID112796,Fitan,1999-11-16,M,O+,0,2018-07-28
12797,22,936,5,3,KGID112797,Tanish,1969-04-01,M,B-,0,2000-01-11
12798,22,936,10,3,KGID112798,Patrick,1982-08-24,M,O-,0,2004-05-19
12799,22,936,10,3,KGID112799,Peter,1998-03-15,M,B+,0,1998-04-19
12800,22,936,10,5,KGID112800,Chatresh,2002-01-04,M,A-,0,2007-10-03
12801,22,936,7,5,KGID112801,Waida,1982-12-28,F,AB+,0,1997-01-15
12802,22,936,7,2,KGID112802,Ikbal,1980-08-22,M,A+,0,2018-06-14
12803,22,936,10,5,KGID112803,Aarush,1972-01-14,M,A+,0,2007-04-29
12804,22,936,9,6,KGID112804,Mitesh,2000-12-29,M,O-,0,2020-06-08
12805,22,936,10,6,KGID112805,Girik,1977-11-06,M,O+,0,2007-12-15
12806,22,936,5,4,KGID112806,Raghav,1998-07-10,M,A-,0,2024-10-29
12807,22,937,10,2,KGID112807,Yatan,1994-05-04,M,O+,0,1998-11-14
12808,22,937,6,2,KGID112808,Matthew,1985-12-22,M,A+,0,2023-03-14
12809,22,937,10,6,KGID112809,Benjamin,1989-05-06,M,AB+,0,2009-08-09
12810,22,937,10,5,KGID112810,Bhanumati,1972-06-16,F,B+,0,1998-04-01
12811,22,937,9,5,KGID112811,Ekapad,1975-11-14,M,A-,0,2005-04-28
12812,22,937,10,4,KGID112812,Darpan,2001-03-01,M,B-,0,2008-08-07
12813,22,937,7,5,KGID112813,Dhriti,1970-09-29,F,O-,0,1999-08-16
12814,22,937,7,2,KGID112814,Aarush,1991-08-31,M,AB+,0,2016-08-22
12815,22,937,10,3,KGID112815,Wyatt,2001-10-07,M,B+,0,2010-02-10
12816,22,937,9,4,KGID112816,Isaac,1984-04-04,M,B+,0,2006-12-17
12817,22,938,7,5,KGID112817,Faraj,1977-03-28,M,AB+,0,2000-07-18
12818,22,938,6,2,KGID112818,Charles,1998-09-22,M,A-,0,2013-12-10
12819,22,938,10,1,KGID112819,Vedant,1972-12-25,M,O+,0,2014-05-04
12820,22,938,6,4,KGID112820,Om,1987-11-21,M,B-,0,2006-07-13
12821,22,938,10,5,KGID112821,Faras,1997-08-03,M,O+,0,2019-08-10
12822,22,938,9,1,KGID112822,Sai,1990-07-28,M,B+,0,2024-02-05
12823,22,938,10,5,KGID112823,Faqid,1983-01-06,M,A+,0,2004-07-03
12824,22,938,7,6,KGID112824,Gavin,1978-09-04,M,A+,0,2018-05-07
12825,22,938,7,3,KGID112825,Hredhaan,1988-08-12,M,B+,0,2005-10-18
12826,22,938,10,2,KGID112826,Nitesh,1970-07-08,M,AB+,0,1997-12-08
12827,22,938,6,1,KGID112827,Leela,1972-08-30,F,A-,0,2011-03-20
12828,22,938,9,1,KGID112828,Aarav,1976-07-19,M,A-,0,2012-03-08
12829,22,938,7,1,KGID112829,Ijaya,1988-01-25,F,B-,0,2013-06-04
12830,22,938,10,1,KGID112830,Ekaja,1972-05-06,F,AB+,0,2013-05-10
12831,22,938,10,4,KGID112831,Charles,1975-10-10,M,A+,0,2012-02-01
12832,22,938,10,6,KGID112832,Girish,1984-11-20,M,B+,0,2005-04-28
12833,22,938,7,3,KGID112833,Arjun,1976-06-03,M,O+,0,1998-07-22
12834,22,938,10,3,KGID112834,Siddharth,1993-05-16,M,B-,0,2005-12-18
12835,22,939,6,3,KGID112835,Kalpit,1984-07-02,M,AB+,0,1999-03-11
12836,22,939,5,1,KGID112836,Gopal,1994-03-12,M,B-,0,2003-10-11
12837,22,939,10,6,KGID112837,Gagan,1970-03-20,M,B-,0,1999-09-16
12838,22,939,9,4,KGID112838,Barkha,1978-09-20,F,AB+,0,1997-12-30
12839,22,939,10,1,KGID112839,Manan,1985-06-13,M,B-,0,1998-06-21
12840,22,939,9,2,KGID112840,Bachittar,1979-07-24,M,O-,0,2003-08-28
12841,22,939,7,3,KGID112841,Bakhshi,1990-04-12,M,O+,0,1997-01-05
12842,22,939,9,5,KGID112842,Yadavi,1977-01-14,F,B+,1,1999-02-04
12843,22,939,10,2,KGID112843,Samaksh,2001-01-22,M,B+,0,2018-08-23
12844,22,939,10,3,KGID112844,Rishi,1968-10-09,M,O-,0,2024-05-29
12845,22,939,6,4,KGID112845,Gaurang,1989-01-26,M,A+,0,1997-06-23
12846,22,939,10,4,KGID112846,Rohan,1981-11-13,M,A+,0,2019-01-24
12847,22,940,10,2,KGID112847,Chakradhar,1968-08-14,M,O-,0,2005-12-02
12848,22,940,7,5,KGID112848,Arin,1993-01-29,M,AB+,0,2013-08-29
12849,22,940,10,4,KGID112849,Tanay,2000-10-23,M,O+,0,2001-09-16
12850,22,940,9,4,KGID112850,Nisha,1998-05-20,F,O+,0,2002-09-24
12851,22,940,10,4,KGID112851,Azaan,1986-08-16,M,B+,0,2002-12-15
12852,22,940,10,5,KGID112852,Ethan,1969-01-28,M,B+,0,2018-09-21
12853,22,940,6,5,KGID112853,Aarav,1991-10-28,M,AB+,0,2019-12-17
12854,22,940,9,6,KGID112854,Amol,1988-12-03,M,A-,0,1996-11-04
12855,22,941,7,3,KGID112855,Manthan,1972-02-23,M,AB+,0,2021-03-17
12856,22,941,10,2,KGID112856,Ojas,1969-07-25,M,A-,0,1998-11-06
12857,22,941,6,2,KGID112857,Janani,1973-11-29,F,O-,0,2007-08-14
12858,22,941,10,4,KGID112858,Hritik,1996-02-11,M,B+,0,2022-04-23
12859,22,941,10,5,KGID112859,Ayaan,1999-11-08,M,A-,0,2017-12-22
12860,22,941,10,4,KGID112860,Onkar,2000-01-05,M,B-,0,2018-12-03
12861,22,941,10,5,KGID112861,Nathan,1987-01-01,M,A+,0,2014-04-25
12862,22,941,10,2,KGID112862,Kevin,1983-01-09,M,A+,0,2009-02-18
12863,22,941,9,4,KGID112863,Yagnesh,1981-02-08,M,O+,0,2001-12-14
12864,22,941,10,4,KGID112864,Odika,1983-03-29,F,AB+,0,2000-10-13
12865,22,941,10,2,KGID112865,Sarthak,2001-01-25,M,B+,0,2009-08-19
12866,22,941,7,5,KGID112866,Yug,1982-10-21,M,O-,0,2009-06-07
12867,22,941,7,2,KGID112867,Sarthak,1990-06-08,M,AB+,0,2023-08-28
12868,22,941,10,5,KGID112868,Bachittar,1989-03-15,M,AB+,0,2023-05-11
12869,22,941,10,1,KGID112869,Guneet,1991-10-13,M,A+,1,2021-11-14
12870,22,941,6,2,KGID112870,Matthew,1973-03-31,M,B+,0,2025-05-23
12871,22,941,6,5,KGID112871,Brijesh,1994-06-19,M,A-,0,2003-05-04
12872,23,942,7,6,KGID112872,Onveer,1969-08-12,M,B-,0,1999-12-23
12873,23,942,9,1,KGID112873,Oscar,1992-08-19,M,A+,0,2007-09-04
12874,23,942,6,1,KGID112874,Akshay,1981-03-23,M,B-,0,2011-12-07
12875,23,942,5,5,KGID112875,Anirudh,1975-06-21,M,A-,0,1997-04-14
12876,23,942,7,1,KGID112876,Vincent,1999-04-13,M,A+,0,2023-07-14
12877,23,942,6,5,KGID112877,Praneel,2002-03-23,M,AB+,0,2020-04-13
12878,23,942,6,5,KGID112878,Balhaar,2003-02-09,M,O+,0,1998-05-22
12879,23,942,9,4,KGID112879,Jagdish,1994-05-16,M,A-,0,1996-11-19
12880,23,942,7,5,KGID112880,Jai,2000-04-22,M,B+,0,1997-07-29
12881,23,942,10,6,KGID112881,Rajeshri,1976-09-27,F,A+,0,2003-11-02
12882,23,942,10,6,KGID112882,Chakradhar,1977-11-06,M,B-,0,2000-07-20
12883,23,942,9,5,KGID112883,Arya,1990-05-30,F,B+,0,2024-09-25
12884,23,942,6,2,KGID112884,Viraj,1980-08-14,M,B-,0,2021-03-12
12885,23,942,7,4,KGID112885,Frado,1977-10-20,M,O-,0,2005-11-27
12886,23,942,10,3,KGID112886,Warjas,1978-02-14,M,B+,0,2024-09-22
12887,23,943,7,4,KGID112887,Baljiwan,1981-05-31,M,O+,0,2025-04-30
12888,23,943,7,3,KGID112888,Wridesh,1974-12-19,M,A+,0,2012-02-21
12889,23,943,10,5,KGID112889,Nilima,1996-07-16,F,A-,0,2021-05-13
12890,23,943,10,2,KGID112890,Gunbir,1971-07-14,M,O-,0,2016-07-13
12891,23,943,6,6,KGID112891,Darsh,2002-09-06,M,AB+,0,1999-06-08
12892,23,943,9,6,KGID112892,Inaya,1996-05-26,F,A-,0,2011-04-22
12893,23,943,9,4,KGID112893,Ryan,1970-10-04,M,A+,0,2003-12-18
12894,23,943,10,1,KGID112894,Harrison,1998-08-07,M,AB+,0,2025-04-09
12895,23,943,10,6,KGID112895,Isaiah,1976-03-27,M,A+,0,2009-01-30
12896,23,943,10,2,KGID112896,Pavani,1972-07-12,F,B+,0,2005-07-25
12897,23,943,10,1,KGID112897,Tarak,1980-05-19,M,B-,0,2016-09-15
12898,23,943,7,3,KGID112898,Finn,2003-07-09,M,A-,0,2017-05-18
12899,23,943,10,4,KGID112899,Dhruv,1985-10-29,M,O+,0,2006-03-27
12900,23,943,10,2,KGID112900,Hema,1984-09-18,F,A-,0,2004-10-26
12901,23,944,9,2,KGID112901,Arin,1970-11-08,M,B-,0,2005-12-28
12902,23,944,9,6,KGID112902,Fitan,1977-09-21,M,A+,0,2012-12-23
12903,23,944,9,4,KGID112903,Gopal,2001-09-09,M,AB+,0,2005-01-29
12904,23,944,10,4,KGID112904,Frado,1978-11-21,M,O+,0,2023-03-14
12905,23,944,10,5,KGID112905,Advik,1996-05-15,M,O+,0,2010-10-27
12906,23,944,7,4,KGID112906,Krish,1999-08-24,M,A+,0,2006-03-23
12907,23,944,10,2,KGID112907,Ishita,1981-02-19,F,A+,0,2014-05-06
12908,23,944,10,4,KGID112908,Aryan,2000-02-23,M,B-,0,1998-02-22
12909,23,944,5,4,KGID112909,Manan,1997-11-14,M,B-,0,2015-04-04
12910,23,944,9,5,KGID112910,David,1979-11-27,M,A-,0,1999-04-04
12911,23,944,10,5,KGID112911,Wazir,1985-06-29,M,A+,0,2009-11-25
12912,23,945,6,1,KGID112912,Wazir,1972-12-10,M,A+,0,2005-12-23
12913,23,945,9,4,KGID112913,Yatin,1981-09-05,M,B-,0,2009-04-12
12914,23,945,10,6,KGID112914,Abdul,1995-02-04,M,B+,0,2015-01-13
12915,23,945,7,2,KGID112915,Wyatt,1981-09-27,M,A-,0,2001-02-22
12916,23,945,10,2,KGID112916,Ishaan,1971-12-21,M,A+,0,2023-11-24
12917,23,945,5,3,KGID112917,Warinder,1974-06-11,M,B-,0,2009-05-27
12918,23,945,9,2,KGID112918,Sathvik,1981-05-20,M,B-,0,2003-03-30
12919,23,945,10,6,KGID112919,Aryan,1981-11-27,M,O-,0,2011-12-22
12920,23,945,10,2,KGID112920,Chandran,1971-05-09,M,A-,0,2014-12-12
12921,23,945,10,3,KGID112921,Frederick,1994-02-08,M,B-,0,2013-01-16
12922,23,945,10,4,KGID112922,Aryan,1969-12-28,M,B-,0,2003-09-22
12923,23,945,10,5,KGID112923,Tanish,1983-05-24,M,O+,0,2023-01-30
12924,23,945,6,4,KGID112924,Manan,1981-02-10,M,B+,0,2016-07-02
12925,23,945,9,6,KGID112925,Jai,1969-08-25,M,AB+,0,2022-12-24
12926,23,945,7,2,KGID112926,Yashasvi,1969-07-02,F,B-,0,2009-02-18
12927,23,945,10,1,KGID112927,Siddharth,1974-06-06,M,AB+,0,2025-03-09
12928,23,945,10,5,KGID112928,Jagdish,1999-09-03,M,O+,0,2005-06-03
12929,23,945,10,1,KGID112929,Advik,1971-07-21,M,A-,0,2017-01-16
12930,23,945,10,5,KGID112930,Ira,1995-07-07,F,A-,0,2012-02-17
12931,23,946,9,2,KGID112931,Wazir,1994-08-11,M,O-,0,1996-09-19
12932,23,946,10,5,KGID112932,Harshil,1980-11-19,M,A+,0,2012-10-15
12933,23,946,10,4,KGID112933,Anthony,2003-01-13,M,O+,0,1999-10-11
12934,23,946,10,4,KGID112934,Hamsini,1984-06-03,F,B-,0,2022-10-30
12935,23,946,9,5,KGID112935,Isaac,1974-06-18,M,A+,0,2000-12-05
12936,23,946,9,4,KGID112936,Abdul,1994-01-07,M,O-,0,2016-08-28
12937,23,946,10,2,KGID112937,Kalpit,2000-07-24,M,B-,0,2025-01-30
12938,23,946,10,6,KGID112938,Anay,1988-11-14,M,A-,0,2001-05-01
12939,23,946,10,3,KGID112939,Daniel,1979-03-30,M,B+,1,2014-04-22
12940,23,946,9,1,KGID112940,Jacob,1987-11-03,M,B+,0,2011-04-21
12941,23,946,7,4,KGID112941,Januja,1994-03-12,F,B+,0,2003-08-29
12942,23,946,6,3,KGID112942,Ronith,1997-12-15,M,A+,0,2005-06-12
12943,23,946,10,6,KGID112943,Rajeshri,1989-07-22,F,O-,0,2014-04-21
12944,23,946,9,5,KGID112944,Ranveer,1998-10-03,M,O+,0,2005-08-25
12945,23,946,10,3,KGID112945,Dakshesh,1978-06-03,M,O-,0,2016-06-23
12946,23,946,10,1,KGID112946,Lakshit,1983-02-10,M,A+,0,2008-08-30
12947,23,947,9,4,KGID112947,Pushti,1974-09-10,F,O+,0,2019-08-27
12948,23,947,6,2,KGID112948,Madhav,1991-04-07,M,B+,0,2014-01-24
12949,23,947,10,2,KGID112949,Frado,2002-11-20,M,O+,0,1997-03-03
12950,23,947,10,3,KGID112950,Rachita,1991-01-25,F,AB+,0,1998-06-30
12951,23,947,10,4,KGID112951,Harrison,1970-06-14,M,B+,0,2007-01-13
12952,23,947,7,3,KGID112952,Matthew,1976-09-29,M,A+,0,1997-07-28
12953,23,947,9,2,KGID112953,Advay,2002-04-27,M,O-,0,2010-03-20
12954,23,947,10,6,KGID112954,Peter,2001-10-27,M,A-,0,2009-07-06
12955,23,947,10,4,KGID112955,Yochana,2002-01-25,F,O-,0,2025-01-30
12956,23,947,10,3,KGID112956,Aryan,1998-07-27,M,A+,0,2022-06-20
12957,23,947,10,1,KGID112957,Naveen,1998-01-28,M,A+,0,2011-09-27
12958,23,947,9,3,KGID112958,Eesha,1987-08-22,F,A+,0,2000-01-29
12959,23,947,10,1,KGID112959,Fitan,1980-07-01,M,AB+,0,2005-10-20
12960,23,947,6,3,KGID112960,Unnati,1996-01-23,F,A+,0,2011-01-20
12961,23,947,10,6,KGID112961,Praneel,1967-10-16,M,B-,0,2004-02-23
12962,23,947,7,1,KGID112962,Pooja,1984-12-19,F,O-,0,2006-05-24
12963,23,947,10,5,KGID112963,Atharv,1995-11-04,M,B-,0,2018-10-25
12964,23,947,9,2,KGID112964,Hredhaan,1991-10-02,M,A+,0,2002-07-03
12965,23,947,7,2,KGID112965,Chakradev,1994-02-17,M,AB+,0,2013-01-26
12966,23,948,7,2,KGID112966,Jacob,1968-07-29,M,B-,1,2010-02-06
12967,23,948,10,2,KGID112967,Noah,2001-07-04,M,A-,0,2002-04-26
12968,23,948,10,4,KGID112968,Mason,1981-05-19,M,B+,0,2014-01-28
12969,23,948,10,3,KGID112969,Samar,1975-01-01,M,O-,0,2024-10-25
12970,23,948,7,2,KGID112970,Arin,1972-03-08,M,A-,0,1998-10-14
12971,23,948,10,5,KGID112971,Chaitanya,1992-04-03,M,B-,0,1997-03-10
12972,23,948,6,6,KGID112972,Wyatt,1997-01-12,M,B+,0,2002-04-04
12973,23,948,5,6,KGID112973,Shivansh,1979-02-03,M,O+,0,2008-12-12
12974,23,948,10,3,KGID112974,William,1973-03-14,M,B-,0,2000-04-11
12975,23,948,10,5,KGID112975,Odika,1988-07-21,F,O-,0,1997-04-27
12976,23,948,10,3,KGID112976,Yamini,1979-04-04,F,O+,0,2007-10-14
12977,23,948,10,1,KGID112977,Agastya,1984-08-29,M,B-,0,2017-07-22
12978,23,948,10,4,KGID112978,Viraj,1970-02-15,M,O-,0,1997-01-16
12979,23,948,10,6,KGID112979,Lohit,1987-07-14,M,A-,0,2015-09-04
12980,23,948,7,2,KGID112980,Krish,1995-09-17,M,O+,0,1997-03-18
12981,23,948,6,5,KGID112981,Chanchal,1976-03-07,F,B+,0,1997-04-03
12982,23,948,9,1,KGID112982,Jacob,1973-09-04,M,O+,0,2011-08-10
12983,23,948,9,3,KGID112983,Elijah,1981-03-29,M,B-,0,1997-05-31
12984,23,949,10,3,KGID112984,Jeet,1975-02-28,M,O+,0,2002-08-24
12985,23,949,9,3,KGID112985,Faris,1992-08-20,M,O+,0,2025-02-17
12986,23,949,9,6,KGID112986,Upma,1984-12-05,F,O-,0,2024-02-21
12987,23,949,9,3,KGID112987,Pranit,2000-03-12,M,B+,0,2022-09-22
12988,23,949,9,5,KGID112988,Banjeet,1984-01-26,M,A-,0,2002-11-02
12989,23,949,9,5,KGID112989,Zayyan,1971-10-16,M,O-,0,2003-01-22
12990,23,949,6,4,KGID112990,Rayaan,1981-11-23,M,A+,0,2003-07-24
12991,23,949,7,1,KGID112991,Anthony,1968-11-19,M,A-,0,2025-04-23
12992,23,949,10,6,KGID112992,Jeet,1995-09-08,M,B-,0,2002-01-28
12993,23,949,9,5,KGID112993,Yashodhara,1967-08-14,F,A+,0,2020-10-24
12994,23,949,7,4,KGID112994,Balendra,1999-05-29,M,AB+,0,2011-01-02
12995,23,949,6,1,KGID112995,Madhav,1981-05-13,M,O+,0,1998-10-02
12996,23,949,9,2,KGID112996,Baljiwan,1990-03-13,M,B+,0,2008-04-07
12997,23,949,9,1,KGID112997,Wyatt,1974-05-28,M,O+,0,2024-02-29
12998,23,949,10,2,KGID112998,Fariq,1989-04-09,M,A-,0,2016-09-30
12999,23,950,6,6,KGID112999,Abhimanyu,1991-03-17,M,AB+,0,2009-12-24
13000,23,950,10,3,KGID113000,Chakradev,2001-08-26,M,B+,0,2012-03-20
13001,23,950,10,5,KGID113001,Azad,1981-09-17,M,A-,0,1997-01-13
13002,23,950,7,6,KGID113002,Girik,1974-08-16,M,A+,0,2006-10-06
13003,23,950,10,3,KGID113003,Saksham,1994-05-10,M,B+,0,2002-08-21
13004,23,950,6,1,KGID113004,Abhimanyu,1986-07-14,M,B-,0,2023-07-11
13005,23,950,10,6,KGID113005,Mohini,1972-09-05,F,O+,0,2007-07-30
13006,23,950,7,1,KGID113006,Sai,1988-12-09,F,B+,0,2004-12-09
13007,23,950,7,1,KGID113007,Ryan,1980-03-17,M,B-,0,2017-08-05
13008,23,950,9,1,KGID113008,Caleb,1985-07-29,M,AB+,0,1998-11-22
13009,23,950,9,5,KGID113009,Aarna,1982-07-22,F,O-,0,2023-12-17
13010,23,950,6,6,KGID113010,Harshil,1972-03-05,M,B-,0,2007-04-10
13011,23,950,10,4,KGID113011,Girik,1980-05-22,M,A+,0,2007-06-13
13012,23,950,10,3,KGID113012,Lekha,1986-10-24,F,A+,0,2015-12-26
13013,23,950,7,3,KGID113013,Parth,1995-01-26,M,A+,0,2016-07-25
13014,23,950,10,1,KGID113014,Yashoda,1995-05-24,F,AB+,0,2021-01-03
13015,23,950,5,6,KGID113015,Keya,1996-10-15,F,O-,0,1997-12-08
13016,23,950,10,4,KGID113016,Qasim,2001-08-17,M,A+,0,2021-09-06
13017,23,950,10,2,KGID113017,Frederick,1990-12-08,M,A-,0,2019-02-19
13018,23,951,10,4,KGID113018,Yatin,1976-12-18,M,A-,0,2004-04-04
13019,23,951,10,4,KGID113019,Anthony,1969-03-23,M,O+,0,2004-12-04
13020,23,951,6,5,KGID113020,Gagan,1978-08-22,M,O-,0,2016-10-03
13021,23,951,10,2,KGID113021,Bahadurjit,1976-03-13,M,A+,0,2015-05-27
13022,23,951,10,5,KGID113022,Alexander,1990-04-18,M,O-,0,2001-02-02
13023,23,951,9,5,KGID113023,Indrajit,1989-11-04,M,B-,0,2002-07-05
13024,23,951,9,1,KGID113024,Victor,1979-03-28,M,A+,0,2023-06-12
13025,23,951,6,4,KGID113025,Tanveer,1977-11-04,M,A+,0,2009-07-15
13026,23,951,9,2,KGID113026,Luke,1982-07-20,M,A-,0,2024-12-11
13027,23,951,9,2,KGID113027,Ikbal,2003-01-08,M,A+,0,1999-11-09
13028,23,951,10,2,KGID113028,Tarak,1980-12-31,M,O+,0,2018-08-23
13029,23,952,7,2,KGID113029,Mahika,1999-05-12,F,B+,0,2007-07-02
13030,23,952,9,5,KGID113030,Amol,1980-12-27,M,AB+,0,1999-04-21
13031,23,952,5,6,KGID113031,Bachittar,2000-11-07,M,AB+,0,2007-02-16
13032,23,952,6,2,KGID113032,Harsh,1992-08-26,M,AB+,0,1996-07-23
13033,23,952,9,6,KGID113033,Urvashi,1995-12-14,F,B+,0,2012-08-05
13034,23,952,10,2,KGID113034,Ikbal,1979-06-20,M,O+,0,1999-06-22
13035,23,952,10,4,KGID113035,Chavvi,1988-07-27,F,B-,0,2005-05-18
13036,23,952,10,4,KGID113036,Luke,1999-03-03,M,A-,0,2011-06-05
13037,23,952,10,3,KGID113037,Qadim,2000-08-14,M,A+,0,2021-11-22
13038,23,952,10,3,KGID113038,Gagan,1978-01-08,M,B-,0,2014-12-29
13039,23,952,6,4,KGID113039,Samesh,1997-12-05,M,B-,0,2004-11-19
13040,23,952,5,6,KGID113040,Imaran,1982-10-24,M,O-,0,2008-12-19
13041,23,952,10,3,KGID113041,Faras,1987-06-04,M,A-,0,2011-12-06
13042,23,952,6,2,KGID113042,Yash,1993-08-11,M,A+,0,2025-01-08
13043,23,952,10,3,KGID113043,Mohammed,2003-07-15,M,B-,0,2003-04-25
13044,23,952,10,3,KGID113044,Zayan,1977-09-27,M,B+,0,2006-01-17
13045,23,953,10,1,KGID113045,Kabir,1967-11-06,M,O-,0,2018-08-05
13046,23,953,10,1,KGID113046,Mohammed,2002-03-10,M,B-,0,1997-12-07
13047,23,953,9,4,KGID113047,Liam,1992-02-16,M,AB+,0,2002-01-06
13048,23,953,6,6,KGID113048,Wyatt,1974-05-08,M,B+,0,2012-07-07
13049,23,953,7,5,KGID113049,Hardik,1972-10-30,M,B+,0,2017-10-09
13050,23,953,10,6,KGID113050,Tristan,1992-07-28,M,A-,0,2009-06-30
13051,23,953,7,2,KGID113051,Hemang,1994-05-27,M,O+,0,2001-06-16
13052,23,953,10,4,KGID113052,Tanay,1990-04-18,M,A-,0,2024-11-20
13053,23,953,10,5,KGID113053,Zayyan,1990-08-19,M,B-,0,2024-02-10
13054,23,953,6,1,KGID113054,Dakshesh,1972-06-02,M,B+,0,2020-12-25
13055,23,953,10,1,KGID113055,Ishaan,1979-03-22,M,B+,0,2003-11-24
13056,23,953,9,5,KGID113056,Agastya,1992-07-13,M,AB+,0,2008-03-10
13057,23,953,6,6,KGID113057,Pranav,1982-05-04,M,O-,0,2014-03-26
13058,23,953,10,1,KGID113058,Wazir,1988-03-07,M,AB+,0,2014-03-04
13059,23,954,9,4,KGID113059,Nitesh,1977-05-28,M,A+,0,2014-05-23
13060,23,954,10,4,KGID113060,Andrew,1973-08-06,M,AB+,0,2014-08-27
13061,23,954,10,5,KGID113061,Max,2003-06-27,M,AB+,0,2016-07-30
13062,23,954,10,4,KGID113062,Max,1994-03-10,M,O-,0,2022-02-14
13063,23,954,6,4,KGID113063,Frado,1967-07-31,M,O+,0,2001-12-08
13064,23,954,9,6,KGID113064,Ekansh,1978-12-30,M,O-,0,2016-09-18
13065,23,954,6,1,KGID113065,Wyatt,1971-12-16,M,B+,0,2024-10-16
13066,23,954,10,2,KGID113066,Qasim,1968-04-02,M,A-,0,2015-10-11
13067,23,954,10,3,KGID113067,Tristan,2000-04-08,M,AB+,0,2005-05-08
13068,23,955,6,4,KGID113068,Jason,1989-10-21,M,B+,0,2015-05-20
13069,23,955,10,2,KGID113069,Ekanta,1982-05-20,F,B+,0,2003-11-01
13070,23,955,10,3,KGID113070,Onkar,1995-03-20,M,O-,0,2017-07-10
13071,23,955,10,4,KGID113071,Yagnesh,2001-04-18,M,A-,0,2004-04-28
13072,23,955,7,2,KGID113072,Hemani,2002-12-03,F,O+,0,2014-07-18
13073,23,955,9,1,KGID113073,Chandran,1990-05-12,M,B+,0,2014-06-18
13074,23,955,10,5,KGID113074,Avi,1988-02-20,M,O-,0,2010-03-05
13075,23,955,10,5,KGID113075,Jeet,1978-12-01,M,O+,0,2006-07-07
13076,23,956,10,3,KGID113076,Azad,1968-09-19,M,O-,0,2015-05-02
13077,23,956,7,1,KGID113077,Anthony,1999-11-07,M,B-,0,1998-09-21
13078,23,956,10,3,KGID113078,Advay,1967-12-28,M,A-,0,2010-08-29
13079,23,956,9,6,KGID113079,Reyansh,1996-07-19,M,O+,0,2012-06-16
13080,23,956,7,1,KGID113080,Ojas,1978-04-19,M,O+,1,2003-11-21
13081,23,956,10,2,KGID113081,Charan,1989-04-18,M,O+,0,1999-07-03
13082,23,956,10,4,KGID113082,Akshay,1994-05-16,M,A-,0,2019-04-02
13083,23,956,7,1,KGID113083,Wyatt,1992-07-31,M,B+,0,2017-02-05
13084,23,957,7,5,KGID113084,Vedant,1971-04-03,M,O-,0,2007-11-08
13085,23,957,9,3,KGID113085,Aarav,1972-10-15,M,AB+,0,2003-10-11
13086,23,957,6,6,KGID113086,Champak,1988-08-30,M,AB+,0,2002-06-29
13087,23,957,6,3,KGID113087,Krishna,1978-01-21,F,O+,0,1998-04-25
13088,23,957,10,4,KGID113088,Victor,1974-10-10,M,O-,0,2010-08-04
13089,23,957,10,5,KGID113089,Vivaan,1974-02-02,M,B+,0,2003-03-24
13090,23,957,7,3,KGID113090,Aadi,1974-01-15,M,O+,0,2007-03-13
13091,23,957,7,2,KGID113091,Gavin,1985-09-17,M,A+,0,2009-04-28
13092,23,957,10,4,KGID113092,Bahadurjit,1978-10-14,M,A-,0,2002-02-25
13093,23,957,10,4,KGID113093,Shaurya,1978-08-05,M,AB+,0,2021-03-12
13094,23,957,10,3,KGID113094,Barkha,2002-02-11,F,O+,0,2018-05-17
13095,23,957,6,1,KGID113095,Dhruv,2000-08-09,M,A-,1,2019-09-05
13096,23,957,10,4,KGID113096,Fariq,1984-03-08,M,A-,0,2024-05-28
13097,23,957,10,6,KGID113097,Daniel,2003-07-17,M,A+,0,2011-08-05
13098,23,957,7,5,KGID113098,Rohan,1977-05-13,M,AB+,0,2008-09-08
13099,23,957,10,6,KGID113099,Suhani,1979-02-25,F,AB+,0,2003-12-19
13100,23,957,6,6,KGID113100,Qabil,1995-06-21,M,A+,0,2025-06-30
13101,23,958,7,2,KGID113101,Wahab,1982-06-27,M,AB+,0,2012-10-14
13102,23,958,9,5,KGID113102,Jeet,1980-01-28,M,AB+,0,2019-05-07
13103,23,958,10,3,KGID113103,Advika,1995-05-15,F,O-,0,2019-12-03
13104,23,958,9,3,KGID113104,Qasim,2000-03-31,M,B-,0,2009-06-09
13105,23,958,6,5,KGID113105,Qabil,1999-10-26,M,A-,0,2016-05-02
13106,23,958,10,3,KGID113106,Tanvi,1968-01-14,F,O-,0,2024-12-05
13107,23,958,9,6,KGID113107,Avi,2000-10-21,M,AB+,0,2014-03-27
13108,23,958,6,3,KGID113108,Raghav,1986-08-19,M,AB+,0,2019-06-11
13109,23,958,10,6,KGID113109,Nakul,1995-03-03,M,O-,0,2017-06-15
13110,23,958,9,5,KGID113110,Samar,1974-09-02,M,O-,0,2014-04-23
13111,23,958,7,5,KGID113111,Lucky,1998-12-16,M,A-,1,2022-11-21
13112,23,958,9,3,KGID113112,Fariq,1994-11-16,M,AB+,0,2001-07-12
13113,23,958,10,6,KGID113113,Wyatt,1973-08-29,M,B+,0,2013-02-05
13114,23,958,6,4,KGID113114,Harsh,1985-03-15,M,B+,0,2023-08-25
13115,23,958,7,5,KGID113115,Avi,1970-01-30,M,O+,0,1996-09-10
13116,23,958,5,5,KGID113116,Wriddhish,2000-11-26,M,AB+,0,2016-07-30
13117,23,958,7,3,KGID113117,Banjeet,1987-04-26,M,A-,0,2008-10-07
13118,23,959,9,5,KGID113118,Kritika,1979-07-27,F,O-,0,2007-06-10
13119,23,959,9,2,KGID113119,Hitesh,1996-08-24,M,O+,0,2000-05-20
13120,23,959,5,5,KGID113120,Jackson,1974-08-24,M,B-,0,2001-02-10
13121,23,959,6,1,KGID113121,Aarnav,1977-02-03,M,A+,0,2024-12-19
13122,23,959,5,3,KGID113122,Wazir,1986-05-06,M,O-,0,2015-11-20
13123,23,959,10,1,KGID113123,Victor,1991-09-21,M,A-,0,2005-10-30
13124,23,959,7,2,KGID113124,Viraj,1976-04-25,M,AB+,0,2006-06-18
13125,23,959,10,4,KGID113125,Oliver,1994-06-27,M,B+,0,1998-06-10
13126,23,959,5,6,KGID113126,Yug,1985-09-16,M,O-,0,2005-06-08
13127,23,959,10,2,KGID113127,Reyansh,1980-05-27,M,AB+,0,2005-09-06
13128,23,959,10,5,KGID113128,Oni,1983-04-07,F,AB+,0,2011-12-30
13129,23,959,10,5,KGID113129,Reyansh,1994-05-08,M,A-,0,2004-04-21
13130,23,960,10,4,KGID113130,Benjamin,1983-06-04,M,AB+,0,2018-05-06
13131,23,960,10,4,KGID113131,Matthew,1999-08-30,M,A+,1,2002-01-04
13132,23,960,9,6,KGID113132,Dayamai,1974-03-14,F,O+,0,2018-09-30
13133,23,960,5,1,KGID113133,Rachit,1975-05-06,M,B+,0,2008-04-16
13134,23,960,10,6,KGID113134,Megha,1979-07-30,F,O-,0,2009-06-11
13135,23,960,7,3,KGID113135,Aarnav,1978-11-02,M,A+,0,1998-12-07
13136,23,960,10,4,KGID113136,Saksham,1980-02-29,M,B-,0,1997-04-18
13137,23,960,10,6,KGID113137,Yug,1995-04-07,M,B-,0,2011-07-15
13138,23,960,9,2,KGID113138,Vaishnavi,1976-06-10,F,A+,0,2016-09-02
13139,23,960,9,6,KGID113139,Tanveer,1999-07-28,M,A-,0,2020-07-24
13140,23,960,6,5,KGID113140,Yatan,1976-10-30,M,B+,0,2016-03-15
13141,23,960,6,1,KGID113141,Bhavya,1973-08-27,F,A+,0,2013-01-30
13142,23,960,10,6,KGID113142,Tamanna,2002-04-05,F,A-,0,2018-01-29
13143,23,960,10,1,KGID113143,Oliver,1994-06-27,M,O+,0,2019-01-01
13144,23,960,10,6,KGID113144,Guneet,1981-02-22,M,A+,0,2000-11-16
13145,23,960,10,6,KGID113145,Wyatt,1971-04-21,M,AB+,1,1996-12-14
13146,23,960,9,2,KGID113146,Dayita,1978-02-17,F,A+,0,2010-11-06
13147,23,960,6,4,KGID113147,Noah,1998-03-06,M,AB+,0,2014-04-14
13148,23,960,7,6,KGID113148,Hardik,1968-11-11,M,O-,0,2006-03-11
13149,23,960,10,4,KGID113149,Gaurav,1987-10-19,M,A-,0,1999-02-05
13150,23,961,10,1,KGID113150,Darsh,2001-05-11,M,B+,0,2021-01-05
13151,23,961,7,5,KGID113151,Girindra,1984-08-24,M,B+,0,2018-06-10
13152,23,961,10,5,KGID113152,Azad,1967-09-06,M,A-,0,2021-03-19
13153,23,961,9,1,KGID113153,Hritik,1995-01-21,M,AB+,0,2022-05-01
13154,23,961,6,1,KGID113154,Ayaan,1994-03-15,M,O-,0,2019-11-19
13155,23,961,7,2,KGID113155,Yatin,1991-03-21,M,O-,0,2018-02-27
13156,23,961,6,1,KGID113156,Hemani,1968-02-05,F,A-,0,2022-02-06
13157,23,961,10,1,KGID113157,Harish,1989-06-02,M,B+,0,2019-10-23
13158,23,961,10,5,KGID113158,Wahab,1988-04-08,M,AB+,0,2024-12-20
13159,23,962,9,2,KGID113159,Udant,1971-01-15,M,O+,0,2011-06-16
13160,23,962,10,1,KGID113160,Kevin,1980-11-25,M,O-,0,2014-02-28
13161,23,962,10,6,KGID113161,Wyatt,1998-02-20,M,AB+,0,2018-12-28
13162,23,962,9,6,KGID113162,Aradhana,1974-03-04,F,O-,0,2010-11-13
13163,23,962,10,1,KGID113163,Yatan,1974-05-27,M,B-,0,2000-11-15
13164,23,962,10,4,KGID113164,Vidhi,1997-12-14,F,A+,0,2001-05-13
13165,23,962,10,2,KGID113165,Benjamin,1991-04-19,M,B+,1,2001-12-14
13166,23,962,6,5,KGID113166,Manbir,1975-03-10,M,O+,0,2007-07-10
13167,23,962,5,5,KGID113167,Dayita,1979-12-10,F,AB+,0,2004-05-30
13168,23,962,7,2,KGID113168,Jason,1975-04-22,M,O-,0,2020-01-27
13169,23,962,6,6,KGID113169,Karan,1986-04-27,M,A+,0,2014-10-15
13170,23,962,10,4,KGID113170,Indrajit,2003-01-20,M,B-,0,2003-01-31
13171,23,962,7,6,KGID113171,Faris,2002-02-24,M,A+,0,2008-06-22
13172,23,962,9,6,KGID113172,Ishita,1972-02-13,F,A+,0,2023-06-22
13173,23,962,9,1,KGID113173,Ikbal,1982-06-24,M,AB+,0,1999-12-17
13174,23,962,10,1,KGID113174,Qasim,1997-06-23,M,A-,0,1996-11-25
13175,23,962,10,1,KGID113175,Azaan,1987-10-24,M,A+,0,2024-07-29
13176,23,963,7,2,KGID113176,Nicholas,1975-10-24,M,AB+,0,2009-03-18
13177,23,963,9,4,KGID113177,Umang,1989-04-27,M,O+,0,2010-12-06
13178,23,963,10,3,KGID113178,Lohit,2000-02-24,M,A+,0,2012-10-26
13179,23,963,10,1,KGID113179,Reyansh,1974-08-08,M,B-,0,2013-07-22
13180,23,963,10,1,KGID113180,Saanvi,1980-06-16,F,A+,0,2012-11-29
13181,23,963,6,5,KGID113181,Dakshesh,1985-05-12,M,A-,0,2007-04-08
13182,23,963,10,5,KGID113182,Neel,1980-05-16,M,B+,0,2012-01-17
13183,23,963,7,3,KGID113183,Baljiwan,1970-03-12,M,A+,0,2020-02-09
13184,23,963,6,1,KGID113184,Balendra,1994-11-15,M,O-,0,2005-03-05
13185,23,963,7,2,KGID113185,Devansh,1994-11-10,M,A+,0,1998-06-29
13186,23,963,10,6,KGID113186,Andrew,1976-06-23,M,O+,0,2007-12-02
13187,23,963,9,6,KGID113187,Udarsh,1997-07-25,M,A-,0,2008-12-07
13188,23,963,10,5,KGID113188,Ekantika,1976-05-24,F,A+,0,2012-10-23
13189,23,964,7,6,KGID113189,Sanya,1997-06-25,F,AB+,0,2003-03-07
13190,23,964,7,3,KGID113190,Karan,1986-08-02,M,A+,0,1997-03-25
13191,23,964,9,5,KGID113191,Timothy,1972-12-01,M,AB+,0,2001-08-01
13192,23,964,6,1,KGID113192,Indira,1997-05-27,F,A-,0,2024-08-30
13193,23,964,10,5,KGID113193,Charan,1990-02-28,M,B-,0,2015-09-30
13194,23,964,10,3,KGID113194,Oviya,1990-03-03,F,B+,0,2008-05-08
13195,23,964,7,3,KGID113195,Tara,1981-04-27,F,AB+,0,2009-03-03
13196,23,964,10,3,KGID113196,Gabriel,1994-12-06,M,A-,0,2015-10-08
13197,23,964,9,2,KGID113197,Jagdish,1996-05-23,M,O-,0,2022-07-06
13198,23,964,7,2,KGID113198,Lopa,1994-11-19,F,A-,0,2008-12-17
13199,23,965,7,6,KGID113199,Pranav,1989-12-05,M,A-,0,2005-07-28
13200,23,965,6,1,KGID113200,Upma,1992-06-05,F,B-,0,2013-07-26
13201,23,965,9,2,KGID113201,Bina,1994-12-13,F,AB+,0,1997-08-04
13202,23,965,7,4,KGID113202,Fitan,1971-04-25,M,AB+,0,1999-11-16
13203,23,965,9,4,KGID113203,Ganga,1973-09-21,F,A+,0,2012-09-01
13204,23,965,10,2,KGID113204,Azaan,1995-10-09,M,AB+,0,2012-08-21
13205,23,965,10,5,KGID113205,Yash,1972-04-19,M,B+,0,2010-06-27
13206,23,965,7,5,KGID113206,Faraj,2002-10-11,M,A+,0,2012-03-06
13207,23,965,10,5,KGID113207,Theodore,1980-10-26,M,B+,0,2016-12-22
13208,23,965,10,1,KGID113208,Janaki,1997-08-04,F,O-,0,2008-03-17
13209,23,965,5,6,KGID113209,Manya,1977-11-08,F,A+,0,2000-06-10
13210,23,965,10,1,KGID113210,Qarin,1972-09-16,M,AB+,0,2015-05-01
13211,23,966,9,5,KGID113211,Mitesh,1977-04-27,M,A-,0,2015-03-08
13212,23,966,9,4,KGID113212,Neha,1989-08-19,F,A+,0,2018-03-31
13213,23,966,7,3,KGID113213,Suhani,1997-07-07,F,B+,0,1996-10-11
13214,23,966,7,5,KGID113214,Naksh,2003-01-19,M,A+,0,2003-04-02
13215,23,966,7,4,KGID113215,Shivansh,1992-09-01,M,O-,0,1997-02-18
13216,23,966,10,2,KGID113216,Tanay,1999-09-27,M,B-,0,2016-05-08
13217,23,966,10,4,KGID113217,Zehaan,1970-06-11,M,A-,0,2005-06-04
13218,23,966,10,5,KGID113218,Rishi,1995-10-28,M,A-,1,2004-03-26
13219,23,966,9,3,KGID113219,Bakhshi,1989-03-29,M,A+,0,2002-01-07
13220,23,967,9,3,KGID113220,Dalbir,2001-10-05,M,A-,0,2012-03-16
13221,23,967,7,5,KGID113221,Mason,2002-01-22,M,O+,0,2008-06-28
13222,23,967,7,2,KGID113222,Rachita,1991-10-03,F,O+,0,2004-12-23
13223,23,967,7,6,KGID113223,Avi,1998-03-29,M,A-,0,2008-11-17
13224,23,967,6,1,KGID113224,Advaith,1997-07-01,M,A-,0,2014-07-04
13225,23,967,6,4,KGID113225,Brijesh,1977-05-18,M,A+,1,2024-09-19
13226,23,967,7,3,KGID113226,Yashodhara,1983-06-13,F,A-,0,2020-05-13
13227,23,967,9,6,KGID113227,Rushil,1986-07-04,M,O-,0,2010-03-16
13228,23,967,10,6,KGID113228,Ayaan,1996-06-16,M,O-,0,2006-09-27
13229,23,967,7,6,KGID113229,Gopal,2002-06-07,M,B+,0,2024-12-07
13230,23,967,9,4,KGID113230,Fiyaz,1968-05-30,M,AB+,0,2015-10-30
13231,23,967,7,5,KGID113231,Harini,2000-05-10,F,A+,0,2002-10-23
13232,23,967,9,3,KGID113232,Balvan,1982-07-28,M,B+,0,2023-05-07
13233,23,967,10,6,KGID113233,Wahab,1988-06-11,M,A+,0,2022-01-09
13234,23,967,6,4,KGID113234,Aishani,1970-10-16,F,B+,0,2022-11-12
13235,23,967,9,4,KGID113235,Ranbir,1969-09-28,M,O+,0,2004-05-04
13236,23,967,9,2,KGID113236,Nathan,1989-05-30,M,A+,0,2022-11-25
13237,23,967,6,6,KGID113237,Jeremiah,1976-01-26,M,O+,0,2001-10-05
13238,23,967,10,1,KGID113238,Manbir,1971-06-29,M,B-,0,1997-08-05
13239,23,968,10,3,KGID113239,Pranav,1994-11-26,M,O+,0,2018-09-28
13240,23,968,10,5,KGID113240,Bakhshi,1986-03-23,M,O-,0,1997-10-11
13241,23,968,10,4,KGID113241,Peter,1998-09-28,M,A+,0,2025-01-07
13242,23,968,10,4,KGID113242,Tara,1973-07-25,F,B-,0,2020-02-12
13243,23,968,5,3,KGID113243,Faqid,1999-10-17,M,B+,0,2015-11-28
13244,23,968,6,4,KGID113244,Krishna,1980-05-03,M,A+,0,2022-10-08
13245,23,968,7,6,KGID113245,Gagan,1974-10-24,M,O-,0,1997-10-20
13246,23,968,6,6,KGID113246,Bina,2000-09-29,F,A-,0,2000-07-09
13247,23,968,10,3,KGID113247,Henry,1981-04-14,M,A-,0,2018-11-06
13248,23,968,10,3,KGID113248,Ethan,1993-10-25,M,B+,0,2006-12-20
13249,23,968,6,3,KGID113249,Ekaraj,1969-01-21,M,A+,0,2021-05-16
13250,23,968,6,4,KGID113250,Ekansh,1968-04-11,M,B-,0,2012-03-22
13251,23,968,10,2,KGID113251,Kashish,1985-02-20,F,B+,0,2002-01-03
13252,23,968,10,1,KGID113252,Zaid,2003-05-31,M,AB+,0,2011-10-09
13253,23,968,7,6,KGID113253,Rehaan,1992-03-02,M,AB+,0,1999-03-18
13254,23,969,10,1,KGID113254,Hredhaan,1975-06-21,M,O+,0,1998-04-03
13255,23,969,9,1,KGID113255,Isaiah,1978-04-07,M,A-,0,2016-09-01
13256,23,969,10,1,KGID113256,Jonathan,1986-10-17,M,B-,0,2000-08-20
13257,23,969,10,3,KGID113257,Parth,1992-05-13,M,O+,0,2007-12-09
13258,23,969,9,2,KGID113258,Fitan,2000-04-21,M,A-,0,2007-11-16
13259,23,969,6,4,KGID113259,Bhavani,1992-03-19,F,AB+,0,2013-02-14
13260,23,969,7,6,KGID113260,Aarav,2001-05-06,M,O+,0,2000-08-22
13261,23,969,10,5,KGID113261,Naksh,1979-07-20,M,A-,0,2021-06-22
13262,23,969,10,2,KGID113262,Anirudh,1995-03-28,M,A-,0,2012-05-16
13263,23,969,10,6,KGID113263,Nitesh,1979-02-22,M,A-,0,2001-01-28
13264,23,969,7,5,KGID113264,Lucky,1979-04-13,M,AB+,0,1997-03-06
13265,23,969,9,6,KGID113265,Rayaan,1973-03-16,M,B+,0,2024-02-28
13266,23,969,10,1,KGID113266,Meera,1991-11-14,F,O-,0,1998-04-21
13267,23,969,9,4,KGID113267,Omkaar,1983-03-26,M,O-,0,2007-10-18
13268,23,969,10,1,KGID113268,Raghav,1969-04-11,M,AB+,0,2016-02-24
13269,23,970,10,5,KGID113269,Samarth,2001-04-11,M,A+,0,2014-05-13
13270,23,970,6,6,KGID113270,Azad,1994-06-21,M,O-,0,2004-11-14
13271,23,970,10,3,KGID113271,Madhavi,1999-04-22,F,A+,0,2010-09-24
13272,23,970,6,1,KGID113272,Tanish,1996-01-27,M,O-,0,2004-07-23
13273,23,970,10,3,KGID113273,Ryan,1997-05-30,M,A+,0,2017-10-07
13274,23,970,9,3,KGID113274,Ikbal,1987-01-27,M,A+,0,2018-10-23
13275,23,970,7,3,KGID113275,Om,1982-06-19,M,A-,0,2005-01-28
13276,23,970,10,2,KGID113276,Caleb,1997-03-10,M,B+,1,2022-08-29
13277,23,970,10,2,KGID113277,Peter,1986-11-05,M,O-,0,2008-10-01
13278,24,971,6,6,KGID113278,Zaid,1990-07-11,M,A+,0,2000-04-18
13279,24,971,10,2,KGID113279,Tanmayi,2002-09-30,F,O-,0,2005-03-12
13280,24,971,9,5,KGID113280,Maanas,2000-09-17,M,B-,0,1998-08-10
13281,24,971,10,5,KGID113281,Chaitaly,1982-03-05,F,B+,0,2019-12-25
13282,24,971,10,6,KGID113282,Wridesh,1975-11-10,M,O+,0,2002-11-18
13283,24,971,10,1,KGID113283,Nathan,1971-05-18,M,O+,0,2009-05-07
13284,24,971,10,6,KGID113284,Yatin,2000-11-18,M,A-,0,2006-04-06
13285,24,971,10,2,KGID113285,Timothy,1988-09-20,M,B+,0,2003-10-05
13286,24,971,9,4,KGID113286,Qabil,2001-09-06,M,A-,0,1998-04-15
13287,24,971,9,5,KGID113287,Noah,1980-07-17,M,A-,0,2000-11-09
13288,24,971,10,6,KGID113288,Kabir,1969-01-09,M,AB+,0,2005-04-19
13289,24,971,10,2,KGID113289,Vyanjana,1975-01-27,F,A-,0,2003-04-05
13290,24,971,10,4,KGID113290,Thomas,1985-12-02,M,B+,0,1999-06-14
13291,24,971,10,6,KGID113291,Sanaya,2003-06-29,F,A+,0,2020-08-29
13292,24,972,10,2,KGID113292,Zaid,1967-11-10,M,B+,0,2010-10-10
13293,24,972,10,6,KGID113293,Samesh,1974-01-25,M,B-,0,1996-12-21
13294,24,972,6,6,KGID113294,Yashasvi,2000-02-23,F,A-,0,2001-10-15
13295,24,972,9,1,KGID113295,Watika,1998-03-01,F,O-,0,2012-06-23
13296,24,972,9,2,KGID113296,Timothy,1991-03-04,M,A+,0,2000-02-25
13297,24,972,10,4,KGID113297,Zaid,1976-09-09,M,B-,0,2010-04-03
13298,24,972,10,4,KGID113298,Utkarsh,1972-12-02,M,O-,0,1997-04-16
13299,24,972,10,1,KGID113299,Kabir,1982-08-10,M,B-,0,2015-07-08
13300,24,972,9,4,KGID113300,Theodore,1994-10-30,M,B+,0,2006-10-06
13301,24,973,10,2,KGID113301,Chaitanya,2000-01-14,M,O+,0,1999-12-22
13302,24,973,10,3,KGID113302,Yashvi,1993-11-09,F,AB+,0,2009-10-15
13303,24,973,7,6,KGID113303,Lakshit,1967-12-10,M,O+,0,2002-10-03
13304,24,973,10,1,KGID113304,Kavya,2003-01-02,F,A-,0,2001-07-23
13305,24,973,6,5,KGID113305,Charan,1984-07-17,M,A+,0,1996-11-19
13306,24,973,10,2,KGID113306,Pavani,1999-09-08,F,AB+,0,2006-02-10
13307,24,973,9,3,KGID113307,Ranbir,1998-01-13,M,A+,0,2005-06-12
13308,24,973,6,5,KGID113308,Isaac,2000-01-07,M,O-,0,2018-12-19
13309,24,973,10,5,KGID113309,Banjeet,1977-02-23,M,A-,0,2004-03-03
13310,24,973,10,3,KGID113310,Sathvik,1999-05-03,M,AB+,0,2002-07-31
13311,24,973,10,3,KGID113311,Warjas,1983-06-16,M,AB+,0,2011-03-16
13312,24,973,6,4,KGID113312,Zaitra,1978-11-13,F,O+,0,2007-10-12
13313,24,973,7,2,KGID113313,Nirja,1981-02-18,F,B+,0,1999-01-06
13314,24,973,10,6,KGID113314,Aarush,1973-07-28,M,O+,0,2000-10-26
13315,24,973,6,1,KGID113315,Qadim,1994-05-11,M,B-,0,2025-02-15
13316,24,974,10,6,KGID113316,Nitesh,1980-12-28,M,O-,0,2017-02-11
13317,24,974,10,1,KGID113317,Qadim,1989-03-28,M,AB+,0,2021-01-26
13318,24,974,9,2,KGID113318,Saksham,1989-12-27,M,O+,0,2023-12-12
13319,24,974,6,3,KGID113319,Balhaar,1981-05-01,M,O-,1,2017-08-11
13320,24,974,9,3,KGID113320,Udarsh,2003-06-15,M,AB+,0,2013-06-09
13321,24,974,10,1,KGID113321,Umang,1972-08-08,M,B-,0,2004-08-16
13322,24,974,10,1,KGID113322,Nisha,1997-06-09,F,B-,0,2017-06-26
13323,24,974,9,6,KGID113323,Gautam,1991-02-10,M,B+,0,2015-07-24
13324,24,975,9,5,KGID113324,Hredhaan,1968-05-25,M,AB+,0,2003-08-10
13325,24,975,10,6,KGID113325,Baghyawati,1969-06-22,F,O-,0,2009-04-19
13326,24,975,6,3,KGID113326,Simon,1996-03-06,M,A-,0,2004-11-15
13327,24,975,10,6,KGID113327,Andrew,1978-04-03,M,B-,0,2000-03-26
13328,24,975,10,1,KGID113328,Agastya,1994-10-19,M,O+,0,2017-01-23
13329,24,975,10,5,KGID113329,Yoshita,1991-10-29,F,AB+,0,2001-05-04
13330,24,975,10,5,KGID113330,Matthew,1985-04-01,M,A-,0,2004-01-23
13331,24,975,7,4,KGID113331,Upkaar,1993-01-01,M,O-,0,1998-09-01
13332,24,975,6,3,KGID113332,Aarav,1976-02-10,M,B-,0,2008-01-28
13333,24,976,7,5,KGID113333,Varenya,1989-09-04,F,O-,0,2011-03-17
13334,24,976,10,4,KGID113334,Darpan,1978-08-13,M,O+,0,2016-04-20
13335,24,976,10,3,KGID113335,Parth,1989-02-16,M,O+,0,1999-11-19
13336,24,976,10,4,KGID113336,Jagat,1995-08-11,M,B+,0,2024-03-15
13337,24,976,10,3,KGID113337,Jack,1982-07-27,M,A+,0,2024-03-06
13338,24,976,7,2,KGID113338,Chakrika,1971-09-29,F,A-,0,2013-06-24
13339,24,976,10,3,KGID113339,Simon,1978-02-25,M,AB+,0,2023-03-06
13340,24,976,10,5,KGID113340,Peter,1970-04-11,M,O+,0,2002-09-04
13341,24,976,10,3,KGID113341,Advaith,1992-08-15,M,A+,0,2019-06-25
13342,24,976,10,3,KGID113342,Sachi,1978-12-31,F,A+,0,2010-02-09
13343,24,976,10,4,KGID113343,Charan,1989-10-25,M,B-,0,1998-04-13
13344,24,976,10,5,KGID113344,Gauri,1994-09-18,F,O+,0,2016-06-04
13345,24,976,10,2,KGID113345,Shaurya,1991-09-08,M,AB+,0,1996-11-16
13346,24,976,10,1,KGID113346,Zashil,2001-03-04,M,A+,0,2019-10-21
13347,24,976,7,5,KGID113347,Ekalinga,1992-10-04,M,A+,0,2001-03-17
13348,24,976,7,3,KGID113348,Yochana,1968-03-04,F,AB+,0,2006-04-01
13349,24,976,6,6,KGID113349,Aryan,1973-12-17,M,A-,0,2003-04-24
13350,24,976,10,4,KGID113350,Christopher,1985-05-21,M,B+,0,2021-05-21
13351,24,976,10,1,KGID113351,Qasim,2002-12-10,M,O+,0,2022-08-23
13352,24,977,10,6,KGID113352,Nihal,1971-10-10,M,A-,0,1997-03-02
13353,24,977,9,2,KGID113353,Udant,1968-03-04,M,AB+,1,2005-12-06
13354,24,977,10,5,KGID113354,Ladli,2000-07-06,F,B-,1,1998-06-15
13355,24,977,7,6,KGID113355,Robert,1979-11-08,M,A+,0,2003-01-02
13356,24,977,10,1,KGID113356,Isaac,1992-07-29,M,B+,0,2012-11-01
13357,24,977,6,5,KGID113357,Ethan,2003-02-27,M,A+,0,2022-08-21
13358,24,977,7,5,KGID113358,Avni,1970-04-19,F,A-,0,1999-10-21
13359,24,977,6,6,KGID113359,Siddharth,1998-05-07,M,AB+,0,2013-04-04
13360,24,977,6,6,KGID113360,Vansha,1989-10-24,F,AB+,0,2011-07-13
13361,24,977,9,5,KGID113361,Darika,1971-08-31,F,O+,0,1997-12-01
13362,24,977,6,4,KGID113362,Vinaya,1972-07-21,F,O+,0,2001-10-16
13363,24,977,10,5,KGID113363,Rushil,1991-08-27,M,A+,0,2002-08-05
13364,24,977,7,5,KGID113364,Abhimanyu,1990-12-13,M,B-,0,2016-08-14
13365,24,977,10,3,KGID113365,Isha,1995-02-04,F,O+,0,2020-05-28
13366,24,977,10,5,KGID113366,Girik,1993-10-22,M,A-,0,1998-02-20
13367,24,978,10,3,KGID113367,Dalbir,1987-07-06,M,B+,0,2009-06-24
13368,24,978,6,2,KGID113368,Chanchal,1986-05-12,F,O+,0,2008-12-28
13369,24,978,6,3,KGID113369,Gaurang,1973-01-28,M,O-,0,2019-03-09
13370,24,978,9,5,KGID113370,Kritika,1974-03-13,F,AB+,0,2015-10-05
13371,24,978,10,2,KGID113371,Girik,1976-07-30,M,A+,0,2014-03-11
13372,24,978,7,2,KGID113372,Anmol,1988-08-30,M,AB+,0,2022-08-31
13373,24,978,6,1,KGID113373,Rachita,1973-09-28,F,O-,0,2003-08-17
13374,24,978,10,6,KGID113374,Siddharth,1984-03-28,M,O+,0,2005-06-19
13375,24,978,10,5,KGID113375,Harrison,1992-06-07,M,A+,0,2000-02-02
13376,24,978,9,6,KGID113376,Yachana,1979-01-28,F,AB+,0,2016-09-22
13377,24,978,10,4,KGID113377,Max,2002-02-28,M,B+,0,2013-10-23
13378,24,978,9,6,KGID113378,Viraj,1974-12-20,M,A+,0,2011-10-09
13379,24,979,10,1,KGID113379,Faris,1968-08-28,M,A-,0,2015-07-07
13380,24,979,10,4,KGID113380,Om,1975-07-24,M,O+,0,2025-06-04
13381,24,979,10,5,KGID113381,Fariq,1982-11-25,M,AB+,0,2016-05-15
13382,24,979,9,3,KGID113382,Lekha,1991-07-14,F,AB+,0,1998-10-10
13383,24,979,9,6,KGID113383,Shivansh,1974-11-05,M,B+,0,2018-11-20
13384,24,979,9,1,KGID113384,Saksham,1998-04-29,M,A+,0,2000-02-01
13385,24,979,10,3,KGID113385,Aarnav,1985-09-19,M,AB+,0,2006-03-11
13386,24,979,10,2,KGID113386,Jeet,1974-04-28,M,O+,0,1997-07-31
13387,24,979,9,1,KGID113387,Nitesh,1973-04-01,M,A-,0,2016-02-29
13388,24,979,6,1,KGID113388,Samarth,1975-01-04,M,A+,0,2019-11-08
13389,24,979,6,1,KGID113389,Lucky,1993-01-03,M,O-,0,1998-03-18
13390,24,979,7,4,KGID113390,Rehaan,1983-07-27,M,AB+,1,2008-10-11
13391,24,979,7,3,KGID113391,Kiaan,1999-07-07,M,O-,0,2014-09-24
13392,24,979,10,1,KGID113392,Naksh,1968-02-06,M,B+,0,2014-05-12
13393,24,979,10,1,KGID113393,Hemang,1998-01-13,M,AB+,0,2000-09-12
13394,24,979,7,3,KGID113394,Krishna,1975-11-09,M,O-,0,2012-06-01
13395,24,979,10,6,KGID113395,Samaksh,1975-03-07,M,A-,0,2001-10-03
13396,24,979,6,4,KGID113396,Omkaar,1996-01-23,M,A-,0,2005-07-06
13397,24,980,10,1,KGID113397,Ekapad,1976-11-13,M,AB+,0,2009-07-30
13398,24,980,5,5,KGID113398,Teerth,1998-04-07,M,B-,0,2009-07-25
13399,24,980,6,5,KGID113399,Ekansh,2000-03-19,M,B-,0,2001-05-31
13400,24,980,6,6,KGID113400,Qasim,1971-05-27,M,A-,0,2022-12-01
13401,24,980,6,3,KGID113401,Jason,1983-07-11,M,A+,0,2025-03-03
13402,24,980,7,1,KGID113402,Avi,1967-10-28,M,A-,0,2003-09-02
13403,24,980,10,1,KGID113403,Anusha,1983-06-13,F,A-,0,1999-05-24
13404,24,980,10,5,KGID113404,Advaith,1999-08-13,M,B+,0,2020-01-25
13405,24,980,6,5,KGID113405,Inaya,1970-07-16,F,O+,0,2001-11-11
13406,24,980,10,4,KGID113406,Yash,1990-01-26,M,B-,0,2005-10-11
13407,24,980,6,4,KGID113407,Warjas,1994-11-05,M,B+,0,2024-07-03
13408,24,980,10,3,KGID113408,Finn,1975-03-05,M,A-,0,2012-05-09
13409,24,980,10,1,KGID113409,Balvan,1968-12-12,M,A+,0,2019-12-16
13410,24,980,10,2,KGID113410,Gaurika,1988-03-22,F,B-,0,1996-09-23
13411,24,980,9,3,KGID113411,Zarna,1996-03-13,F,O-,0,2019-01-17
13412,24,980,9,2,KGID113412,Sanaya,1974-11-09,F,B+,0,2020-11-14
13413,24,980,9,4,KGID113413,Osha,1987-03-30,F,AB+,0,2014-11-07
13414,24,980,5,2,KGID113414,Bahadurjit,1969-10-23,M,B+,0,2022-01-30
13415,24,981,10,5,KGID113415,Brijesh,1974-06-11,M,O+,0,2009-11-17
13416,24,981,7,5,KGID113416,Jagat,1972-12-10,M,B-,0,2009-05-18
13417,24,981,10,1,KGID113417,Yatin,1995-12-12,M,AB+,0,2005-01-24
13418,24,981,10,1,KGID113418,Manthan,1976-01-24,M,O-,0,2013-06-01
13419,24,981,10,1,KGID113419,Vansha,1984-04-11,F,O-,0,2024-03-23
13420,24,981,10,1,KGID113420,Arjun,1978-12-03,M,O+,0,2020-01-21
13421,24,981,10,3,KGID113421,Dhruv,1982-09-21,M,B-,0,2025-03-10
13422,24,981,6,3,KGID113422,Guneet,1997-07-05,M,O-,0,2006-07-12
13423,24,981,10,2,KGID113423,Manya,2000-12-13,F,O-,0,2024-09-01
13424,24,981,10,6,KGID113424,Qadim,1989-06-08,M,O+,0,2016-12-24
13425,24,981,10,5,KGID113425,Gautam,1986-02-17,M,A+,0,2019-09-09
13426,24,981,9,4,KGID113426,Manan,1987-01-09,M,AB+,0,1999-11-10
13427,24,981,7,3,KGID113427,Veda,1986-07-29,F,B-,0,2023-03-01
13428,24,982,10,5,KGID113428,Om,1994-03-21,M,AB+,0,2002-01-13
13429,24,982,10,1,KGID113429,Manbir,1967-11-18,M,A+,0,1999-11-10
13430,24,982,6,2,KGID113430,Ryan,1999-06-13,M,B+,0,1998-12-26
13431,24,982,5,6,KGID113431,Abhiram,1973-01-24,M,O-,0,2005-02-01
13432,24,982,10,4,KGID113432,Ranveer,1999-08-26,M,B-,0,2006-03-06
13433,24,982,10,3,KGID113433,Balveer,1995-04-19,M,O-,0,1997-10-20
13434,24,982,7,3,KGID113434,Harsh,1984-01-05,M,O-,0,2002-09-27
13435,24,982,7,5,KGID113435,Udant,1972-09-28,M,B-,0,2003-09-25
13436,24,982,7,3,KGID113436,Darpan,1981-08-05,M,O-,0,2009-04-03
13437,24,983,9,5,KGID113437,Urmi,1970-07-22,F,AB+,0,2020-10-20
13438,24,983,9,6,KGID113438,Yatan,1971-12-23,M,A-,0,2017-03-13
13439,24,983,9,3,KGID113439,Rishi,1984-04-13,M,B-,0,1997-02-07
13440,24,983,10,5,KGID113440,Christopher,1980-02-23,M,AB+,0,2019-01-25
13441,24,983,6,4,KGID113441,Hemani,2000-01-31,F,A-,0,2018-09-30
13442,24,983,6,6,KGID113442,Darpan,1996-11-22,M,A-,0,2008-05-30
13443,24,983,6,1,KGID113443,Balendra,1986-12-01,M,AB+,0,1997-04-14
13444,24,983,10,5,KGID113444,Warjas,1991-03-09,M,A-,0,1997-10-08
13445,24,983,6,5,KGID113445,Udant,1995-02-19,M,A-,0,2003-09-28
13446,24,983,9,1,KGID113446,Sai,1980-11-25,M,B+,0,2005-06-21
13447,24,983,6,2,KGID113447,Geetika,1982-03-09,F,B-,0,2015-11-15
13448,24,983,10,1,KGID113448,Tristan,1986-10-20,M,A+,0,2003-02-28
13449,24,983,6,6,KGID113449,Frado,1968-06-14,M,A+,0,2011-03-03
13450,24,983,10,5,KGID113450,Kavya,1973-10-25,F,A-,0,2012-09-15
13451,24,983,9,1,KGID113451,Dhruv,1992-06-23,M,A+,0,2014-09-21
13452,24,983,6,5,KGID113452,Zehaan,1989-08-14,M,AB+,0,1999-04-08
13453,24,983,10,3,KGID113453,Liam,1967-11-30,M,A+,0,2006-09-01
13454,24,983,10,4,KGID113454,Chandran,1971-04-11,M,AB+,0,1999-08-29
13455,24,983,7,4,KGID113455,Samaksh,2001-02-21,M,A-,0,2023-11-27
13456,24,983,10,2,KGID113456,Max,1985-08-19,M,O-,0,2007-02-24
13457,24,984,9,5,KGID113457,Umang,1990-06-25,M,B-,0,2019-03-03
13458,24,984,9,4,KGID113458,Chaitanya,1997-12-03,M,A+,0,2022-12-14
13459,24,984,9,5,KGID113459,Pooja,1971-06-08,F,O-,0,2012-03-28
13460,24,984,10,5,KGID113460,Faras,1987-02-03,M,O+,0,2022-03-13
13461,24,984,10,3,KGID113461,Lakshit,1979-05-31,M,B-,0,2002-10-18
13462,24,984,9,4,KGID113462,Balhaar,1989-10-04,M,O-,0,2001-08-17
13463,24,984,5,1,KGID113463,Kai,1988-10-21,M,B+,0,2006-04-01
13464,24,984,7,4,KGID113464,Sara,1997-01-09,F,O-,0,2007-08-19
13465,24,984,10,6,KGID113465,Qasim,1970-12-10,M,B+,0,2016-03-14
13466,24,984,6,2,KGID113466,Abdul,1998-11-03,M,B+,0,2013-10-30
13467,24,985,7,2,KGID113467,Dev,1976-07-12,M,AB+,0,2004-05-06
13468,24,985,10,5,KGID113468,Jeremiah,1986-02-08,M,A-,0,1997-02-10
13469,24,985,7,2,KGID113469,Theodore,1973-06-26,M,AB+,0,2001-07-26
13470,24,985,10,4,KGID113470,Tejas,2000-07-01,M,AB+,0,1997-12-19
13471,24,985,9,1,KGID113471,Quincy,1977-08-07,M,O+,0,2008-01-01
13472,24,985,5,2,KGID113472,Pratyush,2001-08-10,M,AB+,0,2016-03-03
13473,24,985,7,3,KGID113473,Zashil,1997-02-12,M,O-,0,2015-07-22
13474,24,985,6,6,KGID113474,Urvi,1983-10-24,F,A-,0,2009-02-16
13475,24,985,9,2,KGID113475,Warjas,1982-01-11,M,A-,0,2020-09-20
13476,24,985,10,1,KGID113476,Azaan,1986-07-03,M,O+,0,2025-07-21
13477,24,985,9,5,KGID113477,Nakul,2000-01-02,M,O+,0,2000-11-03
13478,24,985,7,5,KGID113478,Manthan,1969-12-10,M,A+,0,2016-10-19
13479,24,985,5,4,KGID113479,Adweta,1998-11-07,F,B-,0,2005-04-19
13480,24,985,10,3,KGID113480,Christopher,1976-10-15,M,O-,0,2009-08-24
13481,24,985,10,6,KGID113481,Noah,2002-01-11,M,A-,0,2006-08-19
13482,24,985,10,2,KGID113482,Max,2001-10-11,M,A-,0,2011-01-13
13483,24,985,7,1,KGID113483,Bhavna,1987-12-02,F,O-,0,2008-10-03
13484,24,986,6,3,KGID113484,Hemang,1986-10-21,M,B-,0,2013-02-18
13485,24,986,7,3,KGID113485,Darpan,1986-08-11,M,O+,0,2008-07-17
13486,24,986,5,5,KGID113486,Vedant,1970-11-15,M,A-,0,2022-12-20
13487,24,986,10,2,KGID113487,Darsh,1980-07-14,M,AB+,0,2024-04-06
13488,24,986,6,1,KGID113488,Kamala,1983-02-04,F,A-,0,2014-01-14
13489,24,986,6,6,KGID113489,Pranit,1975-07-15,M,B-,0,2000-04-09
13490,24,986,7,5,KGID113490,Christopher,1987-06-04,M,B+,0,2025-06-16
13491,24,986,6,5,KGID113491,Prisha,1973-04-20,F,A+,0,2022-01-06
13492,24,986,10,4,KGID113492,Daksh,1974-07-02,M,A+,0,2014-01-13
13493,24,986,9,2,KGID113493,Benjamin,1985-10-11,M,A+,0,1998-04-16
13494,24,986,10,1,KGID113494,Naksh,1972-11-19,M,O-,0,2014-09-30
13495,24,986,6,6,KGID113495,Ekbal,2000-08-14,M,O+,0,2014-12-01
13496,24,986,6,4,KGID113496,Utkarsh,1977-04-13,M,A-,0,2007-03-07
13497,24,986,9,4,KGID113497,Vivaan,1997-09-27,M,O+,0,2000-03-29
13498,24,986,7,4,KGID113498,Naksh,1979-04-26,M,B-,0,2017-02-24
13499,24,987,10,2,KGID113499,Raksha,1975-02-27,F,O-,0,2000-06-16
13500,24,987,10,3,KGID113500,Yashawini,1987-03-01,F,A+,0,2009-11-25
13501,24,987,9,6,KGID113501,Madhav,1970-10-11,M,O-,0,2017-01-18
13502,24,987,10,4,KGID113502,Saksham,1972-10-01,M,O+,0,2011-06-03
13503,24,987,6,3,KGID113503,David,1984-12-04,M,A+,0,2009-04-20
13504,24,987,7,2,KGID113504,Zayan,1969-12-09,M,O+,0,2013-12-03
13505,24,987,10,1,KGID113505,Aditya,1973-12-21,M,O-,0,2009-04-20
13506,24,987,10,1,KGID113506,Wishi,2000-06-14,F,O-,0,2003-08-24
13507,24,987,10,4,KGID113507,Jackson,1985-06-18,M,AB+,0,2018-01-15
13508,24,987,9,4,KGID113508,Utkarsh,1975-10-06,M,A-,0,2003-05-18
13509,24,987,10,2,KGID113509,Rehaan,1991-10-16,M,A+,0,1998-11-15
13510,24,987,10,1,KGID113510,Joshua,1972-03-20,M,B+,0,1999-06-03
13511,24,987,7,1,KGID113511,Daniel,1993-08-31,M,O-,0,1999-01-13
13512,24,987,10,2,KGID113512,Frederick,1986-11-28,M,B+,0,2011-08-16
13513,24,987,5,1,KGID113513,Jatin,1989-07-23,M,B-,0,2007-09-22
13514,24,987,9,4,KGID113514,Charles,1978-04-05,M,O+,0,2009-10-20
13515,24,988,7,6,KGID113515,Bhavna,1973-04-04,F,AB+,0,2010-08-14
13516,24,988,5,4,KGID113516,Madhav,1980-08-09,M,O-,0,1998-04-14
13517,24,988,10,5,KGID113517,George,1976-04-27,M,O-,0,2012-01-23
13518,24,988,10,1,KGID113518,Liam,1997-08-22,M,O+,0,2010-08-09
13519,24,988,10,3,KGID113519,Parth,1998-03-23,M,O+,0,1997-09-17
13520,24,988,9,1,KGID113520,Sai,1995-03-20,M,B-,0,2019-05-13
13521,24,988,10,2,KGID113521,Jagdish,1982-05-17,M,O-,0,1997-08-21
13522,24,988,5,1,KGID113522,Rushil,1982-11-04,M,O+,0,2011-04-03
13523,24,988,7,2,KGID113523,Lucky,1985-01-01,M,AB+,0,2015-08-27
13524,24,988,9,5,KGID113524,Unni,1975-12-17,F,A+,0,2011-09-03
13525,24,988,6,5,KGID113525,Zehaan,1975-12-20,M,O+,0,2010-06-09
13526,24,988,7,6,KGID113526,Avi,1977-11-27,M,O+,0,2001-10-18
13527,24,988,10,3,KGID113527,Jatin,1971-05-25,M,B-,0,2000-02-06
13528,24,988,6,3,KGID113528,Lohit,1996-06-07,M,B-,0,2000-09-06
13529,24,988,10,6,KGID113529,Sai,1978-12-18,F,O+,0,1998-09-27
13530,24,988,6,6,KGID113530,Anirudh,1974-05-05,M,A-,0,2016-08-20
13531,24,988,10,2,KGID113531,Gaurang,1981-04-26,M,B-,0,2025-04-21
13532,24,989,10,3,KGID113532,Ekaraj,1982-03-13,M,AB+,0,2023-10-17
13533,24,989,9,5,KGID113533,Balveer,1975-12-11,M,A+,0,2020-12-20
13534,24,989,6,4,KGID113534,David,1995-07-07,M,B+,0,2007-08-22
13535,24,989,9,6,KGID113535,Indali,1990-06-08,F,A-,0,2005-11-25
13536,24,989,10,4,KGID113536,Frado,2003-06-27,M,O+,0,1998-08-21
13537,24,989,10,4,KGID113537,Michael,1993-04-10,M,B-,0,2005-12-04
13538,24,989,6,3,KGID113538,Joshua,1967-08-15,M,A-,0,2009-10-09
13539,24,989,7,1,KGID113539,Warjas,1980-12-15,M,AB+,0,2025-07-13
13540,24,989,7,3,KGID113540,Utkarsh,1996-08-03,M,A+,0,2010-04-22
13541,24,989,10,1,KGID113541,Mohammed,1992-04-04,M,AB+,1,2020-11-05
13542,24,989,10,6,KGID113542,Dominic,1992-07-13,M,B+,0,2011-11-23
13543,24,989,5,6,KGID113543,Logan,1981-05-06,M,B-,0,2008-02-15
13544,24,989,10,1,KGID113544,Faqid,1984-04-29,M,O+,0,2023-03-01
13545,24,989,6,1,KGID113545,Jeet,1982-12-11,M,O-,0,2011-06-13
13546,24,989,10,5,KGID113546,Yahvi,2001-12-30,F,A-,0,2004-10-02
13547,24,989,7,4,KGID113547,Jack,1973-12-05,M,A-,0,2013-12-29
13548,24,989,10,2,KGID113548,Yash,1991-03-10,M,AB+,0,2012-10-30
13549,24,989,9,1,KGID113549,Laksh,1973-07-11,M,A+,0,2010-06-20
13550,24,989,10,3,KGID113550,Nandini,1994-08-20,F,A+,0,2007-09-18
13551,24,990,10,5,KGID113551,Nicholas,2003-07-10,M,O+,0,2016-06-16
13552,24,990,10,3,KGID113552,Devika,1988-01-04,F,O+,0,2005-05-14
13553,24,990,10,4,KGID113553,Hemang,1983-12-08,M,O+,0,2004-10-23
13554,24,990,9,3,KGID113554,Advik,1974-03-22,M,B+,0,2019-05-10
13555,24,990,6,6,KGID113555,Noah,1983-10-17,M,B-,0,2002-08-14
13556,24,990,10,2,KGID113556,Zayyan,1969-01-22,M,O-,0,2019-05-17
13557,24,990,7,1,KGID113557,Laksh,1989-07-03,M,O+,0,2011-12-31
13558,24,990,9,6,KGID113558,Saksham,1988-08-21,M,O+,0,2019-10-31
13559,24,991,10,6,KGID113559,Raksha,1970-12-27,F,AB+,0,2025-06-29
13560,24,991,10,2,KGID113560,Isaac,1984-09-14,M,AB+,0,2022-02-01
13561,24,991,10,6,KGID113561,Abhiram,1999-01-02,M,AB+,0,2023-09-04
13562,24,991,9,6,KGID113562,Faris,2002-06-21,M,B+,0,2002-03-30
13563,24,991,9,4,KGID113563,Ronith,1993-09-02,M,A+,0,2010-02-20
13564,24,991,6,6,KGID113564,Anay,1975-08-07,M,A-,0,2013-07-30
13565,24,991,6,6,KGID113565,Gautam,1986-08-30,M,AB+,0,2022-04-14
13566,24,991,6,5,KGID113566,Rudra,1993-09-15,M,A+,0,2022-02-22
13567,24,991,6,3,KGID113567,Yuvraj,1999-11-22,M,AB+,0,2007-06-03
13568,24,991,10,1,KGID113568,Megha,1996-01-31,F,AB+,0,1998-08-03
13569,25,992,10,5,KGID113569,Amol,1980-09-28,M,O-,0,2023-02-26
13570,25,992,10,2,KGID113570,Robert,1973-08-16,M,O+,0,2006-07-09
13571,25,992,10,4,KGID113571,Aarnav,1987-11-04,M,B+,0,2012-03-23
13572,25,992,10,2,KGID113572,Baljiwan,1998-03-15,M,O-,0,2014-03-12
13573,25,992,5,2,KGID113573,Chakradhar,1999-05-13,M,O+,0,2008-01-26
13574,25,992,10,6,KGID113574,Advay,1988-08-05,M,AB+,0,2024-12-22
13575,25,992,5,6,KGID113575,Finn,1995-02-11,M,O-,0,1997-04-09
13576,25,992,10,5,KGID113576,Ikbal,1996-07-03,M,O+,0,2007-12-11
13577,25,993,10,1,KGID113577,Harsh,1974-12-31,M,O-,0,2000-12-07
13578,25,993,10,2,KGID113578,Manan,1991-02-09,M,A+,0,2020-11-09
13579,25,993,10,5,KGID113579,Ishanvi,1981-03-13,F,O+,0,2018-09-21
13580,25,993,10,2,KGID113580,Orinder,1975-12-25,M,AB+,0,2000-08-03
13581,25,993,10,1,KGID113581,Anmol,1982-05-02,M,B+,0,2013-02-28
13582,25,993,10,6,KGID113582,Falan,1990-12-06,M,B+,0,2007-07-09
13583,25,993,10,4,KGID113583,Vaishnavi,1992-03-31,F,O+,0,2004-09-27
13584,25,993,10,6,KGID113584,Aayush,1989-01-13,M,O+,0,2005-06-11
13585,25,993,10,3,KGID113585,Yuvraj,1985-11-19,M,O+,0,2009-08-22
13586,25,993,10,6,KGID113586,Madhav,1989-06-16,M,O-,0,2021-08-24
13587,25,993,10,6,KGID113587,Patrick,1971-10-17,M,O+,0,2012-06-22
13588,25,993,10,3,KGID113588,Theodore,1993-12-23,M,A+,0,2017-03-22
13589,25,994,7,1,KGID113589,Jai,1968-09-14,M,AB+,0,1996-11-04
13590,25,994,5,6,KGID113590,Anmol,1975-11-28,M,A-,0,2005-05-26
13591,25,994,10,4,KGID113591,Meghana,1980-04-25,F,AB+,0,2002-05-30
13592,25,994,6,5,KGID113592,Ikbal,1986-01-28,M,B-,0,2018-06-05
13593,25,994,9,2,KGID113593,Chandresh,1969-01-05,M,B+,0,2006-06-09
13594,25,994,10,1,KGID113594,Samarth,1969-04-05,M,A+,0,2023-11-23
13595,25,994,10,6,KGID113595,Joshua,1981-12-04,M,O+,0,2014-09-22
13596,25,994,10,5,KGID113596,Faris,1995-08-11,M,B+,0,2015-11-18
13597,25,994,10,2,KGID113597,Dakshesh,1974-01-05,M,A-,0,2020-08-29
13598,25,994,6,5,KGID113598,Balendra,1979-01-13,M,A-,0,2018-08-17
13599,25,994,10,6,KGID113599,Jason,2002-08-05,M,A-,0,2008-06-10
13600,25,995,10,5,KGID113600,Bachittar,1988-02-18,M,B-,0,2014-09-10
13601,25,995,9,1,KGID113601,Akshay,1974-11-15,M,AB+,0,1998-06-20
13602,25,995,10,4,KGID113602,Chandresh,1980-03-21,M,A-,0,2020-05-25
13603,25,995,6,2,KGID113603,Rudra,1977-04-20,M,O+,0,2007-04-01
13604,25,995,10,3,KGID113604,Kevin,1979-08-22,M,O-,0,2023-08-03
13605,25,995,10,5,KGID113605,Darsh,1988-08-06,M,B+,0,2006-07-14
13606,25,995,6,5,KGID113606,Krish,1973-10-16,M,AB+,0,2003-04-19
13607,25,995,6,2,KGID113607,Shaurya,1974-07-12,M,A-,0,2020-10-01
13608,25,995,10,2,KGID113608,Bahadurjit,1987-09-24,M,A-,0,2022-12-17
13609,25,995,7,6,KGID113609,Vedika,1991-09-14,F,B-,0,2007-01-22
13610,25,995,10,3,KGID113610,Nicholas,1999-01-05,M,AB+,0,2021-01-28
13611,25,995,10,2,KGID113611,Aadi,1969-06-10,M,B-,0,2016-09-17
13612,25,995,6,4,KGID113612,Mason,1998-01-22,M,A-,0,1999-06-17
13613,25,995,9,4,KGID113613,Faris,1987-11-11,M,A-,0,2004-08-29
13614,25,996,10,6,KGID113614,Tamanna,1997-06-04,F,B+,0,2004-08-04
13615,25,996,10,3,KGID113615,Faras,1991-02-28,M,A-,0,1997-06-03
13616,25,996,9,1,KGID113616,Varsha,1970-03-10,F,A-,0,2007-02-15
13617,25,996,10,6,KGID113617,Mason,2001-07-14,M,A+,0,2002-12-06
13618,25,996,10,6,KGID113618,Aadi,1972-08-10,M,B+,0,2010-03-03
13619,25,996,10,2,KGID113619,Balveer,1968-09-24,M,A-,0,2016-05-12
13620,25,996,5,3,KGID113620,Jagdish,2003-05-12,M,A+,0,2018-05-27
13621,25,996,10,6,KGID113621,Anmol,1982-08-03,M,A+,0,2025-02-02
13622,25,996,10,5,KGID113622,Yashawini,1976-05-05,F,O-,0,2019-03-24
13623,25,996,10,5,KGID113623,Anay,1988-09-23,M,O-,0,2022-07-26
13624,25,996,9,6,KGID113624,Shaurya,1976-06-09,M,O+,0,2008-05-31
13625,25,996,10,1,KGID113625,Mason,2002-04-10,M,B-,0,2021-12-28
13626,25,997,10,1,KGID113626,Anthony,2001-09-27,M,B+,0,1998-02-25
13627,25,997,9,3,KGID113627,Yochana,1997-06-25,F,A+,0,2009-10-28
13628,25,997,7,4,KGID113628,Lohit,2001-03-05,M,O+,0,2014-02-20
13629,25,997,10,4,KGID113629,Indrajit,1989-11-02,M,O+,0,2001-08-26
13630,25,997,7,4,KGID113630,Reyansh,1981-11-12,M,O+,0,2006-10-19
13631,25,997,7,4,KGID113631,Thomas,1971-04-10,M,A+,0,2021-12-02
13632,25,997,10,4,KGID113632,Gaurang,1985-08-14,M,O-,0,2003-01-24
13633,25,997,10,4,KGID113633,Guneet,1975-12-28,M,O-,0,2020-05-23
13634,25,998,10,2,KGID113634,Timothy,1991-07-30,M,O-,1,2008-11-09
13635,25,998,7,5,KGID113635,Dalbir,2001-08-12,M,B-,0,2010-08-22
13636,25,998,9,3,KGID113636,Urishilla,1973-09-17,F,A+,0,2014-10-12
13637,25,998,6,4,KGID113637,Yamini,1982-10-18,F,B-,0,2008-06-07
13638,25,998,10,1,KGID113638,Samesh,1999-12-31,M,O+,0,1996-11-07
13639,25,998,10,3,KGID113639,Oscar,1991-01-30,M,A-,0,1999-02-20
13640,25,998,5,5,KGID113640,Unni,1996-12-07,F,A-,0,2006-01-02
13641,25,998,7,3,KGID113641,Darika,1973-01-01,F,B+,0,2023-05-19
13642,25,998,9,4,KGID113642,Daniel,1989-02-28,M,O-,0,2013-12-26
13643,25,999,7,3,KGID113643,Laban,1968-06-02,M,O+,0,2014-07-30
13644,25,999,10,3,KGID113644,Manan,1989-08-03,M,B+,0,2018-01-22
13645,25,999,10,5,KGID113645,Warjas,1999-10-21,M,B-,0,2004-05-23
13646,25,999,6,5,KGID113646,Vasana,1970-12-10,F,A+,0,2002-08-13
13647,25,999,7,6,KGID113647,Udarsh,2000-05-25,M,A-,0,2018-03-21
13648,25,999,7,6,KGID113648,Orinder,1982-02-14,M,O-,0,2006-02-25
13649,25,999,6,4,KGID113649,Theodore,2002-12-02,M,B-,0,1996-12-23
13650,25,999,10,1,KGID113650,Lucky,1984-11-17,M,AB+,0,2020-09-22
13651,25,999,7,3,KGID113651,Raagini,1978-10-03,F,O-,0,2017-06-04
13652,25,999,10,3,KGID113652,Indrajit,1994-06-16,M,B-,0,2024-02-23
13653,25,999,10,1,KGID113653,Jairaj,2002-10-05,M,O+,0,2012-01-22
13654,25,999,6,3,KGID113654,Sarthak,1982-05-24,M,O-,0,1997-11-04
13655,25,999,9,4,KGID113655,Rishi,1971-12-14,M,A+,0,2013-01-21
13656,25,1000,10,5,KGID113656,Fitan,1977-12-09,M,AB+,0,2002-04-23
13657,25,1000,10,5,KGID113657,Ekaraj,2002-02-19,M,AB+,0,2009-01-17
13658,25,1000,10,5,KGID113658,Aadi,1971-12-31,M,O+,0,2016-04-28
13659,25,1000,10,1,KGID113659,Balveer,1981-08-04,M,A-,0,1997-02-21
13660,25,1000,9,2,KGID113660,Manbir,1985-02-17,M,B+,0,2009-07-07
13661,25,1000,10,1,KGID113661,Jason,1997-05-22,M,AB+,0,2002-07-19
13662,25,1000,10,1,KGID113662,Aarnav,1978-06-23,M,B+,0,2014-01-20
13663,25,1000,7,5,KGID113663,Victor,1994-06-17,M,O-,0,1997-01-24
13664,25,1001,10,2,KGID113664,Daksh,1989-05-01,M,O+,0,2018-02-18
13665,25,1001,9,6,KGID113665,Dalbir,1968-08-18,M,B-,0,2010-08-28
13666,25,1001,10,1,KGID113666,Liam,2003-05-06,M,A-,0,2023-11-30
13667,25,1001,6,3,KGID113667,Elijah,1984-06-20,M,A+,0,2025-05-25
13668,25,1001,7,1,KGID113668,Kalpit,1983-05-05,M,B-,0,2017-02-17
13669,25,1001,7,4,KGID113669,Joshua,1972-11-30,M,A+,0,2003-05-08
13670,25,1001,10,3,KGID113670,Janya,1981-08-10,F,B+,0,2002-11-18
13671,25,1001,10,2,KGID113671,Zehaan,1989-07-28,M,AB+,0,2015-02-16
13672,25,1001,10,1,KGID113672,Ayushman,1991-09-05,M,O+,0,2016-05-14
13673,25,1001,6,5,KGID113673,Rachit,1995-09-04,M,B-,0,2013-01-17
13674,25,1001,10,1,KGID113674,Nachiket,1968-06-30,M,O-,0,1999-04-08
13675,25,1001,9,1,KGID113675,Aarnav,1973-11-12,M,O+,0,2007-02-11
13676,25,1001,7,2,KGID113676,Orinder,1977-08-06,M,O+,0,2005-03-02
13677,25,1001,6,5,KGID113677,Aadi,1997-02-08,M,A-,0,2015-08-05
13678,25,1001,6,1,KGID113678,Nicholas,1991-04-01,M,B-,0,2019-02-23
13679,25,1001,5,4,KGID113679,Pranit,1969-09-24,M,AB+,0,2004-09-01
13680,25,1001,6,1,KGID113680,Hardik,1993-03-08,M,AB+,0,2019-01-24
13681,25,1001,6,6,KGID113681,Elijah,1988-06-16,M,A+,0,2000-02-04
13682,25,1001,10,1,KGID113682,Harish,2000-07-11,M,A-,0,2001-03-29
13683,25,1001,10,6,KGID113683,Oscar,1988-09-02,M,B-,0,1998-07-26
13684,25,1002,10,5,KGID113684,Girik,1975-12-28,M,A+,0,2004-05-16
13685,25,1002,5,2,KGID113685,Zaitra,2002-01-19,F,O+,0,2005-08-01
13686,25,1002,7,3,KGID113686,Girish,1968-10-16,M,AB+,0,2005-04-23
13687,25,1002,10,2,KGID113687,Warda,1994-11-14,F,O+,0,2002-12-19
13688,25,1002,10,3,KGID113688,Mohammed,2001-05-10,M,A+,0,2000-06-27
13689,25,1002,6,2,KGID113689,Gavin,1981-02-22,M,AB+,0,2022-09-24
13690,25,1002,6,4,KGID113690,Wriddhish,1970-09-25,M,O+,0,2005-12-04
13691,25,1002,6,2,KGID113691,Jatin,1978-02-06,M,AB+,0,2023-03-21
13692,25,1002,5,6,KGID113692,Harshil,1974-08-03,M,A-,0,2018-07-28
13693,25,1002,10,1,KGID113693,Robert,1990-03-12,M,B-,0,2005-07-10
13694,25,1002,5,3,KGID113694,Panini,1989-09-07,F,O+,0,2020-06-25
13695,25,1002,6,4,KGID113695,Tanay,1982-07-17,M,A+,0,2019-12-09
13696,25,1003,9,4,KGID113696,Rachana,1973-12-14,F,A-,0,2004-07-19
13697,25,1003,9,2,KGID113697,Ethan,1983-11-07,M,B-,0,2006-10-05
13698,25,1003,6,6,KGID113698,Umang,1977-08-26,M,O-,0,2020-06-21
13699,25,1003,10,4,KGID113699,Dalbir,1977-07-22,M,B-,0,1996-11-22
13700,25,1003,9,5,KGID113700,Udant,1978-11-12,M,O+,0,2024-09-14
13701,25,1003,10,2,KGID113701,Hredhaan,1993-08-10,M,O-,0,2021-05-06
13702,25,1003,6,4,KGID113702,Naveen,1973-04-21,M,A+,0,2001-07-28
13703,25,1003,7,3,KGID113703,Yash,1980-04-13,M,B-,0,2021-12-22
13704,25,1003,6,5,KGID113704,Hemal,1978-09-16,F,AB+,0,2009-11-27
13705,25,1003,10,2,KGID113705,Warinder,2002-10-25,M,AB+,0,2023-05-08
13706,25,1003,10,5,KGID113706,Christopher,1992-11-29,M,A+,0,2007-06-06
13707,25,1004,9,6,KGID113707,Faqid,1967-10-10,M,B-,0,2010-05-02
13708,25,1004,10,1,KGID113708,Noah,2001-01-02,M,A+,0,2004-06-25
13709,25,1004,7,3,KGID113709,Yuvraj,1972-12-29,M,O+,0,2002-10-23
13710,25,1004,10,2,KGID113710,Ronith,1969-09-04,M,O-,1,2020-04-14
13711,25,1004,10,4,KGID113711,Chanakya,1988-05-20,M,B+,0,2012-09-07
13712,25,1004,7,5,KGID113712,Jyoti,1973-11-01,F,B-,0,2011-09-08
13713,25,1004,6,1,KGID113713,Maanas,1995-01-18,M,A-,0,2017-10-22
13714,25,1004,7,2,KGID113714,Shaurya,1984-09-16,M,AB+,0,2008-07-05
13715,25,1004,9,2,KGID113715,Farhan,1976-06-25,M,A+,0,1997-04-24
13716,25,1004,10,4,KGID113716,Oscar,2002-12-01,M,B+,0,2010-01-03
13717,25,1004,6,1,KGID113717,Hemani,1992-11-14,F,A-,1,2006-02-19
13718,25,1004,9,4,KGID113718,Atharv,1995-01-29,M,B-,0,2021-03-17
13719,25,1004,10,2,KGID113719,Krish,1983-11-25,M,AB+,0,2020-07-22
13720,25,1004,10,3,KGID113720,Harshil,2003-03-26,M,O+,0,2011-01-04
13721,25,1004,9,6,KGID113721,Kai,1968-06-05,M,B-,0,2011-08-13
13722,25,1004,10,2,KGID113722,Lila,1967-11-09,F,O+,0,2018-08-23
13723,25,1005,10,4,KGID113723,Teerth,1977-05-25,M,B+,0,2022-03-25
13724,25,1005,6,6,KGID113724,Laban,1985-06-28,M,O-,0,2008-12-15
13725,25,1005,9,1,KGID113725,Fariq,1970-01-03,M,B+,0,2012-11-22
13726,25,1005,10,1,KGID113726,Darsh,1983-05-01,M,A+,0,2009-01-07
13727,25,1005,10,2,KGID113727,Turvi,1986-08-28,F,O-,0,2011-08-12
13728,25,1005,6,5,KGID113728,Gavin,1977-11-04,M,B+,0,2025-03-11
13729,25,1005,10,6,KGID113729,Ojasvi,1984-07-03,F,O+,0,2018-11-06
13730,25,1005,9,1,KGID113730,Bakhshi,1973-11-30,M,B-,0,2000-05-14
13731,25,1005,6,4,KGID113731,Jai,1978-08-26,M,B+,0,2000-09-07
13732,25,1005,9,5,KGID113732,Ojas,1971-12-30,M,A-,0,2024-01-03
13733,25,1005,5,2,KGID113733,Kalpit,1981-08-01,M,A+,0,2004-08-24
13734,25,1005,10,4,KGID113734,Quincy,1978-11-07,M,O-,0,1997-03-17
13735,25,1005,10,5,KGID113735,Ekapad,2001-04-29,M,O+,0,2014-06-29
13736,25,1005,9,6,KGID113736,Ayaan,1995-01-19,M,AB+,1,1998-03-18
13737,25,1005,10,2,KGID113737,Anirudh,1980-04-16,M,B-,0,2020-03-27
13738,25,1005,9,4,KGID113738,Azad,1981-11-01,M,AB+,0,2011-06-25
13739,25,1006,6,5,KGID113739,Bina,1998-02-03,F,AB+,0,2013-03-12
13740,25,1006,6,1,KGID113740,Urvashi,1987-11-11,F,B+,0,2004-12-03
13741,25,1006,5,4,KGID113741,David,2001-06-28,M,O-,0,2012-11-13
13742,25,1006,10,1,KGID113742,Qadim,1993-06-26,M,B+,0,2008-03-29
13743,25,1006,7,4,KGID113743,Zaitra,1990-03-07,F,B+,0,2024-08-17
13744,25,1006,10,6,KGID113744,Qadim,1972-03-05,M,O-,0,2023-01-04
13745,25,1006,10,5,KGID113745,Ranveer,1975-03-23,M,A-,0,2006-04-21
13746,25,1006,10,4,KGID113746,Luke,1990-09-08,M,A-,0,2011-01-10
13747,25,1006,10,1,KGID113747,Shivansh,2001-07-15,M,B-,0,2014-01-10
13748,25,1006,7,5,KGID113748,Umang,1999-08-26,M,A-,0,2012-01-16
13749,25,1007,9,2,KGID113749,Pushti,1978-04-21,F,B+,0,2015-06-08
13750,25,1007,6,6,KGID113750,Om,1978-10-24,M,B+,0,1996-10-10
13751,25,1007,10,2,KGID113751,Hemang,1983-05-11,M,A+,0,1997-03-04
13752,25,1007,10,6,KGID113752,Yash,1992-06-16,M,A-,0,2006-11-17
13753,25,1007,6,6,KGID113753,Sai,1972-12-15,M,A+,0,2008-05-14
13754,25,1007,10,3,KGID113754,Anthony,1987-08-25,M,B-,0,1999-05-24
13755,25,1007,10,1,KGID113755,Tanvi,1991-06-15,F,AB+,0,1998-04-21
13756,25,1007,7,6,KGID113756,Ekalinga,1995-05-05,M,B-,0,2011-04-03
13757,25,1007,10,1,KGID113757,Liam,1970-04-30,M,AB+,0,2013-02-07
13758,25,1007,10,5,KGID113758,Yash,1980-04-23,M,A+,0,2023-12-08
13759,25,1007,10,2,KGID113759,Anusha,1981-12-10,F,A+,0,2006-10-05
13760,25,1007,10,6,KGID113760,Krishna,1981-05-07,F,AB+,0,2011-08-24
13761,25,1007,7,1,KGID113761,Ekanta,1982-07-17,F,B-,0,2022-05-15
13762,25,1007,10,1,KGID113762,Bachittar,1978-01-27,M,O-,0,2011-05-05
13763,25,1007,9,6,KGID113763,Oliver,1986-03-18,M,AB+,0,2024-12-24
13764,25,1007,9,4,KGID113764,Dayita,1972-11-19,F,O-,0,1999-03-18
13765,25,1008,9,2,KGID113765,Libni,2001-05-01,F,A+,0,2013-09-05
13766,25,1008,7,4,KGID113766,Noah,1983-03-21,M,B+,0,2012-08-16
13767,25,1008,10,4,KGID113767,Mahika,1990-06-30,F,AB+,0,2011-07-09
13768,25,1008,6,5,KGID113768,Rachit,1987-02-20,M,B-,0,2007-06-13
13769,25,1008,10,6,KGID113769,Ekavir,1998-02-19,M,O+,0,2017-12-24
13770,25,1008,10,5,KGID113770,Samar,1991-01-06,M,O+,0,2004-07-04
13771,25,1008,7,6,KGID113771,Warjas,1975-03-14,M,AB+,0,2002-06-09
13772,25,1008,9,5,KGID113772,Wriddhish,1977-02-14,M,B+,0,1998-04-10
13773,25,1008,10,5,KGID113773,Arin,1997-02-02,M,O-,0,2022-09-15
13774,25,1008,9,5,KGID113774,Aayush,1991-02-19,M,AB+,0,2024-07-15
13775,25,1009,9,6,KGID113775,Abdul,1988-07-27,M,B-,0,2021-08-08
13776,25,1009,6,1,KGID113776,Nathaniel,1981-10-15,M,O-,0,2018-06-14
13777,25,1009,6,3,KGID113777,Arjun,1997-03-12,M,AB+,0,2024-05-22
13778,25,1009,7,5,KGID113778,Jeremiah,2001-12-07,M,A+,0,1999-02-25
13779,25,1009,10,5,KGID113779,Nakul,1986-08-25,M,A+,0,1997-09-16
13780,25,1009,10,2,KGID113780,Damyanti,1980-06-26,F,AB+,0,2009-01-17
13781,25,1009,9,4,KGID113781,Gaurika,1978-05-21,F,A-,0,2021-02-01
13782,25,1009,5,6,KGID113782,Champak,1990-10-05,M,B-,0,2015-09-04
13783,25,1009,10,5,KGID113783,Yatin,1990-12-30,M,O-,0,2003-09-27
13784,25,1009,9,4,KGID113784,Yutika,1968-10-19,F,B+,0,2014-08-30
13785,25,1009,6,4,KGID113785,Nakul,1987-05-22,M,A+,0,1999-09-12
13786,25,1009,10,6,KGID113786,Zaid,1984-11-01,M,B-,0,2013-04-12
13787,25,1009,9,1,KGID113787,Aarav,1985-05-28,M,O-,0,2008-12-20
13788,25,1009,10,2,KGID113788,Ranveer,1979-12-26,M,A-,0,2022-01-11
13789,25,1009,10,4,KGID113789,Pranit,1969-11-21,M,AB+,0,2017-03-09
13790,25,1009,10,1,KGID113790,David,1976-01-12,M,A-,0,2001-01-07
13791,25,1009,10,1,KGID113791,Raghav,1973-07-08,M,B+,0,2001-04-03
13792,25,1009,7,4,KGID113792,Yagnesh,1975-03-28,M,B-,0,2000-05-03
13793,26,1010,10,6,KGID113793,Nathan,1994-11-25,M,B-,0,2011-05-31
13794,26,1010,10,5,KGID113794,Samarth,1973-10-02,M,A-,0,2010-03-27
13795,26,1010,10,6,KGID113795,Kiaan,1973-06-23,M,B+,0,2009-06-20
13796,26,1010,7,6,KGID113796,Abhimanyu,1998-12-24,M,A-,0,1997-08-26
13797,26,1010,9,2,KGID113797,Anjali,2001-07-01,F,A+,0,1999-12-16
13798,26,1010,7,6,KGID113798,Shaurya,1988-03-15,M,B+,0,2004-03-08
13799,26,1010,9,5,KGID113799,Nihal,1967-12-27,M,O-,0,2000-10-17
13800,26,1010,9,4,KGID113800,Fitan,1981-03-16,M,B-,0,2015-01-10
13801,26,1010,6,6,KGID113801,Jackson,1967-09-01,M,B-,0,2007-08-31
13802,26,1010,9,1,KGID113802,Nidra,2002-12-12,F,A-,0,2017-11-28
13803,26,1010,10,4,KGID113803,Veer,1971-06-21,M,B+,0,2011-10-09
13804,26,1010,5,6,KGID113804,Wriddhish,1995-12-07,M,A+,0,1997-09-27
13805,26,1010,9,6,KGID113805,Kevin,1988-10-23,M,A+,0,2020-04-14
13806,26,1011,6,5,KGID113806,Ishani,1974-03-07,F,O-,0,2019-06-13
13807,26,1011,10,2,KGID113807,Fitan,1989-08-07,M,B-,0,1996-09-20
13808,26,1011,10,5,KGID113808,Krishna,1995-04-18,F,B-,0,2018-10-23
13809,26,1011,9,1,KGID113809,Faras,2002-12-16,M,O+,0,2018-01-07
13810,26,1011,10,2,KGID113810,Samarth,1973-05-18,M,B+,0,2017-12-28
13811,26,1011,7,1,KGID113811,Advaith,1967-07-27,M,B+,0,1997-04-16
13812,26,1011,7,1,KGID113812,Laban,1978-11-10,M,O+,0,2005-08-15
13813,26,1011,9,2,KGID113813,Hiral,1980-09-22,F,A+,0,2021-10-23
13814,26,1011,7,4,KGID113814,Aditya,1991-12-22,M,B+,0,2009-07-29
13815,26,1011,6,4,KGID113815,Ayaan,1996-07-05,M,AB+,0,2005-06-10
13816,26,1011,9,6,KGID113816,Nathaniel,1997-04-16,M,A+,0,2010-11-07
13817,26,1012,7,2,KGID113817,Mitali,1979-11-20,F,B-,0,2008-07-26
13818,26,1012,10,1,KGID113818,Jai,1983-01-19,M,A-,0,2002-10-05
13819,26,1012,9,6,KGID113819,Ekantika,1972-09-29,F,B-,0,1997-03-15
13820,26,1012,9,2,KGID113820,Qadim,1969-05-12,M,B+,0,2013-04-27
13821,26,1012,10,5,KGID113821,Ronith,1973-03-06,M,O-,0,2002-09-23
13822,26,1012,9,5,KGID113822,Ayaan,1985-10-11,M,O-,0,2006-10-13
13823,26,1012,10,5,KGID113823,Hamsini,1976-04-13,F,B+,0,2014-01-31
13824,26,1012,6,6,KGID113824,Qabil,1988-10-11,M,A-,0,2002-07-26
13825,26,1012,10,2,KGID113825,Fitan,1973-11-22,M,O-,0,2020-11-11
13826,26,1012,6,5,KGID113826,Ubika,1985-09-10,F,AB+,0,2009-02-10
13827,26,1012,6,3,KGID113827,Om,1999-01-23,M,A-,0,2005-08-09
13828,26,1012,5,5,KGID113828,Raghav,1980-08-23,M,O-,0,2000-12-17
13829,26,1012,6,4,KGID113829,Samesh,1995-05-16,M,A-,0,2012-04-19
13830,26,1012,9,1,KGID113830,Rishi,2003-03-05,M,B+,0,2022-03-08
13831,26,1012,10,2,KGID113831,Qasim,1985-05-07,M,B-,0,2012-07-26
13832,26,1012,7,6,KGID113832,Nachiket,1986-10-07,M,B-,0,2014-10-02
13833,26,1012,10,6,KGID113833,Naksh,1971-07-01,M,O-,0,2005-06-05
13834,26,1012,9,2,KGID113834,Jagat,1977-07-23,M,A-,0,2000-02-02
13835,26,1012,10,2,KGID113835,Peter,1973-12-29,M,O-,0,2015-07-28
13836,26,1013,9,5,KGID113836,Chanchal,1982-12-20,F,A-,0,2011-04-13
13837,26,1013,9,5,KGID113837,Ishaan,1968-05-05,M,A-,0,2007-11-28
13838,26,1013,10,4,KGID113838,Chaman,1978-10-26,F,B+,0,2018-11-29
13839,26,1013,10,5,KGID113839,Jeremiah,1979-01-07,M,AB+,0,1997-08-20
13840,26,1013,10,5,KGID113840,Benjamin,1994-10-28,M,B-,0,2012-02-15
13841,26,1013,7,3,KGID113841,Umang,2000-12-15,M,A-,0,2012-07-07
13842,26,1013,5,3,KGID113842,Oni,1999-10-06,F,B+,0,2007-06-02
13843,26,1013,6,2,KGID113843,Chakradhar,1968-01-28,M,B-,0,1996-09-11
13844,26,1013,10,3,KGID113844,Pushti,1991-10-14,F,O+,0,2013-07-04
13845,26,1013,7,1,KGID113845,Wridesh,1990-11-03,M,AB+,0,1999-11-08
13846,26,1014,6,6,KGID113846,Ryan,1994-07-04,M,O+,0,2008-07-03
13847,26,1014,10,6,KGID113847,Hemang,1971-08-27,M,O+,0,2013-07-19
13848,26,1014,7,6,KGID113848,Yatin,1974-09-09,M,O+,0,2003-09-26
13849,26,1014,10,1,KGID113849,Ethan,1987-04-27,M,A+,0,2017-07-24
13850,26,1014,10,6,KGID113850,Champak,1970-02-08,M,B+,0,2013-05-24
13851,26,1014,6,5,KGID113851,Lohit,2001-04-28,M,AB+,0,2014-06-13
13852,26,1014,9,3,KGID113852,Reva,2002-08-24,F,B+,0,1996-12-14
13853,26,1014,7,3,KGID113853,Chakradev,1977-12-10,M,A+,0,1997-02-07
13854,26,1014,10,1,KGID113854,Bahadurjit,1986-01-29,M,O-,0,1997-05-05
13855,26,1014,6,3,KGID113855,Ekaraj,1971-07-13,M,A-,0,2006-05-28
13856,26,1014,10,1,KGID113856,Zayan,1976-01-08,M,A-,0,2020-04-20
13857,26,1014,10,3,KGID113857,Siddharth,1986-12-19,M,AB+,0,2010-06-05
13858,26,1014,10,2,KGID113858,Pavani,1973-12-31,F,O-,0,2019-02-07
13859,26,1014,10,1,KGID113859,Rushil,1967-08-11,M,A-,0,2022-10-16
13860,26,1014,6,2,KGID113860,Dominic,1978-03-26,M,B-,0,2013-07-12
13861,26,1014,10,5,KGID113861,Charan,1980-08-03,M,B-,0,2021-05-26
13862,26,1014,9,4,KGID113862,Xavier,1987-08-21,M,AB+,0,2020-05-31
13863,26,1015,10,1,KGID113863,Chandran,1985-12-17,M,A-,0,2009-08-15
13864,26,1015,10,3,KGID113864,Manbir,1993-10-09,M,O-,0,2008-11-22
13865,26,1015,7,2,KGID113865,Dhruv,1994-09-20,M,B+,0,2003-09-21
13866,26,1015,7,2,KGID113866,Zarna,2002-06-28,F,B-,0,2015-11-02
13867,26,1015,7,6,KGID113867,Faraj,1969-01-28,M,AB+,0,2013-01-15
13868,26,1015,10,2,KGID113868,Nitesh,1986-09-15,M,A+,0,2020-07-30
13869,26,1015,10,3,KGID113869,Akshay,1981-06-08,M,A+,0,2007-05-23
13870,26,1015,10,6,KGID113870,Omkaar,1969-01-20,M,A+,0,2006-07-09
13871,26,1015,6,2,KGID113871,Manan,1987-12-26,M,AB+,0,2003-05-08
13872,26,1015,6,1,KGID113872,Hritik,1999-01-10,M,AB+,0,2005-11-15
13873,26,1015,6,6,KGID113873,Hemang,1984-10-16,M,O+,0,2017-12-13
13874,26,1015,9,4,KGID113874,Harish,1975-11-19,M,B+,0,1999-03-31
13875,26,1016,10,6,KGID113875,Ladli,1983-10-13,F,B-,0,2011-01-05
13876,26,1016,10,5,KGID113876,Dalbir,1980-08-24,M,B+,0,2009-10-11
13877,26,1016,7,1,KGID113877,Isaiah,1978-09-15,M,A+,0,2006-05-20
13878,26,1016,10,4,KGID113878,Wyatt,1985-01-11,M,O-,0,2003-07-05
13879,26,1016,10,1,KGID113879,Aditya,1993-03-12,M,O-,0,2001-01-16
13880,26,1016,9,6,KGID113880,Nikita,1981-02-23,F,O+,0,2014-01-18
13881,26,1016,6,2,KGID113881,Brijesh,1990-05-01,M,O-,0,2015-02-25
13882,26,1016,10,5,KGID113882,Atharv,1984-08-10,M,A-,0,2012-10-23
13883,26,1016,7,3,KGID113883,Abdul,1989-09-10,M,B+,0,2001-05-31
13884,26,1016,10,4,KGID113884,Reyansh,1989-04-20,M,B-,0,2023-07-01
13885,26,1016,6,4,KGID113885,Gaurav,1977-04-08,M,B-,0,2023-03-27
13886,26,1016,5,4,KGID113886,Ekansh,1984-10-23,M,B+,0,2022-10-23
13887,26,1016,9,3,KGID113887,Advay,1977-06-27,M,O-,0,2017-07-23
13888,26,1017,10,6,KGID113888,Qabil,1997-10-20,M,B-,0,2016-09-10
13889,26,1017,10,6,KGID113889,Jasmit,1979-08-02,F,B-,0,2022-08-02
13890,26,1017,10,2,KGID113890,Rachit,1981-06-12,M,B+,0,2018-03-31
13891,26,1017,10,2,KGID113891,Bachittar,1996-11-08,M,B-,0,2001-10-27
13892,26,1017,6,2,KGID113892,William,1992-06-14,M,O-,0,1998-08-23
13893,26,1017,7,4,KGID113893,Lohit,1992-02-12,M,AB+,0,2019-08-09
13894,26,1017,10,1,KGID113894,Zaitra,1968-04-07,F,O+,0,1998-06-08
13895,26,1017,5,5,KGID113895,Henry,1993-12-29,M,AB+,0,1999-07-12
13896,26,1017,10,2,KGID113896,Zehaan,1972-03-28,M,O+,0,1998-11-26
13897,26,1017,5,4,KGID113897,Krisha,1982-11-03,F,B+,0,2020-06-18
13898,26,1017,9,3,KGID113898,Patrick,2001-05-23,M,O+,0,2025-04-02
13899,26,1017,10,1,KGID113899,Qadim,1996-06-04,M,O+,0,2008-09-30
13900,26,1017,5,6,KGID113900,Manya,2003-01-07,F,A-,0,2023-12-28
13901,26,1017,9,3,KGID113901,Devansh,1979-02-12,M,AB+,0,2002-12-27
13902,26,1017,7,4,KGID113902,Onkar,1974-11-15,M,B-,0,2013-09-19
13903,26,1017,10,4,KGID113903,Omkaar,1993-10-23,M,A-,0,2013-11-13
13904,26,1017,7,4,KGID113904,Anay,1986-04-27,M,A-,0,2003-03-26
13905,26,1017,9,1,KGID113905,Henry,1978-06-13,M,O-,0,2020-04-01
13906,26,1017,9,5,KGID113906,Urmi,1983-06-09,F,A-,0,2024-11-29
13907,26,1017,9,6,KGID113907,Dhriti,1987-02-15,F,A-,0,2016-04-28
13908,26,1018,10,6,KGID113908,Nicholas,1993-05-15,M,B-,0,2002-07-11
13909,26,1018,6,6,KGID113909,Warda,1973-02-21,F,B+,0,2011-08-12
13910,26,1018,10,2,KGID113910,Alka,1986-03-14,F,AB+,0,2009-01-02
13911,26,1018,9,2,KGID113911,Jason,1992-06-03,M,A+,0,2004-05-06
13912,26,1018,10,6,KGID113912,Jack,1969-08-18,M,AB+,0,2023-10-23
13913,26,1018,10,3,KGID113913,Faris,1985-10-27,M,O+,0,2013-10-22
13914,26,1018,7,2,KGID113914,Lakshmi,1990-11-04,F,B+,0,2022-12-23
13915,26,1018,10,3,KGID113915,Vasudha,1975-02-26,F,O+,0,2009-01-03
13916,26,1018,9,5,KGID113916,Daniel,1977-04-26,M,O-,0,2025-05-04
13917,26,1018,9,1,KGID113917,Champak,1985-02-05,M,O-,0,2001-11-20
13918,26,1018,10,4,KGID113918,Veer,2000-08-06,M,O+,0,2011-07-22
13919,26,1018,9,5,KGID113919,Kai,1992-10-06,M,B-,0,2022-06-22
13920,26,1018,5,6,KGID113920,Rudra,1988-12-22,M,AB+,0,2018-04-15
13921,26,1018,10,2,KGID113921,Simon,1992-06-11,M,O-,0,2004-05-22
13922,26,1018,9,5,KGID113922,Zehaan,2000-10-10,M,A+,0,2006-02-03
13923,26,1018,7,2,KGID113923,Bachittar,1990-06-12,M,B-,0,2001-11-12
13924,26,1018,9,3,KGID113924,Orinder,2002-07-16,M,O-,0,2014-07-08
13925,26,1018,9,5,KGID113925,Nicholas,1978-08-08,M,O-,0,2015-03-09
13926,26,1019,7,3,KGID113926,Vincent,1974-01-11,M,B+,0,2013-11-06
13927,26,1019,6,2,KGID113927,Christopher,1980-07-22,M,B+,0,2021-05-15
13928,26,1019,6,3,KGID113928,Amol,1990-12-02,M,O-,0,2018-12-08
13929,26,1019,6,3,KGID113929,Veer,1968-07-21,M,AB+,0,2014-01-13
13930,26,1019,10,4,KGID113930,Rajeshri,1990-03-21,F,B-,0,2022-09-26
13931,26,1019,6,6,KGID113931,Qarin,1999-07-26,M,A+,0,2020-07-12
13932,26,1019,6,4,KGID113932,Ucchal,1986-01-24,F,A-,0,2008-09-21
13933,26,1019,10,3,KGID113933,Harish,1978-02-17,M,A+,0,2007-06-16
13934,26,1019,5,2,KGID113934,Sai,1989-02-16,M,A-,0,2006-12-05
13935,26,1019,6,3,KGID113935,Manbir,1972-03-16,M,O+,0,1997-01-18
13936,26,1019,10,1,KGID113936,Agastya,1971-06-03,M,A+,0,2018-09-17
13937,26,1019,10,2,KGID113937,Jagat,1979-08-27,M,O-,0,2023-09-05
13938,26,1019,7,5,KGID113938,Samuel,1974-11-02,M,A+,0,2008-09-28
13939,26,1019,6,1,KGID113939,Laksh,1968-05-13,M,A-,0,2020-04-12
13940,26,1019,9,3,KGID113940,Logan,1978-10-21,M,A+,0,2017-01-29
13941,26,1020,6,4,KGID113941,Mitesh,1987-03-06,M,O+,0,2019-09-03
13942,26,1020,10,1,KGID113942,Charan,1987-04-07,M,A-,0,1999-05-10
13943,26,1020,10,6,KGID113943,Nihal,1971-04-09,M,B-,0,2008-08-18
13944,26,1020,9,1,KGID113944,Viraj,1973-04-21,M,A+,0,2022-02-22
13945,26,1020,10,6,KGID113945,Logan,1979-04-24,M,B+,0,2005-12-18
13946,26,1020,10,5,KGID113946,Zashil,1976-03-06,M,A-,0,2007-02-05
13947,26,1020,7,3,KGID113947,Nathan,1971-12-09,M,O-,0,2010-02-13
13948,26,1020,5,4,KGID113948,Anay,1999-04-16,M,B+,0,2019-01-18
13949,26,1020,10,3,KGID113949,Imaran,1975-06-20,M,O-,0,2008-05-27
13950,26,1020,10,1,KGID113950,Gaurang,1972-02-12,M,A+,0,2008-07-05
13951,26,1020,6,5,KGID113951,Jackson,1987-02-17,M,O+,0,2016-10-26
13952,26,1020,10,3,KGID113952,Qabil,1993-02-25,M,A-,0,1999-09-05
13953,26,1020,5,2,KGID113953,Yug,1977-06-11,M,O-,0,2021-12-09
13954,26,1020,9,3,KGID113954,Gaurika,1968-04-13,F,B-,0,2001-10-07
13955,26,1021,10,6,KGID113955,Udarsh,1993-01-27,M,A-,0,2021-12-04
13956,26,1021,10,5,KGID113956,Gunbir,1981-06-16,M,AB+,0,2017-08-10
13957,26,1021,6,4,KGID113957,Ojas,2001-12-20,M,AB+,0,2002-08-20
13958,26,1021,9,6,KGID113958,Darpan,1996-06-13,M,B-,0,2020-05-27
13959,26,1021,10,3,KGID113959,Balvan,1988-03-31,M,O-,0,2007-02-08
13960,26,1021,6,6,KGID113960,Devansh,1974-07-13,M,AB+,1,2012-11-18
13961,26,1021,10,1,KGID113961,Ayushman,1991-11-29,M,O+,0,1998-06-05
13962,26,1021,9,2,KGID113962,Eiravati,1985-05-26,F,O-,0,2008-05-14
13963,26,1021,10,2,KGID113963,Chandresh,1970-01-18,M,B-,0,2010-02-04
13964,26,1021,9,2,KGID113964,Udant,1997-01-21,M,B-,0,2004-04-26
13965,26,1021,10,3,KGID113965,Kai,1990-04-23,M,B+,0,2016-12-26
13966,26,1021,5,5,KGID113966,Isaac,1984-03-29,M,AB+,0,2000-06-05
13967,26,1021,7,2,KGID113967,Bhavya,1975-08-16,F,A+,0,2022-10-16
13968,26,1021,10,4,KGID113968,Qadim,1975-07-09,M,B-,0,1997-12-26
13969,26,1021,10,4,KGID113969,Aarush,1976-09-15,M,AB+,0,2014-01-11
13970,26,1021,5,4,KGID113970,Samarth,1977-07-18,M,O-,0,2011-05-11
13971,26,1021,10,3,KGID113971,Yashvi,1996-05-06,F,B-,0,2014-03-03
13972,26,1021,10,5,KGID113972,Atharv,1982-02-03,M,AB+,0,2018-05-29
13973,26,1022,9,2,KGID113973,Ekapad,2001-05-26,M,O+,0,2000-05-27
13974,26,1022,6,4,KGID113974,Anthony,1991-08-15,M,B-,0,2017-03-30
13975,26,1022,10,5,KGID113975,Gavin,1989-09-13,M,A-,0,2021-11-06
13976,26,1022,10,1,KGID113976,Manan,1972-09-02,M,A-,0,2003-07-22
13977,26,1022,10,6,KGID113977,Forum,1974-09-16,F,B+,0,2022-05-15
13978,26,1022,7,3,KGID113978,Pranit,1980-03-02,M,A+,0,2000-07-24
13979,26,1022,7,4,KGID113979,Darpan,1991-10-11,M,O-,0,2001-05-03
13980,26,1022,7,3,KGID113980,Mugdha,1996-03-10,F,B-,0,2008-03-30
13981,26,1022,10,6,KGID113981,Azad,1968-10-19,M,B+,0,2010-09-20
13982,26,1022,10,1,KGID113982,Dhruv,1984-04-20,M,A-,0,2000-06-29
13983,26,1022,10,6,KGID113983,Faras,1990-09-29,M,B-,0,2003-01-19
13984,26,1022,10,1,KGID113984,Kabir,1994-09-11,M,O+,0,1999-12-06
13985,26,1022,10,6,KGID113985,Osha,1984-10-15,F,AB+,0,2011-03-22
13986,26,1022,7,4,KGID113986,Orinder,1970-03-23,M,B+,0,2015-05-11
13987,26,1022,9,1,KGID113987,Jagdish,1995-12-17,M,O+,0,2017-08-29
13988,26,1022,5,3,KGID113988,George,1995-12-18,M,B+,0,2011-08-21
13989,26,1022,10,5,KGID113989,Nitesh,1995-08-28,M,B-,0,2017-08-31
13990,26,1022,9,6,KGID113990,Abdul,1982-12-20,M,B+,0,2006-06-09
13991,26,1022,7,1,KGID113991,Dhruv,1988-02-26,M,A-,0,2010-10-26
13992,26,1022,9,4,KGID113992,Vedant,1998-12-01,M,O+,0,2000-11-26
13993,26,1023,10,3,KGID113993,Chaitanya,1976-02-10,M,A+,0,2017-12-23
13994,26,1023,10,6,KGID113994,Mohini,1973-08-18,F,A-,0,1998-11-03
13995,26,1023,6,6,KGID113995,Maanav,1990-03-08,M,O+,0,1999-08-13
13996,26,1023,7,1,KGID113996,Gagan,2001-02-28,M,O+,1,1999-12-19
13997,26,1023,7,6,KGID113997,Kai,1983-02-03,M,B-,0,2014-03-07
13998,26,1023,7,6,KGID113998,Zarna,1987-01-05,F,A-,0,2007-06-30
13999,26,1023,7,1,KGID113999,Hemang,1999-11-22,M,A-,0,2022-03-02
14000,26,1023,10,5,KGID114000,Ekavir,1995-11-25,M,A+,0,2022-06-01
14001,26,1023,10,1,KGID114001,Qabil,1994-10-15,M,O-,0,1997-08-28
14002,26,1023,6,5,KGID114002,Elijah,2002-04-14,M,O+,0,2019-01-02
14003,26,1023,10,5,KGID114003,Osha,1974-08-19,F,B+,0,2015-01-01
14004,26,1023,10,5,KGID114004,Finn,1988-05-13,M,AB+,1,2019-07-26
14005,26,1023,10,5,KGID114005,Girik,1974-08-17,M,O-,0,1998-08-23
14006,26,1023,10,3,KGID114006,Advik,1972-05-12,M,A-,0,1999-06-06
14007,26,1023,10,5,KGID114007,Hemal,1971-08-05,F,O-,0,2004-10-26
14008,26,1023,9,6,KGID114008,Vedika,1997-10-12,F,AB+,0,2017-09-17
14009,26,1024,10,5,KGID114009,Keya,1968-05-23,F,O-,0,2010-02-02
14010,26,1024,10,6,KGID114010,Champak,1973-10-26,M,O+,0,2019-08-09
14011,26,1024,10,1,KGID114011,Manan,1994-03-21,M,B+,0,2021-09-13
14012,26,1024,9,6,KGID114012,Chanchal,1985-08-12,F,O+,0,2009-04-13
14013,26,1024,10,1,KGID114013,Yuvraj,1982-03-23,M,AB+,0,2004-07-20
14014,26,1024,6,3,KGID114014,Gabriel,1985-01-21,M,AB+,0,2015-10-01
14015,26,1024,6,1,KGID114015,Rohan,1998-08-03,M,A+,0,2001-06-08
14016,26,1024,7,2,KGID114016,Jai,1993-10-28,M,B+,0,2010-07-23
14017,26,1024,10,3,KGID114017,Varsha,1970-04-14,F,AB+,0,2000-04-18
14018,26,1025,6,3,KGID114018,Banjeet,2000-10-04,M,O-,1,2013-03-26
14019,26,1025,10,3,KGID114019,Harsh,1985-12-10,M,O-,0,2004-10-26
14020,26,1025,5,4,KGID114020,Hemal,2002-02-25,F,B+,0,2000-06-09
14021,26,1025,10,5,KGID114021,Zilmil,1973-09-20,F,B+,0,2019-01-25
14022,26,1025,10,2,KGID114022,Gaurika,1980-01-10,F,O+,0,2025-03-25
14023,26,1025,10,1,KGID114023,Oviya,1987-06-24,F,B-,0,2003-02-24
14024,26,1025,6,3,KGID114024,Oni,1975-11-26,F,AB+,0,2005-10-14
14025,26,1025,6,4,KGID114025,Quincy,1996-10-24,M,O+,0,2010-10-12
14026,26,1026,10,5,KGID114026,Yatin,1968-04-09,M,AB+,0,2023-05-18
14027,26,1026,10,5,KGID114027,Vivaan,1981-03-11,M,O-,0,2013-09-07
14028,26,1026,9,5,KGID114028,Wridesh,1978-02-24,M,B+,0,2014-06-28
14029,26,1026,10,2,KGID114029,Vedant,1984-02-25,M,B+,0,2005-03-25
14030,26,1026,9,2,KGID114030,Jonathan,1987-04-20,M,A-,0,2017-04-12
14031,26,1026,10,6,KGID114031,Krish,1995-11-30,M,A-,0,2011-07-05
14032,26,1026,7,4,KGID114032,Frado,1972-03-18,M,AB+,0,2015-06-16
14033,26,1026,7,2,KGID114033,Kevin,1972-06-21,M,B-,0,1998-03-13
14034,26,1026,10,1,KGID114034,Henry,1977-05-18,M,AB+,0,1997-04-10
14035,26,1026,9,6,KGID114035,Anika,1985-06-29,F,A+,0,2018-05-04
14036,26,1026,5,1,KGID114036,Charan,1987-08-06,M,B+,0,2003-06-10
14037,26,1027,7,1,KGID114037,Bishakha,1969-07-14,F,AB+,0,2018-04-10
14038,26,1027,7,3,KGID114038,Kala,1982-03-29,F,A-,0,1997-06-17
14039,26,1027,6,1,KGID114039,Qabil,1999-08-09,M,B-,0,2001-02-27
14040,26,1027,6,4,KGID114040,Ronith,1970-10-17,M,O+,0,2014-05-02
14041,26,1027,10,5,KGID114041,Anya,1994-11-08,F,B-,0,2020-07-29
14042,26,1027,6,3,KGID114042,Lakshmi,1972-05-14,F,AB+,0,2013-06-17
14043,26,1027,6,2,KGID114043,Chakradev,1988-01-28,M,B-,0,2002-05-05
14044,26,1027,9,4,KGID114044,Ayaan,1975-10-13,M,AB+,0,2000-06-04
14045,26,1027,6,6,KGID114045,Jason,1968-06-05,M,B+,0,2004-12-31
14046,26,1027,10,3,KGID114046,Samaksh,1993-09-02,M,AB+,0,2012-06-29
14047,26,1027,9,4,KGID114047,Chatresh,1970-01-12,M,B-,0,2007-09-01
14048,26,1027,9,2,KGID114048,Faqid,1993-03-19,M,AB+,0,1998-10-16
14049,26,1027,6,6,KGID114049,Rohan,1993-05-26,M,B+,0,1997-07-10
14050,26,1027,10,3,KGID114050,Ekaraj,1992-05-29,M,AB+,0,2006-07-09
14051,26,1027,7,6,KGID114051,Madhav,1976-03-25,M,AB+,0,2003-11-10
14052,26,1027,10,2,KGID114052,Ayush,2003-02-27,M,B+,0,2003-06-04
14053,26,1028,5,2,KGID114053,Ishaan,1995-01-17,M,O+,0,2025-06-27
14054,26,1028,10,3,KGID114054,Jackson,1981-03-19,M,B-,0,2002-12-01
14055,26,1028,10,1,KGID114055,Abdul,1970-05-26,M,AB+,0,2013-04-25
14056,26,1028,6,4,KGID114056,Girish,1999-11-11,M,A+,0,2024-04-11
14057,26,1028,10,5,KGID114057,Lucky,1994-07-09,M,A-,0,2013-05-03
14058,26,1028,9,5,KGID114058,Udarsh,1975-09-10,M,O-,0,2024-06-05
14059,26,1028,10,6,KGID114059,Mohammed,1997-05-15,M,O-,0,1999-08-14
14060,26,1028,10,2,KGID114060,Zansi,1978-05-02,F,B-,0,2024-07-29
14061,26,1028,10,4,KGID114061,Azad,1992-08-26,M,A+,0,2024-06-05
14062,26,1028,9,6,KGID114062,Urvashi,1997-11-17,F,A+,0,2009-03-02
14063,26,1028,9,2,KGID114063,Laban,2003-03-07,M,A-,0,2021-07-24
14064,26,1028,9,6,KGID114064,Anay,2000-03-06,M,B+,0,2017-05-27
14065,26,1028,5,3,KGID114065,Jack,2000-11-03,M,AB+,0,2022-04-30
14066,26,1028,10,2,KGID114066,Girish,1994-09-24,M,A+,0,2007-01-02
14067,26,1028,9,3,KGID114067,Upadhriti,1970-10-30,F,A-,0,2012-02-17
14068,26,1028,7,1,KGID114068,Fitan,1999-11-05,M,O+,0,2013-10-18
14069,26,1028,10,4,KGID114069,Abhiram,1991-03-15,M,A+,0,2015-04-10
14070,26,1028,5,1,KGID114070,Imaran,1993-11-09,M,B+,0,1998-10-27
14071,26,1028,10,5,KGID114071,Mason,1967-11-01,M,O+,0,2001-08-26
14072,26,1029,6,1,KGID114072,Jeet,1983-10-24,M,O+,0,2015-01-20
14073,26,1029,9,1,KGID114073,Chatresh,1980-09-11,M,O+,0,2013-05-26
14074,26,1029,10,6,KGID114074,Aarav,1992-08-01,M,A-,0,2008-10-05
14075,26,1029,10,6,KGID114075,Ojas,1969-02-15,M,O+,0,2019-09-18
14076,26,1029,10,5,KGID114076,Vinaya,1986-08-25,F,B+,0,2022-06-26
14077,26,1029,10,5,KGID114077,Matthew,1996-06-06,M,A-,0,1996-09-28
14078,26,1029,7,3,KGID114078,Jeet,1973-02-01,M,B-,0,2007-12-05
14079,26,1029,10,3,KGID114079,Nilima,1985-03-08,F,O+,0,1999-05-14
14080,26,1029,7,5,KGID114080,Saksham,1974-07-08,M,A+,0,2021-08-17
14081,26,1029,6,2,KGID114081,Finn,1980-10-30,M,B-,0,2019-03-19
14082,26,1029,7,3,KGID114082,Fariq,2003-07-15,M,B+,0,2017-01-10
14083,26,1029,7,6,KGID114083,Udant,1978-06-03,M,AB+,0,2018-02-13
14084,26,1029,10,6,KGID114084,Dev,2000-03-10,M,B-,0,2019-08-08
14085,26,1029,10,3,KGID114085,Ranveer,1999-07-30,M,A+,0,2002-06-07
14086,26,1030,6,5,KGID114086,Champak,1987-02-26,M,A-,0,2004-03-22
14087,26,1030,5,2,KGID114087,Vamakshi,1984-12-28,F,B+,0,2005-03-15
14088,26,1030,6,3,KGID114088,Krish,1976-08-12,M,AB+,0,2011-06-26
14089,26,1030,9,6,KGID114089,Ethan,1984-12-21,M,O+,0,2015-07-30
14090,26,1030,9,1,KGID114090,Champak,1997-05-18,M,O-,0,2008-07-20
14091,26,1030,6,2,KGID114091,Aryan,1967-12-08,M,O+,0,2023-05-08
14092,26,1030,10,5,KGID114092,Watika,1977-05-05,F,B+,0,2011-10-15
14093,26,1030,10,2,KGID114093,Orinder,1991-02-10,M,O+,0,1997-11-21
14094,26,1030,5,1,KGID114094,Lakshit,2000-05-14,M,O-,0,2004-09-19
14095,26,1031,10,3,KGID114095,Ati,2000-02-11,F,A-,0,2021-03-06
14096,26,1031,9,4,KGID114096,Anthony,1999-04-26,M,A+,0,2005-06-21
14097,26,1031,9,2,KGID114097,Bakhshi,1979-03-09,M,O-,0,2004-01-11
14098,26,1031,10,3,KGID114098,Girindra,1995-05-18,M,O+,0,2005-05-04
14099,26,1031,10,2,KGID114099,Elijah,1998-08-23,M,A+,0,2000-11-03
14100,26,1031,10,5,KGID114100,Simon,1975-03-28,M,B-,0,2000-05-22
14101,26,1031,7,6,KGID114101,Tanveer,1989-01-19,M,A-,0,2015-07-27
14102,26,1031,10,3,KGID114102,Aryan,1995-01-01,M,O+,0,2001-03-09
14103,26,1032,9,2,KGID114103,Chanchal,1993-01-28,F,O+,0,2011-10-24
14104,26,1032,9,1,KGID114104,Raghav,2003-01-28,M,AB+,0,2002-02-18
14105,26,1032,6,6,KGID114105,Kabir,1988-06-22,M,B-,0,2003-11-27
14106,26,1032,10,4,KGID114106,David,1979-09-24,M,B-,0,2004-11-15
14107,26,1032,7,1,KGID114107,Yagnesh,1968-06-25,M,O-,0,2013-06-20
14108,26,1032,10,2,KGID114108,Udarsh,1989-10-24,M,A+,0,2006-03-24
14109,26,1032,10,5,KGID114109,Ekansh,1971-05-11,M,O+,0,2022-01-27
14110,26,1032,10,1,KGID114110,Jagvi,1976-02-09,F,AB+,0,2003-11-17
14111,26,1032,10,2,KGID114111,David,1969-10-31,M,B-,0,2007-01-18
14112,26,1032,10,2,KGID114112,Wishi,1967-11-27,F,A-,0,2016-06-09
14113,26,1032,9,1,KGID114113,Charan,1981-05-31,M,O+,0,2007-02-23
14114,26,1032,9,1,KGID114114,Lavanya,1989-11-12,F,B-,0,2005-04-17
14115,26,1032,7,6,KGID114115,Jonathan,1979-08-27,M,B+,0,2012-01-10
14116,26,1033,6,2,KGID114116,Udyati,1990-04-24,F,B-,0,2011-09-15
14117,26,1033,9,2,KGID114117,Bachittar,1979-07-26,M,B+,0,2020-04-24
14118,26,1033,5,4,KGID114118,Fariq,1968-06-10,M,AB+,0,2010-11-07
14119,26,1033,10,6,KGID114119,Kamya,2000-07-03,F,AB+,0,2019-02-22
14120,26,1033,10,1,KGID114120,Qabil,1979-01-26,M,B-,0,2000-05-27
14121,26,1033,10,5,KGID114121,Chanakya,1973-10-12,M,AB+,0,2005-04-16
14122,26,1033,10,3,KGID114122,Ishwar,1967-12-09,M,B+,0,2017-12-31
14123,26,1033,9,2,KGID114123,Hitesh,1989-05-30,M,O+,0,2023-03-19
14124,26,1033,10,6,KGID114124,Ishaan,1993-02-21,M,O-,0,1999-08-18
14125,26,1034,9,3,KGID114125,Ekaraj,1969-09-03,M,B-,0,2010-06-02
14126,26,1034,9,2,KGID114126,Watika,2003-01-15,F,A+,0,2013-10-30
14127,26,1034,6,1,KGID114127,Caleb,1979-11-08,M,O+,0,2022-05-19
14128,26,1034,9,5,KGID114128,Siddharth,1980-09-25,M,B-,0,2020-06-14
14129,26,1034,9,2,KGID114129,Xavier,1971-09-15,M,A+,0,2017-04-06
14130,26,1034,6,1,KGID114130,Luke,1988-09-07,M,A-,0,2021-07-16
14131,26,1034,10,6,KGID114131,Guneet,1988-01-14,M,B+,1,2023-02-06
14132,26,1034,7,5,KGID114132,Harrison,1969-07-06,M,A-,0,2005-05-24
14133,26,1034,9,4,KGID114133,Laban,1973-05-01,M,O-,0,2015-11-04
14134,26,1034,7,3,KGID114134,Pranav,1991-05-12,M,B+,0,2004-07-20
14135,26,1034,10,4,KGID114135,Alexander,2003-06-06,M,O-,0,2019-03-04
14136,26,1034,6,5,KGID114136,Naveen,1983-03-30,M,B-,0,1998-03-03
14137,26,1034,9,6,KGID114137,Vrishti,1980-05-08,F,O-,0,2001-01-26
14138,26,1035,5,6,KGID114138,Om,1972-04-07,M,O+,0,2009-08-19
14139,26,1035,10,4,KGID114139,Pahal,1984-01-06,F,O-,0,2001-02-20
14140,26,1035,5,4,KGID114140,Reyansh,1978-03-24,M,AB+,0,2020-10-12
14141,26,1035,6,4,KGID114141,Ayush,2003-01-02,M,B-,0,2001-09-16
14142,26,1035,10,6,KGID114142,Gaurangi,1969-04-05,F,B-,0,2012-03-21
14143,26,1035,10,2,KGID114143,Imaran,1994-10-26,M,A-,0,1997-06-09
14144,26,1035,6,5,KGID114144,Gagan,1983-06-19,M,A+,0,2012-07-31
14145,26,1035,10,3,KGID114145,Gagan,1998-03-21,M,A-,0,2014-07-15
14146,26,1035,9,1,KGID114146,Ayaan,1993-05-24,M,O-,0,1996-12-26
14147,26,1035,6,4,KGID114147,Wazir,1984-02-23,M,O-,0,2012-05-24
14148,26,1035,7,4,KGID114148,Mohini,1988-12-11,F,A+,0,2008-02-15
14149,26,1035,10,3,KGID114149,Caleb,1976-09-24,M,B-,0,2016-12-13
14150,26,1035,7,5,KGID114150,Gabriel,1987-12-03,M,B-,0,2009-08-11
14151,26,1035,6,6,KGID114151,Manbir,1975-10-06,M,B-,0,2001-10-18
14152,26,1035,10,2,KGID114152,Ranbir,1984-07-23,M,AB+,0,2011-02-20
14153,26,1035,10,1,KGID114153,Hamsini,1981-08-21,F,B+,0,2021-07-27
14154,26,1035,7,6,KGID114154,Lohit,1997-03-13,M,B-,0,1997-03-07
14155,26,1035,10,2,KGID114155,Aditya,2003-01-11,M,O+,0,2009-02-23
14156,26,1035,10,2,KGID114156,Maanav,1991-07-03,M,AB+,0,1997-10-22
14157,26,1035,6,1,KGID114157,Dhruv,1997-02-16,M,A+,0,2018-06-14
14158,26,1036,10,4,KGID114158,Kalpit,1999-02-19,M,A+,0,1998-07-13
14159,26,1036,9,5,KGID114159,Abhiram,1991-09-02,M,O-,0,2020-10-04
14160,26,1036,7,1,KGID114160,Jasmit,1996-01-25,F,A-,0,2007-04-08
14161,26,1036,9,5,KGID114161,Shaurya,1991-02-03,M,B+,0,1999-10-27
14162,26,1036,10,2,KGID114162,Gopal,1972-08-16,M,O-,0,2020-03-01
14163,26,1036,9,6,KGID114163,Jyoti,1999-02-18,F,A+,0,2013-12-23
14164,26,1036,9,1,KGID114164,Vaishnavi,2001-04-17,F,O+,0,1997-07-04
14165,26,1036,10,2,KGID114165,Tarak,1970-04-18,M,B-,0,2003-09-07
14166,26,1036,10,2,KGID114166,Omkaar,1993-02-05,M,B+,0,2018-12-14
14167,26,1036,10,3,KGID114167,Parth,1994-08-13,M,B+,0,2012-07-13
14168,26,1036,6,5,KGID114168,William,1999-07-14,M,B-,0,1999-02-26
14169,26,1036,10,3,KGID114169,Chandran,1971-05-21,M,A-,0,2009-02-04
14170,26,1036,6,4,KGID114170,Atharv,1971-02-06,M,A+,0,1999-07-16
14171,26,1036,10,4,KGID114171,Balveer,1987-03-16,M,AB+,0,2007-12-24
14172,26,1036,10,6,KGID114172,Ekaraj,2002-12-04,M,O+,0,1997-11-23
14173,26,1036,10,4,KGID114173,Amol,1979-05-13,M,B+,0,2010-07-29
14174,26,1036,9,4,KGID114174,Qushi,1999-10-11,F,O-,0,2005-09-05
14175,26,1036,9,5,KGID114175,Parth,1993-05-27,M,B+,0,1999-12-06
14176,26,1036,10,6,KGID114176,Sathvik,1999-06-03,M,B-,0,2006-12-28
14177,27,1037,7,1,KGID114177,Akshay,1978-12-04,M,B-,0,2014-07-11
14178,27,1037,10,5,KGID114178,Yashica,1974-08-10,F,B-,0,2001-01-18
14179,27,1037,10,6,KGID114179,Dev,1978-10-18,M,B+,0,2023-08-16
14180,27,1037,6,5,KGID114180,Dev,2000-11-15,M,O-,0,2016-10-05
14181,27,1037,10,1,KGID114181,Chavvi,1987-05-12,F,O+,0,2000-10-16
14182,27,1037,10,5,KGID114182,Finn,2000-04-10,M,B+,0,2001-08-10
14183,27,1037,9,3,KGID114183,Nicholas,1992-05-19,M,AB+,0,2013-08-16
14184,27,1037,9,4,KGID114184,Jackson,1998-01-12,M,A-,0,2010-10-27
14185,27,1037,10,6,KGID114185,Ayaan,2002-01-06,M,B+,0,2024-01-10
14186,27,1037,7,1,KGID114186,Bina,1975-05-29,F,O-,1,2019-04-14
14187,27,1038,10,2,KGID114187,Champak,1974-02-27,M,B+,0,1999-03-01
14188,27,1038,7,1,KGID114188,Neelima,1998-04-01,F,A-,0,2012-10-09
14189,27,1038,10,5,KGID114189,Harsh,2002-08-14,M,A-,0,2023-10-30
14190,27,1038,10,5,KGID114190,Naksh,1981-02-12,M,O+,0,2015-11-10
14191,27,1038,10,5,KGID114191,Jagat,1973-02-25,M,A+,0,2024-06-21
14192,27,1038,10,6,KGID114192,Guneet,2000-11-02,M,A-,0,2004-08-21
14193,27,1038,7,6,KGID114193,Garima,1988-07-16,F,A-,0,2001-11-20
14194,27,1038,6,1,KGID114194,Lohit,1970-10-27,M,O-,0,2024-12-24
14195,27,1038,10,6,KGID114195,Faris,1987-01-08,M,A-,0,2006-12-12
14196,27,1038,9,4,KGID114196,Yug,1996-06-25,M,B+,1,2012-06-13
14197,27,1038,7,2,KGID114197,Ayush,1983-03-15,M,A+,0,2017-08-09
14198,27,1039,10,4,KGID114198,Ayaan,1995-03-23,M,B+,0,2008-10-29
14199,27,1039,10,2,KGID114199,Gabriel,1992-04-02,M,O-,0,2010-05-28
14200,27,1039,5,1,KGID114200,Aryan,1989-07-02,M,AB+,0,2010-03-12
14201,27,1039,10,4,KGID114201,Samarth,1967-09-28,M,B-,0,1998-09-02
14202,27,1039,9,2,KGID114202,Gavin,1970-08-17,M,AB+,0,2024-07-27
14203,27,1039,10,1,KGID114203,Udarsh,1990-06-15,M,A-,0,1997-05-24
14204,27,1039,6,6,KGID114204,Yashica,1988-10-05,F,O+,0,2002-06-09
14205,27,1039,10,5,KGID114205,Wakeeta,1988-09-25,F,A-,0,2017-01-14
14206,27,1039,10,6,KGID114206,Tejas,1979-10-12,M,AB+,0,2014-07-02
14207,27,1039,9,1,KGID114207,Jonathan,1968-10-16,M,AB+,0,2019-04-01
14208,27,1039,7,5,KGID114208,Jairaj,1991-10-02,M,O+,0,2002-04-10
14209,27,1039,10,1,KGID114209,Wazir,1969-10-27,M,B-,0,2008-04-02
14210,27,1039,6,5,KGID114210,Aryan,1997-12-05,M,A+,0,2002-03-08
14211,27,1039,10,5,KGID114211,Faqid,1970-08-08,M,O-,0,2017-03-01
14212,27,1039,7,5,KGID114212,Balvan,1998-12-28,M,B-,0,2007-10-27
14213,27,1039,9,4,KGID114213,Jai,1973-11-06,M,A-,0,1998-03-10
14214,27,1039,9,5,KGID114214,Orinder,1971-12-13,M,O+,0,2010-09-03
14215,27,1039,10,2,KGID114215,Dev,1989-01-01,M,O-,0,2004-08-15
14216,27,1039,6,3,KGID114216,Alka,2003-03-12,F,AB+,0,2019-10-02
14217,27,1039,9,3,KGID114217,Victor,1976-03-17,M,A+,0,1999-01-16
14218,27,1040,9,5,KGID114218,Saumya,1992-12-31,F,A+,0,2017-05-18
14219,27,1040,10,1,KGID114219,Ayushman,1987-08-05,M,A-,0,2006-06-05
14220,27,1040,6,3,KGID114220,Radha,1968-02-05,F,AB+,0,2006-12-13
14221,27,1040,10,4,KGID114221,Anthony,1971-06-20,M,B-,0,2018-04-11
14222,27,1040,7,5,KGID114222,Naksh,1994-09-12,M,B+,0,2025-01-24
14223,27,1040,10,2,KGID114223,Shaurya,1994-04-21,M,A+,0,2007-06-24
14224,27,1040,9,1,KGID114224,Pushti,1977-03-28,F,B+,0,2018-08-24
14225,27,1040,10,4,KGID114225,Baljiwan,1980-06-27,M,B-,0,2024-11-04
14226,27,1040,5,2,KGID114226,Charvi,1985-03-17,F,AB+,0,1998-12-05
14227,27,1040,10,2,KGID114227,Ayush,1972-04-15,M,A+,1,1999-08-12
14228,27,1040,10,2,KGID114228,Januja,1976-08-18,F,O-,0,2008-09-05
14229,27,1040,6,4,KGID114229,Girik,1991-10-22,M,B+,0,2025-01-23
14230,27,1040,9,2,KGID114230,Jairaj,1981-06-01,M,A-,0,2012-11-21
14231,27,1041,10,4,KGID114231,Kai,1998-07-29,M,B-,0,1996-08-15
14232,27,1041,10,1,KGID114232,Bahadurjit,1992-05-06,M,B+,0,2021-02-28
14233,27,1041,10,4,KGID114233,Yasti,1980-04-15,F,B+,0,2022-08-08
14234,27,1041,10,5,KGID114234,Omaja,1992-01-31,F,A-,0,2020-05-22
14235,27,1041,10,3,KGID114235,Balveer,1992-02-09,M,B-,0,2023-11-29
14236,27,1041,9,5,KGID114236,Hritik,1990-06-09,M,A+,0,2000-12-11
14237,27,1041,10,4,KGID114237,Neel,1969-01-16,M,B+,0,2006-10-30
14238,27,1041,9,6,KGID114238,Anirudh,1977-10-11,M,O-,0,2006-12-09
14239,27,1041,7,4,KGID114239,Ronith,1998-03-11,M,O+,0,2016-01-17
14240,27,1041,6,4,KGID114240,Ranveer,1969-10-16,M,A+,0,2006-01-10
14241,27,1041,6,1,KGID114241,Isaac,1972-04-15,M,O-,0,2010-05-26
14242,27,1041,9,3,KGID114242,Gaurang,1991-08-04,M,B+,0,2021-11-23
14243,27,1041,6,4,KGID114243,Yochana,1976-12-31,F,O-,0,2001-06-05
14244,27,1041,10,2,KGID114244,Maya,1976-04-11,F,B-,0,2006-11-18
14245,27,1041,6,3,KGID114245,Vihaan,1989-06-19,M,B-,0,2003-11-01
14246,27,1041,6,4,KGID114246,Reyansh,1983-09-12,M,O-,0,1997-01-26
14247,27,1042,9,3,KGID114247,Samarth,1998-04-15,M,B-,0,2023-04-14
14248,27,1042,10,3,KGID114248,Caleb,1982-02-05,M,O-,0,2019-08-22
14249,27,1042,5,3,KGID114249,Advay,1974-12-03,M,AB+,0,2019-03-31
14250,27,1042,6,2,KGID114250,Onveer,1983-12-24,M,AB+,0,2001-04-15
14251,27,1042,6,6,KGID114251,Krishna,1983-02-02,M,A-,0,2010-01-11
14252,27,1042,10,3,KGID114252,Veer,1973-03-02,M,O+,0,2014-05-09
14253,27,1042,5,2,KGID114253,Qadim,1992-12-27,M,B+,0,2003-12-01
14254,27,1042,6,3,KGID114254,Qabil,1968-01-15,M,B-,0,1997-01-02
14255,27,1042,10,2,KGID114255,Prisha,2000-11-23,F,A+,0,2001-08-07
14256,27,1042,10,3,KGID114256,Daniel,1981-09-03,M,B-,0,2021-11-01
14257,27,1042,6,6,KGID114257,Rehaan,1999-12-12,M,A+,0,2014-08-15
14258,27,1042,10,5,KGID114258,Aadi,1988-02-28,M,O+,0,2001-03-19
14259,27,1042,7,4,KGID114259,Xiti,1995-05-23,F,A+,0,2019-06-16
14260,27,1042,10,2,KGID114260,Xavier,1979-10-13,M,O-,0,2021-10-01
14261,27,1042,10,4,KGID114261,Gabriel,1989-05-16,M,A-,0,2019-05-09
14262,27,1042,10,4,KGID114262,Girindra,1987-04-10,M,AB+,0,2024-11-25
14263,27,1043,10,6,KGID114263,Orinder,1995-02-13,M,A-,0,2022-12-24
14264,27,1043,10,1,KGID114264,Simon,1975-02-03,M,O+,0,2019-02-09
14265,27,1043,9,1,KGID114265,Harsh,1990-05-03,M,O+,0,1998-11-01
14266,27,1043,7,1,KGID114266,Sarthak,1985-12-10,M,O+,0,2003-01-04
14267,27,1043,10,1,KGID114267,Bahadurjit,1969-08-18,M,B+,0,2023-08-04
14268,27,1043,7,2,KGID114268,Yug,1991-05-04,M,AB+,0,2008-05-18
14269,27,1043,10,6,KGID114269,Damyanti,1995-03-18,F,O+,0,2025-07-12
14270,27,1043,9,4,KGID114270,Rajata,2002-08-27,F,O-,0,2025-02-13
14271,27,1043,9,2,KGID114271,Lakshmi,1980-11-02,F,AB+,0,2015-09-07
14272,27,1043,9,6,KGID114272,Kala,1983-03-07,F,O+,0,2007-06-23
14273,27,1043,9,4,KGID114273,Balveer,1996-05-28,M,A-,0,2010-01-29
14274,27,1043,10,6,KGID114274,Luke,1994-06-22,M,B-,0,2017-10-12
14275,27,1044,10,6,KGID114275,Odika,1984-11-28,F,A+,0,2013-12-07
14276,27,1044,10,6,KGID114276,Bachittar,1999-03-24,M,A-,0,1999-03-23
14277,27,1044,10,4,KGID114277,Sarthak,1987-09-27,M,A+,0,2004-09-03
14278,27,1044,6,5,KGID114278,Parth,1972-12-18,M,A-,0,1999-11-07
14279,27,1044,7,6,KGID114279,Anthony,1992-12-24,M,B-,1,2001-05-02
14280,27,1044,10,1,KGID114280,Matthew,2000-10-21,M,A-,0,2020-11-11
14281,27,1044,9,2,KGID114281,Viraj,1973-08-31,M,B-,0,2010-09-16
14282,27,1044,7,3,KGID114282,Vivaan,1981-10-03,M,B-,0,2022-11-28
14283,27,1044,6,4,KGID114283,Lopa,2003-01-13,F,O-,0,1996-11-05
14284,27,1044,6,3,KGID114284,Vivaan,2000-11-06,M,A+,0,2013-01-16
14285,27,1044,10,6,KGID114285,Kai,1987-10-11,M,O-,0,2017-01-24
14286,27,1044,10,4,KGID114286,Aarna,1982-04-30,F,O+,0,2001-10-27
14287,27,1044,7,4,KGID114287,Vincent,1997-10-09,M,B+,0,2010-06-15
14288,27,1044,10,1,KGID114288,Nathaniel,1984-02-14,M,A-,0,1997-02-19
14289,27,1044,7,1,KGID114289,Indrajit,1968-12-03,M,B+,0,2018-07-13
14290,27,1044,7,2,KGID114290,Fiyaz,2001-04-30,M,A-,0,2022-01-25
14291,27,1044,9,1,KGID114291,Girish,1988-04-21,M,B+,0,2019-08-20
14292,27,1044,6,6,KGID114292,Yug,1990-11-21,M,B+,0,2023-09-23
14293,27,1044,10,1,KGID114293,Mason,1987-08-27,M,O+,0,2004-11-30
14294,27,1045,10,6,KGID114294,Aryan,1968-12-25,M,O-,0,2008-10-29
14295,27,1045,10,2,KGID114295,Zayyan,2001-08-29,M,A-,0,1998-12-27
14296,27,1045,10,5,KGID114296,Yatan,1990-09-06,M,B+,0,2024-10-10
14297,27,1045,9,2,KGID114297,Nimrat,1978-12-07,F,B+,0,2007-08-08
14298,27,1045,10,3,KGID114298,Dhruv,1998-05-29,M,B+,0,1996-08-16
14299,27,1045,9,5,KGID114299,Bahadurjit,2003-04-28,M,B-,0,2019-05-12
14300,27,1045,6,1,KGID114300,Hitesh,1983-03-12,M,AB+,0,1998-04-24
14301,27,1045,6,5,KGID114301,Farhan,1979-05-03,M,B-,0,2000-11-07
14302,27,1045,9,2,KGID114302,Lila,2000-04-28,F,A+,0,2008-11-21
14303,27,1045,7,6,KGID114303,Guneet,1988-12-12,M,O-,0,2005-01-16
14304,27,1046,6,1,KGID114304,Gayathri,1993-04-21,F,A+,0,2004-12-02
14305,27,1046,9,3,KGID114305,Gopal,1982-07-07,M,B+,0,2004-12-15
14306,27,1046,10,1,KGID114306,Alexander,1979-12-21,M,A+,0,2006-06-27
14307,27,1046,10,6,KGID114307,Gaurav,1986-11-01,M,B-,0,2023-11-22
14308,27,1046,10,3,KGID114308,Zashil,1991-07-18,M,B-,0,2013-06-22
14309,27,1046,10,3,KGID114309,Dhriti,2002-05-06,F,A+,0,2021-02-20
14310,27,1046,10,2,KGID114310,Gabriel,1987-07-30,M,B-,0,2016-06-11
14311,27,1046,10,2,KGID114311,Viraj,1982-10-19,M,A-,0,1999-06-24
14312,27,1046,10,5,KGID114312,Ishwar,1992-03-22,M,B+,0,2017-10-07
14313,27,1046,10,1,KGID114313,Janaki,1984-04-25,F,A-,0,2006-10-12
14314,27,1046,10,5,KGID114314,Hardik,1970-11-16,M,A+,0,2019-11-21
14315,27,1046,9,1,KGID114315,Damyanti,1986-06-14,F,A-,0,2025-04-21
14316,27,1046,10,1,KGID114316,Chakradhar,1991-06-16,M,O+,0,2006-02-23
14317,27,1047,5,4,KGID114317,Charles,1996-07-25,M,O+,0,2004-02-21
14318,27,1047,9,5,KGID114318,Rehaan,1998-11-01,M,B+,0,2007-06-05
14319,27,1047,7,3,KGID114319,Aarush,2000-01-09,M,A-,0,2016-02-22
14320,27,1047,10,2,KGID114320,Jacob,1970-07-21,M,AB+,0,2008-01-21
14321,27,1047,6,5,KGID114321,Nathan,1973-09-16,M,A-,0,1999-07-26
14322,27,1047,7,6,KGID114322,Falan,1979-01-10,M,B+,0,2003-03-13
14323,27,1047,10,3,KGID114323,Gunbir,1971-10-29,M,A+,0,2001-08-28
14324,27,1047,9,1,KGID114324,Ayush,1999-05-28,M,AB+,0,2019-11-03
14325,27,1047,10,6,KGID114325,Warinder,1973-04-14,M,AB+,0,2006-05-20
14326,27,1047,10,6,KGID114326,Advay,1973-04-30,M,B-,0,2021-04-29
14327,27,1047,10,5,KGID114327,Darpan,1970-12-05,M,A+,0,2023-03-18
14328,27,1047,9,1,KGID114328,Ojas,1980-04-21,M,AB+,1,2003-11-15
14329,27,1047,9,4,KGID114329,Kabir,1980-12-04,M,AB+,1,2022-12-31
14330,27,1047,10,4,KGID114330,Lakshit,2001-10-05,M,A+,0,1998-03-19
14331,27,1047,10,1,KGID114331,Vansha,1993-12-20,F,O+,0,2023-04-24
14332,27,1047,10,4,KGID114332,Raghav,1979-09-01,M,B+,0,2010-08-20
14333,27,1048,9,5,KGID114333,Faras,1995-04-22,M,B+,0,1997-02-03
14334,27,1048,9,4,KGID114334,Dominic,1969-04-28,M,A-,0,2010-06-17
14335,27,1048,6,6,KGID114335,Fariq,1999-10-10,M,O-,0,2003-06-20
14336,27,1048,6,4,KGID114336,Bhavna,1983-09-02,F,A-,0,1997-01-08
14337,27,1048,10,3,KGID114337,Chakrika,1993-06-29,F,B-,0,2009-11-04
14338,27,1048,7,3,KGID114338,Devansh,1992-11-29,M,A-,0,2025-05-04
14339,27,1048,10,5,KGID114339,Dakshesh,1982-08-02,M,O+,0,2020-05-22
14340,27,1048,10,4,KGID114340,Azaan,1968-12-24,M,B+,0,2008-08-21
14341,27,1048,6,1,KGID114341,Max,1971-02-06,M,A-,0,2007-02-12
14342,27,1048,7,2,KGID114342,Rishi,1988-04-29,M,A-,0,2008-04-21
14343,27,1048,10,6,KGID114343,Ranbir,1978-12-25,M,O-,0,2009-07-11
14344,27,1048,10,3,KGID114344,Jagat,2000-03-25,M,B+,0,2021-11-18
14345,27,1048,9,4,KGID114345,Prisha,1998-06-18,F,AB+,0,1998-01-13
14346,27,1048,10,3,KGID114346,Qabil,1996-08-05,M,A-,0,2012-02-03
14347,27,1048,9,1,KGID114347,Gayathri,1969-04-09,F,O-,0,2012-01-07
14348,27,1048,10,1,KGID114348,Saksham,1985-12-04,M,B+,0,2004-03-04
14349,27,1048,7,6,KGID114349,Aishani,1992-04-16,F,AB+,0,2012-06-05
14350,27,1048,6,4,KGID114350,Alexander,1980-01-05,M,B-,0,2010-02-17
14351,27,1048,7,6,KGID114351,Avi,1980-05-17,M,O-,0,2003-04-24
14352,27,1049,10,1,KGID114352,Omya,1998-04-27,F,O-,0,2023-04-18
14353,27,1049,6,5,KGID114353,Arjun,1992-05-18,M,O+,0,2016-04-23
14354,27,1049,9,1,KGID114354,Omkaar,2000-05-25,M,O-,0,1997-06-09
14355,27,1049,10,5,KGID114355,Onveer,1982-11-24,M,O-,0,2016-03-07
14356,27,1049,7,1,KGID114356,Vincent,1995-07-29,M,O+,0,2012-09-25
14357,27,1049,10,5,KGID114357,Waida,1973-05-23,F,A+,0,1997-03-12
14358,27,1049,6,6,KGID114358,Gaurika,1972-09-26,F,O+,0,2023-07-06
14359,27,1049,9,5,KGID114359,Vrinda,2002-11-12,F,AB+,0,2001-12-25
14360,27,1049,10,4,KGID114360,Samar,1978-11-12,M,B-,0,2000-09-16
14361,27,1049,9,2,KGID114361,Vamakshi,1984-07-08,F,O+,0,2007-01-17
14362,27,1049,7,1,KGID114362,Karan,1970-08-26,M,AB+,0,1999-12-08
14363,27,1049,6,5,KGID114363,Alexander,1975-06-19,M,B-,0,1999-08-16
14364,27,1049,9,1,KGID114364,Rushil,1970-12-06,M,O+,0,2019-01-12
14365,27,1049,10,1,KGID114365,Tamanna,1981-12-06,F,A+,0,2000-12-30
14366,27,1049,10,5,KGID114366,Frado,1978-07-28,M,AB+,0,2004-12-25
14367,27,1049,9,6,KGID114367,Umang,1970-03-26,M,O-,0,2024-06-09
14368,27,1049,10,4,KGID114368,Hitesh,1984-06-29,M,O-,0,2020-11-01
14369,27,1050,6,1,KGID114369,Brijesh,1969-07-31,M,O-,0,2004-02-13
14370,27,1050,10,4,KGID114370,Girish,2001-03-07,M,A+,0,2011-01-09
14371,27,1050,6,1,KGID114371,Aarush,1992-08-18,M,AB+,0,2004-03-04
14372,27,1050,6,2,KGID114372,Udant,1972-07-13,M,AB+,0,2002-04-06
14373,27,1050,10,1,KGID114373,Januja,1996-02-28,F,B+,0,2002-09-30
14374,27,1050,10,3,KGID114374,Gaurang,1995-01-11,M,O-,0,2020-01-07
14375,27,1050,10,4,KGID114375,Rajata,1973-03-17,F,B-,0,2012-01-12
14376,27,1050,7,5,KGID114376,Ranbir,1989-07-04,M,O+,0,2003-10-15
14377,27,1050,7,1,KGID114377,Ayaan,1985-10-13,M,B-,0,2012-10-03
14378,27,1050,9,4,KGID114378,Devansh,1977-04-13,M,B+,0,2024-08-29
14379,27,1050,10,5,KGID114379,Pallavi,1992-12-21,F,AB+,0,2001-07-22
14380,27,1050,7,4,KGID114380,Faraj,2000-09-09,M,O-,0,2016-08-17
14381,27,1051,9,2,KGID114381,Vedant,2003-05-25,M,O-,0,2003-08-21
14382,27,1051,9,1,KGID114382,Ayaan,1973-10-15,M,A+,0,2008-11-22
14383,27,1051,9,1,KGID114383,Wakeeta,1996-08-08,F,O-,0,2013-03-28
14384,27,1051,5,3,KGID114384,Jonathan,1999-05-30,M,O-,0,2019-02-02
14385,27,1051,10,6,KGID114385,Amaira,1994-04-24,F,B+,0,2020-09-03
14386,27,1051,7,4,KGID114386,Veer,1990-06-30,M,AB+,0,1996-11-19
14387,27,1051,10,5,KGID114387,Chameli,1994-05-04,F,O-,0,2001-07-28
14388,27,1051,6,1,KGID114388,Lakshmi,1990-08-17,F,AB+,0,2017-08-22
14389,27,1051,10,3,KGID114389,Chatura,2001-06-06,M,O+,0,2003-04-12
14390,27,1051,10,3,KGID114390,Madhavi,1999-10-14,F,A-,0,2025-04-01
14391,27,1051,7,5,KGID114391,Kevin,1976-10-09,M,B+,0,2021-06-17
14392,27,1051,10,1,KGID114392,Raksha,1989-05-26,F,O-,0,2013-05-23
14393,27,1051,6,3,KGID114393,Chanakya,1971-01-31,M,O+,0,1999-10-30
14394,27,1051,6,5,KGID114394,Charan,1985-11-06,M,O+,0,2000-11-01
14395,27,1051,9,1,KGID114395,Yasti,1987-10-07,F,A+,0,2017-11-15
14396,27,1051,9,4,KGID114396,Arin,1987-08-24,M,AB+,0,2015-10-12
14397,27,1051,9,1,KGID114397,Tanveer,1989-08-29,M,O-,0,2025-06-16
14398,27,1051,10,4,KGID114398,Yagnesh,1994-08-28,M,O-,0,2020-11-02
14399,27,1051,10,6,KGID114399,Theodore,1977-11-06,M,B+,0,2019-10-09
14400,27,1052,6,2,KGID114400,Zehaan,1999-02-24,M,AB+,0,2002-09-01
14401,27,1052,5,5,KGID114401,Aarav,1982-03-30,M,A-,0,1999-05-04
14402,27,1052,9,2,KGID114402,Zashil,1992-07-28,M,O+,0,2018-01-24
14403,27,1052,10,5,KGID114403,Daksh,1981-03-20,M,O-,0,2023-02-04
14404,27,1052,9,4,KGID114404,Shaurya,1967-12-18,M,B-,0,2014-08-11
14405,27,1052,10,1,KGID114405,Ryan,1971-01-05,M,B-,0,2021-04-18
14406,27,1052,10,3,KGID114406,Suhani,2000-08-16,F,B+,0,2016-01-18
14407,27,1052,10,4,KGID114407,Jeet,1976-12-19,M,A+,0,2022-05-12
14408,27,1052,10,2,KGID114408,Dev,1972-08-11,M,B+,0,2024-07-27
14409,27,1052,10,5,KGID114409,Chatura,1997-01-10,M,O+,0,2019-05-31
14410,27,1052,6,3,KGID114410,Amruta,1970-01-24,F,O-,0,2006-09-09
14411,27,1052,10,2,KGID114411,Kai,1983-07-28,M,B-,0,1998-01-21
14412,27,1052,10,1,KGID114412,Vedika,1990-02-06,F,B+,0,2004-01-21
14413,27,1052,6,2,KGID114413,Shivansh,1977-11-10,M,AB+,0,2011-08-30
14414,27,1052,5,2,KGID114414,Tanish,1985-02-24,M,O-,0,2005-04-14
14415,27,1052,9,6,KGID114415,Darsh,1983-04-10,M,O-,0,2013-02-05
14416,27,1052,10,3,KGID114416,Aarnav,2001-09-17,M,O+,0,2012-03-01
14417,27,1052,7,6,KGID114417,Amara,1990-01-23,F,B+,0,2011-01-03
14418,27,1053,5,6,KGID114418,Radha,1977-07-15,F,A-,0,2017-08-08
14419,27,1053,10,2,KGID114419,Chatura,1999-12-04,M,O-,0,2011-10-12
14420,27,1053,10,5,KGID114420,Qadim,1985-05-13,M,B+,0,2015-09-06
14421,27,1053,7,2,KGID114421,Yagnesh,2000-10-07,M,O-,0,2019-09-19
14422,27,1053,10,6,KGID114422,Ganga,1999-09-13,F,A+,0,2009-12-31
14423,27,1053,6,6,KGID114423,Ranbir,1970-01-29,M,B+,0,1998-10-10
14424,27,1053,7,5,KGID114424,Champak,1976-01-04,M,O+,0,2011-04-13
14425,27,1053,10,5,KGID114425,Owen,1986-08-17,M,B+,0,2007-04-27
14426,27,1053,10,2,KGID114426,Samesh,1991-08-04,M,B+,0,2000-12-18
14427,27,1053,10,5,KGID114427,Naveen,1977-12-16,M,O+,0,2012-01-22
14428,27,1053,9,4,KGID114428,Frederick,1971-04-24,M,A-,0,2016-08-04
14429,27,1054,7,1,KGID114429,Nidra,1999-07-10,F,O+,0,2018-06-29
14430,27,1054,6,1,KGID114430,Maanav,1983-06-21,M,AB+,0,2004-05-20
14431,27,1054,10,5,KGID114431,Frederick,1978-01-13,M,A-,0,2008-06-04
14432,27,1054,10,2,KGID114432,Nitara,1993-04-25,F,B-,0,2006-05-22
14433,27,1054,10,2,KGID114433,Darpan,1987-09-12,M,O+,0,2008-10-06
14434,27,1054,10,5,KGID114434,Ria,1973-03-29,F,B-,0,1998-08-07
14435,27,1054,10,6,KGID114435,Girish,1988-09-12,M,B-,0,2017-11-17
14436,27,1054,6,2,KGID114436,Vanya,2003-01-22,F,A+,0,2007-03-11
14437,27,1054,5,4,KGID114437,Kai,1975-12-15,M,A-,0,2002-06-12
14438,27,1054,7,2,KGID114438,Chatura,1992-11-18,M,O+,0,2014-01-20
14439,27,1055,9,4,KGID114439,Wazir,1970-09-05,M,AB+,0,2003-09-16
14440,27,1055,10,5,KGID114440,Sai,1986-08-26,F,A-,0,2024-10-09
14441,27,1055,10,4,KGID114441,Ishaan,1975-08-18,M,B-,0,2017-08-30
14442,27,1055,10,5,KGID114442,Finn,1991-03-04,M,A-,0,2018-04-11
14443,27,1055,7,6,KGID114443,Theodore,1974-12-08,M,O+,0,2011-12-14
14444,27,1055,6,6,KGID114444,Luke,1985-12-05,M,O-,0,2017-07-30
14445,27,1055,9,2,KGID114445,Damyanti,1969-08-02,F,B-,0,2016-09-27
14446,27,1055,7,4,KGID114446,Nathan,2000-05-19,M,A+,0,2018-05-20
14447,27,1055,9,3,KGID114447,Faras,1978-09-29,M,AB+,0,2018-11-08
14448,27,1055,7,4,KGID114448,Dalbir,1990-02-18,M,B+,0,2024-06-28
14449,27,1055,7,2,KGID114449,Imaran,1981-12-24,M,A+,0,2006-06-30
14450,27,1055,10,4,KGID114450,Joshua,1978-11-15,M,A+,0,2014-07-09
14451,27,1055,10,4,KGID114451,Advik,1990-10-13,M,O+,0,2021-03-05
14452,27,1055,5,5,KGID114452,Raagini,1980-01-03,F,A+,0,2010-01-29
14453,27,1055,5,3,KGID114453,Owen,1987-01-12,M,A+,0,2009-10-12
14454,27,1055,9,3,KGID114454,Balveer,1972-10-24,M,A+,0,2024-10-29
14455,27,1055,10,5,KGID114455,Vedant,1968-04-09,M,A+,0,2023-02-27
14456,27,1056,6,1,KGID114456,Harini,1990-09-11,F,A+,0,2010-12-05
14457,27,1056,10,5,KGID114457,Arin,1997-09-29,M,AB+,0,2004-08-07
14458,27,1056,9,5,KGID114458,Imaran,1985-11-08,M,B+,0,2015-05-11
14459,27,1056,6,5,KGID114459,Suhani,1968-09-08,F,B-,0,2003-02-27
14460,27,1056,7,4,KGID114460,Aahana,1983-10-10,F,O+,0,2018-08-18
14461,27,1056,10,4,KGID114461,Advaith,1973-08-08,M,O+,0,2016-11-15
14462,27,1056,10,6,KGID114462,Aarush,2002-06-29,M,B-,0,1999-12-05
14463,27,1056,10,4,KGID114463,Joshua,1983-03-14,M,AB+,0,2023-04-13
14464,27,1056,6,3,KGID114464,Indrajit,1986-01-13,M,AB+,0,2020-08-13
14465,27,1056,10,2,KGID114465,Hredhaan,1967-11-17,M,O+,0,1999-12-01
14466,27,1057,10,4,KGID114466,Zinal,1998-09-09,F,O+,0,2008-10-18
14467,27,1057,6,6,KGID114467,Ekbal,1974-08-18,M,B+,0,2021-12-07
14468,27,1057,10,4,KGID114468,Harshil,1975-04-08,M,A+,0,2007-12-26
14469,27,1057,7,2,KGID114469,Wishi,1973-02-18,F,B+,0,2006-05-16
14470,27,1057,10,4,KGID114470,Warjas,1994-06-12,M,B-,0,2003-11-28
14471,27,1057,10,2,KGID114471,Lavanya,1972-02-01,F,O+,0,2004-02-28
14472,27,1057,10,4,KGID114472,Aarnav,1968-03-25,M,B+,0,2012-09-25
14473,27,1057,9,6,KGID114473,Divya,1981-06-24,F,A+,0,2014-12-01
14474,27,1057,10,6,KGID114474,Falan,1993-02-17,M,A-,0,2008-05-17
14475,27,1057,10,6,KGID114475,Nisha,2002-07-11,F,B+,0,2009-12-01
14476,28,1058,9,2,KGID114476,Unnati,1970-04-29,F,O+,0,1999-02-26
14477,28,1058,10,5,KGID114477,Hemang,1978-12-17,M,B-,0,2020-06-23
14478,28,1058,7,2,KGID114478,Brijesh,1994-12-20,M,A-,0,2004-06-10
14479,28,1058,9,1,KGID114479,Ekavir,1991-01-29,M,O-,0,2022-03-22
14480,28,1058,10,4,KGID114480,Dominic,1993-08-30,M,AB+,0,2016-05-21
14481,28,1058,10,3,KGID114481,Rajata,2001-07-29,F,O+,0,2003-10-11
14482,28,1058,10,3,KGID114482,Finn,1983-03-22,M,B-,0,2011-11-13
14483,28,1058,9,6,KGID114483,Qadim,1997-03-22,M,AB+,0,2014-07-06
14484,28,1058,10,2,KGID114484,Faraj,1968-12-31,M,B+,0,2025-01-15
14485,28,1058,6,5,KGID114485,Anirudh,1984-02-08,M,B+,0,2020-10-10
14486,28,1058,10,6,KGID114486,Dominic,1993-11-18,M,AB+,0,2004-03-05
14487,28,1058,6,4,KGID114487,Upadhriti,1981-10-12,F,A-,0,2003-09-24
14488,28,1058,9,1,KGID114488,Aarnav,1990-09-24,M,A+,0,2011-02-26
14489,28,1058,10,1,KGID114489,Lavanya,1985-10-02,F,B+,0,2011-12-16
14490,28,1058,10,4,KGID114490,Rudra,1976-03-27,M,B-,0,2005-07-20
14491,28,1058,6,4,KGID114491,Laksh,1982-04-22,M,A+,0,2022-03-11
14492,28,1058,6,1,KGID114492,Nakul,1977-03-09,M,O+,0,2022-11-24
14493,28,1058,9,2,KGID114493,Matthew,1984-09-16,M,O-,0,2011-03-28
14494,28,1058,10,6,KGID114494,Benjamin,1992-01-02,M,B-,0,2018-04-29
14495,28,1058,10,3,KGID114495,Advik,1993-01-25,M,O-,0,2010-02-16
14496,28,1059,10,6,KGID114496,Lakshit,1984-06-04,M,B+,0,2023-02-17
14497,28,1059,6,4,KGID114497,Peter,1982-04-21,M,B+,0,2008-03-24
14498,28,1059,6,6,KGID114498,Yatan,2001-09-19,M,B-,0,2001-03-18
14499,28,1059,5,4,KGID114499,Ansh,1993-09-25,M,B+,0,2025-04-21
14500,28,1059,10,2,KGID114500,Nathaniel,1969-05-18,M,B-,0,1996-12-29
14501,28,1059,5,4,KGID114501,Aachal,1999-07-10,F,A-,0,2014-01-16
14502,28,1059,5,6,KGID114502,Hema,1981-11-14,F,B-,0,1998-02-13
14503,28,1059,10,4,KGID114503,Girindra,1974-07-24,M,A+,0,2015-01-07
14504,28,1059,6,5,KGID114504,Aarna,1977-12-20,F,A-,0,2022-12-24
14505,28,1060,7,5,KGID114505,Yashica,1996-09-18,F,O-,0,2021-06-14
14506,28,1060,9,1,KGID114506,Rajata,1997-09-10,F,A-,0,2007-08-28
14507,28,1060,10,1,KGID114507,Gavin,1991-03-05,M,A+,0,2024-08-27
14508,28,1060,6,3,KGID114508,Imaran,1982-04-19,M,A-,0,2008-08-24
14509,28,1060,10,1,KGID114509,Kabir,1983-05-02,M,O-,0,2008-11-30
14510,28,1060,10,2,KGID114510,Bakhshi,1983-11-18,M,B+,0,2022-12-18
14511,28,1060,10,5,KGID114511,Hemang,1976-12-23,M,B-,0,2010-11-21
14512,28,1060,7,1,KGID114512,Keya,1991-04-07,F,B-,0,2006-04-29
14513,28,1060,7,1,KGID114513,Yachana,1995-08-08,F,O-,0,2011-11-06
14514,28,1060,10,2,KGID114514,Zayyan,2003-04-12,M,B+,0,1997-12-28
14515,28,1060,6,5,KGID114515,Yamini,1997-03-10,F,A+,0,2012-10-07
14516,28,1061,10,6,KGID114516,Robert,1982-11-19,M,O-,0,1999-02-07
14517,28,1061,10,6,KGID114517,Azad,1985-05-16,M,AB+,0,2004-02-03
14518,28,1061,7,3,KGID114518,Qabil,1968-07-05,M,AB+,0,2012-04-17
14519,28,1061,10,5,KGID114519,Gaurang,1978-04-03,M,AB+,0,2016-11-15
14520,28,1061,9,5,KGID114520,Madhavi,1982-11-10,F,B+,0,2010-08-06
14521,28,1061,9,1,KGID114521,Gaurang,1969-07-20,M,O+,0,2015-04-12
14522,28,1061,10,1,KGID114522,Fariq,1994-08-03,M,B-,0,2023-03-11
14523,28,1061,7,5,KGID114523,Qabil,1981-05-16,M,O+,0,2002-01-05
14524,28,1061,6,1,KGID114524,Arjun,1982-08-11,M,B+,0,2016-01-13
14525,28,1061,9,1,KGID114525,Advaith,2000-03-08,M,O-,0,2021-07-27
14526,28,1061,9,5,KGID114526,Frederick,2002-06-05,M,B-,0,1998-02-17
14527,28,1061,7,5,KGID114527,Daksh,1979-09-07,M,B-,0,2018-11-27
14528,28,1061,7,2,KGID114528,Priya,1995-05-19,F,A-,0,2024-02-10
14529,28,1061,10,4,KGID114529,Vanya,1984-05-26,F,A+,0,2011-12-13
14530,28,1061,10,5,KGID114530,Matthew,1973-08-06,M,AB+,0,2019-10-01
14531,28,1061,9,6,KGID114531,Darika,1998-03-26,F,B+,0,2015-03-13
14532,28,1061,10,6,KGID114532,Rudra,1992-04-19,M,O-,0,2013-04-23
14533,28,1061,5,1,KGID114533,Christopher,1978-04-15,M,A+,0,2012-10-27
14534,28,1062,9,5,KGID114534,Divya,1993-07-19,F,O+,0,2014-02-05
14535,28,1062,10,6,KGID114535,Tejas,1992-08-02,M,B-,0,2013-12-05
14536,28,1062,10,4,KGID114536,Hardik,1997-02-23,M,O-,0,2022-04-26
14537,28,1062,10,2,KGID114537,Irya,1979-10-15,F,A+,0,2010-10-31
14538,28,1062,5,3,KGID114538,Nihal,1968-11-15,M,B+,0,2002-09-21
14539,28,1062,7,6,KGID114539,Logan,1974-03-13,M,B-,0,2021-09-23
14540,28,1062,10,3,KGID114540,Aarnav,1968-09-10,M,B-,0,2016-12-08
14541,28,1062,10,4,KGID114541,Liam,1988-05-01,M,O-,0,2008-08-08
14542,28,1063,10,4,KGID114542,Kiaan,2001-11-11,M,O-,0,2018-11-01
14543,28,1063,10,4,KGID114543,David,1984-08-22,M,O+,0,2011-12-29
14544,28,1063,6,3,KGID114544,Arjun,1977-12-11,M,A-,0,2022-12-13
14545,28,1063,6,6,KGID114545,Jairaj,1979-08-27,M,O+,0,2016-10-08
14546,28,1063,10,4,KGID114546,Upasna,1989-03-15,F,A+,0,1997-08-04
14547,28,1063,10,6,KGID114547,Orinder,1972-10-19,M,A-,0,2005-01-11
14548,28,1063,6,4,KGID114548,Zashil,1985-04-29,M,B+,0,2001-11-21
14549,28,1063,10,2,KGID114549,Anvi,2003-02-11,F,B+,0,2020-04-13
14550,28,1063,9,5,KGID114550,Laksh,1973-09-18,M,O+,0,2014-02-27
14551,28,1063,9,4,KGID114551,Madhav,1976-03-04,M,O-,0,2019-12-14
14552,28,1063,7,5,KGID114552,Aashi,1996-01-07,F,A-,0,2019-03-25
14553,28,1063,9,4,KGID114553,Hardik,1972-10-29,M,A-,0,2014-10-23
14554,28,1063,7,2,KGID114554,Victor,1974-12-12,M,B-,1,2017-04-29
14555,28,1063,6,3,KGID114555,Yochana,1993-01-28,F,A-,0,2003-04-19
14556,28,1063,5,2,KGID114556,Omkaar,1977-04-23,M,B-,0,1999-10-16
14557,28,1063,6,2,KGID114557,Upasna,1984-03-11,F,B+,0,2017-09-28
14558,28,1063,10,6,KGID114558,Teerth,1974-03-16,M,O+,0,2005-06-24
14559,28,1063,6,3,KGID114559,Hemang,1971-01-15,M,AB+,0,2020-03-17
14560,28,1064,10,4,KGID114560,Neel,1972-08-10,M,A+,0,2009-10-26
14561,28,1064,9,2,KGID114561,Chakradev,1978-02-16,M,O+,1,2009-07-11
14562,28,1064,10,2,KGID114562,Yatin,1992-08-29,M,A+,0,2012-12-23
14563,28,1064,5,5,KGID114563,Ikbal,1976-12-09,M,O-,0,1999-05-19
14564,28,1064,10,5,KGID114564,Laksh,1996-11-05,M,A+,0,2009-06-11
14565,28,1064,9,3,KGID114565,Ishaan,1976-11-02,M,AB+,0,2018-05-06
14566,28,1064,7,2,KGID114566,Vincent,1985-10-07,M,O-,0,2018-01-05
14567,28,1064,7,4,KGID114567,Chatura,2001-11-01,M,O+,0,2022-12-17
14568,28,1064,9,1,KGID114568,Samuel,2003-07-21,M,AB+,0,2012-08-17
14569,28,1064,5,6,KGID114569,Farhan,2000-04-21,M,B-,0,2008-09-19
14570,28,1064,9,6,KGID114570,Isaiah,1969-10-29,M,AB+,0,2015-01-15
14571,28,1064,10,6,KGID114571,Advika,1974-09-29,F,A-,0,2021-03-03
14572,28,1064,7,5,KGID114572,Ekbal,1983-07-07,M,B+,0,2023-01-08
14573,28,1064,7,6,KGID114573,Yash,1991-12-04,M,A+,0,1999-11-04
14574,28,1064,9,4,KGID114574,Vasatika,1992-03-02,F,B-,0,2003-06-26
14575,28,1064,7,6,KGID114575,Bahadurjit,1982-01-21,M,A-,0,2022-07-07
14576,28,1064,6,4,KGID114576,Reyansh,1983-01-15,M,AB+,0,2000-04-13
14577,28,1064,9,5,KGID114577,Chandresh,1975-10-27,M,B+,0,2011-03-23
14578,28,1064,9,4,KGID114578,Ryan,1973-03-31,M,A-,0,2016-01-16
14579,28,1064,6,6,KGID114579,Omya,1993-03-10,F,B-,0,2006-04-23
14580,28,1065,10,3,KGID114580,Udarsh,1993-06-28,M,B+,0,2007-08-15
14581,28,1065,10,6,KGID114581,Ethan,1999-08-24,M,O+,0,2018-02-18
14582,28,1065,10,6,KGID114582,Radha,1980-10-26,F,AB+,0,2018-07-13
14583,28,1065,6,4,KGID114583,Pooja,1985-11-05,F,B+,0,2003-10-06
14584,28,1065,9,2,KGID114584,Samesh,2002-01-28,M,A+,0,2016-07-05
14585,28,1065,7,1,KGID114585,Viraj,1973-01-04,M,B+,0,2012-02-23
14586,28,1065,10,4,KGID114586,Onveer,1987-03-15,M,AB+,0,2023-03-25
14587,28,1065,10,1,KGID114587,Quincy,1967-11-04,M,B+,0,2024-06-26
14588,28,1065,6,2,KGID114588,Pavani,1976-09-11,F,B+,0,2011-06-04
14589,28,1066,9,3,KGID114589,Gagan,1968-02-03,M,O+,0,2020-06-18
14590,28,1066,10,2,KGID114590,Brinda,1992-12-13,F,AB+,0,2012-06-23
14591,28,1066,10,1,KGID114591,Dakshesh,1987-04-04,M,A-,0,2020-01-08
14592,28,1066,7,1,KGID114592,Parth,1996-11-03,M,AB+,0,2012-08-22
14593,28,1066,10,6,KGID114593,Nisha,1976-12-17,F,AB+,0,2007-10-24
14594,28,1066,7,1,KGID114594,Tanveer,1996-02-10,M,B-,0,2005-01-30
14595,28,1066,10,1,KGID114595,Krishna,1982-02-08,M,AB+,0,2014-10-14
14596,28,1066,10,3,KGID114596,Charan,1997-04-06,M,AB+,0,2014-04-24
14597,28,1066,10,6,KGID114597,Fariq,1995-01-08,M,A+,0,2003-07-28
14598,28,1066,10,5,KGID114598,Dominic,1983-12-19,M,AB+,0,2001-12-10
14599,28,1066,9,1,KGID114599,Ekta,1975-07-06,F,O-,0,2016-06-04
14600,28,1066,10,3,KGID114600,Chaitanya,1968-05-01,M,A+,0,2013-08-02
14601,28,1067,10,4,KGID114601,Udant,1993-05-05,M,AB+,0,2024-11-15
14602,28,1067,6,1,KGID114602,Zashil,1981-12-07,M,B+,0,2015-08-13
14603,28,1067,10,6,KGID114603,Ayushman,1969-01-12,M,B+,0,2006-09-19
14604,28,1067,10,4,KGID114604,Samuel,1967-09-16,M,B+,0,2006-10-13
14605,28,1067,10,2,KGID114605,Matthew,2002-07-08,M,B-,0,2018-01-20
14606,28,1067,10,2,KGID114606,Benjamin,1992-12-23,M,AB+,0,2013-09-05
14607,28,1067,6,1,KGID114607,Rohan,1975-05-22,M,B+,0,2021-04-21
14608,28,1067,9,4,KGID114608,Vasatika,1998-04-26,F,A+,0,2023-01-19
14609,28,1067,10,4,KGID114609,Laksh,2003-01-01,M,B-,0,2000-06-09
14610,28,1067,10,2,KGID114610,Arin,1987-04-19,M,B-,0,2013-07-05
14611,28,1067,9,2,KGID114611,Balvan,1969-04-08,M,O+,0,1996-12-15
14612,28,1067,10,6,KGID114612,Ekbal,1979-06-29,M,AB+,0,2022-04-11
14613,28,1067,10,5,KGID114613,Frederick,1987-12-30,M,AB+,0,2016-01-22
14614,28,1067,10,6,KGID114614,Zayan,1973-10-24,M,B+,0,2006-12-17
14615,28,1067,6,4,KGID114615,Frederick,1968-05-10,M,O+,0,2008-10-26
14616,28,1067,6,6,KGID114616,Oliver,1975-10-28,M,O+,1,2011-12-29
14617,28,1067,10,6,KGID114617,Amrita,1998-07-01,F,A-,0,2016-01-31
14618,29,1068,10,3,KGID114618,Udarsh,1969-04-17,M,A+,0,2014-05-25
14619,29,1068,7,1,KGID114619,Samaksh,1974-06-18,M,AB+,0,2010-10-03
14620,29,1068,6,2,KGID114620,Arin,1978-08-11,M,B+,0,2012-05-21
14621,29,1068,7,2,KGID114621,Rishi,1997-07-04,M,A-,0,2003-04-28
14622,29,1068,10,6,KGID114622,Aarush,1976-06-15,M,O-,0,2023-10-21
14623,29,1068,6,5,KGID114623,Jagat,1990-01-24,M,A+,0,2012-12-15
14624,29,1068,10,1,KGID114624,Mohammed,1982-07-18,M,O-,0,2013-07-03
14625,29,1068,9,5,KGID114625,Wriddhish,1994-08-17,M,A+,0,2003-04-14
14626,29,1068,10,4,KGID114626,Ijaya,1969-11-09,F,AB+,0,2019-06-05
14627,29,1068,9,6,KGID114627,Krishna,1996-10-11,M,O-,0,2002-09-28
14628,29,1068,10,6,KGID114628,Advaith,1997-07-19,M,A-,0,2001-06-19
14629,29,1068,10,6,KGID114629,Ayaan,1989-01-17,M,A-,0,2020-10-24
14630,29,1068,10,1,KGID114630,Wahab,1976-02-16,M,AB+,0,2025-04-01
14631,29,1068,9,2,KGID114631,Azaan,1995-07-30,M,B+,0,2006-05-08
14632,29,1069,7,1,KGID114632,Pranav,1981-05-03,M,O+,0,2018-04-17
14633,29,1069,9,5,KGID114633,Manya,1974-02-28,F,AB+,0,2000-12-03
14634,29,1069,7,1,KGID114634,Jason,1999-08-06,M,O-,0,2018-07-15
14635,29,1069,6,6,KGID114635,Hardik,1999-05-24,M,A-,0,2007-10-28
14636,29,1069,6,6,KGID114636,Darsh,1999-02-27,M,AB+,0,2003-05-06
14637,29,1069,10,3,KGID114637,Mason,2001-03-12,M,B-,0,1999-11-14
14638,29,1069,10,3,KGID114638,Faraj,1987-02-28,M,AB+,0,2020-05-06
14639,29,1069,10,3,KGID114639,Akshay,1975-04-18,M,AB+,1,2006-10-13
14640,29,1069,10,3,KGID114640,Owen,1968-12-31,M,A+,0,2016-12-07
14641,29,1069,10,6,KGID114641,Urvashi,1975-11-08,F,B-,0,2007-01-25
14642,29,1069,10,3,KGID114642,Nicholas,1970-08-19,M,B+,0,2025-02-13
14643,29,1069,6,6,KGID114643,Anika,1974-07-18,F,O+,0,2002-05-01
14644,29,1069,9,3,KGID114644,Frederick,1969-07-03,M,A+,0,2012-04-05
14645,29,1069,10,3,KGID114645,Widisha,1997-03-22,F,O-,0,2008-04-24
14646,29,1069,10,4,KGID114646,Hredhaan,1993-01-23,M,B+,0,2000-04-08
14647,29,1069,5,1,KGID114647,Chakradhar,1990-04-21,M,B-,0,1997-02-10
14648,29,1070,9,2,KGID114648,Leela,1983-12-07,F,A-,0,2008-05-10
14649,29,1070,10,2,KGID114649,Darsh,1968-04-02,M,A+,0,2016-01-11
14650,29,1070,5,3,KGID114650,Sathvik,1985-03-24,M,A-,0,2024-09-28
14651,29,1070,10,5,KGID114651,Praneel,1969-03-25,M,B+,0,2020-06-26
14652,29,1070,7,2,KGID114652,Vivaan,1973-06-01,M,AB+,0,2011-07-13
14653,29,1070,10,2,KGID114653,Balvan,1968-02-15,M,B-,0,2006-03-18
14654,29,1070,10,5,KGID114654,Aadi,1991-07-24,M,A+,0,2006-05-05
14655,29,1070,10,2,KGID114655,Jason,1972-11-29,M,A+,0,2005-11-10
14656,29,1070,9,3,KGID114656,Manbir,2003-04-22,M,B+,0,2011-07-01
14657,29,1070,10,1,KGID114657,Ria,1975-08-29,F,O+,0,2004-11-23
14658,29,1071,10,3,KGID114658,Darsh,1983-12-18,M,AB+,0,2000-06-14
14659,29,1071,9,6,KGID114659,Ethan,1988-08-27,M,O-,0,2019-02-17
14660,29,1071,9,6,KGID114660,Pratyush,1981-06-25,M,B-,0,2005-11-17
14661,29,1071,9,6,KGID114661,George,1992-08-15,M,B+,0,2007-02-11
14662,29,1071,6,1,KGID114662,Oviya,1984-03-23,F,AB+,0,2021-09-04
14663,29,1071,10,3,KGID114663,Tanay,1979-10-29,M,O-,0,2016-11-18
14664,29,1071,7,5,KGID114664,Brijesh,1984-05-03,M,O+,0,2018-11-23
14665,29,1071,6,5,KGID114665,Bachittar,1976-03-09,M,B-,0,2013-04-18
14666,29,1071,9,5,KGID114666,Ayushman,1990-08-09,M,A-,0,2020-11-13
14667,29,1071,10,5,KGID114667,Ekavir,1967-12-08,M,A+,0,2007-02-16
14668,29,1071,9,3,KGID114668,Ishani,2000-12-06,F,B+,0,2008-04-14
14669,29,1072,9,1,KGID114669,Chameli,1972-09-26,F,O-,0,2022-05-26
14670,29,1072,6,1,KGID114670,Harsh,1968-03-29,M,O-,0,2011-05-10
14671,29,1072,7,5,KGID114671,Nikita,1970-02-03,F,B+,0,2024-07-01
14672,29,1072,6,1,KGID114672,Ishaan,1977-03-08,M,A+,0,2021-12-01
14673,29,1072,9,1,KGID114673,Charan,1979-01-24,M,A+,0,2011-12-23
14674,29,1072,10,4,KGID114674,Elijah,1972-01-22,M,B+,0,2022-11-07
14675,29,1072,10,5,KGID114675,Warda,1986-08-28,F,AB+,0,2004-07-04
14676,29,1072,9,1,KGID114676,Quincy,1976-01-14,M,AB+,0,2018-09-12
14677,29,1073,6,5,KGID114677,Ayushman,1975-06-10,M,A+,0,1999-01-15
14678,29,1073,10,1,KGID114678,Adweta,1977-03-22,F,B-,0,2004-06-18
14679,29,1073,10,3,KGID114679,Tarak,1985-07-30,M,A+,0,1997-09-27
14680,29,1073,7,4,KGID114680,Fitan,1983-01-09,M,A+,0,2023-06-28
14681,29,1073,6,4,KGID114681,Maanav,1994-09-16,M,O+,0,2009-12-12
14682,29,1073,9,3,KGID114682,Wahab,1987-04-02,M,O+,0,1998-04-19
14683,29,1073,7,6,KGID114683,Rayaan,1980-10-07,M,B-,0,2023-06-08
14684,29,1073,9,5,KGID114684,Nisha,1996-10-29,F,A-,0,2019-12-08
14685,29,1073,7,2,KGID114685,Gaurang,1989-06-10,M,B-,0,2000-10-15
14686,29,1074,10,2,KGID114686,Rishi,1999-03-30,M,A+,0,2000-05-09
14687,29,1074,7,3,KGID114687,Mitali,2002-08-04,F,A-,0,2005-04-01
14688,29,1074,10,5,KGID114688,Urmi,1987-11-26,F,A-,0,2005-07-10
14689,29,1074,10,4,KGID114689,Lakshit,1969-12-28,M,O-,0,2013-07-15
14690,29,1074,9,6,KGID114690,Faras,1991-03-21,M,A+,0,2004-03-19
14691,29,1074,9,1,KGID114691,Ishwar,2002-10-06,M,O-,0,2012-10-07
14692,29,1074,9,6,KGID114692,Ojas,1996-10-25,M,AB+,0,2000-04-30
14693,29,1074,6,4,KGID114693,Maanav,1968-08-03,M,A+,0,2022-01-08
14694,29,1074,10,2,KGID114694,Aahana,1971-08-08,F,A-,0,2001-06-24
14695,29,1074,7,5,KGID114695,Baljiwan,1978-01-17,M,AB+,0,2013-07-09
14696,29,1074,10,4,KGID114696,Nihal,1973-10-31,M,B-,0,1999-06-01
14697,29,1074,9,6,KGID114697,Warjas,1973-09-13,M,B-,0,2004-03-09
14698,29,1074,10,4,KGID114698,Reyansh,2000-04-12,M,B+,0,2022-09-17
14699,29,1074,7,4,KGID114699,Daniel,1974-08-18,M,B+,0,1997-05-21
14700,29,1074,10,1,KGID114700,Nakul,1993-12-11,M,B-,0,2023-10-08
14701,29,1074,10,5,KGID114701,Advay,1979-02-25,M,A-,0,2008-01-25
14702,29,1075,6,5,KGID114702,Guneet,1995-09-06,M,B+,1,2006-12-21
14703,29,1075,9,4,KGID114703,Megha,1969-08-26,F,A+,0,2009-01-02
14704,29,1075,10,3,KGID114704,Michael,2000-09-09,M,A-,0,2022-10-30
14705,29,1075,7,1,KGID114705,Anthony,1981-11-14,M,A-,0,2004-08-14
14706,29,1075,7,6,KGID114706,Aarnav,1982-07-05,M,O+,0,2011-05-19
14707,29,1075,9,5,KGID114707,Zayan,1998-12-13,M,O+,0,2009-03-13
14708,29,1075,10,6,KGID114708,Yahvi,1991-05-19,F,O+,0,2008-12-20
14709,29,1075,10,4,KGID114709,Viraj,1974-01-03,M,A-,0,1998-03-09
14710,29,1075,10,2,KGID114710,Gautam,1973-12-22,M,O-,0,2023-01-14
14711,29,1076,6,2,KGID114711,Falan,1974-07-04,M,AB+,0,2013-08-27
14712,29,1076,7,3,KGID114712,Michael,1997-06-22,M,AB+,0,2016-09-26
14713,29,1076,9,3,KGID114713,Zaitra,1987-10-07,F,A+,0,2022-05-06
14714,29,1076,7,6,KGID114714,Alka,1971-12-07,F,O-,0,2019-01-27
14715,29,1076,9,2,KGID114715,Turvi,1981-06-01,F,O-,0,1997-11-30
14716,29,1076,10,6,KGID114716,Manthan,1981-08-06,M,O-,0,2017-05-09
14717,29,1076,6,3,KGID114717,Simon,1995-08-20,M,O+,0,2003-03-06
14718,29,1076,10,1,KGID114718,Raksha,1977-06-14,F,B+,1,2020-02-13
14719,29,1077,9,4,KGID114719,Upasna,1987-01-15,F,O+,0,2018-09-06
14720,29,1077,10,1,KGID114720,Aryan,2001-01-18,M,O+,0,2006-02-16
14721,29,1077,10,3,KGID114721,Meera,1974-07-01,F,O+,0,2005-05-30
14722,29,1077,10,2,KGID114722,Zaid,1985-01-21,M,O-,0,2000-09-30
14723,29,1077,10,4,KGID114723,Hardik,1998-06-12,M,O+,0,1997-05-02
14724,29,1077,7,3,KGID114724,Yash,2002-08-12,M,A-,0,1996-09-14
14725,29,1077,10,3,KGID114725,Nitara,1976-10-31,F,A-,0,2006-11-28
14726,29,1077,10,3,KGID114726,Harshil,1976-09-07,M,O+,0,2018-12-06
14727,29,1077,9,6,KGID114727,Charan,1988-10-13,M,O-,0,2000-05-24
14728,29,1077,6,2,KGID114728,Rushil,1985-05-03,M,B+,0,2023-09-24
14729,29,1077,9,6,KGID114729,Manthan,1975-09-06,M,A+,0,2001-09-08
14730,29,1077,7,3,KGID114730,Dipta,1969-07-29,F,B+,0,2019-07-28
14731,29,1077,7,3,KGID114731,Advik,1984-11-12,M,A+,0,2007-06-06
14732,29,1077,6,2,KGID114732,Aryan,1999-06-15,M,A-,0,2015-05-27
14733,29,1078,7,5,KGID114733,Imaran,1971-09-24,M,A+,0,1999-09-17
14734,29,1078,10,4,KGID114734,Gaurav,1967-09-09,M,O-,0,2023-06-22
14735,29,1078,9,1,KGID114735,Nitesh,1979-04-25,M,A-,0,2022-04-11
14736,29,1078,10,5,KGID114736,Darpan,1968-01-22,M,O+,0,2015-05-08
14737,29,1078,9,4,KGID114737,Upkaar,1985-03-03,M,B-,0,2018-03-12
14738,29,1078,7,2,KGID114738,Dalbir,1968-01-02,M,O+,0,1997-05-12
14739,29,1078,10,5,KGID114739,Harish,2001-06-05,M,B+,0,2023-07-12
14740,29,1078,9,4,KGID114740,Ekavir,1975-12-05,M,AB+,0,2005-12-11
14741,29,1078,9,6,KGID114741,Guneet,1992-11-04,M,AB+,0,2003-06-06
14742,29,1078,10,4,KGID114742,Maanas,1975-06-15,M,B+,0,2024-07-29
14743,29,1078,6,5,KGID114743,Jeremiah,1993-03-29,M,B+,0,2005-06-25
14744,29,1078,7,2,KGID114744,Wyatt,1975-04-06,M,AB+,0,1997-02-05
14745,29,1079,10,6,KGID114745,Abhiram,1973-01-21,M,A-,0,2016-10-03
14746,29,1079,10,2,KGID114746,Ishanvi,2002-09-08,F,A-,0,2011-02-16
14747,29,1079,10,4,KGID114747,Advaith,1987-07-27,M,AB+,0,2022-09-13
14748,29,1079,9,6,KGID114748,Bhavini,1989-04-15,F,AB+,0,2020-05-30
14749,29,1079,6,3,KGID114749,Samaksh,1988-10-25,M,O+,0,2018-03-21
14750,29,1079,9,4,KGID114750,Dakshesh,1974-11-03,M,O+,0,2009-07-12
14751,29,1079,6,3,KGID114751,Advay,2003-04-23,M,B+,0,2011-08-03
14752,29,1079,9,6,KGID114752,Xavier,1983-06-02,M,O+,0,2022-07-30
14753,29,1080,9,2,KGID114753,Balendra,2000-05-12,M,B+,0,2008-05-07
14754,29,1080,9,1,KGID114754,Arjun,1975-12-14,M,B-,0,2001-03-29
14755,29,1080,6,3,KGID114755,Krishna,1976-12-28,M,AB+,0,2022-11-13
14756,29,1080,5,1,KGID114756,Tanay,1984-01-01,M,AB+,0,2016-09-22
14757,29,1080,9,1,KGID114757,Sachi,2002-05-01,F,O-,0,1998-02-19
14758,29,1080,9,5,KGID114758,Samar,1978-07-13,M,AB+,0,1998-03-16
14759,29,1080,6,1,KGID114759,Yashica,1989-03-21,F,A-,0,2013-12-04
14760,29,1080,10,6,KGID114760,Ronith,1983-08-31,M,B+,0,2021-11-16
14761,29,1080,10,6,KGID114761,Agastya,1981-04-01,M,B+,0,2023-12-13
14762,29,1081,9,2,KGID114762,Kai,1971-06-11,M,O-,0,2000-12-19
14763,29,1081,6,2,KGID114763,Damyanti,1978-04-12,F,A+,0,2001-08-12
14764,29,1081,6,2,KGID114764,Kala,1988-02-22,F,O-,0,2005-01-25
14765,29,1081,10,6,KGID114765,Matthew,1988-07-22,M,A-,1,2019-10-15
14766,29,1081,7,5,KGID114766,Nitesh,1989-02-22,M,O-,0,2002-06-19
14767,29,1081,6,1,KGID114767,Udant,1981-10-15,M,O-,0,2002-01-26
14768,29,1081,10,2,KGID114768,Nachiket,1982-06-30,M,AB+,0,2016-01-22
14769,29,1081,7,6,KGID114769,Laksh,1987-09-25,M,AB+,0,2014-10-09
14770,29,1081,10,4,KGID114770,Amol,1973-11-20,M,O-,0,1999-07-09
14771,29,1081,10,2,KGID114771,Rehaan,1996-11-06,M,AB+,0,2009-02-04
14772,29,1081,10,4,KGID114772,Faras,1974-02-12,M,O-,0,2011-08-10
14773,29,1081,7,5,KGID114773,Alexander,1994-05-10,M,AB+,0,2013-07-22
14774,29,1081,6,1,KGID114774,Omkaar,1976-08-15,M,O-,0,2019-03-22
14775,29,1081,7,2,KGID114775,Ansh,1977-10-25,M,A+,0,2013-09-08
14776,29,1081,9,4,KGID114776,Gaurang,1983-05-15,M,B-,0,2024-10-16
14777,29,1081,10,2,KGID114777,Noah,1996-07-27,M,AB+,0,2018-09-04
14778,29,1081,9,3,KGID114778,Gopal,1970-07-05,M,A-,0,2001-06-12
14779,29,1081,10,4,KGID114779,Naveen,1972-12-18,M,AB+,0,2016-07-31
14780,29,1081,6,5,KGID114780,Agastya,1978-04-25,M,O-,0,2008-06-14
14781,29,1082,10,6,KGID114781,Aayush,1990-05-04,M,A+,0,2003-03-01
14782,29,1082,10,4,KGID114782,Falan,1983-11-23,M,A-,0,2018-08-22
14783,29,1082,9,1,KGID114783,Darika,1986-10-22,F,O+,0,2001-06-08
14784,29,1082,5,5,KGID114784,Ansh,2000-11-30,M,AB+,0,2017-11-04
14785,29,1082,7,5,KGID114785,Xalak,2000-12-18,F,B-,0,2006-08-19
14786,29,1082,6,4,KGID114786,Fitan,1981-07-22,M,A-,0,2000-12-05
14787,29,1082,10,3,KGID114787,Ekanta,1978-07-12,F,A-,0,2023-07-24
14788,29,1082,5,6,KGID114788,Sarthak,1995-12-05,M,A-,0,1998-10-13
14789,29,1082,7,5,KGID114789,Yug,2001-04-19,M,B+,0,2012-02-08
14790,29,1082,6,2,KGID114790,Yagnesh,1992-10-16,M,A+,0,2015-08-23
14791,29,1082,7,6,KGID114791,Neel,1968-07-10,M,O-,0,2011-03-01
14792,29,1082,9,1,KGID114792,Jalsa,1970-05-22,F,B-,0,2021-07-26
14793,29,1082,9,3,KGID114793,Parth,2000-01-11,M,AB+,0,2006-05-05
14794,29,1083,9,5,KGID114794,Ranbir,1996-05-07,M,B-,0,2021-06-15
14795,29,1083,7,6,KGID114795,Farhan,1969-04-06,M,AB+,0,2003-08-12
14796,29,1083,10,3,KGID114796,Dayita,1969-07-07,F,B+,0,2019-01-21
14797,29,1083,9,2,KGID114797,Reyansh,1998-10-14,M,A+,0,2004-04-02
14798,29,1083,6,3,KGID114798,Mugdha,1981-11-16,F,B-,0,2016-09-09
14799,29,1083,7,2,KGID114799,Rehaan,1991-03-26,M,O+,0,2020-06-26
14800,29,1083,10,6,KGID114800,Unnati,1985-07-23,F,B-,0,1996-09-24
14801,29,1083,9,4,KGID114801,Praneel,1981-12-19,M,O+,0,2012-12-03
14802,29,1083,7,5,KGID114802,Jason,1998-08-21,M,AB+,0,2009-04-10
14803,29,1083,10,1,KGID114803,Akshay,1980-11-10,M,B+,0,2021-10-25
14804,29,1083,10,1,KGID114804,Azaan,1969-08-01,M,B-,0,2013-12-23
14805,29,1083,9,5,KGID114805,Hemang,1986-07-07,M,O+,0,2010-11-08
14806,29,1083,7,4,KGID114806,Ekansh,1982-03-05,M,A+,0,1997-06-29
14807,29,1084,10,5,KGID114807,Krishna,2000-01-02,M,A+,0,2015-07-11
14808,29,1084,6,6,KGID114808,Alexander,1978-05-25,M,O+,0,1997-11-20
14809,29,1084,10,1,KGID114809,Sanya,1971-10-08,F,B+,0,2008-07-05
14810,29,1084,7,2,KGID114810,Vyanjana,1977-08-31,F,AB+,0,2005-05-05
14811,29,1084,10,3,KGID114811,Ishaan,1997-11-04,M,B-,0,2003-06-09
14812,29,1084,10,2,KGID114812,Advaith,1992-02-26,M,B-,0,2023-01-12
14813,29,1084,9,3,KGID114813,Idika,1986-05-09,F,AB+,0,2022-06-26
14814,29,1084,10,1,KGID114814,Zarna,1991-03-24,F,AB+,0,2001-06-28
14815,29,1085,9,3,KGID114815,Anthony,2000-01-15,M,A-,0,1997-01-10
14816,29,1085,10,4,KGID114816,Ekavir,1970-01-09,M,O-,0,2008-05-16
14817,29,1085,10,1,KGID114817,Sai,1996-11-11,M,AB+,0,2023-10-06
14818,29,1085,7,4,KGID114818,Aditya,1972-09-08,M,O+,0,2004-11-14
14819,29,1085,9,3,KGID114819,Aarav,1987-01-03,M,A+,0,2003-05-30
14820,29,1085,9,6,KGID114820,Daksh,1978-06-25,M,B+,0,2024-03-04
14821,29,1085,9,6,KGID114821,Girindra,1980-03-09,M,O+,0,2012-01-27
14822,29,1085,6,6,KGID114822,Onveer,1969-10-08,M,O+,1,1997-05-17
14823,29,1085,10,4,KGID114823,Owen,2002-11-12,M,O+,0,2012-10-17
14824,29,1085,10,5,KGID114824,Farhan,1981-02-16,M,B+,0,2012-08-24
14825,29,1085,10,4,KGID114825,Simon,1988-03-26,M,O+,0,2004-11-16
14826,29,1085,6,3,KGID114826,Frado,1995-07-31,M,O-,0,2004-11-13
14827,29,1085,7,1,KGID114827,Upkaar,1971-01-10,M,A-,1,1996-11-18
14828,29,1085,6,1,KGID114828,Nakul,1999-05-10,M,A+,0,2003-01-05
14829,29,1085,10,6,KGID114829,Akshay,1987-07-19,M,O+,0,2005-08-24
14830,29,1085,6,5,KGID114830,Harsh,1991-02-01,M,B+,0,2015-12-23
14831,29,1086,6,6,KGID114831,Samuel,1991-07-23,M,B-,0,2024-06-02
14832,29,1086,7,6,KGID114832,Yasti,2002-09-28,F,A+,0,2010-02-01
14833,29,1086,7,5,KGID114833,Zayan,1973-10-31,M,A-,0,2022-12-07
14834,29,1086,5,6,KGID114834,Shivansh,1974-08-19,M,A-,0,2000-02-08
14835,29,1086,9,6,KGID114835,Mitesh,1974-07-20,M,O-,0,2004-04-23
14836,29,1086,6,2,KGID114836,Samarth,1978-01-04,M,O-,0,2018-02-04
14837,29,1086,7,4,KGID114837,Gautam,1989-10-28,M,O+,1,2009-09-12
14838,29,1086,10,5,KGID114838,Nicholas,1975-04-23,M,AB+,0,2010-03-25
14839,29,1086,10,3,KGID114839,Teerth,1968-06-04,M,AB+,0,2013-11-30
14840,29,1086,9,6,KGID114840,Harish,1976-08-03,M,A+,0,2003-11-27
14841,29,1087,10,1,KGID114841,Noah,1970-10-06,M,A-,0,1996-09-26
14842,29,1087,7,6,KGID114842,Indrajit,1983-06-10,M,B+,0,2012-10-31
14843,29,1087,9,1,KGID114843,Zayyan,1995-11-26,M,O+,0,2023-05-18
14844,29,1087,10,1,KGID114844,Arin,1977-01-10,M,A-,0,2010-12-15
14845,29,1087,7,2,KGID114845,Dhruv,1981-01-06,M,O+,0,2023-11-01
14846,29,1087,10,3,KGID114846,Ikbal,1985-06-24,M,B+,0,2006-06-24
14847,29,1087,10,2,KGID114847,Vivaan,1979-06-22,M,O-,0,1999-12-30
14848,29,1087,10,6,KGID114848,Ekansh,1970-03-12,M,A+,0,1999-07-17
14849,29,1087,10,1,KGID114849,Yashica,1968-10-30,F,O-,0,2012-03-01
14850,29,1087,7,5,KGID114850,Om,1979-06-15,M,A-,0,2017-02-02
14851,29,1087,10,1,KGID114851,Ekavir,1985-04-03,M,B-,0,2022-11-05
14852,29,1087,10,1,KGID114852,Veer,1997-06-16,M,B+,0,2005-02-16
14853,29,1087,6,3,KGID114853,Xalak,1976-07-27,F,O+,0,2008-01-18
14854,29,1087,10,6,KGID114854,Abeer,1996-03-16,M,AB+,0,2001-07-19
14855,29,1087,10,1,KGID114855,Krish,1967-12-13,M,O+,0,2004-04-05
14856,29,1087,9,4,KGID114856,Tarak,1998-07-16,M,AB+,0,2001-02-18
14857,29,1087,6,1,KGID114857,Zayan,1994-06-30,M,O-,0,2005-12-13
14858,29,1088,7,5,KGID114858,Saksham,1992-07-19,M,B-,0,2001-03-29
14859,29,1088,10,1,KGID114859,Farhan,1989-05-27,M,B-,0,2009-03-30
14860,29,1088,6,6,KGID114860,Aashi,1982-03-13,F,B-,0,2012-07-01
14861,29,1088,6,4,KGID114861,Eshana,1994-05-31,F,B+,0,2015-10-09
14862,29,1088,10,2,KGID114862,Yash,2000-09-15,M,B+,0,2001-01-17
14863,29,1088,9,2,KGID114863,Gavin,1987-04-07,M,AB+,0,2022-05-16
14864,29,1088,9,3,KGID114864,Fariq,1984-12-04,M,O+,0,2018-09-21
14865,29,1088,5,5,KGID114865,Yatin,1976-03-14,M,B-,0,1997-08-19
14866,29,1088,9,5,KGID114866,Ijaya,1982-09-10,F,AB+,0,2023-09-12
14867,29,1088,10,4,KGID114867,Maya,1995-02-12,F,O+,0,1999-12-18
14868,29,1088,10,1,KGID114868,Gabriel,1970-02-08,M,O+,0,2012-10-27
14869,29,1088,10,2,KGID114869,Advay,1977-03-13,M,O-,0,2017-05-11
14870,29,1088,10,5,KGID114870,Girish,1997-01-01,M,A+,0,1996-11-16
14871,29,1088,7,5,KGID114871,Pranit,1989-07-05,M,AB+,0,1997-02-10
14872,29,1088,9,3,KGID114872,Pratyush,2001-09-20,M,B-,0,2015-06-03
14873,29,1088,10,2,KGID114873,Farhan,1987-06-14,M,AB+,0,2024-09-06
14874,29,1088,10,1,KGID114874,Kalpit,1991-07-25,M,B+,0,1996-12-23
14875,29,1089,9,2,KGID114875,Abhimanyu,1985-08-07,M,A+,0,2011-03-29
14876,29,1089,9,5,KGID114876,Yashodhara,1974-11-03,F,A-,0,2017-12-06
14877,29,1089,7,4,KGID114877,Qarin,1993-06-04,M,AB+,0,2004-05-14
14878,29,1089,6,3,KGID114878,Chakradhar,1994-02-26,M,O+,0,2010-01-20
14879,29,1089,10,6,KGID114879,George,1983-09-02,M,B+,0,2011-10-29
14880,29,1089,10,4,KGID114880,Pratyush,1995-06-26,M,O-,1,2006-11-03
14881,29,1089,7,3,KGID114881,Mason,1994-01-18,M,AB+,0,2019-03-17
14882,29,1089,6,6,KGID114882,Andrew,1993-03-03,M,B-,0,2014-04-18
14883,29,1089,9,5,KGID114883,Ansh,1986-08-15,M,O-,0,2024-09-03
14884,29,1089,9,1,KGID114884,Raghav,1984-11-13,M,O+,0,2022-02-16
14885,29,1089,6,4,KGID114885,Forum,1979-03-30,F,O-,0,2020-05-02
14886,29,1089,6,6,KGID114886,Arin,1994-11-28,M,B-,0,2008-04-16
14887,29,1089,10,3,KGID114887,Mohammed,2000-05-13,M,O-,0,2002-06-23
14888,29,1089,6,2,KGID114888,Qadim,1968-06-17,M,B+,0,2019-03-20
14889,29,1089,10,4,KGID114889,Jalsa,1975-11-07,F,AB+,0,2020-09-21
14890,29,1089,10,6,KGID114890,Pratyush,1982-04-17,M,A-,0,2000-09-08
14891,29,1089,10,3,KGID114891,Faraj,1972-05-15,M,A+,0,2004-06-13
14892,29,1089,5,6,KGID114892,Ekaraj,1986-04-10,M,A+,0,2008-07-19
14893,29,1090,9,6,KGID114893,Manthan,1968-11-09,M,AB+,0,2011-01-17
14894,29,1090,7,5,KGID114894,Aarush,1967-07-24,M,O+,0,2010-06-22
14895,29,1090,9,1,KGID114895,Warjas,1975-07-15,M,B+,0,2012-08-26
14896,29,1090,7,1,KGID114896,Nidhi,1993-10-19,F,AB+,0,2024-02-27
14897,29,1090,10,2,KGID114897,Frederick,1972-06-29,M,B-,0,2009-08-21
14898,29,1090,9,6,KGID114898,Oliver,1999-10-09,M,A+,0,2016-10-12
14899,29,1090,7,6,KGID114899,Girindra,1973-06-15,M,O-,0,2020-08-11
14900,29,1090,10,6,KGID114900,Samesh,1985-12-09,M,AB+,0,2006-12-29
14901,29,1090,10,4,KGID114901,Advaith,1968-11-14,M,A-,0,2011-04-09
14902,29,1090,9,6,KGID114902,Naksh,1982-02-21,M,B+,0,2000-09-11
14903,29,1090,10,5,KGID114903,Noah,1999-10-10,M,B-,0,2000-11-27
14904,29,1090,10,6,KGID114904,Sanaya,1976-05-01,F,A+,0,2015-02-08
14905,29,1090,10,4,KGID114905,Chakrika,1988-09-23,F,O+,0,2012-10-04
14906,29,1090,10,1,KGID114906,Kiaan,1972-12-06,M,AB+,0,1998-01-03
14907,29,1090,7,1,KGID114907,Udant,1969-07-21,M,O+,0,2022-12-24
14908,29,1090,10,4,KGID114908,Shaurya,1967-10-10,M,O+,0,2023-01-21
14909,29,1090,10,5,KGID114909,Rudra,1969-08-08,M,B+,0,2001-01-18
14910,29,1090,7,2,KGID114910,Advay,1977-09-26,M,A-,0,2001-09-18
14911,29,1091,9,6,KGID114911,Michael,2000-11-16,M,B+,0,2019-01-06
14912,29,1091,10,4,KGID114912,Yuvraj,1982-09-25,M,A+,0,2017-07-07
14913,29,1091,10,4,KGID114913,Ishaan,1975-05-31,M,B+,0,2002-07-31
14914,29,1091,10,2,KGID114914,Rudra,2001-05-10,M,O-,0,2022-01-08
14915,29,1091,10,6,KGID114915,Hardik,1975-07-06,M,O-,0,2016-02-29
14916,29,1091,10,4,KGID114916,Yasti,1976-10-11,F,B-,0,2008-06-03
14917,29,1091,10,5,KGID114917,Samarth,1990-10-31,M,AB+,0,2009-01-16
14918,29,1091,9,3,KGID114918,Jatin,1989-11-30,M,O+,0,2024-07-13
14919,30,1092,10,5,KGID114919,Zashil,1992-03-13,M,A-,0,2010-11-15
14920,30,1092,6,4,KGID114920,Saksham,1990-08-22,M,B+,0,2024-09-23
14921,30,1092,10,1,KGID114921,Finn,1972-11-26,M,B-,0,2021-06-20
14922,30,1092,10,4,KGID114922,Prisha,1971-03-21,F,O+,0,2010-03-10
14923,30,1092,7,1,KGID114923,Hardik,1981-02-13,M,A-,0,2016-05-09
14924,30,1092,10,4,KGID114924,Janya,1975-08-23,F,B+,0,2006-06-03
14925,30,1092,10,2,KGID114925,Jason,1970-03-25,M,A+,0,2012-03-30
14926,30,1092,5,3,KGID114926,Quincy,1972-02-20,M,O+,0,2012-08-20
14927,30,1092,6,3,KGID114927,Thomas,1994-04-02,M,O+,0,2009-06-28
14928,30,1093,9,3,KGID114928,Andrew,1983-09-11,M,A+,0,2017-06-24
14929,30,1093,10,3,KGID114929,Ishaan,1988-01-21,M,O+,0,2020-10-20
14930,30,1093,9,5,KGID114930,Siya,1986-06-05,F,B+,0,2006-06-05
14931,30,1093,10,1,KGID114931,Yatin,1999-09-28,M,B-,0,2017-02-28
14932,30,1093,10,5,KGID114932,Chatresh,1967-08-30,M,O-,0,1997-03-18
14933,30,1093,6,2,KGID114933,Tanish,1980-10-25,M,B-,0,2000-01-16
14934,30,1093,10,1,KGID114934,Nitesh,1994-06-09,M,O-,0,1999-11-05
14935,30,1093,10,6,KGID114935,Chaitanya,1996-09-10,M,AB+,0,2001-03-05
14936,30,1094,7,6,KGID114936,Riya,1997-03-04,F,O-,0,2017-09-24
14937,30,1094,7,5,KGID114937,Abhiram,1979-05-09,M,A-,0,2005-01-11
14938,30,1094,9,4,KGID114938,Fitan,1983-08-18,M,A+,0,2010-10-25
14939,30,1094,5,6,KGID114939,Nihal,1985-03-25,M,A+,0,2017-12-01
14940,30,1094,7,4,KGID114940,Luke,1998-09-01,M,O-,0,2003-01-01
14941,30,1094,10,3,KGID114941,Wyatt,1972-01-29,M,O+,0,2020-04-25
14942,30,1094,10,6,KGID114942,Daniel,1982-03-20,M,B+,0,2022-02-17
14943,30,1094,10,5,KGID114943,Dominic,1977-02-10,M,B+,0,2001-03-13
14944,30,1095,9,6,KGID114944,Aditya,1974-10-13,M,B-,0,1997-05-27
14945,30,1095,6,2,KGID114945,Nisha,1998-12-13,F,A-,0,2017-04-14
14946,30,1095,9,6,KGID114946,Peter,1968-05-13,M,O+,0,2021-09-17
14947,30,1095,10,2,KGID114947,Zashil,1975-12-04,M,B+,0,2021-04-21
14948,30,1095,9,6,KGID114948,Jeet,1997-04-27,M,O+,0,2008-06-30
14949,30,1095,10,4,KGID114949,Bakhshi,1968-04-05,M,A+,0,2022-12-02
14950,30,1095,10,3,KGID114950,Wazir,1991-10-22,M,A+,0,1998-09-15
14951,30,1095,7,4,KGID114951,Lakshmi,1996-06-19,F,B+,0,2013-10-27
14952,30,1095,10,3,KGID114952,Ethan,1969-01-13,M,O+,0,2002-04-21
14953,30,1095,5,5,KGID114953,Advaith,1984-08-28,M,A+,0,2001-09-06
14954,30,1095,9,1,KGID114954,Hemal,1972-10-13,F,B+,0,2001-08-13
14955,30,1095,7,3,KGID114955,Lohit,1988-11-09,M,O+,0,2013-05-27
14956,30,1095,7,5,KGID114956,Umang,1979-10-11,M,O+,0,2013-12-01
14957,30,1095,7,1,KGID114957,Atharv,1991-05-24,M,A+,0,2001-10-30
14958,30,1095,10,1,KGID114958,Faris,1994-12-23,M,O-,0,2006-10-24
14959,30,1096,6,1,KGID114959,Ansh,1985-05-11,M,B+,0,2010-10-06
14960,30,1096,10,6,KGID114960,Varsha,1993-06-05,F,AB+,0,1998-11-22
14961,30,1096,10,5,KGID114961,Chandran,1976-12-10,M,AB+,0,1997-11-27
14962,30,1096,9,2,KGID114962,Rayaan,1994-01-25,M,O-,0,2004-01-02
14963,30,1096,9,2,KGID114963,Hemang,1983-06-07,M,B+,1,2009-07-16
14964,30,1096,10,2,KGID114964,Samar,1997-03-03,M,B-,0,2008-03-28
14965,30,1096,10,4,KGID114965,Andrew,1991-04-24,M,O+,0,2013-11-27
14966,30,1096,9,5,KGID114966,Azaan,1970-06-18,M,B-,0,2000-09-30
14967,30,1096,6,3,KGID114967,Manan,1999-03-20,M,O+,0,2003-07-26
14968,30,1096,7,5,KGID114968,Agastya,1990-06-29,M,A+,0,2006-07-22
14969,30,1096,10,3,KGID114969,Zilmil,2003-03-06,F,A-,0,2020-07-06
14970,30,1097,10,2,KGID114970,Patrick,2002-07-24,M,AB+,0,2019-08-21
14971,30,1097,10,2,KGID114971,Vrishti,1970-07-12,F,A-,0,2017-07-27
14972,30,1097,7,5,KGID114972,Nachiket,1997-01-11,M,O+,0,2021-08-24
14973,30,1097,10,3,KGID114973,Akshay,1987-03-24,M,B-,0,1998-11-13
14974,30,1097,6,1,KGID114974,Nihal,1999-04-26,M,O+,0,2011-08-31
14975,30,1097,10,4,KGID114975,Fitan,2003-05-11,M,B+,0,2010-02-17
14976,30,1097,10,2,KGID114976,Faqid,1975-02-16,M,B-,0,1997-12-21
14977,30,1097,6,4,KGID114977,Umang,1977-01-25,M,B+,0,2004-02-28
14978,30,1097,10,2,KGID114978,Max,1987-03-02,M,A+,0,2020-04-04
14979,30,1098,10,2,KGID114979,Abhiram,1970-04-07,M,O+,0,1996-11-26
14980,30,1098,10,1,KGID114980,Anay,1982-01-05,M,A+,0,2003-12-01
14981,30,1098,9,5,KGID114981,Daksh,1998-01-07,M,A-,0,2022-08-21
14982,30,1098,10,3,KGID114982,Charan,1968-12-16,M,A-,0,2021-01-08
14983,30,1098,6,4,KGID114983,Arjun,1991-10-20,M,A-,0,2022-07-29
14984,30,1098,9,6,KGID114984,Praneel,1983-04-20,M,AB+,0,2000-07-12
14985,30,1098,10,5,KGID114985,Peter,1996-01-13,M,AB+,0,2017-07-17
14986,30,1098,10,4,KGID114986,Ucchal,1990-04-05,F,A+,0,2024-02-09
14987,30,1098,6,2,KGID114987,Bhanumati,1995-04-12,F,AB+,0,2014-05-07
14988,30,1098,9,2,KGID114988,Hitesh,1989-10-13,M,A-,0,2021-08-18
14989,30,1098,10,1,KGID114989,Ayushman,1997-09-30,M,B-,0,2010-01-24
14990,30,1098,9,6,KGID114990,Chanchal,1982-12-08,F,AB+,0,2007-01-13
14991,30,1098,10,2,KGID114991,Saumya,1996-03-06,F,O+,0,2013-02-01
14992,30,1098,10,6,KGID114992,Zehaan,1988-11-22,M,A-,0,2008-03-04
14993,30,1098,7,1,KGID114993,Upadhriti,1983-03-11,F,A-,0,2014-06-30
14994,30,1098,10,2,KGID114994,Girik,1974-10-03,M,A-,0,2004-11-14
14995,30,1098,10,1,KGID114995,Karan,1968-06-06,M,O+,0,2018-09-18
14996,30,1098,9,6,KGID114996,Aayush,1970-12-24,M,O+,0,2004-12-29
14997,30,1099,10,5,KGID114997,William,1983-12-06,M,B+,0,2008-05-15
14998,30,1099,10,5,KGID114998,Lakshit,1983-01-17,M,O-,0,2004-06-13
14999,30,1099,6,6,KGID114999,Ijaya,1990-09-23,F,A+,0,2025-05-31
15000,30,1099,10,5,KGID115000,Fitan,1991-07-17,M,AB+,0,2020-03-27
15001,30,1099,7,1,KGID115001,Aayush,1995-12-01,M,AB+,0,2007-05-30
15002,30,1099,10,2,KGID115002,Jeevika,1983-02-22,F,O-,0,2016-06-13
15003,30,1099,9,1,KGID115003,Zehaan,1980-06-09,M,B-,0,2003-12-03
15004,30,1099,10,2,KGID115004,Nandini,1970-07-26,F,O+,0,2006-11-28
15005,30,1099,6,1,KGID115005,Samuel,1987-04-06,M,A-,0,2008-08-18
15006,30,1099,6,6,KGID115006,Arjun,1982-08-07,M,AB+,0,2018-12-07
15007,30,1099,10,5,KGID115007,Omkaar,1975-07-16,M,AB+,0,2019-12-18
15008,30,1099,6,2,KGID115008,Warjas,1981-11-02,M,O-,0,2012-07-15
15009,30,1099,6,5,KGID115009,Girindra,1992-06-15,M,O-,0,2024-08-21
15010,30,1099,10,6,KGID115010,Finn,2001-07-25,M,O-,0,2010-05-13
15011,30,1099,10,6,KGID115011,Simon,1981-07-21,M,O-,0,2020-01-11
15012,30,1099,10,6,KGID115012,Ijaya,1990-01-22,F,AB+,0,1997-03-08
15013,30,1099,9,5,KGID115013,Mitesh,2001-04-29,M,B+,0,2012-01-19
15014,30,1099,9,6,KGID115014,Bahadurjit,1978-02-11,M,A+,0,2005-05-05
15015,30,1099,6,1,KGID115015,Maanav,1996-02-01,M,AB+,0,1998-08-31
15016,30,1100,10,4,KGID115016,Bahadurjit,1981-02-12,M,A+,0,2013-02-21
15017,30,1100,10,6,KGID115017,Zashil,1981-02-27,M,AB+,0,2016-10-03
15018,30,1100,10,2,KGID115018,Vihaan,1978-10-17,M,A+,0,2003-02-14
15019,30,1100,10,5,KGID115019,Vinaya,1977-11-02,F,AB+,0,2003-09-18
15020,30,1100,10,3,KGID115020,Isaiah,1994-12-26,M,AB+,0,2001-06-02
15021,30,1100,10,2,KGID115021,Dalbir,2002-06-15,M,A-,0,2002-11-03
15022,30,1100,6,1,KGID115022,Jeremiah,1977-03-02,M,B-,0,2013-08-04
15023,30,1100,10,4,KGID115023,Pranit,1997-12-24,M,AB+,0,2009-10-16
15024,30,1101,9,3,KGID115024,Azaan,1982-09-14,M,O-,0,2006-02-28
15025,30,1101,6,5,KGID115025,Shravya,1990-02-02,F,A-,0,2002-11-16
15026,30,1101,10,6,KGID115026,Yachana,2001-03-07,F,B+,0,2017-12-17
15027,30,1101,10,6,KGID115027,Dalbir,1969-04-27,M,A+,0,2014-06-15
15028,30,1101,10,2,KGID115028,Abhiram,1976-12-19,M,B+,0,2004-03-21
15029,30,1101,6,6,KGID115029,Girik,1971-03-12,M,B+,0,1999-07-30
15030,30,1101,9,1,KGID115030,Wazir,1992-06-26,M,B+,0,1997-02-10
15031,30,1101,7,6,KGID115031,Amrita,1992-11-09,F,AB+,0,2009-11-11
15032,30,1101,9,3,KGID115032,Harshil,1995-12-21,M,A+,0,2022-01-12
15033,30,1101,5,2,KGID115033,Qushi,1990-11-05,F,A+,0,2015-08-11
15034,30,1101,10,5,KGID115034,Jeremiah,1977-01-18,M,A+,0,2023-08-03
15035,30,1101,9,2,KGID115035,Utkarsh,1978-05-07,M,B-,0,2019-04-18
15036,30,1102,9,1,KGID115036,Sneha,1977-02-26,F,O-,0,2003-01-17
15037,30,1102,10,6,KGID115037,Chandresh,1998-05-05,M,B+,0,2001-10-20
15038,30,1102,10,2,KGID115038,Chanakya,1982-06-27,M,A+,0,2011-04-15
15039,30,1102,10,4,KGID115039,Xiti,1967-10-18,F,A+,0,2003-12-09
15040,30,1102,10,6,KGID115040,Charan,2000-01-18,M,A-,0,2010-10-03
15041,30,1102,10,6,KGID115041,Kiaan,1995-07-04,M,O+,0,2000-01-11
15042,30,1102,6,6,KGID115042,Anay,1983-10-30,M,B-,0,2017-04-05
15043,30,1102,10,1,KGID115043,Zayyan,1977-08-04,M,B-,0,2017-01-21
15044,30,1102,10,5,KGID115044,Girindra,1982-02-01,M,B-,0,1999-05-15
15045,30,1102,7,3,KGID115045,Owen,2002-05-01,M,AB+,0,2013-10-03
15046,30,1102,5,3,KGID115046,Thomas,1990-07-06,M,A+,0,2012-05-30
15047,30,1102,10,1,KGID115047,Wriddhish,1975-01-08,M,A-,0,1999-10-31
15048,30,1102,10,4,KGID115048,Lakshmi,1973-07-30,F,O-,0,2006-07-24
15049,30,1103,9,1,KGID115049,Tripti,1973-05-07,F,B+,0,1996-08-21
15050,30,1103,9,2,KGID115050,Brinda,1971-01-03,F,B+,0,2023-04-30
15051,30,1103,10,6,KGID115051,Dhriti,1974-10-10,F,B+,0,2000-10-11
15052,30,1103,7,6,KGID115052,Gaurang,1987-12-01,M,AB+,0,2015-03-22
15053,30,1103,6,2,KGID115053,Vivaan,1978-01-15,M,O-,0,2004-08-30
15054,30,1103,10,4,KGID115054,Pranit,1983-07-25,M,O+,0,2009-11-06
15055,30,1103,6,4,KGID115055,Gabriel,1989-11-02,M,AB+,0,2023-05-04
15056,30,1103,6,4,KGID115056,Karan,1974-09-20,M,B+,0,2009-11-02
15057,30,1103,10,3,KGID115057,Max,1993-04-11,M,B+,0,2007-07-27
15058,30,1103,7,1,KGID115058,Frado,1993-09-27,M,O-,0,2019-05-06
15059,30,1103,10,4,KGID115059,Lucky,1972-11-17,M,O+,0,2024-10-25
15060,30,1103,10,1,KGID115060,Lopa,2000-09-11,F,B-,0,2010-05-31
15061,30,1103,7,3,KGID115061,Azaan,1996-07-19,M,O+,0,2006-03-03
15062,30,1103,5,3,KGID115062,Theodore,1968-12-05,M,O-,0,2024-05-26
15063,30,1103,9,5,KGID115063,Jeet,2000-09-23,M,B+,0,1999-03-28
15064,30,1104,9,5,KGID115064,Tarak,1998-07-14,M,O-,0,2023-02-16
15065,30,1104,9,2,KGID115065,Dhriti,1989-09-07,F,O-,0,2009-12-10
15066,30,1104,10,4,KGID115066,Timothy,1997-09-01,M,AB+,0,2006-02-10
15067,30,1104,9,3,KGID115067,Dalbir,1977-07-01,M,B+,0,2010-07-22
15068,30,1104,10,1,KGID115068,Charvi,1975-05-26,F,AB+,0,1997-07-02
15069,30,1104,7,5,KGID115069,Ayaan,2000-07-09,M,A-,0,2021-12-19
15070,30,1104,10,3,KGID115070,Naksh,1970-09-13,M,O-,0,1998-06-24
15071,30,1104,10,5,KGID115071,Avni,1995-03-09,F,A-,0,2016-02-11
15072,30,1104,7,4,KGID115072,Faqid,1984-01-03,M,A+,0,1999-07-29
15073,30,1104,10,5,KGID115073,Nathaniel,1988-05-03,M,A-,0,2003-11-27
15074,30,1104,6,1,KGID115074,Qarin,1993-09-30,M,A+,0,2013-07-30
15075,30,1104,6,6,KGID115075,Ojas,1970-05-05,M,B+,0,2018-08-24
15076,30,1104,7,6,KGID115076,Naksh,1973-08-23,M,A+,0,1999-06-01
15077,30,1104,7,2,KGID115077,Warinder,1986-05-22,M,B-,0,2016-08-16
15078,30,1104,9,4,KGID115078,Amrita,1984-12-07,F,O-,0,2008-11-15
15079,30,1104,9,2,KGID115079,Warinder,2001-10-06,M,O+,0,2011-05-20
15080,30,1105,7,6,KGID115080,Balveer,1992-05-11,M,A-,0,2005-11-07
15081,30,1105,10,2,KGID115081,Warjas,1980-01-03,M,O+,0,2006-09-25
15082,30,1105,10,3,KGID115082,Samuel,1975-10-26,M,AB+,0,2014-07-13
15083,30,1105,10,4,KGID115083,Warda,1976-12-25,F,A+,0,2017-04-07
15084,30,1105,9,6,KGID115084,Rohan,1981-12-30,M,AB+,0,2019-02-13
15085,30,1105,7,4,KGID115085,Reyansh,1968-05-27,M,A-,0,2011-10-23
15086,30,1105,9,6,KGID115086,Gagan,1999-08-11,M,A+,0,2021-01-31
15087,30,1105,9,1,KGID115087,Anay,1989-06-26,M,A-,0,2010-05-26
15088,30,1105,9,2,KGID115088,Rohan,1981-03-22,M,AB+,0,1999-10-23
15089,30,1105,9,4,KGID115089,Faqid,2002-03-11,M,B+,0,2000-03-25
15090,30,1105,10,1,KGID115090,Tejas,2001-05-22,M,A+,0,2010-12-08
15091,30,1106,9,2,KGID115091,Anirudh,2000-07-03,M,A-,0,2019-12-01
15092,30,1106,9,5,KGID115092,Siddharth,1983-05-17,M,AB+,0,2024-10-02
15093,30,1106,9,3,KGID115093,Faqid,1980-05-03,M,O-,0,1998-08-15
15094,30,1106,10,5,KGID115094,Sai,1974-12-04,M,O-,0,2003-11-19
15095,30,1106,9,6,KGID115095,Triveni,1985-10-30,F,AB+,0,2002-11-19
15096,30,1106,10,1,KGID115096,Eshana,1982-01-29,F,B+,0,1997-11-04
15097,30,1106,10,2,KGID115097,Samuel,1993-12-22,M,O-,0,2013-05-10
15098,30,1106,7,5,KGID115098,Neelima,2001-12-22,F,O+,0,2024-07-03
15099,30,1106,10,2,KGID115099,Anmol,1973-09-18,M,O-,0,2003-11-07
15100,30,1106,9,6,KGID115100,Rushil,1982-05-09,M,A-,0,2021-06-08
15101,30,1106,10,4,KGID115101,Utkarsh,1997-07-07,M,A-,0,2021-05-15
15102,30,1106,6,6,KGID115102,Banjeet,1981-06-09,M,AB+,0,2020-08-28
15103,30,1106,9,5,KGID115103,Harsh,1991-07-07,M,AB+,0,2013-06-09
15104,30,1107,7,2,KGID115104,Kai,1984-08-07,M,B-,0,2017-01-25
15105,30,1107,9,5,KGID115105,Abeer,1985-09-09,M,B-,0,2019-01-27
15106,30,1107,9,6,KGID115106,Hritik,1990-10-18,M,O-,0,2021-05-28
15107,30,1107,6,1,KGID115107,Ayushman,2000-02-10,M,B-,0,2013-06-11
15108,30,1107,7,5,KGID115108,Teerth,1975-08-15,M,B-,0,2006-08-17
15109,30,1107,9,3,KGID115109,Zayyan,1982-10-19,M,B+,0,1997-03-07
15110,30,1107,6,5,KGID115110,Zashil,1986-02-05,M,B+,0,2002-09-13
15111,30,1107,9,4,KGID115111,Pranit,1984-07-01,M,B-,0,1999-07-24
15112,30,1107,9,6,KGID115112,Vrinda,2000-01-26,F,O+,0,1999-06-24
15113,30,1107,10,6,KGID115113,Yasti,1987-03-26,F,A+,0,2006-10-18
15114,30,1107,7,6,KGID115114,Orinder,2002-12-09,M,A+,0,2001-11-22
15115,30,1107,10,2,KGID115115,Gagan,1989-08-29,M,A+,0,2017-08-14
15116,30,1107,6,2,KGID115116,Dominic,1999-10-12,M,AB+,0,2008-01-06
15117,30,1108,10,5,KGID115117,Ayaan,1982-01-15,M,A-,0,2015-03-28
15118,30,1108,9,3,KGID115118,Rajeshri,1993-10-13,F,A+,0,2010-10-02
15119,30,1108,10,2,KGID115119,Dev,1975-02-01,M,O+,0,2008-08-05
15120,30,1108,7,3,KGID115120,Azad,1990-02-14,M,O+,0,2005-03-20
15121,30,1108,10,4,KGID115121,Advay,1973-06-21,M,AB+,0,2006-03-12
15122,30,1108,10,1,KGID115122,Yagnesh,1984-05-26,M,A+,0,1999-08-23
15123,30,1108,10,3,KGID115123,Girik,1996-12-26,M,O+,0,2014-05-05
15124,30,1108,7,1,KGID115124,Qabil,2000-07-22,M,AB+,0,2007-10-12
15125,30,1108,9,5,KGID115125,Sai,1975-08-05,M,B+,0,2022-05-25
15126,30,1108,7,1,KGID115126,Chanakya,1996-11-12,M,AB+,0,1997-12-20
15127,30,1108,7,2,KGID115127,Jeet,2000-09-16,M,O+,0,2002-06-07
15128,30,1108,10,2,KGID115128,Amrita,1976-03-09,F,A-,0,2000-10-05
15129,30,1109,10,6,KGID115129,Yashica,1972-04-21,F,B+,0,2010-07-20
15130,30,1109,7,1,KGID115130,Alexander,1970-05-06,M,A+,0,1996-09-11
15131,30,1109,6,6,KGID115131,Ayush,1975-11-01,M,O-,0,2008-05-07
15132,30,1109,9,5,KGID115132,Upkaar,1994-07-09,M,O-,0,2022-03-05
15133,30,1109,7,6,KGID115133,Wazir,1983-05-10,M,O+,0,2013-08-08
15134,30,1109,9,4,KGID115134,Yuvraj,1993-12-19,M,B-,0,2003-09-10
15135,30,1109,9,1,KGID115135,Falan,2000-01-29,M,O-,0,2020-06-09
15136,30,1109,7,3,KGID115136,Lohit,1989-02-04,M,A-,0,2015-05-22
15137,30,1109,10,5,KGID115137,Arin,2002-11-08,M,B-,0,2015-12-12
15138,30,1109,10,1,KGID115138,Aadi,1992-11-16,M,A-,0,2011-02-26
15139,30,1109,10,2,KGID115139,Wahab,1996-03-06,M,O+,0,2012-10-30
15140,30,1109,10,4,KGID115140,Oni,1986-07-21,F,B+,0,2001-08-18
15141,30,1109,10,6,KGID115141,Michael,1971-09-21,M,O+,0,2020-02-14
15142,30,1109,9,6,KGID115142,Vedant,2002-08-25,M,B-,0,2012-11-01
15143,30,1109,6,6,KGID115143,Ekaraj,1975-03-30,M,A-,0,2009-05-27
15144,30,1109,10,4,KGID115144,Tanish,1971-10-19,M,B-,0,2005-05-06
15145,31,1110,10,6,KGID115145,Rehaan,1979-02-18,M,A-,0,2013-09-27
15146,31,1110,9,5,KGID115146,Yadavi,1995-10-13,F,B-,0,2011-05-15
15147,31,1110,9,6,KGID115147,Maanas,1989-09-27,M,O+,0,2021-07-15
15148,31,1110,10,5,KGID115148,Gavin,2001-04-12,M,A-,0,2002-11-27
15149,31,1110,10,3,KGID115149,Vaishnavi,1984-10-26,F,O+,0,2014-12-21
15150,31,1110,10,2,KGID115150,Rayaan,1991-06-28,M,AB+,0,2016-04-13
15151,31,1110,10,3,KGID115151,Hardik,1978-09-16,M,AB+,0,2024-08-01
15152,31,1110,9,3,KGID115152,Upadhriti,1988-07-15,F,O-,0,2013-03-09
15153,31,1110,10,3,KGID115153,Lopa,1997-02-11,F,B-,0,2021-11-25
15154,31,1110,10,2,KGID115154,Tripti,1985-11-28,F,A-,0,2009-08-11
15155,31,1110,10,2,KGID115155,Arin,1986-04-08,M,B+,0,2000-03-31
15156,31,1111,9,2,KGID115156,Om,1974-03-21,M,A-,0,2020-05-11
15157,31,1111,10,1,KGID115157,Tristan,2002-07-16,M,A+,0,1997-03-11
15158,31,1111,5,4,KGID115158,Anmol,1968-12-10,M,O-,0,2001-11-18
15159,31,1111,10,1,KGID115159,Jason,1997-04-26,M,B-,0,2002-11-30
15160,31,1111,10,3,KGID115160,Laksh,1974-12-22,M,AB+,0,2014-09-13
15161,31,1111,10,1,KGID115161,Nitara,2000-05-11,F,A+,0,2003-06-15
15162,31,1111,9,1,KGID115162,Patrick,1981-06-22,M,B+,0,2002-10-02
15163,31,1111,6,3,KGID115163,Nathaniel,2000-12-30,M,O+,0,2015-08-24
15164,31,1111,5,1,KGID115164,Jeremiah,1978-12-04,M,B+,0,2017-03-08
15165,31,1111,10,6,KGID115165,Hritik,1968-01-05,M,A-,0,2001-08-25
15166,31,1111,6,1,KGID115166,Farhan,1980-10-22,M,A-,0,2018-06-02
15167,31,1111,6,1,KGID115167,Yachana,1968-12-11,F,A-,0,2025-02-06
15168,31,1111,7,3,KGID115168,Karan,2000-02-27,M,AB+,0,2015-01-11
15169,31,1111,6,5,KGID115169,Lohit,1984-11-05,M,O+,0,2013-06-17
15170,31,1111,9,3,KGID115170,Turvi,1997-03-01,F,B-,0,2009-08-21
15171,31,1112,5,6,KGID115171,Wyatt,2003-01-09,M,A+,0,2022-04-28
15172,31,1112,10,6,KGID115172,Ekantika,2002-08-23,F,O-,0,2013-09-08
15173,31,1112,10,3,KGID115173,Hritik,1998-05-25,M,A-,0,2013-11-23
15174,31,1112,6,2,KGID115174,Radha,1998-02-01,F,A+,0,2001-12-30
15175,31,1112,10,6,KGID115175,Jai,1978-10-21,M,A-,0,2009-05-04
15176,31,1112,10,3,KGID115176,Ekapad,1988-11-08,M,AB+,0,2023-02-19
15177,31,1112,9,1,KGID115177,Widisha,1985-10-10,F,O-,0,2019-07-24
15178,31,1112,10,3,KGID115178,Praneel,1973-12-03,M,O-,0,2008-01-11
15179,31,1112,10,2,KGID115179,Nihal,1996-01-31,M,A-,0,2018-04-10
15180,31,1112,9,5,KGID115180,Shivansh,2002-02-05,M,A+,0,2013-05-08
15181,31,1112,10,6,KGID115181,Vincent,1999-11-10,M,B+,0,2015-01-07
15182,31,1112,6,4,KGID115182,Saksham,1967-09-17,M,B+,0,2016-11-06
15183,31,1112,10,2,KGID115183,Mahika,1983-02-09,F,AB+,0,2021-06-23
15184,31,1112,9,4,KGID115184,Falan,1979-01-14,M,A+,0,2011-03-28
15185,31,1112,10,1,KGID115185,Imaran,1995-01-02,M,B+,0,2020-08-07
15186,31,1112,10,5,KGID115186,Ishwar,1987-10-17,M,A+,0,2003-05-17
15187,31,1112,10,3,KGID115187,Karan,1973-01-27,M,B+,0,2004-08-12
15188,31,1112,10,3,KGID115188,Gaurika,1999-10-24,F,AB+,0,2014-11-25
15189,31,1112,10,2,KGID115189,Rayaan,1991-07-05,M,A+,0,1997-09-07
15190,31,1113,6,6,KGID115190,Hema,1980-12-01,F,O-,0,1999-07-23
15191,31,1113,7,1,KGID115191,Gopal,1984-11-01,M,O+,0,2013-05-16
15192,31,1113,10,4,KGID115192,Om,1979-12-19,M,A-,0,2021-01-01
15193,31,1113,10,1,KGID115193,Qadim,1994-02-07,M,O+,0,2016-06-30
15194,31,1113,5,1,KGID115194,Tarak,1984-02-25,M,A+,0,2013-10-23
15195,31,1113,10,3,KGID115195,Oliver,1976-10-22,M,A+,0,2022-01-06
15196,31,1113,10,2,KGID115196,Aayush,1994-06-11,M,B-,0,2004-12-24
15197,31,1113,10,6,KGID115197,Umang,2000-06-29,M,AB+,0,2008-12-30
15198,31,1113,10,1,KGID115198,Advay,1987-03-07,M,O+,0,2017-05-02
15199,31,1113,10,2,KGID115199,Reyansh,1969-05-23,M,O+,0,2003-02-08
15200,31,1113,10,5,KGID115200,Indali,1974-03-20,F,O+,0,2002-04-07
15201,31,1113,5,2,KGID115201,Viraj,1989-08-24,M,AB+,0,2020-06-14
15202,31,1113,10,5,KGID115202,Simon,1978-09-21,M,B+,0,2008-07-15
15203,31,1113,10,3,KGID115203,Indrajit,1993-09-09,M,B-,0,2021-04-16
15204,31,1113,6,3,KGID115204,Maanav,1998-05-14,M,B+,0,2001-02-08
15205,31,1113,10,5,KGID115205,Naveen,1982-10-23,M,O+,0,2025-03-01
15206,31,1113,10,1,KGID115206,Indrajit,1987-03-08,M,B+,0,2017-01-25
15207,31,1113,6,1,KGID115207,Ekaraj,1999-05-11,M,A-,0,2014-06-27
15208,31,1113,6,2,KGID115208,Amol,1971-09-23,M,B-,0,1998-02-21
15209,31,1114,6,4,KGID115209,Faqid,1971-08-24,M,A-,0,2009-08-24
15210,31,1114,9,5,KGID115210,Yash,1973-01-01,M,B+,0,2004-11-06
15211,31,1114,9,3,KGID115211,Qasim,1987-01-12,M,A-,0,2015-03-17
15212,31,1114,9,4,KGID115212,Dhruv,1993-01-22,M,O+,0,2016-07-22
15213,31,1114,10,4,KGID115213,Rachit,1971-07-23,M,O+,0,2002-01-13
15214,31,1114,10,4,KGID115214,George,1983-04-19,M,O-,0,2024-02-20
15215,31,1114,10,4,KGID115215,Manthan,1974-12-16,M,B-,0,2013-02-16
15216,31,1114,9,3,KGID115216,Bhavna,1985-05-16,F,AB+,0,2021-09-29
15217,31,1114,7,6,KGID115217,Abdul,1979-05-19,M,A-,0,1997-02-27
15218,31,1115,10,1,KGID115218,Owen,1968-06-10,M,B+,0,2025-04-03
15219,31,1115,9,1,KGID115219,Mahika,1994-11-12,F,B-,0,2025-03-03
15220,31,1115,7,4,KGID115220,Chakradhar,1997-10-11,M,AB+,0,2004-03-13
15221,31,1115,10,3,KGID115221,Qabil,2000-07-29,M,A+,0,1996-10-27
15222,31,1115,10,1,KGID115222,Baljiwan,1994-05-05,M,B+,0,2005-02-26
15223,31,1115,6,5,KGID115223,Vincent,1974-03-27,M,B+,0,2025-01-03
15224,31,1115,9,1,KGID115224,Leela,2001-03-20,F,A-,0,2024-12-20
15225,31,1115,9,4,KGID115225,Jason,1996-12-02,M,A+,0,2013-08-18
15226,31,1115,10,5,KGID115226,Azad,1992-01-15,M,AB+,0,2013-11-30
15227,31,1115,10,2,KGID115227,Orinder,1997-10-02,M,A+,0,2001-07-20
15228,31,1115,7,3,KGID115228,Chaitanya,1984-09-17,M,B+,1,2015-09-21
15229,31,1115,9,5,KGID115229,Zansi,1987-12-17,F,B+,0,2004-12-15
15230,31,1115,10,1,KGID115230,Bakhshi,1979-09-18,M,O+,0,2021-04-23
15231,31,1115,6,6,KGID115231,Chandran,1983-05-20,M,B+,0,2023-06-01
15232,31,1115,10,3,KGID115232,Harsh,1979-08-04,M,O-,0,2002-11-13
15233,31,1115,7,5,KGID115233,Anmol,1991-04-19,M,B+,0,2018-03-19
15234,31,1116,7,3,KGID115234,Anika,1984-04-07,F,A+,0,2001-08-20
15235,31,1116,10,4,KGID115235,Zayyan,2000-08-02,M,B-,0,2015-02-06
15236,31,1116,10,5,KGID115236,Garima,1976-04-28,F,AB+,0,1998-12-09
15237,31,1116,10,2,KGID115237,Nathaniel,1985-07-22,M,B+,0,2013-12-30
15238,31,1116,7,4,KGID115238,Kevin,2002-11-29,M,B-,0,2009-03-05
15239,31,1116,9,6,KGID115239,Advik,1977-12-12,M,B-,0,2000-06-02
15240,31,1116,9,6,KGID115240,Farhan,1987-12-17,M,AB+,0,2002-11-16
15241,31,1116,5,6,KGID115241,Hemang,1969-03-22,M,AB+,0,2014-12-01
15242,31,1116,10,4,KGID115242,Ronith,1990-12-04,M,O-,0,2011-08-16
15243,31,1116,6,3,KGID115243,Ikbal,1988-06-21,M,A+,0,2000-05-05
15244,31,1116,10,5,KGID115244,Omisha,1999-06-21,F,B-,0,2022-10-29
15245,31,1116,9,3,KGID115245,Falan,2002-06-08,M,B+,0,2000-01-27
15246,31,1116,10,6,KGID115246,Pranav,2000-04-18,M,B-,0,2012-08-18
15247,31,1116,10,3,KGID115247,Nakul,1983-06-24,M,B+,0,2019-09-26
15248,31,1117,5,6,KGID115248,Patrick,1998-02-25,M,AB+,0,2012-02-06
15249,31,1117,7,1,KGID115249,Rohan,2003-06-27,M,O-,0,2016-10-16
15250,31,1117,10,5,KGID115250,Rachit,1990-10-28,M,A+,0,2013-09-14
15251,31,1117,5,2,KGID115251,Anthony,1987-09-12,M,B-,0,2001-06-30
15252,31,1117,7,6,KGID115252,Zarna,1973-02-16,F,A-,0,2019-07-25
15253,31,1117,9,1,KGID115253,Alka,2002-12-08,F,A-,0,2009-07-13
15254,31,1117,10,4,KGID115254,Sudiksha,1988-08-31,F,O+,0,2024-06-07
15255,31,1117,7,3,KGID115255,Tanveer,1990-12-07,M,B-,0,2016-10-03
15256,31,1117,6,3,KGID115256,Yashoda,1971-06-21,F,A+,0,2019-06-20
15257,31,1117,10,4,KGID115257,Nakul,2000-12-21,M,O-,0,2019-10-20
15258,31,1117,6,1,KGID115258,Timothy,2002-03-25,M,AB+,0,2000-09-01
15259,31,1117,9,1,KGID115259,Zehaan,1984-05-16,M,B+,0,2004-01-10
15260,31,1117,7,1,KGID115260,Ranbir,1981-04-15,M,B-,0,2005-12-20
15261,31,1117,6,4,KGID115261,Laban,1967-07-25,M,B-,0,2021-06-13
15262,31,1117,10,6,KGID115262,Maanav,2000-09-27,M,O+,0,2018-05-23
15263,31,1117,9,4,KGID115263,Darpan,1968-03-18,M,B+,0,2019-07-13
15264,31,1118,10,1,KGID115264,Umang,1992-01-26,M,A+,0,2016-08-05
15265,31,1118,10,3,KGID115265,Amruta,2001-10-29,F,O-,0,2002-04-12
15266,31,1118,9,1,KGID115266,Oliver,1967-08-01,M,B+,0,2015-09-19
15267,31,1118,6,1,KGID115267,Ansh,1974-05-13,M,AB+,0,2015-02-14
15268,31,1118,9,1,KGID115268,Warinder,1971-06-27,M,O-,0,2023-11-28
15269,31,1118,10,2,KGID115269,Chanakya,1975-08-18,M,A-,0,2000-10-23
15270,31,1118,9,4,KGID115270,Sai,1990-08-17,M,B+,0,2000-11-26
15271,31,1118,7,4,KGID115271,Laban,1978-03-13,M,B+,0,2015-04-15
15272,31,1118,10,4,KGID115272,Onveer,1977-10-18,M,B+,0,2022-03-20
15273,31,1118,6,2,KGID115273,Jonathan,1980-10-19,M,A+,0,2018-03-31
15274,31,1118,7,3,KGID115274,Jeremiah,1974-07-05,M,B+,0,1999-06-12
15275,31,1119,9,2,KGID115275,Warinder,1979-07-17,M,O+,0,1998-08-21
15276,31,1119,10,5,KGID115276,Tanish,1977-01-18,M,O+,0,2015-04-13
15277,31,1119,10,2,KGID115277,Veer,1992-06-28,M,O+,0,2017-12-01
15278,31,1119,10,2,KGID115278,Aarush,1998-10-11,M,O-,0,1997-09-05
15279,31,1119,7,2,KGID115279,Kabir,1980-12-03,M,AB+,0,2005-08-06
15280,31,1119,10,5,KGID115280,Ekiya,1976-12-08,F,B+,0,2007-07-13
15281,31,1119,10,3,KGID115281,Omkaar,1992-03-24,M,O+,0,2008-02-07
15282,31,1119,6,5,KGID115282,Veda,1968-02-02,F,AB+,0,2021-08-28
15283,31,1119,9,4,KGID115283,Jai,1995-11-29,M,O-,0,2003-01-07
15284,31,1119,5,3,KGID115284,Frado,1979-03-14,M,B-,0,2023-05-29
15285,31,1119,9,1,KGID115285,Arin,1983-04-03,M,O-,0,1999-06-11
15286,31,1119,7,6,KGID115286,Ansh,1983-04-21,M,AB+,0,2010-03-21
15287,31,1119,10,5,KGID115287,Nakul,1979-08-12,M,A+,0,1996-10-06
15288,31,1119,6,2,KGID115288,Isaac,1984-12-11,M,AB+,0,2012-10-07
15289,31,1119,10,3,KGID115289,Finn,1967-08-06,M,AB+,0,2023-04-05
15290,31,1119,10,1,KGID115290,Victor,1984-01-04,M,AB+,0,2013-11-25
15291,31,1119,9,4,KGID115291,Yadavi,1985-11-29,F,O-,0,2019-12-27
15292,31,1119,7,3,KGID115292,Advik,2003-01-10,M,B+,0,2007-02-01
15293,31,1120,6,4,KGID115293,Chanakya,1982-10-14,M,O-,0,1998-04-04
15294,31,1120,10,6,KGID115294,Gagan,1976-11-11,M,B-,0,2013-05-27
15295,31,1120,10,5,KGID115295,Chaitanya,1992-08-02,M,AB+,0,2020-06-21
15296,31,1120,10,3,KGID115296,Mohini,1995-06-08,F,O+,1,2000-08-13
15297,31,1120,7,4,KGID115297,Sai,1987-12-09,M,O-,0,2011-12-29
15298,31,1120,10,3,KGID115298,Pooja,1976-09-18,F,A-,0,2018-06-03
15299,31,1120,10,6,KGID115299,Krisha,1988-07-05,F,A-,0,1999-10-13
15300,31,1120,7,5,KGID115300,Dayita,1983-01-27,F,B-,0,1997-02-07
15301,31,1120,7,4,KGID115301,William,1982-08-31,M,O+,0,2020-12-13
15302,31,1120,10,2,KGID115302,Anika,1986-09-07,F,AB+,0,1998-12-22
15303,31,1120,10,2,KGID115303,Tanish,1988-03-24,M,O+,0,1999-10-04
15304,31,1120,7,4,KGID115304,Laban,1979-10-20,M,AB+,0,2023-04-23
15305,31,1120,6,5,KGID115305,Wazir,1990-11-14,M,B+,0,2012-10-25
15306,31,1120,10,6,KGID115306,Hitesh,1972-05-31,M,AB+,0,2008-05-22
15307,31,1120,5,6,KGID115307,Vaishnavi,1973-01-31,F,AB+,0,1996-12-10
15308,31,1120,10,1,KGID115308,Viraj,1968-07-09,M,B+,0,2003-09-08
15309,31,1120,10,5,KGID115309,Amruta,1989-02-12,F,AB+,0,1998-10-31
15310,31,1120,10,1,KGID115310,Upma,1974-09-10,F,B+,0,2008-03-22
15311,31,1120,10,5,KGID115311,Adweta,1979-08-25,F,A+,0,1997-10-01
15312,31,1121,10,3,KGID115312,Wahab,1992-12-10,M,B+,0,1997-05-16
15313,31,1121,7,3,KGID115313,Wridesh,1985-02-11,M,AB+,0,2002-06-14
15314,31,1121,10,6,KGID115314,Hemang,1976-06-18,M,O+,0,2009-03-28
15315,31,1121,9,2,KGID115315,Aayush,1974-02-18,M,A-,0,2021-11-05
15316,31,1121,9,1,KGID115316,Agastya,1993-07-08,M,O-,0,2000-11-09
15317,31,1121,10,3,KGID115317,Eiravati,1989-09-05,F,A+,0,2023-10-30
15318,31,1121,7,4,KGID115318,Oliver,1973-12-08,M,A-,0,2007-06-23
15319,31,1121,9,4,KGID115319,Owen,1969-04-08,M,O-,1,2009-06-16
15320,31,1121,10,5,KGID115320,Isaac,1982-04-02,M,B+,0,1997-03-20
15321,31,1121,10,4,KGID115321,Naksh,1999-09-12,M,O-,0,2014-02-06
15322,31,1121,10,2,KGID115322,Abdul,1990-07-21,M,A+,0,2017-07-14
15323,31,1121,10,3,KGID115323,Gunbir,1981-04-11,M,B+,0,2012-01-25
15324,31,1121,10,3,KGID115324,Jagat,1984-05-23,M,A+,0,2023-12-02
15325,31,1121,10,5,KGID115325,Chatresh,1969-01-20,M,A-,0,2022-09-06
15326,31,1121,7,1,KGID115326,Avi,1985-10-29,M,A-,0,2019-09-18
15327,31,1122,10,3,KGID115327,Chatresh,1973-06-15,M,A+,0,2015-07-16
15328,31,1122,9,3,KGID115328,Urvi,1992-12-21,F,O+,0,2005-06-23
15329,31,1122,9,6,KGID115329,Qabil,1998-01-17,M,A+,0,1998-05-10
15330,31,1122,7,4,KGID115330,Tristan,1987-09-15,M,A+,0,2011-09-06
15331,31,1122,10,6,KGID115331,Advik,1986-01-01,M,A-,0,2023-08-10
15332,31,1122,10,3,KGID115332,David,1971-05-16,M,A+,0,2011-12-20
15333,31,1122,10,5,KGID115333,Inaya,1969-10-05,F,AB+,0,2025-05-27
15334,31,1122,9,1,KGID115334,Jackson,1971-11-22,M,A+,0,2017-08-19
15335,31,1122,6,6,KGID115335,Laban,1989-03-06,M,B+,0,2018-12-21
15336,31,1122,9,1,KGID115336,Jeremiah,1976-07-16,M,O-,0,2008-12-12
15337,31,1122,10,5,KGID115337,Frederick,1983-10-01,M,AB+,0,2003-06-07
15338,31,1122,7,3,KGID115338,Zehaan,2002-07-24,M,A+,0,2018-04-03
15339,31,1122,6,3,KGID115339,Xavier,1967-08-20,M,O-,0,2020-07-14
15340,31,1122,10,3,KGID115340,Falan,1976-12-07,M,AB+,0,2007-10-19
15341,31,1122,9,2,KGID115341,Chanakya,1988-12-19,M,B+,0,2007-09-10
15342,31,1122,7,2,KGID115342,Jack,2002-02-13,M,A-,0,2000-03-25
15343,31,1122,9,3,KGID115343,Kabir,1989-02-03,M,B+,0,2006-12-09
15344,31,1122,10,2,KGID115344,Praneel,1992-03-25,M,B-,0,1996-09-09
15345,31,1123,9,5,KGID115345,Rudra,1996-06-15,M,AB+,0,2009-06-13
15346,31,1123,9,2,KGID115346,Bahadurjit,1987-08-29,M,AB+,0,2013-11-24
15347,31,1123,9,3,KGID115347,Gabriel,1981-07-01,M,AB+,0,2024-06-18
15348,31,1123,9,6,KGID115348,Hitesh,1992-11-20,M,AB+,0,2010-09-04
15349,31,1123,9,5,KGID115349,Aarush,2001-05-16,M,O+,0,2000-04-27
15350,31,1123,10,5,KGID115350,Balhaar,1998-11-08,M,O+,0,1999-12-03
15351,31,1123,5,4,KGID115351,Vincent,1999-06-10,M,O+,0,2004-02-28
15352,31,1123,6,2,KGID115352,Tamanna,1981-02-19,F,B-,0,2009-03-02
15353,31,1123,9,4,KGID115353,Faras,1999-04-21,M,B-,0,2011-01-07
15354,31,1123,6,1,KGID115354,Dayamai,1991-10-21,F,A+,0,2018-12-25
15355,31,1123,9,5,KGID115355,Upma,1977-05-25,F,O+,0,2020-12-18
15356,31,1123,7,4,KGID115356,Jatin,1987-11-13,M,O+,0,2009-05-26
15357,31,1123,10,1,KGID115357,Yuvraj,1969-06-04,M,O+,0,2025-06-29
15358,31,1123,6,3,KGID115358,Zayyan,1973-12-11,M,B-,0,2025-07-15
15359,31,1123,10,5,KGID115359,Balvan,1977-01-20,M,B+,0,2003-04-19
15360,31,1123,10,4,KGID115360,Ayush,1982-05-05,M,B+,0,2024-03-17
15361,31,1123,9,4,KGID115361,Arjun,1978-04-07,M,AB+,0,2012-05-18
15362,31,1124,7,1,KGID115362,Rachit,1974-03-17,M,AB+,0,1998-05-25
15363,31,1124,6,1,KGID115363,Gauri,1972-04-10,F,O-,0,2004-03-06
15364,31,1124,9,4,KGID115364,Azad,1983-08-21,M,A+,0,2006-01-27
15365,31,1124,9,1,KGID115365,Yashasvi,2001-07-11,F,A-,0,2022-01-15
15366,31,1124,7,4,KGID115366,Pahal,1970-01-19,F,B-,0,2004-11-20
15367,31,1124,10,2,KGID115367,Avi,1988-04-07,M,B-,0,2024-01-10
15368,31,1124,6,4,KGID115368,Parth,1992-07-19,M,B-,0,2010-12-29
15369,31,1124,5,1,KGID115369,Krish,1993-12-10,M,A+,0,2005-10-15
15370,31,1125,10,1,KGID115370,Yuvraj,1975-10-25,M,O-,0,2013-09-06
15371,31,1125,10,4,KGID115371,Yashodhara,1970-08-16,F,B+,0,2003-11-15
15372,31,1125,5,4,KGID115372,Christopher,1971-04-17,M,O+,0,2022-06-11
15373,31,1125,9,2,KGID115373,Gaurav,1990-04-21,M,A-,0,2002-06-04
15374,31,1125,10,3,KGID115374,Chandran,1982-12-08,M,O-,0,2004-06-30
15375,31,1125,9,2,KGID115375,Jacob,1973-10-25,M,O+,0,2004-10-03
15376,31,1125,10,2,KGID115376,Dev,1999-12-26,M,AB+,0,2002-10-06
15377,31,1125,10,2,KGID115377,Advika,1977-02-01,F,A-,0,2006-08-08
15378,31,1125,7,4,KGID115378,Leena,1987-01-29,F,O-,0,2024-12-21
15379,31,1125,6,3,KGID115379,Saksham,1976-04-18,M,B+,0,2015-02-27
15380,31,1125,10,6,KGID115380,Yagnesh,1987-10-28,M,A-,0,2012-12-27
15381,31,1125,6,1,KGID115381,Azaan,1974-01-18,M,A+,0,2002-10-14
15382,31,1125,9,6,KGID115382,Udarsh,1975-06-08,M,O-,0,2004-10-23
15383,31,1125,6,1,KGID115383,Udant,1979-02-12,M,A-,0,2007-10-20
15384,31,1125,7,2,KGID115384,Mugdha,1993-01-29,F,A+,0,2014-09-15
15385,31,1125,10,2,KGID115385,Balvan,1990-03-21,M,AB+,0,2009-10-17
15386,31,1125,10,5,KGID115386,Advay,1978-03-20,M,A+,0,2001-11-25
15387,31,1125,5,3,KGID115387,Orinder,1972-10-28,M,B-,0,2014-01-16
15388,31,1125,10,1,KGID115388,Zayyan,1973-05-11,M,B-,0,2012-03-30
15389,31,1126,7,6,KGID115389,Anmol,1982-04-27,M,O+,0,2005-10-18
15390,31,1126,10,4,KGID115390,Qabil,1992-06-01,M,AB+,0,1997-09-11
15391,31,1126,10,6,KGID115391,Sathvik,1989-04-05,M,O-,0,2023-07-30
15392,31,1126,7,1,KGID115392,Vyanjana,1976-05-25,F,A-,0,2006-05-07
15393,31,1126,10,4,KGID115393,Rachit,1978-06-21,M,O+,0,2010-02-27
15394,31,1126,10,1,KGID115394,Ethan,1995-12-19,M,O+,0,2010-02-22
15395,31,1126,9,3,KGID115395,Advik,2001-10-10,M,A-,0,2021-01-27
15396,31,1126,10,2,KGID115396,Aarini,1999-12-04,F,O-,0,2006-09-09
15397,31,1126,6,1,KGID115397,Hitesh,1998-06-30,M,A+,0,2010-01-31
15398,31,1126,9,6,KGID115398,Tanay,1992-08-11,M,O-,0,2011-03-30
15399,31,1126,10,3,KGID115399,Chaitanya,1971-04-13,M,A-,0,2023-03-24
15400,31,1126,6,6,KGID115400,Champak,1980-08-15,M,A+,0,2024-09-13
15401,31,1126,6,5,KGID115401,Saksham,1982-01-09,M,A-,0,2016-05-29
15402,31,1127,9,1,KGID115402,Ishaan,1973-12-27,M,AB+,0,2012-03-14
15403,31,1127,10,1,KGID115403,Atharv,1983-12-07,M,B+,0,2008-08-29
15404,31,1127,6,4,KGID115404,Urvi,1997-02-18,F,B+,1,2013-10-26
15405,31,1127,10,1,KGID115405,Quincy,1972-04-06,M,AB+,0,2021-05-04
15406,31,1127,10,2,KGID115406,Bimala,1989-05-03,F,AB+,0,2007-06-29
15407,31,1127,5,2,KGID115407,Yuvraj,1994-11-24,M,A-,0,2006-08-08
15408,31,1127,7,6,KGID115408,Thomas,1996-03-04,M,A+,1,2002-04-25
15409,31,1127,7,6,KGID115409,Samaksh,1970-06-12,M,B+,0,2001-03-01
15410,31,1127,10,5,KGID115410,Yochana,1974-06-19,F,A-,0,2006-01-03
15411,31,1127,10,5,KGID115411,Fiyaz,1971-12-16,M,A-,0,2017-02-22
15412,31,1127,7,6,KGID115412,Omisha,1971-03-07,F,AB+,0,2001-10-13
15413,31,1128,10,6,KGID115413,Brijesh,1980-10-31,M,O+,0,1998-09-16
15414,31,1128,10,4,KGID115414,Yuvraj,2002-03-04,M,AB+,0,2000-02-04
15415,31,1128,10,3,KGID115415,Xiti,1986-03-24,F,O-,0,2017-04-25
15416,31,1128,10,4,KGID115416,Agastya,1997-02-16,M,O+,0,1998-01-20
15417,31,1128,6,6,KGID115417,Ayushman,1994-03-08,M,B-,0,2003-11-03
15418,31,1128,10,1,KGID115418,Samaksh,1986-10-15,M,O-,0,2009-06-14
15419,31,1128,6,3,KGID115419,Brijesh,1983-12-11,M,B-,0,2009-01-24
15420,31,1128,10,6,KGID115420,Gaurav,1980-03-29,M,O+,0,2025-01-25
15421,31,1128,10,5,KGID115421,Gauri,1994-05-02,F,B-,0,2012-09-14
15422,31,1128,9,5,KGID115422,Thomas,1986-11-05,M,B-,0,1999-05-03
15423,31,1128,6,2,KGID115423,Om,1970-08-25,M,AB+,0,2015-03-15
15424,31,1128,10,2,KGID115424,Chasmum,1979-08-27,F,O-,0,2024-11-19
15425,31,1128,6,6,KGID115425,Daksh,1993-12-15,M,O-,0,2019-09-03
15426,31,1128,10,4,KGID115426,Jagrati,1972-12-03,F,B-,0,1998-06-27
15427,31,1128,10,3,KGID115427,Ekbal,1984-02-20,M,O-,0,2010-03-30
15428,31,1128,7,5,KGID115428,Gaurang,1980-09-06,M,A-,0,2017-12-12
15429,31,1128,7,5,KGID115429,Riya,1968-12-06,F,AB+,0,2024-11-17
15430,31,1128,10,5,KGID115430,Ekansh,1990-12-29,M,A-,0,2020-02-25
15431,31,1128,10,2,KGID115431,Dalbir,1994-02-12,M,B-,0,1999-10-17
15432,31,1128,7,2,KGID115432,Zashil,2001-08-19,M,B-,0,2007-05-13
15433,31,1129,6,6,KGID115433,Tanveer,1992-05-04,M,A-,0,2016-02-11
15434,31,1129,6,5,KGID115434,Jagat,1984-08-12,M,O+,0,2016-10-11
15435,31,1129,9,4,KGID115435,Ati,1969-06-01,F,O-,0,2011-11-11
15436,31,1129,10,5,KGID115436,Qadim,1989-11-07,M,B+,0,2003-09-14
15437,31,1129,7,5,KGID115437,Ronith,1980-03-22,M,B+,0,2001-11-25
15438,31,1129,10,6,KGID115438,Chatura,1996-03-12,M,O-,0,2011-03-05
15439,31,1129,10,2,KGID115439,Praneel,1969-03-08,M,A+,0,2005-05-25
15440,31,1129,5,6,KGID115440,Laksh,1976-10-11,M,O-,0,2006-08-24
15441,31,1129,10,4,KGID115441,Aditya,1996-08-04,M,A-,0,2011-02-26
15442,31,1129,9,2,KGID115442,Michael,1968-10-15,M,O+,0,2002-05-25
15443,31,1129,7,5,KGID115443,Anay,1981-03-30,M,A-,0,2003-04-27
15444,31,1129,9,3,KGID115444,Harinakshi,1973-01-25,F,B-,0,2005-01-09
15445,31,1129,10,2,KGID115445,Ekalinga,1972-11-28,M,A+,0,2019-07-13
15446,31,1129,9,5,KGID115446,Neelima,1973-10-06,F,A-,0,1998-10-18
15447,31,1129,7,6,KGID115447,Kala,1981-04-30,F,B-,0,2019-11-28
15448,31,1129,10,4,KGID115448,Udant,1994-09-05,M,AB+,0,2018-03-18
15449,31,1130,6,2,KGID115449,Gaurav,1973-02-28,M,B+,0,2025-05-14
15450,31,1130,6,5,KGID115450,Gautami,1968-04-11,F,O-,0,1996-08-22
15451,31,1130,10,1,KGID115451,Dev,1986-07-13,M,A+,0,2015-08-02
15452,31,1130,5,3,KGID115452,Jeremiah,1973-08-12,M,A-,0,2019-02-14
15453,31,1130,9,1,KGID115453,Anvi,1999-06-13,F,B-,0,2008-10-20
15454,31,1130,7,3,KGID115454,Reyansh,2001-04-27,M,A-,0,2000-08-07
15455,31,1130,10,6,KGID115455,Ansh,2003-02-14,M,A+,0,2022-01-13
15456,31,1130,5,3,KGID115456,Noah,1976-02-10,M,O+,0,2007-07-26
15457,31,1130,9,5,KGID115457,Guneet,1985-02-23,M,O-,0,2004-10-20
15458,31,1130,10,1,KGID115458,Dhriti,1980-05-13,F,O-,0,1998-12-03
15459,31,1130,10,4,KGID115459,Wyatt,1993-11-15,M,O-,0,2006-03-14
15460,31,1130,10,3,KGID115460,Aradhana,1982-11-05,F,AB+,0,1998-04-26
15461,31,1130,10,4,KGID115461,Farhan,1992-12-09,M,B+,0,2015-08-08
15462,31,1130,10,6,KGID115462,Karan,1983-09-13,M,O+,0,2009-01-20
15463,31,1130,10,6,KGID115463,Yoshita,1978-03-01,F,A+,0,2005-06-01
15464,31,1131,5,1,KGID115464,Udant,1994-12-26,M,O+,0,2001-02-22
15465,31,1131,5,3,KGID115465,Yadavi,1995-02-16,F,O+,0,1999-03-20
15466,31,1131,10,2,KGID115466,Shivansh,2000-08-17,M,AB+,0,2022-01-28
15467,31,1131,10,2,KGID115467,William,1980-11-29,M,A-,0,2007-11-10
15468,31,1131,6,4,KGID115468,Yug,1985-10-17,M,O-,0,2008-07-04
15469,31,1131,9,2,KGID115469,Yahvi,1986-03-09,F,B-,0,2008-07-14
15470,31,1131,7,3,KGID115470,Warinder,1974-04-23,M,O-,0,2022-03-28
15471,31,1131,7,3,KGID115471,Nicholas,1990-04-11,M,A-,0,2006-08-22
15472,31,1131,10,4,KGID115472,Kritika,1984-03-14,F,O+,0,2017-04-11
15473,31,1131,10,3,KGID115473,Maanav,1988-05-25,M,O-,0,2014-12-12
15474,31,1131,10,5,KGID115474,Rachit,1997-09-07,M,A+,0,1997-08-28
15475,31,1131,9,4,KGID115475,Veer,1999-07-10,M,B-,0,2004-02-26
15476,31,1131,9,5,KGID115476,Vedant,1997-04-27,M,B-,0,2019-10-01
15477,31,1131,9,2,KGID115477,Ekaraj,1984-07-18,M,O+,0,2003-02-21
15478,31,1132,10,2,KGID115478,Owen,1982-10-24,M,O+,0,2025-05-12
15479,31,1132,10,6,KGID115479,Imaran,2002-02-16,M,A+,0,2015-11-30
15480,31,1132,10,2,KGID115480,Gaurang,1999-08-19,M,AB+,0,2021-10-16
15481,31,1132,10,2,KGID115481,Brijesh,1980-02-23,M,B-,0,2020-07-27
15482,31,1132,10,3,KGID115482,Wridesh,1992-12-17,M,O-,0,2017-01-13
15483,31,1132,10,6,KGID115483,Tristan,1969-01-04,M,B+,0,2016-09-05
15484,31,1132,10,6,KGID115484,Girish,1999-06-09,M,AB+,0,2013-11-24
15485,31,1132,9,4,KGID115485,Sai,1986-02-17,M,O+,0,2023-11-19
15486,31,1132,9,2,KGID115486,Alexander,1968-03-19,M,B-,0,2001-04-24
15487,31,1132,7,2,KGID115487,Max,1992-09-22,M,A-,0,2007-08-12
15488,31,1132,5,1,KGID115488,Omisha,1982-01-19,F,O+,0,2002-12-12
15489,31,1132,10,6,KGID115489,Lucky,1971-02-04,M,B-,0,2015-09-19
15490,31,1132,9,1,KGID115490,Nathan,1989-06-25,M,A-,0,2005-02-16
15491,31,1132,10,3,KGID115491,Ethan,1985-05-14,M,B-,0,2007-09-21
15492,31,1132,10,5,KGID115492,Yug,1985-06-07,M,O-,0,2024-12-24
15493,31,1133,9,1,KGID115493,Jeremiah,1996-09-21,M,O-,0,2015-10-04
15494,31,1133,10,1,KGID115494,Gauri,1994-09-08,F,O+,0,1998-10-06
15495,31,1133,10,5,KGID115495,Advay,1991-04-22,M,B+,0,2015-06-22
15496,31,1133,9,5,KGID115496,Harsh,1998-08-27,M,B-,0,2013-05-26
15497,31,1133,10,4,KGID115497,Raghav,1975-06-17,M,B+,0,2018-11-28
15498,31,1133,10,6,KGID115498,Maanas,1995-07-06,M,B+,0,2022-11-27
15499,31,1133,6,5,KGID115499,Hritik,1989-12-24,M,A+,0,2007-06-09
15500,31,1133,9,2,KGID115500,Radha,1980-11-01,F,B-,0,2018-01-12
15501,31,1133,9,2,KGID115501,Anay,1997-02-11,M,AB+,0,2020-08-25
15502,31,1133,10,1,KGID115502,Samuel,1968-07-04,M,O+,0,2022-11-23
15503,31,1133,9,1,KGID115503,Krishna,1996-12-26,M,B-,0,2015-09-11
15504,31,1133,6,5,KGID115504,Anvi,1971-08-09,F,A-,0,2010-11-30
15505,31,1134,10,2,KGID115505,Avni,1994-06-11,F,O-,0,2018-03-21
15506,31,1134,10,3,KGID115506,Bachittar,1993-05-05,M,B-,0,2007-10-22
15507,31,1134,6,3,KGID115507,Michael,1998-03-03,M,A+,0,2014-08-25
15508,31,1134,10,5,KGID115508,Dev,2000-03-02,M,O-,0,2013-05-24
15509,31,1134,7,6,KGID115509,William,1976-11-03,M,O-,0,2012-08-30
15510,31,1134,7,4,KGID115510,Warjas,1995-11-29,M,B+,0,2009-05-04
15511,31,1134,10,5,KGID115511,Jacob,1973-04-15,M,AB+,0,2003-07-10
15512,31,1134,5,1,KGID115512,Onveer,1973-09-03,M,AB+,0,2000-04-24
15513,31,1134,9,5,KGID115513,Ranbir,1996-09-02,M,B-,0,2018-05-01
15514,31,1134,6,4,KGID115514,Pratyush,1994-04-10,M,O-,0,2016-02-06
15515,31,1134,10,2,KGID115515,Nimrat,1988-06-14,F,O-,0,2020-12-21
