person_master_id,AccusedMasterID,CaseMasterID,recorded_name,true_name
1778,2,2,Laban Bera,Laban Bera
1058,9,5,Yatin Dalal,Yatin Dalal
1508,10,5,Qadim Dalal,Qadim Dalal
887,12,6,N. Bhasin,Neel Bhasin
938,15,8,H Sehgal,Harish Sehgal
1446,17,10,A. Pall,Anay Pall
1077,19,12,Tripti Mane,Tripti Mane
754,20,13,M Rao,Matthew Rao
1352,22,13,Gopal Hans,Gopal Hans
931,25,16,Charles Ganesh,Charles Ganesh
616,28,17,G. Dhingra,Girindra Dhingra
425,29,17,Samuel Mani,Samuel Mani
1077,30,18,T. Mane,Tripti Mane
1270,40,22,Jayraj Chada,Jairaj Chada
1713,42,23,L Bora,Laksh Bora
1279,43,24,O Sachdev,Odika Sachdev
692,44,25,Lucky Kanda,Lucky Kanda
887,46,25,Nil Bhasin,Neel Bhasin
134,48,27,T Saxena,Tristan Saxena
457,61,32,Dakshesh Bava,Dakshesh Bava
931,62,33,Charles Ganes,Charles Ganesh
134,64,34,T. Saxena,Tristan Saxena
385,66,35,C De,Christopher De
54,69,38,Chandran More,Chandran More
463,73,40,D. Gola,Dalbir Gola
887,80,44,Nil Bhasin,Neel Bhasin
1778,83,46,L Bera,Laban Bera
497,86,48,Qasim Pall,Qasim Pall
1667,90,49,F. Trivedi,Faqid Trivedi
186,93,52,Rohan ummen,Rohan Oommen
1270,94,53,J Chada,Jairaj Chada
134,98,54,T. Saxena,Tristan Saxena
758,106,60,Bahadurjit Merchant,Bahadurjit Merchant
1715,107,61,Krisna Badal,Krishna Badal
1490,109,62,S. Joshi,Sai Joshi
155,121,69,Janya Kapur,Janya Kapur
887,122,69,N. Bhasin,Neel Bhasin
187,124,70,Arjun Jha,Arjun Jha
952,126,72,Fitan Dip,Fitan Deep
815,130,75,S Pillai,Shaurya Pillai
1279,136,80,Odika Sachdew,Odika Sachdev
734,138,81,Kabir Sane,Kabir Sane
152,139,81,Wazir Dugal,Wazir Dugal
1352,141,83,G. Hans,Gopal Hans
554,144,84,Madhav Krishnamurthy,Madhav Krishnamurthy
770,147,85,Guneet Suresh,Guneet Suresh
692,150,86,Lucky Kanda,Lucky Kanda
1715,151,86,Krishna Badal,Krishna Badal
385,155,89,Christopher De,Christopher De
1436,159,91,U Oza,Ubika Oza
988,160,92,Yahwi Talwar,Yahvi Talwar
1715,167,95,K. Badal,Krishna Badal
66,172,100,Nites Dar,Nitesh Dar
991,173,100,Y. Lalla,Yuvraj Lalla
222,174,100,R Mishra,Ranbir Mishra
993,176,101,R Tiwari,Reyansh Tiwari
230,177,102,Vamakshi Majumdar,Vamakshi Majumdar
177,178,103,G Buch,Guneet Buch
1154,183,106,D Kala,Dhriti Kala
452,192,111,Jackson Sampat,Jackson Sampath
155,193,111,Janya Kapur,Janya Kapur
328,194,111,A Acharya,Azaan Acharya
1436,197,113,U Oza,Ubika Oza
692,202,116,L Kanda,Lucky Kanda
1733,209,120,C Sangha,Chaitanya Sangha
1671,210,121,F Sathe,Faraj Sathe
1667,212,123,F. Trivedi,Faqid Trivedi
863,213,124,Nitesh Seth,Nitesh Seth
47,217,127,M. Varkey,Michael Varkey
457,218,128,Dakshesh Bava,Dakshesh Bava
783,220,128,Gaurangi Nagy,Gaurangi Nagy
66,221,128,N Dar,Nitesh Dar
187,224,130,Arjun Jha,Arjun Jha
1332,226,131,Om Venkataraman,Om Venkataraman
555,231,132,B Muni,Bhanumati Muni
1416,234,134,M. Dube,Maya Dube
938,235,135,Harish Sehgal,Harish Sehgal
783,241,138,Gaurangi Nagy,Gaurangi Nagy
754,244,140,M. Rao,Matthew Rao
991,246,140,Yuwraj Lalla,Yuvraj Lalla
986,248,142,C. Parekh,Chandran Parekh
607,250,143,Gauri kare,Gauri Khare
1393,254,145,Girish Solanki,Girish Solanki
1671,255,145,Faraj Sathe,Faraj Sathe
372,258,147,A. Ghose,Ayush Ghose
443,271,154,Ekaraj Peri,Ekaraj Peri
1671,273,155,F Sathe,Faraj Sathe
1457,274,156,R Mander,Rehaan Mander
887,276,156,Neel Bhasin,Neel Bhasin
1742,279,158,Tanay Vora,Tanay Vora
815,280,159,Shaurya Pillai,Shaurya Pillai
607,282,160,Gauri Khare,Gauri Khare
224,289,164,Azad Mallick,Azad Mallick
1436,291,166,U Oza,Ubika Oza
1332,295,168,O Venkataraman,Om Venkataraman
186,298,168,R. Oommen,Rohan Oommen
1293,307,172,Raghav Shenoy,Raghav Shenoy
385,310,173,Christopher De,Christopher De
1332,313,175,Om wenkataraman,Om Venkataraman
1348,318,178,T Sha,Tarak Sha
1638,319,178,V. Purohit,Vihaan Purohit
187,322,179,Arjun Jha,Arjun Jha
1713,324,179,L Bora,Laksh Bora
1416,325,180,Maya Dube,Maya Dube
1715,326,181,Krisna Badal,Krishna Badal
1279,335,187,O. Sachdev,Odika Sachdev
1101,339,191,N. Sekhon,Neel Sekhon
1030,347,194,Irya Taneja,Irya Taneja
1480,348,195,Fitan Raval,Fitan Raval
986,351,197,Chandran Parek,Chandran Parekh
1136,367,208,K Gupta,Karan Gupta
1393,368,208,Girish Solanki,Girish Solanki
47,373,211,Michael warkey,Michael Varkey
299,375,212,Rushil Dasgupta,Rushil Dasgupta
607,376,212,Gauri Khare,Gauri Khare
607,380,215,Gauri kare,Gauri Khare
1794,382,215,S. Parmer,Shaurya Parmer
150,390,222,Zayan Ratti,Zayan Ratti
224,392,223,Azad Mallick,Azad Mallick
711,393,223,G. Sankaran,Gagan Sankaran
1713,396,226,L. Bora,Laksh Bora
1270,398,228,Jairaj Chada,Jairaj Chada
552,399,228,B. Sami,Bhavika Sami
225,407,233,Ekapad Bir,Ekapad Bir
766,408,234,K. Hayre,Kalpit Hayre
991,409,235,Yuvraj Lalla,Yuvraj Lalla
1480,410,236,Fitan Rawal,Fitan Raval
299,412,236,Rushil Dasgupta,Rushil Dasgupta
815,416,237,Shaurya Pillai,Shaurya Pillai
1586,417,238,Yashvi Varkey,Yashvi Varkey
224,420,241,Azad Mallick,Azad Mallick
94,425,242,M Sandhu,Mitesh Sandhu
607,427,244,Gauri Khare,Gauri Khare
1548,429,245,Rayaan Kohli,Rayaan Kohli
474,431,246,A. Chowdhury,Agastya Chowdhury
1508,433,248,Q. Dalal,Qadim Dalal
1671,435,248,Faraj Sathe,Faraj Sathe
1457,436,249,Rehaan Mander,Rehaan Mander
1352,437,249,Gopal Hans,Gopal Hans
497,440,251,Qasim Pall,Qasim Pall
938,447,255,Harish Sehgal,Harish Sehgal
372,448,255,Ayus Ghose,Ayush Ghose
1557,450,256,Anirudh Shukla,Anirudh Shukla
815,451,257,S Pillai,Shaurya Pillai
385,453,258,C De,Christopher De
1610,455,259,Faras Varty,Faras Varty
1586,456,260,Y Varkey,Yashvi Varkey
765,459,262,B Mane,Balveer Mane
766,463,264,Kalpit Hayre,Kalpit Hayre
1484,467,267,Faris Balakrishnan,Faris Balakrishnan
1077,469,267,T Mane,Tripti Mane
770,473,271,Guneet Suresh,Guneet Suresh
734,479,273,K Sane,Kabir Sane
385,482,275,Christopher De,Christopher De
1733,490,279,C. Sangha,Chaitanya Sangha
230,491,279,Vamakshi Majumdar,Vamakshi Majumdar
1701,493,280,Dakshesh Bhatt,Dakshesh Bhatt
224,513,289,A. Mallick,Azad Mallick
1713,514,289,Laks Bora,Laksh Bora
754,516,290,Matthew Rao,Matthew Rao
54,524,296,Chandran More,Chandran More
1742,525,296,T. Vora,Tanay Vora
177,526,296,G Buch,Guneet Buch
951,527,296,S. Issac,Samuel Issac
1270,530,298,J Chada,Jairaj Chada
1446,531,298,A. Pall,Anay Pall
770,533,299,Guneet Suresh,Guneet Suresh
1794,535,300,Shaurya Parmer,Shaurya Parmer
1715,536,300,K Badal,Krishna Badal
1332,537,301,O. Venkataraman,Om Venkataraman
1644,543,305,Wyatt Kumer,Wyatt Kumer
1270,546,308,J. Chada,Jairaj Chada
1655,549,309,V. Pau,Veda Pau
376,551,310,wyanjana Kapur,Vyanjana Kapur
1234,552,311,V. Parsa,Vivaan Parsa
1508,555,312,Qadim Dalal,Qadim Dalal
47,560,315,Michael Varkey,Michael Varkey
508,561,316,W Mitra,William Mitra
1240,562,317,Ishaan Rastogi,Ishaan Rastogi
815,567,320,S. Pillai,Shaurya Pillai
443,568,320,Ekaraj Peri,Ekaraj Peri
815,571,321,saurya Pillay,Shaurya Pillai
230,574,322,wamakshi Majumdar,Vamakshi Majumdar
1508,575,323,Q. Dalal,Qadim Dalal
1076,576,324,A Puri,Ansh Puri
607,579,325,G. Khare,Gauri Khare
1257,588,331,Upkaar Choksi,Upkaar Chokshi
991,590,332,Yuvraj Lalla,Yuvraj Lalla
443,592,332,Ekaraj Peri,Ekaraj Peri
770,593,333,Gunit Sures,Guneet Suresh
186,600,338,R Oommen,Rohan Oommen
938,601,339,H. Sehgal,Harish Sehgal
1332,607,345,Om wenkataraman,Om Venkataraman
1486,617,353,A Chhabra,Aarnav Chhabra
1480,618,353,Fitan Raval,Fitan Raval
1393,619,353,G Solanki,Girish Solanki
1480,622,355,Fitan Raval,Fitan Raval
887,625,356,N Bhasin,Neel Bhasin
1715,627,357,K. Badal,Krishna Badal
474,629,358,Agastya Chowdhury,Agastya Chowdhury
1446,630,358,A. Pall,Anay Pall
444,634,360,Jackson Krishna,Jackson Krishna
1148,636,362,A. Dugar,Ansh Dugar
511,637,362,Ayushman Sule,Ayushman Sule
1421,639,363,S Modi,Siddharth Modi
521,641,364,Gaurangi Varughese,Gaurangi Varughese
385,642,365,C De,Christopher De
783,645,365,G Nagy,Gaurangi Nagy
1257,646,366,Upkaar Choksi,Upkaar Chokshi
1436,647,366,Ubika Oza,Ubika Oza
770,650,368,Guneet Suresh,Guneet Suresh
887,654,370,N. Bhasin,Neel Bhasin
734,656,372,K. Sane,Kabir Sane
150,657,373,Zayan Ratti,Zayan Ratti
1436,658,373,U. Oza,Ubika Oza
1393,659,373,G Solanki,Girish Solanki
1548,661,375,R Kohli,Rayaan Kohli
78,668,379,Isaac Dhaliwal,Isaac Dhaliwal
607,673,382,Gauri Khare,Gauri Khare
1352,675,383,Gopal Hans,Gopal Hans
54,677,384,C More,Chandran More
152,682,386,W Dugal,Wazir Dugal
372,683,387,Ayush Ghose,Ayush Ghose
988,686,388,Yahvi Talwar,Yahvi Talwar
1474,687,388,Fiyaz Natarajan,Fiyaz Natarajan
463,691,390,D. Gola,Dalbir Gola
1281,695,392,Imaran Sanghvi,Imaran Sanghvi
474,698,392,A Chowdhury,Agastya Chowdhury
1497,699,393,Jackson Sarna,Jackson Sarna
47,700,393,M. Varkey,Michael Varkey
376,701,394,Vyanjana Kapur,Vyanjana Kapur
1490,703,395,S. Joshi,Sai Joshi
1490,704,395,Say Josi,Sai Joshi
797,707,398,A Bal,Aditya Bal
1446,716,404,Anay Pall,Anay Pall
734,718,405,K Sane,Kabir Sane
1778,719,405,Laban Bera,Laban Bera
1270,723,408,Jairaj Chada,Jairaj Chada
1077,725,409,Tripti Mane,Tripti Mane
1096,731,411,M. Singh,Manthan Singh
74,732,411,J. Sinha,Jackson Sinha
1393,734,412,Giris Solanki,Girish Solanki
1279,735,412,O. Sachdev,Odika Sachdev
734,736,412,Kabir Sane,Kabir Sane
988,737,413,Y Talwar,Yahvi Talwar
1508,738,414,Qadim Dalal,Qadim Dalal
926,742,416,Isaac Shan,Isaac Shan
1279,743,417,Odika Sachdew,Odika Sachdev
988,746,419,Yahwi Talwar,Yahvi Talwar
1416,747,420,Maya Dube,Maya Dube
1794,750,422,Shaurya Parmer,Shaurya Parmer
1030,751,423,I Taneja,Irya Taneja
463,753,424,D Gola,Dalbir Gola
1332,756,427,Om wenkataraman,Om Venkataraman
299,757,428,R. Dasgupta,Rushil Dasgupta
1270,758,429,J Chada,Jairaj Chada
1480,763,434,Fitan Raval,Fitan Raval
758,765,436,Bahadurjit Merchant,Bahadurjit Merchant
766,772,441,Kalpit Hayre,Kalpit Hayre
1332,774,443,Om Venkataraman,Om Venkataraman
1352,783,450,Gopal Hans,Gopal Hans
1586,786,452,Yashvi Varkey,Yashvi Varkey
1713,787,452,L. Bora,Laksh Bora
224,788,452,Azad Mallick,Azad Mallick
299,794,456,Rusil Dasgupta,Rushil Dasgupta
887,799,460,Nil Bhasin,Neel Bhasin
1671,803,462,Faraj Sathe,Faraj Sathe
770,805,463,Guneet Suresh,Guneet Suresh
1553,808,464,Umang Venkataraman,Umang Venkataraman
186,809,465,Rohan Oommen,Rohan Oommen
66,813,467,N Dar,Nitesh Dar
1483,823,472,Advay Lall,Advay Lall
187,825,474,A Jha,Arjun Jha
142,826,474,C Purohit,Chanakya Purohit
607,827,475,Gauri kare,Gauri Khare
474,828,475,Agastya Chowdhury,Agastya Chowdhury
1480,831,477,Fitan Rawal,Fitan Raval
991,833,479,Y Lalla,Yuvraj Lalla
692,834,479,L. Kanda,Lucky Kanda
474,841,483,Agastya Chowdhury,Agastya Chowdhury
1143,842,483,R Lala,Rayaan Lala
150,843,484,Zayan Ratti,Zayan Ratti
1332,846,485,Om Venkataraman,Om Venkataraman
815,847,485,saurya Pillay,Shaurya Pillai
1497,848,485,Jackson Sarna,Jackson Sarna
1742,850,486,T. Vora,Tanay Vora
1104,852,486,Yauwani Ray,Yauvani Ray
1778,854,488,Laban Bera,Laban Bera
1030,855,489,I. Taneja,Irya Taneja
1019,857,491,V. Saha,Victor Saha
443,860,493,Ekaraj Peri,Ekaraj Peri
54,863,496,Chandran More,Chandran More
1755,868,498,N Kanda,Neel Kanda
443,871,499,E Peri,Ekaraj Peri
1030,872,499,Irya Taneja,Irya Taneja
54,875,501,Chandran More,Chandran More
754,883,505,Matthew Rao,Matthew Rao
1327,885,507,Haris Anand,Harish Anand
1030,888,508,I Taneja,Irya Taneja
1328,889,509,Ayushman Nair,Ayushman Nair
1030,891,511,I Taneja,Irya Taneja
1352,893,513,Gopal Hans,Gopal Hans
472,899,516,G Ben,Gabriel Ben
986,905,521,Chandran Parekh,Chandran Parekh
1548,906,521,Rayaan Kohli,Rayaan Kohli
766,910,524,Kalpit Hayre,Kalpit Hayre
1480,921,531,F. Raval,Fitan Raval
1210,923,532,Lucky Yogi,Lucky Yogi
1293,924,532,R. Shenoy,Raghav Shenoy
1508,926,534,Qadim Dalal,Qadim Dalal
1548,928,535,R. Kohli,Rayaan Kohli
765,929,535,Balveer Mane,Balveer Mane
1486,932,536,Aarnav Chhabra,Aarnav Chhabra
1713,935,537,Laksh Bora,Laksh Bora
618,938,539,E Gera,Ethan Gera
1436,939,540,Ubika Oza,Ubika Oza
463,940,540,D Gola,Dalbir Gola
1270,941,541,J Chada,Jairaj Chada
1480,943,543,Fitan Raval,Fitan Raval
1617,946,544,Chakradev Pingle,Chakradev Pingle
1447,947,545,Luke Menon,Luke Menon
1778,948,546,Laban Bera,Laban Bera
734,950,547,Kabir Sane,Kabir Sane
1279,956,553,O Sachdev,Odika Sachdev
1030,957,554,I. Taneja,Irya Taneja
463,959,556,Dalbir Gola,Dalbir Gola
150,961,558,Z Ratti,Zayan Ratti
304,962,559,Balendra Comar,Balendra Comar
150,966,561,Zayan Ratti,Zayan Ratti
1671,970,563,Faraj Sathe,Faraj Sathe
734,972,564,K Sane,Kabir Sane
1370,973,565,Aarna Singh,Aarna Singh
758,974,566,Bahadurjit Merchant,Bahadurjit Merchant
607,978,569,Gauri Khare,Gauri Khare
54,979,570,C More,Chandran More
299,980,570,R. Dasgupta,Rushil Dasgupta
783,983,572,Gaurangi Nagy,Gaurangi Nagy
1667,989,574,Faqid Triwedi,Faqid Trivedi
155,991,574,J Kapur,Janya Kapur
1457,995,576,Rehaan Mander,Rehaan Mander
1794,996,577,Shaurya Parmer,Shaurya Parmer
497,998,578,Qasim Pall,Qasim Pall
142,1002,581,Chanakya Purohit,Chanakya Purohit
1257,1003,582,Upkaar Chokshi,Upkaar Chokshi
155,1005,583,Janya Kapur,Janya Kapur
142,1008,584,C. Purohit,Chanakya Purohit
942,1010,584,Champak Tripati,Champak Tripathi
1077,1012,585,Tripti Mane,Tripti Mane
940,1016,587,Yuwraj Sayni,Yuvraj Saini
759,1019,588,Aadi Shet,Aadi Sheth
385,1024,590,Christofer De,Christopher De
770,1034,596,Guneet Suresh,Guneet Suresh
1719,1036,596,S. Banik,Shaurya Banik
1667,1038,597,Faqid Trivedi,Faqid Trivedi
385,1039,598,Christopher De,Christopher De
1586,1048,602,Yashvi Varkey,Yashvi Varkey
47,1052,606,Michael warkey,Michael Varkey
152,1053,607,Wazir Dugal,Wazir Dugal
1586,1057,611,Yashvi Varkey,Yashvi Varkey
463,1061,614,Dalbir Gola,Dalbir Gola
1352,1066,618,Gopal Hans,Gopal Hans
1490,1072,622,Sai Joshi,Sai Joshi
158,1080,628,A Kashyap,Abhiram Kashyap
224,1081,628,Azad Mallick,Azad Mallick
463,1087,630,Dalbir Gola,Dalbir Gola
230,1088,630,Vamakshi Majumdar,Vamakshi Majumdar
1352,1094,635,Gopal Hans,Gopal Hans
1347,1095,636,Gavin Keer,Gavin Keer
224,1098,639,Azad Mallick,Azad Mallick
1497,1104,642,J. Sarna,Jackson Sarna
1718,1106,643,D Minhas,Damyanti Minhas
142,1108,645,Chanakya Purohit,Chanakya Purohit
155,1111,648,Janya Kapur,Janya Kapur
1332,1113,650,Om wenkataraman,Om Venkataraman
478,1114,650,Samaksh Mander,Samaksh Mander
783,1117,653,Gaurangi Nagy,Gaurangi Nagy
1393,1125,659,Giris Solanki,Girish Solanki
1480,1126,659,Fitan Rawal,Fitan Raval
337,1128,661,R. Handa,Rishi Handa
186,1129,662,Rohan Oommen,Rohan Oommen
134,1130,663,T. Saxena,Tristan Saxena
766,1134,664,Kalpit Hayre,Kalpit Hayre
1154,1136,666,Dhriti Kala,Dhriti Kala
931,1139,666,C Ganesh,Charles Ganesh
1416,1148,672,M Dube,Maya Dube
155,1149,673,Janya Kapur,Janya Kapur
443,1152,673,E Peri,Ekaraj Peri
1416,1154,675,Maya Dube,Maya Dube
1436,1156,676,U. Oza,Ubika Oza
1742,1157,677,T Vora,Tanay Vora
1713,1162,680,Laksh Bora,Laksh Bora
173,1163,681,Pranaw Kamdar,Pranav Kamdar
692,1166,683,L Kanda,Lucky Kanda
931,1170,685,Charles Ganesh,Charles Ganesh
1436,1173,688,U Oza,Ubika Oza
463,1174,689,Dalbir Gola,Dalbir Gola
1743,1179,691,O. Bala,Onveer Bala
692,1192,700,L Kanda,Lucky Kanda
931,1194,701,C. Ganesh,Charles Ganesh
1484,1200,704,F. Balakrishnan,Faris Balakrishnan
47,1201,705,M. Varkey,Michael Varkey
1077,1205,708,T. Mane,Tripti Mane
1370,1208,711,Aarna Singh,Aarna Singh
1270,1212,713,Jairaj Chada,Jairaj Chada
1486,1213,713,Aarnav Chhabra,Aarnav Chhabra
224,1214,713,Azad Mallick,Azad Mallick
128,1216,715,Dominic Grower,Dominic Grover
230,1218,717,V. Majumdar,Vamakshi Majumdar
1773,1219,718,E Barad,Ekbal Barad
230,1220,719,V Majumdar,Vamakshi Majumdar
1457,1222,721,Rehaan Mander,Rehaan Mander
1436,1223,721,U Oza,Ubika Oza
692,1225,723,Lucky Kanda,Lucky Kanda
463,1230,726,D Gola,Dalbir Gola
1446,1235,728,A Pall,Anay Pall
1497,1236,729,Jackson Sarna,Jackson Sarna
1030,1237,730,I. Taneja,Irya Taneja
142,1239,730,C Purohit,Chanakya Purohit
1490,1240,730,S Joshi,Sai Joshi
1257,1241,731,Upkaar Chokshi,Upkaar Chokshi
1261,1242,731,Gunit Borah,Guneet Borah
1548,1250,738,Rayaan Kohli,Rayaan Kohli
47,1251,738,M Varkey,Michael Varkey
224,1252,738,Azad Mallick,Azad Mallick
1480,1261,743,Fitan Raval,Fitan Raval
299,1269,750,R Dasgupta,Rushil Dasgupta
1270,1270,751,J. Chada,Jairaj Chada
47,1273,752,M Varkey,Michael Varkey
54,1274,752,C. More,Chandran More
1436,1275,753,Ubika Oza,Ubika Oza
1586,1283,758,Y Varkey,Yashvi Varkey
1715,1284,759,K Badal,Krishna Badal
155,1292,762,J Kapur,Janya Kapur
1352,1301,769,G Hans,Gopal Hans
224,1304,770,Azad Mallick,Azad Mallick
1030,1305,771,I Taneja,Irya Taneja
1463,1307,773,Januja Sur,Januja Sur
1332,1308,774,O Venkataraman,Om Venkataraman
1733,1310,775,Chaytanya Sangha,Chaitanya Sangha
69,1312,776,F. Raj,Faris Raj
1030,1314,777,I. Taneja,Irya Taneja
155,1316,779,Janya Kapur,Janya Kapur
187,1317,780,Arjun Jha,Arjun Jha
152,1318,781,W Dugal,Wazir Dugal
1154,1320,781,D. Kala,Dhriti Kala
474,1321,782,A Chowdhury,Agastya Chowdhury
770,1323,783,G. Suresh,Guneet Suresh
177,1324,784,Gunit Buch,Guneet Buch
1332,1326,785,Om wenkataraman,Om Venkataraman
754,1328,787,Matthew Rao,Matthew Rao
1794,1331,789,Shaurya Parmer,Shaurya Parmer
142,1336,793,Chanakya Purohit,Chanakya Purohit
155,1337,793,Janya Kapur,Janya Kapur
1778,1344,797,L Bera,Laban Bera
1352,1349,800,Gopal Hans,Gopal Hans
1671,1355,802,Faraj Sathe,Faraj Sathe
1270,1359,805,J Chada,Jairaj Chada
1337,1361,805,G Bali,George Bali
1370,1366,809,Aarna Singh,Aarna Singh
299,1367,810,Rushil Dasgupta,Rushil Dasgupta
754,1371,812,M Rao,Matthew Rao
187,1372,812,Arjun Jha,Arjun Jha
1715,1376,816,Krishna Badal,Krishna Badal
1436,1380,819,U. Oza,Ubika Oza
988,1382,820,Yahvi Talwar,Yahvi Talwar
887,1383,821,Nil Bhasin,Neel Bhasin
765,1385,822,B Mane,Balveer Mane
1293,1387,824,Raghav Shenoy,Raghav Shenoy
150,1390,825,Z. Ratti,Zayan Ratti
186,1393,826,Rohan ummen,Rohan Oommen
256,1396,828,G Grover,Gaurangi Grover
1778,1399,830,Laban Bera,Laban Bera
150,1401,831,Zayan Ratti,Zayan Ratti
770,1406,834,Gunit Sures,Guneet Suresh
1778,1408,836,L. Bera,Laban Bera
1508,1409,837,Qadim Dalal,Qadim Dalal
1030,1412,838,Irya Taneja,Irya Taneja
887,1413,839,Neel Bhasin,Neel Bhasin
754,1419,841,Matthew Rao,Matthew Rao
1733,1430,846,Chaytanya Sangha,Chaitanya Sangha
765,1434,849,B Mane,Balveer Mane
931,1435,850,Charles Ganes,Charles Ganesh
1332,1438,851,O. Venkataraman,Om Venkataraman
1332,1439,852,O. Venkataraman,Om Venkataraman
1019,1441,853,wictor Saha,Victor Saha
1337,1444,854,George Bali,George Bali
1497,1445,855,J Sarna,Jackson Sarna
1486,1450,858,Aarnav Chhabra,Aarnav Chhabra
1030,1452,859,I Taneja,Irya Taneja
754,1456,861,Matthew Rao,Matthew Rao
1065,1463,864,Balendra Sabharwal,Balendra Sabharwal
1586,1465,864,Yashvi Varkey,Yashvi Varkey
177,1466,865,Guneet Buch,Guneet Buch
1393,1469,866,Girish Solanki,Girish Solanki
1486,1472,867,A Chhabra,Aarnav Chhabra
1030,1475,868,I Taneja,Irya Taneja
770,1477,870,Guneet Suresh,Guneet Suresh
1671,1483,873,Faraj Sathe,Faraj Sathe
230,1484,874,Vamakshi Majumdar,Vamakshi Majumdar
1715,1485,875,Krisna Badal,Krishna Badal
766,1487,875,K. Hayre,Kalpit Hayre
1715,1494,878,K Badal,Krishna Badal
1492,1497,880,Samuel Sachdewa,Samuel Sachdeva
155,1499,881,Janya Kapur,Janya Kapur
457,1500,882,Dakshesh Bava,Dakshesh Bava
758,1504,885,Bahadurjit Merchant,Bahadurjit Merchant
1414,1505,885,Tristan sroff,Tristan Shroff
1789,1512,891,G. Tak,Gopal Tak
991,1515,892,Yuvraj Lalla,Yuvraj Lalla
770,1519,895,Guneet Suresh,Guneet Suresh
1715,1521,895,Krisna Badal,Krishna Badal
1715,1522,895,K. Badal,Krishna Badal
309,1525,898,Upkaar Rajagopal,Upkaar Rajagopal
1713,1528,900,Laks Bora,Laksh Bora
607,1529,900,Gauri Khare,Gauri Khare
1257,1539,905,U. Chokshi,Upkaar Chokshi
1713,1541,906,Laksh Bora,Laksh Bora
1548,1542,907,R. Kohli,Rayaan Kohli
134,1547,911,Tristan Saxena,Tristan Saxena
134,1548,912,T. Saxena,Tristan Saxena
1688,1550,912,R. Oommen,Ranbir Oommen
155,1553,914,Janya Kapur,Janya Kapur
1794,1557,917,S Parmer,Shaurya Parmer
817,1559,918,Jacob Deshpande,Jacob Deshpande
988,1560,918,Yahwi Talwar,Yahvi Talwar
692,1564,921,L. Kanda,Lucky Kanda
224,1567,922,Azad Mallick,Azad Mallick
186,1571,923,R Oommen,Rohan Oommen
1030,1572,923,I Taneja,Irya Taneja
1030,1574,924,I. Taneja,Irya Taneja
1393,1577,927,G Solanki,Girish Solanki
991,1579,928,Y. Lalla,Yuvraj Lalla
463,1582,930,D Gola,Dalbir Gola
1257,1583,930,Upkaar Choksi,Upkaar Chokshi
177,1586,933,Guneet Buch,Guneet Buch
1480,1592,937,F. Raval,Fitan Raval
1490,1593,937,S Joshi,Sai Joshi
1257,1596,939,U. Chokshi,Upkaar Chokshi
1281,1599,941,I. Sanghvi,Imaran Sanghvi
1548,1601,941,Rayaan Kohli,Rayaan Kohli
54,1602,942,Chandran More,Chandran More
692,1604,943,Lucky Kanda,Lucky Kanda
1257,1608,945,Upkaar Choksi,Upkaar Chokshi
1370,1610,946,Aarna Singh,Aarna Singh
372,1613,947,A Ghose,Ayush Ghose
1154,1614,948,Dhriti Kala,Dhriti Kala
54,1616,948,C More,Chandran More
164,1617,949,Samaksh Sahni,Samaksh Sahni
607,1618,949,Gauri kare,Gauri Khare
224,1619,949,A. Mallick,Azad Mallick
155,1620,950,Janya Kapur,Janya Kapur
463,1621,950,D. Gola,Dalbir Gola
1797,1622,951,Zayan Pillay,Zayan Pillai
522,1624,951,K Trivedi,Kabir Trivedi
812,1626,952,Nicholas Raju,Nicholas Raju
134,1629,954,Tristan Saxena,Tristan Saxena
1393,1630,955,Girish Solanki,Girish Solanki
986,1631,956,C. Parekh,Chandran Parekh
497,1640,962,Qasim Pall,Qasim Pall
991,1642,964,Yuvraj Lalla,Yuvraj Lalla
1293,1643,965,Raghav Shenoy,Raghav Shenoy
1446,1644,965,Anay Pall,Anay Pall
474,1646,965,A. Chowdhury,Agastya Chowdhury
1030,1647,966,Irya Taneja,Irya Taneja
66,1648,967,Nitesh Dar,Nitesh Dar
224,1649,968,Azad Mallick,Azad Mallick
929,1653,970,Harsh Jaggi,Harsh Jaggi
765,1654,970,B Mane,Balveer Mane
631,1655,970,A Dugar,Andrew Dugar
1446,1660,973,Anay Pall,Anay Pall
47,1664,975,Michael Varkey,Michael Varkey
758,1666,977,B. Merchant,Bahadurjit Merchant
1097,1667,977,R. Balan,Rachit Balan
457,1668,977,D Bava,Dakshesh Bava
1416,1670,979,Maya Dube,Maya Dube
770,1675,982,Gunit Sures,Guneet Suresh
177,1676,983,Gunit Buch,Guneet Buch
463,1677,984,Dalbir Gola,Dalbir Gola
1480,1680,986,F Raval,Fitan Raval
433,1681,987,Pranit Balan,Pranit Balan
361,1686,992,Leka Johal,Lekha Johal
1490,1691,995,Say Josi,Sai Joshi
754,1694,996,Matthew Rao,Matthew Rao
766,1695,997,K. Hayre,Kalpit Hayre
66,1701,999,Nitesh Dar,Nitesh Dar
991,1704,1000,Yuvraj Lalla,Yuvraj Lalla
497,1709,1004,Qasim Pall,Qasim Pall
463,1710,1004,Dalbir Gola,Dalbir Gola
1332,1713,1005,Om Venkataraman,Om Venkataraman
1019,1717,1007,Victor Saha,Victor Saha
1332,1719,1007,O Venkataraman,Om Venkataraman
312,1723,1008,Jatin Sandal,Jatin Sandal
1436,1725,1010,U. Oza,Ubika Oza
1436,1726,1010,U Oza,Ubika Oza
1713,1727,1011,Laksh Bora,Laksh Bora
1279,1730,1011,O Sachdev,Odika Sachdev
66,1732,1013,Nitesh Dar,Nitesh Dar
177,1733,1014,Guneet Buch,Guneet Buch
1480,1734,1015,Fitan Raval,Fitan Raval
1733,1736,1016,Chaitanya Sangha,Chaitanya Sangha
1281,1737,1017,Imaran Sanghvi,Imaran Sanghvi
938,1740,1018,H. Sehgal,Harish Sehgal
991,1745,1021,Y Lalla,Yuvraj Lalla
986,1748,1024,C Parekh,Chandran Parekh
1019,1751,1024,wictor Saha,Victor Saha
1332,1755,1025,O Venkataraman,Om Venkataraman
1548,1756,1026,R Kohli,Rayaan Kohli
991,1759,1028,Yuwraj Lalla,Yuvraj Lalla
1393,1764,1031,G. Solanki,Girish Solanki
770,1768,1033,Guneet Suresh,Guneet Suresh
66,1769,1034,Nites Dar,Nitesh Dar
754,1771,1035,Matthew Rao,Matthew Rao
372,1777,1041,Ayush Ghose,Ayush Ghose
423,1779,1041,Abhiram Keer,Abhiram Keer
47,1782,1043,M. Varkey,Michael Varkey
457,1784,1043,D Bava,Dakshesh Bava
385,1785,1044,C. De,Christopher De
988,1788,1046,Yahvi Talwar,Yahvi Talwar
1778,1789,1047,Laban Bera,Laban Bera
155,1793,1049,Janya Kapur,Janya Kapur
134,1796,1051,Tristan Saxena,Tristan Saxena
766,1797,1052,Kalpit Hayre,Kalpit Hayre
1270,1800,1054,J Chada,Jairaj Chada
66,1801,1054,Nitesh Dar,Nitesh Dar
1457,1802,1054,R. Mander,Rehaan Mander
1393,1803,1055,G. Solanki,Girish Solanki
991,1804,1056,Y Lalla,Yuvraj Lalla
1416,1809,1058,Maya Dube,Maya Dube
54,1818,1061,Chandran More,Chandran More
1703,1821,1063,Ansh Karan,Ansh Karan
230,1824,1063,V Majumdar,Vamakshi Majumdar
1671,1827,1065,F. Sathe,Faraj Sathe
615,1829,1066,S Nagy,Samarth Nagy
836,1830,1067,Kevin Bumb,Kevin Bumb
378,1831,1067,Chanchal Venkataraman,Chanchal Venkataraman
988,1835,1070,Yahvi Talwar,Yahvi Talwar
155,1838,1071,J Kapur,Janya Kapur
1742,1839,1071,T. Vora,Tanay Vora
1794,1840,1072,S Parmer,Shaurya Parmer
938,1844,1075,Haris Sehgal,Harish Sehgal
1401,1846,1076,Neha Handa,Neha Handa
474,1849,1077,Agastya Chowdhury,Agastya Chowdhury
152,1854,1078,W Dugal,Wazir Dugal
150,1855,1079,Zayan Ratti,Zayan Ratti
230,1859,1080,wamakshi Majumdar,Vamakshi Majumdar
569,1860,1080,Hites Borra,Hitesh Borra
1333,1862,1081,N. Dora,Nimrat Dora
1667,1868,1083,Faqid Trivedi,Faqid Trivedi
142,1869,1083,C. Purohit,Chanakya Purohit
1332,1871,1085,Om Venkataraman,Om Venkataraman
1586,1872,1086,Yashvi Varkey,Yashvi Varkey
1486,1874,1086,Aarnav Chhabra,Aarnav Chhabra
931,1875,1087,Charles Ganesh,Charles Ganesh
766,1876,1088,Kalpit Hayre,Kalpit Hayre
323,1880,1089,P Chaudry,Parth Chaudry
1281,1882,1091,Imaran Sanghvi,Imaran Sanghvi
1367,1888,1095,M Swamy,Maanav Swamy
1486,1889,1096,Aarnaw Chhabra,Aarnav Chhabra
1715,1893,1098,Krishna Badal,Krishna Badal
1370,1895,1098,Aarna Singh,Aarna Singh
1416,1896,1099,Maya Dube,Maya Dube
474,1897,1099,A Chowdhury,Agastya Chowdhury
988,1898,1100,Yahvi Talwar,Yahvi Talwar
134,1902,1102,T. Saxena,Tristan Saxena
54,1904,1103,Chandran More,Chandran More
887,1906,1104,Neel Bhasin,Neel Bhasin
1257,1908,1105,Upkaar Choksi,Upkaar Chokshi
1794,1913,1106,saurya Parmer,Shaurya Parmer
529,1915,1107,I Hayer,Isaac Hayer
359,1917,1107,Vivaan Bassi,Vivaan Bassi
1486,1921,1110,A Chhabra,Aarnav Chhabra
1416,1923,1110,M. Dube,Maya Dube
1497,1925,1111,Jackson Sarna,Jackson Sarna
1486,1930,1115,Aarnaw Chhabra,Aarnav Chhabra
991,1932,1116,Yuvraj Lalla,Yuvraj Lalla
1281,1933,1116,Imaran Sanghvi,Imaran Sanghvi
1436,1935,1117,Ubika Oza,Ubika Oza
1154,1937,1119,D. Kala,Dhriti Kala
1486,1938,1120,Aarnav Chhabra,Aarnav Chhabra
1713,1940,1120,L. Bora,Laksh Bora
1056,1941,1121,R Yogi,Rachit Yogi
134,1944,1122,Tristan Saxena,Tristan Saxena
845,1948,1124,Jagat Rajan,Jagat Rajan
1667,1954,1127,Faqid Trivedi,Faqid Trivedi
457,1955,1127,Dakshesh Bava,Dakshesh Bava
766,1957,1128,K Hayre,Kalpit Hayre
54,1958,1129,Chandran More,Chandran More
142,1961,1131,Chanakya Purohit,Chanakya Purohit
497,1966,1133,Q. Pall,Qasim Pall
372,1968,1135,Ayush Ghose,Ayush Ghose
186,1969,1135,Rohan Oommen,Rohan Oommen
991,1983,1143,Yuvraj Lalla,Yuvraj Lalla
224,1984,1143,Azad Mallick,Azad Mallick
931,1986,1144,C. Ganesh,Charles Ganesh
134,1987,1145,T. Saxena,Tristan Saxena
134,1988,1145,Tristan Saxena,Tristan Saxena
1019,1993,1148,wictor Saha,Victor Saha
150,1997,1150,Zayan Ratti,Zayan Ratti
1778,2006,1154,Laban Bera,Laban Bera
1077,2009,1157,T. Mane,Tripti Mane
931,2015,1159,C. Ganesh,Charles Ganesh
587,2016,1159,O Sagar,Oeshi Sagar
1715,2018,1160,Krishna Badal,Krishna Badal
986,2022,1161,C Parekh,Chandran Parekh
1393,2026,1163,G. Solanki,Girish Solanki
457,2040,1170,D Bava,Dakshesh Bava
1243,2041,1170,A De,Agastya De
1742,2043,1171,Tanay Vora,Tanay Vora
224,2044,1172,A. Mallick,Azad Mallick
770,2046,1174,Guneet Suresh,Guneet Suresh
224,2049,1175,A Mallick,Azad Mallick
463,2050,1176,Dalbir Gola,Dalbir Gola
457,2051,1177,Dakshesh Bava,Dakshesh Bava
155,2053,1178,Janya Kapur,Janya Kapur
1586,2056,1179,Y. Varkey,Yashvi Varkey
1099,2057,1180,Jatin Puri,Jatin Puri
142,2060,1182,Chanakya Purohit,Chanakya Purohit
1281,2064,1185,Imaran Sanghvi,Imaran Sanghvi
1667,2067,1186,Faqid Triwedi,Faqid Trivedi
1019,2078,1192,V. Saha,Victor Saha
1671,2080,1194,Faraj Sathe,Faraj Sathe
152,2084,1196,W. Dugal,Wazir Dugal
101,2085,1197,E. Lata,Elijah Lata
898,2088,1198,Harshil Badal,Harshil Badal
1154,2094,1201,D Kala,Dhriti Kala
1446,2095,1201,A. Pall,Anay Pall
931,2100,1204,C Ganesh,Charles Ganesh
1257,2101,1205,Upkaar Chokshi,Upkaar Chokshi
991,2103,1207,Y Lalla,Yuvraj Lalla
1332,2104,1207,Om Venkataraman,Om Venkataraman
1257,2106,1208,Upkaar Choksi,Upkaar Chokshi
1393,2110,1211,Girish Solanki,Girish Solanki
887,2114,1214,N. Bhasin,Neel Bhasin
177,2119,1217,Guneet Buch,Guneet Buch
1279,2120,1217,O Sachdev,Odika Sachdev
299,2122,1218,Rushil Dasgupta,Rushil Dasgupta
54,2124,1218,Chandran More,Chandran More
1352,2125,1219,Gopal Hans,Gopal Hans
152,2126,1219,W. Dugal,Wazir Dugal
142,2127,1220,C Purohit,Chanakya Purohit
1112,2129,1221,G. Korpal,Gopal Korpal
765,2130,1221,Balveer Mane,Balveer Mane
1446,2131,1222,Anay Pall,Anay Pall
1742,2134,1224,Tanay wora,Tanay Vora
1480,2140,1227,F. Raval,Fitan Raval
1457,2143,1228,Rehaan Mander,Rehaan Mander
1256,2150,1233,L Kapoor,Lakshit Kapoor
692,2156,1237,L Kanda,Lucky Kanda
988,2157,1238,Y. Talwar,Yahvi Talwar
889,2158,1239,Udant Grewal,Udant Grewal
1332,2161,1242,Om Venkataraman,Om Venkataraman
887,2165,1244,N. Bhasin,Neel Bhasin
986,2167,1245,Chandran Parekh,Chandran Parekh
1742,2170,1247,Tanay wora,Tanay Vora
1794,2172,1249,saurya Parmer,Shaurya Parmer
187,2173,1250,A. Jha,Arjun Jha
443,2178,1254,Ekaraj Peri,Ekaraj Peri
54,2179,1254,Chandran More,Chandran More
1586,2184,1256,Y. Varkey,Yashvi Varkey
52,2187,1257,P Tailor,Patrick Tailor
758,2188,1258,Bahadurjit Merchant,Bahadurjit Merchant
1671,2189,1259,Faraj Sathe,Faraj Sathe
754,2190,1260,M. Rao,Matthew Rao
1105,2193,1261,A Chakraborty,Aditya Chakraborty
134,2196,1262,Tristan Saxena,Tristan Saxena
443,2198,1263,E Peri,Ekaraj Peri
1270,2200,1264,Jairaj Chada,Jairaj Chada
1778,2201,1264,Laban Bera,Laban Bera
607,2202,1265,Gauri Khare,Gauri Khare
1540,2204,1266,Hemal Tailor,Hemal Tailor
1671,2205,1266,Faraj Sathe,Faraj Sathe
224,2206,1266,Azad Mallick,Azad Mallick
47,2207,1267,Michael Varkey,Michael Varkey
177,2212,1268,G Buch,Guneet Buch
1206,2213,1269,W. Bera,Wahab Bera
1486,2217,1271,A. Chhabra,Aarnav Chhabra
186,2218,1271,Rohan Oommen,Rohan Oommen
1332,2219,1272,Om wenkataraman,Om Venkataraman
443,2221,1273,Ekaraj Peri,Ekaraj Peri
1742,2222,1273,T Vora,Tanay Vora
224,2223,1273,Azad Mallick,Azad Mallick
457,2224,1273,Daksesh Bawa,Dakshesh Bava
1337,2233,1278,George Bali,George Bali
795,2235,1278,M Chandra,Max Chandra
607,2236,1278,G. Khare,Gauri Khare
692,2237,1279,Lucky Kanda,Lucky Kanda
766,2241,1280,K Hayre,Kalpit Hayre
1742,2243,1281,Tanay wora,Tanay Vora
734,2249,1285,Kabir Sane,Kabir Sane
1733,2252,1288,Chaitanya Sangha,Chaitanya Sangha
1508,2253,1288,Q Dalal,Qadim Dalal
47,2254,1289,M. Varkey,Michael Varkey
474,2255,1289,Agastya Chowdhury,Agastya Chowdhury
1480,2259,1291,F. Raval,Fitan Raval
986,2263,1294,Chandran Parekh,Chandran Parekh
142,2267,1296,Chanakya Purohit,Chanakya Purohit
1077,2269,1297,Tripti Mane,Tripti Mane
1713,2286,1306,L Bora,Laksh Bora
1742,2288,1307,Tanay Vora,Tanay Vora
177,2289,1308,Guneet Buch,Guneet Buch
1733,2290,1309,Chaitanya Sangha,Chaitanya Sangha
177,2292,1310,Guneet Buch,Guneet Buch
497,2295,1311,Qasim Pall,Qasim Pall
607,2296,1312,G Khare,Gauri Khare
1667,2298,1314,Faqid Triwedi,Faqid Trivedi
1370,2299,1314,Aarna Singh,Aarna Singh
1416,2301,1315,Maya Dube,Maya Dube
1778,2304,1317,L Bera,Laban Bera
474,2305,1317,A Chowdhury,Agastya Chowdhury
1077,2307,1318,Tripti Mane,Tripti Mane
1586,2308,1319,Y. Varkey,Yashvi Varkey
320,2312,1323,Ans Dani,Ansh Dani
1416,2317,1325,M Dube,Maya Dube
1067,2321,1327,B Chandra,Baljiwan Chandra
26,2322,1327,Timothy Sarma,Timothy Sarma
177,2324,1328,G. Buch,Guneet Buch
770,2327,1329,Gunit Sures,Guneet Suresh
385,2328,1330,Christopher De,Christopher De
551,2329,1331,Mason Atwal,Mason Atwal
1755,2330,1332,N Kanda,Neel Kanda
457,2331,1333,Dakshesh Bava,Dakshesh Bava
443,2333,1333,Ekaraj Peri,Ekaraj Peri
1077,2334,1334,Tripti Mane,Tripti Mane
103,2340,1340,Tarak Madan,Tarak Madan
758,2342,1341,Bahadurjit Merchant,Bahadurjit Merchant
1271,2345,1341,George Naidu,George Naidu
783,2347,1342,G. Nagy,Gaurangi Nagy
1416,2353,1346,Maya Dube,Maya Dube
1674,2354,1346,Kamala Kakar,Kamala Kakar
887,2356,1348,Neel Bhasin,Neel Bhasin
931,2357,1348,Charles Ganesh,Charles Ganesh
1795,2359,1349,L Datta,Lavanya Datta
1367,2361,1350,Maanav Swamy,Maanav Swamy
988,2371,1357,Yahvi Talwar,Yahvi Talwar
649,2373,1358,Agastya Gour,Agastya Gour
337,2375,1359,Rishi Handa,Rishi Handa
54,2377,1361,C More,Chandran More
390,2382,1362,Bhawani Nayak,Bhavani Nayak
1713,2387,1366,L Bora,Laksh Bora
446,2388,1367,Yadawi Jaggi,Yadavi Jaggi
1671,2389,1367,Faraj Sate,Faraj Sathe
1720,2391,1368,Theodore Cherian,Theodore Cherian
1649,2392,1369,Matthew Ahuja,Matthew Ahuja
1416,2394,1369,M. Dube,Maya Dube
1497,2395,1370,Jackson Sarna,Jackson Sarna
372,2396,1370,Ayus Ghose,Ayush Ghose
1446,2401,1373,Anay Pall,Anay Pall
765,2402,1373,Balveer Mane,Balveer Mane
1332,2403,1373,Om Venkataraman,Om Venkataraman
754,2410,1378,M Rao,Matthew Rao
1671,2413,1380,Faraj Sathe,Faraj Sathe
1257,2420,1383,Upkaar Chokshi,Upkaar Chokshi
765,2421,1384,B Mane,Balveer Mane
177,2427,1389,Guneet Buch,Guneet Buch
1667,2428,1390,F Trivedi,Faqid Trivedi
47,2434,1392,Michael Varkey,Michael Varkey
988,2435,1392,Yahvi Talwar,Yahvi Talwar
734,2437,1393,Kabir Sane,Kabir Sane
186,2440,1394,Rohan Oommen,Rohan Oommen
1293,2451,1400,R Shenoy,Raghav Shenoy
815,2453,1401,S. Pillai,Shaurya Pillai
1019,2454,1401,Victor Saha,Victor Saha
385,2456,1402,C. De,Christopher De
1742,2458,1403,Tanay Vora,Tanay Vora
887,2460,1403,Neel Bhasin,Neel Bhasin
1778,2461,1403,L. Bera,Laban Bera
457,2462,1404,D. Bava,Dakshesh Bava
1490,2464,1405,Say Josi,Sai Joshi
754,2467,1406,Matthew Rao,Matthew Rao
815,2468,1407,saurya Pillay,Shaurya Pillai
1457,2471,1409,Rehaan Mander,Rehaan Mander
1480,2472,1410,F. Raval,Fitan Raval
1586,2474,1411,Y Varkey,Yashvi Varkey
457,2478,1414,Dakshesh Bava,Dakshesh Bava
1586,2479,1415,Y Varkey,Yashvi Varkey
1337,2480,1415,G Bali,George Bali
692,2486,1420,Lucky Kanda,Lucky Kanda
734,2487,1420,K Sane,Kabir Sane
770,2488,1420,G Suresh,Guneet Suresh
207,2491,1422,Frado Bajwa,Frado Bajwa
991,2492,1422,Yuvraj Lalla,Yuvraj Lalla
1352,2493,1422,G. Hans,Gopal Hans
1548,2494,1423,R Kohli,Rayaan Kohli
1337,2500,1426,George Bali,George Bali
372,2501,1427,A. Ghose,Ayush Ghose
607,2503,1428,G. Khare,Gauri Khare
1457,2504,1428,Rehaan Mander,Rehaan Mander
1457,2505,1428,R Mander,Rehaan Mander
1019,2508,1429,V. Saha,Victor Saha
887,2516,1434,Neel Bhasin,Neel Bhasin
1445,2517,1435,Arjun Pant,Arjun Pant
607,2523,1437,G. Khare,Gauri Khare
230,2526,1440,V. Majumdar,Vamakshi Majumdar
299,2532,1443,Rushil Dasgupta,Rushil Dasgupta
758,2533,1443,Bahadurjit Merchant,Bahadurjit Merchant
224,2537,1445,A Mallick,Azad Mallick
457,2542,1447,Daksesh Bawa,Dakshesh Bava
692,2543,1448,L. Kanda,Lucky Kanda
1626,2545,1448,Atharv Sangha,Atharv Sangha
576,2547,1450,Y. Varma,Yatin Varma
1403,2550,1452,Indali Dora,Indali Dora
497,2551,1452,Qasim Pall,Qasim Pall
1794,2554,1453,saurya Parmer,Shaurya Parmer
1427,2556,1455,Veer Das,Veer Das
1490,2558,1457,Sai Joshi,Sai Joshi
1671,2559,1458,Faraj Sate,Faraj Sathe
986,2560,1458,C Parekh,Chandran Parekh
1794,2563,1459,saurya Parmer,Shaurya Parmer
457,2567,1462,Dakshesh Bava,Dakshesh Bava
883,2568,1462,R. Ganesan,Ronith Ganesan
754,2574,1464,Matthew Rao,Matthew Rao
1257,2575,1465,Upkaar Chokshi,Upkaar Chokshi
152,2576,1466,W. Dugal,Wazir Dugal
497,2577,1466,Qasim Pall,Qasim Pall
150,2585,1472,Z. Ratti,Zayan Ratti
931,2587,1473,Charles Ganesh,Charles Ganesh
463,2589,1475,Dalbir Gola,Dalbir Gola
1667,2591,1477,Faqid Triwedi,Faqid Trivedi
1690,2595,1480,C. Rattan,Chaman Rattan
1047,2597,1482,Y Kala,Yashoda Kala
1436,2598,1482,Ubika Oza,Ubika Oza
224,2600,1484,Azad Mallick,Azad Mallick
633,2606,1486,Z. Shukla,Zashil Shukla
1346,2612,1488,W Morar,William Morar
47,2616,1490,Michael Varkey,Michael Varkey
1332,2620,1493,Om Venkataraman,Om Venkataraman
1393,2621,1494,Girish Solanki,Girish Solanki
1270,2632,1498,Jairaj Chada,Jairaj Chada
443,2635,1500,Ekaraj Peri,Ekaraj Peri
1164,2637,1502,Noah Sankar,Noah Sankar
1030,2639,1503,Irya Taneja,Irya Taneja
1416,2640,1503,Maya Dube,Maya Dube
1733,2642,1504,C Sangha,Chaitanya Sangha
991,2644,1506,Yuvraj Lalla,Yuvraj Lalla
1713,2648,1510,Laksh Bora,Laksh Bora
1352,2650,1511,Gopal Hans,Gopal Hans
497,2655,1513,Q. Pall,Qasim Pall
1030,2656,1513,Irya Taneja,Irya Taneja
457,2660,1514,D Bava,Dakshesh Bava
1490,2663,1516,Sai Joshi,Sai Joshi
770,2669,1521,Guneet Suresh,Guneet Suresh
866,2672,1524,Ranveer Bal,Ranveer Bal
991,2673,1525,Yuvraj Lalla,Yuvraj Lalla
47,2674,1526,Michael warkey,Michael Varkey
1688,2676,1528,Ranbir ummen,Ranbir Oommen
815,2681,1531,Shaurya Pillai,Shaurya Pillai
607,2684,1532,Gauri Khare,Gauri Khare
1436,2688,1535,Ubika Oza,Ubika Oza
142,2690,1536,Chanakya Purohit,Chanakya Purohit
92,2692,1537,S. Natarajan,Samar Natarajan
134,2698,1539,Tristan Saxena,Tristan Saxena
372,2699,1540,Ayush Ghose,Ayush Ghose
1279,2708,1544,O. Sachdev,Odika Sachdev
594,2711,1546,B. Chhabra,Bachittar Chhabra
1281,2712,1546,I. Sanghvi,Imaran Sanghvi
425,2714,1547,Samuel Mani,Samuel Mani
152,2715,1547,W. Dugal,Wazir Dugal
1490,2724,1551,Say Josi,Sai Joshi
497,2729,1553,Qasim Pall,Qasim Pall
692,2733,1554,L. Kanda,Lucky Kanda
443,2736,1556,E Peri,Ekaraj Peri
1154,2737,1556,Dhriti Kala,Dhriti Kala
1742,2740,1558,Tanay Vora,Tanay Vora
1742,2745,1561,T Vora,Tanay Vora
1019,2748,1563,Victor Saha,Victor Saha
754,2750,1564,M Rao,Matthew Rao
938,2758,1568,H. Sehgal,Harish Sehgal
1686,2764,1571,A. Balay,Ayaan Balay
1257,2766,1572,U. Chokshi,Upkaar Chokshi
1578,2767,1572,Arjun Dara,Arjun Dara
150,2770,1574,Zayan Ratti,Zayan Ratti
177,2772,1575,Guneet Buch,Guneet Buch
970,2773,1575,Onkar Agate,Onkar Agate
497,2774,1575,Qasim Pall,Qasim Pall
766,2782,1582,Kalpit Hayre,Kalpit Hayre
457,2785,1583,Daksesh Bawa,Dakshesh Bava
186,2786,1583,R Oommen,Rohan Oommen
1733,2787,1584,C Sangha,Chaitanya Sangha
1416,2789,1585,M Dube,Maya Dube
1332,2801,1593,Om Venkataraman,Om Venkataraman
692,2802,1593,Lucky Kanda,Lucky Kanda
1741,2806,1595,M Parmer,Manthan Parmer
150,2807,1596,Z. Ratti,Zayan Ratti
607,2809,1597,G. Khare,Gauri Khare
1270,2812,1599,Jayraj Chada,Jairaj Chada
815,2813,1599,saurya Pillay,Shaurya Pillai
1778,2815,1601,Laban Bera,Laban Bera
224,2816,1601,Azad Mallick,Azad Mallick
1713,2818,1602,L Bora,Laksh Bora
1715,2819,1603,K Badal,Krishna Badal
1352,2821,1603,G. Hans,Gopal Hans
766,2831,1610,Kalpit Hayre,Kalpit Hayre
497,2832,1610,Qasim Pall,Qasim Pall
1778,2833,1611,Laban Bera,Laban Bera
1221,2837,1614,Aryan Bora,Aryan Bora
1480,2840,1617,F Raval,Fitan Raval
765,2846,1620,B Mane,Balveer Mane
186,2847,1621,R. Oommen,Rohan Oommen
815,2851,1623,S Pillai,Shaurya Pillai
1154,2853,1625,Dhriti Kala,Dhriti Kala
1794,2854,1626,Shaurya Parmer,Shaurya Parmer
754,2856,1628,Matthew Rao,Matthew Rao
230,2858,1629,V. Majumdar,Vamakshi Majumdar
1337,2861,1630,George Bali,George Bali
161,2866,1633,Upkaar Mital,Upkaar Mital
931,2868,1634,C. Ganesh,Charles Ganesh
1337,2869,1635,George Bali,George Bali
754,2873,1637,M. Rao,Matthew Rao
692,2874,1638,Lucky Kanda,Lucky Kanda
476,2875,1638,Nathaniel Mutti,Nathaniel Mutti
766,2878,1639,K Hayre,Kalpit Hayre
457,2883,1641,Daksesh Bawa,Dakshesh Bava
1497,2884,1642,J Sarna,Jackson Sarna
1393,2885,1642,Girish Solanki,Girish Solanki
385,2886,1643,Christofer De,Christopher De
1019,2887,1643,V Saha,Victor Saha
1154,2889,1644,Dhriti Kala,Dhriti Kala
1586,2890,1644,Yashvi Varkey,Yashvi Varkey
289,2891,1644,Benjamin Anne,Benjamin Anne
1667,2894,1646,F. Trivedi,Faqid Trivedi
187,2896,1648,A Jha,Arjun Jha
1413,2897,1649,W. Sengupta,William Sengupta
144,2899,1649,Falguni Swamy,Falguni Swamy
1030,2900,1650,Irya Taneja,Irya Taneja
1293,2902,1651,R Shenoy,Raghav Shenoy
734,2906,1654,K Sane,Kabir Sane
385,2907,1654,Christofer De,Christopher De
621,2910,1657,Ekbal Kaul,Ekbal Kaul
1270,2911,1657,Jairaj Chada,Jairaj Chada
1279,2912,1657,Odika Sachdev,Odika Sachdev
1293,2913,1657,R Shenoy,Raghav Shenoy
1528,2914,1658,Tanish Das,Tanish Das
363,2920,1661,Jonathan Vyas,Jonathan Vyas
142,2921,1661,Chanakya Purohit,Chanakya Purohit
1019,2930,1667,V. Saha,Victor Saha
692,2931,1668,Lucky Kanda,Lucky Kanda
299,2934,1670,Rushil Dasgupta,Rushil Dasgupta
134,2937,1671,T. Saxena,Tristan Saxena
372,2940,1674,A. Ghose,Ayush Ghose
1019,2945,1676,V. Saha,Victor Saha
1446,2946,1676,A Pall,Anay Pall
1715,2948,1677,Krishna Badal,Krishna Badal
1332,2958,1682,O Venkataraman,Om Venkataraman
1030,2960,1683,I Taneja,Irya Taneja
1767,2961,1684,wihaan Jayaraman,Vihaan Jayaraman
1393,2963,1685,G Solanki,Girish Solanki
1257,2971,1689,U. Chokshi,Upkaar Chokshi
1316,2973,1690,Z Srivastava,Zaid Srivastava
1722,2974,1691,T. Raghavan,Tanveer Raghavan
712,2975,1691,Lavanya Bhattacharyya,Lavanya Bhattacharyya
1257,2976,1691,Upkaar Chokshi,Upkaar Chokshi
924,2977,1692,C Oommen,Chandresh Oommen
607,2980,1695,Gauri Khare,Gauri Khare
1715,2981,1695,K. Badal,Krishna Badal
1778,2983,1696,Laban Bera,Laban Bera
1742,2985,1696,Tanay Vora,Tanay Vora
1586,2986,1697,Yashvi Varkey,Yashvi Varkey
1794,2988,1698,saurya Parmer,Shaurya Parmer
372,2996,1701,A. Ghose,Ayush Ghose
1294,3001,1705,Anthony Kamdar,Anthony Kamdar
177,3003,1706,Gunit Buch,Guneet Buch
1667,3004,1707,F. Trivedi,Faqid Trivedi
457,3013,1711,Dakshesh Bava,Dakshesh Bava
1457,3014,1711,R Mander,Rehaan Mander
443,3015,1712,Ekaraj Peri,Ekaraj Peri
1377,3018,1713,Abeer Sule,Abeer Sule
1713,3021,1714,L. Bora,Laksh Bora
986,3025,1716,C Parekh,Chandran Parekh
631,3026,1717,A. Dugar,Andrew Dugar
1019,3032,1722,wictor Saha,Victor Saha
1270,3034,1723,J Chada,Jairaj Chada
607,3036,1724,Gauri Khare,Gauri Khare
54,3039,1725,C. More,Chandran More
155,3041,1725,Janya Kapur,Janya Kapur
766,3043,1727,Kalpit Hayre,Kalpit Hayre
1742,3049,1732,Tanay wora,Tanay Vora
1713,3050,1732,Laks Bora,Laksh Bora
187,3052,1733,Arjun Jha,Arjun Jha
1742,3053,1734,Tanay Vora,Tanay Vora
1270,3059,1737,Jairaj Chada,Jairaj Chada
991,3067,1744,Yuvraj Lalla,Yuvraj Lalla
1293,3069,1745,Raghav Shenoy,Raghav Shenoy
991,3078,1749,Yuvraj Lalla,Yuvraj Lalla
815,3079,1749,saurya Pillay,Shaurya Pillai
1393,3080,1750,G Solanki,Girish Solanki
1715,3083,1751,K. Badal,Krishna Badal
1508,3088,1753,Qadim Dalal,Qadim Dalal
1293,3089,1754,R Shenoy,Raghav Shenoy
1238,3090,1755,Z Bhatia,Zashil Bhatia
1279,3096,1760,Odika Sachdev,Odika Sachdev
474,3107,1766,Agastya Chowdhury,Agastya Chowdhury
1293,3111,1770,R Shenoy,Raghav Shenoy
177,3114,1773,G. Buch,Guneet Buch
1713,3122,1778,Laks Bora,Laksh Bora
1078,3128,1783,wedant Bhakta,Vedant Bhakta
1671,3129,1784,Faraj Sathe,Faraj Sathe
177,3136,1789,Guneet Buch,Guneet Buch
443,3137,1790,Ekaraj Peri,Ekaraj Peri
734,3139,1790,K. Sane,Kabir Sane
66,3143,1792,N. Dar,Nitesh Dar
962,3144,1792,Z Sehgal,Zashil Sehgal
1019,3148,1795,V Saha,Victor Saha
1548,3152,1798,Rayaan Kohli,Rayaan Kohli
1742,3155,1799,Tanay Vora,Tanay Vora
1427,3156,1799,Veer Das,Veer Das
474,3158,1800,A. Chowdhury,Agastya Chowdhury
1480,3163,1802,Fitan Raval,Fitan Raval
1416,3165,1803,Maya Dube,Maya Dube
385,3172,1806,Christopher De,Christopher De
766,3174,1807,K. Hayre,Kalpit Hayre
758,3175,1807,B. Merchant,Bahadurjit Merchant
177,3180,1810,Guneet Buch,Guneet Buch
1376,3181,1810,Ekavir Bahl,Ekavir Bahl
497,3184,1812,Q Pall,Qasim Pall
230,3186,1813,V Majumdar,Vamakshi Majumdar
1713,3189,1814,Laksh Bora,Laksh Bora
1110,3191,1815,F Chadha,Falan Chadha
815,3192,1816,Shaurya Pillai,Shaurya Pillai
692,3194,1818,L. Kanda,Lucky Kanda
230,3196,1819,V. Majumdar,Vamakshi Majumdar
1794,3199,1821,S Parmer,Shaurya Parmer
815,3202,1822,saurya Pillay,Shaurya Pillai
187,3203,1823,A. Jha,Arjun Jha
1733,3204,1823,Chaitanya Sangha,Chaitanya Sangha
991,3205,1824,Y. Lalla,Yuvraj Lalla
66,3207,1825,N. Dar,Nitesh Dar
1486,3209,1827,Aarnav Chhabra,Aarnav Chhabra
815,3213,1830,S. Pillai,Shaurya Pillai
463,3216,1833,Dalbir Gola,Dalbir Gola
758,3226,1840,B Merchant,Bahadurjit Merchant
1497,3229,1843,Jackson Sarna,Jackson Sarna
1416,3230,1843,Maya Dube,Maya Dube
7,3232,1844,Rishi Magar,Rishi Magar
179,3233,1844,Abhimanyu Din,Abhimanyu Din
731,3235,1844,I Walla,Isaac Walla
783,3239,1846,G. Nagy,Gaurangi Nagy
1030,3240,1846,Irya Taneja,Irya Taneja
692,3242,1847,Lucky Kanda,Lucky Kanda
443,3246,1851,Ekaraj Peri,Ekaraj Peri
770,3248,1851,G Suresh,Guneet Suresh
1279,3253,1854,O Sachdev,Odika Sachdev
1393,3254,1854,G. Solanki,Girish Solanki
1446,3257,1856,Anay Pall,Anay Pall
152,3259,1858,W Dugal,Wazir Dugal
766,3262,1860,Kalpit Hayre,Kalpit Hayre
463,3264,1861,Dalbir Gola,Dalbir Gola
1733,3265,1862,C. Sangha,Chaitanya Sangha
607,3266,1862,G Khare,Gauri Khare
931,3270,1863,C Ganesh,Charles Ganesh
1019,3272,1864,Victor Saha,Victor Saha
1671,3273,1864,Faraj Sathe,Faraj Sathe
754,3275,1865,Matthew Rao,Matthew Rao
1486,3277,1867,Aarnaw Chhabra,Aarnav Chhabra
77,3280,1868,C Kaul,Caleb Kaul
186,3282,1868,Rohan Oommen,Rohan Oommen
260,3284,1870,M. Kapadia,Manthan Kapadia
737,3285,1870,Balendra Madan,Balendra Madan
230,3287,1871,Vamaksi Majumdar,Vamakshi Majumdar
1416,3291,1873,Maya Dube,Maya Dube
327,3292,1874,E Bhardwaj,Ekavir Bhardwaj
1279,3293,1875,O. Sachdev,Odika Sachdev
1778,3297,1877,Laban Bera,Laban Bera
1713,3298,1877,L Bora,Laksh Bora
765,3308,1883,B. Mane,Balveer Mane
457,3309,1884,Dakshesh Bava,Dakshesh Bava
986,3312,1884,Chandran Parekh,Chandran Parekh
1733,3315,1885,C Sangha,Chaitanya Sangha
678,3317,1887,Ikbal Mittal,Ikbal Mittal
476,3318,1888,Nathaniel Mutti,Nathaniel Mutti
474,3321,1888,Agastya Chowdhury,Agastya Chowdhury
607,3323,1889,Gauri Khare,Gauri Khare
692,3325,1890,Lucky Kanda,Lucky Kanda
1370,3326,1890,Aarna Singh,Aarna Singh
1393,3331,1892,Girish Solanki,Girish Solanki
443,3337,1897,Ekaraj Peri,Ekaraj Peri
783,3339,1898,Gaurangi Nagy,Gaurangi Nagy
726,3341,1899,Rachita Murty,Rachita Murty
1455,3348,1903,Bhavani Batra,Bhavani Batra
1490,3350,1905,Say Josi,Sai Joshi
770,3351,1906,Gunit Sures,Guneet Suresh
372,3353,1907,Ayush Ghose,Ayush Ghose
1794,3354,1908,Shaurya Parmer,Shaurya Parmer
849,3356,1909,M Mohanty,Michael Mohanty
1667,3357,1910,Faqid Triwedi,Faqid Trivedi
1490,3359,1911,S. Joshi,Sai Joshi
47,3361,1913,Michael Varkey,Michael Varkey
938,3364,1916,Harish Sehgal,Harish Sehgal
1316,3365,1917,Zayd Sriwastava,Zaid Srivastava
865,3366,1918,Gaurangi Arora,Gaurangi Arora
859,3368,1919,Hredhaan Gaba,Hredhaan Gaba
1332,3370,1920,Om wenkataraman,Om Venkataraman
1154,3371,1920,D. Kala,Dhriti Kala
1311,3379,1924,Abdul Balasubramanian,Abdul Balasubramanian
783,3380,1925,Gaurangi Nagy,Gaurangi Nagy
1794,3387,1930,saurya Parmer,Shaurya Parmer
47,3388,1930,M. Varkey,Michael Varkey
986,3389,1931,Chandran Parek,Chandran Parekh
1393,3391,1932,Giris Solanki,Girish Solanki
66,3395,1935,Nitesh Dar,Nitesh Dar
1337,3397,1935,G Bali,George Bali
1745,3398,1935,Tejas Amble,Tejas Amble
1713,3401,1937,Laksh Bora,Laksh Bora
1154,3403,1937,D Kala,Dhriti Kala
230,3405,1938,wamakshi Majumdar,Vamakshi Majumdar
758,3406,1939,Bahadurjit Merchant,Bahadurjit Merchant
1701,3408,1940,Daksesh Bhatt,Dakshesh Bhatt
931,3409,1941,Charles Ganesh,Charles Ganesh
1154,3410,1942,Dhriti Kala,Dhriti Kala
607,3413,1945,Gauri Khare,Gauri Khare
457,3415,1946,D. Bava,Dakshesh Bava
187,3418,1947,A. Jha,Arjun Jha
1446,3419,1948,A Pall,Anay Pall
1548,3426,1952,Rayaan Kohli,Rayaan Kohli
187,3428,1954,A Jha,Arjun Jha
152,3429,1954,W Dugal,Wazir Dugal
1257,3436,1959,U Chokshi,Upkaar Chokshi
692,3437,1960,Lucky Kanda,Lucky Kanda
1332,3438,1961,Om Venkataraman,Om Venkataraman
1480,3440,1962,F. Raval,Fitan Raval
344,3442,1963,Tanay Butala,Tanay Butala
443,3446,1965,Ekaraj Peri,Ekaraj Peri
986,3447,1966,Chandran Parek,Chandran Parekh
1457,3449,1968,Rehaan Mander,Rehaan Mander
1586,3450,1968,Y Varkey,Yashvi Varkey
1671,3453,1971,Faraj Sathe,Faraj Sathe
372,3454,1971,A. Ghose,Ayush Ghose
1548,3458,1972,Rayaan Kohli,Rayaan Kohli
150,3462,1974,Zayan Ratti,Zayan Ratti
1252,3464,1975,Chandran Devan,Chandran Devan
817,3471,1981,J. Deshpande,Jacob Deshpande
1572,3482,1987,A. Chandra,Avi Chandra
901,3490,1991,Chandresh Sani,Chandresh Sani
47,3492,1992,M Varkey,Michael Varkey
1742,3497,1996,T. Vora,Tanay Vora
986,3500,1998,C. Parekh,Chandran Parekh
1077,3501,1998,Tripti Mane,Tripti Mane
734,3505,2001,K. Sane,Kabir Sane
299,3506,2001,R Dasgupta,Rushil Dasgupta
142,3507,2002,Chanakya Purohit,Chanakya Purohit
1713,3510,2003,L. Bora,Laksh Bora
54,3517,2006,Chandran More,Chandran More
1480,3524,2010,Fitan Rawal,Fitan Raval
1054,3526,2010,V. Arya,Vidhi Arya
1393,3539,2020,Girish Solanki,Girish Solanki
152,3545,2025,Wazir Dugal,Wazir Dugal
1337,3547,2027,G Bali,George Bali
986,3549,2027,Chandran Parek,Chandran Parekh
1393,3551,2029,G. Solanki,Girish Solanki
815,3553,2031,saurya Pillay,Shaurya Pillai
67,3555,2032,Nimrat Goel,Nimrat Goel
1480,3562,2037,Fitan Raval,Fitan Raval
802,3566,2038,P Swamy,Pranit Swamy
1159,3568,2040,Rudra Singhal,Rudra Singhal
754,3577,2044,M. Rao,Matthew Rao
765,3579,2045,Balveer Mane,Balveer Mane
1794,3580,2046,S. Parmer,Shaurya Parmer
692,3584,2049,Lucky Kanda,Lucky Kanda
765,3586,2050,B. Mane,Balveer Mane
1586,3587,2051,Yashvi Varkey,Yashvi Varkey
224,3600,2059,Azad Mallick,Azad Mallick
155,3607,2064,J. Kapur,Janya Kapur
443,3608,2065,E. Peri,Ekaraj Peri
1740,3614,2068,Krishna Buch,Krishna Buch
187,3617,2071,A. Jha,Arjun Jha
1508,3619,2071,Q. Dalal,Qadim Dalal
66,3620,2071,Nitesh Dar,Nitesh Dar
607,3623,2074,Gauri kare,Gauri Khare
1486,3624,2074,Aarnaw Chhabra,Aarnav Chhabra
457,3626,2076,D. Bava,Dakshesh Bava
1332,3627,2077,O Venkataraman,Om Venkataraman
986,3628,2077,C. Parekh,Chandran Parekh
1508,3630,2078,Qadim Dalal,Qadim Dalal
1480,3645,2087,Fitan Raval,Fitan Raval
175,3646,2087,Nachiket Parmar,Nachiket Parmar
177,3649,2089,Gunit Buch,Guneet Buch
457,3650,2090,Dakshesh Bava,Dakshesh Bava
783,3651,2091,Gaurangi Nagy,Gaurangi Nagy
8,3657,2095,Abhiram Sarin,Abhiram Sarin
1490,3658,2096,Say Josi,Sai Joshi
134,3661,2098,Tristan Saxena,Tristan Saxena
1696,3662,2098,R. Merchant,Raghav Merchant
134,3664,2099,T Saxena,Tristan Saxena
1393,3665,2099,Girish Solanki,Girish Solanki
1733,3672,2103,Chaytanya Sangha,Chaitanya Sangha
1393,3674,2104,G Solanki,Girish Solanki
766,3677,2105,K. Hayre,Kalpit Hayre
522,3679,2106,K Trivedi,Kabir Trivedi
1257,3681,2106,Upkaar Chokshi,Upkaar Chokshi
54,3682,2107,Chandran More,Chandran More
152,3683,2107,Wazir Dugal,Wazir Dugal
1337,3691,2114,George Bali,George Bali
463,3693,2116,Dalbir Gola,Dalbir Gola
1486,3694,2116,Aarnav Chhabra,Aarnav Chhabra
1293,3695,2116,Raghaw senoy,Raghav Shenoy
1293,3697,2118,Raghav Shenoy,Raghav Shenoy
758,3705,2122,Bahadurjit Merchant,Bahadurjit Merchant
1713,3708,2124,Laksh Bora,Laksh Bora
815,3710,2125,S Pillai,Shaurya Pillai
1604,3715,2129,K. Bhakta,Karan Bhakta
1370,3717,2130,Aarna Singh,Aarna Singh
1333,3719,2131,N Dora,Nimrat Dora
1486,3722,2133,A. Chhabra,Aarnav Chhabra
551,3726,2136,M. Atwal,Mason Atwal
1446,3729,2137,A. Pall,Anay Pall
66,3730,2137,N. Dar,Nitesh Dar
1742,3733,2138,Tanay Vora,Tanay Vora
1393,3734,2139,Girish Solanki,Girish Solanki
734,3735,2139,Kabir Sane,Kabir Sane
758,3737,2140,Bahadurjit Merchant,Bahadurjit Merchant
1154,3743,2143,D Kala,Dhriti Kala
1446,3746,2144,Anay Pall,Anay Pall
1497,3748,2145,J Sarna,Jackson Sarna
766,3758,2151,K. Hayre,Kalpit Hayre
230,3761,2153,V Majumdar,Vamakshi Majumdar
1360,3763,2155,N Sibal,Neel Sibal
299,3765,2157,R Dasgupta,Rushil Dasgupta
938,3768,2158,Harish Sehgal,Harish Sehgal
1077,3776,2162,T Mane,Tripti Mane
986,3777,2162,Chandran Parekh,Chandran Parekh
54,3779,2164,Chandran More,Chandran More
1332,3783,2168,Om Venkataraman,Om Venkataraman
1370,3791,2171,A Singh,Aarna Singh
443,3795,2174,E. Peri,Ekaraj Peri
926,3796,2175,Isaac Shan,Isaac Shan
1758,3799,2177,S Bala,Samaksh Bala
931,3804,2180,Charles Ganes,Charles Ganesh
150,3807,2180,Zayan Ratti,Zayan Ratti
1019,3814,2185,Victor Saha,Victor Saha
224,3815,2186,Azad Mallick,Azad Mallick
1017,3819,2187,T Ganesan,Timothy Ganesan
443,3823,2188,E Peri,Ekaraj Peri
1281,3825,2189,Imaran Sanghvi,Imaran Sanghvi
1337,3828,2190,George Bali,George Bali
14,3830,2190,B Shenoy,Balendra Shenoy
1586,3831,2191,Yasvi warkey,Yashvi Varkey
299,3837,2194,R Dasgupta,Rushil Dasgupta
1548,3838,2194,R Kohli,Rayaan Kohli
672,3841,2195,Krishna Raja,Krishna Raja
783,3844,2197,Gaurangi Nagy,Gaurangi Nagy
1332,3853,2200,Om wenkataraman,Om Venkataraman
152,3866,2209,Wazir Dugal,Wazir Dugal
1694,3867,2210,Vedant Jha,Vedant Jha
986,3869,2210,Chandran Parekh,Chandran Parekh
1733,3874,2213,C. Sangha,Chaitanya Sangha
887,3875,2213,Nil Bhasin,Neel Bhasin
986,3876,2213,C Parekh,Chandran Parekh
758,3879,2215,B Merchant,Bahadurjit Merchant
734,3881,2217,K Sane,Kabir Sane
1671,3883,2217,Faraj Sathe,Faraj Sathe
1279,3884,2218,Odika Sachdew,Odika Sachdev
765,3886,2220,Balveer Mane,Balveer Mane
1490,3887,2221,Sai Joshi,Sai Joshi
1713,3890,2222,L Bora,Laksh Bora
887,3891,2223,Neel Bhasin,Neel Bhasin
1490,3892,2223,S. Joshi,Sai Joshi
54,3893,2223,Chandran More,Chandran More
1279,3898,2226,Odika Sachdev,Odika Sachdev
765,3903,2228,B. Mane,Balveer Mane
734,3904,2229,K. Sane,Kabir Sane
1557,3906,2230,A. Shukla,Anirudh Shukla
612,3911,2232,T Jani,Tanveer Jani
1337,3914,2235,George Bali,George Bali
224,3915,2235,A. Mallick,Azad Mallick
1486,3916,2235,Aarnav Chhabra,Aarnav Chhabra
1490,3918,2236,Say Josi,Sai Joshi
1154,3920,2237,D Kala,Dhriti Kala
815,3922,2238,Shaurya Pillai,Shaurya Pillai
47,3926,2241,M Varkey,Michael Varkey
1713,3927,2242,Laksh Bora,Laksh Bora
1490,3929,2244,S Joshi,Sai Joshi
134,3933,2247,Tristan Saxena,Tristan Saxena
229,3934,2248,J Sibal,Jonathan Sibal
1778,3936,2250,Laban Bera,Laban Bera
1778,3938,2251,Laban Bera,Laban Bera
321,3941,2252,Chatura Vala,Chatura Vala
1548,3944,2255,R. Kohli,Rayaan Kohli
1370,3950,2259,Aarna Singh,Aarna Singh
770,3951,2259,G Suresh,Guneet Suresh
815,3955,2261,S. Pillai,Shaurya Pillai
1281,3959,2263,Imaran Sanghvi,Imaran Sanghvi
734,3960,2263,Kabir Sane,Kabir Sane
1490,3965,2267,Sai Joshi,Sai Joshi
142,3967,2268,C Purohit,Chanakya Purohit
1715,3968,2269,K Badal,Krishna Badal
1436,3969,2269,Ubika Oza,Ubika Oza
130,3971,2271,R. Raman,Ranveer Raman
1270,3973,2273,Jairaj Chada,Jairaj Chada
474,3976,2275,A Chowdhury,Agastya Chowdhury
224,3978,2277,Azad Mallick,Azad Mallick
887,3986,2280,Nil Bhasin,Neel Bhasin
1713,3989,2281,Laksh Bora,Laksh Bora
1742,3991,2282,Tanay wora,Tanay Vora
906,3995,2286,wihaan ummen,Vihaan Oommen
967,3996,2286,Simon Balakrisnan,Simon Balakrishnan
1370,3997,2286,A Singh,Aarna Singh
1667,4002,2288,Faqid Trivedi,Faqid Trivedi
1077,4013,2295,T Mane,Tripti Mane
1077,4014,2296,Tripti Mane,Tripti Mane
443,4017,2298,Ekaraj Peri,Ekaraj Peri
1657,4019,2300,Baljiwan Sahota,Baljiwan Sahota
938,4021,2301,Harish Sehgal,Harish Sehgal
1352,4023,2302,Gopal Hans,Gopal Hans
1715,4026,2303,Krisna Badal,Krishna Badal
443,4027,2304,Ekaraj Peri,Ekaraj Peri
47,4028,2305,Michael Varkey,Michael Varkey
66,4030,2306,Nites Dar,Nitesh Dar
730,4033,2307,B Andra,Bachittar Andra
81,4034,2308,Mitesh Toor,Mitesh Toor
619,4037,2311,Abhimanyu Din,Abhimanyu Din
150,4042,2315,Z Ratti,Zayan Ratti
783,4049,2318,Gaurangi Nagy,Gaurangi Nagy
463,4051,2319,D. Gola,Dalbir Gola
230,4052,2320,V Majumdar,Vamakshi Majumdar
770,4053,2321,Guneet Suresh,Guneet Suresh
1030,4055,2323,I Taneja,Irya Taneja
766,4063,2328,Kalpit Hayre,Kalpit Hayre
1337,4064,2329,George Bali,George Bali
1496,4066,2329,Yagnes Loyal,Yagnesh Loyal
155,4068,2330,Janya Kapur,Janya Kapur
1699,4070,2332,Ojas Narasimhan,Ojas Narasimhan
224,4073,2334,Azad Mallick,Azad Mallick
607,4075,2334,G. Khare,Gauri Khare
1586,4077,2336,Y. Varkey,Yashvi Varkey
931,4080,2338,Charles Ganesh,Charles Ganesh
1332,4089,2343,Om wenkataraman,Om Venkataraman
474,4090,2344,A Chowdhury,Agastya Chowdhury
1497,4091,2345,Jackson Sarna,Jackson Sarna
247,4094,2347,W. Mahajan,Wyatt Mahajan
758,4095,2347,B Merchant,Bahadurjit Merchant
1586,4099,2350,Yasvi warkey,Yashvi Varkey
444,4100,2350,J Krishna,Jackson Krishna
1508,4105,2352,Qadim Dalal,Qadim Dalal
1393,4109,2354,Giris Solanki,Girish Solanki
1548,4110,2354,R. Kohli,Rayaan Kohli
1398,4113,2356,M Balay,Madhav Balay
297,4114,2356,Jonatan Mital,Jonathan Mital
872,4115,2356,Chaitanya Seth,Chaitanya Seth
1050,4116,2357,J. Guha,Jack Guha
938,4117,2358,H Sehgal,Harish Sehgal
1154,4118,2359,Dhriti Kala,Dhriti Kala
230,4122,2362,V. Majumdar,Vamakshi Majumdar
1680,4124,2364,F Mani,Finn Mani
783,4125,2364,Gaurangi Nagy,Gaurangi Nagy
1480,4135,2370,F Raval,Fitan Raval
1713,4136,2371,L. Bora,Laksh Bora
1497,4138,2372,J. Sarna,Jackson Sarna
938,4141,2374,Harish Sehgal,Harish Sehgal
938,4142,2375,H Sehgal,Harish Sehgal
278,4143,2376,M. Bobal,Manbir Bobal
1270,4144,2377,Jairaj Chada,Jairaj Chada
134,4146,2378,Tristan Saxena,Tristan Saxena
783,4147,2379,Gaurangi Nagy,Gaurangi Nagy
152,4149,2380,Wazir Dugal,Wazir Dugal
66,4151,2380,N. Dar,Nitesh Dar
1569,4152,2381,Yug Dhar,Yug Dhar
497,4153,2381,Qasim Pall,Qasim Pall
224,4155,2382,Azad Mallick,Azad Mallick
754,4157,2384,M Rao,Matthew Rao
1713,4163,2389,Laksh Bora,Laksh Bora
106,4164,2390,Banjit Rajan,Banjeet Rajan
1667,4166,2392,F Trivedi,Faqid Trivedi
931,4168,2393,Charles Ganesh,Charles Ganesh
1424,4170,2394,Isaac Vohra,Isaac Vohra
1019,4174,2397,wictor Saha,Victor Saha
443,4175,2398,E. Peri,Ekaraj Peri
1586,4176,2398,Y Varkey,Yashvi Varkey
152,4180,2401,Wazir Dugal,Wazir Dugal
142,4188,2405,Chanakya Purohit,Chanakya Purohit
187,4192,2407,Arjun Jha,Arjun Jha
1126,4194,2409,Abdul Naidu,Abdul Naidu
1030,4195,2410,I Taneja,Irya Taneja
1508,4196,2411,Q Dalal,Qadim Dalal
1077,4198,2413,T. Mane,Tripti Mane
457,4200,2415,D. Bava,Dakshesh Bava
1035,4205,2420,Ekaraj Vyas,Ekaraj Vyas
815,4210,2423,Shaurya Pillai,Shaurya Pillai
150,4213,2425,Zayan Ratti,Zayan Ratti
1332,4214,2426,Om wenkataraman,Om Venkataraman
1224,4222,2432,Chanakya Sandal,Chanakya Sandal
1332,4230,2437,Om Venkataraman,Om Venkataraman
186,4235,2440,Rohan ummen,Rohan Oommen
1794,4236,2441,saurya Parmer,Shaurya Parmer
1375,4237,2442,J Nigam,Jasmit Nigam
734,4241,2443,Kabir Sane,Kabir Sane
47,4246,2447,Michael Varkey,Michael Varkey
1505,4248,2448,Aahana Din,Aahana Din
155,4252,2452,J Kapur,Janya Kapur
607,4253,2453,Gauri kare,Gauri Khare
986,4257,2455,Chandran Parekh,Chandran Parekh
1508,4260,2457,Qadim Dalal,Qadim Dalal
1705,4266,2461,Bachittar Dora,Bachittar Dora
1270,4267,2461,Jairaj Chada,Jairaj Chada
1270,4270,2462,Jayraj Chada,Jairaj Chada
1586,4271,2463,Y. Varkey,Yashvi Varkey
186,4280,2468,R. Oommen,Rohan Oommen
887,4282,2468,Neel Bhasin,Neel Bhasin
957,4284,2469,Gopal Bawa,Gopal Bawa
1794,4292,2472,saurya Parmer,Shaurya Parmer
47,4295,2475,Michael Varkey,Michael Varkey
1486,4300,2478,A. Chhabra,Aarnav Chhabra
1352,4302,2479,G Hans,Gopal Hans
607,4303,2480,G Khare,Gauri Khare
765,4307,2482,Balvir Mane,Balveer Mane
95,4310,2485,Jasmit Hora,Jasmit Hora
1548,4315,2488,Rayaan Kohli,Rayaan Kohli
143,4316,2489,Ishwar Sabharwal,Ishwar Sabharwal
1332,4321,2490,Om wenkataraman,Om Venkataraman
1257,4323,2492,U Chokshi,Upkaar Chokshi
1279,4324,2492,Odika Sachdev,Odika Sachdev
385,4325,2492,C De,Christopher De
1548,4332,2494,R Kohli,Rayaan Kohli
47,4334,2496,Michael Varkey,Michael Varkey
150,4343,2503,Zayan Ratti,Zayan Ratti
224,4345,2505,Azad Mallick,Azad Mallick
1715,4348,2507,K Badal,Krishna Badal
443,4350,2507,Ekaraj Peri,Ekaraj Peri
1480,4353,2508,F. Raval,Fitan Raval
372,4357,2509,Ayush Ghose,Ayush Ghose
887,4358,2510,Neel Bhasin,Neel Bhasin
1713,4362,2511,Laksh Bora,Laksh Bora
1713,4365,2512,Laksh Bora,Laksh Bora
47,4377,2516,Michael Varkey,Michael Varkey
1332,4382,2517,Om Venkataraman,Om Venkataraman
1370,4383,2517,Aarna Singh,Aarna Singh
385,4386,2519,C De,Christopher De
758,4387,2520,Bahadurjit Merchant,Bahadurjit Merchant
991,4396,2525,Yuvraj Lalla,Yuvraj Lalla
765,4397,2525,Balveer Mane,Balveer Mane
1019,4399,2526,V. Saha,Victor Saha
692,4402,2528,L. Kanda,Lucky Kanda
1048,4405,2529,Arin Tak,Arin Tak
618,4406,2529,E. Gera,Ethan Gera
1794,4409,2531,S. Parmer,Shaurya Parmer
766,4411,2533,Kalpit Hayre,Kalpit Hayre
1480,4412,2534,Fitan Rawal,Fitan Raval
1030,4417,2537,I. Taneja,Irya Taneja
1270,4418,2538,Jayraj Chada,Jairaj Chada
1257,4423,2543,U Chokshi,Upkaar Chokshi
820,4424,2544,Darsh Ahuja,Darsh Ahuja
134,4425,2545,Tristan Saxena,Tristan Saxena
155,4428,2545,J. Kapur,Janya Kapur
1077,4431,2546,Tripti Mane,Tripti Mane
299,4438,2548,R Dasgupta,Rushil Dasgupta
938,4443,2550,Harish Sehgal,Harish Sehgal
719,4446,2551,Gaurangi Chand,Gaurangi Chand
1733,4447,2552,Chaytanya Sangha,Chaitanya Sangha
1030,4449,2554,Irya Taneja,Irya Taneja
457,4450,2555,D. Bava,Dakshesh Bava
497,4451,2556,Q Pall,Qasim Pall
186,4452,2557,Rohan Oommen,Rohan Oommen
1446,4453,2558,A Pall,Anay Pall
1512,4456,2561,Caleb Bath,Caleb Bath
529,4457,2561,Isaac Hayer,Isaac Hayer
372,4460,2562,A. Ghose,Ayush Ghose
754,4461,2562,M Rao,Matthew Rao
1154,4462,2563,Dhriti Kala,Dhriti Kala
522,4467,2567,Kabir Triwedi,Kabir Trivedi
1270,4468,2567,Jairaj Chada,Jairaj Chada
887,4469,2568,Nil Bhasin,Neel Bhasin
54,4470,2568,Chandran More,Chandran More
63,4471,2569,Guneet Luthra,Guneet Luthra
1077,4475,2571,Tripti Mane,Tripti Mane
1497,4478,2573,Jackson Sarna,Jackson Sarna
887,4480,2574,N. Bhasin,Neel Bhasin
1548,4482,2574,Rayaan Kohli,Rayaan Kohli
986,4483,2575,C. Parekh,Chandran Parekh
1486,4484,2576,Aarnav Chhabra,Aarnav Chhabra
692,4489,2577,Lucky Kanda,Lucky Kanda
988,4496,2581,Y. Talwar,Yahvi Talwar
443,4499,2582,Ekaraj Peri,Ekaraj Peri
961,4501,2583,D. Rajagopal,Dhruv Rajagopal
754,4504,2585,M Rao,Matthew Rao
1480,4511,2588,Fitan Rawal,Fitan Raval
607,4513,2589,Gauri Khare,Gauri Khare
1508,4515,2589,Qadim Dalal,Qadim Dalal
1593,4517,2590,Watika Mani,Watika Mani
1357,4524,2595,Om Boase,Om Boase
766,4528,2598,Kalpit Hayre,Kalpit Hayre
734,4532,2601,K. Sane,Kabir Sane
134,4533,2601,T Saxena,Tristan Saxena
152,4534,2601,Wazir Dugal,Wazir Dugal
474,4536,2602,Agastya Chowdhury,Agastya Chowdhury
661,4537,2603,P Madan,Parth Madan
54,4540,2606,C. More,Chandran More
783,4542,2608,Gaurangi Nagy,Gaurangi Nagy
783,4546,2609,G Nagy,Gaurangi Nagy
187,4549,2610,Arjun Jha,Arjun Jha
155,4551,2610,J. Kapur,Janya Kapur
1436,4552,2611,Ubika Oza,Ubika Oza
1486,4553,2612,Aarnav Chhabra,Aarnav Chhabra
607,4554,2613,Gauri Khare,Gauri Khare
372,4560,2616,A Ghose,Ayush Ghose
1281,4564,2618,Imaran Sanghwi,Imaran Sanghvi
47,4570,2621,Michael warkey,Michael Varkey
1270,4572,2621,Jairaj Chada,Jairaj Chada
457,4573,2622,D. Bava,Dakshesh Bava
988,4575,2623,Y. Talwar,Yahvi Talwar
931,4577,2625,Charles Ganesh,Charles Ganesh
754,4583,2630,M. Rao,Matthew Rao
760,4584,2631,Yuwraj Garde,Yuvraj Garde
931,4586,2632,Charles Ganesh,Charles Ganesh
887,4587,2632,Nil Bhasin,Neel Bhasin
1778,4588,2632,Laban Bera,Laban Bera
1733,4590,2634,C Sangha,Chaitanya Sangha
224,4592,2635,A Mallick,Azad Mallick
372,4598,2639,A Ghose,Ayush Ghose
1293,4599,2640,Raghav Shenoy,Raghav Shenoy
385,4602,2642,Christopher De,Christopher De
1733,4603,2643,C. Sangha,Chaitanya Sangha
420,4605,2644,Krishna Toor,Krishna Toor
1713,4606,2644,Laksh Bora,Laksh Bora
1446,4607,2644,A Pall,Anay Pall
372,4611,2646,Ayus Ghose,Ayush Ghose
692,4612,2647,Lucky Kanda,Lucky Kanda
1446,4616,2650,Anay Pall,Anay Pall
783,4617,2650,G Nagy,Gaurangi Nagy
1077,4622,2652,Tripti Mane,Tripti Mane
1486,4624,2653,Aarnaw Chhabra,Aarnav Chhabra
1077,4626,2653,Tripti Mane,Tripti Mane
1733,4627,2654,C Sangha,Chaitanya Sangha
1436,4628,2655,Ubika Oza,Ubika Oza
931,4638,2659,Charles Ganesh,Charles Ganesh
443,4641,2662,Ekaraj Peri,Ekaraj Peri
1257,4642,2662,Upkaar Chokshi,Upkaar Chokshi
734,4645,2663,K. Sane,Kabir Sane
1270,4656,2670,J. Chada,Jairaj Chada
692,4662,2672,Lucky Kanda,Lucky Kanda
1030,4669,2674,Irya Taneja,Irya Taneja
1586,4673,2676,Y Varkey,Yashvi Varkey
1532,4675,2677,R Peri,Raghav Peri
1715,4678,2679,K. Badal,Krishna Badal
887,4681,2680,N. Bhasin,Neel Bhasin
887,4683,2680,Neel Bhasin,Neel Bhasin
1337,4687,2682,George Bali,George Bali
224,4691,2684,Azad Mallick,Azad Mallick
478,4693,2686,S Mander,Samaksh Mander
457,4694,2687,D Bava,Dakshesh Bava
607,4695,2688,G Khare,Gauri Khare
1715,4696,2689,Krishna Badal,Krishna Badal
34,4704,2696,B Murty,Bahadurjit Murty
1548,4705,2696,R Kohli,Rayaan Kohli
766,4712,2700,K Hayre,Kalpit Hayre
1486,4716,2703,Aarnav Chhabra,Aarnav Chhabra
988,4719,2706,Yahvi Talwar,Yahvi Talwar
938,4722,2708,Haris Sehgal,Harish Sehgal
30,4724,2709,Nakul Minhas,Nakul Minhas
474,4726,2710,Agastya Chowdhury,Agastya Chowdhury
692,4729,2712,Lucky Kanda,Lucky Kanda
1778,4732,2714,L Bera,Laban Bera
1436,4733,2714,Ubika Oza,Ubika Oza
815,4734,2715,Shaurya Pillai,Shaurya Pillai
142,4736,2716,C. Purohit,Chanakya Purohit
1352,4742,2718,Gopal Hans,Gopal Hans
986,4743,2718,Chandran Parek,Chandran Parekh
1389,4744,2719,A Mannan,Atharv Mannan
372,4746,2720,Ayush Ghose,Ayush Ghose
1281,4757,2726,Imaran Sanghwi,Imaran Sanghvi
155,4762,2728,Janya Kapur,Janya Kapur
299,4767,2732,Rusil Dasgupta,Rushil Dasgupta
1667,4768,2732,Faqid Trivedi,Faqid Trivedi
931,4769,2733,C. Ganesh,Charles Ganesh
1446,4770,2733,A. Pall,Anay Pall
1508,4771,2734,Q Dalal,Qadim Dalal
991,4776,2738,Yuvraj Lalla,Yuvraj Lalla
372,4779,2740,Ayush Ghose,Ayush Ghose
607,4780,2741,Gauri kare,Gauri Khare
299,4781,2741,Rushil Dasgupta,Rushil Dasgupta
1486,4783,2742,A. Chhabra,Aarnav Chhabra
986,4792,2748,Chandran Parekh,Chandran Parekh
1715,4794,2750,Krishna Badal,Krishna Badal
758,4795,2751,B Merchant,Bahadurjit Merchant
463,4797,2752,Dalbir Gola,Dalbir Gola
190,4799,2753,Y. Samra,Yachana Samra
1446,4801,2755,Anay Pall,Anay Pall
842,4802,2755,Anay Mane,Anay Mane
783,4803,2756,Gaurangi Nagy,Gaurangi Nagy
299,4805,2758,Rushil Dasgupta,Rushil Dasgupta
758,4810,2761,Bahadurjit Merchant,Bahadurjit Merchant
938,4816,2765,H Sehgal,Harish Sehgal
1742,4817,2765,T Vora,Tanay Vora
783,4818,2766,Gaurangi Nagy,Gaurangi Nagy
134,4821,2767,T. Saxena,Tristan Saxena
299,4822,2768,R Dasgupta,Rushil Dasgupta
1393,4823,2769,Girish Solanki,Girish Solanki
1778,4827,2771,Laban Bera,Laban Bera
1279,4830,2772,O Sachdev,Odika Sachdev
134,4836,2776,Tristan Saxena,Tristan Saxena
931,4842,2780,C. Ganesh,Charles Ganesh
692,4843,2781,Lucky Kanda,Lucky Kanda
1671,4847,2784,F. Sathe,Faraj Sathe
1480,4848,2785,Fitan Raval,Fitan Raval
1281,4850,2786,I Sanghvi,Imaran Sanghvi
1631,4852,2787,Ekawir Sastry,Ekavir Sastry
155,4860,2794,J Kapur,Janya Kapur
1497,4862,2796,Jackson Sarna,Jackson Sarna
1393,4864,2798,Girish Solanki,Girish Solanki
1733,4870,2800,Chaitanya Sangha,Chaitanya Sangha
152,4873,2803,W. Dugal,Wazir Dugal
988,4879,2808,Y Talwar,Yahvi Talwar
47,4882,2808,M Varkey,Michael Varkey
986,4883,2809,C. Parekh,Chandran Parekh
443,4884,2809,E Peri,Ekaraj Peri
1279,4885,2810,O. Sachdev,Odika Sachdev
1332,4886,2811,O Venkataraman,Om Venkataraman
1490,4888,2813,Say Josi,Sai Joshi
146,4890,2814,Rayaan Sankar,Rayaan Sankar
1416,4893,2816,Maya Dube,Maya Dube
177,4895,2818,Guneet Buch,Guneet Buch
1490,4897,2819,Sai Joshi,Sai Joshi
765,4900,2820,B Mane,Balveer Mane
47,4907,2824,Michael Varkey,Michael Varkey
1370,4909,2825,Aarna Singh,Aarna Singh
230,4913,2827,Vamakshi Majumdar,Vamakshi Majumdar
1794,4921,2832,Shaurya Parmer,Shaurya Parmer
463,4922,2832,Dalbir Gola,Dalbir Gola
155,4923,2833,J Kapur,Janya Kapur
1436,4925,2833,U. Oza,Ubika Oza
463,4928,2834,Dalbir Gola,Dalbir Gola
1480,4929,2835,F Raval,Fitan Raval
374,4931,2837,Yatin Manne,Yatin Manne
1410,4936,2840,L Wable,Laban Wable
1270,4948,2845,Jairaj Chada,Jairaj Chada
1783,4951,2846,Chandran Bath,Chandran Bath
1293,4954,2849,Raghaw senoy,Raghav Shenoy
1257,4957,2850,Upkaar Chokshi,Upkaar Chokshi
758,4960,2851,B Merchant,Bahadurjit Merchant
230,4968,2857,Vamakshi Majumdar,Vamakshi Majumdar
1457,4970,2857,R. Mander,Rehaan Mander
607,4974,2860,Gauri Khare,Gauri Khare
986,4975,2861,C Parekh,Chandran Parekh
497,4982,2865,Q Pall,Qasim Pall
474,4989,2871,Agastya Chowdhury,Agastya Chowdhury
1550,4990,2872,M. Pant,Max Pant
1370,4992,2873,Aarna Singh,Aarna Singh
385,4994,2874,C. De,Christopher De
1030,4996,2876,I. Taneja,Irya Taneja
1352,4998,2876,Gopal Hans,Gopal Hans
1416,4999,2877,M Dube,Maya Dube
1480,5001,2879,Fitan Rawal,Fitan Raval
155,5003,2881,Janya Kapur,Janya Kapur
47,5004,2882,M. Varkey,Michael Varkey
1586,5007,2882,Y. Varkey,Yashvi Varkey
497,5008,2883,Qasim Pall,Qasim Pall
177,5013,2886,G Buch,Guneet Buch
134,5018,2888,Tristan Saxena,Tristan Saxena
1332,5020,2890,Om Venkataraman,Om Venkataraman
1293,5024,2891,R Shenoy,Raghav Shenoy
1352,5030,2894,G. Hans,Gopal Hans
174,5032,2894,C Dubey,Chanakya Dubey
758,5044,2901,Bahadurjit Merchant,Bahadurjit Merchant
1337,5045,2902,G. Bali,George Bali
299,5052,2906,R Dasgupta,Rushil Dasgupta
1446,5058,2908,A. Pall,Anay Pall
1714,5059,2908,Utkars Chana,Utkarsh Chana
356,5063,2911,C. Jani,Chandresh Jani
1713,5070,2914,Laksh Bora,Laksh Bora
931,5072,2914,Charles Ganes,Charles Ganesh
986,5073,2915,Chandran Parekh,Chandran Parekh
1713,5077,2919,L. Bora,Laksh Bora
1671,5084,2924,Faraj Sathe,Faraj Sathe
1541,5087,2925,Aadi Bhasin,Aadi Bhasin
152,5095,2929,Wazir Dugal,Wazir Dugal
1446,5099,2931,A Pall,Anay Pall
887,5103,2933,N. Bhasin,Neel Bhasin
878,5110,2937,Ryan Kadakia,Ryan Kadakia
607,5112,2938,G Khare,Gauri Khare
1416,5117,2942,Maya Dube,Maya Dube
1281,5122,2944,Imaran Sanghvi,Imaran Sanghvi
88,5123,2945,N. Lanka,Naksh Lanka
307,5124,2945,Ayus Kaur,Ayush Kaur
1337,5125,2945,G. Bali,George Bali
938,5130,2948,Harish Sehgal,Harish Sehgal
991,5133,2949,Yuvraj Lalla,Yuvraj Lalla
457,5134,2949,Dakshesh Bava,Dakshesh Bava
341,5140,2953,Kabir Rattan,Kabir Rattan
770,5142,2954,Guneet Suresh,Guneet Suresh
758,5144,2956,Bahadurjit Merchant,Bahadurjit Merchant
924,5147,2958,Chandresh Oommen,Chandresh Oommen
1480,5148,2958,Fitan Raval,Fitan Raval
986,5155,2963,Chandran Parek,Chandran Parekh
1490,5159,2965,S Joshi,Sai Joshi
1370,5160,2966,A Singh,Aarna Singh
186,5161,2966,R. Oommen,Rohan Oommen
152,5170,2972,Wazir Dugal,Wazir Dugal
111,5171,2973,Onveer Dutta,Onveer Dutta
152,5173,2975,W. Dugal,Wazir Dugal
155,5174,2975,J. Kapur,Janya Kapur
457,5177,2977,D. Bava,Dakshesh Bava
1669,5179,2979,Urmi Nagarajan,Urmi Nagarajan
1373,5186,2982,Guneet Mittal,Guneet Mittal
142,5188,2984,Chanakya Purohit,Chanakya Purohit
765,5194,2986,Balveer Mane,Balveer Mane
1742,5195,2986,Tanay Vora,Tanay Vora
887,5196,2986,Neel Bhasin,Neel Bhasin
815,5204,2991,saurya Pillay,Shaurya Pillai
1480,5205,2991,Fitan Raval,Fitan Raval
1497,5206,2991,J Sarna,Jackson Sarna
1370,5207,2992,Aarna Singh,Aarna Singh
1293,5210,2994,Raghaw senoy,Raghav Shenoy
1332,5213,2996,O Venkataraman,Om Venkataraman
142,5214,2996,C. Purohit,Chanakya Purohit
545,5216,2998,R Bali,Rayaan Bali
1586,5217,2999,Y. Varkey,Yashvi Varkey
299,5220,3001,Rushil Dasgupta,Rushil Dasgupta
573,5221,3002,W Bhat,Wridesh Bhat
186,5224,3004,Rohan ummen,Rohan Oommen
991,5228,3005,Y. Lalla,Yuvraj Lalla
443,5236,3011,E Peri,Ekaraj Peri
1586,5244,3017,Y. Varkey,Yashvi Varkey
1270,5249,3020,Jayraj Chada,Jairaj Chada
1713,5250,3020,L Bora,Laksh Bora
1270,5252,3021,J. Chada,Jairaj Chada
1715,5265,3027,Krisna Badal,Krishna Badal
1490,5267,3029,Sai Joshi,Sai Joshi
692,5271,3033,L. Kanda,Lucky Kanda
1383,5272,3033,C. Minhas,Chatura Minhas
988,5275,3036,Y Talwar,Yahvi Talwar
463,5276,3036,D. Gola,Dalbir Gola
1794,5277,3036,Shaurya Parmer,Shaurya Parmer
557,5288,3042,H. Chad,Hemang Chad
1154,5290,3043,Dhriti Kala,Dhriti Kala
938,5291,3044,H. Sehgal,Harish Sehgal
224,5295,3048,Azad Mallick,Azad Mallick
1332,5297,3049,Om Venkataraman,Om Venkataraman
1030,5302,3053,I Taneja,Irya Taneja
1713,5310,3058,Laks Bora,Laksh Bora
474,5311,3058,A Chowdhury,Agastya Chowdhury
815,5313,3059,S Pillai,Shaurya Pillai
276,5318,3061,Chaitaly Agarwal,Chaitaly Agarwal
474,5319,3062,A Chowdhury,Agastya Chowdhury
1486,5321,3063,Aarnav Chhabra,Aarnav Chhabra
1332,5325,3065,O Venkataraman,Om Venkataraman
1257,5328,3066,U. Chokshi,Upkaar Chokshi
155,5333,3068,J Kapur,Janya Kapur
1778,5334,3069,Laban Bera,Laban Bera
1490,5339,3071,S. Joshi,Sai Joshi
1270,5342,3074,Jairaj Chada,Jairaj Chada
66,5343,3074,N Dar,Nitesh Dar
986,5346,3075,Chandran Parekh,Chandran Parekh
560,5348,3076,D. Mangal,Darpan Mangal
1393,5351,3078,G. Solanki,Girish Solanki
152,5352,3078,Wazir Dugal,Wazir Dugal
1077,5359,3080,T Mane,Tripti Mane
1352,5360,3080,G. Hans,Gopal Hans
1141,5361,3080,Laksit Balay,Lakshit Balay
443,5362,3081,E. Peri,Ekaraj Peri
1086,5365,3083,H. Solanki,Hardik Solanki
734,5366,3084,Kabir Sane,Kabir Sane
1742,5367,3085,Tanay Vora,Tanay Vora
1586,5381,3091,Y Varkey,Yashvi Varkey
1279,5398,3098,O Sachdev,Odika Sachdev
1337,5401,3099,George Bali,George Bali
441,5403,3099,Ishita Shah,Ishita Shah
692,5408,3102,Lucky Kanda,Lucky Kanda
1279,5412,3103,O Sachdev,Odika Sachdev
1416,5413,3104,Maya Dube,Maya Dube
93,5420,3108,Yagnes Sura,Yagnesh Sura
1370,5421,3109,A. Singh,Aarna Singh
1508,5424,3111,Qadim Dalal,Qadim Dalal
474,5425,3111,A Chowdhury,Agastya Chowdhury
769,5426,3111,Omkaar Sagar,Omkaar Sagar
187,5428,3112,Arjun Jha,Arjun Jha
137,5429,3112,Indrajit setty,Indrajit Shetty
1261,5430,3112,G. Borah,Guneet Borah
1279,5431,3113,Odika Sachdev,Odika Sachdev
1508,5437,3116,Q. Dalal,Qadim Dalal
726,5439,3117,R. Murty,Rachita Murty
372,5443,3118,Ayush Ghose,Ayush Ghose
372,5444,3119,A Ghose,Ayush Ghose
1742,5446,3119,Tanay Vora,Tanay Vora
758,5454,3124,Bahadurjit Merchant,Bahadurjit Merchant
1480,5459,3126,Fitan Raval,Fitan Raval
430,5461,3128,F. D’Alia,Faris D’Alia
1457,5465,3130,Rehaan Mander,Rehaan Mander
904,5468,3131,Ekaraj Lal,Ekaraj Lal
1759,5473,3132,M Pathak,Mitesh Pathak
142,5474,3133,C. Purohit,Chanakya Purohit
1393,5477,3134,Giris Solanki,Girish Solanki
838,5478,3134,Jeet Palla,Jeet Palla
553,5480,3135,T. Parmar,Thomas Parmar
433,5481,3136,Pranit Balan,Pranit Balan
692,5488,3138,Lucky Kanda,Lucky Kanda
187,5492,3141,Arjun Jha,Arjun Jha
815,5497,3144,S Pillai,Shaurya Pillai
1274,5499,3145,Rachit Bava,Rachit Bava
1348,5502,3147,Tarak Sha,Tarak Sha
692,5504,3148,L Kanda,Lucky Kanda
1167,5510,3152,M Dave,Max Dave
474,5511,3152,A Chowdhury,Agastya Chowdhury
1713,5515,3154,Laksh Bora,Laksh Bora
988,5516,3154,Y Talwar,Yahvi Talwar
1586,5517,3155,Yashvi Varkey,Yashvi Varkey
931,5519,3155,Charles Ganesh,Charles Ganesh
938,5523,3156,H. Sehgal,Harish Sehgal
186,5528,3158,R Oommen,Rohan Oommen
1449,5533,3159,Logan Chaudhary,Logan Chaudhary
607,5537,3162,G Khare,Gauri Khare
1332,5539,3163,O. Venkataraman,Om Venkataraman
1512,5542,3165,C. Bath,Caleb Bath
150,5544,3166,Zayan Ratti,Zayan Ratti
47,5558,3176,Michael Varkey,Michael Varkey
991,5564,3178,Y Lalla,Yuvraj Lalla
177,5570,3181,Guneet Buch,Guneet Buch
134,5580,3185,Tristan Saxena,Tristan Saxena
1742,5582,3187,Tanay Vora,Tanay Vora
1154,5584,3188,D Kala,Dhriti Kala
299,5585,3188,R. Dasgupta,Rushil Dasgupta
1215,5587,3190,Eiravati Chaudhry,Eiravati Chaudhry
497,5592,3194,Qasim Pall,Qasim Pall
876,5595,3195,Yatan Dasgupta,Yatan Dasgupta
66,5599,3197,N Dar,Nitesh Dar
1497,5601,3199,J Sarna,Jackson Sarna
1270,5602,3199,Jairaj Chada,Jairaj Chada
1480,5607,3202,Fitan Raval,Fitan Raval
1332,5608,3202,O. Venkataraman,Om Venkataraman
1742,5610,3203,T Vora,Tanay Vora
142,5611,3203,C Purohit,Chanakya Purohit
1077,5612,3204,Tripti Mane,Tripti Mane
863,5613,3205,Nitesh Seth,Nitesh Seth
986,5614,3206,C Parekh,Chandran Parekh
225,5618,3209,E. Bir,Ekapad Bir
1794,5619,3210,S. Parmer,Shaurya Parmer
1142,5621,3212,Hites Sur,Hitesh Sur
1019,5626,3215,Victor Saha,Victor Saha
1077,5635,3222,T. Mane,Tripti Mane
380,5639,3224,Gaurav Dugar,Gaurav Dugar
410,5640,3225,Neel Varghese,Neel Varghese
600,5642,3226,Chanchal Bali,Chanchal Bali
938,5647,3229,Haris Sehgal,Harish Sehgal
991,5650,3230,Yuvraj Lalla,Yuvraj Lalla
1548,5652,3231,R. Kohli,Rayaan Kohli
938,5653,3232,Haris Sehgal,Harish Sehgal
457,5654,3233,D. Bava,Dakshesh Bava
887,5657,3234,Neel Bhasin,Neel Bhasin
887,5658,3235,N. Bhasin,Neel Bhasin
1350,5659,3236,Frado Rout,Frado Rout
15,5670,3242,Jasmit Vala,Jasmit Vala
1077,5675,3245,Tripti Mane,Tripti Mane
986,5677,3247,Chandran Parekh,Chandran Parekh
770,5679,3247,Gunit Sures,Guneet Suresh
134,5680,3247,Tristan Saxena,Tristan Saxena
474,5684,3250,Agastya Chowdhury,Agastya Chowdhury
758,5685,3251,Bahadurjit Merchant,Bahadurjit Merchant
66,5686,3251,N Dar,Nitesh Dar
1733,5687,3251,Chaitanya Sangha,Chaitanya Sangha
754,5688,3252,Matthew Rao,Matthew Rao
991,5690,3252,Yuvraj Lalla,Yuvraj Lalla
1281,5693,3255,I Sanghvi,Imaran Sanghvi
186,5696,3257,R. Oommen,Rohan Oommen
692,5704,3263,L Kanda,Lucky Kanda
1457,5713,3267,R Mander,Rehaan Mander
1713,5720,3271,L Bora,Laksh Bora
991,5721,3271,Y. Lalla,Yuvraj Lalla
299,5723,3272,R Dasgupta,Rushil Dasgupta
1742,5724,3273,Tanay Vora,Tanay Vora
1154,5727,3276,D. Kala,Dhriti Kala
796,5729,3277,Mitesh Sehgal,Mitesh Sehgal
692,5731,3278,L. Kanda,Lucky Kanda
754,5735,3280,Mattew Rao,Matthew Rao
754,5738,3281,M. Rao,Matthew Rao
887,5739,3281,Nil Bhasin,Neel Bhasin
765,5742,3283,B. Mane,Balveer Mane
385,5743,3284,C. De,Christopher De
1794,5750,3288,Shaurya Parmer,Shaurya Parmer
497,5756,3293,Q Pall,Qasim Pall
47,5767,3299,Michael warkey,Michael Varkey
938,5771,3301,Harish Sehgal,Harish Sehgal
1337,5772,3302,G Bali,George Bali
1794,5774,3304,Shaurya Parmer,Shaurya Parmer
152,5775,3305,Wazir Dugal,Wazir Dugal
1715,5777,3306,Krishna Badal,Krishna Badal
1497,5778,3306,Jackson Sarna,Jackson Sarna
155,5779,3306,Janya Kapur,Janya Kapur
1352,5780,3307,G Hans,Gopal Hans
304,5782,3307,Balendra Comar,Balendra Comar
30,5786,3310,N Minhas,Nakul Minhas
497,5788,3311,Qasim Pall,Qasim Pall
887,5789,3312,Neel Bhasin,Neel Bhasin
1742,5794,3314,Tanay Vora,Tanay Vora
1446,5796,3316,A Pall,Anay Pall
385,5797,3316,C. De,Christopher De
1586,5800,3319,Y. Varkey,Yashvi Varkey
477,5801,3320,G Memon,Gabriel Memon
134,5804,3322,Tristan Saxena,Tristan Saxena
765,5805,3322,Balveer Mane,Balveer Mane
443,5807,3323,Ekaraj Peri,Ekaraj Peri
925,5809,3325,Om Sinha,Om Sinha
142,5812,3327,Chanakya Purohit,Chanakya Purohit
1446,5813,3328,Anay Pall,Anay Pall
580,5816,3331,N Toor,Nicholas Toor
230,5819,3333,V Majumdar,Vamakshi Majumdar
474,5821,3334,Agastya Chowdhury,Agastya Chowdhury
1436,5822,3335,Ubika Oza,Ubika Oza
1352,5831,3341,G. Hans,Gopal Hans
457,5832,3342,D Bava,Dakshesh Bava
258,5833,3342,Darsh Sule,Darsh Sule
839,5836,3343,Chatura Kala,Chatura Kala
607,5839,3344,Gauri Khare,Gauri Khare
47,5842,3345,M Varkey,Michael Varkey
142,5843,3345,Chanakya Purohit,Chanakya Purohit
1270,5844,3345,J. Chada,Jairaj Chada
549,5847,3347,Isaan Atwal,Ishaan Atwal
991,5850,3349,Yuwraj Lalla,Yuvraj Lalla
1279,5851,3349,O. Sachdev,Odika Sachdev
1486,5852,3349,Aarnaw Chhabra,Aarnav Chhabra
385,5856,3353,C De,Christopher De
526,5860,3356,Samar Vasa,Samar Vasa
187,5861,3357,Arjun Jha,Arjun Jha
1337,5862,3358,G Bali,George Bali
66,5863,3358,Nitesh Dar,Nitesh Dar
1281,5864,3359,Imaran Sanghvi,Imaran Sanghvi
385,5869,3361,C. De,Christopher De
1352,5871,3362,G. Hans,Gopal Hans
1446,5872,3363,Anay Pall,Anay Pall
989,5873,3364,B. Ramesh,Balvan Ramesh
457,5876,3367,Daksesh Bawa,Dakshesh Bava
1742,5890,3376,Tanay Vora,Tanay Vora
1370,5891,3377,Aarna Singh,Aarna Singh
692,5894,3380,Lucky Kanda,Lucky Kanda
1335,5895,3381,Nandini Pant,Nandini Pant
142,5896,3382,C. Purohit,Chanakya Purohit
1457,5897,3383,Rehaan Mander,Rehaan Mander
1352,5898,3383,Gopal Hans,Gopal Hans
1416,5902,3384,Maya Dube,Maya Dube
1722,5905,3386,Tanveer Raghavan,Tanveer Raghavan
1337,5908,3388,George Bali,George Bali
908,5915,3392,B. Kanda,Balhaar Kanda
177,5917,3394,Guneet Buch,Guneet Buch
1393,5919,3395,G. Solanki,Girish Solanki
177,5921,3397,Guneet Buch,Guneet Buch
765,5922,3398,Balveer Mane,Balveer Mane
1121,5923,3398,V. Wali,Vincent Wali
84,5924,3399,Jackson Srivastava,Jackson Srivastava
682,5926,3401,Samarth Padmanabhan,Samarth Padmanabhan
94,5931,3404,Mitesh Sandhu,Mitesh Sandhu
372,5936,3407,Ayush Ghose,Ayush Ghose
155,5937,3407,J. Kapur,Janya Kapur
1794,5939,3408,S Parmer,Shaurya Parmer
54,5942,3409,C. More,Chandran More
569,5952,3418,Hites Borra,Hitesh Borra
1352,5954,3419,G. Hans,Gopal Hans
869,5957,3420,Anmol Acharya,Anmol Acharya
770,5959,3422,Guneet Suresh,Guneet Suresh
986,5960,3423,C. Parekh,Chandran Parekh
1667,5962,3424,Faqid Trivedi,Faqid Trivedi
152,5963,3425,Wazir Dugal,Wazir Dugal
230,5964,3425,Vamakshi Majumdar,Vamakshi Majumdar
1508,5967,3426,Qadim Dalal,Qadim Dalal
1393,5972,3428,Girish Solanki,Girish Solanki
1739,5985,3437,N Chandran,Nakul Chandran
177,5986,3437,G. Buch,Guneet Buch
224,5987,3438,Azad Mallick,Azad Mallick
47,5988,3439,Michael Varkey,Michael Varkey
1281,5989,3440,Imaran Sanghwi,Imaran Sanghvi
230,5996,3447,wamakshi Majumdar,Vamakshi Majumdar
1457,6001,3448,Rehaan Mander,Rehaan Mander
1370,6002,3449,A. Singh,Aarna Singh
385,6004,3450,Christopher De,Christopher De
1077,6007,3450,Tripti Mane,Tripti Mane
596,6009,3451,N Mohan,Nakul Mohan
1077,6010,3452,Tripti Mane,Tripti Mane
1778,6015,3455,Laban Bera,Laban Bera
177,6018,3457,G Buch,Guneet Buch
152,6019,3458,Wazir Dugal,Wazir Dugal
1586,6020,3458,Y. Varkey,Yashvi Varkey
1479,6023,3460,Anay taman,Anay Thaman
463,6026,3460,Dalbir Gola,Dalbir Gola
815,6027,3461,saurya Pillay,Shaurya Pillai
1715,6029,3462,K Badal,Krishna Badal
1279,6031,3464,O Sachdev,Odika Sachdev
1197,6038,3468,Abhimanyu Garde,Abhimanyu Garde
1457,6040,3469,Rehaan Mander,Rehaan Mander
766,6041,3470,Kalpit Hayre,Kalpit Hayre
155,6042,3471,J. Kapur,Janya Kapur
1794,6046,3473,Shaurya Parmer,Shaurya Parmer
1715,6047,3474,K Badal,Krishna Badal
151,6048,3474,Wahab Kant,Wahab Kant
1332,6049,3474,Om wenkataraman,Om Venkataraman
991,6051,3475,Y Lalla,Yuvraj Lalla
1457,6052,3476,Rehaan Mander,Rehaan Mander
497,6054,3476,Q. Pall,Qasim Pall
938,6064,3482,H. Sehgal,Harish Sehgal
1416,6065,3482,Maya Dube,Maya Dube
1279,6066,3482,Odika Sachdew,Odika Sachdev
36,6068,3484,V. Chowdhury,Vedant Chowdhury
988,6071,3487,Yahvi Talwar,Yahvi Talwar
134,6076,3489,Tristan Saxena,Tristan Saxena
754,6079,3491,M. Rao,Matthew Rao
1279,6080,3492,O. Sachdev,Odika Sachdev
230,6083,3494,wamakshi Majumdar,Vamakshi Majumdar
751,6085,3496,F. Goel,Farhan Goel
815,6088,3499,Shaurya Pillai,Shaurya Pillai
1279,6090,3501,Odika Sachdev,Odika Sachdev
866,6091,3502,Ranweer Bal,Ranveer Bal
1778,6095,3503,Laban Bera,Laban Bera
29,6097,3503,C Kala,Caleb Kala
308,6102,3506,Mason Goda,Mason Goda
1671,6104,3507,Faraj Sathe,Faraj Sathe
356,6105,3508,C Jani,Chandresh Jani
385,6106,3508,Christofer De,Christopher De
1257,6108,3509,Upkaar Chokshi,Upkaar Chokshi
463,6109,3509,D Gola,Dalbir Gola
474,6115,3512,A Chowdhury,Agastya Chowdhury
1393,6119,3513,G Solanki,Girish Solanki
765,6120,3513,B. Mane,Balveer Mane
1332,6121,3514,Om Venkataraman,Om Venkataraman
1746,6123,3515,Praneel Ratta,Praneel Ratta
134,6126,3517,Tristan Saxena,Tristan Saxena
1667,6127,3517,Faqid Triwedi,Faqid Trivedi
1279,6130,3519,O. Sachdev,Odika Sachdev
152,6133,3521,Wazir Dugal,Wazir Dugal
1312,6135,3522,A. Rastogi,Aarnav Rastogi
766,6136,3522,Kalpit Hayre,Kalpit Hayre
134,6137,3523,T Saxena,Tristan Saxena
1508,6139,3525,Q Dalal,Qadim Dalal
1416,6140,3525,Maya Dube,Maya Dube
299,6144,3527,R Dasgupta,Rushil Dasgupta
1446,6151,3534,Anay Pall,Anay Pall
1508,6155,3535,Q. Dalal,Qadim Dalal
1154,6158,3538,D Kala,Dhriti Kala
912,6161,3541,A Dara,Aryan Dara
187,6165,3544,A Jha,Arjun Jha
1257,6168,3547,Upkaar Chokshi,Upkaar Chokshi
758,6169,3547,Bahadurjit Merchant,Bahadurjit Merchant
1778,6171,3548,Laban Bera,Laban Bera
1066,6175,3551,V More,Vanya More
692,6178,3552,L. Kanda,Lucky Kanda
177,6180,3552,Guneet Buch,Guneet Buch
443,6182,3553,E Peri,Ekaraj Peri
177,6185,3554,Guneet Buch,Guneet Buch
45,6186,3554,Chaman Sriniwasan,Chaman Srinivasan
858,6188,3556,B. Dash,Bahadurjit Dash
1480,6189,3556,F. Raval,Fitan Raval
765,6192,3557,Balvir Mane,Balveer Mane
1270,6195,3560,Jayraj Chada,Jairaj Chada
457,6199,3562,Dakshesh Bava,Dakshesh Bava
766,6202,3564,Kalpit Hayre,Kalpit Hayre
372,6208,3568,A Ghose,Ayush Ghose
54,6211,3570,C More,Chandran More
39,6213,3570,Anmol Kumer,Anmol Kumer
1257,6216,3572,U Chokshi,Upkaar Chokshi
150,6218,3573,Zayan Ratti,Zayan Ratti
605,6219,3574,Nathan Bhat,Nathan Bhat
1332,6223,3576,O. Venkataraman,Om Venkataraman
887,6226,3576,Neel Bhasin,Neel Bhasin
1108,6229,3579,Ekalinga Mitra,Ekalinga Mitra
1679,6233,3580,Gopal Krish,Gopal Krish
103,6234,3581,Tarak Madan,Tarak Madan
1077,6246,3587,Tripti Mane,Tripti Mane
1337,6251,3592,G Bali,George Bali
991,6253,3594,Y. Lalla,Yuvraj Lalla
1137,6254,3594,Yas Narasimhan,Yash Narasimhan
1030,6256,3596,Irya Taneja,Irya Taneja
474,6263,3599,A Chowdhury,Agastya Chowdhury
1209,6266,3601,E. Magar,Ekansh Magar
962,6269,3604,Z Sehgal,Zashil Sehgal
734,6270,3605,Kabir Sane,Kabir Sane
1352,6271,3605,Gopal Hans,Gopal Hans
1083,6275,3607,V Majumdar,Victor Majumdar
372,6278,3608,A. Ghose,Ayush Ghose
1257,6280,3610,U. Chokshi,Upkaar Chokshi
1281,6281,3610,I Sanghvi,Imaran Sanghvi
372,6288,3615,Ayush Ghose,Ayush Ghose
1794,6291,3616,Shaurya Parmer,Shaurya Parmer
463,6292,3616,Dalbir Gola,Dalbir Gola
692,6295,3617,L Kanda,Lucky Kanda
441,6296,3617,Ishita Shah,Ishita Shah
1490,6299,3619,Sai Joshi,Sai Joshi
1548,6302,3619,Rayaan Kohli,Rayaan Kohli
1077,6304,3620,Tripti Mane,Tripti Mane
1019,6305,3621,wictor Saha,Victor Saha
1457,6311,3625,Rehaan Mander,Rehaan Mander
47,6312,3626,Michael Varkey,Michael Varkey
1794,6314,3627,Shaurya Parmer,Shaurya Parmer
318,6316,3629,Karan Sheth,Karan Sheth
1030,6321,3633,I Taneja,Irya Taneja
1490,6322,3633,S. Joshi,Sai Joshi
1257,6325,3635,U Chokshi,Upkaar Chokshi
887,6326,3636,Neel Bhasin,Neel Bhasin
155,6329,3638,Janya Kapur,Janya Kapur
299,6331,3639,Rusil Dasgupta,Rushil Dasgupta
1281,6332,3639,Imaran Sanghvi,Imaran Sanghvi
610,6333,3640,Darsh Cherian,Darsh Cherian
230,6334,3641,Vamakshi Majumdar,Vamakshi Majumdar
457,6341,3644,D Bava,Dakshesh Bava
1269,6347,3647,Y. Soman,Yutika Soman
186,6350,3649,R Oommen,Rohan Oommen
230,6354,3652,V Majumdar,Vamakshi Majumdar
938,6355,3652,H Sehgal,Harish Sehgal
497,6360,3656,Q. Pall,Qasim Pall
1713,6362,3657,Laks Bora,Laksh Bora
1794,6366,3659,S. Parmer,Shaurya Parmer
1713,6368,3660,Laksh Bora,Laksh Bora
1409,6376,3665,Zayan Ganguly,Zayan Ganguly
736,6377,3666,S Rama,Siddharth Rama
1446,6383,3670,A. Pall,Anay Pall
671,6389,3672,A Desai,Aarini Desai
1497,6393,3676,Jackson Sarna,Jackson Sarna
385,6394,3677,C. De,Christopher De
815,6398,3680,S Pillai,Shaurya Pillai
938,6399,3681,Haris Sehgal,Harish Sehgal
1586,6400,3681,Y. Varkey,Yashvi Varkey
770,6401,3682,Gunit Sures,Guneet Suresh
491,6403,3683,Haris Bobal,Harish Bobal
1279,6407,3686,Odika Sachdev,Odika Sachdev
497,6411,3688,Qasim Pall,Qasim Pall
1370,6412,3688,Aarna Singh,Aarna Singh
187,6416,3690,Arjun Jha,Arjun Jha
443,6419,3692,E. Peri,Ekaraj Peri
1393,6420,3693,Giris Solanki,Girish Solanki
508,6421,3694,W Mitra,William Mitra
1330,6422,3695,R Sankar,Rushil Sankar
28,6424,3697,Neha Mishra,Neha Mishra
385,6427,3700,C. De,Christopher De
754,6429,3702,Mattew Rao,Matthew Rao
734,6431,3704,Kabir Sane,Kabir Sane
1486,6433,3706,Aarnav Chhabra,Aarnav Chhabra
770,6444,3712,Gunit Sures,Guneet Suresh
134,6446,3713,Tristan Saxena,Tristan Saxena
1257,6454,3717,Upkaar Choksi,Upkaar Chokshi
155,6456,3718,Janya Kapur,Janya Kapur
54,6463,3722,Chandran More,Chandran More
758,6464,3723,B. Merchant,Bahadurjit Merchant
783,6465,3724,G. Nagy,Gaurangi Nagy
1497,6468,3725,J. Sarna,Jackson Sarna
1281,6470,3726,Imaran Sanghwi,Imaran Sanghvi
138,6474,3727,Chakradhar Contractor,Chakradhar Contractor
457,6478,3730,D. Bava,Dakshesh Bava
754,6484,3733,Matthew Rao,Matthew Rao
920,6485,3733,Raksha Bansal,Raksha Bansal
783,6487,3735,Gaurangi Nagy,Gaurangi Nagy
1667,6488,3735,F Trivedi,Faqid Trivedi
1393,6491,3738,G. Solanki,Girish Solanki
77,6493,3740,C Kaul,Caleb Kaul
372,6496,3742,Ayus Ghose,Ayush Ghose
887,6497,3742,N Bhasin,Neel Bhasin
478,6502,3744,S. Mander,Samaksh Mander
1715,6505,3746,Krishna Badal,Krishna Badal
47,6506,3747,M. Varkey,Michael Varkey
1733,6507,3748,Chaitanya Sangha,Chaitanya Sangha
986,6508,3749,Chandran Parekh,Chandran Parekh
1210,6515,3752,Lucky Yogi,Lucky Yogi
1743,6519,3753,Onveer Bala,Onveer Bala
1794,6520,3754,S. Parmer,Shaurya Parmer
497,6521,3754,Q Pall,Qasim Pall
1257,6525,3758,Upkaar Chokshi,Upkaar Chokshi
457,6526,3759,D Bava,Dakshesh Bava
1715,6530,3761,K. Badal,Krishna Badal
986,6531,3761,Chandran Parekh,Chandran Parekh
304,6533,3762,B Comar,Balendra Comar
1480,6535,3763,F. Raval,Fitan Raval
1522,6536,3763,Aarush Mukhopadhyay,Aarush Mukhopadhyay
152,6538,3764,Wazir Dugal,Wazir Dugal
150,6539,3764,Z Ratti,Zayan Ratti
1436,6540,3765,Ubika Oza,Ubika Oza
66,6541,3766,Nitesh Dar,Nitesh Dar
1093,6543,3768,Warinder Dara,Warinder Dara
692,6546,3769,Lucky Kanda,Lucky Kanda
1490,6547,3769,Sai Joshi,Sai Joshi
1030,6548,3770,Irya Taneja,Irya Taneja
1586,6554,3775,Yashvi Varkey,Yashvi Varkey
1419,6558,3778,S Sankar,Saksham Sankar
457,6561,3781,Daksesh Bawa,Dakshesh Bava
956,6566,3784,Girik Cheema,Girik Cheema
54,6567,3785,Chandran More,Chandran More
1794,6568,3785,saurya Parmer,Shaurya Parmer
1332,6570,3787,O. Venkataraman,Om Venkataraman
1601,6577,3790,Sarthak Patil,Sarthak Patil
1667,6585,3795,F Trivedi,Faqid Trivedi
1393,6586,3795,Giris Solanki,Girish Solanki
1446,6587,3795,A. Pall,Anay Pall
333,6589,3796,Farhan Barman,Farhan Barman
155,6594,3800,J Kapur,Janya Kapur
1671,6595,3801,F Sathe,Faraj Sathe
1281,6598,3801,Imaran Sanghvi,Imaran Sanghvi
1497,6599,3802,Jackson Sarna,Jackson Sarna
457,6601,3803,D. Bava,Dakshesh Bava
196,6604,3806,Finn Chadha,Finn Chadha
1472,6607,3809,V. Ratti,Vidhi Ratti
1177,6608,3809,Samarth Din,Samarth Din
1480,6611,3810,Fitan Rawal,Fitan Raval
1293,6612,3811,R Shenoy,Raghav Shenoy
940,6617,3814,Y Saini,Yuvraj Saini
47,6618,3815,M. Varkey,Michael Varkey
155,6623,3820,Janya Kapur,Janya Kapur
1257,6624,3821,Upkaar Chokshi,Upkaar Chokshi
1030,6626,3821,Irya Taneja,Irya Taneja
54,6629,3824,Chandran More,Chandran More
1436,6630,3824,Ubika Oza,Ubika Oza
152,6633,3826,Wazir Dugal,Wazir Dugal
430,6634,3827,Faris D’Alia,Faris D’Alia
1508,6635,3828,Q. Dalal,Qadim Dalal
1293,6636,3828,Raghav Shenoy,Raghav Shenoy
224,6637,3829,Azad Mallick,Azad Mallick
1154,6642,3832,Dhriti Kala,Dhriti Kala
1154,6643,3833,Dhriti Kala,Dhriti Kala
177,6644,3834,G Buch,Guneet Buch
1586,6645,3835,Yashvi Varkey,Yashvi Varkey
991,6646,3835,Y Lalla,Yuvraj Lalla
1640,6651,3840,Fitan Venkataraman,Fitan Venkataraman
1077,6652,3840,T Mane,Tripti Mane
66,6655,3841,N Dar,Nitesh Dar
1486,6659,3842,Aarnav Chhabra,Aarnav Chhabra
692,6662,3844,Lucky Kanda,Lucky Kanda
1486,6671,3850,A. Chhabra,Aarnav Chhabra
1715,6677,3854,K. Badal,Krishna Badal
497,6679,3855,Qasim Pall,Qasim Pall
692,6681,3856,Lucky Kanda,Lucky Kanda
1486,6683,3857,Aarnav Chhabra,Aarnav Chhabra
1490,6686,3857,Sai Joshi,Sai Joshi
986,6687,3858,Chandran Parekh,Chandran Parekh
1548,6690,3860,Rayaan Kohli,Rayaan Kohli
1508,6691,3861,Q. Dalal,Qadim Dalal
1586,6693,3863,Y. Varkey,Yashvi Varkey
1586,6694,3864,Y. Varkey,Yashvi Varkey
173,6695,3864,Pranaw Kamdar,Pranav Kamdar
1436,6698,3865,U Oza,Ubika Oza
754,6705,3868,Matthew Rao,Matthew Rao
986,6706,3869,Chandran Parekh,Chandran Parekh
1073,6707,3870,K Ramesh,Kiaan Ramesh
1671,6708,3870,F Sathe,Faraj Sathe
1154,6710,3871,D. Kala,Dhriti Kala
770,6712,3872,G Suresh,Guneet Suresh
1436,6714,3872,Ubika Oza,Ubika Oza
1705,6716,3873,B Dora,Bachittar Dora
1715,6725,3878,Krisna Badal,Krishna Badal
931,6726,3878,Charles Ganesh,Charles Ganesh
1508,6728,3878,Q Dalal,Qadim Dalal
1135,6730,3880,Gunbir Kaur,Gunbir Kaur
167,6731,3881,E. Randhawa,Ekaja Randhawa
604,6732,3882,Tarak Divan,Tarak Divan
1526,6737,3885,B. Kala,Bakhshi Kala
1393,6741,3888,G Solanki,Girish Solanki
160,6748,3890,N Balakrishnan,Nathan Balakrishnan
224,6749,3891,A Mallick,Azad Mallick
1332,6751,3891,O Venkataraman,Om Venkataraman
766,6754,3893,K Hayre,Kalpit Hayre
754,6756,3894,M. Rao,Matthew Rao
1733,6761,3897,Chaytanya Sangha,Chaitanya Sangha
1436,6762,3898,Ubika Oza,Ubika Oza
372,6764,3899,Ayus Ghose,Ayush Ghose
1747,6765,3899,Fitan Rai,Fitan Rai
388,6766,3900,Indrajit Gulati,Indrajit Gulati
908,6767,3900,Balhaar Kanda,Balhaar Kanda
931,6768,3901,Charles Ganesh,Charles Ganesh
544,6772,3902,Rudra Chakrabarti,Rudra Chakrabarti
134,6775,3905,T. Saxena,Tristan Saxena
1436,6776,3905,Ubika Oza,Ubika Oza
1077,6778,3907,Tripti Mane,Tripti Mane
740,6780,3908,G. Sarma,Gaurav Sarma
1019,6786,3911,wictor Saha,Victor Saha
187,6787,3912,Arjun Jha,Arjun Jha
1728,6788,3913,Vidhi Mitter,Vidhi Mitter
463,6790,3914,D. Gola,Dalbir Gola
815,6793,3917,S Pillai,Shaurya Pillai
1019,6797,3918,V. Saha,Victor Saha
443,6801,3922,Ekaraj Peri,Ekaraj Peri
187,6803,3922,Arjun Jha,Arjun Jha
187,6805,3924,Arjun Jha,Arjun Jha
230,6807,3924,Vamaksi Majumdar,Vamakshi Majumdar
754,6809,3926,Matthew Rao,Matthew Rao
1508,6810,3927,Qadim Dalal,Qadim Dalal
1257,6811,3927,Upkaar Choksi,Upkaar Chokshi
259,6812,3927,William Khalsa,William Khalsa
1136,6814,3928,Karan Gupta,Karan Gupta
899,6816,3930,I Lala,Ikbal Lala
385,6817,3931,Christofer De,Christopher De
1132,6818,3932,F. Lata,Fitan Lata
1667,6822,3933,F. Trivedi,Faqid Trivedi
1030,6824,3933,I Taneja,Irya Taneja
988,6825,3934,Yahvi Talwar,Yahvi Talwar
692,6826,3934,Lucky Kanda,Lucky Kanda
815,6833,3937,S. Pillai,Shaurya Pillai
887,6836,3939,N Bhasin,Neel Bhasin
1486,6839,3941,A. Chhabra,Aarnav Chhabra
1556,6841,3943,Yasti Mukherjee,Yasti Mukherjee
1742,6842,3943,Tanay Vora,Tanay Vora
150,6847,3946,Z. Ratti,Zayan Ratti
1667,6848,3947,Faqid Trivedi,Faqid Trivedi
152,6856,3950,W. Dugal,Wazir Dugal
1457,6857,3951,R Mander,Rehaan Mander
230,6862,3953,Vamakshi Majumdar,Vamakshi Majumdar
1689,6864,3954,P. Deshmukh,Parth Deshmukh
1436,6866,3956,U Oza,Ubika Oza
155,6868,3957,Janya Kapur,Janya Kapur
385,6877,3964,C. De,Christopher De
1497,6879,3964,J Sarna,Jackson Sarna
1257,6880,3964,U. Chokshi,Upkaar Chokshi
1794,6881,3965,S Parmer,Shaurya Parmer
1281,6886,3966,I. Sanghvi,Imaran Sanghvi
1713,6887,3967,L. Bora,Laksh Bora
887,6892,3969,N Bhasin,Neel Bhasin
47,6899,3972,Michael Varkey,Michael Varkey
986,6900,3972,C. Parekh,Chandran Parekh
1352,6901,3973,G Hans,Gopal Hans
457,6902,3973,D Bava,Dakshesh Bava
1030,6903,3974,Irya Taneja,Irya Taneja
938,6905,3976,Harish Sehgal,Harish Sehgal
1667,6907,3977,Faqid Trivedi,Faqid Trivedi
1586,6913,3980,Y. Varkey,Yashvi Varkey
754,6916,3981,Matthew Rao,Matthew Rao
1715,6917,3981,Krisna Badal,Krishna Badal
1281,6920,3984,I. Sanghvi,Imaran Sanghvi
134,6922,3985,T Saxena,Tristan Saxena
955,6923,3986,A Bora,Ayushman Bora
54,6924,3987,Chandran More,Chandran More
825,6926,3989,Gawin Konda,Gavin Konda
150,6930,3991,Zayan Ratti,Zayan Ratti
457,6931,3992,Daksesh Bawa,Dakshesh Bava
1778,6932,3993,Laban Bera,Laban Bera
1293,6937,3996,Raghav Shenoy,Raghav Shenoy
186,6938,3997,Rohan ummen,Rohan Oommen
986,6939,3998,C. Parekh,Chandran Parekh
754,6940,3998,M. Rao,Matthew Rao
1270,6942,3999,Jairaj Chada,Jairaj Chada
991,6943,4000,Yuwraj Lalla,Yuvraj Lalla
1501,6947,4002,Siddharth Dube,Siddharth Dube
299,6950,4004,Rusil Dasgupta,Rushil Dasgupta
1794,6953,4006,Shaurya Parmer,Shaurya Parmer
1077,6971,4015,Tripti Mane,Tripti Mane
177,6978,4018,G Buch,Guneet Buch
1154,6979,4019,Dhriti Kala,Dhriti Kala
754,6983,4023,M. Rao,Matthew Rao
457,6984,4024,Dakshesh Bava,Dakshesh Bava
474,6989,4026,Agastya Chowdhury,Agastya Chowdhury
1715,6991,4026,K. Badal,Krishna Badal
187,6992,4027,Arjun Jha,Arjun Jha
783,6994,4029,Gaurangi Nagy,Gaurangi Nagy
1008,6998,4032,Rohan Bhatia,Rohan Bhatia
1464,6999,4032,W Gill,Warinder Gill
177,7005,4034,G Buch,Guneet Buch
150,7008,4036,Z Ratti,Zayan Ratti
607,7011,4038,Gauri Khare,Gauri Khare
385,7015,4041,Christopher De,Christopher De
1279,7016,4042,Odika Sachdev,Odika Sachdev
152,7024,4046,Wazir Dugal,Wazir Dugal
1713,7026,4048,Laks Bora,Laksh Bora
1794,7027,4049,Shaurya Parmer,Shaurya Parmer
991,7034,4052,Yuvraj Lalla,Yuvraj Lalla
1449,7038,4054,Logan Chaudhary,Logan Chaudhary
134,7039,4055,Tristan Saxena,Tristan Saxena
372,7040,4056,Ayus Ghose,Ayush Ghose
1416,7043,4058,M. Dube,Maya Dube
1370,7044,4059,A. Singh,Aarna Singh
1220,7045,4060,A Saxena,Azad Saxena
117,7047,4061,Abhiram Prakas,Abhiram Prakash
1742,7050,4062,Tanay Vora,Tanay Vora
887,7052,4064,Nil Bhasin,Neel Bhasin
931,7054,4066,Charles Ganesh,Charles Ganesh
443,7066,4072,Ekaraj Peri,Ekaraj Peri
1279,7069,4074,O Sachdev,Odika Sachdev
1019,7074,4077,wictor Saha,Victor Saha
1713,7076,4078,Laksh Bora,Laksh Bora
1794,7078,4079,saurya Parmer,Shaurya Parmer
155,7081,4080,Janya Kapur,Janya Kapur
1436,7084,4083,Ubika Oza,Ubika Oza
155,7085,4083,Janya Kapur,Janya Kapur
66,7092,4088,N Dar,Nitesh Dar
1715,7096,4089,Krishna Badal,Krishna Badal
887,7097,4090,N Bhasin,Neel Bhasin
1480,7101,4093,Fitan Raval,Fitan Raval
887,7102,4094,Nil Bhasin,Neel Bhasin
1030,7108,4096,I. Taneja,Irya Taneja
1279,7109,4097,Odika Sachdew,Odika Sachdev
187,7111,4098,A Jha,Arjun Jha
1077,7118,4101,Tripti Mane,Tripti Mane
844,7124,4104,Champak Mani,Champak Mani
150,7127,4105,Zayan Ratti,Zayan Ratti
240,7131,4107,Sathwik Dewi,Sathvik Devi
186,7132,4107,R Oommen,Rohan Oommen
1332,7133,4107,Om Venkataraman,Om Venkataraman
54,7134,4108,C More,Chandran More
1745,7135,4109,Tejas Amble,Tejas Amble
1077,7137,4109,T Mane,Tripti Mane
142,7138,4110,C Purohit,Chanakya Purohit
1383,7143,4113,Chatura Minhas,Chatura Minhas
66,7148,4115,N. Dar,Nitesh Dar
938,7149,4115,H Sehgal,Harish Sehgal
1497,7152,4116,Jackson Sarna,Jackson Sarna
1352,7154,4117,Gopal Hans,Gopal Hans
1281,7155,4118,I. Sanghvi,Imaran Sanghvi
988,7157,4120,Y. Talwar,Yahvi Talwar
1713,7162,4123,Laksh Bora,Laksh Bora
518,7170,4127,A Jain,Agastya Jain
766,7172,4127,K. Hayre,Kalpit Hayre
1040,7173,4128,Kabir Banik,Kabir Banik
1393,7175,4129,G. Solanki,Girish Solanki
1508,7180,4132,Qadim Dalal,Qadim Dalal
1508,7183,4134,Q Dalal,Qadim Dalal
1030,7184,4134,I Taneja,Irya Taneja
155,7187,4135,Janya Kapur,Janya Kapur
140,7190,4138,M. Radhakrishnan,Mitesh Radhakrishnan
692,7193,4139,L. Kanda,Lucky Kanda
1778,7197,4142,L Bera,Laban Bera
1381,7200,4144,Janaki Banik,Janaki Banik
1436,7205,4147,Ubika Oza,Ubika Oza
474,7208,4149,A Chowdhury,Agastya Chowdhury
1457,7211,4152,Rehaan Mander,Rehaan Mander
221,7214,4154,Qarin Butala,Qarin Butala
1667,7215,4155,Faqid Triwedi,Faqid Trivedi
765,7222,4158,Balveer Mane,Balveer Mane
152,7223,4159,W. Dugal,Wazir Dugal
931,7224,4160,C. Ganesh,Charles Ganesh
1480,7226,4161,F. Raval,Fitan Raval
887,7227,4162,Neel Bhasin,Neel Bhasin
914,7231,4164,O Parekh,Om Parekh
1486,7232,4164,Aarnaw Chhabra,Aarnav Chhabra
299,7233,4164,Rushil Dasgupta,Rushil Dasgupta
783,7235,4166,Gaurangi Nagy,Gaurangi Nagy
152,7238,4169,Wazir Dugal,Wazir Dugal
1202,7241,4172,Tejas Parsa,Tejas Parsa
134,7245,4175,T. Saxena,Tristan Saxena
438,7249,4176,A Chada,Alexander Chada
1733,7251,4178,C. Sangha,Chaitanya Sangha
142,7257,4181,C Purohit,Chanakya Purohit
734,7260,4182,Kabir Sane,Kabir Sane
938,7261,4182,H Sehgal,Harish Sehgal
605,7262,4183,N Bhat,Nathan Bhat
443,7264,4185,E Peri,Ekaraj Peri
1077,7265,4186,T Mane,Tripti Mane
1593,7266,4187,Watika Mani,Watika Mani
107,7267,4187,Daksa Sekon,Daksha Sekhon
815,7270,4188,saurya Pillay,Shaurya Pillai
1673,7273,4189,Giris Chana,Girish Chana
474,7275,4191,A Chowdhury,Agastya Chowdhury
1270,7278,4192,J Chada,Jairaj Chada
121,7280,4193,Rishi Rattan,Rishi Rattan
497,7281,4194,Q. Pall,Qasim Pall
1446,7286,4195,Anay Pall,Anay Pall
1448,7290,4197,Faqid Iyer,Faqid Iyer
324,7292,4198,Logan Nayak,Logan Nayak
1742,7293,4198,T Vora,Tanay Vora
887,7296,4200,Neel Bhasin,Neel Bhasin
1742,7297,4201,T. Vora,Tanay Vora
187,7298,4201,A. Jha,Arjun Jha
54,7300,4203,Chandran More,Chandran More
607,7302,4204,Gauri Khare,Gauri Khare
1257,7306,4205,Upkaar Choksi,Upkaar Chokshi
1486,7307,4206,A. Chhabra,Aarnav Chhabra
1667,7308,4207,F. Trivedi,Faqid Trivedi
186,7311,4207,R Oommen,Rohan Oommen
815,7312,4208,S. Pillai,Shaurya Pillai
1715,7314,4209,K Badal,Krishna Badal
1318,7315,4210,Peter Bajwa,Peter Bajwa
1713,7319,4213,L Bora,Laksh Bora
811,7325,4218,Jatin Kannan,Jatin Kannan
815,7327,4218,Shaurya Pillai,Shaurya Pillai
986,7329,4220,Chandran Parekh,Chandran Parekh
1393,7330,4220,Girish Solanki,Girish Solanki
1370,7333,4221,A Singh,Aarna Singh
1497,7337,4224,Jackson Sarna,Jackson Sarna
991,7339,4224,Yuvraj Lalla,Yuvraj Lalla
1077,7342,4227,T. Mane,Tripti Mane
986,7343,4228,Chandran Parek,Chandran Parekh
187,7344,4228,Arjun Jha,Arjun Jha
692,7345,4229,L Kanda,Lucky Kanda
1648,7346,4229,Praneel Mitter,Praneel Mitter
887,7347,4230,N. Bhasin,Neel Bhasin
988,7348,4230,Yahvi Talwar,Yahvi Talwar
1332,7353,4234,Om Venkataraman,Om Venkataraman
187,7361,4239,Arjun Jha,Arjun Jha
1733,7367,4240,C Sangha,Chaitanya Sangha
463,7368,4241,Dalbir Gola,Dalbir Gola
299,7369,4241,Rushil Dasgupta,Rushil Dasgupta
1371,7370,4242,Dhruw Tella,Dhruv Tella
692,7371,4243,Lucky Kanda,Lucky Kanda
187,7372,4244,Arjun Jha,Arjun Jha
938,7375,4246,H Sehgal,Harish Sehgal
1121,7379,4248,V. Wali,Vincent Wali
474,7381,4248,Agastya Chowdhury,Agastya Chowdhury
1393,7384,4250,Giris Solanki,Girish Solanki
457,7392,4255,Daksesh Bawa,Dakshesh Bava
187,7395,4256,A. Jha,Arjun Jha
443,7396,4256,E. Peri,Ekaraj Peri
155,7397,4257,J. Kapur,Janya Kapur
1671,7400,4259,F Sathe,Faraj Sathe
1586,7408,4263,Y. Varkey,Yashvi Varkey
230,7411,4264,Vamakshi Majumdar,Vamakshi Majumdar
692,7415,4267,Lucky Kanda,Lucky Kanda
1279,7416,4268,O Sachdev,Odika Sachdev
991,7417,4269,Yuvraj Lalla,Yuvraj Lalla
230,7421,4270,V. Majumdar,Vamakshi Majumdar
95,7428,4274,J Hora,Jasmit Hora
1742,7432,4276,Tanay Vora,Tanay Vora
1172,7434,4276,Atharv Sunder,Atharv Sunder
1416,7436,4278,M. Dube,Maya Dube
1446,7441,4282,Anay Pall,Anay Pall
152,7442,4283,Wazir Dugal,Wazir Dugal
1733,7443,4284,Chaitanya Sangha,Chaitanya Sangha
372,7444,4285,A Ghose,Ayush Ghose
754,7449,4289,Matthew Rao,Matthew Rao
1332,7450,4289,O Venkataraman,Om Venkataraman
1393,7452,4290,Girish Solanki,Girish Solanki
1332,7454,4291,Om wenkataraman,Om Venkataraman
1352,7457,4292,G Hans,Gopal Hans
155,7459,4293,Janya Kapur,Janya Kapur
142,7461,4294,Chanakya Purohit,Chanakya Purohit
152,7462,4294,Wazir Dugal,Wazir Dugal
991,7465,4296,Y. Lalla,Yuvraj Lalla
988,7467,4297,Y. Talwar,Yahvi Talwar
1586,7468,4297,Yasvi warkey,Yashvi Varkey
457,7471,4299,D. Bava,Dakshesh Bava
1270,7477,4303,J Chada,Jairaj Chada
1715,7481,4305,Krishna Badal,Krishna Badal
1436,7482,4306,U Oza,Ubika Oza
1586,7483,4306,Y Varkey,Yashvi Varkey
1490,7485,4307,Sai Joshi,Sai Joshi
1715,7486,4308,Krishna Badal,Krishna Badal
1715,7487,4309,Krishna Badal,Krishna Badal
338,7488,4310,E Char,Ekantika Char
1778,7491,4313,L Bera,Laban Bera
1436,7492,4314,U Oza,Ubika Oza
47,7493,4315,M Varkey,Michael Varkey
692,7494,4316,L Kanda,Lucky Kanda
1446,7495,4317,Anay Pall,Anay Pall
142,7496,4318,Chanakya Purohit,Chanakya Purohit
224,7497,4318,Azad Mallick,Azad Mallick
991,7499,4319,Yuvraj Lalla,Yuvraj Lalla
1486,7500,4320,Aarnaw Chhabra,Aarnav Chhabra
457,7502,4320,Daksesh Bawa,Dakshesh Bava
299,7503,4321,Rusil Dasgupta,Rushil Dasgupta
938,7507,4323,H Sehgal,Harish Sehgal
1671,7511,4327,Faraj Sate,Faraj Sathe
770,7515,4329,Guneet Suresh,Guneet Suresh
1667,7522,4334,Faqid Triwedi,Faqid Trivedi
774,7526,4336,Urvashi Behl,Urvashi Behl
977,7527,4337,Omkaar Pal,Omkaar Pal
590,7530,4338,Fiyaz More,Fiyaz More
1251,7536,4340,Tanis Lal,Tanish Lal
991,7539,4342,Yuwraj Lalla,Yuvraj Lalla
1548,7540,4343,Rayaan Kohli,Rayaan Kohli
988,7541,4344,Yahvi Talwar,Yahvi Talwar
1727,7545,4346,P Bajaj,Peter Bajaj
585,7546,4346,Jack Chada,Jack Chada
142,7550,4348,Chanakya Purohit,Chanakya Purohit
497,7553,4349,Q. Pall,Qasim Pall
443,7554,4349,E Peri,Ekaraj Peri
1778,7557,4350,L. Bera,Laban Bera
1667,7558,4351,Faqid Triwedi,Faqid Trivedi
1127,7561,4353,Hitesh Atwal,Hitesh Atwal
1293,7562,4353,Raghav Shenoy,Raghav Shenoy
1370,7564,4354,Aarna Singh,Aarna Singh
576,7565,4354,Yatin Varma,Yatin Varma
1548,7568,4356,R Kohli,Rayaan Kohli
991,7570,4357,Yuwraj Lalla,Yuvraj Lalla
1486,7571,4358,Aarnav Chhabra,Aarnav Chhabra
986,7577,4362,Chandran Parek,Chandran Parekh
770,7582,4364,Gunit Sures,Guneet Suresh
1713,7583,4364,Laks Bora,Laksh Bora
1446,7584,4365,Anay Pall,Anay Pall
1490,7585,4365,Sai Joshi,Sai Joshi
539,7586,4365,O Bhatt,Onkar Bhatt
84,7588,4366,J. Srivastava,Jackson Srivastava
734,7596,4373,Kabir Sane,Kabir Sane
474,7597,4373,Agastya Chowdhury,Agastya Chowdhury
463,7598,4374,Dalbir Gola,Dalbir Gola
1489,7600,4375,A. Gola,Advay Gola
226,7602,4377,Hredhaan Maharaj,Hredhaan Maharaj
1446,7604,4378,A. Pall,Anay Pall
1030,7605,4379,Irya Taneja,Irya Taneja
186,7607,4379,R Oommen,Rohan Oommen
152,7608,4380,Wazir Dugal,Wazir Dugal
152,7609,4380,Wazir Dugal,Wazir Dugal
754,7610,4381,M. Rao,Matthew Rao
1019,7613,4382,V Saha,Victor Saha
1490,7615,4383,S. Joshi,Sai Joshi
1370,7617,4385,A Singh,Aarna Singh
497,7618,4386,Qasim Pall,Qasim Pall
601,7621,4388,Manan Chopra,Manan Chopra
134,7624,4390,T Saxena,Tristan Saxena
783,7627,4393,Gaurangi Nagy,Gaurangi Nagy
29,7628,4393,C. Kala,Caleb Kala
224,7630,4393,Azad Mallick,Azad Mallick
692,7632,4395,Lucky Kanda,Lucky Kanda
1548,7640,4400,Rayaan Kohli,Rayaan Kohli
1715,7645,4404,K Badal,Krishna Badal
1778,7647,4405,Laban Bera,Laban Bera
299,7651,4408,R Dasgupta,Rushil Dasgupta
938,7656,4410,H. Sehgal,Harish Sehgal
443,7658,4412,E Peri,Ekaraj Peri
1794,7659,4413,saurya Parmer,Shaurya Parmer
1370,7663,4415,Aarna Singh,Aarna Singh
612,7670,4420,Tanveer Jani,Tanveer Jani
1337,7672,4421,George Bali,George Bali
845,7675,4422,Jagat Rajan,Jagat Rajan
1436,7677,4423,Ubika Oza,Ubika Oza
734,7678,4423,Kabir Sane,Kabir Sane
1337,7679,4423,G. Bali,George Bali
1490,7682,4424,S Joshi,Sai Joshi
457,7684,4425,D. Bava,Dakshesh Bava
1281,7688,4428,Imaran Sanghwi,Imaran Sanghvi
1497,7691,4431,J Sarna,Jackson Sarna
1370,7694,4433,Aarna Singh,Aarna Singh
1586,7695,4434,Yashwi warkey,Yashvi Varkey
1733,7702,4439,Chaitanya Sangha,Chaitanya Sangha
1279,7706,4442,O Sachdev,Odika Sachdev
1221,7709,4443,Aryan Bora,Aryan Bora
765,7712,4445,B. Mane,Balveer Mane
1030,7713,4446,I Taneja,Irya Taneja
230,7715,4446,Vamakshi Majumdar,Vamakshi Majumdar
758,7730,4457,Bahadurjit Merchant,Bahadurjit Merchant
1279,7731,4458,Odika Sachdev,Odika Sachdev
1436,7733,4460,U Oza,Ubika Oza
766,7734,4460,Kalpit Hayre,Kalpit Hayre
1019,7735,4460,V Saha,Victor Saha
385,7737,4461,Christopher De,Christopher De
1370,7738,4461,Aarna Singh,Aarna Singh
150,7740,4461,Zayan Ratti,Zayan Ratti
66,7747,4466,Nites Dar,Nitesh Dar
474,7751,4468,A. Chowdhury,Agastya Chowdhury
57,7753,4468,Ranbir Sawhney,Ranbir Sawhney
1548,7755,4469,Rayaan Kohli,Rayaan Kohli
1446,7756,4469,Anay Pall,Anay Pall
134,7758,4470,T Saxena,Tristan Saxena
1083,7760,4472,Victor Majumdar,Victor Majumdar
372,7761,4473,Ayus Ghose,Ayush Ghose
1733,7762,4474,C. Sangha,Chaitanya Sangha
692,7764,4475,Lucky Kanda,Lucky Kanda
1457,7767,4477,Rehaan Mander,Rehaan Mander
1019,7768,4477,Victor Saha,Victor Saha
134,7771,4479,Tristan Saxena,Tristan Saxena
1030,7774,4480,I Taneja,Irya Taneja
1293,7775,4480,Raghav Shenoy,Raghav Shenoy
607,7776,4480,G Khare,Gauri Khare
766,7778,4481,Kalpit Hayre,Kalpit Hayre
430,7779,4482,Faris D’Alia,Faris D’Alia
372,7780,4482,A. Ghose,Ayush Ghose
943,7782,4483,Ansh Som,Ansh Som
187,7785,4486,Arjun Jha,Arjun Jha
457,7786,4487,Dakshesh Bava,Dakshesh Bava
770,7791,4488,Gunit Sures,Guneet Suresh
1332,7792,4489,Om wenkataraman,Om Venkataraman
766,7795,4491,K. Hayre,Kalpit Hayre
1700,7802,4498,Xawier Bhat,Xavier Bhat
1257,7805,4500,Upkaar Chokshi,Upkaar Chokshi
142,7809,4503,Chanakya Purohit,Chanakya Purohit
1446,7813,4504,Anay Pall,Anay Pall
47,7816,4505,M. Varkey,Michael Varkey
1457,7817,4506,Rehaan Mander,Rehaan Mander
224,7818,4506,A. Mallick,Azad Mallick
1497,7820,4506,J Sarna,Jackson Sarna
734,7821,4507,Kabir Sane,Kabir Sane
931,7822,4507,Charles Ganes,Charles Ganesh
1548,7823,4508,R Kohli,Rayaan Kohli
607,7824,4509,Gauri Khare,Gauri Khare
186,7828,4512,Rohan ummen,Rohan Oommen
1457,7834,4514,R. Mander,Rehaan Mander
758,7838,4517,B Merchant,Bahadurjit Merchant
262,7843,4519,wictor Badal,Victor Badal
988,7851,4523,Y. Talwar,Yahvi Talwar
1279,7858,4527,Odika Sachdev,Odika Sachdev
187,7862,4531,A. Jha,Arjun Jha
938,7863,4532,H Sehgal,Harish Sehgal
391,7867,4535,Y. Din,Yatan Din
155,7874,4541,Janya Kapur,Janya Kapur
783,7880,4544,G Nagy,Gaurangi Nagy
1508,7881,4544,Qadim Dalal,Qadim Dalal
385,7889,4549,C. De,Christopher De
1293,7891,4550,Raghaw senoy,Raghav Shenoy
1586,7892,4551,Yasvi warkey,Yashvi Varkey
1293,7893,4551,Raghaw senoy,Raghav Shenoy
152,7896,4552,Wazir Dugal,Wazir Dugal
1586,7897,4553,Y. Varkey,Yashvi Varkey
765,7899,4555,B Mane,Balveer Mane
224,7900,4555,A. Mallick,Azad Mallick
758,7907,4557,Bahadurjit Merchant,Bahadurjit Merchant
1497,7908,4558,J. Sarna,Jackson Sarna
186,7911,4561,R Oommen,Rohan Oommen
457,7913,4563,Dakshesh Bava,Dakshesh Bava
1480,7914,4563,F. Raval,Fitan Raval
47,7919,4565,Michael warkey,Michael Varkey
1257,7922,4566,Upkaar Chokshi,Upkaar Chokshi
163,7923,4566,Rudra Dewi,Rudra Devi
1733,7925,4567,C Sangha,Chaitanya Sangha
931,7928,4568,Charles Ganesh,Charles Ganesh
142,7929,4568,Chanakya Purohit,Chanakya Purohit
59,7932,4571,Wyatt Biswas,Wyatt Biswas
692,7933,4572,Lucky Kanda,Lucky Kanda
177,7939,4576,Gunit Buch,Guneet Buch
907,7940,4577,S Divan,Sudiksha Divan
1742,7941,4578,T Vora,Tanay Vora
765,7948,4582,B. Mane,Balveer Mane
47,7950,4582,Michael Varkey,Michael Varkey
1257,7952,4583,U Chokshi,Upkaar Chokshi
1480,7956,4585,F Raval,Fitan Raval
1486,7959,4586,Aarnav Chhabra,Aarnav Chhabra
457,7960,4586,Daksesh Bawa,Dakshesh Bava
372,7962,4587,Ayush Ghose,Ayush Ghose
1548,7963,4587,R Kohli,Rayaan Kohli
230,7970,4593,V Majumdar,Vamakshi Majumdar
938,7973,4595,H Sehgal,Harish Sehgal
224,7981,4601,A Mallick,Azad Mallick
931,7987,4603,C. Ganesh,Charles Ganesh
155,7988,4603,Janya Kapur,Janya Kapur
765,7989,4603,Balveer Mane,Balveer Mane
887,7991,4604,N Bhasin,Neel Bhasin
142,7993,4605,C. Purohit,Chanakya Purohit
1586,7994,4606,Yashvi Varkey,Yashvi Varkey
1525,7997,4607,Q. Shere,Quincy Shere
463,8000,4608,Dalbir Gola,Dalbir Gola
758,8001,4609,Bahadurjit Merchant,Bahadurjit Merchant
1077,8002,4610,Tripti Mane,Tripti Mane
1742,8003,4611,Tanay Vora,Tanay Vora
1490,8008,4614,Say Josi,Sai Joshi
1713,8009,4615,L. Bora,Laksh Bora
1733,8011,4616,Chaytanya Sangha,Chaitanya Sangha
1279,8015,4619,O Sachdev,Odika Sachdev
1800,8016,4620,Aishani Narasimhan,Aishani Narasimhan
385,8021,4622,Christofer De,Christopher De
1586,8023,4623,Yashvi Varkey,Yashvi Varkey
230,8026,4625,V Majumdar,Vamakshi Majumdar
1290,8027,4626,wiraj Goda,Viraj Goda
986,8028,4627,C Parekh,Chandran Parekh
1733,8030,4629,Chaitanya Sangha,Chaitanya Sangha
497,8033,4632,Q. Pall,Qasim Pall
783,8036,4634,Gaurangi Nagy,Gaurangi Nagy
607,8037,4634,G. Khare,Gauri Khare
1733,8039,4635,Chaytanya Sangha,Chaitanya Sangha
1742,8040,4636,T Vora,Tanay Vora
938,8046,4640,H. Sehgal,Harish Sehgal
1436,8048,4641,U. Oza,Ubika Oza
1667,8054,4645,Faqid Trivedi,Faqid Trivedi
1332,8055,4646,Om Venkataraman,Om Venkataraman
1154,8058,4648,D Kala,Dhriti Kala
1062,8059,4648,Anmol Solanki,Anmol Solanki
152,8060,4648,W. Dugal,Wazir Dugal
385,8064,4650,Christofer De,Christopher De
497,8065,4651,Q. Pall,Qasim Pall
360,8069,4654,Champak Upadhyay,Champak Upadhyay
142,8079,4659,Chanakya Purohit,Chanakya Purohit
529,8080,4659,I Hayer,Isaac Hayer
66,8082,4661,N Dar,Nitesh Dar
815,8083,4661,saurya Pillay,Shaurya Pillai
1077,8085,4662,T Mane,Tripti Mane
1296,8088,4664,E. Lal,Ekbal Lal
1490,8089,4665,S Joshi,Sai Joshi
66,8094,4669,N. Dar,Nitesh Dar
1293,8096,4670,R Shenoy,Raghav Shenoy
765,8098,4671,Balweer Mane,Balveer Mane
1270,8099,4671,Jairaj Chada,Jairaj Chada
1416,8101,4672,M Dube,Maya Dube
986,8103,4672,Chandran Parekh,Chandran Parekh
1742,8104,4673,Tanay Vora,Tanay Vora
603,8108,4676,X Venkataraman,Xavier Venkataraman
385,8109,4676,Christopher De,Christopher De
1548,8110,4677,Rayaan Kohli,Rayaan Kohli
734,8115,4679,Kabir Sane,Kabir Sane
1293,8118,4680,Raghav Shenoy,Raghav Shenoy
1508,8125,4683,Qadim Dalal,Qadim Dalal
843,8128,4686,O. Sem,Owen Sem
1283,8130,4688,Abhiram Majumdar,Abhiram Majumdar
1281,8135,4691,Imaran Sanghvi,Imaran Sanghvi
1370,8139,4695,A Singh,Aarna Singh
1154,8141,4697,D Kala,Dhriti Kala
938,8148,4701,H. Sehgal,Harish Sehgal
155,8152,4702,Janya Kapur,Janya Kapur
1778,8153,4703,Laban Bera,Laban Bera
443,8158,4707,Ekaraj Peri,Ekaraj Peri
988,8160,4709,Y. Talwar,Yahvi Talwar
561,8165,4712,L Muni,Laban Muni
1416,8171,4715,M. Dube,Maya Dube
155,8176,4717,J Kapur,Janya Kapur
47,8177,4718,M Varkey,Michael Varkey
152,8178,4718,Wazir Dugal,Wazir Dugal
1077,8182,4720,T. Mane,Tripti Mane
150,8183,4721,Z. Ratti,Zayan Ratti
1667,8186,4722,Faqid Trivedi,Faqid Trivedi
1733,8188,4723,Chaitanya Sangha,Chaitanya Sangha
66,8190,4725,N. Dar,Nitesh Dar
1480,8192,4726,Fitan Raval,Fitan Raval
1019,8193,4726,V Saha,Victor Saha
50,8197,4729,Gopal Kala,Gopal Kala
931,8198,4730,C Ganesh,Charles Ganesh
766,8199,4731,K Hayre,Kalpit Hayre
177,8201,4732,Gunit Buch,Guneet Buch
1281,8205,4734,I. Sanghvi,Imaran Sanghvi
155,8208,4735,J Kapur,Janya Kapur
754,8209,4735,Matthew Rao,Matthew Rao
1257,8219,4742,Upkaar Chokshi,Upkaar Chokshi
54,8227,4746,C. More,Chandran More
1436,8229,4747,U. Oza,Ubika Oza
1586,8230,4748,Yashvi Varkey,Yashvi Varkey
1457,8232,4750,Rehaan Mander,Rehaan Mander
54,8236,4752,C. More,Chandran More
186,8237,4752,R Oommen,Rohan Oommen
1457,8239,4753,R Mander,Rehaan Mander
758,8240,4754,Bahadurjit Merchant,Bahadurjit Merchant
463,8250,4759,D. Gola,Dalbir Gola
1671,8253,4759,F. Sathe,Faraj Sathe
1370,8256,4762,A Singh,Aarna Singh
815,8258,4764,S Pillai,Shaurya Pillai
815,8259,4765,saurya Pillay,Shaurya Pillai
1671,8265,4768,Faraj Sathe,Faraj Sathe
1279,8271,4772,Odika Sachdev,Odika Sachdev
1270,8272,4773,Jayraj Chada,Jairaj Chada
683,8274,4775,Hritik Madan,Hritik Madan
1497,8277,4778,Jackson Sarna,Jackson Sarna
988,8278,4779,Y Talwar,Yahvi Talwar
887,8279,4779,Neel Bhasin,Neel Bhasin
1742,8280,4779,Tanay Vora,Tanay Vora
1257,8281,4779,Upkaar Chokshi,Upkaar Chokshi
692,8283,4781,Lucky Kanda,Lucky Kanda
1497,8285,4782,Jackson Sarna,Jackson Sarna
232,8288,4784,O. Gara,Owen Gara
801,8289,4785,S. Ray,Samarth Ray
1416,8294,4787,Maya Dube,Maya Dube
66,8297,4790,Nitesh Dar,Nitesh Dar
1279,8298,4790,O Sachdev,Odika Sachdev
770,8299,4791,Guneet Suresh,Guneet Suresh
230,8301,4792,V Majumdar,Vamakshi Majumdar
1019,8302,4792,wictor Saha,Victor Saha
734,8304,4793,Kabir Sane,Kabir Sane
1671,8308,4794,F. Sathe,Faraj Sathe
134,8316,4798,T Saxena,Tristan Saxena
1279,8319,4800,Odika Sachdev,Odika Sachdev
1315,8323,4804,Caleb Morar,Caleb Morar
134,8329,4807,T. Saxena,Tristan Saxena
483,8330,4808,E Atwal,Ekapad Atwal
1302,8331,4809,Peter Taneja,Peter Taneja
1486,8334,4809,A. Chhabra,Aarnav Chhabra
1733,8336,4811,C Sangha,Chaitanya Sangha
931,8338,4812,Charles Ganesh,Charles Ganesh
765,8340,4813,B Mane,Balveer Mane
187,8343,4815,Arjun Jha,Arjun Jha
230,8345,4816,Vamakshi Majumdar,Vamakshi Majumdar
1742,8347,4817,T Vora,Tanay Vora
1778,8350,4819,Laban Bera,Laban Bera
765,8352,4821,Balveer Mane,Balveer Mane
216,8354,4821,L. Bobal,Lekha Bobal
155,8356,4822,Janya Kapur,Janya Kapur
902,8360,4824,Vanya Bhargava,Vanya Bhargava
134,8362,4826,T. Saxena,Tristan Saxena
754,8365,4828,Matthew Rao,Matthew Rao
205,8368,4830,F Kunda,Fiyaz Kunda
463,8376,4835,Dalbir Gola,Dalbir Gola
1548,8377,4835,Rayaan Kohli,Rayaan Kohli
1293,8378,4836,Raghav Shenoy,Raghav Shenoy
150,8380,4836,Zayan Ratti,Zayan Ratti
758,8381,4837,Bahadurjit Merchant,Bahadurjit Merchant
1794,8385,4838,Shaurya Parmer,Shaurya Parmer
1436,8386,4838,Ubika Oza,Ubika Oza
224,8389,4839,Azad Mallick,Azad Mallick
1586,8398,4846,Yasvi warkey,Yashvi Varkey
1281,8399,4847,Imaran Sanghvi,Imaran Sanghvi
1490,8400,4848,S Joshi,Sai Joshi
1755,8405,4851,Neel Kanda,Neel Kanda
187,8409,4854,Arjun Jha,Arjun Jha
1586,8410,4855,Yashvi Varkey,Yashvi Varkey
1457,8411,4855,R Mander,Rehaan Mander
54,8413,4855,C More,Chandran More
150,8415,4857,Zayan Ratti,Zayan Ratti
1279,8417,4858,Odika Sachdev,Odika Sachdev
1259,8420,4859,Noah Mall,Noah Mall
142,8421,4859,Chanakya Purohit,Chanakya Purohit
186,8422,4859,Rohan Oommen,Rohan Oommen
457,8424,4861,Dakshesh Bava,Dakshesh Bava
429,8425,4861,F. Dhawan,Faris Dhawan
372,8427,4863,Ayush Ghose,Ayush Ghose
731,8432,4865,Isaac Walla,Isaac Walla
1508,8433,4865,Q. Dalal,Qadim Dalal
1211,8434,4866,Bahadurjit Majumdar,Bahadurjit Majumdar
1077,8436,4868,T. Mane,Tripti Mane
150,8438,4870,Z Ratti,Zayan Ratti
1281,8441,4872,I Sanghvi,Imaran Sanghvi
32,8442,4872,Aditya Edwin,Aditya Edwin
1436,8443,4872,Ubika Oza,Ubika Oza
1778,8445,4874,Laban Bera,Laban Bera
1715,8446,4874,Krisna Badal,Krishna Badal
152,8450,4877,W Dugal,Wazir Dugal
397,8458,4881,Say Karpe,Sai Karpe
1293,8459,4882,Raghav Shenoy,Raghav Shenoy
724,8467,4885,Z. Solanki,Zehaan Solanki
1794,8468,4885,saurya Parmer,Shaurya Parmer
1302,8470,4886,Peter Taneja,Peter Taneja
1667,8471,4887,F Trivedi,Faqid Trivedi
1154,8478,4890,Dhriti Kala,Dhriti Kala
1257,8480,4891,U Chokshi,Upkaar Chokshi
734,8482,4892,K. Sane,Kabir Sane
1738,8486,4896,Aadi Ahuja,Aadi Ahuja
991,8488,4898,Y Lalla,Yuvraj Lalla
152,8493,4902,Wazir Dugal,Wazir Dugal
1742,8494,4902,Tanay Vora,Tanay Vora
1270,8495,4903,Jairaj Chada,Jairaj Chada
766,8497,4903,Kalpit Hayre,Kalpit Hayre
1154,8499,4904,Dhriti Kala,Dhriti Kala
186,8504,4906,R Oommen,Rohan Oommen
372,8506,4908,Ayush Ghose,Ayush Ghose
1733,8508,4909,C Sangha,Chaitanya Sangha
1030,8511,4911,I. Taneja,Irya Taneja
6,8514,4912,George Mahal,George Mahal
1414,8515,4912,T. Shroff,Tristan Shroff
1713,8518,4915,Laksh Bora,Laksh Bora
1095,8519,4916,Max Babu,Max Babu
1090,8523,4918,F Bhavsar,Faraj Bhavsar
54,8525,4919,C More,Chandran More
1370,8526,4920,A. Singh,Aarna Singh
1715,8529,4920,Krisna Badal,Krishna Badal
986,8530,4921,C Parekh,Chandran Parekh
991,8533,4924,Yuwraj Lalla,Yuvraj Lalla
372,8534,4924,Ayush Ghose,Ayush Ghose
413,8536,4926,S Dubey,Sathvik Dubey
1742,8537,4926,Tanay Vora,Tanay Vora
986,8543,4928,C. Parekh,Chandran Parekh
734,8545,4929,K. Sane,Kabir Sane
753,8552,4935,Girik Krishnamurthy,Girik Krishnamurthy
931,8555,4936,C Ganesh,Charles Ganesh
938,8558,4938,Harish Sehgal,Harish Sehgal
474,8559,4939,A. Chowdhury,Agastya Chowdhury
47,8561,4940,Michael Varkey,Michael Varkey
422,8563,4942,Laban Kota,Laban Kota
1713,8565,4943,Laks Bora,Laksh Bora
1352,8566,4943,G. Hans,Gopal Hans
140,8568,4944,Mitesh Radhakrishnan,Mitesh Radhakrishnan
1352,8571,4946,G Hans,Gopal Hans
988,8572,4946,Yahwi Talwar,Yahvi Talwar
991,8575,4947,Y. Lalla,Yuvraj Lalla
931,8577,4948,Charles Ganes,Charles Ganesh
152,8578,4949,W Dugal,Wazir Dugal
1778,8589,4957,Laban Bera,Laban Bera
1270,8590,4957,Jairaj Chada,Jairaj Chada
190,8591,4957,Y Samra,Yachana Samra
408,8593,4958,A. Chanda,Alexander Chanda
1279,8601,4962,O. Sachdev,Odika Sachdev
1257,8607,4964,Upkaar Chokshi,Upkaar Chokshi
803,8616,4969,Azaan Gill,Azaan Gill
1370,8619,4970,Aarna Singh,Aarna Singh
1270,8620,4971,J Chada,Jairaj Chada
1457,8621,4971,R. Mander,Rehaan Mander
463,8622,4972,Dalbir Gola,Dalbir Gola
142,8623,4973,Chanakya Purohit,Chanakya Purohit
54,8629,4976,Chandran More,Chandran More
1212,8631,4978,H. Joshi,Harita Joshi
938,8633,4978,H. Sehgal,Harish Sehgal
1370,8636,4981,Aarna Singh,Aarna Singh
1490,8638,4983,Say Josi,Sai Joshi
155,8641,4986,J. Kapur,Janya Kapur
991,8643,4987,Y. Lalla,Yuvraj Lalla
1733,8646,4990,Chaitanya Sangha,Chaitanya Sangha
1337,8647,4990,G. Bali,George Bali
798,8655,4994,Aryan Radhakrishnan,Aryan Radhakrishnan
1497,8659,4996,Jackson Sarna,Jackson Sarna
1436,8664,4999,U Oza,Ubika Oza
1077,8668,5000,T Mane,Tripti Mane
299,8671,5001,Rushil Dasgupta,Rushil Dasgupta
299,8674,5003,R Dasgupta,Rushil Dasgupta
607,8677,5004,G. Khare,Gauri Khare
150,8681,5007,Zayan Ratti,Zayan Ratti
1671,8684,5009,Faraj Sate,Faraj Sathe
239,8685,5009,B Konda,Balhaar Konda
463,8687,5010,Dalbir Gola,Dalbir Gola
463,8688,5010,Dalbir Gola,Dalbir Gola
1671,8690,5011,Faraj Sate,Faraj Sathe
991,8694,5012,Yuwraj Lalla,Yuvraj Lalla
1281,8697,5014,I. Sanghvi,Imaran Sanghvi
299,8701,5015,R Dasgupta,Rushil Dasgupta
758,8705,5019,B Merchant,Bahadurjit Merchant
1476,8708,5021,S Atwal,Samuel Atwal
1713,8717,5026,L. Bora,Laksh Bora
1778,8719,5027,L. Bera,Laban Bera
1778,8720,5027,Laban Bera,Laban Bera
1213,8726,5030,Zehaan Mohan,Zehaan Mohan
815,8727,5031,S. Pillai,Shaurya Pillai
1479,8733,5037,A. Thaman,Anay Thaman
958,8739,5041,D. Kant,Divya Kant
152,8744,5046,W Dugal,Wazir Dugal
224,8747,5047,Azad Mallick,Azad Mallick
815,8748,5047,Shaurya Pillai,Shaurya Pillai
187,8749,5048,A. Jha,Arjun Jha
1446,8750,5049,Anay Pall,Anay Pall
497,8751,5049,Q Pall,Qasim Pall
185,8752,5049,L. Kohli,Logan Kohli
142,8763,5055,Chanakya Purohit,Chanakya Purohit
1486,8767,5059,Aarnaw Chhabra,Aarnav Chhabra
607,8771,5061,Gauri kare,Gauri Khare
497,8775,5063,Qasim Pall,Qasim Pall
457,8776,5064,Dakshesh Bava,Dakshesh Bava
150,8777,5064,Zayan Ratti,Zayan Ratti
1416,8780,5066,Maya Dube,Maya Dube
367,8782,5066,H. Kohli,Hardik Kohli
463,8783,5067,Dalbir Gola,Dalbir Gola
1733,8784,5068,Chaytanya Sangha,Chaitanya Sangha
187,8785,5069,Arjun Jha,Arjun Jha
1416,8786,5069,Maya Dube,Maya Dube
1782,8790,5071,P Rao,Peter Rao
463,8791,5071,D Gola,Dalbir Gola
766,8792,5071,Kalpit Hayre,Kalpit Hayre
924,8795,5073,C Oommen,Chandresh Oommen
463,8796,5074,Dalbir Gola,Dalbir Gola
1030,8797,5074,Irya Taneja,Irya Taneja
1352,8798,5075,Gopal Hans,Gopal Hans
931,8799,5075,Charles Ganesh,Charles Ganesh
142,8802,5077,Chanakya Purohit,Chanakya Purohit
152,8803,5078,Wazir Dugal,Wazir Dugal
815,8805,5078,Shaurya Pillai,Shaurya Pillai
607,8809,5080,G. Khare,Gauri Khare
1658,8810,5081,Logan Nanda,Logan Nanda
692,8812,5082,Lucky Kanda,Lucky Kanda
54,8813,5083,Chandran More,Chandran More
1030,8816,5085,Irya Taneja,Irya Taneja
1545,8817,5085,A. Narang,Aradhana Narang
1480,8819,5087,Fitan Raval,Fitan Raval
497,8820,5087,Qasim Pall,Qasim Pall
1370,8822,5088,A. Singh,Aarna Singh
1416,8826,5090,M. Dube,Maya Dube
1480,8828,5092,F Raval,Fitan Raval
150,8829,5093,Z. Ratti,Zayan Ratti
815,8833,5096,Shaurya Pillai,Shaurya Pillai
887,8836,5097,Nil Bhasin,Neel Bhasin
372,8838,5099,Ayush Ghose,Ayush Ghose
1416,8841,5101,M. Dube,Maya Dube
142,8843,5103,Chanakya Purohit,Chanakya Purohit
1257,8845,5105,U. Chokshi,Upkaar Chokshi
1333,8848,5108,Nimrat Dora,Nimrat Dora
18,8853,5111,H. Jain,Henry Jain
1662,8854,5111,F Som,Faras Som
677,8859,5115,Jatin Oommen,Jatin Oommen
1486,8869,5124,A Chhabra,Aarnav Chhabra
385,8871,5126,Christofer De,Christopher De
1713,8872,5127,Laksh Bora,Laksh Bora
754,8876,5129,Mattew Rao,Matthew Rao
636,8884,5133,M Raj,Michael Raj
773,8885,5134,Wahab Peri,Wahab Peri
734,8886,5134,K Sane,Kabir Sane
175,8888,5135,Nachiket Parmar,Nachiket Parmar
1257,8896,5140,Upkaar Chokshi,Upkaar Chokshi
931,8906,5145,Charles Ganesh,Charles Ganesh
134,8913,5149,T. Saxena,Tristan Saxena
1019,8914,5150,wictor Saha,Victor Saha
986,8916,5152,Chandran Parekh,Chandran Parekh
991,8919,5154,Yuwraj Lalla,Yuvraj Lalla
1281,8924,5157,I Sanghvi,Imaran Sanghvi
463,8925,5157,Dalbir Gola,Dalbir Gola
1794,8928,5159,Shaurya Parmer,Shaurya Parmer
630,8932,5161,Say Mander,Sai Mander
734,8934,5162,Kabir Sane,Kabir Sane
1586,8935,5163,Yashvi Varkey,Yashvi Varkey
1293,8939,5164,R Shenoy,Raghav Shenoy
299,8941,5164,Rusil Dasgupta,Rushil Dasgupta
1508,8943,5165,Qadim Dalal,Qadim Dalal
142,8944,5165,C Purohit,Chanakya Purohit
47,8949,5169,Michael Varkey,Michael Varkey
1077,8954,5173,T. Mane,Tripti Mane
134,8955,5174,T. Saxena,Tristan Saxena
187,8956,5175,A. Jha,Arjun Jha
372,8962,5179,Ayus Ghose,Ayush Ghose
766,8963,5180,K Hayre,Kalpit Hayre
988,8964,5181,Yahvi Talwar,Yahvi Talwar
1332,8965,5181,Om Venkataraman,Om Venkataraman
385,8967,5182,C De,Christopher De
66,8968,5182,Nitesh Dar,Nitesh Dar
224,8972,5184,Azad Mallick,Azad Mallick
1794,8975,5187,S. Parmer,Shaurya Parmer
1490,8979,5188,Sai Joshi,Sai Joshi
758,8981,5190,Bahadurjit Merchant,Bahadurjit Merchant
1497,8982,5190,J. Sarna,Jackson Sarna
1327,8985,5191,H Anand,Harish Anand
1622,8986,5191,Brijes Badami,Brijesh Badami
692,8987,5192,L Kanda,Lucky Kanda
887,8992,5196,Neel Bhasin,Neel Bhasin
1270,8994,5197,J. Chada,Jairaj Chada
931,8996,5198,Charles Ganesh,Charles Ganesh
134,8998,5199,T Saxena,Tristan Saxena
1154,9000,5200,Dhriti Kala,Dhriti Kala
770,9002,5202,Gunit Sures,Guneet Suresh
1742,9003,5202,T. Vora,Tanay Vora
1332,9007,5204,O Venkataraman,Om Venkataraman
1061,9008,5205,S Saxena,Shaurya Saxena
474,9009,5206,A Chowdhury,Agastya Chowdhury
1352,9013,5207,Gopal Hans,Gopal Hans
497,9014,5208,Q Pall,Qasim Pall
47,9015,5208,Michael Varkey,Michael Varkey
692,9016,5208,L Kanda,Lucky Kanda
497,9017,5208,Qasim Pall,Qasim Pall
938,9018,5209,Harish Sehgal,Harish Sehgal
224,9019,5209,Azad Mallick,Azad Mallick
150,9027,5215,Z Ratti,Zayan Ratti
1490,9031,5217,S. Joshi,Sai Joshi
155,9033,5218,Janya Kapur,Janya Kapur
1457,9034,5219,Rehaan Mander,Rehaan Mander
815,9037,5221,Shaurya Pillai,Shaurya Pillai
1270,9038,5221,Jairaj Chada,Jairaj Chada
699,9043,5225,Darika Basak,Darika Basak
1480,9045,5226,Fitan Rawal,Fitan Raval
931,9048,5227,C Ganesh,Charles Ganesh
54,9051,5228,Chandran More,Chandran More
931,9052,5229,Charles Ganesh,Charles Ganesh
152,9055,5231,Wazir Dugal,Wazir Dugal
766,9056,5232,Kalpit Hayre,Kalpit Hayre
299,9057,5233,Rushil Dasgupta,Rushil Dasgupta
1733,9060,5236,Chaitanya Sangha,Chaitanya Sangha
152,9063,5238,W. Dugal,Wazir Dugal
443,9064,5238,Ekaraj Peri,Ekaraj Peri
497,9071,5242,Qasim Pall,Qasim Pall
1742,9072,5243,Tanay wora,Tanay Vora
66,9074,5243,N. Dar,Nitesh Dar
988,9081,5248,Yahwi Talwar,Yahvi Talwar
1270,9082,5248,J Chada,Jairaj Chada
1446,9084,5250,A. Pall,Anay Pall
439,9092,5254,A Gour,Arin Gour
1316,9094,5255,Z Srivastava,Zaid Srivastava
1030,9095,5255,Irya Taneja,Irya Taneja
66,9097,5256,Nitesh Dar,Nitesh Dar
1332,9098,5256,Om wenkataraman,Om Venkataraman
186,9100,5258,Rohan Oommen,Rohan Oommen
1586,9102,5258,Yashvi Varkey,Yashvi Varkey
938,9109,5261,H. Sehgal,Harish Sehgal
1667,9110,5262,F. Trivedi,Faqid Trivedi
1778,9111,5262,L. Bera,Laban Bera
1457,9120,5268,R Mander,Rehaan Mander
607,9121,5268,Gauri Khare,Gauri Khare
299,9123,5269,R. Dasgupta,Rushil Dasgupta
457,9125,5270,D. Bava,Dakshesh Bava
372,9128,5271,Ayush Ghose,Ayush Ghose
1778,9130,5272,Laban Bera,Laban Bera
1279,9131,5273,O Sachdev,Odika Sachdev
1370,9132,5274,Aarna Singh,Aarna Singh
1480,9133,5274,F Raval,Fitan Raval
1154,9136,5275,D Kala,Dhriti Kala
134,9137,5276,Tristan Saxena,Tristan Saxena
1713,9140,5277,L Bora,Laksh Bora
1715,9143,5279,Krisna Badal,Krishna Badal
1436,9149,5281,Ubika Oza,Ubika Oza
1019,9152,5283,V Saha,Victor Saha
718,9153,5284,Andrew Bandi,Andrew Bandi
1436,9154,5284,U Oza,Ubika Oza
1077,9156,5285,Tripti Mane,Tripti Mane
205,9158,5286,F Kunda,Fiyaz Kunda
47,9161,5288,Michael Varkey,Michael Varkey
230,9163,5290,Vamakshi Majumdar,Vamakshi Majumdar
1490,9164,5290,S Joshi,Sai Joshi
839,9168,5291,C. Kala,Chatura Kala
1763,9172,5293,Chandresh Brar,Chandresh Brar
1508,9176,5295,Q. Dalal,Qadim Dalal
815,9177,5296,S Pillai,Shaurya Pillai
150,9178,5296,Zayan Ratti,Zayan Ratti
754,9179,5296,Matthew Rao,Matthew Rao
268,9182,5299,K. Bali,Kevin Bali
783,9184,5300,Gaurangi Nagy,Gaurangi Nagy
224,9185,5300,Azad Mallick,Azad Mallick
991,9189,5301,Yuwraj Lalla,Yuvraj Lalla
1352,9191,5303,G. Hans,Gopal Hans
1667,9193,5305,F. Trivedi,Faqid Trivedi
1416,9202,5311,Maya Dube,Maya Dube
783,9203,5312,G. Nagy,Gaurangi Nagy
66,9206,5313,N Dar,Nitesh Dar
1590,9207,5313,Nachiket Keer,Nachiket Keer
457,9209,5315,Dakshesh Bava,Dakshesh Bava
607,9211,5316,G Khare,Gauri Khare
474,9214,5318,Agastya Chowdhury,Agastya Chowdhury
931,9223,5323,Charles Ganesh,Charles Ganesh
1077,9230,5327,Tripti Mane,Tripti Mane
474,9232,5329,Agastya Chowdhury,Agastya Chowdhury
1279,9234,5329,Odika Sachdev,Odika Sachdev
186,9235,5329,Rohan Oommen,Rohan Oommen
352,9238,5331,Gaurang Kari,Gaurang Kari
785,9239,5332,O. Ahuja,Orinder Ahuja
282,9244,5334,A. Prabhu,Anirudh Prabhu
497,9247,5336,Qasim Pall,Qasim Pall
152,9248,5336,Wazir Dugal,Wazir Dugal
134,9250,5337,T Saxena,Tristan Saxena
1490,9253,5338,Sai Joshi,Sai Joshi
607,9254,5338,G Khare,Gauri Khare
783,9255,5339,Gaurangi Nagy,Gaurangi Nagy
1794,9259,5341,S. Parmer,Shaurya Parmer
1257,9268,5347,U Chokshi,Upkaar Chokshi
497,9270,5348,Q. Pall,Qasim Pall
479,9275,5350,Jonatan Kapur,Jonathan Kapur
1416,9281,5354,M. Dube,Maya Dube
150,9282,5354,Zayan Ratti,Zayan Ratti
607,9283,5355,Gauri kare,Gauri Khare
938,9284,5356,Harish Sehgal,Harish Sehgal
1715,9289,5359,Krishna Badal,Krishna Badal
1393,9292,5360,Giris Solanki,Girish Solanki
299,9295,5361,Rushil Dasgupta,Rushil Dasgupta
1337,9296,5361,G. Bali,George Bali
230,9300,5363,Vamaksi Majumdar,Vamakshi Majumdar
1270,9301,5364,J. Chada,Jairaj Chada
1446,9303,5365,A Pall,Anay Pall
299,9306,5366,Rushil Dasgupta,Rushil Dasgupta
766,9312,5369,K. Hayre,Kalpit Hayre
999,9315,5371,Chaitanya Jayaraman,Chaitanya Jayaraman
815,9326,5377,Shaurya Pillai,Shaurya Pillai
86,9330,5378,Aarav Deshmukh,Aarav Deshmukh
766,9332,5380,Kalpit Hayre,Kalpit Hayre
734,9334,5381,Kabir Sane,Kabir Sane
142,9336,5381,Chanakya Purohit,Chanakya Purohit
1436,9337,5382,U Oza,Ubika Oza
134,9338,5382,T Saxena,Tristan Saxena
187,9340,5383,A Jha,Arjun Jha
299,9341,5384,Rushil Dasgupta,Rushil Dasgupta
303,9346,5386,S. Bhalla,Saksham Bhalla
783,9349,5388,G. Nagy,Gaurangi Nagy
1778,9358,5394,Laban Bera,Laban Bera
155,9359,5395,J. Kapur,Janya Kapur
54,9360,5396,Chandran More,Chandran More
385,9361,5397,C. De,Christopher De
1508,9362,5398,Q. Dalal,Qadim Dalal
385,9368,5402,C De,Christopher De
1154,9371,5404,D. Kala,Dhriti Kala
497,9372,5404,Q Pall,Qasim Pall
497,9373,5405,Q Pall,Qasim Pall
1548,9375,5406,Rayaan Kohli,Rayaan Kohli
299,9376,5406,Rushil Dasgupta,Rushil Dasgupta
385,9377,5407,Christofer De,Christopher De
1257,9379,5409,U Chokshi,Upkaar Chokshi
1370,9382,5411,Aarna Singh,Aarna Singh
497,9385,5412,Qasim Pall,Qasim Pall
607,9388,5415,G Khare,Gauri Khare
1490,9390,5415,Sai Joshi,Sai Joshi
1548,9391,5416,Rayaan Kohli,Rayaan Kohli
1055,9392,5417,T Lall,Timothy Lall
734,9395,5419,Kabir Sane,Kabir Sane
1352,9404,5423,G Hans,Gopal Hans
1416,9405,5424,Maya Dube,Maya Dube
995,9406,5424,G Bandi,Gagan Bandi
1332,9408,5426,Om wenkataraman,Om Venkataraman
1502,9410,5426,Garima Kaul,Garima Kaul
497,9412,5427,Qasim Pall,Qasim Pall
1778,9415,5428,Laban Bera,Laban Bera
150,9417,5430,Zayan Ratti,Zayan Ratti
187,9425,5434,Arjun Jha,Arjun Jha
230,9426,5435,Vamaksi Majumdar,Vamakshi Majumdar
1416,9427,5435,Maya Dube,Maya Dube
1446,9431,5436,A. Pall,Anay Pall
186,9432,5437,R Oommen,Rohan Oommen
938,9435,5439,Harish Sehgal,Harish Sehgal
1154,9442,5445,D Kala,Dhriti Kala
443,9445,5447,Ekaraj Peri,Ekaraj Peri
167,9448,5449,Ekaja Randhawa,Ekaja Randhawa
1226,9450,5450,Tanay Chaudhary,Tanay Chaudhary
1416,9453,5453,Maya Dube,Maya Dube
54,9454,5454,Chandran More,Chandran More
1337,9456,5454,George Bali,George Bali
387,9457,5455,U Vohra,Unnati Vohra
1019,9458,5455,Victor Saha,Victor Saha
816,9460,5457,K Anand,Kabir Anand
887,9463,5458,Neel Bhasin,Neel Bhasin
754,9464,5459,Matthew Rao,Matthew Rao
127,9465,5459,R Chaudhari,Rushil Chaudhari
1457,9469,5460,R. Mander,Rehaan Mander
1794,9470,5460,S Parmer,Shaurya Parmer
1309,9478,5465,Chatresh Batta,Chatresh Batta
187,9482,5469,A Jha,Arjun Jha
1077,9483,5470,T. Mane,Tripti Mane
463,9485,5471,Dalbir Gola,Dalbir Gola
299,9487,5472,Rusil Dasgupta,Rushil Dasgupta
912,9488,5473,Aryan Dara,Aryan Dara
1370,9489,5473,Aarna Singh,Aarna Singh
1370,9490,5474,Aarna Singh,Aarna Singh
1794,9495,5477,S. Parmer,Shaurya Parmer
1667,9498,5478,Faqid Trivedi,Faqid Trivedi
1257,9512,5489,Upkaar Choksi,Upkaar Chokshi
887,9514,5491,Neel Bhasin,Neel Bhasin
497,9515,5491,Q. Pall,Qasim Pall
66,9519,5494,Nitesh Dar,Nitesh Dar
1713,9520,5494,L Bora,Laksh Bora
936,9527,5500,E Raghavan,Ekbal Raghavan
187,9531,5503,Arjun Jha,Arjun Jha
230,9538,5508,V. Majumdar,Vamakshi Majumdar
938,9539,5508,Harish Sehgal,Harish Sehgal
47,9541,5508,Michael warkey,Michael Varkey
1337,9543,5509,George Bali,George Bali
754,9549,5512,Mattew Rao,Matthew Rao
1030,9552,5512,Irya Taneja,Irya Taneja
1446,9560,5519,A. Pall,Anay Pall
1457,9561,5520,R Mander,Rehaan Mander
329,9569,5525,C Kadakia,Chakradev Kadakia
1490,9574,5528,S Joshi,Sai Joshi
1486,9586,5534,Aarnav Chhabra,Aarnav Chhabra
812,9591,5535,Nicholas Raju,Nicholas Raju
1733,9594,5538,C. Sangha,Chaitanya Sangha
607,9595,5538,Gauri kare,Gauri Khare
783,9599,5540,Gaurangi Nagy,Gaurangi Nagy
134,9602,5540,Tristan Saxena,Tristan Saxena
1713,9603,5541,Laks Bora,Laksh Bora
1713,9605,5542,L Bora,Laksh Bora
187,9607,5543,A Jha,Arjun Jha
150,9608,5544,Zayan Ratti,Zayan Ratti
1270,9613,5549,Jairaj Chada,Jairaj Chada
561,9615,5551,Laban Muni,Laban Muni
1370,9623,5555,Aarna Singh,Aarna Singh
668,9627,5556,Yahvi Sule,Yahvi Sule
443,9631,5558,Ekaraj Peri,Ekaraj Peri
230,9632,5559,Vamaksi Majumdar,Vamakshi Majumdar
155,9634,5560,J. Kapur,Janya Kapur
1733,9635,5560,Chaitanya Sangha,Chaitanya Sangha
931,9636,5561,Charles Ganes,Charles Ganesh
589,9637,5561,Henry Aurora,Henry Aurora
1436,9640,5564,Ubika Oza,Ubika Oza
497,9642,5565,Q. Pall,Qasim Pall
750,9645,5565,Chandran Mohanty,Chandran Mohanty
1370,9648,5567,Aarna Singh,Aarna Singh
1667,9654,5571,F Trivedi,Faqid Trivedi
66,9657,5572,Nites Dar,Nitesh Dar
815,9664,5577,Shaurya Pillai,Shaurya Pillai
230,9667,5580,V. Majumdar,Vamakshi Majumdar
1154,9669,5581,Dhriti Kala,Dhriti Kala
216,9673,5582,Lekha Bobal,Lekha Bobal
234,9675,5584,Urvashi Gandhi,Urvashi Gandhi
754,9679,5587,M Rao,Matthew Rao
186,9684,5591,R Oommen,Rohan Oommen
51,9689,5594,Krisna Arya,Krishna Arya
692,9690,5595,Lucky Kanda,Lucky Kanda
47,9696,5600,Michael Varkey,Michael Varkey
47,9697,5601,Michael Varkey,Michael Varkey
1019,9699,5602,Victor Saha,Victor Saha
1667,9706,5606,F. Trivedi,Faqid Trivedi
1715,9708,5608,Krisna Badal,Krishna Badal
770,9709,5608,Guneet Suresh,Guneet Suresh
463,9715,5610,Dalbir Gola,Dalbir Gola
1742,9719,5612,Tanay wora,Tanay Vora
1154,9727,5616,Dhriti Kala,Dhriti Kala
902,9728,5616,wanya Bhargawa,Vanya Bhargava
766,9729,5617,K. Hayre,Kalpit Hayre
1486,9730,5617,Aarnav Chhabra,Aarnav Chhabra
938,9737,5620,H. Sehgal,Harish Sehgal
1490,9738,5621,Say Josi,Sai Joshi
66,9740,5623,Nitesh Dar,Nitesh Dar
938,9741,5623,H Sehgal,Harish Sehgal
1257,9743,5624,U Chokshi,Upkaar Chokshi
1548,9744,5625,R. Kohli,Rayaan Kohli
1257,9746,5626,Upkaar Choksi,Upkaar Chokshi
1778,9748,5628,Laban Bera,Laban Bera
1497,9751,5630,Jackson Sarna,Jackson Sarna
607,9752,5630,Gauri Khare,Gauri Khare
1337,9753,5630,George Bali,George Bali
938,9755,5631,Harish Sehgal,Harish Sehgal
1337,9765,5636,G Bali,George Bali
142,9767,5638,C Purohit,Chanakya Purohit
1019,9770,5639,wictor Saha,Victor Saha
1742,9771,5639,T. Vora,Tanay Vora
457,9773,5641,D. Bava,Dakshesh Bava
1800,9774,5642,A Narasimhan,Aishani Narasimhan
1352,9775,5643,G Hans,Gopal Hans
535,9779,5647,P. Edwin,Praneel Edwin
152,9783,5648,Wazir Dugal,Wazir Dugal
299,9788,5651,Rushil Dasgupta,Rushil Dasgupta
186,9789,5652,R Oommen,Rohan Oommen
938,9791,5653,Harish Sehgal,Harish Sehgal
152,9794,5654,Wazir Dugal,Wazir Dugal
205,9795,5654,Fiyaz Kunda,Fiyaz Kunda
497,9800,5658,Qasim Pall,Qasim Pall
1457,9801,5658,Rehaan Mander,Rehaan Mander
1182,9803,5659,F Chaudhuri,Frado Chaudhuri
1457,9804,5660,Rehaan Mander,Rehaan Mander
474,9805,5661,Agastya Chowdhury,Agastya Chowdhury
1019,9806,5661,Victor Saha,Victor Saha
196,9811,5666,Finn Chadha,Finn Chadha
758,9812,5666,B Merchant,Bahadurjit Merchant
66,9813,5667,Nites Dar,Nitesh Dar
1332,9815,5669,Om Venkataraman,Om Venkataraman
457,9816,5670,D Bava,Dakshesh Bava
1279,9818,5671,Odika Sachdev,Odika Sachdev
1352,9822,5672,Gopal Hans,Gopal Hans
1154,9825,5673,D. Kala,Dhriti Kala
677,9827,5675,Jatin ummen,Jatin Oommen
1332,9833,5678,O Venkataraman,Om Venkataraman
1257,9834,5678,Upkaar Chokshi,Upkaar Chokshi
463,9835,5678,Dalbir Gola,Dalbir Gola
443,9840,5680,Ekaraj Peri,Ekaraj Peri
765,9843,5683,Balveer Mane,Balveer Mane
1508,9847,5686,Qadim Dalal,Qadim Dalal
783,9848,5686,Gaurangi Nagy,Gaurangi Nagy
525,9853,5688,F. Balasubramanian,Finn Balasubramanian
1733,9863,5694,Chaitanya Sangha,Chaitanya Sangha
988,9866,5695,Y. Talwar,Yahvi Talwar
938,9870,5699,Harish Sehgal,Harish Sehgal
66,9871,5700,Nitesh Dar,Nitesh Dar
155,9872,5701,J. Kapur,Janya Kapur
1279,9873,5701,O Sachdev,Odika Sachdev
931,9879,5705,C. Ganesh,Charles Ganesh
1019,9881,5705,wictor Saha,Victor Saha
311,9882,5706,Kabir Virk,Kabir Virk
463,9888,5710,Dalbir Gola,Dalbir Gola
1279,9889,5710,Odika Sachdev,Odika Sachdev
66,9892,5713,N. Dar,Nitesh Dar
1281,9898,5716,I. Sanghvi,Imaran Sanghvi
1297,9900,5717,C. Master,Chanchal Master
1713,9901,5717,L Bora,Laksh Bora
1348,9908,5724,T Sha,Tarak Sha
903,9916,5729,Daniel Kalla,Daniel Kalla
155,9917,5730,Janya Kapur,Janya Kapur
1019,9918,5731,Victor Saha,Victor Saha
187,9919,5732,A. Jha,Arjun Jha
887,9920,5732,Neel Bhasin,Neel Bhasin
1778,9924,5733,Laban Bera,Laban Bera
474,9925,5733,Agastya Chowdhury,Agastya Chowdhury
1742,9927,5735,Tanay Vora,Tanay Vora
6,9928,5736,G Mahal,George Mahal
484,9930,5737,Chaitanya Randhawa,Chaitanya Randhawa
219,9932,5737,S. Swaminathan,Shivansh Swaminathan
1446,9935,5740,Anay Pall,Anay Pall
1457,9936,5740,R Mander,Rehaan Mander
692,9938,5741,Lucky Kanda,Lucky Kanda
783,9939,5741,G. Nagy,Gaurangi Nagy
1446,9940,5741,Anay Pall,Anay Pall
991,9941,5742,Yuvraj Lalla,Yuvraj Lalla
142,9942,5743,Chanakya Purohit,Chanakya Purohit
230,9943,5744,wamakshi Majumdar,Vamakshi Majumdar
1486,9944,5744,Aarnav Chhabra,Aarnav Chhabra
1436,9946,5744,Ubika Oza,Ubika Oza
988,9950,5747,Yahwi Talwar,Yahvi Talwar
1352,9957,5750,G Hans,Gopal Hans
187,9961,5752,A Jha,Arjun Jha
769,9962,5753,O. Sagar,Omkaar Sagar
1713,9964,5753,Laksh Bora,Laksh Bora
142,9965,5753,C Purohit,Chanakya Purohit
692,9967,5754,Lucky Kanda,Lucky Kanda
1281,9968,5755,Imaran Sanghwi,Imaran Sanghvi
783,9972,5756,Gaurangi Nagy,Gaurangi Nagy
1457,9974,5758,R. Mander,Rehaan Mander
986,9975,5759,Chandran Parek,Chandran Parekh
1480,9976,5759,Fitan Rawal,Fitan Raval
1351,9977,5759,M. Kakar,Michael Kakar
1030,9979,5760,Irya Taneja,Irya Taneja
1446,9980,5760,A. Pall,Anay Pall
1302,9983,5763,P. Taneja,Peter Taneja
152,9990,5767,Wazir Dugal,Wazir Dugal
142,9995,5770,C Purohit,Chanakya Purohit
1332,9997,5770,Om wenkataraman,Om Venkataraman
1497,10002,5773,Jackson Sarna,Jackson Sarna
187,10005,5776,Arjun Jha,Arjun Jha
1350,10006,5776,F. Rout,Frado Rout
1794,10015,5783,S Parmer,Shaurya Parmer
1667,10017,5783,Faqid Trivedi,Faqid Trivedi
372,10022,5786,Ayush Ghose,Ayush Ghose
150,10026,5788,Zayan Ratti,Zayan Ratti
758,10027,5789,Bahadurjit Merchant,Bahadurjit Merchant
224,10033,5792,A Mallick,Azad Mallick
734,10035,5792,Kabir Sane,Kabir Sane
986,10036,5792,C. Parekh,Chandran Parekh
1742,10039,5794,Tanay Vora,Tanay Vora
924,10043,5795,C. Oommen,Chandresh Oommen
1769,10044,5796,Chandran Mangat,Chandran Mangat
1337,10054,5802,G. Bali,George Bali
1490,10055,5803,Sai Joshi,Sai Joshi
1270,10056,5803,J Chada,Jairaj Chada
1270,10057,5804,Jayraj Chada,Jairaj Chada
187,10061,5808,Arjun Jha,Arjun Jha
766,10063,5810,K. Hayre,Kalpit Hayre
385,10065,5812,C De,Christopher De
931,10066,5812,C. Ganesh,Charles Ganesh
1332,10067,5812,Om wenkataraman,Om Venkataraman
1436,10068,5813,Ubika Oza,Ubika Oza
1548,10070,5814,R Kohli,Rayaan Kohli
385,10073,5815,Christopher De,Christopher De
1019,10076,5817,Victor Saha,Victor Saha
152,10078,5818,W Dugal,Wazir Dugal
1077,10079,5819,Tripti Mane,Tripti Mane
770,10081,5821,G. Suresh,Guneet Suresh
582,10092,5827,J. Sami,Jason Sami
1446,10093,5827,Anay Pall,Anay Pall
1537,10095,5827,Victor Chhabra,Victor Chhabra
66,10096,5828,Nitesh Dar,Nitesh Dar
754,10102,5831,Mattew Rao,Matthew Rao
299,10103,5832,R. Dasgupta,Rushil Dasgupta
131,10105,5832,A Shroff,Aayush Shroff
931,10108,5834,C. Ganesh,Charles Ganesh
766,10110,5836,K. Hayre,Kalpit Hayre
1393,10113,5838,Girish Solanki,Girish Solanki
1436,10118,5840,Ubika Oza,Ubika Oza
1352,10131,5850,Gopal Hans,Gopal Hans
1352,10134,5851,G Hans,Gopal Hans
766,10136,5853,Kalpit Hayre,Kalpit Hayre
986,10145,5858,C. Parekh,Chandran Parekh
765,10146,5859,B. Mane,Balveer Mane
155,10148,5861,J Kapur,Janya Kapur
457,10152,5862,D. Bava,Dakshesh Bava
690,10155,5863,M Kade,Mohammed Kade
1446,10157,5864,Anay Pall,Anay Pall
1508,10158,5865,Qadim Dalal,Qadim Dalal
224,10160,5866,Azad Mallick,Azad Mallick
1270,10161,5866,Jayraj Chada,Jairaj Chada
1778,10162,5867,L. Bera,Laban Bera
332,10163,5868,Manbir Narasimhan,Manbir Narasimhan
758,10164,5869,B Merchant,Bahadurjit Merchant
463,10169,5872,Dalbir Gola,Dalbir Gola
1548,10170,5873,Rayaan Kohli,Rayaan Kohli
1370,10172,5874,Aarna Singh,Aarna Singh
1293,10177,5878,R. Shenoy,Raghav Shenoy
372,10178,5879,A. Ghose,Ayush Ghose
142,10183,5880,C. Purohit,Chanakya Purohit
991,10184,5880,Yuwraj Lalla,Yuvraj Lalla
1281,10190,5882,Imaran Sanghwi,Imaran Sanghvi
1490,10192,5883,Sai Joshi,Sai Joshi
177,10193,5884,Gunit Buch,Guneet Buch
754,10194,5885,Matthew Rao,Matthew Rao
142,10197,5886,Chanakya Purohit,Chanakya Purohit
1697,10201,5887,A Bhagat,Anay Bhagat
1337,10203,5888,George Bali,George Bali
1671,10204,5888,Faraj Sathe,Faraj Sathe
1416,10208,5891,M. Dube,Maya Dube
1392,10215,5894,Kritika Sangha,Kritika Sangha
1416,10217,5896,Maya Dube,Maya Dube
142,10218,5897,Chanakya Purohit,Chanakya Purohit
443,10219,5897,Ekaraj Peri,Ekaraj Peri
1279,10220,5898,O Sachdev,Odika Sachdev
754,10222,5898,Mattew Rao,Matthew Rao
1448,10223,5898,Faqid Iyer,Faqid Iyer
1337,10225,5900,George Bali,George Bali
443,10238,5908,E Peri,Ekaraj Peri
770,10242,5911,G Suresh,Guneet Suresh
1671,10248,5914,F Sathe,Faraj Sathe
54,10250,5915,Chandran More,Chandran More
457,10252,5916,Daksesh Bawa,Dakshesh Bava
224,10256,5919,Azad Mallick,Azad Mallick
1332,10259,5920,Om Venkataraman,Om Venkataraman
1457,10260,5920,R. Mander,Rehaan Mander
54,10263,5923,Chandran More,Chandran More
1270,10264,5924,Jairaj Chada,Jairaj Chada
1778,10266,5924,L. Bera,Laban Bera
770,10267,5925,Gunit Sures,Guneet Suresh
497,10271,5926,Qasim Pall,Qasim Pall
186,10275,5928,R. Oommen,Rohan Oommen
991,10284,5934,Yuvraj Lalla,Yuvraj Lalla
224,10286,5935,Azad Mallick,Azad Mallick
1586,10288,5937,Yashvi Varkey,Yashvi Varkey
1077,10289,5937,Tripti Mane,Tripti Mane
155,10290,5938,Janya Kapur,Janya Kapur
1733,10291,5939,C Sangha,Chaitanya Sangha
870,10296,5942,Laks Anne,Laksh Anne
497,10300,5946,Qasim Pall,Qasim Pall
1446,10302,5947,A Pall,Anay Pall
765,10309,5951,B Mane,Balveer Mane
374,10311,5953,Yatin Manne,Yatin Manne
894,10314,5955,R Dhar,Robert Dhar
372,10317,5958,A. Ghose,Ayush Ghose
757,10318,5959,H Kurian,Hitesh Kurian
734,10322,5961,K. Sane,Kabir Sane
155,10323,5962,J Kapur,Janya Kapur
1457,10324,5962,Rehaan Mander,Rehaan Mander
986,10325,5963,Chandran Parekh,Chandran Parekh
938,10328,5965,H Sehgal,Harish Sehgal
457,10331,5968,D Bava,Dakshesh Bava
1470,10332,5969,Faris Om,Faris Om
760,10335,5971,Y Garde,Yuvraj Garde
1019,10338,5973,V Saha,Victor Saha
938,10343,5977,H Sehgal,Harish Sehgal
1586,10345,5978,Yashwi warkey,Yashvi Varkey
463,10346,5978,Dalbir Gola,Dalbir Gola
815,10347,5978,S Pillai,Shaurya Pillai
1154,10350,5980,D Kala,Dhriti Kala
474,10351,5981,A. Chowdhury,Agastya Chowdhury
1416,10352,5981,Maya Dube,Maya Dube
1778,10354,5983,Laban Bera,Laban Bera
607,10355,5984,Gauri Khare,Gauri Khare
1490,10356,5985,Sai Joshi,Sai Joshi
1293,10357,5986,Raghaw senoy,Raghav Shenoy
765,10360,5987,Balveer Mane,Balveer Mane
1019,10363,5989,Victor Saha,Victor Saha
1270,10364,5990,Jayraj Chada,Jairaj Chada
558,10367,5993,Zaytra Johal,Zaitra Johal
1393,10369,5993,Girish Solanki,Girish Solanki
815,10372,5995,S Pillai,Shaurya Pillai
991,10373,5995,Yuvraj Lalla,Yuvraj Lalla
1063,10376,5997,Faqid Raj,Faqid Raj
1313,10377,5998,W Mani,Wazir Mani
1436,10382,6000,Ubika Oza,Ubika Oza
1270,10384,6001,Jairaj Chada,Jairaj Chada
988,10387,6002,Yahwi Talwar,Yahvi Talwar
1457,10391,6004,R Mander,Rehaan Mander
1480,10397,6006,F. Raval,Fitan Raval
1446,10410,6014,Anay Pall,Anay Pall
1352,10412,6016,G Hans,Gopal Hans
214,10418,6019,Timothy Sachar,Timothy Sachar
152,10423,6022,Wazir Dugal,Wazir Dugal
887,10424,6023,N. Bhasin,Neel Bhasin
1279,10434,6029,O. Sachdev,Odika Sachdev
1667,10435,6029,Faqid Triwedi,Faqid Trivedi
1391,10436,6030,R. Gade,Ranveer Gade
142,10437,6030,Chanakya Purohit,Chanakya Purohit
1436,10439,6030,Ubika Oza,Ubika Oza
1281,10442,6032,I. Sanghvi,Imaran Sanghvi
224,10443,6033,A. Mallick,Azad Mallick
1446,10457,6040,Anay Pall,Anay Pall
1671,10461,6042,F Sathe,Faraj Sathe
150,10462,6042,Zayan Ratti,Zayan Ratti
1680,10469,6048,Finn Mani,Finn Mani
1742,10474,6050,T Vora,Tanay Vora
938,10476,6052,Harish Sehgal,Harish Sehgal
150,10477,6053,Z. Ratti,Zayan Ratti
102,10480,6054,L Borde,Lopa Borde
1446,10483,6054,A. Pall,Anay Pall
758,10489,6058,B. Merchant,Bahadurjit Merchant
1030,10490,6059,Irya Taneja,Irya Taneja
593,10492,6060,V. Saha,Vedhika Saha
1370,10501,6065,Aarna Singh,Aarna Singh
692,10508,6069,Lucky Kanda,Lucky Kanda
754,10509,6069,M Rao,Matthew Rao
1416,10511,6071,Maya Dube,Maya Dube
1279,10512,6072,Odika Sachdew,Odika Sachdev
457,10516,6075,D. Bava,Dakshesh Bava
1713,10518,6077,Laksh Bora,Laksh Bora
1270,10520,6079,Jayraj Chada,Jairaj Chada
910,10521,6080,C. Chakrabarti,Chakradhar Chakrabarti
385,10522,6080,C De,Christopher De
1279,10523,6080,O Sachdev,Odika Sachdev
1497,10527,6081,J Sarna,Jackson Sarna
1436,10528,6082,Ubika Oza,Ubika Oza
224,10532,6084,Azad Mallick,Azad Mallick
224,10535,6084,A. Mallick,Azad Mallick
47,10537,6086,M. Varkey,Michael Varkey
766,10539,6088,K Hayre,Kalpit Hayre
1257,10543,6090,Upkaar Chokshi,Upkaar Chokshi
783,10546,6091,Gaurangi Nagy,Gaurangi Nagy
1293,10553,6095,Raghav Shenoy,Raghav Shenoy
463,10555,6096,Dalbir Gola,Dalbir Gola
1184,10556,6097,L Jhaveri,Logan Jhaveri
1370,10560,6100,A Singh,Aarna Singh
1345,10562,6100,A. Anand,Amaira Anand
481,10565,6102,Samar Krish,Samar Krish
1607,10566,6102,Wahab Chad,Wahab Chad
846,10573,6106,P Sinha,Parth Sinha
1750,10574,6106,B. Prabhu,Balendra Prabhu
1656,10578,6109,Jeremiah Subramaniam,Jeremiah Subramaniam
286,10586,6112,W. Kala,Warda Kala
74,10587,6113,J. Sinha,Jackson Sinha
1607,10593,6117,Wahab Chad,Wahab Chad
618,10595,6117,E Gera,Ethan Gera
418,10597,6118,Jeet Sengupta,Jeet Sengupta
1686,10601,6119,Ayaan Balay,Ayaan Balay
1511,10603,6121,S. Chowdhury,Sathvik Chowdhury
1240,10604,6121,Isaan Rastogi,Ishaan Rastogi
418,10605,6121,J Sengupta,Jeet Sengupta
74,10609,6123,J Sinha,Jackson Sinha
1290,10613,6125,V. Goda,Viraj Goda
540,10614,6126,D Sastry,Daniel Sastry
1607,10615,6126,W Chad,Wahab Chad
634,10618,6127,F Madan,Faqid Madan
1087,10619,6127,Maanav Khanna,Maanav Khanna
10,10620,6128,wincent warkey,Vincent Varkey
702,10621,6129,A. Bhakta,Aadi Bhakta
1345,10624,6131,A. Anand,Amaira Anand
730,10625,6131,Bachittar Andra,Bachittar Andra
1115,10627,6132,S Bhatia,Shivansh Bhatia
329,10629,6133,Chakradev Kadakia,Chakradev Kadakia
1555,10633,6134,G. Swamy,Gunbir Swamy
846,10634,6135,P Sinha,Parth Sinha
43,10638,6139,H. Solanki,Henry Solanki
21,10645,6143,Chaytanya Zacharia,Chaitanya Zacharia
776,10649,6147,Lakshit Kanda,Lakshit Kanda
1387,10651,6148,Chatresh Ravel,Chatresh Ravel
730,10655,6150,Bachittar Andra,Bachittar Andra
10,10657,6152,Vincent Varkey,Vincent Varkey
1314,10658,6152,S Kapur,Samaksh Kapur
329,10659,6152,Chakradev Kadakia,Chakradev Kadakia
1800,10661,6154,Aisani Narasimhan,Aishani Narasimhan
49,10662,6155,Zayyan Dara,Zayyan Dara
10,10663,6156,V. Varkey,Vincent Varkey
329,10666,6157,Chakradew Kadakia,Chakradev Kadakia
49,10667,6158,Z Dara,Zayyan Dara
1115,10668,6159,S. Bhatia,Shivansh Bhatia
1387,10669,6159,Chatres Rawel,Chatresh Ravel
1596,10671,6160,Avi Boase,Avi Boase
297,10673,6161,Jonathan Mital,Jonathan Mital
1036,10674,6162,Qadim Brar,Qadim Brar
17,10676,6164,Balveer Halder,Balveer Halder
1512,10677,6165,Caleb Bath,Caleb Bath
540,10678,6166,Daniel Sastry,Daniel Sastry
1184,10682,6168,Logan Jhaveri,Logan Jhaveri
702,10683,6168,Aadi Bhakta,Aadi Bhakta
75,10685,6169,E. Bandi,Ekapad Bandi
1797,10689,6172,Zayan Pillay,Zayan Pillai
1725,10697,6176,Agastya Chaudry,Agastya Chaudry
1562,10699,6177,Aarnav Lal,Aarnav Lal
1562,10702,6179,Aarnav Lal,Aarnav Lal
10,10705,6181,V. Varkey,Vincent Varkey
1345,10707,6183,A Anand,Amaira Anand
540,10709,6184,D. Sastry,Daniel Sastry
1607,10714,6189,W Chad,Wahab Chad
49,10718,6191,Zayyan Dara,Zayyan Dara
1725,10723,6194,Agastya Chaudry,Agastya Chaudry
776,10724,6195,Lakshit Kanda,Lakshit Kanda
1186,10727,6196,Siddharth Shroff,Siddharth Shroff
715,10730,6198,Y Ramaswamy,Yatin Ramaswamy
284,10737,6203,B Tiwari,Benjamin Tiwari
1558,10739,6204,Lakshit Dhillon,Lakshit Dhillon
1740,10740,6205,K. Buch,Krishna Buch
563,10741,6206,C. Bhatti,Charles Bhatti
1115,10742,6206,Shivansh Bhatia,Shivansh Bhatia
462,10744,6207,T. Gola,Tanveer Gola
702,10746,6208,Aadi Bhakta,Aadi Bhakta
1275,10752,6211,Raghaw Panchal,Raghav Panchal
1387,10754,6213,C. Ravel,Chatresh Ravel
1607,10757,6213,Wahab Chad,Wahab Chad
1186,10763,6217,Siddhart sroff,Siddharth Shroff
1186,10767,6219,Siddhart sroff,Siddharth Shroff
1656,10770,6221,Jeremiah Subramaniam,Jeremiah Subramaniam
1607,10772,6221,W. Chad,Wahab Chad
1082,10775,6222,Faraj Kashyap,Faraj Kashyap
968,10778,6224,E Borde,Ekiya Borde
776,10779,6224,Laksit Kanda,Lakshit Kanda
789,10780,6224,Owen werma,Owen Verma
1067,10782,6225,Baljiwan Chandra,Baljiwan Chandra
1750,10783,6225,Balendra Prabhu,Balendra Prabhu
1184,10784,6225,Logan Jhaveri,Logan Jhaveri
1433,10786,6226,Joshua Thaman,Joshua Thaman
1656,10791,6229,Jeremiah Subramaniam,Jeremiah Subramaniam
1245,10793,6230,Ijaya Balay,Ijaya Balay
715,10796,6231,Yatin Ramaswamy,Yatin Ramaswamy
1245,10801,6235,Ijaya Balay,Ijaya Balay
715,10802,6235,Y Ramaswamy,Yatin Ramaswamy
1423,10808,6238,I Parekh,Ishwar Parekh
1314,10814,6240,Samaksh Kapur,Samaksh Kapur
418,10816,6241,J Sengupta,Jeet Sengupta
1375,10819,6244,Jasmit Nigam,Jasmit Nigam
1555,10820,6245,Gunbir Swamy,Gunbir Swamy
1478,10821,6246,Caleb Chaudry,Caleb Chaudry
1115,10823,6247,Shiwansh Bhatia,Shivansh Bhatia
1750,10824,6248,Balendra Prabhu,Balendra Prabhu
1759,10826,6249,M Pathak,Mitesh Pathak
329,10830,6252,Chakradev Kadakia,Chakradev Kadakia
1173,10832,6252,Harita Nadig,Harita Nadig
1502,10840,6258,Garima Kaul,Garima Kaul
844,10842,6258,C Mani,Champak Mani
49,10843,6259,Zayyan Dara,Zayyan Dara
1250,10850,6264,E. Oza,Ekanta Oza
462,10857,6268,Tanveer Gola,Tanveer Gola
1270,10860,6269,J. Chada,Jairaj Chada
730,10866,6275,Bachittar Andra,Bachittar Andra
1245,10867,6276,Ijaya Balay,Ijaya Balay
715,10870,6278,Y Ramaswamy,Yatin Ramaswamy
1354,10873,6280,H Borra,Hardik Borra
1184,10874,6280,Logan Jhaveri,Logan Jhaveri
1725,10875,6281,Agastya Chaudry,Agastya Chaudry
1354,10876,6282,Hardik Borra,Hardik Borra
1354,10877,6283,Hardik Borra,Hardik Borra
1184,10879,6283,Logan Jhaveri,Logan Jhaveri
1610,10880,6284,Faras warty,Faras Varty
256,10881,6285,G Grover,Gaurangi Grover
1245,10882,6285,Ijaya Balay,Ijaya Balay
1646,10884,6287,Pooja Tandon,Pooja Tandon
49,10887,6289,Z. Dara,Zayyan Dara
1067,10890,6290,Baljiwan Chandra,Baljiwan Chandra
418,10892,6291,Jit Sengupta,Jeet Sengupta
1387,10900,6296,C Ravel,Chatresh Ravel
1502,10901,6296,G Kaul,Garima Kaul
1275,10902,6297,Raghav Panchal,Raghav Panchal
1296,10903,6297,E Lal,Ekbal Lal
540,10905,6297,D. Sastry,Daniel Sastry
1245,10906,6298,Ijaya Balay,Ijaya Balay
1186,10908,6299,Siddharth Shroff,Siddharth Shroff
634,10914,6303,F Madan,Faqid Madan
1354,10918,6305,H. Borra,Hardik Borra
1759,10920,6306,M Pathak,Mitesh Pathak
1354,10924,6308,Hardik Borra,Hardik Borra
1253,10925,6309,A. Brahmbhatt,Ayaan Brahmbhatt
1245,10927,6310,I Balay,Ijaya Balay
899,10928,6311,Ikbal Lala,Ikbal Lala
1115,10931,6312,Shivansh Bhatia,Shivansh Bhatia
776,10944,6318,L Kanda,Lakshit Kanda
1759,10953,6325,Mitesh Pathak,Mitesh Pathak
1387,10956,6325,C. Ravel,Chatresh Ravel
1653,10957,6326,G Patil,George Patil
1555,10967,6332,Gunbir Swamy,Gunbir Swamy
1184,10968,6333,Logan Jhaveri,Logan Jhaveri
1245,10970,6335,Ijaya Balay,Ijaya Balay
49,10973,6337,Zayyan Dara,Zayyan Dara
10,10974,6338,V. Varkey,Vincent Varkey
1607,10975,6339,W. Chad,Wahab Chad
337,10979,6342,R Handa,Rishi Handa
1607,10980,6343,Wahab Chad,Wahab Chad
1345,10982,6344,Amaira Anand,Amaira Anand
1725,10989,6347,A Chaudry,Agastya Chaudry
730,10995,6349,B Andra,Bachittar Andra
1775,10999,6350,C. Rout,Caleb Rout
1555,11000,6351,Gunbir Swamy,Gunbir Swamy
540,11007,6353,D Sastry,Daniel Sastry
74,11008,6354,Jackson Sinha,Jackson Sinha
1656,11011,6355,J Subramaniam,Jeremiah Subramaniam
1184,11012,6356,Logan Jhaweri,Logan Jhaveri
1653,11015,6359,G Patil,George Patil
1250,11016,6359,E. Oza,Ekanta Oza
922,11027,6366,A Ahluwalia,Agastya Ahluwalia
462,11028,6366,T. Gola,Tanveer Gola
457,11031,6367,D. Bava,Dakshesh Bava
188,11046,6375,Anmol Prasad,Anmol Prasad
1653,11047,6375,George Patil,George Patil
1603,11049,6377,Chakradhar Agrawal,Chakradhar Agrawal
1656,11051,6377,Jeremiah Subramaniam,Jeremiah Subramaniam
1653,11052,6378,George Patil,George Patil
284,11053,6379,Benjamin Tiwari,Benjamin Tiwari
1794,11058,6383,saurya Parmer,Shaurya Parmer
1296,11077,6392,E Lal,Ekbal Lal
10,11079,6393,Vincent Varkey,Vincent Varkey
1555,11082,6394,G Swamy,Gunbir Swamy
1296,11083,6394,Ekbal Lal,Ekbal Lal
49,11084,6395,Z Dara,Zayyan Dara
1184,11087,6396,L. Jhaveri,Logan Jhaveri
540,11092,6399,Daniel Sastry,Daniel Sastry
1184,11093,6399,L. Jhaveri,Logan Jhaveri
1375,11097,6401,Jasmit Nigam,Jasmit Nigam
1354,11098,6402,Hardik Borra,Hardik Borra
286,11100,6403,Warda Kala,Warda Kala
1447,11101,6403,L Menon,Luke Menon
1186,11105,6405,S. Shroff,Siddharth Shroff
483,11106,6405,E. Atwal,Ekapad Atwal
1314,11107,6406,Samaks Kapur,Samaksh Kapur
846,11112,6408,P Sinha,Parth Sinha
715,11114,6408,Yatin Ramaswamy,Yatin Ramaswamy
1314,11119,6411,S Kapur,Samaksh Kapur
1296,11120,6411,Ekbal Lal,Ekbal Lal
846,11121,6412,P. Sinha,Parth Sinha
1656,11124,6412,Jeremiah Subramaniam,Jeremiah Subramaniam
1078,11129,6415,Vedant Bhakta,Vedant Bhakta
24,11131,6417,Maanas Narayan,Maanas Narayan
1184,11132,6418,L. Jhaveri,Logan Jhaveri
284,11134,6418,B Tiwari,Benjamin Tiwari
730,11136,6419,Bachittar Andra,Bachittar Andra
336,11137,6419,J. Sarkar,Jyoti Sarkar
1275,11139,6420,R. Panchal,Raghav Panchal
1083,11143,6422,wictor Majumdar,Victor Majumdar
418,11145,6422,J Sengupta,Jeet Sengupta
1250,11146,6423,Ekanta Oza,Ekanta Oza
981,11149,6424,Xalak Nagar,Xalak Nagar
1184,11151,6425,Logan Jhaveri,Logan Jhaveri
49,11157,6431,Zayyan Dara,Zayyan Dara
286,11158,6432,W Kala,Warda Kala
1372,11159,6433,M Dugal,Mohammed Dugal
730,11163,6435,B Andra,Bachittar Andra
1607,11164,6436,W. Chad,Wahab Chad
1562,11165,6436,Aarnaw Lal,Aarnav Lal
1555,11166,6437,Gunbir Swamy,Gunbir Swamy
1750,11169,6439,B Prabhu,Balendra Prabhu
1115,11170,6439,sivansh Bhatia,Shivansh Bhatia
1512,11172,6439,C. Bath,Caleb Bath
1375,11173,6440,J Nigam,Jasmit Nigam
1512,11177,6442,Caleb Bat,Caleb Bath
418,11181,6445,Jeet Sengupta,Jeet Sengupta
1275,11186,6448,Raghav Panchal,Raghav Panchal
462,11201,6455,T. Gola,Tanveer Gola
462,11202,6455,Tanveer Gola,Tanveer Gola
795,11204,6456,Max Chandra,Max Chandra
776,11207,6459,Lakshit Kanda,Lakshit Kanda
1176,11212,6462,Sathvik Konda,Sathvik Konda
1275,11217,6465,R Panchal,Raghav Panchal
1184,11218,6465,Logan Jhaveri,Logan Jhaveri
1518,11220,6467,J Yohannan,Jeet Yohannan
634,11227,6470,F Madan,Faqid Madan
1511,11228,6470,S Chowdhury,Sathvik Chowdhury
1512,11229,6471,Caleb Bath,Caleb Bath
1759,11232,6473,Mites Patak,Mitesh Pathak
10,11235,6475,wincent warkey,Vincent Varkey
1512,11236,6475,Caleb Bath,Caleb Bath
284,11237,6476,Benjamin Tiwari,Benjamin Tiwari
1562,11240,6478,Aarnav Lal,Aarnav Lal
1768,11241,6479,Z. Mital,Zayan Mital
1290,11242,6480,V Goda,Viraj Goda
1095,11244,6482,Max Babu,Max Babu
1186,11257,6488,Siddhart sroff,Siddharth Shroff
1653,11259,6488,George Patil,George Patil
337,11260,6489,Risi Handa,Rishi Handa
305,11261,6490,G. Khare,George Khare
1555,11262,6491,G Swamy,Gunbir Swamy
1375,11263,6492,J Nigam,Jasmit Nigam
1345,11267,6495,Amaira Anand,Amaira Anand
1555,11269,6497,G Swamy,Gunbir Swamy
981,11271,6497,Xalak Nagar,Xalak Nagar
1290,11279,6501,wiraj Goda,Viraj Goda
1512,11281,6502,C Bath,Caleb Bath
1296,11286,6506,Ekbal Lal,Ekbal Lal
1184,11287,6506,Logan Jhaveri,Logan Jhaveri
329,11290,6509,Chakradew Kadakia,Chakradev Kadakia
1354,11291,6509,H Borra,Hardik Borra
1725,11295,6511,A. Chaudry,Agastya Chaudry
1354,11300,6513,Hardik Borra,Hardik Borra
284,11303,6514,Benjamin Tiwari,Benjamin Tiwari
1345,11305,6514,Amayra Anand,Amaira Anand
1725,11306,6515,A Chaudry,Agastya Chaudry
1656,11309,6518,Jeremiah Subramaniam,Jeremiah Subramaniam
702,11311,6519,Aadi Bhakta,Aadi Bhakta
1555,11315,6521,G Swamy,Gunbir Swamy
1195,11317,6522,Pratyush Saha,Pratyush Saha
1083,11323,6526,V Majumdar,Victor Majumdar
702,11324,6527,A. Bhakta,Aadi Bhakta
1562,11325,6528,Aarnaw Lal,Aarnav Lal
329,11326,6528,Chakradew Kadakia,Chakradev Kadakia
1607,11329,6530,W Chad,Wahab Chad
286,11330,6531,W Kala,Warda Kala
1290,11331,6532,wiraj Goda,Viraj Goda
1250,11333,6533,E. Oza,Ekanta Oza
1186,11336,6535,S. Shroff,Siddharth Shroff
1725,11337,6536,A. Chaudry,Agastya Chaudry
286,11340,6539,Warda Kala,Warda Kala
1296,11341,6540,E. Lal,Ekbal Lal
730,11342,6540,Bachittar Andra,Bachittar Andra
776,11347,6543,L. Kanda,Lakshit Kanda
715,11348,6543,Y. Ramaswamy,Yatin Ramaswamy
730,11350,6544,Bachittar Andra,Bachittar Andra
1473,11356,6546,Logan Bhattacharyya,Logan Bhattacharyya
1502,11359,6549,Garima Kaul,Garima Kaul
540,11360,6550,Daniel Sastry,Daniel Sastry
478,11362,6551,S. Mander,Samaksh Mander
1387,11364,6553,Chatresh Ravel,Chatresh Ravel
49,11368,6555,Zayyan Dara,Zayyan Dara
74,11369,6556,J Sinha,Jackson Sinha
284,11376,6563,Benjamin Tiwari,Benjamin Tiwari
1115,11379,6565,S. Bhatia,Shivansh Bhatia
329,11380,6566,Chakradev Kadakia,Chakradev Kadakia
1290,11383,6568,V. Goda,Viraj Goda
418,11386,6570,Jeet Sengupta,Jeet Sengupta
373,11390,6574,I. Bhatt,Ikbal Bhatt
1656,11391,6575,Jeremiah Subramaniam,Jeremiah Subramaniam
1629,11394,6576,Kiaan Dayal,Kiaan Dayal
49,11396,6576,Zayyan Dara,Zayyan Dara
462,11405,6580,Tanvir Gola,Tanveer Gola
846,11406,6581,Parth Sinha,Parth Sinha
634,11411,6585,F. Madan,Faqid Madan
337,11414,6586,Risi Handa,Rishi Handa
1656,11415,6587,J. Subramaniam,Jeremiah Subramaniam
1387,11418,6589,C Ravel,Chatresh Ravel
1435,11421,6591,Rachit Sibal,Rachit Sibal
1354,11424,6592,H. Borra,Hardik Borra
462,11429,6594,T. Gola,Tanveer Gola
1338,11430,6594,Ekavir Loyal,Ekavir Loyal
329,11431,6595,Chakradev Kadakia,Chakradev Kadakia
462,11435,6597,Tanveer Gola,Tanveer Gola
1375,11439,6598,J. Nigam,Jasmit Nigam
1775,11442,6600,Caleb Rout,Caleb Rout
1245,11443,6601,Ijaya Balay,Ijaya Balay
1375,11444,6602,Jasmit Nigam,Jasmit Nigam
1354,11446,6604,Hardik Borra,Hardik Borra
1115,11456,6611,Shivansh Bhatia,Shivansh Bhatia
730,11458,6612,Bachittar Andra,Bachittar Andra
1296,11463,6614,Ekbal Lal,Ekbal Lal
1750,11464,6615,Balendra Prabhu,Balendra Prabhu
337,11467,6617,Rishi Handa,Rishi Handa
337,11469,6617,Rishi Handa,Rishi Handa
1653,11471,6618,George Patil,George Patil
1253,11473,6620,A. Brahmbhatt,Ayaan Brahmbhatt
1469,11474,6621,Saanwi Ganguly,Saanvi Ganguly
1184,11477,6624,Logan Jhaweri,Logan Jhaveri
776,11481,6626,L. Kanda,Lakshit Kanda
1290,11482,6627,V. Goda,Viraj Goda
938,11484,6629,Haris Sehgal,Harish Sehgal
418,11487,6631,J. Sengupta,Jeet Sengupta
1562,11488,6632,A. Lal,Aarnav Lal
1186,11489,6632,S Shroff,Siddharth Shroff
1275,11492,6633,Raghav Panchal,Raghav Panchal
1314,11493,6634,Samaks Kapur,Samaksh Kapur
286,11497,6635,Warda Kala,Warda Kala
1555,11499,6636,G. Swamy,Gunbir Swamy
846,11500,6637,Parth Sinha,Parth Sinha
1184,11501,6638,L. Jhaveri,Logan Jhaveri
284,11507,6643,Benjamin Tiwari,Benjamin Tiwari
1245,11508,6643,Ijaya Balay,Ijaya Balay
1067,11511,6646,B Chandra,Baljiwan Chandra
329,11518,6651,C Kadakia,Chakradev Kadakia
1653,11520,6652,G. Patil,George Patil
1250,11522,6652,E Oza,Ekanta Oza
1115,11536,6662,S. Bhatia,Shivansh Bhatia
1562,11539,6664,A Lal,Aarnav Lal
1067,11540,6665,B Chandra,Baljiwan Chandra
1186,11541,6666,Siddharth Shroff,Siddharth Shroff
1555,11544,6667,G. Swamy,Gunbir Swamy
462,11549,6669,Tanveer Gola,Tanveer Gola
846,11551,6671,Parth Sinha,Parth Sinha
1511,11553,6672,S Chowdhury,Sathvik Chowdhury
1275,11560,6677,R. Panchal,Raghav Panchal
329,11562,6679,Chakradev Kadakia,Chakradev Kadakia
290,11568,6682,Raghav Deol,Raghav Deol
286,11573,6684,Warda Kala,Warda Kala
846,11575,6685,Parth Sinha,Parth Sinha
1250,11576,6685,Ekanta Oza,Ekanta Oza
715,11578,6686,Y Ramaswamy,Yatin Ramaswamy
1253,11579,6687,A. Brahmbhatt,Ayaan Brahmbhatt
1744,11580,6688,R Randhawa,Robert Randhawa
1750,11585,6692,B. Prabhu,Balendra Prabhu
1275,11588,6694,Raghav Panchal,Raghav Panchal
1555,11589,6694,G. Swamy,Gunbir Swamy
457,11592,6695,Dakshesh Bava,Dakshesh Bava
1502,11594,6695,G Kaul,Garima Kaul
702,11599,6699,A. Bhakta,Aadi Bhakta
1186,11600,6700,Siddharth Shroff,Siddharth Shroff
702,11602,6702,Aadi Bhakta,Aadi Bhakta
10,11605,6704,Vincent Varkey,Vincent Varkey
1275,11606,6705,Raghaw Panchal,Raghav Panchal
1115,11610,6706,Shivansh Bhatia,Shivansh Bhatia
337,11611,6706,Rishi Handa,Rishi Handa
1275,11612,6706,R Panchal,Raghav Panchal
1375,11614,6708,J Nigam,Jasmit Nigam
1607,11616,6710,W Chad,Wahab Chad
1759,11617,6710,Mitesh Pathak,Mitesh Pathak
1231,11619,6712,Eshana Viswanathan,Eshana Viswanathan
1186,11623,6715,Siddharth Shroff,Siddharth Shroff
702,11625,6716,Aadi Bhakta,Aadi Bhakta
1502,11626,6716,G. Kaul,Garima Kaul
767,11627,6716,Y. Ahluwalia,Yochana Ahluwalia
1115,11632,6718,S. Bhatia,Shivansh Bhatia
970,11633,6719,Onkar Agate,Onkar Agate
10,11634,6719,Vincent Varkey,Vincent Varkey
730,11642,6723,Bachittar Andra,Bachittar Andra
715,11643,6724,Yatin Ramaswamy,Yatin Ramaswamy
702,11645,6724,A Bhakta,Aadi Bhakta
981,11649,6728,X Nagar,Xalak Nagar
1773,11651,6730,Ekbal Barad,Ekbal Barad
1139,11656,6731,Z. Yohannan,Zayan Yohannan
1069,11658,6733,Udant Nagar,Udant Nagar
1677,11659,6734,Chatura Deo,Chatura Deo
623,11660,6735,Tejas Kala,Tejas Kala
1571,11663,6737,U. Singhal,Umang Singhal
1031,11664,6737,Raghaw Nayar,Raghav Nayar
725,11666,6738,B. Sidhu,Baghyawati Sidhu
855,11670,6741,Nihal Hora,Nihal Hora
855,11677,6746,N. Hora,Nihal Hora
1381,11678,6747,Janaki Banik,Janaki Banik
933,11680,6749,Siddhart Panchal,Siddharth Panchal
97,11682,6751,Qabil Krishna,Qabil Krishna
1276,11691,6757,K. Mander,Kai Mander
739,11693,6759,H. Naik,Harrison Naik
1429,11694,6759,Nilima Narain,Nilima Narain
1785,11700,6761,B Mital,Banjeet Mital
321,11703,6762,C Vala,Chatura Vala
1616,11713,6769,Tarak Kulkarni,Tarak Kulkarni
1276,11714,6769,K. Mander,Kai Mander
578,11715,6769,Qadim Nagi,Qadim Nagi
110,11723,6775,F. Madan,Faris Madan
1084,11728,6779,J. Mammen,Jatin Mammen
797,11729,6779,Aditya Bal,Aditya Bal
538,11730,6780,Z. Seshadri,Zarna Seshadri
321,11733,6780,Chatura Vala,Chatura Vala
626,11734,6781,J Balasubramanian,Janya Balasubramanian
1659,11735,6781,Samesh Varghese,Samesh Varghese
470,11736,6782,M Raval,Manbir Raval
707,11737,6783,Widisa Bhandari,Widisha Bhandari
386,11741,6785,Harrison Goel,Harrison Goel
1276,11744,6787,Kay Mander,Kai Mander
796,11745,6787,Mitesh Sehgal,Mitesh Sehgal
596,11746,6788,N. Mohan,Nakul Mohan
601,11747,6788,M. Chopra,Manan Chopra
578,11748,6788,Qadim Nagi,Qadim Nagi
1069,11752,6789,U. Nagar,Udant Nagar
725,11754,6790,Baghyawati Sidhu,Baghyawati Sidhu
320,11758,6792,Ansh Dani,Ansh Dani
1455,11762,6794,Bhavani Batra,Bhavani Batra
1028,11764,6795,P. Purohit,Patrick Purohit
1028,11765,6796,Patrick Purohit,Patrick Purohit
1641,11766,6796,W. Bobal,Warjas Bobal
81,11769,6797,M. Toor,Mitesh Toor
1485,11771,6798,C Bera,Chanakya Bera
90,11776,6801,Thomas Khare,Thomas Khare
1677,11780,6804,C Deo,Chatura Deo
1101,11781,6805,N Sekhon,Neel Sekhon
1276,11782,6806,K. Mander,Kai Mander
708,11786,6809,Mohammed Chopra,Mohammed Chopra
1213,11789,6811,Zehaan Mohan,Zehaan Mohan
90,11793,6814,tomas kare,Thomas Khare
913,11794,6815,Praneel Borra,Praneel Borra
797,11797,6816,A. Bal,Aditya Bal
725,11798,6817,B Sidhu,Baghyawati Sidhu
1015,11800,6818,Ishaan Kala,Ishaan Kala
90,11806,6822,Thomas Khare,Thomas Khare
1429,11810,6824,Nilima Narayn,Nilima Narain
538,11813,6825,Zarna Seshadri,Zarna Seshadri
1246,11814,6826,J. Dugar,Jeremiah Dugar
1381,11819,6829,J. Banik,Janaki Banik
767,11821,6830,Y Ahluwalia,Yochana Ahluwalia
110,11828,6834,Faris Madan,Faris Madan
937,11850,6846,E Lal,Ekapad Lal
197,11852,6848,A Pillai,Akshay Pillai
1709,11853,6849,M. Rao,Mitali Rao
1545,11859,6851,A. Narang,Aradhana Narang
523,11860,6851,R. Gara,Rushil Gara
110,11865,6854,Faris Madan,Faris Madan
825,11866,6854,Gawin Konda,Gavin Konda
589,11868,6855,H Aurora,Henry Aurora
1358,11872,6858,Jonatan Dewi,Jonathan Devi
1785,11876,6860,B. Mital,Banjeet Mital
631,11878,6862,A Dugar,Andrew Dugar
1660,11879,6862,Ekaraj Lalla,Ekaraj Lalla
59,11880,6863,Wyatt Biswas,Wyatt Biswas
707,11882,6864,Widisha Bhandari,Widisha Bhandari
916,11883,6864,Akshay Sridhar,Akshay Sridhar
1084,11884,6864,J Mammen,Jatin Mammen
738,11889,6866,P. Aggarwal,Praneel Aggarwal
1455,11891,6868,Bhawani Batra,Bhavani Batra
1641,11892,6868,Warjas Bobal,Warjas Bobal
578,11895,6869,Q Nagi,Qadim Nagi
725,11898,6872,B. Sidhu,Baghyawati Sidhu
532,11900,6872,M Choudhary,Mohammed Choudhary
90,11901,6873,Thomas Khare,Thomas Khare
933,11902,6873,Siddhart Panchal,Siddharth Panchal
59,11903,6874,W. Biswas,Wyatt Biswas
708,11905,6876,Mohammed Chopra,Mohammed Chopra
933,11906,6877,Siddharth Panchal,Siddharth Panchal
225,11907,6878,E Bir,Ekapad Bir
574,11908,6879,M. Balakrishnan,Mason Balakrishnan
1767,11909,6880,V Jayaraman,Vihaan Jayaraman
6,11912,6881,G Mahal,George Mahal
1101,11913,6882,Neel Sekhon,Neel Sekhon
346,11918,6883,Rishi Dhar,Rishi Dhar
1767,11920,6884,wihaan Jayaraman,Vihaan Jayaraman
797,11924,6888,A. Bal,Aditya Bal
1785,11930,6892,B Mital,Banjeet Mital
532,11936,6894,Mohammed Choudhary,Mohammed Choudhary
1571,11937,6895,U. Singhal,Umang Singhal
225,11938,6896,Ekapad Bir,Ekapad Bir
738,11941,6897,Pranil Aggarwal,Praneel Aggarwal
707,11942,6898,Widisa Bhandari,Widisha Bhandari
1246,11946,6899,J Dugar,Jeremiah Dugar
601,11947,6900,Manan Chopra,Manan Chopra
817,11948,6900,J Deshpande,Jacob Deshpande
1084,11949,6900,J. Mammen,Jatin Mammen
1233,11957,6905,Devansh Kala,Devansh Kala
738,11959,6905,P. Aggarwal,Praneel Aggarwal
1307,11960,6906,Isaac Parekh,Isaac Parekh
825,11962,6906,Gawin Konda,Gavin Konda
266,11966,6909,Nimrat Rana,Nimrat Rana
1239,11967,6910,Ansh Suresh,Ansh Suresh
933,11968,6910,Siddharth Panchal,Siddharth Panchal
1744,11971,6913,R. Randhawa,Robert Randhawa
439,11976,6918,Arin Gour,Arin Gour
817,11977,6919,Jacob Deshpande,Jacob Deshpande
1069,11982,6921,Udant Nagar,Udant Nagar
1213,11986,6924,Z Mohan,Zehaan Mohan
593,11991,6927,Vedhika Saha,Vedhika Saha
797,11995,6928,Aditya Bal,Aditya Bal
817,11998,6931,Jacob Deshpande,Jacob Deshpande
855,12002,6934,N Hora,Nihal Hora
523,12004,6936,Rusil Gara,Rushil Gara
1659,12005,6937,S Varghese,Samesh Varghese
1455,12007,6938,B. Batra,Bhavani Batra
1610,12008,6938,Faras Varty,Faras Varty
1400,12009,6938,T. Chacko,Thomas Chacko
1239,12010,6939,A. Suresh,Ansh Suresh
1109,12014,6941,Mitesh Pathak,Mitesh Pathak
1276,12015,6942,Kay Mander,Kai Mander
1239,12016,6943,Ans Sures,Ansh Suresh
1571,12018,6943,U Singhal,Umang Singhal
1470,12021,6946,Faris Om,Faris Om
817,12029,6950,Jacob Despande,Jacob Deshpande
578,12030,6951,Qadim Nagi,Qadim Nagi
1767,12032,6953,Vihaan Jayaraman,Vihaan Jayaraman
38,12033,6954,Jacob Suri,Jacob Suri
1381,12039,6959,J Banik,Janaki Banik
131,12042,6961,A. Shroff,Aayush Shroff
1084,12045,6962,Jatin Mammen,Jatin Mammen
1658,12046,6963,Logan Nanda,Logan Nanda
817,12048,6963,Jacob Deshpande,Jacob Deshpande
1276,12049,6964,K. Mander,Kai Mander
1015,12050,6964,I. Kala,Ishaan Kala
1429,12056,6969,N. Narain,Nilima Narain
1571,12062,6971,Umang Singhal,Umang Singhal
439,12063,6972,Arin Gour,Arin Gour
1785,12066,6973,Banjeet Mital,Banjeet Mital
623,12072,6977,Tejas Kala,Tejas Kala
31,12075,6980,U. Kuruvilla,Udant Kuruvilla
1412,12076,6981,Y Varma,Yatin Varma
797,12077,6981,A Bal,Aditya Bal
1358,12078,6981,Jonathan Devi,Jonathan Devi
1358,12080,6983,Jonatan Dewi,Jonathan Devi
116,12082,6985,Charles Sama,Charles Sama
1455,12084,6986,Bhavani Batra,Bhavani Batra
1028,12085,6986,Patrick Purohit,Patrick Purohit
817,12088,6988,Jacob Deshpande,Jacob Deshpande
725,12089,6988,Baghyawati Sidhu,Baghyawati Sidhu
1126,12090,6989,Abdul Naidu,Abdul Naidu
735,12094,6991,Januja Manda,Januja Manda
1641,12096,6992,Warjas Bobal,Warjas Bobal
1790,12099,6993,J Sathe,Jeet Sathe
1101,12102,6995,N Sekhon,Neel Sekhon
1658,12105,6996,Logan Nanda,Logan Nanda
1246,12107,6997,Jeremiah Dugar,Jeremiah Dugar
1109,12108,6997,Mites Patak,Mitesh Pathak
825,12112,6999,Gawin Konda,Gavin Konda
1784,12116,7000,Patrick Oza,Patrick Oza
349,12118,7002,Krisna Rege,Krishna Rege
1658,12119,7003,Logan Nanda,Logan Nanda
1144,12123,7005,P Sinha,Parth Sinha
1658,12126,7006,L. Nanda,Logan Nanda
1264,12128,7007,Pranav Gola,Pranav Gola
1658,12131,7009,Logan Nanda,Logan Nanda
1709,12132,7009,M. Rao,Mitali Rao
1127,12133,7009,Hitesh Atwal,Hitesh Atwal
574,12137,7011,Mason Balakrishnan,Mason Balakrishnan
1641,12140,7014,W. Bobal,Warjas Bobal
1785,12142,7014,Banjit Mital,Banjeet Mital
1695,12147,7016,M Yadav,Mugdha Yadav
1084,12157,7022,Jatin Mammen,Jatin Mammen
623,12161,7025,Tejas Kala,Tejas Kala
1126,12162,7026,A. Naidu,Abdul Naidu
321,12166,7027,Chatura Vala,Chatura Vala
386,12167,7028,Harrison Goel,Harrison Goel
1709,12169,7029,M Rao,Mitali Rao
1109,12173,7031,Mitesh Pathak,Mitesh Pathak
59,12183,7038,W Biswas,Wyatt Biswas
937,12184,7038,E Lal,Ekapad Lal
1084,12185,7039,Jatin Mammen,Jatin Mammen
937,12189,7042,Ekapad Lal,Ekapad Lal
1239,12190,7042,Ans Sures,Ansh Suresh
1641,12192,7043,W. Bobal,Warjas Bobal
963,12194,7045,Gautam Dash,Gautam Dash
321,12197,7048,C Vala,Chatura Vala
707,12202,7050,Widisha Bhandari,Widisha Bhandari
1358,12204,7052,J Devi,Jonathan Devi
649,12206,7054,Agastya Gour,Agastya Gour
623,12210,7055,Tejas Kala,Tejas Kala
1239,12211,7055,A. Suresh,Ansh Suresh
855,12213,7057,N Hora,Nihal Hora
1213,12215,7058,Zehaan Mohan,Zehaan Mohan
110,12220,7059,Faris Madan,Faris Madan
1709,12231,7066,M Rao,Mitali Rao
1213,12233,7068,Z. Mohan,Zehaan Mohan
725,12234,7068,Baghyawati Sidhu,Baghyawati Sidhu
1571,12236,7069,Umang Singhal,Umang Singhal
1709,12237,7069,M Rao,Mitali Rao
670,12238,7070,Chandres wiswanathan,Chandresh Viswanathan
1763,12243,7073,Chandres Brar,Chandresh Brar
855,12244,7074,Nihal Hora,Nihal Hora
796,12246,7075,Mitesh Sehgal,Mitesh Sehgal
1479,12252,7078,Anay Thaman,Anay Thaman
817,12254,7080,Jacob Despande,Jacob Deshpande
1395,12257,7081,Hardik Borah,Hardik Borah
739,12258,7081,H Naik,Harrison Naik
1429,12259,7081,N Narain,Nilima Narain
59,12262,7084,W. Biswas,Wyatt Biswas
538,12266,7086,Zarna Seshadri,Zarna Seshadri
1429,12267,7086,Nilima Narayn,Nilima Narain
1239,12271,7089,Ans Sures,Ansh Suresh
1571,12279,7093,U Singhal,Umang Singhal
790,12280,7094,Raghav Madan,Raghav Madan
110,12286,7096,F. Madan,Faris Madan
574,12290,7098,M Balakrishnan,Mason Balakrishnan
797,12291,7098,Aditya Bal,Aditya Bal
1084,12296,7102,J Mammen,Jatin Mammen
197,12298,7104,A. Pillai,Akshay Pillai
386,12299,7104,Harrison Goel,Harrison Goel
1659,12304,7106,S Varghese,Samesh Varghese
1028,12306,7107,Patrick Purohit,Patrick Purohit
738,12307,7108,Praneel Aggarwal,Praneel Aggarwal
855,12310,7109,Nihal Hora,Nihal Hora
933,12311,7109,S Panchal,Siddharth Panchal
1571,12312,7110,Umang Singhal,Umang Singhal
963,12314,7112,Gautam Das,Gautam Dash
281,12318,7115,Pranav Choudhry,Pranav Choudhry
386,12322,7117,H. Goel,Harrison Goel
1069,12324,7117,Udant Nagar,Udant Nagar
90,12327,7119,Thomas Khare,Thomas Khare
1126,12332,7120,A. Naidu,Abdul Naidu
739,12337,7124,H Naik,Harrison Naik
1641,12342,7127,Warjas Bobal,Warjas Bobal
523,12345,7129,R Gara,Rushil Gara
1084,12347,7129,J Mammen,Jatin Mammen
439,12350,7131,A Gour,Arin Gour
797,12357,7136,Aditya Bal,Aditya Bal
1767,12359,7138,wihaan Jayaraman,Vihaan Jayaraman
601,12362,7140,Manan Chopra,Manan Chopra
855,12367,7142,N Hora,Nihal Hora
587,12369,7143,O Sagar,Oeshi Sagar
724,12372,7145,Zehaan Solanki,Zehaan Solanki
1101,12373,7145,N Sekhon,Neel Sekhon
1213,12375,7146,Zehaan Mohan,Zehaan Mohan
589,12377,7148,Henry Aurora,Henry Aurora
1396,12379,7150,Ojas Patla,Ojas Patla
805,12383,7151,L. Patel,Logan Patel
1028,12387,7152,Patrick Purohit,Patrick Purohit
1610,12393,7155,Faras Varty,Faras Varty
963,12396,7158,G Dash,Gautam Dash
562,12400,7159,L Sampath,Liam Sampath
59,12401,7160,Wyatt Biswas,Wyatt Biswas
1658,12406,7163,Logan Nanda,Logan Nanda
1759,12409,7165,Mitesh Pathak,Mitesh Pathak
1350,12410,7165,Frado Rout,Frado Rout
739,12412,7166,Harrison Naik,Harrison Naik
1246,12417,7169,Jeremiah Dugar,Jeremiah Dugar
321,12418,7170,C. Vala,Chatura Vala
1015,12421,7173,Ishaan Kala,Ishaan Kala
1658,12427,7175,Logan Nanda,Logan Nanda
154,12429,7176,Kashish Agrawal,Kashish Agrawal
1213,12430,7177,Zehaan Mohan,Zehaan Mohan
110,12432,7178,Faris Madan,Faris Madan
1028,12441,7184,Patrick Purohit,Patrick Purohit
1381,12442,7184,J Banik,Janaki Banik
1015,12443,7185,Ishaan Kala,Ishaan Kala
1345,12445,7186,A Anand,Amaira Anand
1109,12448,7187,Mitesh Pathak,Mitesh Pathak
475,12451,7189,Part Nagarajan,Parth Nagarajan
629,12454,7191,George Chopra,George Chopra
708,12455,7192,Mohammed Chopra,Mohammed Chopra
817,12458,7195,Jacob Despande,Jacob Deshpande
538,12463,7198,Z. Seshadri,Zarna Seshadri
725,12464,7198,B Sidhu,Baghyawati Sidhu
1263,12465,7199,N. Narang,Nachiket Narang
797,12466,7199,A. Bal,Aditya Bal
574,12468,7199,Mason Balakrisnan,Mason Balakrishnan
1101,12470,7201,Nil Sekon,Neel Sekhon
321,12472,7202,Chatura Vala,Chatura Vala
1101,12473,7203,Neel Sekhon,Neel Sekhon
1659,12474,7204,S Varghese,Samesh Varghese
578,12479,7208,Qadim Nagi,Qadim Nagi
937,12480,7209,E. Lal,Ekapad Lal
1677,12483,7212,Chatura Deo,Chatura Deo
601,12484,7212,M Chopra,Manan Chopra
1709,12485,7213,M. Rao,Mitali Rao
1069,12486,7214,Udant Nagar,Udant Nagar
1711,12487,7214,Gavin Sandhu,Gavin Sandhu
888,12489,7214,Ekalinga D’Alia,Ekalinga D’Alia
739,12490,7215,Harrison Nayk,Harrison Naik
1230,12494,7216,A Muni,Abhimanyu Muni
915,12496,7217,Nidra Nagy,Nidra Nagy
386,12497,7218,H. Goel,Harrison Goel
321,12499,7219,C. Vala,Chatura Vala
707,12503,7221,Widisa Bhandari,Widisha Bhandari
1582,12504,7222,Jeremiah Dhawan,Jeremiah Dhawan
110,12505,7223,F Madan,Faris Madan
197,12507,7223,Akshay Pillai,Akshay Pillai
623,12509,7224,Tejas Kala,Tejas Kala
1405,12513,7226,Imaran Dayal,Imaran Dayal
439,12516,7228,A. Gour,Arin Gour
1658,12519,7229,Logan Nanda,Logan Nanda
1709,12521,7231,M Rao,Mitali Rao
1069,12522,7232,U. Nagar,Udant Nagar
1429,12524,7232,N. Narain,Nilima Narain
1709,12525,7233,Mitali Rao,Mitali Rao
1659,12529,7237,Samesh Varghese,Samesh Varghese
1028,12531,7239,P. Purohit,Patrick Purohit
1455,12537,7243,Bhavani Batra,Bhavani Batra
1455,12539,7244,Bhawani Batra,Bhavani Batra
1767,12540,7245,V. Jayaraman,Vihaan Jayaraman
1571,12543,7246,U Singhal,Umang Singhal
1358,12545,7248,Jonatan Dewi,Jonathan Devi
145,12546,7248,Isaiah Viswanathan,Isaiah Viswanathan
1069,12548,7249,Udant Nagar,Udant Nagar
59,12553,7252,W Biswas,Wyatt Biswas
74,12554,7253,J Sinha,Jackson Sinha
1767,12557,7254,Vihaan Jayaraman,Vihaan Jayaraman
937,12559,7254,Ekapad Lal,Ekapad Lal
1213,12561,7256,Z. Mohan,Zehaan Mohan
1391,12562,7256,Ranveer Gade,Ranveer Gade
601,12566,7259,M Chopra,Manan Chopra
538,12569,7261,Z Seshadri,Zarna Seshadri
1246,12570,7262,Jeremiah Dugar,Jeremiah Dugar
386,12575,7263,Harrison Goel,Harrison Goel
1069,12576,7264,Udant Nagar,Udant Nagar
1680,12577,7265,Finn Mani,Finn Mani
1028,12579,7266,Patrick Purohit,Patrick Purohit
1767,12580,7267,Vihaan Jayaraman,Vihaan Jayaraman
855,12586,7272,N. Hora,Nihal Hora
1381,12587,7272,J Banik,Janaki Banik
386,12591,7275,Harrison Goel,Harrison Goel
321,12592,7276,Chatura Vala,Chatura Vala
1069,12593,7276,U. Nagar,Udant Nagar
1276,12595,7276,K. Mander,Kai Mander
1028,12597,7277,P. Purohit,Patrick Purohit
512,12600,7280,Arjun Reddy,Arjun Reddy
897,12602,7281,V Shroff,Vansha Shroff
796,12603,7281,Mitesh Sehgal,Mitesh Sehgal
1084,12604,7281,J. Mammen,Jatin Mammen
578,12612,7285,Q Nagi,Qadim Nagi
589,12614,7287,H Aurora,Henry Aurora
475,12617,7288,P. Nagarajan,Parth Nagarajan
1109,12620,7290,Mitesh Pathak,Mitesh Pathak
1126,12622,7290,A. Naidu,Abdul Naidu
386,12623,7291,H. Goel,Harrison Goel
386,12625,7292,H. Goel,Harrison Goel
825,12629,7295,Gavin Konda,Gavin Konda
1677,12633,7297,Chatura Deo,Chatura Deo
1121,12634,7297,V Wali,Vincent Wali
321,12636,7298,C Vala,Chatura Vala
202,12642,7303,W Dora,Wishi Dora
1084,12654,7310,Jatin Mammen,Jatin Mammen
225,12661,7313,E. Bir,Ekapad Bir
623,12664,7315,T. Kala,Tejas Kala
1659,12665,7316,Sames warghese,Samesh Varghese
589,12666,7317,H. Aurora,Henry Aurora
1343,12669,7318,Liam Dugar,Liam Dugar
321,12673,7320,C. Vala,Chatura Vala
523,12675,7321,Rushil Gara,Rushil Gara
1276,12676,7322,Kai Mander,Kai Mander
532,12681,7325,M Choudhary,Mohammed Choudhary
1246,12683,7326,Jeremiah Dugar,Jeremiah Dugar
937,12687,7327,Ekapad Lal,Ekapad Lal
623,12688,7328,Tejas Kala,Tejas Kala
1659,12689,7328,Sames warghese,Samesh Varghese
1239,12692,7329,A Suresh,Ansh Suresh
623,12697,7332,T. Kala,Tejas Kala
1246,12698,7332,J. Dugar,Jeremiah Dugar
1276,12699,7333,K. Mander,Kai Mander
496,12700,7334,Udant Chauhan,Udant Chauhan
1455,12702,7335,B Batra,Bhavani Batra
1213,12703,7335,Z Mohan,Zehaan Mohan
1126,12704,7336,A Naidu,Abdul Naidu
623,12713,7340,T. Kala,Tejas Kala
1381,12715,7342,Janaki Banik,Janaki Banik
24,12716,7343,Maanas Narayan,Maanas Narayan
1429,12717,7343,Nilima Narayn,Nilima Narain
317,12718,7344,A Rege,Ansh Rege
972,12721,7345,Ekbal Venkataraman,Ekbal Venkataraman
1677,12722,7346,Chatura Deo,Chatura Deo
225,12723,7346,Ekapad Bir,Ekapad Bir
1069,12724,7347,U Nagar,Udant Nagar
796,12727,7349,Mitesh Sehgal,Mitesh Sehgal
386,12728,7350,Harrison Goel,Harrison Goel
197,12731,7352,Aksay Pillay,Akshay Pillai
1658,12733,7354,Logan Nanda,Logan Nanda
1571,12735,7355,Umang Singhal,Umang Singhal
1069,12739,7358,Udant Nagar,Udant Nagar
1207,12742,7361,Chandran Sangha,Chandran Sangha
90,12745,7363,T Khare,Thomas Khare
1560,12746,7364,U Brahmbhatt,Utkarsh Brahmbhatt
1658,12748,7366,Logan Nanda,Logan Nanda
321,12749,7367,Chatura Vala,Chatura Vala
1276,12751,7367,Kai Mander,Kai Mander
708,12754,7369,M Chopra,Mohammed Chopra
1084,12757,7371,Jatin Mammen,Jatin Mammen
1239,12761,7373,Ansh Suresh,Ansh Suresh
1659,12766,7377,S. Varghese,Samesh Varghese
110,12768,7379,F. Madan,Faris Madan
538,12770,7379,Zarna Seshadri,Zarna Seshadri
855,12772,7380,Nihal Hora,Nihal Hora
1641,12778,7384,Warjas Bobal,Warjas Bobal
386,12779,7384,H Goel,Harrison Goel
725,12783,7386,Baghyawati Sidhu,Baghyawati Sidhu
1677,12788,7388,Chatura Deo,Chatura Deo
991,12790,7390,Yuvraj Lalla,Yuvraj Lalla
708,12791,7390,M Chopra,Mohammed Chopra
408,12792,7391,Alexander Chanda,Alexander Chanda
1641,12794,7392,W. Bobal,Warjas Bobal
353,12796,7393,Mitesh Loke,Mitesh Loke
1233,12804,7398,Devansh Kala,Devansh Kala
589,12808,7400,H Aurora,Henry Aurora
1429,12811,7402,Nilima Narain,Nilima Narain
1276,12814,7403,Kay Mander,Kai Mander
1381,12817,7405,Janaki Banik,Janaki Banik
708,12820,7407,Mohammed Chopra,Mohammed Chopra
592,12821,7407,R. Gupta,Rohan Gupta
1028,12822,7408,Patrick Purohit,Patrick Purohit
475,12824,7408,Part Nagarajan,Parth Nagarajan
264,12829,7413,Guneet Aurora,Guneet Aurora
475,12833,7414,P. Nagarajan,Parth Nagarajan
623,12839,7418,Tejas Kala,Tejas Kala
933,12840,7419,Siddharth Panchal,Siddharth Panchal
937,12843,7421,Ekapad Lal,Ekapad Lal
601,12844,7421,Manan Chopra,Manan Chopra
855,12847,7423,Nihal Hora,Nihal Hora
1037,12849,7424,Wazir Rattan,Wazir Rattan
1659,12850,7425,S Varghese,Samesh Varghese
1246,12852,7425,Jeremiah Dugar,Jeremiah Dugar
1455,12855,7427,B Batra,Bhavani Batra
1069,12858,7429,U. Nagar,Udant Nagar
877,12859,7430,Ayush Rajan,Ayush Rajan
963,12860,7430,G Dash,Gautam Dash
536,12861,7430,W. Dalal,Warda Dalal
937,12863,7431,E. Lal,Ekapad Lal
439,12865,7432,A Gour,Arin Gour
980,12870,7435,T. Prabhakar,Theodore Prabhakar
601,12871,7436,Manan Chopra,Manan Chopra
1101,12876,7438,Nil Sekon,Neel Sekhon
1101,12877,7438,N Sekhon,Neel Sekhon
1213,12881,7441,Z Mohan,Zehaan Mohan
1069,12882,7441,Udant Nagar,Udant Nagar
1677,12886,7443,Chatura Deo,Chatura Deo
225,12887,7444,E Bir,Ekapad Bir
1087,12888,7445,M Khanna,Maanav Khanna
1708,12891,7447,T Dutt,Timothy Dutt
1325,12892,7448,A Randhawa,Agastya Randhawa
1381,12893,7448,J Banik,Janaki Banik
1101,12894,7449,N Sekhon,Neel Sekhon
350,12896,7449,Yuwraj Bhalla,Yuvraj Bhalla
289,12897,7450,B Anne,Benjamin Anne
939,12899,7451,Andrew Som,Andrew Som
439,12905,7453,A Gour,Arin Gour
1785,12907,7454,Banjeet Mital,Banjeet Mital
725,12908,7454,Baghyawati Sidhu,Baghyawati Sidhu
578,12909,7455,Q Nagi,Qadim Nagi
608,12911,7456,Chatresh Mishra,Chatresh Mishra
574,12912,7456,Mason Balakrishnan,Mason Balakrishnan
628,12914,7457,M Bhalla,Mason Bhalla
796,12916,7458,Mites Sehgal,Mitesh Sehgal
439,12924,7464,Arin Gour,Arin Gour
937,12926,7466,E Lal,Ekapad Lal
1069,12928,7466,Udant Nagar,Udant Nagar
532,12931,7467,Mohammed Choudhary,Mohammed Choudhary
1429,12933,7468,Nilima Narayn,Nilima Narain
1200,12936,7469,Nitesh Sankar,Nitesh Sankar
589,12937,7470,Henry Aurora,Henry Aurora
90,12938,7470,T Khare,Thomas Khare
708,12939,7471,M. Chopra,Mohammed Chopra
1276,12944,7473,K. Mander,Kai Mander
197,12947,7475,A. Pillai,Akshay Pillai
1785,12948,7476,B Mital,Banjeet Mital
933,12950,7477,S. Panchal,Siddharth Panchal
1659,12951,7477,Sames warghese,Samesh Varghese
1213,12952,7478,Zehaan Mohan,Zehaan Mohan
1358,12958,7483,J Devi,Jonathan Devi
1213,12959,7484,Zehaan Mohan,Zehaan Mohan
963,12964,7485,G Dash,Gautam Dash
1239,12966,7486,Ansh Suresh,Ansh Suresh
1533,12968,7488,Lakshit Sheth,Lakshit Sheth
1709,12969,7489,Mitali Rao,Mitali Rao
1455,12970,7490,B. Batra,Bhavani Batra
1084,12971,7491,J Mammen,Jatin Mammen
1767,12973,7491,V. Jayaraman,Vihaan Jayaraman
1015,12974,7492,I. Kala,Ishaan Kala
59,12975,7493,W Biswas,Wyatt Biswas
1381,12977,7494,Janaki Banik,Janaki Banik
1213,12979,7495,Zehaan Mohan,Zehaan Mohan
1358,12980,7495,Jonathan Devi,Jonathan Devi
817,12985,7499,Jacob Despande,Jacob Deshpande
225,12989,7500,Ekapad Bir,Ekapad Bir
1059,12992,7502,O. Loyal,Osha Loyal
578,12994,7504,Qadim Nagi,Qadim Nagi
595,12999,7506,U Anne,Unnati Anne
475,13003,7507,P. Nagarajan,Parth Nagarajan
933,13005,7508,Siddharth Panchal,Siddharth Panchal
707,13010,7511,Widisa Bhandari,Widisha Bhandari
1246,13013,7512,J. Dugar,Jeremiah Dugar
855,13014,7513,Nihal Hora,Nihal Hora
538,13015,7513,Z. Seshadri,Zarna Seshadri
68,13019,7515,Peter Chaudry,Peter Chaudry
578,13022,7516,Qadim Nagi,Qadim Nagi
532,13035,7523,M. Choudhary,Mohammed Choudhary
1028,13036,7523,P. Purohit,Patrick Purohit
59,13039,7525,Wyatt Biswas,Wyatt Biswas
937,13040,7526,Ekapad Lal,Ekapad Lal
1381,13041,7526,Janaki Banik,Janaki Banik
321,13042,7527,Chatura Vala,Chatura Vala
797,13043,7528,Aditya Bal,Aditya Bal
110,13044,7528,F. Madan,Faris Madan
1634,13051,7533,Owen Narayanan,Owen Narayanan
1152,13058,7538,Amol Prasad,Amol Prasad
532,13061,7540,Mohammed Choudhary,Mohammed Choudhary
937,13064,7540,E Lal,Ekapad Lal
1659,13069,7543,S Varghese,Samesh Varghese
1596,13070,7544,A. Boase,Avi Boase
963,13080,7550,Gautam Das,Gautam Dash
825,13081,7551,G Konda,Gavin Konda
623,13083,7552,T Kala,Tejas Kala
1658,13085,7553,L Nanda,Logan Nanda
1785,13092,7558,B. Mital,Banjeet Mital
1293,13094,7559,Raghav Shenoy,Raghav Shenoy
1429,13096,7560,Nilima Narain,Nilima Narain
1109,13100,7563,M Pathak,Mitesh Pathak
475,13103,7565,Parth Nagarajan,Parth Nagarajan
1239,13105,7566,A Suresh,Ansh Suresh
1213,13106,7566,Zehaan Mohan,Zehaan Mohan
937,13107,7566,E. Lal,Ekapad Lal
725,13108,7567,Baghyawati Sidhu,Baghyawati Sidhu
1276,13111,7568,Kay Mander,Kai Mander
1695,13112,7568,Mugdha Yadaw,Mugdha Yadav
59,13115,7569,Wyatt Biswas,Wyatt Biswas
1505,13116,7569,Aahana Din,Aahana Din
708,13118,7571,Mohammed Chopra,Mohammed Chopra
197,13119,7572,A. Pillai,Akshay Pillai
225,13126,7577,Ekapad Bir,Ekapad Bir
1358,13127,7578,Jonatan Dewi,Jonathan Devi
589,13129,7578,Henry Aurora,Henry Aurora
738,13131,7579,P Aggarwal,Praneel Aggarwal
1785,13133,7581,B. Mital,Banjeet Mital
1680,13135,7581,F Mani,Finn Mani
538,13137,7583,Z. Seshadri,Zarna Seshadri
321,13138,7583,C. Vala,Chatura Vala
369,13139,7583,Max Kashyap,Max Kashyap
1146,13145,7587,Henry Muni,Henry Muni
1069,13146,7588,U. Nagar,Udant Nagar
817,13157,7591,Jacob Despande,Jacob Deshpande
1101,13161,7593,N Sekhon,Neel Sekhon
574,13164,7595,M. Balakrishnan,Mason Balakrishnan
937,13168,7599,E. Lal,Ekapad Lal
1239,13169,7599,Ansh Suresh,Ansh Suresh
1069,13171,7601,Udant Nagar,Udant Nagar
90,13172,7602,Thomas Khare,Thomas Khare
1246,13176,7603,J. Dugar,Jeremiah Dugar
933,13177,7604,Siddharth Panchal,Siddharth Panchal
708,13179,7606,Mohammed Chopra,Mohammed Chopra
933,13180,7607,S Panchal,Siddharth Panchal
1126,13182,7608,Abdul Naydu,Abdul Naidu
1455,13184,7609,B Batra,Bhavani Batra
141,13187,7611,R Walia,Raagini Walia
739,13192,7616,H Naik,Harrison Naik
11,13193,7617,Ishaan Baral,Ishaan Baral
1028,13196,7619,Patrick Purohit,Patrick Purohit
1276,13199,7621,Kai Mander,Kai Mander
1381,13200,7622,J Banik,Janaki Banik
386,13203,7622,H Goel,Harrison Goel
167,13207,7624,Ekaja Randhawa,Ekaja Randhawa
1213,13214,7628,Z. Mohan,Zehaan Mohan
1455,13219,7630,Bhavani Batra,Bhavani Batra
59,13220,7631,W Biswas,Wyatt Biswas
739,13221,7631,Harrison Naik,Harrison Naik
1659,13222,7631,Samesh Varghese,Samesh Varghese
1358,13223,7631,J Devi,Jonathan Devi
797,13226,7634,A. Bal,Aditya Bal
1239,13229,7636,Ansh Suresh,Ansh Suresh
725,13230,7637,Baghyawati Sidhu,Baghyawati Sidhu
1084,13231,7638,Jatin Mammen,Jatin Mammen
1276,13232,7639,Kai Mander,Kai Mander
1084,13236,7641,J Mammen,Jatin Mammen
1767,13237,7641,wihaan Jayaraman,Vihaan Jayaraman
1571,13238,7642,U Singhal,Umang Singhal
1069,13241,7643,Udant Nagar,Udant Nagar
817,13248,7647,Jacob Deshpande,Jacob Deshpande
332,13252,7649,M Narasimhan,Manbir Narasimhan
739,13254,7651,Harrison Naik,Harrison Naik
225,13255,7652,Ekapad Bir,Ekapad Bir
1246,13270,7664,Jeremiah Dugar,Jeremiah Dugar
197,13271,7665,Akshay Pillai,Akshay Pillai
475,13275,7669,Part Nagarajan,Parth Nagarajan
1381,13276,7669,Janaki Banik,Janaki Banik
1246,13280,7671,Jeremiah Dugar,Jeremiah Dugar
708,13281,7671,Mohammed Chopra,Mohammed Chopra
475,13282,7672,P Nagarajan,Parth Nagarajan
1015,13284,7673,I Kala,Ishaan Kala
1213,13285,7673,Zehaan Mohan,Zehaan Mohan
1101,13290,7675,Nil Sekon,Neel Sekhon
475,13291,7676,Parth Nagarajan,Parth Nagarajan
937,13294,7677,E Lal,Ekapad Lal
796,13295,7678,M Sehgal,Mitesh Sehgal
707,13301,7683,W. Bhandari,Widisha Bhandari
933,13302,7683,Siddharth Panchal,Siddharth Panchal
855,13308,7686,N Hora,Nihal Hora
532,13314,7691,Mohammed Choudhary,Mohammed Choudhary
444,13315,7692,Jackson Krishna,Jackson Krishna
1084,13318,7694,Jatin Mammen,Jatin Mammen
532,13320,7694,Mohammed Choudhary,Mohammed Choudhary
110,13321,7695,Faris Madan,Faris Madan
1069,13323,7697,Udant Nagar,Udant Nagar
523,13328,7700,R Gara,Rushil Gara
1582,13329,7700,Jeremiah Dhawan,Jeremiah Dhawan
1659,13330,7700,S Varghese,Samesh Varghese
59,13341,7705,Wyatt Biswas,Wyatt Biswas
1641,13343,7706,W Bobal,Warjas Bobal
532,13345,7708,M. Choudhary,Mohammed Choudhary
1246,13348,7710,J Dugar,Jeremiah Dugar
1347,13353,7714,Gavin Keer,Gavin Keer
386,13356,7714,H. Goel,Harrison Goel
578,13359,7715,Qadim Nagi,Qadim Nagi
1213,13364,7717,Zehaan Mohan,Zehaan Mohan
933,13366,7718,S Panchal,Siddharth Panchal
601,13367,7719,Manan Chopra,Manan Chopra
1429,13369,7721,Nilima Narain,Nilima Narain
1658,13370,7722,L. Nanda,Logan Nanda
1381,13375,7726,Janaki Banik,Janaki Banik
601,13381,7728,M. Chopra,Manan Chopra
601,13382,7729,M Chopra,Manan Chopra
1571,13384,7731,Umang Singhal,Umang Singhal
1358,13385,7732,Jonathan Devi,Jonathan Devi
1641,13390,7733,W. Bobal,Warjas Bobal
1069,13393,7735,Udant Nagar,Udant Nagar
1101,13397,7737,N Sekhon,Neel Sekhon
623,13417,7745,T. Kala,Tejas Kala
578,13418,7746,Qadim Nagi,Qadim Nagi
825,13421,7747,G Konda,Gavin Konda
963,13423,7748,G Dash,Gautam Dash
933,13428,7751,S. Panchal,Siddharth Panchal
1126,13433,7754,Abdul Naydu,Abdul Naidu
739,13434,7755,Harrison Naik,Harrison Naik
1454,13442,7760,Ekansh Mann,Ekansh Mann
963,13443,7761,G. Dash,Gautam Dash
589,13444,7762,H. Aurora,Henry Aurora
1358,13445,7762,Jonathan Devi,Jonathan Devi
1276,13446,7762,Kay Mander,Kai Mander
439,13447,7763,Arin Gour,Arin Gour
1084,13449,7764,J Mammen,Jatin Mammen
1126,13454,7766,Abdul Naydu,Abdul Naidu
1057,13455,7767,Wazir Pandey,Wazir Pandey
538,13456,7767,Zarna Seshadri,Zarna Seshadri
1028,13457,7768,Patrick Purohit,Patrick Purohit
1213,13462,7770,Z Mohan,Zehaan Mohan
1677,13464,7770,Chatura Deo,Chatura Deo
1709,13468,7771,Mitali Rao,Mitali Rao
439,13470,7773,A Gour,Arin Gour
707,13471,7773,Widisha Bhandari,Widisha Bhandari
963,13484,7781,G Dash,Gautam Dash
933,13485,7782,S Panchal,Siddharth Panchal
937,13488,7785,E. Lal,Ekapad Lal
574,13489,7785,Mason Balakrishnan,Mason Balakrishnan
1161,13491,7786,J. Dasgupta,Joshua Dasgupta
1785,13492,7787,Banjeet Mital,Banjeet Mital
439,13495,7788,A Gour,Arin Gour
1109,13497,7789,M. Pathak,Mitesh Pathak
110,13501,7792,Faris Madan,Faris Madan
725,13502,7793,Baghyawati Sidhu,Baghyawati Sidhu
825,13508,7794,Gavin Konda,Gavin Konda
592,13509,7795,R. Gupta,Rohan Gupta
825,13514,7798,Gavin Konda,Gavin Konda
197,13518,7800,A Pillai,Akshay Pillai
386,13520,7801,H Goel,Harrison Goel
797,13521,7802,A Bal,Aditya Bal
1767,13527,7805,V. Jayaraman,Vihaan Jayaraman
1101,13528,7805,N. Sekhon,Neel Sekhon
855,13531,7806,Nihal Hora,Nihal Hora
796,13537,7808,Mitesh Sehgal,Mitesh Sehgal
963,13539,7809,Gautam Dash,Gautam Dash
589,13542,7811,Henry Aurora,Henry Aurora
225,13549,7815,E Bir,Ekapad Bir
321,13551,7816,Chatura wala,Chatura Vala
1429,13555,7820,N Narain,Nilima Narain
1709,13559,7821,Mitali Rao,Mitali Rao
1358,13560,7822,J Devi,Jonathan Devi
739,13561,7823,H. Naik,Harrison Naik
475,13563,7824,Parth Nagarajan,Parth Nagarajan
825,13568,7827,G Konda,Gavin Konda
1134,13570,7829,Gunbir Goda,Gunbir Goda
225,13573,7832,E Bir,Ekapad Bir
601,13576,7833,M. Chopra,Manan Chopra
924,13580,7834,Chandresh Oommen,Chandresh Oommen
1276,13581,7835,Kay Mander,Kai Mander
197,13584,7835,Akshay Pillai,Akshay Pillai
1381,13594,7845,Janaki Banik,Janaki Banik
623,13596,7845,T Kala,Tejas Kala
1658,13597,7845,Logan Nanda,Logan Nanda
1429,13598,7846,N. Narain,Nilima Narain
475,13603,7849,Parth Nagarajan,Parth Nagarajan
532,13607,7852,Mohammed Choudhary,Mohammed Choudhary
321,13608,7852,C Vala,Chatura Vala
1084,13609,7852,J. Mammen,Jatin Mammen
1455,13611,7853,Bhawani Batra,Bhavani Batra
1109,13617,7856,Mitesh Pathak,Mitesh Pathak
1381,13619,7857,J. Banik,Janaki Banik
725,13620,7858,Baghyawati Sidhu,Baghyawati Sidhu
1709,13621,7858,M. Rao,Mitali Rao
601,13622,7859,M Chopra,Manan Chopra
1084,13626,7861,J. Mammen,Jatin Mammen
738,13633,7865,Praneel Aggarwal,Praneel Aggarwal
623,13635,7866,Tejas Kala,Tejas Kala
1429,13637,7868,N Narain,Nilima Narain
1358,13640,7870,J. Devi,Jonathan Devi
855,13644,7871,Nihal Hora,Nihal Hora
707,13649,7874,Widisha Bhandari,Widisha Bhandari
589,13654,7876,Henry Aurora,Henry Aurora
739,13655,7876,H. Naik,Harrison Naik
1455,13661,7880,Bhavani Batra,Bhavani Batra
1109,13663,7882,Mites Patak,Mitesh Pathak
1689,13664,7882,P. Deshmukh,Parth Deshmukh
1034,13665,7883,Ikbal Goyal,Ikbal Goyal
855,13669,7885,Nihal Hora,Nihal Hora
1276,13671,7886,Kai Mander,Kai Mander
589,13673,7887,Henry Aurora,Henry Aurora
386,13674,7888,H Goel,Harrison Goel
238,13675,7889,A. Keer,Azad Keer
797,13677,7890,Aditya Bal,Aditya Bal
725,13680,7892,Baghyawati Sidhu,Baghyawati Sidhu
1358,13687,7897,J. Devi,Jonathan Devi
708,13688,7897,M Chopra,Mohammed Chopra
739,13693,7901,H Naik,Harrison Naik
1785,13696,7903,B. Mital,Banjeet Mital
1656,13701,7905,J. Subramaniam,Jeremiah Subramaniam
532,13705,7906,Mohammed Choudhary,Mohammed Choudhary
225,13709,7909,Ekapad Bir,Ekapad Bir
707,13711,7910,W. Bhandari,Widisha Bhandari
1455,13713,7911,Bhawani Batra,Bhavani Batra
1767,13714,7912,V. Jayaraman,Vihaan Jayaraman
738,13715,7912,P. Aggarwal,Praneel Aggarwal
1457,13719,7914,Rehaan Mander,Rehaan Mander
856,13722,7915,C. Kala,Chanchal Kala
508,13724,7916,William Mitra,William Mitra
708,13726,7917,M. Chopra,Mohammed Chopra
386,13728,7918,Harrison Goel,Harrison Goel
114,13730,7920,Samart wirk,Samarth Virk
1028,13733,7921,Patrick Purohit,Patrick Purohit
589,13738,7924,H. Aurora,Henry Aurora
110,13739,7925,Faris Madan,Faris Madan
90,13741,7926,Thomas Khare,Thomas Khare
90,13745,7928,T Khare,Thomas Khare
574,13751,7933,Mason Balakrishnan,Mason Balakrishnan
439,13753,7933,A Gour,Arin Gour
1358,13754,7933,Jonathan Devi,Jonathan Devi
1378,13757,7935,Nilima Korpal,Nilima Korpal
1069,13758,7936,Udant Nagar,Udant Nagar
963,13759,7936,Gautam Dash,Gautam Dash
1659,13761,7937,S. Varghese,Samesh Varghese
1381,13764,7938,Janaki Banik,Janaki Banik
1571,13769,7943,U Singhal,Umang Singhal
1709,13771,7944,Mitali Rao,Mitali Rao
1571,13772,7944,Umang Singhal,Umang Singhal
145,13773,7945,Isaiah Viswanathan,Isaiah Viswanathan
1276,13776,7946,Kay Mander,Kai Mander
963,13777,7946,Gautam Dash,Gautam Dash
1429,13779,7948,N. Narain,Nilima Narain
738,13781,7949,Praneel Aggarwal,Praneel Aggarwal
1213,13783,7951,Zehaan Mohan,Zehaan Mohan
1028,13784,7951,P Purohit,Patrick Purohit
1641,13786,7953,Warjas Bobal,Warjas Bobal
578,13787,7954,Qadim Nagi,Qadim Nagi
533,13788,7955,Abdul Chandran,Abdul Chandran
928,13800,7963,R Oza,Rushil Oza
1722,13801,7964,Tanveer Raghavan,Tanveer Raghavan
616,13805,7966,G. Dhingra,Girindra Dhingra
764,13808,7967,Warinder Arora,Warinder Arora
386,13812,7969,Harrison Goel,Harrison Goel
1109,13816,7972,M Pathak,Mitesh Pathak
1239,13817,7973,A. Suresh,Ansh Suresh
937,13822,7975,E Lal,Ekapad Lal
574,13824,7977,Mason Balakrisnan,Mason Balakrishnan
796,13825,7977,Mites Sehgal,Mitesh Sehgal
825,13826,7977,Gavin Konda,Gavin Konda
110,13828,7978,Faris Madan,Faris Madan
1571,13829,7979,Umang Singhal,Umang Singhal
1213,13833,7980,Zehaan Mohan,Zehaan Mohan
578,13835,7980,Q Nagi,Qadim Nagi
1202,13837,7981,T Parsa,Tejas Parsa
1358,13842,7986,Jonatan Dewi,Jonathan Devi
1767,13845,7989,Vihaan Jayaraman,Vihaan Jayaraman
90,13853,7991,Thomas Khare,Thomas Khare
475,13860,7996,Part Nagarajan,Parth Nagarajan
197,13863,7998,Akshay Pillai,Akshay Pillai
797,13864,7999,Aditya Bal,Aditya Bal
825,13865,8000,Gawin Konda,Gavin Konda
59,13866,8000,Wyatt Biswas,Wyatt Biswas
739,13871,8004,Harrison Naik,Harrison Naik
1429,13872,8004,N Narain,Nilima Narain
225,13874,8006,Ekapad Bir,Ekapad Bir
578,13875,8007,Q Nagi,Qadim Nagi
535,13876,8007,Pranil Edwin,Praneel Edwin
855,13878,8008,N Hora,Nihal Hora
1571,13884,8012,Umang Singhal,Umang Singhal
1429,13885,8012,Nilima Narayn,Nilima Narain
1101,13893,8016,N. Sekhon,Neel Sekhon
1429,13895,8017,Nilima Narayn,Nilima Narain
855,13896,8018,N Hora,Nihal Hora
1358,13899,8018,J Devi,Jonathan Devi
1246,13906,8023,Jeremiah Dugar,Jeremiah Dugar
1101,13907,8024,Nil Sekon,Neel Sekhon
1126,13911,8026,A. Naidu,Abdul Naidu
386,13912,8026,Harrison Goel,Harrison Goel
1381,13913,8026,Janaki Banik,Janaki Banik
574,13914,8027,Mason Balakrishnan,Mason Balakrishnan
1499,13916,8028,Y. Nazareth,Yoshita Nazareth
574,13921,8030,Mason Balakrisnan,Mason Balakrishnan
225,13923,8032,E. Bir,Ekapad Bir
1028,13927,8034,Patrick Purohit,Patrick Purohit
1658,13938,8039,Logan Nanda,Logan Nanda
626,13939,8040,J. Balasubramanian,Janya Balasubramanian
1028,13945,8043,Patrick Purohit,Patrick Purohit
937,13946,8044,E. Lal,Ekapad Lal
1571,13947,8045,Umang Singhal,Umang Singhal
574,13951,8047,M. Balakrishnan,Mason Balakrishnan
6,13952,8047,G Mahal,George Mahal
1276,13954,8049,Kay Mander,Kai Mander
1239,13956,8051,A Suresh,Ansh Suresh
1126,13957,8051,Abdul Naydu,Abdul Naidu
1790,13959,8053,J Sathe,Jeet Sathe
1429,13962,8054,Nilima Narayn,Nilima Narain
817,13964,8055,Jacob Deshpande,Jacob Deshpande
1239,13966,8056,Ansh Suresh,Ansh Suresh
90,13969,8058,Thomas Khare,Thomas Khare
90,13970,8059,tomas kare,Thomas Khare
1659,13974,8062,Samesh Varghese,Samesh Varghese
317,13975,8062,A Rege,Ansh Rege
825,13977,8063,Gavin Konda,Gavin Konda
952,13978,8064,Fitan Dip,Fitan Deep
1659,13979,8064,S. Varghese,Samesh Varghese
1350,13982,8065,Frado Rout,Frado Rout
796,13984,8067,Mites Sehgal,Mitesh Sehgal
1429,13985,8068,N Narain,Nilima Narain
1358,13987,8069,Jonatan Dewi,Jonathan Devi
1276,13991,8071,Kai Mander,Kai Mander
1246,13992,8071,J. Dugar,Jeremiah Dugar
790,14002,8077,Raghav Madan,Raghav Madan
1246,14005,8078,Jeremiah Dugar,Jeremiah Dugar
485,14007,8080,R. Chana,Ranbir Chana
578,14009,8081,Qadim Nagi,Qadim Nagi
855,14011,8083,N. Hora,Nihal Hora
574,14014,8085,M. Balakrishnan,Mason Balakrishnan
1213,14018,8087,Z. Mohan,Zehaan Mohan
1677,14021,8089,Chatura Deo,Chatura Deo
1381,14025,8092,J Banik,Janaki Banik
197,14027,8094,A Pillai,Akshay Pillai
110,14028,8095,Faris Madan,Faris Madan
538,14029,8095,Z Seshadri,Zarna Seshadri
1455,14032,8096,B Batra,Bhavani Batra
1429,14034,8097,N Narain,Nilima Narain
386,14038,8100,Harrison Goel,Harrison Goel
1109,14040,8102,M. Pathak,Mitesh Pathak
510,14054,8111,F. Vala,Farhan Vala
475,14059,8113,P. Nagarajan,Parth Nagarajan
797,14063,8115,A Bal,Aditya Bal
963,14064,8116,Gautam Dash,Gautam Dash
439,14065,8117,Arin Gour,Arin Gour
623,14067,8118,Tejas Kala,Tejas Kala
937,14070,8120,Ekapad Lal,Ekapad Lal
1084,14073,8121,Jatin Mammen,Jatin Mammen
1566,14075,8123,K Soman,Kavya Soman
1015,14076,8124,Ishaan Kala,Ishaan Kala
1246,14079,8125,Jeremiah Dugar,Jeremiah Dugar
797,14081,8126,Aditya Bal,Aditya Bal
1015,14084,8128,I Kala,Ishaan Kala
601,14086,8129,Manan Chopra,Manan Chopra
1639,14087,8129,Warinder Shroff,Warinder Shroff
601,14088,8129,Manan Chopra,Manan Chopra
578,14089,8130,Qadim Nagi,Qadim Nagi
1677,14091,8131,Chatura Deo,Chatura Deo
1015,14092,8132,Ishaan Kala,Ishaan Kala
1015,14095,8133,I. Kala,Ishaan Kala
1246,14099,8135,J. Dugar,Jeremiah Dugar
1126,14101,8136,Abdul Naidu,Abdul Naidu
1264,14105,8138,P. Gola,Pranav Gola
1028,14106,8139,P. Purohit,Patrick Purohit
963,14107,8139,Gautam Dash,Gautam Dash
796,14112,8142,M. Sehgal,Mitesh Sehgal
1785,14114,8144,B Mital,Banjeet Mital
601,14116,8146,M Chopra,Manan Chopra
59,14117,8147,W Biswas,Wyatt Biswas
1455,14119,8147,Bhawani Batra,Bhavani Batra
1276,14120,8147,Kay Mander,Kai Mander
110,14125,8151,F Madan,Faris Madan
574,14130,8152,Mason Balakrishnan,Mason Balakrishnan
1659,14131,8153,Samesh Varghese,Samesh Varghese
1573,14132,8153,W Srivastava,Wridesh Srivastava
532,14133,8154,Mohammed Choudhary,Mohammed Choudhary
574,14134,8154,Mason Balakrishnan,Mason Balakrishnan
1246,14138,8156,J. Dugar,Jeremiah Dugar
1659,14142,8158,Samesh Varghese,Samesh Varghese
937,14145,8161,Ekapad Lal,Ekapad Lal
1178,14148,8164,Ikbal Barad,Ikbal Barad
1218,14152,8166,Krisna Contractor,Krishna Contractor
386,14154,8167,Harrison Goel,Harrison Goel
825,14159,8171,Gawin Konda,Gavin Konda
601,14160,8171,Manan Chopra,Manan Chopra
1571,14171,8178,Umang Singhal,Umang Singhal
1659,14172,8179,Sames warghese,Samesh Varghese
538,14176,8181,Zarna Seshadri,Zarna Seshadri
1101,14177,8181,Neel Sekhon,Neel Sekhon
855,14178,8182,Nihal Hora,Nihal Hora
1126,14179,8182,Abdul Naidu,Abdul Naidu
963,14181,8182,Gautam Dash,Gautam Dash
1709,14182,8183,Mitali Rao,Mitali Rao
1246,14183,8183,Jeremiah Dugar,Jeremiah Dugar
937,14185,8185,E. Lal,Ekapad Lal
796,14190,8186,M Sehgal,Mitesh Sehgal
1039,14191,8187,W. Borra,Wazir Borra
1641,14192,8188,W. Bobal,Warjas Bobal
90,14193,8188,tomas kare,Thomas Khare
266,14196,8190,N. Rana,Nimrat Rana
1767,14206,8196,V Jayaraman,Vihaan Jayaraman
1106,14207,8197,Ekavir Virk,Ekavir Virk
1101,14209,8199,N Sekhon,Neel Sekhon
1246,14210,8200,Jeremiah Dugar,Jeremiah Dugar
1084,14213,8203,Jatin Mammen,Jatin Mammen
601,14223,8209,M. Chopra,Manan Chopra
475,14226,8211,Parth Nagarajan,Parth Nagarajan
1101,14229,8213,N. Sekhon,Neel Sekhon
933,14233,8216,S. Panchal,Siddharth Panchal
933,14235,8217,S Panchal,Siddharth Panchal
390,14238,8219,Bhawani Nayak,Bhavani Nayak
475,14241,8220,Parth Nagarajan,Parth Nagarajan
42,14244,8221,U Dyal,Umang Dyal
1061,14247,8224,Shaurya Saxena,Shaurya Saxena
797,14255,8226,A Bal,Aditya Bal
1213,14260,8231,Z. Mohan,Zehaan Mohan
1710,14261,8232,Reyansh Kant,Reyansh Kant
1677,14262,8232,C Deo,Chatura Deo
739,14268,8234,H. Naik,Harrison Naik
853,14270,8235,R Narayan,Rachit Narayan
1785,14271,8235,Banjit Mital,Banjeet Mital
589,14277,8239,Henry Aurora,Henry Aurora
197,14280,8240,Akshay Pillai,Akshay Pillai
574,14282,8241,M. Balakrishnan,Mason Balakrishnan
574,14283,8242,M Balakrishnan,Mason Balakrishnan
1276,14287,8243,Kai Mander,Kai Mander
474,14293,8246,Agastya Chowdhury,Agastya Chowdhury
1126,14295,8247,A. Naidu,Abdul Naidu
738,14296,8247,Pranil Aggarwal,Praneel Aggarwal
1658,14297,8248,Logan Nanda,Logan Nanda
937,14298,8249,Ekapad Lal,Ekapad Lal
386,14299,8250,H Goel,Harrison Goel
1709,14300,8251,M. Rao,Mitali Rao
1246,14301,8251,Jeremiah Dugar,Jeremiah Dugar
817,14302,8251,J Deshpande,Jacob Deshpande
538,14303,8252,Zarna Sesadri,Zarna Seshadri
855,14306,8254,Nihal Hora,Nihal Hora
1276,14313,8260,Kai Mander,Kai Mander
589,14314,8260,Henry Aurora,Henry Aurora
431,14316,8262,F. Pandya,Frado Pandya
1276,14321,8265,Kai Mander,Kai Mander
386,14325,8269,Harrison Goel,Harrison Goel
1084,14329,8270,Jatin Mammen,Jatin Mammen
1213,14331,8272,Zehaan Mohan,Zehaan Mohan
963,14332,8273,Gautam Dash,Gautam Dash
1084,14336,8274,J Mammen,Jatin Mammen
1663,14338,8276,W. Boase,Wridesh Boase
475,14339,8276,P. Nagarajan,Parth Nagarajan
738,14341,8277,P Aggarwal,Praneel Aggarwal
1126,14347,8279,Abdul Naidu,Abdul Naidu
1067,14349,8281,B. Chandra,Baljiwan Chandra
197,14352,8282,Akshay Pillai,Akshay Pillai
937,14366,8291,Ekapad Lal,Ekapad Lal
708,14369,8292,M. Chopra,Mohammed Chopra
1429,14371,8294,N Narain,Nilima Narain
1407,14375,8297,Rehaan Parikh,Rehaan Parikh
829,14376,8297,Chatura Ben,Chatura Ben
59,14377,8298,Wyatt Biswas,Wyatt Biswas
959,14379,8300,D Sharma,Dalbir Sharma
1246,14383,8302,Jeremiah Dugar,Jeremiah Dugar
1237,14384,8303,A. Kaul,Anmol Kaul
439,14385,8304,A Gour,Arin Gour
59,14386,8305,Wyatt Biswas,Wyatt Biswas
225,14389,8306,E Bir,Ekapad Bir
225,14391,8308,E. Bir,Ekapad Bir
817,14395,8311,Jacob Despande,Jacob Deshpande
386,14397,8312,Harrison Goel,Harrison Goel
1641,14404,8317,W. Bobal,Warjas Bobal
1641,14408,8318,Warjas Bobal,Warjas Bobal
1084,14412,8320,Jatin Mammen,Jatin Mammen
296,14413,8321,A. Dasgupta,Avni Dasgupta
532,14414,8321,Mohammed Choudhary,Mohammed Choudhary
110,14415,8322,Faris Madan,Faris Madan
601,14416,8323,Manan Chopra,Manan Chopra
1213,14419,8325,Zehaan Mohan,Zehaan Mohan
738,14420,8325,P Aggarwal,Praneel Aggarwal
578,14421,8325,Qadim Nagi,Qadim Nagi
623,14423,8327,Tejas Kala,Tejas Kala
1658,14426,8328,Logan Nanda,Logan Nanda
578,14430,8332,Q. Nagi,Qadim Nagi
532,14432,8333,Mohammed Choudhary,Mohammed Choudhary
1641,14436,8336,Warjas Bobal,Warjas Bobal
963,14438,8337,G Dash,Gautam Dash
386,14445,8339,Harrison Goel,Harrison Goel
825,14450,8342,Gawin Konda,Gavin Konda
1015,14452,8342,I Kala,Ishaan Kala
1339,14459,8346,S. Dass,Shivansh Dass
532,14462,8348,Mohammed Choudhary,Mohammed Choudhary
574,14465,8350,M Balakrishnan,Mason Balakrishnan
191,14466,8350,Jack Handa,Jack Handa
1069,14468,8351,U. Nagar,Udant Nagar
796,14470,8353,Mites Sehgal,Mitesh Sehgal
532,14471,8353,M. Choudhary,Mohammed Choudhary
739,14474,8355,H. Naik,Harrison Naik
1101,14475,8355,N Sekhon,Neel Sekhon
439,14479,8357,Arin Gour,Arin Gour
1455,14481,8358,Bhavani Batra,Bhavani Batra
1659,14483,8359,S Varghese,Samesh Varghese
1246,14484,8359,Jeremiah Dugar,Jeremiah Dugar
1358,14487,8362,Jonathan Devi,Jonathan Devi
589,14488,8363,H Aurora,Henry Aurora
1213,14489,8364,Zehaan Mohan,Zehaan Mohan
1448,14490,8365,Faqid Iyer,Faqid Iyer
1015,14491,8365,Isaan Kala,Ishaan Kala
1009,14495,8366,Qabil Dutt,Qabil Dutt
578,14496,8366,Qadim Nagi,Qadim Nagi
817,14497,8367,Jacob Despande,Jacob Deshpande
1785,14498,8368,B. Mital,Banjeet Mital
578,14500,8369,Q. Nagi,Qadim Nagi
1658,14504,8371,Logan Nanda,Logan Nanda
532,14505,8372,M Choudhary,Mohammed Choudhary
1109,14507,8374,M Pathak,Mitesh Pathak
817,14508,8374,Jacob Deshpande,Jacob Deshpande
1709,14510,8375,Mitali Rao,Mitali Rao
796,14532,8387,Mitesh Sehgal,Mitesh Sehgal
655,14537,8389,A Mannan,Abdul Mannan
386,14540,8390,Harrison Goel,Harrison Goel
937,14543,8393,E. Lal,Ekapad Lal
1084,14548,8394,Jatin Mammen,Jatin Mammen
933,14549,8394,Siddhart Panchal,Siddharth Panchal
355,14554,8396,O. Vaidya,Om Vaidya
1429,14561,8398,N. Narain,Nilima Narain
197,14562,8399,A Pillai,Akshay Pillai
1424,14568,8402,Isaac wohra,Isaac Vohra
1659,14569,8403,Samesh Varghese,Samesh Varghese
1246,14570,8404,J. Dugar,Jeremiah Dugar
1659,14574,8406,Sames warghese,Samesh Varghese
937,14575,8407,E Lal,Ekapad Lal
601,14576,8407,Manan Chopra,Manan Chopra
578,14580,8409,Q. Nagi,Qadim Nagi
518,14585,8411,Agastya Jayn,Agastya Jain
796,14586,8412,Mitesh Sehgal,Mitesh Sehgal
1691,14587,8412,Onveer Varghese,Onveer Varghese
439,14598,8417,Arin Gour,Arin Gour
321,14602,8418,C Vala,Chatura Vala
1109,14603,8419,M Pathak,Mitesh Pathak
788,14605,8420,Qadim Batra,Qadim Batra
796,14607,8421,Mitesh Sehgal,Mitesh Sehgal
1069,14608,8422,U. Nagar,Udant Nagar
1239,14610,8423,A Suresh,Ansh Suresh
47,14613,8425,Michael Varkey,Michael Varkey
601,14615,8426,M. Chopra,Manan Chopra
1276,14616,8427,K Mander,Kai Mander
1069,14619,8429,Udant Nagar,Udant Nagar
142,14621,8429,Chanakya Purohit,Chanakya Purohit
225,14622,8430,Ekapad Bir,Ekapad Bir
523,14623,8430,Rushil Gara,Rushil Gara
90,14625,8432,T Khare,Thomas Khare
855,14628,8434,Nihal Hora,Nihal Hora
1677,14629,8434,C Deo,Chatura Deo
1084,14630,8435,J Mammen,Jatin Mammen
439,14635,8438,A. Gour,Arin Gour
425,14636,8438,Samuel Mani,Samuel Mani
1015,14639,8440,Isaan Kala,Ishaan Kala
589,14640,8441,Henry Aurora,Henry Aurora
738,14641,8441,Praneel Aggarwal,Praneel Aggarwal
1276,14643,8443,Kay Mander,Kai Mander
225,14644,8443,E Bir,Ekapad Bir
1276,14654,8448,K. Mander,Kai Mander
1767,14658,8451,Vihaan Jayaraman,Vihaan Jayaraman
1381,14660,8452,Janaki Banik,Janaki Banik
797,14661,8452,Aditya Bal,Aditya Bal
1126,14662,8453,Abdul Naydu,Abdul Naidu
321,14663,8453,C Vala,Chatura Vala
1709,14664,8453,Mitali Rao,Mitali Rao
321,14671,8457,Chatura Vala,Chatura Vala
197,14678,8460,Aksay Pillay,Akshay Pillai
110,14679,8461,F. Madan,Faris Madan
532,14687,8465,Mohammed Choudhary,Mohammed Choudhary
707,14694,8469,Widisha Bhandari,Widisha Bhandari
1246,14696,8469,Jeremiah Dugar,Jeremiah Dugar
59,14698,8471,Wyatt Biswas,Wyatt Biswas
1084,14699,8472,Jatin Mammen,Jatin Mammen
475,14701,8474,P Nagarajan,Parth Nagarajan
1429,14703,8475,Nilima Narayn,Nilima Narain
937,14704,8475,E. Lal,Ekapad Lal
321,14705,8476,C Vala,Chatura Vala
738,14708,8478,P Aggarwal,Praneel Aggarwal
1571,14709,8479,U Singhal,Umang Singhal
386,14710,8480,H. Goel,Harrison Goel
589,14714,8482,Henry Aurora,Henry Aurora
578,14718,8485,Qadim Nagi,Qadim Nagi
1239,14724,8488,Ansh Suresh,Ansh Suresh
1028,14726,8488,P. Purohit,Patrick Purohit
601,14727,8488,Manan Chopra,Manan Chopra
1213,14730,8490,Zehaan Mohan,Zehaan Mohan
1659,14731,8491,S Varghese,Samesh Varghese
1429,14732,8492,Nilima Narain,Nilima Narain
34,14734,8492,B Murty,Bahadurjit Murty
1749,14735,8493,Rachana Sachdev,Rachana Sachdev
1429,14739,8495,Nilima Narain,Nilima Narain
601,14743,8499,M. Chopra,Manan Chopra
1592,14749,8504,Chatres Acharya,Chatresh Acharya
1224,14751,8506,C. Sandal,Chanakya Sandal
825,14754,8508,Gavin Konda,Gavin Konda
1659,14755,8508,Samesh Varghese,Samesh Varghese
963,14757,8509,G Dash,Gautam Dash
574,14762,8512,Mason Balakrishnan,Mason Balakrishnan
321,14765,8514,Chatura Vala,Chatura Vala
937,14767,8516,Ekapad Lal,Ekapad Lal
963,14769,8516,Gautam Dash,Gautam Dash
761,14773,8518,S Comar,Samarth Comar
1677,14778,8521,Chatura Deo,Chatura Deo
960,14779,8521,L. Kulkarni,Leena Kulkarni
523,14784,8523,Rushil Gara,Rushil Gara
110,14785,8524,F. Madan,Faris Madan
1126,14788,8526,A. Naidu,Abdul Naidu
937,14789,8527,Ekapad Lal,Ekapad Lal
1358,14796,8533,Jonatan Dewi,Jonathan Devi
855,14798,8534,Nihal Hora,Nihal Hora
133,14805,8538,A. Sood,Advay Sood
1213,14810,8540,Zehaan Mohan,Zehaan Mohan
90,14811,8541,Thomas Khare,Thomas Khare
189,14816,8543,Ekbal Aurora,Ekbal Aurora
738,14818,8544,Praneel Aggarwal,Praneel Aggarwal
738,14820,8545,P. Aggarwal,Praneel Aggarwal
386,14821,8546,Harrison Goel,Harrison Goel
1288,14822,8546,P. Lalla,Pranit Lalla
1276,14826,8550,Kai Mander,Kai Mander
574,14829,8552,Mason Balakrisnan,Mason Balakrishnan
95,14832,8553,Jasmit Hora,Jasmit Hora
90,14833,8554,T Khare,Thomas Khare
386,14837,8556,H. Goel,Harrison Goel
937,14839,8558,E. Lal,Ekapad Lal
358,14840,8558,Etan Kaur,Ethan Kaur
1028,14842,8560,Patrick Purohit,Patrick Purohit
1641,14848,8563,Warjas Bobal,Warjas Bobal
578,14851,8565,Qadim Nagi,Qadim Nagi
1488,14859,8571,H. Acharya,Hredhaan Acharya
197,14865,8576,Aksay Pillay,Akshay Pillai
1126,14867,8577,A. Naidu,Abdul Naidu
1015,14868,8577,I. Kala,Ishaan Kala
439,14871,8578,Arin Gour,Arin Gour
197,14879,8581,Akshay Pillai,Akshay Pillai
1239,14880,8582,A. Suresh,Ansh Suresh
1126,14886,8587,A Naidu,Abdul Naidu
738,14889,8590,Praneel Aggarwal,Praneel Aggarwal
933,14891,8592,Siddharth Panchal,Siddharth Panchal
847,14893,8594,Faqid Pillai,Faqid Pillai
378,14896,8596,C. Venkataraman,Chanchal Venkataraman
707,14905,8603,Widisa Bhandari,Widisha Bhandari
197,14907,8603,Akshay Pillai,Akshay Pillai
1358,14908,8604,J Devi,Jonathan Devi
1028,14909,8605,Patrick Purohit,Patrick Purohit
589,14910,8606,Henry Aurora,Henry Aurora
855,14911,8606,Nihal Hora,Nihal Hora
708,14912,8607,M. Chopra,Mohammed Chopra
1659,14913,8608,Sames warghese,Samesh Varghese
538,14918,8610,Z Seshadri,Zarna Seshadri
386,14920,8611,H. Goel,Harrison Goel
1658,14924,8613,Logan Nanda,Logan Nanda
1208,14927,8615,Gaurav Ranganathan,Gaurav Ranganathan
1709,14928,8615,M Rao,Mitali Rao
1785,14929,8616,B Mital,Banjeet Mital
825,14930,8617,G Konda,Gavin Konda
1236,14934,8621,Lucky Randhawa,Lucky Randhawa
578,14939,8623,Q. Nagi,Qadim Nagi
831,14941,8623,Laksit Kumer,Lakshit Kumer
1785,14944,8626,Banjit Mital,Banjeet Mital
1785,14945,8626,Banjeet Mital,Banjeet Mital
1199,14954,8629,H Jain,Hema Jain
796,14956,8630,Mitesh Sehgal,Mitesh Sehgal
1429,14957,8631,Nilima Narayn,Nilima Narain
817,14958,8632,J. Deshpande,Jacob Deshpande
1659,14961,8633,Sames warghese,Samesh Varghese
623,14963,8635,Tejas Kala,Tejas Kala
59,14964,8636,Wyatt Biswas,Wyatt Biswas
1089,14966,8638,Isaac Bhavsar,Isaac Bhavsar
1432,14973,8642,Naks Mukerjee,Naksh Mukherjee
293,14975,8643,Rachit Lad,Rachit Lad
1100,14978,8645,A. Goyal,Advaith Goyal
70,14979,8645,Nathan Gaba,Nathan Gaba
1056,14980,8645,Rachit Yogi,Rachit Yogi
676,14981,8646,Lucky Raja,Lucky Raja
1310,14986,8649,Michael Narang,Michael Narang
1164,14987,8649,N Sankar,Noah Sankar
1308,14989,8651,L. Srinivas,Lakshit Srinivas
1379,14993,8653,Gauri Chaudhuri,Gauri Chaudhuri
549,14997,8657,I Atwal,Ishaan Atwal
259,14998,8658,W. Khalsa,William Khalsa
1061,15002,8661,S Saxena,Shaurya Saxena
1612,15006,8662,Tanay Dhar,Tanay Dhar
1323,15008,8663,Logan Misra,Logan Misra
1098,15016,8669,T Agarwal,Triveni Agarwal
121,15018,8670,R. Rattan,Rishi Rattan
1302,15020,8670,Peter Taneja,Peter Taneja
218,15023,8672,Tristan Bhargava,Tristan Bhargava
1326,15027,8675,Ekaraj Narayanan,Ekaraj Narayanan
1215,15031,8677,E Chaudhry,Eiravati Chaudhry
1669,15036,8681,U. Nagarajan,Urmi Nagarajan
1022,15040,8682,I. Khare,Isaiah Khare
494,15041,8682,Upasna Tella,Upasna Tella
1057,15043,8684,Wazir Pandey,Wazir Pandey
878,15044,8684,R. Kadakia,Ryan Kadakia
498,15045,8684,Gautam Bhakta,Gautam Bhakta
65,15046,8685,A. Sanghvi,Anjali Sanghvi
1326,15048,8687,E. Narayanan,Ekaraj Narayanan
1657,15051,8689,B Sahota,Baljiwan Sahota
1125,15056,8692,Utkars Rajagopalan,Utkarsh Rajagopalan
1302,15058,8693,P Taneja,Peter Taneja
1432,15060,8693,Naksh Mukherjee,Naksh Mukherjee
1098,15068,8699,Triveni Agarwal,Triveni Agarwal
1587,15069,8700,Dew Natt,Dev Natt
676,15070,8701,L Raja,Lucky Raja
559,15071,8701,Ethan Sharaf,Ethan Sharaf
352,15075,8702,Gaurang Kari,Gaurang Kari
1125,15084,8707,Utkarsh Rajagopalan,Utkarsh Rajagopalan
1098,15085,8708,Triveni Agarwal,Triveni Agarwal
1078,15086,8709,V. Bhakta,Vedant Bhakta
1661,15090,8712,H Kara,Harshil Kara
498,15093,8715,Gautam Bhakta,Gautam Bhakta
83,15094,8715,Vincent Virk,Vincent Virk
956,15104,8719,G Cheema,Girik Cheema
1302,15108,8721,Peter Taneja,Peter Taneja
677,15113,8723,Jatin ummen,Jatin Oommen
1043,15114,8724,Michael Sarkar,Michael Sarkar
1089,15115,8725,Isaac Bhawsar,Isaac Bhavsar
174,15116,8726,Chanakya Dubey,Chanakya Dubey
885,15119,8728,N Agrawal,Nicholas Agrawal
559,15120,8729,Etan saraf,Ethan Sharaf
494,15125,8732,U. Tella,Upasna Tella
1022,15126,8733,I Khare,Isaiah Khare
1685,15132,8738,Wazir Nazaret,Wazir Nazareth
352,15134,8739,Gaurang Kari,Gaurang Kari
1385,15135,8740,R. Madan,Ranbir Madan
1308,15138,8742,Lakshit Srinivas,Lakshit Srinivas
1685,15141,8744,W Nazareth,Wazir Nazareth
1292,15145,8747,I Pall,Ishwar Pall
1159,15146,8748,R Singhal,Rudra Singhal
974,15148,8749,E Ramesh,Elijah Ramesh
121,15149,8750,Risi Rattan,Rishi Rattan
1650,15153,8752,Lina Natarajan,Leena Natarajan
83,15154,8752,Vincent Virk,Vincent Virk
878,15156,8753,Ryan Kadakia,Ryan Kadakia
1102,15161,8756,Ans Wali,Ansh Wali
1057,15166,8759,Wazir Pandey,Wazir Pandey
1056,15167,8759,Rachit Yogi,Rachit Yogi
1022,15176,8766,I Khare,Isaiah Khare
1220,15180,8770,A Saxena,Azad Saxena
821,15181,8771,Ekansh Bir,Ekansh Bir
1473,15183,8771,Logan Bhattacharyya,Logan Bhattacharyya
1612,15184,8772,Tanay Dhar,Tanay Dhar
498,15194,8779,Gautam Bhakta,Gautam Bhakta
407,15198,8781,Oliwer Tur,Oliver Toor
677,15199,8782,J Oommen,Jatin Oommen
1674,15200,8782,Kamala Kakar,Kamala Kakar
723,15201,8783,Ayush Swamy,Ayush Swamy
1100,15207,8787,A. Goyal,Advaith Goyal
1222,15208,8788,T Som,Tanay Som
1590,15209,8788,Nachiket Keer,Nachiket Keer
218,15210,8789,T Bhargava,Tristan Bhargava
677,15218,8793,J. Oommen,Jatin Oommen
352,15222,8797,Gaurang Kari,Gaurang Kari
352,15223,8798,G. Kari,Gaurang Kari
293,15225,8800,R Lad,Rachit Lad
439,15226,8800,Arin Gour,Arin Gour
1089,15227,8800,Isaac Bhavsar,Isaac Bhavsar
885,15229,8802,Nicholas Agrawal,Nicholas Agrawal
1685,15231,8804,W Nazareth,Wazir Nazareth
1587,15234,8805,Dev Natt,Dev Natt
136,15242,8809,Wridesh Murty,Wridesh Murty
961,15244,8810,Dhruv Rajagopal,Dhruv Rajagopal
70,15245,8811,Nathan Gaba,Nathan Gaba
245,15249,8813,A. Padmanabhan,Azad Padmanabhan
347,15250,8814,Dalbir Oommen,Dalbir Oommen
295,15256,8817,J Lalla,Jai Lalla
1302,15257,8818,P Taneja,Peter Taneja
494,15258,8819,U. Tella,Upasna Tella
54,15262,8821,C More,Chandran More
1646,15263,8822,Puja Tandon,Pooja Tandon
704,15264,8823,Karan Kasyap,Karan Kashyap
121,15265,8823,Rishi Rattan,Rishi Rattan
121,15267,8825,Risi Rattan,Rishi Rattan
396,15271,8826,Yuvraj Dora,Yuvraj Dora
490,15272,8826,N Ram,Nathaniel Ram
1325,15273,8827,A. Randhawa,Agastya Randhawa
676,15282,8834,Lucky Raja,Lucky Raja
566,15286,8838,Arjun Ravel,Arjun Ravel
617,15289,8841,Mason Agarwal,Mason Agarwal
1432,15290,8842,Naksh Mukherjee,Naksh Mukherjee
867,15291,8843,Jatin Shanker,Jatin Shanker
55,15292,8843,A Badal,Aayush Badal
1399,15295,8844,W Baria,William Baria
688,15298,8846,J. Parsa,Jeevika Parsa
559,15303,8850,Etan saraf,Ethan Sharaf
1159,15305,8852,Rudra Singhal,Rudra Singhal
996,15306,8853,Tanay Mammen,Tanay Mammen
1323,15308,8854,L Misra,Logan Misra
1102,15309,8855,A Wali,Ansh Wali
70,15310,8856,N. Gaba,Nathan Gaba
723,15311,8856,Ayus Swamy,Ayush Swamy
1325,15323,8865,A. Randhawa,Agastya Randhawa
560,15326,8866,Darpan Mangal,Darpan Mangal
1125,15334,8871,U. Rajagopalan,Utkarsh Rajagopalan
1060,15335,8871,Z. Sami,Zayyan Sami
1059,15339,8872,Osha Loyal,Osha Loyal
1220,15340,8873,Azad Saxena,Azad Saxena
772,15342,8874,Pranit Oommen,Pranit Oommen
549,15348,8877,Ishaan Atwal,Ishaan Atwal
374,15352,8879,Y. Manne,Yatin Manne
723,15357,8882,Ayush Swamy,Ayush Swamy
218,15361,8884,Tristan Bhargava,Tristan Bhargava
1125,15368,8886,U. Rajagopalan,Utkarsh Rajagopalan
1473,15372,8889,L. Bhattacharyya,Logan Bhattacharyya
293,15373,8890,R Lad,Rachit Lad
885,15380,8894,Nicholas Agrawal,Nicholas Agrawal
1435,15383,8895,Rachit Sibal,Rachit Sibal
1323,15384,8895,Logan Misra,Logan Misra
83,15386,8896,wincent wirk,Vincent Virk
1781,15391,8900,W Badal,Wazir Badal
1473,15394,8902,Logan Bhattacharyya,Logan Bhattacharyya
1325,15401,8905,Agastya Randhawa,Agastya Randhawa
1308,15402,8905,L Srinivas,Lakshit Srinivas
1022,15404,8906,Isayah kare,Isaiah Khare
396,15406,8908,Y. Dora,Yuvraj Dora
83,15409,8910,wincent wirk,Vincent Virk
1262,15410,8911,Theodore Ghose,Theodore Ghose
407,15411,8912,Oliver Toor,Oliver Toor
554,15414,8913,Madhav Krishnamurthy,Madhav Krishnamurthy
885,15416,8914,Nicholas Agrawal,Nicholas Agrawal
1496,15424,8919,Yagnesh Loyal,Yagnesh Loyal
319,15431,8923,Yatan Ramaswamy,Yatan Ramaswamy
552,15432,8924,B Sami,Bhavika Sami
1074,15433,8924,Veer Shan,Veer Shan
312,15434,8924,Jatin Sandal,Jatin Sandal
494,15441,8926,Upasna Tella,Upasna Tella
1646,15448,8931,P. Tandon,Pooja Tandon
1264,15452,8933,P. Gola,Pranav Gola
1215,15454,8933,Eiravati Chaudhry,Eiravati Chaudhry
1646,15455,8934,P. Tandon,Pooja Tandon
1302,15459,8935,Peter Taneja,Peter Taneja
1056,15462,8936,Rachit Yogi,Rachit Yogi
1070,15464,8938,A. Agate,Abhiram Agate
347,15473,8941,Dalbir Oommen,Dalbir Oommen
420,15475,8942,Krishna Toor,Krishna Toor
1056,15476,8942,Rachit Yogi,Rachit Yogi
1220,15481,8946,A. Saxena,Azad Saxena
658,15482,8947,Henry Raja,Henry Raja
1100,15484,8948,A Goyal,Advaith Goyal
1432,15486,8949,N Mukherjee,Naksh Mukherjee
1164,15487,8950,Noah Sankar,Noah Sankar
1432,15495,8954,Naksh Mukherjee,Naksh Mukherjee
1215,15499,8956,Eiravati Chaudhry,Eiravati Chaudhry
885,15501,8957,Nicholas Agrawal,Nicholas Agrawal
1326,15502,8958,Ekaraj Narayanan,Ekaraj Narayanan
1159,15503,8959,Rudra Singhal,Rudra Singhal
617,15509,8964,Mason Agarwal,Mason Agarwal
974,15510,8965,Elijah Rames,Elijah Ramesh
117,15512,8965,Abhiram Prakash,Abhiram Prakash
1473,15517,8967,Logan Bhattacharyya,Logan Bhattacharyya
1057,15518,8968,Wazir Pandey,Wazir Pandey
1159,15521,8970,R. Singhal,Rudra Singhal
1385,15524,8971,R. Madan,Ranbir Madan
498,15525,8972,G Bhakta,Gautam Bhakta
466,15527,8974,L. Hans,Laban Hans
1089,15529,8974,I. Bhavsar,Isaac Bhavsar
1164,15530,8975,Noah Sankar,Noah Sankar
498,15532,8977,G Bhakta,Gautam Bhakta
455,15537,8980,E Gupta,Ekansh Gupta
617,15539,8982,Mason Agarwal,Mason Agarwal
1125,15540,8983,Utkarsh Rajagopalan,Utkarsh Rajagopalan
841,15543,8986,H. Dayal,Hamsini Dayal
617,15547,8987,Mason Agarwal,Mason Agarwal
1326,15551,8991,E. Narayanan,Ekaraj Narayanan
1646,15552,8992,P Tandon,Pooja Tandon
1070,15555,8995,Abhiram Agate,Abhiram Agate
1019,15556,8996,V. Saha,Victor Saha
1125,15557,8996,Utkarsh Rajagopalan,Utkarsh Rajagopalan
677,15559,8997,Jatin ummen,Jatin Oommen
1473,15561,8998,Logan Bhattacharyya,Logan Bhattacharyya
490,15564,8999,N. Ram,Nathaniel Ram
1057,15565,9000,Wazir Pandey,Wazir Pandey
293,15571,9001,R. Lad,Rachit Lad
1650,15572,9002,Leena Natarajan,Leena Natarajan
1159,15577,9005,R Singhal,Rudra Singhal
121,15582,9008,R Rattan,Rishi Rattan
330,15583,9009,Veer Misra,Veer Misra
704,15585,9010,K Kashyap,Karan Kashyap
677,15588,9011,Jatin Oommen,Jatin Oommen
956,15590,9013,Girik Chima,Girik Cheema
704,15591,9014,Karan Kashyap,Karan Kashyap
490,15592,9015,Nataniel Ram,Nathaniel Ram
1323,15600,9018,Logan Misra,Logan Misra
760,15603,9021,Yuvraj Garde,Yuvraj Garde
293,15606,9022,Rachit Lad,Rachit Lad
1399,15611,9024,William Baria,William Baria
1446,15612,9025,A. Pall,Anay Pall
1432,15614,9025,N. Mukherjee,Naksh Mukherjee
352,15616,9026,G Kari,Gaurang Kari
571,15618,9027,Elijah Narayan,Elijah Narayan
1423,15619,9028,I. Parekh,Ishwar Parekh
612,15621,9029,Tanveer Jani,Tanveer Jani
1043,15627,9031,M Sarkar,Michael Sarkar
1473,15628,9031,Logan Bhattacharyya,Logan Bhattacharyya
751,15643,9039,F. Goel,Farhan Goel
218,15644,9039,Tristan Bhargava,Tristan Bhargava
676,15646,9041,Lucky Raja,Lucky Raja
69,15652,9046,Faris Raj,Faris Raj
55,15653,9047,Aayush Badal,Aayush Badal
1,15656,9049,Y. Wagle,Yatin Wagle
494,15657,9049,Upasna Tella,Upasna Tella
1125,15658,9049,Utkarsh Rajagopalan,Utkarsh Rajagopalan
1132,15661,9051,Fitan Lata,Fitan Lata
566,15662,9052,Arjun Ravel,Arjun Ravel
1102,15664,9053,A. Wali,Ansh Wali
885,15665,9054,Nicholas Agrawal,Nicholas Agrawal
55,15668,9057,Aayus Badal,Aayush Badal
1325,15671,9059,Agastya Randhawa,Agastya Randhawa
911,15672,9059,T. Gera,Thomas Gera
1325,15675,9061,A. Randhawa,Agastya Randhawa
723,15676,9062,Ayush Swamy,Ayush Swamy
723,15679,9063,Ayush Swamy,Ayush Swamy
1098,15682,9064,T Agarwal,Triveni Agarwal
1057,15693,9068,Wazir Pandey,Wazir Pandey
878,15695,9070,Ryan Kadakia,Ryan Kadakia
1423,15700,9073,I. Parekh,Ishwar Parekh
83,15701,9074,V Virk,Vincent Virk
919,15702,9075,Tara Gade,Tara Gade
293,15705,9077,Rachit Lad,Rachit Lad
121,15708,9079,Risi Rattan,Rishi Rattan
1215,15712,9083,Eirawati Chaudhry,Eiravati Chaudhry
70,15720,9087,Nathan Gaba,Nathan Gaba
33,15722,9088,Rehaan Majumdar,Rehaan Majumdar
500,15723,9089,H Badami,Harsh Badami
676,15729,9093,Lucky Raja,Lucky Raja
1098,15742,9102,Triveni Agarwal,Triveni Agarwal
1323,15747,9104,Logan Misra,Logan Misra
1145,15748,9104,Dev Sidhu,Dev Sidhu
566,15751,9107,A Ravel,Arjun Ravel
1148,15752,9107,Ansh Dugar,Ansh Dugar
47,15753,9108,Michael Varkey,Michael Varkey
1215,15756,9108,E. Chaudhry,Eiravati Chaudhry
677,15757,9109,Jatin Oommen,Jatin Oommen
1566,15759,9111,K. Soman,Kavya Soman
1164,15761,9112,N Sankar,Noah Sankar
293,15762,9113,Rachit Lad,Rachit Lad
1612,15770,9118,T Dhar,Tanay Dhar
704,15773,9119,K. Kashyap,Karan Kashyap
878,15774,9120,R. Kadakia,Ryan Kadakia
1100,15775,9121,Advaith Goyal,Advaith Goyal
609,15776,9122,K Chokshi,Krish Chokshi
396,15780,9123,Y Dora,Yuvraj Dora
1102,15782,9124,A. Wali,Ansh Wali
1323,15785,9126,Logan Misra,Logan Misra
1125,15787,9127,U. Rajagopalan,Utkarsh Rajagopalan
1075,15788,9128,Bachittar Roy,Bachittar Roy
136,15790,9130,Wridesh Murty,Wridesh Murty
949,15791,9131,A Mallick,Advaith Mallick
136,15793,9132,W. Murty,Wridesh Murty
676,15799,9134,L. Raja,Lucky Raja
723,15811,9140,Ayush Swamy,Ayush Swamy
352,15812,9141,G. Kari,Gaurang Kari
723,15813,9142,Ayus Swamy,Ayush Swamy
136,15814,9143,Wridesh Murty,Wridesh Murty
1325,15819,9144,A Randhawa,Agastya Randhawa
1432,15820,9145,Naksh Mukherjee,Naksh Mukherjee
1308,15825,9147,Lakshit Srinivas,Lakshit Srinivas
1056,15828,9150,Rachit Yogi,Rachit Yogi
723,15829,9151,Ayush Swamy,Ayush Swamy
1022,15831,9153,I. Khare,Isaiah Khare
1215,15834,9154,Eiravati Chaudhry,Eiravati Chaudhry
676,15837,9156,Lucky Raja,Lucky Raja
70,15841,9157,N. Gaba,Nathan Gaba
352,15845,9158,G. Kari,Gaurang Kari
330,15847,9160,V. Misra,Veer Misra
566,15850,9161,Arjun Ravel,Arjun Ravel
420,15851,9161,K. Toor,Krishna Toor
1098,15852,9162,Triweni Agarwal,Triveni Agarwal
494,15853,9162,U. Tella,Upasna Tella
83,15855,9163,wincent wirk,Vincent Virk
617,15860,9165,M Agarwal,Mason Agarwal
559,15862,9166,Ethan Sharaf,Ethan Sharaf
552,15866,9169,Bhavika Sami,Bhavika Sami
407,15867,9170,Oliver Toor,Oliver Toor
649,15871,9173,Agastya Gour,Agastya Gour
1685,15874,9174,W Nazareth,Wazir Nazareth
1399,15878,9178,William Baria,William Baria
566,15885,9181,Arjun Rawel,Arjun Ravel
885,15889,9182,Nicholas Agrawal,Nicholas Agrawal
1612,15893,9185,T. Dhar,Tanay Dhar
55,15895,9187,Aayush Badal,Aayush Badal
83,15896,9187,Vincent Virk,Vincent Virk
1646,15900,9190,Pooja Tandon,Pooja Tandon
147,15906,9193,Jairaj Oza,Jairaj Oza
1074,15907,9194,V Shan,Veer Shan
704,15913,9197,K Kashyap,Karan Kashyap
1576,15916,9200,Kalpit Nori,Kalpit Nori
1423,15917,9200,I Parekh,Ishwar Parekh
566,15922,9203,Arjun Ravel,Arjun Ravel
1755,15923,9204,Neel Kanda,Neel Kanda
1057,15924,9204,W Pandey,Wazir Pandey
1326,15925,9204,Ekaraj Narayanan,Ekaraj Narayanan
1302,15934,9210,Peter Taneja,Peter Taneja
704,15935,9211,Karan Kasyap,Karan Kashyap
566,15936,9211,Arjun Ravel,Arjun Ravel
1432,15938,9212,N. Mukherjee,Naksh Mukherjee
1125,15944,9216,U. Rajagopalan,Utkarsh Rajagopalan
1089,15945,9216,Isaac Bhavsar,Isaac Bhavsar
420,15950,9218,Krisna Tur,Krishna Toor
293,15952,9219,R. Lad,Rachit Lad
1043,15954,9219,Michael Sarkar,Michael Sarkar
1646,15959,9221,P. Tandon,Pooja Tandon
1207,15962,9223,C. Sangha,Chandran Sangha
549,15968,9225,Isaan Atwal,Ishaan Atwal
494,15974,9226,U. Tella,Upasna Tella
396,15976,9228,Yuwraj Dora,Yuvraj Dora
490,15979,9230,Nathaniel Ram,Nathaniel Ram
676,15981,9231,L Raja,Lucky Raja
347,15982,9231,Dalbir Oommen,Dalbir Oommen
55,15984,9232,Aayush Badal,Aayush Badal
494,15985,9233,Upasna Tella,Upasna Tella
996,15987,9234,Tanay Mammen,Tanay Mammen
723,15988,9234,Ayush Swamy,Ayush Swamy
594,15995,9238,B Chhabra,Bachittar Chhabra
1159,15996,9239,R. Singhal,Rudra Singhal
1352,15999,9241,Gopal Hans,Gopal Hans
1604,16002,9242,K Bhakta,Karan Bhakta
83,16004,9244,Vincent Virk,Vincent Virk
1423,16006,9246,Iswar Parek,Ishwar Parekh
1207,16008,9247,C. Sangha,Chandran Sangha
1612,16009,9247,Tanay Dhar,Tanay Dhar
1033,16012,9250,Qabil Sarkar,Qabil Sarkar
1646,16013,9251,Pooja Tandon,Pooja Tandon
1308,16014,9251,L Srinivas,Lakshit Srinivas
55,16017,9252,Aayush Badal,Aayush Badal
466,16018,9252,Laban Hans,Laban Hans
1264,16019,9253,Pranav Gola,Pranav Gola
1473,16022,9253,L. Bhattacharyya,Logan Bhattacharyya
352,16025,9255,Gaurang Kari,Gaurang Kari
1326,16029,9256,E. Narayanan,Ekaraj Narayanan
1601,16035,9260,Sarthak Patil,Sarthak Patil
498,16037,9261,Gautam Bhakta,Gautam Bhakta
498,16041,9264,Gautam Bhakta,Gautam Bhakta
1612,16045,9266,Tanay Dhar,Tanay Dhar
1587,16046,9267,Dev Natt,Dev Natt
1159,16048,9268,R. Singhal,Rudra Singhal
1676,16051,9270,F. Sawhney,Finn Sawhney
1326,16052,9270,Ekaraj Narayanan,Ekaraj Narayanan
1125,16055,9272,U Rajagopalan,Utkarsh Rajagopalan
1399,16056,9272,W. Baria,William Baria
61,16057,9273,Zayan Bal,Zayan Bal
1063,16063,9277,F. Raj,Faqid Raj
549,16064,9278,Ishaan Atwal,Ishaan Atwal
1098,16065,9278,T Agarwal,Triveni Agarwal
396,16067,9280,Yuvraj Dora,Yuvraj Dora
780,16069,9282,Onveer Panchal,Onveer Panchal
1781,16072,9284,W Badal,Wazir Badal
676,16076,9287,L. Raja,Lucky Raja
1724,16077,9287,Z Virk,Zayyan Virk
1544,16078,9288,Laban Kala,Laban Kala
1646,16082,9290,Pooja Tandon,Pooja Tandon
723,16088,9292,Ayus Swamy,Ayush Swamy
661,16091,9293,P. Madan,Parth Madan
498,16095,9295,G. Bhakta,Gautam Bhakta
1325,16099,9298,Agastya Randhawa,Agastya Randhawa
549,16100,9298,Ishaan Atwal,Ishaan Atwal
1513,16101,9298,Hites Chander,Hitesh Chander
293,16104,9301,R. Lad,Rachit Lad
1499,16107,9302,Yosita Nazaret,Yoshita Nazareth
1102,16109,9303,Ans Wali,Ansh Wali
490,16110,9303,Nataniel Ram,Nathaniel Ram
552,16119,9309,Bhawika Sami,Bhavika Sami
1098,16124,9312,Triweni Agarwal,Triveni Agarwal
1057,16131,9316,W. Pandey,Wazir Pandey
70,16138,9320,Nathan Gaba,Nathan Gaba
549,16140,9321,I Atwal,Ishaan Atwal
956,16141,9322,G Cheema,Girik Cheema
500,16142,9323,Harsh Badami,Harsh Badami
1215,16143,9324,E Chaudhry,Eiravati Chaudhry
1650,16149,9328,Leena Natarajan,Leena Natarajan
704,16152,9329,Karan Kashyap,Karan Kashyap
729,16155,9332,S Halder,Samar Halder
1308,16156,9333,Lakshit Srinivas,Lakshit Srinivas
989,16160,9336,B. Ramesh,Balvan Ramesh
293,16161,9336,Rachit Lad,Rachit Lad
218,16167,9341,Tristan Bhargava,Tristan Bhargava
956,16168,9342,Girik Chima,Girik Cheema
293,16171,9344,Rachit Lad,Rachit Lad
1308,16173,9345,Lakshit Srinivas,Lakshit Srinivas
1587,16178,9347,D Natt,Dev Natt
121,16186,9352,R Rattan,Rishi Rattan
1164,16187,9353,N. Sankar,Noah Sankar
1302,16191,9356,Peter Taneja,Peter Taneja
309,16193,9357,Upkaar Rajagopal,Upkaar Rajagopal
1685,16199,9359,W Nazareth,Wazir Nazareth
1164,16201,9360,N. Sankar,Noah Sankar
1385,16202,9360,Ranbir Madan,Ranbir Madan
1323,16203,9360,L. Misra,Logan Misra
1074,16206,9362,Veer Shan,Veer Shan
723,16210,9366,A. Swamy,Ayush Swamy
878,16217,9370,R. Kadakia,Ryan Kadakia
1057,16226,9376,Wazir Pandey,Wazir Pandey
1125,16227,9377,U. Rajagopalan,Utkarsh Rajagopalan
996,16229,9378,Tanay Mammen,Tanay Mammen
218,16230,9379,T. Bhargava,Tristan Bhargava
218,16231,9380,Tristan Bhargawa,Tristan Bhargava
571,16234,9381,Elijah Narayan,Elijah Narayan
1685,16237,9382,W Nazareth,Wazir Nazareth
1325,16238,9382,A. Randhawa,Agastya Randhawa
1323,16239,9382,L Misra,Logan Misra
330,16240,9383,Veer Misra,Veer Misra
352,16241,9383,Gaurang Kari,Gaurang Kari
974,16242,9384,E Ramesh,Elijah Ramesh
821,16245,9385,Ekansh Bir,Ekansh Bir
55,16246,9386,Aayush Badal,Aayush Badal
1154,16247,9387,Dhriti Kala,Dhriti Kala
559,16249,9388,Etan saraf,Ethan Sharaf
77,16253,9389,Caleb Kaul,Caleb Kaul
396,16254,9390,Y. Dora,Yuvraj Dora
1644,16258,9391,Wyatt Kumer,Wyatt Kumer
703,16267,9397,Tarak Sidhu,Tarak Sidhu
723,16268,9398,A Swamy,Ayush Swamy
1207,16270,9400,Chandran Sangha,Chandran Sangha
1308,16271,9401,Lakshit Srinivas,Lakshit Srinivas
1302,16272,9401,P Taneja,Peter Taneja
70,16274,9401,Nathan Gaba,Nathan Gaba
821,16276,9403,Ekansh Bir,Ekansh Bir
549,16277,9403,I Atwal,Ishaan Atwal
1475,16280,9405,Qarin Narayn,Qarin Narain
751,16281,9405,Farhan Goel,Farhan Goel
571,16283,9407,Elijah Narayan,Elijah Narayan
1386,16296,9412,wiraj Vaydya,Viraj Vaidya
121,16299,9415,Risi Rattan,Rishi Rattan
55,16302,9417,A Badal,Aayush Badal
1423,16304,9418,I Parekh,Ishwar Parekh
1159,16311,9421,R Singhal,Rudra Singhal
1100,16315,9424,Advaith Goyal,Advaith Goyal
1207,16317,9425,Chandran Sangha,Chandran Sangha
825,16318,9426,Gawin Konda,Gavin Konda
83,16320,9427,V Virk,Vincent Virk
552,16325,9429,Bhavika Sami,Bhavika Sami
1220,16327,9430,Azad Saxena,Azad Saxena
878,16331,9433,R Kadakia,Ryan Kadakia
617,16333,9435,Mason Agarwal,Mason Agarwal
1100,16337,9438,Advaith Goyal,Advaith Goyal
119,16338,9438,Yug Korpal,Yug Korpal
29,16340,9440,C Kala,Caleb Kala
121,16342,9441,R. Rattan,Rishi Rattan
366,16343,9441,R. Mangat,Rachit Mangat
1325,16346,9442,A. Randhawa,Agastya Randhawa
1202,16347,9443,T Parsa,Tejas Parsa
1057,16352,9446,W Pandey,Wazir Pandey
1055,16353,9447,T Lall,Timothy Lall
330,16355,9449,Veer Misra,Veer Misra
365,16358,9451,I Lanka,Imaran Lanka
498,16362,9453,Gautam Bhakta,Gautam Bhakta
136,16365,9454,W Murty,Wridesh Murty
55,16369,9456,Aayush Badal,Aayush Badal
1633,16373,9458,C. Hegde,Chakradev Hegde
55,16378,9463,A. Badal,Aayush Badal
121,16380,9464,R Rattan,Rishi Rattan
136,16384,9466,Wridesh Murty,Wridesh Murty
1100,16385,9466,Advaith Goyal,Advaith Goyal
1022,16386,9466,Isaiah Khare,Isaiah Khare
1215,16391,9469,Eiravati Chaudhry,Eiravati Chaudhry
1781,16392,9470,Wazir Badal,Wazir Badal
677,16393,9471,Jatin ummen,Jatin Oommen
677,16394,9472,J. Oommen,Jatin Oommen
330,16395,9472,Veer Misra,Veer Misra
571,16398,9473,Elijah Narayan,Elijah Narayan
1074,16400,9475,Veer Shan,Veer Shan
1587,16407,9477,Dev Natt,Dev Natt
1323,16410,9479,L. Misra,Logan Misra
723,16412,9480,Ayus Swamy,Ayush Swamy
1604,16414,9480,K. Bhakta,Karan Bhakta
83,16416,9481,Vincent Virk,Vincent Virk
1612,16418,9482,Tanay Dhar,Tanay Dhar
1102,16423,9484,Ansh Wali,Ansh Wali
396,16425,9486,Yuwraj Dora,Yuvraj Dora
347,16429,9489,D. Oommen,Dalbir Oommen
1685,16432,9490,Wazir Nazaret,Wazir Nazareth
420,16437,9493,K. Toor,Krishna Toor
617,16438,9494,Mason Agarwal,Mason Agarwal
1587,16442,9496,Dew Natt,Dev Natt
552,16443,9497,Bhavika Sami,Bhavika Sami
633,16445,9497,Zashil Shukla,Zashil Shukla
347,16446,9498,D. Oommen,Dalbir Oommen
1125,16454,9503,Utkars Rajagopalan,Utkarsh Rajagopalan
396,16457,9505,Y Dora,Yuvraj Dora
1057,16462,9509,Wazir Pandey,Wazir Pandey
136,16464,9510,Wrides Murty,Wridesh Murty
878,16465,9510,Ryan Kadakia,Ryan Kadakia
1685,16468,9512,Wazir Nazareth,Wazir Nazareth
416,16470,9513,Robert More,Robert More
1308,16471,9513,L Srinivas,Lakshit Srinivas
996,16474,9515,T. Mammen,Tanay Mammen
926,16480,9517,Isaac Shan,Isaac Shan
1022,16481,9517,Isayah kare,Isaiah Khare
1732,16484,9519,R. Bhatti,Rehaan Bhatti
1781,16487,9520,Wazir Badal,Wazir Badal
540,16492,9523,D. Sastry,Daniel Sastry
1357,16496,9525,Om Boase,Om Boase
677,16500,9528,Jatin Oommen,Jatin Oommen
1432,16503,9530,N. Mukherjee,Naksh Mukherjee
396,16504,9531,Y Dora,Yuvraj Dora
571,16507,9533,Elijah Narayan,Elijah Narayan
121,16517,9541,Rishi Rattan,Rishi Rattan
1056,16518,9541,Rachit Yogi,Rachit Yogi
821,16527,9548,E Bir,Ekansh Bir
1013,16528,9549,G Sule,George Sule
1164,16530,9549,Noah Sankar,Noah Sankar
407,16531,9550,O Toor,Oliver Toor
352,16532,9551,Gaurang Kari,Gaurang Kari
770,16536,9552,Guneet Suresh,Guneet Suresh
723,16537,9552,Ayus Swamy,Ayush Swamy
885,16538,9553,N. Agrawal,Nicholas Agrawal
1220,16539,9553,A Saxena,Azad Saxena
1164,16540,9554,Noah Sankar,Noah Sankar
1563,16542,9555,Harrison Modi,Harrison Modi
352,16555,9562,Gaurang Kari,Gaurang Kari
420,16556,9562,K Toor,Krishna Toor
1734,16572,9572,H. Bhavsar,Harshil Bhavsar
571,16573,9572,E. Narayan,Elijah Narayan
549,16575,9574,Ishaan Atwal,Ishaan Atwal
70,16576,9575,N Gaba,Nathan Gaba
330,16580,9576,V. Misra,Veer Misra
293,16587,9582,Rachit Lad,Rachit Lad
1323,16593,9586,L Misra,Logan Misra
1220,16594,9587,Azad Saxena,Azad Saxena
1685,16595,9588,W. Nazareth,Wazir Nazareth
996,16596,9589,Tanay Mammen,Tanay Mammen
878,16597,9589,Ryan Kadakia,Ryan Kadakia
1043,16601,9591,Michael Sarkar,Michael Sarkar
704,16608,9594,Karan Kashyap,Karan Kashyap
1385,16616,9600,Ranbir Madan,Ranbir Madan
878,16619,9601,Ryan Kadakia,Ryan Kadakia
1325,16620,9602,Agastya Randhawa,Agastya Randhawa
450,16622,9604,Tristan Johal,Tristan Johal
1337,16627,9606,George Bali,George Bali
617,16628,9607,Mason Agarwal,Mason Agarwal
500,16630,9607,H. Badami,Harsh Badami
1074,16632,9608,V. Shan,Veer Shan
1587,16633,9609,D Natt,Dev Natt
1159,16637,9611,R Singhal,Rudra Singhal
878,16638,9612,R Kadakia,Ryan Kadakia
55,16640,9614,Aayush Badal,Aayush Badal
1733,16642,9615,C. Sangha,Chaitanya Sangha
1102,16643,9616,Ansh Wali,Ansh Wali
878,16644,9617,Ryan Kadakia,Ryan Kadakia
83,16645,9618,V Virk,Vincent Virk
1473,16648,9618,Logan Bhattacharyya,Logan Bhattacharyya
1423,16649,9619,Ishwar Parekh,Ishwar Parekh
498,16651,9620,Gautam Bhakta,Gautam Bhakta
83,16654,9621,Vincent Virk,Vincent Virk
1604,16658,9624,Karan Bhakta,Karan Bhakta
1302,16662,9625,Peter Taneja,Peter Taneja
1473,16667,9629,Logan Bhattacharyya,Logan Bhattacharyya
219,16669,9629,S Swaminathan,Shivansh Swaminathan
723,16674,9631,Ayus Swamy,Ayush Swamy
396,16675,9631,Y Dora,Yuvraj Dora
974,16684,9636,Elijah Rames,Elijah Ramesh
56,16685,9637,Onkar Ravi,Onkar Ravi
420,16690,9639,K Toor,Krishna Toor
494,16693,9640,Upasna Tella,Upasna Tella
218,16696,9643,T. Bhargava,Tristan Bhargava
1432,16697,9643,Naks Mukerjee,Naksh Mukherjee
1399,16698,9644,William Baria,William Baria
1432,16700,9645,Naks Mukherji,Naksh Mukherjee
676,16702,9647,L. Raja,Lucky Raja
1070,16704,9647,A Agate,Abhiram Agate
490,16714,9653,Nathaniel Ram,Nathaniel Ram
1159,16715,9653,Rudra Singhal,Rudra Singhal
716,16720,9655,D. Chahal,Daniel Chahal
121,16722,9657,Rishi Rattan,Rishi Rattan
330,16728,9660,Veer Misra,Veer Misra
1057,16732,9661,Wazir Pandey,Wazir Pandey
330,16733,9662,weer Misra,Veer Misra
1215,16737,9663,Eiravati Chaudhry,Eiravati Chaudhry
1159,16738,9664,Rudra Singhal,Rudra Singhal
723,16748,9669,A. Swamy,Ayush Swamy
885,16752,9672,Nicholas Agrawal,Nicholas Agrawal
1326,16755,9672,Ekaraj Narayanan,Ekaraj Narayanan
1370,16759,9675,Aarna Singh,Aarna Singh
821,16760,9675,Ekans Bir,Ekansh Bir
500,16761,9676,H Badami,Harsh Badami
322,16763,9677,Quincy Dalal,Quincy Dalal
1022,16764,9678,I Khare,Isaiah Khare
1102,16769,9680,A Wali,Ansh Wali
552,16770,9681,B. Sami,Bhavika Sami
472,16776,9683,Gabriel Ben,Gabriel Ben
677,16779,9686,Jatin Oommen,Jatin Oommen
559,16784,9689,E Sharaf,Ethan Sharaf
913,16786,9690,Praneel Borra,Praneel Borra
1056,16787,9690,Rachit Yogi,Rachit Yogi
347,16788,9691,D. Oommen,Dalbir Oommen
293,16790,9693,R Lad,Rachit Lad
1302,16791,9694,P Taneja,Peter Taneja
1553,16799,9699,U Venkataraman,Umang Venkataraman
218,16801,9699,T Bhargava,Tristan Bhargava
571,16804,9701,E. Narayan,Elijah Narayan
1207,16806,9703,C. Sangha,Chandran Sangha
1524,16807,9703,O Wali,Onveer Wali
878,16815,9706,Ryan Kadakia,Ryan Kadakia
1399,16816,9707,William Baria,William Baria
380,16817,9708,Gaurav Dugar,Gaurav Dugar
396,16826,9713,Yuwraj Dora,Yuvraj Dora
293,16829,9715,Rachit Lad,Rachit Lad
1385,16837,9719,R Madan,Ranbir Madan
83,16840,9721,V Virk,Vincent Virk
1043,16844,9724,M. Sarkar,Michael Sarkar
571,16845,9724,E Narayan,Elijah Narayan
1022,16846,9724,Isayah kare,Isaiah Khare
29,16848,9725,C. Kala,Caleb Kala
293,16849,9726,Rachit Lad,Rachit Lad
1189,16853,9729,S. Anand,Sachi Anand
942,16855,9730,C Tripathi,Champak Tripathi
1399,16856,9730,W Baria,William Baria
264,16857,9731,G. Aurora,Guneet Aurora
718,16862,9734,Andrew Bandi,Andrew Bandi
452,16866,9735,J Sampath,Jackson Sampath
676,16870,9738,Lucky Raja,Lucky Raja
494,16877,9741,Upasna Tella,Upasna Tella
89,16878,9741,M. Kapadia,Manan Kapadia
677,16880,9742,Jatin ummen,Jatin Oommen
571,16881,9743,Elijah Narayan,Elijah Narayan
676,16883,9744,L Raja,Lucky Raja
956,16884,9745,Girik Cheema,Girik Cheema
1043,16885,9746,Michael Sarkar,Michael Sarkar
1399,16886,9747,W Baria,William Baria
1460,16888,9747,U. Randhawa,Udarsh Randhawa
1308,16889,9748,L. Srinivas,Lakshit Srinivas
885,16894,9751,Nicholas Agrawal,Nicholas Agrawal
882,16896,9753,Reyans Vaydya,Reyansh Vaidya
396,16897,9753,Y Dora,Yuvraj Dora
974,16904,9756,E. Ramesh,Elijah Ramesh
1181,16905,9757,Darpan Panchal,Darpan Panchal
878,16910,9761,Ryan Kadakia,Ryan Kadakia
1215,16912,9761,E Chaudhry,Eiravati Chaudhry
1308,16918,9764,Laksit Sriniwas,Lakshit Srinivas
347,16920,9765,D Oommen,Dalbir Oommen
720,16926,9768,Charles Iyer,Charles Iyer
1604,16928,9770,Karan Bhakta,Karan Bhakta
996,16930,9771,T Mammen,Tanay Mammen
218,16933,9773,Tristan Bhargava,Tristan Bhargava
1220,16934,9774,A. Saxena,Azad Saxena
552,16935,9775,B. Sami,Bhavika Sami
617,16936,9775,Mason Agarwal,Mason Agarwal
1423,16938,9777,Iswar Parek,Ishwar Parekh
347,16940,9778,D Oommen,Dalbir Oommen
566,16942,9780,A. Ravel,Arjun Ravel
840,16944,9782,Praneel Nadig,Praneel Nadig
1265,16949,9786,R Butala,Reyansh Butala
1159,16951,9787,Rudra Singhal,Rudra Singhal
1056,16956,9789,Rachit Yogi,Rachit Yogi
1207,16962,9793,Chandran Sangha,Chandran Sangha
1432,16963,9794,N. Mukherjee,Naksh Mukherjee
723,16965,9795,Ayush Swamy,Ayush Swamy
1308,16967,9796,Lakshit Srinivas,Lakshit Srinivas
821,16972,9798,Ekansh Bir,Ekansh Bir
1650,16976,9799,Lina Natarajan,Leena Natarajan
1323,16977,9800,Logan Misra,Logan Misra
1516,16982,9801,Jatin Divan,Jatin Divan
1777,16984,9803,Zilmil Prashad,Zilmil Prashad
1351,16986,9805,M Kakar,Michael Kakar
420,16987,9806,Krishna Toor,Krishna Toor
1612,16990,9808,Tanay Dhar,Tanay Dhar
494,16991,9808,U. Tella,Upasna Tella
1102,16995,9810,Ans Wali,Ansh Wali
415,16996,9810,V Sarma,Vihaan Sarma
490,17003,9814,N Ram,Nathaniel Ram
55,17004,9814,A. Badal,Aayush Badal
1074,17009,9817,Veer Shan,Veer Shan
974,17012,9819,E Ramesh,Elijah Ramesh
218,17016,9820,T. Bhargava,Tristan Bhargava
498,17019,9822,Gautam Bhakta,Gautam Bhakta
552,17020,9823,Bhavika Sami,Bhavika Sami
50,17024,9825,G Kala,Gopal Kala
1685,17027,9828,W. Nazareth,Wazir Nazareth
677,17028,9828,Jatin Oommen,Jatin Oommen
1164,17029,9829,Noah Sankar,Noah Sankar
1650,17033,9832,Lina Natarajan,Leena Natarajan
1057,17034,9832,Wazir Pandey,Wazir Pandey
571,17035,9833,E Narayan,Elijah Narayan
494,17036,9834,U. Tella,Upasna Tella
1098,17038,9835,Triveni Agarwal,Triveni Agarwal
549,17042,9836,I Atwal,Ishaan Atwal
348,17043,9837,Ojas Maharaj,Ojas Maharaj
549,17046,9838,Ishaan Atwal,Ishaan Atwal
878,17047,9839,R Kadakia,Ryan Kadakia
420,17049,9840,Krishna Toor,Krishna Toor
885,17050,9840,N. Agrawal,Nicholas Agrawal
549,17051,9841,Ishaan Atwal,Ishaan Atwal
136,17053,9843,Wridesh Murty,Wridesh Murty
1056,17058,9845,Rachit Yogi,Rachit Yogi
1043,17063,9849,M Sarkar,Michael Sarkar
16,17066,9851,Zashil Sem,Zashil Sem
490,17067,9851,Nathaniel Ram,Nathaniel Ram
997,17068,9852,Pranil Manda,Praneel Manda
836,17078,9860,K. Bumb,Kevin Bumb
101,17083,9863,Elijah Lata,Elijah Lata
1043,17084,9864,M Sarkar,Michael Sarkar
1604,17087,9866,K Bhakta,Karan Bhakta
1022,17092,9870,Isaiah Khare,Isaiah Khare
1100,17093,9871,Adwaith Goyal,Advaith Goyal
1685,17098,9874,Wazir Nazareth,Wazir Nazareth
330,17100,9875,Vir Misra,Veer Misra
1473,17101,9875,Logan Bhattacharyya,Logan Bhattacharyya
1125,17105,9878,U. Rajagopalan,Utkarsh Rajagopalan
1100,17106,9879,A. Goyal,Advaith Goyal
1323,17114,9884,L Misra,Logan Misra
1215,17117,9886,Eiravati Chaudhry,Eiravati Chaudhry
553,17118,9886,Thomas Parmar,Thomas Parmar
1326,17126,9891,Ekaraj Narayanan,Ekaraj Narayanan
704,17127,9892,Karan Kashyap,Karan Kashyap
70,17128,9893,Natan Gaba,Nathan Gaba
1646,17129,9893,P. Tandon,Pooja Tandon
498,17131,9893,G Bhakta,Gautam Bhakta
1193,17133,9894,A. Maharaj,Aarnav Maharaj
1146,17135,9896,Henry Muni,Henry Muni
723,17139,9899,A Swamy,Ayush Swamy
878,17144,9903,R. Kadakia,Ryan Kadakia
549,17146,9904,I Atwal,Ishaan Atwal
549,17150,9906,Isaan Atwal,Ishaan Atwal
1057,17151,9907,Wazir Pandey,Wazir Pandey
420,17152,9908,K. Toor,Krishna Toor
1089,17153,9909,I. Bhavsar,Isaac Bhavsar
1070,17154,9909,A Agate,Abhiram Agate
1452,17155,9909,P Sagar,Pranav Sagar
552,17156,9909,B. Sami,Bhavika Sami
828,17159,9911,Nakul Pandya,Nakul Pandya
1399,17160,9911,William Baria,William Baria
1043,17161,9912,Michael Sarkar,Michael Sarkar
121,17162,9913,Risi Rattan,Rishi Rattan
1423,17165,9914,I Parekh,Ishwar Parekh
1089,17166,9915,Isaac Bhavsar,Isaac Bhavsar
55,17169,9916,A. Badal,Aayush Badal
1423,17172,9919,Iswar Parek,Ishwar Parekh
1215,17173,9920,E. Chaudhry,Eiravati Chaudhry
1473,17174,9920,Logan Bhattacharyya,Logan Bhattacharyya
1604,17175,9920,Karan Bhakta,Karan Bhakta
1781,17178,9921,Wazir Badal,Wazir Badal
1057,17182,9922,W. Pandey,Wazir Pandey
740,17184,9923,G. Sarma,Gaurav Sarma
885,17185,9923,Nicholas Agrawal,Nicholas Agrawal
1432,17186,9924,Naks Mukherji,Naksh Mukherjee
55,17188,9925,Aayush Badal,Aayush Badal
218,17189,9926,Tristan Bhargawa,Tristan Bhargava
1164,17194,9930,N. Sankar,Noah Sankar
1022,17196,9931,Isayah kare,Isaiah Khare
1251,17198,9932,T Lal,Tanish Lal
1323,17200,9933,L Misra,Logan Misra
1022,17206,9936,I Khare,Isaiah Khare
1587,17207,9937,Dev Natt,Dev Natt
498,17208,9937,G Bhakta,Gautam Bhakta
396,17213,9939,Y Dora,Yuvraj Dora
1056,17216,9939,R Yogi,Rachit Yogi
1612,17219,9942,T Dhar,Tanay Dhar
549,17222,9944,Isaan Atwal,Ishaan Atwal
352,17224,9945,Gaurang Kari,Gaurang Kari
1074,17230,9949,Vir san,Veer Shan
1164,17233,9950,N. Sankar,Noah Sankar
1650,17234,9951,Leena Natarajan,Leena Natarajan
1102,17240,9955,A Wali,Ansh Wali
1220,17242,9955,Azad Saxena,Azad Saxena
1125,17244,9956,Utkarsh Rajagopalan,Utkarsh Rajagopalan
956,17245,9957,Girik Cheema,Girik Cheema
1091,17246,9958,A. Chadha,Ansh Chadha
1612,17252,9963,T. Dhar,Tanay Dhar
759,17257,9965,A. Sheth,Aadi Sheth
1238,17264,9969,Zashil Bhatia,Zashil Bhatia
1220,17265,9969,A Saxena,Azad Saxena
120,17266,9970,Abir Bhasin,Abeer Bhasin
996,17270,9973,Tanay Mammen,Tanay Mammen
1473,17272,9973,L. Bhattacharyya,Logan Bhattacharyya
218,17275,9974,T Bhargava,Tristan Bhargava
234,17282,9977,Urvasi Gandhi,Urvashi Gandhi
1089,17285,9979,I Bhavsar,Isaac Bhavsar
494,17286,9980,Upasna Tella,Upasna Tella
676,17287,9981,L. Raja,Lucky Raja
676,17288,9982,Lucky Raja,Lucky Raja
1587,17290,9982,D Natt,Dev Natt
996,17291,9983,T Mammen,Tanay Mammen
1074,17295,9986,Veer Shan,Veer Shan
1308,17300,9989,L Srinivas,Lakshit Srinivas
407,17302,9990,Oliver Toor,Oliver Toor
1646,17310,9993,P Tandon,Pooja Tandon
500,17315,9996,Harsh Badami,Harsh Badami
330,17318,9999,Veer Misra,Veer Misra
500,17324,10004,Harsh Badami,Harsh Badami
723,17331,10007,Ayush Swamy,Ayush Swamy
1473,17332,10007,Logan Bhattacharyya,Logan Bhattacharyya
676,17334,10008,L Raja,Lucky Raja
821,17336,10009,Ekans Bir,Ekansh Bir
498,17339,10011,G Bhakta,Gautam Bhakta
420,17340,10012,K. Toor,Krishna Toor
1125,17342,10012,U Rajagopalan,Utkarsh Rajagopalan
1382,17343,10013,Nihal Sankar,Nihal Sankar
1473,17344,10014,Logan Bhattacharyya,Logan Bhattacharyya
1706,17345,10015,O. Murty,Oscar Murty
1006,17355,10020,H. Deep,Hemal Deep
704,17356,10020,Karan Kasyap,Karan Kashyap
1056,17358,10021,Rachit Yogi,Rachit Yogi
249,17359,10021,Peter Sangha,Peter Sangha
1302,17360,10022,P. Taneja,Peter Taneja
389,17373,10029,Gunit Sarma,Guneet Sarma
1432,17375,10031,N. Mukherjee,Naksh Mukherjee
1173,17376,10032,Harita Nadig,Harita Nadig
66,17377,10033,N Dar,Nitesh Dar
1056,17379,10034,Rachit Yogi,Rachit Yogi
996,17380,10035,T. Mammen,Tanay Mammen
1604,17390,10040,Karan Bhakta,Karan Bhakta
1423,17391,10041,Iswar Parek,Ishwar Parekh
559,17392,10042,E Sharaf,Ethan Sharaf
352,17393,10042,Gaurang Kari,Gaurang Kari
420,17399,10045,Krishna Toor,Krishna Toor
1587,17401,10047,D. Natt,Dev Natt
676,17402,10047,Lucky Raja,Lucky Raja
330,17409,10053,Veer Misra,Veer Misra
552,17412,10053,B Sami,Bhavika Sami
677,17421,10058,J Oommen,Jatin Oommen
420,17423,10059,K. Toor,Krishna Toor
1473,17424,10059,L Bhattacharyya,Logan Bhattacharyya
566,17425,10059,Arjun Ravel,Arjun Ravel
218,17426,10059,Tristan Bhargava,Tristan Bhargava
135,17439,10066,G. Sharma,Girindra Sharma
218,17440,10067,T. Bhargava,Tristan Bhargava
330,17444,10071,Veer Misra,Veer Misra
704,17445,10072,Karan Kashyap,Karan Kashyap
136,17448,10074,W Murty,Wridesh Murty
500,17451,10076,Harsh Badami,Harsh Badami
1137,17456,10080,Yash Narasimhan,Yash Narasimhan
1207,17460,10083,C Sangha,Chandran Sangha
1325,17461,10083,Agastya Randhawa,Agastya Randhawa
500,17463,10084,Harsh Badami,Harsh Badami
549,17464,10084,Ishaan Atwal,Ishaan Atwal
956,17466,10086,Girik Cheema,Girik Cheema
70,17467,10087,N. Gaba,Nathan Gaba
1323,17468,10087,L. Misra,Logan Misra
1308,17470,10087,Lakshit Srinivas,Lakshit Srinivas
407,17472,10089,O. Toor,Oliver Toor
352,17484,10096,Gaurang Kari,Gaurang Kari
121,17485,10097,R. Rattan,Rishi Rattan
1056,17487,10098,R Yogi,Rachit Yogi
1646,17488,10099,Pooja Tandon,Pooja Tandon
1399,17489,10099,William Baria,William Baria
1043,17498,10104,Michael Sarkar,Michael Sarkar
1089,17499,10104,Isaac Bhavsar,Isaac Bhavsar
1432,17500,10104,N Mukherjee,Naksh Mukherjee
677,17502,10105,Jatin ummen,Jatin Oommen
1070,17504,10105,A. Agate,Abhiram Agate
1057,17505,10106,Wazir Pandey,Wazir Pandey
1100,17506,10106,A. Goyal,Advaith Goyal
1102,17508,10108,Ansh Wali,Ansh Wali
1326,17509,10109,Ekaraj Narayanan,Ekaraj Narayanan
1399,17514,10113,William Baria,William Baria
420,17529,10122,Krisna Tur,Krishna Toor
1074,17530,10123,V. Shan,Veer Shan
352,17536,10128,G Kari,Gaurang Kari
821,17542,10129,E. Bir,Ekansh Bir
1308,17543,10130,L. Srinivas,Lakshit Srinivas
885,17547,10133,N. Agrawal,Nicholas Agrawal
136,17553,10138,W. Murty,Wridesh Murty
878,17555,10139,R Kadakia,Ryan Kadakia
1098,17559,10141,Triveni Agarwal,Triveni Agarwal
1043,17561,10141,Michael Sarkar,Michael Sarkar
549,17562,10141,I. Atwal,Ishaan Atwal
571,17564,10142,E. Narayan,Elijah Narayan
1323,17573,10148,Logan Misra,Logan Misra
520,17579,10152,J. Thaker,Jack Thaker
1323,17582,10154,L Misra,Logan Misra
1650,17583,10155,Leena Natarajan,Leena Natarajan
121,17584,10155,R Rattan,Rishi Rattan
330,17586,10156,V Misra,Veer Misra
1015,17588,10156,Isaan Kala,Ishaan Kala
1761,17596,10162,Rudra Bava,Rudra Bava
1646,17605,10167,Pooja Tandon,Pooja Tandon
996,17610,10171,T. Mammen,Tanay Mammen
731,17612,10171,I. Walla,Isaac Walla
1030,17614,10172,Irya Taneja,Irya Taneja
396,17615,10173,Y. Dora,Yuvraj Dora
974,17618,10174,E. Ramesh,Elijah Ramesh
70,17622,10177,Nathan Gaba,Nathan Gaba
136,17627,10180,Wrides Murty,Wridesh Murty
677,17628,10181,Jatin Oommen,Jatin Oommen
396,17630,10181,Yuwraj Dora,Yuvraj Dora
1587,17636,10187,Dew Natt,Dev Natt
293,17640,10189,R. Lad,Rachit Lad
1220,17644,10191,Azad Saxena,Azad Saxena
1646,17647,10193,Pooja Tandon,Pooja Tandon
785,17648,10194,Orinder Ahuja,Orinder Ahuja
1220,17649,10194,Azad Saxena,Azad Saxena
1225,17650,10195,Brijes Parmar,Brijesh Parmar
956,17652,10197,Girik Chima,Girik Cheema
676,17653,10197,Lucky Raja,Lucky Raja
1326,17657,10200,Ekaraj Narayanan,Ekaraj Narayanan
490,17659,10201,Nataniel Ram,Nathaniel Ram
1070,17661,10202,A Agate,Abhiram Agate
1432,17662,10203,Naks Mukerjee,Naksh Mukherjee
974,17665,10205,E Ramesh,Elijah Ramesh
1043,17672,10209,Michael Sarkar,Michael Sarkar
347,17674,10210,Dalbir Oommen,Dalbir Oommen
396,17681,10215,Y Dora,Yuvraj Dora
494,17689,10221,Upasna Tella,Upasna Tella
490,17690,10222,N. Ram,Nathaniel Ram
347,17691,10223,Dalbir Oommen,Dalbir Oommen
1074,17692,10224,V Shan,Veer Shan
498,17696,10226,Gautam Bhakta,Gautam Bhakta
347,17697,10227,D Oommen,Dalbir Oommen
974,17704,10230,Elijah Rames,Elijah Ramesh
1220,17711,10236,Azad Saxena,Azad Saxena
293,17712,10236,Rachit Lad,Rachit Lad
1326,17713,10237,Ekaraj Narayanan,Ekaraj Narayanan
1302,17717,10240,Peter Taneja,Peter Taneja
1781,17721,10241,Wazir Badal,Wazir Badal
1308,17724,10243,Lakshit Srinivas,Lakshit Srinivas
494,17727,10246,Upasna Tella,Upasna Tella
1423,17729,10246,Ishwar Parekh,Ishwar Parekh
1070,17730,10247,A. Agate,Abhiram Agate
1022,17731,10248,Isaiah Khare,Isaiah Khare
723,17733,10250,Ayush Swamy,Ayush Swamy
1207,17736,10253,C. Sangha,Chandran Sangha
813,17742,10257,Ansh Verma,Ansh Verma
490,17743,10258,N Ram,Nathaniel Ram
127,17751,10263,Rushil Chaudhari,Rushil Chaudhari
1302,17754,10265,Peter Taneja,Peter Taneja
420,17755,10265,Krishna Toor,Krishna Toor
357,17756,10266,Hredhaan Memon,Hredhaan Memon
407,17759,10267,Oliver Toor,Oliver Toor
559,17763,10268,Ethan Sharaf,Ethan Sharaf
1432,17766,10270,Naksh Mukherjee,Naksh Mukherjee
55,17767,10271,A. Badal,Aayush Badal
1323,17771,10272,Logan Misra,Logan Misra
571,17772,10272,Elijah Narayan,Elijah Narayan
1325,17775,10274,Agastya Randhawa,Agastya Randhawa
1648,17779,10275,Praneel Mitter,Praneel Mitter
1710,17781,10277,Reyansh Kant,Reyansh Kant
617,17782,10278,M. Agarwal,Mason Agarwal
83,17783,10278,V Virk,Vincent Virk
1430,17787,10279,Guneet Korpal,Guneet Korpal
1399,17790,10281,William Baria,William Baria
571,17792,10282,E. Narayan,Elijah Narayan
1057,17794,10284,W. Pandey,Wazir Pandey
1385,17795,10285,R. Madan,Ranbir Madan
677,17797,10285,Jatin Oommen,Jatin Oommen
1552,17800,10286,C Ghosh,Christopher Ghosh
352,17804,10289,G Kari,Gaurang Kari
1164,17806,10290,Noah Sankar,Noah Sankar
1098,17807,10290,Triveni Agarwal,Triveni Agarwal
1612,17808,10290,Tanay Dhar,Tanay Dhar
1423,17812,10292,Ishwar Parekh,Ishwar Parekh
1612,17813,10293,Tanay Dhar,Tanay Dhar
825,17821,10297,Gawin Konda,Gavin Konda
1098,17823,10297,Triveni Agarwal,Triveni Agarwal
83,17826,10299,V Virk,Vincent Virk
143,17830,10301,I. Sabharwal,Ishwar Sabharwal
500,17832,10302,Hars Badami,Harsh Badami
1604,17834,10303,K. Bhakta,Karan Bhakta
559,17838,10306,E. Sharaf,Ethan Sharaf
1612,17841,10309,T Dhar,Tanay Dhar
1043,17844,10311,Michael Sarkar,Michael Sarkar
352,17845,10311,G Kari,Gaurang Kari
1159,17848,10313,R. Singhal,Rudra Singhal
878,17849,10313,Ryan Kadakia,Ryan Kadakia
1325,17850,10314,Agastya Randhawa,Agastya Randhawa
1004,17851,10314,Adway Gara,Advay Gara
352,17854,10315,Gaurang Kari,Gaurang Kari
83,17855,10316,V Virk,Vincent Virk
996,17865,10322,Tanay Mammen,Tanay Mammen
562,17871,10327,Liam Sampat,Liam Sampath
1070,17872,10328,A Agate,Abhiram Agate
549,17873,10329,I. Atwal,Ishaan Atwal
1587,17874,10330,D. Natt,Dev Natt
1774,17876,10332,M Chakraborty,Max Chakraborty
1100,17877,10333,Advait Goyal,Advaith Goyal
1043,17885,10337,Michael Sarkar,Michael Sarkar
1070,17888,10339,A Agate,Abhiram Agate
498,17889,10340,G. Bhakta,Gautam Bhakta
1187,17890,10341,M. Varty,Maanas Varty
617,17894,10345,Mason Agarwal,Mason Agarwal
617,17896,10346,M. Agarwal,Mason Agarwal
1432,17897,10346,Naksh Mukherjee,Naksh Mukherjee
566,17898,10346,Arjun Rawel,Arjun Ravel
677,17899,10347,Jatin ummen,Jatin Oommen
70,17901,10349,Nathan Gaba,Nathan Gaba
539,17908,10352,O Bhatt,Onkar Bhatt
1074,17912,10354,Veer Shan,Veer Shan
55,17921,10359,A. Badal,Aayush Badal
1125,17925,10361,U Rajagopalan,Utkarsh Rajagopalan
330,17927,10363,Veer Misra,Veer Misra
304,17933,10365,Balendra Comar,Balendra Comar
83,17941,10372,V Virk,Vincent Virk
1587,17945,10374,D Natt,Dev Natt
549,17951,10379,Isaan Atwal,Ishaan Atwal
723,17954,10380,A. Swamy,Ayush Swamy
1139,17956,10381,Zayan Yohannan,Zayan Yohannan
1022,17957,10382,I. Khare,Isaiah Khare
1022,17961,10384,Isaiah Khare,Isaiah Khare
878,17968,10388,Ryan Kadakia,Ryan Kadakia
1057,17971,10390,Wazir Pandey,Wazir Pandey
1089,17974,10393,Isaac Bhawsar,Isaac Bhavsar
1423,17975,10394,Ishwar Parekh,Ishwar Parekh
1781,17976,10394,Wazir Badal,Wazir Badal
996,17981,10397,Tanay Mammen,Tanay Mammen
494,17982,10398,Upasna Tella,Upasna Tella
11,17984,10399,Isaan Baral,Ishaan Baral
119,17988,10402,Yug Korpal,Yug Korpal
1098,17994,10405,Triveni Agarwal,Triveni Agarwal
500,17998,10406,Harsh Badami,Harsh Badami
931,17999,10407,Charles Ganes,Charles Ganesh
1624,18001,10408,L. Seth,Laban Seth
330,18006,10410,Vir Misra,Veer Misra
293,18012,10412,R. Lad,Rachit Lad
704,18017,10416,K. Kashyap,Karan Kashyap
938,18021,10418,Harish Sehgal,Harish Sehgal
494,18023,10419,Upasna Tella,Upasna Tella
1432,18027,10420,N. Mukherjee,Naksh Mukherjee
347,18028,10421,D Oommen,Dalbir Oommen
1215,18029,10422,Eiravati Chaudhry,Eiravati Chaudhry
617,18033,10425,Mason Agarwal,Mason Agarwal
1089,18037,10428,Isaac Bhawsar,Isaac Bhavsar
1022,18038,10428,I Khare,Isaiah Khare
1220,18039,10428,Azad Saxena,Azad Saxena
1022,18042,10430,I Khare,Isaiah Khare
500,18045,10432,Harsh Badami,Harsh Badami
1781,18046,10432,W. Badal,Wazir Badal
1612,18048,10433,T. Dhar,Tanay Dhar
974,18052,10435,E. Ramesh,Elijah Ramesh
1685,18053,10435,Wazir Nazareth,Wazir Nazareth
1057,18054,10436,Wazir Pandey,Wazir Pandey
677,18056,10438,Jatin Oommen,Jatin Oommen
136,18062,10442,Wridesh Murty,Wridesh Murty
1325,18065,10443,Agastya Randhawa,Agastya Randhawa
1587,18067,10444,Dew Natt,Dev Natt
1385,18069,10445,R Madan,Ranbir Madan
1215,18070,10446,E. Chaudhry,Eiravati Chaudhry
330,18071,10447,V Misra,Veer Misra
490,18073,10448,Nathaniel Ram,Nathaniel Ram
1612,18075,10449,T Dhar,Tanay Dhar
1215,18077,10450,Eirawati Chaudhry,Eiravati Chaudhry
1326,18083,10452,Ekaraj Narayanan,Ekaraj Narayanan
1057,18087,10454,Wazir Pandey,Wazir Pandey
229,18088,10454,Jonathan Sibal,Jonathan Sibal
956,18092,10456,G. Cheema,Girik Cheema
1650,18093,10457,Leena Natarajan,Leena Natarajan
1587,18096,10459,Dev Natt,Dev Natt
1399,18097,10459,W Baria,William Baria
108,18099,10461,P Oommen,Pratyush Oommen
996,18104,10463,T. Mammen,Tanay Mammen
1100,18107,10466,Advaith Goyal,Advaith Goyal
1070,18108,10466,Abhiram Agate,Abhiram Agate
293,18111,10467,Rachit Lad,Rachit Lad
956,18112,10467,G Cheema,Girik Cheema
597,18114,10468,Kabir Chad,Kabir Chad
727,18116,10469,E Varma,Ekavir Varma
1057,18125,10476,Wazir Pandey,Wazir Pandey
1385,18127,10477,R. Madan,Ranbir Madan
576,18131,10478,Yatin Varma,Yatin Varma
136,18132,10479,W. Murty,Wridesh Murty
974,18137,10480,Elijah Ramesh,Elijah Ramesh
403,18139,10480,Pavani Sastry,Pavani Sastry
212,18143,10484,Qushi Dass,Qushi Dass
1089,18144,10484,Isaac Bhawsar,Isaac Bhavsar
1215,18146,10486,Eiravati Chaudhry,Eiravati Chaudhry
1164,18147,10487,Noah Sankar,Noah Sankar
773,18148,10488,Wahab Peri,Wahab Peri
346,18154,10490,Rishi Dhar,Rishi Dhar
878,18157,10492,Ryan Kadakia,Ryan Kadakia
821,18158,10492,E. Bir,Ekansh Bir
1604,18159,10493,K. Bhakta,Karan Bhakta
1089,18161,10494,Isaac Bhavsar,Isaac Bhavsar
218,18163,10495,T Bhargava,Tristan Bhargava
1098,18171,10501,T. Agarwal,Triveni Agarwal
121,18178,10506,R. Rattan,Rishi Rattan
1089,18179,10506,I Bhavsar,Isaac Bhavsar
283,18185,10509,Sai Mangal,Sai Mangal
1604,18186,10510,Karan Bhakta,Karan Bhakta
55,18191,10512,A Badal,Aayush Badal
1180,18201,10517,U. Batra,Udarsh Batra
723,18206,10521,Ayush Swamy,Ayush Swamy
1300,18208,10523,Sai Loke,Sai Loke
117,18209,10524,A Prakash,Abhiram Prakash
1207,18214,10526,Chandran Sangha,Chandran Sangha
1220,18217,10528,Azad Saxena,Azad Saxena
1022,18219,10529,Isaiah Khare,Isaiah Khare
70,18220,10530,Natan Gaba,Nathan Gaba
549,18223,10531,I. Atwal,Ishaan Atwal
407,18225,10532,O. Toor,Oliver Toor
885,18228,10533,Nicholas Agrawal,Nicholas Agrawal
420,18232,10536,Krisna Tur,Krishna Toor
1440,18234,10538,Benjamin Borde,Benjamin Borde
1650,18237,10540,L Natarajan,Leena Natarajan
671,18244,10546,A Desai,Aarini Desai
885,18254,10553,Nicholas Agrawal,Nicholas Agrawal
1098,18255,10554,T Agarwal,Triveni Agarwal
498,18256,10555,G Bhakta,Gautam Bhakta
1326,18259,10556,E Narayanan,Ekaraj Narayanan
1399,18261,10558,W. Baria,William Baria
306,18268,10562,O Sunder,Ojas Sunder
1022,18269,10562,Isaiah Khare,Isaiah Khare
287,18271,10563,Akshay Bahri,Akshay Bahri
1092,18273,10565,Pranaw Chand,Pranav Chand
676,18277,10569,Lucky Raja,Lucky Raja
744,18281,10571,Jacob Bhatnagar,Jacob Bhatnagar
1089,18283,10572,Isaac Bhawsar,Isaac Bhavsar
490,18284,10572,N. Ram,Nathaniel Ram
1399,18285,10572,William Baria,William Baria
1074,18287,10573,V. Shan,Veer Shan
1159,18288,10574,Rudra Singhal,Rudra Singhal
494,18293,10577,Upasna Tella,Upasna Tella
1323,18294,10577,Logan Misra,Logan Misra
490,18295,10578,Nathaniel Ram,Nathaniel Ram
1685,18298,10581,Wazir Nazaret,Wazir Nazareth
1322,18299,10581,J. Devi,Jack Devi
420,18300,10582,Krishna Toor,Krishna Toor
776,18301,10582,Lakshit Kanda,Lakshit Kanda
1646,18304,10584,Pooja Tandon,Pooja Tandon
960,18305,10585,Lina Kulkarni,Leena Kulkarni
885,18314,10590,Nicholas Agrawal,Nicholas Agrawal
500,18315,10591,Hars Badami,Harsh Badami
617,18316,10592,M. Agarwal,Mason Agarwal
1207,18318,10593,C Sangha,Chandran Sangha
1426,18321,10594,Jagdish Rai,Jagdish Rai
1207,18322,10595,Chandran Sangha,Chandran Sangha
1646,18323,10596,Pooja Tandon,Pooja Tandon
396,18327,10599,Y Dora,Yuvraj Dora
1207,18330,10602,Chandran Sangha,Chandran Sangha
1604,18335,10605,Karan Bhakta,Karan Bhakta
1220,18336,10606,A Saxena,Azad Saxena
1706,18338,10606,O. Murty,Oscar Murty
723,18340,10608,A. Swamy,Ayush Swamy
552,18343,10610,Bhawika Sami,Bhavika Sami
407,18345,10611,O. Toor,Oliver Toor
269,18346,10612,L. Arora,Luke Arora
549,18348,10613,Ishaan Atwal,Ishaan Atwal
704,18349,10613,Karan Kasyap,Karan Kashyap
1399,18350,10614,W. Baria,William Baria
1325,18358,10618,Agastya Randhawa,Agastya Randhawa
559,18361,10620,E. Sharaf,Ethan Sharaf
293,18363,10622,Rachit Lad,Rachit Lad
974,18365,10623,Elijah Ramesh,Elijah Ramesh
723,18366,10624,Ayush Swamy,Ayush Swamy
549,18368,10625,Ishaan Atwal,Ishaan Atwal
1432,18369,10625,N. Mukherjee,Naksh Mukherjee
854,18370,10626,Chaytanya Pay,Chaitanya Pai
956,18371,10627,Girik Chima,Girik Cheema
1612,18377,10629,Tanay Dhar,Tanay Dhar
420,18380,10630,K Toor,Krishna Toor
1100,18381,10630,Advaith Goyal,Advaith Goyal
571,18386,10634,Elijah Narayan,Elijah Narayan
974,18391,10638,Elijah Rames,Elijah Ramesh
878,18392,10638,R Kadakia,Ryan Kadakia
468,18395,10640,Mason Basak,Mason Basak
956,18401,10643,Girik Cheema,Girik Cheema
352,18407,10646,Gaurang Kari,Gaurang Kari
1604,18410,10646,Karan Bhakta,Karan Bhakta
1326,18413,10648,Ekaraj Narayanan,Ekaraj Narayanan
1423,18417,10649,Iswar Parek,Ishwar Parekh
420,18421,10652,Krisna Tur,Krishna Toor
1057,18422,10653,Wazir Pandey,Wazir Pandey
1325,18424,10654,Agastya Randhawa,Agastya Randhawa
248,18426,10656,Priya takkar,Priya Thakkar
83,18430,10658,Vincent Virk,Vincent Virk
1150,18431,10658,F. Sharaf,Frado Sharaf
218,18440,10663,Tristan Bhargava,Tristan Bhargava
1563,18442,10663,H Modi,Harrison Modi
566,18445,10664,Arjun Ravel,Arjun Ravel
1685,18446,10665,Wazir Nazareth,Wazir Nazareth
1102,18447,10665,Ansh Wali,Ansh Wali
974,18448,10666,Elijah Ramesh,Elijah Ramesh
407,18449,10666,O Toor,Oliver Toor
500,18450,10666,H. Badami,Harsh Badami
83,18457,10672,V. Virk,Vincent Virk
1098,18458,10673,Triweni Agarwal,Triveni Agarwal
1159,18459,10674,Rudra Singhal,Rudra Singhal
676,18462,10676,Lucky Raja,Lucky Raja
552,18467,10679,B Sami,Bhavika Sami
494,18472,10682,Upasna Tella,Upasna Tella
1604,18475,10683,K. Bhakta,Karan Bhakta
704,18476,10684,K. Kashyap,Karan Kashyap
1056,18477,10685,R. Yogi,Rachit Yogi
878,18480,10688,R Kadakia,Ryan Kadakia
821,18481,10689,Ekansh Bir,Ekansh Bir
498,18484,10692,Gautam Bhakta,Gautam Bhakta
1057,18486,10693,W. Pandey,Wazir Pandey
500,18488,10694,Hars Badami,Harsh Badami
1385,18490,10695,R Madan,Ranbir Madan
704,18497,10698,Karan Kashyap,Karan Kashyap
1473,18499,10698,Logan Bhattacharyya,Logan Bhattacharyya
523,18500,10699,Rushil Gara,Rushil Gara
810,18501,10699,Avi Merchant,Avi Merchant
1100,18505,10701,Adwaith Goyal,Advaith Goyal
1746,18508,10704,P Ratta,Praneel Ratta
1685,18516,10710,W. Nazareth,Wazir Nazareth
515,18517,10711,Faqid Halder,Faqid Halder
293,18523,10715,R Lad,Rachit Lad
1043,18524,10716,Michael Sarkar,Michael Sarkar
1432,18525,10716,Naksh Mukherjee,Naksh Mukherjee
1164,18537,10724,Noah Sankar,Noah Sankar
498,18538,10724,G. Bhakta,Gautam Bhakta
500,18542,10726,H. Badami,Harsh Badami
352,18545,10727,G Kari,Gaurang Kari
1604,18547,10729,K. Bhakta,Karan Bhakta
1215,18548,10730,Eiravati Chaudhry,Eiravati Chaudhry
420,18549,10731,Krishna Toor,Krishna Toor
1043,18550,10732,Michael Sarkar,Michael Sarkar
1325,18555,10734,A. Randhawa,Agastya Randhawa
490,18557,10736,Nathaniel Ram,Nathaniel Ram
347,18558,10737,Dalbir Oommen,Dalbir Oommen
1454,18559,10738,Ekans Mann,Ekansh Mann
134,18563,10741,Tristan Saxena,Tristan Saxena
407,18565,10742,Oliver Toor,Oliver Toor
704,18566,10743,Karan Kashyap,Karan Kashyap
1092,18568,10743,Pranav Chand,Pranav Chand
1423,18569,10743,Iswar Parek,Ishwar Parekh
1631,18571,10744,Ekavir Sastry,Ekavir Sastry
1207,18572,10745,Chandran Sangha,Chandran Sangha
1559,18575,10747,U Dugar,Urmi Dugar
55,18577,10748,Aayush Badal,Aayush Badal
1208,18578,10749,Gauraw Ranganatan,Gaurav Ranganathan
352,18579,10750,G. Kari,Gaurang Kari
1423,18580,10751,Ishwar Parekh,Ishwar Parekh
83,18581,10752,Vincent Virk,Vincent Virk
1399,18582,10752,William Baria,William Baria
544,18587,10755,R Chakrabarti,Rudra Chakrabarti
1388,18592,10759,Chandran Sani,Chandran Sani
70,18594,10759,N. Gaba,Nathan Gaba
1215,18596,10761,E Chaudhry,Eiravati Chaudhry
1056,18605,10769,R. Yogi,Rachit Yogi
136,18606,10769,Wridesh Murty,Wridesh Murty
1399,18607,10770,W Baria,William Baria
1473,18608,10771,L Bhattacharyya,Logan Bhattacharyya
924,18611,10774,Chandresh Oommen,Chandresh Oommen
1685,18612,10775,Wazir Nazareth,Wazir Nazareth
566,18614,10776,Arjun Rawel,Arjun Ravel
1650,18616,10778,L Natarajan,Leena Natarajan
1089,18618,10778,Isaac Bhavsar,Isaac Bhavsar
1432,18622,10780,Naksh Mukherjee,Naksh Mukherjee
1781,18623,10780,W. Badal,Wazir Badal
571,18625,10782,E. Narayan,Elijah Narayan
83,18629,10784,Vincent Virk,Vincent Virk
1100,18630,10785,A. Goyal,Advaith Goyal
704,18633,10788,K. Kashyap,Karan Kashyap
218,18634,10789,Tristan Bhargava,Tristan Bhargava
378,18640,10792,Chanchal Venkataraman,Chanchal Venkataraman
1685,18642,10793,Wazir Nazareth,Wazir Nazareth
293,18646,10794,R Lad,Rachit Lad
1650,18647,10795,Leena Natarajan,Leena Natarajan
1781,18650,10798,W Badal,Wazir Badal
1399,18653,10798,William Baria,William Baria
1043,18655,10800,Michael Sarkar,Michael Sarkar
1089,18661,10802,I. Bhavsar,Isaac Bhavsar
677,18663,10804,J. Oommen,Jatin Oommen
1089,18664,10804,I Bhavsar,Isaac Bhavsar
1043,18666,10806,Michael Sarkar,Michael Sarkar
676,18668,10807,Lucky Raja,Lucky Raja
1220,18671,10808,A Saxena,Azad Saxena
723,18675,10811,Ayush Swamy,Ayush Swamy
974,18677,10812,Elijah Ramesh,Elijah Ramesh
1474,18678,10813,F. Natarajan,Fiyaz Natarajan
1125,18683,10817,Utkarsh Rajagopalan,Utkarsh Rajagopalan
498,18684,10817,Gautam Bhakta,Gautam Bhakta
1325,18686,10819,A. Randhawa,Agastya Randhawa
121,18688,10821,Rishi Rattan,Rishi Rattan
1323,18689,10822,L Misra,Logan Misra
1646,18693,10825,Puja Tandon,Pooja Tandon
1701,18706,10833,Dakshesh Bhatt,Dakshesh Bhatt
500,18711,10836,H. Badami,Harsh Badami
1326,18713,10837,Ekaraj Narayanan,Ekaraj Narayanan
1159,18714,10838,Rudra Singhal,Rudra Singhal
1493,18720,10840,Z. Natarajan,Zayan Natarajan
1215,18727,10845,E. Chaudhry,Eiravati Chaudhry
1220,18728,10845,A Saxena,Azad Saxena
1220,18734,10848,A. Saxena,Azad Saxena
878,18735,10849,R. Kadakia,Ryan Kadakia
571,18736,10850,E. Narayan,Elijah Narayan
704,18742,10855,K. Kashyap,Karan Kashyap
182,18744,10856,I Mann,Imaran Mann
500,18745,10856,H. Badami,Harsh Badami
571,18746,10857,Elijah Narayan,Elijah Narayan
100,18747,10858,A. Rau,Avi Rau
1102,18755,10861,Ansh Wali,Ansh Wali
1089,18761,10864,Isaac Bhavsar,Isaac Bhavsar
1473,18763,10866,Logan Bhattacharyya,Logan Bhattacharyya
1326,18764,10866,Ekaraj Narayanan,Ekaraj Narayanan
407,18765,10866,Oliver Toor,Oliver Toor
490,18768,10867,Nathaniel Ram,Nathaniel Ram
878,18772,10871,Ryan Kadakia,Ryan Kadakia
330,18774,10873,Veer Misra,Veer Misra
1667,18775,10874,Faqid Trivedi,Faqid Trivedi
1070,18776,10875,A. Agate,Abhiram Agate
956,18777,10876,Girik Cheema,Girik Cheema
347,18780,10879,Dalbir Oommen,Dalbir Oommen
571,18784,10881,E. Narayan,Elijah Narayan
1432,18786,10882,Naksh Mukherjee,Naksh Mukherjee
723,18788,10882,Ayus Swamy,Ayush Swamy
1149,18790,10883,Ronit Subramaniam,Ronith Subramaniam
83,18794,10887,Vincent Virk,Vincent Virk
330,18796,10889,Vir Misra,Veer Misra
83,18797,10889,Vincent Virk,Vincent Virk
1027,18801,10893,A Nazareth,Anay Nazareth
293,18803,10894,Rachit Lad,Rachit Lad
500,18806,10897,Harsh Badami,Harsh Badami
559,18816,10903,E Sharaf,Ethan Sharaf
498,18820,10904,G Bhakta,Gautam Bhakta
1385,18821,10904,Ranbir Madan,Ranbir Madan
1646,18825,10906,Pooja Tandon,Pooja Tandon
352,18831,10911,G. Kari,Gaurang Kari
490,18835,10914,N. Ram,Nathaniel Ram
1781,18838,10914,W. Badal,Wazir Badal
136,18839,10915,W. Murty,Wridesh Murty
330,18842,10916,V Misra,Veer Misra
1335,18847,10918,Nandini Pant,Nandini Pant
704,18848,10919,Karan Kashyap,Karan Kashyap
293,18849,10920,Rachit Lad,Rachit Lad
571,18850,10921,E. Narayan,Elijah Narayan
1685,18851,10922,W Nazareth,Wazir Nazareth
1102,18855,10924,Ansh Wali,Ansh Wali
494,18857,10926,Upasna Tella,Upasna Tella
1220,18858,10927,A. Saxena,Azad Saxena
1782,18859,10928,P Rao,Peter Rao
714,18861,10929,Nidhi Kale,Nidhi Kale
1057,18862,10929,Wazir Pandey,Wazir Pandey
122,18863,10929,Frederick Arya,Frederick Arya
1164,18864,10930,N Sankar,Noah Sankar
723,18866,10931,Ayus Swamy,Ayush Swamy
763,18867,10931,C. Dar,Chandani Dar
500,18868,10931,Harsh Badami,Harsh Badami
1399,18869,10932,William Baria,William Baria
1646,18872,10934,P. Tandon,Pooja Tandon
1260,18875,10936,Ishani Bhattacharyya,Ishani Bhattacharyya
787,18878,10937,Siddharth Kothari,Siddharth Kothari
498,18879,10938,Gautam Bhakta,Gautam Bhakta
1308,18881,10938,Lakshit Srinivas,Lakshit Srinivas
490,18885,10940,N. Ram,Nathaniel Ram
974,18889,10942,Elijah Ramesh,Elijah Ramesh
1207,18890,10942,Chandran Sangha,Chandran Sangha
1423,18892,10942,Iswar Parek,Ishwar Parekh
1406,18893,10943,Vidhi Sehgal,Vidhi Sehgal
704,18896,10945,K Kashyap,Karan Kashyap
1164,18901,10949,N Sankar,Noah Sankar
492,18902,10949,Zasil Gour,Zashil Gour
1740,18906,10951,Krishna Buch,Krishna Buch
1650,18908,10953,L. Natarajan,Leena Natarajan
1154,18909,10954,D Kala,Dhriti Kala
500,18910,10954,Hars Badami,Harsh Badami
559,18912,10955,Ethan Sharaf,Ethan Sharaf
1098,18913,10955,Triveni Agarwal,Triveni Agarwal
293,18921,10960,Rachit Lad,Rachit Lad
1781,18925,10961,W Badal,Wazir Badal
293,18929,10963,R Lad,Rachit Lad
1102,18930,10963,A. Wali,Ansh Wali
1473,18941,10967,Logan Bhattacharyya,Logan Bhattacharyya
404,18942,10968,J. Iyer,Jai Iyer
1074,18948,10971,Veer Shan,Veer Shan
420,18951,10974,Krishna Toor,Krishna Toor
136,18957,10976,W. Murty,Wridesh Murty
1164,18958,10977,N Sankar,Noah Sankar
1098,18961,10977,T. Agarwal,Triveni Agarwal
1604,18962,10978,K Bhakta,Karan Bhakta
1476,18964,10980,S. Atwal,Samuel Atwal
1473,18967,10982,Logan Bhattacharyya,Logan Bhattacharyya
1572,18969,10983,Awi Chandra,Avi Chandra
1685,18973,10984,W Nazareth,Wazir Nazareth
1164,18979,10988,Noah Sankar,Noah Sankar
566,18982,10989,A Ravel,Arjun Ravel
494,18983,10990,Upasna Tella,Upasna Tella
191,18985,10992,Jack Handa,Jack Handa
1102,18987,10992,Ans Wali,Ansh Wali
121,18990,10994,R. Rattan,Rishi Rattan
878,18996,10997,Ryan Kadakia,Ryan Kadakia
1530,18997,10997,Pushti Chaudhuri,Pushti Chaudhuri
1385,19005,11002,Ranbir Madan,Ranbir Madan
330,19007,11002,V Misra,Veer Misra
566,19008,11002,Arjun Rawel,Arjun Ravel
1437,19011,11004,Maanav Gour,Maanav Gour
1473,19014,11005,Logan Bhattacharyya,Logan Bhattacharyya
1423,19019,11007,I Parekh,Ishwar Parekh
289,19023,11008,Benjamin Anne,Benjamin Anne
1022,19027,11010,I. Khare,Isaiah Khare
1385,19028,11010,Ranbir Madan,Ranbir Madan
996,19029,11011,T Mammen,Tanay Mammen
122,19031,11012,F Arya,Frederick Arya
1125,19032,11012,Utkars Rajagopalan,Utkarsh Rajagopalan
1612,19034,11013,T. Dhar,Tanay Dhar
1573,19035,11014,W Srivastava,Wridesh Srivastava
1220,19036,11015,Azad Saxena,Azad Saxena
1685,19040,11016,Wazir Nazaret,Wazir Nazareth
935,19041,11017,Chasmum Pal,Chasmum Pal
1220,19045,11018,Azad Saxena,Azad Saxena
617,19051,11023,M Agarwal,Mason Agarwal
1646,19052,11024,Pooja Tandon,Pooja Tandon
407,19056,11026,Oliver Toor,Oliver Toor
218,19059,11027,T. Bhargava,Tristan Bhargava
1100,19060,11028,A Goyal,Advaith Goyal
836,19061,11028,Kevin Bumb,Kevin Bumb
1399,19070,11032,W Baria,William Baria
1323,19072,11033,Logan Misra,Logan Misra
55,19073,11033,A Badal,Aayush Badal
70,19075,11035,Natan Gaba,Nathan Gaba
1207,19077,11037,C. Sangha,Chandran Sangha
1323,19078,11038,Logan Misra,Logan Misra
885,19080,11039,Nicholas Agrawal,Nicholas Agrawal
1473,19084,11042,L. Bhattacharyya,Logan Bhattacharyya
498,19093,11045,G. Bhakta,Gautam Bhakta
794,19096,11047,J Kakar,Jackson Kakar
1466,19097,11047,Lohit Zachariah,Lohit Zachariah
1074,19098,11048,V. Shan,Veer Shan
490,19099,11048,N Ram,Nathaniel Ram
885,19101,11049,N Agrawal,Nicholas Agrawal
704,19104,11050,Karan Kasyap,Karan Kashyap
1179,19108,11052,R. Ganguly,Radha Ganguly
1685,19110,11054,W. Nazareth,Wazir Nazareth
444,19112,11056,Jackson Krishna,Jackson Krishna
559,19114,11058,Ethan Sharaf,Ethan Sharaf
1423,19115,11059,I. Parekh,Ishwar Parekh
658,19120,11064,Henry Raja,Henry Raja
559,19121,11065,Ethan Sharaf,Ethan Sharaf
1473,19122,11065,Logan Bhattacharyya,Logan Bhattacharyya
500,19124,11066,H. Badami,Harsh Badami
70,19125,11066,Nathan Gaba,Nathan Gaba
1313,19127,11068,Wazir Mani,Wazir Mani
1057,19128,11069,W Pandey,Wazir Pandey
407,19129,11070,Oliver Toor,Oliver Toor
1685,19130,11070,Wazir Nazareth,Wazir Nazareth
996,19131,11071,Tanay Mammen,Tanay Mammen
1423,19134,11071,Ishwar Parekh,Ishwar Parekh
552,19135,11072,B Sami,Bhavika Sami
1432,19136,11073,Naksh Mukherjee,Naksh Mukherjee
507,19138,11073,Rudra Tank,Rudra Tank
1651,19140,11074,Laksit Bal,Lakshit Bal
1385,19141,11075,Ranbir Madan,Ranbir Madan
956,19143,11076,G Cheema,Girik Cheema
494,19146,11077,Upasna Tella,Upasna Tella
1716,19153,11080,Eesha Bhat,Eesha Bhat
334,19154,11081,Tristan Tiwari,Tristan Tiwari
821,19158,11083,E. Bir,Ekansh Bir
974,19159,11083,E. Ramesh,Elijah Ramesh
1604,19161,11084,K Bhakta,Karan Bhakta
390,19163,11084,Bhavani Nayak,Bhavani Nayak
490,19166,11085,Nataniel Ram,Nathaniel Ram
498,19174,11090,Gautam Bhakta,Gautam Bhakta
559,19176,11092,Ethan Sharaf,Ethan Sharaf
1781,19179,11093,Wazir Badal,Wazir Badal
1056,19183,11095,Rachit Yogi,Rachit Yogi
55,19184,11096,A Badal,Aayush Badal
885,19186,11097,N. Agrawal,Nicholas Agrawal
22,19191,11099,C. Chokshi,Charan Chokshi
1473,19195,11100,Logan Bhattacharyya,Logan Bhattacharyya
1043,19201,11105,Michael Sarkar,Michael Sarkar
617,19203,11106,Mason Agarwal,Mason Agarwal
1587,19206,11106,Dev Natt,Dev Natt
549,19207,11107,I. Atwal,Ishaan Atwal
1070,19210,11108,A Agate,Abhiram Agate
1346,19213,11110,W Morar,William Morar
494,19218,11112,Upasna Tella,Upasna Tella
776,19220,11114,L. Kanda,Lakshit Kanda
1646,19221,11115,Pooja Tandon,Pooja Tandon
885,19223,11116,Nicholas Agrawal,Nicholas Agrawal
1098,19226,11117,T. Agarwal,Triveni Agarwal
1220,19227,11118,A. Saxena,Azad Saxena
559,19229,11118,E Sharaf,Ethan Sharaf
347,19234,11121,Dalbir Oommen,Dalbir Oommen
571,19235,11122,Elijah Narayan,Elijah Narayan
1604,19236,11123,Karan Bhakta,Karan Bhakta
974,19241,11127,Elijah Ramesh,Elijah Ramesh
293,19244,11129,Rachit Lad,Rachit Lad
70,19246,11130,N. Gaba,Nathan Gaba
315,19247,11130,M Shankar,Maanav Shankar
1308,19248,11131,Lakshit Srinivas,Lakshit Srinivas
761,19249,11131,Samarth Comar,Samarth Comar
1423,19250,11132,I. Parekh,Ishwar Parekh
566,19261,11136,Arjun Ravel,Arjun Ravel
6,19265,11139,George Mahal,George Mahal
293,19266,11139,R. Lad,Rachit Lad
1164,19268,11141,Noah Sankar,Noah Sankar
1089,19269,11141,Isaac Bhavsar,Isaac Bhavsar
1070,19273,11143,A Agate,Abhiram Agate
1102,19274,11143,A Wali,Ansh Wali
552,19275,11143,Bhavika Sami,Bhavika Sami
347,19279,11147,D Oommen,Dalbir Oommen
396,19284,11149,Yuvraj Dora,Yuvraj Dora
83,19285,11150,V. Virk,Vincent Virk
571,19290,11153,Elijah Narayan,Elijah Narayan
218,19291,11153,Tristan Bhargava,Tristan Bhargava
1781,19295,11154,W Badal,Wazir Badal
1542,19299,11156,Imaran Dass,Imaran Dass
1043,19300,11156,Michael Sarkar,Michael Sarkar
878,19301,11156,Ryan Kadakia,Ryan Kadakia
1483,19304,11159,A. Lall,Advay Lall
1423,19318,11168,Ishwar Parekh,Ishwar Parekh
956,19322,11170,G. Cheema,Girik Cheema
42,19325,11172,U. Dyal,Umang Dyal
218,19327,11173,Tristan Bhargawa,Tristan Bhargava
1572,19329,11175,Avi Chandra,Avi Chandra
1220,19336,11181,Azad Saxena,Azad Saxena
1102,19339,11182,A Wali,Ansh Wali
1056,19343,11183,Rachit Yogi,Rachit Yogi
932,19346,11185,Robert Goswami,Robert Goswami
1098,19351,11187,T. Agarwal,Triveni Agarwal
1612,19354,11188,Tanay Dhar,Tanay Dhar
1323,19359,11190,Logan Misra,Logan Misra
677,19362,11193,J. Oommen,Jatin Oommen
494,19365,11195,Upasna Tella,Upasna Tella
1385,19370,11198,R Madan,Ranbir Madan
1098,19373,11199,Triveni Agarwal,Triveni Agarwal
498,19374,11200,G. Bhakta,Gautam Bhakta
704,19380,11204,Karan Kashyap,Karan Kashyap
1164,19385,11207,Noah Sankar,Noah Sankar
1302,19386,11207,P Taneja,Peter Taneja
407,19388,11208,Oliver Toor,Oliver Toor
1423,19390,11210,Iswar Parek,Ishwar Parekh
1164,19396,11214,N. Sankar,Noah Sankar
559,19397,11215,Ethan Sharaf,Ethan Sharaf
1074,19400,11216,Veer Shan,Veer Shan
676,19402,11217,Lucky Raja,Lucky Raja
1326,19407,11218,Ekaraj Narayanan,Ekaraj Narayanan
1685,19416,11223,W Nazareth,Wazir Nazareth
1622,19418,11225,B. Badami,Brijesh Badami
218,19422,11227,Tristan Bhargava,Tristan Bhargava
752,19423,11228,Timoty Prakas,Timothy Prakash
1074,19425,11230,Veer Shan,Veer Shan
1074,19428,11232,Veer Shan,Veer Shan
1473,19431,11234,Logan Bhattacharyya,Logan Bhattacharyya
1587,19433,11235,D. Natt,Dev Natt
402,19442,11239,F Mandal,Farhan Mandal
1159,19443,11240,Rudra Singhal,Rudra Singhal
1358,19447,11242,Jonatan Dewi,Jonathan Devi
352,19451,11246,Gaurang Kari,Gaurang Kari
1326,19453,11248,Ekaraj Narayanan,Ekaraj Narayanan
1604,19454,11248,K Bhakta,Karan Bhakta
396,19458,11251,Y Dora,Yuvraj Dora
1607,19459,11251,Wahab Chad,Wahab Chad
878,19463,11252,Ryan Kadakia,Ryan Kadakia
974,19464,11252,Elijah Ramesh,Elijah Ramesh
1432,19469,11255,N Mukherjee,Naksh Mukherjee
885,19470,11256,Nicholas Agrawal,Nicholas Agrawal
1612,19471,11257,Tanay Dhar,Tanay Dhar
218,19473,11258,Tristan Bhargava,Tristan Bhargava
935,19474,11258,Chasmum Pal,Chasmum Pal
1132,19477,11260,Fitan Lata,Fitan Lata
347,19478,11261,D. Oommen,Dalbir Oommen
1423,19480,11262,Iswar Parek,Ishwar Parekh
566,19487,11265,A Ravel,Arjun Ravel
330,19489,11266,V. Misra,Veer Misra
121,19491,11268,R. Rattan,Rishi Rattan
1057,19493,11269,W Pandey,Wazir Pandey
1220,19495,11271,A. Saxena,Azad Saxena
552,19498,11272,Bhawika Sami,Bhavika Sami
501,19501,11274,E. Balakrishnan,Ethan Balakrishnan
498,19503,11274,Gautam Bhakta,Gautam Bhakta
694,19504,11275,H Koshy,Harrison Koshy
330,19506,11276,Veer Misra,Veer Misra
498,19508,11277,Gautam Bhakta,Gautam Bhakta
878,19518,11284,Ryan Kadakia,Ryan Kadakia
1302,19523,11287,Peter Taneja,Peter Taneja
617,19524,11287,M Agarwal,Mason Agarwal
1473,19530,11292,L. Bhattacharyya,Logan Bhattacharyya
279,19533,11294,Indali Mane,Indali Mane
306,19538,11297,O Sunder,Ojas Sunder
701,19540,11299,Diya Salwi,Diya Salvi
1587,19543,11300,Dew Natt,Dev Natt
486,19547,11301,Zehaan Dewi,Zehaan Devi
704,19549,11301,K. Kashyap,Karan Kashyap
1102,19552,11302,Ans Wali,Ansh Wali
425,19553,11303,S Mani,Samuel Mani
347,19557,11305,Dalbir ummen,Dalbir Oommen
1612,19559,11307,Tanay Dhar,Tanay Dhar
482,19563,11308,H Sagar,Harshil Sagar
407,19565,11310,O. Toor,Oliver Toor
494,19568,11310,Upasna Tella,Upasna Tella
1727,19571,11313,Peter Bajaj,Peter Bajaj
821,19573,11314,Ekansh Bir,Ekansh Bir
500,19594,11323,H. Badami,Harsh Badami
136,19599,11326,Wrides Murty,Wridesh Murty
1159,19603,11329,R. Singhal,Rudra Singhal
571,19604,11329,Elijah Narayan,Elijah Narayan
396,19615,11333,Yuvraj Dora,Yuvraj Dora
956,19622,11337,G Cheema,Girik Cheema
490,19625,11339,N Ram,Nathaniel Ram
996,19629,11341,T Mammen,Tanay Mammen
70,19632,11342,N Gaba,Nathan Gaba
1100,19636,11343,Adwaith Goyal,Advaith Goyal
1159,19637,11344,Rudra Singhal,Rudra Singhal
1102,19639,11345,A. Wali,Ansh Wali
1100,19646,11351,A Goyal,Advaith Goyal
1057,19649,11353,W Pandey,Wazir Pandey
885,19650,11353,Nicholas Agrawal,Nicholas Agrawal
396,19651,11354,Y. Dora,Yuvraj Dora
666,19654,11357,Ekalinga Chatterjee,Ekalinga Chatterjee
1070,19655,11358,A Agate,Abhiram Agate
1270,19656,11359,J. Chada,Jairaj Chada
723,19657,11360,A Swamy,Ayush Swamy
549,19658,11361,Isaan Atwal,Ishaan Atwal
1612,19661,11362,Tanay Dhar,Tanay Dhar
420,19664,11365,K Toor,Krishna Toor
1043,19666,11367,Michael Sarkar,Michael Sarkar
1325,19667,11367,Agastya Randhawa,Agastya Randhawa
676,19668,11367,L Raja,Lucky Raja
1215,19669,11368,E Chaudhry,Eiravati Chaudhry
490,19670,11369,Nataniel Ram,Nathaniel Ram
83,19675,11373,Vincent Virk,Vincent Virk
1098,19680,11378,T. Agarwal,Triveni Agarwal
1043,19681,11379,M. Sarkar,Michael Sarkar
1325,19684,11379,Agastya Randhawa,Agastya Randhawa
121,19685,11380,Rishi Rattan,Rishi Rattan
55,19686,11380,A. Badal,Aayush Badal
1125,19688,11380,Utkars Rajagopalan,Utkarsh Rajagopalan
885,19689,11381,N. Agrawal,Nicholas Agrawal
26,19691,11382,Timothy Sarma,Timothy Sarma
1358,19698,11388,Jonathan Devi,Jonathan Devi
1070,19700,11389,Abhiram Agate,Abhiram Agate
153,19702,11389,F. Mand,Frado Mand
704,19705,11392,Karan Kashyap,Karan Kashyap
1022,19712,11395,Isaiah Khare,Isaiah Khare
1159,19713,11395,R. Singhal,Rudra Singhal
559,19715,11397,Ethan Sharaf,Ethan Sharaf
885,19716,11398,N Agrawal,Nicholas Agrawal
136,19719,11400,Wridesh Murty,Wridesh Murty
549,19725,11403,Isaan Atwal,Ishaan Atwal
617,19726,11404,M Agarwal,Mason Agarwal
996,19728,11405,T. Mammen,Tanay Mammen
1587,19733,11407,Dev Natt,Dev Natt
1399,19741,11413,W Baria,William Baria
1650,19744,11414,Lina Natarajan,Leena Natarajan
85,19747,11416,Gunit Chada,Guneet Chada
566,19748,11416,Arjun Ravel,Arjun Ravel
490,19751,11418,Nathaniel Ram,Nathaniel Ram
878,19752,11418,Ryan Kadakia,Ryan Kadakia
617,19753,11419,M. Agarwal,Mason Agarwal
1323,19759,11422,Logan Misra,Logan Misra
330,19762,11423,V Misra,Veer Misra
55,19769,11428,Aayush Badal,Aayush Badal
1074,19771,11429,V. Shan,Veer Shan
1650,19774,11430,Lina Natarajan,Leena Natarajan
878,19777,11431,Ryan Kadakia,Ryan Kadakia
83,19780,11433,Vincent Virk,Vincent Virk
1070,19785,11436,Abhiram Agate,Abhiram Agate
1473,19788,11437,Logan Bhattacharyya,Logan Bhattacharyya
136,19789,11437,W Murty,Wridesh Murty
1399,19790,11438,William Baria,William Baria
1399,19792,11440,William Baria,William Baria
1781,19793,11441,W Badal,Wazir Badal
677,19798,11444,J Oommen,Jatin Oommen
571,19802,11446,Elijah Narayan,Elijah Narayan
1074,19809,11453,Veer Shan,Veer Shan
1098,19811,11454,Triweni Agarwal,Triveni Agarwal
1646,19814,11455,Puja Tandon,Pooja Tandon
713,19818,11457,P. Borde,Panini Borde
926,19822,11459,Isaac Shan,Isaac Shan
1399,19823,11459,William Baria,William Baria
1612,19825,11460,Tanay Dhar,Tanay Dhar
956,19830,11463,G Cheema,Girik Cheema
121,19833,11466,Rishi Rattan,Rishi Rattan
312,19837,11469,Jatin Sandal,Jatin Sandal
1308,19838,11470,L Srinivas,Lakshit Srinivas
613,19840,11471,H Shere,Harini Shere
1587,19841,11472,D. Natt,Dev Natt
1089,19844,11474,I Bhavsar,Isaac Bhavsar
1302,19846,11475,Peter Taneja,Peter Taneja
633,19851,11479,Z. Shukla,Zashil Shukla
885,19855,11482,Nicholas Agrawal,Nicholas Agrawal
1685,19856,11482,Wazir Nazareth,Wazir Nazareth
1302,19857,11483,Peter Taneja,Peter Taneja
1775,19858,11484,C. Rout,Caleb Rout
1057,19861,11486,Wazir Pandey,Wazir Pandey
1089,19867,11490,Isaac Bhavsar,Isaac Bhavsar
704,19868,11491,Karan Kashyap,Karan Kashyap
956,19870,11492,G Cheema,Girik Cheema
500,19873,11493,H Badami,Harsh Badami
1308,19879,11497,Lakshit Srinivas,Lakshit Srinivas
1308,19883,11499,Laksit Sriniwas,Lakshit Srinivas
559,19887,11501,Ethan Sharaf,Ethan Sharaf
1098,19889,11502,Triveni Agarwal,Triveni Agarwal
1102,19893,11505,Ansh Wali,Ansh Wali
1159,19897,11507,Rudra Singhal,Rudra Singhal
1650,19898,11508,Leena Natarajan,Leena Natarajan
723,19902,11512,Ayush Swamy,Ayush Swamy
821,19904,11514,Ekansh Bir,Ekansh Bir
996,19913,11518,T Mammen,Tanay Mammen
430,19914,11519,Faris D’Alia,Faris D’Alia
136,19920,11523,Wridesh Murty,Wridesh Murty
1220,19921,11524,Azad Saxena,Azad Saxena
1781,19923,11524,W. Badal,Wazir Badal
1215,19926,11526,E Chaudhry,Eiravati Chaudhry
617,19940,11533,Mason Agarwal,Mason Agarwal
552,19945,11536,B. Sami,Bhavika Sami
1102,19948,11538,Ansh Wali,Ansh Wali
534,19949,11539,Ekaraj Lal,Ekaraj Lal
1323,19950,11540,Logan Misra,Logan Misra
420,19952,11541,Krishna Toor,Krishna Toor
1185,19953,11542,Vinaya Chacko,Vinaya Chacko
121,19954,11542,R. Rattan,Rishi Rattan
1022,19955,11543,Isaiah Khare,Isaiah Khare
885,19956,11544,N Agrawal,Nicholas Agrawal
1215,19960,11546,E. Chaudhry,Eiravati Chaudhry
1323,19962,11548,L Misra,Logan Misra
1423,19964,11550,Ishwar Parekh,Ishwar Parekh
617,19966,11550,M Agarwal,Mason Agarwal
1749,19967,11550,R Sachdev,Rachana Sachdev
1308,19968,11551,Lakshit Srinivas,Lakshit Srinivas
1685,19969,11552,W Nazareth,Wazir Nazareth
1646,19973,11553,P Tandon,Pooja Tandon
407,19978,11558,O. Toor,Oliver Toor
1302,19979,11559,Peter Taneja,Peter Taneja
1385,19984,11564,Ranbir Madan,Ranbir Madan
1043,19986,11566,Michael Sarkar,Michael Sarkar
1164,19987,11566,Noah Sankar,Noah Sankar
420,19989,11568,K. Toor,Krishna Toor
1070,19991,11568,Abhiram Agate,Abhiram Agate
1482,19992,11568,I Sant,Indrajit Sant
1646,19997,11571,P. Tandon,Pooja Tandon
821,20003,11574,Ekans Bir,Ekansh Bir
1646,20004,11575,P. Tandon,Pooja Tandon
1159,20006,11577,Rudra Singhal,Rudra Singhal
956,20010,11579,G. Cheema,Girik Cheema
136,20013,11580,W Murty,Wridesh Murty
1022,20015,11582,Isayah kare,Isaiah Khare
136,20016,11582,Wridesh Murty,Wridesh Murty
218,20019,11584,T Bhargava,Tristan Bhargava
1159,20020,11585,Rudra Singhal,Rudra Singhal
677,20021,11586,Jatin Oommen,Jatin Oommen
1650,20022,11586,Lina Natarajan,Leena Natarajan
559,20029,11590,E. Sharaf,Ethan Sharaf
1139,20034,11592,Z. Yohannan,Zayan Yohannan
571,20035,11593,Elijah Narayan,Elijah Narayan
1473,20036,11593,L. Bhattacharyya,Logan Bhattacharyya
1323,20044,11597,Logan Misra,Logan Misra
498,20051,11600,Gautam Bhakta,Gautam Bhakta
70,20053,11602,N Gaba,Nathan Gaba
956,20054,11602,Girik Chima,Girik Cheema
55,20056,11602,Aayush Badal,Aayush Badal
55,20057,11603,Aayush Badal,Aayush Badal
1102,20058,11604,Ansh Wali,Ansh Wali
420,20060,11604,Krishna Toor,Krishna Toor
1326,20065,11607,E Narayanan,Ekaraj Narayanan
1234,20076,11613,V Parsa,Vivaan Parsa
330,20080,11616,V Misra,Veer Misra
218,20081,11617,Tristan Bhargawa,Tristan Bhargava
1100,20083,11618,A Goyal,Advaith Goyal
352,20084,11619,Gaurang Kari,Gaurang Kari
1308,20091,11623,L. Srinivas,Lakshit Srinivas
704,20095,11626,K. Kashyap,Karan Kashyap
878,20096,11627,R Kadakia,Ryan Kadakia
38,20099,11629,Jacob Suri,Jacob Suri
878,20100,11629,R. Kadakia,Ryan Kadakia
1056,20103,11630,Rachit Yogi,Rachit Yogi
552,20104,11631,Bhavika Sami,Bhavika Sami
676,20112,11634,Lucky Raja,Lucky Raja
1207,20114,11635,Chandran Sangha,Chandran Sangha
1650,20116,11635,Leena Natarajan,Leena Natarajan
549,20119,11638,I Atwal,Ishaan Atwal
878,20122,11641,Ryan Kadakia,Ryan Kadakia
1100,20123,11641,Advait Goyal,Advaith Goyal
1207,20125,11642,C Sangha,Chandran Sangha
549,20129,11644,I Atwal,Ishaan Atwal
330,20131,11646,V Misra,Veer Misra
974,20133,11648,Elijah Ramesh,Elijah Ramesh
1164,20134,11648,N. Sankar,Noah Sankar
1057,20144,11657,Wazir Pandey,Wazir Pandey
674,20147,11659,F. Goswami,Falan Goswami
552,20148,11660,B. Sami,Bhavika Sami
1387,20149,11660,Chatres Rawel,Chatresh Ravel
956,20150,11661,G Cheema,Girik Cheema
821,20154,11662,Ekans Bir,Ekansh Bir
1070,20157,11664,A Agate,Abhiram Agate
1612,20158,11664,Tanay Dhar,Tanay Dhar
704,20159,11664,Karan Kasyap,Karan Kashyap
1070,20161,11666,Abhiram Agate,Abhiram Agate
1057,20162,11666,W Pandey,Wazir Pandey
407,20171,11671,Oliver Toor,Oliver Toor
1043,20173,11673,Michael Sarkar,Michael Sarkar
956,20174,11673,Girik Cheema,Girik Cheema
566,20181,11678,Arjun Ravel,Arjun Ravel
1781,20183,11680,Wazir Badal,Wazir Badal
158,20184,11681,Abhiram Kashyap,Abhiram Kashyap
1215,20185,11682,Eiravati Chaudhry,Eiravati Chaudhry
1385,20189,11684,R Madan,Ranbir Madan
498,20192,11685,Gautam Bhakta,Gautam Bhakta
1467,20198,11690,Kamya Vala,Kamya Vala
722,20200,11692,A. Shetty,Aarav Shetty
1003,20203,11694,D Pall,Devansh Pall
598,20206,11695,Ranbir Sengupta,Ranbir Sengupta
438,20212,11697,Alexander Chada,Alexander Chada
861,20214,11698,Wrides Radhakrisnan,Wridesh Radhakrishnan
1118,20219,11701,H. Divan,Hemang Divan
861,20220,11702,W. Radhakrishnan,Wridesh Radhakrishnan
816,20223,11704,Kabir Anand,Kabir Anand
1183,20228,11709,Abha Andra,Abha Andra
1060,20229,11710,Z. Sami,Zayyan Sami
238,20231,11712,A Keer,Azad Keer
1420,20233,11713,Balveer Luthra,Balveer Luthra
1705,20234,11714,B Dora,Bachittar Dora
1433,20240,11717,Joshua Thaman,Joshua Thaman
924,20244,11720,Chandresh Oommen,Chandresh Oommen
814,20245,11721,Orinder sankar,Orinder Shankar
562,20250,11724,Liam Sampath,Liam Sampath
44,20251,11724,Anmol Patil,Anmol Patil
1005,20253,11726,Ikshita Thaman,Ikshita Thaman
1003,20259,11731,Devansh Pall,Devansh Pall
994,20263,11734,F. Chacko,Fariq Chacko
1003,20266,11735,Dewansh Pall,Devansh Pall
808,20267,11736,Nachiket Bhalla,Nachiket Bhalla
1003,20268,11737,D. Pall,Devansh Pall
1728,20272,11739,V Mitter,Vidhi Mitter
1301,20273,11739,C Bhattacharyya,Charles Bhattacharyya
1287,20274,11739,K Sangha,Kiaan Sangha
502,20276,11740,F Kumer,Fitan Kumer
33,20280,11743,Rehaan Majumdar,Rehaan Majumdar
91,20286,11746,E Raj,Ethan Raj
861,20287,11746,Wridesh Radhakrishnan,Wridesh Radhakrishnan
1183,20288,11747,Abha Andra,Abha Andra
1596,20300,11755,Awi Boase,Avi Boase
1433,20303,11758,Joshua Thaman,Joshua Thaman
33,20304,11758,Rehaan Majumdar,Rehaan Majumdar
125,20306,11760,Ekalinga Mann,Ekalinga Mann
562,20310,11762,L Sampath,Liam Sampath
792,20312,11764,Y. Saxena,Yochana Saxena
892,20321,11771,Harish Bala,Harish Bala
298,20326,11774,Brijesh Dey,Brijesh Dey
1287,20328,11776,Kiaan Sangha,Kiaan Sangha
502,20330,11776,F. Kumer,Fitan Kumer
722,20333,11777,Aarav Shetty,Aarav Shetty
1708,20334,11778,Timoty Dutt,Timothy Dutt
909,20335,11778,X. Seshadri,Xavier Seshadri
393,20338,11780,Jason Raju,Jason Raju
97,20341,11781,Q. Krishna,Qabil Krishna
892,20343,11783,Harish Bala,Harish Bala
209,20347,11786,Turvi Patla,Turvi Patla
185,20351,11787,Logan Kohli,Logan Kohli
1206,20352,11788,Wahab Bera,Wahab Bera
1344,20357,11790,W Sur,Warinder Sur
1438,20362,11793,Jeet Parsa,Jeet Parsa
197,20363,11794,Akshay Pillai,Akshay Pillai
1060,20368,11797,Z. Sami,Zayyan Sami
102,20369,11798,Lopa Borde,Lopa Borde
510,20370,11799,Farhan wala,Farhan Vala
203,20372,11800,V. Tandon,Vivaan Tandon
44,20373,11801,Anmol Patil,Anmol Patil
548,20374,11802,V Prabhu,Veda Prabhu
1431,20379,11806,Amol Warrior,Amol Warrior
1118,20382,11807,Hemang Divan,Hemang Divan
97,20383,11808,Qabil Krishna,Qabil Krishna
1183,20390,11811,Abha Andra,Abha Andra
482,20392,11812,H. Sagar,Harshil Sagar
1435,20397,11815,Rachit Sibal,Rachit Sibal
1180,20407,11820,Udarsh Batra,Udarsh Batra
1435,20408,11820,R. Sibal,Rachit Sibal
185,20415,11823,L. Kohli,Logan Kohli
1175,20418,11824,W Saraf,Warda Saraf
949,20421,11826,Advayth Mallick,Advaith Mallick
984,20426,11829,Jagat Kaur,Jagat Kaur
1344,20427,11830,W Sur,Warinder Sur
861,20428,11831,W. Radhakrishnan,Wridesh Radhakrishnan
97,20431,11833,Qabil Krishna,Qabil Krishna
1420,20435,11835,B. Luthra,Balveer Luthra
238,20439,11837,Azad Kir,Azad Keer
393,20441,11839,J Raju,Jason Raju
1005,20443,11841,Ikshita Thaman,Ikshita Thaman
1378,20444,11842,N. Korpal,Nilima Korpal
393,20446,11842,Jason Raju,Jason Raju
808,20452,11846,Nachiket Bhalla,Nachiket Bhalla
1004,20453,11846,Adway Gara,Advay Gara
1771,20454,11846,Charan More,Charan More
792,20455,11847,Y. Saxena,Yochana Saxena
1011,20457,11847,Nachiket Gandhi,Nachiket Gandhi
814,20459,11848,Orinder Shankar,Orinder Shankar
379,20465,11850,William Chauhan,William Chauhan
334,20468,11852,Tristan Tiwari,Tristan Tiwari
1679,20470,11854,G Krish,Gopal Krish
857,20474,11855,X. Jhaveri,Xavier Jhaveri
468,20475,11855,Mason Basak,Mason Basak
1073,20481,11859,K. Ramesh,Kiaan Ramesh
482,20482,11860,H. Sagar,Harshil Sagar
185,20484,11861,Logan Kohli,Logan Kohli
510,20491,11865,Farhan wala,Farhan Vala
933,20496,11870,Siddharth Panchal,Siddharth Panchal
482,20497,11871,H. Sagar,Harshil Sagar
994,20500,11871,Fariq Chacko,Fariq Chacko
808,20501,11872,N. Bhalla,Nachiket Bhalla
814,20503,11872,Orinder Shankar,Orinder Shankar
185,20511,11877,Logan Kohli,Logan Kohli
793,20513,11877,A Chaudry,Atharv Chaudry
1431,20514,11878,A Warrior,Amol Warrior
1003,20518,11881,Devansh Pall,Devansh Pall
562,20519,11881,L Sampath,Liam Sampath
1563,20520,11882,Harrison Modi,Harrison Modi
185,20523,11883,L. Kohli,Logan Kohli
562,20526,11885,L Sampath,Liam Sampath
1724,20530,11886,Z Virk,Zayyan Virk
572,20533,11887,E. Mistry,Ekapad Mistry
482,20540,11892,Harsil Sagar,Harshil Sagar
1420,20541,11892,Balveer Luthra,Balveer Luthra
1563,20547,11895,H Modi,Harrison Modi
44,20548,11896,Anmol Patil,Anmol Patil
1433,20551,11897,Joshua Thaman,Joshua Thaman
909,20556,11900,X Seshadri,Xavier Seshadri
380,20560,11902,Gaurav Dugar,Gaurav Dugar
1004,20562,11903,A Gara,Advay Gara
1420,20563,11903,Balveer Luthra,Balveer Luthra
369,20564,11903,Max Kashyap,Max Kashyap
1574,20569,11907,Shiwansh Prasad,Shivansh Prashad
94,20571,11907,Mitesh Sandhu,Mitesh Sandhu
362,20576,11910,Januja Mammen,Januja Mammen
861,20577,11911,Wrides Radhakrisnan,Wridesh Radhakrishnan
1569,20579,11911,Yug Dhar,Yug Dhar
638,20583,11913,Robert Narayanan,Robert Narayanan
790,20586,11916,Raghav Madan,Raghav Madan
1563,20589,11916,H. Modi,Harrison Modi
1107,20590,11917,A. Dass,Abeer Dass
393,20591,11918,J. Raju,Jason Raju
575,20593,11919,I. Kuruvilla,Indrajit Kuruvilla
275,20594,11919,J. Trivedi,Jeremiah Trivedi
1107,20595,11919,A. Dass,Abeer Dass
1541,20596,11920,Aadi Bhasin,Aadi Bhasin
323,20601,11922,Parth Chaudry,Parth Chaudry
792,20606,11924,Yochana Saxena,Yochana Saxena
94,20608,11926,M Sandhu,Mitesh Sandhu
94,20609,11926,Mitesh Sandhu,Mitesh Sandhu
909,20610,11926,Xavier Seshadri,Xavier Seshadri
209,20611,11927,Turvi Patla,Turvi Patla
93,20614,11929,Yagnesh Sura,Yagnesh Sura
1344,20615,11929,Warinder Sur,Warinder Sur
1005,20617,11930,Ikshita Thaman,Ikshita Thaman
334,20624,11935,Tristan Tiwari,Tristan Tiwari
316,20625,11936,Yasti Bhardwaj,Yasti Bhardwaj
274,20626,11937,R. Mitter,Reyansh Mitter
562,20627,11937,Liam Sampath,Liam Sampath
575,20631,11940,Indrajit Kuruvilla,Indrajit Kuruvilla
1596,20637,11945,A Boase,Avi Boase
1250,20638,11945,E Oza,Ekanta Oza
1431,20639,11945,A. Warrior,Amol Warrior
575,20640,11946,Indrajit Kuruvilla,Indrajit Kuruvilla
990,20642,11947,H. Sandal,Harrison Sandal
1793,20654,11955,Vincent Kaul,Vincent Kaul
1420,20657,11957,Balveer Luthra,Balveer Luthra
842,20658,11957,Anay Mane,Anay Mane
437,20661,11960,A Banerjee,Abeer Banerjee
1251,20662,11961,T. Lal,Tanish Lal
250,20663,11962,Jonathan Samra,Jonathan Samra
1060,20665,11962,Zayyan Sami,Zayyan Sami
510,20666,11963,Farhan wala,Farhan Vala
850,20667,11963,Wisi Ghose,Wishi Ghose
94,20671,11965,Mites Sandhu,Mitesh Sandhu
1431,20678,11970,Amol Warrior,Amol Warrior
1433,20679,11970,Joshua Thaman,Joshua Thaman
637,20688,11975,S. Rastogi,Samaksh Rastogi
209,20689,11975,Turvi Patla,Turvi Patla
792,20694,11979,Yochana Saxena,Yochana Saxena
33,20698,11982,R Majumdar,Rehaan Majumdar
604,20699,11983,Tarak Diwan,Tarak Divan
1563,20701,11985,Harrison Modi,Harrison Modi
861,20706,11986,Wridesh Radhakrishnan,Wridesh Radhakrishnan
842,20708,11988,Anay Mane,Anay Mane
393,20709,11988,J. Raju,Jason Raju
892,20711,11989,H Bala,Harish Bala
768,20712,11990,Abhimanyu Acharya,Abhimanyu Acharya
1081,20716,11991,Jackson Kari,Jackson Kari
274,20719,11992,Reyansh Mitter,Reyansh Mitter
795,20724,11994,Max Chandra,Max Chandra
949,20725,11995,Advaith Mallick,Advaith Mallick
861,20729,11998,W Radhakrishnan,Wridesh Radhakrishnan
1344,20731,12000,W Sur,Warinder Sur
1433,20732,12000,J. Thaman,Joshua Thaman
125,20735,12001,E Mann,Ekalinga Mann
185,20736,12002,Logan Kohli,Logan Kohli
1467,20740,12005,K Vala,Kamya Vala
808,20741,12005,Nachiket Bhalla,Nachiket Bhalla
1431,20744,12006,Amol Warrior,Amol Warrior
1435,20747,12009,R. Sibal,Rachit Sibal
1011,20750,12012,Nachiket Gandhi,Nachiket Gandhi
949,20752,12013,A Mallick,Advaith Mallick
814,20754,12015,O Shankar,Orinder Shankar
685,20760,12018,A. Comar,Aarnav Comar
1771,20761,12019,C More,Charan More
1724,20769,12021,Zayyan Virk,Zayyan Virk
575,20770,12022,Indrajit Kuruvilla,Indrajit Kuruvilla
1107,20771,12022,Abir Dass,Abeer Dass
1287,20776,12025,K. Sangha,Kiaan Sangha
1557,20777,12025,Anirudh Shukla,Anirudh Shukla
200,20779,12026,Ayush Mangal,Ayush Mangal
274,20781,12027,Reyans Mitter,Reyansh Mitter
203,20782,12028,V. Tandon,Vivaan Tandon
209,20783,12029,Turvi Patla,Turvi Patla
1431,20785,12029,Amol Warrior,Amol Warrior
203,20788,12032,wivaan Tandon,Vivaan Tandon
1467,20792,12035,Kamya wala,Kamya Vala
1344,20796,12037,Warinder Sur,Warinder Sur
125,20798,12038,Ekalinga Mann,Ekalinga Mann
1253,20803,12040,Ayaan Brahmbhatt,Ayaan Brahmbhatt
238,20804,12040,A Keer,Azad Keer
502,20807,12041,F Kumer,Fitan Kumer
482,20811,12043,H Sagar,Harshil Sagar
1435,20816,12045,Rachit Sibal,Rachit Sibal
792,20819,12048,Y. Saxena,Yochana Saxena
250,20820,12048,Jonatan Samra,Jonathan Samra
969,20823,12049,Hardik Salwi,Hardik Salvi
97,20825,12051,Qabil Krishna,Qabil Krishna
437,20826,12052,Abir Banerji,Abeer Banerjee
44,20834,12058,Anmol Patil,Anmol Patil
793,20836,12059,Atharv Chaudry,Atharv Chaudry
1679,20838,12060,Gopal Krish,Gopal Krish
575,20839,12060,Indrajit Kuruvilla,Indrajit Kuruvilla
792,20841,12061,Y. Saxena,Yochana Saxena
1177,20845,12063,Samarth Din,Samarth Din
1448,20846,12064,Faqid Iyer,Faqid Iyer
33,20848,12065,R. Majumdar,Rehaan Majumdar
892,20854,12068,Harish Bala,Harish Bala
572,20855,12068,Ekapad Mistry,Ekapad Mistry
185,20856,12069,L Kohli,Logan Kohli
1420,20858,12070,Balveer Luthra,Balveer Luthra
808,20860,12071,Nachiket Bhalla,Nachiket Bhalla
779,20862,12072,Lohit Oza,Lohit Oza
637,20865,12073,Samaks Rastogi,Samaksh Rastogi
892,20867,12074,H Bala,Harish Bala
598,20868,12075,Ranbir Sengupta,Ranbir Sengupta
238,20871,12076,Azad Keer,Azad Keer
861,20873,12078,Wrides Radhakrisnan,Wridesh Radhakrishnan
892,20874,12079,H. Bala,Harish Bala
44,20877,12079,Anmol Patil,Anmol Patil
1435,20878,12080,Rachit Sibal,Rachit Sibal
203,20880,12082,V. Tandon,Vivaan Tandon
1003,20882,12082,Devansh Pall,Devansh Pall
393,20885,12084,J. Raju,Jason Raju
482,20886,12085,Harsil Sagar,Harshil Sagar
1420,20887,12086,B Luthra,Balveer Luthra
33,20888,12087,R Majumdar,Rehaan Majumdar
437,20894,12091,A. Banerjee,Abeer Banerjee
1118,20896,12092,Hemang Diwan,Hemang Divan
1300,20897,12093,Say Loke,Sai Loke
1433,20899,12094,J. Thaman,Joshua Thaman
185,20902,12096,L. Kohli,Logan Kohli
1004,20903,12097,Advay Gara,Advay Gara
125,20907,12100,Ekalinga Mann,Ekalinga Mann
1724,20914,12103,Z Virk,Zayyan Virk
814,20915,12104,Orinder sankar,Orinder Shankar
949,20924,12108,A. Mallick,Advaith Mallick
994,20925,12109,Fariq Chacko,Fariq Chacko
830,20927,12110,Isaiah Boase,Isaiah Boase
1107,20928,12111,A Dass,Abeer Dass
598,20934,12114,Ranbir Sengupta,Ranbir Sengupta
598,20935,12114,Ranbir Sengupta,Ranbir Sengupta
1060,20940,12117,Zayyan Sami,Zayyan Sami
572,20941,12117,E Mistry,Ekapad Mistry
842,20942,12117,Anay Mane,Anay Mane
393,20943,12117,Jason Raju,Jason Raju
1364,20945,12119,Yatin Om,Yatin Om
1251,20946,12119,T. Lal,Tanish Lal
892,20953,12124,H. Bala,Harish Bala
598,20957,12127,Ranbir Sengupta,Ranbir Sengupta
250,20960,12129,Jonathan Samra,Jonathan Samra
395,20961,12130,Laks wirk,Laksh Virk
250,20962,12130,J. Samra,Jonathan Samra
637,20967,12132,Samaks Rastogi,Samaksh Rastogi
93,20969,12133,Yagnesh Sura,Yagnesh Sura
1724,20977,12135,Z Virk,Zayyan Virk
1005,20978,12135,I Thaman,Ikshita Thaman
125,20982,12136,Ekalinga Mann,Ekalinga Mann
638,20984,12137,R Narayanan,Robert Narayanan
125,20987,12138,Ekalinga Mann,Ekalinga Mann
575,20991,12140,I. Kuruvilla,Indrajit Kuruvilla
395,20992,12141,Laks wirk,Laksh Virk
1435,20995,12144,Rachit Sibal,Rachit Sibal
1483,21000,12148,A. Lall,Advay Lall
125,21001,12148,Ekalinga Mann,Ekalinga Mann
209,21002,12149,Turwi Patla,Turvi Patla
1679,21003,12150,Gopal Krish,Gopal Krish
1073,21011,12155,K. Ramesh,Kiaan Ramesh
274,21013,12156,Reyansh Mitter,Reyansh Mitter
1073,21015,12157,Kiaan Rames,Kiaan Ramesh
1073,21023,12162,K. Ramesh,Kiaan Ramesh
1167,21024,12163,M Dave,Max Dave
1433,21028,12165,J. Thaman,Joshua Thaman
1011,21031,12167,Nachiket Gandhi,Nachiket Gandhi
1335,21034,12169,N Pant,Nandini Pant
768,21040,12171,Abhimanyu Acharya,Abhimanyu Acharya
482,21042,12172,Harshil Sagar,Harshil Sagar
1574,21045,12174,S. Prashad,Shivansh Prashad
949,21053,12179,A Mallick,Advaith Mallick
1563,21055,12180,Harrison Modi,Harrison Modi
1771,21056,12180,Charan More,Charan More
209,21061,12184,T. Patla,Turvi Patla
1574,21065,12185,S. Prashad,Shivansh Prashad
1005,21069,12187,Iksita taman,Ikshita Thaman
1557,21070,12188,Anirudh Shukla,Anirudh Shukla
1059,21071,12188,Osa Loyal,Osha Loyal
395,21072,12189,Laks wirk,Laksh Virk
1563,21073,12189,Harrison Modi,Harrison Modi
1541,21074,12189,Aadi Bhasin,Aadi Bhasin
1431,21075,12190,Amol Warrior,Amol Warrior
437,21079,12192,Abeer Banerjee,Abeer Banerjee
395,21082,12193,Laksh Virk,Laksh Virk
94,21085,12194,Mitesh Sandhu,Mitesh Sandhu
722,21086,12195,A. Shetty,Aarav Shetty
562,21094,12199,Liam Sampath,Liam Sampath
793,21096,12201,A. Chaudry,Atharv Chaudry
1333,21097,12202,N Dora,Nimrat Dora
1450,21098,12203,Sathvik Hans,Sathvik Hans
1557,21099,12203,A. Shukla,Anirudh Shukla
103,21101,12204,T Madan,Tarak Madan
93,21103,12206,Yagnes Sura,Yagnesh Sura
1287,21110,12211,Kiaan Sangha,Kiaan Sangha
793,21113,12212,A. Chaudry,Atharv Chaudry
1771,21116,12213,C. More,Charan More
562,21118,12213,L. Sampath,Liam Sampath
94,21121,12216,M. Sandhu,Mitesh Sandhu
1433,21122,12217,Joshua Thaman,Joshua Thaman
1679,21125,12219,Gopal Krish,Gopal Krish
185,21137,12227,L Kohli,Logan Kohli
1582,21142,12232,J Dhawan,Jeremiah Dhawan
203,21146,12234,Vivaan Tandon,Vivaan Tandon
1344,21151,12236,Warinder Sur,Warinder Sur
125,21152,12237,Ekalinga Mann,Ekalinga Mann
277,21157,12241,H Pradhan,Hredhaan Pradhan
203,21160,12243,V Tandon,Vivaan Tandon
1118,21163,12244,Hemang Divan,Hemang Divan
524,21166,12245,Qarin Manda,Qarin Manda
814,21168,12246,Orinder Shankar,Orinder Shankar
125,21174,12250,Ekalinga Mann,Ekalinga Mann
1433,21175,12251,Joshua Thaman,Joshua Thaman
502,21177,12252,F. Kumer,Fitan Kumer
1090,21178,12252,F. Bhavsar,Faraj Bhavsar
482,21184,12256,Harshil Sagar,Harshil Sagar
842,21185,12257,Anay Mane,Anay Mane
814,21187,12258,Orinder sankar,Orinder Shankar
1574,21189,12259,Shivansh Prashad,Shivansh Prashad
125,21190,12260,Ekalinga Mann,Ekalinga Mann
1519,21195,12265,R Chanda,Ryan Chanda
437,21199,12267,Abeer Banerjee,Abeer Banerjee
1420,21200,12268,Balveer Luthra,Balveer Luthra
1431,21201,12268,A Warrior,Amol Warrior
94,21202,12269,M Sandhu,Mitesh Sandhu
203,21204,12269,wivaan Tandon,Vivaan Tandon
572,21205,12269,E. Mistry,Ekapad Mistry
1431,21216,12274,Amol Warrior,Amol Warrior
949,21217,12275,A. Mallick,Advaith Mallick
1431,21219,12277,A Warrior,Amol Warrior
562,21221,12277,Liam Sampath,Liam Sampath
1506,21222,12277,L. Kohli,Luke Kohli
44,21223,12278,A Patil,Anmol Patil
274,21224,12279,R. Mitter,Reyansh Mitter
463,21228,12283,Dalbir Gola,Dalbir Gola
1004,21232,12286,Advay Gara,Advay Gara
1501,21234,12287,Siddharth Dube,Siddharth Dube
225,21235,12287,Ekapad Bir,Ekapad Bir
1431,21241,12291,A. Warrior,Amol Warrior
334,21251,12296,Tristan Tiwari,Tristan Tiwari
1073,21256,12299,K Ramesh,Kiaan Ramesh
1724,21257,12300,Zayyan wirk,Zayyan Virk
1251,21261,12302,Tanish Lal,Tanish Lal
598,21262,12303,Ranbir Sengupta,Ranbir Sengupta
638,21263,12303,Robert Narayanan,Robert Narayanan
575,21268,12306,Indrajit Kuruwilla,Indrajit Kuruvilla
808,21269,12307,Nachiket Bhalla,Nachiket Bhalla
1557,21272,12308,Anirudh Shukla,Anirudh Shukla
884,21279,12312,Samesh Sawhney,Samesh Sawhney
1312,21282,12315,Aarnav Rastogi,Aarnav Rastogi
1107,21288,12318,Abir Dass,Abeer Dass
572,21289,12319,Ekapad Mistry,Ekapad Mistry
562,21291,12320,L Sampath,Liam Sampath
1708,21294,12322,T Dutt,Timothy Dutt
1073,21295,12323,Kiaan Rames,Kiaan Ramesh
502,21298,12325,Fitan Kumer,Fitan Kumer
637,21300,12326,Samaksh Rastogi,Samaksh Rastogi
185,21309,12331,Logan Kohli,Logan Kohli
1107,21311,12332,Abeer Dass,Abeer Dass
1679,21315,12334,Gopal Krish,Gopal Krish
125,21316,12334,Ekalinga Mann,Ekalinga Mann
334,21318,12335,Tristan Tiwari,Tristan Tiwari
1287,21319,12335,Kiaan Sangha,Kiaan Sangha
1435,21320,12336,R. Sibal,Rachit Sibal
796,21321,12336,M Sehgal,Mitesh Sehgal
1634,21323,12337,O Narayanan,Owen Narayanan
722,21331,12340,Aaraw setty,Aarav Shetty
374,21337,12343,Yatin Manne,Yatin Manne
808,21339,12344,Nachiket Bhalla,Nachiket Bhalla
861,21340,12345,W Radhakrishnan,Wridesh Radhakrishnan
1563,21351,12353,Harrison Modi,Harrison Modi
180,21354,12354,Wriddhish Rege,Wriddhish Rege
1563,21359,12357,H. Modi,Harrison Modi
1495,21360,12357,Maanas Mannan,Maanas Mannan
94,21362,12359,M Sandhu,Mitesh Sandhu
224,21366,12361,A Mallick,Azad Mallick
637,21377,12368,Samaksh Rastogi,Samaksh Rastogi
220,21379,12370,C Handa,Caleb Handa
1771,21385,12371,Charan More,Charan More
482,21390,12374,H Sagar,Harshil Sagar
437,21394,12376,Abeer Banerjee,Abeer Banerjee
1433,21395,12376,J. Thaman,Joshua Thaman
1344,21398,12378,Warinder Sur,Warinder Sur
1433,21403,12380,Joshua Thaman,Joshua Thaman
1073,21404,12380,K Ramesh,Kiaan Ramesh
793,21406,12381,A Chaudry,Atharv Chaudry
926,21422,12389,I Shan,Isaac Shan
1344,21424,12391,W. Sur,Warinder Sur
1241,21428,12392,Anay Barad,Anay Barad
808,21431,12393,N Bhalla,Nachiket Bhalla
1557,21433,12394,Anirudh Shukla,Anirudh Shukla
437,21436,12396,Abeer Banerjee,Abeer Banerjee
1003,21438,12397,Devansh Pall,Devansh Pall
729,21440,12397,S Halder,Samar Halder
1118,21443,12400,Hemang Divan,Hemang Divan
994,21447,12402,F Chacko,Fariq Chacko
1557,21450,12404,Anirudh Shukla,Anirudh Shukla
1541,21453,12405,Aadi Bhasin,Aadi Bhasin
971,21454,12406,P. Chakraborty,Praneel Chakraborty
44,21459,12409,Anmol Patil,Anmol Patil
125,21461,12411,Ekalinga Mann,Ekalinga Mann
909,21462,12412,X. Seshadri,Xavier Seshadri
1011,21464,12413,N Gandhi,Nachiket Gandhi
861,21465,12413,Wrides Radhakrisnan,Wridesh Radhakrishnan
1433,21468,12415,J Thaman,Joshua Thaman
1563,21474,12418,Harrison Modi,Harrison Modi
858,21476,12419,B. Dash,Bahadurjit Dash
1107,21478,12421,Abeer Dass,Abeer Dass
1708,21479,12422,Timothy Dutt,Timothy Dutt
1004,21480,12422,Advay Gara,Advay Gara
778,21482,12423,G Chada,Gaurav Chada
814,21484,12424,O Shankar,Orinder Shankar
1183,21485,12424,A. Andra,Abha Andra
1431,21490,12427,Amol Warrior,Amol Warrior
77,21494,12429,C. Kaul,Caleb Kaul
1060,21503,12435,Zayyan Sami,Zayyan Sami
637,21505,12437,S Rastogi,Samaksh Rastogi
792,21506,12438,Y. Saxena,Yochana Saxena
120,21507,12439,Abir Bhasin,Abeer Bhasin
274,21508,12440,R Mitter,Reyansh Mitter
598,21509,12441,R Sengupta,Ranbir Sengupta
820,21510,12441,Dars Ahuja,Darsh Ahuja
1771,21513,12442,Charan More,Charan More
1441,21527,12451,H. Tripathi,Harita Tripathi
309,21529,12451,U. Rajagopal,Upkaar Rajagopal
482,21536,12456,H Sagar,Harshil Sagar
1557,21538,12456,Anirudh sukla,Anirudh Shukla
1420,21539,12457,Balveer Luthra,Balveer Luthra
1708,21540,12458,Timothy Dutt,Timothy Dutt
93,21542,12459,Yagnesh Sura,Yagnesh Sura
1563,21547,12462,H. Modi,Harrison Modi
974,21550,12462,E. Ramesh,Elijah Ramesh
1580,21554,12465,Nakul Hora,Nakul Hora
510,21555,12466,F Vala,Farhan Vala
994,21558,12468,Fariq Chacko,Fariq Chacko
994,21564,12471,Fariq Chacko,Fariq Chacko
853,21570,12477,R Narayan,Rachit Narayan
1467,21572,12478,Kamya Vala,Kamya Vala
1419,21574,12479,S Sankar,Saksham Sankar
33,21576,12481,Rehaan Majumdar,Rehaan Majumdar
1273,21580,12484,R Prashad,Ronith Prashad
1073,21588,12488,Kiaan Ramesh,Kiaan Ramesh
909,21589,12489,Xavier Seshadri,Xavier Seshadri
185,21590,12489,L. Kohli,Logan Kohli
1771,21600,12495,C More,Charan More
510,21601,12495,F. Vala,Farhan Vala
1179,21602,12496,R Ganguly,Radha Ganguly
1645,21606,12498,I Shanker,Inaya Shanker
169,21608,12500,Ojas Sachar,Ojas Sachar
562,21610,12502,Liam Sampat,Liam Sampath
598,21611,12503,Ranbir Sengupta,Ranbir Sengupta
994,21615,12506,Fariq Chacko,Fariq Chacko
722,21618,12507,Aaraw setty,Aarav Shetty
304,21620,12509,Balendra Comar,Balendra Comar
167,21622,12510,Ekaja Randhawa,Ekaja Randhawa
1107,21623,12510,Abeer Dass,Abeer Dass
1005,21624,12511,Ikshita Thaman,Ikshita Thaman
1645,21625,12511,I. Shanker,Inaya Shanker
1344,21626,12512,Warinder Sur,Warinder Sur
1183,21627,12513,A Andra,Abha Andra
1004,21633,12518,Adway Gara,Advay Gara
203,21634,12519,Vivaan Tandon,Vivaan Tandon
1771,21636,12520,C More,Charan More
793,21642,12524,Atarv Chaudry,Atharv Chaudry
1335,21643,12525,Nandini Pant,Nandini Pant
450,21645,12526,Tristan Johal,Tristan Johal
1435,21647,12526,Rachit Sibal,Rachit Sibal
1004,21649,12528,A Gara,Advay Gara
1118,21652,12531,Hemang Divan,Hemang Divan
393,21653,12531,Jason Raju,Jason Raju
44,21655,12532,Anmol Patil,Anmol Patil
97,21660,12534,Q. Krishna,Qabil Krishna
768,21661,12535,Abhimanyu Acharya,Abhimanyu Acharya
1076,21663,12537,Ans Puri,Ansh Puri
1775,21667,12540,C. Rout,Caleb Rout
842,21668,12541,Anay Mane,Anay Mane
792,21677,12547,Yochana Saxena,Yochana Saxena
768,21684,12552,A. Acharya,Abhimanyu Acharya
1686,21688,12556,A. Balay,Ayaan Balay
814,21689,12556,Orinder sankar,Orinder Shankar
1004,21692,12559,A Gara,Advay Gara
808,21694,12561,Nachiket Bhalla,Nachiket Bhalla
572,21695,12561,E Mistry,Ekapad Mistry
1118,21698,12562,Hemang Diwan,Hemang Divan
1060,21702,12565,Zayyan Sami,Zayyan Sami
1679,21706,12567,Gopal Krish,Gopal Krish
9,21708,12569,I. Raj,Isaiah Raj
1431,21710,12570,Amol Warrior,Amol Warrior
949,21713,12572,A Mallick,Advaith Mallick
1645,21715,12573,Inaya Shanker,Inaya Shanker
94,21720,12578,Mitesh Sandhu,Mitesh Sandhu
638,21725,12582,Robert Narayanan,Robert Narayanan
1004,21726,12583,A. Gara,Advay Gara
209,21727,12583,T Patla,Turvi Patla
1011,21728,12584,Nachiket Gandhi,Nachiket Gandhi
94,21734,12586,M. Sandhu,Mitesh Sandhu
562,21737,12588,Liam Sampath,Liam Sampath
892,21738,12589,Haris Bala,Harish Bala
1433,21740,12590,Josua taman,Joshua Thaman
502,21741,12591,F. Kumer,Fitan Kumer
1679,21748,12596,Gopal Kris,Gopal Krish
1004,21750,12597,A. Gara,Advay Gara
892,21752,12598,Haris Bala,Harish Bala
1724,21756,12601,Zayyan wirk,Zayyan Virk
1295,21762,12604,L. Tata,Laban Tata
1420,21763,12605,B. Luthra,Balveer Luthra
835,21766,12607,J Virk,Jonathan Virk
1118,21768,12608,Hemang Divan,Hemang Divan
1183,21776,12614,A Andra,Abha Andra
341,21778,12616,Kabir Rattan,Kabir Rattan
94,21781,12617,M Sandhu,Mitesh Sandhu
482,21782,12618,H. Sagar,Harshil Sagar
1420,21784,12618,Balveer Luthra,Balveer Luthra
782,21785,12619,Yutika Yadav,Yutika Yadav
1574,21790,12622,S. Prashad,Shivansh Prashad
808,21793,12624,N. Bhalla,Nachiket Bhalla
44,21795,12625,Anmol Patil,Anmol Patil
1431,21797,12627,Amol Warrior,Amol Warrior
1433,21798,12627,J Thaman,Joshua Thaman
1467,21799,12628,Kamya wala,Kamya Vala
69,21802,12630,F Raj,Faris Raj
125,21803,12631,E Mann,Ekalinga Mann
638,21804,12632,Robert Narayanan,Robert Narayanan
1711,21806,12634,G Sandhu,Gavin Sandhu
1004,21809,12637,Advay Gara,Advay Gara
638,21811,12639,Robert Narayanan,Robert Narayanan
1118,21812,12640,Hemang Diwan,Hemang Divan
562,21814,12642,Liam Sampath,Liam Sampath
209,21816,12643,Turvi Patla,Turvi Patla
274,21825,12649,R. Mitter,Reyansh Mitter
722,21829,12652,Aarav Shetty,Aarav Shetty
274,21832,12653,Reyansh Mitter,Reyansh Mitter
1237,21836,12657,A Kaul,Anmol Kaul
1724,21838,12658,Zayyan Virk,Zayyan Virk
994,21839,12659,Fariq Chacko,Fariq Chacko
1004,21841,12661,Advay Gara,Advay Gara
33,21845,12664,Rehaan Majumdar,Rehaan Majumdar
1005,21846,12665,Ikshita Thaman,Ikshita Thaman
18,21849,12666,H. Jain,Henry Jain
94,21850,12666,Mitesh Sandhu,Mitesh Sandhu
861,21852,12668,W. Radhakrishnan,Wridesh Radhakrishnan
1467,21857,12672,Kamya Vala,Kamya Vala
792,21862,12674,Yochana Saxena,Yochana Saxena
1060,21864,12675,Zayyan Sami,Zayyan Sami
1557,21872,12679,Anirudh Shukla,Anirudh Shukla
821,21880,12683,Ekansh Bir,Ekansh Bir
1007,21881,12684,Z Tandon,Zayyan Tandon
1005,21884,12686,I Thaman,Ikshita Thaman
638,21886,12688,Robert Narayanan,Robert Narayanan
792,21887,12689,Yochana Saxena,Yochana Saxena
1679,21894,12693,G Krish,Gopal Krish
250,21896,12694,J. Samra,Jonathan Samra
949,21897,12694,A. Mallick,Advaith Mallick
482,21898,12695,Harsil Sagar,Harshil Sagar
1771,21900,12697,C. More,Charan More
1563,21906,12702,Harrison Modi,Harrison Modi
380,21907,12702,Gauraw Dugar,Gaurav Dugar
1541,21909,12704,Aadi Bhasin,Aadi Bhasin
125,21911,12705,E Mann,Ekalinga Mann
637,21916,12708,Samaksh Rastogi,Samaksh Rastogi
1287,21927,12713,Kiaan Sangha,Kiaan Sangha
1060,21929,12715,Zayyan Sami,Zayyan Sami
793,21931,12716,A. Chaudry,Atharv Chaudry
768,21937,12721,A. Acharya,Abhimanyu Acharya
1679,21940,12723,Gopal Krish,Gopal Krish
1118,21941,12723,Hemang Diwan,Hemang Divan
637,21945,12726,Samaks Rastogi,Samaksh Rastogi
1467,21946,12726,Kamya Vala,Kamya Vala
395,21947,12727,Laksh Virk,Laksh Virk
1574,21952,12730,sivansh Prasad,Shivansh Prashad
393,21953,12731,Jason Raju,Jason Raju
33,21956,12733,Rehaan Majumdar,Rehaan Majumdar
1475,21957,12734,Q Narain,Qarin Narain
892,21959,12735,H Bala,Harish Bala
1011,21964,12739,N Gandhi,Nachiket Gandhi
1433,21967,12741,J. Thaman,Joshua Thaman
274,21968,12741,Reyansh Mitter,Reyansh Mitter
1431,21974,12744,Amol Warrior,Amol Warrior
792,21977,12746,Yochana Saxena,Yochana Saxena
1557,21982,12750,Anirudh sukla,Anirudh Shukla
318,21985,12751,Karan seth,Karan Sheth
1574,21988,12754,S. Prashad,Shivansh Prashad
97,21991,12755,Q Krishna,Qabil Krishna
395,21996,12757,Laksh Virk,Laksh Virk
1183,21997,12758,Abha Andra,Abha Andra
1118,22000,12760,Hemang Diwan,Hemang Divan
44,22002,12760,A. Patil,Anmol Patil
395,22005,12763,Laksh Virk,Laksh Virk
817,22006,12764,Jacob Deshpande,Jacob Deshpande
909,22007,12765,Xawier Sesadri,Xavier Seshadri
1431,22009,12767,A Warrior,Amol Warrior
250,22021,12773,Jonathan Samra,Jonathan Samra
1563,22024,12776,Harrison Modi,Harrison Modi
1060,22025,12776,Z. Sami,Zayyan Sami
44,22029,12777,Anmol Patil,Anmol Patil
1716,22038,12783,Eesha Bhat,Eesha Bhat
349,22042,12787,K. Rege,Krishna Rege
1011,22046,12790,Nachiket Gandhi,Nachiket Gandhi
125,22051,12792,Ekalinga Mann,Ekalinga Mann
814,22052,12792,Orinder Shankar,Orinder Shankar
793,22054,12793,A. Chaudry,Atharv Chaudry
1003,22056,12795,Devansh Pall,Devansh Pall
484,22058,12796,C. Randhawa,Chaitanya Randhawa
1563,22061,12799,Harrison Modi,Harrison Modi
94,22063,12801,M. Sandhu,Mitesh Sandhu
793,22065,12801,Atharv Chaudry,Atharv Chaudry
93,22071,12806,Y Sura,Yagnesh Sura
1004,22076,12810,A. Gara,Advay Gara
482,22081,12814,Harsil Sagar,Harshil Sagar
1251,22089,12818,Tanish Lal,Tanish Lal
209,22091,12820,T Patla,Turvi Patla
994,22093,12821,F Chacko,Fariq Chacko
1796,22095,12822,W Vohra,Warinder Vohra
572,22109,12828,Ekapad Mistry,Ekapad Mistry
892,22111,12829,H Bala,Harish Bala
250,22115,12832,J Samra,Jonathan Samra
842,22116,12833,A Mane,Anay Mane
393,22122,12836,Jason Raju,Jason Raju
1005,22124,12838,I. Thaman,Ikshita Thaman
697,22126,12839,Tarak Bhatnagar,Tarak Bhatnagar
994,22128,12840,F. Chacko,Fariq Chacko
994,22129,12841,F. Chacko,Fariq Chacko
1679,22130,12841,Gopal Krish,Gopal Krish
793,22132,12842,Atharv Chaudry,Atharv Chaudry
842,22136,12844,Anay Mane,Anay Mane
722,22139,12845,Aaraw setty,Aarav Shetty
722,22142,12847,A Shetty,Aarav Shetty
1004,22145,12849,Adway Gara,Advay Gara
33,22148,12850,Rehaan Majumdar,Rehaan Majumdar
943,22149,12851,Ans Som,Ansh Som
808,22150,12851,N Bhalla,Nachiket Bhalla
874,22160,12857,J. Sahota,Jeet Sahota
1251,22163,12860,Tanish Lal,Tanish Lal
875,22164,12860,Nitara Apte,Nitara Apte
1011,22165,12860,Nachiket Gandhi,Nachiket Gandhi
842,22166,12861,A. Mane,Anay Mane
334,22175,12866,Tristan Tiwari,Tristan Tiwari
238,22177,12867,A. Keer,Azad Keer
1679,22179,12868,Gopal Krish,Gopal Krish
575,22182,12869,I Kuruvilla,Indrajit Kuruvilla
44,22186,12871,Anmol Patil,Anmol Patil
1541,22187,12871,A. Bhasin,Aadi Bhasin
1118,22195,12875,Hemang Diwan,Hemang Divan
1541,22201,12877,Aadi Bhasin,Aadi Bhasin
598,22203,12879,R. Sengupta,Ranbir Sengupta
33,22206,12880,R. Majumdar,Rehaan Majumdar
1073,22209,12882,Kiaan Ramesh,Kiaan Ramesh
572,22210,12883,Ekapad Mistry,Ekapad Mistry
89,22211,12884,M. Kapadia,Manan Kapadia
33,22212,12885,R. Majumdar,Rehaan Majumdar
1118,22216,12888,Hemang Divan,Hemang Divan
510,22217,12888,Farhan Vala,Farhan Vala
33,22219,12889,Rehaan Majumdar,Rehaan Majumdar
97,22221,12890,Qabil Krishna,Qabil Krishna
1227,22224,12891,A. Andra,Amol Andra
250,22233,12897,J Samra,Jonathan Samra
334,22234,12898,Tristan Tiwari,Tristan Tiwari
1431,22236,12899,Amol Warrior,Amol Warrior
94,22245,12904,M Sandhu,Mitesh Sandhu
1563,22248,12907,Harrison Modi,Harrison Modi
1073,22249,12907,K Ramesh,Kiaan Ramesh
957,22257,12911,Gopal Bawa,Gopal Bawa
1645,22259,12913,Inaya Shanker,Inaya Shanker
1433,22265,12917,J Thaman,Joshua Thaman
909,22266,12917,Xavier Seshadri,Xavier Seshadri
482,22271,12919,Harshil Sagar,Harshil Sagar
605,22273,12920,N Bhat,Nathan Bhat
598,22274,12921,R Sengupta,Ranbir Sengupta
94,22276,12922,Mites Sandhu,Mitesh Sandhu
1708,22277,12923,Timothy Dutt,Timothy Dutt
209,22278,12924,Turwi Patla,Turvi Patla
1073,22279,12925,Kiaan Ramesh,Kiaan Ramesh
575,22280,12926,Indrajit Kuruvilla,Indrajit Kuruvilla
185,22291,12930,L. Kohli,Logan Kohli
274,22292,12931,R Mitter,Reyansh Mitter
1679,22294,12933,Gopal Kris,Gopal Krish
1563,22296,12934,Harrison Modi,Harrison Modi
274,22297,12934,Reyansh Mitter,Reyansh Mitter
1708,22298,12935,T. Dutt,Timothy Dutt
203,22299,12936,Vivaan Tandon,Vivaan Tandon
502,22300,12936,F Kumer,Fitan Kumer
1467,22301,12937,Kamya wala,Kamya Vala
393,22304,12940,Jason Raju,Jason Raju
842,22306,12942,A Mane,Anay Mane
93,22308,12944,Y Sura,Yagnesh Sura
1045,22311,12947,Chandran Modi,Chandran Modi
1679,22320,12952,Gopal Kris,Gopal Krish
1344,22321,12953,Warinder Sur,Warinder Sur
395,22325,12956,Laks wirk,Laksh Virk
793,22328,12958,A Chaudry,Atharv Chaudry
360,22329,12958,Champak Upadhyay,Champak Upadhyay
793,22331,12960,Atarv Chaudry,Atharv Chaudry
395,22338,12963,L Virk,Laksh Virk
909,22344,12965,X Seshadri,Xavier Seshadri
768,22346,12966,A. Acharya,Abhimanyu Acharya
94,22348,12967,Mitesh Sandhu,Mitesh Sandhu
437,22349,12968,Abeer Banerjee,Abeer Banerjee
1107,22353,12969,Abir Dass,Abeer Dass
193,22354,12970,Ganga Bhatnagar,Ganga Bhatnagar
209,22357,12971,Turvi Patla,Turvi Patla
1005,22359,12972,Iksita taman,Ikshita Thaman
1420,22361,12972,Balveer Luthra,Balveer Luthra
93,22362,12973,Yagnesh Sura,Yagnesh Sura
1344,22364,12975,W. Sur,Warinder Sur
437,22367,12977,Abeer Banerjee,Abeer Banerjee
104,22368,12977,Iswar Rama,Ishwar Rama
1497,22369,12977,J. Sarna,Jackson Sarna
108,22371,12978,Pratyush Oommen,Pratyush Oommen
909,22372,12978,X. Seshadri,Xavier Seshadri
209,22376,12980,T Patla,Turvi Patla
1557,22381,12981,Anirudh Shukla,Anirudh Shukla
1645,22383,12982,I. Shanker,Inaya Shanker
892,22393,12989,Harish Bala,Harish Bala
1344,22396,12991,W. Sur,Warinder Sur
203,22399,12992,V Tandon,Vivaan Tandon
1287,22400,12992,K Sangha,Kiaan Sangha
1574,22401,12993,Shiwansh Prasad,Shivansh Prashad
566,22405,12995,A Ravel,Arjun Ravel
588,22407,12997,C Natarajan,Charles Natarajan
683,22409,12998,Hritik Madan,Hritik Madan
482,22414,12999,Harshil Sagar,Harshil Sagar
1287,22418,13001,K Sangha,Kiaan Sangha
250,22419,13001,Jonatan Samra,Jonathan Samra
896,22420,13001,Hritik Kale,Hritik Kale
994,22425,13005,Fariq Chacko,Fariq Chacko
1318,22426,13005,Peter Bajwa,Peter Bajwa
1004,22431,13007,A Gara,Advay Gara
1060,22433,13009,Zayyan Sami,Zayyan Sami
1563,22439,13012,Harrison Modi,Harrison Modi
274,22440,13012,Reyansh Mitter,Reyansh Mitter
814,22446,13016,Orinder Shankar,Orinder Shankar
994,22447,13016,F. Chacko,Fariq Chacko
203,22452,13019,Vivaan Tandon,Vivaan Tandon
1433,22455,13020,Joshua Thaman,Joshua Thaman
203,22456,13021,Vivaan Tandon,Vivaan Tandon
334,22459,13022,Tristan Tiwari,Tristan Tiwari
93,22460,13023,Yagnes Sura,Yagnesh Sura
185,22462,13024,Logan Kohli,Logan Kohli
1052,22463,13025,F. Randhawa,Faras Randhawa
1707,22464,13026,Harrison Prabhu,Harrison Prabhu
1183,22467,13029,A. Andra,Abha Andra
1557,22469,13030,Anirudh Shukla,Anirudh Shukla
510,22471,13031,Farhan Vala,Farhan Vala
909,22473,13033,X Seshadri,Xavier Seshadri
1262,22476,13036,Theodore Ghose,Theodore Ghose
125,22478,13038,E Mann,Ekalinga Mann
1563,22488,13046,H. Modi,Harrison Modi
909,22492,13049,X. Seshadri,Xavier Seshadri
1175,22494,13050,W Saraf,Warda Saraf
1003,22495,13050,D. Pall,Devansh Pall
94,22497,13052,M. Sandhu,Mitesh Sandhu
209,22511,13061,Turvi Patla,Turvi Patla
185,22514,13063,L. Kohli,Logan Kohli
572,22520,13067,Ekapad Mistry,Ekapad Mistry
1287,22530,13072,K. Sangha,Kiaan Sangha
949,22531,13073,Advaith Mallick,Advaith Mallick
1679,22532,13074,Gopal Krish,Gopal Krish
395,22537,13076,L. Virk,Laksh Virk
909,22540,13079,Xavier Seshadri,Xavier Seshadri
1557,22541,13080,A Shukla,Anirudh Shukla
209,22545,13084,Turwi Patla,Turvi Patla
1011,22546,13085,N. Gandhi,Nachiket Gandhi
572,22547,13085,Ekapad Mistry,Ekapad Mistry
1004,22549,13087,Advay Gara,Advay Gara
1431,22551,13088,Amol Warrior,Amol Warrior
274,22555,13090,Reyansh Mitter,Reyansh Mitter
44,22556,13090,Anmol Patil,Anmol Patil
209,22558,13091,T Patla,Turvi Patla
867,22562,13094,J. Shanker,Jatin Shanker
1708,22563,13095,T Dutt,Timothy Dutt
1574,22566,13096,Shivansh Prashad,Shivansh Prashad
1351,22567,13096,M. Kakar,Michael Kakar
1050,22572,13099,J. Guha,Jack Guha
722,22576,13101,Aarav Shetty,Aarav Shetty
97,22578,13103,Qabil Krishna,Qabil Krishna
1287,22579,13103,K Sangha,Kiaan Sangha
250,22581,13105,J. Samra,Jonathan Samra
393,22582,13105,J Raju,Jason Raju
1563,22583,13106,Harrison Modi,Harrison Modi
1433,22584,13107,Josua taman,Joshua Thaman
842,22585,13108,A Mane,Anay Mane
1599,22590,13110,Azad Deep,Azad Deep
638,22591,13111,R Narayanan,Robert Narayanan
1431,22597,13115,Amol Warrior,Amol Warrior
1679,22600,13116,Gopal Kris,Gopal Krish
185,22602,13117,Logan Kohli,Logan Kohli
97,22605,13118,Qabil Krisna,Qabil Krishna
395,22610,13121,L. Virk,Laksh Virk
1011,22611,13121,Nachiket Gandhi,Nachiket Gandhi
1679,22614,13123,Gopal Krish,Gopal Krish
250,22622,13129,Jonatan Samra,Jonathan Samra
1128,22623,13130,Balvan Basu,Balvan Basu
285,22624,13131,Charles Ganguly,Charles Ganguly
502,22625,13132,Fitan Kumer,Fitan Kumer
1731,22626,13132,Orinder Ramanatan,Orinder Ramanathan
1645,22631,13134,I. Shanker,Inaya Shanker
71,22635,13136,Mason Babu,Mason Babu
1541,22636,13137,A. Bhasin,Aadi Bhasin
1011,22637,13137,N Gandhi,Nachiket Gandhi
1005,22644,13141,I Thaman,Ikshita Thaman
33,22647,13142,R Majumdar,Rehaan Majumdar
1060,22648,13142,Zayyan Sami,Zayyan Sami
1444,22651,13144,J. Shroff,Jagdish Shroff
274,22653,13146,R Mitter,Reyansh Mitter
1073,22655,13148,K Ramesh,Kiaan Ramesh
1557,22661,13150,Anirudh Shukla,Anirudh Shukla
1708,22662,13151,Timothy Dutt,Timothy Dutt
209,22664,13152,Turwi Patla,Turvi Patla
814,22667,13154,O. Shankar,Orinder Shankar
90,22670,13156,T Khare,Thomas Khare
892,22671,13157,Haris Bala,Harish Bala
395,22673,13159,Laksh Virk,Laksh Virk
437,22679,13161,A. Banerjee,Abeer Banerjee
792,22680,13162,Yochana Saxena,Yochana Saxena
1708,22682,13163,Timothy Dutt,Timothy Dutt
393,22683,13164,J Raju,Jason Raju
575,22687,13166,I. Kuruvilla,Indrajit Kuruvilla
250,22690,13168,Jonathan Samra,Jonathan Samra
793,22691,13169,A. Chaudry,Atharv Chaudry
1004,22694,13171,A. Gara,Advay Gara
238,22697,13172,A Keer,Azad Keer
949,22702,13177,Advaith Mallick,Advaith Mallick
575,22708,13181,Indrajit Kuruvilla,Indrajit Kuruvilla
638,22709,13181,Robert Narayanan,Robert Narayanan
97,22712,13183,Q Krishna,Qabil Krishna
768,22717,13187,Abhimanyu Acharya,Abhimanyu Acharya
625,22718,13188,Tejas Rajagopal,Tejas Rajagopal
274,22719,13189,R Mitter,Reyansh Mitter
562,22725,13191,L Sampath,Liam Sampath
548,22729,13193,V. Prabhu,Veda Prabhu
892,22731,13195,H. Bala,Harish Bala
808,22734,13196,N. Bhalla,Nachiket Bhalla
1073,22735,13196,K Ramesh,Kiaan Ramesh
1645,22737,13197,Inaya Shanker,Inaya Shanker
562,22739,13199,Liam Sampath,Liam Sampath
1004,22742,13200,A. Gara,Advay Gara
572,22744,13201,Ekapad Mistry,Ekapad Mistry
1724,22746,13203,Z Virk,Zayyan Virk
1505,22747,13204,Aahana Din,Aahana Din
909,22749,13205,Xawier Sesadri,Xavier Seshadri
463,22750,13206,D. Gola,Dalbir Gola
250,22753,13207,Jonathan Samra,Jonathan Samra
21,22754,13208,C. Zacharia,Chaitanya Zacharia
97,22757,13208,Q Krishna,Qabil Krishna
598,22760,13209,Ranbir Sengupta,Ranbir Sengupta
125,22761,13209,E. Mann,Ekalinga Mann
527,22763,13211,Ranbir Swamy,Ranbir Swamy
909,22764,13212,X. Seshadri,Xavier Seshadri
97,22766,13212,Qabil Krishna,Qabil Krishna
502,22773,13218,Fitan Kumer,Fitan Kumer
814,22774,13219,O Shankar,Orinder Shankar
598,22782,13223,R Sengupta,Ranbir Sengupta
1073,22787,13226,K. Ramesh,Kiaan Ramesh
97,22792,13231,Qabil Krisna,Qabil Krishna
1541,22796,13234,A. Bhasin,Aadi Bhasin
1183,22799,13236,Abha Andra,Abha Andra
1435,22803,13237,Rachit Sibal,Rachit Sibal
33,22806,13240,Rehaan Majumdar,Rehaan Majumdar
1435,22807,13240,R Sibal,Rachit Sibal
1771,22808,13240,Charan More,Charan More
1446,22809,13241,A Pall,Anay Pall
125,22810,13242,E Mann,Ekalinga Mann
94,22813,13243,Mitesh Sandhu,Mitesh Sandhu
1003,22815,13245,Dewansh Pall,Devansh Pall
125,22818,13246,Ekalinga Mann,Ekalinga Mann
1574,22819,13247,Shivansh Prashad,Shivansh Prashad
33,22821,13247,R Majumdar,Rehaan Majumdar
1557,22823,13248,Anirudh Shukla,Anirudh Shukla
220,22825,13250,Caleb Handa,Caleb Handa
1435,22827,13250,Rachit Sibal,Rachit Sibal
1771,22834,13254,C. More,Charan More
814,22835,13255,Orinder sankar,Orinder Shankar
722,22836,13255,Aarav Shetty,Aarav Shetty
1073,22837,13256,Kiaan Ramesh,Kiaan Ramesh
238,22840,13257,Azad Keer,Azad Keer
1433,22842,13258,J Thaman,Joshua Thaman
1011,22845,13259,Nachiket Gandhi,Nachiket Gandhi
238,22846,13260,Azad Kir,Azad Keer
1408,22848,13262,Amaira Dugal,Amaira Dugal
271,22850,13263,I. Som,Ikbal Som
355,22853,13265,Om Vaidya,Om Vaidya
303,22855,13266,Saksham Bhalla,Saksham Bhalla
1427,22857,13267,V. Das,Veer Das
202,22860,13270,Wishi Dora,Wishi Dora
401,22862,13271,Samar Memon,Samar Memon
109,22870,13274,A Magar,Anusha Magar
522,22877,13277,Kabir Trivedi,Kabir Trivedi
895,22878,13278,Faras Raj,Faras Raj
1538,22879,13278,Qadim Narula,Qadim Narula
1593,22881,13279,Watika Mani,Watika Mani
553,22886,13282,Thomas Parmar,Thomas Parmar
469,22887,13283,R Puri,Rayaan Puri
620,22888,13284,A. Ratta,Amaira Ratta
687,22891,13285,Aayush Pal,Aayush Pal
1670,22892,13285,Arin Krishnamurthy,Arin Krishnamurthy
1603,22894,13286,Chakradhar Agrawal,Chakradhar Agrawal
875,22898,13289,N Apte,Nitara Apte
1205,22900,13291,Charan Tiwari,Charan Tiwari
837,22902,13292,J Varma,Jai Varma
87,22903,13293,Aryan Barad,Aryan Barad
1493,22908,13295,Zayan Natarajan,Zayan Natarajan
41,22909,13296,G. Iyer,Gabriel Iyer
1721,22911,13297,Suhani Walia,Suhani Walia
599,22913,13298,Mohammed Bhardwaj,Mohammed Bhardwaj
670,22914,13298,Chandresh Viswanathan,Chandresh Viswanathan
497,22916,13300,Qasim Pall,Qasim Pall
392,22919,13302,M Keer,Matthew Keer
11,22922,13304,I. Baral,Ishaan Baral
1593,22933,13311,Watika Mani,Watika Mani
958,22935,13311,Diwya Kant,Divya Kant
1322,22947,13317,J. Devi,Jack Devi
41,22952,13320,G Iyer,Gabriel Iyer
1694,22953,13320,V Jha,Vedant Jha
910,22954,13321,C Chakrabarti,Chakradhar Chakrabarti
14,22957,13323,Balendra Shenoy,Balendra Shenoy
1157,22960,13324,C. Sachdev,Christopher Sachdev
711,22962,13324,Gagan Sankaran,Gagan Sankaran
42,22964,13325,Umang Dyal,Umang Dyal
566,22965,13326,Arjun Ravel,Arjun Ravel
1191,22966,13326,S Kalla,Sarthak Kalla
469,22976,13333,Rayaan Puri,Rayaan Puri
1241,22979,13334,Anay Barad,Anay Barad
303,22983,13337,S Bhalla,Saksham Bhalla
345,22985,13337,Rusil Yadaw,Rushil Yadav
446,22986,13338,Y. Jaggi,Yadavi Jaggi
682,22987,13338,Samart Padmanabhan,Samarth Padmanabhan
1157,22988,13339,Christopher Sachdev,Christopher Sachdev
682,22991,13341,Samarth Padmanabhan,Samarth Padmanabhan
1672,22994,13343,O. Barman,Omkaar Barman
638,22999,13344,Robert Narayanan,Robert Narayanan
160,23001,13345,Nathan Balakrishnan,Nathan Balakrishnan
611,23002,13346,Krishna Basu,Krishna Basu
837,23004,13346,Jai Varma,Jai Varma
406,23005,13347,Vincent Koshy,Vincent Koshy
620,23006,13348,Amayra Ratta,Amaira Ratta
1204,23007,13348,Neel Dua,Neel Dua
57,23009,13350,R. Sawhney,Ranbir Sawhney
271,23011,13351,I. Som,Ikbal Som
1570,23012,13352,Michael Choudhary,Michael Choudhary
42,23015,13353,Umang Dyal,Umang Dyal
392,23017,13355,M. Keer,Matthew Keer
1205,23018,13356,C Tiwari,Charan Tiwari
874,23024,13359,Jeet Sahota,Jeet Sahota
1322,23025,13360,J. Devi,Jack Devi
711,23026,13360,Gagan Sankaran,Gagan Sankaran
303,23028,13362,Saksam Bhalla,Saksham Bhalla
1564,23031,13363,Indrajit Dada,Indrajit Dada
553,23033,13365,Thomas Parmar,Thomas Parmar
42,23039,13368,Umang Dyal,Umang Dyal
1540,23044,13371,H Tailor,Hemal Tailor
391,23045,13372,Yatan Din,Yatan Din
1734,23046,13373,Harsil Bhawsar,Harshil Bhavsar
1027,23048,13374,Anay Nazareth,Anay Nazareth
202,23051,13377,Wisi Dora,Wishi Dora
421,23053,13379,Jeremiah Bora,Jeremiah Bora
711,23057,13381,Gagan Sankaran,Gagan Sankaran
955,23059,13381,A. Bora,Ayushman Bora
392,23060,13382,Matthew Keer,Matthew Keer
1356,23061,13383,Ayaan Dubey,Ayaan Dubey
202,23064,13384,W Dora,Wishi Dora
1661,23067,13385,Harsil Kara,Harshil Kara
1371,23071,13386,D. Tella,Dhruv Tella
57,23075,13389,Ranbir Sawhney,Ranbir Sawhney
401,23076,13390,S. Memon,Samar Memon
1670,23078,13392,Arin Krishnamurthy,Arin Krishnamurthy
1721,23082,13396,S. Walia,Suhani Walia
958,23083,13397,Divya Kant,Divya Kant
303,23085,13398,S Bhalla,Saksham Bhalla
101,23086,13399,E. Lata,Elijah Lata
1621,23089,13400,A Lal,Aditya Lal
1371,23091,13402,Dhruv Tella,Dhruv Tella
837,23092,13403,J Varma,Jai Varma
1538,23093,13404,Qadim Narula,Qadim Narula
1204,23094,13404,Neel Dua,Neel Dua
542,23095,13405,Advay Majumdar,Advay Majumdar
1322,23098,13407,Jack Devi,Jack Devi
1570,23100,13409,Michael Choudhary,Michael Choudhary
517,23107,13412,D Dey,Daniel Dey
1342,23108,13412,Qasim Devan,Qasim Devan
670,23111,13413,Chandresh Viswanathan,Chandresh Viswanathan
553,23113,13414,T Parmar,Thomas Parmar
272,23116,13415,B Sura,Banjeet Sura
1447,23122,13420,Luke Menon,Luke Menon
391,23129,13424,Yatan Din,Yatan Din
1157,23135,13427,Christopher Sachdev,Christopher Sachdev
391,23136,13428,Yatan Din,Yatan Din
670,23137,13429,Chandresh Viswanathan,Chandresh Viswanathan
422,23138,13430,Laban Kota,Laban Kota
1027,23143,13432,Anay Nazareth,Anay Nazareth
711,23144,13433,Gagan Sankaran,Gagan Sankaran
1526,23146,13434,B. Kala,Bakhshi Kala
1621,23147,13435,Aditya Lal,Aditya Lal
202,23148,13435,Wishi Dora,Wishi Dora
1540,23151,13436,Hemal Tailor,Hemal Tailor
522,23154,13438,Kabir Triwedi,Kabir Trivedi
242,23155,13439,Odika Bora,Odika Bora
11,23157,13439,Ishaan Baral,Ishaan Baral
661,23159,13440,P. Madan,Parth Madan
577,23161,13440,S. Deo,Samuel Deo
398,23162,13441,J Mohanty,Joshua Mohanty
1027,23171,13447,A. Nazareth,Anay Nazareth
570,23172,13447,Y. Chacko,Yashawini Chacko
1540,23175,13449,H. Tailor,Hemal Tailor
1593,23177,13450,W. Mani,Watika Mani
1603,23180,13453,Chakradhar Agrawal,Chakradhar Agrawal
305,23181,13453,George Khare,George Khare
1204,23182,13453,N. Dua,Neel Dua
1322,23185,13455,Jack Dewi,Jack Devi
41,23187,13455,Gabriel Iyer,Gabriel Iyer
406,23189,13456,Vincent Koshy,Vincent Koshy
1593,23195,13460,W Mani,Watika Mani
1476,23196,13461,Samuel Atwal,Samuel Atwal
1342,23201,13464,Qasim Devan,Qasim Devan
1447,23204,13466,Luke Menon,Luke Menon
391,23205,13467,Y. Din,Yatan Din
1603,23212,13471,Chakradhar Agrawal,Chakradhar Agrawal
633,23214,13471,Zashil Shukla,Zashil Shukla
1027,23218,13472,Anay Nazareth,Anay Nazareth
1721,23221,13474,Suhani Walia,Suhani Walia
1602,23223,13476,P Raghavan,Pranav Raghavan
1157,23224,13477,Christofer Sachdew,Christopher Sachdev
1540,23231,13480,Hemal Tailor,Hemal Tailor
1621,23233,13481,A Lal,Aditya Lal
628,23236,13482,Mason Bhalla,Mason Bhalla
993,23248,13490,Reyansh Tiwari,Reyansh Tiwari
1734,23251,13491,Harsil Bhawsar,Harshil Bhavsar
431,23255,13494,Frado Pandya,Frado Pandya
1159,23262,13498,R. Singhal,Rudra Singhal
462,23264,13499,Tanveer Gola,Tanveer Gola
87,23268,13502,Aryan Barad,Aryan Barad
392,23270,13503,Mattew Kir,Matthew Keer
958,23284,13511,Divya Kant,Divya Kant
285,23285,13512,Charles Ganguly,Charles Ganguly
14,23286,13513,B Shenoy,Balendra Shenoy
1356,23287,13513,Ayaan Dubey,Ayaan Dubey
401,23295,13518,S Memon,Samar Memon
1493,23298,13519,Zayan Natarajan,Zayan Natarajan
1493,23300,13520,Z. Natarajan,Zayan Natarajan
1342,23302,13522,Qasim Dewan,Qasim Devan
355,23306,13524,Om Vaidya,Om Vaidya
1734,23309,13526,H. Bhavsar,Harshil Bhavsar
1621,23313,13528,A. Lal,Aditya Lal
1796,23317,13530,Warinder wohra,Warinder Vohra
160,23318,13531,N Balakrishnan,Nathan Balakrishnan
1621,23319,13531,A Lal,Aditya Lal
202,23321,13533,W. Dora,Wishi Dora
1540,23324,13534,Hemal Tailor,Hemal Tailor
1249,23325,13535,William Krishna,William Krishna
11,23326,13536,I Baral,Ishaan Baral
392,23327,13537,Matthew Keer,Matthew Keer
1205,23329,13538,Charan Tiwari,Charan Tiwari
109,23334,13539,Anusa Magar,Anusha Magar
960,23335,13539,L. Kulkarni,Leena Kulkarni
898,23336,13540,H. Badal,Harshil Badal
1699,23340,13541,O Narasimhan,Ojas Narasimhan
1732,23341,13542,R Bhatti,Rehaan Bhatti
1245,23343,13544,Ijaya Balay,Ijaya Balay
469,23345,13545,Rayaan Puri,Rayaan Puri
1602,23346,13546,Pranav Raghavan,Pranav Raghavan
953,23348,13547,A Dutta,Ayush Dutta
937,23350,13549,Ekapad Lal,Ekapad Lal
874,23352,13550,J. Sahota,Jeet Sahota
398,23354,13551,J. Mohanty,Joshua Mohanty
958,23356,13553,Divya Kant,Divya Kant
837,23358,13555,J. Varma,Jai Varma
1445,23359,13555,A. Pant,Arjun Pant
303,23367,13559,S Bhalla,Saksham Bhalla
620,23371,13561,Amaira Ratta,Amaira Ratta
1408,23372,13561,Amaira Dugal,Amaira Dugal
391,23374,13561,Yatan Din,Yatan Din
958,23376,13563,D. Kant,Divya Kant
11,23377,13564,I. Baral,Ishaan Baral
1672,23378,13564,O. Barman,Omkaar Barman
958,23379,13564,D. Kant,Divya Kant
41,23381,13565,G Iyer,Gabriel Iyer
519,23383,13566,Ekavir Goel,Ekavir Goel
1371,23391,13569,Dhruw Tella,Dhruv Tella
194,23395,13571,Ayush Mishra,Ayush Mishra
431,23398,13573,F Pandya,Frado Pandya
160,23400,13574,Nathan Balakrishnan,Nathan Balakrishnan
1027,23403,13576,Anay Nazareth,Anay Nazareth
355,23404,13576,Om Vaidya,Om Vaidya
611,23406,13577,Krishna Basu,Krishna Basu
211,23408,13578,A. Mani,Amara Mani
1540,23410,13580,H. Tailor,Hemal Tailor
392,23413,13581,M Keer,Matthew Keer
578,23414,13582,Qadim Nagi,Qadim Nagi
1205,23417,13583,C Tiwari,Charan Tiwari
898,23418,13584,Harsil Badal,Harshil Badal
836,23419,13585,K. Bumb,Kevin Bumb
1732,23420,13585,Rehaan Bhatti,Rehaan Bhatti
922,23422,13585,Agastya Ahluwalia,Agastya Ahluwalia
1356,23423,13586,A. Dubey,Ayaan Dubey
1603,23424,13587,C Agrawal,Chakradhar Agrawal
1337,23425,13587,George Bali,George Bali
1371,23426,13587,Dhruv Tella,Dhruv Tella
1567,23433,13593,Zehaan Chad,Zehaan Chad
42,23435,13595,Umang Dyal,Umang Dyal
131,23438,13597,Aayus sroff,Aayush Shroff
1241,23439,13597,A Barad,Anay Barad
682,23446,13602,Samart Padmanabhan,Samarth Padmanabhan
90,23448,13602,tomas kare,Thomas Khare
288,23455,13607,R Desai,Rudra Desai
109,23459,13609,A Magar,Anusha Magar
11,23465,13611,Ishaan Baral,Ishaan Baral
969,23470,13615,Hardik Salvi,Hardik Salvi
542,23471,13615,Adway Majumdar,Advay Majumdar
1540,23472,13616,Hemal Taylor,Hemal Tailor
1205,23479,13619,C Tiwari,Charan Tiwari
1157,23482,13620,C. Sachdev,Christopher Sachdev
495,23490,13624,Shaurya Sha,Shaurya Sha
1540,23493,13626,Hemal Tailor,Hemal Tailor
355,23494,13626,O Vaidya,Om Vaidya
303,23495,13626,Saksham Bhalla,Saksham Bhalla
1593,23496,13627,W Mani,Watika Mani
11,23497,13627,Ishaan Baral,Ishaan Baral
431,23502,13630,Frado Pandya,Frado Pandya
1621,23503,13630,Aditya Lal,Aditya Lal
1721,23508,13631,S. Walia,Suhani Walia
1476,23511,13632,S. Atwal,Samuel Atwal
578,23512,13633,Qadim Nagi,Qadim Nagi
446,23514,13635,Y Jaggi,Yadavi Jaggi
446,23515,13635,Yadavi Jaggi,Yadavi Jaggi
28,23516,13636,Neha Mishra,Neha Mishra
392,23518,13637,M. Keer,Matthew Keer
1493,23519,13638,Zayan Natarajan,Zayan Natarajan
1379,23522,13640,Gauri Chaudhuri,Gauri Chaudhuri
1476,23523,13641,Samuel Atwal,Samuel Atwal
863,23524,13642,Nitesh Seth,Nitesh Seth
553,23525,13642,Thomas Parmar,Thomas Parmar
1701,23526,13643,Dakshesh Bhatt,Dakshesh Bhatt
898,23532,13647,H. Badal,Harshil Badal
1602,23533,13648,Pranaw Raghawan,Pranav Raghavan
1593,23534,13649,Watika Mani,Watika Mani
160,23536,13651,N Balakrishnan,Nathan Balakrishnan
1157,23537,13651,Christofer Sachdew,Christopher Sachdev
401,23544,13657,S. Memon,Samar Memon
355,23545,13658,O. Vaidya,Om Vaidya
87,23546,13659,A Barad,Aryan Barad
1408,23547,13660,A. Dugal,Amaira Dugal
522,23548,13661,Kabir Trivedi,Kabir Trivedi
202,23550,13662,W Dora,Wishi Dora
1342,23554,13666,Qasim Dewan,Qasim Devan
898,23568,13673,H. Badal,Harshil Badal
1157,23570,13675,C Sachdev,Christopher Sachdev
446,23572,13675,Y. Jaggi,Yadavi Jaggi
406,23574,13677,Vincent Koshy,Vincent Koshy
1241,23575,13678,A Barad,Anay Barad
87,23592,13689,Aryan Barad,Aryan Barad
1493,23593,13690,Zayan Natarajan,Zayan Natarajan
953,23594,13690,Ayush Dutta,Ayush Dutta
1621,23606,13698,A. Lal,Aditya Lal
1540,23611,13701,H. Tailor,Hemal Tailor
271,23616,13704,I. Som,Ikbal Som
522,23619,13705,Kabir Trivedi,Kabir Trivedi
406,23621,13706,Vincent Koshy,Vincent Koshy
522,23622,13706,K. Trivedi,Kabir Trivedi
611,23623,13706,Krishna Basu,Krishna Basu
1476,23624,13707,Samuel Atwal,Samuel Atwal
1602,23625,13707,Pranaw Raghawan,Pranav Raghavan
1540,23628,13708,Hemal Tailor,Hemal Tailor
1670,23631,13710,A Krishnamurthy,Arin Krishnamurthy
1672,23633,13711,O. Barman,Omkaar Barman
224,23634,13712,Azad Mallick,Azad Mallick
1570,23638,13715,Michael Choudhary,Michael Choudhary
1621,23643,13717,Aditya Lal,Aditya Lal
874,23647,13721,J. Sahota,Jeet Sahota
682,23648,13722,S Padmanabhan,Samarth Padmanabhan
202,23652,13725,Wisi Dora,Wishi Dora
953,23660,13729,Ayus Dutta,Ayush Dutta
1593,23663,13730,W. Mani,Watika Mani
42,23664,13731,Umang Dyal,Umang Dyal
670,23670,13736,C. Viswanathan,Chandresh Viswanathan
392,23672,13737,Matthew Keer,Matthew Keer
542,23673,13738,Advay Majumdar,Advay Majumdar
303,23677,13740,Saksham Bhalla,Saksham Bhalla
542,23680,13742,A. Majumdar,Advay Majumdar
57,23683,13743,R. Sawhney,Ranbir Sawhney
958,23689,13746,Divya Kant,Divya Kant
42,23690,13747,U Dyal,Umang Dyal
620,23691,13748,A Ratta,Amaira Ratta
202,23693,13749,Wisi Dora,Wishi Dora
41,23694,13750,G. Iyer,Gabriel Iyer
553,23695,13751,Thomas Parmar,Thomas Parmar
1205,23696,13752,C. Tiwari,Charan Tiwari
398,23697,13753,Joshua Mohanty,Joshua Mohanty
1356,23698,13753,A. Dubey,Ayaan Dubey
1721,23702,13756,Suhani Walia,Suhani Walia
1493,23703,13756,Z Natarajan,Zayan Natarajan
711,23704,13757,Gagan Sankaran,Gagan Sankaran
1371,23705,13758,Dhruw Tella,Dhruv Tella
1570,23708,13760,Michael Choudhary,Michael Choudhary
87,23709,13760,Aryan Barad,Aryan Barad
953,23710,13760,A Dutta,Ayush Dutta
1592,23711,13760,Chatresh Acharya,Chatresh Acharya
1204,23715,13762,Neel Dua,Neel Dua
1493,23716,13763,Zayan Natarajan,Zayan Natarajan
398,23719,13763,Joshua Mohanty,Joshua Mohanty
1621,23721,13765,Aditya Lal,Aditya Lal
167,23722,13765,E. Randhawa,Ekaja Randhawa
109,23723,13766,A. Magar,Anusha Magar
530,23724,13767,Reyansh Oak,Reyansh Oak
1673,23726,13768,G Chana,Girish Chana
160,23731,13770,N. Balakrishnan,Nathan Balakrishnan
670,23735,13772,C Viswanathan,Chandresh Viswanathan
1538,23736,13773,Qadim Narula,Qadim Narula
57,23737,13773,Ranbir Sawhney,Ranbir Sawhney
1621,23739,13774,Aditya Lal,Aditya Lal
898,23740,13775,Harsil Badal,Harshil Badal
1191,23741,13776,Sartak Kalla,Sarthak Kalla
202,23744,13777,Wishi Dora,Wishi Dora
1538,23747,13778,Q. Narula,Qadim Narula
1371,23750,13781,D Tella,Dhruv Tella
1721,23753,13783,Suhani Walia,Suhani Walia
1157,23756,13784,Christopher Sachdev,Christopher Sachdev
611,23760,13787,Krishna Basu,Krishna Basu
1602,23766,13792,Pranav Raghavan,Pranav Raghavan
1205,23768,13792,Charan Tiwari,Charan Tiwari
392,23769,13792,M. Keer,Matthew Keer
1538,23771,13794,Qadim Narula,Qadim Narula
1493,23773,13796,Z Natarajan,Zayan Natarajan
1356,23774,13796,A Dubey,Ayaan Dubey
87,23778,13798,Aryan Barad,Aryan Barad
1356,23780,13799,A. Dubey,Ayaan Dubey
303,23781,13800,Saksham Bhalla,Saksham Bhalla
1204,23785,13802,Neel Dua,Neel Dua
401,23789,13803,Samar Memon,Samar Memon
542,23791,13804,A Majumdar,Advay Majumdar
1493,23792,13805,Zayan Natarajan,Zayan Natarajan
398,23793,13806,J. Mohanty,Joshua Mohanty
1241,23794,13806,Anay Barad,Anay Barad
1738,23805,13812,A Ahuja,Aadi Ahuja
1322,23807,13813,Jack Devi,Jack Devi
1672,23808,13814,Omkaar Barman,Omkaar Barman
1204,23809,13815,Neel Dua,Neel Dua
1734,23816,13819,H. Bhavsar,Harshil Bhavsar
391,23819,13822,Y. Din,Yatan Din
1038,23821,13823,A. D’Alia,Anthony D’Alia
1157,23823,13824,Christofer Sachdew,Christopher Sachdev
682,23825,13825,S Padmanabhan,Samarth Padmanabhan
298,23831,13829,Brijesh Dey,Brijesh Dey
391,23832,13830,Y. Din,Yatan Din
109,23833,13830,A. Magar,Anusha Magar
1477,23834,13831,L. Char,Leena Char
355,23837,13832,Om Vaidya,Om Vaidya
1447,23840,13835,Luke Menon,Luke Menon
670,23847,13838,C Viswanathan,Chandresh Viswanathan
1570,23848,13838,M. Choudhary,Michael Choudhary
1429,23850,13840,Nilima Narayn,Nilima Narain
1794,23851,13841,saurya Parmer,Shaurya Parmer
1593,23852,13842,Watika Mani,Watika Mani
1476,23860,13846,Samuel Atwal,Samuel Atwal
194,23862,13847,A Mishra,Ayush Mishra
1603,23863,13847,Chakradhar Agrawal,Chakradhar Agrawal
1322,23864,13847,J Devi,Jack Devi
391,23866,13848,Yatan Din,Yatan Din
87,23869,13849,Aryan Barad,Aryan Barad
298,23871,13850,Brijes Dey,Brijesh Dey
958,23874,13851,Divya Kant,Divya Kant
42,23875,13851,Umang Dyal,Umang Dyal
687,23876,13851,Aayus Pal,Aayush Pal
1038,23881,13855,Anthony D’Alia,Anthony D’Alia
553,23883,13857,Thomas Parmar,Thomas Parmar
1027,23885,13858,A Nazareth,Anay Nazareth
1356,23887,13860,A Dubey,Ayaan Dubey
303,23888,13861,S. Bhalla,Saksham Bhalla
1191,23890,13862,Sartak Kalla,Sarthak Kalla
960,23897,13866,L. Kulkarni,Leena Kulkarni
611,23900,13866,K Basu,Krishna Basu
563,23901,13867,C Bhatti,Charles Bhatti
958,23904,13869,Divya Kant,Divya Kant
160,23905,13870,Natan Balakrisnan,Nathan Balakrishnan
1241,23907,13872,A Barad,Anay Barad
57,23909,13873,R Sawhney,Ranbir Sawhney
1493,23910,13873,Zayan Natarajan,Zayan Natarajan
874,23916,13877,J. Sahota,Jeet Sahota
271,23917,13877,Ikbal Som,Ikbal Som
11,23918,13878,Ishaan Baral,Ishaan Baral
866,23919,13878,R. Bal,Ranveer Bal
1603,23920,13879,C. Agrawal,Chakradhar Agrawal
542,23922,13880,Advay Majumdar,Advay Majumdar
614,23926,13883,A Talwar,Alexander Talwar
400,23929,13884,G. Chanda,Gagan Chanda
485,23932,13885,R. Chana,Ranbir Chana
14,23933,13885,B. Shenoy,Balendra Shenoy
1322,23934,13886,Jack Dewi,Jack Devi
14,23936,13886,Balendra Shenoy,Balendra Shenoy
1593,23939,13889,W Mani,Watika Mani
1356,23943,13891,A. Dubey,Ayaan Dubey
599,23949,13895,M. Bhardwaj,Mohammed Bhardwaj
391,23955,13899,Y. Din,Yatan Din
271,23957,13900,I. Som,Ikbal Som
398,23964,13904,Joshua Mohanty,Joshua Mohanty
1097,23967,13906,Rachit Balan,Rachit Balan
87,23968,13907,A Barad,Aryan Barad
599,23972,13910,M. Bhardwaj,Mohammed Bhardwaj
406,23974,13911,V Koshy,Vincent Koshy
355,23975,13911,Om Vaidya,Om Vaidya
1629,23983,13914,K. Dayal,Kiaan Dayal
355,23985,13915,Om Vaidya,Om Vaidya
1734,23986,13915,Harshil Bhavsar,Harshil Bhavsar
874,23990,13917,J Sahota,Jeet Sahota
1534,23992,13919,A Murthy,Aadi Murthy
553,23994,13919,T Parmar,Thomas Parmar
1538,23997,13921,Q Narula,Qadim Narula
682,24003,13924,S. Padmanabhan,Samarth Padmanabhan
953,24007,13927,Ayush Dutta,Ayush Dutta
682,24012,13931,Samarth Padmanabhan,Samarth Padmanabhan
57,24014,13932,Ranbir Sawhney,Ranbir Sawhney
1603,24016,13933,C Agrawal,Chakradhar Agrawal
41,24017,13933,Gabriel Iyer,Gabriel Iyer
1205,24020,13934,C. Tiwari,Charan Tiwari
41,24024,13936,Gabriel Iyer,Gabriel Iyer
1621,24027,13937,Aditya Lal,Aditya Lal
1721,24030,13939,S Walia,Suhani Walia
1408,24034,13941,A Dugal,Amaira Dugal
1241,24035,13942,Anay Barad,Anay Barad
611,24041,13945,Krishna Basu,Krishna Basu
1342,24042,13946,Q Devan,Qasim Devan
1322,24044,13947,Jack Devi,Jack Devi
682,24046,13948,S. Padmanabhan,Samarth Padmanabhan
1540,24049,13951,Hemal Taylor,Hemal Tailor
1157,24052,13951,Christofer Sachdew,Christopher Sachdev
517,24053,13952,D. Dey,Daniel Dey
345,24054,13953,Rushil Yadav,Rushil Yadav
303,24059,13957,Saksham Bhalla,Saksham Bhalla
874,24065,13961,Jeet Sahota,Jeet Sahota
1672,24067,13961,Omkaar Barman,Omkaar Barman
1476,24069,13963,S Atwal,Samuel Atwal
469,24070,13964,R Puri,Rayaan Puri
271,24075,13967,I. Som,Ikbal Som
1209,24080,13969,Ekansh Magar,Ekansh Magar
1027,24081,13970,Anay Nazareth,Anay Nazareth
1241,24084,13971,Anay Barad,Anay Barad
898,24085,13972,Harsil Badal,Harshil Badal
834,24092,13974,F Bal,Faras Bal
1535,24096,13975,Pawani Padmanabhan,Pavani Padmanabhan
391,24102,13979,Yatan Din,Yatan Din
522,24104,13980,Kabir Trivedi,Kabir Trivedi
517,24105,13981,Daniel Dey,Daniel Dey
1790,24106,13981,Jeet Sathe,Jeet Sathe
11,24110,13982,I Baral,Ishaan Baral
1770,24113,13984,G Sankar,Gabriel Sankar
834,24116,13986,F Bal,Faras Bal
1476,24124,13990,S. Atwal,Samuel Atwal
296,24126,13992,A Dasgupta,Avni Dasgupta
1205,24130,13994,C. Tiwari,Charan Tiwari
682,24131,13994,S. Padmanabhan,Samarth Padmanabhan
1593,24132,13995,Watika Mani,Watika Mani
721,24133,13996,H. Devan,Harrison Devan
517,24134,13997,Daniel Dey,Daniel Dey
401,24135,13998,Samar Memon,Samar Memon
57,24138,14000,Ranbir Sawhney,Ranbir Sawhney
1732,24140,14000,R. Bhatti,Rehaan Bhatti
1191,24142,14001,S. Kalla,Sarthak Kalla
248,24144,14003,Priya takkar,Priya Thakkar
522,24147,14005,K Trivedi,Kabir Trivedi
1207,24148,14006,Chandran Sangha,Chandran Sangha
271,24150,14007,Ikbal Som,Ikbal Som
1468,24153,14010,Warjas Sengupta,Warjas Sengupta
98,24158,14013,Mason Shukla,Mason Shukla
517,24163,14016,Daniel Dey,Daniel Dey
392,24166,14018,Matthew Keer,Matthew Keer
599,24168,14019,Mohammed Bhardwaj,Mohammed Bhardwaj
834,24172,14022,Faras Bal,Faras Bal
874,24177,14025,Jit Sahota,Jeet Sahota
1732,24179,14026,Rehaan Bhatti,Rehaan Bhatti
1027,24182,14027,Anay Nazareth,Anay Nazareth
960,24184,14029,Lina Kulkarni,Leena Kulkarni
958,24185,14030,D Kant,Divya Kant
45,24186,14031,C Srinivasan,Chaman Srinivasan
1157,24187,14032,C. Sachdev,Christopher Sachdev
474,24189,14032,A. Chowdhury,Agastya Chowdhury
1204,24192,14033,N. Dua,Neel Dua
1027,24193,14034,A. Nazareth,Anay Nazareth
1538,24195,14035,Q. Narula,Qadim Narula
253,24198,14036,M Dar,Mohammed Dar
406,24201,14039,Vincent Koshy,Vincent Koshy
1621,24206,14043,A Lal,Aditya Lal
1177,24207,14044,S. Din,Samarth Din
392,24211,14047,M Keer,Matthew Keer
431,24213,14047,Frado Pandya,Frado Pandya
1447,24215,14049,L. Menon,Luke Menon
1322,24216,14050,Jack Dewi,Jack Devi
406,24217,14051,Vincent Koshy,Vincent Koshy
284,24220,14053,Benjamin Tiwari,Benjamin Tiwari
271,24221,14053,I Som,Ikbal Som
160,24225,14055,Natan Balakrisnan,Nathan Balakrishnan
953,24226,14055,A. Dutta,Ayush Dutta
611,24227,14056,Krishna Basu,Krishna Basu
1422,24231,14059,Jatin Balakrisnan,Jatin Balakrishnan
542,24233,14060,A Majumdar,Advay Majumdar
1157,24237,14063,C. Sachdev,Christopher Sachdev
271,24238,14064,Ikbal Som,Ikbal Som
517,24240,14065,D Dey,Daniel Dey
711,24243,14066,Gagan Sankaran,Gagan Sankaran
1494,24245,14068,S. Bhandari,Shivansh Bhandari
1493,24246,14069,Zayan Natarajan,Zayan Natarajan
1271,24248,14070,George Naydu,George Naidu
1493,24249,14070,Z. Natarajan,Zayan Natarajan
1205,24250,14071,Charan Tiwari,Charan Tiwari
1205,24252,14071,Charan Tiwari,Charan Tiwari
125,24254,14073,Ekalinga Mann,Ekalinga Mann
1081,24260,14077,Jackson Kari,Jackson Kari
553,24261,14077,T. Parmar,Thomas Parmar
57,24262,14077,Ranbir Sawhney,Ranbir Sawhney
605,24273,14084,N. Bhat,Nathan Bhat
41,24276,14086,Gabriel Iyer,Gabriel Iyer
1204,24277,14086,N. Dua,Neel Dua
1540,24280,14087,Hemal Tailor,Hemal Tailor
1408,24283,14087,Amaira Dugal,Amaira Dugal
333,24285,14089,Farhan Barman,Farhan Barman
321,24290,14093,C. Vala,Chatura Vala
469,24292,14094,Rayaan Puri,Rayaan Puri
960,24294,14096,Leena Kulkarni,Leena Kulkarni
7,24299,14100,Risi Magar,Rishi Magar
1598,24302,14101,I. Lall,Ira Lall
1670,24303,14101,Arin Krishnamurthy,Arin Krishnamurthy
345,24304,14102,R. Yadav,Rushil Yadav
599,24309,14105,Mohammed Bhardwaj,Mohammed Bhardwaj
1204,24315,14109,N Dua,Neel Dua
42,24316,14110,Umang Dyal,Umang Dyal
670,24320,14112,C Viswanathan,Chandresh Viswanathan
837,24322,14114,J Varma,Jai Varma
1672,24327,14115,Omkaar Barman,Omkaar Barman
398,24330,14117,Joshua Mohanty,Joshua Mohanty
1157,24331,14117,Christopher Sachdev,Christopher Sachdev
469,24335,14119,Rayaan Puri,Rayaan Puri
711,24336,14120,Gagan Sankaran,Gagan Sankaran
682,24338,14120,Samarth Padmanabhan,Samarth Padmanabhan
1538,24340,14122,Q. Narula,Qadim Narula
1356,24343,14123,Ayaan Dubey,Ayaan Dubey
1157,24345,14124,C. Sachdev,Christopher Sachdev
1732,24353,14131,Rehaan Bhatti,Rehaan Bhatti
687,24357,14134,Aayus Pal,Aayush Pal
542,24358,14135,Adway Majumdar,Advay Majumdar
320,24360,14137,A Dani,Ansh Dani
160,24365,14140,N. Balakrishnan,Nathan Balakrishnan
446,24369,14143,Yadavi Jaggi,Yadavi Jaggi
202,24370,14143,Wishi Dora,Wishi Dora
298,24371,14144,Brijesh Dey,Brijesh Dey
67,24372,14145,N Goel,Nimrat Goel
687,24375,14148,Aayush Pal,Aayush Pal
406,24378,14149,V Koshy,Vincent Koshy
782,24381,14151,Yutika Yadaw,Yutika Yadav
1732,24397,14159,Rehaan Bhatti,Rehaan Bhatti
522,24398,14160,K Trivedi,Kabir Trivedi
1371,24402,14164,D Tella,Dhruv Tella
406,24405,14165,Vincent Koshy,Vincent Koshy
1408,24406,14165,Amaira Dugal,Amaira Dugal
398,24411,14170,Joshua Mohanty,Joshua Mohanty
1157,24412,14171,Christofer Sachdew,Christopher Sachdev
1047,24415,14172,Y. Kala,Yashoda Kala
401,24418,14175,Samar Memon,Samar Memon
119,24419,14176,Yug Korpal,Yug Korpal
160,24420,14177,N Balakrishnan,Nathan Balakrishnan
1322,24422,14179,Jack Dewi,Jack Devi
1732,24424,14180,Rehaan Bhatti,Rehaan Bhatti
355,24427,14182,Om Vaydya,Om Vaidya
202,24428,14183,Wisi Dora,Wishi Dora
837,24432,14185,Jai Varma,Jai Varma
960,24439,14187,L. Kulkarni,Leena Kulkarni
391,24445,14191,Yatan Din,Yatan Din
1602,24446,14191,Pranav Raghavan,Pranav Raghavan
469,24448,14192,Rayaan Puri,Rayaan Puri
1721,24451,14192,S. Walia,Suhani Walia
620,24455,14196,Amayra Ratta,Amaira Ratta
1241,24458,14197,Anay Barad,Anay Barad
1538,24462,14200,Q Narula,Qadim Narula
202,24464,14202,Wishi Dora,Wishi Dora
72,24465,14203,A Mangat,Avi Mangat
1734,24474,14209,Harshil Bhavsar,Harshil Bhavsar
960,24478,14212,Leena Kulkarni,Leena Kulkarni
243,24479,14213,Aditya Murty,Aditya Murty
1476,24483,14215,Samuel Atwal,Samuel Atwal
611,24484,14215,K Basu,Krishna Basu
398,24485,14216,Josua Mohanty,Joshua Mohanty
687,24488,14219,Aayush Pal,Aayush Pal
958,24489,14219,Diwya Kant,Divya Kant
834,24490,14220,F Bal,Faras Bal
960,24495,14221,Lina Kulkarni,Leena Kulkarni
194,24496,14222,Ayush Mishra,Ayush Mishra
851,24502,14225,Etan Sama,Ethan Sama
1721,24504,14227,S. Walia,Suhani Walia
303,24507,14229,Saksham Bhalla,Saksham Bhalla
670,24508,14230,Chandres wiswanathan,Chandresh Viswanathan
953,24510,14230,Ayush Dutta,Ayush Dutta
633,24512,14231,Z Shukla,Zashil Shukla
160,24517,14234,Nathan Balakrishnan,Nathan Balakrishnan
1371,24519,14235,Dhruv Tella,Dhruv Tella
1480,24521,14237,Fitan Raval,Fitan Raval
1670,24522,14237,A Krishnamurthy,Arin Krishnamurthy
271,24528,14240,Ikbal Som,Ikbal Som
109,24531,14242,Anusha Magar,Anusha Magar
398,24533,14244,J Mohanty,Joshua Mohanty
1364,24534,14245,Y Om,Yatin Om
14,24536,14245,Balendra Shenoy,Balendra Shenoy
469,24537,14246,Rayaan Puri,Rayaan Puri
303,24539,14248,Saksham Bhalla,Saksham Bhalla
958,24540,14249,Divya Kant,Divya Kant
401,24541,14250,Samar Memon,Samar Memon
611,24542,14250,K. Basu,Krishna Basu
1157,24545,14251,C Sachdev,Christopher Sachdev
117,24547,14252,Abhiram Prakash,Abhiram Prakash
1191,24551,14255,S. Kalla,Sarthak Kalla
874,24552,14255,Jeet Sahota,Jeet Sahota
542,24557,14258,Adway Majumdar,Advay Majumdar
682,24559,14258,S Padmanabhan,Samarth Padmanabhan
687,24560,14259,A Pal,Aayush Pal
960,24562,14259,Lina Kulkarni,Leena Kulkarni
874,24563,14259,J. Sahota,Jeet Sahota
57,24567,14262,R Sawhney,Ranbir Sawhney
1538,24570,14263,Qadim Narula,Qadim Narula
1342,24572,14265,Qasim Devan,Qasim Devan
255,24575,14267,Finn Sur,Finn Sur
14,24578,14270,Balendra Shenoy,Balendra Shenoy
918,24579,14270,Maya Ghose,Maya Ghose
1089,24582,14271,Isaac Bhawsar,Isaac Bhavsar
318,24584,14272,K. Sheth,Karan Sheth
1732,24585,14272,R Bhatti,Rehaan Bhatti
194,24587,14274,A. Mishra,Ayush Mishra
1222,24589,14276,T Som,Tanay Som
1540,24595,14279,H. Tailor,Hemal Tailor
469,24598,14280,Rayaan Puri,Rayaan Puri
1191,24601,14283,S Kalla,Sarthak Kalla
1670,24605,14285,Arin Krisnamurthy,Arin Krishnamurthy
345,24611,14288,Rusil Yadaw,Rushil Yadav
1593,24614,14289,Watika Mani,Watika Mani
398,24615,14290,Joshua Mohanty,Joshua Mohanty
109,24620,14295,Anusa Magar,Anusha Magar
743,24621,14295,K. Sodhi,Kashvi Sodhi
958,24624,14298,D. Kant,Divya Kant
298,24625,14299,Brijesh Dey,Brijesh Dey
391,24628,14300,Y. Din,Yatan Din
355,24629,14301,Om Vaydya,Om Vaidya
952,24632,14304,F Deep,Fitan Deep
869,24633,14304,A. Acharya,Anmol Acharya
1204,24634,14304,Neel Dua,Neel Dua
1356,24637,14306,A. Dubey,Ayaan Dubey
1342,24639,14308,Qasim Dewan,Qasim Devan
406,24641,14308,V Koshy,Vincent Koshy
1734,24642,14308,H Bhavsar,Harshil Bhavsar
670,24644,14310,C Viswanathan,Chandresh Viswanathan
446,24646,14311,Y Jaggi,Yadavi Jaggi
1657,24647,14312,B Sahota,Baljiwan Sahota
1603,24649,14313,Chakradhar Agrawal,Chakradhar Agrawal
711,24652,14315,Gagan Sankaran,Gagan Sankaran
958,24653,14315,Divya Kant,Divya Kant
314,24654,14315,Tarak Anand,Tarak Anand
1476,24658,14317,S. Atwal,Samuel Atwal
687,24659,14318,Aayush Pal,Aayush Pal
1444,24666,14321,Jagdish Shroff,Jagdish Shroff
1551,24672,14325,Jeet Kohli,Jeet Kohli
1593,24675,14326,W. Mani,Watika Mani
355,24678,14328,O. Vaidya,Om Vaidya
1621,24679,14328,A Lal,Aditya Lal
1408,24680,14328,Amaira Dugal,Amaira Dugal
1670,24682,14329,A Krishnamurthy,Arin Krishnamurthy
57,24683,14330,R. Sawhney,Ranbir Sawhney
1433,24692,14334,Joshua Thaman,Joshua Thaman
355,24694,14336,Om waidya,Om Vaidya
944,24695,14336,A. Bhalla,Amara Bhalla
446,24700,14338,Y Jaggi,Yadavi Jaggi
898,24701,14339,H Badal,Harshil Badal
1541,24704,14340,A Bhasin,Aadi Bhasin
1603,24706,14341,C. Agrawal,Chakradhar Agrawal
953,24710,14345,Ayush Dutta,Ayush Dutta
1721,24712,14346,S. Walia,Suhani Walia
837,24716,14348,Jai Varma,Jai Varma
1621,24720,14349,A Lal,Aditya Lal
687,24723,14351,A Pal,Aayush Pal
874,24725,14352,J Sahota,Jeet Sahota
611,24730,14354,Krishna Basu,Krishna Basu
162,24731,14354,Y Ganguly,Yasti Ganguly
1615,24732,14354,K. D’Alia,Krish D’Alia
1689,24740,14360,P Deshmukh,Parth Deshmukh
1540,24741,14360,H. Tailor,Hemal Tailor
1570,24744,14361,Michael Choudhary,Michael Choudhary
345,24745,14362,R Yadav,Rushil Yadav
611,24749,14365,Krishna Basu,Krishna Basu
375,24750,14366,T Divan,Tanish Divan
682,24752,14367,Samart Padmanabhan,Samarth Padmanabhan
1670,24754,14369,A. Krishnamurthy,Arin Krishnamurthy
1484,24756,14369,Faris Balakrisnan,Faris Balakrishnan
1342,24759,14372,Qasim Dewan,Qasim Devan
953,24763,14375,Ayush Dutta,Ayush Dutta
11,24767,14378,I. Baral,Ishaan Baral
392,24768,14379,M Keer,Matthew Keer
543,24771,14380,Dalbir Handa,Dalbir Handa
874,24772,14380,J Sahota,Jeet Sahota
398,24776,14384,Josua Mohanty,Joshua Mohanty
1525,24777,14384,Q Shere,Quincy Shere
1538,24779,14385,Qadim Narula,Qadim Narula
219,24780,14386,Shivansh Swaminathan,Shivansh Swaminathan
1205,24781,14386,Charan Tiwari,Charan Tiwari
30,24782,14387,Nakul Minhas,Nakul Minhas
271,24784,14388,Ikbal Som,Ikbal Som
261,24785,14389,S Chahal,Saksham Chahal
1205,24790,14393,Charan Tiwari,Charan Tiwari
542,24796,14396,Advay Majumdar,Advay Majumdar
1038,24797,14397,Anthony D’Alia,Anthony D’Alia
1371,24799,14398,D Tella,Dhruv Tella
431,24800,14399,Frado Pandya,Frado Pandya
254,24801,14400,K. Sur,Kiaan Sur
57,24804,14402,R Sawhney,Ranbir Sawhney
329,24805,14402,Chakradev Kadakia,Chakradev Kadakia
1278,24807,14403,E Dugal,Ekanta Dugal
711,24809,14405,Gagan Sankaran,Gagan Sankaran
1602,24811,14406,P Raghavan,Pranav Raghavan
898,24812,14407,Harsil Badal,Harshil Badal
355,24814,14408,O. Vaidya,Om Vaidya
837,24818,14411,J Varma,Jai Varma
1538,24820,14411,Qadim Narula,Qadim Narula
298,24821,14411,Brijesh Dey,Brijesh Dey
1191,24822,14412,S. Kalla,Sarthak Kalla
1621,24824,14413,Aditya Lal,Aditya Lal
1278,24825,14413,Ekanta Dugal,Ekanta Dugal
202,24828,14415,Wishi Dora,Wishi Dora
522,24829,14416,K. Trivedi,Kabir Trivedi
670,24832,14419,Chandres wiswanathan,Chandresh Viswanathan
1157,24839,14424,Christopher Sachdev,Christopher Sachdev
711,24843,14425,Gagan Sankaran,Gagan Sankaran
1191,24845,14426,Sarthak Kalla,Sarthak Kalla
42,24846,14427,Umang Dyal,Umang Dyal
794,24849,14429,J. Kakar,Jackson Kakar
401,24853,14430,Samar Memon,Samar Memon
1205,24856,14432,C Tiwari,Charan Tiwari
1408,24858,14432,Amaira Dugal,Amaira Dugal
345,24859,14433,R Yadav,Rushil Yadav
1038,24860,14433,A D’Alia,Anthony D’Alia
620,24862,14434,Amaira Ratta,Amaira Ratta
271,24864,14435,I. Som,Ikbal Som
1473,24868,14437,Logan Bhattacharyya,Logan Bhattacharyya
355,24870,14438,Om Vaidya,Om Vaidya
1734,24874,14441,H. Bhavsar,Harshil Bhavsar
452,24889,14450,J Sampath,Jackson Sampath
271,24890,14450,Ikbal Som,Ikbal Som
1800,24891,14450,Aishani Narasimhan,Aishani Narasimhan
1363,24892,14450,Sai Nazareth,Sai Nazareth
1603,24895,14452,Chakradhar Agrawal,Chakradhar Agrawal
1447,24898,14453,Luke Menon,Luke Menon
1241,24905,14459,A. Barad,Anay Barad
620,24907,14461,A Ratta,Amaira Ratta
391,24929,14475,Y Din,Yatan Din
1191,24932,14476,S Kalla,Sarthak Kalla
271,24936,14478,Ikbal Som,Ikbal Som
953,24938,14480,A. Dutta,Ayush Dutta
1408,24939,14480,Amayra Dugal,Amaira Dugal
1426,24940,14481,Jagdish Rai,Jagdish Rai
1080,24941,14482,L. Rastogi,Liam Rastogi
1732,24946,14484,Rehaan Bhatti,Rehaan Bhatti
41,24948,14484,G. Iyer,Gabriel Iyer
834,24949,14485,Faras Bal,Faras Bal
109,24950,14486,A Magar,Anusha Magar
542,24951,14486,Advay Majumdar,Advay Majumdar
152,24952,14487,Wazir Dugal,Wazir Dugal
355,24958,14492,O Vaidya,Om Vaidya
298,24959,14492,Brijes Dey,Brijesh Dey
687,24962,14493,Aayush Pal,Aayush Pal
1261,24965,14495,Guneet Borah,Guneet Borah
711,24968,14498,Gagan Sankaran,Gagan Sankaran
303,24973,14502,Saksham Bhalla,Saksham Bhalla
599,24979,14506,M. Bhardwaj,Mohammed Bhardwaj
670,24984,14509,Chandres Viswanatan,Chandresh Viswanathan
345,24991,14513,R. Yadav,Rushil Yadav
958,24992,14513,D Kant,Divya Kant
620,24994,14514,Amaira Ratta,Amaira Ratta
834,24998,14515,Faras Bal,Faras Bal
711,24999,14515,Gagan Sankaran,Gagan Sankaran
960,25000,14516,Lina Kulkarni,Leena Kulkarni
874,25001,14516,Jit Sahota,Jeet Sahota
1342,25006,14520,Q Devan,Qasim Devan
160,25011,14522,N. Balakrishnan,Nathan Balakrishnan
721,25013,14524,Harrison Dewan,Harrison Devan
711,25015,14525,G. Sankaran,Gagan Sankaran
702,25018,14526,Aadi Bhakta,Aadi Bhakta
670,25019,14527,C Viswanathan,Chandresh Viswanathan
599,25023,14530,Mohammed Bhardwaj,Mohammed Bhardwaj
522,25024,14530,K. Trivedi,Kabir Trivedi
1342,25025,14531,Q. Devan,Qasim Devan
1476,25036,14537,Samuel Atwal,Samuel Atwal
398,25038,14539,Joshua Mohanty,Joshua Mohanty
1732,25041,14540,R. Bhatti,Rehaan Bhatti
611,25042,14540,Krisna Basu,Krishna Basu
1535,25046,14542,Pawani Padmanabhan,Pavani Padmanabhan
1493,25047,14542,Zayan Natarajan,Zayan Natarajan
412,25050,14545,Darpan Comar,Darpan Comar
874,25053,14547,J Sahota,Jeet Sahota
1540,25054,14548,Hemal Taylor,Hemal Tailor
202,25058,14550,Wishi Dora,Wishi Dora
837,25059,14551,Jai Varma,Jai Varma
41,25063,14553,G Iyer,Gabriel Iyer
687,25066,14555,Aayus Pal,Aayush Pal
11,25067,14555,Ishaan Baral,Ishaan Baral
1356,25071,14556,Ayaan Dubey,Ayaan Dubey
57,25072,14557,Ranbir Sawhney,Ranbir Sawhney
1621,25080,14563,A. Lal,Aditya Lal
382,25086,14567,W Banik,Wriddhish Banik
1721,25090,14570,S Walia,Suhani Walia
1540,25091,14570,H Tailor,Hemal Tailor
1593,25095,14573,W Mani,Watika Mani
837,25098,14575,Jay warma,Jai Varma
357,25099,14576,Hredhaan Memon,Hredhaan Memon
1204,25108,14581,Neel Dua,Neel Dua
1672,25109,14581,Omkaar Barman,Omkaar Barman
345,25111,14581,Rushil Yadav,Rushil Yadav
605,25113,14582,N Bhat,Nathan Bhat
517,25120,14585,Daniel Dey,Daniel Dey
687,25121,14585,A Pal,Aayush Pal
1493,25122,14586,Zayan Natarajan,Zayan Natarajan
291,25126,14589,L Talwar,Laban Talwar
834,25133,14594,Faras Bal,Faras Bal
542,25137,14596,A Majumdar,Advay Majumdar
392,25143,14599,Matthew Keer,Matthew Keer
1493,25150,14603,Zayan Natarajan,Zayan Natarajan
164,25158,14608,Samaksh Sahni,Samaksh Sahni
41,25160,14609,Gabriel Iyer,Gabriel Iyer
1205,25162,14610,C. Tiwari,Charan Tiwari
670,25168,14612,C Viswanathan,Chandresh Viswanathan
160,25173,14614,N. Balakrishnan,Nathan Balakrishnan
266,25174,14614,Nimrat Rana,Nimrat Rana
517,25176,14616,Daniel Dey,Daniel Dey
1241,25177,14617,A Barad,Anay Barad
1204,25180,14618,Neel Dua,Neel Dua
1241,25183,14620,Anay Barad,Anay Barad
1191,25184,14621,S. Kalla,Sarthak Kalla
11,25189,14623,I. Baral,Ishaan Baral
542,25191,14624,Advay Majumdar,Advay Majumdar
1670,25192,14625,Arin Krishnamurthy,Arin Krishnamurthy
1540,25194,14625,H. Tailor,Hemal Tailor
303,25198,14627,Saksham Bhalla,Saksham Bhalla
953,25202,14630,Ayush Dutta,Ayush Dutta
1027,25204,14631,A. Nazareth,Anay Nazareth
392,25209,14633,Matthew Keer,Matthew Keer
1777,25210,14633,Z Prashad,Zilmil Prashad
711,25211,14634,Gagan Sankaran,Gagan Sankaran
145,25212,14634,I Viswanathan,Isaiah Viswanathan
400,25213,14634,Gagan Chanda,Gagan Chanda
898,25215,14635,H. Badal,Harshil Badal
1191,25220,14639,Sartak Kalla,Sarthak Kalla
1593,25221,14639,W. Mani,Watika Mani
687,25226,14642,A. Pal,Aayush Pal
542,25239,14649,Adway Majumdar,Advay Majumdar
1408,25240,14650,Amaira Dugal,Amaira Dugal
1670,25246,14655,Arin Krishnamurty,Arin Krishnamurthy
711,25251,14659,Gagan Sankaran,Gagan Sankaran
41,25269,14673,G. Iyer,Gabriel Iyer
1540,25271,14674,Hemal Tailor,Hemal Tailor
837,25277,14677,J. Varma,Jai Varma
1371,25281,14678,Dhruv Tella,Dhruv Tella
517,25284,14680,Daniel Dey,Daniel Dey
1205,25291,14684,C Tiwari,Charan Tiwari
303,25292,14684,Saksam Bhalla,Saksham Bhalla
1204,25295,14687,N. Dua,Neel Dua
303,25302,14690,Saksham Bhalla,Saksham Bhalla
57,25303,14690,R Sawhney,Ranbir Sawhney
1157,25305,14691,C Sachdev,Christopher Sachdev
41,25308,14693,G Iyer,Gabriel Iyer
1322,25311,14695,J. Devi,Jack Devi
446,25313,14696,Y. Jaggi,Yadavi Jaggi
837,25316,14699,Jai Varma,Jai Varma
1114,25317,14700,Krisna katri,Krishna Khatri
1485,25319,14700,Chanakya Bera,Chanakya Bera
1342,25320,14700,Qasim Dewan,Qasim Devan
271,25321,14701,I. Som,Ikbal Som
1603,25332,14709,Chakradhar Agrawal,Chakradhar Agrawal
1204,25336,14710,N Dua,Neel Dua
1322,25338,14712,Jack Devi,Jack Devi
431,25339,14712,F Pandya,Frado Pandya
384,25340,14713,S Uppal,Samesh Uppal
553,25344,14716,T. Parmar,Thomas Parmar
194,25345,14716,Ayush Mishra,Ayush Mishra
14,25348,14719,Balendra senoy,Balendra Shenoy
398,25351,14721,Joshua Mohanty,Joshua Mohanty
303,25353,14722,Saksham Bhalla,Saksham Bhalla
431,25359,14724,Frado Pandya,Frado Pandya
41,25366,14728,G Iyer,Gabriel Iyer
303,25367,14729,Saksham Bhalla,Saksham Bhalla
682,25369,14730,S Padmanabhan,Samarth Padmanabhan
89,25370,14731,M Kapadia,Manan Kapadia
1342,25372,14733,Q Devan,Qasim Devan
392,25375,14735,Mattew Kir,Matthew Keer
1371,25377,14736,Dhruv Tella,Dhruv Tella
711,25379,14737,Gagan Sankaran,Gagan Sankaran
960,25382,14740,Leena Kulkarni,Leena Kulkarni
109,25383,14741,Anusha Magar,Anusha Magar
194,25384,14741,A Mishra,Ayush Mishra
1566,25387,14743,K. Soman,Kavya Soman
542,25388,14744,Adway Majumdar,Advay Majumdar
11,25389,14744,I Baral,Ishaan Baral
1699,25394,14747,O Narasimhan,Ojas Narasimhan
1593,25395,14747,Watika Mani,Watika Mani
1371,25399,14750,Dhruw Tella,Dhruv Tella
1038,25404,14755,Antony D’Alia,Anthony D’Alia
398,25408,14759,Joshua Mohanty,Joshua Mohanty
517,25409,14759,D Dey,Daniel Dey
271,25410,14760,I Som,Ikbal Som
1611,25412,14762,Lakshit Bal,Lakshit Bal
517,25415,14764,D Dey,Daniel Dey
953,25417,14765,Ayush Dutta,Ayush Dutta
1356,25418,14766,Ayaan Dubey,Ayaan Dubey
567,25423,14768,Victor Gala,Victor Gala
1493,25425,14769,Z Natarajan,Zayan Natarajan
303,25428,14771,Saksham Bhalla,Saksham Bhalla
1732,25431,14772,R Bhatti,Rehaan Bhatti
194,25434,14774,A. Mishra,Ayush Mishra
436,25436,14775,C Bir,Christopher Bir
1670,25438,14777,Arin Krishnamurthy,Arin Krishnamurthy
62,25439,14777,Utkarsh Kulkarni,Utkarsh Kulkarni
1038,25440,14777,A D’Alia,Anthony D’Alia
1732,25442,14778,R. Bhatti,Rehaan Bhatti
522,25444,14779,K. Trivedi,Kabir Trivedi
542,25448,14781,Advay Majumdar,Advay Majumdar
87,25451,14782,A. Barad,Aryan Barad
953,25452,14783,Ayus Dutta,Ayush Dutta
611,25455,14785,K Basu,Krishna Basu
611,25457,14787,Krishna Basu,Krishna Basu
1540,25460,14789,Hemal Tailor,Hemal Tailor
223,25465,14793,Udant Tandon,Udant Tandon
553,25469,14795,T. Parmar,Thomas Parmar
1027,25478,14802,A. Nazareth,Anay Nazareth
1241,25480,14803,Anay Barad,Anay Barad
1593,25482,14803,Watika Mani,Watika Mani
687,25488,14807,Aayush Pal,Aayush Pal
711,25492,14810,Gagan Sankaran,Gagan Sankaran
1027,25496,14813,A Nazareth,Anay Nazareth
1734,25501,14815,H. Bhavsar,Harshil Bhavsar
345,25502,14816,Rusil Yadaw,Rushil Yadav
194,25504,14817,Ayush Mishra,Ayush Mishra
1204,25506,14818,N Dua,Neel Dua
1570,25507,14818,M Choudhary,Michael Choudhary
160,25508,14819,N Balakrishnan,Nathan Balakrishnan
391,25511,14820,Y Din,Yatan Din
271,25513,14822,Ikbal Som,Ikbal Som
1476,25514,14823,Samuel Atwal,Samuel Atwal
1672,25516,14824,Omkaar Barman,Omkaar Barman
1447,25517,14825,Luke Menon,Luke Menon
41,25520,14825,Gabriel Iyer,Gabriel Iyer
1602,25522,14827,P Raghavan,Pranav Raghavan
398,25527,14829,Joshua Mohanty,Joshua Mohanty
202,25530,14831,Wishi Dora,Wishi Dora
1743,25531,14831,Onveer Bala,Onveer Bala
1786,25532,14832,Mohammed Sandhu,Mohammed Sandhu
1672,25533,14833,O Barman,Omkaar Barman
874,25537,14836,Jeet Sahota,Jeet Sahota
7,25539,14836,R Magar,Rishi Magar
271,25544,14838,I Som,Ikbal Som
1476,25546,14839,Samuel Atwal,Samuel Atwal
611,25547,14840,K Basu,Krishna Basu
406,25548,14840,V Koshy,Vincent Koshy
1593,25553,14844,Watika Mani,Watika Mani
160,25554,14844,Nathan Balakrishnan,Nathan Balakrishnan
87,25556,14845,Aryan Barad,Aryan Barad
1152,25557,14845,A Prasad,Amol Prasad
202,25560,14846,Wishi Dora,Wishi Dora
1322,25563,14847,J. Devi,Jack Devi
1322,25567,14850,Jack Devi,Jack Devi
620,25569,14851,Amayra Ratta,Amaira Ratta
1027,25572,14852,A Nazareth,Anay Nazareth
1371,25574,14852,Dhruw Tella,Dhruv Tella
1342,25575,14852,Qasim Dewan,Qasim Devan
1721,25576,14853,Suhani Walia,Suhani Walia
1672,25578,14854,O Barman,Omkaar Barman
109,25580,14855,A Magar,Anusha Magar
1157,25582,14857,Christopher Sachdev,Christopher Sachdev
1493,25583,14858,Zayan Natarajan,Zayan Natarajan
391,25589,14861,Y Din,Yatan Din
42,25594,14865,U Dyal,Umang Dyal
398,25601,14870,Joshua Mohanty,Joshua Mohanty
1493,25602,14870,Z Natarajan,Zayan Natarajan
1672,25608,14872,Omkaar Barman,Omkaar Barman
1038,25611,14874,A D’Alia,Anthony D’Alia
470,25613,14875,M Raval,Manbir Raval
1493,25615,14877,Z. Natarajan,Zayan Natarajan
958,25618,14879,Divya Kant,Divya Kant
599,25619,14880,Mohammed Bhardwaj,Mohammed Bhardwaj
599,25621,14881,M. Bhardwaj,Mohammed Bhardwaj
1538,25622,14881,Qadim Narula,Qadim Narula
1672,25623,14882,Omkaar Barman,Omkaar Barman
1475,25628,14885,Qarin Narain,Qarin Narain
837,25631,14887,J. Varma,Jai Varma
874,25633,14887,Jeet Sahota,Jeet Sahota
553,25641,14893,tomas Parmar,Thomas Parmar
569,25645,14894,Hitesh Borra,Hitesh Borra
14,25648,14896,B Shenoy,Balendra Shenoy
1670,25651,14899,Arin Krishnamurthy,Arin Krishnamurthy
1672,25653,14900,Omkaar Barman,Omkaar Barman
1157,25659,14905,C Sachdev,Christopher Sachdev
611,25661,14906,Krishna Basu,Krishna Basu
959,25662,14906,D. Sharma,Dalbir Sharma
1322,25663,14907,J. Devi,Jack Devi
345,25665,14908,Rushil Yadav,Rushil Yadav
57,25667,14908,R. Sawhney,Ranbir Sawhney
14,25668,14909,B. Shenoy,Balendra Shenoy
517,25669,14910,D Dey,Daniel Dey
109,25671,14911,Anusha Magar,Anusha Magar
14,25676,14915,B. Shenoy,Balendra Shenoy
553,25679,14916,tomas Parmar,Thomas Parmar
944,25688,14921,Amara Bhalla,Amara Bhalla
1621,25691,14922,Aditya Lal,Aditya Lal
837,25697,14925,J. Varma,Jai Varma
531,25699,14926,Samuel wig,Samuel Vig
542,25703,14927,Adway Majumdar,Advay Majumdar
1204,25704,14927,N Dua,Neel Dua
711,25705,14928,G Sankaran,Gagan Sankaran
469,25708,14929,Rayaan Puri,Rayaan Puri
682,25712,14931,S Padmanabhan,Samarth Padmanabhan
553,25715,14932,T Parmar,Thomas Parmar
950,25717,14933,Y Grewal,Yatan Grewal
1027,25719,14934,Anay Nazareth,Anay Nazareth
414,25723,14937,Sudiksa Barman,Sudiksha Barman
398,25724,14938,Joshua Mohanty,Joshua Mohanty
1408,25725,14939,A Dugal,Amaira Dugal
1204,25727,14940,Neel Dua,Neel Dua
1157,25728,14941,C. Sachdev,Christopher Sachdev
1538,25731,14942,Qadim Narula,Qadim Narula
1069,25732,14943,U Nagar,Udant Nagar
298,25733,14943,Brijesh Dey,Brijesh Dey
401,25735,14943,Samar Memon,Samar Memon
87,25738,14945,Aryan Barad,Aryan Barad
391,25739,14946,Yatan Din,Yatan Din
1538,25740,14947,Qadim Narula,Qadim Narula
916,25741,14948,Aksay Sridhar,Akshay Sridhar
11,25742,14949,I Baral,Ishaan Baral
271,25743,14949,I Som,Ikbal Som
415,25744,14949,Vihaan Sarma,Vihaan Sarma
711,25745,14949,Gagan Sankaran,Gagan Sankaran
960,25746,14950,Leena Kulkarni,Leena Kulkarni
14,25750,14953,B Shenoy,Balendra Shenoy
470,25753,14955,Manbir Rawal,Manbir Raval
1734,25754,14956,H Bhavsar,Harshil Bhavsar
475,25756,14957,Part Nagarajan,Parth Nagarajan
1322,25759,14960,J Devi,Jack Devi
898,25761,14962,H Badal,Harshil Badal
194,25769,14966,Ayus Misra,Ayush Mishra
1027,25773,14970,A Nazareth,Anay Nazareth
1493,25774,14970,Zayan Natarajan,Zayan Natarajan
391,25779,14974,Yatan Din,Yatan Din
1286,25782,14975,Lucky Patil,Lucky Patil
877,25783,14976,Ayus Rajan,Ayush Rajan
958,25784,14977,Divya Kant,Divya Kant
391,25787,14978,Y Din,Yatan Din
391,25788,14979,Yatan Din,Yatan Din
1447,25789,14980,L Menon,Luke Menon
834,25792,14980,F. Bal,Faras Bal
1204,25797,14982,N. Dua,Neel Dua
1603,25801,14985,Chakradhar Agrawal,Chakradhar Agrawal
1593,25803,14986,W. Mani,Watika Mani
1730,25804,14987,D Chander,Devansh Chander
1141,25807,14989,Laksit Balay,Lakshit Balay
1437,25808,14990,M Gour,Maanav Gour
1425,25810,14991,Nihal Balakrishnan,Nihal Balakrishnan
1425,25816,14994,N. Balakrishnan,Nihal Balakrishnan
614,25817,14995,Alexander Talwar,Alexander Talwar
140,25818,14996,M. Radhakrishnan,Mitesh Radhakrishnan
961,25819,14997,Dhruv Rajagopal,Dhruv Rajagopal
554,25820,14998,Madhaw Krishnamurty,Madhav Krishnamurthy
1397,25826,15002,Manan Sekon,Manan Sekhon
508,25827,15003,William Mitra,William Mitra
1404,25829,15003,Hemangini Chanda,Hemangini Chanda
1268,25830,15003,F Jani,Faras Jani
1624,25832,15004,L Seth,Laban Seth
132,25834,15004,B Venkataraman,Balendra Venkataraman
132,25837,15006,B. Venkataraman,Balendra Venkataraman
547,25838,15007,G. Sibal,Gaurang Sibal
162,25845,15010,Y. Ganguly,Yasti Ganguly
1693,25847,15011,Shravya Singh,Shravya Singh
427,25849,15012,Chatresh Shankar,Chatresh Shankar
1007,25850,15013,Zayyan Tandon,Zayyan Tandon
1635,25851,15014,N Hayer,Nidra Hayer
1717,25853,15015,Gunbir Dube,Gunbir Dube
1330,25858,15020,Rusil Sankar,Rushil Sankar
1021,25860,15021,Chatresh Chokshi,Chatresh Chokshi
1333,25865,15023,Nimrat Dora,Nimrat Dora
1425,25869,15027,N Balakrishnan,Nihal Balakrishnan
1021,25872,15029,Chatres Choksi,Chatresh Chokshi
461,25873,15030,Anay Biswas,Anay Biswas
370,25877,15032,S. Behl,Sneha Behl
511,25879,15032,Ayushman Sule,Ayushman Sule
606,25880,15033,Parth Rajagopalan,Parth Rajagopalan
335,25885,15035,O. Mane,Omkaar Mane
627,25886,15035,Ethan Srivastava,Ethan Srivastava
591,25888,15037,F. Bhavsar,Faras Bhavsar
777,25893,15041,C Bains,Chaman Bains
1404,25895,15043,Hemangini Chanda,Hemangini Chanda
624,25896,15043,L. Thakur,Ladli Thakur
344,25897,15044,T Butala,Tanay Butala
176,25898,15044,Hardik Deol,Hardik Deol
904,25900,15046,Ekaraj Lal,Ekaraj Lal
100,25902,15047,A Rau,Avi Rau
105,25904,15048,Jagdish Baral,Jagdish Baral
1536,25914,15053,Chaitanya Ramakrishnan,Chaitanya Ramakrishnan
1146,25915,15054,Henry Muni,Henry Muni
871,25916,15055,F. Seth,Finn Seth
728,25917,15056,Nisha Ramachandran,Nisha Ramachandran
1645,25918,15056,Inaya sanker,Inaya Shanker
105,25919,15057,Jagdish Baral,Jagdish Baral
622,25921,15058,Q Krishnamurthy,Qadim Krishnamurthy
1304,25927,15061,Harish Aurora,Harish Aurora
622,25933,15065,Qadim Krishnamurthy,Qadim Krishnamurthy
1635,25934,15066,N. Hayer,Nidra Hayer
1289,25935,15066,W. Reddy,Wazir Reddy
175,25941,15070,N Parmar,Nachiket Parmar
100,25945,15073,Awi Rau,Avi Rau
961,25947,15075,Dhruv Rajagopal,Dhruv Rajagopal
1333,25948,15075,N. Dora,Nimrat Dora
1525,25952,15077,Quincy Shere,Quincy Shere
508,25954,15079,William Mitra,William Mitra
1746,25958,15083,P. Ratta,Praneel Ratta
1693,25960,15083,S. Singh,Shravya Singh
773,25966,15087,Wahab Peri,Wahab Peri
229,25969,15087,Jonathan Sibal,Jonathan Sibal
1022,25970,15088,Isaiah Khare,Isaiah Khare
1116,25971,15089,Jai Kalita,Jai Kalita
100,25973,15090,A Rau,Avi Rau
461,25978,15093,A Biswas,Anay Biswas
866,25982,15096,R. Bal,Ranveer Bal
1021,25987,15098,Chatres Choksi,Chatresh Chokshi
705,25992,15101,Zehaan Agrawal,Zehaan Agrawal
606,25993,15101,Parth Rajagopalan,Parth Rajagopalan
622,25995,15101,Qadim Krishnamurthy,Qadim Krishnamurthy
461,25999,15104,A Biswas,Anay Biswas
1304,26001,15104,Harish Aurora,Harish Aurora
1681,26002,15105,A Ghosh,Aayush Ghosh
1325,26015,15113,A Randhawa,Agastya Randhawa
866,26017,15114,R Bal,Ranveer Bal
1023,26018,15115,Kevin Patel,Kevin Patel
1404,26019,15115,Hemangini Chanda,Hemangini Chanda
845,26022,15118,Jagat Rajan,Jagat Rajan
339,26025,15118,X. Shukla,Xalak Shukla
899,26030,15122,I Lala,Ikbal Lala
403,26034,15126,Pawani Sastry,Pavani Sastry
866,26041,15129,Ranweer Bal,Ranveer Bal
465,26042,15130,Tanay Pandit,Tanay Pandit
1369,26047,15132,Balwan Chowdhury,Balvan Chowdhury
566,26048,15132,Arjun Rawel,Arjun Ravel
1192,26050,15132,Chandresh Manda,Chandresh Manda
176,26055,15134,H. Deol,Hardik Deol
596,26060,15136,N Mohan,Nakul Mohan
871,26063,15138,F. Seth,Finn Seth
1455,26066,15140,B. Batra,Bhavani Batra
100,26067,15140,Avi Rau,Avi Rau
1693,26069,15141,Shravya Singh,Shravya Singh
777,26071,15142,Chaman Bayns,Chaman Bains
1635,26072,15142,Nidra Hayer,Nidra Hayer
1777,26074,15143,Z. Prashad,Zilmil Prashad
1269,26075,15144,Yutika Soman,Yutika Soman
968,26076,15144,Ekiya Borde,Ekiya Borde
1237,26079,15146,Anmol Kaul,Anmol Kaul
132,26081,15147,Balendra Venkataraman,Balendra Venkataraman
575,26083,15149,Indrajit Kuruvilla,Indrajit Kuruvilla
1230,26084,15150,Abhimanyu Muni,Abhimanyu Muni
31,26087,15153,U Kuruvilla,Udant Kuruvilla
624,26088,15154,Ladli takur,Ladli Thakur
547,26089,15154,G Sibal,Gaurang Sibal
1230,26095,15157,Abhimanyu Muni,Abhimanyu Muni
547,26097,15159,Gaurang Sibal,Gaurang Sibal
904,26102,15162,E Lal,Ekaraj Lal
99,26108,15165,Aarnav Keer,Aarnav Keer
384,26111,15167,Samesh Uppal,Samesh Uppal
728,26112,15167,N Ramachandran,Nisha Ramachandran
991,26114,15169,Y. Lalla,Yuvraj Lalla
508,26116,15171,William Mitra,William Mitra
175,26118,15173,N. Parmar,Nachiket Parmar
229,26119,15174,Jonatan Sibal,Jonathan Sibal
511,26120,15175,Ayushman Sule,Ayushman Sule
1624,26123,15177,Laban Seth,Laban Seth
1007,26125,15178,Zayyan Tandon,Zayyan Tandon
624,26128,15181,Ladli Thakur,Ladli Thakur
1116,26136,15187,Jai Kalita,Jai Kalita
740,26139,15189,Gauraw Sarma,Gaurav Sarma
624,26142,15190,Ladli Thakur,Ladli Thakur
1141,26143,15191,Lakshit Balay,Lakshit Balay
554,26147,15194,Madhav Krishnamurthy,Madhav Krishnamurthy
250,26149,15194,J. Samra,Jonathan Samra
461,26150,15195,Anay Biswas,Anay Biswas
374,26152,15196,Yatin Manne,Yatin Manne
961,26155,15199,Dhruw Rajagopal,Dhruv Rajagopal
1635,26162,15201,Nidra Hayer,Nidra Hayer
403,26163,15202,Pavani Sastry,Pavani Sastry
921,26167,15203,M. Sethi,Maanas Sethi
403,26168,15203,P Sastry,Pavani Sastry
176,26173,15207,Hardik Deol,Hardik Deol
1693,26179,15211,Shravya Singh,Shravya Singh
866,26185,15213,Ranveer Bal,Ranveer Bal
977,26188,15214,O. Pal,Omkaar Pal
1608,26190,15215,U. Pau,Udarsh Pau
1021,26191,15216,C Chokshi,Chatresh Chokshi
585,26193,15217,J Chada,Jack Chada
624,26194,15218,Ladli takur,Ladli Thakur
408,26195,15218,Alexander Chanda,Alexander Chanda
1141,26196,15218,Lakshit Balay,Lakshit Balay
511,26197,15218,Ayusman Sule,Ayushman Sule
445,26198,15219,wyanjana Wali,Vyanjana Wali
606,26200,15220,Parth Rajagopalan,Parth Rajagopalan
1304,26203,15222,Harish Aurora,Harish Aurora
511,26207,15225,Ayusman Sule,Ayushman Sule
622,26212,15227,Qadim Krishnamurthy,Qadim Krishnamurthy
1304,26213,15227,H. Aurora,Harish Aurora
980,26215,15228,Theodore Prabhakar,Theodore Prabhakar
1045,26220,15231,C Modi,Chandran Modi
1330,26221,15232,R. Sankar,Rushil Sankar
408,26225,15234,Alexander Chanda,Alexander Chanda
866,26233,15239,Ranvir Bal,Ranveer Bal
1116,26236,15241,J. Kalita,Jai Kalita
408,26243,15244,Alexander Chanda,Alexander Chanda
509,26247,15247,H. Nanda,Hiral Nanda
162,26248,15247,Yasti Ganguly,Yasti Ganguly
427,26249,15247,C. Shankar,Chatresh Shankar
427,26253,15249,Chatresh Shankar,Chatresh Shankar
904,26255,15251,Ekaraj Lal,Ekaraj Lal
622,26257,15252,Qadim Krishnamurthy,Qadim Krishnamurthy
374,26260,15253,Y Manne,Yatin Manne
1425,26261,15254,Nihal Balakrishnan,Nihal Balakrishnan
777,26267,15257,C Bains,Chaman Bains
105,26268,15257,Jagdish Baral,Jagdish Baral
785,26269,15258,Orinder Ahuja,Orinder Ahuja
1517,26270,15258,K. Jaggi,Kamya Jaggi
901,26273,15261,C. Sani,Chandresh Sani
1425,26274,15262,N. Balakrishnan,Nihal Balakrishnan
547,26278,15264,Gaurang Sibal,Gaurang Sibal
1693,26283,15266,Shravya Singh,Shravya Singh
980,26284,15266,Theodore Prabhakar,Theodore Prabhakar
1635,26285,15266,N. Hayer,Nidra Hayer
1240,26286,15267,I. Rastogi,Ishaan Rastogi
1777,26295,15273,Zilmil Prashad,Zilmil Prashad
1404,26297,15274,H Chanda,Hemangini Chanda
408,26298,15274,A Chanda,Alexander Chanda
909,26301,15275,Xavier Seshadri,Xavier Seshadri
968,26303,15276,E Borde,Ekiya Borde
904,26306,15277,Ekaraj Lal,Ekaraj Lal
445,26317,15283,Vyanjana Wali,Vyanjana Wali
370,26318,15283,Sneha Behl,Sneha Behl
511,26319,15283,Ayusman Sule,Ayushman Sule
845,26321,15284,Jagat Rajan,Jagat Rajan
105,26328,15288,J Baral,Jagdish Baral
622,26333,15292,Qadim Krishnamurthy,Qadim Krishnamurthy
659,26335,15293,Ishwar Kurian,Ishwar Kurian
1304,26337,15295,H Aurora,Harish Aurora
1116,26340,15295,J. Kalita,Jai Kalita
1007,26341,15296,Zayyan Tandon,Zayyan Tandon
162,26343,15297,Y Ganguly,Yasti Ganguly
866,26344,15298,R. Bal,Ranveer Bal
285,26346,15300,Charles Ganguly,Charles Ganguly
197,26348,15302,A. Pillai,Akshay Pillai
728,26349,15303,N. Ramachandran,Nisha Ramachandran
596,26351,15305,N. Mohan,Nakul Mohan
802,26354,15305,Pranit Swamy,Pranit Swamy
408,26357,15307,Alexander Chanda,Alexander Chanda
777,26362,15309,Chaman Bains,Chaman Bains
961,26363,15310,D Rajagopal,Dhruv Rajagopal
1330,26366,15311,Rushil Sankar,Rushil Sankar
105,26369,15312,Jagdish Baral,Jagdish Baral
59,26370,15313,W Biswas,Wyatt Biswas
845,26372,15314,J Rajan,Jagat Rajan
606,26379,15318,Part Rajagopalan,Parth Rajagopalan
1116,26380,15319,Jai Kalita,Jai Kalita
904,26385,15322,Ekaraj Lal,Ekaraj Lal
1777,26390,15324,Zilmil Prasad,Zilmil Prashad
980,26391,15325,teodore Prabhakar,Theodore Prabhakar
1007,26392,15326,Zayyan Tandon,Zayyan Tandon
176,26393,15326,H. Deol,Hardik Deol
554,26394,15327,M Krishnamurthy,Madhav Krishnamurthy
509,26396,15328,H Nanda,Hiral Nanda
1635,26398,15329,N. Hayer,Nidra Hayer
189,26402,15330,Ekbal Aurora,Ekbal Aurora
1727,26404,15331,P. Bajaj,Peter Bajaj
1021,26407,15332,C Chokshi,Chatresh Chokshi
461,26414,15336,Anay Biswas,Anay Biswas
591,26418,15338,F. Bhavsar,Faras Bhavsar
606,26419,15339,Parth Rajagopalan,Parth Rajagopalan
728,26425,15341,N Ramachandran,Nisha Ramachandran
596,26426,15341,N. Mohan,Nakul Mohan
1693,26427,15342,sravya Singh,Shravya Singh
554,26433,15345,Madhav Krishnamurthy,Madhav Krishnamurthy
596,26436,15347,Nakul Mohan,Nakul Mohan
100,26441,15349,A Rau,Avi Rau
904,26443,15350,Ekaraj Lal,Ekaraj Lal
728,26447,15352,Nisha Ramachandran,Nisha Ramachandran
175,26451,15354,Nachiket Parmar,Nachiket Parmar
374,26457,15356,Y Manne,Yatin Manne
871,26459,15358,F. Seth,Finn Seth
403,26461,15358,Pavani Sastry,Pavani Sastry
511,26465,15361,Ayushman Sule,Ayushman Sule
1437,26466,15361,Maanav Gour,Maanav Gour
508,26467,15362,William Mitra,William Mitra
614,26468,15363,Alexander Talwar,Alexander Talwar
624,26477,15368,Ladli Thakur,Ladli Thakur
904,26478,15369,Ekaraj Lal,Ekaraj Lal
1021,26479,15370,Chatres Choksi,Chatresh Chokshi
105,26480,15371,Jagdish Baral,Jagdish Baral
1404,26482,15372,H Chanda,Hemangini Chanda
1475,26484,15374,Qarin Narain,Qarin Narain
132,26487,15376,B. Venkataraman,Balendra Venkataraman
904,26489,15378,E. Lal,Ekaraj Lal
591,26491,15380,F. Bhavsar,Faras Bhavsar
980,26492,15380,teodore Prabhakar,Theodore Prabhakar
1437,26493,15381,Maanav Gour,Maanav Gour
1404,26494,15381,Hemangini Chanda,Hemangini Chanda
1230,26498,15383,A Muni,Abhimanyu Muni
1155,26500,15384,Aarav Patel,Aarav Patel
845,26501,15385,J Rajan,Jagat Rajan
1624,26503,15387,L. Seth,Laban Seth
1425,26504,15387,Nihal Balakrishnan,Nihal Balakrishnan
445,26505,15387,Vyanjana Wali,Vyanjana Wali
1437,26506,15388,Maanaw Gour,Maanav Gour
1575,26507,15389,S. Kapadia,Samuel Kapadia
1575,26508,15390,S Kapadia,Samuel Kapadia
105,26511,15392,Jagdish Baral,Jagdish Baral
614,26512,15393,Alexander Talwar,Alexander Talwar
229,26518,15396,Jonatan Sibal,Jonathan Sibal
1304,26520,15396,Haris Aurora,Harish Aurora
374,26521,15397,Yatin Manne,Yatin Manne
932,26525,15400,Robert Goswami,Robert Goswami
904,26526,15401,Ekaraj Lal,Ekaraj Lal
408,26527,15402,Alexander Chanda,Alexander Chanda
1021,26528,15403,Chatresh Chokshi,Chatresh Chokshi
580,26534,15406,Nicholas Tur,Nicholas Toor
511,26535,15406,Ayushman Sule,Ayushman Sule
508,26536,15407,William Mitra,William Mitra
597,26539,15409,Kabir Chad,Kabir Chad
1333,26540,15410,N. Dora,Nimrat Dora
176,26542,15411,H Deol,Hardik Deol
624,26545,15412,L. Thakur,Ladli Thakur
509,26546,15412,H Nanda,Hiral Nanda
968,26548,15414,Ekiya Borde,Ekiya Borde
904,26552,15417,E. Lal,Ekaraj Lal
547,26555,15419,Gaurang Sibal,Gaurang Sibal
245,26556,15420,A. Padmanabhan,Azad Padmanabhan
904,26561,15424,Ekaraj Lal,Ekaraj Lal
445,26564,15425,wyanjana Wali,Vyanjana Wali
1230,26570,15428,Abhimanyu Muni,Abhimanyu Muni
1333,26573,15431,N. Dora,Nimrat Dora
339,26579,15435,Xalak Shukla,Xalak Shukla
100,26580,15436,A Rau,Avi Rau
1404,26581,15437,H. Chanda,Hemangini Chanda
461,26584,15439,A Biswas,Anay Biswas
547,26586,15440,G. Sibal,Gaurang Sibal
622,26587,15440,Qadim Krishnamurty,Qadim Krishnamurthy
751,26588,15440,Farhan Goel,Farhan Goel
511,26589,15441,Ayushman Sule,Ayushman Sule
511,26591,15443,A. Sule,Ayushman Sule
1503,26592,15444,R Raj,Raagini Raj
132,26593,15445,Balendra Venkataraman,Balendra Venkataraman
907,26594,15445,S. Divan,Sudiksha Divan
622,26595,15446,Qadim Krisnamurthy,Qadim Krishnamurthy
1777,26597,15446,Z. Prashad,Zilmil Prashad
1437,26600,15448,M. Gour,Maanav Gour
508,26601,15449,W. Mitra,William Mitra
624,26606,15451,Ladli Thakur,Ladli Thakur
1681,26608,15453,A. Ghosh,Aayush Ghosh
132,26609,15454,Balendra wenkataraman,Balendra Venkataraman
166,26614,15456,Lohit Rajagopalan,Lohit Rajagopalan
1330,26617,15457,Rushil Sankar,Rushil Sankar
1727,26619,15458,P. Bajaj,Peter Bajaj
1425,26625,15463,N. Balakrishnan,Nihal Balakrishnan
978,26628,15464,Advay Purohit,Advay Purohit
370,26630,15465,S. Behl,Sneha Behl
1727,26631,15466,Peter Bajaj,Peter Bajaj
845,26632,15467,J. Rajan,Jagat Rajan
591,26637,15471,Faras Bhawsar,Faras Bhavsar
1437,26639,15472,Maanav Gour,Maanav Gour
1,26640,15472,Yatin Wagle,Yatin Wagle
1141,26642,15472,L Balay,Lakshit Balay
1330,26644,15474,Rushil Sankar,Rushil Sankar
1437,26647,15475,M Gour,Maanav Gour
728,26648,15475,Nisha Ramachandran,Nisha Ramachandran
461,26650,15476,Anay Biswas,Anay Biswas
252,26654,15480,Krishna Mishra,Krishna Mishra
866,26657,15482,Ranvir Bal,Ranveer Bal
508,26659,15482,W Mitra,William Mitra
1777,26661,15484,Z Prashad,Zilmil Prashad
1654,26663,15484,Y Behl,Yuvraj Behl
1230,26665,15486,A. Muni,Abhimanyu Muni
508,26666,15487,William Mitra,William Mitra
1575,26668,15487,S. Kapadia,Samuel Kapadia
980,26669,15488,teodore Prabhakar,Theodore Prabhakar
427,26670,15488,C Shankar,Chatresh Shankar
1693,26671,15488,sravya Singh,Shravya Singh
904,26672,15489,E Lal,Ekaraj Lal
622,26673,15490,Qadim Krishnamurthy,Qadim Krishnamurthy
1693,26677,15492,Shravya Singh,Shravya Singh
461,26678,15492,Anay Biswas,Anay Biswas
1777,26681,15494,Z. Prashad,Zilmil Prashad
1727,26687,15497,P. Bajaj,Peter Bajaj
622,26688,15497,Qadim Krishnamurthy,Qadim Krishnamurthy
596,26690,15497,N. Mohan,Nakul Mohan
606,26691,15498,P. Rajagopalan,Parth Rajagopalan
1404,26694,15500,H. Chanda,Hemangini Chanda
1693,26699,15502,Shravya Singh,Shravya Singh
1437,26700,15502,M Gour,Maanav Gour
1777,26704,15505,Zilmil Prasad,Zilmil Prashad
980,26707,15507,teodore Prabhakar,Theodore Prabhakar
1,26712,15508,Y Wagle,Yatin Wagle
1333,26715,15510,Nimrat Dora,Nimrat Dora
1693,26722,15514,S Singh,Shravya Singh
358,26729,15517,Ethan Kaur,Ethan Kaur
105,26732,15518,Jagdis Baral,Jagdish Baral
105,26733,15518,Jagdish Baral,Jagdish Baral
624,26737,15521,Ladli takur,Ladli Thakur
1304,26739,15522,Harish Aurora,Harish Aurora
614,26740,15523,Alexander Talwar,Alexander Talwar
408,26744,15525,A Chanda,Alexander Chanda
1681,26746,15526,Aayush Ghosh,Aayush Ghosh
312,26748,15527,Jatin Sandal,Jatin Sandal
526,26752,15529,Samar Vasa,Samar Vasa
547,26759,15535,G. Sibal,Gaurang Sibal
408,26760,15536,A Chanda,Alexander Chanda
461,26763,15536,Anay Biswas,Anay Biswas
1631,26765,15537,Ekawir Sastry,Ekavir Sastry
1021,26767,15539,Chatresh Chokshi,Chatresh Chokshi
374,26768,15540,Y Manne,Yatin Manne
445,26774,15544,Vyanjana Wali,Vyanjana Wali
554,26775,15545,M. Krishnamurthy,Madhav Krishnamurthy
1425,26776,15546,Nihal Balakrishnan,Nihal Balakrishnan
1304,26779,15549,H. Aurora,Harish Aurora
1575,26780,15549,S. Kapadia,Samuel Kapadia
845,26788,15555,J. Rajan,Jagat Rajan
148,26789,15555,E Baria,Ekalinga Baria
664,26790,15556,R Vasa,Raghav Vasa
961,26791,15557,D. Rajagopal,Dhruv Rajagopal
1007,26794,15559,Z Tandon,Zayyan Tandon
1404,26795,15559,H. Chanda,Hemangini Chanda
1,26811,15571,Yatin Wagle,Yatin Wagle
1437,26812,15572,Maanav Gour,Maanav Gour
445,26814,15573,Vyanjana Wali,Vyanjana Wali
508,26817,15575,W. Mitra,William Mitra
1252,26819,15576,Chandran Devan,Chandran Devan
229,26822,15577,Jonathan Sibal,Jonathan Sibal
66,26824,15578,Nites Dar,Nitesh Dar
509,26829,15580,Hiral Nanda,Hiral Nanda
968,26831,15580,E. Borde,Ekiya Borde
703,26833,15581,T. Sidhu,Tarak Sidhu
614,26834,15582,Alexander Talwar,Alexander Talwar
1229,26838,15586,Ekta Master,Ekta Master
622,26839,15586,Qadim Krishnamurthy,Qadim Krishnamurthy
229,26841,15588,J. Sibal,Jonathan Sibal
875,26846,15589,Nitara Apte,Nitara Apte
1330,26851,15592,Rusil Sankar,Rushil Sankar
509,26853,15593,Hiral Nanda,Hiral Nanda
445,26856,15596,Vyanjana Wali,Vyanjana Wali
1597,26857,15597,Mitesh Mishra,Mitesh Mishra
176,26862,15601,Hardik Deol,Hardik Deol
845,26863,15601,J. Rajan,Jagat Rajan
339,26864,15602,Xalak Shukla,Xalak Shukla
1010,26871,15604,Mason Rawi,Mason Ravi
845,26873,15606,Jagat Rajan,Jagat Rajan
229,26875,15607,J Sibal,Jonathan Sibal
622,26877,15607,Q. Krishnamurthy,Qadim Krishnamurthy
1309,26889,15615,C. Batta,Chatresh Batta
596,26893,15617,N Mohan,Nakul Mohan
461,26895,15618,Anay Biswas,Anay Biswas
1180,26896,15619,U Batra,Udarsh Batra
509,26897,15620,H Nanda,Hiral Nanda
1012,26903,15622,G. Keer,Gautam Keer
1681,26904,15623,Aayush Ghosh,Aayush Ghosh
453,26906,15625,P. Rana,Pranav Rana
728,26911,15627,N. Ramachandran,Nisha Ramachandran
946,26913,15628,Jackson Pal,Jackson Pal
1624,26915,15629,Laban Set,Laban Seth
100,26918,15631,A Rau,Avi Rau
1226,26919,15631,T. Chaudhary,Tanay Chaudhary
374,26920,15632,Yatin Manne,Yatin Manne
427,26921,15633,Chatresh Shankar,Chatresh Shankar
1624,26925,15634,Laban Seth,Laban Seth
866,26929,15637,R. Bal,Ranveer Bal
1333,26933,15639,N Dora,Nimrat Dora
845,26935,15640,J. Rajan,Jagat Rajan
622,26941,15643,Qadim Krishnamurthy,Qadim Krishnamurthy
1333,26951,15648,Nimrat Dora,Nimrat Dora
370,26953,15650,Sneha Behl,Sneha Behl
866,26962,15652,R Bal,Ranveer Bal
439,26966,15655,Arin Gour,Arin Gour
1777,26967,15655,Zilmil Prashad,Zilmil Prashad
777,26970,15657,Chaman Bains,Chaman Bains
1,26971,15657,Yatin Wagle,Yatin Wagle
1573,26975,15659,W. Srivastava,Wridesh Srivastava
134,26978,15661,Tristan Saxena,Tristan Saxena
339,26979,15661,X. Shukla,Xalak Shukla
204,26981,15663,Dalbir Kata,Dalbir Kata
1248,26984,15664,S Kalita,Samar Kalita
1158,26987,15666,Dominic Banerjee,Dominic Banerjee
1404,26991,15668,H Chanda,Hemangini Chanda
105,26998,15671,Jagdis Baral,Jagdish Baral
640,27009,15677,Anirudh Buch,Anirudh Buch
1116,27014,15681,J. Kalita,Jai Kalita
968,27016,15682,E. Borde,Ekiya Borde
1141,27019,15684,Laksit Balay,Lakshit Balay
176,27021,15685,H. Deol,Hardik Deol
1775,27022,15685,Caleb Rout,Caleb Rout
769,27025,15686,O Sagar,Omkaar Sagar
445,27028,15687,V. Wali,Vyanjana Wali
1404,27031,15689,Hemangini Chanda,Hemangini Chanda
408,27033,15690,Alexander Chanda,Alexander Chanda
339,27034,15691,Xalak sukla,Xalak Shukla
578,27036,15692,Q. Nagi,Qadim Nagi
100,27038,15693,Avi Rau,Avi Rau
339,27043,15695,Xalak Shukla,Xalak Shukla
1404,27045,15697,H. Chanda,Hemangini Chanda
777,27046,15698,Chaman Bayns,Chaman Bains
1742,27047,15698,T Vora,Tanay Vora
445,27048,15698,Vyanjana Wali,Vyanjana Wali
1727,27051,15699,P Bajaj,Peter Bajaj
445,27052,15699,Vyanjana Wali,Vyanjana Wali
1635,27059,15704,N Hayer,Nidra Hayer
517,27063,15705,Daniel Dey,Daniel Dey
902,27065,15706,V Bhargava,Vanya Bhargava
509,27066,15707,Hiral Nanda,Hiral Nanda
739,27068,15709,H. Naik,Harrison Naik
132,27082,15716,B Venkataraman,Balendra Venkataraman
461,27083,15717,Anay Biswas,Anay Biswas
427,27084,15717,Chatres sankar,Chatresh Shankar
511,27085,15718,Ayushman Sule,Ayushman Sule
714,27088,15721,Nidhi Kale,Nidhi Kale
777,27089,15721,Chaman Bayns,Chaman Bains
1330,27090,15721,R Sankar,Rushil Sankar
370,27091,15722,Sneha Behl,Sneha Behl
1333,27092,15723,Nimrat Dora,Nimrat Dora
1139,27095,15725,Zayan Yohannan,Zayan Yohannan
866,27098,15726,Ranveer Bal,Ranveer Bal
776,27103,15729,L. Kanda,Lakshit Kanda
777,27107,15730,Chaman Bayns,Chaman Bains
866,27110,15733,R. Bal,Ranveer Bal
1681,27122,15739,A. Ghosh,Aayush Ghosh
777,27125,15742,C. Bains,Chaman Bains
777,27126,15742,Chaman Bains,Chaman Bains
728,27128,15744,Nisha Ramachandran,Nisha Ramachandran
1,27134,15747,Yatin Wagle,Yatin Wagle
573,27135,15748,W. Bhat,Wridesh Bhat
1116,27139,15750,J. Kalita,Jai Kalita
968,27141,15750,Ekiya Borde,Ekiya Borde
1304,27145,15751,Haris Aurora,Harish Aurora
162,27147,15753,Yasti Ganguly,Yasti Ganguly
1230,27148,15754,Abhimanyu Muni,Abhimanyu Muni
669,27150,15755,U. Gupta,Udant Gupta
591,27154,15757,Faras Bhawsar,Faras Bhavsar
511,27155,15758,Ayushman Sule,Ayushman Sule
508,27157,15759,William Mitra,William Mitra
728,27161,15762,Nisa Ramachandran,Nisha Ramachandran
1251,27163,15762,T. Lal,Tanish Lal
1777,27165,15764,Zilmil Prashad,Zilmil Prashad
1304,27166,15765,Harish Aurora,Harish Aurora
132,27168,15765,Balendra Venkataraman,Balendra Venkataraman
162,27170,15766,Yasti Ganguly,Yasti Ganguly
1704,27173,15767,Onweer Gokale,Onveer Gokhale
1333,27175,15769,Nimrat Dora,Nimrat Dora
1304,27177,15771,Haris Aurora,Harish Aurora
622,27181,15773,Qadim Krishnamurty,Qadim Krishnamurthy
1727,27182,15774,P Bajaj,Peter Bajaj
1747,27184,15776,F. Rai,Fitan Rai
339,27192,15779,Xalak Shukla,Xalak Shukla
1624,27196,15782,Laban Seth,Laban Seth
1,27198,15782,Yatin Wagle,Yatin Wagle
591,27201,15784,Faras Bhavsar,Faras Bhavsar
67,27203,15785,Nimrat Goel,Nimrat Goel
100,27206,15787,Awi Rau,Avi Rau
1727,27213,15791,P. Bajaj,Peter Bajaj
1460,27217,15793,Udarsh Randhawa,Udarsh Randhawa
509,27218,15794,Hiral Nanda,Hiral Nanda
1179,27220,15796,Radha Ganguly,Radha Ganguly
408,27236,15808,Alexander Chanda,Alexander Chanda
461,27239,15810,A. Biswas,Anay Biswas
427,27244,15813,Chatres sankar,Chatresh Shankar
1635,27248,15814,N. Hayer,Nidra Hayer
508,27250,15816,W. Mitra,William Mitra
1,27252,15817,Y Wagle,Yatin Wagle
509,27256,15821,Hiral Nanda,Hiral Nanda
511,27257,15822,A. Sule,Ayushman Sule
1727,27261,15823,Peter Bajaj,Peter Bajaj
624,27264,15825,L Thakur,Ladli Thakur
526,27276,15832,Samar wasa,Samar Vasa
968,27279,15833,Ekiya Borde,Ekiya Borde
445,27280,15834,V Wali,Vyanjana Wali
591,27281,15835,Faras Bhavsar,Faras Bhavsar
427,27284,15838,Chatresh Shankar,Chatresh Shankar
100,27287,15839,Avi Rau,Avi Rau
1681,27288,15839,A Ghosh,Aayush Ghosh
1409,27292,15843,Zayan Ganguly,Zayan Ganguly
370,27293,15843,S Behl,Sneha Behl
76,27295,15845,E Sarna,Ekapad Sarna
339,27296,15846,Xalak Shukla,Xalak Shukla
1689,27298,15848,Parth Deshmukh,Parth Deshmukh
508,27301,15850,William Mitra,William Mitra
511,27302,15851,Ayushman Sule,Ayushman Sule
777,27307,15853,Chaman Bains,Chaman Bains
845,27312,15855,J Rajan,Jagat Rajan
100,27314,15857,Avi Rau,Avi Rau
132,27315,15857,Balendra Venkataraman,Balendra Venkataraman
1116,27319,15859,J. Kalita,Jai Kalita
1385,27320,15860,R Madan,Ranbir Madan
624,27321,15860,L. Thakur,Ladli Thakur
961,27323,15860,D Rajagopal,Dhruv Rajagopal
1,27325,15862,Yatin Wagle,Yatin Wagle
609,27326,15862,Kris Choksi,Krish Chokshi
1727,27328,15863,Peter Bajaj,Peter Bajaj
606,27329,15863,Parth Rajagopalan,Parth Rajagopalan
1575,27331,15864,Samuel Kapadia,Samuel Kapadia
591,27333,15866,Faras Bhavsar,Faras Bhavsar
591,27335,15867,F. Bhavsar,Faras Bhavsar
511,27337,15869,Ayusman Sule,Ayushman Sule
307,27341,15871,A Kaur,Ayush Kaur
1624,27344,15873,Laban Set,Laban Seth
904,27345,15873,Ekaraj Lal,Ekaraj Lal
547,27346,15874,Gaurang Sibal,Gaurang Sibal
1425,27350,15875,Nihal Balakrishnan,Nihal Balakrishnan
162,27351,15876,Y Ganguly,Yasti Ganguly
591,27352,15876,F. Bhavsar,Faras Bhavsar
358,27358,15880,Ethan Kaur,Ethan Kaur
339,27365,15883,Xalak Shukla,Xalak Shukla
1693,27369,15886,Shrawya Singh,Shravya Singh
1404,27370,15886,Hemangini Chanda,Hemangini Chanda
155,27371,15886,Janya Kapur,Janya Kapur
56,27373,15888,Onkar Ravi,Onkar Ravi
624,27374,15888,Ladli Thakur,Ladli Thakur
229,27377,15889,Jonathan Sibal,Jonathan Sibal
339,27380,15892,X Shukla,Xalak Shukla
105,27382,15892,J. Baral,Jagdish Baral
488,27383,15893,Ojas Subramaniam,Ojas Subramaniam
408,27384,15894,Alexander Chanda,Alexander Chanda
1,27386,15896,Yatin Wagle,Yatin Wagle
220,27389,15897,C Handa,Caleb Handa
508,27393,15900,W. Mitra,William Mitra
1575,27394,15901,Samuel Kapadia,Samuel Kapadia
445,27397,15904,V Wali,Vyanjana Wali
508,27400,15907,W. Mitra,William Mitra
606,27406,15911,P Rajagopalan,Parth Rajagopalan
622,27408,15913,Qadim Krishnamurthy,Qadim Krishnamurthy
961,27412,15916,Dhruv Rajagopal,Dhruv Rajagopal
461,27413,15917,Anay Biswas,Anay Biswas
591,27427,15926,Faras Bhavsar,Faras Bhavsar
1575,27434,15931,S Kapadia,Samuel Kapadia
1727,27437,15934,Peter Bajaj,Peter Bajaj
624,27438,15935,L Thakur,Ladli Thakur
1007,27440,15936,Zayyan Tandon,Zayyan Tandon
1324,27448,15941,Kamala Sankaran,Kamala Sankaran
1681,27449,15941,Aayush Ghosh,Aayush Ghosh
162,27453,15943,Y Ganguly,Yasti Ganguly
370,27458,15945,Sneha Behl,Sneha Behl
580,27460,15946,N. Toor,Nicholas Toor
622,27462,15947,Qadim Krishnamurty,Qadim Krishnamurthy
1575,27463,15948,Samuel Kapadia,Samuel Kapadia
1,27465,15949,Y Wagle,Yatin Wagle
436,27468,15951,Christofer Bir,Christopher Bir
1333,27469,15952,Nimrat Dora,Nimrat Dora
1304,27473,15954,Harish Aurora,Harish Aurora
229,27474,15954,J Sibal,Jonathan Sibal
1021,27477,15957,C Chokshi,Chatresh Chokshi
993,27478,15958,Reyansh Tiwari,Reyansh Tiwari
1021,27481,15960,C. Chokshi,Chatresh Chokshi
1230,27483,15962,A Muni,Abhimanyu Muni
1459,27484,15962,Gawin Om,Gavin Om
622,27485,15963,Qadim Krishnamurthy,Qadim Krishnamurthy
1330,27487,15964,R. Sankar,Rushil Sankar
1437,27488,15964,Maanav Gour,Maanav Gour
624,27490,15966,Ladli Thakur,Ladli Thakur
82,27491,15967,Gunbir Basu,Gunbir Basu
1304,27492,15968,Haris Aurora,Harish Aurora
549,27498,15972,Ishaan Atwal,Ishaan Atwal
1333,27500,15973,Nimrat Dora,Nimrat Dora
968,27503,15974,E. Borde,Ekiya Borde
1230,27506,15975,Abhimanyu Muni,Abhimanyu Muni
1624,27508,15975,Laban Seth,Laban Seth
1727,27509,15976,Peter Bajaj,Peter Bajaj
614,27512,15977,A Talwar,Alexander Talwar
596,27513,15978,N Mohan,Nakul Mohan
1404,27527,15986,Hemangini Chanda,Hemangini Chanda
427,27528,15986,Chatresh Shankar,Chatresh Shankar
1622,27529,15987,B Badami,Brijesh Badami
1141,27531,15987,Lakshit Balay,Lakshit Balay
1639,27532,15987,Warinder Shroff,Warinder Shroff
461,27542,15993,Anay Biswas,Anay Biswas
728,27544,15994,Nisha Ramachandran,Nisha Ramachandran
1437,27545,15995,M. Gour,Maanav Gour
1083,27546,15996,V Majumdar,Victor Majumdar
1437,27547,15996,Maanav Gour,Maanav Gour
1141,27548,15997,L. Balay,Lakshit Balay
403,27549,15997,Pavani Sastry,Pavani Sastry
478,27555,15999,Samaksh Mander,Samaksh Mander
961,27557,16000,Dhruv Rajagopal,Dhruv Rajagopal
100,27558,16001,A. Rau,Avi Rau
1777,27559,16002,Z. Prashad,Zilmil Prashad
614,27574,16009,A Talwar,Alexander Talwar
1230,27576,16011,A Muni,Abhimanyu Muni
961,27583,16015,Dhruv Rajagopal,Dhruv Rajagopal
461,27584,16016,A. Biswas,Anay Biswas
176,27586,16016,Hardik Deol,Hardik Deol
508,27588,16018,W Mitra,William Mitra
728,27591,16019,N. Ramachandran,Nisha Ramachandran
968,27592,16020,Ekiya Borde,Ekiya Borde
1635,27596,16021,Nidra Hayer,Nidra Hayer
132,27598,16022,Balendra Venkataraman,Balendra Venkataraman
1007,27604,16024,Zayyan Tandon,Zayyan Tandon
866,27605,16025,Ranweer Bal,Ranveer Bal
1575,27606,16026,Samuel Kapadia,Samuel Kapadia
614,27607,16027,Alexander Talwar,Alexander Talwar
339,27609,16028,Xalak sukla,Xalak Shukla
427,27611,16029,Chatresh Shankar,Chatresh Shankar
1777,27612,16030,Zilmil Prashad,Zilmil Prashad
1599,27614,16032,Azad Deep,Azad Deep
1777,27615,16033,Zilmil Prasad,Zilmil Prashad
374,27618,16036,Y Manne,Yatin Manne
511,27621,16037,Ayusman Sule,Ayushman Sule
408,27622,16037,A. Chanda,Alexander Chanda
162,27623,16038,Y. Ganguly,Yasti Ganguly
1727,27624,16039,P Bajaj,Peter Bajaj
403,27625,16040,Pawani Sastry,Pavani Sastry
1007,27627,16041,Z Tandon,Zayyan Tandon
511,27628,16041,Ayusman Sule,Ayushman Sule
105,27629,16041,J Baral,Jagdish Baral
229,27631,16043,J Sibal,Jonathan Sibal
511,27632,16043,A. Sule,Ayushman Sule
1624,27636,16044,L Seth,Laban Seth
1141,27637,16045,L Balay,Lakshit Balay
1404,27638,16045,Hemangini Chanda,Hemangini Chanda
1635,27639,16046,N. Hayer,Nidra Hayer
96,27641,16048,R. Din,Rehaan Din
1021,27650,16054,C Chokshi,Chatresh Chokshi
1330,27655,16056,Rushil Sankar,Rushil Sankar
547,27657,16057,G Sibal,Gaurang Sibal
374,27659,16058,Y. Manne,Yatin Manne
596,27660,16059,N Mohan,Nakul Mohan
132,27670,16064,B Venkataraman,Balendra Venkataraman
111,27671,16065,Onweer Dutta,Onveer Dutta
511,27672,16066,Ayushman Sule,Ayushman Sule
728,27674,16066,N Ramachandran,Nisha Ramachandran
1624,27677,16067,L Seth,Laban Seth
968,27679,16068,Ekiya Borde,Ekiya Borde
606,27680,16069,Parth Rajagopalan,Parth Rajagopalan
591,27684,16070,Faras Bhawsar,Faras Bhavsar
1681,27685,16070,Aayush Ghosh,Aayush Ghosh
1429,27686,16071,Nilima Narain,Nilima Narain
176,27690,16073,H. Deol,Hardik Deol
1,27697,16077,Yatin Wagle,Yatin Wagle
1007,27698,16077,Z Tandon,Zayyan Tandon
1075,27700,16078,Bachittar Roy,Bachittar Roy
341,27701,16078,Kabir Rattan,Kabir Rattan
1777,27702,16079,Zilmil Prasad,Zilmil Prashad
547,27707,16083,Gaurang Sibal,Gaurang Sibal
1116,27714,16087,J. Kalita,Jai Kalita
871,27716,16088,F. Seth,Finn Seth
1374,27718,16088,A. Din,Ayaan Din
1693,27720,16089,Shravya Singh,Shravya Singh
980,27722,16090,teodore Prabhakar,Theodore Prabhakar
591,27723,16091,F Bhavsar,Faras Bhavsar
1647,27727,16095,C Jhaveri,Chakradev Jhaveri
461,27728,16095,A Biswas,Anay Biswas
614,27731,16096,Alexander Talwar,Alexander Talwar
175,27734,16099,Nachiket Parmar,Nachiket Parmar
1404,27739,16102,Hemangini Chanda,Hemangini Chanda
777,27742,16104,C. Bains,Chaman Bains
1304,27748,16107,Haris Aurora,Harish Aurora
1021,27750,16108,Chatresh Chokshi,Chatresh Chokshi
871,27754,16112,Finn Seth,Finn Seth
214,27758,16115,T. Sachar,Timothy Sachar
833,27759,16115,Chaitanya Khare,Chaitanya Khare
866,27766,16118,Ranveer Bal,Ranveer Bal
1276,27767,16118,Kai Mander,Kai Mander
1575,27768,16118,S Kapadia,Samuel Kapadia
175,27769,16118,N. Parmar,Nachiket Parmar
596,27770,16119,Nakul Mohan,Nakul Mohan
1437,27773,16121,M Gour,Maanav Gour
162,27775,16121,Yasti Ganguly,Yasti Ganguly
100,27779,16124,A. Rau,Avi Rau
980,27781,16125,teodore Prabhakar,Theodore Prabhakar
1681,27782,16125,A. Ghosh,Aayush Ghosh
132,27784,16127,Balendra wenkataraman,Balendra Venkataraman
175,27785,16127,N Parmar,Nachiket Parmar
728,27786,16128,Nisha Ramachandran,Nisha Ramachandran
759,27791,16132,Aadi Sheth,Aadi Sheth
1230,27797,16133,Abhimanyu Muni,Abhimanyu Muni
754,27799,16134,Mattew Rao,Matthew Rao
1681,27803,16137,A Ghosh,Aayush Ghosh
1,27807,16140,Yatin Wagle,Yatin Wagle
968,27809,16141,Ekiya Borde,Ekiya Borde
1116,27810,16142,Jai Kalita,Jai Kalita
1116,27812,16143,Jai Kalita,Jai Kalita
445,27813,16143,Vyanjana Wali,Vyanjana Wali
554,27818,16145,M. Krishnamurthy,Madhav Krishnamurthy
176,27821,16146,H Deol,Hardik Deol
784,27823,16147,G. Peri,George Peri
1007,27825,16148,Z Tandon,Zayyan Tandon
197,27826,16148,A. Pillai,Akshay Pillai
547,27831,16152,Gaurang Sibal,Gaurang Sibal
1575,27834,16153,S. Kapadia,Samuel Kapadia
508,27836,16155,William Mitra,William Mitra
163,27837,16156,R Devi,Rudra Devi
1153,27839,16157,Avi Lata,Avi Lata
1116,27841,16159,J Kalita,Jai Kalita
408,27842,16159,A. Chanda,Alexander Chanda
370,27843,16159,Sneha Behl,Sneha Behl
1481,27845,16160,R. Lall,Robert Lall
508,27846,16160,W Mitra,William Mitra
1230,27848,16162,A Muni,Abhimanyu Muni
403,27850,16164,Pavani Sastry,Pavani Sastry
1777,27851,16164,Z. Prashad,Zilmil Prashad
162,27854,16165,Y Ganguly,Yasti Ganguly
208,27855,16165,Aarnaw Kade,Aarnav Kade
728,27858,16167,N. Ramachandran,Nisha Ramachandran
622,27860,16169,Qadim Krisnamurthy,Qadim Krishnamurthy
374,27861,16169,Yatin Manne,Yatin Manne
1425,27879,16180,Nihal Balakrisnan,Nihal Balakrishnan
1595,27880,16180,Rohan Mander,Rohan Mander
881,27881,16180,A. Saran,Anay Saran
596,27883,16182,Nakul Mohan,Nakul Mohan
968,27885,16184,Ekiya Borde,Ekiya Borde
90,27887,16185,T. Khare,Thomas Khare
225,27888,16185,Ekapad Bir,Ekapad Bir
1116,27889,16186,Jay Kalita,Jai Kalita
1116,27898,16189,Jai Kalita,Jai Kalita
508,27901,16191,W. Mitra,William Mitra
1634,27904,16192,Owen Narayanan,Owen Narayanan
606,27905,16192,Part Rajagopalan,Parth Rajagopalan
866,27907,16193,Ranveer Bal,Ranveer Bal
777,27908,16193,Chaman Bains,Chaman Bains
240,27910,16195,Sathvik Devi,Sathvik Devi
100,27912,16196,Awi Rau,Avi Rau
1007,27916,16198,Zayyan Tandon,Zayyan Tandon
105,27917,16199,Jagdish Baral,Jagdish Baral
511,27920,16201,A Sule,Ayushman Sule
624,27923,16203,L. Thakur,Ladli Thakur
1727,27925,16205,P. Bajaj,Peter Bajaj
622,27926,16206,Qadim Krishnamurthy,Qadim Krishnamurthy
591,27927,16206,Faras Bhavsar,Faras Bhavsar
818,27928,16206,Chatresh More,Chatresh More
189,27929,16207,Ekbal Aurora,Ekbal Aurora
408,27930,16208,Alexander Chanda,Alexander Chanda
1021,27933,16210,C Chokshi,Chatresh Chokshi
606,27934,16211,P Rajagopalan,Parth Rajagopalan
733,27935,16211,F. Kashyap,Faris Kashyap
229,27936,16211,J. Sibal,Jonathan Sibal
175,27939,16213,Nachiket Parmar,Nachiket Parmar
547,27940,16213,G Sibal,Gaurang Sibal
162,27941,16214,Y Ganguly,Yasti Ganguly
622,27944,16215,Qadim Krishnamurthy,Qadim Krishnamurthy
1624,27947,16217,Laban Seth,Laban Seth
1404,27948,16217,Hemangini Chanda,Hemangini Chanda
1404,27950,16218,Hemangini Chanda,Hemangini Chanda
378,27951,16218,Chanchal wenkataraman,Chanchal Venkataraman
176,27966,16225,Hardik Deol,Hardik Deol
777,27967,16226,Chaman Bains,Chaman Bains
175,27969,16228,Nachiket Parmar,Nachiket Parmar
1043,27970,16229,M Sarkar,Michael Sarkar
622,27972,16230,Q. Krishnamurthy,Qadim Krishnamurthy
596,27973,16231,N Mohan,Nakul Mohan
427,27976,16233,Chatresh Shankar,Chatresh Shankar
1575,27980,16237,Samuel Kapadia,Samuel Kapadia
1404,27986,16241,Hemangini Chanda,Hemangini Chanda
1007,27987,16241,Zayyan Tandon,Zayyan Tandon
1681,27990,16243,Aayush Ghosh,Aayush Ghosh
427,27992,16243,C. Shankar,Chatresh Shankar
961,27997,16246,D. Rajagopal,Dhruv Rajagopal
968,27998,16247,Ekiya Borde,Ekiya Borde
547,27999,16248,Gaurang Sibal,Gaurang Sibal
866,28000,16249,Ranveer Bal,Ranveer Bal
408,28004,16250,Alexander Chanda,Alexander Chanda
162,28005,16251,Yasti Ganguly,Yasti Ganguly
461,28008,16254,Anay Biswas,Anay Biswas
1425,28010,16256,Nihal Balakrishnan,Nihal Balakrishnan
1116,28012,16256,Jai Kalita,Jai Kalita
1457,28015,16258,Rehaan Mander,Rehaan Mander
622,28016,16259,Q. Krishnamurthy,Qadim Krishnamurthy
554,28019,16260,Madhav Krishnamurthy,Madhav Krishnamurthy
554,28021,16262,M Krishnamurthy,Madhav Krishnamurthy
1777,28024,16263,Zilmil Prasad,Zilmil Prashad
1575,28025,16264,S. Kapadia,Samuel Kapadia
1777,28026,16265,Z Prashad,Zilmil Prashad
728,28027,16266,Nisha Ramachandran,Nisha Ramachandran
502,28032,16269,F Kumer,Fitan Kumer
1,28035,16270,Y Wagle,Yatin Wagle
1230,28036,16271,Abhimanyu Muni,Abhimanyu Muni
374,28042,16276,Yatin Manne,Yatin Manne
1557,28045,16278,Anirudh Shukla,Anirudh Shukla
1371,28056,16284,Dhruw Tella,Dhruv Tella
614,28059,16286,Alexander Talwar,Alexander Talwar
176,28068,16294,Hardik Deol,Hardik Deol
904,28069,16294,E. Lal,Ekaraj Lal
105,28078,16298,J Baral,Jagdish Baral
554,28081,16299,M Krishnamurthy,Madhav Krishnamurthy
461,28089,16302,Anay Biswas,Anay Biswas
1230,28091,16304,A Muni,Abhimanyu Muni
592,28096,16308,R Gupta,Rohan Gupta
961,28100,16311,Dhruv Rajagopal,Dhruv Rajagopal
596,28102,16313,Nakul Mohan,Nakul Mohan
1404,28104,16314,Hemangini Chanda,Hemangini Chanda
1,28105,16314,Y. Wagle,Yatin Wagle
904,28108,16315,Ekaraj Lal,Ekaraj Lal
1727,28111,16317,Peter Bajaj,Peter Bajaj
1141,28117,16319,L. Balay,Lakshit Balay
1007,28120,16321,Zayyan Tandon,Zayyan Tandon
1595,28123,16322,Rohan Mander,Rohan Mander
624,28128,16325,L. Thakur,Ladli Thakur
1141,28129,16325,Laksit Balay,Lakshit Balay
370,28131,16326,Sneha Behl,Sneha Behl
624,28136,16330,L Thakur,Ladli Thakur
1260,28138,16331,I Bhattacharyya,Ishani Bhattacharyya
100,28139,16332,Avi Rau,Avi Rau
596,28140,16332,Nakul Mohan,Nakul Mohan
1635,28141,16332,N. Hayer,Nidra Hayer
946,28151,16339,Jackson Pal,Jackson Pal
624,28155,16342,L Thakur,Ladli Thakur
1575,28156,16342,S. Kapadia,Samuel Kapadia
1727,28160,16345,Peter Bajaj,Peter Bajaj
547,28163,16348,G. Sibal,Gaurang Sibal
511,28164,16348,Ayushman Sule,Ayushman Sule
1624,28165,16348,Laban Seth,Laban Seth
701,28166,16349,Diya Salvi,Diya Salvi
1230,28170,16351,A. Muni,Abhimanyu Muni
511,28172,16352,Ayushman Sule,Ayushman Sule
176,28173,16353,Hardik Deol,Hardik Deol
567,28174,16354,V. Gala,Victor Gala
176,28175,16354,H. Deol,Hardik Deol
1681,28180,16357,Aayush Ghosh,Aayush Ghosh
229,28183,16359,Jonatan Sibal,Jonathan Sibal
215,28186,16362,W. Trivedi,Warinder Trivedi
1635,28189,16364,Nidra Hayer,Nidra Hayer
624,28190,16364,L. Thakur,Ladli Thakur
1437,28191,16365,Maanaw Gour,Maanav Gour
339,28192,16365,Xalak sukla,Xalak Shukla
229,28198,16368,J. Sibal,Jonathan Sibal
961,28200,16369,Dhruv Rajagopal,Dhruv Rajagopal
374,28201,16370,Y. Manne,Yatin Manne
167,28202,16371,E Randhawa,Ekaja Randhawa
229,28210,16377,Jonathan Sibal,Jonathan Sibal
1635,28211,16378,Nidra Hayer,Nidra Hayer
1333,28212,16378,Nimrat Dora,Nimrat Dora
622,28213,16379,Qadim Krisnamurthy,Qadim Krishnamurthy
591,28216,16379,Faras Bhawsar,Faras Bhavsar
100,28219,16380,Awi Rau,Avi Rau
339,28220,16380,X. Shukla,Xalak Shukla
408,28225,16384,A Chanda,Alexander Chanda
866,28228,16385,Ranveer Bal,Ranveer Bal
1437,28230,16386,M. Gour,Maanav Gour
1384,28234,16389,Faraj Atwal,Faraj Atwal
1657,28236,16390,B. Sahota,Baljiwan Sahota
1399,28242,16394,William Baria,William Baria
1749,28243,16394,Rachana Sachdew,Rachana Sachdev
1048,28246,16396,Arin Tak,Arin Tak
1569,28247,16397,Yug Dhar,Yug Dhar
178,28250,16398,Zehaan Khurana,Zehaan Khurana
1042,28258,16403,Wahab Kade,Wahab Kade
514,28261,16405,Balveer Saxena,Balveer Saxena
1605,28263,16406,Mohammed Dash,Mohammed Dash
158,28264,16407,A Kashyap,Abhiram Kashyap
1519,28265,16407,Ryan Chanda,Ryan Chanda
872,28266,16408,Chaitanya Seth,Chaitanya Seth
843,28268,16409,Owen Sem,Owen Sem
173,28270,16411,P. Kamdar,Pranav Kamdar
1657,28271,16412,Baljiwan Sahota,Baljiwan Sahota
52,28272,16413,P Tailor,Patrick Tailor
139,28273,16414,Daksh Sampath,Daksh Sampath
1427,28275,16415,weer Das,Veer Das
726,28283,16419,Rachita Murty,Rachita Murty
501,28286,16422,E Balakrishnan,Ethan Balakrishnan
1315,28288,16424,Caleb Morar,Caleb Morar
314,28289,16424,Tarak Anand,Tarak Anand
1598,28292,16427,I Lall,Ira Lall
788,28294,16428,Qadim Batra,Qadim Batra
52,28296,16429,P. Tailor,Patrick Tailor
1450,28297,16430,S. Hans,Sathvik Hans
1057,28298,16431,W. Pandey,Wazir Pandey
1295,28299,16432,Laban Tata,Laban Tata
990,28300,16433,H. Sandal,Harrison Sandal
320,28301,16434,Ans Dani,Ansh Dani
831,28306,16436,Lakshit Kumer,Lakshit Kumer
158,28310,16439,A Kashyap,Abhiram Kashyap
501,28313,16442,E. Balakrishnan,Ethan Balakrishnan
273,28314,16442,Girish Lad,Girish Lad
1354,28317,16444,H. Borra,Hardik Borra
101,28320,16447,Elijah Lata,Elijah Lata
1741,28325,16450,Mantan Parmer,Manthan Parmer
1741,28333,16452,M. Parmer,Manthan Parmer
843,28335,16453,Owen Sem,Owen Sem
1498,28338,16455,Henry kurana,Henry Khurana
1450,28339,16456,Sathwik Hans,Sathvik Hans
1569,28353,16467,Y Dhar,Yug Dhar
1450,28354,16468,S Hans,Sathvik Hans
1042,28355,16468,W. Kade,Wahab Kade
937,28357,16470,Ekapad Lal,Ekapad Lal
189,28358,16471,Ekbal Aurora,Ekbal Aurora
1726,28361,16473,P. Chatterjee,Patrick Chatterjee
1449,28365,16476,L. Chaudhary,Logan Chaudhary
1583,28367,16476,Z Ahluwalia,Zayan Ahluwalia
329,28369,16477,Chakradev Kadakia,Chakradev Kadakia
1327,28376,16482,Harish Anand,Harish Anand
1185,28377,16482,V Chacko,Vinaya Chacko
1007,28381,16485,Z Tandon,Zayyan Tandon
612,28385,16486,Tanveer Jani,Tanveer Jani
314,28388,16488,T Anand,Tarak Anand
397,28394,16490,Sai Karpe,Sai Karpe
938,28398,16494,H. Sehgal,Harish Sehgal
1327,28401,16495,Harish Anand,Harish Anand
33,28403,16496,Rehaan Majumdar,Rehaan Majumdar
18,28405,16498,Henry Jain,Henry Jain
1545,28406,16499,Aradhana Narang,Aradhana Narang
52,28409,16500,Patrick Tailor,Patrick Tailor
178,28412,16502,Zehaan kurana,Zehaan Khurana
1054,28413,16503,Vidhi Arya,Vidhi Arya
1428,28414,16503,Vidhi Bhasin,Vidhi Bhasin
954,28417,16505,Brijesh Mistry,Brijesh Mistry
189,28419,16506,E Aurora,Ekbal Aurora
1631,28425,16509,E Sastry,Ekavir Sastry
939,28426,16510,Andrew Som,Andrew Som
880,28433,16515,Anirudh Vasa,Anirudh Vasa
1295,28434,16515,L. Tata,Laban Tata
204,28435,16516,D Kata,Dalbir Kata
1185,28439,16518,V. Chacko,Vinaya Chacko
1185,28440,16518,Vinaya Chacko,Vinaya Chacko
1295,28446,16524,L. Tata,Laban Tata
1449,28448,16524,Logan Chaudhary,Logan Chaudhary
1569,28450,16525,Yug Dhar,Yug Dhar
1065,28451,16526,B. Sabharwal,Balendra Sabharwal
990,28453,16528,Harrison Sandal,Harrison Sandal
144,28457,16529,F Swamy,Falguni Swamy
612,28460,16531,Tanweer Jani,Tanveer Jani
640,28467,16534,A Buch,Anirudh Buch
1380,28468,16534,N. Seshadri,Nathaniel Seshadri
397,28475,16539,S. Karpe,Sai Karpe
612,28476,16540,Tanveer Jani,Tanveer Jani
1471,28477,16540,Qasim Karnik,Qasim Karnik
937,28482,16545,E Lal,Ekapad Lal
975,28488,16548,Banjeet Halder,Banjeet Halder
893,28491,16550,Neel Master,Neel Master
514,28492,16550,B. Saxena,Balveer Saxena
1453,28494,16551,D. Mohan,Daksh Mohan
737,28497,16551,B Madan,Balendra Madan
1565,28498,16552,O. Sura,Oliver Sura
1500,28501,16553,Zayan Parekh,Zayan Parekh
315,28504,16555,M Shankar,Maanav Shankar
1657,28507,16556,Baljiwan Sahota,Baljiwan Sahota
514,28509,16558,Balveer Saxena,Balveer Saxena
746,28521,16565,J Maharaj,Jagdish Maharaj
107,28524,16566,D. Sekhon,Daksha Sekhon
726,28528,16570,Rachita Murty,Rachita Murty
1286,28532,16571,Lucky Patil,Lucky Patil
646,28534,16572,Kay Chauhan,Kai Chauhan
1450,28539,16574,Sathvik Hans,Sathvik Hans
320,28541,16576,Ansh Dani,Ansh Dani
942,28544,16578,C. Tripathi,Champak Tripathi
1449,28545,16579,Logan Chaudhary,Logan Chaudhary
640,28555,16583,Anirudh Buch,Anirudh Buch
1569,28563,16587,Yug Dhar,Yug Dhar
858,28566,16588,B. Dash,Bahadurjit Dash
1498,28567,16588,H. Khurana,Henry Khurana
726,28569,16589,Rachita Murty,Rachita Murty
1286,28573,16591,L Patil,Lucky Patil
273,28574,16591,Giris Lad,Girish Lad
1048,28580,16593,Arin Tak,Arin Tak
1327,28590,16598,H Anand,Harish Anand
158,28591,16598,Abhiram Kashyap,Abhiram Kashyap
1471,28594,16601,Qasim Karnik,Qasim Karnik
646,28595,16601,Kai Chauhan,Kai Chauhan
347,28602,16606,Dalbir Oommen,Dalbir Oommen
178,28603,16607,Zehaan Khurana,Zehaan Khurana
935,28608,16608,C Pal,Chasmum Pal
1327,28609,16609,H Anand,Harish Anand
726,28610,16610,R Murty,Rachita Murty
1384,28615,16613,F. Atwal,Faraj Atwal
1492,28616,16614,S Sachdeva,Samuel Sachdeva
954,28617,16614,Brijesh Mistry,Brijesh Mistry
1471,28621,16616,Q Karnik,Qasim Karnik
821,28625,16617,E. Bir,Ekansh Bir
954,28635,16624,B Mistry,Brijesh Mistry
1500,28638,16625,Zayan Parek,Zayan Parekh
158,28639,16625,A. Kashyap,Abhiram Kashyap
234,28640,16626,Urvashi Gandhi,Urvashi Gandhi
601,28645,16629,Manan Chopra,Manan Chopra
514,28648,16631,Balveer Saxena,Balveer Saxena
179,28653,16635,A Din,Abhimanyu Din
101,28654,16636,E Lata,Elijah Lata
1453,28655,16636,D. Mohan,Daksh Mohan
1577,28656,16636,Shaurya Gupta,Shaurya Gupta
990,28661,16639,Harrison Sandal,Harrison Sandal
52,28663,16639,P Tailor,Patrick Tailor
501,28665,16641,E Balakrishnan,Ethan Balakrishnan
1619,28668,16641,Ayaan Wable,Ayaan Wable
1065,28673,16643,B Sabharwal,Balendra Sabharwal
612,28678,16646,Tanweer Jani,Tanveer Jani
532,28679,16647,M Choudhary,Mohammed Choudhary
1327,28680,16647,H Anand,Harish Anand
206,28682,16647,Banjit Bhagat,Banjeet Bhagat
843,28683,16648,O Sem,Owen Sem
1453,28684,16649,Daks Mohan,Daksh Mohan
126,28685,16650,C. Gopal,Chanakya Gopal
1621,28689,16654,Aditya Lal,Aditya Lal
101,28693,16655,E. Lata,Elijah Lata
1124,28697,16656,Gopal D’Alia,Gopal D’Alia
314,28701,16658,Tarak Anand,Tarak Anand
1498,28703,16658,Henry Khurana,Henry Khurana
1124,28706,16660,G. D’Alia,Gopal D’Alia
891,28708,16660,Pranit Choudhury,Pranit Choudhury
372,28709,16660,Ayush Ghose,Ayush Ghose
36,28715,16663,Vedant Chowdhury,Vedant Chowdhury
798,28719,16665,A Radhakrishnan,Aryan Radhakrishnan
1380,28720,16666,Nataniel Sesadri,Nathaniel Seshadri
101,28723,16667,Elijah Lata,Elijah Lata
1065,28725,16668,B Sabharwal,Balendra Sabharwal
1519,28729,16669,Ryan Chanda,Ryan Chanda
646,28730,16669,Kai Chauhan,Kai Chauhan
234,28733,16672,Urvashi Gandhi,Urvashi Gandhi
1327,28737,16674,H. Anand,Harish Anand
1598,28746,16679,Ira Lall,Ira Lall
320,28750,16681,A Dani,Ansh Dani
144,28751,16682,Falguni Swamy,Falguni Swamy
1080,28752,16683,Liam Rastogi,Liam Rastogi
1086,28754,16683,H. Solanki,Hardik Solanki
314,28758,16684,T. Anand,Tarak Anand
1315,28759,16685,Caleb Morar,Caleb Morar
273,28760,16685,Giris Lad,Girish Lad
1103,28766,16689,N Sha,Noah Sha
1500,28770,16691,Z. Parekh,Zayan Parekh
1223,28772,16693,Jeremiah Merchant,Jeremiah Merchant
1577,28773,16694,saurya Gupta,Shaurya Gupta
55,28780,16696,Aayush Badal,Aayush Badal
234,28789,16702,U. Gandhi,Urvashi Gandhi
1048,28790,16702,Arin Tak,Arin Tak
158,28792,16704,Abhiram Kasyap,Abhiram Kashyap
640,28796,16706,Anirudh Buch,Anirudh Buch
1286,28798,16707,Lucky Patil,Lucky Patil
397,28799,16707,Sai Karpe,Sai Karpe
1492,28806,16714,Samuel Sachdewa,Samuel Sachdeva
18,28809,16714,Henry Jain,Henry Jain
257,28810,16715,Charan Sood,Charan Sood
1625,28812,16717,Sarthak Kala,Sarthak Kala
1329,28814,16717,Maanav Singh,Maanav Singh
1042,28815,16718,Wahab Kade,Wahab Kade
451,28817,16720,G. Anand,Girik Anand
1468,28820,16723,Warjas Sengupta,Warjas Sengupta
1008,28821,16723,Rohan Bhatia,Rohan Bhatia
488,28824,16724,Ojas Subramaniam,Ojas Subramaniam
1741,28826,16726,M. Parmer,Manthan Parmer
1565,28828,16727,Oliver Sura,Oliver Sura
294,28829,16727,N. Vig,Nitara Vig
320,28830,16728,Ansh Dani,Ansh Dani
189,28832,16729,E. Aurora,Ekbal Aurora
52,28835,16730,P. Tailor,Patrick Tailor
1741,28838,16731,Manthan Parmer,Manthan Parmer
1065,28840,16732,B Sabharwal,Balendra Sabharwal
1468,28841,16733,W. Sengupta,Warjas Sengupta
1065,28843,16733,Balendra Sabharwal,Balendra Sabharwal
1749,28844,16733,Rachana Sachdev,Rachana Sachdev
1295,28847,16736,L. Tata,Laban Tata
1315,28855,16740,Caleb Morar,Caleb Morar
178,28857,16741,Zehaan kurana,Zehaan Khurana
52,28858,16741,P. Tailor,Patrick Tailor
691,28859,16741,L. Kulkarni,Lopa Kulkarni
423,28862,16743,A Keer,Abhiram Keer
1092,28864,16743,Pranaw Chand,Pranav Chand
843,28865,16743,O. Sem,Owen Sem
1201,28866,16744,Sames Jaggi,Samesh Jaggi
1577,28868,16745,S. Gupta,Shaurya Gupta
1034,28870,16747,Ikbal Goyal,Ikbal Goyal
893,28875,16748,N. Master,Neel Master
397,28880,16752,S Karpe,Sai Karpe
674,28886,16755,F Goswami,Falan Goswami
315,28889,16757,Maanav Shankar,Maanav Shankar
1380,28894,16760,Nataniel Sesadri,Nathaniel Seshadri
1293,28895,16760,Raghaw senoy,Raghav Shenoy
310,28899,16762,Aayus Ahluwalia,Aayush Ahluwalia
1776,28900,16762,M Ranganathan,Manan Ranganathan
220,28901,16762,Caleb Handa,Caleb Handa
646,28902,16763,Kay Chauhan,Kai Chauhan
726,28905,16764,R Murty,Rachita Murty
1471,28906,16765,Qasim Karnik,Qasim Karnik
502,28907,16765,Fitan Kumer,Fitan Kumer
1500,28911,16768,Zayan Parek,Zayan Parekh
1492,28913,16768,S Sachdeva,Samuel Sachdeva
1380,28914,16769,Nataniel Sesadri,Nathaniel Seshadri
294,28917,16772,N Vig,Nitara Vig
1380,28922,16774,Nataniel Sesadri,Nathaniel Seshadri
158,28934,16782,Abhiram Kasyap,Abhiram Kashyap
451,28936,16783,G. Anand,Girik Anand
408,28939,16785,A. Chanda,Alexander Chanda
1577,28941,16787,saurya Gupta,Shaurya Gupta
1598,28942,16788,Ira Lall,Ira Lall
147,28944,16790,J Oza,Jairaj Oza
1519,28950,16795,Ryan Chanda,Ryan Chanda
1565,28951,16796,O. Sura,Oliver Sura
189,28953,16796,E Aurora,Ekbal Aurora
1185,28957,16799,winaya Chacko,Vinaya Chacko
918,28959,16801,Maya Ghose,Maya Ghose
1698,28960,16802,D Saini,Daksh Saini
1267,28961,16802,Aarus Randhawa,Aarush Randhawa
320,28963,16803,Ans Dani,Ansh Dani
257,28967,16806,C Sood,Charan Sood
746,28968,16807,Jagdis Maharaj,Jagdish Maharaj
893,28969,16808,Nil Master,Neel Master
1471,28971,16808,Q. Karnik,Qasim Karnik
1380,28974,16809,N Seshadri,Nathaniel Seshadri
1647,28976,16811,Chakradew Jhaweri,Chakradev Jhaveri
945,28978,16811,L. Kala,Lucky Kala
848,28979,16812,Tanmayi Mitra,Tanmayi Mitra
18,28982,16813,Henry Jain,Henry Jain
126,28983,16814,C Gopal,Chanakya Gopal
397,28985,16815,Say Karpe,Sai Karpe
52,28987,16815,Patrick Taylor,Patrick Tailor
893,28988,16816,N. Master,Neel Master
843,28990,16816,Owen Sem,Owen Sem
257,28994,16819,Charan Sood,Charan Sood
514,28999,16821,Balvir Saxena,Balveer Saxena
798,29000,16822,Aryan Radhakrisnan,Aryan Radhakrishnan
1286,29001,16822,Lucky Patil,Lucky Patil
220,29003,16823,Caleb Handa,Caleb Handa
1565,29006,16825,Oliver Sura,Oliver Sura
397,29007,16826,Sai Karpe,Sai Karpe
1065,29009,16828,Balendra Sabharwal,Balendra Sabharwal
1006,29012,16829,H. Deep,Hemal Deep
646,29014,16830,K Chauhan,Kai Chauhan
1223,29016,16832,Jeremiah Merchant,Jeremiah Merchant
1450,29019,16834,Sathvik Hans,Sathvik Hans
1185,29024,16836,Vinaya Chacko,Vinaya Chacko
1704,29027,16838,Onveer Gokhale,Onveer Gokhale
1086,29029,16839,Hardik Solanki,Hardik Solanki
1174,29030,16839,H Sule,Hredhaan Sule
273,29035,16842,Girish Lad,Girish Lad
955,29036,16843,Ayusman Bora,Ayushman Bora
1698,29037,16844,Daksh Saini,Daksh Saini
612,29038,16845,T Jani,Tanveer Jani
299,29042,16849,Rusil Dasgupta,Rushil Dasgupta
1042,29047,16853,Wahab Kade,Wahab Kade
18,29053,16855,Henry Jain,Henry Jain
1086,29056,16856,Hardik Solanki,Hardik Solanki
1384,29057,16856,F Atwal,Faraj Atwal
640,29059,16857,A. Buch,Anirudh Buch
1545,29060,16858,Aradhana Narang,Aradhana Narang
348,29063,16861,O Maharaj,Ojas Maharaj
1384,29069,16864,Faraj Atwal,Faraj Atwal
18,29070,16865,Henry Jayn,Henry Jain
101,29071,16866,Elijah Lata,Elijah Lata
1384,29075,16869,Faraj Atwal,Faraj Atwal
1741,29081,16874,M. Parmer,Manthan Parmer
691,29083,16875,Lopa Kulkarni,Lopa Kulkarni
1291,29084,16875,Falan Reddy,Falan Reddy
1498,29085,16876,Henry Khurana,Henry Khurana
918,29086,16876,Maya Ghose,Maya Ghose
501,29087,16876,Etan Balakrisnan,Ethan Balakrishnan
1185,29091,16878,V. Chacko,Vinaya Chacko
315,29093,16880,Maanav Shankar,Maanav Shankar
812,29097,16882,N. Raju,Nicholas Raju
1167,29098,16883,Max Dave,Max Dave
1453,29099,16883,Daks Mohan,Daksh Mohan
234,29100,16883,Urvasi Gandhi,Urvashi Gandhi
1042,29105,16885,W. Kade,Wahab Kade
158,29108,16888,A Kashyap,Abhiram Kashyap
423,29109,16888,A. Keer,Abhiram Keer
1598,29115,16891,Ira Lall,Ira Lall
1471,29118,16893,Qasim Karnik,Qasim Karnik
179,29119,16894,Abhimanyu Din,Abhimanyu Din
673,29122,16896,Siddharth Wagle,Siddharth Wagle
274,29138,16905,R. Mitter,Reyansh Mitter
1286,29142,16908,Lucky Patil,Lucky Patil
514,29145,16909,Balveer Saxena,Balveer Saxena
893,29147,16910,Neel Master,Neel Master
1185,29148,16910,V Chacko,Vinaya Chacko
273,29150,16910,G. Lad,Girish Lad
1384,29151,16911,F Atwal,Faraj Atwal
220,29156,16914,Caleb Handa,Caleb Handa
640,29157,16915,A. Buch,Anirudh Buch
238,29158,16916,A. Keer,Azad Keer
1500,29159,16917,Zayan Parek,Zayan Parekh
1500,29160,16917,Zayan Parek,Zayan Parekh
640,29163,16918,Anirudh Buch,Anirudh Buch
514,29171,16923,B. Saxena,Balveer Saxena
320,29172,16923,Ansh Dani,Ansh Dani
206,29177,16926,B Bhagat,Banjeet Bhagat
1498,29179,16927,Henry Khurana,Henry Khurana
273,29184,16929,G Lad,Girish Lad
1500,29185,16930,Zayan Parekh,Zayan Parekh
1491,29186,16930,Ishwar Gandhi,Ishwar Gandhi
1565,29188,16930,Oliver Sura,Oliver Sura
1008,29197,16933,Rohan Bhatia,Rohan Bhatia
1471,29205,16938,Q. Karnik,Qasim Karnik
1569,29207,16939,Yug Dhar,Yug Dhar
182,29209,16940,Imaran Mann,Imaran Mann
1042,29215,16944,Wahab Kade,Wahab Kade
612,29216,16944,T. Jani,Tanveer Jani
268,29219,16946,Kewin Bali,Kevin Bali
179,29220,16947,Abhimanyu Din,Abhimanyu Din
1698,29224,16949,Daks Sayni,Daksh Saini
691,29227,16950,Lopa Kulkarni,Lopa Kulkarni
791,29229,16952,Ronith Hora,Ronith Hora
1498,29233,16953,H Khurana,Henry Khurana
848,29234,16953,T. Mitra,Tanmayi Mitra
1471,29235,16953,Q Karnik,Qasim Karnik
514,29238,16954,B Saxena,Balveer Saxena
1048,29239,16954,Arin Tak,Arin Tak
220,29242,16957,Caleb Handa,Caleb Handa
893,29251,16962,Nil Master,Neel Master
440,29253,16963,Siddharth Soni,Siddharth Soni
89,29254,16963,M. Kapadia,Manan Kapadia
397,29255,16964,S. Karpe,Sai Karpe
178,29259,16965,Z. Khurana,Zehaan Khurana
397,29261,16967,Say Karpe,Sai Karpe
1285,29263,16968,Kamala Bhagat,Kamala Bhagat
726,29265,16969,R. Murty,Rachita Murty
501,29268,16971,Etan Balakrisnan,Ethan Balakrishnan
1150,29269,16971,Frado saraf,Frado Sharaf
1492,29270,16971,S. Sachdeva,Samuel Sachdeva
1086,29271,16971,Hardik Solanki,Hardik Solanki
423,29274,16973,A. Keer,Abhiram Keer
1008,29278,16976,R. Bhatia,Rohan Bhatia
933,29281,16977,Siddharth Panchal,Siddharth Panchal
1565,29283,16978,O. Sura,Oliver Sura
178,29288,16980,Zehaan Khurana,Zehaan Khurana
514,29289,16981,Balveer Saxena,Balveer Saxena
1030,29293,16982,Irya Taneja,Irya Taneja
52,29294,16982,Patrick Tailor,Patrick Tailor
49,29295,16983,Zayyan Dara,Zayyan Dara
1295,29296,16983,Laban Tata,Laban Tata
1241,29297,16984,Anay Barad,Anay Barad
18,29300,16985,Henry Jain,Henry Jain
918,29301,16985,Maya Ghose,Maya Ghose
451,29305,16988,Girik Anand,Girik Anand
397,29307,16990,S Karpe,Sai Karpe
612,29308,16990,Tanweer Jani,Tanveer Jani
1384,29310,16992,Faraj Atwal,Faraj Atwal
1598,29317,16995,Ira Lall,Ira Lall
257,29318,16996,Charan Sud,Charan Sood
1327,29319,16996,H. Anand,Harish Anand
1489,29320,16996,Advay Gola,Advay Gola
691,29324,16999,L. Kulkarni,Lopa Kulkarni
612,29325,16999,T. Jani,Tanveer Jani
501,29326,17000,E. Balakrishnan,Ethan Balakrishnan
798,29330,17003,A. Radhakrishnan,Aryan Radhakrishnan
144,29336,17007,Falguni Swamy,Falguni Swamy
273,29340,17008,Girish Lad,Girish Lad
144,29347,17012,F Swamy,Falguni Swamy
1625,29350,17014,S Kala,Sarthak Kala
1741,29354,17018,Manthan Parmer,Manthan Parmer
1519,29358,17020,Ryan Chanda,Ryan Chanda
1498,29359,17021,Henry kurana,Henry Khurana
1449,29361,17022,Logan Chaudhary,Logan Chaudhary
126,29363,17023,C Gopal,Chanakya Gopal
612,29368,17025,T. Jani,Tanveer Jani
126,29372,17027,Chanakya Gopal,Chanakya Gopal
612,29379,17031,Tanvir Jani,Tanveer Jani
1185,29383,17033,Vinaya Chacko,Vinaya Chacko
273,29384,17034,G Lad,Girish Lad
1492,29394,17040,Samuel Sachdeva,Samuel Sachdeva
451,29397,17041,G Anand,Girik Anand
1657,29401,17045,B. Sahota,Baljiwan Sahota
1565,29406,17048,Oliwer Sura,Oliver Sura
1519,29408,17049,R Chanda,Ryan Chanda
314,29417,17052,Tarak Anand,Tarak Anand
990,29422,17056,H Sandal,Harrison Sandal
893,29424,17057,N Master,Neel Master
848,29427,17058,T. Mitra,Tanmayi Mitra
1086,29428,17059,Hardik Solanki,Hardik Solanki
320,29430,17060,Ansh Dani,Ansh Dani
182,29432,17061,Imaran Mann,Imaran Mann
257,29433,17062,C. Sood,Charan Sood
1185,29435,17062,Vinaya Chacko,Vinaya Chacko
1048,29438,17063,A. Tak,Arin Tak
1065,29439,17064,Balendra Sabharwal,Balendra Sabharwal
1386,29442,17067,Viraj Vaidya,Viraj Vaidya
501,29445,17067,Ethan Balakrishnan,Ethan Balakrishnan
501,29447,17069,Etan Balakrisnan,Ethan Balakrishnan
1598,29453,17072,Ira Lall,Ira Lall
877,29460,17078,A Rajan,Ayush Rajan
423,29462,17079,A. Keer,Abhiram Keer
691,29477,17088,Lopa Kulkarni,Lopa Kulkarni
1315,29478,17089,C Morar,Caleb Morar
48,29479,17089,Balvan Gaba,Balvan Gaba
1449,29480,17090,L. Chaudhary,Logan Chaudhary
1657,29483,17091,Baljiwan Sahota,Baljiwan Sahota
179,29487,17095,Abhimanyu Din,Abhimanyu Din
1577,29494,17100,Shaurya Gupta,Shaurya Gupta
646,29504,17106,Kai Chauhan,Kai Chauhan
1286,29506,17107,L Patil,Lucky Patil
182,29508,17109,I Mann,Imaran Mann
848,29513,17112,Tanmayi Mitra,Tanmayi Mitra
1545,29520,17115,A Narang,Aradhana Narang
1749,29522,17116,Rachana Sachdev,Rachana Sachdev
1498,29523,17117,H Khurana,Henry Khurana
612,29524,17118,Tanveer Jani,Tanveer Jani
501,29531,17120,E Balakrishnan,Ethan Balakrishnan
1698,29535,17121,Daksh Saini,Daksh Saini
294,29538,17124,Nitara Vig,Nitara Vig
220,29539,17125,Caleb Handa,Caleb Handa
1741,29540,17126,M Parmer,Manthan Parmer
1500,29542,17127,Zayan Parekh,Zayan Parekh
1551,29543,17128,Jeet Kohli,Jeet Kohli
294,29548,17130,N Vig,Nitara Vig
1097,29549,17131,R. Balan,Rachit Balan
1569,29551,17133,Y Dhar,Yug Dhar
1698,29553,17133,Daksh Saini,Daksh Saini
52,29558,17138,P. Tailor,Patrick Tailor
893,29561,17141,Neel Master,Neel Master
1565,29564,17144,Oliver Sura,Oliver Sura
18,29566,17145,H. Jain,Henry Jain
220,29569,17147,Caleb Handa,Caleb Handa
52,29570,17147,Patrick Taylor,Patrick Tailor
119,29573,17149,Yug Korpal,Yug Korpal
1185,29574,17150,Vinaya Chacko,Vinaya Chacko
877,29575,17151,Ayush Rajan,Ayush Rajan
798,29578,17152,Aryan Radhakrishnan,Aryan Radhakrishnan
646,29580,17154,K. Chauhan,Kai Chauhan
954,29585,17156,B Mistry,Brijesh Mistry
397,29588,17159,Say Karpe,Sai Karpe
1048,29589,17160,A. Tak,Arin Tak
18,29591,17160,Henry Jain,Henry Jain
294,29594,17162,Nitara Vig,Nitara Vig
798,29599,17165,Aryan Radhakrishnan,Aryan Radhakrishnan
1286,29601,17166,Lucky Patil,Lucky Patil
1315,29602,17166,Caleb Morar,Caleb Morar
1657,29604,17167,B. Sahota,Baljiwan Sahota
1065,29605,17167,Balendra Sabharwal,Balendra Sabharwal
52,29610,17170,P Tailor,Patrick Tailor
1471,29612,17171,Qasim Karnik,Qasim Karnik
1625,29613,17172,Sarthak Kala,Sarthak Kala
798,29615,17174,A Radhakrishnan,Aryan Radhakrishnan
1698,29617,17175,D Saini,Daksh Saini
18,29620,17176,Henry Jain,Henry Jain
1741,29621,17177,M. Parmer,Manthan Parmer
1453,29622,17177,D. Mohan,Daksh Mohan
893,29626,17180,Nil Master,Neel Master
371,29632,17182,Ranveer Sahni,Ranveer Sahni
273,29633,17182,G Lad,Girish Lad
726,29634,17183,Rachita Murty,Rachita Murty
52,29639,17185,Patrick Tailor,Patrick Tailor
1042,29642,17186,Wahab Kade,Wahab Kade
1749,29645,17188,R. Sachdev,Rachana Sachdev
1397,29647,17189,Manan Sekon,Manan Sekhon
1569,29648,17189,Yug Dhar,Yug Dhar
1698,29655,17192,Daksh Saini,Daksh Saini
1247,29657,17193,Ryan Saini,Ryan Saini
1086,29658,17194,Hardik Solanki,Hardik Solanki
1498,29660,17195,Henry kurana,Henry Khurana
1315,29662,17195,C Morar,Caleb Morar
893,29665,17197,N Master,Neel Master
514,29668,17198,B. Saxena,Balveer Saxena
1545,29670,17199,Aradhana Narang,Aradhana Narang
1796,29671,17200,Warinder Vohra,Warinder Vohra
746,29675,17203,Jagdis Maharaj,Jagdish Maharaj
1124,29678,17205,Gopal D’Alia,Gopal D’Alia
1380,29679,17205,Nathaniel Seshadri,Nathaniel Seshadri
1468,29683,17206,W. Sengupta,Warjas Sengupta
220,29684,17206,Caleb Handa,Caleb Handa
320,29685,17207,Ansh Dani,Ansh Dani
1042,29689,17208,Wahab Kade,Wahab Kade
206,29693,17210,Banjeet Bhagat,Banjeet Bhagat
451,29702,17216,G. Anand,Girik Anand
1625,29703,17217,Sarthak Kala,Sarthak Kala
1008,29704,17218,R Bhatia,Rohan Bhatia
1450,29706,17218,S Hans,Sathvik Hans
955,29709,17220,A. Bora,Ayushman Bora
1625,29713,17223,Sarthak Kala,Sarthak Kala
1569,29718,17228,Y. Dhar,Yug Dhar
1657,29723,17229,Baljiwan Sahota,Baljiwan Sahota
144,29726,17231,Falguni Swamy,Falguni Swamy
918,29728,17233,Maya Ghose,Maya Ghose
954,29729,17234,Brijesh Mistry,Brijesh Mistry
1252,29730,17234,Chandran Devan,Chandran Devan
1124,29731,17234,G. D’Alia,Gopal D’Alia
178,29732,17235,Z Khurana,Zehaan Khurana
1006,29733,17236,Hemal Dip,Hemal Deep
1124,29734,17237,Gopal D’Alia,Gopal D’Alia
1185,29735,17237,winaya Chacko,Vinaya Chacko
52,29738,17239,P. Tailor,Patrick Tailor
726,29739,17239,R. Murty,Rachita Murty
1086,29741,17240,H Solanki,Hardik Solanki
423,29743,17240,Abhiram Keer,Abhiram Keer
179,29745,17242,Abhimanyu Din,Abhimanyu Din
1577,29752,17247,S Gupta,Shaurya Gupta
1450,29762,17254,S. Hans,Sathvik Hans
1098,29767,17258,T. Agarwal,Triveni Agarwal
1749,29768,17258,R. Sachdev,Rachana Sachdev
1449,29771,17259,L Chaudhary,Logan Chaudhary
320,29773,17261,A Dani,Ansh Dani
1384,29774,17261,Faraj Atwal,Faraj Atwal
314,29775,17262,Tarak Anand,Tarak Anand
101,29776,17263,E Lata,Elijah Lata
1384,29777,17263,F. Atwal,Faraj Atwal
1634,29778,17263,Owen Narayanan,Owen Narayanan
1449,29781,17265,L Chaudhary,Logan Chaudhary
1615,29782,17266,K. D’Alia,Krish D’Alia
1498,29786,17270,H Khurana,Henry Khurana
423,29787,17270,Abhiram Keer,Abhiram Keer
1008,29793,17272,R. Bhatia,Rohan Bhatia
1565,29801,17277,O. Sura,Oliver Sura
893,29802,17278,N Master,Neel Master
44,29803,17278,A Patil,Anmol Patil
206,29804,17278,Banjeet Bhagat,Banjeet Bhagat
1468,29805,17278,W Sengupta,Warjas Sengupta
691,29808,17280,Lopa Kulkarni,Lopa Kulkarni
848,29816,17284,Tanmayi Mitra,Tanmayi Mitra
451,29821,17288,Girik Anand,Girik Anand
646,29824,17289,K Chauhan,Kai Chauhan
612,29832,17291,Tanveer Jani,Tanveer Jani
397,29834,17291,Sai Karpe,Sai Karpe
144,29837,17293,F. Swamy,Falguni Swamy
1126,29838,17294,Abdul Naidu,Abdul Naidu
726,29840,17295,Rachita Murty,Rachita Murty
423,29842,17297,Abhiram Keer,Abhiram Keer
1327,29848,17301,Harish Anand,Harish Anand
1741,29850,17303,Manthan Parmer,Manthan Parmer
315,29852,17304,M Shankar,Maanav Shankar
640,29855,17305,A. Buch,Anirudh Buch
182,29859,17307,Imaran Mann,Imaran Mann
1492,29861,17308,Samuel Sachdeva,Samuel Sachdeva
848,29862,17308,T Mitra,Tanmayi Mitra
843,29863,17309,O Sem,Owen Sem
711,29867,17311,G. Sankaran,Gagan Sankaran
1492,29868,17312,S. Sachdeva,Samuel Sachdeva
1244,29871,17314,Frado Nath,Frado Nath
1498,29872,17315,Henry kurana,Henry Khurana
182,29873,17315,Imaran Mann,Imaran Mann
257,29875,17315,C. Sood,Charan Sood
126,29879,17318,Chanakya Gopal,Chanakya Gopal
1450,29880,17319,S. Hans,Sathvik Hans
742,29884,17320,U Shankar,Udarsh Shankar
1008,29885,17321,R. Bhatia,Rohan Bhatia
1500,29886,17322,Z. Parekh,Zayan Parekh
954,29887,17322,Brijesh Mistry,Brijesh Mistry
206,29888,17322,B Bhagat,Banjeet Bhagat
1097,29892,17325,Rachit Balan,Rachit Balan
1485,29895,17327,Chanakya Bera,Chanakya Bera
206,29897,17329,Banjit Bhagat,Banjeet Bhagat
845,29898,17329,J. Rajan,Jagat Rajan
206,29902,17332,Banjit Bhagat,Banjeet Bhagat
206,29904,17334,Banjeet Bhagat,Banjeet Bhagat
612,29905,17334,Tanveer Jani,Tanveer Jani
1498,29907,17334,H Khurana,Henry Khurana
1489,29914,17340,A Gola,Advay Gola
1086,29916,17341,Hardik Solanki,Hardik Solanki
423,29919,17344,A Keer,Abhiram Keer
893,29921,17345,N. Master,Neel Master
178,29924,17347,Z Khurana,Zehaan Khurana
1591,29926,17349,Faqid Dora,Faqid Dora
893,29928,17349,Neel Master,Neel Master
206,29930,17350,Banjeet Bhagat,Banjeet Bhagat
1482,29933,17350,Indrajit Sant,Indrajit Sant
1492,29937,17353,Samuel Sachdeva,Samuel Sachdeva
320,29939,17354,Ans Dani,Ansh Dani
388,29943,17356,Indrajit Gulati,Indrajit Gulati
178,29944,17357,Zehaan Khurana,Zehaan Khurana
798,29945,17358,Aryan Radhakrisnan,Aryan Radhakrishnan
1468,29949,17360,Warjas Sengupta,Warjas Sengupta
314,29955,17362,Tarak Anand,Tarak Anand
746,29956,17362,Jagdis Maharaj,Jagdish Maharaj
1598,29958,17363,I Lall,Ira Lall
1450,29960,17365,Satvik Hans,Sathvik Hans
770,29963,17366,Guneet Suresh,Guneet Suresh
779,29964,17367,Lohit Oza,Lohit Oza
273,29965,17368,Girish Lad,Girish Lad
179,29969,17370,Abhimanyu Din,Abhimanyu Din
206,29974,17372,Banjeet Bhagat,Banjeet Bhagat
179,29976,17373,Abhimanyu Din,Abhimanyu Din
1315,29978,17374,C. Morar,Caleb Morar
1565,29979,17375,Oliver Sura,Oliver Sura
294,29985,17377,N Vig,Nitara Vig
1500,29987,17378,Zayan Parekh,Zayan Parekh
1577,29991,17381,S. Gupta,Shaurya Gupta
1698,29993,17382,D. Saini,Daksh Saini
423,29995,17384,A Keer,Abhiram Keer
1498,29996,17384,Henry Khurana,Henry Khurana
1286,29998,17384,Lucky Patil,Lucky Patil
31,30000,17386,Udant Kuruvilla,Udant Kuruvilla
1569,30005,17390,Yug Dhar,Yug Dhar
691,30007,17392,Lopa Kulkarni,Lopa Kulkarni
126,30008,17393,C. Gopal,Chanakya Gopal
893,30009,17394,Nil Master,Neel Master
315,30012,17395,M Shankar,Maanav Shankar
315,30016,17397,M. Shankar,Maanav Shankar
1384,30021,17401,Faraj Atwal,Faraj Atwal
320,30027,17406,Ansh Dani,Ansh Dani
726,30030,17407,R Murty,Rachita Murty
126,30031,17408,C Gopal,Chanakya Gopal
1185,30034,17409,Vinaya Chacko,Vinaya Chacko
558,30035,17410,Zaitra Johal,Zaitra Johal
514,30038,17412,B. Saxena,Balveer Saxena
1008,30040,17414,Rohan Bhatia,Rohan Bhatia
843,30047,17416,Owen Sem,Owen Sem
52,30048,17417,Patrick Taylor,Patrick Tailor
182,30052,17419,I Mann,Imaran Mann
1463,30055,17420,Januja Sur,Januja Sur
555,30057,17421,B Muni,Bhanumati Muni
206,30061,17422,B. Bhagat,Banjeet Bhagat
1741,30065,17426,Mantan Parmer,Manthan Parmer
294,30067,17428,Nitara Vig,Nitara Vig
189,30069,17430,E Aurora,Ekbal Aurora
52,30070,17430,Patrick Tailor,Patrick Tailor
1453,30075,17432,Daks Mohan,Daksh Mohan
101,30078,17433,E Lata,Elijah Lata
343,30079,17434,Warjas Brahmbhatt,Warjas Brahmbhatt
397,30082,17436,S Karpe,Sai Karpe
320,30083,17437,A Dani,Ansh Dani
427,30084,17438,C Shankar,Chatresh Shankar
315,30088,17441,Maanaw sankar,Maanav Shankar
1124,30089,17442,Gopal D’Alia,Gopal D’Alia
1048,30094,17444,Arin Tak,Arin Tak
1086,30097,17446,H. Solanki,Hardik Solanki
1380,30098,17446,Nathaniel Seshadri,Nathaniel Seshadri
189,30105,17451,Ekbal Aurora,Ekbal Aurora
451,30115,17458,Girik Anand,Girik Anand
273,30116,17458,G Lad,Girish Lad
1065,30117,17459,Balendra Sabharwal,Balendra Sabharwal
640,30121,17461,A Buch,Anirudh Buch
397,30122,17461,Say Karpe,Sai Karpe
1519,30124,17462,Ryan Chanda,Ryan Chanda
1657,30126,17464,B Sahota,Baljiwan Sahota
178,30127,17464,Z Khurana,Zehaan Khurana
1698,30128,17465,Daksh Saini,Daksh Saini
798,30129,17465,A. Radhakrishnan,Aryan Radhakrishnan
1185,30131,17466,Vinaya Chacko,Vinaya Chacko
1337,30132,17467,G. Bali,George Bali
798,30135,17468,A Radhakrishnan,Aryan Radhakrishnan
646,30138,17471,K. Chauhan,Kai Chauhan
1048,30141,17473,Arin Tak,Arin Tak
307,30142,17473,Ayush Kaur,Ayush Kaur
144,30143,17473,Falguni Swamy,Falguni Swamy
1048,30151,17478,A Tak,Arin Tak
1698,30170,17490,Daksh Saini,Daksh Saini
178,30177,17494,Z. Khurana,Zehaan Khurana
314,30178,17494,T. Anand,Tarak Anand
126,30185,17497,Chanakya Gopal,Chanakya Gopal
501,30186,17498,Etan Balakrisnan,Ethan Balakrishnan
954,30188,17499,Brijesh Mistry,Brijesh Mistry
1625,30198,17503,S. Kala,Sarthak Kala
273,30202,17505,G. Lad,Girish Lad
1450,30215,17512,S Hans,Sathvik Hans
1657,30218,17515,Baljiwan Sahota,Baljiwan Sahota
1565,30220,17517,Oliver Sura,Oliver Sura
1565,30225,17520,Oliwer Sura,Oliver Sura
1545,30227,17520,Aradhana Narang,Aradhana Narang
1749,30230,17522,R. Sachdev,Rachana Sachdev
320,30231,17523,Ans Dani,Ansh Dani
551,30234,17525,M Atwal,Mason Atwal
691,30235,17525,Lopa Kulkarni,Lopa Kulkarni
1698,30240,17527,Daksh Saini,Daksh Saini
1097,30241,17528,R Balan,Rachit Balan
1048,30245,17532,Arin Tak,Arin Tak
1380,30248,17534,Nathaniel Seshadri,Nathaniel Seshadri
1647,30256,17541,C Jhaveri,Chakradev Jhaveri
1315,30260,17544,C Morar,Caleb Morar
1315,30261,17545,Caleb Morar,Caleb Morar
918,30264,17547,Maya Ghose,Maya Ghose
993,30270,17550,R. Tiwari,Reyansh Tiwari
294,30274,17554,Nitara Vig,Nitara Vig
1315,30279,17556,C. Morar,Caleb Morar
1471,30280,17557,Qasim Karnik,Qasim Karnik
1086,30281,17558,H. Solanki,Hardik Solanki
206,30283,17560,B. Bhagat,Banjeet Bhagat
843,30285,17562,Owen Sem,Owen Sem
1471,30287,17564,Qasim Karnik,Qasim Karnik
637,30290,17565,S Rastogi,Samaksh Rastogi
963,30291,17566,G Dash,Gautam Dash
514,30302,17570,Balveer Saxena,Balveer Saxena
1698,30303,17571,Daksh Saini,Daksh Saini
1565,30308,17573,Oliver Sura,Oliver Sura
1545,30310,17574,Aradhana Narang,Aradhana Narang
1042,30315,17577,Wahab Kade,Wahab Kade
1453,30318,17579,Daks Mohan,Daksh Mohan
119,30321,17581,Y Korpal,Yug Korpal
1185,30324,17584,V Chacko,Vinaya Chacko
1468,30328,17587,Warjas Sengupta,Warjas Sengupta
848,30337,17592,Tanmayi Mitra,Tanmayi Mitra
1565,30339,17594,Oliver Sura,Oliver Sura
1185,30344,17597,V Chacko,Vinaya Chacko
1185,30345,17597,winaya Chacko,Vinaya Chacko
1545,30349,17600,Aradhana Narang,Aradhana Narang
1449,30351,17602,L. Chaudhary,Logan Chaudhary
1520,30354,17605,F Natt,Faqid Natt
384,30363,17611,Samesh Uppal,Samesh Uppal
1695,30364,17611,Mugdha Yadav,Mugdha Yadav
404,30366,17613,Jay Iyer,Jai Iyer
1362,30368,17614,C. Bhavsar,Caleb Bhavsar
118,30369,17614,Siddhart Maharaj,Siddharth Maharaj
764,30372,17617,Warinder Arora,Warinder Arora
769,30374,17617,Omkaar Sagar,Omkaar Sagar
92,30381,17623,Samar Natarajan,Samar Natarajan
118,30382,17623,Siddharth Maharaj,Siddharth Maharaj
92,30383,17624,Samar Natarajan,Samar Natarajan
1695,30386,17624,Mugdha Yadaw,Mugdha Yadav
384,30389,17627,S Uppal,Samesh Uppal
341,30390,17628,Kabir Rattan,Kabir Rattan
782,30397,17633,Yutika Yadav,Yutika Yadav
488,30398,17633,O Subramaniam,Ojas Subramaniam
1549,30406,17638,Michael Kurian,Michael Kurian
1608,30408,17639,U Pau,Udarsh Pau
1625,30410,17640,Sarthak Kala,Sarthak Kala
1220,30414,17642,Azad Saxena,Azad Saxena
341,30415,17643,K Rattan,Kabir Rattan
1627,30420,17647,Q. Nadkarni,Qabil Nadkarni
658,30423,17647,Henry Raja,Henry Raja
737,30426,17649,B. Madan,Balendra Madan
701,30427,17649,D. Salvi,Diya Salvi
1741,30433,17654,M Parmer,Manthan Parmer
1670,30434,17655,Arin Krishnamurthy,Arin Krishnamurthy
764,30436,17656,Warinder Arora,Warinder Arora
1131,30437,17657,Jay Seti,Jai Sethi
561,30438,17658,L. Muni,Laban Muni
658,30440,17660,H. Raja,Henry Raja
876,30441,17661,Yatan Dasgupta,Yatan Dasgupta
1786,30445,17663,Mohammed Sandhu,Mohammed Sandhu
404,30447,17664,J. Iyer,Jai Iyer
1053,30452,17666,O. Bedi,Omya Bedi
1532,30455,17668,Raghav Peri,Raghav Peri
621,30456,17668,Ekbal Kaul,Ekbal Kaul
1363,30462,17671,Sai Nazareth,Sai Nazareth
782,30463,17672,Y. Yadav,Yutika Yadav
568,30465,17673,Maya Raj,Maya Raj
1235,30466,17673,A. Murty,Aditya Murty
756,30467,17674,A. Sarkar,Anmol Sarkar
1695,30470,17677,M. Yadav,Mugdha Yadav
764,30471,17677,W. Arora,Warinder Arora
1786,30474,17678,M. Sandhu,Mohammed Sandhu
1667,30478,17681,F Trivedi,Faqid Trivedi
1700,30483,17684,Xawier Bhat,Xavier Bhat
1411,30487,17687,Ryan Bajaj,Ryan Bajaj
1730,30488,17688,Devansh Chander,Devansh Chander
1059,30491,17690,O Loyal,Osha Loyal
92,30492,17691,S Natarajan,Samar Natarajan
1383,30494,17692,C Minhas,Chatura Minhas
242,30495,17693,Odika Bora,Odika Bora
579,30499,17694,Xavier Shroff,Xavier Shroff
1758,30502,17695,Samaksh Bala,Samaksh Bala
556,30504,17695,Nathan Samra,Nathan Samra
1700,30505,17696,X. Bhat,Xavier Bhat
1797,30511,17700,Zayan Pillay,Zayan Pillai
1059,30512,17700,Osha Loyal,Osha Loyal
1053,30513,17700,O Bedi,Omya Bedi
242,30520,17703,Odika Bora,Odika Bora
384,30521,17704,Samesh Uppal,Samesh Uppal
1363,30525,17706,Sai Nazareth,Sai Nazareth
1433,30530,17710,Joshua Thaman,Joshua Thaman
701,30538,17713,D Salvi,Diya Salvi
92,30539,17713,Samar Natarajan,Samar Natarajan
1669,30540,17714,U. Nagarajan,Urmi Nagarajan
1411,30543,17716,Ryan Bajaj,Ryan Bajaj
1700,30552,17720,X Bhat,Xavier Bhat
621,30554,17721,E Kaul,Ekbal Kaul
621,30555,17722,Ekbal Kaul,Ekbal Kaul
1731,30558,17724,Orinder Ramanathan,Orinder Ramanathan
1196,30562,17727,F Bava,Finn Bava
1153,30563,17728,A Lata,Avi Lata
1797,30565,17728,Z Pillai,Zayan Pillai
1669,30567,17729,Urmi Nagarajan,Urmi Nagarajan
621,30572,17730,Ekbal Kaul,Ekbal Kaul
658,30573,17731,H. Raja,Henry Raja
242,30575,17732,Odika Bora,Odika Bora
1608,30576,17733,Udarsh Pau,Udarsh Pau
254,30590,17741,K. Sur,Kiaan Sur
1730,30592,17743,D. Chander,Devansh Chander
925,30594,17744,O Sinha,Om Sinha
1313,30595,17744,Wazir Mani,Wazir Mani
658,30598,17747,H Raja,Henry Raja
1464,30601,17748,W Gill,Warinder Gill
384,30602,17749,S. Uppal,Samesh Uppal
701,30608,17752,Diya Salvi,Diya Salvi
480,30610,17753,Balhaar Nagarajan,Balhaar Nagarajan
1262,30611,17754,T Ghose,Theodore Ghose
19,30612,17755,H Dhillon,Harshil Dhillon
346,30615,17756,R. Dhar,Rishi Dhar
764,30625,17764,W. Arora,Warinder Arora
242,30626,17764,Odika Bora,Odika Bora
118,30632,17766,Siddharth Maharaj,Siddharth Maharaj
1549,30633,17767,M. Kurian,Michael Kurian
1731,30636,17769,Orinder Ramanathan,Orinder Ramanathan
658,30640,17772,H. Raja,Henry Raja
658,30642,17774,H. Raja,Henry Raja
764,30644,17774,Warinder Arora,Warinder Arora
1731,30645,17774,O Ramanathan,Orinder Ramanathan
1235,30648,17777,Aditya Murty,Aditya Murty
352,30650,17778,G Kari,Gaurang Kari
19,30656,17780,Harshil Dhillon,Harshil Dhillon
591,30660,17783,F Bhavsar,Faras Bhavsar
1363,30661,17783,Sai Nazareth,Sai Nazareth
1107,30662,17784,Abeer Dass,Abeer Dass
1198,30671,17789,Saksham Kaul,Saksham Kaul
163,30673,17789,Rudra Devi,Rudra Devi
1053,30676,17791,O Bedi,Omya Bedi
242,30677,17792,O. Bora,Odika Bora
341,30679,17794,Kabir Rattan,Kabir Rattan
254,30681,17795,K Sur,Kiaan Sur
1695,30682,17796,M. Yadav,Mugdha Yadav
1786,30686,17799,Mohammed Sandhu,Mohammed Sandhu
1549,30691,17800,Michael Kurian,Michael Kurian
215,30692,17800,Warinder Triwedi,Warinder Trivedi
782,30693,17801,Y Yadav,Yutika Yadav
242,30696,17803,Odika Bora,Odika Bora
323,30697,17803,P. Chaudry,Parth Chaudry
737,30699,17804,Balendra Madan,Balendra Madan
1608,30702,17806,Udars Pau,Udarsh Pau
1700,30706,17808,Xawier Bhat,Xavier Bhat
1525,30708,17810,Quincy Shere,Quincy Shere
1059,30709,17811,Osha Loyal,Osha Loyal
1309,30710,17812,Chatresh Batta,Chatresh Batta
1053,30714,17814,O. Bedi,Omya Bedi
1700,30716,17815,X. Bhat,Xavier Bhat
925,30720,17817,O Sinha,Om Sinha
1235,30721,17818,A Murty,Aditya Murty
1700,30725,17819,Xavier Bhat,Xavier Bhat
925,30726,17820,Om Sinha,Om Sinha
1549,30727,17821,Michael Kurian,Michael Kurian
215,30728,17822,Warinder Trivedi,Warinder Trivedi
621,30732,17825,Ekbal Kaul,Ekbal Kaul
782,30733,17825,Y. Yadav,Yutika Yadav
707,30736,17826,Widisha Bhandari,Widisha Bhandari
341,30737,17826,K. Rattan,Kabir Rattan
323,30738,17827,Parth Chaudry,Parth Chaudry
782,30740,17827,Yutika Yadav,Yutika Yadav
1786,30746,17832,M Sandhu,Mohammed Sandhu
1669,30752,17833,Urmi Nagarajan,Urmi Nagarajan
1627,30754,17834,Qabil Nadkarni,Qabil Nadkarni
1549,30755,17835,Michael Kurian,Michael Kurian
737,30756,17835,B. Madan,Balendra Madan
1700,30758,17835,Xavier Bhat,Xavier Bhat
1731,30763,17839,O Ramanathan,Orinder Ramanathan
663,30770,17842,Ayush Kunda,Ayush Kunda
92,30773,17845,Samar Natarajan,Samar Natarajan
323,30774,17846,Part Chaudry,Parth Chaudry
1724,30784,17852,Zayyan Virk,Zayyan Virk
1532,30787,17854,Raghav Peri,Raghav Peri
1377,30789,17855,Abeer Sule,Abeer Sule
658,30795,17859,H. Raja,Henry Raja
1411,30801,17863,Ryan Bajaj,Ryan Bajaj
1700,30803,17865,Xavier Bhat,Xavier Bhat
1730,30806,17867,Dewansh Chander,Devansh Chander
787,30807,17868,Siddharth Kothari,Siddharth Kothari
1731,30812,17872,Orinder Ramanatan,Orinder Ramanathan
323,30813,17872,Part Chaudry,Parth Chaudry
1059,30814,17872,O. Loyal,Osha Loyal
384,30815,17873,Sames Uppal,Samesh Uppal
1145,30817,17874,Dew Sidhu,Dev Sidhu
1580,30819,17875,N. Hora,Nakul Hora
490,30822,17877,Nathaniel Ram,Nathaniel Ram
764,30824,17879,Warinder Arora,Warinder Arora
242,30825,17880,O. Bora,Odika Bora
1024,30829,17882,C Ravel,Champak Ravel
658,30830,17883,H Raja,Henry Raja
701,30832,17884,Diya Salvi,Diya Salvi
869,30833,17884,Anmol Acharya,Anmol Acharya
404,30836,17885,Jay Iyer,Jai Iyer
268,30843,17889,K. Bali,Kevin Bali
658,30844,17890,Henry Raja,Henry Raja
254,30846,17890,K Sur,Kiaan Sur
663,30851,17895,Ayush Kunda,Ayush Kunda
341,30852,17896,Kabir Rattan,Kabir Rattan
639,30854,17897,Ishita Anand,Ishita Anand
658,30858,17900,Henry Raja,Henry Raja
1059,30859,17901,Osha Loyal,Osha Loyal
1695,30861,17901,Mugdha Yadaw,Mugdha Yadav
658,30864,17903,Henry Raja,Henry Raja
1411,30868,17907,R Bajaj,Ryan Bajaj
215,30872,17910,Warinder Triwedi,Warinder Trivedi
1053,30875,17912,O Bedi,Omya Bedi
1493,30881,17916,Zayan Natarajan,Zayan Natarajan
799,30884,17918,Bahadurjit Srinivas,Bahadurjit Srinivas
1145,30885,17918,Dew Sidhu,Dev Sidhu
1730,30886,17918,Devansh Chander,Devansh Chander
1145,30888,17919,D. Sidhu,Dev Sidhu
404,30889,17920,J Iyer,Jai Iyer
323,30890,17921,Parth Chaudry,Parth Chaudry
488,30891,17921,Ojas Subramaniam,Ojas Subramaniam
254,30895,17924,Kiaan Sur,Kiaan Sur
1730,30898,17927,D Chander,Devansh Chander
663,30899,17928,Ayus Kunda,Ayush Kunda
507,30903,17931,Rudra Tank,Rudra Tank
701,30908,17934,Diya Salvi,Diya Salvi
876,30913,17935,Yatan Dasgupta,Yatan Dasgupta
1608,30914,17935,Udars Pau,Udarsh Pau
701,30916,17936,Diya Salwi,Diya Salvi
1532,30919,17937,R Peri,Raghav Peri
346,30921,17938,Rishi Dhar,Rishi Dhar
158,30923,17938,Abhiram Kashyap,Abhiram Kashyap
769,30927,17942,Omkaar Sagar,Omkaar Sagar
436,30930,17945,Christofer Bir,Christopher Bir
1695,30932,17946,Mugdha Yadaw,Mugdha Yadav
480,30935,17948,Balhaar Nagarajan,Balhaar Nagarajan
1411,30936,17949,Ryan Bajaj,Ryan Bajaj
561,30937,17950,Laban Muni,Laban Muni
1608,30939,17951,Udars Pau,Udarsh Pau
1363,30943,17954,Sai Nazareth,Sai Nazareth
719,30944,17955,Gaurangi Chand,Gaurangi Chand
782,30949,17956,Y. Yadav,Yutika Yadav
527,30952,17959,Ranbir Swamy,Ranbir Swamy
1059,30957,17962,O. Loyal,Osha Loyal
556,30960,17965,Nathan Samra,Nathan Samra
1730,30962,17967,D. Chander,Devansh Chander
242,30968,17970,Odika Bora,Odika Bora
1608,30972,17972,U Pau,Udarsh Pau
925,30981,17976,Om Sinha,Om Sinha
1731,30983,17978,Orinder Ramanathan,Orinder Ramanathan
346,30985,17980,Rishi Dhar,Rishi Dhar
1593,30986,17981,W Mani,Watika Mani
885,30987,17982,Nicholas Agrawal,Nicholas Agrawal
925,30993,17984,Om Sinha,Om Sinha
1627,31000,17987,Qabil Nadkarni,Qabil Nadkarni
400,31001,17988,G. Chanda,Gagan Chanda
1206,31002,17989,Wahab Bera,Wahab Bera
92,31004,17990,S Natarajan,Samar Natarajan
1786,31006,17991,M Sandhu,Mohammed Sandhu
663,31007,17992,Ayus Kunda,Ayush Kunda
561,31011,17994,Laban Muni,Laban Muni
1235,31014,17996,A. Murty,Aditya Murty
242,31015,17997,Odika Bora,Odika Bora
1209,31019,17999,E Magar,Ekansh Magar
658,31022,18001,Henry Raja,Henry Raja
833,31025,18003,C. Khare,Chaitanya Khare
1198,31026,18003,Saksham Kaul,Saksham Kaul
322,31027,18004,Q. Dalal,Quincy Dalal
404,31029,18005,Jai Iyer,Jai Iyer
1731,31031,18005,O Ramanathan,Orinder Ramanathan
925,31032,18006,Om Sinha,Om Sinha
1525,31035,18008,Quincy Shere,Quincy Shere
1532,31039,18010,Raghav Peri,Raghav Peri
19,31040,18010,Harshil Dhillon,Harshil Dhillon
925,31041,18011,O Sinha,Om Sinha
606,31043,18012,Parth Rajagopalan,Parth Rajagopalan
1235,31044,18012,Aditya Murty,Aditya Murty
92,31046,18014,Samar Natarajan,Samar Natarajan
323,31059,18021,Part Chaudry,Parth Chaudry
925,31061,18021,Om Sinha,Om Sinha
346,31064,18023,R. Dhar,Rishi Dhar
384,31066,18024,Samesh Uppal,Samesh Uppal
1675,31067,18025,H Bahri,Harshil Bahri
556,31068,18026,Nathan Samra,Nathan Samra
769,31071,18027,Omkaar Sagar,Omkaar Sagar
1669,31077,18030,U Nagarajan,Urmi Nagarajan
1700,31081,18031,X. Bhat,Xavier Bhat
1549,31089,18034,Michael Kurian,Michael Kurian
1087,31091,18036,Maanav Khanna,Maanav Khanna
716,31092,18036,Daniel Chahal,Daniel Chahal
1053,31094,18038,Omya Bedi,Omya Bedi
1532,31097,18040,R Peri,Raghav Peri
477,31098,18040,G. Memon,Gabriel Memon
1549,31103,18043,M Kurian,Michael Kurian
1695,31105,18044,Mugdha Yadaw,Mugdha Yadav
980,31109,18046,Theodore Prabhakar,Theodore Prabhakar
579,31113,18048,X. Shroff,Xavier Shroff
1145,31118,18049,Dev Sidhu,Dev Sidhu
737,31119,18049,B. Madan,Balendra Madan
769,31123,18051,Omkaar Sagar,Omkaar Sagar
1659,31125,18052,S Varghese,Samesh Varghese
797,31127,18052,Aditya Bal,Aditya Bal
1549,31128,18053,M Kurian,Michael Kurian
584,31129,18054,H Thakur,Harsh Thakur
215,31134,18056,W. Trivedi,Warinder Trivedi
242,31135,18057,Odika Bora,Odika Bora
1200,31136,18058,Nites Sankar,Nitesh Sankar
1786,31139,18059,Mohammed Sandhu,Mohammed Sandhu
1608,31141,18060,Udars Pau,Udarsh Pau
138,31150,18065,C. Contractor,Chakradhar Contractor
1235,31153,18066,Aditya Murty,Aditya Murty
1627,31155,18067,Q Nadkarni,Qabil Nadkarni
1393,31156,18067,G. Solanki,Girish Solanki
764,31162,18070,W Arora,Warinder Arora
799,31164,18072,B. Srinivas,Bahadurjit Srinivas
745,31166,18073,Nihal Kakar,Nihal Kakar
701,31172,18076,D. Salvi,Diya Salvi
1383,31175,18079,C Minhas,Chatura Minhas
384,31182,18084,S Uppal,Samesh Uppal
663,31183,18085,A Kunda,Ayush Kunda
764,31184,18086,Warinder Arora,Warinder Arora
254,31192,18094,K. Sur,Kiaan Sur
561,31197,18096,Laban Muni,Laban Muni
1235,31199,18097,Aditya Murty,Aditya Murty
782,31205,18101,Yutika Yadav,Yutika Yadav
523,31206,18101,Rusil Gara,Rushil Gara
104,31208,18103,Ishwar Rama,Ishwar Rama
92,31214,18105,S. Natarajan,Samar Natarajan
1363,31217,18106,S. Nazareth,Sai Nazareth
384,31220,18108,Sames Uppal,Samesh Uppal
1053,31221,18108,O Bedi,Omya Bedi
1224,31222,18109,C. Sandal,Chanakya Sandal
764,31223,18110,W Arora,Warinder Arora
346,31224,18110,R. Dhar,Rishi Dhar
701,31231,18113,D. Salvi,Diya Salvi
799,31235,18115,B Srinivas,Bahadurjit Srinivas
561,31245,18124,Laban Muni,Laban Muni
1059,31247,18124,Osa Loyal,Osha Loyal
658,31252,18127,H. Raja,Henry Raja
403,31254,18128,Pavani Sastry,Pavani Sastry
1518,31255,18129,Jeet Yohannan,Jeet Yohannan
1109,31263,18131,Mitesh Pathak,Mitesh Pathak
215,31264,18132,Warinder Triwedi,Warinder Trivedi
1525,31266,18133,Q. Shere,Quincy Shere
77,31270,18134,Caleb Kaul,Caleb Kaul
1383,31272,18135,Chatura Minhas,Chatura Minhas
1797,31273,18135,Z Pillai,Zayan Pillai
1532,31279,18139,Raghav Peri,Raghav Peri
1700,31281,18140,X. Bhat,Xavier Bhat
1059,31282,18140,O Loyal,Osha Loyal
769,31287,18143,O. Sagar,Omkaar Sagar
1053,31292,18146,Omya Bedi,Omya Bedi
1053,31296,18147,Omya Bedi,Omya Bedi
684,31298,18147,Rusil Chima,Rushil Cheema
1608,31300,18148,Udars Pau,Udarsh Pau
1786,31303,18149,M Sandhu,Mohammed Sandhu
579,31305,18150,Xavier Shroff,Xavier Shroff
1145,31313,18153,D Sidhu,Dev Sidhu
782,31315,18155,Yutika Yadaw,Yutika Yadav
92,31320,18157,Samar Natarajan,Samar Natarajan
19,31321,18158,H Dhillon,Harshil Dhillon
242,31337,18167,Odika Bora,Odika Bora
701,31341,18169,D Salvi,Diya Salvi
92,31342,18169,Samar Natarajan,Samar Natarajan
1145,31348,18172,Dew Sidhu,Dev Sidhu
404,31352,18174,J Iyer,Jai Iyer
1235,31354,18176,A Murty,Aditya Murty
658,31355,18176,H Raja,Henry Raja
215,31360,18179,Warinder Trivedi,Warinder Trivedi
1698,31361,18180,Daksh Saini,Daksh Saini
384,31365,18182,S. Uppal,Samesh Uppal
192,31366,18183,B Pingle,Balvan Pingle
621,31369,18185,Ekbal Kaul,Ekbal Kaul
92,31380,18193,S. Natarajan,Samar Natarajan
1549,31384,18197,M Kurian,Michael Kurian
1235,31385,18198,Aditya Murty,Aditya Murty
1053,31387,18198,Omya Bedi,Omya Bedi
19,31389,18199,Harshil Dhillon,Harshil Dhillon
215,31391,18200,Warinder Trivedi,Warinder Trivedi
561,31395,18201,L Muni,Laban Muni
1532,31396,18201,Raghav Peri,Raghav Peri
323,31398,18202,P Chaudry,Parth Chaudry
1383,31404,18208,Chatura Minhas,Chatura Minhas
346,31405,18209,Risi Dhar,Rishi Dhar
1577,31407,18210,Shaurya Gupta,Shaurya Gupta
1797,31410,18211,Zayan Pillai,Zayan Pillai
384,31413,18213,S Uppal,Samesh Uppal
925,31418,18215,O. Sinha,Om Sinha
909,31420,18216,Xawier Sesadri,Xavier Seshadri
737,31422,18217,Balendra Madan,Balendra Madan
925,31424,18219,Om Sinha,Om Sinha
404,31426,18221,Jai Iyer,Jai Iyer
701,31430,18223,Diya Salvi,Diya Salvi
404,31432,18225,Jai Iyer,Jai Iyer
1608,31433,18226,U. Pau,Udarsh Pau
925,31436,18227,O. Sinha,Om Sinha
1363,31439,18228,S. Nazareth,Sai Nazareth
215,31443,18231,Warinder Triwedi,Warinder Trivedi
480,31444,18232,Balhaar Nagarajan,Balhaar Nagarajan
359,31445,18233,Vivaan Bassi,Vivaan Bassi
1786,31446,18234,Mohammed Sandhu,Mohammed Sandhu
1411,31448,18236,R. Bajaj,Ryan Bajaj
658,31449,18237,Henry Raja,Henry Raja
658,31450,18238,H. Raja,Henry Raja
92,31451,18239,S. Natarajan,Samar Natarajan
769,31452,18239,Omkaar Sagar,Omkaar Sagar
1638,31453,18240,V. Purohit,Vihaan Purohit
242,31455,18242,O Bora,Odika Bora
769,31457,18243,Omkaar Sagar,Omkaar Sagar
1669,31460,18245,U Nagarajan,Urmi Nagarajan
1695,31463,18247,M. Yadav,Mugdha Yadav
399,31464,18248,P Palla,Praneel Palla
323,31469,18250,Parth Chaudry,Parth Chaudry
254,31471,18250,Kiaan Sur,Kiaan Sur
1786,31472,18251,Mohammed Sandhu,Mohammed Sandhu
242,31475,18252,Odika Bora,Odika Bora
1739,31484,18257,Nakul Chandran,Nakul Chandran
665,31486,18258,Naks Jani,Naksh Jani
1730,31489,18260,D. Chander,Devansh Chander
764,31495,18264,W Arora,Warinder Arora
371,31500,18266,Ranveer Sahni,Ranveer Sahni
579,31507,18271,Xavier Shroff,Xavier Shroff
62,31508,18271,Utkarsh Kulkarni,Utkarsh Kulkarni
1669,31512,18275,U Nagarajan,Urmi Nagarajan
404,31515,18278,Jai Iyer,Jai Iyer
1608,31516,18278,Udarsh Pau,Udarsh Pau
993,31519,18280,Reyansh Tiwari,Reyansh Tiwari
782,31520,18280,Y. Yadav,Yutika Yadav
539,31521,18280,Onkar Bhatt,Onkar Bhatt
19,31523,18281,Harshil Dhillon,Harshil Dhillon
621,31524,18282,Ekbal Kaul,Ekbal Kaul
556,31525,18283,Nathan Samra,Nathan Samra
925,31527,18283,Om Sinha,Om Sinha
769,31531,18284,Omkaar Sagar,Omkaar Sagar
215,31533,18285,W. Trivedi,Warinder Trivedi
561,31535,18286,Laban Muni,Laban Muni
1395,31538,18289,Hardik Borah,Hardik Borah
1700,31539,18289,X. Bhat,Xavier Bhat
1245,31540,18290,Ijaya Balay,Ijaya Balay
1786,31541,18291,Mohammed Sandhu,Mohammed Sandhu
1680,31544,18292,Finn Mani,Finn Mani
1730,31549,18294,Devansh Chander,Devansh Chander
1700,31550,18294,X. Bhat,Xavier Bhat
579,31555,18299,Xawier sroff,Xavier Shroff
118,31556,18300,Siddharth Maharaj,Siddharth Maharaj
1451,31561,18303,I Rastogi,Ishwar Rastogi
438,31569,18309,A. Chada,Alexander Chada
1695,31570,18309,Mugdha Yadav,Mugdha Yadav
1549,31572,18311,Michael Kurian,Michael Kurian
254,31575,18312,K. Sur,Kiaan Sur
737,31578,18313,Balendra Madan,Balendra Madan
1053,31583,18316,Omya Bedi,Omya Bedi
925,31585,18317,Om Sinha,Om Sinha
404,31586,18317,J Iyer,Jai Iyer
737,31587,18318,Balendra Madan,Balendra Madan
92,31594,18323,Samar Natarajan,Samar Natarajan
164,31595,18323,Samaksh Sahni,Samaksh Sahni
1549,31599,18325,Michael Kurian,Michael Kurian
1167,31600,18325,Max Dave,Max Dave
1695,31607,18330,Mugdha Yadaw,Mugdha Yadav
1532,31609,18332,Raghaw Peri,Raghav Peri
621,31610,18333,E Kaul,Ekbal Kaul
799,31622,18338,B. Srinivas,Bahadurjit Srinivas
1235,31623,18339,Aditya Murty,Aditya Murty
1059,31624,18339,Osha Loyal,Osha Loyal
579,31626,18340,X Shroff,Xavier Shroff
384,31627,18341,S. Uppal,Samesh Uppal
925,31629,18343,Om Sinha,Om Sinha
92,31634,18345,Samar Natarajan,Samar Natarajan
341,31646,18351,K. Rattan,Kabir Rattan
925,31647,18351,Om Sinha,Om Sinha
761,31663,18359,S Comar,Samarth Comar
92,31670,18366,Samar Natarajan,Samar Natarajan
480,31672,18368,Balhaar Nagarajan,Balhaar Nagarajan
92,31676,18370,S Natarajan,Samar Natarajan
1786,31677,18370,M. Sandhu,Mohammed Sandhu
1786,31679,18371,Mohammed Sandhu,Mohammed Sandhu
341,31682,18373,K. Rattan,Kabir Rattan
384,31684,18374,Samesh Uppal,Samesh Uppal
1235,31685,18375,A Murty,Aditya Murty
1363,31687,18376,Sai Nazareth,Sai Nazareth
1411,31693,18378,Ryan Bajaj,Ryan Bajaj
197,31694,18378,Aksay Pillay,Akshay Pillai
1785,31696,18380,Banjeet Mital,Banjeet Mital
118,31699,18381,Siddharth Maharaj,Siddharth Maharaj
422,31702,18382,Laban Kota,Laban Kota
737,31704,18384,B. Madan,Balendra Madan
752,31709,18385,T. Prakash,Timothy Prakash
1363,31712,18386,S. Nazareth,Sai Nazareth
346,31715,18389,Rishi Dhar,Rishi Dhar
71,31716,18390,M Babu,Mason Babu
701,31722,18394,D Salvi,Diya Salvi
737,31727,18397,Balendra Madan,Balendra Madan
215,31730,18399,W. Trivedi,Warinder Trivedi
1466,31731,18400,Lohit Zachariah,Lohit Zachariah
663,31732,18400,A. Kunda,Ayush Kunda
621,31739,18407,E Kaul,Ekbal Kaul
1525,31741,18407,Q Shere,Quincy Shere
1383,31749,18412,C. Minhas,Chatura Minhas
1145,31758,18415,Dev Sidhu,Dev Sidhu
126,31762,18416,C. Gopal,Chanakya Gopal
242,31764,18417,Odika Bora,Odika Bora
1731,31765,18418,Orinder Ramanathan,Orinder Ramanathan
19,31772,18422,Harsil Dhillon,Harshil Dhillon
1627,31773,18423,Qabil Nadkarni,Qabil Nadkarni
1669,31779,18426,Urmi Nagarajan,Urmi Nagarajan
1398,31782,18427,Madhav Balay,Madhav Balay
1145,31786,18428,D Sidhu,Dev Sidhu
1150,31787,18429,F. Sharaf,Frado Sharaf
621,31790,18429,Ekbal Kaul,Ekbal Kaul
1411,31793,18432,R. Bajaj,Ryan Bajaj
1519,31794,18432,R. Chanda,Ryan Chanda
909,31795,18432,Xawier Sesadri,Xavier Seshadri
925,31796,18433,Om Sinha,Om Sinha
341,31797,18433,Kabir Rattan,Kabir Rattan
341,31798,18433,Kabir Rattan,Kabir Rattan
3,31800,18435,Wriddhis Diwan,Wriddhish Divan
384,31802,18435,Samesh Uppal,Samesh Uppal
737,31803,18436,B. Madan,Balendra Madan
1532,31804,18437,Raghav Peri,Raghav Peri
384,31805,18437,Samesh Uppal,Samesh Uppal
556,31806,18438,N. Samra,Nathan Samra
26,31807,18439,Timothy Sarma,Timothy Sarma
1235,31814,18442,A Murty,Aditya Murty
1411,31816,18443,Ryan Bajaj,Ryan Bajaj
1739,31823,18448,Nakul Chandran,Nakul Chandran
1739,31834,18454,N. Chandran,Nakul Chandran
764,31837,18455,Warinder Arora,Warinder Arora
1235,31838,18455,Aditya Murty,Aditya Murty
1700,31839,18455,X Bhat,Xavier Bhat
1053,31843,18459,O. Bedi,Omya Bedi
404,31849,18462,Jai Iyer,Jai Iyer
1383,31850,18462,Chatura Minhas,Chatura Minhas
92,31851,18463,S. Natarajan,Samar Natarajan
1053,31857,18465,O Bedi,Omya Bedi
799,31862,18468,B. Srinivas,Bahadurjit Srinivas
1786,31868,18472,Mohammed Sandhu,Mohammed Sandhu
1695,31872,18475,Mugdha Yadaw,Mugdha Yadav
721,31885,18482,H Devan,Harrison Devan
384,31887,18484,Samesh Uppal,Samesh Uppal
813,31890,18485,A. Verma,Ansh Verma
1053,31892,18485,O Bedi,Omya Bedi
323,31896,18487,P. Chaudry,Parth Chaudry
799,31897,18487,Bahadurjit Srinivas,Bahadurjit Srinivas
663,31898,18488,Ayush Kunda,Ayush Kunda
1669,31900,18489,Urmi Nagarajan,Urmi Nagarajan
663,31902,18491,A Kunda,Ayush Kunda
1739,31907,18494,Nakul Chandran,Nakul Chandran
1695,31914,18498,Mugdha Yadav,Mugdha Yadav
384,31916,18500,Sames Uppal,Samesh Uppal
1059,31919,18502,O Loyal,Osha Loyal
621,31921,18503,E. Kaul,Ekbal Kaul
925,31929,18507,Om Sinha,Om Sinha
801,31930,18508,Samarth Ray,Samarth Ray
1695,31931,18509,M. Yadav,Mugdha Yadav
658,31932,18509,H. Raja,Henry Raja
701,31936,18513,D Salvi,Diya Salvi
785,31938,18513,Orinder Ahuja,Orinder Ahuja
480,31939,18514,B Nagarajan,Balhaar Nagarajan
1377,31940,18515,A. Sule,Abeer Sule
1700,31942,18516,Xavier Bhat,Xavier Bhat
19,31947,18518,H. Dhillon,Harshil Dhillon
852,31948,18519,Indrajit Swamy,Indrajit Swamy
1731,31954,18522,Orinder Ramanathan,Orinder Ramanathan
1739,31961,18526,N. Chandran,Nakul Chandran
1731,31963,18527,Orinder Ramanathan,Orinder Ramanathan
579,31965,18528,X. Shroff,Xavier Shroff
556,31966,18529,Natan Samra,Nathan Samra
737,31970,18531,B. Madan,Balendra Madan
404,31972,18531,J. Iyer,Jai Iyer
1145,31973,18531,Dew Sidhu,Dev Sidhu
118,31974,18532,S. Maharaj,Siddharth Maharaj
1669,31976,18533,Urmi Nagarajan,Urmi Nagarajan
1739,31979,18534,Nakul Chandran,Nakul Chandran
799,31983,18535,B Srinivas,Bahadurjit Srinivas
737,31984,18536,Balendra Madan,Balendra Madan
346,31988,18537,Rishi Dhar,Rishi Dhar
1171,31991,18539,Hamsini Mallick,Hamsini Mallick
254,31994,18541,K. Sur,Kiaan Sur
1786,32000,18545,Mohammed Sandhu,Mohammed Sandhu
621,32001,18545,Ekbal Kaul,Ekbal Kaul
701,32009,18550,Diya Salvi,Diya Salvi
556,32016,18553,Natan Samra,Nathan Samra
1731,32017,18554,O Ramanathan,Orinder Ramanathan
1732,32025,18559,R. Bhatti,Rehaan Bhatti
1731,32027,18560,Orinder Ramanathan,Orinder Ramanathan
92,32029,18561,Samar Natarajan,Samar Natarajan
384,32030,18561,Samesh Uppal,Samesh Uppal
1549,32033,18562,Michael Kurian,Michael Kurian
782,32037,18566,Yutika Yadaw,Yutika Yadav
1532,32038,18566,R. Peri,Raghav Peri
579,32040,18567,X. Shroff,Xavier Shroff
1780,32042,18569,Brijes Basak,Brijesh Basak
118,32048,18571,Siddharth Maharaj,Siddharth Maharaj
701,32051,18572,Diya Salwi,Diya Salvi
782,32054,18573,Yutika Yadav,Yutika Yadav
1049,32055,18574,A. Chaudhary,Azaan Chaudhary
1491,32057,18575,Ishwar Gandhi,Ishwar Gandhi
215,32058,18575,W. Trivedi,Warinder Trivedi
1730,32065,18580,Devans Chander,Devansh Chander
1460,32071,18581,Udarsh Randhawa,Udarsh Randhawa
1135,32072,18582,Gunbir Kaur,Gunbir Kaur
1786,32073,18583,Mohammed Sandhu,Mohammed Sandhu
118,32074,18583,S Maharaj,Siddharth Maharaj
1235,32075,18583,Aditya Murty,Aditya Murty
1363,32077,18585,Sai Nazareth,Sai Nazareth
215,32078,18586,W Trivedi,Warinder Trivedi
1731,32079,18587,O. Ramanathan,Orinder Ramanathan
1627,32084,18591,Q Nadkarni,Qabil Nadkarni
912,32085,18592,Aryan Dara,Aryan Dara
215,32086,18593,Warinder Trivedi,Warinder Trivedi
1532,32087,18594,Raghav Peri,Raghav Peri
1731,32088,18594,Orinder Ramanatan,Orinder Ramanathan
561,32091,18595,Laban Muni,Laban Muni
732,32095,18597,Udyati Dyal,Udyati Dyal
658,32099,18599,Henry Raja,Henry Raja
323,32107,18603,P. Chaudry,Parth Chaudry
769,32111,18604,O Sagar,Omkaar Sagar
26,32112,18604,T. Sarma,Timothy Sarma
1059,32116,18608,Osha Loyal,Osha Loyal
1695,32120,18610,Mugdha Yadav,Mugdha Yadav
1730,32123,18611,Dewansh Chander,Devansh Chander
19,32124,18611,Harshil Dhillon,Harshil Dhillon
1549,32126,18612,M. Kurian,Michael Kurian
769,32127,18612,O Sagar,Omkaar Sagar
1549,32129,18613,Michael Kurian,Michael Kurian
101,32133,18614,Elijah Lata,Elijah Lata
769,32136,18615,Omkaar Sagar,Omkaar Sagar
1525,32142,18620,Q. Shere,Quincy Shere
1411,32145,18623,Ryan Bajaj,Ryan Bajaj
1669,32153,18628,U. Nagarajan,Urmi Nagarajan
637,32154,18628,Samaksh Rastogi,Samaksh Rastogi
242,32157,18630,O. Bora,Odika Bora
1411,32158,18631,Ryan Bajaj,Ryan Bajaj
1378,32161,18632,N. Korpal,Nilima Korpal
799,32164,18635,Bahadurjit Srinivas,Bahadurjit Srinivas
384,32168,18639,Samesh Uppal,Samesh Uppal
480,32169,18640,Balhaar Nagarajan,Balhaar Nagarajan
1145,32173,18641,D. Sidhu,Dev Sidhu
1797,32174,18642,Zayan Pillai,Zayan Pillai
782,32178,18644,Yutika Yadaw,Yutika Yadav
621,32181,18646,E. Kaul,Ekbal Kaul
556,32188,18651,N. Samra,Nathan Samra
341,32192,18654,Kabir Rattan,Kabir Rattan
19,32197,18656,H Dhillon,Harshil Dhillon
1059,32202,18659,Osha Loyal,Osha Loyal
562,32203,18660,L. Sampath,Liam Sampath
782,32206,18661,Yutika Yadav,Yutika Yadav
658,32211,18663,H Raja,Henry Raja
1604,32215,18665,Karan Bhakta,Karan Bhakta
1627,32218,18667,Q Nadkarni,Qabil Nadkarni
1730,32220,18667,Devansh Chander,Devansh Chander
561,32222,18668,Laban Muni,Laban Muni
480,32223,18669,Balhaar Nagarajan,Balhaar Nagarajan
1669,32226,18672,Urmi Nagarajan,Urmi Nagarajan
579,32228,18674,Xawier sroff,Xavier Shroff
1739,32231,18675,Nakul Chandran,Nakul Chandran
346,32232,18676,Rishi Dhar,Rishi Dhar
480,32234,18677,Balhaar Nagarajan,Balhaar Nagarajan
1105,32236,18678,Aditya Chakraborty,Aditya Chakraborty
724,32238,18678,Zehaan Solanki,Zehaan Solanki
346,32239,18679,R Dhar,Rishi Dhar
925,32241,18681,O. Sinha,Om Sinha
799,32242,18682,B Srinivas,Bahadurjit Srinivas
1126,32244,18682,A Naidu,Abdul Naidu
799,32250,18685,Bahadurjit Srinivas,Bahadurjit Srinivas
556,32251,18685,Nathan Samra,Nathan Samra
92,32253,18686,S Natarajan,Samar Natarajan
1053,32255,18688,O Bedi,Omya Bedi
1195,32261,18690,Pratyus Saha,Pratyush Saha
621,32264,18692,E Kaul,Ekbal Kaul
1731,32267,18693,O Ramanathan,Orinder Ramanathan
1548,32270,18696,Rayaan Kohli,Rayaan Kohli
1624,32279,18702,Laban Set,Laban Seth
561,32280,18703,Laban Muni,Laban Muni
701,32281,18703,Diya Salvi,Diya Salvi
1279,32283,18704,O. Sachdev,Odika Sachdev
1669,32288,18709,Urmi Nagarajan,Urmi Nagarajan
360,32289,18709,C. Upadhyay,Champak Upadhyay
1608,32291,18710,U Pau,Udarsh Pau
764,32294,18712,W Arora,Warinder Arora
1383,32295,18712,Chatura Minhas,Chatura Minhas
1627,32297,18714,Qabil Nadkarni,Qabil Nadkarni
1695,32299,18716,Mugdha Yadav,Mugdha Yadav
33,32300,18717,Rehaan Majumdar,Rehaan Majumdar
658,32303,18718,Henry Raja,Henry Raja
1059,32304,18718,Osha Loyal,Osha Loyal
701,32309,18721,Diya Salvi,Diya Salvi
658,32311,18723,H. Raja,Henry Raja
561,32315,18726,Laban Muni,Laban Muni
341,32319,18728,Kabir Rattan,Kabir Rattan
1383,32327,18732,Chatura Minhas,Chatura Minhas
118,32329,18734,S Maharaj,Siddharth Maharaj
254,32333,18736,K Sur,Kiaan Sur
64,32340,18739,Ekapad Rai,Ekapad Rai
1797,32342,18740,Zayan Pillai,Zayan Pillai
1797,32348,18744,Zayan Pillai,Zayan Pillai
1053,32351,18747,O. Bedi,Omya Bedi
1703,32352,18748,Ansh Karan,Ansh Karan
1292,32355,18751,Ishwar Pall,Ishwar Pall
1311,32356,18752,Abdul Balasubramanian,Abdul Balasubramanian
1169,32362,18756,Atharv Bansal,Atharv Bansal
783,32365,18759,Gaurangi Nagy,Gaurangi Nagy
786,32366,18759,Ijaya Dasgupta,Ijaya Dasgupta
1287,32368,18760,Kiaan Sangha,Kiaan Sangha
1652,32370,18761,F. Babu,Faqid Babu
790,32373,18764,R. Madan,Raghav Madan
182,32374,18764,Imaran Mann,Imaran Mann
472,32375,18765,Gabriel Ben,Gabriel Ben
1080,32384,18770,Liam Rastogi,Liam Rastogi
1128,32385,18771,B Basu,Balvan Basu
687,32386,18772,Aayus Pal,Aayush Pal
1652,32391,18774,F Babu,Faqid Babu
195,32392,18775,Abhimanyu Cherian,Abhimanyu Cherian
811,32396,18778,J Kannan,Jatin Kannan
1361,32397,18778,Elijah Bhatt,Elijah Bhatt
1128,32400,18781,B Basu,Balvan Basu
945,32403,18783,Lucky Kala,Lucky Kala
1353,32406,18784,U. Sachdeva,Unni Sachdeva
1623,32407,18784,Z. Vaidya,Zaid Vaidya
753,32408,18784,Girik Krishnamurthy,Girik Krishnamurthy
1652,32414,18787,Faqid Babu,Faqid Babu
1361,32415,18787,Elijah Bhatt,Elijah Bhatt
1039,32416,18787,W Borra,Wazir Borra
811,32417,18788,Jatin Kannan,Jatin Kannan
1652,32418,18789,Faqid Babu,Faqid Babu
1353,32422,18792,Unni Sachdeva,Unni Sachdeva
295,32423,18793,J. Lalla,Jai Lalla
1276,32424,18794,K Mander,Kai Mander
1422,32425,18795,J Balakrishnan,Jatin Balakrishnan
1080,32427,18796,L Rastogi,Liam Rastogi
583,32429,18797,R Chadha,Ranveer Chadha
981,32431,18798,X. Nagar,Xalak Nagar
1353,32432,18798,U Sachdeva,Unni Sachdeva
1228,32437,18801,Bakhshi Sridhar,Bakhshi Sridhar
1307,32439,18803,Isaac Parek,Isaac Parekh
1683,32440,18803,Xavier Dass,Xavier Dass
1292,32445,18805,Ishwar Pall,Ishwar Pall
195,32448,18807,Abhimanyu Cherian,Abhimanyu Cherian
1623,32454,18810,Z Vaidya,Zaid Vaidya
1745,32456,18811,Tejas Amble,Tejas Amble
697,32459,18813,Tarak Bhatnagar,Tarak Bhatnagar
583,32460,18814,Ranvir Chadha,Ranveer Chadha
472,32462,18816,G Ben,Gabriel Ben
102,32466,18818,Lopa Borde,Lopa Borde
593,32467,18819,Vedhika Saha,Vedhika Saha
140,32469,18821,Mitesh Radhakrishnan,Mitesh Radhakrishnan
583,32471,18821,R Chadha,Ranveer Chadha
697,32473,18823,Tarak Bhatnagar,Tarak Bhatnagar
941,32477,18826,Laksh Tripathi,Laksh Tripathi
1257,32478,18827,Upkaar Chokshi,Upkaar Chokshi
403,32480,18828,P Sastry,Pavani Sastry
116,32482,18829,Charles Sama,Charles Sama
1224,32485,18830,Chanakya Sandal,Chanakya Sandal
1307,32486,18831,Isaac Parek,Isaac Parekh
679,32488,18833,Aahana Sem,Aahana Sem
1228,32490,18835,Bakshi Sridhar,Bakhshi Sridhar
1080,32492,18835,L Rastogi,Liam Rastogi
60,32498,18838,A Lala,Atharv Lala
1623,32500,18839,Zayd Vaydya,Zaid Vaidya
1763,32503,18840,C. Brar,Chandresh Brar
1292,32504,18840,I. Pall,Ishwar Pall
1311,32505,18841,A Balasubramanian,Abdul Balasubramanian
1703,32507,18842,Ans Karan,Ansh Karan
1349,32510,18845,P. Mitra,Pratyush Mitra
1080,32511,18845,Liam Rastogi,Liam Rastogi
1039,32514,18847,W Borra,Wazir Borra
1080,32516,18849,Liam Rastogi,Liam Rastogi
1080,32522,18855,L. Rastogi,Liam Rastogi
1539,32523,18855,Yochana Chawla,Yochana Chawla
240,32524,18856,S. Devi,Sathvik Devi
955,32525,18857,Ayushman Bora,Ayushman Bora
1736,32526,18858,Sarthak Das,Sarthak Das
1349,32527,18858,P Mitra,Pratyush Mitra
1418,32533,18861,Vedant Kaur,Vedant Kaur
1311,32534,18862,Abdul Balasubramanian,Abdul Balasubramanian
1169,32537,18864,Atharw Bansal,Atharv Bansal
60,32540,18865,Atharv Lala,Atharv Lala
1539,32542,18866,Y Chawla,Yochana Chawla
583,32547,18868,Ranweer Chadha,Ranveer Chadha
1683,32548,18868,Xawier Dass,Xavier Dass
1307,32550,18870,I. Parekh,Isaac Parekh
1224,32558,18875,Chanakya Sandal,Chanakya Sandal
146,32562,18876,Rayaan Sankar,Rayaan Sankar
786,32563,18876,I. Dasgupta,Ijaya Dasgupta
945,32564,18876,L. Kala,Lucky Kala
1683,32565,18877,Xavier Dass,Xavier Dass
679,32566,18878,Aahana Sem,Aahana Sem
587,32567,18879,Oeshi Sagar,Oeshi Sagar
191,32574,18884,Jack Handa,Jack Handa
697,32577,18886,Tarak Bhatnagar,Tarak Bhatnagar
106,32580,18887,B Rajan,Banjeet Rajan
280,32585,18889,R. Mall,Rachit Mall
1539,32587,18889,Yochana Chawla,Yochana Chawla
557,32588,18889,Hemang Chad,Hemang Chad
1002,32593,18891,Wriddhish Barman,Wriddhish Barman
102,32594,18892,Lopa Borde,Lopa Borde
472,32595,18892,G. Ben,Gabriel Ben
295,32597,18893,J. Lalla,Jai Lalla
1311,32600,18894,A. Balasubramanian,Abdul Balasubramanian
244,32604,18896,Alexander Sridhar,Alexander Sridhar
1652,32608,18898,Faqid Babu,Faqid Babu
280,32610,18900,Rachit Mall,Rachit Mall
472,32611,18901,G Ben,Gabriel Ben
818,32614,18903,C. More,Chatresh More
1169,32617,18906,Atharv Bansal,Atharv Bansal
1703,32618,18907,Ans Karan,Ansh Karan
900,32619,18907,L Gaba,Luke Gaba
1703,32623,18909,Ans Karan,Ansh Karan
473,32624,18909,V Sengupta,Vincent Sengupta
844,32626,18909,C. Mani,Champak Mani
697,32628,18911,T Bhatnagar,Tarak Bhatnagar
171,32629,18911,Omkaar Goyal,Omkaar Goyal
1579,32632,18913,A Patla,Azaan Patla
1335,32634,18915,Nandini Pant,Nandini Pant
1071,32640,18918,Ayush Mohan,Ayush Mohan
60,32641,18918,Atharw Lala,Atharv Lala
1228,32643,18920,Bakhshi Sridhar,Bakhshi Sridhar
1652,32644,18921,F. Babu,Faqid Babu
1539,32646,18922,Y. Chawla,Yochana Chawla
593,32647,18923,Vedhika Saha,Vedhika Saha
1353,32651,18926,Unni Sachdewa,Unni Sachdeva
472,32654,18927,Gabriel Ben,Gabriel Ben
473,32657,18928,wincent Sengupta,Vincent Sengupta
462,32658,18928,Tanvir Gola,Tanveer Gola
1039,32663,18932,Wazir Borra,Wazir Borra
1080,32664,18933,Liam Rastogi,Liam Rastogi
50,32665,18933,Gopal Kala,Gopal Kala
295,32668,18934,Jai Lalla,Jai Lalla
1623,32669,18934,Zayd waidya,Zaid Vaidya
1353,32673,18938,Unni Sachdewa,Unni Sachdeva
240,32674,18939,S. Devi,Sathvik Devi
283,32675,18939,Sai Mangal,Sai Mangal
593,32676,18940,Vedhika Saha,Vedhika Saha
1080,32677,18940,Liam Rastogi,Liam Rastogi
50,32682,18945,Gopal Kala,Gopal Kala
786,32692,18952,I Dasgupta,Ijaya Dasgupta
679,32701,18960,A. Sem,Aahana Sem
207,32706,18963,Frado Bajwa,Frado Bajwa
1422,32707,18963,J Balakrishnan,Jatin Balakrishnan
1482,32715,18969,Indrajit Sant,Indrajit Sant
1080,32721,18973,L Rastogi,Liam Rastogi
280,32726,18977,Rachit Mall,Rachit Mall
240,32728,18978,S Devi,Sathvik Devi
320,32729,18978,A. Dani,Ansh Dani
568,32730,18979,Maya Raj,Maya Raj
1361,32731,18980,E. Bhatt,Elijah Bhatt
1307,32733,18981,I Parekh,Isaac Parekh
1652,32734,18982,F Babu,Faqid Babu
1361,32735,18983,E Bhatt,Elijah Bhatt
786,32739,18985,I Dasgupta,Ijaya Dasgupta
1238,32740,18985,Z. Bhatia,Zashil Bhatia
1115,32744,18988,Shivansh Bhatia,Shivansh Bhatia
1353,32745,18988,U. Sachdeva,Unni Sachdeva
1312,32747,18989,Aarnaw Rastogi,Aarnav Rastogi
116,32749,18990,Charles Sama,Charles Sama
347,32757,18995,Dalbir Oommen,Dalbir Oommen
1088,32761,18997,Gabriel Bal,Gabriel Bal
1228,32762,18997,B. Sridhar,Bakhshi Sridhar
786,32772,19001,Ijaya Dasgupta,Ijaya Dasgupta
473,32774,19001,Vincent Sengupta,Vincent Sengupta
207,32777,19004,Frado Bajwa,Frado Bajwa
568,32780,19006,M Raj,Maya Raj
1759,32781,19007,Mites Patak,Mitesh Pathak
1169,32789,19012,A. Bansal,Atharv Bansal
43,32790,19013,H Solanki,Henry Solanki
667,32792,19014,D Bath,Dev Bath
207,32794,19015,F Bajwa,Frado Bajwa
102,32797,19018,L. Borde,Lopa Borde
1311,32798,19019,Abdul Balasubramanian,Abdul Balasubramanian
1057,32804,19023,W. Pandey,Wazir Pandey
1161,32806,19024,J Dasgupta,Joshua Dasgupta
593,32808,19026,V. Saha,Vedhika Saha
1271,32809,19027,George Naydu,George Naidu
207,32810,19027,Frado Bajwa,Frado Bajwa
1422,32813,19029,Jatin Balakrishnan,Jatin Balakrishnan
472,32814,19029,Gabriel Ben,Gabriel Ben
1305,32821,19034,Tanweer Buch,Tanveer Buch
811,32826,19038,Jatin Kannan,Jatin Kannan
1369,32828,19039,B. Chowdhury,Balvan Chowdhury
806,32829,19040,I Bera,Ishwar Bera
616,32830,19041,Girindra Dhingra,Girindra Dhingra
283,32838,19046,Sai Mangal,Sai Mangal
1311,32839,19046,A Balasubramanian,Abdul Balasubramanian
568,32840,19047,M Raj,Maya Raj
976,32842,19048,Balhaar Goel,Balhaar Goel
1785,32845,19050,Banjeet Mital,Banjeet Mital
198,32847,19052,Anika Gara,Anika Gara
280,32849,19052,Rachit Mall,Rachit Mall
1224,32853,19055,C. Sandal,Chanakya Sandal
667,32856,19057,D. Bath,Dev Bath
1312,32863,19062,Aarnav Rastogi,Aarnav Rastogi
280,32864,19062,Rachit Mall,Rachit Mall
1353,32865,19063,U. Sachdeva,Unni Sachdeva
1576,32869,19066,Kalpit Nori,Kalpit Nori
62,32871,19067,Utkarsh Kulkarni,Utkarsh Kulkarni
1353,32877,19069,Unni Sachdeva,Unni Sachdeva
473,32878,19070,V Sengupta,Vincent Sengupta
941,32883,19075,L. Tripathi,Laksh Tripathi
486,32888,19076,Zehaan Dewi,Zehaan Devi
568,32889,19076,Maya Raj,Maya Raj
295,32890,19077,Jay Lalla,Jai Lalla
50,32891,19077,G. Kala,Gopal Kala
1623,32896,19080,Z Vaidya,Zaid Vaidya
1353,32899,19082,U Sachdeva,Unni Sachdeva
778,32901,19083,G Chada,Gaurav Chada
786,32902,19084,Ijaya Dasgupta,Ijaya Dasgupta
1353,32903,19084,Unni Sachdewa,Unni Sachdeva
1353,32904,19085,Unni Sachdeva,Unni Sachdeva
295,32905,19085,J Lalla,Jai Lalla
244,32906,19085,Alexander Sridhar,Alexander Sridhar
1077,32910,19088,T. Mane,Tripti Mane
1369,32915,19091,Balvan Chowdhury,Balvan Chowdhury
583,32916,19091,Ranveer Chadha,Ranveer Chadha
1311,32922,19094,A Balasubramanian,Abdul Balasubramanian
568,32924,19096,Maya Raj,Maya Raj
1169,32929,19100,Atharv Bansal,Atharv Bansal
593,32931,19102,V. Saha,Vedhika Saha
1422,32933,19102,J Balakrishnan,Jatin Balakrishnan
568,32935,19103,Maya Raj,Maya Raj
941,32942,19105,Laksh Tripathi,Laksh Tripathi
1353,32945,19108,Unni Sachdeva,Unni Sachdeva
1122,32949,19110,Xavier Parekh,Xavier Parekh
1353,32950,19110,Unni Sachdeva,Unni Sachdeva
568,32953,19111,Maya Raj,Maya Raj
106,32954,19111,Banjeet Rajan,Banjeet Rajan
711,32955,19111,Gagan Sankaran,Gagan Sankaran
900,32956,19112,Luke Gaba,Luke Gaba
1353,32959,19112,Unni Sachdeva,Unni Sachdeva
1353,32960,19113,Unni Sachdewa,Unni Sachdeva
283,32962,19114,S Mangal,Sai Mangal
1652,32963,19115,Faqid Babu,Faqid Babu
661,32965,19115,P. Madan,Parth Madan
116,32967,19116,Charles Sama,Charles Sama
280,32969,19117,Rachit Mall,Rachit Mall
705,32971,19118,Z. Agrawal,Zehaan Agrawal
1539,32972,19118,Yochana Chawla,Yochana Chawla
195,32975,19120,A Cherian,Abhimanyu Cherian
116,32977,19121,Charles Sama,Charles Sama
165,32979,19123,Ekawir Bajwa,Ekavir Bajwa
326,32980,19123,Parth Mohanty,Parth Mohanty
941,32983,19126,Laksh Tripathi,Laksh Tripathi
50,32987,19130,G. Kala,Gopal Kala
1683,32989,19130,X Dass,Xavier Dass
1182,32992,19132,Frado Chaudhuri,Frado Chaudhuri
1703,32996,19134,Ansh Karan,Ansh Karan
1080,33002,19138,L. Rastogi,Liam Rastogi
911,33009,19142,T. Gera,Thomas Gera
1642,33010,19142,Qadim Venkatesh,Qadim Venkatesh
900,33016,19144,Luke Gaba,Luke Gaba
50,33019,19147,Gopal Kala,Gopal Kala
1353,33024,19151,U. Sachdeva,Unni Sachdeva
1422,33026,19152,J. Balakrishnan,Jatin Balakrishnan
679,33027,19152,Aahana Sem,Aahana Sem
900,33031,19154,Luke Gaba,Luke Gaba
1307,33033,19155,I Parekh,Isaac Parekh
811,33035,19156,Jatin Kannan,Jatin Kannan
1292,33040,19160,Iswar Pall,Ishwar Pall
583,33041,19161,Ranveer Chadha,Ranveer Chadha
301,33046,19165,Darsh Rajan,Darsh Rajan
1642,33050,19168,Qadim Venkatesh,Qadim Venkatesh
1307,33053,19170,Isaac Parek,Isaac Parekh
900,33055,19171,L. Gaba,Luke Gaba
679,33060,19173,Aahana Sem,Aahana Sem
102,33061,19174,Lopa Borde,Lopa Borde
283,33063,19175,S Mangal,Sai Mangal
207,33066,19178,Frado Bajwa,Frado Bajwa
1292,33069,19181,Ishwar Pall,Ishwar Pall
1539,33072,19184,Yochana Chawla,Yochana Chawla
102,33074,19185,Lopa Borde,Lopa Borde
1335,33076,19186,Nandini Pant,Nandini Pant
803,33077,19186,Azaan Gill,Azaan Gill
102,33085,19189,Lopa Borde,Lopa Borde
116,33087,19189,C. Sama,Charles Sama
301,33088,19190,D Rajan,Darsh Rajan
1751,33095,19194,Chaitanya Bandi,Chaitanya Bandi
786,33100,19197,Ijaya Dasgupta,Ijaya Dasgupta
295,33103,19199,J Lalla,Jai Lalla
1422,33104,19200,Jatin Balakrisnan,Jatin Balakrishnan
679,33110,19203,Aahana Sem,Aahana Sem
60,33112,19203,Atharv Lala,Atharv Lala
1369,33114,19204,B Chowdhury,Balvan Chowdhury
811,33117,19206,Jatin Kannan,Jatin Kannan
244,33121,19209,A. Sridhar,Alexander Sridhar
116,33128,19211,C Sama,Charles Sama
1601,33135,19216,Sarthak Patil,Sarthak Patil
195,33145,19221,Abhimanyu Cherian,Abhimanyu Cherian
697,33146,19222,T. Bhatnagar,Tarak Bhatnagar
1228,33149,19223,Bakhshi Sridhar,Bakhshi Sridhar
1125,33153,19225,Utkarsh Rajagopalan,Utkarsh Rajagopalan
1422,33160,19227,J Balakrishnan,Jatin Balakrishnan
295,33161,19228,Jai Lalla,Jai Lalla
301,33166,19232,D Rajan,Darsh Rajan
1224,33167,19232,Chanakya Sandal,Chanakya Sandal
55,33171,19233,A. Badal,Aayush Badal
473,33175,19236,V Sengupta,Vincent Sengupta
1626,33177,19238,Atarv Sangha,Atharv Sangha
679,33180,19240,Aahana Sem,Aahana Sem
1307,33185,19241,Isaac Parekh,Isaac Parekh
1292,33196,19247,I. Pall,Ishwar Pall
1703,33197,19248,A. Karan,Ansh Karan
1311,33205,19254,Abdul Balasubramanian,Abdul Balasubramanian
1224,33210,19256,Chanakya Sandal,Chanakya Sandal
1311,33211,19257,A. Balasubramanian,Abdul Balasubramanian
1683,33220,19260,Xavier Dass,Xavier Dass
1683,33222,19262,X. Dass,Xavier Dass
283,33224,19263,Say Mangal,Sai Mangal
102,33234,19267,Lopa Borde,Lopa Borde
1228,33235,19268,B. Sridhar,Bakhshi Sridhar
593,33237,19270,Vedhika Saha,Vedhika Saha
448,33238,19271,Samuel Minhas,Samuel Minhas
568,33239,19271,M Raj,Maya Raj
1292,33242,19272,I. Pall,Ishwar Pall
494,33244,19272,Upasna Tella,Upasna Tella
295,33246,19273,Jai Lalla,Jai Lalla
1039,33250,19275,Wazir Borra,Wazir Borra
283,33251,19275,Say Mangal,Sai Mangal
1311,33253,19277,Abdul Balasubramanian,Abdul Balasubramanian
1703,33254,19278,A Karan,Ansh Karan
171,33257,19278,Omkaar Goyal,Omkaar Goyal
240,33258,19279,Sathwik Dewi,Sathvik Devi
240,33264,19282,S Devi,Sathvik Devi
106,33265,19282,Banjeet Rajan,Banjeet Rajan
1312,33267,19283,Aarnav Rastogi,Aarnav Rastogi
60,33274,19287,A. Lala,Atharv Lala
1307,33276,19289,Isaac Parek,Isaac Parekh
1652,33279,19290,Faqid Babu,Faqid Babu
484,33281,19291,Chaitanya Randhawa,Chaitanya Randhawa
50,33282,19291,Gopal Kala,Gopal Kala
102,33286,19293,Lopa Borde,Lopa Borde
786,33287,19294,I Dasgupta,Ijaya Dasgupta
280,33292,19298,Rachit Mall,Rachit Mall
171,33294,19300,Omkaar Goyal,Omkaar Goyal
1080,33295,19300,Liam Rastogi,Liam Rastogi
171,33299,19302,O. Goyal,Omkaar Goyal
1353,33304,19305,Unni Sachdeva,Unni Sachdeva
1128,33308,19307,Balvan Basu,Balvan Basu
1353,33311,19309,U. Sachdeva,Unni Sachdeva
568,33314,19311,M Raj,Maya Raj
1080,33318,19312,L Rastogi,Liam Rastogi
941,33319,19313,Laksh Tripathi,Laksh Tripathi
50,33322,19315,Gopal Kala,Gopal Kala
240,33324,19315,Sathwik Dewi,Sathvik Devi
1228,33326,19316,Bakhshi Sridhar,Bakhshi Sridhar
280,33328,19318,Rachit Mall,Rachit Mall
1311,33329,19318,Abdul Balasubramanian,Abdul Balasubramanian
786,33330,19319,Ijaya Dasgupta,Ijaya Dasgupta
102,33331,19319,Lopa Borde,Lopa Borde
473,33335,19322,V Sengupta,Vincent Sengupta
195,33340,19324,A Cherian,Abhimanyu Cherian
473,33342,19326,wincent Sengupta,Vincent Sengupta
1353,33343,19326,Unni Sachdewa,Unni Sachdeva
244,33344,19326,A. Sridhar,Alexander Sridhar
207,33345,19326,Frado Bajwa,Frado Bajwa
1349,33351,19330,P. Mitra,Pratyush Mitra
195,33352,19330,A. Cherian,Abhimanyu Cherian
106,33353,19331,B Rajan,Banjeet Rajan
1652,33357,19332,Faqid Babu,Faqid Babu
667,33361,19335,D Bath,Dev Bath
945,33362,19336,Lucky Kala,Lucky Kala
373,33363,19337,I. Bhatt,Ikbal Bhatt
295,33367,19338,Jai Lalla,Jai Lalla
106,33370,19340,Banjit Rajan,Banjeet Rajan
583,33371,19340,Ranveer Chadha,Ranveer Chadha
697,33380,19347,Tarak Bhatnagar,Tarak Bhatnagar
1312,33384,19350,Aarnav Rastogi,Aarnav Rastogi
1683,33386,19350,Xavier Dass,Xavier Dass
301,33388,19351,D. Rajan,Darsh Rajan
326,33390,19352,Parth Mohanty,Parth Mohanty
568,33391,19352,Maya Raj,Maya Raj
473,33394,19354,wincent Sengupta,Vincent Sengupta
102,33398,19357,L. Borde,Lopa Borde
1276,33399,19358,Kay Mander,Kai Mander
860,33402,19358,R Dara,Ranveer Dara
900,33404,19360,Luke Gaba,Luke Gaba
50,33408,19363,G Kala,Gopal Kala
240,33415,19364,Sathvik Devi,Sathvik Devi
301,33416,19365,Darsh Rajan,Darsh Rajan
811,33420,19367,J Kannan,Jatin Kannan
1169,33422,19367,A Bansal,Atharv Bansal
583,33423,19367,Ranvir Chadha,Ranveer Chadha
568,33424,19368,Maya Raj,Maya Raj
1307,33428,19370,Isaac Parekh,Isaac Parekh
1224,33429,19371,Chanakya Sandal,Chanakya Sandal
1438,33433,19372,Jeet Parsa,Jeet Parsa
1539,33434,19373,Yochana Chawla,Yochana Chawla
473,33435,19374,V. Sengupta,Vincent Sengupta
116,33437,19375,C Sama,Charles Sama
941,33441,19377,Laksh Tripathi,Laksh Tripathi
60,33444,19378,Atharv Lala,Atharv Lala
1731,33446,19380,O Ramanathan,Orinder Ramanathan
1507,33447,19380,Parth Yadav,Parth Yadav
941,33450,19382,Laks Tripati,Laksh Tripathi
326,33451,19383,Part Mohanty,Parth Mohanty
472,33453,19384,Gabriel Ben,Gabriel Ben
1683,33455,19384,Xavier Dass,Xavier Dass
414,33462,19387,Sudiksha Barman,Sudiksha Barman
106,33469,19392,Banjit Rajan,Banjeet Rajan
1349,33471,19393,P. Mitra,Pratyush Mitra
280,33476,19395,R. Mall,Rachit Mall
1315,33478,19396,Caleb Morar,Caleb Morar
865,33484,19400,Gaurangi Arora,Gaurangi Arora
697,33486,19400,T Bhatnagar,Tarak Bhatnagar
52,33487,19400,P. Tailor,Patrick Tailor
1638,33489,19401,Vihaan Purohit,Vihaan Purohit
326,33492,19403,Parth Mohanty,Parth Mohanty
1683,33495,19404,X. Dass,Xavier Dass
155,33498,19406,J Kapur,Janya Kapur
1292,33501,19408,Ishwar Pall,Ishwar Pall
1128,33502,19408,B. Basu,Balvan Basu
116,33503,19409,Charles Sama,Charles Sama
988,33509,19412,Yahvi Talwar,Yahvi Talwar
1361,33512,19413,Elijah Bhatt,Elijah Bhatt
1228,33516,19415,Bakshi Sridhar,Bakhshi Sridhar
1307,33521,19417,Isaac Parekh,Isaac Parekh
1311,33525,19421,A Balasubramanian,Abdul Balasubramanian
945,33527,19423,Lucky Kala,Lucky Kala
1128,33528,19424,B. Basu,Balvan Basu
1652,33529,19425,F. Babu,Faqid Babu
301,33530,19425,D. Rajan,Darsh Rajan
1623,33531,19425,Z. Vaidya,Zaid Vaidya
60,33536,19429,Atharv Lala,Atharv Lala
1292,33537,19430,Iswar Pall,Ishwar Pall
244,33539,19430,Alexander Sridhar,Alexander Sridhar
667,33541,19432,D Bath,Dev Bath
219,33542,19433,S Swaminathan,Shivansh Swaminathan
799,33543,19434,Bahadurjit Sriniwas,Bahadurjit Srinivas
1307,33546,19435,Isaac Parekh,Isaac Parekh
326,33548,19437,Parth Mohanty,Parth Mohanty
667,33549,19437,Dev Bath,Dev Bath
1369,33552,19438,Balwan Chowdhury,Balvan Chowdhury
1539,33554,19440,Yochana Chawla,Yochana Chawla
171,33562,19444,Omkaar Goyal,Omkaar Goyal
667,33564,19445,D Bath,Dev Bath
1422,33568,19448,Jatin Balakrisnan,Jatin Balakrishnan
593,33576,19454,Vedhika Saha,Vedhika Saha
1559,33579,19455,U. Dugar,Urmi Dugar
1349,33581,19455,Pratyush Mitra,Pratyush Mitra
759,33582,19456,A Sheth,Aadi Sheth
301,33584,19456,Darsh Rajan,Darsh Rajan
1683,33586,19457,Xavier Dass,Xavier Dass
1080,33587,19458,Liam Rastogi,Liam Rastogi
1307,33589,19459,Isaac Parekh,Isaac Parekh
1080,33593,19460,L Rastogi,Liam Rastogi
50,33594,19461,Gopal Kala,Gopal Kala
1426,33595,19462,Jagdish Rai,Jagdish Rai
1681,33596,19463,Aayush Ghosh,Aayush Ghosh
171,33600,19465,Omkaar Goyal,Omkaar Goyal
1703,33604,19466,A Karan,Ansh Karan
697,33605,19466,T Bhatnagar,Tarak Bhatnagar
539,33606,19467,Onkar Bhatt,Onkar Bhatt
1080,33607,19467,Liam Rastogi,Liam Rastogi
583,33611,19469,R Chadha,Ranveer Chadha
280,33615,19470,R Mall,Rachit Mall
1369,33616,19471,Balvan Chowdhury,Balvan Chowdhury
1128,33621,19473,Balwan Basu,Balvan Basu
1447,33623,19474,Luke Menon,Luke Menon
1652,33627,19477,F Babu,Faqid Babu
60,33628,19478,A. Lala,Atharv Lala
244,33630,19479,Alexander Sridhar,Alexander Sridhar
1175,33632,19481,Warda Saraf,Warda Saraf
1422,33636,19484,Jatin Balakrishnan,Jatin Balakrishnan
195,33637,19485,Abhimanyu Cherian,Abhimanyu Cherian
1623,33638,19485,Zayd Vaydya,Zaid Vaidya
240,33643,19489,S Devi,Sathvik Devi
280,33645,19490,Rachit Mall,Rachit Mall
1422,33646,19491,Jatin Balakrishnan,Jatin Balakrishnan
283,33649,19492,Say Mangal,Sai Mangal
472,33650,19493,Gabriel Ben,Gabriel Ben
240,33657,19497,Sathvik Devi,Sathvik Devi
283,33677,19507,Say Mangal,Sai Mangal
171,33678,19507,Omkaar Goyal,Omkaar Goyal
1241,33684,19511,Anay Barad,Anay Barad
1349,33686,19513,Pratyush Mitra,Pratyush Mitra
1353,33691,19515,U. Sachdeva,Unni Sachdeva
811,33693,19517,J Kannan,Jatin Kannan
301,33697,19521,D Rajan,Darsh Rajan
1632,33699,19521,D. More,Darpan More
941,33700,19521,Laksh Tripathi,Laksh Tripathi
1349,33701,19522,Pratyush Mitra,Pratyush Mitra
945,33702,19522,Lucky Kala,Lucky Kala
667,33703,19523,Dew Bat,Dev Bath
1169,33704,19523,A. Bansal,Atharv Bansal
1290,33705,19523,Viraj Goda,Viraj Goda
1683,33706,19523,Xavier Dass,Xavier Dass
1169,33709,19525,Atharv Bansal,Atharv Bansal
593,33711,19526,Vedhika Saha,Vedhika Saha
1169,33712,19527,Atharv Bansal,Atharv Bansal
593,33714,19527,wedhika Saha,Vedhika Saha
1118,33721,19532,Hemang Divan,Hemang Divan
1703,33722,19533,Ansh Karan,Ansh Karan
244,33723,19533,A Sridhar,Alexander Sridhar
288,33724,19534,Rudra Desai,Rudra Desai
900,33726,19535,Luke Gaba,Luke Gaba
424,33730,19537,R. Dave,Ryan Dave
283,33733,19539,S. Mangal,Sai Mangal
1311,33738,19542,Abdul Balasubramanian,Abdul Balasubramanian
846,33739,19543,P. Sinha,Parth Sinha
171,33742,19546,Omkaar Goyal,Omkaar Goyal
116,33752,19552,Charles Sama,Charles Sama
1361,33758,19556,E. Bhatt,Elijah Bhatt
685,33761,19559,Aarnaw Comar,Aarnav Comar
1349,33762,19560,P. Mitra,Pratyush Mitra
945,33766,19564,Lucky Kala,Lucky Kala
1312,33769,19566,Aarnaw Rastogi,Aarnav Rastogi
102,33770,19567,Lopa Borde,Lopa Borde
1349,33771,19567,P Mitra,Pratyush Mitra
820,33779,19571,Darsh Ahuja,Darsh Ahuja
667,33781,19573,Dev Bath,Dev Bath
1347,33782,19573,Gawin Kir,Gavin Keer
1169,33783,19574,A. Bansal,Atharv Bansal
280,33785,19576,R. Mall,Rachit Mall
667,33787,19577,Dev Bath,Dev Bath
1169,33788,19577,A Bansal,Atharv Bansal
1349,33790,19578,P Mitra,Pratyush Mitra
905,33798,19585,Nil Guha,Neel Guha
1307,33808,19591,I. Parekh,Isaac Parekh
1369,33816,19595,Balvan Chowdhury,Balvan Chowdhury
1224,33817,19596,C. Sandal,Chanakya Sandal
1683,33818,19597,Xawier Dass,Xavier Dass
811,33819,19598,J. Kannan,Jatin Kannan
102,33820,19598,Lopa Borde,Lopa Borde
697,33823,19601,Tarak Bhatnagar,Tarak Bhatnagar
701,33825,19603,D. Salvi,Diya Salvi
679,33826,19604,A Sem,Aahana Sem
1164,33830,19606,Noah Sankar,Noah Sankar
786,33831,19606,Ijaya Dasgupta,Ijaya Dasgupta
1312,33833,19607,Aarnav Rastogi,Aarnav Rastogi
1369,33835,19607,B Chowdhury,Balvan Chowdhury
1760,33841,19612,T Bhagat,Tanish Bhagat
764,33842,19613,W Arora,Warinder Arora
1080,33844,19615,Liam Rastogi,Liam Rastogi
1311,33847,19617,Abdul Balasubramanian,Abdul Balasubramanian
301,33852,19621,D. Rajan,Darsh Rajan
1642,33853,19622,Qadim Venkates,Qadim Venkatesh
1361,33856,19624,Elijah Bhatt,Elijah Bhatt
171,33857,19624,O Goyal,Omkaar Goyal
1234,33862,19626,V. Parsa,Vivaan Parsa
1349,33865,19626,P Mitra,Pratyush Mitra
1349,33870,19630,Pratyus Mitra,Pratyush Mitra
1466,33871,19631,L Zachariah,Lohit Zachariah
295,33874,19632,Jay Lalla,Jai Lalla
295,33876,19633,J Lalla,Jai Lalla
1227,33885,19637,A. Andra,Amol Andra
1545,33890,19641,Aradhana Narang,Aradhana Narang
472,33896,19645,Gabriel Ben,Gabriel Ben
693,33897,19646,Vincent Kannan,Vincent Kannan
1642,33898,19646,Q. Venkatesh,Qadim Venkatesh
1652,33900,19647,Faqid Babu,Faqid Babu
1080,33907,19652,L. Rastogi,Liam Rastogi
1652,33909,19652,Faqid Babu,Faqid Babu
60,33910,19653,Atharv Lala,Atharv Lala
1063,33911,19654,F Raj,Faqid Raj
1169,33913,19655,Atharv Bansal,Atharv Bansal
786,33914,19656,I. Dasgupta,Ijaya Dasgupta
1353,33920,19660,Unni Sachdewa,Unni Sachdeva
1349,33921,19660,Pratyus Mitra,Pratyush Mitra
207,33925,19662,F Bajwa,Frado Bajwa
667,33926,19663,D Bath,Dev Bath
240,33929,19665,Sathvik Devi,Sathvik Devi
568,33931,19667,M Raj,Maya Raj
1224,33932,19668,Chanakya Sandal,Chanakya Sandal
786,33934,19668,Ijaya Dasgupta,Ijaya Dasgupta
294,33935,19669,Nitara Vig,Nitara Vig
472,33937,19669,Gabriel Ben,Gabriel Ben
340,33938,19670,Qabil Chandran,Qabil Chandran
295,33943,19673,Jay Lalla,Jai Lalla
1642,33952,19677,Q. Venkatesh,Qadim Venkatesh
207,33953,19678,Frado Bajwa,Frado Bajwa
1353,33957,19680,U. Sachdeva,Unni Sachdeva
473,33959,19681,V Sengupta,Vincent Sengupta
1080,33960,19682,Liam Rastogi,Liam Rastogi
116,33962,19682,Charles Sama,Charles Sama
472,33976,19689,Gabriel Ben,Gabriel Ben
1039,33977,19690,Wazir Borra,Wazir Borra
1369,33978,19690,Balwan Chowdhury,Balvan Chowdhury
256,33980,19692,G Grover,Gaurangi Grover
1080,33981,19692,Liam Rastogi,Liam Rastogi
1623,33983,19694,Z. Vaidya,Zaid Vaidya
679,33984,19694,Aahana Sem,Aahana Sem
473,33986,19696,Vincent Sengupta,Vincent Sengupta
295,33989,19698,Jay Lalla,Jai Lalla
1353,33990,19699,U Sachdeva,Unni Sachdeva
679,33993,19700,Aahana Sem,Aahana Sem
53,33994,19701,F. Kale,Fiyaz Kale
1642,33996,19701,Q Venkatesh,Qadim Venkatesh
1292,34000,19705,Iswar Pall,Ishwar Pall
1703,34001,19705,A. Karan,Ansh Karan
1307,34004,19707,I. Parekh,Isaac Parekh
1080,34007,19709,Liam Rastogi,Liam Rastogi
1039,34009,19711,Wazir Borra,Wazir Borra
786,34010,19712,Ijaya Dasgupta,Ijaya Dasgupta
1171,34012,19714,H Mallick,Hamsini Mallick
1039,34017,19716,W Borra,Wazir Borra
1531,34018,19716,Alka Sachdewa,Alka Sachdeva
60,34020,19718,Atharv Lala,Atharv Lala
1353,34028,19722,Unni Sachdewa,Unni Sachdeva
301,34029,19723,Darsh Rajan,Darsh Rajan
1652,34034,19726,F Babu,Faqid Babu
1224,34037,19728,C Sandal,Chanakya Sandal
1422,34040,19730,J. Balakrishnan,Jatin Balakrishnan
119,34044,19732,Y Korpal,Yug Korpal
60,34048,19735,A. Lala,Atharv Lala
280,34050,19735,Rachit Mall,Rachit Mall
1169,34051,19735,Atarv Bansal,Atharv Bansal
244,34054,19737,Alexander Sridhar,Alexander Sridhar
679,34057,19739,A Sem,Aahana Sem
1361,34058,19740,Elijah Bhatt,Elijah Bhatt
945,34061,19743,Lucky Kala,Lucky Kala
1683,34062,19743,X Dass,Xavier Dass
102,34066,19747,Lopa Borde,Lopa Borde
428,34069,19749,Dominic Krisna,Dominic Krishna
1642,34079,19755,Qadim Venkates,Qadim Venkatesh
1683,34081,19755,Xavier Dass,Xavier Dass
207,34083,19756,Frado Bajwa,Frado Bajwa
60,34084,19757,Atharv Lala,Atharv Lala
941,34085,19757,Laks Tripati,Laksh Tripathi
900,34091,19759,L. Gaba,Luke Gaba
1307,34092,19760,Isaac Parekh,Isaac Parekh
1306,34093,19761,Dalbir Nanda,Dalbir Nanda
195,34094,19762,Abhimanyu Cherian,Abhimanyu Cherian
1422,34095,19763,J Balakrishnan,Jatin Balakrishnan
1493,34097,19765,Z Natarajan,Zayan Natarajan
1039,34099,19766,Wazir Borra,Wazir Borra
1369,34101,19766,Balvan Chowdhury,Balvan Chowdhury
1039,34103,19767,Wazir Borra,Wazir Borra
1349,34107,19771,Pratyus Mitra,Pratyush Mitra
1652,34108,19771,F. Babu,Faqid Babu
207,34110,19773,Frado Bajwa,Frado Bajwa
811,34111,19773,Jatin Kannan,Jatin Kannan
667,34112,19774,Dew Bat,Dev Bath
106,34115,19775,Banjeet Rajan,Banjeet Rajan
1353,34118,19777,Unni Sachdeva,Unni Sachdeva
1479,34124,19780,Anay Thaman,Anay Thaman
1422,34127,19782,Jatin Balakrisnan,Jatin Balakrishnan
811,34129,19783,Jatin Kannan,Jatin Kannan
1306,34131,19783,D. Nanda,Dalbir Nanda
171,34136,19785,Omkaar Goyal,Omkaar Goyal
60,34137,19786,A. Lala,Atharv Lala
280,34142,19791,Rachit Mall,Rachit Mall
1080,34143,19791,Liam Rastogi,Liam Rastogi
1307,34146,19793,I Parekh,Isaac Parekh
574,34147,19793,Mason Balakrisnan,Mason Balakrishnan
945,34152,19795,Lucky Kala,Lucky Kala
330,34153,19795,Veer Misra,Veer Misra
283,34154,19796,S. Mangal,Sai Mangal
1349,34156,19797,P Mitra,Pratyush Mitra
473,34157,19798,Vincent Sengupta,Vincent Sengupta
171,34161,19800,Omkaar Goyal,Omkaar Goyal
1361,34163,19801,E Bhatt,Elijah Bhatt
945,34172,19805,Lucky Kala,Lucky Kala
1292,34177,19809,I. Pall,Ishwar Pall
32,34180,19811,Aditya Edwin,Aditya Edwin
1369,34181,19812,Balvan Chowdhury,Balvan Chowdhury
1228,34183,19813,Bakhshi Sridhar,Bakhshi Sridhar
1361,34187,19816,E Bhatt,Elijah Bhatt
1039,34189,19817,W. Borra,Wazir Borra
667,34191,19818,Dev Bath,Dev Bath
1039,34195,19819,Wazir Borra,Wazir Borra
1353,34196,19819,U. Sachdeva,Unni Sachdeva
1353,34197,19819,Unni Sachdeva,Unni Sachdeva
1228,34201,19823,Bakshi Sridhar,Bakhshi Sridhar
60,34206,19825,A. Lala,Atharv Lala
941,34207,19825,Laksh Tripathi,Laksh Tripathi
1224,34208,19826,Chanakya Sandal,Chanakya Sandal
473,34215,19829,Vincent Sengupta,Vincent Sengupta
1369,34216,19829,Balvan Chowdhury,Balvan Chowdhury
50,34220,19832,Gopal Kala,Gopal Kala
1312,34222,19832,Aarnav Rastogi,Aarnav Rastogi
207,34226,19835,F Bajwa,Frado Bajwa
102,34227,19835,L. Borde,Lopa Borde
1703,34231,19837,Ansh Karan,Ansh Karan
593,34238,19839,Vedhika Saha,Vedhika Saha
50,34241,19841,Gopal Kala,Gopal Kala
1039,34243,19843,Wazir Borra,Wazir Borra
106,34244,19844,B. Rajan,Banjeet Rajan
280,34247,19846,Rachit Mall,Rachit Mall
1169,34250,19848,Atarv Bansal,Atharv Bansal
171,34253,19850,Omkaar Goyal,Omkaar Goyal
1228,34255,19852,B. Sridhar,Bakhshi Sridhar
301,34264,19856,Darsh Rajan,Darsh Rajan
295,34265,19856,Jai Lalla,Jai Lalla
44,34267,19857,A. Patil,Anmol Patil
116,34268,19858,C Sama,Charles Sama
568,34270,19860,Maya Raj,Maya Raj
116,34271,19860,Charles Sama,Charles Sama
301,34273,19861,Darsh Rajan,Darsh Rajan
473,34278,19863,Vincent Sengupta,Vincent Sengupta
1499,34279,19863,Yosita Nazaret,Yoshita Nazareth
1311,34281,19865,Abdul Balasubramanian,Abdul Balasubramanian
1292,34282,19865,Ishwar Pall,Ishwar Pall
583,34284,19867,R Chadha,Ranveer Chadha
1659,34286,19867,S. Varghese,Samesh Varghese
811,34288,19868,Jatin Kannan,Jatin Kannan
162,34292,19871,Yasti Ganguly,Yasti Ganguly
1623,34293,19872,Zaid Vaidya,Zaid Vaidya
1349,34298,19877,Pratyus Mitra,Pratyush Mitra
728,34303,19880,Nisa Ramachandran,Nisha Ramachandran
171,34304,19881,O Goyal,Omkaar Goyal
1080,34310,19885,L. Rastogi,Liam Rastogi
473,34312,19886,wincent Sengupta,Vincent Sengupta
1080,34315,19887,Liam Rastogi,Liam Rastogi
1623,34322,19891,Zaid Vaidya,Zaid Vaidya
280,34324,19891,Rachit Mall,Rachit Mall
786,34325,19891,I. Dasgupta,Ijaya Dasgupta
1361,34327,19893,E. Bhatt,Elijah Bhatt
1311,34330,19894,Abdul Balasubramanian,Abdul Balasubramanian
697,34332,19896,Tarak Bhatnagar,Tarak Bhatnagar
1539,34333,19896,Y. Chawla,Yochana Chawla
786,34335,19897,Ijaya Dasgupta,Ijaya Dasgupta
1224,34340,19898,C Sandal,Chanakya Sandal
1039,34341,19898,Wazir Borra,Wazir Borra
1312,34342,19899,Aarnaw Rastogi,Aarnav Rastogi
1349,34344,19900,Pratyush Mitra,Pratyush Mitra
945,34345,19900,Lucky Kala,Lucky Kala
60,34347,19901,Atharv Lala,Atharv Lala
326,34354,19904,Part Mohanty,Parth Mohanty
295,34355,19905,Jai Lalla,Jai Lalla
472,34358,19908,G Ben,Gabriel Ben
811,34360,19909,J. Kannan,Jatin Kannan
679,34361,19910,A Sem,Aahana Sem
116,34362,19911,Charles Sama,Charles Sama
1228,34363,19911,B Sridhar,Bakhshi Sridhar
1312,34368,19913,Aarnav Rastogi,Aarnav Rastogi
473,34369,19913,V Sengupta,Vincent Sengupta
244,34371,19914,A. Sridhar,Alexander Sridhar
1683,34374,19915,X Dass,Xavier Dass
679,34376,19917,Aahana Sem,Aahana Sem
1349,34377,19918,Pratyush Mitra,Pratyush Mitra
1080,34384,19921,L Rastogi,Liam Rastogi
295,34385,19922,J. Lalla,Jai Lalla
342,34387,19923,Balendra Rege,Balendra Rege
1039,34390,19926,Wazir Borra,Wazir Borra
1539,34395,19927,Yochana Chawla,Yochana Chawla
786,34401,19931,I. Dasgupta,Ijaya Dasgupta
301,34407,19934,D Rajan,Darsh Rajan
1623,34409,19935,Zayd Vaydya,Zaid Vaidya
301,34413,19939,D. Rajan,Darsh Rajan
280,34415,19941,Rachit Mall,Rachit Mall
1039,34419,19943,W. Borra,Wazir Borra
1039,34420,19943,W Borra,Wazir Borra
207,34422,19944,F Bajwa,Frado Bajwa
1128,34423,19945,B. Basu,Balvan Basu
945,34424,19945,L Kala,Lucky Kala
280,34426,19946,Rachit Mall,Rachit Mall
240,34428,19947,Sathwik Dewi,Sathvik Devi
583,34431,19949,Ranveer Chadha,Ranveer Chadha
50,34433,19951,Gopal Kala,Gopal Kala
326,34435,19952,P Mohanty,Parth Mohanty
1224,34440,19956,Chanakya Sandal,Chanakya Sandal
667,34442,19957,Dew Bat,Dev Bath
283,34443,19958,Sai Mangal,Sai Mangal
1224,34444,19959,C Sandal,Chanakya Sandal
473,34445,19960,wincent Sengupta,Vincent Sengupta
1169,34447,19961,A. Bansal,Atharv Bansal
50,34454,19965,G. Kala,Gopal Kala
1683,34455,19965,X Dass,Xavier Dass
240,34457,19967,S Devi,Sathvik Devi
343,34462,19971,Warjas Brahmbhatt,Warjas Brahmbhatt
1349,34463,19972,P Mitra,Pratyush Mitra
195,34466,19975,Abhimanyu Cherian,Abhimanyu Cherian
1393,34467,19976,Girish Solanki,Girish Solanki
1623,34469,19978,Z. Vaidya,Zaid Vaidya
1422,34471,19979,J Balakrishnan,Jatin Balakrishnan
697,34476,19982,Tarak Bhatnagar,Tarak Bhatnagar
679,34479,19984,A Sem,Aahana Sem
602,34481,19986,A Mani,Abhiram Mani
244,34485,19989,Alexander Sridhar,Alexander Sridhar
116,34486,19989,Charles Sama,Charles Sama
1311,34494,19996,A Balasubramanian,Abdul Balasubramanian
116,34497,19997,C. Sama,Charles Sama
106,34506,20003,Banjeet Rajan,Banjeet Rajan
945,34513,20006,Lucky Kala,Lucky Kala
1353,34514,20007,Unni Sachdewa,Unni Sachdeva
1264,34516,20009,P Gola,Pranav Gola
1422,34518,20011,Jatin Balakrishnan,Jatin Balakrishnan
1169,34520,20012,Atarv Bansal,Atharv Bansal
283,34522,20014,S. Mangal,Sai Mangal
1703,34524,20015,A. Karan,Ansh Karan
60,34528,20017,Atharw Lala,Atharv Lala
811,34530,20018,Jatin Kannan,Jatin Kannan
728,34532,20020,Nisha Ramachandran,Nisha Ramachandran
568,34534,20022,M Raj,Maya Raj
102,34543,20028,Lopa Borde,Lopa Borde
106,34545,20028,Banjeet Rajan,Banjeet Rajan
697,34548,20029,Tarak Bhatnagar,Tarak Bhatnagar
472,34549,20030,Gabriel Ben,Gabriel Ben
1539,34550,20031,Yochana Chawla,Yochana Chawla
1128,34553,20033,Balwan Basu,Balvan Basu
171,34555,20035,O. Goyal,Omkaar Goyal
244,34557,20036,Alexander Sridhar,Alexander Sridhar
1369,34558,20037,B Chowdhury,Balvan Chowdhury
102,34559,20037,L. Borde,Lopa Borde
945,34564,20040,Lucky Kala,Lucky Kala
598,34568,20042,R Sengupta,Ranbir Sengupta
1516,34577,20047,Jatin Divan,Jatin Divan
295,34579,20048,Jai Lalla,Jai Lalla
679,34580,20049,Aahana Sem,Aahana Sem
1683,34583,20051,Xavier Dass,Xavier Dass
1224,34585,20053,Chanakya Sandal,Chanakya Sandal
1603,34595,20058,C Agrawal,Chakradhar Agrawal
568,34598,20060,Maya Raj,Maya Raj
301,34599,20061,Darsh Rajan,Darsh Rajan
493,34602,20063,Reyansh Dugal,Reyansh Dugal
1422,34607,20066,Jatin Balakrisnan,Jatin Balakrishnan
116,34610,20068,Charles Sama,Charles Sama
656,34611,20069,Reyansh Bhatia,Reyansh Bhatia
679,34617,20073,A Sem,Aahana Sem
900,34622,20076,Luke Gaba,Luke Gaba
1353,34623,20077,U. Sachdeva,Unni Sachdeva
280,34627,20079,Rachit Mall,Rachit Mall
1039,34635,20082,W. Borra,Wazir Borra
283,34637,20083,Sai Mangal,Sai Mangal
1312,34638,20083,Aarnaw Rastogi,Aarnav Rastogi
1292,34641,20084,Ishwar Pall,Ishwar Pall
280,34642,20085,Rachit Mall,Rachit Mall
679,34643,20086,Aahana Sem,Aahana Sem
1361,34645,20088,Elijah Bhatt,Elijah Bhatt
1723,34648,20090,L. Sawhney,Leena Sawhney
667,34653,20091,Dew Bat,Dev Bath
1652,34655,20092,Faqid Babu,Faqid Babu
1278,34663,20097,E. Dugal,Ekanta Dugal
413,34665,20099,Sathvik Dubey,Sathvik Dubey
1009,34671,20103,Q Dutt,Qabil Dutt
587,34672,20103,O. Sagar,Oeshi Sagar
137,34675,20105,Indrajit Shetty,Indrajit Shetty
127,34677,20107,Rushil Chaudhari,Rushil Chaudhari
459,34681,20109,Warjas Tara,Warjas Tara
358,34682,20109,Ethan Kaur,Ethan Kaur
584,34685,20112,H Thakur,Harsh Thakur
1668,34690,20115,V. Bora,Vincent Bora
356,34691,20115,C Jani,Chandresh Jani
966,34694,20117,Ekaraj Sundaram,Ekaraj Sundaram
636,34696,20117,Michael Raj,Michael Raj
966,34697,20118,Ekaraj Sundaram,Ekaraj Sundaram
397,34698,20118,Sai Karpe,Sai Karpe
250,34699,20119,J. Samra,Jonathan Samra
741,34700,20119,W. Munshi,Watika Munshi
151,34701,20120,W Kant,Wahab Kant
317,34704,20121,A. Rege,Ansh Rege
243,34708,20123,A. Murty,Aditya Murty
356,34709,20123,C. Jani,Chandresh Jani
1200,34712,20125,Nites Sankar,Nitesh Sankar
279,34716,20126,Indali Mane,Indali Mane
1258,34727,20132,A. Khatri,Advaith Khatri
6,34729,20133,George Mahal,George Mahal
1673,34732,20134,G Chana,Girish Chana
1677,34733,20135,Chatura Deo,Chatura Deo
127,34734,20135,Rushil Chaudhari,Rushil Chaudhari
741,34738,20137,W. Munshi,Watika Munshi
1187,34743,20141,Maanas Varty,Maanas Varty
587,34745,20141,Oesi Sagar,Oeshi Sagar
1423,34746,20141,Iswar Parek,Ishwar Parekh
1510,34749,20143,Daksh Yadav,Daksh Yadav
636,34750,20143,Michael Raj,Michael Raj
741,34752,20144,Watika Munshi,Watika Munshi
519,34759,20146,Ekavir Goel,Ekavir Goel
75,34761,20148,E Bandi,Ekapad Bandi
1515,34765,20150,O Bath,Oviya Bath
127,34767,20151,R Chaudhari,Rushil Chaudhari
1616,34769,20152,T Kulkarni,Tarak Kulkarni
1673,34770,20153,Girish Chana,Girish Chana
535,34771,20154,Pranil Edwin,Praneel Edwin
127,34774,20156,Rushil Chaudhari,Rushil Chaudhari
204,34776,20156,Dalbir Kata,Dalbir Kata
107,34777,20157,Daksa Sekon,Daksha Sekhon
453,34784,20159,Pranaw Rana,Pranav Rana
189,34785,20159,E Aurora,Ekbal Aurora
1144,34787,20159,Part Sinha,Parth Sinha
1076,34790,20162,A Puri,Ansh Puri
6,34791,20162,George Mahal,George Mahal
459,34793,20164,Warjas Tara,Warjas Tara
358,34794,20164,Etan Kaur,Ethan Kaur
1560,34795,20165,U. Brahmbhatt,Utkarsh Brahmbhatt
544,34806,20173,Rudra Chakrabarti,Rudra Chakrabarti
1303,34812,20176,Laks Mohan,Laksh Mohan
1086,34814,20178,Hardik Solanki,Hardik Solanki
1596,34816,20179,Awi Boase,Avi Boase
76,34817,20180,Ekapad Sarna,Ekapad Sarna
1258,34819,20180,Advaith Khatri,Advaith Khatri
636,34820,20180,M. Raj,Michael Raj
1166,34821,20181,Farhan Saraf,Farhan Saraf
1055,34825,20182,T. Lall,Timothy Lall
710,34828,20184,Anay Keer,Anay Keer
76,34829,20185,Ekapad Sarna,Ekapad Sarna
20,34830,20185,Reyansh Ganguly,Reyansh Ganguly
1076,34831,20185,Ans Puri,Ansh Puri
1534,34832,20186,A Murthy,Aadi Murthy
1149,34836,20189,R Subramaniam,Ronith Subramaniam
1139,34839,20190,Zayan Yohannan,Zayan Yohannan
741,34840,20191,Watika Munshi,Watika Munshi
151,34842,20192,Wahab Kant,Wahab Kant
1385,34844,20193,R. Madan,Ranbir Madan
1258,34848,20195,Advaith Khatri,Advaith Khatri
279,34852,20197,Indali Mane,Indali Mane
376,34853,20198,Vyanjana Kapur,Vyanjana Kapur
243,34855,20198,A Murty,Aditya Murty
1458,34857,20200,B Tiwari,Baljiwan Tiwari
1055,34861,20202,Timoty Lall,Timothy Lall
1137,34864,20205,Yash Narasimhan,Yash Narasimhan
1316,34866,20205,Zaid Srivastava,Zaid Srivastava
1668,34867,20205,V Bora,Vincent Bora
1316,34868,20206,Zaid Srivastava,Zaid Srivastava
1278,34875,20209,Ekanta Dugal,Ekanta Dugal
1316,34883,20214,Z Srivastava,Zaid Srivastava
464,34887,20216,G. Rattan,Gavin Rattan
741,34889,20217,Watika Munsi,Watika Munshi
865,34892,20219,G. Arora,Gaurangi Arora
1091,34895,20221,A. Chadha,Ansh Chadha
1795,34898,20223,Lavanya Datta,Lavanya Datta
1673,34899,20224,G. Chana,Girish Chana
317,34904,20228,A. Rege,Ansh Rege
317,34907,20229,A. Rege,Ansh Rege
1579,34912,20232,A Patla,Azaan Patla
358,34916,20235,E. Kaur,Ethan Kaur
151,34918,20236,Wahab Kant,Wahab Kant
356,34924,20240,Chandres Jani,Chandresh Jani
865,34929,20243,Gaurangi Arora,Gaurangi Arora
459,34932,20245,Warjas Tara,Warjas Tara
1200,34935,20247,N. Sankar,Nitesh Sankar
1211,34936,20248,Bahadurjit Majumdar,Bahadurjit Majumdar
356,34946,20256,C Jani,Chandresh Jani
541,34947,20257,E Chhabra,Ekapad Chhabra
1510,34949,20258,Daks Yadaw,Daksh Yadav
1316,34953,20260,Zaid Srivastava,Zaid Srivastava
127,34964,20267,Rusil Chaudhari,Rushil Chaudhari
587,34970,20269,Oeshi Sagar,Oeshi Sagar
562,34971,20269,Liam Sampath,Liam Sampath
1278,34979,20273,Ekanta Dugal,Ekanta Dugal
40,34980,20273,Henry Pall,Henry Pall
293,34981,20274,Rachit Lad,Rachit Lad
1200,34984,20275,Nitesh Sankar,Nitesh Sankar
1316,34986,20277,Z Srivastava,Zaid Srivastava
710,34989,20278,Anay Kir,Anay Keer
1258,34991,20280,Advait katri,Advaith Khatri
802,34992,20280,Pranit Swamy,Pranit Swamy
1560,34997,20284,U. Brahmbhatt,Utkarsh Brahmbhatt
6,34998,20284,G. Mahal,George Mahal
204,35002,20286,Dalbir Kata,Dalbir Kata
875,35004,20287,N Apte,Nitara Apte
1516,35005,20288,Jatin Diwan,Jatin Divan
151,35006,20288,Wahab Kant,Wahab Kant
1510,35012,20291,D Yadav,Daksh Yadav
1188,35013,20291,E. Mahal,Ekansh Mahal
913,35014,20292,P. Borra,Praneel Borra
40,35019,20296,Henry Pall,Henry Pall
279,35025,20300,Indali Mane,Indali Mane
1200,35027,20301,N. Sankar,Nitesh Sankar
453,35028,20302,P Rana,Pranav Rana
1211,35030,20304,Bahadurjit Majumdar,Bahadurjit Majumdar
993,35031,20305,Reyansh Tiwari,Reyansh Tiwari
710,35036,20308,A. Keer,Anay Keer
464,35037,20309,Gavin Rattan,Gavin Rattan
1764,35040,20310,W. Saraf,Wridesh Saraf
280,35041,20311,R. Mall,Rachit Mall
157,35045,20312,Libni Mahal,Libni Mahal
966,35047,20313,Ekaraj Sundaram,Ekaraj Sundaram
541,35050,20315,Ekapad Chhabra,Ekapad Chhabra
585,35051,20315,Jack Chada,Jack Chada
710,35052,20316,Anay Keer,Anay Keer
498,35053,20317,Gautam Bhakta,Gautam Bhakta
1258,35054,20318,Adwaith katri,Advaith Khatri
75,35058,20320,E Bandi,Ekapad Bandi
212,35059,20320,Qushi Dass,Qushi Dass
966,35064,20322,Ekaraj Sundaram,Ekaraj Sundaram
828,35065,20323,N. Pandya,Nakul Pandya
566,35070,20326,A Ravel,Arjun Ravel
1091,35071,20327,Ans Chadha,Ansh Chadha
911,35072,20327,Thomas Gera,Thomas Gera
1584,35075,20328,Advay Om,Advay Om
151,35076,20329,W Kant,Wahab Kant
459,35079,20330,W. Tara,Warjas Tara
585,35081,20332,Jack Chada,Jack Chada
1200,35090,20340,Nitesh Sankar,Nitesh Sankar
1118,35094,20343,H Divan,Hemang Divan
46,35097,20345,Udant Raja,Udant Raja
741,35101,20348,W Munshi,Watika Munshi
710,35105,20349,A Keer,Anay Keer
736,35111,20353,Siddhart Rama,Siddharth Rama
636,35112,20354,Michael Raj,Michael Raj
875,35118,20356,N Apte,Nitara Apte
636,35125,20358,M. Raj,Michael Raj
376,35127,20360,wyanjana Kapur,Vyanjana Kapur
1795,35129,20361,Lavanya Datta,Lavanya Datta
157,35132,20362,L Mahal,Libni Mahal
1516,35138,20365,J Divan,Jatin Divan
1316,35142,20367,Zaid Srivastava,Zaid Srivastava
1596,35143,20367,A. Boase,Avi Boase
1458,35146,20368,Baljiwan Tiwari,Baljiwan Tiwari
44,35147,20368,A. Patil,Anmol Patil
75,35149,20370,E Bandi,Ekapad Bandi
1076,35152,20372,A. Puri,Ansh Puri
1458,35153,20373,Baljiwan Tiwari,Baljiwan Tiwari
1212,35156,20375,H. Joshi,Harita Joshi
317,35157,20375,Ansh Rege,Ansh Rege
1076,35160,20376,Ans Puri,Ansh Puri
1076,35165,20378,A. Puri,Ansh Puri
376,35167,20379,wyanjana Kapur,Vyanjana Kapur
1139,35168,20379,Zayan Yohannan,Zayan Yohannan
1464,35177,20383,Warinder Gill,Warinder Gill
1795,35183,20386,L. Datta,Lavanya Datta
1534,35187,20389,A. Murthy,Aadi Murthy
1464,35188,20390,Warinder Gill,Warinder Gill
1516,35190,20391,J Divan,Jatin Divan
1510,35196,20393,Daksh Yadav,Daksh Yadav
710,35203,20396,Anay Keer,Anay Keer
1567,35205,20398,Z. Chad,Zehaan Chad
535,35210,20403,Praneel Edwin,Praneel Edwin
1744,35213,20404,Robert Randhawa,Robert Randhawa
1139,35215,20406,Zayan Yohannan,Zayan Yohannan
1795,35216,20407,L Datta,Lavanya Datta
445,35221,20410,V. Wali,Vyanjana Wali
317,35222,20410,A. Rege,Ansh Rege
442,35223,20411,Gopal Johal,Gopal Johal
1795,35228,20416,Lavanya Datta,Lavanya Datta
204,35230,20417,Dalbir Kata,Dalbir Kata
137,35232,20417,Indrajit Shetty,Indrajit Shetty
1139,35239,20420,Zayan Yohannan,Zayan Yohannan
535,35242,20422,P Edwin,Praneel Edwin
1423,35245,20424,Iswar Parek,Ishwar Parekh
1746,35247,20425,P. Ratta,Praneel Ratta
535,35249,20425,Praneel Edwin,Praneel Edwin
871,35250,20426,F. Seth,Finn Seth
3,35252,20427,W Divan,Wriddhish Divan
6,35255,20430,George Mahal,George Mahal
76,35256,20431,Ekapad Sarna,Ekapad Sarna
40,35257,20432,H Pall,Henry Pall
1139,35259,20434,Zayan Yohannan,Zayan Yohannan
1188,35260,20435,E Mahal,Ekansh Mahal
1278,35262,20436,Ekanta Dugal,Ekanta Dugal
1534,35263,20436,Aadi Murthy,Aadi Murthy
6,35269,20439,G Mahal,George Mahal
1200,35274,20443,N Sankar,Nitesh Sankar
279,35276,20445,Indali Mane,Indali Mane
585,35279,20447,Jack Chada,Jack Chada
1513,35282,20449,H Chander,Hitesh Chander
279,35283,20450,Indali Mane,Indali Mane
1316,35290,20455,Zaid Srivastava,Zaid Srivastava
76,35296,20460,Ekapad Sarna,Ekapad Sarna
1149,35302,20464,R Subramaniam,Ronith Subramaniam
1187,35304,20466,M. Varty,Maanas Varty
356,35305,20466,Chandresh Jani,Chandresh Jani
966,35307,20466,Ekaraj Sundaram,Ekaraj Sundaram
1560,35311,20469,Utkars Brahmbhatt,Utkarsh Brahmbhatt
1187,35318,20473,Maanas Varty,Maanas Varty
1258,35324,20477,Advaith Khatri,Advaith Khatri
1278,35329,20480,Ekanta Dugal,Ekanta Dugal
1055,35330,20481,Timothy Lall,Timothy Lall
151,35333,20482,W. Kant,Wahab Kant
157,35334,20482,Libni Mahal,Libni Mahal
1200,35336,20483,Nites Sankar,Nitesh Sankar
1560,35339,20486,U Brahmbhatt,Utkarsh Brahmbhatt
1722,35341,20487,T. Raghavan,Tanveer Raghavan
464,35346,20488,Gavin Rattan,Gavin Rattan
1139,35349,20490,Zayan Yohannan,Zayan Yohannan
375,35350,20491,Tanis Diwan,Tanish Divan
151,35351,20492,Wahab Kant,Wahab Kant
1734,35353,20494,H. Bhavsar,Harshil Bhavsar
1200,35354,20494,Nitesh Sankar,Nitesh Sankar
1149,35355,20494,Ronit Subramaniam,Ronith Subramaniam
151,35357,20495,Wahab Kant,Wahab Kant
76,35358,20496,Ekapad Sarna,Ekapad Sarna
1458,35363,20499,Baljiwan Tiwari,Baljiwan Tiwari
1673,35364,20499,Girish Chana,Girish Chana
204,35367,20500,D. Kata,Dalbir Kata
710,35376,20504,Anay Keer,Anay Keer
1560,35378,20506,Utkarsh Brahmbhatt,Utkarsh Brahmbhatt
476,35379,20507,Nathaniel Mutti,Nathaniel Mutti
212,35381,20508,Qushi Dass,Qushi Dass
1187,35393,20516,M Varty,Maanas Varty
808,35395,20517,Nachiket Bhalla,Nachiket Bhalla
46,35398,20518,U Raja,Udant Raja
1012,35399,20518,Gautam Kir,Gautam Keer
1211,35402,20520,Bahadurjit Majumdar,Bahadurjit Majumdar
1316,35403,20521,Zaid Srivastava,Zaid Srivastava
1166,35404,20522,F. Saraf,Farhan Saraf
279,35407,20524,I. Mane,Indali Mane
535,35411,20527,Pranil Edwin,Praneel Edwin
1286,35415,20528,L. Patil,Lucky Patil
1631,35419,20531,E. Sastry,Ekavir Sastry
375,35426,20534,Tanish Divan,Tanish Divan
1091,35427,20535,Ans Chadha,Ansh Chadha
636,35429,20537,M. Raj,Michael Raj
517,35431,20538,D Dey,Daniel Dey
1516,35434,20540,J. Divan,Jatin Divan
311,35438,20542,K Virk,Kabir Virk
1516,35440,20543,Jatin Divan,Jatin Divan
1510,35445,20545,D Yadav,Daksh Yadav
1316,35447,20546,Zaid Srivastava,Zaid Srivastava
1139,35448,20547,Z Yohannan,Zayan Yohannan
1227,35449,20547,Amol Andra,Amol Andra
966,35450,20548,Ekaraj Sundaram,Ekaraj Sundaram
1795,35453,20549,L. Datta,Lavanya Datta
358,35454,20549,E. Kaur,Ethan Kaur
710,35455,20549,Anay Keer,Anay Keer
127,35458,20550,Rushil Chaudhari,Rushil Chaudhari
865,35461,20551,Gaurangi Arora,Gaurangi Arora
1716,35462,20552,E Bhat,Eesha Bhat
358,35474,20562,E Kaur,Ethan Kaur
1744,35475,20562,Robert Randhawa,Robert Randhawa
1076,35477,20563,Ansh Puri,Ansh Puri
1091,35479,20564,Ansh Chadha,Ansh Chadha
1055,35485,20567,Timoty Lall,Timothy Lall
1166,35487,20568,Farhan Saraf,Farhan Saraf
137,35491,20570,Indrajit Shetty,Indrajit Shetty
1409,35493,20572,Z Ganguly,Zayan Ganguly
585,35495,20573,J Chada,Jack Chada
1211,35500,20576,Bahadurjit Majumdar,Bahadurjit Majumdar
1516,35501,20576,Jatin Divan,Jatin Divan
1232,35502,20576,Umang Ahluwalia,Umang Ahluwalia
1516,35509,20582,Jatin Divan,Jatin Divan
900,35517,20586,L Gaba,Luke Gaba
151,35519,20586,Wahab Kant,Wahab Kant
1567,35520,20586,Zehaan Chad,Zehaan Chad
587,35521,20587,O. Sagar,Oeshi Sagar
40,35524,20589,Henry Pall,Henry Pall
1579,35528,20592,Azaan Patla,Azaan Patla
137,35533,20594,Indrajit Shetty,Indrajit Shetty
1464,35537,20595,W. Gill,Warinder Gill
1207,35540,20597,C Sangha,Chandran Sangha
1200,35541,20598,Nitesh Sankar,Nitesh Sankar
1258,35543,20599,A. Khatri,Advaith Khatri
375,35544,20599,T Divan,Tanish Divan
1055,35546,20599,Timothy Lall,Timothy Lall
535,35549,20600,P Edwin,Praneel Edwin
1316,35550,20601,Zaid Srivastava,Zaid Srivastava
541,35553,20602,Ekapad Chhabra,Ekapad Chhabra
279,35554,20603,I Mane,Indali Mane
1464,35557,20603,Warinder Gill,Warinder Gill
535,35558,20604,P. Edwin,Praneel Edwin
40,35559,20605,Henry Pall,Henry Pall
587,35565,20609,O Sagar,Oeshi Sagar
376,35566,20610,Vyanjana Kapur,Vyanjana Kapur
356,35567,20610,C Jani,Chandresh Jani
1596,35573,20613,A Boase,Avi Boase
1464,35576,20616,Warinder Gill,Warinder Gill
795,35581,20620,Max Chandra,Max Chandra
243,35583,20621,Aditya Murty,Aditya Murty
535,35588,20622,Praneel Edwin,Praneel Edwin
1534,35589,20622,A. Murthy,Aadi Murthy
137,35590,20623,I. Shetty,Indrajit Shetty
376,35593,20625,Vyanjana Kapur,Vyanjana Kapur
137,35598,20627,Indrajit Shetty,Indrajit Shetty
75,35602,20629,Ekapad Bandi,Ekapad Bandi
1586,35603,20629,Yashvi Varkey,Yashvi Varkey
1346,35604,20630,W. Morar,William Morar
1516,35609,20631,J. Divan,Jatin Divan
1278,35610,20632,Ekanta Dugal,Ekanta Dugal
1464,35624,20637,Warinder Gill,Warinder Gill
587,35639,20648,Oeshi Sagar,Oeshi Sagar
317,35647,20652,Ans Rege,Ansh Rege
1184,35650,20653,L Jhaveri,Logan Jhaveri
1187,35656,20656,Maanas Varty,Maanas Varty
1527,35658,20657,S. Keer,Shaurya Keer
1668,35660,20658,V. Bora,Vincent Bora
75,35663,20661,Ekapad Bandi,Ekapad Bandi
1166,35666,20663,Farhan Saraf,Farhan Saraf
243,35669,20665,A. Murty,Aditya Murty
1616,35671,20667,T. Kulkarni,Tarak Kulkarni
623,35675,20670,Tejas Kala,Tejas Kala
975,35677,20670,B. Halder,Banjeet Halder
1463,35682,20673,Januja Sur,Januja Sur
212,35684,20674,Qushi Dass,Qushi Dass
1278,35685,20675,Ekanta Dugal,Ekanta Dugal
157,35689,20677,L. Mahal,Libni Mahal
279,35694,20679,I Mane,Indali Mane
1149,35696,20680,R. Subramaniam,Ronith Subramaniam
636,35697,20681,M. Raj,Michael Raj
1166,35699,20683,Farhan Saraf,Farhan Saraf
75,35700,20684,Ekapad Bandi,Ekapad Bandi
356,35701,20685,C. Jani,Chandresh Jani
865,35702,20686,G. Arora,Gaurangi Arora
1076,35703,20687,Ans Puri,Ansh Puri
1534,35704,20688,Aadi Murthy,Aadi Murthy
1076,35707,20689,Ansh Puri,Ansh Puri
856,35708,20689,C Kala,Chanchal Kala
1055,35711,20690,T. Lall,Timothy Lall
204,35715,20692,D Kata,Dalbir Kata
1458,35719,20693,Baljiwan Tiwari,Baljiwan Tiwari
1316,35720,20694,Zaid Srivastava,Zaid Srivastava
1316,35721,20695,Zayd Sriwastava,Zaid Srivastava
1187,35724,20696,M Varty,Maanas Varty
655,35729,20698,A Mannan,Abdul Mannan
1534,35742,20705,Aadi Murthy,Aadi Murthy
263,35743,20706,sivansh Bayns,Shivansh Bains
375,35745,20706,T Divan,Tanish Divan
157,35747,20707,L. Mahal,Libni Mahal
204,35751,20709,D Kata,Dalbir Kata
75,35754,20711,Ekapad Bandi,Ekapad Bandi
1631,35755,20712,E. Sastry,Ekavir Sastry
1567,35756,20713,Zehaan Chad,Zehaan Chad
875,35760,20716,Nitara Apte,Nitara Apte
60,35765,20717,A. Lala,Atharv Lala
1560,35766,20717,Utkarsh Brahmbhatt,Utkarsh Brahmbhatt
127,35767,20718,R. Chaudhari,Rushil Chaudhari
1534,35768,20718,A. Murthy,Aadi Murthy
279,35769,20718,I Mane,Indali Mane
1744,35775,20723,Robert Randhawa,Robert Randhawa
137,35776,20723,I Shetty,Indrajit Shetty
212,35777,20724,Qusi Dass,Qushi Dass
151,35780,20726,Wahab Kant,Wahab Kant
1560,35794,20732,Utkars Brahmbhatt,Utkarsh Brahmbhatt
1025,35796,20734,A. Kashyap,Aditya Kashyap
1278,35799,20737,E Dugal,Ekanta Dugal
204,35801,20737,D Kata,Dalbir Kata
137,35802,20737,I. Shetty,Indrajit Shetty
903,35809,20742,Daniel Kalla,Daniel Kalla
1076,35810,20742,Ansh Puri,Ansh Puri
1396,35812,20744,Ojas Patla,Ojas Patla
966,35818,20748,Ekaraj Sundaram,Ekaraj Sundaram
46,35820,20750,Udant Raja,Udant Raja
1673,35825,20754,Girish Chana,Girish Chana
212,35827,20756,Qusi Dass,Qushi Dass
1200,35828,20756,N. Sankar,Nitesh Sankar
204,35830,20757,D Kata,Dalbir Kata
459,35831,20758,Warjas Tara,Warjas Tara
279,35832,20759,Indali Mane,Indali Mane
1744,35833,20760,Robert Randhawa,Robert Randhawa
375,35834,20761,Tanis Diwan,Tanish Divan
298,35835,20761,B Dey,Brijesh Dey
1177,35836,20761,S. Din,Samarth Din
157,35839,20762,Libni Mahal,Libni Mahal
1668,35846,20766,Vincent Bora,Vincent Bora
1458,35850,20770,Baljiwan Tiwari,Baljiwan Tiwari
1278,35854,20773,E Dugal,Ekanta Dugal
453,35855,20774,Pranav Rana,Pranav Rana
841,35858,20774,Hamsini Dayal,Hamsini Dayal
1567,35862,20776,Zehaan Chad,Zehaan Chad
1139,35863,20777,Z Yohannan,Zayan Yohannan
1513,35864,20778,Hitesh Chander,Hitesh Chander
1259,35868,20781,Noah Mall,Noah Mall
75,35871,20783,E. Bandi,Ekapad Bandi
1283,35874,20784,A. Majumdar,Abhiram Majumdar
1091,35877,20785,Ansh Chadha,Ansh Chadha
1211,35879,20786,Bahadurjit Majumdar,Bahadurjit Majumdar
1091,35883,20789,Ansh Chadha,Ansh Chadha
356,35888,20792,C. Jani,Chandresh Jani
1316,35890,20794,Zaid Srivastava,Zaid Srivastava
865,35893,20797,Gaurangi Arora,Gaurangi Arora
1227,35894,20797,A. Andra,Amol Andra
1510,35899,20800,D Yadav,Daksh Yadav
40,35903,20802,H. Pall,Henry Pall
75,35906,20804,Ekapad Bandi,Ekapad Bandi
1166,35911,20807,Farhan Saraf,Farhan Saraf
313,35912,20808,C Barman,Chakradhar Barman
1474,35916,20809,Fiyaz Natarajan,Fiyaz Natarajan
255,35923,20815,Finn Sur,Finn Sur
356,35926,20817,Chandresh Jani,Chandresh Jani
1534,35934,20825,A Murthy,Aadi Murthy
1316,35937,20827,Zaid Srivastava,Zaid Srivastava
28,35938,20827,N. Mishra,Neha Mishra
1076,35940,20828,Ansh Puri,Ansh Puri
869,35948,20831,A. Acharya,Anmol Acharya
1278,35949,20831,Ekanta Dugal,Ekanta Dugal
1513,35960,20839,Hitesh Chander,Hitesh Chander
76,35961,20840,Ekapad Sarna,Ekapad Sarna
375,35962,20841,T. Divan,Tanish Divan
40,35963,20841,Henry Pall,Henry Pall
1258,35966,20842,A Khatri,Advaith Khatri
1200,35968,20843,N Sankar,Nitesh Sankar
966,35970,20844,Ekaraj Sundaram,Ekaraj Sundaram
358,35971,20844,Ethan Kaur,Ethan Kaur
585,35975,20846,Jack Chada,Jack Chada
376,35981,20850,wyanjana Kapur,Vyanjana Kapur
1055,35983,20852,Timothy Lall,Timothy Lall
222,35987,20855,Ranbir Mishra,Ranbir Mishra
403,35991,20856,P. Sastry,Pavani Sastry
109,35998,20862,Anusa Magar,Anusha Magar
76,36004,20866,E Sarna,Ekapad Sarna
756,36006,20867,Anmol Sarkar,Anmol Sarkar
1149,36007,20867,Ronith Subramaniam,Ronith Subramaniam
1668,36008,20868,Vincent Bora,Vincent Bora
356,36011,20870,C. Jani,Chandresh Jani
137,36013,20871,I Shetty,Indrajit Shetty
75,36014,20872,Ekapad Bandi,Ekapad Bandi
1513,36017,20874,H. Chander,Hitesh Chander
317,36018,20874,A. Rege,Ansh Rege
585,36019,20875,Jack Chada,Jack Chada
1668,36020,20876,Vincent Bora,Vincent Bora
742,36021,20877,U. Shankar,Udarsh Shankar
541,36025,20880,Ekapad Chhabra,Ekapad Chhabra
1510,36026,20880,D. Yadav,Daksh Yadav
464,36027,20880,G Rattan,Gavin Rattan
157,36033,20883,L. Mahal,Libni Mahal
1596,36036,20886,Avi Boase,Avi Boase
795,36037,20886,M Chandra,Max Chandra
243,36038,20887,Aditya Murty,Aditya Murty
1091,36040,20889,Ans Chadha,Ansh Chadha
127,36052,20893,R Chaudhari,Rushil Chaudhari
1258,36054,20894,Advait katri,Advaith Khatri
1155,36055,20895,A Patel,Aarav Patel
243,36063,20901,A. Murty,Aditya Murty
931,36064,20902,Charles Ganesh,Charles Ganesh
1534,36068,20906,Aadi Murthy,Aadi Murthy
76,36070,20907,E Sarna,Ekapad Sarna
1149,36079,20913,R Subramaniam,Ronith Subramaniam
76,36081,20914,Ekapad Sarna,Ekapad Sarna
6,36092,20922,George Mahal,George Mahal
1579,36093,20923,A. Patla,Azaan Patla
585,36095,20925,Jack Chada,Jack Chada
1513,36097,20925,Hitesh Chander,Hitesh Chander
40,36098,20926,Henry Pall,Henry Pall
587,36099,20927,Oeshi Sagar,Oeshi Sagar
1513,36104,20930,Hites Chander,Hitesh Chander
375,36105,20930,T Divan,Tanish Divan
1616,36113,20936,Tarak Kulkarni,Tarak Kulkarni
356,36116,20938,C Jani,Chandresh Jani
1464,36117,20939,Warinder Gill,Warinder Gill
376,36120,20941,V. Kapur,Vyanjana Kapur
1423,36121,20941,Ishwar Parekh,Ishwar Parekh
583,36123,20941,Ranveer Chadha,Ranveer Chadha
1441,36124,20942,Harita Tripati,Harita Tripathi
1795,36130,20945,Lawanya Datta,Lavanya Datta
1516,36131,20946,J. Divan,Jatin Divan
1516,36135,20948,Jatin Divan,Jatin Divan
356,36139,20951,C. Jani,Chandresh Jani
137,36140,20951,I Shetty,Indrajit Shetty
151,36141,20952,Wahab Kant,Wahab Kant
607,36143,20953,Gauri kare,Gauri Khare
1224,36146,20955,Chanakya Sandal,Chanakya Sandal
1534,36148,20957,Aadi Murthy,Aadi Murthy
1260,36153,20960,Ishani Bhattacharyya,Ishani Bhattacharyya
386,36156,20961,Harrison Goel,Harrison Goel
654,36157,20961,W Sekhon,Wyatt Sekhon
1076,36159,20961,A. Puri,Ansh Puri
1384,36160,20962,Faraj Atwal,Faraj Atwal
6,36163,20964,G Mahal,George Mahal
105,36167,20966,Jagdish Baral,Jagdish Baral
636,36169,20966,Michael Raj,Michael Raj
636,36170,20966,Michael Raj,Michael Raj
264,36171,20967,Gunit Aurora,Guneet Aurora
157,36172,20968,L Mahal,Libni Mahal
1516,36179,20972,J. Divan,Jatin Divan
6,36181,20973,George Mahal,George Mahal
1510,36186,20977,Daksh Yadav,Daksh Yadav
1557,36188,20979,Anirudh Shukla,Anirudh Shukla
741,36189,20980,Watika Munsi,Watika Munshi
356,36193,20982,C Jani,Chandresh Jani
875,36194,20982,Nitara Apte,Nitara Apte
1513,36198,20986,H. Chander,Hitesh Chander
1149,36199,20987,R. Subramaniam,Ronith Subramaniam
376,36200,20987,Vyanjana Kapur,Vyanjana Kapur
1188,36202,20989,Ekans Mahal,Ekansh Mahal
741,36205,20990,W Munshi,Watika Munshi
40,36206,20991,Henry Pall,Henry Pall
966,36207,20992,E Sundaram,Ekaraj Sundaram
1091,36214,20996,Ans Chadha,Ansh Chadha
1187,36215,20997,M Varty,Maanas Varty
585,36218,20999,Jack Chada,Jack Chada
1579,36222,21003,Azaan Patla,Azaan Patla
795,36225,21005,Max Chandra,Max Chandra
1055,36228,21007,Timothy Lall,Timothy Lall
151,36237,21013,Wahab Kant,Wahab Kant
1200,36240,21015,N. Sankar,Nitesh Sankar
1517,36245,21017,K Jaggi,Kamya Jaggi
535,36249,21019,P Edwin,Praneel Edwin
459,36251,21021,Warjas Tara,Warjas Tara
1776,36254,21023,Manan Ranganathan,Manan Ranganathan
204,36255,21023,Dalbir Kata,Dalbir Kata
1076,36264,21029,Ansh Puri,Ansh Puri
741,36266,21030,Watika Munsi,Watika Munshi
1076,36268,21031,A Puri,Ansh Puri
1458,36269,21031,Baljiwan Tiwari,Baljiwan Tiwari
137,36270,21032,Indrajit Shetty,Indrajit Shetty
151,36273,21033,W Kant,Wahab Kant
1286,36274,21034,Lucky Patil,Lucky Patil
875,36275,21035,Nitara Apte,Nitara Apte
424,36277,21037,R. Dave,Ryan Dave
358,36278,21038,E. Kaur,Ethan Kaur
356,36279,21039,Chandres Jani,Chandresh Jani
1166,36283,21041,Farhan Saraf,Farhan Saraf
1534,36287,21044,Aadi Murthy,Aadi Murthy
204,36290,21045,Dalbir Kata,Dalbir Kata
1731,36291,21045,Orinder Ramanatan,Orinder Ramanathan
1560,36295,21046,Utkarsh Brahmbhatt,Utkarsh Brahmbhatt
1054,36297,21048,Vidhi Arya,Vidhi Arya
1795,36306,21054,L Datta,Lavanya Datta
376,36308,21056,V. Kapur,Vyanjana Kapur
76,36314,21058,Ekapad Sarna,Ekapad Sarna
157,36319,21060,L. Mahal,Libni Mahal
1166,36326,21067,F Saraf,Farhan Saraf
865,36328,21067,G. Arora,Gaurangi Arora
1055,36332,21068,T. Lall,Timothy Lall
1567,36335,21070,Zehaan Chad,Zehaan Chad
48,36336,21071,Balvan Gaba,Balvan Gaba
741,36340,21074,W. Munshi,Watika Munshi
741,36341,21075,W Munshi,Watika Munshi
157,36346,21079,Libni Mahal,Libni Mahal
1458,36352,21082,B. Tiwari,Baljiwan Tiwari
317,36353,21083,A. Rege,Ansh Rege
865,36360,21086,Gaurangi Arora,Gaurangi Arora
1567,36366,21089,Z. Chad,Zehaan Chad
212,36374,21093,Qusi Dass,Qushi Dass
40,36375,21094,Henry Pall,Henry Pall
375,36376,21094,T Divan,Tanish Divan
141,36381,21096,R Walia,Raagini Walia
909,36384,21098,Xavier Seshadri,Xavier Seshadri
966,36385,21098,Ekaraj Sundaram,Ekaraj Sundaram
1744,36386,21098,Robert Randhawa,Robert Randhawa
317,36388,21099,Ans Rege,Ansh Rege
376,36395,21103,Vyanjana Kapur,Vyanjana Kapur
989,36403,21107,B. Ramesh,Balvan Ramesh
966,36404,21108,Ekaraj Sundaram,Ekaraj Sundaram
137,36409,21110,I. Shetty,Indrajit Shetty
43,36410,21110,H Solanki,Henry Solanki
151,36411,21111,W. Kant,Wahab Kant
157,36416,21115,Libni Mahal,Libni Mahal
1616,36418,21116,Tarak Kulkarni,Tarak Kulkarni
1278,36423,21119,Ekanta Dugal,Ekanta Dugal
1534,36424,21120,Aadi Murty,Aadi Murthy
1534,36425,21121,Aadi Murty,Aadi Murthy
1187,36428,21121,Maanas warty,Maanas Varty
741,36429,21122,W. Munshi,Watika Munshi
1076,36431,21124,Ans Puri,Ansh Puri
459,36433,21125,Warjas Tara,Warjas Tara
1579,36435,21127,Azaan Patla,Azaan Patla
1076,36437,21129,Ansh Puri,Ansh Puri
1516,36441,21132,Jatin Divan,Jatin Divan
204,36445,21134,Dalbir Kata,Dalbir Kata
1560,36448,21136,U Brahmbhatt,Utkarsh Brahmbhatt
1596,36450,21137,Awi Boase,Avi Boase
46,36454,21139,Udant Raja,Udant Raja
13,36460,21143,C Sidhu,Chanakya Sidhu
1550,36466,21147,Max Pant,Max Pant
376,36471,21149,V. Kapur,Vyanjana Kapur
1083,36476,21153,V. Majumdar,Victor Majumdar
741,36477,21154,W Munshi,Watika Munshi
875,36478,21154,Nitara Apte,Nitara Apte
710,36480,21155,Anay Kir,Anay Keer
636,36481,21155,M Raj,Michael Raj
375,36483,21156,Tanis Diwan,Tanish Divan
710,36485,21157,Anay Kir,Anay Keer
1633,36487,21157,Chakradew Hegde,Chakradev Hegde
1579,36488,21158,A. Patla,Azaan Patla
795,36492,21159,Max Chandra,Max Chandra
1149,36493,21160,R Subramaniam,Ronith Subramaniam
358,36496,21163,E Kaur,Ethan Kaur
1570,36498,21164,Michael Choudhary,Michael Choudhary
75,36500,21166,E. Bandi,Ekapad Bandi
1567,36506,21169,Zehaan Chad,Zehaan Chad
376,36507,21169,V Kapur,Vyanjana Kapur
1579,36508,21170,A Patla,Azaan Patla
1516,36510,21171,Jatin Divan,Jatin Divan
1368,36516,21176,Ubika Wason,Ubika Wason
1076,36517,21176,Ansh Puri,Ansh Puri
376,36521,21178,V. Kapur,Vyanjana Kapur
1278,36522,21179,Ekanta Dugal,Ekanta Dugal
1188,36524,21181,E Mahal,Ekansh Mahal
692,36525,21182,L Kanda,Lucky Kanda
1668,36536,21187,Vincent Bora,Vincent Bora
358,36537,21188,E Kaur,Ethan Kaur
1510,36539,21190,Daksh Yadav,Daksh Yadav
317,36544,21194,A Rege,Ansh Rege
541,36549,21197,Ekapad Chhabra,Ekapad Chhabra
459,36550,21197,W Tara,Warjas Tara
1166,36551,21198,F Saraf,Farhan Saraf
136,36553,21199,W Murty,Wridesh Murty
487,36556,21199,Chanakya Kara,Chanakya Kara
1455,36558,21200,B Batra,Bhavani Batra
6,36559,21200,G Mahal,George Mahal
1744,36562,21203,Robert Randhawa,Robert Randhawa
279,36567,21205,Indali Mane,Indali Mane
356,36577,21213,C Jani,Chandresh Jani
157,36578,21213,Libni Mahal,Libni Mahal
453,36582,21215,Pranaw Rana,Pranav Rana
1073,36585,21217,K Ramesh,Kiaan Ramesh
1795,36588,21219,Lavanya Datta,Lavanya Datta
1668,36589,21220,V. Bora,Vincent Bora
1295,36592,21222,Laban Tata,Laban Tata
1316,36593,21223,Z Srivastava,Zaid Srivastava
1398,36595,21225,M Balay,Madhav Balay
196,36600,21228,Finn Chadha,Finn Chadha
1187,36603,21229,Maanas warty,Maanas Varty
1596,36604,21229,Awi Boase,Avi Boase
741,36605,21230,Watika Munshi,Watika Munshi
475,36609,21234,Parth Nagarajan,Parth Nagarajan
1722,36616,21238,Tanveer Raghavan,Tanveer Raghavan
208,36617,21239,Aarnaw Kade,Aarnav Kade
1338,36618,21239,E. Loyal,Ekavir Loyal
129,36625,21245,Ansh Mahal,Ansh Mahal
1195,36629,21247,P Saha,Pratyush Saha
1696,36630,21247,Raghav Merchant,Raghav Merchant
1095,36637,21251,Max Babu,Max Babu
804,36639,21252,Daniel Bajaj,Daniel Bajaj
428,36640,21252,D. Krishna,Dominic Krishna
1195,36643,21254,Pratyush Saha,Pratyush Saha
1162,36644,21255,E Balan,Ekbal Balan
1208,36647,21256,Gaurav Ranganathan,Gaurav Ranganathan
373,36648,21256,Ikbal Bhatt,Ikbal Bhatt
1354,36649,21257,Hardik Borra,Hardik Borra
1247,36652,21258,Ryan Sayni,Ryan Saini
978,36655,21260,Advay Purohit,Advay Purohit
530,36656,21260,Reyans Oak,Reyansh Oak
1752,36657,21261,Nathaniel Mann,Nathaniel Mann
472,36658,21262,G Ben,Gabriel Ben
1559,36661,21263,Urmi Dugar,Urmi Dugar
1705,36663,21264,B. Dora,Bachittar Dora
1025,36664,21264,Aditya Kasyap,Aditya Kashyap
1722,36665,21265,Tanvir Raghawan,Tanveer Raghavan
760,36667,21265,Y. Garde,Yuvraj Garde
1340,36680,21273,Wahab Sridhar,Wahab Sridhar
1340,36690,21278,W. Sridhar,Wahab Sridhar
978,36692,21279,Advay Purohit,Advay Purohit
1095,36695,21280,M Babu,Max Babu
1743,36699,21282,O. Bala,Onveer Bala
1294,36700,21282,A Kamdar,Anthony Kamdar
700,36701,21283,G. Chaudhuri,George Chaudhuri
422,36708,21287,Laban Kota,Laban Kota
714,36713,21290,Nidhi Kale,Nidhi Kale
832,36714,21291,Aadhya Hans,Aadhya Hans
1340,36715,21292,W. Sridhar,Wahab Sridhar
478,36718,21293,Samaksh Mander,Samaksh Mander
340,36719,21293,Q Chandran,Qabil Chandran
1025,36721,21294,Aditya Kasyap,Aditya Kashyap
1174,36722,21295,H Sule,Hredhaan Sule
530,36723,21296,R Oak,Reyansh Oak
978,36724,21297,Advay Purohit,Advay Purohit
1340,36728,21299,Wahab Sridhar,Wahab Sridhar
1305,36733,21301,Tanveer Buch,Tanveer Buch
129,36735,21302,Ans Mahal,Ansh Mahal
208,36736,21302,Aarnaw Kade,Aarnav Kade
1375,36741,21305,J Nigam,Jasmit Nigam
1095,36743,21307,M. Babu,Max Babu
1338,36750,21309,Ekawir Loyal,Ekavir Loyal
1503,36752,21309,Raagini Raj,Raagini Raj
1592,36761,21315,Chatresh Acharya,Chatresh Acharya
854,36764,21317,C. Pai,Chaitanya Pai
373,36771,21319,Ikbal Bhatt,Ikbal Bhatt
1208,36772,21319,Gaurav Ranganathan,Gaurav Ranganathan
1338,36773,21320,E Loyal,Ekavir Loyal
1355,36774,21320,W Mann,Wridesh Mann
428,36776,21320,Dominic Krishna,Dominic Krishna
1001,36778,21321,Manthan Sarkar,Manthan Sarkar
714,36779,21322,Nidhi Kale,Nidhi Kale
208,36780,21322,A. Kade,Aarnav Kade
973,36787,21325,Laksit Gola,Lakshit Gola
1009,36788,21326,Qabil Dutt,Qabil Dutt
422,36792,21328,Laban Kota,Laban Kota
671,36793,21328,A. Desai,Aarini Desai
1427,36796,21329,Veer Das,Veer Das
1434,36803,21332,L. Narayanan,Laksh Narayanan
648,36805,21333,Max Konda,Max Konda
129,36808,21334,A Mahal,Ansh Mahal
988,36810,21335,Y. Talwar,Yahvi Talwar
1343,36813,21336,Liam Dugar,Liam Dugar
1503,36817,21338,Raagini Raj,Raagini Raj
1208,36818,21339,Gaurav Ranganathan,Gaurav Ranganathan
603,36824,21342,Xavier Venkataraman,Xavier Venkataraman
483,36828,21343,Ekapad Atwal,Ekapad Atwal
1280,36833,21346,Kai Narasimhan,Kai Narasimhan
216,36835,21346,L Bobal,Lekha Bobal
649,36838,21348,Agastya Gour,Agastya Gour
828,36845,21352,Nakul Pandya,Nakul Pandya
1339,36846,21352,S. Dass,Shivansh Dass
129,36848,21354,Ansh Mahal,Ansh Mahal
1025,36854,21359,Aditya Kashyap,Aditya Kashyap
84,36856,21360,J. Srivastava,Jackson Srivastava
428,36859,21361,D Krishna,Dominic Krishna
208,36862,21364,Aarnav Kade,Aarnav Kade
1503,36863,21365,R Raj,Raagini Raj
1597,36871,21370,Mitesh Mishra,Mitesh Mishra
1355,36872,21371,W. Mann,Wridesh Mann
1457,36874,21372,R. Mander,Rehaan Mander
1025,36878,21374,Aditya Kasyap,Aditya Kashyap
422,36879,21375,Laban Kota,Laban Kota
1722,36892,21386,Tanveer Raghavan,Tanveer Raghavan
1773,36894,21386,Ekbal Barad,Ekbal Barad
760,36896,21387,Yuvraj Garde,Yuvraj Garde
208,36899,21388,Aarnav Kade,Aarnav Kade
519,36903,21392,Ekavir Goel,Ekavir Goel
1391,36905,21393,Ranvir Gade,Ranveer Gade
1597,36909,21396,M Mishra,Mitesh Mishra
597,36910,21397,Kabir Chad,Kabir Chad
665,36911,21398,N Jani,Naksh Jani
649,36913,21399,A. Gour,Agastya Gour
530,36914,21399,Reyans Oak,Reyansh Oak
1174,36917,21401,Hredhaan Sule,Hredhaan Sule
1343,36919,21403,Liam Dugar,Liam Dugar
470,36924,21405,M. Raval,Manbir Raval
456,36935,21412,S Balay,Sanya Balay
624,36936,21413,Ladli Thakur,Ladli Thakur
1705,36939,21415,Bachittar Dora,Bachittar Dora
946,36940,21416,J Pal,Jackson Pal
1355,36942,21418,Wridesh Mann,Wridesh Mann
456,36943,21419,Sanya Balay,Sanya Balay
1095,36946,21421,Max Babu,Max Babu
428,36948,21422,Dominic Krishna,Dominic Krishna
1366,36956,21426,Chatresh Mukherjee,Chatresh Mukherjee
804,36957,21427,Daniel Bajaj,Daniel Bajaj
1359,36961,21428,A. Handa,Ayushman Handa
1294,36963,21429,Anthony Kamdar,Anthony Kamdar
714,36966,21430,Nidhi Kale,Nidhi Kale
1195,36974,21434,P. Saha,Pratyush Saha
1696,36977,21435,R Merchant,Raghav Merchant
1339,36979,21436,sivansh Dass,Shivansh Dass
422,36984,21439,Laban Kota,Laban Kota
1195,36985,21439,Pratyus Saha,Pratyush Saha
1355,36988,21440,W. Mann,Wridesh Mann
1340,36989,21440,Wahab Sridhar,Wahab Sridhar
1495,36991,21441,M Mannan,Maanas Mannan
1524,36993,21443,O. Wali,Onveer Wali
428,36994,21443,Dominic Krishna,Dominic Krishna
1339,36999,21447,Shiwansh Dass,Shivansh Dass
208,37002,21447,Aarnav Kade,Aarnav Kade
671,37003,21448,Aarini Desai,Aarini Desai
649,37005,21450,Agastya Gour,Agastya Gour
1414,37007,21451,Tristan sroff,Tristan Shroff
1179,37009,21453,R Ganguly,Radha Ganguly
1340,37014,21455,Wahab Sridhar,Wahab Sridhar
1195,37019,21458,Pratyush Saha,Pratyush Saha
208,37020,21459,A Kade,Aarnav Kade
481,37025,21462,Samar Kris,Samar Krish
1208,37028,21463,Gaurav Ranganathan,Gaurav Ranganathan
946,37029,21463,J. Pal,Jackson Pal
1366,37030,21463,C. Mukherjee,Chatresh Mukherjee
10,37033,21465,wincent warkey,Vincent Varkey
422,37034,21466,L Kota,Laban Kota
854,37035,21466,Chaytanya Pay,Chaitanya Pai
251,37038,21469,Harshil Sandal,Harshil Sandal
373,37039,21469,Ikbal Bhatt,Ikbal Bhatt
1434,37041,21471,Laksh Narayanan,Laksh Narayanan
760,37049,21475,Yuvraj Garde,Yuvraj Garde
1339,37055,21479,Shiwansh Dass,Shivansh Dass
1366,37063,21485,Chatresh Mukherjee,Chatresh Mukherjee
216,37067,21487,L. Bobal,Lekha Bobal
1414,37073,21490,T Shroff,Tristan Shroff
180,37080,21494,Wriddhis Rege,Wriddhish Rege
946,37085,21497,Jackson Pal,Jackson Pal
1296,37087,21498,E Lal,Ekbal Lal
649,37089,21499,Agastya Gour,Agastya Gour
1773,37092,21500,Ekbal Barad,Ekbal Barad
1280,37093,21500,K Narasimhan,Kai Narasimhan
1203,37094,21501,Vihaan Sur,Vihaan Sur
946,37103,21505,Jackson Pal,Jackson Pal
714,37105,21505,Nidhi Kale,Nidhi Kale
671,37107,21506,A. Desai,Aarini Desai
939,37111,21507,Andrew Som,Andrew Som
216,37112,21508,Lekha Bobal,Lekha Bobal
60,37115,21509,Atharw Lala,Atharv Lala
760,37119,21510,Y. Garde,Yuvraj Garde
373,37120,21510,Ikbal Bhatt,Ikbal Bhatt
973,37123,21511,Lakshit Gola,Lakshit Gola
1696,37125,21513,Raghav Merchant,Raghav Merchant
1362,37129,21515,C. Bhavsar,Caleb Bhavsar
1770,37130,21516,Gabriel Sankar,Gabriel Sankar
208,37131,21517,Aarnav Kade,Aarnav Kade
1068,37132,21518,Gaurav Badami,Gaurav Badami
1597,37135,21519,Mitesh Mishra,Mitesh Mishra
84,37136,21520,J Srivastava,Jackson Srivastava
1655,37140,21523,V Pau,Veda Pau
1130,37143,21526,Abdul Roy,Abdul Roy
595,37144,21526,Unnati Anne,Unnati Anne
1626,37149,21529,A. Sangha,Atharv Sangha
478,37152,21531,S Mander,Samaksh Mander
1597,37154,21532,Mitesh Mishra,Mitesh Mishra
1340,37156,21534,W. Sridhar,Wahab Sridhar
1484,37159,21536,Faris Balakrishnan,Faris Balakrishnan
1503,37164,21539,R. Raj,Raagini Raj
1391,37171,21543,Ranveer Gade,Ranveer Gade
530,37174,21545,Reyansh Oak,Reyansh Oak
1340,37178,21546,Wahab Sridhar,Wahab Sridhar
973,37180,21546,Laksit Gola,Lakshit Gola
422,37187,21551,L. Kota,Laban Kota
1640,37188,21552,Fitan wenkataraman,Fitan Venkataraman
1696,37190,21553,Raghaw Merchant,Raghav Merchant
804,37195,21557,D Bajaj,Daniel Bajaj
1162,37197,21558,Ekbal Balan,Ekbal Balan
594,37198,21558,B Chhabra,Bachittar Chhabra
28,37199,21559,N Mishra,Neha Mishra
1609,37202,21560,I. Shankar,Ira Shankar
939,37204,21561,A Som,Andrew Som
470,37207,21562,M. Raval,Manbir Raval
1391,37208,21562,Ranveer Gade,Ranveer Gade
129,37209,21562,A. Mahal,Ansh Mahal
1339,37210,21563,sivansh Dass,Shivansh Dass
1738,37212,21565,Aadi Ahuja,Aadi Ahuja
1338,37217,21568,E Loyal,Ekavir Loyal
1359,37221,21571,Ayusman Handa,Ayushman Handa
157,37224,21572,Libni Mahal,Libni Mahal
1129,37228,21575,Charles Sarraf,Charles Sarraf
1195,37234,21580,Pratyush Saha,Pratyush Saha
478,37237,21582,Samaksh Mander,Samaksh Mander
1798,37241,21585,Nitesh Agrawal,Nitesh Agrawal
1294,37244,21586,A Kamdar,Anthony Kamdar
107,37245,21587,Daksha Sekhon,Daksha Sekhon
1495,37249,21591,M. Mannan,Maanas Mannan
1339,37253,21594,Shivansh Dass,Shivansh Dass
603,37256,21595,X Venkataraman,Xavier Venkataraman
1339,37262,21599,S. Dass,Shivansh Dass
422,37266,21600,L Kota,Laban Kota
456,37268,21602,Sanya Balay,Sanya Balay
107,37270,21603,Daksa Sekon,Daksha Sekhon
443,37271,21604,Ekaraj Peri,Ekaraj Peri
1495,37272,21605,Maanas Mannan,Maanas Mannan
603,37276,21606,Xavier Venkataraman,Xavier Venkataraman
373,37278,21606,I Bhatt,Ikbal Bhatt
1610,37284,21608,F Varty,Faras Varty
70,37286,21608,Natan Gaba,Nathan Gaba
1195,37289,21610,Pratyush Saha,Pratyush Saha
129,37292,21612,A. Mahal,Ansh Mahal
1174,37295,21614,Hredhaan Sule,Hredhaan Sule
832,37296,21614,Aadhya Hans,Aadhya Hans
1001,37303,21620,Mantan Sarkar,Manthan Sarkar
828,37317,21628,Nakul Pandya,Nakul Pandya
1294,37319,21629,Anthony Kamdar,Anthony Kamdar
671,37320,21630,A Desai,Aarini Desai
978,37325,21632,Advay Purohit,Advay Purohit
973,37328,21633,Lakshit Gola,Lakshit Gola
649,37331,21634,Agastya Gour,Agastya Gour
1355,37332,21634,Wridesh Mann,Wridesh Mann
1722,37335,21637,Tanweer Raghawan,Tanveer Raghavan
1280,37338,21639,K Narasimhan,Kai Narasimhan
1705,37340,21639,B Dora,Bachittar Dora
714,37341,21640,Nidhi Kale,Nidhi Kale
1324,37345,21641,K. Sankaran,Kamala Sankaran
1340,37349,21645,Wahab Sridhar,Wahab Sridhar
1391,37351,21646,Ranveer Gade,Ranveer Gade
1414,37352,21647,Tristan Shroff,Tristan Shroff
1366,37353,21647,Chatres Mukherji,Chatresh Mukherjee
1294,37356,21649,Antony Kamdar,Anthony Kamdar
671,37358,21650,A Desai,Aarini Desai
591,37360,21651,F Bhavsar,Faras Bhavsar
1355,37361,21651,W. Mann,Wridesh Mann
1305,37362,21652,Tanveer Buch,Tanveer Buch
978,37363,21653,Adway Purohit,Advay Purohit
1670,37364,21654,Arin Krishnamurty,Arin Krishnamurthy
1280,37365,21655,Kay Narasimhan,Kai Narasimhan
107,37368,21657,Daksha Sekhon,Daksha Sekhon
1495,37370,21658,Maanas Mannan,Maanas Mannan
216,37375,21660,Lekha Bobal,Lekha Bobal
1495,37377,21661,Maanas Mannan,Maanas Mannan
1208,37382,21662,G Ranganathan,Gaurav Ranganathan
1610,37383,21662,Faras Varty,Faras Varty
1088,37385,21663,Gabriel Bal,Gabriel Bal
519,37389,21667,Ekavir Goel,Ekavir Goel
1255,37390,21667,Y Pau,Yatan Pau
1275,37392,21668,Raghaw Panchal,Raghav Panchal
832,37396,21671,A Hans,Aadhya Hans
428,37402,21675,D. Krishna,Dominic Krishna
804,37409,21678,Daniel Bajaj,Daniel Bajaj
20,37412,21681,Reyansh Ganguly,Reyansh Ganguly
973,37422,21684,Lakshit Gola,Lakshit Gola
978,37426,21687,Adway Purohit,Advay Purohit
1366,37431,21691,Chatresh Mukherjee,Chatresh Mukherjee
791,37434,21692,R Hora,Ronith Hora
760,37437,21694,Y. Garde,Yuvraj Garde
1195,37441,21695,Pratyush Saha,Pratyush Saha
1338,37442,21696,Ekawir Loyal,Ekavir Loyal
760,37443,21696,Y Garde,Yuvraj Garde
939,37446,21697,A Som,Andrew Som
1629,37447,21698,K Dayal,Kiaan Dayal
714,37448,21698,Nidhi Kale,Nidhi Kale
1738,37450,21698,A Ahuja,Aadi Ahuja
1704,37452,21699,O. Gokhale,Onveer Gokhale
208,37454,21701,Aarnav Kade,Aarnav Kade
1359,37455,21702,A. Handa,Ayushman Handa
1399,37460,21703,William Baria,William Baria
1414,37462,21703,Tristan Shroff,Tristan Shroff
1095,37464,21705,Max Babu,Max Babu
1305,37466,21705,Tanweer Buch,Tanveer Buch
237,37471,21708,Eesha Ramaswamy,Eesha Ramaswamy
1696,37472,21708,Raghaw Merchant,Raghav Merchant
1280,37475,21709,Kai Narasimhan,Kai Narasimhan
1738,37477,21710,Aadi Ahuja,Aadi Ahuja
1495,37482,21713,Maanas Mannan,Maanas Mannan
939,37486,21714,A Som,Andrew Som
1503,37487,21714,Raagini Raj,Raagini Raj
1704,37488,21715,Onveer Gokhale,Onveer Gokhale
1359,37489,21716,Ayusman Handa,Ayushman Handa
84,37495,21720,Jackson Srivastava,Jackson Srivastava
107,37501,21726,Daksha Sekhon,Daksha Sekhon
671,37504,21728,Aarini Desai,Aarini Desai
1592,37506,21728,Chatresh Acharya,Chatresh Acharya
974,37511,21732,Elijah Ramesh,Elijah Ramesh
1434,37513,21734,L Narayanan,Laksh Narayanan
1534,37516,21736,Aadi Murthy,Aadi Murthy
1280,37518,21737,Kai Narasimhan,Kai Narasimhan
456,37523,21739,Sanya Balay,Sanya Balay
1705,37526,21740,Bachittar Dora,Bachittar Dora
603,37528,21742,X. Venkataraman,Xavier Venkataraman
1294,37536,21748,Antony Kamdar,Anthony Kamdar
832,37537,21749,Aadhya Hans,Aadhya Hans
1208,37539,21750,G Ranganathan,Gaurav Ranganathan
478,37547,21754,Samaksh Mander,Samaksh Mander
1738,37550,21756,A Ahuja,Aadi Ahuja
603,37554,21760,Xavier Venkataraman,Xavier Venkataraman
1704,37555,21760,Onveer Gokhale,Onveer Gokhale
1786,37561,21764,Mohammed Sandhu,Mohammed Sandhu
1339,37563,21766,S. Dass,Shivansh Dass
714,37565,21767,Nidhi Kale,Nidhi Kale
216,37566,21767,L. Bobal,Lekha Bobal
216,37571,21770,L. Bobal,Lekha Bobal
1095,37573,21771,M Babu,Max Babu
1362,37585,21777,Caleb Bhavsar,Caleb Bhavsar
1503,37586,21778,Raagini Raj,Raagini Raj
1179,37587,21778,R. Ganguly,Radha Ganguly
1130,37589,21779,Abdul Roy,Abdul Roy
77,37590,21779,C. Kaul,Caleb Kaul
129,37594,21781,A. Mahal,Ansh Mahal
1705,37605,21788,B Dora,Bachittar Dora
649,37608,21790,Agastya Gour,Agastya Gour
946,37610,21791,Jackson Pal,Jackson Pal
1366,37611,21791,C. Mukherjee,Chatresh Mukherjee
1597,37612,21792,M Mishra,Mitesh Mishra
946,37618,21797,Jackson Pal,Jackson Pal
519,37622,21800,Ekawir Goel,Ekavir Goel
1359,37624,21802,Ayushman Handa,Ayushman Handa
1773,37626,21803,E. Barad,Ekbal Barad
1362,37628,21804,C. Bhavsar,Caleb Bhavsar
373,37631,21806,I Bhatt,Ikbal Bhatt
939,37633,21807,A Som,Andrew Som
1130,37635,21808,Abdul Roy,Abdul Roy
760,37638,21810,Yuvraj Garde,Yuvraj Garde
978,37639,21811,Advay Purohit,Advay Purohit
854,37640,21811,Chaytanya Pay,Chaitanya Pai
660,37642,21813,R. Dada,Rudra Dada
1773,37648,21817,E Barad,Ekbal Barad
1592,37652,21821,C Acharya,Chatresh Acharya
1312,37656,21825,Aarnav Rastogi,Aarnav Rastogi
1705,37657,21826,B Dora,Bachittar Dora
1366,37658,21826,C. Mukherjee,Chatresh Mukherjee
1766,37663,21830,Patrick Tiwari,Patrick Tiwari
1391,37666,21832,Ranveer Gade,Ranveer Gade
1414,37667,21833,Tristan Shroff,Tristan Shroff
1704,37668,21834,Onveer Gokhale,Onveer Gokhale
714,37669,21834,N. Kale,Nidhi Kale
847,37671,21835,Faqid Pillay,Faqid Pillai
1597,37673,21836,M Mishra,Mitesh Mishra
216,37676,21838,Lekha Bobal,Lekha Bobal
257,37677,21838,Charan Sud,Charan Sood
331,37679,21840,M Shankar,Mohammed Shankar
1162,37681,21842,Ekbal Balan,Ekbal Balan
1414,37683,21844,Tristan Shroff,Tristan Shroff
208,37684,21845,A. Kade,Aarnav Kade
1640,37688,21846,Fitan Venkataraman,Fitan Venkataraman
1362,37691,21848,C. Bhavsar,Caleb Bhavsar
1179,37694,21849,Radha Ganguly,Radha Ganguly
603,37698,21851,X Venkataraman,Xavier Venkataraman
1366,37699,21851,Chatresh Mukherjee,Chatresh Mukherjee
107,37704,21854,D Sekhon,Daksha Sekhon
603,37705,21854,Xavier Venkataraman,Xavier Venkataraman
1638,37707,21854,Vihaan Purohit,Vihaan Purohit
978,37708,21855,Advay Purohit,Advay Purohit
1193,37711,21858,Aarnav Maharaj,Aarnav Maharaj
1343,37714,21859,L Dugar,Liam Dugar
503,37724,21863,Gaurang Radhakrishnan,Gaurang Radhakrishnan
1195,37725,21864,Pratyush Saha,Pratyush Saha
1208,37726,21865,G Ranganathan,Gaurav Ranganathan
1344,37728,21866,W. Sur,Warinder Sur
649,37729,21866,Agastya Gour,Agastya Gour
1434,37731,21868,Laks Narayanan,Laksh Narayanan
1589,37733,21869,Anmol Parek,Anmol Parekh
1580,37734,21869,N Hora,Nakul Hora
1434,37735,21870,Laksh Narayanan,Laksh Narayanan
107,37737,21871,Daksha Sekhon,Daksha Sekhon
1738,37744,21874,A. Ahuja,Aadi Ahuja
470,37746,21875,Manbir Raval,Manbir Raval
1009,37753,21878,Qabil Dutt,Qabil Dutt
1503,37757,21881,R Raj,Raagini Raj
854,37758,21882,Chaytanya Pay,Chaitanya Pai
1166,37759,21882,F. Saraf,Farhan Saraf
649,37762,21884,A Gour,Agastya Gour
1597,37764,21885,Mitesh Mishra,Mitesh Mishra
717,37767,21886,C Apte,Chanchal Apte
1338,37771,21890,Ekavir Loyal,Ekavir Loyal
1704,37772,21890,Onveer Gokhale,Onveer Gokhale
129,37774,21892,Ansh Mahal,Ansh Mahal
939,37775,21893,A Som,Andrew Som
1340,37781,21896,W Sridhar,Wahab Sridhar
978,37783,21898,A Purohit,Advay Purohit
1025,37785,21899,A. Kashyap,Aditya Kashyap
1355,37786,21900,W Mann,Wridesh Mann
578,37787,21901,Qadim Nagi,Qadim Nagi
1095,37791,21904,M Babu,Max Babu
1355,37792,21905,Wrides Mann,Wridesh Mann
1174,37793,21906,H Sule,Hredhaan Sule
1195,37794,21906,P. Saha,Pratyush Saha
118,37801,21911,Siddharth Maharaj,Siddharth Maharaj
735,37806,21914,Januja Manda,Januja Manda
1645,37807,21915,Inaya Shanker,Inaya Shanker
804,37809,21916,Daniel Bajaj,Daniel Bajaj
873,37811,21917,Qusi Modi,Qushi Modi
1610,37816,21920,F. Varty,Faras Varty
671,37818,21921,A. Desai,Aarini Desai
939,37823,21923,Andrew Som,Andrew Som
1738,37824,21924,Aadi Ahuja,Aadi Ahuja
1338,37826,21925,Ekavir Loyal,Ekavir Loyal
1359,37827,21925,Ayusman Handa,Ayushman Handa
1414,37835,21930,T. Shroff,Tristan Shroff
794,37837,21932,J. Kakar,Jackson Kakar
1294,37838,21932,A Kamdar,Anthony Kamdar
603,37843,21934,Xavier Venkataraman,Xavier Venkataraman
1434,37844,21935,Laksh Narayanan,Laksh Narayanan
1495,37847,21936,Maanas Mannan,Maanas Mannan
1095,37851,21937,M. Babu,Max Babu
1738,37853,21938,Aadi Ahuja,Aadi Ahuja
422,37854,21939,Laban Kota,Laban Kota
1597,37858,21941,M Mishra,Mitesh Mishra
1208,37862,21944,G Ranganathan,Gaurav Ranganathan
129,37865,21945,A. Mahal,Ansh Mahal
1062,37868,21947,Anmol Solanki,Anmol Solanki
1495,37871,21948,M Mannan,Maanas Mannan
1162,37872,21949,E. Balan,Ekbal Balan
832,37873,21950,A Hans,Aadhya Hans
978,37877,21953,Advay Purohit,Advay Purohit
428,37880,21954,D Krishna,Dominic Krishna
613,37888,21959,H Shere,Harini Shere
422,37895,21964,L. Kota,Laban Kota
470,37896,21965,M Raval,Manbir Raval
1009,37900,21967,Qabil Dutt,Qabil Dutt
939,37908,21971,A Som,Andrew Som
107,37909,21972,D. Sekhon,Daksha Sekhon
184,37917,21976,S Wadhwa,Sarthak Wadhwa
1025,37918,21977,A. Kashyap,Aditya Kashyap
1355,37919,21978,Wrides Mann,Wridesh Mann
1705,37920,21979,Bachittar Dora,Bachittar Dora
1174,37927,21983,H. Sule,Hredhaan Sule
714,37928,21984,N. Kale,Nidhi Kale
107,37929,21985,D Sekhon,Daksha Sekhon
1503,37932,21987,Raagini Raj,Raagini Raj
1391,37935,21989,Ranveer Gade,Ranveer Gade
1208,37937,21989,G. Ranganathan,Gaurav Ranganathan
1359,37938,21990,A Handa,Ayushman Handa
649,37941,21991,A. Gour,Agastya Gour
1734,37952,21997,Harshil Bhavsar,Harshil Bhavsar
978,37957,22000,Adway Purohit,Advay Purohit
1294,37960,22002,Antony Kamdar,Anthony Kamdar
939,37961,22003,Andrew Som,Andrew Som
530,37964,22004,R. Oak,Reyansh Oak
760,37966,22004,Yuvraj Garde,Yuvraj Garde
1280,37970,22007,K Narasimhan,Kai Narasimhan
760,37971,22008,Y Garde,Yuvraj Garde
1130,37975,22009,A. Roy,Abdul Roy
1610,37976,22010,F. Varty,Faras Varty
1773,37986,22016,E Barad,Ekbal Barad
519,37987,22017,Ekavir Goel,Ekavir Goel
1610,37989,22017,F. Varty,Faras Varty
478,37992,22018,S. Mander,Samaksh Mander
603,37996,22020,Xawier wenkataraman,Xavier Venkataraman
939,37997,22021,Andrew Som,Andrew Som
129,37998,22022,Ans Mahal,Ansh Mahal
365,38003,22026,Imaran Lanka,Imaran Lanka
828,38007,22028,N. Pandya,Nakul Pandya
1359,38012,22029,Ayushman Handa,Ayushman Handa
1495,38015,22030,Maanas Mannan,Maanas Mannan
1041,38020,22031,Farhan Sur,Farhan Sur
1162,38024,22033,Ekbal Balan,Ekbal Balan
286,38026,22034,Warda Kala,Warda Kala
129,38027,22034,A. Mahal,Ansh Mahal
456,38029,22036,Sanya Balay,Sanya Balay
1179,38030,22036,R. Ganguly,Radha Ganguly
946,38032,22037,Jackson Pal,Jackson Pal
1705,38036,22038,B Dora,Bachittar Dora
1597,38037,22039,Mites Misra,Mitesh Mishra
1025,38040,22042,A Kashyap,Aditya Kashyap
530,38042,22042,Reyansh Oak,Reyansh Oak
84,38043,22043,J Srivastava,Jackson Srivastava
373,38047,22045,Ikbal Bhatt,Ikbal Bhatt
1773,38048,22045,Ekbal Barad,Ekbal Barad
946,38049,22046,J. Pal,Jackson Pal
1221,38051,22047,A. Bora,Aryan Bora
1722,38052,22048,T. Raghavan,Tanveer Raghavan
1362,38055,22050,Caleb Bhawsar,Caleb Bhavsar
1722,38057,22052,T. Raghavan,Tanveer Raghavan
939,38066,22056,A Som,Andrew Som
385,38067,22057,Christopher De,Christopher De
1130,38070,22058,Abdul Roy,Abdul Roy
946,38071,22059,Jackson Pal,Jackson Pal
714,38074,22060,Nidhi Kale,Nidhi Kale
447,38075,22061,V. Dugar,Vedant Dugar
1130,38077,22063,Abdul Roy,Abdul Roy
1495,38078,22064,Maanas Mannan,Maanas Mannan
1391,38079,22065,Ranveer Gade,Ranveer Gade
1597,38080,22065,Mitesh Mishra,Mitesh Mishra
1195,38082,22066,P Saha,Pratyush Saha
1597,38083,22066,Mitesh Mishra,Mitesh Mishra
1025,38086,22069,A Kashyap,Aditya Kashyap
943,38090,22071,A. Som,Ansh Som
1434,38098,22077,Laksh Narayanan,Laksh Narayanan
1355,38104,22082,Wrides Mann,Wridesh Mann
854,38109,22086,C Pai,Chaitanya Pai
221,38110,22087,Qarin Butala,Qarin Butala
1340,38111,22088,Wahab Sridhar,Wahab Sridhar
1179,38112,22089,Radha Ganguly,Radha Ganguly
129,38119,22091,Ansh Mahal,Ansh Mahal
1738,38122,22093,Aadi Ahuja,Aadi Ahuja
208,38123,22093,Aarnav Kade,Aarnav Kade
428,38124,22094,Dominic Krisna,Dominic Krishna
208,38126,22096,A Kade,Aarnav Kade
264,38134,22101,Guneet Aurora,Guneet Aurora
1046,38136,22101,Gabriel Ray,Gabriel Ray
1738,38138,22102,Aadi Ahuja,Aadi Ahuja
1130,38141,22103,Abdul Roy,Abdul Roy
1366,38142,22104,C. Mukherjee,Chatresh Mukherjee
1773,38144,22105,E Barad,Ekbal Barad
428,38151,22110,Dominic Krisna,Dominic Krishna
315,38152,22111,M Shankar,Maanav Shankar
1503,38153,22111,R. Raj,Raagini Raj
1305,38155,22113,Tanweer Buch,Tanveer Buch
1339,38156,22114,S Dass,Shivansh Dass
1340,38157,22114,W Sridhar,Wahab Sridhar
1592,38161,22116,C Acharya,Chatresh Acharya
77,38163,22118,Caleb Kaul,Caleb Kaul
1642,38165,22118,Q. Venkatesh,Qadim Venkatesh
1280,38168,22120,Kai Narasimhan,Kai Narasimhan
1174,38173,22124,H Sule,Hredhaan Sule
603,38174,22124,X. Venkataraman,Xavier Venkataraman
1095,38175,22125,Max Babu,Max Babu
1150,38176,22125,Frado saraf,Frado Sharaf
964,38177,22126,Luke Mandal,Luke Mandal
1047,38178,22127,Yashoda Kala,Yashoda Kala
1495,38181,22129,Maanas Mannan,Maanas Mannan
266,38186,22131,Nimrat Rana,Nimrat Rana
986,38190,22134,Chandran Parekh,Chandran Parekh
1187,38195,22137,Maanas Varty,Maanas Varty
1338,38199,22138,Ekavir Loyal,Ekavir Loyal
1179,38204,22139,R Ganguly,Radha Ganguly
1339,38207,22142,sivansh Dass,Shivansh Dass
1592,38210,22143,C. Acharya,Chatresh Acharya
397,38213,22143,Say Karpe,Sai Karpe
1391,38219,22147,Ranveer Gade,Ranveer Gade
1343,38226,22150,Liam Dugar,Liam Dugar
519,38232,22153,Ekavir Goel,Ekavir Goel
419,38233,22153,T. Mangat,Tarak Mangat
1317,38234,22154,Ojas Sem,Ojas Sem
208,38235,22154,A Kade,Aarnav Kade
1347,38242,22159,Gavin Keer,Gavin Keer
1359,38244,22160,Ayushman Handa,Ayushman Handa
1343,38249,22163,Liam Dugar,Liam Dugar
530,38251,22164,Reyansh Oak,Reyansh Oak
1208,38253,22164,G Ranganathan,Gaurav Ranganathan
603,38261,22168,Xavier Venkataraman,Xavier Venkataraman
1340,38264,22169,W Sridhar,Wahab Sridhar
1179,38265,22170,R. Ganguly,Radha Ganguly
1280,38267,22172,K. Narasimhan,Kai Narasimhan
1414,38269,22173,Tristan Shroff,Tristan Shroff
973,38272,22176,Lakshit Gola,Lakshit Gola
1362,38273,22176,Caleb Bhavsar,Caleb Bhavsar
1339,38274,22176,Shiwansh Dass,Shivansh Dass
828,38278,22178,N Pandya,Nakul Pandya
1738,38281,22179,Aadi Ahuja,Aadi Ahuja
332,38284,22181,M. Narasimhan,Manbir Narasimhan
1773,38285,22182,E. Barad,Ekbal Barad
1009,38286,22182,Q Dutt,Qabil Dutt
1195,38289,22183,Pratyush Saha,Pratyush Saha
1123,38290,22183,Krish Dhawan,Krish Dhawan
1355,38296,22185,W Mann,Wridesh Mann
1195,38297,22186,P Saha,Pratyush Saha
1434,38305,22188,Laks Narayanan,Laksh Narayanan
1338,38307,22190,E. Loyal,Ekavir Loyal
470,38309,22191,Manbir Raval,Manbir Raval
1704,38311,22192,O. Gokhale,Onveer Gokhale
1174,38313,22194,Hredhaan Sule,Hredhaan Sule
376,38314,22195,wyanjana Kapur,Vyanjana Kapur
939,38316,22195,Andrew Som,Andrew Som
456,38318,22197,S Balay,Sanya Balay
1722,38321,22200,T. Raghavan,Tanveer Raghavan
1195,38329,22205,Pratyush Saha,Pratyush Saha
1359,38332,22206,A. Handa,Ayushman Handa
1174,38338,22209,H Sule,Hredhaan Sule
478,38339,22210,Samaksh Mander,Samaksh Mander
1114,38340,22210,Krishna Khatri,Krishna Khatri
373,38341,22210,Ikbal Bhatt,Ikbal Bhatt
1355,38343,22211,W. Mann,Wridesh Mann
1495,38345,22213,Maanas Mannan,Maanas Mannan
389,38348,22214,G. Sarma,Guneet Sarma
714,38349,22215,N. Kale,Nidhi Kale
478,38350,22216,Samaks Mander,Samaksh Mander
1414,38352,22218,T Shroff,Tristan Shroff
1495,38354,22220,Maanas Mannan,Maanas Mannan
828,38355,22220,Nakul Pandya,Nakul Pandya
1704,38360,22224,Onweer Gokale,Onveer Gokhale
1359,38361,22224,Ayushman Handa,Ayushman Handa
129,38364,22227,Ans Mahal,Ansh Mahal
1678,38369,22230,Zashil Kade,Zashil Kade
321,38370,22230,C Vala,Chatura Vala
1208,38372,22231,G. Ranganathan,Gaurav Ranganathan
1503,38373,22232,R. Raj,Raagini Raj
422,38375,22234,L Kota,Laban Kota
1704,38379,22235,Onvir Gokale,Onveer Gokhale
1130,38380,22236,Abdul Roy,Abdul Roy
1280,38381,22237,Kay Narasimhan,Kai Narasimhan
854,38382,22237,Chaitanya Pai,Chaitanya Pai
946,38386,22239,Jackson Pal,Jackson Pal
1434,38388,22241,Laksh Narayanan,Laksh Narayanan
1179,38395,22243,Radha Ganguly,Radha Ganguly
817,38400,22248,Jacob Despande,Jacob Deshpande
1597,38402,22250,M. Mishra,Mitesh Mishra
832,38407,22253,Aadhya Hans,Aadhya Hans
1162,38415,22259,Ekbal Balan,Ekbal Balan
1179,38416,22260,Radha Ganguly,Radha Ganguly
1705,38422,22265,Bachittar Dora,Bachittar Dora
1503,38426,22267,Raagini Raj,Raagini Raj
1705,38427,22268,B Dora,Bachittar Dora
973,38430,22270,L Gola,Lakshit Gola
1305,38434,22274,Tanvir Buch,Tanveer Buch
907,38437,22274,Sudiksha Divan,Sudiksha Divan
1704,38441,22277,Onveer Gokhale,Onveer Gokhale
649,38443,22278,A. Gour,Agastya Gour
1366,38446,22279,Chatresh Mukherjee,Chatresh Mukherjee
1693,38447,22280,Shravya Singh,Shravya Singh
1338,38448,22281,E Loyal,Ekavir Loyal
1722,38451,22283,Tanveer Raghavan,Tanveer Raghavan
1009,38452,22283,Q Dutt,Qabil Dutt
649,38453,22283,Agastya Gour,Agastya Gour
1174,38454,22284,H. Sule,Hredhaan Sule
422,38456,22284,L Kota,Laban Kota
1305,38459,22285,Tanweer Buch,Tanveer Buch
1130,38460,22285,A. Roy,Abdul Roy
1359,38467,22292,Ayushman Handa,Ayushman Handa
216,38472,22293,Leka Bobal,Lekha Bobal
480,38473,22294,B. Nagarajan,Balhaar Nagarajan
1355,38475,22294,Wridesh Mann,Wridesh Mann
1339,38477,22296,Shivansh Dass,Shivansh Dass
756,38478,22297,A Sarkar,Anmol Sarkar
1294,38484,22301,Antony Kamdar,Anthony Kamdar
745,38486,22303,Nihal Kakar,Nihal Kakar
1738,38491,22305,Aadi Ahuja,Aadi Ahuja
422,38496,22310,Laban Kota,Laban Kota
1359,38497,22311,A. Handa,Ayushman Handa
1391,38499,22312,Ranveer Gade,Ranveer Gade
973,38508,22316,L Gola,Lakshit Gola
1280,38511,22317,K. Narasimhan,Kai Narasimhan
1738,38513,22318,Aadi Ahuja,Aadi Ahuja
603,38514,22319,Xavier Venkataraman,Xavier Venkataraman
804,38517,22321,Daniel Bajaj,Daniel Bajaj
353,38518,22322,Mites Loke,Mitesh Loke
1130,38520,22323,Abdul Roy,Abdul Roy
1338,38521,22324,Ekavir Loyal,Ekavir Loyal
1495,38525,22328,Maanas Mannan,Maanas Mannan
519,38527,22330,E Goel,Ekavir Goel
397,38528,22331,S Karpe,Sai Karpe
649,38531,22333,Agastya Gour,Agastya Gour
129,38534,22335,Ansh Mahal,Ansh Mahal
672,38536,22336,Krishna Raja,Krishna Raja
258,38538,22337,D. Sule,Darsh Sule
456,38539,22338,Sanya Balay,Sanya Balay
1185,38541,22339,Vinaya Chacko,Vinaya Chacko
445,38544,22340,Vyanjana Wali,Vyanjana Wali
828,38546,22341,N Pandya,Nakul Pandya
1558,38547,22341,L. Dhillon,Lakshit Dhillon
939,38550,22344,Andrew Som,Andrew Som
1280,38551,22345,Kai Narasimhan,Kai Narasimhan
1195,38553,22346,Pratyus Saha,Pratyush Saha
832,38557,22349,Aadhya Hans,Aadhya Hans
1343,38558,22350,Liam Dugar,Liam Dugar
1277,38559,22350,Jeet Chand,Jeet Chand
853,38560,22350,R Narayan,Rachit Narayan
1738,38561,22351,Aadi Ahuja,Aadi Ahuja
1799,38563,22352,wedant Sangha,Vedant Sangha
1668,38565,22353,Vincent Bora,Vincent Bora
1025,38566,22353,A Kashyap,Aditya Kashyap
1738,38568,22355,Aadi Ahuja,Aadi Ahuja
671,38570,22356,A Desai,Aarini Desai
1095,38575,22358,Max Babu,Max Babu
129,38576,22359,Ans Mahal,Ansh Mahal
1340,38577,22360,Wahab Sridhar,Wahab Sridhar
1391,38581,22362,Ranveer Gade,Ranveer Gade
1362,38583,22363,C. Bhavsar,Caleb Bhavsar
1722,38588,22366,Tanveer Raghavan,Tanveer Raghavan
1195,38591,22366,P. Saha,Pratyush Saha
39,38594,22369,A. Kumer,Anmol Kumer
1343,38599,22371,Liam Dugar,Liam Dugar
530,38600,22372,Reyansh Oak,Reyansh Oak
456,38601,22372,Sanya Balay,Sanya Balay
1095,38603,22373,M. Babu,Max Babu
939,38612,22378,Andrew Som,Andrew Som
428,38614,22379,Dominic Krishna,Dominic Krishna
1696,38615,22379,Raghav Merchant,Raghav Merchant
1174,38617,22380,H. Sule,Hredhaan Sule
1095,38620,22382,M Babu,Max Babu
973,38621,22382,Lakshit Gola,Lakshit Gola
946,38623,22383,Jackson Pal,Jackson Pal
1162,38624,22384,Ekbal Balan,Ekbal Balan
1444,38627,22384,Jagdish Shroff,Jagdish Shroff
804,38629,22386,D. Bajaj,Daniel Bajaj
1773,38633,22388,E Barad,Ekbal Barad
456,38634,22389,Sanya Balay,Sanya Balay
1025,38641,22393,Aditya Kashyap,Aditya Kashyap
649,38645,22396,A. Gour,Agastya Gour
1338,38646,22396,Ekawir Loyal,Ekavir Loyal
1592,38647,22396,Chatresh Acharya,Chatresh Acharya
428,38648,22397,D Krishna,Dominic Krishna
1338,38650,22398,Ekavir Loyal,Ekavir Loyal
530,38652,22400,Reyansh Oak,Reyansh Oak
1738,38653,22401,A. Ahuja,Aadi Ahuja
1597,38656,22403,Mitesh Mishra,Mitesh Mishra
331,38657,22404,Mohammed Shankar,Mohammed Shankar
1029,38661,22406,Hemal Goel,Hemal Goel
1441,38662,22406,H. Tripathi,Harita Tripathi
1719,38671,22411,Shaurya Banik,Shaurya Banik
223,38672,22412,Udant Tandon,Udant Tandon
80,38676,22416,H Lad,Hredhaan Lad
135,38678,22417,Girindra Sharma,Girindra Sharma
124,38684,22419,Zayan Chauhan,Zayan Chauhan
1509,38688,22420,Wyatt Korpal,Wyatt Korpal
327,38689,22421,Ekavir Bhardwaj,Ekavir Bhardwaj
971,38691,22422,Pranil Chakraborty,Praneel Chakraborty
1419,38693,22423,Saksham Sankar,Saksham Sankar
309,38694,22424,U Rajagopal,Upkaar Rajagopal
309,38696,22425,U Rajagopal,Upkaar Rajagopal
1081,38704,22430,Jackson Kari,Jackson Kari
1436,38707,22432,Ubika Oza,Ubika Oza
957,38711,22435,G. Bawa,Gopal Bawa
68,38712,22435,Peter Chaudry,Peter Chaudry
339,38715,22437,Xalak Shukla,Xalak Shukla
1655,38718,22438,Veda Pau,Veda Pau
112,38723,22441,Frado Varkey,Frado Varkey
34,38724,22441,Bahadurjit Murty,Bahadurjit Murty
69,38726,22442,Faris Raj,Faris Raj
1081,38727,22442,Jackson Kari,Jackson Kari
180,38731,22445,Wriddhis Rege,Wriddhish Rege
292,38734,22447,E. Karnik,Ekansh Karnik
1675,38735,22448,H. Bahri,Harshil Bahri
1317,38736,22448,Ojas Sem,Ojas Sem
1506,38738,22448,L. Kohli,Luke Kohli
1754,38740,22449,Chaytanya Dasgupta,Chaitanya Dasgupta
1509,38743,22450,Wyatt Korpal,Wyatt Korpal
1334,38757,22456,T. Ramanathan,Tarak Ramanathan
670,38760,22457,Chandresh Viswanathan,Chandresh Viswanathan
1209,38765,22460,Ekansh Magar,Ekansh Magar
1081,38768,22462,Jackson Kari,Jackson Kari
88,38770,22463,Naks Lanka,Naksh Lanka
957,38772,22465,G. Bawa,Gopal Bawa
876,38773,22465,Yatan Dasgupta,Yatan Dasgupta
1554,38774,22465,D. Magar,Dayamai Magar
1081,38776,22466,J Kari,Jackson Kari
1106,38777,22467,Ekavir Virk,Ekavir Virk
1334,38786,22474,Tarak Ramanathan,Tarak Ramanathan
1678,38787,22475,Zashil Kade,Zashil Kade
1419,38791,22477,Saksam Sankar,Saksham Sankar
1441,38795,22480,Harita Tripati,Harita Tripathi
467,38797,22480,V Ghosh,Victor Ghosh
1209,38801,22483,E. Magar,Ekansh Magar
88,38802,22484,N. Lanka,Naksh Lanka
1081,38805,22487,J. Kari,Jackson Kari
674,38809,22489,Falan Goswami,Falan Goswami
1106,38810,22490,E Virk,Ekavir Virk
135,38813,22491,Girindra Sharma,Girindra Sharma
361,38817,22493,L. Johal,Lekha Johal
1719,38819,22493,saurya Banik,Shaurya Banik
950,38820,22494,Y Grewal,Yatan Grewal
1376,38823,22495,Ekavir Bahl,Ekavir Bahl
1655,38829,22500,weda Pau,Veda Pau
1619,38833,22502,A Wable,Ayaan Wable
1761,38834,22503,Rudra Bava,Rudra Bava
972,38835,22504,Ekbal Venkataraman,Ekbal Venkataraman
327,38836,22505,Ekawir Bhardwaj,Ekavir Bhardwaj
659,38837,22506,Ishwar Kurian,Ishwar Kurian
1081,38838,22507,Jackson Kari,Jackson Kari
1376,38846,22511,E. Bahl,Ekavir Bahl
88,38847,22511,N Lanka,Naksh Lanka
1029,38849,22513,Hemal Goel,Hemal Goel
1601,38850,22514,Sarthak Patil,Sarthak Patil
672,38852,22516,Krisna Raja,Krishna Raja
971,38853,22517,Praneel Chakraborty,Praneel Chakraborty
164,38863,22524,S. Sahni,Samaksh Sahni
263,38866,22525,Shivansh Bains,Shivansh Bains
1178,38867,22526,Ikbal Barad,Ikbal Barad
1600,38869,22526,Aditya Jani,Aditya Jani
88,38872,22527,N. Lanka,Naksh Lanka
1178,38873,22528,Ikbal Barad,Ikbal Barad
1675,38875,22529,Harshil Bahri,Harshil Bahri
1062,38876,22529,Anmol Solanki,Anmol Solanki
872,38877,22530,C Seth,Chaitanya Seth
972,38878,22531,E Venkataraman,Ekbal Venkataraman
1655,38885,22534,weda Pau,Veda Pau
106,38890,22536,Banjeet Rajan,Banjeet Rajan
1310,38891,22536,Michael Narang,Michael Narang
263,38900,22544,Shivansh Bains,Shivansh Bains
1675,38902,22546,Harshil Bahri,Harshil Bahri
957,38904,22546,G Bawa,Gopal Bawa
1655,38905,22547,weda Pau,Veda Pau
263,38907,22547,Shivansh Bains,Shivansh Bains
1001,38911,22549,M Sarkar,Manthan Sarkar
88,38915,22552,Naks Lanka,Naksh Lanka
1317,38920,22553,Ojas Sem,Ojas Sem
536,38922,22554,W. Dalal,Warda Dalal
124,38923,22555,Zayan Chauhan,Zayan Chauhan
34,38924,22556,Bahadurjit Murty,Bahadurjit Murty
1436,38925,22557,U Oza,Ubika Oza
1688,38926,22557,R. Oommen,Ranbir Oommen
1159,38930,22559,R Singhal,Rudra Singhal
1600,38936,22564,Aditya Jani,Aditya Jani
68,38937,22565,Peter Chaudry,Peter Chaudry
467,38938,22566,V. Ghosh,Victor Ghosh
1317,38949,22572,Ojas Sem,Ojas Sem
1509,38953,22575,W. Korpal,Wyatt Korpal
1093,38955,22576,W. Dara,Warinder Dara
536,38956,22577,Warda Dalal,Warda Dalal
112,38959,22578,F Varkey,Frado Varkey
135,38963,22581,G Sharma,Girindra Sharma
1106,38967,22585,Ekawir wirk,Ekavir Virk
1001,38972,22588,M Sarkar,Manthan Sarkar
80,38974,22588,H. Lad,Hredhaan Lad
1569,38979,22591,Y. Dhar,Yug Dhar
80,38981,22592,H Lad,Hredhaan Lad
1173,38982,22592,H Nadig,Harita Nadig
327,38983,22593,Ekawir Bhardwaj,Ekavir Bhardwaj
1764,38985,22594,Wrides Saraf,Wridesh Saraf
950,38986,22594,Y. Grewal,Yatan Grewal
135,38987,22595,G Sharma,Girindra Sharma
1178,38991,22596,Ikbal Barad,Ikbal Barad
1081,38992,22597,Jackson Kari,Jackson Kari
771,38993,22597,Yas Dugar,Yash Dugar
1093,38996,22599,Warinder Dara,Warinder Dara
1093,39000,22602,Warinder Dara,Warinder Dara
536,39005,22604,W. Dalal,Warda Dalal
972,39011,22608,E Venkataraman,Ekbal Venkataraman
1336,39013,22610,Ryan Dawe,Ryan Dave
536,39014,22611,Warda Dalal,Warda Dalal
360,39016,22612,Champak Upadhyay,Champak Upadhyay
65,39017,22613,Anjali Sanghwi,Anjali Sanghvi
164,39019,22614,S Sahni,Samaksh Sahni
763,39020,22615,C Dar,Chandani Dar
124,39024,22618,Zayan Chauhan,Zayan Chauhan
327,39025,22618,Ekavir Bhardwaj,Ekavir Bhardwaj
972,39027,22619,Ekbal Venkataraman,Ekbal Venkataraman
719,39028,22620,Gaurangi Chand,Gaurangi Chand
1334,39031,22622,Tarak Ramanatan,Tarak Ramanathan
771,39033,22624,Yas Dugar,Yash Dugar
1133,39035,22625,G. Bhargava,Girik Bhargava
1688,39037,22625,R Oommen,Ranbir Oommen
1719,39039,22626,S Banik,Shaurya Banik
1509,39041,22627,Wyatt Korpal,Wyatt Korpal
309,39044,22629,U. Rajagopal,Upkaar Rajagopal
672,39045,22630,Krishna Raja,Krishna Raja
361,39049,22632,Lekha Johal,Lekha Johal
25,39052,22632,E Mangal,Ekta Mangal
957,39054,22633,Gopal Bawa,Gopal Bawa
1452,39056,22634,Pranav Sagar,Pranav Sagar
34,39057,22635,B Murty,Bahadurjit Murty
19,39060,22636,H. Dhillon,Harshil Dhillon
1695,39061,22637,M Yadav,Mugdha Yadav
672,39063,22638,K Raja,Krishna Raja
763,39067,22641,Chandani Dar,Chandani Dar
361,39068,22642,L Johal,Lekha Johal
1419,39072,22643,Saksham Sankar,Saksham Sankar
1133,39075,22644,G. Bhargava,Girik Bhargava
1029,39077,22645,Hemal Goel,Hemal Goel
1173,39078,22645,Harita Nadig,Harita Nadig
1688,39079,22646,Ranbir Oommen,Ranbir Oommen
164,39083,22650,S Sahni,Samaksh Sahni
327,39085,22651,E Bhardwaj,Ekavir Bhardwaj
135,39086,22652,Girindra sarma,Girindra Sharma
807,39089,22653,Hitesh Kothari,Hitesh Kothari
840,39091,22654,P Nadig,Praneel Nadig
455,39097,22656,Ekans Gupta,Ekansh Gupta
971,39104,22659,Praneel Chakraborty,Praneel Chakraborty
771,39105,22659,Yash Dugar,Yash Dugar
1178,39109,22661,I Barad,Ikbal Barad
1418,39110,22662,Vedant Kaur,Vedant Kaur
1001,39114,22663,M. Sarkar,Manthan Sarkar
1619,39120,22668,A Wable,Ayaan Wable
872,39124,22670,C Seth,Chaitanya Seth
1754,39129,22672,C. Dasgupta,Chaitanya Dasgupta
1419,39131,22674,S. Sankar,Saksham Sankar
972,39132,22674,Ekbal Venkataraman,Ekbal Venkataraman
1688,39133,22674,Ranbir Oommen,Ranbir Oommen
1764,39135,22675,Wrides Saraf,Wridesh Saraf
1133,39136,22675,G. Bhargava,Girik Bhargava
1619,39138,22677,Ayaan Wable,Ayaan Wable
1029,39142,22679,H. Goel,Hemal Goel
1506,39148,22683,Luke Kohli,Luke Kohli
983,39150,22685,K. Krish,Kevin Krish
112,39151,22685,Frado Varkey,Frado Varkey
1133,39153,22687,Girik Bhargava,Girik Bhargava
1719,39155,22688,saurya Banik,Shaurya Banik
112,39156,22688,Frado Varkey,Frado Varkey
124,39157,22688,Zayan Chauhan,Zayan Chauhan
292,39158,22689,Ekansh Karnik,Ekansh Karnik
391,39164,22695,Y Din,Yatan Din
1093,39166,22696,Warinder Dara,Warinder Dara
1550,39168,22698,Max Pant,Max Pant
1193,39171,22700,Aarnaw Maharaj,Aarnav Maharaj
957,39173,22702,G Bawa,Gopal Bawa
467,39177,22703,wictor Ghos,Victor Ghosh
309,39178,22703,U Rajagopal,Upkaar Rajagopal
1418,39180,22704,Vedant Kaur,Vedant Kaur
972,39184,22706,E Venkataraman,Ekbal Venkataraman
1460,39186,22707,Udarsh Randhawa,Udarsh Randhawa
1688,39190,22710,Ranbir Oommen,Ranbir Oommen
1178,39193,22712,I Barad,Ikbal Barad
1675,39194,22712,Harshil Bahri,Harshil Bahri
1600,39197,22714,A Jani,Aditya Jani
1020,39198,22715,Nitara Tailor,Nitara Tailor
536,39204,22718,W. Dalal,Warda Dalal
135,39209,22720,Girindra Sharma,Girindra Sharma
1193,39210,22721,Aarnav Maharaj,Aarnav Maharaj
88,39213,22722,Naks Lanka,Naksh Lanka
68,39214,22722,Peter Chaudry,Peter Chaudry
876,39215,22723,Yatan Dasgupta,Yatan Dasgupta
946,39216,22723,Jackson Pal,Jackson Pal
580,39217,22724,Nicholas Toor,Nicholas Toor
536,39218,22725,Warda Dalal,Warda Dalal
971,39220,22725,Praneel Chakraborty,Praneel Chakraborty
151,39227,22728,Wahab Kant,Wahab Kant
1209,39236,22733,Ekans Magar,Ekansh Magar
516,39238,22733,Sai Bhagat,Sai Bhagat
68,39241,22736,P Chaudry,Peter Chaudry
753,39245,22737,Girik Krishnamurthy,Girik Krishnamurthy
1441,39246,22737,Harita Tripati,Harita Tripathi
850,39247,22738,W Ghose,Wishi Ghose
68,39248,22739,P. Chaudry,Peter Chaudry
25,39251,22740,Ekta Mangal,Ekta Mangal
69,39254,22742,Faris Raj,Faris Raj
1419,39256,22743,S. Sankar,Saksham Sankar
124,39259,22745,Zayan Chauhan,Zayan Chauhan
1441,39263,22747,H. Tripathi,Harita Tripathi
1193,39265,22748,Aarnav Maharaj,Aarnav Maharaj
1133,39268,22749,Girik Bhargava,Girik Bhargava
360,39275,22752,Champak Upadhyay,Champak Upadhyay
1550,39280,22754,Max Pant,Max Pant
1209,39281,22754,Ekansh Magar,Ekansh Magar
805,39284,22755,L. Patel,Logan Patel
1093,39289,22758,W. Dara,Warinder Dara
1675,39294,22762,Harshil Bahri,Harshil Bahri
360,39298,22765,C. Upadhyay,Champak Upadhyay
34,39299,22766,Bahadurjit Murty,Bahadurjit Murty
872,39306,22770,Chaytanya Set,Chaitanya Seth
360,39310,22771,Champak Upadhyay,Champak Upadhyay
1133,39315,22774,Girik Bhargava,Girik Bhargava
68,39316,22775,Peter Chaudry,Peter Chaudry
807,39317,22776,H Kothari,Hitesh Kothari
1460,39319,22777,U. Randhawa,Udarsh Randhawa
872,39323,22780,C Seth,Chaitanya Seth
1554,39328,22782,Dayamay Magar,Dayamai Magar
1675,39329,22782,Harsil Bahri,Harshil Bahri
68,39333,22783,P Chaudry,Peter Chaudry
1452,39335,22784,Pranaw Sagar,Pranav Sagar
807,39338,22787,Hites Kotari,Hitesh Kothari
25,39342,22788,Ekta Mangal,Ekta Mangal
618,39343,22789,Etan Gera,Ethan Gera
1441,39345,22790,Harita Tripathi,Harita Tripathi
1600,39347,22791,Aditya Jani,Aditya Jani
1418,39352,22793,V Kaur,Vedant Kaur
1506,39358,22795,Luke Kohli,Luke Kohli
1209,39360,22797,Ekansh Magar,Ekansh Magar
788,39361,22798,Q. Batra,Qadim Batra
1441,39364,22800,H. Tripathi,Harita Tripathi
34,39366,22802,B Murty,Bahadurjit Murty
971,39367,22803,P Chakraborty,Praneel Chakraborty
256,39370,22805,Gaurangi Grover,Gaurangi Grover
68,39372,22806,P. Chaudry,Peter Chaudry
164,39378,22809,S. Sahni,Samaksh Sahni
763,39380,22809,Chandani Dar,Chandani Dar
1754,39389,22814,C. Dasgupta,Chaitanya Dasgupta
361,39391,22814,L. Johal,Lekha Johal
1124,39393,22815,Gopal D’Alia,Gopal D’Alia
1418,39394,22816,V. Kaur,Vedant Kaur
1576,39396,22817,K Nori,Kalpit Nori
327,39398,22818,E Bhardwaj,Ekavir Bhardwaj
124,39400,22819,Z Chauhan,Zayan Chauhan
971,39401,22819,Pranil Chakraborty,Praneel Chakraborty
972,39404,22820,E. Venkataraman,Ekbal Venkataraman
101,39408,22824,Elijah Lata,Elijah Lata
360,39409,22825,Champak Upadhyay,Champak Upadhyay
1106,39410,22826,E. Virk,Ekavir Virk
1209,39413,22828,Ekansh Magar,Ekansh Magar
164,39417,22829,Samaksh Sahni,Samaksh Sahni
25,39418,22830,Ekta Mangal,Ekta Mangal
112,39421,22832,Frado Varkey,Frado Varkey
80,39426,22837,H Lad,Hredhaan Lad
69,39428,22839,F. Raj,Faris Raj
1106,39430,22839,Ekavir Virk,Ekavir Virk
972,39432,22840,Ekbal Venkataraman,Ekbal Venkataraman
811,39433,22840,J. Kannan,Jatin Kannan
1509,39440,22844,W. Korpal,Wyatt Korpal
1419,39442,22845,S. Sankar,Saksham Sankar
593,39443,22845,Vedhika Saha,Vedhika Saha
1081,39445,22846,J Kari,Jackson Kari
1550,39447,22848,Max Pant,Max Pant
1600,39452,22849,Aditya Jani,Aditya Jani
1029,39453,22850,H Goel,Hemal Goel
292,39456,22851,Ekansh Karnik,Ekansh Karnik
263,39457,22852,Shiwansh Bayns,Shivansh Bains
1554,39460,22855,Dayamai Magar,Dayamai Magar
1178,39466,22858,Ikbal Barad,Ikbal Barad
292,39468,22859,Ekansh Karnik,Ekansh Karnik
672,39471,22860,Krishna Raja,Krishna Raja
674,39472,22860,Falan Goswami,Falan Goswami
1550,39477,22862,Max Pant,Max Pant
1688,39478,22862,Ranbir ummen,Ranbir Oommen
467,39479,22863,V Ghosh,Victor Ghosh
467,39487,22866,Victor Ghosh,Victor Ghosh
88,39488,22866,N. Lanka,Naksh Lanka
957,39489,22867,G. Bawa,Gopal Bawa
674,39490,22867,F. Goswami,Falan Goswami
1209,39491,22867,E Magar,Ekansh Magar
1093,39492,22867,W Dara,Warinder Dara
672,39497,22870,Krishna Raja,Krishna Raja
327,39503,22874,Ekavir Bhardwaj,Ekavir Bhardwaj
711,39504,22875,Gagan Sankaran,Gagan Sankaran
1061,39507,22878,Shaurya Saxena,Shaurya Saxena
309,39508,22879,U. Rajagopal,Upkaar Rajagopal
263,39513,22883,Shivansh Bains,Shivansh Bains
613,39514,22883,Harini Shere,Harini Shere
1311,39515,22883,Abdul Balasubramanian,Abdul Balasubramanian
637,39521,22886,Samaksh Rastogi,Samaksh Rastogi
1600,39522,22887,A Jani,Aditya Jani
807,39524,22889,Hitesh Kothari,Hitesh Kothari
1550,39525,22889,M Pant,Max Pant
1619,39531,22894,Ayaan Wable,Ayaan Wable
1719,39533,22896,Shaurya Banik,Shaurya Banik
361,39535,22897,L Johal,Lekha Johal
872,39537,22897,C Seth,Chaitanya Seth
1210,39540,22900,Lucky Yogi,Lucky Yogi
1209,39542,22900,E Magar,Ekansh Magar
1754,39543,22901,Chaitanya Dasgupta,Chaitanya Dasgupta
840,39549,22904,Praneel Nadig,Praneel Nadig
1173,39551,22906,Harita Nadig,Harita Nadig
68,39556,22907,P Chaudry,Peter Chaudry
1317,39561,22911,Ojas Sem,Ojas Sem
1133,39562,22912,Girik Bhargawa,Girik Bhargava
1452,39564,22913,Pranaw Sagar,Pranav Sagar
1509,39566,22913,W. Korpal,Wyatt Korpal
1178,39568,22914,Ikbal Barad,Ikbal Barad
1554,39570,22916,Dayamai Magar,Dayamai Magar
361,39571,22916,L Johal,Lekha Johal
876,39577,22920,Yatan Dasgupta,Yatan Dasgupta
1600,39580,22921,Aditya Jani,Aditya Jani
1409,39581,22922,Z Ganguly,Zayan Ganguly
1228,39586,22926,Bakhsi Sridhar,Bakhshi Sridhar
1619,39587,22927,Ayaan Wable,Ayaan Wable
1209,39589,22927,Ekansh Magar,Ekansh Magar
1093,39591,22928,W Dara,Warinder Dara
1090,39594,22929,F. Bhavsar,Faraj Bhavsar
1764,39595,22930,W. Saraf,Wridesh Saraf
753,39600,22933,G Krishnamurthy,Girik Krishnamurthy
1029,39603,22934,H. Goel,Hemal Goel
950,39605,22936,Y Grewal,Yatan Grewal
1419,39606,22936,S. Sankar,Saksham Sankar
467,39611,22940,Victor Ghosh,Victor Ghosh
69,39612,22941,Faris Raj,Faris Raj
1001,39613,22942,M Sarkar,Manthan Sarkar
971,39615,22942,Praneel Chakraborty,Praneel Chakraborty
88,39616,22943,N Lanka,Naksh Lanka
1193,39618,22943,A. Maharaj,Aarnav Maharaj
1001,39622,22945,M Sarkar,Manthan Sarkar
1317,39623,22946,Ojas Sem,Ojas Sem
69,39626,22947,F. Raj,Faris Raj
164,39628,22948,S Sahni,Samaksh Sahni
1140,39630,22949,Samuel Dutt,Samuel Dutt
674,39635,22954,F. Goswami,Falan Goswami
876,39636,22954,Yatan Dasgupta,Yatan Dasgupta
1764,39637,22955,W. Saraf,Wridesh Saraf
1081,39639,22955,J Kari,Jackson Kari
80,39644,22958,H. Lad,Hredhaan Lad
79,39646,22959,Yashoda Andra,Yashoda Andra
327,39649,22960,Ekavir Bhardwaj,Ekavir Bhardwaj
88,39651,22961,Naksh Lanka,Naksh Lanka
360,39657,22965,C Upadhyay,Champak Upadhyay
1688,39659,22965,Ranbir Oommen,Ranbir Oommen
767,39669,22969,Yochana Ahluwalia,Yochana Ahluwalia
1691,39670,22970,Onweer warghese,Onveer Varghese
1209,39673,22971,Ekansh Magar,Ekansh Magar
1418,39674,22972,Vedant Kaur,Vedant Kaur
1600,39678,22973,A. Jani,Aditya Jani
972,39679,22973,E. Venkataraman,Ekbal Venkataraman
263,39680,22973,S Bains,Shivansh Bains
80,39681,22973,H Lad,Hredhaan Lad
672,39682,22974,Krishna Raja,Krishna Raja
1675,39685,22976,Harsil Bahri,Harshil Bahri
361,39686,22976,Leka Johal,Lekha Johal
1754,39692,22979,C. Dasgupta,Chaitanya Dasgupta
1098,39693,22979,T Agarwal,Triveni Agarwal
1081,39696,22981,Jackson Kari,Jackson Kari
1419,39697,22982,Saksham Sankar,Saksham Sankar
618,39698,22983,E Gera,Ethan Gera
1106,39699,22983,E Virk,Ekavir Virk
1441,39702,22984,Harita Tripathi,Harita Tripathi
840,39704,22985,P. Nadig,Praneel Nadig
1655,39708,22987,V. Pau,Veda Pau
536,39709,22988,W Dalal,Warda Dalal
674,39713,22990,Falan Goswami,Falan Goswami
1150,39717,22992,Frado Sharaf,Frado Sharaf
25,39732,22999,Ekta Mangal,Ekta Mangal
25,39735,23001,Ekta Mangal,Ekta Mangal
674,39736,23002,F Goswami,Falan Goswami
1554,39737,23003,Dayamai Magar,Dayamai Magar
807,39745,23007,Hitesh Kothari,Hitesh Kothari
292,39746,23007,Ekansh Karnik,Ekansh Karnik
1418,39747,23008,V Kaur,Vedant Kaur
1452,39748,23008,P Sagar,Pranav Sagar
361,39749,23009,Leka Johal,Lekha Johal
292,39751,23011,E. Karnik,Ekansh Karnik
1178,39752,23011,Ikbal Barad,Ikbal Barad
1433,39753,23011,J. Thaman,Joshua Thaman
327,39755,23012,Ekavir Bhardwaj,Ekavir Bhardwaj
309,39756,23012,U Rajagopal,Upkaar Rajagopal
1441,39757,23013,H Tripathi,Harita Tripathi
68,39759,23013,P. Chaudry,Peter Chaudry
1675,39760,23014,Harshil Bahri,Harshil Bahri
360,39761,23014,Champak Upadhyay,Champak Upadhyay
1376,39778,23022,Ekavir Bahl,Ekavir Bahl
1452,39779,23023,P. Sagar,Pranav Sagar
467,39783,23026,Victor Ghosh,Victor Ghosh
1600,39787,23028,A Jani,Aditya Jani
1550,39789,23028,Max Pant,Max Pant
1178,39791,23029,I. Barad,Ikbal Barad
972,39792,23030,Ekbal wenkataraman,Ekbal Venkataraman
178,39796,23033,Zehaan Khurana,Zehaan Khurana
1754,39798,23034,Chaytanya Dasgupta,Chaitanya Dasgupta
257,39799,23035,Charan Sood,Charan Sood
1619,39800,23035,Ayaan Wable,Ayaan Wable
1317,39801,23035,O. Sem,Ojas Sem
80,39802,23035,Hredhaan Lad,Hredhaan Lad
972,39807,23037,Ekbal Venkataraman,Ekbal Venkataraman
1106,39809,23038,Ekawir wirk,Ekavir Virk
1456,39815,23043,Champak Goyal,Champak Goyal
957,39817,23044,Gopal Bawa,Gopal Bawa
34,39818,23045,Bahadurjit Murty,Bahadurjit Murty
1001,39820,23046,M Sarkar,Manthan Sarkar
467,39821,23046,Victor Ghosh,Victor Ghosh
1506,39826,23049,L Kohli,Luke Kohli
1452,39828,23050,P Sagar,Pranav Sagar
164,39829,23051,S Sahni,Samaksh Sahni
124,39830,23052,Z. Chauhan,Zayan Chauhan
1129,39831,23053,C. Sarraf,Charles Sarraf
1419,39832,23054,Saksham Sankar,Saksham Sankar
755,39833,23055,Rachit Ghose,Rachit Ghose
771,39838,23057,Yash Dugar,Yash Dugar
1061,39840,23058,S. Saxena,Shaurya Saxena
1081,39843,23059,J Kari,Jackson Kari
1029,39846,23061,Hemal Goel,Hemal Goel
1441,39856,23069,Harita Tripathi,Harita Tripathi
1688,39861,23071,R. Oommen,Ranbir Oommen
434,39862,23072,Qarin Gopal,Qarin Gopal
826,39863,23072,P Lad,Pushti Lad
1353,39864,23072,Unni Sachdewa,Unni Sachdeva
1452,39867,23073,Pranav Sagar,Pranav Sagar
1688,39869,23073,R Oommen,Ranbir Oommen
972,39876,23077,Ekbal Venkataraman,Ekbal Venkataraman
1509,39878,23078,W. Korpal,Wyatt Korpal
25,39881,23080,E Mangal,Ekta Mangal
1247,39882,23080,Ryan Sayni,Ryan Saini
1719,39895,23087,Shaurya Banik,Shaurya Banik
319,39896,23088,Yatan Ramaswamy,Yatan Ramaswamy
1550,39897,23088,M Pant,Max Pant
1550,39899,23090,Max Pant,Max Pant
1452,39904,23093,P Sagar,Pranav Sagar
1029,39907,23093,Hemal Goel,Hemal Goel
1209,39913,23098,E Magar,Ekansh Magar
292,39915,23099,Ekansh Karnik,Ekansh Karnik
1675,39916,23100,Harsil Bahri,Harshil Bahri
1506,39921,23101,Luke Kohli,Luke Kohli
840,39923,23103,Praneel Nadig,Praneel Nadig
1334,39928,23105,T. Ramanathan,Tarak Ramanathan
872,39930,23105,C. Seth,Chaitanya Seth
536,39932,23106,Warda Dalal,Warda Dalal
1509,39933,23106,Wyatt Korpal,Wyatt Korpal
763,39934,23106,Chandani Dar,Chandani Dar
1754,39936,23107,Chaytanya Dasgupta,Chaitanya Dasgupta
1093,39940,23108,Warinder Dara,Warinder Dara
763,39942,23108,Chandani Dar,Chandani Dar
1600,39943,23109,Aditya Jani,Aditya Jani
467,39947,23110,Victor Ghosh,Victor Ghosh
327,39956,23115,E Bhardwaj,Ekavir Bhardwaj
971,39957,23116,P. Chakraborty,Praneel Chakraborty
950,39958,23116,Yatan Grewal,Yatan Grewal
807,39963,23118,H. Kothari,Hitesh Kothari
876,39965,23119,Y Dasgupta,Yatan Dasgupta
1675,39973,23123,H. Bahri,Harshil Bahri
672,39975,23125,K Raja,Krishna Raja
672,39977,23127,K Raja,Krishna Raja
876,39980,23128,Yatan Dasgupta,Yatan Dasgupta
98,39985,23132,M Shukla,Mason Shukla
1441,39986,23132,Harita Tripati,Harita Tripathi
950,39994,23136,Y. Grewal,Yatan Grewal
536,39997,23139,W. Dalal,Warda Dalal
876,39998,23140,Yatan Dasgupta,Yatan Dasgupta
232,39999,23141,Owen Gara,Owen Gara
1775,40005,23143,Caleb Rout,Caleb Rout
672,40006,23144,Krishna Raja,Krishna Raja
1550,40009,23146,M Pant,Max Pant
1688,40012,23148,R. Oommen,Ranbir Oommen
1600,40015,23150,A Jani,Aditya Jani
1173,40018,23151,H Nadig,Harita Nadig
263,40020,23152,sivansh Bayns,Shivansh Bains
360,40021,23152,Champak Upadhyay,Champak Upadhyay
1688,40022,23153,R. Oommen,Ranbir Oommen
1419,40024,23153,Saksham Sankar,Saksham Sankar
34,40025,23153,Bahadurjit Murty,Bahadurjit Murty
1608,40026,23154,Udarsh Pau,Udarsh Pau
1773,40027,23154,Ekbal Barad,Ekbal Barad
1418,40031,23156,V Kaur,Vedant Kaur
1029,40037,23159,Hemal Goel,Hemal Goel
950,40038,23160,Yatan Grewal,Yatan Grewal
971,40041,23162,Pranil Chakraborty,Praneel Chakraborty
1764,40043,23164,W. Saraf,Wridesh Saraf
950,40046,23167,Yatan Grewal,Yatan Grewal
1441,40053,23173,Harita Tripati,Harita Tripathi
1675,40057,23176,H. Bahri,Harshil Bahri
672,40059,23177,Krishna Raja,Krishna Raja
1317,40060,23178,Ojas Sem,Ojas Sem
807,40065,23182,H Kothari,Hitesh Kothari
1419,40068,23183,Saksham Sankar,Saksham Sankar
467,40070,23184,Victor Ghosh,Victor Ghosh
68,40073,23185,Peter Chaudry,Peter Chaudry
1209,40074,23185,Ekansh Magar,Ekansh Magar
1334,40076,23187,Tarak Ramanatan,Tarak Ramanathan
957,40077,23187,Gopal Bawa,Gopal Bawa
327,40080,23188,Ekavir Bhardwaj,Ekavir Bhardwaj
934,40095,23200,M Chahal,Maanav Chahal
68,40096,23200,P Chaudry,Peter Chaudry
181,40098,23202,I Varty,Isaiah Varty
950,40099,23203,Y. Grewal,Yatan Grewal
1334,40101,23204,T Ramanathan,Tarak Ramanathan
1600,40105,23207,A Jani,Aditya Jani
135,40106,23207,Girindra sarma,Girindra Sharma
771,40108,23208,Yash Dugar,Yash Dugar
1173,40112,23211,Harita Nadig,Harita Nadig
217,40114,23212,David Garg,David Garg
1741,40119,23215,M Parmer,Manthan Parmer
1506,40122,23217,L. Kohli,Luke Kohli
1675,40124,23218,Harshil Bahri,Harshil Bahri
1554,40125,23218,D. Magar,Dayamai Magar
1655,40129,23220,Veda Pau,Veda Pau
45,40131,23222,C. Srinivasan,Chaman Srinivasan
135,40132,23222,Girindra Sharma,Girindra Sharma
1619,40139,23224,Ayaan Wable,Ayaan Wable
1029,40142,23226,Hemal Goel,Hemal Goel
360,40143,23227,Champak Upadhyay,Champak Upadhyay
536,40147,23230,Warda Dalal,Warda Dalal
1764,40152,23233,W Saraf,Wridesh Saraf
1764,40156,23236,Wridesh Saraf,Wridesh Saraf
1081,40161,23239,Jackson Kari,Jackson Kari
1334,40167,23244,Tarak Ramanathan,Tarak Ramanathan
1106,40168,23245,Ekawir wirk,Ekavir Virk
124,40170,23246,Z Chauhan,Zayan Chauhan
1133,40171,23247,Girik Bhargava,Girik Bhargava
263,40173,23248,Shivansh Bains,Shivansh Bains
135,40176,23250,Girindra Sharma,Girindra Sharma
1133,40177,23250,Girik Bhargava,Girik Bhargava
170,40178,23250,Z Nair,Zayyan Nair
1317,40179,23251,Ojas Sem,Ojas Sem
641,40180,23251,Atharw Sarma,Atharv Sarma
1193,40181,23252,Aarnav Maharaj,Aarnav Maharaj
360,40183,23253,Champak Upadhyay,Champak Upadhyay
1719,40184,23253,Shaurya Banik,Shaurya Banik
25,40186,23253,Ekta Mangal,Ekta Mangal
1506,40194,23259,Luke Kohli,Luke Kohli
1714,40196,23261,Utkars Chana,Utkarsh Chana
840,40198,23263,Pranil Nadig,Praneel Nadig
327,40201,23264,E Bhardwaj,Ekavir Bhardwaj
1173,40203,23265,H. Nadig,Harita Nadig
80,40206,23266,Hredhaan Lad,Hredhaan Lad
674,40214,23270,F Goswami,Falan Goswami
703,40216,23271,T. Sidhu,Tarak Sidhu
112,40218,23271,Frado Varkey,Frado Varkey
1105,40219,23272,Aditya Chakraborty,Aditya Chakraborty
859,40220,23273,Hredhaan Gaba,Hredhaan Gaba
1093,40227,23280,Warinder Dara,Warinder Dara
1069,40228,23281,Udant Nagar,Udant Nagar
674,40230,23281,F Goswami,Falan Goswami
957,40233,23283,G. Bawa,Gopal Bawa
771,40236,23284,Yash Dugar,Yash Dugar
1173,40239,23285,H Nadig,Harita Nadig
327,40243,23288,E. Bhardwaj,Ekavir Bhardwaj
840,40246,23289,Praneel Nadig,Praneel Nadig
1719,40247,23290,Shaurya Banik,Shaurya Banik
1736,40250,23292,S. Das,Sarthak Das
1334,40251,23293,Tarak Ramanatan,Tarak Ramanathan
1764,40252,23294,Wridesh Saraf,Wridesh Saraf
771,40263,23299,Y. Dugar,Yash Dugar
120,40266,23300,Abeer Bhasin,Abeer Bhasin
1081,40267,23300,J. Kari,Jackson Kari
135,40269,23302,Girindra Sharma,Girindra Sharma
1764,40272,23304,Wridesh Saraf,Wridesh Saraf
327,40278,23308,E. Bhardwaj,Ekavir Bhardwaj
360,40279,23308,Champak Upadhyay,Champak Upadhyay
1376,40289,23313,Ekawir Bahl,Ekavir Bahl
1619,40290,23314,Ayaan Wable,Ayaan Wable
1418,40293,23317,V Kaur,Vedant Kaur
88,40295,23318,N Lanka,Naksh Lanka
1334,40301,23320,Tarak Ramanatan,Tarak Ramanathan
1209,40305,23321,Ekans Magar,Ekansh Magar
1337,40308,23323,George Bali,George Bali
1619,40310,23324,Ayaan Wable,Ayaan Wable
763,40312,23325,Chandani Dar,Chandani Dar
1688,40313,23325,R. Oommen,Ranbir Oommen
1392,40315,23325,Kritika Sangha,Kritika Sangha
1754,40318,23328,Chaitanya Dasgupta,Chaitanya Dasgupta
876,40319,23329,Yatan Dasgupta,Yatan Dasgupta
1081,40326,23332,Jackson Kari,Jackson Kari
872,40328,23332,Chaitanya Seth,Chaitanya Seth
1001,40332,23333,Manthan Sarkar,Manthan Sarkar
872,40334,23334,Chaitanya Seth,Chaitanya Seth
1081,40339,23338,J. Kari,Jackson Kari
876,40340,23338,Yatan Dasgupta,Yatan Dasgupta
763,40342,23340,Chandani Dar,Chandani Dar
1441,40346,23342,Harita Tripati,Harita Tripathi
68,40347,23343,Peter Chaudry,Peter Chaudry
771,40352,23346,Yas Dugar,Yash Dugar
1093,40360,23349,Warinder Dara,Warinder Dara
360,40366,23354,Champak Upadhyay,Champak Upadhyay
840,40368,23355,P. Nadig,Praneel Nadig
360,40369,23356,Champak Upadhyay,Champak Upadhyay
292,40373,23359,Ekansh Karnik,Ekansh Karnik
23,40381,23365,Jit Chanda,Jeet Chanda
1655,40383,23367,V Pau,Veda Pau
685,40391,23373,Aarnaw Comar,Aarnav Comar
1106,40396,23377,Ekavir Virk,Ekavir Virk
1419,40403,23380,Saksam Sankar,Saksham Sankar
876,40405,23381,Y Dasgupta,Yatan Dasgupta
1688,40408,23383,R Oommen,Ranbir Oommen
807,40415,23388,Hitesh Kothari,Hitesh Kothari
263,40416,23388,S Bains,Shivansh Bains
292,40418,23389,Ekansh Karnik,Ekansh Karnik
950,40424,23392,Y. Grewal,Yatan Grewal
1550,40426,23393,Max Pant,Max Pant
80,40430,23395,H Lad,Hredhaan Lad
971,40432,23396,P Chakraborty,Praneel Chakraborty
872,40433,23396,C. Seth,Chaitanya Seth
771,40437,23400,Yash Dugar,Yash Dugar
1178,40442,23404,Ikbal Barad,Ikbal Barad
1655,40444,23405,Veda Pau,Veda Pau
119,40445,23406,Yug Korpal,Yug Korpal
68,40446,23406,Peter Chaudry,Peter Chaudry
1029,40447,23406,Hemal Goel,Hemal Goel
1209,40453,23409,E. Magar,Ekansh Magar
1719,40457,23410,S. Banik,Shaurya Banik
1178,40459,23411,Ikbal Barad,Ikbal Barad
1506,40463,23413,L Kohli,Luke Kohli
1376,40467,23415,Ekavir Bahl,Ekavir Bahl
771,40470,23418,Yas Dugar,Yash Dugar
971,40484,23429,Praneel Chakraborty,Praneel Chakraborty
1506,40487,23431,Luke Kohli,Luke Kohli
361,40488,23432,Lekha Johal,Lekha Johal
1173,40491,23433,H. Nadig,Harita Nadig
716,40493,23434,D. Chahal,Daniel Chahal
1106,40497,23435,E Virk,Ekavir Virk
1619,40498,23436,Ayaan Wable,Ayaan Wable
292,40512,23444,E Karnik,Ekansh Karnik
1521,40513,23444,Jairaj Mukherjee,Jairaj Mukherjee
1550,40516,23445,Max Pant,Max Pant
664,40517,23446,Raghaw wasa,Raghav Vasa
1719,40519,23448,saurya Banik,Shaurya Banik
1243,40526,23451,Agastya De,Agastya De
1178,40527,23452,Ikbal Barad,Ikbal Barad
1193,40530,23453,A Maharaj,Aarnav Maharaj
1506,40533,23454,Luke Kohli,Luke Kohli
1133,40534,23455,Girik Bhargava,Girik Bhargava
135,40535,23455,Girindra Sharma,Girindra Sharma
771,40537,23456,Yash Dugar,Yash Dugar
1452,40538,23457,P. Sagar,Pranav Sagar
1631,40541,23459,Ekawir Sastry,Ekavir Sastry
1655,40543,23460,weda Pau,Veda Pau
327,40546,23462,Ekavir Bhardwaj,Ekavir Bhardwaj
25,40547,23463,E. Mangal,Ekta Mangal
68,40548,23463,Peter Chaudry,Peter Chaudry
672,40552,23466,K. Raja,Krishna Raja
763,40556,23469,C Dar,Chandani Dar
1509,40570,23475,Wyatt Korpal,Wyatt Korpal
68,40572,23476,P. Chaudry,Peter Chaudry
35,40573,23476,Teerth Sha,Teerth Sha
1193,40574,23477,Aarnaw Maharaj,Aarnav Maharaj
182,40577,23478,Imaran Mann,Imaran Mann
840,40578,23478,P. Nadig,Praneel Nadig
88,40581,23480,N Lanka,Naksh Lanka
68,40589,23483,Peter Chaudry,Peter Chaudry
309,40591,23484,U. Rajagopal,Upkaar Rajagopal
876,40594,23487,Yatan Dasgupta,Yatan Dasgupta
1001,40599,23490,Mantan Sarkar,Manthan Sarkar
1081,40600,23490,J Kari,Jackson Kari
263,40605,23493,Shivansh Bains,Shivansh Bains
361,40606,23493,Lekha Johal,Lekha Johal
954,40607,23494,Brijesh Mistry,Brijesh Mistry
1153,40608,23495,Awi Lata,Avi Lata
672,40612,23497,K. Raja,Krishna Raja
1093,40615,23497,W. Dara,Warinder Dara
1619,40622,23502,Ayaan Wable,Ayaan Wable
771,40626,23503,Yash Dugar,Yash Dugar
1193,40629,23506,Aarnaw Maharaj,Aarnav Maharaj
327,40630,23506,E. Bhardwaj,Ekavir Bhardwaj
135,40635,23510,G. Sharma,Girindra Sharma
763,40640,23513,Chandani Dar,Chandani Dar
1093,40646,23515,W. Dara,Warinder Dara
1688,40647,23516,Ranbir ummen,Ranbir Oommen
309,40649,23518,Upkaar Rajagopal,Upkaar Rajagopal
596,40651,23519,Nakul Mohan,Nakul Mohan
112,40654,23521,F Varkey,Frado Varkey
135,40657,23524,G. Sharma,Girindra Sharma
542,40659,23525,Adway Majumdar,Advay Majumdar
1452,40660,23526,Pranav Sagar,Pranav Sagar
972,40661,23526,Ekbal Venkataraman,Ekbal Venkataraman
1506,40663,23527,L Kohli,Luke Kohli
13,40665,23528,C Sidhu,Chanakya Sidhu
361,40669,23531,Leka Johal,Lekha Johal
1619,40674,23535,Ayaan Wable,Ayaan Wable
1688,40678,23537,Ranbir ummen,Ranbir Oommen
536,40679,23537,W Dalal,Warda Dalal
1619,40680,23537,Ayaan Wable,Ayaan Wable
112,40686,23540,Frado warkey,Frado Varkey
669,40689,23542,Udant Gupta,Udant Gupta
263,40691,23544,S. Bains,Shivansh Bains
89,40693,23544,Manan Kapadia,Manan Kapadia
361,40695,23545,L Johal,Lekha Johal
901,40703,23553,Chandresh Sani,Chandresh Sani
1390,40705,23553,Guneet Maharaj,Guneet Maharaj
1262,40710,23556,T Ghose,Theodore Ghose
705,40716,23560,Z. Agrawal,Zehaan Agrawal
1145,40723,23564,D. Sidhu,Dev Sidhu
1331,40724,23565,Dayita Ben,Dayita Ben
220,40726,23566,Caleb Handa,Caleb Handa
592,40728,23567,Rohan Gupta,Rohan Gupta
1660,40729,23568,Ekaraj Lalla,Ekaraj Lalla
1791,40732,23569,A. Rajagopal,Ayushman Rajagopal
487,40736,23572,C Kara,Chanakya Kara
1175,40737,23572,Warda Saraf,Warda Saraf
149,40742,23575,U. Wason,Umang Wason
245,40743,23575,A. Padmanabhan,Azad Padmanabhan
139,40746,23577,Daks Sampat,Daksh Sampath
700,40747,23578,George Chaudhuri,George Chaudhuri
700,40749,23580,G. Chaudhuri,George Chaudhuri
39,40750,23581,Anmol Kumer,Anmol Kumer
1169,40759,23583,A Bansal,Atharv Bansal
733,40762,23585,Faris Kasyap,Faris Kashyap
260,40763,23585,Manthan Kapadia,Manthan Kapadia
366,40766,23587,Rachit Mangat,Rachit Mangat
1524,40768,23587,O Wali,Onveer Wali
829,40771,23590,Chatura Ben,Chatura Ben
1660,40772,23590,Ekaraj Lalla,Ekaraj Lalla
1390,40773,23591,G Maharaj,Guneet Maharaj
290,40774,23592,Raghaw Deol,Raghav Deol
890,40779,23595,U Kala,Umang Kala
543,40782,23598,D. Handa,Dalbir Handa
190,40783,23598,Yachana Samra,Yachana Samra
1604,40786,23600,Karan Bhakta,Karan Bhakta
237,40787,23600,E. Ramaswamy,Eesha Ramaswamy
233,40793,23604,W Sinha,Wazir Sinha
1390,40796,23606,Gunit Maharaj,Guneet Maharaj
1711,40797,23607,Gawin Sandhu,Gavin Sandhu
190,40803,23611,Yachana Samra,Yachana Samra
485,40804,23612,Ranbir Chana,Ranbir Chana
487,40806,23613,C. Kara,Chanakya Kara
979,40810,23616,Ryan Bansal,Ryan Bansal
245,40811,23616,Azad Padmanabhan,Azad Padmanabhan
31,40814,23619,U. Kuruvilla,Udant Kuruvilla
901,40816,23620,C. Sani,Chandresh Sani
705,40823,23624,Z. Agrawal,Zehaan Agrawal
884,40824,23625,S Sawhney,Samesh Sawhney
592,40825,23626,Rohan Gupta,Rohan Gupta
1444,40827,23627,Jagdis sroff,Jagdish Shroff
701,40828,23628,Diya Salvi,Diya Salvi
669,40830,23629,U. Gupta,Udant Gupta
1390,40831,23630,G. Maharaj,Guneet Maharaj
829,40833,23631,C. Ben,Chatura Ben
884,40835,23633,Samesh Sawhney,Samesh Sawhney
983,40840,23635,Kevin Krish,Kevin Krish
190,40846,23639,Yachana Samra,Yachana Samra
39,40851,23641,A. Kumer,Anmol Kumer
592,40858,23644,Rohan Gupta,Rohan Gupta
890,40859,23645,Umang Kala,Umang Kala
934,40860,23645,Maanav Chahal,Maanav Chahal
1791,40861,23646,A. Rajagopal,Ayushman Rajagopal
700,40863,23647,George Chaudhuri,George Chaudhuri
1442,40866,23649,Aarnav Vohra,Aarnav Vohra
487,40867,23650,Chanakya Kara,Chanakya Kara
1472,40868,23651,widhi Ratti,Vidhi Ratti
791,40869,23652,R Hora,Ronith Hora
237,40872,23654,Eesha Ramaswamy,Eesha Ramaswamy
145,40873,23654,I Viswanathan,Isaiah Viswanathan
1676,40875,23655,F Sawhney,Finn Sawhney
592,40876,23656,R Gupta,Rohan Gupta
260,40877,23657,Manthan Kapadia,Manthan Kapadia
89,40878,23657,Manan Kapadia,Manan Kapadia
890,40880,23659,U. Kala,Umang Kala
592,40883,23661,R Gupta,Rohan Gupta
89,40885,23662,Manan Kapadia,Manan Kapadia
873,40886,23663,Q. Modi,Qushi Modi
791,40892,23666,R. Hora,Ronith Hora
1791,40894,23667,Ayushman Rajagopal,Ayushman Rajagopal
829,40901,23670,C. Ben,Chatura Ben
1746,40903,23671,P Ratta,Praneel Ratta
145,40908,23676,Isaiah Viswanathan,Isaiah Viswanathan
397,40909,23676,S Karpe,Sai Karpe
631,40913,23678,Andrew Dugar,Andrew Dugar
1676,40916,23678,F. Sawhney,Finn Sawhney
890,40919,23679,Umang Kala,Umang Kala
930,40920,23680,Sathwik Manda,Sathvik Manda
890,40925,23683,U Kala,Umang Kala
979,40933,23687,R. Bansal,Ryan Bansal
233,40938,23689,Wazir Sinha,Wazir Sinha
979,40940,23689,Ryan Bansal,Ryan Bansal
139,40942,23691,Daksh Sampath,Daksh Sampath
564,40951,23697,Avi Handa,Avi Handa
825,40952,23697,Gavin Konda,Gavin Konda
1663,40956,23698,Wridesh Boase,Wridesh Boase
249,40958,23699,Peter Sangha,Peter Sangha
262,40962,23702,Victor Badal,Victor Badal
145,40964,23702,Isaiah Viswanathan,Isaiah Viswanathan
930,40967,23704,S Manda,Sathvik Manda
262,40973,23706,V. Badal,Victor Badal
901,40978,23710,Chandres Sani,Chandresh Sani
1368,40979,23711,Ubika Wason,Ubika Wason
1539,40980,23712,Y Chawla,Yochana Chawla
1715,40983,23713,Krishna Badal,Krishna Badal
884,40987,23715,Sames Sawhney,Samesh Sawhney
1262,40990,23717,Theodore Ghose,Theodore Ghose
1328,40991,23717,A. Nair,Ayushman Nair
967,40993,23717,S. Balakrishnan,Simon Balakrishnan
631,40995,23718,A Dugar,Andrew Dugar
1059,40998,23719,Osha Loyal,Osha Loyal
983,41000,23720,K. Krish,Kevin Krish
1198,41001,23721,S. Kaul,Saksham Kaul
1676,41003,23722,Finn Sawhney,Finn Sawhney
190,41004,23722,Y. Samra,Yachana Samra
366,41012,23728,R. Mangat,Rachit Mangat
631,41014,23729,Andrew Dugar,Andrew Dugar
162,41016,23730,Yasti Ganguly,Yasti Ganguly
80,41019,23731,Hredhaan Lad,Hredhaan Lad
1262,41020,23731,Theodore Ghose,Theodore Ghose
733,41024,23733,Faris Kasyap,Faris Kashyap
1107,41025,23734,Abeer Dass,Abeer Dass
529,41026,23735,I Hayer,Isaac Hayer
190,41029,23738,Y Samra,Yachana Samra
1107,41030,23738,Abir Dass,Abeer Dass
774,41031,23739,U Behl,Urvashi Behl
934,41033,23741,M. Chahal,Maanav Chahal
1328,41037,23743,Ayushman Nair,Ayushman Nair
690,41040,23743,Mohammed Kade,Mohammed Kade
1262,41041,23744,T. Ghose,Theodore Ghose
1262,41043,23745,T. Ghose,Theodore Ghose
592,41047,23748,R Gupta,Rohan Gupta
690,41051,23749,Mohammed Kade,Mohammed Kade
1634,41052,23749,Owen Narayanan,Owen Narayanan
705,41053,23750,Z Agrawal,Zehaan Agrawal
856,41055,23751,C Kala,Chanchal Kala
487,41056,23752,Chanakya Kara,Chanakya Kara
1415,41057,23752,Noah Palla,Noah Palla
631,41064,23756,Andrew Dugar,Andrew Dugar
190,41067,23757,Yachana Samra,Yachana Samra
1262,41068,23758,Theodore Ghose,Theodore Ghose
1746,41069,23759,Pranil Ratta,Praneel Ratta
190,41073,23761,Y. Samra,Yachana Samra
168,41074,23761,Yachana Din,Yachana Din
543,41075,23762,D. Handa,Dalbir Handa
1109,41079,23765,M. Pathak,Mitesh Pathak
742,41080,23766,U. Shankar,Udarsh Shankar
1331,41084,23769,Dayita Ben,Dayita Ben
408,41086,23770,A Chanda,Alexander Chanda
1676,41090,23773,Finn Sawhney,Finn Sawhney
1328,41093,23774,Ayushman Nair,Ayushman Nair
934,41098,23776,M Chahal,Maanav Chahal
983,41100,23777,Kevin Krish,Kevin Krish
149,41102,23778,U. Wason,Umang Wason
1132,41104,23779,Fitan Lata,Fitan Lata
705,41110,23784,Zehaan Agrawal,Zehaan Agrawal
249,41111,23784,Peter Sangha,Peter Sangha
366,41113,23785,R Mangat,Rachit Mangat
923,41116,23786,C Borra,Charles Borra
190,41117,23787,Y Samra,Yachana Samra
1328,41120,23789,Ayusman Nayr,Ayushman Nair
1368,41123,23792,U Wason,Ubika Wason
783,41127,23794,G. Nagy,Gaurangi Nagy
191,41131,23797,J Handa,Jack Handa
1772,41132,23798,Imaran Dixit,Imaran Dixit
934,41133,23799,M Chahal,Maanav Chahal
829,41135,23799,Chatura Ben,Chatura Ben
774,41137,23801,U Behl,Urvashi Behl
190,41139,23802,Yachana Samra,Yachana Samra
631,41141,23802,A. Dugar,Andrew Dugar
890,41142,23803,Umang Kala,Umang Kala
487,41144,23805,C Kara,Chanakya Kara
979,41145,23806,R Bansal,Ryan Bansal
791,41151,23809,Ronit Hora,Ronith Hora
139,41159,23813,D Sampath,Daksh Sampath
109,41160,23813,A. Magar,Anusha Magar
366,41161,23814,Rachit Mangat,Rachit Mangat
31,41162,23815,U Kuruvilla,Udant Kuruvilla
39,41164,23817,Anmol Kumer,Anmol Kumer
1524,41165,23817,O. Wali,Onveer Wali
1663,41173,23821,W. Boase,Wridesh Boase
1271,41175,23821,G Naidu,George Naidu
1524,41176,23822,Onveer Wali,Onveer Wali
733,41180,23824,F. Kashyap,Faris Kashyap
249,41182,23825,P Sangha,Peter Sangha
190,41183,23825,Y Samra,Yachana Samra
149,41184,23825,U. Wason,Umang Wason
1368,41185,23826,Ubika Wason,Ubika Wason
1390,41188,23828,Gunit Maharaj,Guneet Maharaj
39,41195,23832,Anmol Kumer,Anmol Kumer
1291,41196,23832,Falan Reddy,Falan Reddy
262,41197,23833,V. Badal,Victor Badal
592,41201,23835,R Gupta,Rohan Gupta
190,41202,23836,Y. Samra,Yachana Samra
1648,41205,23837,Praneel Mitter,Praneel Mitter
890,41207,23837,Umang Kala,Umang Kala
791,41210,23838,R. Hora,Ronith Hora
499,41217,23841,David Subramanian,David Subramanian
245,41219,23842,Azad Padmanabhan,Azad Padmanabhan
1711,41225,23844,Gavin Sandhu,Gavin Sandhu
700,41227,23845,George Chaudhuri,George Chaudhuri
700,41232,23848,G Chaudhuri,George Chaudhuri
802,41233,23849,P. Swamy,Pranit Swamy
1510,41236,23851,Daks Yadaw,Daksh Yadav
236,41239,23853,C Singh,Charan Singh
139,41242,23854,D Sampath,Daksh Sampath
262,41246,23857,Victor Badal,Victor Badal
891,41260,23862,Pranit Choudhury,Pranit Choudhury
543,41262,23863,D Handa,Dalbir Handa
1711,41268,23867,G Sandhu,Gavin Sandhu
410,41269,23867,Neel Varghese,Neel Varghese
145,41270,23868,I. Viswanathan,Isaiah Viswanathan
262,41272,23869,V Badal,Victor Badal
1746,41273,23869,Pranil Ratta,Praneel Ratta
1711,41274,23869,Gavin Sandhu,Gavin Sandhu
1660,41275,23870,Ekaraj Lalla,Ekaraj Lalla
89,41276,23870,Manan Kapadia,Manan Kapadia
487,41279,23871,C. Kara,Chanakya Kara
245,41284,23873,A. Padmanabhan,Azad Padmanabhan
1634,41287,23875,O. Narayanan,Owen Narayanan
934,41288,23875,Maanav Chahal,Maanav Chahal
260,41289,23876,M Kapadia,Manthan Kapadia
655,41294,23878,Abdul Mannan,Abdul Mannan
233,41295,23878,Wazir Sinha,Wazir Sinha
89,41296,23879,Manan Kapadia,Manan Kapadia
1524,41297,23879,O. Wali,Onveer Wali
631,41306,23884,Andrew Dugar,Andrew Dugar
983,41308,23885,K. Krish,Kevin Krish
1390,41310,23886,Guneet Maharaj,Guneet Maharaj
934,41311,23886,Maanaw Chahal,Maanav Chahal
260,41312,23887,Manthan Kapadia,Manthan Kapadia
1153,41313,23887,A Lata,Avi Lata
1175,41314,23888,W Saraf,Warda Saraf
705,41322,23892,Zehaan Agrawal,Zehaan Agrawal
661,41326,23894,Parth Madan,Parth Madan
236,41330,23896,C Singh,Charan Singh
705,41333,23898,Zehaan Agrawal,Zehaan Agrawal
1225,41334,23899,Brijesh Parmar,Brijesh Parmar
1676,41338,23900,Finn Sawhney,Finn Sawhney
1634,41344,23903,O. Narayanan,Owen Narayanan
930,41347,23904,S Manda,Sathvik Manda
983,41350,23906,K. Krish,Kevin Krish
319,41354,23909,Yatan Ramaswamy,Yatan Ramaswamy
1634,41358,23912,O. Narayanan,Owen Narayanan
1660,41359,23913,Ekaraj Lalla,Ekaraj Lalla
262,41365,23916,Victor Badal,Victor Badal
39,41366,23917,Anmol Kumer,Anmol Kumer
930,41368,23918,Sathvik Manda,Sathvik Manda
1175,41373,23921,Warda Saraf,Warda Saraf
1746,41374,23922,P. Ratta,Praneel Ratta
366,41375,23923,R. Mangat,Rachit Mangat
661,41386,23929,Parth Madan,Parth Madan
366,41387,23930,R. Mangat,Rachit Mangat
1230,41389,23931,Abhimanyu Muni,Abhimanyu Muni
774,41395,23932,U Behl,Urvashi Behl
1328,41397,23934,Ayushman Nair,Ayushman Nair
983,41400,23934,Kevin Krish,Kevin Krish
1175,41403,23937,Warda Saraf,Warda Saraf
1626,41406,23938,A. Sangha,Atharv Sangha
423,41407,23938,Abhiram Keer,Abhiram Keer
1352,41411,23939,G Hans,Gopal Hans
280,41412,23940,R. Mall,Rachit Mall
39,41413,23940,A. Kumer,Anmol Kumer
856,41414,23941,Chanchal Kala,Chanchal Kala
1331,41415,23942,Dayita Ben,Dayita Ben
145,41417,23944,Isaiah Viswanathan,Isaiah Viswanathan
774,41419,23945,Urvasi Behl,Urvashi Behl
1198,41422,23948,Saksham Kaul,Saksham Kaul
1634,41427,23949,O Narayanan,Owen Narayanan
979,41431,23952,R. Bansal,Ryan Bansal
26,41433,23954,Timoty Sarma,Timothy Sarma
1634,41442,23963,O. Narayanan,Owen Narayanan
262,41444,23965,Victor Badal,Victor Badal
1660,41448,23967,E Lalla,Ekaraj Lalla
126,41449,23967,C. Gopal,Chanakya Gopal
690,41453,23969,M. Kade,Mohammed Kade
245,41456,23971,Azad Padmanabhan,Azad Padmanabhan
233,41460,23974,W Sinha,Wazir Sinha
884,41461,23975,Samesh Sawhney,Samesh Sawhney
700,41463,23977,George Chaudhuri,George Chaudhuri
1663,41466,23979,Wridesh Boase,Wridesh Boase
149,41470,23980,Umang Wason,Umang Wason
31,41472,23981,U. Kuruvilla,Udant Kuruvilla
592,41474,23981,Rohan Gupta,Rohan Gupta
983,41478,23983,K. Krish,Kevin Krish
145,41486,23990,Isaiah Viswanathan,Isaiah Viswanathan
1368,41489,23993,U. Wason,Ubika Wason
1331,41490,23994,Dayita Ben,Dayita Ben
829,41491,23994,Chatura Ben,Chatura Ben
1660,41492,23995,Ekaraj Lalla,Ekaraj Lalla
233,41494,23996,W. Sinha,Wazir Sinha
890,41495,23996,U Kala,Umang Kala
1262,41497,23997,Theodore Ghose,Theodore Ghose
655,41502,24001,A Mannan,Abdul Mannan
592,41505,24003,Rohan Gupta,Rohan Gupta
1331,41506,24003,Dayita Ben,Dayita Ben
258,41507,24003,Darsh Sule,Darsh Sule
468,41509,24004,Mason Basak,Mason Basak
1593,41510,24004,W. Mani,Watika Mani
829,41512,24006,C. Ben,Chatura Ben
979,41514,24007,R Bansal,Ryan Bansal
559,41515,24008,Etan saraf,Ethan Sharaf
536,41520,24010,Warda Dalal,Warda Dalal
245,41521,24011,A Padmanabhan,Azad Padmanabhan
1331,41522,24011,Dayita Ben,Dayita Ben
362,41524,24012,Januja Mammen,Januja Mammen
53,41525,24013,Fiyaz Kale,Fiyaz Kale
487,41527,24015,Chanakya Kara,Chanakya Kara
190,41529,24017,Yachana Samra,Yachana Samra
856,41530,24018,Chanchal Kala,Chanchal Kala
1524,41531,24019,O. Wali,Onveer Wali
1390,41537,24024,Gunit Maharaj,Guneet Maharaj
1262,41538,24025,Theodore Ghose,Theodore Ghose
1663,41539,24026,Wridesh Boase,Wridesh Boase
884,41544,24030,Samesh Sawhney,Samesh Sawhney
314,41545,24031,T Anand,Tarak Anand
245,41548,24032,A. Padmanabhan,Azad Padmanabhan
1711,41551,24035,G Sandhu,Gavin Sandhu
670,41552,24036,Chandresh Viswanathan,Chandresh Viswanathan
700,41554,24037,G. Chaudhuri,George Chaudhuri
237,41555,24037,Eesa Ramaswamy,Eesha Ramaswamy
249,41560,24039,P. Sangha,Peter Sangha
983,41562,24041,K Krish,Kevin Krish
954,41564,24042,Brijes Mistry,Brijesh Mistry
1175,41568,24046,W Saraf,Warda Saraf
313,41570,24047,C Barman,Chakradhar Barman
233,41571,24048,W Sinha,Wazir Sinha
901,41573,24050,Chandres Sani,Chandresh Sani
856,41575,24051,C. Kala,Chanchal Kala
1328,41576,24052,A Nair,Ayushman Nair
983,41577,24052,K. Krish,Kevin Krish
1262,41578,24053,Theodore Ghose,Theodore Ghose
190,41582,24056,Yachana Samra,Yachana Samra
39,41590,24058,Anmol Kumer,Anmol Kumer
366,41591,24058,R. Mangat,Rachit Mangat
661,41592,24059,P. Madan,Parth Madan
89,41596,24063,M Kapadia,Manan Kapadia
930,41597,24063,S. Manda,Sathvik Manda
1791,41602,24067,Ayushman Rajagopal,Ayushman Rajagopal
983,41603,24068,K Krish,Kevin Krish
829,41609,24070,Chatura Ben,Chatura Ben
1660,41610,24071,Ekaraj Lalla,Ekaraj Lalla
631,41611,24072,A Dugar,Andrew Dugar
1175,41612,24073,Warda Saraf,Warda Saraf
631,41613,24074,Andrew Dugar,Andrew Dugar
139,41621,24078,Daksh Sampath,Daksh Sampath
1262,41626,24082,Theodore Ghose,Theodore Ghose
890,41628,24084,U Kala,Umang Kala
690,41629,24085,Mohammed Kade,Mohammed Kade
1660,41630,24086,Ekaraj Lalla,Ekaraj Lalla
930,41632,24087,S Manda,Sathvik Manda
733,41634,24088,Faris Kashyap,Faris Kashyap
1152,41635,24088,A Prasad,Amol Prasad
1746,41639,24089,Praneel Ratta,Praneel Ratta
1711,41640,24090,Gavin Sandhu,Gavin Sandhu
1340,41644,24092,Wahab Sridhar,Wahab Sridhar
1710,41645,24093,Reyansh Kant,Reyansh Kant
930,41646,24093,S Manda,Sathvik Manda
1746,41648,24094,P Ratta,Praneel Ratta
977,41650,24095,O. Pal,Omkaar Pal
979,41651,24096,Ryan Bansal,Ryan Bansal
190,41654,24098,Yachana Samra,Yachana Samra
366,41656,24099,R. Mangat,Rachit Mangat
1098,41657,24099,Triveni Agarwal,Triveni Agarwal
890,41665,24104,Umang Kala,Umang Kala
31,41667,24105,U Kuruvilla,Udant Kuruvilla
1588,41676,24109,tomas Dora,Thomas Dora
1331,41677,24109,Dayita Ben,Dayita Ben
1663,41679,24111,W Boase,Wridesh Boase
543,41681,24112,Dalbir Handa,Dalbir Handa
934,41682,24113,Maanaw Chahal,Maanav Chahal
690,41685,24115,Mohammed Kade,Mohammed Kade
366,41689,24117,Rachit Mangat,Rachit Mangat
736,41692,24119,S. Rama,Siddharth Rama
1579,41693,24120,Azaan Patla,Azaan Patla
1660,41696,24121,Ekaraj Lalla,Ekaraj Lalla
1711,41698,24122,G Sandhu,Gavin Sandhu
776,41701,24124,L Kanda,Lakshit Kanda
1331,41702,24125,Dayita Ben,Dayita Ben
215,41703,24125,Warinder Triwedi,Warinder Trivedi
884,41705,24126,Samesh Sawhney,Samesh Sawhney
661,41716,24133,P. Madan,Parth Madan
145,41725,24136,I Viswanathan,Isaiah Viswanathan
1642,41726,24136,Qadim Venkates,Qadim Venkatesh
705,41727,24137,Z. Agrawal,Zehaan Agrawal
245,41734,24141,Azad Padmanabhan,Azad Padmanabhan
1262,41735,24142,teodore Ghose,Theodore Ghose
934,41736,24143,Maanaw Chahal,Maanav Chahal
930,41740,24144,S Manda,Sathvik Manda
700,41741,24145,George Chaudhuri,George Chaudhuri
655,41743,24147,A. Mannan,Abdul Mannan
1373,41744,24148,Guneet Mittal,Guneet Mittal
366,41745,24149,R Mangat,Rachit Mangat
149,41749,24152,Umang Wason,Umang Wason
1390,41752,24154,Guneet Maharaj,Guneet Maharaj
856,41753,24154,Chanchal Kala,Chanchal Kala
1634,41754,24155,Owen Narayanan,Owen Narayanan
1368,41756,24156,U. Wason,Ubika Wason
829,41759,24157,Chatura Ben,Chatura Ben
249,41762,24158,Peter Sangha,Peter Sangha
31,41764,24159,Udant Kuruvilla,Udant Kuruvilla
1098,41766,24160,Triweni Agarwal,Triveni Agarwal
592,41769,24161,Rohan Gupta,Rohan Gupta
170,41770,24162,Zayyan Nayr,Zayyan Nair
1791,41773,24164,Ayushman Rajagopal,Ayushman Rajagopal
631,41779,24170,Andrew Dugar,Andrew Dugar
655,41783,24172,Abdul Mannan,Abdul Mannan
1404,41785,24172,Hemangini Chanda,Hemangini Chanda
983,41786,24173,K. Krish,Kevin Krish
1711,41787,24174,G Sandhu,Gavin Sandhu
890,41789,24176,Umang Kala,Umang Kala
1373,41791,24177,Guneet Mittal,Guneet Mittal
700,41794,24180,George Chaudhuri,George Chaudhuri
1791,41797,24183,Ayusman Rajagopal,Ayushman Rajagopal
1262,41799,24185,T. Ghose,Theodore Ghose
901,41800,24186,Chandresh Sani,Chandresh Sani
233,41801,24186,Wazir Sinha,Wazir Sinha
190,41805,24187,Yachana Samra,Yachana Samra
774,41806,24187,U Behl,Urvashi Behl
983,41807,24188,K. Krish,Kevin Krish
249,41810,24188,Peter Sangha,Peter Sangha
237,41811,24189,Eesa Ramaswamy,Eesha Ramaswamy
139,41812,24190,D. Sampath,Daksh Sampath
245,41816,24193,Azad Padmanabhan,Azad Padmanabhan
774,41817,24193,Urvasi Behl,Urvashi Behl
1390,41818,24194,Guneet Maharaj,Guneet Maharaj
1663,41819,24195,Wrides Boase,Wridesh Boase
1335,41820,24196,N Pant,Nandini Pant
691,41822,24197,L. Kulkarni,Lopa Kulkarni
245,41825,24199,Azad Padmanabhan,Azad Padmanabhan
1448,41827,24200,F. Iyer,Faqid Iyer
543,41829,24202,Dalbir Handa,Dalbir Handa
1175,41830,24203,W Saraf,Warda Saraf
543,41831,24204,Dalbir Handa,Dalbir Handa
1634,41834,24205,O. Narayanan,Owen Narayanan
500,41838,24207,Harsh Badami,Harsh Badami
298,41841,24208,B. Dey,Brijesh Dey
71,41852,24215,Mason Babu,Mason Babu
856,41857,24218,Chanchal Kala,Chanchal Kala
262,41860,24220,wictor Badal,Victor Badal
856,41861,24220,Chanchal Kala,Chanchal Kala
901,41864,24222,C. Sani,Chandresh Sani
1711,41866,24223,G. Sandhu,Gavin Sandhu
884,41870,24225,Samesh Sawhney,Samesh Sawhney
934,41871,24225,M Chahal,Maanav Chahal
983,41872,24226,Kevin Krish,Kevin Krish
1262,41873,24227,Theodore Ghose,Theodore Ghose
236,41874,24228,Charan Singh,Charan Singh
1364,41879,24229,Y. Om,Yatin Om
262,41883,24231,Victor Badal,Victor Badal
1198,41885,24232,Saksham Kaul,Saksham Kaul
145,41887,24234,I. Viswanathan,Isaiah Viswanathan
1663,41899,24241,W. Boase,Wridesh Boase
1328,41900,24242,A Nair,Ayushman Nair
1132,41907,24246,Fitan Lata,Fitan Lata
774,41911,24248,U. Behl,Urvashi Behl
1390,41914,24250,G Maharaj,Guneet Maharaj
543,41916,24250,Dalbir Handa,Dalbir Handa
89,41918,24251,Manan Kapadia,Manan Kapadia
631,41923,24252,Andrew Dugar,Andrew Dugar
89,41930,24255,Manan Kapadia,Manan Kapadia
890,41931,24256,Umang Kala,Umang Kala
1170,41935,24257,Barkha Nath,Barkha Nath
247,41940,24260,Wyatt Mahajan,Wyatt Mahajan
733,41942,24261,Faris Kasyap,Faris Kashyap
1373,41951,24269,Gunit Mittal,Guneet Mittal
262,41955,24271,V. Badal,Victor Badal
1711,41956,24272,Gawin Sandhu,Gavin Sandhu
366,41959,24274,R. Mangat,Rachit Mangat
1117,41966,24278,Aryan Grewal,Aryan Grewal
392,41967,24278,Mattew Kir,Matthew Keer
735,41970,24279,J. Manda,Januja Manda
235,41976,24282,D Sodhi,Darsh Sodhi
1368,41982,24285,Ubika Wason,Ubika Wason
1746,41985,24287,Praneel Ratta,Praneel Ratta
1711,41987,24287,Gavin Sandhu,Gavin Sandhu
1283,41988,24287,A Majumdar,Abhiram Majumdar
249,41989,24288,Peter Sangha,Peter Sangha
236,41990,24289,Charan Singh,Charan Singh
1272,41991,24289,Shaurya Shere,Shaurya Shere
31,41995,24291,Udant Kuruwilla,Udant Kuruvilla
690,41996,24291,Mohammed Kade,Mohammed Kade
145,41998,24292,Isaiah Viswanathan,Isaiah Viswanathan
1746,42000,24293,P Ratta,Praneel Ratta
884,42003,24294,Sames Sawhney,Samesh Sawhney
149,42009,24299,Umang Wason,Umang Wason
260,42011,24300,M. Kapadia,Manthan Kapadia
1137,42017,24304,Yas Narasimhan,Yash Narasimhan
262,42020,24305,Victor Badal,Victor Badal
237,42022,24305,E Ramaswamy,Eesha Ramaswamy
145,42032,24309,Isayah wiswanathan,Isaiah Viswanathan
487,42036,24312,Chanakya Kara,Chanakya Kara
901,42039,24312,Chandresh Sani,Chandresh Sani
149,42040,24313,Umang Wason,Umang Wason
721,42042,24315,H. Devan,Harrison Devan
1524,42048,24319,Onweer Wali,Onveer Wali
236,42060,24328,Charan Singh,Charan Singh
901,42061,24329,C Sani,Chandresh Sani
733,42064,24330,Faris Kashyap,Faris Kashyap
1198,42065,24330,S Kaul,Saksham Kaul
1524,42069,24334,Onvir Wali,Onveer Wali
1004,42070,24335,Adway Gara,Advay Gara
733,42072,24336,F Kashyap,Faris Kashyap
1262,42079,24340,Theodore Ghose,Theodore Ghose
81,42081,24341,M Toor,Mitesh Toor
262,42083,24342,V. Badal,Victor Badal
139,42084,24343,Daks Sampat,Daksh Sampath
1310,42085,24344,Michael Narang,Michael Narang
592,42086,24345,Rohan Gupta,Rohan Gupta
236,42088,24347,Charan Singh,Charan Singh
1328,42095,24353,Ayusman Nayr,Ayushman Nair
884,42098,24356,Sames Sawhney,Samesh Sawhney
487,42100,24358,Chanakya Kara,Chanakya Kara
774,42105,24359,Urvashi Behl,Urvashi Behl
272,42106,24359,Banjit Sura,Banjeet Sura
262,42107,24360,V. Badal,Victor Badal
700,42111,24362,George Chaudhuri,George Chaudhuri
592,42114,24363,Rohan Gupta,Rohan Gupta
1180,42115,24363,Udarsh Batra,Udarsh Batra
139,42116,24363,D. Sampath,Daksh Sampath
119,42118,24364,Yug Korpal,Yug Korpal
1331,42121,24366,Dayita Ben,Dayita Ben
1175,42123,24366,Warda Saraf,Warda Saraf
39,42131,24371,Anmol Kumer,Anmol Kumer
930,42132,24371,Satvik Manda,Sathvik Manda
262,42133,24372,Victor Badal,Victor Badal
1791,42134,24372,A Rajagopal,Ayushman Rajagopal
937,42140,24376,E. Lal,Ekapad Lal
245,42145,24380,A Padmanabhan,Azad Padmanabhan
890,42146,24380,Umang Kala,Umang Kala
1663,42151,24383,Wrides Boase,Wridesh Boase
890,42155,24386,U. Kala,Umang Kala
1198,42156,24386,Saksham Kaul,Saksham Kaul
901,42159,24389,Chandres Sani,Chandresh Sani
262,42163,24391,Victor Badal,Victor Badal
439,42164,24392,Arin Gour,Arin Gour
908,42165,24393,Balhaar Kanda,Balhaar Kanda
700,42167,24395,George Chaudhuri,George Chaudhuri
262,42172,24397,Victor Badal,Victor Badal
236,42175,24400,C. Singh,Charan Singh
1746,42178,24403,Praneel Ratta,Praneel Ratta
139,42179,24404,Daks Sampat,Daksh Sampath
366,42181,24405,R Mangat,Rachit Mangat
592,42194,24413,Rohan Gupta,Rohan Gupta
979,42196,24414,Ryan Bansal,Ryan Bansal
570,42199,24415,Yasawini Chacko,Yashawini Chacko
1777,42200,24415,Zilmil Prasad,Zilmil Prashad
945,42205,24419,Lucky Kala,Lucky Kala
1373,42208,24420,Guneet Mittal,Guneet Mittal
890,42209,24420,U Kala,Umang Kala
236,42210,24421,Charan Singh,Charan Singh
1113,42215,24424,S. Chandran,Sanya Chandran
245,42216,24424,Azad Padmanabhan,Azad Padmanabhan
1198,42217,24425,Saksham Kaul,Saksham Kaul
1663,42218,24425,Wrides Boase,Wridesh Boase
272,42221,24426,Banjeet Sura,Banjeet Sura
791,42222,24427,R Hora,Ronith Hora
260,42223,24427,Manthan Kapadia,Manthan Kapadia
272,42225,24428,Banjeet Sura,Banjeet Sura
366,42227,24430,R Mangat,Rachit Mangat
655,42230,24431,A. Mannan,Abdul Mannan
245,42231,24431,A Padmanabhan,Azad Padmanabhan
1634,42232,24432,Owen Narayanan,Owen Narayanan
245,42233,24433,A. Padmanabhan,Azad Padmanabhan
249,42240,24438,Peter Sangha,Peter Sangha
249,42241,24438,Peter Sangha,Peter Sangha
901,42243,24439,Chandresh Sani,Chandresh Sani
1368,42246,24440,Ubika Wason,Ubika Wason
592,42247,24440,R Gupta,Rohan Gupta
1175,42248,24440,Warda Saraf,Warda Saraf
829,42249,24441,Chatura Ben,Chatura Ben
690,42250,24441,M. Kade,Mohammed Kade
791,42251,24441,Ronit Hora,Ronith Hora
1660,42252,24442,E Lalla,Ekaraj Lalla
237,42255,24443,Eesha Ramaswamy,Eesha Ramaswamy
1640,42268,24448,Fitan wenkataraman,Fitan Venkataraman
39,42270,24449,A Kumer,Anmol Kumer
236,42273,24451,C. Singh,Charan Singh
1660,42274,24452,Ekaraj Lalla,Ekaraj Lalla
901,42276,24454,C Sani,Chandresh Sani
901,42279,24457,Chandresh Sani,Chandresh Sani
705,42286,24460,Zehaan Agrawal,Zehaan Agrawal
1746,42289,24460,P. Ratta,Praneel Ratta
1198,42290,24461,S Kaul,Saksham Kaul
31,42294,24462,Udant Kuruwilla,Udant Kuruvilla
930,42296,24462,S. Manda,Sathvik Manda
884,42299,24463,Samesh Sawhney,Samesh Sawhney
700,42301,24465,G. Chaudhuri,George Chaudhuri
661,42302,24466,Parth Madan,Parth Madan
1262,42303,24467,T. Ghose,Theodore Ghose
884,42304,24468,Samesh Sawhney,Samesh Sawhney
1524,42305,24468,Onveer Wali,Onveer Wali
856,42308,24470,Chanchal Kala,Chanchal Kala
31,42310,24471,Udant Kuruvilla,Udant Kuruvilla
145,42313,24473,Isaiah Viswanathan,Isaiah Viswanathan
1390,42314,24473,G Maharaj,Guneet Maharaj
983,42315,24474,Kevin Krish,Kevin Krish
884,42316,24475,Samesh Sawhney,Samesh Sawhney
366,42317,24476,Rachit Mangat,Rachit Mangat
890,42318,24477,Umang Kala,Umang Kala
1390,42319,24478,Guneet Maharaj,Guneet Maharaj
1175,42323,24480,Warda Saraf,Warda Saraf
901,42328,24483,Chandresh Sani,Chandresh Sani
1198,42329,24484,Saksam Kaul,Saksham Kaul
260,42331,24485,Manthan Kapadia,Manthan Kapadia
236,42333,24487,C. Singh,Charan Singh
1073,42335,24489,Kiaan Ramesh,Kiaan Ramesh
705,42336,24490,Zehaan Agrawal,Zehaan Agrawal
233,42339,24492,Wazir Sinha,Wazir Sinha
1791,42342,24494,Ayusman Rajagopal,Ayushman Rajagopal
237,42346,24496,isha Ramaswamy,Eesha Ramaswamy
829,42348,24497,Chatura Ben,Chatura Ben
829,42352,24498,C. Ben,Chatura Ben
661,42362,24506,Parth Madan,Parth Madan
1434,42364,24508,L. Narayanan,Laksh Narayanan
260,42367,24509,M. Kapadia,Manthan Kapadia
1524,42368,24510,Onveer Wali,Onveer Wali
983,42372,24512,K Krish,Kevin Krish
1660,42373,24513,E. Lalla,Ekaraj Lalla
901,42376,24513,Chandresh Sani,Chandresh Sani
631,42377,24514,Andrew Dugar,Andrew Dugar
979,42379,24515,R. Bansal,Ryan Bansal
89,42381,24516,Manan Kapadia,Manan Kapadia
890,42384,24517,Umang Kala,Umang Kala
1634,42389,24519,O Narayanan,Owen Narayanan
983,42390,24519,Kevin Krish,Kevin Krish
856,42395,24523,Chanchal Kala,Chanchal Kala
139,42397,24524,D Sampath,Daksh Sampath
1634,42401,24527,O. Narayanan,Owen Narayanan
655,42403,24528,Abdul Mannan,Abdul Mannan
139,42405,24529,Daksh Sampath,Daksh Sampath
459,42406,24530,Warjas Tara,Warjas Tara
212,42408,24531,Qusi Dass,Qushi Dass
366,42409,24531,R Mangat,Rachit Mangat
253,42410,24532,M. Dar,Mohammed Dar
829,42419,24538,C. Ben,Chatura Ben
1328,42421,24539,A. Nair,Ayushman Nair
705,42423,24539,Zehaan Agrawal,Zehaan Agrawal
901,42424,24540,Chandres Sani,Chandresh Sani
1660,42427,24541,Ekaraj Lalla,Ekaraj Lalla
543,42428,24542,Dalbir Handa,Dalbir Handa
1410,42432,24545,Laban Wable,Laban Wable
604,42435,24547,Tarak Divan,Tarak Divan
1444,42436,24547,J. Shroff,Jagdish Shroff
1175,42438,24548,W. Saraf,Warda Saraf
245,42439,24548,A. Padmanabhan,Azad Padmanabhan
1660,42442,24550,Ekaraj Lalla,Ekaraj Lalla
1343,42445,24551,Liam Dugar,Liam Dugar
89,42447,24552,Manan Kapadia,Manan Kapadia
1524,42449,24552,Onveer Wali,Onveer Wali
260,42450,24553,Mantan Kapadia,Manthan Kapadia
134,42452,24554,Tristan Saxena,Tristan Saxena
260,42453,24555,M. Kapadia,Manthan Kapadia
901,42455,24556,C Sani,Chandresh Sani
856,42458,24558,C. Kala,Chanchal Kala
930,42462,24560,Satvik Manda,Sathvik Manda
366,42465,24562,Rachit Mangat,Rachit Mangat
774,42466,24563,U. Behl,Urvashi Behl
249,42468,24564,Peter Sangha,Peter Sangha
262,42471,24565,V. Badal,Victor Badal
765,42472,24566,B. Mane,Balveer Mane
661,42473,24567,Part Madan,Parth Madan
1373,42475,24567,G. Mittal,Guneet Mittal
791,42481,24571,Ronith Hora,Ronith Hora
139,42482,24572,D. Sampath,Daksh Sampath
1676,42487,24575,Finn Sawhney,Finn Sawhney
137,42491,24576,Indrajit setty,Indrajit Shetty
661,42492,24577,Part Madan,Parth Madan
39,42495,24577,Anmol Kumer,Anmol Kumer
791,42500,24580,Ronit Hora,Ronith Hora
31,42503,24582,Udant Kuruvilla,Udant Kuruvilla
884,42506,24583,Sames Sawhney,Samesh Sawhney
1175,42510,24587,Warda Saraf,Warda Saraf
237,42513,24588,Eesa Ramaswamy,Eesha Ramaswamy
1544,42516,24589,Laban Kala,Laban Kala
272,42517,24590,Banjeet Sura,Banjeet Sura
912,42524,24595,A Dara,Aryan Dara
700,42526,24595,G. Chaudhuri,George Chaudhuri
744,42530,24599,J Bhatnagar,Jacob Bhatnagar
407,42531,24599,O Toor,Oliver Toor
1368,42535,24602,Ubika Wason,Ubika Wason
705,42540,24607,Z Agrawal,Zehaan Agrawal
1676,42541,24608,Finn Sawhney,Finn Sawhney
1663,42543,24610,W Boase,Wridesh Boase
661,42547,24612,P. Madan,Parth Madan
1798,42553,24616,Nites Agrawal,Nitesh Agrawal
454,42555,24617,Abdul Rout,Abdul Rout
1165,42558,24618,Raagini Dube,Raagini Dube
1203,42560,24619,V. Sur,Vihaan Sur
1700,42564,24621,X. Bhat,Xavier Bhat
213,42568,24625,Vincent Khurana,Vincent Khurana
322,42572,24628,Quincy Dalal,Quincy Dalal
544,42575,24629,Rudra Chakrabarti,Rudra Chakrabarti
1761,42576,24630,Rudra Bava,Rudra Bava
1643,42579,24632,Aaraw Chhabra,Aarav Chhabra
294,42580,24633,Nitara Vig,Nitara Vig
1350,42581,24633,Frado Rout,Frado Rout
718,42582,24634,Andrew Bandi,Andrew Bandi
1180,42587,24639,U Batra,Udarsh Batra
688,42591,24643,Jeevika Parsa,Jeevika Parsa
915,42596,24645,Nidra Nagy,Nidra Nagy
111,42597,24646,O Dutta,Onveer Dutta
419,42598,24647,Tarak Mangat,Tarak Mangat
1180,42604,24650,Udars Batra,Udarsh Batra
1013,42605,24651,George Sule,George Sule
8,42610,24654,A. Sarin,Abhiram Sarin
325,42616,24657,E. Minhas,Ekapad Minhas
1643,42617,24657,Aaraw Chhabra,Aarav Chhabra
716,42621,24660,Daniel Chahal,Daniel Chahal
1743,42628,24663,O. Bala,Onveer Bala
419,42629,24663,Tarak Mangat,Tarak Mangat
454,42630,24663,Abdul Rout,Abdul Rout
1755,42632,24665,N. Kanda,Neel Kanda
833,42635,24666,Chaitanya Khare,Chaitanya Khare
718,42637,24667,A Bandi,Andrew Bandi
1374,42639,24669,Ayaan Din,Ayaan Din
965,42643,24673,Nachiket Nagarajan,Nachiket Nagarajan
632,42644,24673,Madhaw Dugar,Madhav Dugar
1062,42645,24673,A. Solanki,Anmol Solanki
1013,42652,24679,G Sule,George Sule
1665,42653,24680,Chanakya Patla,Chanakya Patla
1591,42654,24680,Faqid Dora,Faqid Dora
1606,42657,24681,Yatin Savant,Yatin Savant
1199,42661,24683,H Jain,Hema Jain
62,42663,24684,U Kulkarni,Utkarsh Kulkarni
62,42665,24684,U. Kulkarni,Utkarsh Kulkarni
628,42669,24687,M. Bhalla,Mason Bhalla
1606,42672,24689,Yatin Sawant,Yatin Savant
626,42676,24690,Janya Balasubramanian,Janya Balasubramanian
555,42678,24691,Bhanumati Muni,Bhanumati Muni
962,42687,24696,Zasil Sehgal,Zashil Sehgal
1319,42688,24697,R. Din,Ria Din
718,42697,24702,Andrew Bandi,Andrew Bandi
1137,42698,24703,Yash Narasimhan,Yash Narasimhan
807,42699,24703,Hitesh Kothari,Hitesh Kothari
493,42700,24704,Reyans Dugal,Reyansh Dugal
1591,42708,24709,F. Dora,Faqid Dora
1181,42712,24712,D. Panchal,Darpan Panchal
213,42713,24712,Vincent Khurana,Vincent Khurana
1528,42714,24712,Tanis Das,Tanish Das
1606,42718,24714,Yatin Sawant,Yatin Savant
130,42719,24714,Ranveer Raman,Ranveer Raman
1350,42721,24715,Frado Rout,Frado Rout
1606,42722,24716,Yatin Sawant,Yatin Savant
241,42725,24717,Raksha Mohan,Raksha Mohan
824,42729,24721,S. Nanda,Sanya Nanda
454,42730,24721,A. Rout,Abdul Rout
1215,42732,24723,Eiravati Chaudhry,Eiravati Chaudhry
1530,42733,24724,Pushti Chaudhuri,Pushti Chaudhuri
544,42735,24724,R. Chakrabarti,Rudra Chakrabarti
555,42737,24725,B Muni,Bhanumati Muni
1743,42739,24725,Onvir Bala,Onveer Bala
1137,42740,24726,Yash Narasimhan,Yash Narasimhan
527,42744,24727,R. Swamy,Ranbir Swamy
1181,42747,24730,Darpan Panchal,Darpan Panchal
62,42750,24733,Utkarsh Kulkarni,Utkarsh Kulkarni
111,42752,24734,O. Dutta,Onveer Dutta
187,42755,24736,A Jha,Arjun Jha
527,42756,24736,R Swamy,Ranbir Swamy
962,42758,24738,Zasil Sehgal,Zashil Sehgal
1615,42760,24739,Krish D’Alia,Krish D’Alia
962,42762,24741,Z. Sehgal,Zashil Sehgal
656,42764,24742,R Bhatia,Reyansh Bhatia
1165,42767,24744,Raagini Dube,Raagini Dube
1350,42770,24744,Frado Rout,Frado Rout
1743,42772,24745,Onweer Bala,Onveer Bala
915,42777,24749,Nidra Nagy,Nidra Nagy
111,42783,24753,Onveer Dutta,Onveer Dutta
1180,42793,24759,U Batra,Udarsh Batra
632,42794,24759,M Dugar,Madhav Dugar
540,42795,24759,D. Sastry,Daniel Sastry
493,42803,24762,R Dugal,Reyansh Dugal
1643,42811,24767,Aaraw Chhabra,Aarav Chhabra
656,42813,24768,Reyansh Bhatia,Reyansh Bhatia
64,42815,24769,E. Rai,Ekapad Rai
1377,42816,24770,A Sule,Abeer Sule
1591,42818,24771,F. Dora,Faqid Dora
1530,42821,24772,Pushti Chaudhuri,Pushti Chaudhuri
5,42825,24774,Tanay Jaggi,Tanay Jaggi
460,42826,24774,Rajeshri Vora,Rajeshri Vora
1374,42831,24778,A Din,Ayaan Din
491,42835,24781,H Bobal,Harish Bobal
1052,42838,24783,F. Randhawa,Faras Randhawa
1021,42842,24785,Chatresh Chokshi,Chatresh Chokshi
1615,42850,24791,K D’Alia,Krish D’Alia
35,42853,24792,Teert sa,Teerth Sha
1377,42855,24794,Abeer Sule,Abeer Sule
213,42857,24795,Vincent Khurana,Vincent Khurana
915,42860,24795,N. Nagy,Nidra Nagy
716,42861,24796,Daniel Chahal,Daniel Chahal
1451,42864,24798,I. Rastogi,Ishwar Rastogi
632,42867,24800,Madhaw Dugar,Madhav Dugar
1643,42872,24802,Aarav Chhabra,Aarav Chhabra
1237,42875,24805,A. Kaul,Anmol Kaul
8,42880,24807,Abhiram Sarin,Abhiram Sarin
626,42881,24807,Janya Balasubramanian,Janya Balasubramanian
106,42883,24808,Banjeet Rajan,Banjeet Rajan
111,42887,24809,Onveer Dutta,Onveer Dutta
1314,42889,24810,S Kapur,Samaksh Kapur
1385,42890,24811,Ranbir Madan,Ranbir Madan
1643,42891,24811,Aarav Chhabra,Aarav Chhabra
1036,42895,24813,Q. Brar,Qadim Brar
1615,42903,24816,Krish D’Alia,Krish D’Alia
8,42904,24817,A. Sarin,Abhiram Sarin
527,42906,24819,R Swamy,Ranbir Swamy
716,42908,24820,D. Chahal,Daniel Chahal
915,42910,24821,N Nagy,Nidra Nagy
674,42913,24823,Falan Goswami,Falan Goswami
962,42914,24823,Z. Sehgal,Zashil Sehgal
1374,42921,24827,Ayaan Din,Ayaan Din
626,42922,24828,J Balasubramanian,Janya Balasubramanian
1199,42934,24836,H Jain,Hema Jain
739,42937,24837,Harrison Nayk,Harrison Naik
1242,42938,24837,Christopher Sahota,Christopher Sahota
1336,42942,24838,Ryan Dave,Ryan Dave
1767,42946,24842,wihaan Jayaraman,Vihaan Jayaraman
393,42950,24845,Jason Raju,Jason Raju
1237,42951,24846,Anmol Kaul,Anmol Kaul
1530,42953,24847,Pushti Chaudhuri,Pushti Chaudhuri
1350,42957,24849,Frado Rout,Frado Rout
1615,42969,24856,Krish D’Alia,Krish D’Alia
688,42970,24857,J Parsa,Jeevika Parsa
1242,42971,24858,Christopher Sahota,Christopher Sahota
915,42974,24858,N Nagy,Nidra Nagy
1180,42976,24859,Udars Batra,Udarsh Batra
419,42977,24859,Tarak Mangat,Tarak Mangat
448,42981,24862,Samuel Minhas,Samuel Minhas
1165,42982,24862,R Dube,Raagini Dube
448,42984,24864,S. Minhas,Samuel Minhas
1552,42986,24864,Christopher Ghosh,Christopher Ghosh
628,42990,24867,Mason Bhalla,Mason Bhalla
1320,42993,24869,U Bhatia,Upkaar Bhatia
626,42996,24871,J Balasubramanian,Janya Balasubramanian
1591,43003,24876,Faqid Dora,Faqid Dora
419,43005,24876,Tarak Mangat,Tarak Mangat
1615,43007,24878,K D’Alia,Krish D’Alia
897,43011,24881,Vansha Shroff,Vansha Shroff
111,43015,24884,Onveer Dutta,Onveer Dutta
1013,43016,24885,George Sule,George Sule
1203,43019,24886,V Sur,Vihaan Sur
128,43024,24888,D Grover,Dominic Grover
325,43027,24889,Ekapad Minhas,Ekapad Minhas
824,43033,24892,S Nanda,Sanya Nanda
1761,43034,24892,Rudra Bava,Rudra Bava
213,43035,24893,V Khurana,Vincent Khurana
825,43036,24894,G Konda,Gavin Konda
656,43038,24895,Reyansh Bhatia,Reyansh Bhatia
454,43041,24897,Abdul Rout,Abdul Rout
1743,43042,24898,O Bala,Onveer Bala
448,43043,24899,Samuel Minhas,Samuel Minhas
460,43044,24899,Rajesri wora,Rajeshri Vora
915,43045,24899,Nidra Nagy,Nidra Nagy
62,43049,24902,Utkarsh Kulkarni,Utkarsh Kulkarni
62,43052,24904,Utkarsh Kulkarni,Utkarsh Kulkarni
952,43054,24906,Fitan Deep,Fitan Deep
1165,43055,24907,Raagini Dube,Raagini Dube
824,43056,24908,Sanya Nanda,Sanya Nanda
1774,43057,24909,Max Chakraborty,Max Chakraborty
1237,43059,24910,Anmol Kaul,Anmol Kaul
1185,43062,24913,Vinaya Chacko,Vinaya Chacko
493,43075,24920,R. Dugal,Reyansh Dugal
1615,43076,24921,Kris D’Alia,Krish D’Alia
1643,43081,24924,A. Chhabra,Aarav Chhabra
419,43088,24928,Tarak Mangat,Tarak Mangat
1199,43093,24930,H Jain,Hema Jain
1643,43094,24931,Aaraw Chhabra,Aarav Chhabra
1203,43102,24937,V. Sur,Vihaan Sur
419,43107,24940,Tarak Mangat,Tarak Mangat
1643,43113,24943,Aarav Chhabra,Aarav Chhabra
962,43114,24944,Z Sehgal,Zashil Sehgal
368,43115,24944,Girik Tripathi,Girik Tripathi
64,43118,24945,E. Rai,Ekapad Rai
1350,43126,24949,Frado Rout,Frado Rout
718,43128,24950,Andrew Bandi,Andrew Bandi
1761,43131,24952,Rudra Bava,Rudra Bava
1743,43133,24953,Onveer Bala,Onveer Bala
1242,43135,24955,Christopher Sahota,Christopher Sahota
812,43136,24956,Nicholas Raju,Nicholas Raju
626,43141,24958,J. Balasubramanian,Janya Balasubramanian
1761,43147,24961,Rudra Bawa,Rudra Bava
1267,43150,24962,Aarush Randhawa,Aarush Randhawa
688,43152,24962,J Parsa,Jeevika Parsa
1237,43153,24962,Anmol Kaul,Anmol Kaul
1606,43159,24966,Yatin Savant,Yatin Savant
368,43161,24967,G. Tripathi,Girik Tripathi
111,43164,24969,Onveer Dutta,Onveer Dutta
1203,43165,24970,V Sur,Vihaan Sur
688,43172,24972,Jeevika Parsa,Jeevika Parsa
325,43176,24974,Ekapad Minhas,Ekapad Minhas
688,43177,24975,Jeevika Parsa,Jeevika Parsa
555,43181,24976,Bhanumati Muni,Bhanumati Muni
1374,43186,24978,A Din,Ayaan Din
1743,43189,24981,Onveer Bala,Onveer Bala
631,43190,24982,A. Dugar,Andrew Dugar
241,43193,24982,R. Mohan,Raksha Mohan
130,43195,24983,Ranveer Raman,Ranveer Raman
287,43198,24984,Aksay Bahri,Akshay Bahri
527,43206,24988,Ranbir Swamy,Ranbir Swamy
1401,43216,24995,N Handa,Neha Handa
824,43222,24998,Sanya Nanda,Sanya Nanda
1714,43224,24999,U Chana,Utkarsh Chana
1016,43225,25000,P. Manne,Parth Manne
1530,43226,25001,Pushti Chaudhuri,Pushti Chaudhuri
1401,43227,25002,N Handa,Neha Handa
716,43228,25003,Daniel Chahal,Daniel Chahal
213,43230,25004,V. Khurana,Vincent Khurana
544,43231,25005,Rudra Chakrabarti,Rudra Chakrabarti
454,43232,25006,Abdul Rout,Abdul Rout
716,43237,25008,Daniel Chahal,Daniel Chahal
1242,43238,25009,Christopher Sahota,Christopher Sahota
1530,43240,25010,P. Chaudhuri,Pushti Chaudhuri
824,43244,25012,S Nanda,Sanya Nanda
905,43248,25016,N Guha,Neel Guha
1615,43250,25017,Krish D’Alia,Krish D’Alia
1123,43251,25017,Krish Dhawan,Krish Dhawan
1606,43252,25018,Yatin Savant,Yatin Savant
241,43256,25021,Raksha Mohan,Raksha Mohan
1552,43257,25021,C Ghosh,Christopher Ghosh
1528,43260,25023,T Das,Tanish Das
596,43269,25029,N. Mohan,Nakul Mohan
368,43271,25031,Girik Tripati,Girik Tripathi
824,43272,25031,Sanya Nanda,Sanya Nanda
626,43273,25032,J Balasubramanian,Janya Balasubramanian
1743,43274,25032,Onveer Bala,Onveer Bala
213,43285,25037,Vincent Khurana,Vincent Khurana
1137,43288,25038,Yash Narasimhan,Yash Narasimhan
718,43290,25040,A Bandi,Andrew Bandi
1423,43291,25040,Iswar Parek,Ishwar Parekh
1377,43293,25042,A Sule,Abeer Sule
1643,43296,25044,Aarav Chhabra,Aarav Chhabra
1717,43298,25045,Gunbir Dube,Gunbir Dube
626,43299,25046,Janya Balasubramanian,Janya Balasubramanian
718,43313,25056,Andrew Bandi,Andrew Bandi
1489,43315,25056,Advay Gola,Advay Gola
628,43316,25057,M Bhalla,Mason Bhalla
1165,43329,25064,R. Dube,Raagini Dube
241,43332,25065,R Mohan,Raksha Mohan
128,43333,25066,D. Grover,Dominic Grover
493,43334,25066,Reyansh Dugal,Reyansh Dugal
1199,43339,25069,H Jain,Hema Jain
460,43341,25069,R. Vora,Rajeshri Vora
1177,43342,25070,S Din,Samarth Din
688,43344,25070,Jeevika Parsa,Jeevika Parsa
1013,43345,25071,George Sule,George Sule
111,43346,25072,Onvir Dutta,Onveer Dutta
62,43352,25075,Utkarsh Kulkarni,Utkarsh Kulkarni
1606,43355,25077,Yatin Savant,Yatin Savant
1203,43357,25079,V Sur,Vihaan Sur
632,43359,25080,M Dugar,Madhav Dugar
62,43360,25081,U. Kulkarni,Utkarsh Kulkarni
990,43362,25082,Harrison Sandal,Harrison Sandal
410,43363,25082,N. Varghese,Neel Varghese
1374,43364,25083,A Din,Ayaan Din
718,43366,25084,A. Bandi,Andrew Bandi
452,43367,25085,Jackson Sampath,Jackson Sampath
962,43368,25086,Z. Sehgal,Zashil Sehgal
1137,43371,25088,Y. Narasimhan,Yash Narasimhan
1377,43373,25090,Abeer Sule,Abeer Sule
1242,43374,25090,Christopher Sahota,Christopher Sahota
718,43376,25091,A. Bandi,Andrew Bandi
241,43377,25092,R Mohan,Raksha Mohan
111,43378,25092,O Dutta,Onveer Dutta
824,43381,25093,S Nanda,Sanya Nanda
63,43387,25096,Gunit Lutra,Guneet Luthra
1401,43389,25097,N Handa,Neha Handa
1615,43400,25102,Krish D’Alia,Krish D’Alia
8,43401,25103,Abhiram Sarin,Abhiram Sarin
1360,43404,25106,Neel Sibal,Neel Sibal
527,43408,25109,R. Swamy,Ranbir Swamy
325,43409,25110,E. Minhas,Ekapad Minhas
325,43412,25113,Ekapad Minhas,Ekapad Minhas
1181,43420,25118,Darpan Panchal,Darpan Panchal
1401,43421,25119,Neha Handa,Neha Handa
555,43422,25119,Bhanumati Muni,Bhanumati Muni
8,43423,25120,Abhiram Sarin,Abhiram Sarin
1237,43425,25120,A. Kaul,Anmol Kaul
1374,43427,25121,A. Din,Ayaan Din
454,43430,25124,Abdul Rout,Abdul Rout
493,43432,25125,R Dugal,Reyansh Dugal
368,43435,25126,Girik Tripathi,Girik Tripathi
1180,43436,25127,Udarsh Batra,Udarsh Batra
749,43437,25127,Haris wohra,Harish Vohra
213,43442,25129,V. Khurana,Vincent Khurana
656,43443,25130,Reyansh Bhatia,Reyansh Bhatia
1237,43446,25133,A. Kaul,Anmol Kaul
1181,43450,25135,Darpan Panchal,Darpan Panchal
111,43451,25136,Onweer Dutta,Onveer Dutta
130,43454,25137,R Raman,Ranveer Raman
1062,43455,25137,A Solanki,Anmol Solanki
1374,43458,25138,A Din,Ayaan Din
436,43459,25138,C Bir,Christopher Bir
555,43460,25139,Bhanumati Muni,Bhanumati Muni
1374,43465,25142,A. Din,Ayaan Din
962,43467,25143,Zashil Sehgal,Zashil Sehgal
130,43470,25144,R. Raman,Ranveer Raman
1181,43473,25146,Darpan Panchal,Darpan Panchal
1606,43478,25149,Y. Savant,Yatin Savant
663,43487,25155,Ayush Kunda,Ayush Kunda
952,43488,25155,Fitan Deep,Fitan Deep
62,43489,25156,Utkars Kulkarni,Utkarsh Kulkarni
1087,43493,25159,Maanav Khanna,Maanav Khanna
213,43495,25160,Vincent Khurana,Vincent Khurana
632,43496,25161,Madhaw Dugar,Madhav Dugar
875,43505,25166,Nitara Apte,Nitara Apte
113,43508,25168,Finn Bava,Finn Bava
688,43510,25169,J Parsa,Jeevika Parsa
486,43518,25172,Z. Devi,Zehaan Devi
656,43528,25178,Reyans Bhatia,Reyansh Bhatia
1237,43530,25178,A Kaul,Anmol Kaul
396,43534,25181,Yuwraj Dora,Yuvraj Dora
626,43536,25183,J. Balasubramanian,Janya Balasubramanian
1528,43538,25185,T. Das,Tanish Das
8,43539,25186,Abhiram Sarin,Abhiram Sarin
222,43542,25188,Ranbir Mishra,Ranbir Mishra
1743,43545,25190,O. Bala,Onveer Bala
1192,43550,25192,C. Manda,Chandresh Manda
1181,43551,25192,Darpan Panchal,Darpan Panchal
718,43554,25195,Andrew Bandi,Andrew Bandi
1591,43555,25196,Faqid Dora,Faqid Dora
628,43556,25196,Mason Bhalla,Mason Bhalla
1530,43561,25198,P Chaudhuri,Pushti Chaudhuri
962,43562,25199,Zashil Sehgal,Zashil Sehgal
626,43563,25199,Janya Balasubramanian,Janya Balasubramanian
1606,43564,25200,Yatin Sawant,Yatin Savant
213,43565,25200,V Khurana,Vincent Khurana
126,43568,25201,Chanakya Gopal,Chanakya Gopal
1199,43570,25203,H. Jain,Hema Jain
368,43573,25205,Girik Tripati,Girik Tripathi
1591,43579,25208,F Dora,Faqid Dora
1177,43582,25210,S Din,Samarth Din
1734,43583,25211,Harshil Bhavsar,Harshil Bhavsar
716,43586,25213,Daniel Chahal,Daniel Chahal
368,43589,25214,G. Tripathi,Girik Tripathi
1552,43595,25217,C Ghosh,Christopher Ghosh
1016,43596,25218,Parth Manne,Parth Manne
1643,43601,25222,A Chhabra,Aarav Chhabra
716,43606,25224,Daniel Chahal,Daniel Chahal
111,43609,25226,O. Dutta,Onveer Dutta
656,43610,25227,Reyans Bhatia,Reyansh Bhatia
1137,43612,25228,Yash Narasimhan,Yash Narasimhan
1743,43614,25230,Onveer Bala,Onveer Bala
527,43618,25232,Ranbir Swamy,Ranbir Swamy
1643,43624,25235,A. Chhabra,Aarav Chhabra
626,43630,25237,Janya Balasubramanian,Janya Balasubramanian
632,43631,25237,Madhaw Dugar,Madhav Dugar
1615,43635,25240,Krish D’Alia,Krish D’Alia
1199,43636,25241,H Jain,Hema Jain
1590,43637,25241,N Keer,Nachiket Keer
1115,43641,25244,S. Bhatia,Shivansh Bhatia
130,43642,25244,R Raman,Ranveer Raman
128,43645,25245,Dominic Grover,Dominic Grover
368,43650,25248,Girik Tripathi,Girik Tripathi
716,43651,25249,Daniel Chahal,Daniel Chahal
1606,43655,25253,Yatin Savant,Yatin Savant
368,43668,25262,Girik Tripati,Girik Tripathi
1016,43670,25264,P. Manne,Parth Manne
1111,43677,25271,K Basak,Karan Basak
213,43683,25275,V Khurana,Vincent Khurana
688,43687,25279,Jivika Parsa,Jeevika Parsa
64,43692,25283,Ekapad Rai,Ekapad Rai
460,43698,25287,Rajeshri Vora,Rajeshri Vora
1606,43702,25291,Yatin Savant,Yatin Savant
454,43704,25293,Abdul Rout,Abdul Rout
1013,43707,25293,G. Sule,George Sule
493,43708,25294,Reyansh Dugal,Reyansh Dugal
1237,43709,25294,Anmol Kaul,Anmol Kaul
1761,43712,25295,R Bava,Rudra Bava
718,43713,25295,Andrew Bandi,Andrew Bandi
628,43716,25296,M. Bhalla,Mason Bhalla
1591,43718,25297,Faqid Dora,Faqid Dora
128,43720,25299,D. Grover,Dominic Grover
632,43721,25299,Madhav Dugar,Madhav Dugar
241,43723,25300,R Mohan,Raksha Mohan
325,43724,25301,Ekapad Minhas,Ekapad Minhas
915,43730,25304,Nidra Nagy,Nidra Nagy
1242,43731,25304,Christopher Sahota,Christopher Sahota
527,43732,25304,Ranbir Swamy,Ranbir Swamy
36,43737,25306,Vedant Chowdhury,Vedant Chowdhury
1552,43741,25308,Christofer Ghos,Christopher Ghosh
100,43742,25309,A. Rau,Avi Rau
527,43743,25309,R. Swamy,Ranbir Swamy
1615,43744,25309,K D’Alia,Krish D’Alia
448,43750,25312,Samuel Minhas,Samuel Minhas
1199,43756,25316,Hema Jain,Hema Jain
952,43761,25318,F. Deep,Fitan Deep
111,43763,25320,Onveer Dutta,Onveer Dutta
1530,43769,25326,Pusti Chaudhuri,Pushti Chaudhuri
1643,43773,25328,Aaraw Chhabra,Aarav Chhabra
456,43774,25329,Sanya Balay,Sanya Balay
1481,43775,25330,Robert Lall,Robert Lall
1528,43776,25331,T Das,Tanish Das
656,43786,25340,R Bhatia,Reyansh Bhatia
553,43789,25342,Thomas Parmar,Thomas Parmar
962,43790,25342,Zashil Sehgal,Zashil Sehgal
1552,43791,25342,C Ghosh,Christopher Ghosh
130,43793,25343,R. Raman,Ranveer Raman
1165,43795,25345,R Dube,Raagini Dube
1249,43796,25345,William Krisna,William Krishna
1137,43798,25347,Y Narasimhan,Yash Narasimhan
1761,43799,25348,Rudra Bava,Rudra Bava
794,43803,25349,Jackson Kakar,Jackson Kakar
555,43804,25350,Bhanumati Muni,Bhanumati Muni
241,43805,25351,R Mohan,Raksha Mohan
555,43813,25356,B Muni,Bhanumati Muni
454,43814,25357,A. Rout,Abdul Rout
1530,43815,25357,P Chaudhuri,Pushti Chaudhuri
544,43817,25359,Rudra Chakrabarti,Rudra Chakrabarti
533,43820,25360,Abdul Chandran,Abdul Chandran
111,43822,25362,Onveer Dutta,Onveer Dutta
582,43827,25365,J Sami,Jason Sami
128,43828,25365,Dominic Grover,Dominic Grover
1528,43829,25366,T. Das,Tanish Das
419,43832,25367,T Mangat,Tarak Mangat
716,43833,25368,D Chahal,Daniel Chahal
1761,43836,25369,Rudra Bava,Rudra Bava
493,43842,25373,Reyansh Dugal,Reyansh Dugal
368,43844,25374,Girik Tripati,Girik Tripathi
128,43848,25377,D. Grover,Dominic Grover
1615,43849,25377,Krish D’Alia,Krish D’Alia
419,43851,25378,Tarak Mangat,Tarak Mangat
544,43854,25380,R Chakrabarti,Rudra Chakrabarti
527,43856,25381,Ranbir Swamy,Ranbir Swamy
1528,43862,25385,Tanish Das,Tanish Das
1377,43872,25389,Abeer Sule,Abeer Sule
1761,43873,25389,Rudra Bava,Rudra Bava
184,43875,25391,Sarthak Wadhwa,Sarthak Wadhwa
8,43878,25394,Abhiram Sarin,Abhiram Sarin
493,43880,25395,Reyansh Dugal,Reyansh Dugal
1237,43881,25396,Anmol Kaul,Anmol Kaul
716,43882,25397,Daniel Chahal,Daniel Chahal
1337,43886,25399,G Bali,George Bali
1606,43890,25402,Yatin Savant,Yatin Savant
1242,43896,25404,Christopher Sahota,Christopher Sahota
9,43897,25405,Isaiah Raj,Isaiah Raj
111,43900,25406,Onveer Dutta,Onveer Dutta
419,43901,25407,T Mangat,Tarak Mangat
626,43902,25408,J. Balasubramanian,Janya Balasubramanian
225,43907,25411,Ekapad Bir,Ekapad Bir
1528,43908,25411,T. Das,Tanish Das
1591,43909,25412,F Dora,Faqid Dora
1401,43916,25414,Neha Handa,Neha Handa
111,43917,25415,Onweer Dutta,Onveer Dutta
544,43918,25416,R Chakrabarti,Rudra Chakrabarti
824,43919,25417,Sanya Nanda,Sanya Nanda
1401,43922,25419,N. Handa,Neha Handa
688,43926,25421,J Parsa,Jeevika Parsa
1530,43930,25423,Pusti Chaudhuri,Pushti Chaudhuri
962,43931,25423,Zashil Sehgal,Zashil Sehgal
460,43932,25423,Rajesri wora,Rajeshri Vora
460,43935,25424,R Vora,Rajeshri Vora
555,43938,25425,B Muni,Bhanumati Muni
716,43939,25425,Daniel Chahal,Daniel Chahal
128,43941,25427,D. Grover,Dominic Grover
1350,43942,25428,Frado Rout,Frado Rout
1530,43946,25430,Pushti Chaudhuri,Pushti Chaudhuri
1591,43949,25432,Faqid Dora,Faqid Dora
1761,43950,25432,Rudra Bawa,Rudra Bava
111,43952,25432,O Dutta,Onveer Dutta
130,43954,25433,R. Raman,Ranveer Raman
824,43955,25433,S Nanda,Sanya Nanda
213,43957,25434,Vincent Khurana,Vincent Khurana
1180,43963,25437,Udarsh Batra,Udarsh Batra
64,43968,25439,Ekapad Rai,Ekapad Rai
128,43969,25439,D. Grover,Dominic Grover
1180,43973,25442,Udars Batra,Udarsh Batra
555,43974,25442,B Muni,Bhanumati Muni
62,43976,25443,Utkarsh Kulkarni,Utkarsh Kulkarni
448,43984,25447,Samuel Minhas,Samuel Minhas
1761,43986,25448,Rudra Bawa,Rudra Bava
419,43987,25448,Tarak Mangat,Tarak Mangat
1220,43994,25452,Azad Saxena,Azad Saxena
1180,43997,25455,Udarsh Batra,Udarsh Batra
130,43998,25456,Ranveer Raman,Ranveer Raman
1552,43999,25457,Christopher Ghosh,Christopher Ghosh
392,44001,25458,M Keer,Matthew Keer
52,44002,25458,Patrick Taylor,Patrick Tailor
1181,44003,25458,Darpan Panchal,Darpan Panchal
794,44005,25459,Jackson Kakar,Jackson Kakar
419,44007,25460,T. Mangat,Tarak Mangat
902,44010,25461,Vanya Bhargava,Vanya Bhargava
368,44014,25463,G Tripathi,Girik Tripathi
1137,44018,25466,Yash Narasimhan,Yash Narasimhan
628,44020,25467,M. Bhalla,Mason Bhalla
1401,44023,25469,Neha Handa,Neha Handa
1643,44024,25470,Aaraw Chhabra,Aarav Chhabra
448,44027,25473,Samuel Minhas,Samuel Minhas
1453,44029,25473,Daksh Mohan,Daksh Mohan
128,44030,25474,Dominic Grover,Dominic Grover
131,44032,25475,A. Shroff,Aayush Shroff
460,44033,25476,R Vora,Rajeshri Vora
824,44046,25481,Sanya Nanda,Sanya Nanda
716,44047,25481,Daniel Chahal,Daniel Chahal
915,44048,25482,N. Nagy,Nidra Nagy
1606,44049,25483,Yatin Savant,Yatin Savant
64,44052,25485,Ekapad Rai,Ekapad Rai
628,44053,25486,M. Bhalla,Mason Bhalla
1237,44057,25487,Anmol Kaul,Anmol Kaul
947,44064,25491,Udars Borde,Udarsh Borde
1591,44070,25494,F. Dora,Faqid Dora
1591,44073,25496,F. Dora,Faqid Dora
1180,44074,25496,Udarsh Batra,Udarsh Batra
1374,44075,25497,Ayaan Din,Ayaan Din
1643,44079,25498,Aarav Chhabra,Aarav Chhabra
8,44080,25499,A Sarin,Abhiram Sarin
718,44082,25500,Andrew Bandi,Andrew Bandi
64,44084,25501,Ekapad Rai,Ekapad Rai
1181,44090,25506,Darpan Panchal,Darpan Panchal
53,44091,25507,Fiyaz Kale,Fiyaz Kale
1062,44093,25509,A. Solanki,Anmol Solanki
368,44095,25511,Girik Tripathi,Girik Tripathi
824,44098,25512,Sanya Nanda,Sanya Nanda
824,44099,25512,Sanya Nanda,Sanya Nanda
111,44102,25514,Onvir Dutta,Onveer Dutta
824,44104,25515,Sanya Nanda,Sanya Nanda
433,44106,25517,Pranit Balan,Pranit Balan
828,44107,25517,Nakul Pandya,Nakul Pandya
1203,44112,25521,V Sur,Vihaan Sur
962,44118,25526,Z Sehgal,Zashil Sehgal
1242,44120,25528,Christopher Sahota,Christopher Sahota
962,44124,25529,Zashil Sehgal,Zashil Sehgal
1743,44130,25532,O. Bala,Onveer Bala
716,44131,25533,Daniel Chahal,Daniel Chahal
527,44133,25535,R. Swamy,Ranbir Swamy
419,44135,25535,Tarak Mangat,Tarak Mangat
628,44137,25536,Mason Bhalla,Mason Bhalla
1643,44142,25537,Aaraw Chhabra,Aarav Chhabra
128,44145,25539,D Grover,Dominic Grover
213,44146,25539,wincent kurana,Vincent Khurana
1013,44150,25540,George Sule,George Sule
1745,44152,25542,Tejas Amble,Tejas Amble
718,44154,25543,A Bandi,Andrew Bandi
1199,44157,25544,H Jain,Hema Jain
213,44159,25545,Vincent Khurana,Vincent Khurana
1016,44161,25545,Parth Manne,Parth Manne
716,44164,25548,Daniel Chahal,Daniel Chahal
1237,44165,25549,A Kaul,Anmol Kaul
128,44166,25549,Dominic Grover,Dominic Grover
527,44172,25552,Ranbir Swamy,Ranbir Swamy
1606,44174,25553,Yatin Savant,Yatin Savant
1203,44178,25556,Vihaan Sur,Vihaan Sur
1377,44180,25558,A Sule,Abeer Sule
1062,44181,25558,Anmol Solanki,Anmol Solanki
1591,44182,25559,F. Dora,Faqid Dora
1350,44183,25560,Frado Rout,Frado Rout
1591,44188,25564,Faqid Dora,Faqid Dora
656,44189,25564,Reyansh Bhatia,Reyansh Bhatia
1528,44190,25565,T. Das,Tanish Das
1013,44198,25569,G Sule,George Sule
824,44200,25571,Sanya Nanda,Sanya Nanda
952,44205,25572,Fitan Deep,Fitan Deep
824,44206,25573,Sanya Nanda,Sanya Nanda
8,44209,25574,A Sarin,Abhiram Sarin
128,44211,25575,D Grover,Dominic Grover
1016,44212,25576,Parth Manne,Parth Manne
1016,44216,25578,Parth Manne,Parth Manne
448,44218,25579,S Minhas,Samuel Minhas
1013,44219,25580,George Sule,George Sule
368,44221,25582,Girik Tripathi,Girik Tripathi
1137,44223,25582,Y Narasimhan,Yash Narasimhan
1181,44224,25583,D Panchal,Darpan Panchal
111,44226,25584,Onveer Dutta,Onveer Dutta
460,44234,25590,R Vora,Rajeshri Vora
325,44235,25591,Ekapad Minhas,Ekapad Minhas
1203,44237,25591,Vihaan Sur,Vihaan Sur
1606,44242,25594,Yatin Savant,Yatin Savant
368,44243,25594,G. Tripathi,Girik Tripathi
454,44244,25594,Abdul Rout,Abdul Rout
1761,44246,25596,Rudra Bawa,Rudra Bava
1106,44247,25597,Ekavir Virk,Ekavir Virk
1180,44248,25598,U Batra,Udarsh Batra
1554,44249,25598,D Magar,Dayamai Magar
1709,44250,25598,Mitali Rao,Mitali Rao
952,44255,25602,F Deep,Fitan Deep
1401,44256,25602,N. Handa,Neha Handa
1552,44257,25602,C Ghosh,Christopher Ghosh
1350,44261,25605,F. Rout,Frado Rout
1397,44262,25606,Manan Sekhon,Manan Sekhon
1431,44265,25607,Amol Warrior,Amol Warrior
1440,44267,25609,Benjamin Borde,Benjamin Borde
1041,44270,25609,Farhan Sur,Farhan Sur
170,44271,25610,Zayyan Nair,Zayyan Nair
1584,44273,25612,A Om,Advay Om
1641,44274,25613,W. Bobal,Warjas Bobal
28,44275,25614,N Mishra,Neha Mishra
1666,44276,25614,A. Lad,Ayush Lad
336,44279,25615,J Sarkar,Jyoti Sarkar
1444,44280,25616,Jagdish Shroff,Jagdish Shroff
789,44282,25617,Owen werma,Owen Verma
85,44289,25622,G Chada,Guneet Chada
1041,44290,25623,F Sur,Farhan Sur
1474,44297,25629,Fiyaz Natarajan,Fiyaz Natarajan
239,44298,25629,B Konda,Balhaar Konda
651,44301,25631,Gunbir wenkataraman,Gunbir Venkataraman
98,44303,25632,M Shukla,Mason Shukla
1666,44305,25633,A. Lad,Ayush Lad
1651,44306,25633,L. Bal,Lakshit Bal
958,44309,25634,Divya Kant,Divya Kant
413,44315,25637,Sathwik Dubey,Sathvik Dubey
4,44316,25638,Wridesh Chaudhary,Wridesh Chaudhary
98,44317,25639,Mason Shukla,Mason Shukla
977,44319,25640,O Pal,Omkaar Pal
1595,44326,25645,R. Mander,Rohan Mander
20,44328,25646,Reyans Ganguly,Reyansh Ganguly
1155,44331,25649,Aarav Patel,Aarav Patel
28,44334,25651,N. Mishra,Neha Mishra
282,44335,25651,A. Prabhu,Anirudh Prabhu
434,44337,25651,Qarin Gopal,Qarin Gopal
276,44339,25652,Chaytaly Agarwal,Chaitaly Agarwal
1050,44344,25656,J Guha,Jack Guha
413,44348,25657,Sathvik Dubey,Sathvik Dubey
1590,44349,25657,N Keer,Nachiket Keer
789,44350,25658,Owen werma,Owen Verma
1298,44351,25659,Sudiksa Kapur,Sudiksha Kapoor
1243,44353,25660,Agastya De,Agastya De
1504,44356,25661,U. Anne,Upkaar Anne
58,44362,25664,Patrick Devi,Patrick Devi
1526,44366,25667,B Kala,Bakhshi Kala
1584,44369,25670,Advay Om,Advay Om
1444,44371,25671,J. Shroff,Jagdish Shroff
1243,44372,25672,Agastya De,Agastya De
1474,44377,25675,F. Natarajan,Fiyaz Natarajan
1066,44378,25676,Vanya More,Vanya More
1474,44379,25677,F. Natarajan,Fiyaz Natarajan
153,44380,25677,F. Mand,Frado Mand
975,44382,25678,Banjit Halder,Banjeet Halder
897,44384,25679,V Shroff,Vansha Shroff
1526,44393,25684,Bakhshi Kala,Bakhshi Kala
1483,44396,25687,A Lall,Advay Lall
336,44397,25688,Jyoti Sarkar,Jyoti Sarkar
351,44401,25690,Ira Kapadia,Ira Kapadia
48,44402,25691,Balwan Gaba,Balvan Gaba
1041,44408,25695,F. Sur,Farhan Sur
1397,44410,25695,M. Sekhon,Manan Sekhon
98,44414,25697,Mason sukla,Mason Shukla
666,44415,25697,E Chatterjee,Ekalinga Chatterjee
680,44420,25702,A. Mishra,Anthony Mishra
1736,44421,25703,Sartak Das,Sarthak Das
1348,44422,25704,T. Sha,Tarak Sha
463,44423,25705,Dalbir Gola,Dalbir Gola
789,44424,25705,O Verma,Owen Verma
434,44425,25706,Q Gopal,Qarin Gopal
85,44426,25707,Guneet Chada,Guneet Chada
1526,44431,25711,Bakhsi Kala,Bakhshi Kala
1651,44432,25712,L Bal,Lakshit Bal
20,44436,25716,R. Ganguly,Reyansh Ganguly
167,44437,25716,E Randhawa,Ekaja Randhawa
1334,44440,25717,Tarak Ramanatan,Tarak Ramanathan
630,44444,25720,Sai Mander,Sai Mander
672,44447,25720,K. Raja,Krishna Raja
1483,44451,25723,A. Lall,Advay Lall
239,44452,25724,Balhaar Konda,Balhaar Konda
85,44458,25727,G. Chada,Guneet Chada
1756,44463,25732,A Gade,Aditya Gade
1651,44465,25733,Lakshit Bal,Lakshit Bal
119,44467,25734,Yug Korpal,Yug Korpal
1666,44469,25735,A Lad,Ayush Lad
1504,44472,25737,U. Anne,Upkaar Anne
1632,44473,25738,Darpan More,Darpan More
1190,44475,25740,K. Shenoy,Kiaan Shenoy
1467,44476,25740,Kamya Vala,Kamya Vala
1271,44481,25745,G. Naidu,George Naidu
1736,44486,25747,Sarthak Das,Sarthak Das
99,44487,25747,Aarnav Keer,Aarnav Keer
410,44489,25747,Nil warghese,Neel Varghese
85,44491,25749,G. Chada,Guneet Chada
119,44494,25750,Yug Korpal,Yug Korpal
1504,44498,25753,Upkaar Anne,Upkaar Anne
1722,44500,25754,Tanveer Raghavan,Tanveer Raghavan
1397,44501,25754,Manan Sekhon,Manan Sekhon
784,44502,25755,George Peri,George Peri
1526,44509,25758,B Kala,Bakhshi Kala
28,44512,25761,Neha Mishra,Neha Mishra
119,44513,25762,Yug Korpal,Yug Korpal
20,44514,25762,Reyansh Ganguly,Reyansh Ganguly
1041,44515,25763,F Sur,Farhan Sur
336,44519,25765,Jyoti Sarkar,Jyoti Sarkar
1407,44526,25770,Rehaan Parikh,Rehaan Parikh
99,44534,25776,A. Keer,Aarnav Keer
1266,44549,25783,Kai Goswami,Kai Goswami
276,44552,25785,C. Agarwal,Chaitaly Agarwal
1306,44554,25785,D. Nanda,Dalbir Nanda
1444,44555,25785,Jagdish Shroff,Jagdish Shroff
48,44557,25786,B. Gaba,Balvan Gaba
666,44558,25787,Ekalinga Chatterji,Ekalinga Chatterjee
300,44559,25788,Pratyush Batta,Pratyush Batta
1632,44560,25788,Darpan More,Darpan More
28,44566,25792,Neha Mishra,Neha Mishra
1719,44569,25794,Shaurya Banik,Shaurya Banik
98,44574,25797,M Shukla,Mason Shukla
1397,44577,25799,Manan Sekhon,Manan Sekhon
526,44579,25801,Samar Vasa,Samar Vasa
1271,44582,25803,George Naidu,George Naidu
1632,44585,25806,Darpan More,Darpan More
849,44591,25809,M Mohanty,Michael Mohanty
902,44594,25811,wanya Bhargawa,Vanya Bhargava
1050,44602,25817,J. Guha,Jack Guha
696,44603,25818,Ekavir Nadig,Ekavir Nadig
336,44604,25818,J. Sarkar,Jyoti Sarkar
684,44605,25819,R Cheema,Rushil Cheema
651,44606,25820,Gunbir Venkataraman,Gunbir Venkataraman
276,44607,25820,Chaitaly Agarwal,Chaitaly Agarwal
1486,44611,25824,A. Chhabra,Aarnav Chhabra
1689,44612,25825,P Deshmukh,Parth Deshmukh
659,44613,25826,Ishwar Kurian,Ishwar Kurian
1440,44618,25830,B. Borde,Benjamin Borde
1190,44619,25830,K. Shenoy,Kiaan Shenoy
119,44623,25833,Yug Korpal,Yug Korpal
413,44631,25837,S Dubey,Sathvik Dubey
153,44634,25840,Frado Mand,Frado Mand
555,44637,25841,Bhanumati Muni,Bhanumati Muni
153,44640,25843,F Mand,Frado Mand
913,44648,25849,Praneel Borra,Praneel Borra
512,44649,25849,Arjun Reddy,Arjun Reddy
1595,44655,25851,R Mander,Rohan Mander
28,44657,25853,Neha Mishra,Neha Mishra
1651,44659,25854,Laksit Bal,Lakshit Bal
1050,44662,25856,J. Guha,Jack Guha
512,44664,25857,A. Reddy,Arjun Reddy
1632,44665,25857,Darpan More,Darpan More
784,44672,25860,George Peri,George Peri
1131,44673,25861,Jay Seti,Jai Sethi
1590,44675,25861,N Keer,Nachiket Keer
1558,44679,25864,Laksit Dhillon,Lakshit Dhillon
85,44684,25866,G Chada,Guneet Chada
1736,44685,25866,S. Das,Sarthak Das
975,44686,25866,Banjit Halder,Banjeet Halder
512,44689,25868,Arjun Reddy,Arjun Reddy
977,44691,25870,Omkaar Pal,Omkaar Pal
1290,44692,25871,wiraj Goda,Viraj Goda
517,44696,25874,D Dey,Daniel Dey
170,44697,25875,Z. Nair,Zayyan Nair
444,44698,25875,Jackson Krishna,Jackson Krishna
526,44704,25877,Samar Vasa,Samar Vasa
300,44707,25878,Pratyus Batta,Pratyush Batta
1736,44711,25880,Sarthak Das,Sarthak Das
1712,44712,25880,G. Kalla,Gaurang Kalla
1689,44714,25881,P. Deshmukh,Parth Deshmukh
20,44720,25884,Reyans Ganguly,Reyansh Ganguly
58,44722,25884,Patrick Dewi,Patrick Devi
300,44723,25884,Pratyus Batta,Pratyush Batta
463,44726,25885,Dalbir Gola,Dalbir Gola
1243,44727,25886,A De,Agastya De
119,44730,25888,Y. Korpal,Yug Korpal
1407,44731,25889,Rehaan Parik,Rehaan Parikh
1474,44741,25895,F. Natarajan,Fiyaz Natarajan
915,44742,25896,Nidra Nagy,Nidra Nagy
570,44744,25896,Y. Chacko,Yashawini Chacko
1444,44750,25899,Jagdish Shroff,Jagdish Shroff
4,44751,25900,Wridesh Chaudhary,Wridesh Chaudhary
434,44752,25900,Qarin Gopal,Qarin Gopal
789,44755,25902,O Verma,Owen Verma
1301,44756,25902,Charles Bhattacharyya,Charles Bhattacharyya
1666,44757,25903,A. Lad,Ayush Lad
444,44760,25905,J. Krishna,Jackson Krishna
239,44762,25906,Balhaar Konda,Balhaar Konda
789,44768,25908,Owen Verma,Owen Verma
651,44770,25909,Gunbir Venkataraman,Gunbir Venkataraman
1590,44772,25910,N. Keer,Nachiket Keer
1504,44777,25913,Upkaar Anne,Upkaar Anne
1632,44780,25916,D. More,Darpan More
1066,44784,25918,V More,Vanya More
1066,44785,25919,Vanya More,Vanya More
1595,44795,25924,Rohan Mander,Rohan Mander
1267,44796,25925,Aarush Randhawa,Aarush Randhawa
651,44797,25926,G. Venkataraman,Gunbir Venkataraman
1756,44798,25927,Aditya Gade,Aditya Gade
993,44799,25927,R. Tiwari,Reyansh Tiwari
300,44802,25929,Pratyus Batta,Pratyush Batta
1416,44803,25930,Maya Dube,Maya Dube
1756,44806,25931,Aditya Gade,Aditya Gade
28,44808,25933,N. Mishra,Neha Mishra
913,44815,25937,P Borra,Praneel Borra
977,44817,25938,O Pal,Omkaar Pal
1504,44824,25942,Upkaar Anne,Upkaar Anne
663,44826,25944,A. Kunda,Ayush Kunda
276,44834,25949,Chaitaly Agarwal,Chaitaly Agarwal
775,44836,25949,Onveer Korpal,Onveer Korpal
1066,44838,25950,Vanya More,Vanya More
1474,44839,25950,Fiyaz Natarajan,Fiyaz Natarajan
570,44841,25951,Y Chacko,Yashawini Chacko
1359,44842,25952,Ayusman Handa,Ayushman Handa
300,44846,25955,P Batta,Pratyush Batta
1190,44847,25956,K Shenoy,Kiaan Shenoy
1424,44848,25957,Isaac wohra,Isaac Vohra
119,44849,25957,Yug Korpal,Yug Korpal
1712,44857,25962,Gaurang Kalla,Gaurang Kalla
648,44866,25966,Max Konda,Max Konda
1049,44867,25967,Azaan Chaudhary,Azaan Chaudhary
353,44869,25969,Mitesh Loke,Mitesh Loke
1595,44875,25973,Rohan Mander,Rohan Mander
1102,44877,25974,A Wali,Ansh Wali
170,44879,25975,Zayyan Nayr,Zayyan Nair
119,44880,25976,Y. Korpal,Yug Korpal
153,44883,25977,F. Mand,Frado Mand
947,44888,25980,Udarsh Borde,Udarsh Borde
1444,44890,25980,Jagdis sroff,Jagdish Shroff
1736,44895,25984,Sartak Das,Sarthak Das
413,44897,25985,Sathvik Dubey,Sathvik Dubey
300,44899,25986,P Batta,Pratyush Batta
1736,44901,25987,Sarthak Das,Sarthak Das
1712,44904,25988,Gaurang Kalla,Gaurang Kalla
119,44906,25989,Y. Korpal,Yug Korpal
1584,44909,25991,Advay Om,Advay Om
1424,44910,25991,I. Vohra,Isaac Vohra
758,44912,25992,B. Merchant,Bahadurjit Merchant
413,44913,25993,S Dubey,Sathvik Dubey
170,44915,25994,Z Nair,Zayyan Nair
1568,44922,25996,A. Apte,Anirudh Apte
1424,44925,25998,I Vohra,Isaac Vohra
1243,44930,26000,Agastya De,Agastya De
1266,44931,26000,K Goswami,Kai Goswami
119,44934,26002,Yug Korpal,Yug Korpal
167,44936,26003,E Randhawa,Ekaja Randhawa
661,44940,26005,Part Madan,Parth Madan
285,44941,26005,Charles Ganguly,Charles Ganguly
444,44943,26007,Jackson Krishna,Jackson Krishna
119,44944,26008,Yug Korpal,Yug Korpal
1756,44945,26009,A Gade,Aditya Gade
784,44946,26010,George Peri,George Peri
435,44951,26012,T. Kurian,Triveni Kurian
4,44958,26018,W Chaudhary,Wridesh Chaudhary
1474,44961,26019,Fiyaz Natarajan,Fiyaz Natarajan
1204,44963,26019,Neel Dua,Neel Dua
410,44965,26020,N. Varghese,Neel Varghese
276,44970,26023,C. Agarwal,Chaitaly Agarwal
1590,44972,26023,Nachiket Keer,Nachiket Keer
526,44975,26025,Samar Vasa,Samar Vasa
1504,44978,26027,U. Anne,Upkaar Anne
1595,44979,26028,Rohan Mander,Rohan Mander
167,44980,26028,Ekaja Randhawa,Ekaja Randhawa
1736,44985,26031,Sartak Das,Sarthak Das
1474,44987,26032,Fiyaz Natarajan,Fiyaz Natarajan
170,44990,26035,Zayyan Nair,Zayyan Nair
789,44995,26040,Owen werma,Owen Verma
789,44996,26040,Owen Verma,Owen Verma
1584,44998,26042,Advay Om,Advay Om
119,44999,26043,Y. Korpal,Yug Korpal
139,45004,26046,Daks Sampat,Daksh Sampath
696,45007,26048,Ekavir Nadig,Ekavir Nadig
975,45012,26052,Banjeet Halder,Banjeet Halder
1190,45014,26054,Kiaan Shenoy,Kiaan Shenoy
66,45026,26061,N. Dar,Nitesh Dar
300,45028,26062,Pratyush Batta,Pratyush Batta
170,45031,26063,Z Nair,Zayyan Nair
977,45034,26066,Omkaar Pal,Omkaar Pal
1424,45037,26068,I Vohra,Isaac Vohra
12,45043,26071,Lakshit Issac,Lakshit Issac
1444,45047,26074,J. Shroff,Jagdish Shroff
1666,45053,26078,A Lad,Ayush Lad
1712,45056,26080,G Kalla,Gaurang Kalla
20,45058,26081,Reyansh Ganguly,Reyansh Ganguly
1590,45062,26084,N. Keer,Nachiket Keer
1526,45068,26088,Bakhshi Kala,Bakhshi Kala
229,45073,26089,J Sibal,Jonathan Sibal
1271,45076,26091,G Naidu,George Naidu
1190,45086,26095,Kiaan Shenoy,Kiaan Shenoy
1397,45089,26096,M. Sekhon,Manan Sekhon
784,45091,26096,George Peri,George Peri
975,45092,26097,Banjeet Halder,Banjeet Halder
153,45094,26098,Frado Mand,Frado Mand
482,45095,26099,Harshil Sagar,Harshil Sagar
1424,45096,26100,I. Vohra,Isaac Vohra
1474,45097,26101,Fiyaz Natarajan,Fiyaz Natarajan
1440,45099,26101,Benjamin Borde,Benjamin Borde
977,45100,26102,O. Pal,Omkaar Pal
410,45108,26105,Nil warghese,Neel Varghese
1632,45110,26106,D More,Darpan More
1504,45117,26109,U Anne,Upkaar Anne
666,45118,26110,E. Chatterjee,Ekalinga Chatterjee
1041,45120,26112,F. Sur,Farhan Sur
100,45121,26112,Avi Rau,Avi Rau
784,45124,26113,George Peri,George Peri
1306,45131,26116,Dalbir Nanda,Dalbir Nanda
410,45134,26117,N Varghese,Neel Varghese
1424,45135,26118,Isaac wohra,Isaac Vohra
1651,45137,26118,Laksit Bal,Lakshit Bal
1526,45138,26119,Bakhshi Kala,Bakhshi Kala
1483,45139,26120,Adway Lall,Advay Lall
239,45142,26121,Balhaar Konda,Balhaar Konda
1155,45149,26126,Aarav Patel,Aarav Patel
1027,45154,26129,Anay Nazareth,Anay Nazareth
1689,45156,26130,Part Deshmuk,Parth Deshmukh
413,45158,26132,S. Dubey,Sathvik Dubey
1041,45160,26134,Farhan Sur,Farhan Sur
1179,45162,26135,Radha Ganguly,Radha Ganguly
1483,45168,26138,Advay Lall,Advay Lall
993,45173,26140,R. Tiwari,Reyansh Tiwari
1736,45174,26140,S. Das,Sarthak Das
1526,45175,26141,Bakhshi Kala,Bakhshi Kala
696,45176,26142,Ekawir Nadig,Ekavir Nadig
276,45179,26144,C. Agarwal,Chaitaly Agarwal
1266,45180,26145,K Goswami,Kai Goswami
1689,45182,26145,Part Deshmuk,Parth Deshmukh
1243,45184,26146,Agastya De,Agastya De
630,45187,26148,S. Mander,Sai Mander
1066,45191,26150,V More,Vanya More
1286,45193,26152,Lucky Patil,Lucky Patil
1397,45194,26153,Manan Sekhon,Manan Sekhon
48,45198,26154,B. Gaba,Balvan Gaba
239,45200,26155,Balhaar Konda,Balhaar Konda
413,45206,26158,Sathvik Dubey,Sathvik Dubey
913,45209,26160,Pranil Borra,Praneel Borra
28,45212,26162,Neha Misra,Neha Mishra
1040,45216,26166,Kabir Banik,Kabir Banik
858,45217,26167,Bahadurjit Dash,Bahadurjit Dash
1590,45218,26167,N. Keer,Nachiket Keer
1050,45223,26170,J. Guha,Jack Guha
276,45226,26173,Chaytaly Agarwal,Chaitaly Agarwal
1756,45229,26174,Aditya Gade,Aditya Gade
336,45230,26175,J. Sarkar,Jyoti Sarkar
28,45240,26183,N. Mishra,Neha Mishra
1072,45243,26183,P. Sekhon,Pahal Sekhon
913,45248,26186,Pranil Borra,Praneel Borra
1474,45256,26192,Fiyaz Natarajan,Fiyaz Natarajan
98,45264,26196,Mason sukla,Mason Shukla
239,45267,26198,B. Konda,Balhaar Konda
771,45269,26198,Yas Dugar,Yash Dugar
512,45272,26200,Arjun Reddy,Arjun Reddy
526,45274,26201,Samar Vasa,Samar Vasa
526,45278,26203,S. Vasa,Samar Vasa
1590,45282,26205,Nachiket Keer,Nachiket Keer
1294,45286,26207,A. Kamdar,Anthony Kamdar
1584,45287,26208,Adway Om,Advay Om
1595,45288,26209,R. Mander,Rohan Mander
1243,45292,26212,A De,Agastya De
1041,45293,26213,F. Sur,Farhan Sur
1732,45294,26213,R Bhatti,Rehaan Bhatti
993,45297,26216,Reyans Tiwari,Reyansh Tiwari
170,45298,26216,Z. Nair,Zayyan Nair
1736,45299,26216,S. Das,Sarthak Das
1474,45301,26217,Fiyaz Natarajan,Fiyaz Natarajan
434,45308,26219,Qarin Gopal,Qarin Gopal
119,45309,26220,Y Korpal,Yug Korpal
1632,45310,26220,Darpan More,Darpan More
1271,45314,26222,George Naidu,George Naidu
526,45322,26227,Samar wasa,Samar Vasa
966,45323,26228,Ekaraj Sundaram,Ekaraj Sundaram
526,45326,26231,Samar Vasa,Samar Vasa
451,45327,26231,G Anand,Girik Anand
99,45331,26233,Aarnaw Kir,Aarnav Keer
1041,45332,26234,F. Sur,Farhan Sur
1266,45333,26235,K. Goswami,Kai Goswami
85,45334,26236,G Chada,Guneet Chada
153,45335,26236,F Mand,Frado Mand
723,45341,26239,Ayush Swamy,Ayush Swamy
1474,45342,26240,F. Natarajan,Fiyaz Natarajan
1397,45345,26242,M Sekhon,Manan Sekhon
1666,45348,26243,A Lad,Ayush Lad
78,45351,26246,Isaac Dhaliwal,Isaac Dhaliwal
1444,45352,26246,J Shroff,Jagdish Shroff
1440,45353,26247,Benjamin Borde,Benjamin Borde
1041,45357,26248,Farhan Sur,Farhan Sur
1504,45358,26249,U. Anne,Upkaar Anne
570,45364,26252,Y Chacko,Yashawini Chacko
1271,45368,26256,George Naydu,George Naidu
85,45370,26257,Guneet Chada,Guneet Chada
1266,45372,26258,Kai Goswami,Kai Goswami
111,45375,26259,Onveer Dutta,Onveer Dutta
1407,45377,26261,Rehaan Parikh,Rehaan Parikh
336,45378,26261,J Sarkar,Jyoti Sarkar
28,45381,26263,N Mishra,Neha Mishra
570,45382,26264,Yasawini Chacko,Yashawini Chacko
48,45383,26265,B. Gaba,Balvan Gaba
1444,45392,26270,J Shroff,Jagdish Shroff
153,45395,26273,F. Mand,Frado Mand
783,45396,26274,Gaurangi Nagy,Gaurangi Nagy
1050,45402,26277,Jack Guha,Jack Guha
413,45404,26278,Sathvik Dubey,Sathvik Dubey
1558,45405,26278,L Dhillon,Lakshit Dhillon
1595,45406,26279,Rohan Mander,Rohan Mander
4,45408,26280,Wrides Chaudhary,Wridesh Chaudhary
1444,45409,26281,J Shroff,Jagdish Shroff
1483,45412,26282,A Lall,Advay Lall
99,45415,26284,Aarnav Keer,Aarnav Keer
48,45416,26285,Balvan Gaba,Balvan Gaba
1243,45418,26286,Agastya De,Agastya De
1651,45421,26288,Lakshit Bal,Lakshit Bal
1050,45427,26294,J Guha,Jack Guha
784,45431,26297,George Peri,George Peri
1397,45434,26298,Manan Sekhon,Manan Sekhon
1526,45438,26301,Bakhshi Kala,Bakhshi Kala
1001,45439,26301,Manthan Sarkar,Manthan Sarkar
630,45442,26304,S Mander,Sai Mander
1474,45443,26304,F Natarajan,Fiyaz Natarajan
153,45445,26306,Frado Mand,Frado Mand
119,45446,26307,Y. Korpal,Yug Korpal
1666,45452,26308,Ayush Lad,Ayush Lad
993,45455,26310,Reyansh Tiwari,Reyansh Tiwari
630,45462,26315,Say Mander,Sai Mander
1155,45465,26316,A. Patel,Aarav Patel
119,45466,26316,Y Korpal,Yug Korpal
630,45467,26317,Say Mander,Sai Mander
975,45468,26318,B Halder,Banjeet Halder
85,45471,26321,Guneet Chada,Guneet Chada
1480,45480,26328,Fitan Rawal,Fitan Raval
239,45483,26331,Balhaar Konda,Balhaar Konda
599,45485,26332,M. Bhardwaj,Mohammed Bhardwaj
993,45492,26335,Reyans Tiwari,Reyansh Tiwari
119,45493,26335,Yug Korpal,Yug Korpal
1397,45499,26340,Manan Sekhon,Manan Sekhon
1424,45500,26340,Isaac Vohra,Isaac Vohra
85,45501,26340,Guneet Chada,Guneet Chada
1271,45506,26343,George Naidu,George Naidu
651,45510,26344,Gunbir wenkataraman,Gunbir Venkataraman
1424,45515,26347,Isaac Vohra,Isaac Vohra
451,45519,26349,Girik Anand,Girik Anand
913,45520,26349,Pranil Borra,Praneel Borra
1736,45526,26351,S Das,Sarthak Das
526,45528,26352,Samar Vasa,Samar Vasa
523,45530,26353,Rusil Gara,Rushil Gara
1243,45534,26355,A De,Agastya De
630,45537,26358,Sai Mander,Sai Mander
99,45539,26360,Aarnav Keer,Aarnav Keer
1632,45542,26362,Darpan More,Darpan More
1483,45543,26362,Advay Lall,Advay Lall
526,45544,26363,S Vasa,Samar Vasa
1046,45545,26364,Gabriel Ray,Gabriel Ray
666,45548,26365,E Chatterjee,Ekalinga Chatterjee
47,45552,26368,Michael Varkey,Michael Varkey
526,45555,26371,Samar Vasa,Samar Vasa
1474,45558,26373,Fiyaz Natarajan,Fiyaz Natarajan
1504,45563,26378,Upkaar Anne,Upkaar Anne
977,45566,26379,O. Pal,Omkaar Pal
4,45569,26382,Wridesh Chaudhary,Wridesh Chaudhary
993,45570,26383,Reyansh Tiwari,Reyansh Tiwari
90,45572,26384,T Khare,Thomas Khare
1120,45573,26385,Faras Dubey,Faras Dubey
1590,45575,26385,N. Keer,Nachiket Keer
28,45577,26386,N. Mishra,Neha Mishra
444,45578,26387,J Krishna,Jackson Krishna
630,45579,26387,Sai Mander,Sai Mander
1444,45582,26388,Jagdis sroff,Jagdish Shroff
1756,45585,26389,A. Gade,Aditya Gade
650,45586,26390,Faqid Kumar,Faqid Kumar
300,45588,26392,P. Batta,Pratyush Batta
1066,45589,26392,V More,Vanya More
1041,45591,26393,Farhan Sur,Farhan Sur
977,45601,26401,Omkaar Pal,Omkaar Pal
1243,45602,26402,Agastya De,Agastya De
1050,45606,26403,J Guha,Jack Guha
434,45608,26404,Qarin Gopal,Qarin Gopal
410,45610,26405,Neel Varghese,Neel Varghese
1736,45612,26407,Sartak Das,Sarthak Das
119,45615,26409,Y. Korpal,Yug Korpal
1584,45618,26411,A. Om,Advay Om
309,45623,26414,Upkaar Rajagopal,Upkaar Rajagopal
993,45625,26415,R Tiwari,Reyansh Tiwari
413,45626,26415,Sathvik Dubey,Sathvik Dubey
167,45631,26420,Ekaja Randhawa,Ekaja Randhawa
1526,45632,26421,Bakhshi Kala,Bakhshi Kala
666,45633,26421,Ekalinga Chatterjee,Ekalinga Chatterjee
413,45634,26421,Sathwik Dubey,Sathvik Dubey
1584,45635,26421,Adway Om,Advay Om
1712,45636,26422,Gaurang Kalla,Gaurang Kalla
395,45639,26423,L. Virk,Laksh Virk
4,45640,26423,W Chaudhary,Wridesh Chaudhary
1715,45641,26423,K. Badal,Krishna Badal
913,45651,26431,P Borra,Praneel Borra
28,45654,26433,Neha Mishra,Neha Mishra
1050,45658,26437,Jack Guha,Jack Guha
771,45659,26437,Y. Dugar,Yash Dugar
1266,45661,26438,Kai Goswami,Kai Goswami
1483,45662,26439,Advay Lall,Advay Lall
1483,45668,26442,Adway Lall,Advay Lall
1440,45670,26444,Benjamin Borde,Benjamin Borde
913,45672,26445,Pranil Borra,Praneel Borra
99,45673,26446,Aarnaw Kir,Aarnav Keer
1041,45681,26448,Farhan Sur,Farhan Sur
1440,45682,26449,B Borde,Benjamin Borde
1397,45684,26451,Manan Sekhon,Manan Sekhon
977,45685,26451,O Pal,Omkaar Pal
1440,45686,26451,Benjamin Borde,Benjamin Borde
1756,45695,26457,A Gade,Aditya Gade
1483,45696,26458,Adway Lall,Advay Lall
526,45699,26460,S. Vasa,Samar Vasa
1050,45703,26463,Jack Guha,Jack Guha
913,45708,26466,Pranil Borra,Praneel Borra
784,45717,26472,G. Peri,George Peri
1397,45718,26473,Manan Sekon,Manan Sekhon
1712,45720,26475,Gaurang Kalla,Gaurang Kalla
512,45721,26475,Arjun Reddy,Arjun Reddy
98,45726,26478,Mason Shukla,Mason Shukla
977,45733,26482,Omkaar Pal,Omkaar Pal
1365,45735,26482,H Pal,Hemang Pal
629,45737,26484,G Chopra,George Chopra
721,45741,26486,Harrison Devan,Harrison Devan
784,45742,26487,George Peri,George Peri
336,45746,26489,J Sarkar,Jyoti Sarkar
725,45748,26490,B Sidhu,Baghyawati Sidhu
413,45751,26492,S Dubey,Sathvik Dubey
1155,45752,26493,Aarav Patel,Aarav Patel
1521,45757,26497,J Mukherjee,Jairaj Mukherjee
1632,45758,26498,Darpan More,Darpan More
1666,45759,26499,Ayush Lad,Ayush Lad
1799,45763,26501,wedant Sangha,Vedant Sangha
70,45764,26502,Nathan Gaba,Nathan Gaba
1397,45766,26503,Manan Sekhon,Manan Sekhon
1712,45767,26503,G Kalla,Gaurang Kalla
1558,45769,26504,Lakshit Dhillon,Lakshit Dhillon
1041,45772,26507,Farhan Sur,Farhan Sur
1397,45777,26509,Manan Sekhon,Manan Sekhon
570,45778,26510,Yasawini Chacko,Yashawini Chacko
1155,45780,26511,Aarav Patel,Aarav Patel
1369,45782,26511,Balvan Chowdhury,Balvan Chowdhury
666,45788,26516,Ekalinga Chatterjee,Ekalinga Chatterjee
1066,45790,26516,Vanya More,Vanya More
300,45792,26518,P. Batta,Pratyush Batta
1666,45795,26520,A. Lad,Ayush Lad
410,45796,26520,Nil warghese,Neel Varghese
4,45797,26521,Wrides Chaudhary,Wridesh Chaudhary
570,45798,26521,Y. Chacko,Yashawini Chacko
1560,45799,26522,Utkars Brahmbhatt,Utkarsh Brahmbhatt
913,45800,26523,Praneel Borra,Praneel Borra
644,45803,26526,K Doshi,Kabir Doshi
1407,45805,26527,R Parikh,Rehaan Parikh
966,45809,26529,E Sundaram,Ekaraj Sundaram
512,45812,26531,A Reddy,Arjun Reddy
993,45813,26532,R. Tiwari,Reyansh Tiwari
272,45814,26532,B Sura,Banjeet Sura
1243,45815,26533,A. De,Agastya De
1505,45818,26536,Aahana Din,Aahana Din
434,45820,26536,Qarin Gopal,Qarin Gopal
413,45821,26537,Sathwik Dubey,Sathvik Dubey
1632,45824,26538,D More,Darpan More
1558,45825,26538,L. Dhillon,Lakshit Dhillon
1281,45828,26540,Imaran Sanghvi,Imaran Sanghvi
1712,45830,26540,Gaurang Kalla,Gaurang Kalla
102,45833,26542,Lopa Borde,Lopa Borde
1756,45837,26545,A Gade,Aditya Gade
4,45841,26547,W Chaudhary,Wridesh Chaudhary
1504,45844,26548,Upkaar Anne,Upkaar Anne
1590,45845,26548,Nachiket Keer,Nachiket Keer
993,45847,26550,R. Tiwari,Reyansh Tiwari
1444,45850,26552,J. Shroff,Jagdish Shroff
512,45857,26555,A Reddy,Arjun Reddy
651,45864,26560,Gunbir Venkataraman,Gunbir Venkataraman
777,45865,26561,Chaman Bains,Chaman Bains
58,45867,26562,Patrick Devi,Patrick Devi
98,45868,26562,M. Shukla,Mason Shukla
386,45870,26563,Harrison Goel,Harrison Goel
1595,45871,26563,R Mander,Rohan Mander
1651,45874,26565,L. Bal,Lakshit Bal
170,45876,26567,Zayyan Nair,Zayyan Nair
1266,45883,26571,Kai Goswami,Kai Goswami
1689,45884,26571,Parth Deshmukh,Parth Deshmukh
48,45885,26572,Balvan Gaba,Balvan Gaba
300,45887,26573,Pratyush Batta,Pratyush Batta
512,45890,26573,Arjun Reddy,Arjun Reddy
88,45891,26574,N Lanka,Naksh Lanka
239,45892,26574,Balhaar Konda,Balhaar Konda
913,45896,26576,P Borra,Praneel Borra
630,45899,26578,S Mander,Sai Mander
4,45901,26580,W. Chaudhary,Wridesh Chaudhary
999,45903,26582,C. Jayaraman,Chaitanya Jayaraman
153,45904,26583,F. Mand,Frado Mand
1558,45905,26584,Laksit Dhillon,Lakshit Dhillon
1271,45908,26586,G. Naidu,George Naidu
1526,45914,26588,Bakhshi Kala,Bakhshi Kala
913,45917,26589,Pranil Borra,Praneel Borra
4,45918,26589,W. Chaudhary,Wridesh Chaudhary
1515,45924,26593,Oviya Bath,Oviya Bath
1558,45926,26594,Laksit Dhillon,Lakshit Dhillon
487,45928,26594,Chanakya Kara,Chanakya Kara
784,45929,26595,G Peri,George Peri
913,45934,26599,P Borra,Praneel Borra
170,45938,26602,Zayyan Nair,Zayyan Nair
336,45939,26603,Jyoti Sarkar,Jyoti Sarkar
307,45954,26612,A Kaur,Ayush Kaur
1736,45956,26614,S Das,Sarthak Das
601,45957,26614,M Chopra,Manan Chopra
1756,45960,26615,A. Gade,Aditya Gade
1666,45961,26616,Ayush Lad,Ayush Lad
1271,45965,26619,George Naidu,George Naidu
1712,45966,26619,Gaurang Kalla,Gaurang Kalla
1504,45970,26621,Upkaar Anne,Upkaar Anne
977,45972,26621,Omkaar Pal,Omkaar Pal
239,45976,26624,Balhaar Konda,Balhaar Konda
58,45981,26626,Patrick Devi,Patrick Devi
1794,45987,26631,S Parmer,Shaurya Parmer
1397,45988,26632,M Sekhon,Manan Sekhon
444,45990,26633,J Krishna,Jackson Krishna
1504,45991,26633,U Anne,Upkaar Anne
410,45993,26634,Neel Varghese,Neel Varghese
1066,45996,26636,wanya More,Vanya More
1422,45998,26637,J Balakrishnan,Jatin Balakrishnan
750,46003,26641,C Mohanty,Chandran Mohanty
1050,46004,26641,J Guha,Jack Guha
1666,46006,26642,A. Lad,Ayush Lad
1375,46007,26642,Jasmit Nigam,Jasmit Nigam
1736,46010,26643,S Das,Sarthak Das
48,46012,26644,Balwan Gaba,Balvan Gaba
1190,46013,26645,K. Shenoy,Kiaan Shenoy
789,46016,26647,Owen Verma,Owen Verma
526,46018,26648,Samar wasa,Samar Vasa
835,46022,26649,Jonathan Virk,Jonathan Virk
48,46023,26649,B Gaba,Balvan Gaba
444,46028,26651,J Krishna,Jackson Krishna
1424,46031,26652,I Vohra,Isaac Vohra
1483,46033,26654,A. Lall,Advay Lall
156,46037,26655,O Natarajan,Onveer Natarajan
48,46039,26656,Balwan Gaba,Balvan Gaba
1433,46042,26658,J Thaman,Joshua Thaman
308,46043,26658,Mason Goda,Mason Goda
651,46046,26660,G Venkataraman,Gunbir Venkataraman
1155,46048,26662,Aaraw Patel,Aarav Patel
113,46050,26662,Finn Bawa,Finn Bava
1050,46052,26663,Jack Guha,Jack Guha
28,46060,26669,Neha Mishra,Neha Mishra
993,46065,26671,R Tiwari,Reyansh Tiwari
878,46067,26672,Ryan Kadakia,Ryan Kadakia
1271,46069,26673,G. Naidu,George Naidu
630,46070,26674,Say Mander,Sai Mander
768,46072,26676,Abhimanyu Acharya,Abhimanyu Acharya
1190,46078,26678,K. Shenoy,Kiaan Shenoy
164,46082,26680,Samaksh Sahni,Samaksh Sahni
28,46083,26681,N Mishra,Neha Mishra
1590,46091,26685,N. Keer,Nachiket Keer
1504,46095,26688,Upkaar Anne,Upkaar Anne
71,46099,26690,M. Babu,Mason Babu
300,46100,26691,Pratyus Batta,Pratyush Batta
1440,46106,26693,Benjamin Borde,Benjamin Borde
1271,46110,26697,G. Naidu,George Naidu
48,46112,26697,Balvan Gaba,Balvan Gaba
1712,46113,26697,G. Kalla,Gaurang Kalla
1374,46114,26698,A. Din,Ayaan Din
413,46122,26703,Sathwik Dubey,Sathvik Dubey
1666,46123,26704,Ayus Lad,Ayush Lad
512,46124,26705,A. Reddy,Arjun Reddy
98,46126,26707,M Shukla,Mason Shukla
1066,46129,26709,Vanya More,Vanya More
410,46132,26710,Neel Varghese,Neel Varghese
1041,46134,26711,F. Sur,Farhan Sur
434,46139,26713,Q. Gopal,Qarin Gopal
276,46141,26714,Chaitaly Agarwal,Chaitaly Agarwal
1104,46144,26715,Y Ray,Yauvani Ray
1757,46145,26716,Yatin Jaggi,Yatin Jaggi
1529,46147,26716,Yagnesh Rao,Yagnesh Rao
430,46150,26719,Faris D’Alia,Faris D’Alia
1590,46158,26723,N Keer,Nachiket Keer
1651,46160,26724,Lakshit Bal,Lakshit Bal
247,46163,26726,Wyatt Mahajan,Wyatt Mahajan
1334,46165,26726,Tarak Ramanathan,Tarak Ramanathan
823,46166,26726,Balvan Khosla,Balvan Khosla
984,46170,26728,J Kaur,Jagat Kaur
1022,46177,26731,Isayah kare,Isaiah Khare
53,46178,26731,Fiyaz Kale,Fiyaz Kale
1189,46182,26734,S. Anand,Sachi Anand
1231,46183,26734,Eshana Viswanathan,Eshana Viswanathan
247,46184,26735,W Mahajan,Wyatt Mahajan
247,46185,26735,Wyatt Mahajan,Wyatt Mahajan
1221,46186,26736,Aryan Bora,Aryan Bora
910,46188,26737,C Chakrabarti,Chakradhar Chakrabarti
678,46190,26739,Ikbal Mittal,Ikbal Mittal
142,46196,26742,Chanakya Purohit,Chanakya Purohit
646,46197,26743,Kay Chauhan,Kai Chauhan
1221,46203,26748,A. Bora,Aryan Bora
590,46206,26749,F More,Fiyaz More
625,46207,26749,Tejas Rajagopal,Tejas Rajagopal
681,46210,26750,Advay Kulkarni,Advay Kulkarni
221,46213,26751,Q Butala,Qarin Butala
1221,46216,26753,Aryan Bora,Aryan Bora
281,46217,26754,P. Choudhry,Pranav Choudhry
823,46221,26756,Balwan kosla,Balvan Khosla
678,46228,26759,I. Mittal,Ikbal Mittal
1058,46229,26760,Yatin Dalal,Yatin Dalal
53,46233,26761,F Kale,Fiyaz Kale
1747,46236,26762,Fitan Rai,Fitan Rai
908,46238,26762,Balhaar Kanda,Balhaar Kanda
483,46239,26763,E Atwal,Ekapad Atwal
809,46240,26764,Wahab Murthy,Wahab Murthy
1430,46242,26765,Gunit Korpal,Guneet Korpal
1307,46253,26772,Isaac Parekh,Isaac Parekh
205,46254,26772,Fiyaz Kunda,Fiyaz Kunda
1182,46257,26773,F. Chaudhuri,Frado Chaudhuri
504,46260,26774,L Chanda,Liam Chanda
678,46270,26780,I Mittal,Ikbal Mittal
894,46278,26783,Robert Dhar,Robert Dhar
951,46285,26787,Samuel Issac,Samuel Issac
71,46286,26788,Mason Babu,Mason Babu
247,46291,26790,Wyatt Mahajan,Wyatt Mahajan
1469,46292,26790,S. Ganguly,Saanvi Ganguly
173,46293,26791,Pranaw Kamdar,Pranav Kamdar
1189,46295,26791,S. Anand,Sachi Anand
1364,46296,26791,Yatin Om,Yatin Om
1221,46314,26802,Aryan Bora,Aryan Bora
823,46317,26804,Balwan kosla,Balvan Khosla
205,46320,26807,Fiyaz Kunda,Fiyaz Kunda
1720,46323,26808,Theodore Cherian,Theodore Cherian
247,46324,26808,Wyatt Mahajan,Wyatt Mahajan
826,46330,26812,Pushti Lad,Pushti Lad
1026,46331,26812,T Lata,Tanish Lata
1647,46333,26813,C Jhaveri,Chakradev Jhaveri
53,46336,26816,Fiyaz Kale,Fiyaz Kale
823,46341,26819,Balwan kosla,Balvan Khosla
1477,46342,26820,Leena Char,Leena Char
276,46343,26820,Chaitaly Agarwal,Chaitaly Agarwal
894,46347,26822,Robert Dhar,Robert Dhar
205,46349,26822,Fiyaz Kunda,Fiyaz Kunda
1258,46352,26823,Advaith Khatri,Advaith Khatri
681,46354,26824,Advay Kulkarni,Advay Kulkarni
1684,46363,26826,Hredhaan Kale,Hredhaan Kale
1720,46367,26828,Theodore Cherian,Theodore Cherian
394,46369,26829,Sachi Dugar,Sachi Dugar
1678,46371,26830,Zashil Kade,Zashil Kade
1197,46376,26833,A Garde,Abhimanyu Garde
826,46378,26834,Pushti Lad,Pushti Lad
173,46379,26834,Pranav Kamdar,Pranav Kamdar
363,46384,26837,J. Vyas,Jonathan Vyas
826,46386,26837,Pushti Lad,Pushti Lad
851,46388,26838,Ethan Sama,Ethan Sama
394,46390,26839,Sachi Dugar,Sachi Dugar
1779,46392,26840,Daks Chaudry,Daksh Chaudry
1779,46393,26840,Daks Chaudry,Daksh Chaudry
894,46394,26841,Robert Dhar,Robert Dhar
314,46397,26842,Tarak Anand,Tarak Anand
1225,46399,26844,B Parmar,Brijesh Parmar
281,46401,26846,Pranav Choudhry,Pranav Choudhry
1225,46403,26847,Brijesh Parmar,Brijesh Parmar
681,46404,26847,A. Kulkarni,Advay Kulkarni
1757,46406,26847,Y. Jaggi,Yatin Jaggi
1080,46409,26850,Liam Rastogi,Liam Rastogi
483,46417,26855,Ekapad Atwal,Ekapad Atwal
1189,46420,26856,S Anand,Sachi Anand
394,46424,26857,S. Dugar,Sachi Dugar
363,46427,26858,Jonathan Vyas,Jonathan Vyas
504,46437,26865,Liam Chanda,Liam Chanda
289,46441,26867,Benjamin Anne,Benjamin Anne
1674,46442,26868,Kamala Kakar,Kamala Kakar
558,46443,26869,Zaytra Johal,Zaitra Johal
1488,46447,26872,H. Acharya,Hredhaan Acharya
504,46449,26873,Liam Chanda,Liam Chanda
342,46456,26876,Balendra Rege,Balendra Rege
678,46457,26876,I Mittal,Ikbal Mittal
1309,46458,26877,Chatresh Batta,Chatresh Batta
984,46459,26878,J. Kaur,Jagat Kaur
71,46464,26882,M. Babu,Mason Babu
1752,46466,26883,N Mann,Nathaniel Mann
363,46476,26888,J. Vyas,Jonathan Vyas
1069,46478,26890,Udant Nagar,Udant Nagar
1776,46479,26891,M. Ranganathan,Manan Ranganathan
1684,46480,26892,Hredhaan Kale,Hredhaan Kale
504,46482,26894,L. Chanda,Liam Chanda
1231,46486,26897,Esana Viswanatan,Eshana Viswanathan
1747,46489,26898,Fitan Ray,Fitan Rai
367,46491,26900,Hardik Kohli,Hardik Kohli
625,46496,26903,Tejas Rajagopal,Tejas Rajagopal
1231,46498,26904,Eshana Viswanathan,Eshana Viswanathan
504,46501,26905,Liam Chanda,Liam Chanda
678,46507,26908,I Mittal,Ikbal Mittal
1225,46510,26909,Brijesh Parmar,Brijesh Parmar
1386,46513,26910,V Vaidya,Viraj Vaidya
289,46514,26911,Benjamin Anne,Benjamin Anne
907,46518,26912,Sudiksha Divan,Sudiksha Divan
681,46520,26913,Adway Kulkarni,Advay Kulkarni
1477,46521,26913,Lina Char,Leena Char
504,46522,26913,Liam Chanda,Liam Chanda
53,46524,26914,Fiyaz Kale,Fiyaz Kale
1225,46528,26917,B Parmar,Brijesh Parmar
71,46529,26918,M Babu,Mason Babu
815,46530,26918,Shaurya Pillai,Shaurya Pillai
1371,46539,26926,Dhruv Tella,Dhruv Tella
281,46545,26931,P. Choudhry,Pranav Choudhry
1091,46548,26933,A. Chadha,Ansh Chadha
1224,46550,26934,Chanakya Sandal,Chanakya Sandal
1776,46556,26937,Manan Ranganathan,Manan Ranganathan
252,46561,26940,K. Mishra,Krishna Mishra
247,46563,26942,Wyatt Mahajan,Wyatt Mahajan
363,46564,26942,Jonathan Vyas,Jonathan Vyas
1454,46568,26944,E. Mann,Ekansh Mann
1469,46575,26948,Saanwi Ganguly,Saanvi Ganguly
247,46580,26952,W Mahajan,Wyatt Mahajan
1309,46585,26955,Chatres Batta,Chatresh Batta
1189,46589,26957,Sachi Anand,Sachi Anand
927,46590,26957,Udarsh Saxena,Udarsh Saxena
678,46592,26958,Ikbal Mittal,Ikbal Mittal
635,46595,26960,Vihaan Bhavsar,Vihaan Bhavsar
1231,46600,26963,Esana Viswanatan,Eshana Viswanathan
1776,46602,26965,M Ranganathan,Manan Ranganathan
826,46614,26972,Pusti Lad,Pushti Lad
894,46615,26972,Robert Dhar,Robert Dhar
625,46619,26974,T. Rajagopal,Tejas Rajagopal
1757,46623,26975,Yatin Jaggi,Yatin Jaggi
878,46624,26976,Ryan Kadakia,Ryan Kadakia
5,46626,26977,Tanay Jaggi,Tanay Jaggi
71,46630,26980,Mason Babu,Mason Babu
1197,46636,26984,A Garde,Abhimanyu Garde
686,46638,26985,Kevin Bail,Kevin Bail
1182,46641,26986,Frado Chaudhuri,Frado Chaudhuri
1189,46644,26987,Sachi Anand,Sachi Anand
951,46645,26988,Samuel Issac,Samuel Issac
1309,46648,26989,C Batta,Chatresh Batta
627,46652,26991,E. Srivastava,Ethan Srivastava
533,46654,26992,Abdul Chandran,Abdul Chandran
910,46656,26993,Chakradhar Chakrabarti,Chakradhar Chakrabarti
935,46658,26994,Chasmum Pal,Chasmum Pal
173,46660,26995,Pranav Kamdar,Pranav Kamdar
1752,46663,26997,Nathaniel Mann,Nathaniel Mann
1752,46666,26998,Nataniel Mann,Nathaniel Mann
221,46671,27001,Qarin Butala,Qarin Butala
910,46678,27007,Chakradhar Chakrabarti,Chakradhar Chakrabarti
205,46679,27008,Fiyaz Kunda,Fiyaz Kunda
984,46686,27013,J. Kaur,Jagat Kaur
247,46687,27014,W Mahajan,Wyatt Mahajan
1779,46689,27016,Daks Chaudry,Daksh Chaudry
247,46690,27016,Wyatt Mahajan,Wyatt Mahajan
320,46693,27018,A Dani,Ansh Dani
1364,46694,27018,Y Om,Yatin Om
1779,46696,27018,Daksh Chaudry,Daksh Chaudry
504,46699,27020,Liam Chanda,Liam Chanda
1211,46701,27022,Bahadurjit Majumdar,Bahadurjit Majumdar
1684,46703,27023,H Kale,Hredhaan Kale
1317,46705,27023,O Sem,Ojas Sem
907,46706,27024,Sudiksha Divan,Sudiksha Divan
1309,46708,27025,Chatresh Batta,Chatresh Batta
910,46711,27026,Chakradhar Chakrabarti,Chakradhar Chakrabarti
788,46713,27026,Qadim Batra,Qadim Batra
1182,46714,27027,Frado Chaudhuri,Frado Chaudhuri
1585,46716,27027,Zayan Som,Zayan Som
908,46717,27028,B Kanda,Balhaar Kanda
678,46720,27029,Ikbal Mittal,Ikbal Mittal
369,46721,27030,M Kashyap,Max Kashyap
173,46722,27030,Pranav Kamdar,Pranav Kamdar
1221,46723,27030,Aryan Bora,Aryan Bora
1779,46724,27031,D. Chaudry,Daksh Chaudry
303,46727,27032,Saksham Bhalla,Saksham Bhalla
654,46729,27033,Wyatt Sekon,Wyatt Sekhon
71,46731,27035,M Babu,Mason Babu
678,46733,27036,Ikbal Mittal,Ikbal Mittal
5,46735,27037,Tanay Jaggi,Tanay Jaggi
843,46736,27037,O Sem,Owen Sem
809,46738,27039,W. Murthy,Wahab Murthy
1752,46744,27042,Nathaniel Mann,Nathaniel Mann
1231,46746,27042,Eshana Viswanathan,Eshana Viswanathan
1684,46747,27043,H. Kale,Hredhaan Kale
1454,46748,27043,Ekans Mann,Ekansh Mann
1231,46750,27044,Esana wiswanathan,Eshana Viswanathan
342,46759,27051,B. Rege,Balendra Rege
1757,46761,27052,Yatin Jaggi,Yatin Jaggi
5,46765,27053,Tanay Jaggi,Tanay Jaggi
1454,46768,27054,Ekans Mann,Ekansh Mann
363,46769,27055,J. Vyas,Jonathan Vyas
1231,46774,27057,E Viswanathan,Eshana Viswanathan
1752,46776,27058,N. Mann,Nathaniel Mann
997,46778,27059,P. Manda,Praneel Manda
394,46780,27060,Sachi Dugar,Sachi Dugar
1201,46782,27061,Samesh Jaggi,Samesh Jaggi
71,46789,27066,M Babu,Mason Babu
483,46791,27068,E. Atwal,Ekapad Atwal
221,46794,27069,Q. Butala,Qarin Butala
1255,46797,27071,Yatan Pau,Yatan Pau
907,46800,27071,Sudiksa Diwan,Sudiksha Divan
363,46802,27073,J Vyas,Jonathan Vyas
1014,46803,27073,R. Menon,Raghav Menon
894,46809,27078,Robert Dhar,Robert Dhar
1752,46811,27080,Nataniel Mann,Nathaniel Mann
400,46812,27081,G. Chanda,Gagan Chanda
1469,46813,27082,S. Ganguly,Saanvi Ganguly
609,46814,27083,K Chokshi,Krish Chokshi
1088,46815,27084,G Bal,Gabriel Bal
1197,46816,27084,A. Garde,Abhimanyu Garde
1454,46822,27088,Ekansh Mann,Ekansh Mann
681,46825,27089,Advay Kulkarni,Advay Kulkarni
1197,46833,27097,Abhimanyu Garde,Abhimanyu Garde
1309,46834,27097,C. Batta,Chatresh Batta
1364,46835,27098,Yatin Om,Yatin Om
205,46837,27100,Fiyaz Kunda,Fiyaz Kunda
894,46838,27100,Robert Dhar,Robert Dhar
1654,46841,27103,Y. Behl,Yuvraj Behl
1014,46842,27103,Raghaw Menon,Raghav Menon
1086,46847,27104,H Solanki,Hardik Solanki
910,46849,27106,C Chakrabarti,Chakradhar Chakrabarti
281,46851,27106,Pranav Choudhry,Pranav Choudhry
951,46854,27107,Samuel Issac,Samuel Issac
1264,46856,27109,Pranaw Gola,Pranav Gola
505,46857,27109,Dakshesh Mittal,Dakshesh Mittal
1051,46861,27112,H. Kota,Hardik Kota
394,46864,27114,S. Dugar,Sachi Dugar
1700,46870,27118,X. Bhat,Xavier Bhat
1403,46872,27119,Indali Dora,Indali Dora
247,46875,27120,Wyatt Mahajan,Wyatt Mahajan
1454,46876,27120,Ekansh Mann,Ekansh Mann
1221,46885,27127,Aryan Bora,Aryan Bora
1221,46887,27129,Aryan Bora,Aryan Bora
247,46888,27130,Wyatt Mahajan,Wyatt Mahajan
1364,46894,27132,Y. Om,Yatin Om
1403,46895,27133,Indali Dora,Indali Dora
1225,46898,27134,Brijes Parmar,Brijesh Parmar
71,46899,27134,Mason Babu,Mason Babu
363,46901,27135,Jonatan wyas,Jonathan Vyas
1720,46902,27135,T. Cherian,Theodore Cherian
221,46908,27138,Qarin Butala,Qarin Butala
995,46910,27140,Gagan Bandi,Gagan Bandi
119,46911,27140,Yug Korpal,Yug Korpal
173,46914,27142,Pranaw Kamdar,Pranav Kamdar
1779,46916,27142,Daksh Chaudry,Daksh Chaudry
951,46925,27148,Samuel Issac,Samuel Issac
1469,46927,27149,S. Ganguly,Saanvi Ganguly
1477,46931,27151,Leena Char,Leena Char
178,46933,27153,Zehaan kurana,Zehaan Khurana
625,46943,27159,Tejas Rajagopal,Tejas Rajagopal
951,46948,27163,Samuel Issac,Samuel Issac
1197,46952,27165,A Garde,Abhimanyu Garde
1221,46953,27166,Aryan Bora,Aryan Bora
1298,46958,27169,S. Kapoor,Sudiksha Kapoor
5,46959,27169,Tanay Jaggi,Tanay Jaggi
1477,46960,27170,L Char,Leena Char
87,46966,27173,Aryan Barad,Aryan Barad
1182,46968,27175,Frado Chaudhuri,Frado Chaudhuri
1261,46976,27180,Guneet Borah,Guneet Borah
1231,46978,27181,Eshana Viswanathan,Eshana Viswanathan
635,46979,27181,V. Bhavsar,Vihaan Bhavsar
681,46983,27184,Advay Kulkarni,Advay Kulkarni
1231,46985,27186,E. Viswanathan,Eshana Viswanathan
1298,46986,27187,Sudiksa Kapur,Sudiksha Kapoor
205,46989,27187,Fiyaz Kunda,Fiyaz Kunda
1752,46991,27188,Nathaniel Mann,Nathaniel Mann
281,46995,27191,P. Choudhry,Pranav Choudhry
91,46996,27192,E. Raj,Ethan Raj
809,46998,27194,Wahab Murthy,Wahab Murthy
1197,47000,27194,A Garde,Abhimanyu Garde
53,47005,27199,F Kale,Fiyaz Kale
1469,47006,27200,S. Ganguly,Saanvi Ganguly
627,47007,27200,Ethan Srivastava,Ethan Srivastava
927,47008,27201,Udarsh Saxena,Udarsh Saxena
1585,47009,27202,Z Som,Zayan Som
247,47012,27202,W Mahajan,Wyatt Mahajan
1497,47017,27206,J. Sarna,Jackson Sarna
370,47020,27208,Sneha Behl,Sneha Behl
1177,47021,27209,Samarth Din,Samarth Din
1779,47025,27212,Daksh Chaudry,Daksh Chaudry
91,47027,27213,E. Raj,Ethan Raj
635,47029,27214,Vihaan Bhavsar,Vihaan Bhavsar
863,47037,27219,Nitesh Seth,Nitesh Seth
1231,47040,27220,Esana Viswanatan,Eshana Viswanathan
1189,47044,27221,S Anand,Sachi Anand
1526,47065,27233,B. Kala,Bakhshi Kala
1408,47068,27234,Amayra Dugal,Amaira Dugal
1752,47069,27235,Nathaniel Mann,Nathaniel Mann
1585,47072,27236,Z Som,Zayan Som
951,47076,27238,S Issac,Samuel Issac
823,47079,27240,Balvan Khosla,Balvan Khosla
927,47081,27241,U. Saxena,Udarsh Saxena
238,47084,27244,A Keer,Azad Keer
1014,47089,27247,Raghav Menon,Raghav Menon
1495,47090,27248,M. Mannan,Maanas Mannan
984,47092,27250,Jagat Kaur,Jagat Kaur
77,47094,27251,Caleb Kaul,Caleb Kaul
1469,47097,27253,Saanwi Ganguly,Saanvi Ganguly
289,47098,27254,B Anne,Benjamin Anne
627,47101,27256,E Srivastava,Ethan Srivastava
370,47104,27257,Sneha Behl,Sneha Behl
907,47110,27260,S. Divan,Sudiksha Divan
388,47111,27261,Indrajit Gulati,Indrajit Gulati
823,47112,27261,B. Khosla,Balvan Khosla
1674,47114,27261,Kamala Kakar,Kamala Kakar
826,47115,27262,P Lad,Pushti Lad
527,47119,27264,Ranbir Swamy,Ranbir Swamy
504,47123,27265,L Chanda,Liam Chanda
205,47124,27266,Fiyaz Kunda,Fiyaz Kunda
533,47125,27266,A Chandran,Abdul Chandran
1197,47127,27268,Abhimanyu Garde,Abhimanyu Garde
951,47130,27270,Samuel Issac,Samuel Issac
662,47131,27270,Baljiwan Swamy,Baljiwan Swamy
645,47133,27271,Say Kir,Sai Keer
1454,47134,27272,Ekansh Mann,Ekansh Mann
1720,47146,27280,teodore Cherian,Theodore Cherian
823,47147,27280,Balwan kosla,Balvan Khosla
951,47150,27281,Samuel Issac,Samuel Issac
1225,47151,27281,B Parmar,Brijesh Parmar
1014,47152,27282,Raghav Menon,Raghav Menon
483,47153,27282,Ekapad Atwal,Ekapad Atwal
1720,47155,27283,teodore Cherian,Theodore Cherian
1720,47159,27285,Theodore Cherian,Theodore Cherian
1747,47162,27287,F. Rai,Fitan Rai
363,47163,27288,Jonathan Vyas,Jonathan Vyas
80,47165,27289,Hredhaan Lad,Hredhaan Lad
1720,47167,27290,T Cherian,Theodore Cherian
205,47168,27291,Fiyaz Kunda,Fiyaz Kunda
951,47173,27294,Samuel Issac,Samuel Issac
1189,47175,27295,Sachi Anand,Sachi Anand
794,47178,27297,J. Kakar,Jackson Kakar
1122,47180,27297,Xavier Parekh,Xavier Parekh
927,47188,27303,Udarsh Saxena,Udarsh Saxena
1221,47193,27305,Aryan Bora,Aryan Bora
71,47194,27306,M. Babu,Mason Babu
1776,47197,27308,M Ranganathan,Manan Ranganathan
1641,47210,27314,Warjas Bobal,Warjas Bobal
1058,47211,27315,Yatin Dalal,Yatin Dalal
1231,47213,27315,Eshana Viswanathan,Eshana Viswanathan
1364,47218,27320,Yatin Om,Yatin Om
1231,47219,27320,Esana Viswanatan,Eshana Viswanathan
77,47225,27323,Caleb Kaul,Caleb Kaul
826,47226,27324,P Lad,Pushti Lad
1154,47232,27327,Dhriti Kala,Dhriti Kala
678,47236,27329,I Mittal,Ikbal Mittal
742,47237,27330,U Shankar,Udarsh Shankar
910,47238,27330,Chakradhar Chakrabarti,Chakradhar Chakrabarti
71,47244,27334,M. Babu,Mason Babu
5,47249,27336,Tanay Jaggi,Tanay Jaggi
1309,47262,27342,Chatresh Batta,Chatresh Batta
1776,47267,27346,M Ranganathan,Manan Ranganathan
1189,47268,27346,S. Anand,Sachi Anand
1684,47272,27348,Hredhaan Kale,Hredhaan Kale
1225,47275,27350,B. Parmar,Brijesh Parmar
907,47276,27351,Sudiksha Divan,Sudiksha Divan
71,47277,27352,M. Babu,Mason Babu
5,47285,27356,T. Jaggi,Tanay Jaggi
71,47287,27358,M Babu,Mason Babu
205,47291,27361,Fiyaz Kunda,Fiyaz Kunda
635,47293,27362,wihaan Bhawsar,Vihaan Bhavsar
1747,47298,27366,Fitan Ray,Fitan Rai
1364,47299,27367,Yatin Om,Yatin Om
308,47305,27372,M Goda,Mason Goda
927,47309,27374,Udarsh Saxena,Udarsh Saxena
1720,47313,27377,Theodore Cherian,Theodore Cherian
823,47314,27378,Balvan Khosla,Balvan Khosla
1776,47319,27380,M. Ranganathan,Manan Ranganathan
681,47323,27384,Advay Kulkarni,Advay Kulkarni
533,47325,27386,Abdul Chandran,Abdul Chandran
678,47326,27386,I Mittal,Ikbal Mittal
173,47327,27386,P Kamdar,Pranav Kamdar
205,47328,27387,F. Kunda,Fiyaz Kunda
681,47330,27388,A. Kulkarni,Advay Kulkarni
1477,47332,27389,L. Char,Leena Char
1221,47333,27389,Aryan Bora,Aryan Bora
247,47334,27390,W Mahajan,Wyatt Mahajan
1477,47337,27393,Lina Char,Leena Char
281,47344,27397,Pranaw Choudhry,Pranav Choudhry
625,47349,27399,Tejas Rajagopal,Tejas Rajagopal
627,47350,27399,E. Srivastava,Ethan Srivastava
1364,47355,27402,Y. Om,Yatin Om
1221,47359,27405,Aryan Bora,Aryan Bora
173,47364,27410,Pranav Kamdar,Pranav Kamdar
1231,47367,27412,Eshana Viswanathan,Eshana Viswanathan
1474,47371,27415,Fiyaz Natarajan,Fiyaz Natarajan
1036,47372,27415,Qadim Brar,Qadim Brar
924,47375,27416,Chandresh Oommen,Chandresh Oommen
823,47376,27417,B Khosla,Balvan Khosla
809,47378,27419,W. Murthy,Wahab Murthy
1757,47380,27420,Yatin Jaggi,Yatin Jaggi
533,47383,27421,A. Chandran,Abdul Chandran
1403,47384,27421,Indali Dora,Indali Dora
1454,47389,27423,Ekans Mann,Ekansh Mann
1720,47395,27426,Theodore Cherian,Theodore Cherian
1788,47400,27430,K. Peri,Krish Peri
1488,47401,27431,Hredhaan Acharya,Hredhaan Acharya
77,47402,27432,C. Kaul,Caleb Kaul
1225,47404,27433,B. Parmar,Brijesh Parmar
678,47407,27435,Ikbal Mittal,Ikbal Mittal
907,47408,27436,S Divan,Sudiksha Divan
5,47409,27436,Tanay Jaggi,Tanay Jaggi
1231,47413,27438,Eshana Viswanathan,Eshana Viswanathan
5,47414,27439,T. Jaggi,Tanay Jaggi
342,47416,27440,Balendra Rege,Balendra Rege
908,47417,27441,B. Kanda,Balhaar Kanda
1197,47423,27444,Abhimanyu Garde,Abhimanyu Garde
281,47428,27446,P. Choudhry,Pranav Choudhry
1747,47429,27447,Fitan Rai,Fitan Rai
1225,47430,27448,Brijesh Parmar,Brijesh Parmar
1364,47437,27453,Y. Om,Yatin Om
927,47439,27455,U. Saxena,Udarsh Saxena
1585,47442,27457,Zayan Som,Zayan Som
1015,47444,27459,I. Kala,Ishaan Kala
826,47447,27460,P. Lad,Pushti Lad
627,47450,27463,E Srivastava,Ethan Srivastava
978,47456,27466,Adway Purohit,Advay Purohit
907,47460,27469,Sudiksha Divan,Sudiksha Divan
625,47461,27470,Tejas Rajagopal,Tejas Rajagopal
1779,47466,27472,Daks Chaudry,Daksh Chaudry
678,47468,27472,Ikbal Mittal,Ikbal Mittal
627,47474,27475,Ethan Srivastava,Ethan Srivastava
1547,47476,27476,Simon Koshy,Simon Koshy
823,47477,27477,Balvan Khosla,Balvan Khosla
1720,47478,27478,T Cherian,Theodore Cherian
1364,47480,27479,Y Om,Yatin Om
1403,47484,27480,Indali Dora,Indali Dora
733,47486,27482,F Kashyap,Faris Kashyap
91,47487,27482,E Raj,Ethan Raj
678,47492,27485,I Mittal,Ikbal Mittal
53,47496,27487,Fiyaz Kale,Fiyaz Kale
1364,47497,27487,Y. Om,Yatin Om
984,47501,27490,Jagat Kaur,Jagat Kaur
1757,47502,27491,Y. Jaggi,Yatin Jaggi
1454,47503,27492,Ekans Mann,Ekansh Mann
1664,47506,27494,D Ramakrishnan,Dakshesh Ramakrishnan
1766,47509,27496,Patrick Tiwari,Patrick Tiwari
659,47513,27498,I Kurian,Ishwar Kurian
1225,47516,27498,Brijesh Parmar,Brijesh Parmar
342,47529,27505,Balendra Rege,Balendra Rege
826,47530,27505,Pushti Lad,Pushti Lad
173,47533,27507,Pranav Kamdar,Pranav Kamdar
841,47534,27508,Hamsini Dayal,Hamsini Dayal
1776,47539,27511,M. Ranganathan,Manan Ranganathan
1274,47540,27512,Rachit Bava,Rachit Bava
1776,47542,27512,Manan Ranganathan,Manan Ranganathan
1264,47543,27513,Pranaw Gola,Pranav Gola
823,47544,27513,Balvan Khosla,Balvan Khosla
221,47550,27515,Q. Butala,Qarin Butala
1757,47555,27517,Y Jaggi,Yatin Jaggi
173,47557,27519,Pranaw Kamdar,Pranav Kamdar
826,47558,27519,P Lad,Pushti Lad
1298,47559,27520,Sudiksha Kapoor,Sudiksha Kapoor
173,47562,27520,P Kamdar,Pranav Kamdar
635,47563,27521,V. Bhavsar,Vihaan Bhavsar
910,47564,27521,C Chakrabarti,Chakradhar Chakrabarti
71,47565,27522,Mason Babu,Mason Babu
342,47569,27525,B. Rege,Balendra Rege
483,47580,27533,E Atwal,Ekapad Atwal
1585,47582,27534,Zayan Som,Zayan Som
221,47586,27538,Q Butala,Qarin Butala
1264,47588,27538,Pranav Gola,Pranav Gola
1014,47589,27539,R Menon,Raghav Menon
625,47591,27539,Tejas Rajagopal,Tejas Rajagopal
1197,47598,27543,Abhimanyu Garde,Abhimanyu Garde
951,47599,27544,S Issac,Samuel Issac
1674,47601,27544,Kamala Kakar,Kamala Kakar
173,47604,27547,Pranav Kamdar,Pranav Kamdar
635,47606,27549,V Bhavsar,Vihaan Bhavsar
951,47607,27549,Samuel Issac,Samuel Issac
826,47608,27550,Pushti Lad,Pushti Lad
173,47609,27551,Pranav Kamdar,Pranav Kamdar
1298,47610,27551,Sudiksa Kapur,Sudiksha Kapoor
91,47614,27553,E. Raj,Ethan Raj
927,47621,27559,Udarsh Saxena,Udarsh Saxena
247,47624,27560,W Mahajan,Wyatt Mahajan
75,47625,27561,E Bandi,Ekapad Bandi
503,47627,27562,Gaurang Radhakrishnan,Gaurang Radhakrishnan
1757,47630,27564,Yatin Jaggi,Yatin Jaggi
1197,47631,27565,A Garde,Abhimanyu Garde
1231,47632,27565,Eshana Viswanathan,Eshana Viswanathan
792,47634,27566,Yochana Saxena,Yochana Saxena
173,47639,27570,Pranav Kamdar,Pranav Kamdar
1182,47644,27574,Frado Chaudhuri,Frado Chaudhuri
384,47655,27580,Samesh Uppal,Samesh Uppal
71,47672,27591,Mason Babu,Mason Babu
826,47680,27598,Pushti Lad,Pushti Lad
1528,47681,27599,Tanish Das,Tanish Das
483,47684,27599,E. Atwal,Ekapad Atwal
907,47685,27600,Sudiksha Divan,Sudiksha Divan
984,47686,27600,Jagat Kaur,Jagat Kaur
419,47687,27600,Tarak Mangat,Tarak Mangat
221,47688,27600,Q. Butala,Qarin Butala
1264,47690,27601,P. Gola,Pranav Gola
5,47691,27602,Tanay Jaggi,Tanay Jaggi
1779,47696,27605,Daksh Chaudry,Daksh Chaudry
533,47697,27606,A Chandran,Abdul Chandran
489,47700,27609,Kabir Magar,Kabir Magar
1182,47705,27612,F Chaudhuri,Frado Chaudhuri
1182,47706,27612,F. Chaudhuri,Frado Chaudhuri
504,47711,27616,Liam Chanda,Liam Chanda
400,47712,27616,G. Chanda,Gagan Chanda
1364,47714,27617,Yatin Om,Yatin Om
1197,47716,27618,Abhimanyu Garde,Abhimanyu Garde
1757,47717,27618,Y Jaggi,Yatin Jaggi
936,47718,27619,E Raghavan,Ekbal Raghavan
1001,47721,27621,M. Sarkar,Manthan Sarkar
635,47723,27622,wihaan Bhawsar,Vihaan Bhavsar
809,47725,27623,Wahab Murthy,Wahab Murthy
1401,47726,27624,N. Handa,Neha Handa
400,47732,27628,Gagan Chanda,Gagan Chanda
71,47734,27630,Mason Babu,Mason Babu
678,47735,27630,I Mittal,Ikbal Mittal
1720,47742,27635,T. Cherian,Theodore Cherian
1752,47743,27636,Nathaniel Mann,Nathaniel Mann
1752,47758,27644,Nataniel Mann,Nathaniel Mann
1298,47763,27646,Sudiksa Kapur,Sudiksha Kapoor
635,47766,27648,V. Bhavsar,Vihaan Bhavsar
1298,47769,27649,Sudiksha Kapoor,Sudiksha Kapoor
1587,47771,27650,D Natt,Dev Natt
1720,47773,27651,T Cherian,Theodore Cherian
1298,47777,27653,Sudiksha Kapoor,Sudiksha Kapoor
951,47779,27654,Samuel Issac,Samuel Issac
1778,47781,27655,L Bera,Laban Bera
1403,47782,27656,Indali Dora,Indali Dora
951,47783,27657,S. Issac,Samuel Issac
53,47790,27663,Fiyaz Kale,Fiyaz Kale
635,47791,27664,V Bhavsar,Vihaan Bhavsar
1309,47797,27667,Chatresh Batta,Chatresh Batta
826,47798,27668,Pushti Lad,Pushti Lad
927,47799,27669,Udars Saxena,Udarsh Saxena
247,47804,27673,Wyatt Mahajan,Wyatt Mahajan
1412,47806,27674,Yatin Varma,Yatin Varma
1344,47807,27674,Warinder Sur,Warinder Sur
71,47809,27676,Mason Babu,Mason Babu
173,47812,27678,Pranaw Kamdar,Pranav Kamdar
77,47815,27680,Caleb Kaul,Caleb Kaul
678,47816,27681,Ikbal Mittal,Ikbal Mittal
483,47817,27682,Ekapad Atwal,Ekapad Atwal
1231,47818,27683,Esana wiswanathan,Eshana Viswanathan
1255,47821,27685,Y Pau,Yatan Pau
394,47822,27686,Sachi Dugar,Sachi Dugar
1228,47823,27687,Bakhshi Sridhar,Bakhshi Sridhar
53,47826,27689,Fiyaz Kale,Fiyaz Kale
363,47827,27690,Jonathan Vyas,Jonathan Vyas
400,47828,27691,G. Chanda,Gagan Chanda
1757,47830,27691,Yatin Jaggi,Yatin Jaggi
951,47833,27694,S. Issac,Samuel Issac
894,47841,27699,Robert Dhar,Robert Dhar
1403,47843,27699,Indali Dora,Indali Dora
908,47844,27700,Balhaar Kanda,Balhaar Kanda
1779,47847,27702,D. Chaudry,Daksh Chaudry
1040,47854,27705,K. Banik,Kabir Banik
363,47855,27705,Jonatan wyas,Jonathan Vyas
1477,47861,27710,Leena Char,Leena Char
1585,47865,27712,Zayan Som,Zayan Som
625,47866,27713,T Rajagopal,Tejas Rajagopal
205,47867,27714,Fiyaz Kunda,Fiyaz Kunda
1309,47870,27716,Chatres Batta,Chatresh Batta
1182,47871,27717,F Chaudhuri,Frado Chaudhuri
504,47874,27720,L Chanda,Liam Chanda
1225,47888,27727,Brijesh Parmar,Brijesh Parmar
281,47894,27731,P. Choudhry,Pranav Choudhry
823,47900,27735,B Khosla,Balvan Khosla
540,47910,27743,Daniel Sastry,Daniel Sastry
1403,47913,27745,Indali Dora,Indali Dora
1732,47914,27745,Rehaan Bhatti,Rehaan Bhatti
1720,47916,27746,T. Cherian,Theodore Cherian
1231,47917,27747,Esana wiswanathan,Eshana Viswanathan
635,47919,27748,V Bhavsar,Vihaan Bhavsar
627,47921,27749,E Srivastava,Ethan Srivastava
678,47932,27757,Ikbal Mittal,Ikbal Mittal
289,47934,27759,B. Anne,Benjamin Anne
1437,47937,27760,Maanav Gour,Maanav Gour
1488,47938,27761,H Acharya,Hredhaan Acharya
907,47942,27762,Sudiksa Diwan,Sudiksha Divan
5,47944,27764,Tanay Jaggi,Tanay Jaggi
1197,47946,27765,Abhimanyu Garde,Abhimanyu Garde
1776,47948,27766,Manan Ranganathan,Manan Ranganathan
71,47949,27766,Mason Babu,Mason Babu
394,47950,27766,S. Dugar,Sachi Dugar
228,47951,27767,Madhawi Rama,Madhavi Rama
1495,47964,27775,M. Mannan,Maanas Mannan
221,47969,27778,Q. Butala,Qarin Butala
1477,47970,27778,L Char,Leena Char
5,47972,27780,Tanay Jaggi,Tanay Jaggi
363,47973,27780,J. Vyas,Jonathan Vyas
247,47976,27783,W. Mahajan,Wyatt Mahajan
951,47977,27784,S Issac,Samuel Issac
53,47979,27785,Fiyaz Kale,Fiyaz Kale
1454,47980,27786,Ekansh Mann,Ekansh Mann
951,47986,27789,S. Issac,Samuel Issac
1014,47988,27790,Raghav Menon,Raghav Menon
685,47991,27793,Aarnaw Comar,Aarnav Comar
1291,47994,27795,F. Reddy,Falan Reddy
468,47999,27798,M. Basak,Mason Basak
830,48001,27798,Isaiah Boase,Isaiah Boase
748,48002,27799,Aryan Raghawan,Aryan Raghavan
9,48011,27806,I. Raj,Isaiah Raj
1173,48019,27811,Harita Nadig,Harita Nadig
425,48025,27815,Samuel Mani,Samuel Mani
1046,48026,27816,G Ray,Gabriel Ray
43,48030,27819,H Solanki,Henry Solanki
1628,48032,27821,N Choudhry,Naveen Choudhry
1291,48034,27822,F Reddy,Falan Reddy
1785,48036,27822,B. Mital,Banjeet Mital
402,48039,27825,Farhan Mandal,Farhan Mandal
1760,48040,27825,Tanish Bhagat,Tanish Bhagat
590,48042,27826,F. More,Fiyaz More
928,48043,27827,Rushil Oza,Rushil Oza
1219,48045,27829,Zayan Puri,Zayan Puri
405,48047,27830,A Borah,Aadi Borah
1291,48049,27830,Falan Reddy,Falan Reddy
685,48050,27831,A Comar,Aarnav Comar
402,48053,27832,Farhan Mandal,Farhan Mandal
1456,48058,27835,C Goyal,Champak Goyal
468,48059,27836,M Basak,Mason Basak
1445,48060,27837,A Pant,Arjun Pant
1236,48065,27841,Lucky Randhawa,Lucky Randhawa
1249,48067,27842,W. Krishna,William Krishna
1456,48072,27844,C Goyal,Champak Goyal
914,48074,27845,Om Parekh,Om Parekh
1168,48076,27846,Gaurika Rastogi,Gaurika Rastogi
335,48080,27849,Omkaar Mane,Omkaar Mane
717,48082,27850,Chanchal Apte,Chanchal Apte
312,48085,27851,Jatin Sandal,Jatin Sandal
307,48086,27852,A. Kaur,Ayush Kaur
689,48088,27853,William Tripathi,William Tripathi
335,48089,27853,O Mane,Omkaar Mane
1236,48093,27856,Lucky Randhawa,Lucky Randhawa
1168,48095,27857,Gaurika Rastogi,Gaurika Rastogi
1148,48100,27862,Ans Dugar,Ansh Dugar
1628,48102,27863,Naveen Choudhry,Naveen Choudhry
1218,48109,27868,K Contractor,Krishna Contractor
1412,48110,27869,Y. Varma,Yatin Varma
1388,48111,27870,C Sani,Chandran Sani
830,48112,27870,Isayah Boase,Isaiah Boase
344,48113,27871,T Butala,Tanay Butala
1531,48115,27872,Alka Sachdewa,Alka Sachdeva
1456,48116,27873,C Goyal,Champak Goyal
924,48120,27875,Chandres ummen,Chandresh Oommen
1249,48126,27877,William Krishna,William Krishna
1445,48127,27877,A. Pant,Arjun Pant
693,48130,27880,Vincent Kannan,Vincent Kannan
1547,48131,27880,S. Koshy,Simon Koshy
28,48132,27881,Neha Mishra,Neha Mishra
312,48133,27881,Jatin Sandal,Jatin Sandal
402,48134,27881,Farhan Mandal,Farhan Mandal
1152,48136,27882,A. Prasad,Amol Prasad
1051,48140,27883,Hardik Kota,Hardik Kota
425,48141,27884,S Mani,Samuel Mani
1218,48142,27884,Krishna Contractor,Krishna Contractor
600,48146,27887,Chanchal Bali,Chanchal Bali
43,48147,27888,H Solanki,Henry Solanki
36,48148,27889,Vedant Chowdhury,Vedant Chowdhury
697,48149,27890,T Bhatnagar,Tarak Bhatnagar
143,48150,27891,Ishwar Sabharwal,Ishwar Sabharwal
1442,48154,27893,Aarnav Vohra,Aarnav Vohra
698,48157,27895,Netra Mangat,Netra Mangat
344,48161,27898,Tanay Butala,Tanay Butala
1442,48162,27899,A. Vohra,Aarnav Vohra
698,48165,27901,Netra Mangat,Netra Mangat
1051,48168,27902,Hardik Kota,Hardik Kota
1046,48172,27904,G. Ray,Gabriel Ray
214,48174,27906,T Sachar,Timothy Sachar
693,48177,27908,V Kannan,Vincent Kannan
1442,48182,27911,Aarnav Vohra,Aarnav Vohra
214,48183,27911,T Sachar,Timothy Sachar
820,48185,27913,D. Ahuja,Darsh Ahuja
673,48189,27916,Siddhart Wagle,Siddharth Wagle
698,48192,27917,N. Mangat,Netra Mangat
673,48198,27922,S Wagle,Siddharth Wagle
223,48201,27923,U Tandon,Udant Tandon
698,48203,27924,Netra Mangat,Netra Mangat
1388,48204,27925,Chandran Sani,Chandran Sani
717,48212,27930,Chanchal Apte,Chanchal Apte
827,48218,27933,Chasmum Mutti,Chasmum Mutti
1037,48219,27933,Wazir Rattan,Wazir Rattan
36,48221,27934,Vedant Chowdhury,Vedant Chowdhury
914,48222,27934,O Parekh,Om Parekh
1456,48223,27934,Champak Goyal,Champak Goyal
860,48226,27936,R. Dara,Ranveer Dara
1760,48227,27937,Tanish Bhagat,Tanish Bhagat
947,48228,27938,U Borde,Udarsh Borde
9,48229,27938,Isayah Raj,Isaiah Raj
1412,48235,27941,Y Varma,Yatin Varma
1494,48236,27942,S. Bhandari,Shivansh Bhandari
143,48237,27942,I. Sabharwal,Ishwar Sabharwal
717,48241,27944,Chanchal Apte,Chanchal Apte
159,48243,27946,G Shankar,Girish Shankar
1107,48245,27948,Abeer Dass,Abeer Dass
673,48247,27949,Siddhart Wagle,Siddharth Wagle
1181,48248,27949,D Panchal,Darpan Panchal
580,48259,27956,Nicholas Tur,Nicholas Toor
269,48263,27957,L Arora,Luke Arora
385,48264,27958,C. De,Christopher De
390,48267,27961,Bhawani Nayak,Bhavani Nayak
1249,48269,27963,W. Krishna,William Krishna
1148,48271,27965,Ansh Dugar,Ansh Dugar
881,48273,27966,Anay Saran,Anay Saran
1499,48279,27968,Y. Nazareth,Yoshita Nazareth
554,48280,27969,Madhav Krishnamurthy,Madhav Krishnamurthy
335,48281,27970,Omkaar Mane,Omkaar Mane
649,48287,27971,A Gour,Agastya Gour
1218,48290,27973,Krishna Contractor,Krishna Contractor
1718,48291,27973,Damyanti Minhas,Damyanti Minhas
1227,48294,27974,A Andra,Amol Andra
1236,48299,27975,L Randhawa,Lucky Randhawa
1499,48301,27977,Y Nazareth,Yoshita Nazareth
76,48302,27978,E Sarna,Ekapad Sarna
1412,48305,27980,Y. Varma,Yatin Varma
196,48306,27981,F. Chadha,Finn Chadha
215,48312,27984,W Trivedi,Warinder Trivedi
307,48313,27985,A. Kaur,Ayush Kaur
1249,48315,27985,William Krisna,William Krishna
1299,48319,27988,Kai Kapoor,Kai Kapoor
415,48320,27988,V Sarma,Vihaan Sarma
1442,48321,27989,A. Vohra,Aarnav Vohra
1445,48322,27990,Arjun Pant,Arjun Pant
519,48324,27992,E. Goel,Ekavir Goel
947,48325,27993,Udarsh Borde,Udarsh Borde
344,48329,27996,T. Butala,Tanay Butala
1442,48336,28001,A Vohra,Aarnav Vohra
1628,48339,28002,Naween Choudhry,Naveen Choudhry
1398,48341,28003,Madhav Balay,Madhav Balay
43,48343,28005,H Solanki,Henry Solanki
685,48347,28006,Aarnav Comar,Aarnav Comar
344,48355,28011,Tanay Butala,Tanay Butala
1148,48356,28012,Ans Dugar,Ansh Dugar
1291,48358,28014,Falan Reddy,Falan Reddy
1115,48359,28014,Shivansh Bhatia,Shivansh Bhatia
860,48361,28016,Ranweer Dara,Ranveer Dara
673,48363,28017,Siddharth Wagle,Siddharth Wagle
1051,48367,28018,Hardik Kota,Hardik Kota
590,48368,28018,Fiyaz More,Fiyaz More
717,48369,28019,C Apte,Chanchal Apte
689,48376,28023,William Tripati,William Tripathi
344,48383,28027,T. Butala,Tanay Butala
1595,48384,28027,R. Mander,Rohan Mander
214,48387,28028,T Sachar,Timothy Sachar
989,48389,28029,B Ramesh,Balvan Ramesh
307,48392,28031,Ayush Kaur,Ayush Kaur
1783,48396,28034,Chandran Bath,Chandran Bath
1531,48397,28034,A. Sachdeva,Alka Sachdeva
673,48399,28035,Siddhart Wagle,Siddharth Wagle
1445,48401,28036,Arjun Pant,Arjun Pant
417,48407,28040,G. Raghavan,Gavin Raghavan
425,48410,28041,S Mani,Samuel Mani
637,48412,28041,Samaks Rastogi,Samaksh Rastogi
685,48416,28042,A Comar,Aarnav Comar
685,48418,28043,Aarnav Comar,Aarnav Comar
1315,48419,28044,Caleb Morar,Caleb Morar
580,48421,28046,Nicholas Toor,Nicholas Toor
277,48424,28048,Hredhaan Pradhan,Hredhaan Pradhan
1218,48425,28048,K Contractor,Krishna Contractor
673,48431,28051,Siddharth Wagle,Siddharth Wagle
402,48432,28052,Farhan Mandal,Farhan Mandal
425,48436,28054,Samuel Mani,Samuel Mani
190,48438,28056,Yachana Samra,Yachana Samra
74,48439,28057,Jackson Sinha,Jackson Sinha
1777,48441,28057,Zilmil Prashad,Zilmil Prashad
827,48443,28059,Chasmum Mutti,Chasmum Mutti
402,48447,28062,F. Mandal,Farhan Mandal
685,48449,28062,A. Comar,Aarnav Comar
328,48450,28063,Azaan Acharya,Azaan Acharya
17,48453,28066,Balveer Halder,Balveer Halder
827,48454,28066,C Mutti,Chasmum Mutti
938,48456,28068,H Sehgal,Harish Sehgal
9,48465,28072,Isaiah Raj,Isaiah Raj
1398,48468,28075,M Balay,Madhav Balay
269,48471,28077,Luke Arora,Luke Arora
344,48474,28080,Tanay Butala,Tanay Butala
1760,48476,28082,T. Bhagat,Tanish Bhagat
1051,48477,28083,Hardik Kota,Hardik Kota
1494,48479,28085,Shivansh Bhandari,Shivansh Bhandari
1442,48482,28087,A Vohra,Aarnav Vohra
214,48485,28089,Timoty Sachar,Timothy Sachar
417,48486,28090,Gavin Raghavan,Gavin Raghavan
1249,48489,28093,W. Krishna,William Krishna
936,48491,28095,Ekbal Raghawan,Ekbal Raghavan
9,48493,28095,Isayah Raj,Isaiah Raj
914,48500,28099,Om Parek,Om Parekh
143,48504,28100,Ishwar Sabharwal,Ishwar Sabharwal
1499,48507,28102,Yosita Nazaret,Yoshita Nazareth
312,48508,28103,Jatin Sandal,Jatin Sandal
1442,48511,28105,Aarnav Vohra,Aarnav Vohra
673,48512,28106,Siddharth Wagle,Siddharth Wagle
1538,48513,28106,Q. Narula,Qadim Narula
1398,48518,28107,Madhav Balay,Madhav Balay
1051,48519,28108,H Kota,Hardik Kota
312,48522,28111,Jatin Sandal,Jatin Sandal
879,48524,28112,Bahadurjit Kant,Bahadurjit Kant
1412,48530,28116,Yatin Varma,Yatin Varma
328,48531,28117,A Acharya,Azaan Acharya
328,48532,28118,Azaan Acharya,Azaan Acharya
947,48533,28119,Udarsh Borde,Udarsh Borde
1356,48534,28119,A. Dubey,Ayaan Dubey
193,48542,28125,G Bhatnagar,Ganga Bhatnagar
36,48546,28127,V Chowdhury,Vedant Chowdhury
425,48552,28131,S Mani,Samuel Mani
1291,48554,28132,Falan Reddy,Falan Reddy
673,48563,28138,S. Wagle,Siddharth Wagle
673,48573,28143,S. Wagle,Siddharth Wagle
9,48574,28144,Isaiah Raj,Isaiah Raj
405,48577,28146,Aadi Borah,Aadi Borah
512,48578,28147,A. Reddy,Arjun Reddy
693,48579,28147,V. Kannan,Vincent Kannan
1219,48586,28151,Z. Puri,Zayan Puri
9,48591,28155,I Raj,Isaiah Raj
860,48597,28157,Ranveer Dara,Ranveer Dara
600,48598,28157,Chanchal Bali,Chanchal Bali
1236,48599,28157,Lucky Randhawa,Lucky Randhawa
1037,48600,28158,Wazir Rattan,Wazir Rattan
405,48602,28158,A. Borah,Aadi Borah
830,48605,28160,I Boase,Isaiah Boase
405,48610,28163,Aadi Borah,Aadi Borah
1037,48615,28167,W Rattan,Wazir Rattan
664,48621,28172,Raghav Vasa,Raghav Vasa
1494,48625,28173,Shiwansh Bhandari,Shivansh Bhandari
1046,48628,28175,G Ray,Gabriel Ray
914,48629,28176,O Parekh,Om Parekh
1388,48631,28176,C Sani,Chandran Sani
196,48632,28176,F Chadha,Finn Chadha
1148,48635,28179,A Dugar,Ansh Dugar
344,48637,28179,T. Butala,Tanay Butala
600,48638,28180,Chanchal Bali,Chanchal Bali
1783,48641,28182,C. Bath,Chandran Bath
830,48646,28185,Isayah Boase,Isaiah Boase
1112,48648,28187,G. Korpal,Gopal Korpal
698,48649,28187,Netra Mangat,Netra Mangat
590,48650,28188,F More,Fiyaz More
344,48651,28189,Tanay Butala,Tanay Butala
1299,48652,28190,K Kapoor,Kai Kapoor
1398,48655,28191,M. Balay,Madhav Balay
1046,48656,28192,Gabriel Ray,Gabriel Ray
827,48660,28195,Chasmum Mutti,Chasmum Mutti
1219,48665,28198,Z. Puri,Zayan Puri
148,48667,28199,Ekalinga Baria,Ekalinga Baria
312,48672,28204,J. Sandal,Jatin Sandal
1494,48673,28205,Shivansh Bhandari,Shivansh Bhandari
43,48676,28206,Henry Solanki,Henry Solanki
307,48677,28207,Ayush Kaur,Ayush Kaur
574,48679,28209,M Balakrishnan,Mason Balakrishnan
1152,48682,28212,Amol Prasad,Amol Prasad
673,48684,28213,Siddharth Wagle,Siddharth Wagle
102,48691,28217,L. Borde,Lopa Borde
1628,48694,28217,Naveen Choudhry,Naveen Choudhry
1628,48695,28218,Naveen Choudhry,Naveen Choudhry
1412,48699,28220,Y Varma,Yatin Varma
1494,48700,28221,Shivansh Bhandari,Shivansh Bhandari
405,48702,28222,Aadi Borah,Aadi Borah
717,48706,28223,Chanchal Apte,Chanchal Apte
328,48707,28224,Azaan Acharya,Azaan Acharya
1152,48710,28225,A Prasad,Amol Prasad
214,48712,28227,T Sachar,Timothy Sachar
1456,48717,28228,C Goyal,Champak Goyal
1412,48722,28232,Y Varma,Yatin Varma
860,48723,28233,R Dara,Ranveer Dara
1236,48727,28236,Lucky Randhawa,Lucky Randhawa
432,48730,28237,Zansi Mangat,Zansi Mangat
689,48731,28238,William Tripathi,William Tripathi
717,48733,28238,Chanchal Apte,Chanchal Apte
600,48734,28239,Chanchal Bali,Chanchal Bali
1236,48737,28239,Lucky Randhawa,Lucky Randhawa
1388,48738,28240,Chandran Sani,Chandran Sani
1531,48739,28241,A. Sachdeva,Alka Sachdeva
1760,48741,28241,T. Bhagat,Tanish Bhagat
830,48742,28241,I Boase,Isaiah Boase
1051,48746,28243,Hardik Kota,Hardik Kota
9,48747,28244,Isaiah Raj,Isaiah Raj
1236,48749,28244,Lucky Randhawa,Lucky Randhawa
1499,48751,28245,Y. Nazareth,Yoshita Nazareth
374,48756,28247,Y. Manne,Yatin Manne
673,48758,28248,Siddharth Wagle,Siddharth Wagle
468,48760,28249,M Basak,Mason Basak
468,48763,28251,Mason Basak,Mason Basak
1398,48765,28252,M. Balay,Madhav Balay
244,48766,28253,A. Sridhar,Alexander Sridhar
698,48767,28253,Netra Mangat,Netra Mangat
947,48769,28253,Udars Borde,Udarsh Borde
693,48771,28254,wincent Kannan,Vincent Kannan
1046,48772,28255,Gabriel Ray,Gabriel Ray
328,48776,28256,Azaan Acharya,Azaan Acharya
417,48777,28257,G Raghavan,Gavin Raghavan
1249,48780,28258,W Krishna,William Krishna
152,48783,28259,Wazir Dugal,Wazir Dugal
1236,48784,28259,Lucky Randhawa,Lucky Randhawa
405,48785,28260,Aadi Borah,Aadi Borah
827,48787,28262,Chasmum Mutti,Chasmum Mutti
1494,48790,28265,Shivansh Bhandari,Shivansh Bhandari
9,48792,28266,Isayah Raj,Isaiah Raj
698,48793,28267,N Mangat,Netra Mangat
269,48795,28269,Luke Arora,Luke Arora
1628,48798,28270,Navin Choudhry,Naveen Choudhry
860,48801,28273,Ranveer Dara,Ranveer Dara
1398,48805,28275,Madhav Balay,Madhav Balay
860,48806,28276,Ranveer Dara,Ranveer Dara
405,48808,28276,Aadi Borah,Aadi Borah
1219,48809,28277,Z. Puri,Zayan Puri
673,48814,28279,Siddhart Wagle,Siddharth Wagle
307,48819,28284,Ayush Kaur,Ayush Kaur
1303,48822,28287,Laks Mohan,Laksh Mohan
405,48829,28293,Aadi Borah,Aadi Borah
328,48832,28294,Azaan Acharya,Azaan Acharya
698,48835,28296,Netra Mangat,Netra Mangat
1075,48839,28299,Bachittar Roy,Bachittar Roy
196,48842,28300,Finn Chadha,Finn Chadha
214,48844,28300,T. Sachar,Timothy Sachar
1547,48846,28302,Simon Koshy,Simon Koshy
879,48856,28308,Bahadurjit Kant,Bahadurjit Kant
661,48871,28315,P. Madan,Parth Madan
438,48876,28318,Alexander Chada,Alexander Chada
214,48883,28323,T. Sachar,Timothy Sachar
312,48884,28323,Jatin Sandal,Jatin Sandal
1219,48885,28323,Z Puri,Zayan Puri
62,48886,28324,U. Kulkarni,Utkarsh Kulkarni
596,48887,28325,Nakul Mohan,Nakul Mohan
590,48888,28325,F. More,Fiyaz More
1398,48889,28326,M. Balay,Madhav Balay
698,48890,28327,N. Mangat,Netra Mangat
402,48892,28329,Farhan Mandal,Farhan Mandal
1760,48893,28330,Tanish Bhagat,Tanish Bhagat
405,48894,28331,Aadi Borah,Aadi Borah
947,48900,28335,Udarsh Borde,Udarsh Borde
43,48904,28338,H. Solanki,Henry Solanki
468,48905,28338,M Basak,Mason Basak
1494,48906,28338,Shivansh Bhandari,Shivansh Bhandari
223,48910,28340,Udant Tandon,Udant Tandon
772,48911,28340,P Oommen,Pranit Oommen
698,48914,28343,Netra Mangat,Netra Mangat
1214,48917,28343,X. Wali,Xavier Wali
112,48919,28344,Frado Varkey,Frado Varkey
1037,48920,28345,Wazir Rattan,Wazir Rattan
1499,48921,28345,Yoshita Nazareth,Yoshita Nazareth
830,48923,28346,Isaiah Boase,Isaiah Boase
698,48925,28346,N. Mangat,Netra Mangat
402,48926,28347,Farhan Mandal,Farhan Mandal
1291,48928,28349,Falan Reddy,Falan Reddy
1075,48929,28349,Bachittar Roy,Bachittar Roy
914,48930,28350,Om Parekh,Om Parekh
344,48937,28354,T. Butala,Tanay Butala
415,48940,28357,V. Sarma,Vihaan Sarma
196,48944,28360,F. Chadha,Finn Chadha
1252,48945,28360,Chandran Dewan,Chandran Devan
307,48947,28361,Ayus Kaur,Ayush Kaur
1321,48951,28363,A. Kanda,Advay Kanda
1456,48954,28364,Champak Goyal,Champak Goyal
1051,48958,28366,H. Kota,Hardik Kota
860,48960,28367,R. Dara,Ranveer Dara
405,48961,28368,Aadi Borah,Aadi Borah
468,48963,28368,Mason Basak,Mason Basak
1628,48964,28368,Naveen Choudhry,Naveen Choudhry
1782,48967,28370,Peter Rao,Peter Rao
1236,48969,28372,L. Randhawa,Lucky Randhawa
947,48973,28374,U. Borde,Udarsh Borde
344,48974,28374,Tanay Butala,Tanay Butala
394,48978,28377,Sachi Dugar,Sachi Dugar
1456,48979,28377,C. Goyal,Champak Goyal
1291,48981,28378,Falan Reddy,Falan Reddy
1628,48983,28379,Naveen Choudhry,Naveen Choudhry
1456,48988,28381,C. Goyal,Champak Goyal
344,48989,28381,Tanay Butala,Tanay Butala
1249,48993,28384,William Krishna,William Krishna
312,48994,28384,J Sandal,Jatin Sandal
1628,48997,28386,Naveen Choudhry,Naveen Choudhry
143,48998,28386,I. Sabharwal,Ishwar Sabharwal
468,49000,28387,Mason Basak,Mason Basak
417,49002,28389,G. Raghavan,Gavin Raghavan
830,49004,28390,Isaiah Boase,Isaiah Boase
143,49005,28391,Iswar Sabharwal,Ishwar Sabharwal
1445,49010,28394,A Pant,Arjun Pant
539,49014,28396,Onkar Bhatt,Onkar Bhatt
1412,49017,28398,Yatin warma,Yatin Varma
415,49022,28401,Vihaan Sarma,Vihaan Sarma
1037,49024,28403,Wazir Rattan,Wazir Rattan
1075,49032,28407,B. Roy,Bachittar Roy
1051,49033,28408,Hardik Kota,Hardik Kota
425,49034,28409,S Mani,Samuel Mani
986,49037,28410,Chandran Parekh,Chandran Parekh
1226,49041,28411,Tanay Chaudhary,Tanay Chaudhary
1766,49044,28413,Patrick Tiwari,Patrick Tiwari
1218,49045,28413,Krisna Contractor,Krishna Contractor
580,49046,28414,Nicholas Tur,Nicholas Toor
936,49048,28414,Ekbal Raghavan,Ekbal Raghavan
214,49050,28416,T Sachar,Timothy Sachar
1152,49057,28421,Amol Prasad,Amol Prasad
1152,49066,28430,A Prasad,Amol Prasad
36,49071,28433,V Chowdhury,Vedant Chowdhury
914,49074,28435,O. Parekh,Om Parekh
1148,49075,28435,Ans Dugar,Ansh Dugar
1046,49077,28437,Gabriel Ray,Gabriel Ray
693,49079,28437,V Kannan,Vincent Kannan
307,49085,28440,A Kaur,Ayush Kaur
223,49088,28441,Udant Tandon,Udant Tandon
1760,49094,28445,Tanis Bhagat,Tanish Bhagat
312,49095,28446,Jatin Sandal,Jatin Sandal
1168,49099,28448,G Rastogi,Gaurika Rastogi
1152,49106,28453,Amol Prasad,Amol Prasad
1496,49108,28454,Yagnes Loyal,Yagnesh Loyal
468,49113,28456,M Basak,Mason Basak
1445,49115,28457,A. Pant,Arjun Pant
1062,49122,28461,A. Solanki,Anmol Solanki
425,49123,28461,Samuel Mani,Samuel Mani
417,49125,28463,G. Raghavan,Gavin Raghavan
1753,49126,28463,A. Divan,Arjun Divan
1291,49136,28468,Falan Reddy,Falan Reddy
830,49138,28469,Isayah Boase,Isaiah Boase
935,49139,28469,C Pal,Chasmum Pal
689,49142,28470,William Tripati,William Tripathi
1445,49144,28472,A. Pant,Arjun Pant
1218,49146,28473,Krishna Contractor,Krishna Contractor
860,49147,28473,R. Dara,Ranveer Dara
1051,49148,28474,Hardik Kota,Hardik Kota
1218,49152,28475,Krisna Contractor,Krishna Contractor
580,49153,28476,Nicholas Toor,Nicholas Toor
328,49154,28476,A Acharya,Azaan Acharya
717,49155,28477,Chanchal Apte,Chanchal Apte
709,49156,28478,Abeer Grover,Abeer Grover
860,49157,28478,R Dara,Ranveer Dara
1388,49160,28479,C. Sani,Chandran Sani
812,49164,28481,Nicholas Raju,Nicholas Raju
364,49168,28483,Zehaan Banerji,Zehaan Banerjee
730,49171,28486,B. Andra,Bachittar Andra
1445,49172,28487,Arjun Pant,Arjun Pant
827,49173,28488,Chasmum Mutti,Chasmum Mutti
693,49186,28496,Vincent Kannan,Vincent Kannan
947,49196,28500,U Borde,Udarsh Borde
1412,49199,28503,Y Varma,Yatin Varma
924,49202,28505,C. Oommen,Chandresh Oommen
269,49207,28509,Luke Arora,Luke Arora
196,49209,28511,F. Chadha,Finn Chadha
1760,49210,28512,Tanis Bhagat,Tanish Bhagat
328,49213,28514,Azaan Acharya,Azaan Acharya
43,49215,28515,H. Solanki,Henry Solanki
1181,49217,28516,Darpan Panchal,Darpan Panchal
1291,49218,28517,F. Reddy,Falan Reddy
405,49221,28518,A. Borah,Aadi Borah
1218,49223,28519,Krisna Contractor,Krishna Contractor
307,49225,28519,Ayush Kaur,Ayush Kaur
1168,49226,28520,Gaurika Rastogi,Gaurika Rastogi
1299,49227,28521,Kay Kapur,Kai Kapoor
1291,49232,28522,F. Reddy,Falan Reddy
947,49234,28523,Udarsh Borde,Udarsh Borde
1499,49236,28525,Y. Nazareth,Yoshita Nazareth
580,49241,28527,N Toor,Nicholas Toor
9,49244,28529,Isaiah Raj,Isaiah Raj
143,49245,28530,Ishwar Sabharwal,Ishwar Sabharwal
673,49247,28531,Siddharth Wagle,Siddharth Wagle
693,49249,28532,Vincent Kannan,Vincent Kannan
329,49251,28532,C. Kadakia,Chakradev Kadakia
1494,49252,28533,S Bhandari,Shivansh Bhandari
1371,49253,28533,Dhruv Tella,Dhruv Tella
580,49257,28537,N. Toor,Nicholas Toor
924,49259,28537,Chandres ummen,Chandresh Oommen
1291,49260,28538,Falan Reddy,Falan Reddy
344,49261,28538,T Butala,Tanay Butala
600,49262,28539,Chanchal Bali,Chanchal Bali
402,49264,28539,F Mandal,Farhan Mandal
223,49266,28540,Udant Tandon,Udant Tandon
450,49267,28541,Tristan Johal,Tristan Johal
143,49269,28543,I. Sabharwal,Ishwar Sabharwal
43,49278,28549,Henry Solanki,Henry Solanki
860,49279,28549,Ranweer Dara,Ranveer Dara
830,49281,28550,Isayah Boase,Isaiah Boase
1530,49286,28553,Pushti Chaudhuri,Pushti Chaudhuri
924,49287,28554,C. Oommen,Chandresh Oommen
1783,49290,28556,C. Bath,Chandran Bath
1412,49292,28556,Yatin Varma,Yatin Varma
698,49296,28559,Netra Mangat,Netra Mangat
510,49297,28560,Farhan Vala,Farhan Vala
223,49298,28560,Udant Tandon,Udant Tandon
9,49301,28562,Isaiah Raj,Isaiah Raj
914,49302,28563,Om Parekh,Om Parekh
1037,49303,28563,Wazir Rattan,Wazir Rattan
1236,49310,28565,L Randhawa,Lucky Randhawa
1051,49312,28566,Hardik Kota,Hardik Kota
417,49313,28567,G Raghavan,Gavin Raghavan
947,49315,28569,Udars Borde,Udarsh Borde
1219,49318,28570,Zayan Puri,Zayan Puri
1291,49322,28573,Falan Reddy,Falan Reddy
1412,49323,28573,Y. Varma,Yatin Varma
1173,49325,28574,Harita Nadig,Harita Nadig
402,49329,28576,F Mandal,Farhan Mandal
9,49330,28576,Isaiah Raj,Isaiah Raj
494,49333,28577,Upasna Tella,Upasna Tella
860,49334,28578,R. Dara,Ranveer Dara
405,49341,28583,Aadi Borah,Aadi Borah
1456,49349,28588,Champak Goyal,Champak Goyal
143,49350,28588,I. Sabharwal,Ishwar Sabharwal
1783,49352,28589,C Bath,Chandran Bath
402,49353,28590,F. Mandal,Farhan Mandal
830,49357,28593,Isayah Boase,Isaiah Boase
1499,49358,28594,Yoshita Nazareth,Yoshita Nazareth
1168,49361,28595,Gaurika Rastogi,Gaurika Rastogi
936,49363,28596,Ekbal Raghawan,Ekbal Raghavan
402,49365,28597,F. Mandal,Farhan Mandal
914,49366,28598,O. Parekh,Om Parekh
1148,49367,28598,Ansh Dugar,Ansh Dugar
924,49368,28598,C Oommen,Chandresh Oommen
719,49369,28598,Gaurangi Chand,Gaurangi Chand
1793,49370,28599,V Kaul,Vincent Kaul
1051,49373,28600,Hardik Kota,Hardik Kota
1708,49378,28603,Timothy Dutt,Timothy Dutt
1531,49379,28604,A. Sachdeva,Alka Sachdeva
1218,49380,28604,Krishna Contractor,Krishna Contractor
1168,49382,28604,Gaurika Rastogi,Gaurika Rastogi
405,49383,28605,A. Borah,Aadi Borah
717,49389,28607,Chanchal Apte,Chanchal Apte
415,49392,28609,V. Sarma,Vihaan Sarma
1219,49398,28611,Z. Puri,Zayan Puri
1236,49403,28615,Lucky Randhawa,Lucky Randhawa
223,49407,28616,Udant Tandon,Udant Tandon
1299,49410,28617,K Kapoor,Kai Kapoor
312,49412,28618,J. Sandal,Jatin Sandal
425,49415,28620,S. Mani,Samuel Mani
600,49416,28620,Chanchal Bali,Chanchal Bali
1553,49417,28621,U. Venkataraman,Umang Venkataraman
1398,49425,28626,M Balay,Madhav Balay
1291,49429,28629,Falan Reddy,Falan Reddy
685,49432,28631,Aarnaw Comar,Aarnav Comar
1442,49435,28632,Aarnav Vohra,Aarnav Vohra
1455,49437,28633,B. Batra,Bhavani Batra
1037,49439,28634,Wazir Rattan,Wazir Rattan
1674,49440,28635,Kamala Kakar,Kamala Kakar
1628,49441,28636,Naveen Choudhry,Naveen Choudhry
196,49445,28640,Finn Chadha,Finn Chadha
1445,49447,28640,Arjun Pant,Arjun Pant
914,49448,28640,Om Parek,Om Parekh
1456,49452,28644,Champak Goyal,Champak Goyal
1445,49453,28645,Arjun Pant,Arjun Pant
1403,49455,28645,I Dora,Indali Dora
1436,49458,28647,Ubika Oza,Ubika Oza
784,49460,28648,G. Peri,George Peri
1075,49461,28648,Bachittar Roy,Bachittar Roy
437,49464,28649,Abir Banerji,Abeer Banerjee
1085,49466,28650,Aadi Chakraborty,Aadi Chakraborty
1249,49473,28655,William Krishna,William Krishna
698,49479,28660,Netra Mangat,Netra Mangat
590,49486,28662,Fiyaz More,Fiyaz More
1398,49487,28662,Madhav Balay,Madhav Balay
1783,49489,28663,Chandran Bath,Chandran Bath
240,49496,28667,S Devi,Sathvik Devi
1388,49497,28667,Chandran Sani,Chandran Sani
1531,49498,28668,A Sachdeva,Alka Sachdeva
879,49501,28669,Bahadurjit Kant,Bahadurjit Kant
1499,49503,28671,Y Nazareth,Yoshita Nazareth
914,49506,28674,O. Parekh,Om Parekh
1148,49507,28675,Ansh Dugar,Ansh Dugar
924,49510,28676,Chandresh Oommen,Chandresh Oommen
1299,49511,28677,Kai Kapoor,Kai Kapoor
1494,49518,28681,S Bhandari,Shivansh Bhandari
335,49519,28681,Omkaar Mane,Omkaar Mane
685,49524,28684,Aarnav Comar,Aarnav Comar
1219,49525,28685,Z. Puri,Zayan Puri
417,49531,28688,Gawin Raghawan,Gavin Raghavan
1547,49532,28689,Simon Koshy,Simon Koshy
689,49534,28690,William Tripati,William Tripathi
1499,49537,28692,Y Nazareth,Yoshita Nazareth
1628,49540,28693,N. Choudhry,Naveen Choudhry
1009,49542,28694,Qabil Dutt,Qabil Dutt
1075,49543,28695,Bachittar Roy,Bachittar Roy
1111,49545,28697,Karan Basak,Karan Basak
1442,49549,28698,Aarnaw wohra,Aarnav Vohra
1628,49552,28699,Naveen Choudhry,Naveen Choudhry
830,49553,28699,I. Boase,Isaiah Boase
1494,49556,28700,Shiwansh Bhandari,Shivansh Bhandari
223,49558,28701,U. Tandon,Udant Tandon
312,49561,28704,Jatin Sandal,Jatin Sandal
1072,49562,28704,Pahal Sekhon,Pahal Sekhon
214,49563,28704,T Sachar,Timothy Sachar
936,49565,28706,Ekbal Raghawan,Ekbal Raghavan
860,49566,28706,Ranweer Dara,Ranveer Dara
307,49567,28707,Ayush Kaur,Ayush Kaur
43,49568,28708,Henry Solanki,Henry Solanki
837,49572,28711,Jai Varma,Jai Varma
931,49576,28713,C Ganesh,Charles Ganesh
827,49579,28716,C. Mutti,Chasmum Mutti
590,49581,28717,Fiyaz More,Fiyaz More
927,49583,28718,Udars Saxena,Udarsh Saxena
468,49584,28719,M Basak,Mason Basak
860,49586,28719,Ranveer Dara,Ranveer Dara
1412,49587,28720,Y Varma,Yatin Varma
1261,49591,28722,Guneet Borah,Guneet Borah
1244,49593,28723,F Nath,Frado Nath
468,49595,28725,Mason Basak,Mason Basak
468,49600,28727,Mason Basak,Mason Basak
1445,49602,28728,A. Pant,Arjun Pant
415,49604,28729,V. Sarma,Vihaan Sarma
335,49611,28732,Omkaar Mane,Omkaar Mane
1491,49615,28733,Iswar Gandhi,Ishwar Gandhi
402,49617,28734,Farhan Mandal,Farhan Mandal
328,49619,28735,Azaan Acharya,Azaan Acharya
1442,49623,28736,Aarnav Vohra,Aarnav Vohra
405,49628,28740,Aadi Borah,Aadi Borah
1445,49635,28744,A Pant,Arjun Pant
143,49637,28745,I. Sabharwal,Ishwar Sabharwal
351,49643,28749,I Kapadia,Ira Kapadia
269,49645,28751,Luke Arora,Luke Arora
1051,49653,28756,H. Kota,Hardik Kota
223,49655,28757,U Tandon,Udant Tandon
1610,49658,28759,Faras warty,Faras Varty
405,49663,28762,A. Borah,Aadi Borah
43,49667,28764,Henry Solanki,Henry Solanki
307,49669,28765,Ayush Kaur,Ayush Kaur
335,49675,28767,O Mane,Omkaar Mane
1398,49676,28767,M Balay,Madhav Balay
1445,49684,28770,Arjun Pant,Arjun Pant
1275,49686,28771,R. Panchal,Raghav Panchal
20,49688,28773,R. Ganguly,Reyansh Ganguly
43,49694,28777,Henry Solanki,Henry Solanki
987,49697,28779,Madhav Naik,Madhav Naik
830,49699,28780,I Boase,Isaiah Boase
344,49700,28780,Tanay Butala,Tanay Butala
307,49701,28780,A Kaur,Ayush Kaur
312,49703,28782,J. Sandal,Jatin Sandal
16,49706,28784,Zashil Sem,Zashil Sem
1553,49707,28784,Umang Venkataraman,Umang Venkataraman
1411,49711,28786,Ryan Bajaj,Ryan Bajaj
1649,49712,28787,Mattew Ahuja,Matthew Ahuja
489,49714,28789,K Magar,Kabir Magar
1272,49715,28789,saurya sere,Shaurya Shere
665,49717,28790,Naks Jani,Naksh Jani
16,49719,28791,Z Sem,Zashil Sem
769,49720,28792,Omkaar Sagar,Omkaar Sagar
1114,49724,28795,Krishna Khatri,Krishna Khatri
296,49727,28797,Awni Dasgupta,Avni Dasgupta
1463,49733,28801,Januja Sur,Januja Sur
847,49735,28802,Faqid Pillay,Faqid Pillai
1143,49740,28805,Rayaan Lala,Rayaan Lala
853,49742,28806,Rachit Narayan,Rachit Narayan
440,49743,28806,S. Soni,Siddharth Soni
1302,49749,28809,Peter Taneja,Peter Taneja
1687,49752,28810,J. Thaker,Janaki Thaker
1515,49754,28811,Owiya Bat,Oviya Bath
1356,49762,28817,Ayaan Dubey,Ayaan Dubey
138,49763,28818,Chakradhar Contractor,Chakradhar Contractor
650,49764,28818,F Kumar,Faqid Kumar
1282,49766,28819,Gayathri Kapadia,Gayathri Kapadia
1160,49776,28825,M. Chandra,Maanav Chandra
1766,49777,28826,Patrick Tiwari,Patrick Tiwari
650,49779,28827,F. Kumar,Faqid Kumar
465,49784,28831,T Pandit,Tanay Pandit
1289,49786,28832,W Reddy,Wazir Reddy
17,49790,28834,Balweer Halder,Balveer Halder
1439,49792,28835,D Dass,Darika Dass
1210,49794,28836,Lucky Yogi,Lucky Yogi
440,49796,28838,Siddhart Soni,Siddharth Soni
853,49799,28839,R Narayan,Rachit Narayan
880,49801,28839,A Vasa,Anirudh Vasa
560,49802,28840,Darpan Mangal,Darpan Mangal
1649,49803,28840,Mattew Ahuja,Matthew Ahuja
1177,49806,28842,Samart Din,Samarth Din
79,49811,28844,Yashoda Andra,Yashoda Andra
1210,49813,28845,Lucky Yogi,Lucky Yogi
440,49817,28849,Siddharth Soni,Siddharth Soni
251,49820,28850,H. Sandal,Harshil Sandal
1490,49824,28852,Sai Joshi,Sai Joshi
201,49830,28856,Naveen Balay,Naveen Balay
201,49832,28857,Navin Balay,Naveen Balay
1143,49842,28861,R Lala,Rayaan Lala
650,49843,28861,F Kumar,Faqid Kumar
1071,49845,28862,Ayush Mohan,Ayush Mohan
560,49846,28863,Darpan Mangal,Darpan Mangal
1087,49847,28863,Maanaw kanna,Maanav Khanna
156,49850,28865,Onveer Natarajan,Onveer Natarajan
751,49855,28867,Farhan Goel,Farhan Goel
853,49860,28871,R. Narayan,Rachit Narayan
747,49861,28872,N. Patla,Nachiket Patla
608,49862,28872,Chatresh Mishra,Chatresh Mishra
1553,49867,28874,Umang Venkataraman,Umang Venkataraman
16,49868,28875,Z. Sem,Zashil Sem
648,49869,28876,Max Konda,Max Konda
296,49872,28877,A Dasgupta,Avni Dasgupta
1272,49873,28877,S Shere,Shaurya Shere
1133,49876,28880,Girik Bhargawa,Girik Bhargava
648,49877,28880,M. Konda,Max Konda
615,49879,28881,S. Nagy,Samarth Nagy
1518,49880,28881,J. Yohannan,Jeet Yohannan
762,49881,28882,Kai Sen,Kai Sen
703,49884,28885,Tarak Sidhu,Tarak Sidhu
1177,49888,28888,Samarth Din,Samarth Din
477,49890,28890,G Memon,Gabriel Memon
1686,49899,28897,Ayaan Balay,Ayaan Balay
1143,49901,28898,Rayaan Lala,Rayaan Lala
1210,49904,28901,L Yogi,Lucky Yogi
1617,49905,28901,Chakradew Pingle,Chakradev Pingle
400,49906,28902,Gagan Chanda,Gagan Chanda
1766,49911,28904,P. Tiwari,Patrick Tiwari
113,49915,28907,Finn Bava,Finn Bava
113,49917,28908,F Bava,Finn Bava
79,49922,28910,Y. Andra,Yashoda Andra
1518,49923,28910,J Yohannan,Jeet Yohannan
1160,49926,28912,M. Chandra,Maanav Chandra
435,49930,28913,Triveni Kurian,Triveni Kurian
1254,49931,28913,A. Sharaf,Abeer Sharaf
1757,49933,28915,Y. Jaggi,Yatin Jaggi
465,49934,28916,T. Pandit,Tanay Pandit
1176,49935,28916,Sathvik Konda,Sathvik Konda
832,49938,28917,A. Hans,Aadhya Hans
1038,49939,28917,A. D’Alia,Anthony D’Alia
615,49940,28918,Samart Nagy,Samarth Nagy
1518,49942,28919,Jeet Yohannan,Jeet Yohannan
1515,49944,28920,Owiya Bat,Oviya Bath
1515,49948,28921,O Bath,Oviya Bath
1686,49950,28922,Ayaan Balay,Ayaan Balay
1686,49954,28923,A Balay,Ayaan Balay
1439,49955,28924,D. Dass,Darika Dass
1114,49959,28927,Krishna Khatri,Krishna Khatri
1518,49962,28929,Jeet Yohannan,Jeet Yohannan
228,49963,28929,M. Rama,Madhavi Rama
1176,49966,28932,Sathwik Konda,Sathvik Konda
1254,49967,28933,A. Sharaf,Abeer Sharaf
906,49969,28934,wihaan ummen,Vihaan Oommen
703,49971,28935,Tarak Sidhu,Tarak Sidhu
914,49972,28936,Om Parekh,Om Parekh
618,49980,28944,Ethan Gera,Ethan Gera
1298,49986,28948,Sudiksha Kapoor,Sudiksha Kapoor
880,49989,28950,Anirudh wasa,Anirudh Vasa
1160,49991,28951,Maanav Chandra,Maanav Chandra
699,49993,28951,Darika Basak,Darika Basak
1458,49994,28952,B Tiwari,Baljiwan Tiwari
747,49997,28954,Nachiket Patla,Nachiket Patla
904,49998,28955,E Lal,Ekaraj Lal
29,50001,28956,Caleb Kala,Caleb Kala
934,50005,28959,Maanav Chahal,Maanav Chahal
650,50006,28959,Faqid Kumar,Faqid Kumar
853,50007,28960,Rachit Narayan,Rachit Narayan
435,50010,28962,T Kurian,Triveni Kurian
465,50011,28963,T Pandit,Tanay Pandit
156,50013,28965,Onveer Natarajan,Onveer Natarajan
947,50015,28966,Udars Borde,Udarsh Borde
1254,50017,28966,A. Sharaf,Abeer Sharaf
1582,50019,28967,Jeremiah Dhawan,Jeremiah Dhawan
1575,50021,28969,S Kapadia,Samuel Kapadia
721,50022,28969,H. Devan,Harrison Devan
1686,50023,28970,Ayaan Balay,Ayaan Balay
477,50025,28971,Gabriel Memon,Gabriel Memon
454,50028,28973,A Rout,Abdul Rout
682,50030,28973,S. Padmanabhan,Samarth Padmanabhan
1426,50038,28978,Jagdish Rai,Jagdish Rai
1202,50043,28981,Tejas Parsa,Tejas Parsa
699,50046,28982,Darika Basak,Darika Basak
416,50047,28982,Robert More,Robert More
1628,50057,28988,N. Choudhry,Naveen Choudhry
880,50058,28988,A. Vasa,Anirudh Vasa
79,50063,28992,Yashoda Andra,Yashoda Andra
665,50064,28993,N. Jani,Naksh Jani
716,50069,28995,D. Chahal,Daniel Chahal
910,50072,28996,Chakradhar Chakrabarti,Chakradhar Chakrabarti
1411,50079,28999,Ryan Bajaj,Ryan Bajaj
1617,50084,29002,Chakradew Pingle,Chakradev Pingle
251,50087,29003,Harsil Sandal,Harshil Sandal
713,50093,29007,Panini Borde,Panini Borde
1765,50097,29008,Y Memon,Yatin Memon
615,50098,29009,Samarth Nagy,Samarth Nagy
296,50099,29010,Avni Dasgupta,Avni Dasgupta
766,50109,29014,K. Hayre,Kalpit Hayre
1143,50113,29018,R Lala,Rayaan Lala
1649,50114,29019,Matthew Ahuja,Matthew Ahuja
201,50115,29020,N. Balay,Naveen Balay
648,50116,29021,Max Konda,Max Konda
1254,50119,29022,Abir saraf,Abeer Sharaf
296,50121,29023,Avni Dasgupta,Avni Dasgupta
648,50124,29024,M. Konda,Max Konda
387,50138,29033,U. Vohra,Unnati Vohra
1582,50143,29034,J Dhawan,Jeremiah Dhawan
435,50148,29038,Triveni Kurian,Triveni Kurian
1649,50150,29040,M Ahuja,Matthew Ahuja
798,50155,29043,A. Radhakrishnan,Aryan Radhakrishnan
503,50157,29045,Gaurang Radhakrishnan,Gaurang Radhakrishnan
1272,50158,29045,saurya sere,Shaurya Shere
1282,50159,29046,Gayathri Kapadia,Gayathri Kapadia
853,50167,29050,Rachit Narayan,Rachit Narayan
560,50168,29051,Darpan Mangal,Darpan Mangal
967,50176,29056,Simon Balakrisnan,Simon Balakrishnan
1584,50185,29061,Advay Om,Advay Om
29,50188,29063,Caleb Kala,Caleb Kala
440,50190,29064,S Soni,Siddharth Soni
880,50191,29064,Anirudh Vasa,Anirudh Vasa
1177,50193,29065,S Din,Samarth Din
713,50195,29065,Panini Borde,Panini Borde
14,50198,29067,Balendra senoy,Balendra Shenoy
1518,50203,29070,Jit Yohannan,Jeet Yohannan
1766,50204,29071,P. Tiwari,Patrick Tiwari
1087,50205,29071,Maanaw kanna,Maanav Khanna
1403,50210,29073,I Dora,Indali Dora
15,50211,29074,J. Vala,Jasmit Vala
944,50230,29087,Amara Bhalla,Amara Bhalla
762,50231,29088,Kai Sen,Kai Sen
1426,50232,29088,Jagdis Ray,Jagdish Rai
560,50233,29089,Darpan Mangal,Darpan Mangal
967,50236,29090,Simon Balakrisnan,Simon Balakrishnan
1114,50239,29092,K. Khatri,Krishna Khatri
296,50244,29096,Awni Dasgupta,Avni Dasgupta
721,50248,29100,Harrison Dewan,Harrison Devan
435,50251,29102,Triweni Kurian,Triveni Kurian
967,50253,29103,S Balakrishnan,Simon Balakrishnan
853,50254,29104,Rachit Narayan,Rachit Narayan
78,50256,29105,Isaac Dhaliwal,Isaac Dhaliwal
1423,50258,29107,I. Parekh,Ishwar Parekh
1518,50261,29109,Jit Yohannan,Jeet Yohannan
906,50263,29109,V. Oommen,Vihaan Oommen
762,50265,29110,Kay Sen,Kai Sen
1282,50269,29112,Gayathri Kapadia,Gayathri Kapadia
853,50271,29113,R. Narayan,Rachit Narayan
1582,50273,29113,J Dhawan,Jeremiah Dhawan
1410,50275,29115,Laban Wable,Laban Wable
15,50277,29115,Jasmit Vala,Jasmit Vala
79,50279,29117,Yashoda Andra,Yashoda Andra
477,50281,29118,Gabriel Memon,Gabriel Memon
154,50283,29119,K Agrawal,Kashish Agrawal
1282,50288,29123,G. Kapadia,Gayathri Kapadia
258,50290,29124,Dars Sule,Darsh Sule
440,50292,29125,S Soni,Siddharth Soni
156,50295,29128,Onveer Natarajan,Onveer Natarajan
747,50298,29131,N Patla,Nachiket Patla
713,50302,29133,Panini Borde,Panini Borde
747,50311,29139,N Patla,Nachiket Patla
699,50316,29143,Darika Basak,Darika Basak
435,50321,29146,T. Kurian,Triveni Kurian
1143,50322,29147,Rayaan Lala,Rayaan Lala
560,50323,29148,Darpan Mangal,Darpan Mangal
639,50325,29148,I Anand,Ishita Anand
703,50330,29151,T. Sidhu,Tarak Sidhu
15,50331,29152,Jasmit Vala,Jasmit Vala
1686,50332,29152,A Balay,Ayaan Balay
665,50334,29153,Naksh Jani,Naksh Jani
524,50336,29154,Q Manda,Qarin Manda
639,50338,29156,Isita Anand,Ishita Anand
1553,50342,29159,Umang Venkataraman,Umang Venkataraman
1649,50345,29161,Matthew Ahuja,Matthew Ahuja
1439,50347,29162,Darika Dass,Darika Dass
1031,50349,29163,Raghav Nayar,Raghav Nayar
1177,50353,29166,S. Din,Samarth Din
1177,50355,29167,S Din,Samarth Din
1176,50358,29168,S Konda,Sathvik Konda
1088,50365,29173,G Bal,Gabriel Bal
344,50366,29174,Tanay Butala,Tanay Butala
703,50369,29176,Tarak Sidhu,Tarak Sidhu
762,50374,29179,Kay Sen,Kai Sen
435,50377,29182,T. Kurian,Triveni Kurian
864,50378,29183,Wahab Bose,Wahab Bose
1766,50385,29187,Patrick Tiwari,Patrick Tiwari
1426,50386,29188,J Rai,Jagdish Rai
1518,50387,29189,J. Yohannan,Jeet Yohannan
287,50393,29192,Akshay Bahri,Akshay Bahri
880,50398,29196,Anirudh Vasa,Anirudh Vasa
251,50399,29196,H Sandal,Harshil Sandal
1410,50401,29198,Laban Wable,Laban Wable
163,50404,29201,Rudra Devi,Rudra Devi
201,50405,29202,N Balay,Naveen Balay
648,50410,29204,Max Konda,Max Konda
1329,50411,29205,Maanav Singh,Maanav Singh
774,50412,29206,U Behl,Urvashi Behl
15,50413,29206,Jasmit Vala,Jasmit Vala
296,50419,29210,A Dasgupta,Avni Dasgupta
79,50422,29210,Yasoda Andra,Yashoda Andra
1167,50425,29212,Max Dawe,Max Dave
843,50426,29212,O. Sem,Owen Sem
1177,50429,29215,Samarth Din,Samarth Din
1633,50430,29216,C Hegde,Chakradev Hegde
719,50435,29218,G Chand,Gaurangi Chand
29,50437,29219,C. Kala,Caleb Kala
1088,50439,29220,G. Bal,Gabriel Bal
1329,50442,29221,Maanav Singh,Maanav Singh
473,50443,29222,Vincent Sengupta,Vincent Sengupta
387,50444,29223,Unnati Vohra,Unnati Vohra
1301,50445,29224,C. Bhattacharyya,Charles Bhattacharyya
1143,50446,29225,Rayaan Lala,Rayaan Lala
296,50450,29228,Avni Dasgupta,Avni Dasgupta
79,50451,29229,Yashoda Andra,Yashoda Andra
1039,50453,29231,Wazir Borra,Wazir Borra
721,50459,29234,Harrison Devan,Harrison Devan
231,50463,29237,Saksham Nadkarni,Saksham Nadkarni
713,50472,29241,Panini Borde,Panini Borde
1244,50473,29241,Frado Nath,Frado Nath
699,50474,29241,D Basak,Darika Basak
390,50480,29244,Bhawani Nayak,Bhavani Nayak
296,50481,29245,Awni Dasgupta,Avni Dasgupta
1176,50483,29245,Sathvik Konda,Sathvik Konda
1665,50490,29251,Chanakya Patla,Chanakya Patla
1176,50491,29252,Sathvik Konda,Sathvik Konda
713,50496,29254,Panini Borde,Panini Borde
465,50499,29257,Tanay Pandit,Tanay Pandit
1272,50502,29260,Shaurya Shere,Shaurya Shere
416,50503,29260,R More,Robert More
251,50504,29260,H. Sandal,Harshil Sandal
944,50505,29261,A. Bhalla,Amara Bhalla
1160,50509,29263,Maanav Chandra,Maanav Chandra
967,50511,29263,Simon Balakrishnan,Simon Balakrishnan
1426,50512,29263,J Rai,Jagdish Rai
201,50516,29264,Naveen Balay,Naveen Balay
721,50517,29265,Harrison Dewan,Harrison Devan
440,50518,29265,Siddharth Soni,Siddharth Soni
1210,50525,29271,L Yogi,Lucky Yogi
113,50533,29278,F Bava,Finn Bava
477,50534,29278,Gabriel Memon,Gabriel Memon
967,50538,29279,Simon Balakrishnan,Simon Balakrishnan
1254,50539,29280,Abeer Sharaf,Abeer Sharaf
1196,50542,29280,F Bava,Finn Bava
1765,50545,29283,Y. Memon,Yatin Memon
880,50549,29286,Anirudh wasa,Anirudh Vasa
113,50550,29287,Finn Bava,Finn Bava
416,50552,29288,Robert More,Robert More
1088,50556,29291,Gabriel Bal,Gabriel Bal
944,50557,29292,A. Bhalla,Amara Bhalla
276,50560,29292,Chaitaly Agarwal,Chaitaly Agarwal
361,50562,29294,Lekha Johal,Lekha Johal
1114,50563,29295,Krisna katri,Krishna Khatri
1765,50568,29298,Y. Memon,Yatin Memon
747,50569,29298,Nachiket Patla,Nachiket Patla
1282,50570,29299,G Kapadia,Gayathri Kapadia
1426,50578,29305,J. Rai,Jagdish Rai
1329,50581,29307,Maanav Singh,Maanav Singh
1582,50582,29307,Jeremiah Dhawan,Jeremiah Dhawan
906,50583,29308,Vihaan Oommen,Vihaan Oommen
853,50584,29308,Rachit Narayan,Rachit Narayan
1633,50591,29312,Chakradew Hegde,Chakradev Hegde
721,50596,29315,H Devan,Harrison Devan
1210,50598,29315,Lucky Yogi,Lucky Yogi
542,50606,29320,Adway Majumdar,Advay Majumdar
548,50607,29321,weda Prabhu,Veda Prabhu
765,50609,29321,Balvir Mane,Balveer Mane
665,50610,29322,Naks Jani,Naksh Jani
853,50611,29322,Rachit Narayan,Rachit Narayan
1176,50612,29322,S Konda,Sathvik Konda
440,50617,29326,Siddharth Soni,Siddharth Soni
524,50618,29327,Qarin Manda,Qarin Manda
440,50619,29327,S Soni,Siddharth Soni
563,50621,29329,C Bhatti,Charles Bhatti
1114,50622,29330,Krisna katri,Krishna Khatri
699,50624,29331,Darika Basak,Darika Basak
416,50628,29332,R More,Robert More
1196,50635,29335,F Bava,Finn Bava
1177,50636,29335,S. Din,Samarth Din
440,50637,29335,Siddhart Soni,Siddharth Soni
703,50638,29336,T Sidhu,Tarak Sidhu
444,50641,29338,J Krishna,Jackson Krishna
1445,50642,29339,Arjun Pant,Arjun Pant
503,50645,29340,Gaurang Radhakrishnan,Gaurang Radhakrishnan
228,50647,29341,Madhavi Rama,Madhavi Rama
944,50648,29341,A. Bhalla,Amara Bhalla
1518,50649,29342,J Yohannan,Jeet Yohannan
440,50650,29343,S. Soni,Siddharth Soni
639,50653,29345,Ishita Anand,Ishita Anand
15,50654,29345,Jasmit Vala,Jasmit Vala
1176,50658,29347,Sathwik Konda,Sathvik Konda
1617,50665,29351,C. Pingle,Chakradev Pingle
1518,50669,29354,J Yohannan,Jeet Yohannan
287,50670,29355,Akshay Bahri,Akshay Bahri
201,50674,29358,N Balay,Naveen Balay
79,50675,29358,Y Andra,Yashoda Andra
1559,50677,29360,Urmi Dugar,Urmi Dugar
713,50678,29360,Panini Borde,Panini Borde
721,50682,29362,Harrison Dewan,Harrison Devan
1665,50688,29367,Chanakya Patla,Chanakya Patla
1765,50694,29370,Yatin Memon,Yatin Memon
1114,50698,29372,Krishna Khatri,Krishna Khatri
1409,50704,29375,Zayan Ganguly,Zayan Ganguly
1617,50706,29376,C. Pingle,Chakradev Pingle
1176,50709,29377,S Konda,Sathvik Konda
201,50710,29377,N Balay,Naveen Balay
1515,50713,29378,Owiya Bat,Oviya Bath
235,50715,29379,D. Sodhi,Darsh Sodhi
1081,50718,29380,Jackson Kari,Jackson Kari
794,50719,29380,Jackson Kakar,Jackson Kakar
853,50720,29381,R Narayan,Rachit Narayan
156,50721,29382,Onvir Natarajan,Onveer Natarajan
1301,50727,29385,Charles Bhattacharyya,Charles Bhattacharyya
1115,50730,29387,S. Bhatia,Shivansh Bhatia
1410,50731,29387,Laban Wable,Laban Wable
1553,50734,29389,Umang Venkataraman,Umang Venkataraman
703,50735,29389,T Sidhu,Tarak Sidhu
287,50738,29391,Aksay Bahri,Akshay Bahri
1177,50739,29391,S. Din,Samarth Din
1289,50740,29392,Wazir Reddy,Wazir Reddy
1282,50742,29392,G. Kapadia,Gayathri Kapadia
1077,50743,29392,T Mane,Tripti Mane
296,50745,29393,Avni Dasgupta,Avni Dasgupta
1617,50746,29394,Chakradev Pingle,Chakradev Pingle
500,50749,29396,H. Badami,Harsh Badami
416,50752,29398,R. More,Robert More
38,50753,29399,Jacob Suri,Jacob Suri
747,50754,29400,Nachiket Patla,Nachiket Patla
113,50757,29400,Finn Bava,Finn Bava
435,50758,29401,Triveni Kurian,Triveni Kurian
1565,50759,29401,Oliwer Sura,Oliver Sura
201,50764,29403,N Balay,Naveen Balay
1665,50767,29405,Chanakya Patla,Chanakya Patla
1766,50769,29405,Patrick Tiwari,Patrick Tiwari
201,50770,29406,Naveen Balay,Naveen Balay
569,50771,29406,Hitesh Borra,Hitesh Borra
477,50773,29407,Gabriel Memon,Gabriel Memon
811,50774,29408,Jatin Kannan,Jatin Kannan
1649,50775,29409,Mattew Ahuja,Matthew Ahuja
1177,50777,29410,S Din,Samarth Din
435,50779,29411,T Kurian,Triveni Kurian
575,50782,29413,Indrajit Kuruvilla,Indrajit Kuruvilla
148,50784,29414,Ekalinga Baria,Ekalinga Baria
435,50785,29415,Triweni Kurian,Triveni Kurian
113,50789,29419,F. Bava,Finn Bava
180,50792,29421,W Rege,Wriddhish Rege
1289,50793,29422,W Reddy,Wazir Reddy
228,50798,29424,M Rama,Madhavi Rama
1272,50799,29425,S Shere,Shaurya Shere
1289,50801,29426,W Reddy,Wazir Reddy
648,50803,29428,M Konda,Max Konda
853,50804,29429,Rachit Narayan,Rachit Narayan
503,50811,29432,G. Radhakrishnan,Gaurang Radhakrishnan
1649,50814,29433,Mattew Ahuja,Matthew Ahuja
1426,50821,29440,J Rai,Jagdish Rai
990,50825,29441,H. Sandal,Harrison Sandal
1176,50826,29441,S Konda,Sathvik Konda
440,50827,29442,S Soni,Siddharth Soni
1633,50837,29447,Chakradev Hegde,Chakradev Hegde
1289,50838,29448,W. Reddy,Wazir Reddy
1289,50839,29449,Wazir Reddy,Wazir Reddy
296,50843,29452,A Dasgupta,Avni Dasgupta
880,50845,29454,A. Vasa,Anirudh Vasa
639,50846,29454,I. Anand,Ishita Anand
615,50851,29457,S. Nagy,Samarth Nagy
1177,50854,29459,S Din,Samarth Din
1650,50856,29461,Leena Natarajan,Leena Natarajan
435,50858,29461,Triweni Kurian,Triveni Kurian
665,50859,29461,Naksh Jani,Naksh Jani
1518,50863,29465,Jeet Yohannan,Jeet Yohannan
296,50865,29467,A. Dasgupta,Avni Dasgupta
965,50866,29468,Nachiket Nagarajan,Nachiket Nagarajan
1617,50867,29469,Chakradev Pingle,Chakradev Pingle
967,50870,29471,Simon Balakrishnan,Simon Balakrishnan
16,50876,29476,Zasil Sem,Zashil Sem
1518,50877,29476,Jit Yohannan,Jeet Yohannan
965,50879,29477,Nachiket Nagarajan,Nachiket Nagarajan
650,50885,29479,F Kumar,Faqid Kumar
1518,50886,29480,J. Yohannan,Jeet Yohannan
1680,50889,29481,Finn Mani,Finn Mani
967,50893,29483,Simon Balakrishnan,Simon Balakrishnan
615,50895,29484,Samarth Nagy,Samarth Nagy
79,50899,29487,Y. Andra,Yashoda Andra
1618,50900,29488,Aryan Bedi,Aryan Bedi
1254,50901,29488,A Sharaf,Abeer Sharaf
965,50904,29490,Nachiket Nagarajan,Nachiket Nagarajan
1518,50908,29492,Jeet Yohannan,Jeet Yohannan
1143,50912,29493,Rayaan Lala,Rayaan Lala
435,50913,29493,Triveni Kurian,Triveni Kurian
1649,50919,29498,Matthew Ahuja,Matthew Ahuja
1311,50921,29499,Abdul Balasubramanian,Abdul Balasubramanian
605,50922,29499,N. Bhat,Nathan Bhat
1633,50923,29499,C Hegde,Chakradev Hegde
465,50924,29499,Tanay Pandit,Tanay Pandit
1196,50925,29500,F. Bava,Finn Bava
1167,50927,29501,M Dave,Max Dave
967,50929,29502,Simon Balakrishnan,Simon Balakrishnan
719,50930,29502,G Chand,Gaurangi Chand
1176,50931,29502,Sathvik Konda,Sathvik Konda
530,50932,29503,Reyansh Oak,Reyansh Oak
1766,50935,29505,Patrick Tiwari,Patrick Tiwari
416,50937,29505,Robert More,Robert More
703,50942,29508,T Sidhu,Tarak Sidhu
1633,50944,29509,C. Hegde,Chakradev Hegde
1223,50947,29511,J Merchant,Jeremiah Merchant
1282,50948,29511,G. Kapadia,Gayathri Kapadia
251,50949,29512,H Sandal,Harshil Sandal
295,50951,29513,Jay Lalla,Jai Lalla
794,50955,29515,Jackson Kakar,Jackson Kakar
67,50956,29515,Nimrat Goel,Nimrat Goel
287,50958,29517,Aksay Bahri,Akshay Bahri
201,50962,29520,Naween Balay,Naveen Balay
1088,50963,29521,G Bal,Gabriel Bal
503,50965,29523,Gaurang Radhakrishnan,Gaurang Radhakrishnan
503,50971,29527,G. Radhakrishnan,Gaurang Radhakrishnan
1555,50979,29531,G. Swamy,Gunbir Swamy
1329,50982,29531,Maanav Singh,Maanav Singh
1087,50985,29533,Maanav Khanna,Maanav Khanna
387,50986,29534,U. Vohra,Unnati Vohra
880,50987,29534,Anirudh Vasa,Anirudh Vasa
251,50988,29535,H. Sandal,Harshil Sandal
29,50994,29538,C Kala,Caleb Kala
1177,50996,29538,Samarth Din,Samarth Din
440,50999,29540,Siddhart Soni,Siddharth Soni
221,51009,29548,Q Butala,Qarin Butala
1301,51011,29548,Charles Bhattacharyya,Charles Bhattacharyya
853,51016,29550,Rachit Narayan,Rachit Narayan
79,51017,29551,Yasoda Andra,Yashoda Andra
435,51018,29551,Triweni Kurian,Triveni Kurian
1336,51019,29551,Ryan Dave,Ryan Dave
1160,51028,29556,Maanaw Chandra,Maanav Chandra
1254,51029,29557,Abeer Sharaf,Abeer Sharaf
29,51033,29558,Caleb Kala,Caleb Kala
906,51035,29560,Vihaan Oommen,Vihaan Oommen
1686,51037,29561,Ayaan Balay,Ayaan Balay
853,51047,29566,Rachit Narayan,Rachit Narayan
1176,51051,29568,Sathvik Konda,Sathvik Konda
1196,51053,29569,F Bava,Finn Bava
1131,51057,29571,Jay Seti,Jai Sethi
1071,51060,29572,Ayus Mohan,Ayush Mohan
387,51064,29574,Unnati Vohra,Unnati Vohra
1439,51071,29576,Darika Dass,Darika Dass
965,51073,29577,Nachiket Nagarajan,Nachiket Nagarajan
1766,51074,29577,Patrick Tiwari,Patrick Tiwari
113,51078,29580,Finn Bava,Finn Bava
465,51086,29584,Tanay Pandit,Tanay Pandit
1617,51089,29586,Chakradev Pingle,Chakradev Pingle
1553,51092,29587,Umang Venkataraman,Umang Venkataraman
869,51093,29587,Anmol Acharya,Anmol Acharya
853,51095,29589,R. Narayan,Rachit Narayan
1301,51104,29594,Charles Bhattacharyya,Charles Bhattacharyya
1381,51106,29595,J. Banik,Janaki Banik
1176,51107,29595,S. Konda,Sathvik Konda
1649,51109,29596,Matthew Ahuja,Matthew Ahuja
1410,51110,29596,L. Wable,Laban Wable
560,51111,29597,D Mangal,Darpan Mangal
1329,51116,29598,Maanav Singh,Maanav Singh
1439,51122,29602,Darika Dass,Darika Dass
565,51123,29602,Ayush Sahni,Ayush Sahni
1559,51124,29603,Urmi Dugar,Urmi Dugar
287,51138,29611,Akshay Bahri,Akshay Bahri
1449,51145,29617,Logan Chaudhary,Logan Chaudhary
15,51146,29617,J Vala,Jasmit Vala
287,51148,29618,Akshay Bahri,Akshay Bahri
1167,51151,29620,Max Dave,Max Dave
1272,51154,29621,Shaurya Shere,Shaurya Shere
1665,51156,29621,Chanakya Patla,Chanakya Patla
965,51159,29623,Nachiket Nagarajan,Nachiket Nagarajan
387,51160,29623,Unnati Vohra,Unnati Vohra
1765,51162,29625,Yatin Memon,Yatin Memon
699,51164,29627,Darika Basak,Darika Basak
1686,51166,29628,Ayaan Balay,Ayaan Balay
1766,51167,29629,Patrick Tiwari,Patrick Tiwari
1196,51168,29630,Finn Bava,Finn Bava
29,51171,29632,Caleb Kala,Caleb Kala
1617,51172,29632,Chakradev Pingle,Chakradev Pingle
1241,51174,29632,Anay Barad,Anay Barad
853,51175,29633,R. Narayan,Rachit Narayan
1410,51178,29635,Laban Wable,Laban Wable
1210,51179,29635,L Yogi,Lucky Yogi
747,51181,29637,N Patla,Nachiket Patla
29,51184,29639,C. Kala,Caleb Kala
713,51185,29640,Panini Borde,Panini Borde
967,51186,29641,S Balakrishnan,Simon Balakrishnan
477,51188,29641,G. Memon,Gabriel Memon
1686,51195,29646,A. Balay,Ayaan Balay
1553,51198,29647,U. Venkataraman,Umang Venkataraman
477,51200,29647,Gabriel Memon,Gabriel Memon
16,51201,29648,Zasil Sem,Zashil Sem
721,51203,29648,Harrison Devan,Harrison Devan
703,51204,29648,Tarak Sidhu,Tarak Sidhu
440,51206,29650,Siddharth Soni,Siddharth Soni
721,51207,29651,Harrison Devan,Harrison Devan
156,51208,29652,Onveer Natarajan,Onveer Natarajan
15,51209,29652,Jasmit Vala,Jasmit Vala
201,51213,29655,N. Balay,Naveen Balay
721,51218,29657,H. Devan,Harrison Devan
713,51221,29659,P Borde,Panini Borde
1254,51223,29660,Abeer Sharaf,Abeer Sharaf
1686,51226,29662,Ayaan Balay,Ayaan Balay
1160,51227,29663,Maanav Chandra,Maanav Chandra
1665,51228,29663,C. Patla,Chanakya Patla
967,51229,29664,Simon Balakrishnan,Simon Balakrishnan
287,51230,29665,Akshay Bahri,Akshay Bahri
721,51231,29666,Harrison Devan,Harrison Devan
560,51240,29672,D. Mangal,Darpan Mangal
296,51241,29673,Avni Dasgupta,Avni Dasgupta
1587,51243,29674,D. Natt,Dev Natt
440,51245,29675,S. Soni,Siddharth Soni
560,51248,29678,Darpan Mangal,Darpan Mangal
1329,51259,29685,M Singh,Maanav Singh
79,51260,29686,Yasoda Andra,Yashoda Andra
142,51263,29687,Chanakya Purohit,Chanakya Purohit
1282,51265,29689,Gayathri Kapadia,Gayathri Kapadia
747,51269,29692,Nachiket Patla,Nachiket Patla
1194,51272,29694,Harish Sanghvi,Harish Sanghvi
1690,51281,29701,Chaman Rattan,Chaman Rattan
1798,51282,29701,Nites Agrawal,Nitesh Agrawal
94,51283,29702,M Sandhu,Mitesh Sandhu
1427,51294,29710,V. Das,Veer Das
1790,51300,29713,Jit Sate,Jeet Sathe
322,51306,29717,Q. Dalal,Quincy Dalal
486,51309,29718,Z Devi,Zehaan Devi
322,51310,29718,Quincy Dalal,Quincy Dalal
409,51314,29721,Tanwi Morar,Tanvi Morar
873,51315,29721,Qushi Modi,Qushi Modi
1427,51316,29722,V. Das,Veer Das
17,51319,29725,Balvir Halder,Balveer Halder
1716,51324,29726,Eesha Bhat,Eesha Bhat
1094,51326,29728,Oliwer Sen,Oliver Sen
103,51331,29731,Tarak Madan,Tarak Madan
317,51333,29733,A. Rege,Ansh Rege
22,51335,29734,Charan Choksi,Charan Chokshi
1193,51336,29735,Aarnav Maharaj,Aarnav Maharaj
1690,51337,29735,Chaman Rattan,Chaman Rattan
349,51338,29735,Krishna Rege,Krishna Rege
495,51340,29736,saurya sa,Shaurya Sha
486,51341,29737,Zehaan Dewi,Zehaan Devi
1670,51345,29740,Arin Krishnamurty,Arin Krishnamurthy
1054,51347,29741,V. Arya,Vidhi Arya
500,51348,29742,Harsh Badami,Harsh Badami
266,51349,29743,Nimrat Rana,Nimrat Rana
1798,51350,29743,Nites Agrawal,Nitesh Agrawal
409,51358,29749,T. Morar,Tanvi Morar
495,51361,29749,Shaurya Sha,Shaurya Sha
1798,51362,29750,N Agrawal,Nitesh Agrawal
411,51363,29750,O Om,Omkaar Om
192,51367,29752,Balvan Pingle,Balvan Pingle
100,51369,29753,Avi Rau,Avi Rau
450,51370,29753,Tristan Johal,Tristan Johal
1566,51373,29755,K Soman,Kavya Soman
1728,51384,29762,widhi Mitter,Vidhi Mitter
1157,51385,29763,Christopher Sachdev,Christopher Sachdev
1094,51386,29764,Oliwer Sen,Oliver Sen
506,51388,29764,Anirudh Kannan,Anirudh Kannan
232,51389,29764,Owen Gara,Owen Gara
1248,51390,29765,S. Kalita,Samar Kalita
1234,51393,29766,V. Parsa,Vivaan Parsa
192,51394,29767,B. Pingle,Balvan Pingle
103,51399,29770,T. Madan,Tarak Madan
1790,51401,29772,Jit Sate,Jeet Sathe
1427,51402,29772,Veer Das,Veer Das
1033,51406,29775,Q Sarkar,Qabil Sarkar
922,51408,29777,Agastya Ahluwalia,Agastya Ahluwalia
486,51414,29781,Zehaan Devi,Zehaan Devi
1762,51418,29783,Manthan Singh,Manthan Singh
520,51419,29784,Jack Thaker,Jack Thaker
922,51421,29786,Agastya Ahluwalia,Agastya Ahluwalia
1010,51422,29786,M. Ravi,Mason Ravi
1356,51432,29796,A. Dubey,Ayaan Dubey
411,51433,29796,Omkaar Om,Omkaar Om
1527,51435,29797,S. Keer,Shaurya Keer
1798,51436,29798,N Agrawal,Nitesh Agrawal
334,51437,29798,Tristan Tiwari,Tristan Tiwari
1748,51439,29800,Y. Sidhu,Yug Sidhu
450,51452,29804,Tristan Johal,Tristan Johal
409,51453,29804,Tanvi Morar,Tanvi Morar
1415,51454,29804,N. Palla,Noah Palla
322,51455,29805,Quincy Dalal,Quincy Dalal
409,51458,29807,Tanvi Morar,Tanvi Morar
873,51461,29808,Q. Modi,Qushi Modi
520,51463,29809,J. Thaker,Jack Thaker
1234,51466,29810,V Parsa,Vivaan Parsa
911,51470,29812,T. Gera,Thomas Gera
458,51472,29812,A. Devan,Advaith Devan
351,51478,29815,Ira Kapadia,Ira Kapadia
364,51484,29819,Zehaan Banerjee,Zehaan Banerjee
319,51485,29819,Yatan Ramaswamy,Yatan Ramaswamy
232,51486,29819,O Gara,Owen Gara
506,51488,29820,Anirudh Kannan,Anirudh Kannan
521,51491,29821,G Varughese,Gaurangi Varughese
22,51493,29821,C. Chokshi,Charan Chokshi
192,51497,29824,B Pingle,Balvan Pingle
450,51498,29825,Tristan Johal,Tristan Johal
95,51503,29829,J. Hora,Jasmit Hora
998,51504,29829,B Bawa,Bahadurjit Bawa
1033,51505,29830,Qabil Sarkar,Qabil Sarkar
409,51506,29831,T Morar,Tanvi Morar
1234,51507,29832,Vivaan Parsa,Vivaan Parsa
322,51508,29833,Quincy Dalal,Quincy Dalal
192,51509,29834,B Pingle,Balvan Pingle
343,51510,29834,Warjas Brahmbhatt,Warjas Brahmbhatt
1010,51512,29836,Mason Rawi,Mason Ravi
994,51517,29839,Fariq Chacko,Fariq Chacko
922,51525,29844,A. Ahluwalia,Agastya Ahluwalia
17,51529,29846,B Halder,Balveer Halder
1762,51532,29848,M Singh,Manthan Singh
1748,51533,29849,Yug Sidhu,Yug Sidhu
1762,51535,29850,Manthan Singh,Manthan Singh
1248,51544,29855,Samar Kalita,Samar Kalita
1771,51545,29856,C. More,Charan More
95,51549,29859,J. Hora,Jasmit Hora
1248,51556,29863,Samar Kalita,Samar Kalita
720,51558,29865,C. Iyer,Charles Iyer
1415,51559,29866,Noah Palla,Noah Palla
1790,51560,29866,Jeet Sathe,Jeet Sathe
450,51565,29869,Tristan Johal,Tristan Johal
95,51566,29870,Jasmit Hora,Jasmit Hora
1234,51567,29871,Vivaan Parsa,Vivaan Parsa
440,51570,29873,Siddharth Soni,Siddharth Soni
381,51576,29878,Q. Kari,Qabil Kari
103,51577,29878,T. Madan,Tarak Madan
411,51579,29879,Omkaar Om,Omkaar Om
232,51582,29880,O. Gara,Owen Gara
22,51583,29881,C. Chokshi,Charan Chokshi
232,51584,29881,Owen Gara,Owen Gara
22,51586,29882,C Chokshi,Charan Chokshi
17,51588,29883,Balveer Halder,Balveer Halder
349,51595,29887,Krisna Rege,Krishna Rege
192,51597,29889,Balwan Pingle,Balvan Pingle
873,51601,29892,Qushi Modi,Qushi Modi
959,51602,29893,D. Sharma,Dalbir Sharma
922,51606,29897,Agastya Ahluwalia,Agastya Ahluwalia
720,51607,29898,Charles Iyer,Charles Iyer
381,51611,29900,Q. Kari,Qabil Kari
922,51612,29900,Agastya Ahluwalia,Agastya Ahluwalia
232,51615,29903,Owen Gara,Owen Gara
1427,51619,29907,weer Das,Veer Das
999,51621,29909,C Jayaraman,Chaitanya Jayaraman
1396,51622,29910,Ojas Patla,Ojas Patla
409,51628,29913,T Morar,Tanvi Morar
248,51629,29914,P Thakkar,Priya Thakkar
452,51630,29915,J. Sampath,Jackson Sampath
450,51633,29915,Tristan Johal,Tristan Johal
343,51642,29921,Warjas Brahmbhatt,Warjas Brahmbhatt
1091,51646,29923,A Chadha,Ansh Chadha
1690,51653,29928,Chaman Rattan,Chaman Rattan
1798,51655,29930,Nites Agrawal,Nitesh Agrawal
911,51657,29932,T. Gera,Thomas Gera
495,51659,29934,saurya sa,Shaurya Sha
1427,51660,29934,weer Das,Veer Das
833,51666,29938,Chaitanya Khare,Chaitanya Khare
17,51668,29939,Balvir Halder,Balveer Halder
319,51670,29940,Y. Ramaswamy,Yatan Ramaswamy
349,51671,29941,K. Rege,Krishna Rege
1010,51672,29941,M. Ravi,Mason Ravi
1094,51673,29942,O. Sen,Oliver Sen
922,51676,29944,A. Ahluwalia,Agastya Ahluwalia
833,51682,29948,Chaitanya Khare,Chaitanya Khare
351,51683,29949,I. Kapadia,Ira Kapadia
1248,51684,29950,S Kalita,Samar Kalita
319,51686,29950,Yatan Ramaswamy,Yatan Ramaswamy
1798,51687,29951,N Agrawal,Nitesh Agrawal
1234,51689,29952,Vivaan Parsa,Vivaan Parsa
1743,51690,29952,O. Bala,Onveer Bala
22,51691,29953,Charan Choksi,Charan Chokshi
319,51692,29954,Yatan Ramaswamy,Yatan Ramaswamy
1192,51694,29956,Chandres Manda,Chandresh Manda
852,51703,29959,Indrajit Swamy,Indrajit Swamy
521,51704,29960,Gaurangi Varughese,Gaurangi Varughese
1566,51705,29960,Kawya Soman,Kavya Soman
349,51708,29961,K Rege,Krishna Rege
140,51710,29962,Mites Radhakrisnan,Mitesh Radhakrishnan
521,51711,29962,Gaurangi Varughese,Gaurangi Varughese
1234,51712,29963,Vivaan Parsa,Vivaan Parsa
1248,51713,29963,Samar Kalita,Samar Kalita
1690,51714,29964,Chaman Rattan,Chaman Rattan
959,51715,29964,Dalbir Sharma,Dalbir Sharma
192,51720,29967,Balvan Pingle,Balvan Pingle
1566,51722,29968,K Soman,Kavya Soman
199,51725,29971,G. Nair,Gabriel Nair
351,51726,29972,I Kapadia,Ira Kapadia
232,51731,29974,O Gara,Owen Gara
852,51732,29975,Indrajit Swamy,Indrajit Swamy
122,51738,29976,F. Arya,Frederick Arya
1798,51740,29978,Nites Agrawal,Nitesh Agrawal
1748,51743,29979,Yug Sidhu,Yug Sidhu
1790,51747,29981,Jit Sate,Jeet Sathe
22,51750,29982,Charan Chokshi,Charan Chokshi
720,51751,29983,Charles Iyer,Charles Iyer
351,51754,29985,I Kapadia,Ira Kapadia
1235,51755,29985,Aditya Murty,Aditya Murty
1748,51757,29987,Y Sidhu,Yug Sidhu
1066,51758,29988,Vanya More,Vanya More
266,51760,29988,Nimrat Rana,Nimrat Rana
276,51764,29991,C. Agarwal,Chaitaly Agarwal
486,51765,29992,Z Devi,Zehaan Devi
1790,51767,29993,J Sathe,Jeet Sathe
411,51770,29995,Omkaar Om,Omkaar Om
349,51771,29996,K Rege,Krishna Rege
1222,51772,29997,Tanay Som,Tanay Som
12,51774,29997,Laksit Issac,Lakshit Issac
289,51778,29999,Benjamin Anne,Benjamin Anne
199,51779,30000,Gabriel Nair,Gabriel Nair
1094,51783,30003,O Sen,Oliver Sen
646,51785,30005,K Chauhan,Kai Chauhan
381,51787,30007,Qabil Kari,Qabil Kari
349,51788,30008,Krishna Rege,Krishna Rege
351,51791,30009,Ira Kapadia,Ira Kapadia
1753,51795,30011,A. Divan,Arjun Divan
301,51796,30011,Darsh Rajan,Darsh Rajan
1566,51797,30012,K Soman,Kavya Soman
911,51801,30015,Thomas Gera,Thomas Gera
1033,51802,30016,Q Sarkar,Qabil Sarkar
1748,51803,30017,Yug Sidhu,Yug Sidhu
319,51804,30017,Yatan Ramaswamy,Yatan Ramaswamy
411,51806,30019,Omkaar Om,Omkaar Om
935,51807,30020,C. Pal,Chasmum Pal
1054,51809,30020,Vidhi Arya,Vidhi Arya
922,51811,30021,Agastya Ahluwalia,Agastya Ahluwalia
1716,51812,30021,E. Bhat,Eesha Bhat
911,51814,30023,T. Gera,Thomas Gera
1753,51815,30024,Arjun Divan,Arjun Divan
199,51816,30025,Gabriel Nair,Gabriel Nair
322,51819,30026,Q Dalal,Quincy Dalal
1010,51820,30026,M Ravi,Mason Ravi
1415,51823,30028,Noah Palla,Noah Palla
1762,51827,30030,Mantan Singh,Manthan Singh
266,51830,30032,Nimrat Rana,Nimrat Rana
1799,51831,30032,wedant Sangha,Vedant Sangha
495,51832,30032,S Sha,Shaurya Sha
1790,51834,30033,Jeet Sathe,Jeet Sathe
450,51835,30034,T. Johal,Tristan Johal
1762,51837,30035,Manthan Singh,Manthan Singh
1748,51838,30035,Y Sidhu,Yug Sidhu
521,51842,30036,Gaurangi Varughese,Gaurangi Varughese
1798,51845,30038,Nitesh Agrawal,Nitesh Agrawal
1094,51847,30038,O. Sen,Oliver Sen
322,51859,30046,Quincy Dalal,Quincy Dalal
199,51861,30046,G. Nair,Gabriel Nair
520,51862,30047,Jack taker,Jack Thaker
1427,51863,30047,Veer Das,Veer Das
254,51864,30048,K. Sur,Kiaan Sur
911,51868,30052,T. Gera,Thomas Gera
472,51869,30052,G. Ben,Gabriel Ben
411,51872,30055,O. Om,Omkaar Om
1790,51876,30059,J Sathe,Jeet Sathe
319,51884,30064,Y Ramaswamy,Yatan Ramaswamy
266,51885,30065,N. Rana,Nimrat Rana
1790,51886,30065,J Sathe,Jeet Sathe
351,51887,30065,I. Kapadia,Ira Kapadia
411,51889,30066,O. Om,Omkaar Om
1566,51899,30073,K. Soman,Kavya Soman
1010,51900,30073,Mason Ravi,Mason Ravi
480,51901,30073,B. Nagarajan,Balhaar Nagarajan
351,51905,30075,Ira Kapadia,Ira Kapadia
450,51907,30077,T. Johal,Tristan Johal
1690,51909,30078,C. Rattan,Chaman Rattan
1716,51911,30078,E. Bhat,Eesha Bhat
1474,51912,30078,F. Natarajan,Fiyaz Natarajan
452,51914,30079,Jackson Sampath,Jackson Sampath
349,51915,30080,Krishna Rege,Krishna Rege
103,51916,30081,Tarak Madan,Tarak Madan
486,51923,30085,Zehaan Devi,Zehaan Devi
1415,51924,30086,N Palla,Noah Palla
554,51925,30086,Madhav Krishnamurthy,Madhav Krishnamurthy
1516,51926,30087,Jatin Divan,Jatin Divan
319,51928,30088,Y Ramaswamy,Yatan Ramaswamy
922,51929,30089,Agastya Ahluwalia,Agastya Ahluwalia
103,51934,30091,Tarak Madan,Tarak Madan
1790,51935,30092,Jit Sate,Jeet Sathe
411,51936,30093,Omkaar Om,Omkaar Om
1762,51937,30093,M. Singh,Manthan Singh
1430,51938,30093,Guneet Korpal,Guneet Korpal
873,51939,30094,Qushi Modi,Qushi Modi
22,51940,30095,Charan Chokshi,Charan Chokshi
495,51943,30096,Shaurya Sha,Shaurya Sha
755,51946,30097,Rachit Ghose,Rachit Ghose
1303,51947,30098,L Mohan,Laksh Mohan
1415,51954,30102,N Palla,Noah Palla
1748,51955,30102,Y Sidhu,Yug Sidhu
1248,51962,30108,Samar Kalita,Samar Kalita
1094,51966,30110,Oliver Sen,Oliver Sen
1716,51967,30110,Eesa Bhat,Eesha Bhat
199,51969,30111,Gabriel Nair,Gabriel Nair
720,51971,30113,Charles Iyer,Charles Iyer
1566,51974,30114,Kavya Soman,Kavya Soman
1441,51975,30115,H Tripathi,Harita Tripathi
322,51982,30117,Quincy Dalal,Quincy Dalal
1045,51984,30119,C Modi,Chandran Modi
92,51986,30119,Samar Natarajan,Samar Natarajan
1790,51988,30120,Jit Sate,Jeet Sathe
1748,51993,30123,Y. Sidhu,Yug Sidhu
1716,51996,30125,Eesha Bhat,Eesha Bhat
911,52000,30126,T. Gera,Thomas Gera
720,52006,30129,C. Iyer,Charles Iyer
103,52007,30130,T. Madan,Tarak Madan
873,52008,30130,Qushi Modi,Qushi Modi
1798,52010,30132,Nitesh Agrawal,Nitesh Agrawal
186,52011,30132,Rohan Oommen,Rohan Oommen
1248,52012,30133,Samar Kalita,Samar Kalita
1753,52013,30134,Arjun Diwan,Arjun Divan
452,52017,30138,Jackson Sampath,Jackson Sampath
411,52018,30139,Omkaar Om,Omkaar Om
1415,52021,30140,N Palla,Noah Palla
199,52022,30141,Gabriel Nair,Gabriel Nair
905,52023,30142,Neel Guha,Neel Guha
322,52025,30143,Quincy Dalal,Quincy Dalal
381,52028,30144,Qabil Kari,Qabil Kari
1799,52034,30148,Vedant Sangha,Vedant Sangha
95,52039,30153,Jasmit Hora,Jasmit Hora
450,52045,30157,Tristan Johal,Tristan Johal
409,52051,30162,T. Morar,Tanvi Morar
1220,52052,30163,Azad Saxena,Azad Saxena
1094,52054,30165,O. Sen,Oliver Sen
1762,52057,30168,M. Singh,Manthan Singh
713,52064,30172,P Borde,Panini Borde
1748,52065,30172,Yug Sidhu,Yug Sidhu
1209,52068,30175,Ekansh Magar,Ekansh Magar
1798,52069,30176,Nitesh Agrawal,Nitesh Agrawal
381,52071,30177,Qabil Kari,Qabil Kari
935,52074,30180,Chasmum Pal,Chasmum Pal
911,52076,30181,T. Gera,Thomas Gera
411,52078,30181,O. Om,Omkaar Om
506,52079,30182,A. Kannan,Anirudh Kannan
1034,52081,30184,Ikbal Goyal,Ikbal Goyal
911,52083,30185,T. Gera,Thomas Gera
521,52088,30188,Gaurangi Varughese,Gaurangi Varughese
1277,52090,30189,J Chand,Jeet Chand
1790,52092,30191,Jeet Sathe,Jeet Sathe
890,52093,30191,Umang Kala,Umang Kala
983,52097,30194,K Krish,Kevin Krish
457,52102,30197,Daksesh Bawa,Dakshesh Bava
506,52103,30198,Anirudh Kannan,Anirudh Kannan
322,52108,30199,Q. Dalal,Quincy Dalal
1234,52111,30202,V. Parsa,Vivaan Parsa
17,52113,30202,Balveer Halder,Balveer Halder
976,52115,30204,B Goel,Balhaar Goel
1248,52116,30204,Samar Kalita,Samar Kalita
381,52117,30204,Qabil Kari,Qabil Kari
364,52122,30207,Z Banerjee,Zehaan Banerjee
409,52124,30208,T Morar,Tanvi Morar
1010,52128,30211,Mason Ravi,Mason Ravi
1716,52130,30213,E Bhat,Eesha Bhat
495,52131,30214,Shaurya Sha,Shaurya Sha
873,52133,30216,Qusi Modi,Qushi Modi
95,52134,30216,Jasmit Hora,Jasmit Hora
452,52137,30217,Jackson Sampath,Jackson Sampath
1463,52139,30218,Januja Sur,Januja Sur
103,52140,30218,T Madan,Tarak Madan
349,52145,30223,K Rege,Krishna Rege
720,52148,30225,Charles Iyer,Charles Iyer
1010,52149,30226,Mason Ravi,Mason Ravi
1465,52158,30232,Jagat Bhatia,Jagat Bhatia
1704,52162,30233,Onveer Gokhale,Onveer Gokhale
22,52163,30233,Charan Chokshi,Charan Chokshi
381,52164,30234,Qabil Kari,Qabil Kari
1716,52169,30238,E. Bhat,Eesha Bhat
521,52170,30239,Gaurangi Varughese,Gaurangi Varughese
351,52171,30239,Ira Kapadia,Ira Kapadia
1505,52172,30239,Aahana Din,Aahana Din
520,52173,30239,Jack taker,Jack Thaker
319,52176,30241,Y Ramaswamy,Yatan Ramaswamy
199,52182,30246,Gabriel Nair,Gabriel Nair
409,52184,30247,T. Morar,Tanvi Morar
1249,52191,30251,William Krishna,William Krishna
319,52196,30254,Y Ramaswamy,Yatan Ramaswamy
116,52197,30255,C Sama,Charles Sama
1380,52199,30256,Nataniel Sesadri,Nathaniel Seshadri
1567,52203,30259,Z. Chad,Zehaan Chad
319,52204,30259,Yatan Ramaswamy,Yatan Ramaswamy
1790,52209,30262,Jeet Sathe,Jeet Sathe
452,52210,30262,J. Sampath,Jackson Sampath
17,52213,30264,B Halder,Balveer Halder
486,52215,30266,Zehaan Devi,Zehaan Devi
1799,52219,30268,V. Sangha,Vedant Sangha
1054,52220,30269,V Arya,Vidhi Arya
852,52231,30275,Indrajit Swamy,Indrajit Swamy
875,52235,30277,N. Apte,Nitara Apte
1171,52239,30279,H. Mallick,Hamsini Mallick
103,52240,30280,Tarak Madan,Tarak Madan
1054,52241,30280,Vidhi Arya,Vidhi Arya
452,52246,30283,J Sampath,Jackson Sampath
486,52249,30284,Zehaan Devi,Zehaan Devi
22,52252,30285,Charan Chokshi,Charan Chokshi
1748,52253,30285,Y Sidhu,Yug Sidhu
642,52254,30285,Vedant Nadig,Vedant Nadig
959,52261,30290,Dalbir Sharma,Dalbir Sharma
1690,52262,30290,Chaman Rattan,Chaman Rattan
1010,52266,30293,M Ravi,Mason Ravi
520,52270,30295,Jack Thaker,Jack Thaker
409,52277,30300,Tanvi Morar,Tanvi Morar
343,52280,30301,W. Brahmbhatt,Warjas Brahmbhatt
1415,52281,30301,Noah Palla,Noah Palla
1603,52285,30304,C. Agrawal,Chakradhar Agrawal
1415,52286,30305,N Palla,Noah Palla
959,52294,30309,Dalbir Sharma,Dalbir Sharma
486,52295,30310,Z Devi,Zehaan Devi
1762,52296,30310,Manthan Singh,Manthan Singh
1248,52302,30314,Samar Kalita,Samar Kalita
450,52307,30316,T. Johal,Tristan Johal
1077,52310,30318,T. Mane,Tripti Mane
1094,52311,30318,Oliwer Sen,Oliver Sen
1234,52314,30320,Vivaan Parsa,Vivaan Parsa
1799,52316,30320,Vedant Sangha,Vedant Sangha
959,52318,30321,Dalbir sarma,Dalbir Sharma
1415,52321,30322,N. Palla,Noah Palla
533,52323,30324,Abdul Chandran,Abdul Chandran
381,52324,30324,Qabil Kari,Qabil Kari
911,52326,30326,tomas Gera,Thomas Gera
22,52328,30327,C. Chokshi,Charan Chokshi
833,52335,30332,Chaitanya Khare,Chaitanya Khare
452,52336,30333,J Sampath,Jackson Sampath
1054,52337,30334,V Arya,Vidhi Arya
1748,52340,30334,Y. Sidhu,Yug Sidhu
1234,52343,30337,wivaan Parsa,Vivaan Parsa
1191,52344,30338,S Kalla,Sarthak Kalla
506,52346,30340,A Kannan,Anirudh Kannan
852,52350,30342,I Swamy,Indrajit Swamy
602,52351,30342,A. Mani,Abhiram Mani
1753,52352,30343,A. Divan,Arjun Divan
1094,52355,30345,Oliwer Sen,Oliver Sen
381,52362,30348,Q Kari,Qabil Kari
1449,52366,30349,Logan Chaudhary,Logan Chaudhary
1748,52367,30350,Yug Sidhu,Yug Sidhu
343,52369,30352,Warjas Brahmbhatt,Warjas Brahmbhatt
1790,52372,30353,J Sathe,Jeet Sathe
322,52374,30353,Quincy Dalal,Quincy Dalal
381,52375,30354,Q. Kari,Qabil Kari
503,52378,30357,G Radhakrishnan,Gaurang Radhakrishnan
1762,52379,30357,M. Singh,Manthan Singh
720,52383,30359,C. Iyer,Charles Iyer
351,52390,30364,Ira Kapadia,Ira Kapadia
364,52393,30366,Zehaan Banerjee,Zehaan Banerjee
1248,52395,30367,S. Kalita,Samar Kalita
1798,52396,30368,Nitesh Agrawal,Nitesh Agrawal
521,52398,30369,Gaurangi Varughese,Gaurangi Varughese
121,52399,30370,R Rattan,Rishi Rattan
322,52402,30370,Q. Dalal,Quincy Dalal
622,52405,30373,Q. Krishnamurthy,Qadim Krishnamurthy
436,52410,30376,C. Bir,Christopher Bir
644,52411,30376,K Doshi,Kabir Doshi
192,52414,30378,B. Pingle,Balvan Pingle
833,52418,30379,Chaytanya kare,Chaitanya Khare
1566,52419,30380,Kavya Soman,Kavya Soman
17,52420,30381,Balveer Halder,Balveer Halder
1127,52421,30382,H. Atwal,Hitesh Atwal
364,52422,30383,Z Banerjee,Zehaan Banerjee
959,52423,30383,D. Sharma,Dalbir Sharma
1078,52424,30383,wedant Bhakta,Vedant Bhakta
1798,52425,30384,Nites Agrawal,Nitesh Agrawal
1427,52426,30384,Veer Das,Veer Das
852,52429,30385,Indrajit Swamy,Indrajit Swamy
1762,52433,30388,Manthan Singh,Manthan Singh
1388,52435,30390,Chandran Sani,Chandran Sani
1716,52437,30390,E. Bhat,Eesha Bhat
351,52438,30390,I Kapadia,Ira Kapadia
911,52439,30391,T. Gera,Thomas Gera
103,52443,30393,Tarak Madan,Tarak Madan
1799,52444,30394,V. Sangha,Vedant Sangha
351,52445,30395,I. Kapadia,Ira Kapadia
452,52446,30396,J. Sampath,Jackson Sampath
1799,52447,30397,V Sangha,Vedant Sangha
486,52449,30398,Zehaan Devi,Zehaan Devi
520,52453,30400,J. Thaker,Jack Thaker
1010,52460,30404,M. Ravi,Mason Ravi
708,52462,30406,M. Chopra,Mohammed Chopra
1010,52465,30408,Mason Ravi,Mason Ravi
1513,52467,30409,H Chander,Hitesh Chander
452,52469,30410,Jackson Sampath,Jackson Sampath
1506,52472,30411,Luke Kohli,Luke Kohli
1248,52477,30412,Samar Kalita,Samar Kalita
879,52481,30414,Bahadurjit Kant,Bahadurjit Kant
1094,52483,30415,Oliver Sen,Oliver Sen
232,52484,30415,Owen Gara,Owen Gara
833,52485,30415,Chaytanya kare,Chaitanya Khare
192,52486,30416,B Pingle,Balvan Pingle
1415,52491,30420,Noah Palla,Noah Palla
521,52492,30420,Gaurangi warughese,Gaurangi Varughese
495,52493,30420,Shaurya Sha,Shaurya Sha
351,52494,30420,I. Kapadia,Ira Kapadia
1054,52496,30421,V Arya,Vidhi Arya
17,52498,30422,Balweer Halder,Balveer Halder
232,52500,30423,Owen Gara,Owen Gara
1427,52501,30424,Vir Das,Veer Das
1427,52502,30424,V. Das,Veer Das
199,52504,30426,Gabriel Nair,Gabriel Nair
922,52510,30429,Agastya Ahluwalia,Agastya Ahluwalia
557,52512,30430,Hemang Chad,Hemang Chad
381,52513,30431,Q Kari,Qabil Kari
1556,52516,30432,Y. Mukherjee,Yasti Mukherjee
486,52520,30433,Zehaan Devi,Zehaan Devi
1790,52523,30435,Jeet Sathe,Jeet Sathe
1034,52525,30437,Ikbal Goyal,Ikbal Goyal
266,52527,30438,N. Rana,Nimrat Rana
506,52528,30439,A. Kannan,Anirudh Kannan
922,52531,30441,A. Ahluwalia,Agastya Ahluwalia
349,52534,30444,Krishna Rege,Krishna Rege
1415,52536,30445,N Palla,Noah Palla
1010,52538,30446,Mason Rawi,Mason Ravi
1799,52540,30447,Vedant Sangha,Vedant Sangha
199,52542,30448,G. Nair,Gabriel Nair
852,52549,30451,Indrajit Swamy,Indrajit Swamy
1748,52551,30453,Yug Sidhu,Yug Sidhu
1234,52557,30455,wivaan Parsa,Vivaan Parsa
1799,52568,30461,V. Sangha,Vedant Sangha
266,52569,30461,Nimrat Rana,Nimrat Rana
1427,52571,30462,Veer Das,Veer Das
349,52572,30463,K Rege,Krishna Rege
1566,52573,30464,K Soman,Kavya Soman
1033,52574,30465,Q Sarkar,Qabil Sarkar
349,52585,30471,Krishna Rege,Krishna Rege
343,52587,30471,Warjas Brahmbhatt,Warjas Brahmbhatt
452,52588,30472,J Sampath,Jackson Sampath
935,52598,30479,Chasmum Pal,Chasmum Pal
1111,52599,30480,Karan Basak,Karan Basak
192,52600,30481,B Pingle,Balvan Pingle
1798,52602,30482,Nitesh Agrawal,Nitesh Agrawal
411,52604,30484,Omkaar Om,Omkaar Om
581,52606,30485,Ronith Sridhar,Ronith Sridhar
266,52607,30485,Nimrat Rana,Nimrat Rana
914,52614,30489,Om Parek,Om Parekh
17,52619,30491,Balveer Halder,Balveer Halder
520,52622,30492,J. Thaker,Jack Thaker
1033,52623,30493,Qabil Sarkar,Qabil Sarkar
833,52626,30495,C. Khare,Chaitanya Khare
411,52631,30497,Omkaar Om,Omkaar Om
720,52632,30498,Charles Iyer,Charles Iyer
653,52633,30499,Zayyan Dhaliwal,Zayyan Dhaliwal
266,52636,30501,Nimrat Rana,Nimrat Rana
103,52640,30502,Tarak Madan,Tarak Madan
103,52650,30507,T Madan,Tarak Madan
648,52651,30508,Max Konda,Max Konda
409,52652,30508,T Morar,Tanvi Morar
1790,52655,30509,Jeet Sathe,Jeet Sathe
959,52661,30513,Dalbir sarma,Dalbir Sharma
17,52662,30513,B Halder,Balveer Halder
1057,52664,30514,Wazir Pandey,Wazir Pandey
126,52667,30514,C Gopal,Chanakya Gopal
1748,52669,30515,Yug Sidhu,Yug Sidhu
1060,52674,30518,Zayyan Sami,Zayyan Sami
1133,52676,30519,Girik Bhargava,Girik Bhargava
1410,52678,30520,Laban Wable,Laban Wable
95,52680,30520,J Hora,Jasmit Hora
103,52683,30522,Tarak Madan,Tarak Madan
411,52686,30525,Omkaar Om,Omkaar Om
1716,52688,30526,isha Bhat,Eesha Bhat
103,52689,30526,T. Madan,Tarak Madan
1427,52690,30526,V Das,Veer Das
349,52691,30527,Krishna Rege,Krishna Rege
179,52693,30528,Abhimanyu Din,Abhimanyu Din
452,52694,30528,Jackson Sampath,Jackson Sampath
1690,52696,30529,C. Rattan,Chaman Rattan
720,52701,30531,Charles Iyer,Charles Iyer
520,52702,30532,J. Thaker,Jack Thaker
450,52706,30534,Tristan Johal,Tristan Johal
343,52711,30537,Warjas Brahmbhatt,Warjas Brahmbhatt
1753,52717,30541,A Divan,Arjun Divan
1054,52718,30542,V. Arya,Vidhi Arya
217,52722,30544,Dawid Garg,David Garg
272,52723,30545,B Sura,Banjeet Sura
34,52724,30546,B. Murty,Bahadurjit Murty
935,52727,30548,C Pal,Chasmum Pal
22,52731,30551,Charan Chokshi,Charan Chokshi
22,52732,30551,Charan Chokshi,Charan Chokshi
322,52733,30551,Q. Dalal,Quincy Dalal
116,52734,30551,Charles Sama,Charles Sama
1248,52736,30553,Samar Kalita,Samar Kalita
1790,52737,30553,Jit Sate,Jeet Sathe
1632,52739,30554,Darpan More,Darpan More
1690,52740,30554,Chaman Rattan,Chaman Rattan
1415,52741,30555,Noah Palla,Noah Palla
351,52742,30556,Ira Kapadia,Ira Kapadia
911,52743,30557,T. Gera,Thomas Gera
319,52750,30561,Yatan Ramaswamy,Yatan Ramaswamy
1798,52755,30564,Nitesh Agrawal,Nitesh Agrawal
1415,52757,30566,Noah Palla,Noah Palla
1033,52758,30566,Q Sarkar,Qabil Sarkar
959,52759,30566,D Sharma,Dalbir Sharma
720,52762,30568,C. Iyer,Charles Iyer
409,52764,30569,T Morar,Tanvi Morar
1799,52765,30570,Vedant Sangha,Vedant Sangha
911,52767,30571,Thomas Gera,Thomas Gera
1033,52770,30573,Qabil Sarkar,Qabil Sarkar
1016,52772,30574,P. Manne,Parth Manne
128,52773,30574,Dominic Grower,Dominic Grover
495,52775,30575,S Sha,Shaurya Sha
1010,52777,30577,Mason Ravi,Mason Ravi
343,52778,30577,Warjas Brahmbhatt,Warjas Brahmbhatt
1799,52781,30578,Vedant Sangha,Vedant Sangha
17,52782,30579,B. Halder,Balveer Halder
1033,52783,30580,Qabil Sarkar,Qabil Sarkar
506,52785,30582,Anirudh Kannan,Anirudh Kannan
852,52790,30584,I Swamy,Indrajit Swamy
319,52791,30584,Yatan Ramaswamy,Yatan Ramaswamy
343,52796,30586,W. Brahmbhatt,Warjas Brahmbhatt
199,52797,30587,G. Nair,Gabriel Nair
1364,52799,30588,Yatin Om,Yatin Om
95,52803,30591,Jasmit Hora,Jasmit Hora
495,52806,30592,Shaurya Sha,Shaurya Sha
1753,52812,30596,Arjun Divan,Arjun Divan
1403,52813,30597,Indali Dora,Indali Dora
322,52814,30597,Q Dalal,Quincy Dalal
1798,52817,30598,Nitesh Agrawal,Nitesh Agrawal
1500,52818,30598,Z. Parekh,Zayan Parekh
450,52819,30599,Tristan Johal,Tristan Johal
349,52823,30602,Krishna Rege,Krishna Rege
1010,52825,30603,Mason Rawi,Mason Ravi
1020,52826,30603,Nitara Taylor,Nitara Tailor
1561,52833,30606,Y. Seth,Yatin Seth
1717,52834,30607,G. Dube,Gunbir Dube
266,52838,30610,N Rana,Nimrat Rana
1799,52841,30611,V Sangha,Vedant Sangha
1404,52842,30612,Hemangini Chanda,Hemangini Chanda
1762,52848,30615,M Singh,Manthan Singh
1248,52853,30617,Samar Kalita,Samar Kalita
521,52856,30619,Gaurangi Varughese,Gaurangi Varughese
521,52858,30620,Gaurangi Varughese,Gaurangi Varughese
1033,52859,30621,Q Sarkar,Qabil Sarkar
1762,52865,30624,Manthan Singh,Manthan Singh
959,52866,30624,Dalbir sarma,Dalbir Sharma
1690,52867,30625,C Rattan,Chaman Rattan
663,52868,30626,A. Kunda,Ayush Kunda
672,52869,30626,Krishna Raja,Krishna Raja
852,52873,30629,I Swamy,Indrajit Swamy
1425,52883,30636,N Balakrishnan,Nihal Balakrishnan
1716,52886,30637,Eesha Bhat,Eesha Bhat
1569,52887,30638,Yug Dhar,Yug Dhar
364,52888,30639,Z. Banerjee,Zehaan Banerjee
17,52889,30640,Balweer Halder,Balveer Halder
266,52890,30641,N Rana,Nimrat Rana
1753,52892,30642,A Divan,Arjun Divan
1258,52895,30643,Adwaith katri,Advaith Khatri
1716,52898,30646,Eesa Bhat,Eesha Bhat
411,52899,30646,O. Om,Omkaar Om
322,52901,30647,Quincy Dalal,Quincy Dalal
1716,52902,30648,E Bhat,Eesha Bhat
1054,52904,30649,V. Arya,Vidhi Arya
409,52909,30654,T. Morar,Tanvi Morar
411,52911,30656,Omkaar Om,Omkaar Om
1639,52914,30658,W Shroff,Warinder Shroff
103,52917,30661,T Madan,Tarak Madan
266,52923,30664,N. Rana,Nimrat Rana
319,52925,30665,Yatan Ramaswamy,Yatan Ramaswamy
364,52926,30665,Z Banerjee,Zehaan Banerjee
1054,52927,30666,widhi Arya,Vidhi Arya
796,52932,30669,Mitesh Sehgal,Mitesh Sehgal
277,52935,30671,Hredhaan Pradhan,Hredhaan Pradhan
199,52939,30672,G Nair,Gabriel Nair
322,52943,30675,Quincy Dalal,Quincy Dalal
22,52944,30676,Charan Chokshi,Charan Chokshi
322,52946,30676,Quincy Dalal,Quincy Dalal
1094,52953,30679,O. Sen,Oliver Sen
1033,52954,30680,Q. Sarkar,Qabil Sarkar
1716,52963,30687,E. Bhat,Eesha Bhat
1427,52964,30688,V Das,Veer Das
309,52967,30690,Upkaar Rajagopal,Upkaar Rajagopal
873,52969,30691,Q Modi,Qushi Modi
266,52970,30691,N Rana,Nimrat Rana
82,52976,30695,Gunbir Basu,Gunbir Basu
922,52978,30696,A Ahluwalia,Agastya Ahluwalia
232,52979,30697,O Gara,Owen Gara
351,52980,30697,I. Kapadia,Ira Kapadia
911,52981,30698,T. Gera,Thomas Gera
1716,52991,30708,Eesha Bhat,Eesha Bhat
1690,52997,30711,Chaman Rattan,Chaman Rattan
319,52999,30712,Yatan Ramaswamy,Yatan Ramaswamy
1427,53000,30713,Vir Das,Veer Das
450,53001,30713,T Johal,Tristan Johal
866,53002,30713,Ranweer Bal,Ranveer Bal
1748,53003,30714,Yug Sidhu,Yug Sidhu
452,53006,30716,Jackson Sampat,Jackson Sampath
364,53007,30717,Zehaan Banerjee,Zehaan Banerjee
95,53011,30720,Jasmit Hora,Jasmit Hora
95,53012,30721,J Hora,Jasmit Hora
1799,53015,30724,wedant Sangha,Vedant Sangha
1094,53016,30724,O. Sen,Oliver Sen
266,53018,30726,Nimrat Rana,Nimrat Rana
266,53024,30729,Nimrat Rana,Nimrat Rana
1074,53026,30730,V Shan,Veer Shan
1753,53033,30732,Arjun Divan,Arjun Divan
935,53034,30733,Chasmum Pal,Chasmum Pal
199,53035,30733,G Nair,Gabriel Nair
1652,53046,30740,Faqid Babu,Faqid Babu
1248,53050,30743,S Kalita,Samar Kalita
1379,53052,30745,G. Chaudhuri,Gauri Chaudhuri
1762,53054,30746,M Singh,Manthan Singh
911,53064,30751,tomas Gera,Thomas Gera
1010,53066,30753,M. Ravi,Mason Ravi
103,53067,30754,Tarak Madan,Tarak Madan
95,53072,30757,Jasmit Hora,Jasmit Hora
450,53078,30760,Tristan Johal,Tristan Johal
959,53081,30763,D Sharma,Dalbir Sharma
1265,53083,30765,Reyansh Butala,Reyansh Butala
570,53084,30765,Yasawini Chacko,Yashawini Chacko
450,53087,30768,Tristan Johal,Tristan Johal
192,53090,30770,Balvan Pingle,Balvan Pingle
610,53091,30770,D. Cherian,Darsh Cherian
720,53092,30771,C Iyer,Charles Iyer
1716,53095,30774,Eesha Bhat,Eesha Bhat
1010,53097,30775,Mason Rawi,Mason Ravi
232,53103,30778,Owen Gara,Owen Gara
1755,53105,30778,Nil Kanda,Neel Kanda
319,53107,30780,Yatan Ramaswamy,Yatan Ramaswamy
452,53108,30781,J. Sampath,Jackson Sampath
343,53109,30781,Warjas Brahmbhatt,Warjas Brahmbhatt
1415,53112,30783,Noah Palla,Noah Palla
520,53113,30784,J Thaker,Jack Thaker
506,53115,30784,A Kannan,Anirudh Kannan
22,53116,30785,Charan Chokshi,Charan Chokshi
506,53117,30785,Anirudh Kannan,Anirudh Kannan
1248,53121,30787,Samar Kalita,Samar Kalita
199,53123,30788,G. Nair,Gabriel Nair
404,53124,30789,Jai Iyer,Jai Iyer
319,53125,30790,Y Ramaswamy,Yatan Ramaswamy
833,53129,30793,Chaitanya Khare,Chaitanya Khare
411,53131,30793,O Om,Omkaar Om
1415,53132,30794,N Palla,Noah Palla
1094,53133,30794,Oliver Sen,Oliver Sen
17,53136,30796,Balvir Halder,Balveer Halder
734,53142,30800,Kabir Sane,Kabir Sane
852,53145,30803,Indrajit Swamy,Indrajit Swamy
266,53149,30804,N. Rana,Nimrat Rana
1234,53150,30805,V. Parsa,Vivaan Parsa
995,53153,30806,Gagan Bandi,Gagan Bandi
303,53154,30807,Saksham Bhalla,Saksham Bhalla
1666,53155,30808,A. Lad,Ayush Lad
22,53157,30809,Charan Chokshi,Charan Chokshi
381,53161,30811,Qabil Kari,Qabil Kari
1122,53164,30813,Xavier Parekh,Xavier Parekh
409,53167,30816,T. Morar,Tanvi Morar
450,53170,30817,T Johal,Tristan Johal
90,53171,30818,T. Khare,Thomas Khare
1690,53172,30819,C Rattan,Chaman Rattan
911,53173,30819,Thomas Gera,Thomas Gera
409,53174,30819,Tanvi Morar,Tanvi Morar
381,53176,30820,Q. Kari,Qabil Kari
495,53177,30820,Shaurya Sha,Shaurya Sha
62,53178,30820,Utkars Kulkarni,Utkarsh Kulkarni
232,53181,30821,Owen Gara,Owen Gara
1790,53182,30821,Jit Sate,Jeet Sathe
931,53188,30824,Charles Ganesh,Charles Ganesh
688,53190,30825,Jeevika Parsa,Jeevika Parsa
1094,53191,30826,Oliver Sen,Oliver Sen
935,53192,30826,Chasmum Pal,Chasmum Pal
409,53193,30827,Tanwi Morar,Tanvi Morar
486,53199,30830,Zehaan Dewi,Zehaan Devi
322,53201,30831,Q Dalal,Quincy Dalal
1054,53202,30832,V Arya,Vidhi Arya
1248,53203,30832,Samar Kalita,Samar Kalita
319,53204,30832,Y Ramaswamy,Yatan Ramaswamy
411,53205,30833,O. Om,Omkaar Om
959,53206,30834,Dalbir Sharma,Dalbir Sharma
1627,53209,30837,Q Nadkarni,Qabil Nadkarni
852,53211,30839,I Swamy,Indrajit Swamy
911,53216,30840,Thomas Gera,Thomas Gera
232,53219,30842,Owen Gara,Owen Gara
1234,53220,30842,V Parsa,Vivaan Parsa
22,53223,30844,Charan Chokshi,Charan Chokshi
1799,53224,30845,V. Sangha,Vedant Sangha
17,53227,30845,Balveer Halder,Balveer Halder
521,53232,30849,Gaurangi Varughese,Gaurangi Varughese
1481,53236,30851,R. Lall,Robert Lall
343,53237,30851,Warjas Brahmbhatt,Warjas Brahmbhatt
1450,53239,30852,S Hans,Sathvik Hans
199,53242,30853,G. Nair,Gabriel Nair
1234,53245,30855,wivaan Parsa,Vivaan Parsa
1798,53248,30856,Nitesh Agrawal,Nitesh Agrawal
873,53249,30856,Q Modi,Qushi Modi
720,53253,30859,C. Iyer,Charles Iyer
1054,53262,30864,widhi Arya,Vidhi Arya
720,53263,30865,Charles Iyer,Charles Iyer
192,53264,30865,Balwan Pingle,Balvan Pingle
1292,53265,30866,I. Pall,Ishwar Pall
720,53268,30867,C. Iyer,Charles Iyer
506,53272,30869,A. Kannan,Anirudh Kannan
1690,53274,30871,C. Rattan,Chaman Rattan
521,53276,30872,G Varughese,Gaurangi Varughese
175,53277,30872,Nachiket Parmar,Nachiket Parmar
935,53280,30874,Chasmum Pal,Chasmum Pal
351,53284,30876,I Kapadia,Ira Kapadia
103,53301,30885,Tarak Madan,Tarak Madan
1415,53303,30887,N. Palla,Noah Palla
452,53307,30890,Jackson Sampat,Jackson Sampath
95,53308,30890,J. Hora,Jasmit Hora
1033,53310,30891,Qabil Sarkar,Qabil Sarkar
103,53315,30894,Tarak Madan,Tarak Madan
521,53317,30896,G Varughese,Gaurangi Varughese
916,53319,30897,Aksay Sridhar,Akshay Sridhar
322,53320,30898,Q. Dalal,Quincy Dalal
266,53321,30899,N Rana,Nimrat Rana
520,53323,30900,Jack Thaker,Jack Thaker
959,53327,30902,D. Sharma,Dalbir Sharma
543,53329,30903,Dalbir Handa,Dalbir Handa
442,53330,30903,Gopal Johal,Gopal Johal
833,53337,30907,Chaytanya kare,Chaitanya Khare
1272,53338,30908,saurya sere,Shaurya Shere
1033,53340,30910,Q Sarkar,Qabil Sarkar
1790,53343,30911,Jeet Sathe,Jeet Sathe
17,53344,30912,Balveer Halder,Balveer Halder
856,53347,30914,Chanchal Kala,Chanchal Kala
74,53352,30916,J. Sinha,Jackson Sinha
101,53356,30918,Elijah Lata,Elijah Lata
232,53358,30919,Owen Gara,Owen Gara
520,53359,30919,Jack Thaker,Jack Thaker
1248,53361,30920,S Kalita,Samar Kalita
266,53362,30921,N. Rana,Nimrat Rana
935,53368,30922,Chasmum Pal,Chasmum Pal
521,53370,30924,G Varughese,Gaurangi Varughese
911,53372,30926,tomas Gera,Thomas Gera
95,53376,30927,Jasmit Hora,Jasmit Hora
873,53379,30928,Q. Modi,Qushi Modi
322,53390,30932,Quincy Dalal,Quincy Dalal
1790,53397,30936,J Sathe,Jeet Sathe
349,53403,30939,K Rege,Krishna Rege
381,53404,30940,Qabil Kari,Qabil Kari
852,53405,30941,Indrajit Swamy,Indrajit Swamy
411,53406,30941,Omkaar Om,Omkaar Om
1415,53407,30941,Noah Palla,Noah Palla
1790,53411,30943,J Sathe,Jeet Sathe
1415,53414,30946,Noah Palla,Noah Palla
1033,53416,30947,Qabil Sarkar,Qabil Sarkar
520,53420,30949,J. Thaker,Jack Thaker
199,53421,30949,Gabriel Nair,Gabriel Nair
521,53425,30952,G Varughese,Gaurangi Varughese
873,53427,30952,Q. Modi,Qushi Modi
1623,53436,30956,Zaid Vaidya,Zaid Vaidya
521,53438,30958,G. Varughese,Gaurangi Varughese
199,53439,30959,Gabriel Nair,Gabriel Nair
1094,53446,30965,Oliver Sen,Oliver Sen
697,53450,30969,T Bhatnagar,Tarak Bhatnagar
491,53453,30970,Haris Bobal,Harish Bobal
97,53460,30974,Qabil Krishna,Qabil Krishna
902,53464,30976,wanya Bhargawa,Vanya Bhargava
1647,53465,30976,Chakradev Jhaveri,Chakradev Jhaveri
719,53468,30978,G. Chand,Gaurangi Chand
168,53469,30978,Y. Din,Yachana Din
869,53474,30980,Anmol Acharya,Anmol Acharya
371,53477,30982,R. Sahni,Ranveer Sahni
818,53479,30983,Chatres More,Chatresh More
332,53480,30983,M Narasimhan,Manbir Narasimhan
278,53481,30984,Manbir Bobal,Manbir Bobal
1127,53484,30986,H. Atwal,Hitesh Atwal
226,53487,30987,Hredhaan Maharaj,Hredhaan Maharaj
1306,53495,30991,Dalbir Nanda,Dalbir Nanda
1647,53498,30994,C Jhaveri,Chakradev Jhaveri
508,53500,30995,W Mitra,William Mitra
278,53505,31000,Manbir Bobal,Manbir Bobal
867,53506,31001,J Shanker,Jatin Shanker
562,53509,31002,Liam Sampat,Liam Sampath
328,53510,31003,Azaan Acharya,Azaan Acharya
683,53511,31004,H Madan,Hritik Madan
569,53513,31005,H Borra,Hitesh Borra
557,53515,31005,Hemang Chad,Hemang Chad
1475,53518,31007,Qarin Narain,Qarin Narain
1273,53519,31008,R Prashad,Ronith Prashad
1464,53522,31010,Warinder Gill,Warinder Gill
13,53524,31011,Chanakya Sidhu,Chanakya Sidhu
414,53526,31012,Sudiksha Barman,Sudiksha Barman
278,53532,31016,M Bobal,Manbir Bobal
869,53534,31017,A. Acharya,Anmol Acharya
1614,53535,31018,Krishna Ravi,Krishna Ravi
1475,53539,31020,Q Narain,Qarin Narain
525,53543,31023,Finn Balasubramanian,Finn Balasubramanian
442,53544,31023,Gopal Johal,Gopal Johal
1546,53545,31024,Advik Soni,Advik Soni
1535,53547,31024,P Padmanabhan,Pavani Padmanabhan
1793,53550,31026,V. Kaul,Vincent Kaul
869,53552,31027,Anmol Acharya,Anmol Acharya
902,53554,31028,wanya Bhargawa,Vanya Bhargava
1040,53556,31029,K. Banik,Kabir Banik
1099,53562,31033,J. Puri,Jatin Puri
1306,53571,31038,Dalbir Nanda,Dalbir Nanda
867,53573,31039,J. Shanker,Jatin Shanker
442,53578,31043,G. Johal,Gopal Johal
1614,53579,31043,Krishna Ravi,Krishna Ravi
399,53581,31045,Praneel Palla,Praneel Palla
371,53583,31046,Ranveer Sahni,Ranveer Sahni
63,53590,31051,Gunit Lutra,Guneet Luthra
13,53593,31053,Chanakya Sidhu,Chanakya Sidhu
436,53594,31054,Christopher Bir,Christopher Bir
1535,53598,31056,Pawani Padmanabhan,Pavani Padmanabhan
434,53599,31057,Q Gopal,Qarin Gopal
178,53603,31058,Zehaan Khurana,Zehaan Khurana
942,53607,31062,Champak Tripati,Champak Tripathi
525,53609,31064,Finn Balasubramanian,Finn Balasubramanian
1140,53610,31064,Samuel Dutt,Samuel Dutt
63,53612,31065,G. Luthra,Guneet Luthra
970,53618,31068,Onkar Agate,Onkar Agate
278,53619,31068,Manbir Bobal,Manbir Bobal
867,53621,31069,Jatin sanker,Jatin Shanker
1306,53626,31074,Dalbir Nanda,Dalbir Nanda
253,53627,31074,M. Dar,Mohammed Dar
745,53628,31074,N. Kakar,Nihal Kakar
371,53632,31078,Ranveer Sahni,Ranveer Sahni
308,53633,31079,M Goda,Mason Goda
1120,53634,31079,F. Dubey,Faras Dubey
557,53639,31081,Hemang Chad,Hemang Chad
1793,53642,31082,V Kaul,Vincent Kaul
63,53646,31086,G Luthra,Guneet Luthra
253,53649,31089,Mohammed Dar,Mohammed Dar
442,53651,31090,G Johal,Gopal Johal
719,53655,31091,G Chand,Gaurangi Chand
1229,53657,31092,E. Master,Ekta Master
1524,53658,31093,O. Wali,Onveer Wali
647,53660,31095,Faqid Narayan,Faqid Narayan
226,53665,31098,Hredhaan Maharaj,Hredhaan Maharaj
1229,53673,31104,Ekta Master,Ekta Master
1614,53674,31104,Krisna Rawi,Krishna Ravi
13,53676,31106,Chanakya Sidhu,Chanakya Sidhu
63,53678,31106,Guneet Luthra,Guneet Luthra
1142,53679,31106,Hitesh Sur,Hitesh Sur
869,53680,31107,Anmol Acharya,Anmol Acharya
436,53681,31107,C Bir,Christopher Bir
1273,53688,31113,R Prashad,Ronith Prashad
1099,53696,31116,J Puri,Jatin Puri
1061,53698,31117,S Saxena,Shaurya Saxena
1614,53699,31118,K Ravi,Krishna Ravi
1589,53702,31118,Anmol Parek,Anmol Parekh
371,53712,31123,R. Sahni,Ranveer Sahni
1694,53714,31124,V Jha,Vedant Jha
1751,53716,31125,Chaytanya Bandi,Chaitanya Bandi
168,53717,31125,Yachana Din,Yachana Din
1229,53721,31127,Ekta Master,Ekta Master
867,53723,31127,J. Shanker,Jatin Shanker
1142,53725,31129,H. Sur,Hitesh Sur
1229,53726,31130,E Master,Ekta Master
13,53727,31130,Chanakya Sidhu,Chanakya Sidhu
549,53730,31131,Isaan Atwal,Ishaan Atwal
569,53732,31131,Hites Borra,Hitesh Borra
168,53736,31133,Y. Din,Yachana Din
13,53738,31133,C. Sidhu,Chanakya Sidhu
253,53740,31134,Mohammed Dar,Mohammed Dar
869,53741,31134,A. Acharya,Anmol Acharya
1040,53744,31136,Kabir Banik,Kabir Banik
719,53748,31137,Gaurangi Chand,Gaurangi Chand
869,53749,31138,Anmol Acharya,Anmol Acharya
683,53754,31143,H. Madan,Hritik Madan
902,53755,31144,Vanya Bhargava,Vanya Bhargava
172,53758,31145,Y Bawa,Yash Bawa
869,53759,31145,Anmol Acharya,Anmol Acharya
869,53761,31147,A Acharya,Anmol Acharya
869,53762,31148,A. Acharya,Anmol Acharya
1521,53763,31148,Jairaj Mukherjee,Jairaj Mukherjee
1793,53765,31150,V Kaul,Vincent Kaul
902,53768,31150,Vanya Bhargava,Vanya Bhargava
745,53776,31156,N. Kakar,Nihal Kakar
1535,53777,31156,P Padmanabhan,Pavani Padmanabhan
1140,53779,31156,Samuel Dutt,Samuel Dutt
1273,53780,31157,Ronith Prashad,Ronith Prashad
253,53781,31158,Mohammed Dar,Mohammed Dar
597,53782,31159,Kabir Chad,Kabir Chad
408,53784,31159,Alexander Chanda,Alexander Chanda
491,53787,31161,Harish Bobal,Harish Bobal
525,53788,31162,Finn Balasubramanian,Finn Balasubramanian
1277,53789,31163,J Chand,Jeet Chand
1142,53791,31164,Hitesh Sur,Hitesh Sur
63,53796,31165,G. Luthra,Guneet Luthra
775,53802,31170,Onveer Korpal,Onveer Korpal
1040,53804,31172,Kabir Banik,Kabir Banik
1728,53806,31174,Vidhi Mitter,Vidhi Mitter
278,53810,31176,Manbir Bobal,Manbir Bobal
1306,53811,31177,Dalbir Nanda,Dalbir Nanda
371,53813,31179,Ranveer Sahni,Ranveer Sahni
175,53814,31180,N. Parmar,Nachiket Parmar
60,53817,31182,A Lala,Atharv Lala
1728,53820,31185,Vidhi Mitter,Vidhi Mitter
818,53821,31186,C. More,Chatresh More
1487,53822,31186,Ronit Bhardwaj,Ronith Bhardwaj
168,53826,31188,Y Din,Yachana Din
1769,53829,31189,Chandran Mangat,Chandran Mangat
1127,53832,31191,H Atwal,Hitesh Atwal
146,53835,31193,R. Sankar,Rayaan Sankar
1120,53836,31194,F. Dubey,Faras Dubey
1229,53837,31194,Ekta Master,Ekta Master
697,53838,31194,T Bhatnagar,Tarak Bhatnagar
597,53839,31194,Kabir Chad,Kabir Chad
745,53843,31197,Nihal Kakar,Nihal Kakar
278,53844,31198,M Bobal,Manbir Bobal
992,53846,31200,G Suresh,Girindra Suresh
168,53847,31201,Y Din,Yachana Din
1142,53849,31202,Hitesh Sur,Hitesh Sur
1728,53850,31203,V. Mitter,Vidhi Mitter
11,53853,31203,Isaan Baral,Ishaan Baral
1434,53856,31205,Laks Narayanan,Laksh Narayanan
436,53857,31206,Christofer Bir,Christopher Bir
3,53865,31210,W Divan,Wriddhish Divan
3,53867,31212,Wriddhis Diwan,Wriddhish Divan
525,53870,31213,Finn Balasubramanian,Finn Balasubramanian
719,53872,31214,G Chand,Gaurangi Chand
1265,53873,31214,Reyansh Butala,Reyansh Butala
1040,53875,31215,Kabir Banik,Kabir Banik
678,53879,31216,I Mittal,Ikbal Mittal
13,53880,31217,Chanakya Sidhu,Chanakya Sidhu
869,53884,31219,Anmol Acharya,Anmol Acharya
869,53887,31220,A. Acharya,Anmol Acharya
992,53894,31223,Girindra Suresh,Girindra Suresh
745,53896,31225,Nihal Kakar,Nihal Kakar
226,53899,31226,H Maharaj,Hredhaan Maharaj
970,53901,31228,Onkar Agate,Onkar Agate
1521,53905,31231,Jayraj Mukerjee,Jairaj Mukherjee
253,53909,31234,Mohammed Dar,Mohammed Dar
488,53910,31234,O. Subramaniam,Ojas Subramaniam
647,53911,31235,Faqid Narayan,Faqid Narayan
597,53914,31238,Kabir Chad,Kabir Chad
308,53916,31239,Mason Goda,Mason Goda
1737,53917,31239,Daksh Nagar,Daksh Nagar
557,53919,31240,Hemang Chad,Hemang Chad
253,53923,31243,Mohammed Dar,Mohammed Dar
63,53929,31247,G Luthra,Guneet Luthra
683,53934,31249,H Madan,Hritik Madan
371,53935,31250,Ranveer Sahni,Ranveer Sahni
647,53936,31251,F Narayan,Faqid Narayan
1229,53940,31253,Ekta Master,Ekta Master
1140,53941,31254,S. Dutt,Samuel Dutt
1728,53944,31256,V Mitter,Vidhi Mitter
1728,53949,31258,Vidhi Mitter,Vidhi Mitter
278,53952,31259,M. Bobal,Manbir Bobal
1127,53955,31262,Hitesh Atwal,Hitesh Atwal
1728,53963,31266,widhi Mitter,Vidhi Mitter
1674,53966,31266,Kamala Kakar,Kamala Kakar
1694,53967,31267,V. Jha,Vedant Jha
1270,53969,31268,J. Chada,Jairaj Chada
278,53970,31269,Manbir Bobal,Manbir Bobal
1728,53972,31271,V Mitter,Vidhi Mitter
1273,53975,31274,Ronit Prasad,Ronith Prashad
1265,53977,31275,Reyansh Butala,Reyansh Butala
1694,53980,31278,V. Jha,Vedant Jha
869,53983,31279,Anmol Acharya,Anmol Acharya
1514,53984,31279,Avi Soman,Avi Soman
898,53987,31281,Harshil Badal,Harshil Badal
1210,53988,31281,Lucky Yogi,Lucky Yogi
1229,53990,31282,E Master,Ekta Master
942,53991,31283,C Tripathi,Champak Tripathi
748,53994,31283,Aryan Raghavan,Aryan Raghavan
491,53996,31285,Haris Bobal,Harish Bobal
60,53997,31285,Atharv Lala,Atharv Lala
1142,53998,31285,Hites Sur,Hitesh Sur
719,54003,31288,Gaurangi Chand,Gaurangi Chand
942,54007,31289,Champak Tripati,Champak Tripathi
172,54010,31292,Yash Bawa,Yash Bawa
1694,54012,31293,wedant Jha,Vedant Jha
1265,54013,31294,R. Butala,Reyansh Butala
3,54017,31298,Wriddhish Divan,Wriddhish Divan
1728,54021,31301,V. Mitter,Vidhi Mitter
1127,54025,31302,H Atwal,Hitesh Atwal
869,54027,31303,Anmol Acharya,Anmol Acharya
399,54029,31304,Pranil Palla,Praneel Palla
992,54032,31306,Girindra Suresh,Girindra Suresh
1514,54035,31308,A. Soman,Avi Soman
1475,54044,31314,Q Narain,Qarin Narain
1530,54045,31314,Pushti Chaudhuri,Pushti Chaudhuri
1374,54046,31315,A Din,Ayaan Din
507,54047,31315,R. Tank,Rudra Tank
847,54049,31316,F. Pillai,Faqid Pillai
1535,54050,31316,Pawani Padmanabhan,Pavani Padmanabhan
869,54058,31320,Anmol Acharya,Anmol Acharya
253,54063,31323,Mohammed Dar,Mohammed Dar
1549,54064,31323,Michael Kurian,Michael Kurian
869,54068,31324,A. Acharya,Anmol Acharya
569,54071,31325,H. Borra,Hitesh Borra
172,54078,31329,Yas Bawa,Yash Bawa
818,54079,31330,Chatresh More,Chatresh More
1040,54083,31333,Kabir Banik,Kabir Banik
1728,54084,31334,V Mitter,Vidhi Mitter
308,54085,31335,Mason Goda,Mason Goda
1535,54088,31338,P. Padmanabhan,Pavani Padmanabhan
410,54090,31340,Neel Varghese,Neel Varghese
507,54096,31342,Rudra Tank,Rudra Tank
902,54098,31343,V. Bhargava,Vanya Bhargava
168,54099,31343,Yachana Din,Yachana Din
611,54101,31344,Krisna Basu,Krishna Basu
253,54106,31348,Mohammed Dar,Mohammed Dar
1,54108,31349,Yatin Wagle,Yatin Wagle
942,54109,31349,C Tripathi,Champak Tripathi
1099,54110,31350,J Puri,Jatin Puri
371,54117,31353,Ranvir Sahni,Ranveer Sahni
745,54119,31354,N Kakar,Nihal Kakar
1040,54129,31358,K Banik,Kabir Banik
3,54131,31360,W Divan,Wriddhish Divan
1099,54133,31361,Jatin Puri,Jatin Puri
1521,54135,31363,J. Mukherjee,Jairaj Mukherjee
1229,54138,31363,Ekta Master,Ekta Master
442,54141,31366,Gopal Johal,Gopal Johal
168,54143,31368,Yachana Din,Yachana Din
869,54144,31368,Anmol Acharya,Anmol Acharya
1269,54146,31370,Y Soman,Yutika Soman
1694,54148,31372,V. Jha,Vedant Jha
1040,54149,31372,Kabir Banik,Kabir Banik
1475,54155,31375,Qarin Narain,Qarin Narain
745,54156,31375,Nihal Kakar,Nihal Kakar
172,54157,31376,Y Bawa,Yash Bawa
1793,54159,31377,wincent Kaul,Vincent Kaul
525,54160,31377,Finn Balasubramanian,Finn Balasubramanian
719,54162,31377,Gaurangi Chand,Gaurangi Chand
1099,54164,31379,Jatin Puri,Jatin Puri
1398,54169,31383,M. Balay,Madhav Balay
507,54170,31383,Rudra Tank,Rudra Tank
1265,54174,31387,Reyansh Butala,Reyansh Butala
1647,54177,31389,Chakradev Jhaveri,Chakradev Jhaveri
1229,54179,31389,Ekta Master,Ekta Master
226,54183,31392,H. Maharaj,Hredhaan Maharaj
168,54184,31393,Y. Din,Yachana Din
1040,54186,31393,Kabir Banik,Kabir Banik
557,54188,31395,H. Chad,Hemang Chad
399,54193,31399,Praneel Palla,Praneel Palla
140,54196,31400,Mitesh Radhakrishnan,Mitesh Radhakrishnan
774,54197,31401,U Behl,Urvashi Behl
683,54200,31404,H Madan,Hritik Madan
226,54207,31409,H. Maharaj,Hredhaan Maharaj
1099,54208,31409,Jatin Puri,Jatin Puri
902,54212,31412,V Bhargava,Vanya Bhargava
127,54213,31412,R Chaudhari,Rushil Chaudhari
1614,54214,31413,K. Ravi,Krishna Ravi
1140,54220,31415,Samuel Dutt,Samuel Dutt
1769,54222,31416,Chandran Mangat,Chandran Mangat
748,54223,31417,A Raghavan,Aryan Raghavan
1229,54224,31418,Ekta Master,Ekta Master
1647,54229,31422,C Jhaveri,Chakradev Jhaveri
1614,54231,31423,Krishna Ravi,Krishna Ravi
1489,54234,31424,A. Gola,Advay Gola
399,54236,31426,Praneel Palla,Praneel Palla
569,54237,31426,H. Borra,Hitesh Borra
557,54238,31426,H. Chad,Hemang Chad
942,54239,31426,C. Tripathi,Champak Tripathi
525,54240,31427,Finn Balasubramanian,Finn Balasubramanian
168,54241,31428,Yachana Din,Yachana Din
1475,54245,31430,Qarin Narain,Qarin Narain
172,54246,31431,Y Bawa,Yash Bawa
436,54247,31431,C Bir,Christopher Bir
436,54248,31432,C Bir,Christopher Bir
1124,54249,31432,G D’Alia,Gopal D’Alia
1229,54252,31434,Ekta Master,Ekta Master
399,54254,31435,Pranil Palla,Praneel Palla
1229,54262,31440,E. Master,Ekta Master
1793,54263,31440,V. Kaul,Vincent Kaul
597,54265,31441,K. Chad,Kabir Chad
1558,54266,31442,Laksit Dhillon,Lakshit Dhillon
1127,54267,31443,Hitesh Atwal,Hitesh Atwal
829,54268,31444,Chatura Ben,Chatura Ben
1694,54269,31445,wedant Jha,Vedant Jha
569,54276,31451,Hitesh Borra,Hitesh Borra
902,54283,31453,V. Bhargava,Vanya Bhargava
1522,54285,31454,Aarush Mukhopadhyay,Aarush Mukhopadhyay
507,54288,31456,Rudra Tank,Rudra Tank
1546,54296,31460,Advik Soni,Advik Soni
1099,54301,31462,J Puri,Jatin Puri
867,54304,31463,Jatin Shanker,Jatin Shanker
818,54305,31464,Chatresh More,Chatresh More
748,54306,31465,Aryan Raghawan,Aryan Raghavan
1475,54308,31466,Q. Narain,Qarin Narain
1521,54310,31468,J Mukherjee,Jairaj Mukherjee
507,54313,31470,Rudra Tank,Rudra Tank
1647,54314,31471,C Jhaveri,Chakradev Jhaveri
1040,54315,31471,Kabir Banik,Kabir Banik
818,54317,31473,Chatres More,Chatresh More
569,54320,31475,H. Borra,Hitesh Borra
991,54325,31478,Y. Lalla,Yuvraj Lalla
308,54330,31482,M. Goda,Mason Goda
74,54334,31483,J Sinha,Jackson Sinha
1373,54336,31485,Gunit Mittal,Guneet Mittal
226,54341,31489,Hredhaan Maharaj,Hredhaan Maharaj
1040,54343,31490,K. Banik,Kabir Banik
1535,54344,31491,P Padmanabhan,Pavani Padmanabhan
683,54346,31493,H. Madan,Hritik Madan
1769,54352,31497,C. Mangat,Chandran Mangat
1040,54353,31497,K. Banik,Kabir Banik
1793,54357,31498,V Kaul,Vincent Kaul
371,54360,31500,R. Sahni,Ranveer Sahni
1127,54361,31501,H. Atwal,Hitesh Atwal
1099,54362,31502,J. Puri,Jatin Puri
597,54366,31503,Kabir Chad,Kabir Chad
371,54368,31504,R Sahni,Ranveer Sahni
1455,54369,31505,B Batra,Bhavani Batra
1728,54372,31507,Vidhi Mitter,Vidhi Mitter
818,54374,31509,C. More,Chatresh More
385,54378,31511,Christopher De,Christopher De
1647,54379,31512,Chakradew Jhaweri,Chakradev Jhaveri
1647,54380,31512,Chakradev Jhaveri,Chakradev Jhaveri
253,54385,31514,M Dar,Mohammed Dar
1142,54386,31514,Hitesh Sur,Hitesh Sur
1475,54387,31515,Q. Narain,Qarin Narain
748,54388,31516,Aryan Raghawan,Aryan Raghavan
1099,54389,31516,J Puri,Jatin Puri
942,54390,31516,Champak Tripati,Champak Tripathi
818,54391,31516,Chatresh More,Chatresh More
563,54393,31517,Charles Bhatti,Charles Bhatti
819,54395,31518,G Chhabra,Gagan Chhabra
1142,54401,31520,H. Sur,Hitesh Sur
442,54402,31521,G Johal,Gopal Johal
1265,54404,31522,R. Butala,Reyansh Butala
1099,54410,31523,Jatin Puri,Jatin Puri
371,54411,31524,R Sahni,Ranveer Sahni
1521,54412,31525,J Mukherjee,Jairaj Mukherjee
843,54414,31526,Owen Sem,Owen Sem
442,54416,31526,Gopal Johal,Gopal Johal
226,54417,31527,Hredhaan Maharaj,Hredhaan Maharaj
1120,54418,31528,F Dubey,Faras Dubey
525,54419,31529,Finn Balasubramanian,Finn Balasubramanian
970,54427,31533,Onkar Agate,Onkar Agate
1140,54432,31536,Samuel Dutt,Samuel Dutt
442,54434,31537,Gopal Johal,Gopal Johal
1462,54436,31539,Chakrika Bali,Chakrika Bali
13,54440,31541,C. Sidhu,Chanakya Sidhu
1229,54442,31542,Ekta Master,Ekta Master
1514,54443,31543,Awi Soman,Avi Soman
1169,54444,31544,A. Bansal,Atharv Bansal
3,54445,31545,W Divan,Wriddhish Divan
902,54446,31546,Vanya Bhargava,Vanya Bhargava
491,54450,31550,Harish Bobal,Harish Bobal
1263,54454,31553,N Narang,Nachiket Narang
1306,54461,31556,Dalbir Nanda,Dalbir Nanda
1131,54465,31557,Jai Sethi,Jai Sethi
1306,54466,31557,D. Nanda,Dalbir Nanda
13,54470,31560,Chanakya Sidhu,Chanakya Sidhu
9,54472,31561,Isaiah Raj,Isaiah Raj
278,54473,31562,Manbir Bobal,Manbir Bobal
683,54478,31566,Hritik Madan,Hritik Madan
308,54479,31567,Mason Goda,Mason Goda
1647,54481,31569,Chakradew Jhaweri,Chakradev Jhaveri
902,54482,31570,V. Bhargava,Vanya Bhargava
278,54483,31570,Manbir Bobal,Manbir Bobal
1489,54488,31575,A Gola,Advay Gola
1773,54489,31576,Ekbal Barad,Ekbal Barad
1142,54491,31578,H Sur,Hitesh Sur
399,54496,31580,P Palla,Praneel Palla
226,54497,31580,H Maharaj,Hredhaan Maharaj
992,54498,31580,G. Suresh,Girindra Suresh
745,54499,31581,N. Kakar,Nihal Kakar
253,54504,31584,Mohammed Dar,Mohammed Dar
491,54508,31586,Harish Bobal,Harish Bobal
683,54511,31589,Hritik Madan,Hritik Madan
597,54514,31590,Kabir Chad,Kabir Chad
569,54516,31591,H. Borra,Hitesh Borra
1136,54521,31595,Karan Gupta,Karan Gupta
633,54523,31597,Zasil sukla,Zashil Shukla
964,54526,31597,L Mandal,Luke Mandal
507,54532,31601,Rudra Tank,Rudra Tank
809,54539,31605,Wahab Murthy,Wahab Murthy
902,54542,31606,V. Bhargava,Vanya Bhargava
1793,54543,31607,V Kaul,Vincent Kaul
13,54546,31609,Chanakya Sidhu,Chanakya Sidhu
1489,54548,31611,A. Gola,Advay Gola
1270,54552,31614,Jairaj Chada,Jairaj Chada
491,54556,31617,Haris Bobal,Harish Bobal
1040,54561,31619,Kabir Banik,Kabir Banik
557,54566,31621,Hemang Chad,Hemang Chad
1229,54567,31621,Ekta Master,Ekta Master
818,54569,31623,Chatresh More,Chatresh More
1015,54572,31623,I Kala,Ishaan Kala
1334,54573,31624,Tarak Ramanatan,Tarak Ramanathan
719,54577,31626,G. Chand,Gaurangi Chand
1099,54579,31628,Jatin Puri,Jatin Puri
1535,54580,31629,Pavani Padmanabhan,Pavani Padmanabhan
1793,54582,31631,Vincent Kaul,Vincent Kaul
1273,54585,31634,Ronith Prashad,Ronith Prashad
1273,54589,31636,R Prashad,Ronith Prashad
525,54596,31639,F. Balasubramanian,Finn Balasubramanian
507,54599,31641,R. Tank,Rudra Tank
1127,54601,31643,H. Atwal,Hitesh Atwal
1454,54602,31644,E Mann,Ekansh Mann
1793,54603,31645,Vincent Kaul,Vincent Kaul
226,54604,31646,Hredhaan Maharaj,Hredhaan Maharaj
525,54605,31647,F. Balasubramanian,Finn Balasubramanian
1142,54607,31647,Hitesh Sur,Hitesh Sur
825,54608,31648,Gawin Konda,Gavin Konda
1229,54614,31654,E. Master,Ekta Master
867,54616,31654,Jatin Shanker,Jatin Shanker
1535,54617,31654,Pawani Padmanabhan,Pavani Padmanabhan
1040,54620,31657,K. Banik,Kabir Banik
1142,54621,31658,H Sur,Hitesh Sur
1273,54622,31659,Ronith Prashad,Ronith Prashad
1117,54623,31660,A. Grewal,Aryan Grewal
569,54624,31661,Hitesh Borra,Hitesh Borra
1323,54626,31662,Logan Misra,Logan Misra
647,54628,31664,Faqid Narayan,Faqid Narayan
1026,54631,31666,Tanis Lata,Tanish Lata
667,54633,31667,Dew Bat,Dev Bath
1514,54634,31667,A Soman,Avi Soman
1210,54639,31671,L. Yogi,Lucky Yogi
278,54640,31671,M Bobal,Manbir Bobal
1586,54641,31671,Yasvi warkey,Yashvi Varkey
436,54642,31672,Christofer Bir,Christopher Bir
869,54644,31672,A Acharya,Anmol Acharya
1142,54647,31674,H Sur,Hitesh Sur
215,54654,31680,Warinder Triwedi,Warinder Trivedi
278,54656,31680,M. Bobal,Manbir Bobal
992,54662,31683,G. Suresh,Girindra Suresh
1769,54664,31685,C Mangat,Chandran Mangat
525,54665,31686,Finn Balasubramanian,Finn Balasubramanian
1790,54667,31688,Jit Sate,Jeet Sathe
1489,54670,31689,Adway Gola,Advay Gola
16,54671,31690,Zashil Sem,Zashil Sem
371,54673,31692,Ranvir Sahni,Ranveer Sahni
1475,54678,31694,Q Narain,Qarin Narain
399,54679,31695,P Palla,Praneel Palla
748,54680,31696,Aryan Raghawan,Aryan Raghavan
1489,54683,31697,Advay Gola,Advay Gola
745,54684,31698,N Kakar,Nihal Kakar
902,54685,31699,Vanya Bhargava,Vanya Bhargava
1728,54698,31710,widhi Mitter,Vidhi Mitter
442,54702,31712,Gopal Johal,Gopal Johal
1738,54703,31712,Aadi Ahuja,Aadi Ahuja
1127,54705,31713,H Atwal,Hitesh Atwal
867,54707,31715,Jatin Shanker,Jatin Shanker
168,54708,31715,Y Din,Yachana Din
1099,54709,31715,J Puri,Jatin Puri
3,54710,31716,W. Divan,Wriddhish Divan
1614,54711,31717,Krisna Rawi,Krishna Ravi
1127,54712,31718,Hites Atwal,Hitesh Atwal
1127,54714,31718,Hitesh Atwal,Hitesh Atwal
597,54715,31718,Kabir Chad,Kabir Chad
1495,54723,31722,Maanas Mannan,Maanas Mannan
1138,54725,31723,R. Master,Ranbir Master
278,54726,31724,M. Bobal,Manbir Bobal
1372,54730,31727,Mohammed Dugal,Mohammed Dugal
1525,54732,31728,Quincy Shere,Quincy Shere
597,54735,31729,Kabir Chad,Kabir Chad
13,54738,31731,C. Sidhu,Chanakya Sidhu
1127,54742,31732,Hitesh Atwal,Hitesh Atwal
436,54748,31735,Christopher Bir,Christopher Bir
970,54751,31736,O. Agate,Onkar Agate
683,54755,31738,Hritik Madan,Hritik Madan
1099,54756,31738,Jatin Puri,Jatin Puri
278,54757,31739,Manbir Bobal,Manbir Bobal
308,54758,31739,Mason Goda,Mason Goda
867,54759,31739,Jatin sanker,Jatin Shanker
172,54763,31741,Yash Bawa,Yash Bawa
867,54765,31743,J. Shanker,Jatin Shanker
1475,54766,31744,Q Narain,Qarin Narain
1178,54768,31745,Ikbal Barad,Ikbal Barad
507,54774,31748,R Tank,Rudra Tank
13,54777,31749,Chanakya Sidhu,Chanakya Sidhu
219,54778,31749,Shivansh Swaminathan,Shivansh Swaminathan
1647,54779,31750,Chakradev Jhaveri,Chakradev Jhaveri
970,54782,31752,O. Agate,Onkar Agate
442,54785,31754,Gopal Johal,Gopal Johal
438,54786,31754,A. Chada,Alexander Chada
1005,54797,31760,Ikshita Thaman,Ikshita Thaman
525,54807,31764,F. Balasubramanian,Finn Balasubramanian
867,54809,31766,Jatin Shanker,Jatin Shanker
507,54811,31768,Rudra Tank,Rudra Tank
869,54815,31771,Anmol Acharya,Anmol Acharya
1273,54819,31772,R. Prashad,Ronith Prashad
371,54823,31775,Ranveer Sahni,Ranveer Sahni
1514,54824,31776,A Soman,Avi Soman
867,54825,31776,Jatin Shanker,Jatin Shanker
1099,54826,31776,J. Puri,Jatin Puri
647,54827,31777,Faqid Narayan,Faqid Narayan
1229,54828,31778,Ekta Master,Ekta Master
683,54832,31779,Hritik Madan,Hritik Madan
12,54833,31780,Laksit Issac,Lakshit Issac
617,54836,31782,M Agarwal,Mason Agarwal
1646,54837,31783,Pooja Tandon,Pooja Tandon
1267,54840,31785,Aarus Randhawa,Aarush Randhawa
734,54845,31788,K. Sane,Kabir Sane
1402,54848,31789,Aaraw Bansal,Aarav Bansal
1395,54853,31794,H. Borah,Hardik Borah
919,54855,31794,T. Gade,Tara Gade
816,54857,31796,Kabir Anand,Kabir Anand
279,54860,31797,I Mane,Indali Mane
1459,54861,31798,G Om,Gavin Om
1227,54862,31798,A Andra,Amol Andra
180,54863,31799,Wriddhish Rege,Wriddhish Rege
1460,54866,31801,Udarsh Randhawa,Udarsh Randhawa
1505,54868,31801,A. Din,Aahana Din
1104,54869,31802,Y Ray,Yauvani Ray
1648,54870,31803,Praneel Mitter,Praneel Mitter
12,54871,31803,L. Issac,Lakshit Issac
563,54873,31804,Charles Bhatti,Charles Bhatti
1161,54874,31805,Joshua Dasgupta,Joshua Dasgupta
1648,54875,31805,P. Mitter,Praneel Mitter
1687,54878,31808,J Thaker,Janaki Thaker
1104,54884,31812,Yauvani Ray,Yauvani Ray
264,54886,31814,G. Aurora,Guneet Aurora
1644,54890,31816,Wyatt Kumer,Wyatt Kumer
12,54891,31816,Laksit Issac,Lakshit Issac
916,54892,31817,Akshay Sridhar,Akshay Sridhar
1788,54895,31819,Krish Peri,Krish Peri
142,54896,31819,C. Purohit,Chanakya Purohit
584,54897,31820,Hars takur,Harsh Thakur
581,54898,31821,Ronith Sridhar,Ronith Sridhar
479,54902,31823,Jonathan Kapur,Jonathan Kapur
154,54903,31824,Kasish Agrawal,Kashish Agrawal
581,54907,31826,R Sridhar,Ronith Sridhar
916,54908,31826,A Sridhar,Akshay Sridhar
12,54909,31827,L Issac,Lakshit Issac
23,54911,31829,Jit Chanda,Jeet Chanda
350,54914,31831,Y. Bhalla,Yuvraj Bhalla
154,54916,31832,K Agrawal,Kashish Agrawal
1682,54917,31832,C Das,Caleb Das
534,54918,31833,Ekaraj Lal,Ekaraj Lal
1472,54919,31834,Vidhi Ratti,Vidhi Ratti
985,54924,31838,R Venkatesh,Rehaan Venkatesh
154,54927,31838,Kashish Agrawal,Kashish Agrawal
1484,54930,31841,F. Balakrishnan,Faris Balakrishnan
133,54933,31843,A. Sood,Advay Sood
727,54934,31844,Ekavir Varma,Ekavir Varma
335,54944,31851,O Mane,Omkaar Mane
174,54946,31852,C Dubey,Chanakya Dubey
534,54948,31853,Ekaraj Lal,Ekaraj Lal
1268,54949,31854,F Jani,Faras Jani
1648,54953,31857,Pranil Mitter,Praneel Mitter
563,54954,31858,C Bhatti,Charles Bhatti
687,54955,31859,Aayush Pal,Aayush Pal
86,54957,31860,Aarav Deshmukh,Aarav Deshmukh
1765,54962,31862,Y. Memon,Yatin Memon
354,54963,31862,Mites Dutta,Mitesh Dutta
1568,54965,31863,Anirudh Apte,Anirudh Apte
816,54968,31866,Kabir Anand,Kabir Anand
491,54969,31867,H. Bobal,Harish Bobal
1648,54972,31869,Praneel Mitter,Praneel Mitter
651,54975,31871,G Venkataraman,Gunbir Venkataraman
23,54979,31872,Jit Chanda,Jeet Chanda
264,54982,31874,Gunit Aurora,Guneet Aurora
449,54986,31876,Oliver Desai,Oliver Desai
380,54988,31876,G Dugar,Gaurav Dugar
1527,55000,31883,saurya Kir,Shaurya Keer
316,55002,31885,Yasti Bhardwaj,Yasti Bhardwaj
138,55003,31885,C. Contractor,Chakradhar Contractor
1460,55004,31886,Udarsh Randhawa,Udarsh Randhawa
1267,55010,31889,Aarus Randhawa,Aarush Randhawa
108,55013,31891,Pratyus ummen,Pratyush Oommen
1484,55014,31892,F. Balakrishnan,Faris Balakrishnan
1551,55015,31892,Jit Kohli,Jeet Kohli
1460,55018,31894,U. Randhawa,Udarsh Randhawa
154,55019,31895,Kashish Agrawal,Kashish Agrawal
1268,55020,31896,F Jani,Faras Jani
107,55024,31897,D Sekhon,Daksha Sekhon
534,55026,31898,Ekaraj Lal,Ekaraj Lal
180,55028,31900,Wriddhish Rege,Wriddhish Rege
613,55029,31901,Harini Shere,Harini Shere
727,55033,31902,E Varma,Ekavir Varma
534,55034,31903,E Lal,Ekaraj Lal
1505,55036,31905,A. Din,Aahana Din
1216,55038,31905,V. Seshadri,Vincent Seshadri
246,55039,31906,Aarush Shenoy,Aarush Shenoy
919,55043,31908,Tara Gade,Tara Gade
1472,55047,31909,widhi Ratti,Vidhi Ratti
1472,55049,31910,Vidhi Ratti,Vidhi Ratti
1682,55050,31911,Caleb Das,Caleb Das
919,55051,31912,T. Gade,Tara Gade
1463,55053,31913,J Sur,Januja Sur
350,55060,31916,Y Bhalla,Yuvraj Bhalla
476,55061,31916,N. Mutti,Nathaniel Mutti
354,55067,31920,Mitesh Dutta,Mitesh Dutta
1395,55070,31921,H Borah,Hardik Borah
1161,55072,31923,Joshua Dasgupta,Joshua Dasgupta
1283,55073,31923,A Majumdar,Abhiram Majumdar
1472,55074,31923,Vidhi Ratti,Vidhi Ratti
1682,55082,31929,Caleb Das,Caleb Das
23,55083,31930,Jeet Chanda,Jeet Chanda
148,55088,31932,E Baria,Ekalinga Baria
264,55090,31933,G Aurora,Guneet Aurora
449,55091,31934,Oliver Desai,Oliver Desai
1161,55095,31935,J Dasgupta,Joshua Dasgupta
1638,55100,31939,V. Purohit,Vihaan Purohit
174,55103,31942,C. Dubey,Chanakya Dubey
86,55107,31944,A Deshmukh,Aarav Deshmukh
1104,55108,31945,Y Ray,Yauvani Ray
1307,55110,31946,I. Parekh,Isaac Parekh
1161,55112,31947,Joshua Dasgupta,Joshua Dasgupta
645,55113,31948,Sai Keer,Sai Keer
86,55116,31949,Aarav Deshmukh,Aarav Deshmukh
1158,55119,31951,Dominic Banerjee,Dominic Banerjee
1161,55120,31951,J Dasgupta,Joshua Dasgupta
1162,55130,31959,Ekbal Balan,Ekbal Balan
180,55139,31964,W. Rege,Wriddhish Rege
577,55140,31965,Samuel Deo,Samuel Deo
985,55144,31969,R. Venkatesh,Rehaan Venkatesh
1724,55152,31973,Z Virk,Zayyan Virk
246,55155,31974,A. Shenoy,Aarush Shenoy
180,55158,31976,Wriddhis Rege,Wriddhish Rege
816,55159,31976,K Anand,Kabir Anand
581,55160,31976,R Sridhar,Ronith Sridhar
895,55161,31977,F Raj,Faras Raj
354,55165,31980,M Dutta,Mitesh Dutta
985,55166,31981,R. Venkatesh,Rehaan Venkatesh
1268,55169,31983,Faras Jani,Faras Jani
1484,55170,31984,Faris Balakrishnan,Faris Balakrishnan
354,55174,31988,Mitesh Dutta,Mitesh Dutta
645,55175,31988,Say Kir,Sai Keer
1227,55176,31989,A Andra,Amol Andra
985,55182,31992,Rehaan Venkates,Rehaan Venkatesh
765,55184,31994,B. Mane,Balveer Mane
133,55185,31995,Adway Sud,Advay Sood
1551,55188,31997,Jit Kohli,Jeet Kohli
246,55191,31999,A Shenoy,Aarush Shenoy
1626,55192,31999,Atharv Sangha,Atharv Sangha
108,55194,32000,Pratyus ummen,Pratyush Oommen
449,55195,32000,O Desai,Oliver Desai
154,55197,32002,Kashish Agrawal,Kashish Agrawal
1348,55202,32005,Tarak Sha,Tarak Sha
1460,55205,32008,Udars Randhawa,Udarsh Randhawa
316,55208,32011,Y Bhardwaj,Yasti Bhardwaj
1348,55214,32014,Tarak sa,Tarak Sha
154,55216,32015,Kashish Agrawal,Kashish Agrawal
645,55217,32015,S Keer,Sai Keer
133,55219,32016,A Sood,Advay Sood
1034,55224,32018,Ikbal Goyal,Ikbal Goyal
380,55225,32018,Gaurav Dugar,Gaurav Dugar
1198,55228,32021,S. Kaul,Saksham Kaul
133,55230,32022,A. Sood,Advay Sood
380,55239,32025,Gauraw Dugar,Gaurav Dugar
174,55243,32029,C Dubey,Chanakya Dubey
757,55251,32033,Hites Kurian,Hitesh Kurian
1507,55253,32034,P Yadav,Parth Yadav
1283,55254,32035,A Majumdar,Abhiram Majumdar
350,55255,32036,Yuwraj Bhalla,Yuvraj Bhalla
1507,55260,32041,Parth Yadav,Parth Yadav
141,55261,32041,Raagini Walia,Raagini Walia
1648,55262,32041,P. Mitter,Praneel Mitter
816,55263,32041,K Anand,Kabir Anand
316,55264,32042,Y. Bhardwaj,Yasti Bhardwaj
534,55267,32044,Ekaraj Lal,Ekaraj Lal
1268,55270,32047,Faras Jani,Faras Jani
727,55272,32048,E. Varma,Ekavir Varma
1002,55277,32050,Wriddhish Barman,Wriddhish Barman
902,55278,32050,V Bhargava,Vanya Bhargava
146,55281,32052,Rayaan Sankar,Rayaan Sankar
180,55283,32052,Wriddhis Rege,Wriddhish Rege
479,55284,32053,J Kapur,Jonathan Kapur
117,55287,32054,Abhiram Prakash,Abhiram Prakash
1034,55288,32054,Ikbal Goyal,Ikbal Goyal
401,55290,32056,Samar Memon,Samar Memon
1267,55297,32061,A Randhawa,Aarush Randhawa
316,55302,32063,Yasti Bhardwaj,Yasti Bhardwaj
654,55303,32064,Wyatt Sekhon,Wyatt Sekhon
563,55306,32067,C Bhatti,Charles Bhatti
246,55307,32067,A. Shenoy,Aarush Shenoy
133,55310,32068,Adway Sud,Advay Sood
1395,55312,32069,Hardik Borah,Hardik Borah
1688,55317,32071,R. Oommen,Ranbir Oommen
563,55323,32075,Charles Bhatti,Charles Bhatti
133,55324,32076,A Sood,Advay Sood
1788,55330,32080,K. Peri,Krish Peri
117,55331,32080,Abhiram Prakash,Abhiram Prakash
1788,55335,32081,K Peri,Krish Peri
757,55337,32082,H Kurian,Hitesh Kurian
1262,55344,32088,T. Ghose,Theodore Ghose
226,55347,32089,H Maharaj,Hredhaan Maharaj
316,55348,32089,Yasti Bhardwaj,Yasti Bhardwaj
1648,55350,32090,P. Mitter,Praneel Mitter
1395,55351,32091,H Borah,Hardik Borah
1478,55352,32091,Caleb Chaudry,Caleb Chaudry
1551,55355,32093,Jit Kohli,Jeet Kohli
1484,55357,32094,F. Balakrishnan,Faris Balakrishnan
1478,55358,32094,Caleb Chaudry,Caleb Chaudry
354,55361,32096,Mitesh Dutta,Mitesh Dutta
613,55363,32097,H Shere,Harini Shere
1505,55364,32098,A Din,Aahana Din
180,55365,32099,W Rege,Wriddhish Rege
1127,55368,32102,Hitesh Atwal,Hitesh Atwal
1295,55371,32102,L. Tata,Laban Tata
197,55372,32103,Akshay Pillai,Akshay Pillai
1348,55375,32105,Tarak sa,Tarak Sha
1487,55376,32106,Ronith Bhardwaj,Ronith Bhardwaj
757,55377,32107,H Kurian,Hitesh Kurian
727,55379,32107,Ekavir Varma,Ekavir Varma
1222,55382,32108,T Som,Tanay Som
23,55383,32109,Jeet Chanda,Jeet Chanda
1788,55385,32110,Krish Peri,Krish Peri
1478,55388,32112,C Chaudry,Caleb Chaudry
1486,55390,32114,A Chhabra,Aarnav Chhabra
350,55393,32115,Yuvraj Bhalla,Yuvraj Bhalla
1034,55397,32118,I. Goyal,Ikbal Goyal
1158,55399,32119,Dominic Banerjee,Dominic Banerjee
2,55406,32122,D Mittal,Devansh Mittal
916,55407,32122,Aksay Sridhar,Akshay Sridhar
581,55408,32123,R. Sridhar,Ronith Sridhar
757,55409,32123,Hites Kurian,Hitesh Kurian
1395,55411,32124,Hardik Borah,Hardik Borah
133,55412,32125,Adway Sud,Advay Sood
577,55413,32126,Samuel Deo,Samuel Deo
1484,55416,32128,F. Balakrishnan,Faris Balakrishnan
1216,55417,32129,Vincent Seshadri,Vincent Seshadri
581,55418,32130,R. Sridhar,Ronith Sridhar
37,55421,32131,L. Bobal,Logan Bobal
645,55426,32135,S Keer,Sai Keer
12,55429,32138,Laksit Issac,Lakshit Issac
449,55431,32139,O. Desai,Oliver Desai
1472,55434,32141,V Ratti,Vidhi Ratti
264,55441,32145,G Aurora,Guneet Aurora
816,55443,32146,K. Anand,Kabir Anand
534,55444,32147,E Lal,Ekaraj Lal
776,55446,32147,Lakshit Kanda,Lakshit Kanda
23,55447,32148,Jeet Chanda,Jeet Chanda
1551,55449,32149,Jit Kohli,Jeet Kohli
727,55451,32149,Ekavir Varma,Ekavir Varma
1682,55452,32150,C. Das,Caleb Das
1460,55454,32152,U. Randhawa,Udarsh Randhawa
577,55456,32154,S. Deo,Samuel Deo
1647,55458,32155,C Jhaveri,Chakradev Jhaveri
1551,55462,32157,Jeet Kohli,Jeet Kohli
1267,55463,32157,A Randhawa,Aarush Randhawa
1283,55467,32159,A. Majumdar,Abhiram Majumdar
316,55469,32160,Yasti Bhardwaj,Yasti Bhardwaj
1682,55473,32163,C Das,Caleb Das
96,55474,32164,Rehaan Din,Rehaan Din
23,55479,32165,J Chanda,Jeet Chanda
1460,55484,32168,U. Randhawa,Udarsh Randhawa
1158,55487,32170,Dominic Banerjee,Dominic Banerjee
180,55488,32171,W. Rege,Wriddhish Rege
1222,55496,32175,Tanay Som,Tanay Som
1348,55504,32181,Tarak Sha,Tarak Sha
1507,55505,32182,Parth Yadav,Parth Yadav
1682,55506,32183,C Das,Caleb Das
1478,55510,32185,Caleb Chaudry,Caleb Chaudry
757,55511,32186,Hitesh Kurian,Hitesh Kurian
350,55520,32190,Yuvraj Bhalla,Yuvraj Bhalla
1348,55522,32191,Tarak Sha,Tarak Sha
1694,55526,32193,V Jha,Vedant Jha
148,55528,32194,E. Baria,Ekalinga Baria
154,55529,32195,Kashish Agrawal,Kashish Agrawal
1487,55534,32198,Ronith Bhardwaj,Ronith Bhardwaj
891,55535,32198,Pranit Choudhury,Pranit Choudhury
180,55539,32200,W Rege,Wriddhish Rege
264,55540,32200,Guneet Aurora,Guneet Aurora
727,55542,32202,E. Varma,Ekavir Varma
916,55544,32204,Akshay Sridhar,Akshay Sridhar
1079,55549,32206,Caleb Chaudhary,Caleb Chaudhary
1393,55551,32206,G Solanki,Girish Solanki
1227,55552,32206,Amol Andra,Amol Andra
148,55553,32207,E. Baria,Ekalinga Baria
141,55556,32208,Raagini Walia,Raagini Walia
100,55564,32215,Avi Rau,Avi Rau
1788,55568,32217,Krish Peri,Krish Peri
479,55569,32217,Jonathan Kapur,Jonathan Kapur
174,55572,32219,C. Dubey,Chanakya Dubey
1788,55573,32219,Krish Peri,Krish Peri
1079,55585,32224,Caleb Chaudhary,Caleb Chaudhary
727,55586,32224,Ekavir Varma,Ekavir Varma
1002,55587,32225,Wriddhis Barman,Wriddhish Barman
727,55588,32226,Ekavir Varma,Ekavir Varma
919,55589,32226,T Gade,Tara Gade
133,55590,32227,Advay Sood,Advay Sood
1123,55592,32228,K Dhawan,Krish Dhawan
117,55595,32229,Abhiram Prakas,Abhiram Prakash
2,55596,32229,Devansh Mittal,Devansh Mittal
985,55607,32236,Rehaan Venkates,Rehaan Venkatesh
1397,55609,32236,M. Sekhon,Manan Sekhon
304,55611,32237,Balendra Comar,Balendra Comar
1687,55612,32237,J Thaker,Janaki Thaker
1034,55617,32240,Ikbal Goyal,Ikbal Goyal
108,55619,32241,P. Oommen,Pratyush Oommen
154,55621,32242,Kasish Agrawal,Kashish Agrawal
339,55622,32243,Xalak Shukla,Xalak Shukla
1682,55624,32243,C Das,Caleb Das
246,55625,32244,Aarush Shenoy,Aarush Shenoy
479,55626,32244,Jonathan Kapur,Jonathan Kapur
1348,55628,32246,Tarak Sha,Tarak Sha
1460,55629,32247,Udarsh Randhawa,Udarsh Randhawa
563,55636,32249,Charles Bhatti,Charles Bhatti
253,55638,32251,M. Dar,Mohammed Dar
1222,55641,32253,T. Som,Tanay Som
1141,55646,32258,L. Balay,Lakshit Balay
581,55647,32258,Ronith Sridhar,Ronith Sridhar
133,55649,32259,Adway Sud,Advay Sood
1463,55650,32259,J. Sur,Januja Sur
645,55657,32263,S Keer,Sai Keer
1104,55659,32264,Yauwani Ray,Yauvani Ray
862,55666,32268,Anay Sani,Anay Sani
195,55667,32269,Abhimanyu Cherian,Abhimanyu Cherian
919,55668,32269,Tara Gade,Tara Gade
350,55670,32270,Y. Bhalla,Yuvraj Bhalla
1402,55671,32271,Aaraw Bansal,Aarav Bansal
1487,55680,32277,Ronith Bhardwaj,Ronith Bhardwaj
180,55683,32279,W. Rege,Wriddhish Rege
138,55686,32281,Chakradhar Contractor,Chakradhar Contractor
1732,55692,32284,R Bhatti,Rehaan Bhatti
154,55696,32285,K. Agrawal,Kashish Agrawal
1687,55697,32285,Janaki Thaker,Janaki Thaker
1267,55699,32286,Aarush Randhawa,Aarush Randhawa
816,55701,32287,Kabir Anand,Kabir Anand
246,55703,32287,A. Shenoy,Aarush Shenoy
581,55714,32293,R. Sridhar,Ronith Sridhar
117,55716,32294,Abhiram Prakash,Abhiram Prakash
1002,55717,32294,Wriddhish Barman,Wriddhish Barman
126,55718,32295,Chanakya Gopal,Chanakya Gopal
1507,55722,32299,Parth Yadav,Parth Yadav
1222,55724,32299,T Som,Tanay Som
23,55725,32300,Jeet Chanda,Jeet Chanda
1682,55726,32300,C. Das,Caleb Das
1222,55733,32304,Tanay Som,Tanay Som
1402,55748,32312,Aarav Bansal,Aarav Bansal
1687,55751,32314,J. Thaker,Janaki Thaker
563,55754,32316,Charles Bhatti,Charles Bhatti
86,55757,32317,A Deshmukh,Aarav Deshmukh
1682,55758,32318,Caleb Das,Caleb Das
479,55763,32322,Jonatan Kapur,Jonathan Kapur
919,55764,32323,T Gade,Tara Gade
985,55767,32325,R Venkatesh,Rehaan Venkatesh
1283,55769,32325,Abhiram Majumdar,Abhiram Majumdar
1682,55774,32328,C Das,Caleb Das
816,55777,32331,Kabir Anand,Kabir Anand
138,55788,32336,Chakradhar Contractor,Chakradhar Contractor
12,55791,32337,L Issac,Lakshit Issac
613,55792,32337,H Shere,Harini Shere
1484,55796,32339,F. Balakrishnan,Faris Balakrishnan
1463,55800,32341,J. Sur,Januja Sur
816,55805,32343,Kabir Anand,Kabir Anand
1155,55807,32344,A. Patel,Aarav Patel
645,55808,32345,Sai Keer,Sai Keer
1273,55809,32346,R Prashad,Ronith Prashad
534,55810,32346,Ekaraj Lal,Ekaraj Lal
1034,55813,32348,Ikbal Goyal,Ikbal Goyal
1463,55815,32349,J Sur,Januja Sur
449,55818,32350,O Desai,Oliver Desai
1283,55820,32351,Abhiram Majumdar,Abhiram Majumdar
757,55821,32352,H Kurian,Hitesh Kurian
916,55831,32358,A. Sridhar,Akshay Sridhar
757,55834,32360,Hitesh Kurian,Hitesh Kurian
37,55839,32362,Logan Bobal,Logan Bobal
1687,55841,32363,Janaki taker,Janaki Thaker
37,55842,32364,L Bobal,Logan Bobal
476,55844,32365,N Mutti,Nathaniel Mutti
277,55849,32370,Hredhaan Pradhan,Hredhaan Pradhan
757,55855,32372,Hitesh Kurian,Hitesh Kurian
148,55856,32372,Ekalinga Baria,Ekalinga Baria
577,55858,32373,Samuel Deo,Samuel Deo
1216,55860,32374,Vincent Seshadri,Vincent Seshadri
108,55862,32375,P. Oommen,Pratyush Oommen
148,55864,32376,Ekalinga Baria,Ekalinga Baria
1104,55866,32378,Yauvani Ray,Yauvani Ray
1687,55867,32378,J Thaker,Janaki Thaker
1402,55870,32379,A Bansal,Aarav Bansal
449,55873,32381,Oliver Desai,Oliver Desai
264,55875,32382,G. Aurora,Guneet Aurora
2,55877,32383,D. Mittal,Devansh Mittal
1104,55878,32384,Yauvani Ray,Yauvani Ray
138,55879,32385,C. Contractor,Chakradhar Contractor
1034,55881,32386,Ikbal Goyal,Ikbal Goyal
380,55888,32393,Gaurav Dugar,Gaurav Dugar
1478,55890,32395,Caleb Chaudry,Caleb Chaudry
1614,55893,32396,K Ravi,Krishna Ravi
1478,55895,32397,Caleb Chaudry,Caleb Chaudry
613,55900,32399,Harini Shere,Harini Shere
350,55905,32403,Yuwraj Bhalla,Yuvraj Bhalla
1002,55907,32405,W. Barman,Wriddhish Barman
264,55908,32405,G Aurora,Guneet Aurora
1478,55915,32410,Caleb Chaudry,Caleb Chaudry
919,55918,32411,Tara Gade,Tara Gade
264,55925,32414,Guneet Aurora,Guneet Aurora
972,55930,32417,Ekbal Venkataraman,Ekbal Venkataraman
264,55932,32419,G. Aurora,Guneet Aurora
55,55933,32420,A Badal,Aayush Badal
154,55934,32420,Kasish Agrawal,Kashish Agrawal
677,55936,32421,J Oommen,Jatin Oommen
954,55937,32422,Brijes Mistry,Brijesh Mistry
148,55940,32423,Ekalinga Baria,Ekalinga Baria
1158,55944,32425,D Banerjee,Dominic Banerjee
148,55945,32426,E. Baria,Ekalinga Baria
1270,55948,32427,J Chada,Jairaj Chada
449,55952,32429,Oliwer Desay,Oliver Desai
316,55954,32430,Yasti Bhardwaj,Yasti Bhardwaj
957,55955,32430,G Bawa,Gopal Bawa
613,55957,32431,Harini Shere,Harini Shere
816,55960,32434,Kabir Anand,Kabir Anand
1267,55961,32434,Aarush Randhawa,Aarush Randhawa
1348,55962,32434,Tarak Sha,Tarak Sha
403,55963,32434,P Sastry,Pavani Sastry
1395,55966,32435,Hardik Borah,Hardik Borah
1222,55968,32437,T Som,Tanay Som
180,55970,32438,Wriddhish Rege,Wriddhish Rege
1216,55971,32439,Vincent Seshadri,Vincent Seshadri
180,55972,32439,W Rege,Wriddhish Rege
581,55973,32440,Ronith Sridhar,Ronith Sridhar
86,55975,32441,Aaraw Deshmuk,Aarav Deshmukh
133,55977,32443,Adway Sud,Advay Sood
1463,55978,32444,Januja Sur,Januja Sur
108,55983,32447,P Oommen,Pratyush Oommen
133,55987,32450,Adway Sud,Advay Sood
1648,55988,32451,P Mitter,Praneel Mitter
354,55991,32453,Mitesh Dutta,Mitesh Dutta
1425,55993,32455,Nihal Balakrishnan,Nihal Balakrishnan
1316,55994,32455,Zaid Srivastava,Zaid Srivastava
1110,55997,32458,Falan Chadha,Falan Chadha
380,55998,32458,Gaurav Dugar,Gaurav Dugar
1034,55999,32458,I Goyal,Ikbal Goyal
568,56002,32459,M Raj,Maya Raj
138,56004,32461,Chakradhar Contractor,Chakradhar Contractor
955,56005,32462,Ayushman Bora,Ayushman Bora
154,56007,32464,Kashish Agrawal,Kashish Agrawal
449,56008,32464,Oliver Desai,Oliver Desai
1395,56010,32465,Hardik Borah,Hardik Borah
605,56014,32467,Nathan Bhat,Nathan Bhat
154,56020,32470,K Agrawal,Kashish Agrawal
1283,56021,32471,A. Majumdar,Abhiram Majumdar
1161,56023,32473,J. Dasgupta,Joshua Dasgupta
1648,56030,32477,P. Mitter,Praneel Mitter
141,56031,32477,R Walia,Raagini Walia
1034,56034,32479,Ikbal Goyal,Ikbal Goyal
816,56035,32480,Kabir Anand,Kabir Anand
684,56038,32481,R Cheema,Rushil Cheema
1034,56039,32482,Ikbal Goyal,Ikbal Goyal
180,56041,32483,Wriddhish Rege,Wriddhish Rege
1505,56042,32484,A. Din,Aahana Din
264,56043,32485,Guneet Aurora,Guneet Aurora
955,56048,32487,A. Bora,Ayushman Bora
527,56049,32487,Ranbir Swamy,Ranbir Swamy
1460,56052,32490,Udarsh Randhawa,Udarsh Randhawa
1478,56056,32492,Caleb Chaudry,Caleb Chaudry
1440,56057,32492,B Borde,Benjamin Borde
1216,56060,32494,Vincent Seshadri,Vincent Seshadri
1079,56061,32495,C. Chaudhary,Caleb Chaudhary
577,56062,32495,S Deo,Samuel Deo
1487,56064,32495,R Bhardwaj,Ronith Bhardwaj
86,56065,32496,Aarav Deshmukh,Aarav Deshmukh
501,56073,32499,E Balakrishnan,Ethan Balakrishnan
845,56077,32500,Jagat Rajan,Jagat Rajan
533,56078,32501,Abdul Chandran,Abdul Chandran
1161,56079,32501,Joshua Dasgupta,Joshua Dasgupta
1104,56081,32501,Yauvani Ray,Yauvani Ray
1034,56085,32505,Ikbal Goyal,Ikbal Goyal
1227,56086,32506,Amol Andra,Amol Andra
1267,56094,32512,Aarus Randhawa,Aarush Randhawa
563,56095,32513,C. Bhatti,Charles Bhatti
1104,56100,32515,Yauwani Ray,Yauvani Ray
1572,56101,32516,A. Chandra,Avi Chandra
1001,56102,32517,Mantan Sarkar,Manthan Sarkar
1463,56106,32520,J Sur,Januja Sur
104,56109,32521,I Rama,Ishwar Rama
1618,56112,32523,Aryan Bedi,Aryan Bedi
1267,56113,32524,Aarush Randhawa,Aarush Randhawa
20,56119,32528,R Ganguly,Reyansh Ganguly
1216,56120,32528,Vincent Seshadri,Vincent Seshadri
354,56125,32532,Mitesh Dutta,Mitesh Dutta
985,56126,32532,Rehaan Venkatesh,Rehaan Venkatesh
180,56131,32535,W Rege,Wriddhish Rege
1267,56134,32537,A Randhawa,Aarush Randhawa
180,56138,32540,W Rege,Wriddhish Rege
1395,56143,32544,H Borah,Hardik Borah
757,56149,32547,Hitesh Kurian,Hitesh Kurian
180,56150,32547,Wriddhish Rege,Wriddhish Rege
1648,56152,32548,Praneel Mitter,Praneel Mitter
354,56153,32549,Mites Dutta,Mitesh Dutta
1227,56155,32549,A Andra,Amol Andra
1227,56156,32550,A Andra,Amol Andra
581,56157,32550,Ronith Sridhar,Ronith Sridhar
1460,56159,32551,Udarsh Randhawa,Udarsh Randhawa
577,56160,32551,Samuel Deo,Samuel Deo
816,56162,32552,Kabir Anand,Kabir Anand
563,56165,32553,C. Bhatti,Charles Bhatti
264,56168,32555,Guneet Aurora,Guneet Aurora
2,56170,32555,Devansh Mittal,Devansh Mittal
350,56173,32557,Y Bhalla,Yuvraj Bhalla
1478,56177,32559,Caleb Chaudry,Caleb Chaudry
1200,56178,32559,Nitesh Sankar,Nitesh Sankar
1340,56179,32560,Wahab Sridhar,Wahab Sridhar
581,56182,32561,R Sridhar,Ronith Sridhar
292,56185,32564,E Karnik,Ekansh Karnik
1788,56198,32570,K Peri,Krish Peri
264,56200,32571,G Aurora,Guneet Aurora
757,56202,32572,H. Kurian,Hitesh Kurian
23,56203,32573,Jit Chanda,Jeet Chanda
380,56208,32575,Gaurav Dugar,Gaurav Dugar
534,56212,32578,Ekaraj Lal,Ekaraj Lal
449,56218,32582,O Desai,Oliver Desai
1472,56224,32585,widhi Ratti,Vidhi Ratti
1402,56232,32591,A Bansal,Aarav Bansal
1402,56234,32593,A. Bansal,Aarav Bansal
919,56235,32594,T Gade,Tara Gade
136,56239,32596,Wridesh Murty,Wridesh Murty
1268,56241,32598,F Jani,Faras Jani
916,56249,32602,A. Sridhar,Akshay Sridhar
1216,56250,32603,wincent Sesadri,Vincent Seshadri
1666,56251,32603,Ayush Lad,Ayush Lad
1788,56252,32604,K. Peri,Krish Peri
354,56257,32608,Mitesh Dutta,Mitesh Dutta
1268,56258,32609,F. Jani,Faras Jani
1268,56259,32609,Faras Jani,Faras Jani
133,56260,32609,Advay Sood,Advay Sood
86,56262,32610,Aaraw Deshmuk,Aarav Deshmukh
246,56266,32613,A Shenoy,Aarush Shenoy
1002,56268,32614,Wriddhis Barman,Wriddhish Barman
1478,56275,32617,Caleb Chaudry,Caleb Chaudry
1551,56285,32623,Jit Kohli,Jeet Kohli
1788,56288,32625,K. Peri,Krish Peri
1788,56290,32626,Kris Peri,Krish Peri
1648,56292,32627,Praneel Mitter,Praneel Mitter
534,56293,32627,E. Lal,Ekaraj Lal
1446,56294,32627,Anay Pall,Anay Pall
316,56296,32629,Yasti Bhardwaj,Yasti Bhardwaj
1788,56297,32629,Kris Peri,Krish Peri
1348,56301,32631,Tarak Sha,Tarak Sha
316,56303,32632,Yasti Bhardwaj,Yasti Bhardwaj
1460,56305,32633,U Randhawa,Udarsh Randhawa
1632,56306,32633,Darpan More,Darpan More
174,56309,32635,Chanakya Dubey,Chanakya Dubey
500,56311,32636,H Badami,Harsh Badami
1402,56317,32641,A Bansal,Aarav Bansal
479,56318,32642,Jonathan Kapur,Jonathan Kapur
581,56325,32646,R Sridhar,Ronith Sridhar
1104,56326,32647,Yauvani Ray,Yauvani Ray
1402,56327,32648,Aaraw Bansal,Aarav Bansal
467,56334,32651,Victor Ghosh,Victor Ghosh
1170,56337,32653,Barkha Nath,Barkha Nath
1158,56338,32654,Dominic Banerjee,Dominic Banerjee
1034,56339,32655,I. Goyal,Ikbal Goyal
601,56340,32655,Manan Chopra,Manan Chopra
816,56344,32658,Kabir Anand,Kabir Anand
174,56346,32659,C. Dubey,Chanakya Dubey
1460,56347,32660,U. Randhawa,Udarsh Randhawa
1222,56348,32660,T. Som,Tanay Som
892,56353,32662,Harish Bala,Harish Bala
23,56354,32663,Jit Chanda,Jeet Chanda
1079,56359,32667,C Chaudhary,Caleb Chaudhary
563,56360,32667,Charles Bhatti,Charles Bhatti
416,56362,32668,R. More,Robert More
932,56367,32670,Robert Goswami,Robert Goswami
551,56368,32670,Mason Atwal,Mason Atwal
1661,56369,32671,Harshil Kara,Harshil Kara
1045,56376,32676,Chandran Modi,Chandran Modi
1718,56379,32677,D. Minhas,Damyanti Minhas
943,56381,32678,Ans Som,Ansh Som
1661,56383,32679,Harshil Kara,Harshil Kara
1523,56388,32682,Nikita Chaudhari,Nikita Chaudhari
1405,56392,32684,Imaran Dayal,Imaran Dayal
1687,56393,32684,Janaki Thaker,Janaki Thaker
870,56395,32685,L Anne,Laksh Anne
369,56396,32686,M Kashyap,Max Kashyap
1784,56400,32688,Patrick Oza,Patrick Oza
115,56401,32689,Harrison Nanda,Harrison Nanda
857,56408,32692,X. Jhaveri,Xavier Jhaveri
1661,56410,32693,Harshil Kara,Harshil Kara
1782,56411,32694,Peter Rao,Peter Rao
338,56412,32694,Ekantika Char,Ekantika Char
862,56415,32695,Anay Sani,Anay Sani
227,56421,32700,W Dewan,Wridesh Dewan
1285,56425,32702,Kamala Bhagat,Kamala Bhagat
505,56427,32703,D Mittal,Dakshesh Mittal
73,56428,32703,J Parmer,Jeet Parmer
1637,56432,32704,P. Balakrishnan,Parth Balakrishnan
1329,56433,32705,Maanav Singh,Maanav Singh
1322,56434,32706,Jack Devi,Jack Devi
1578,56435,32707,Arjun Dara,Arjun Dara
674,56444,32712,Falan Goswami,Falan Goswami
1405,56446,32713,I. Dayal,Imaran Dayal
255,56447,32713,F Sur,Finn Sur
588,56450,32715,Charles Natarajan,Charles Natarajan
227,56451,32715,Wridesh Dewan,Wridesh Dewan
1123,56452,32716,K. Dhawan,Krish Dhawan
255,56455,32717,F Sur,Finn Sur
1321,56458,32720,A. Kanda,Advay Kanda
1252,56469,32723,C. Devan,Chandran Devan
1572,56470,32724,Avi Chandra,Avi Chandra
1782,56474,32727,Peter Rao,Peter Rao
1063,56479,32730,Faqid Raj,Faqid Raj
277,56481,32732,Hredhaan Pradhan,Hredhaan Pradhan
1247,56486,32735,Ryan Saini,Ryan Saini
1736,56487,32736,S. Das,Sarthak Das
258,56488,32736,Darsh Sule,Darsh Sule
1782,56491,32738,P Rao,Peter Rao
73,56503,32746,Jit Parmer,Jeet Parmer
960,56506,32747,Leena Kulkarni,Leena Kulkarni
1285,56508,32748,K. Bhagat,Kamala Bhagat
668,56509,32748,Yahvi Sule,Yahvi Sule
709,56510,32749,Abeer Grover,Abeer Grover
390,56515,32752,Bhavani Nayak,Bhavani Nayak
857,56519,32754,X. Jhaveri,Xavier Jhaveri
932,56522,32756,Robert Goswami,Robert Goswami
528,56524,32756,Y. Borde,Yuvraj Borde
455,56525,32757,E. Gupta,Ekansh Gupta
870,56527,32757,Laksh Anne,Laksh Anne
528,56534,32760,Yuwraj Borde,Yuvraj Borde
943,56535,32761,Ans Som,Ansh Som
1122,56539,32762,Xavier Parekh,Xavier Parekh
101,56541,32763,Elijah Lata,Elijah Lata
73,56546,32767,J. Parmer,Jeet Parmer
1260,56547,32768,Ishani Bhattacharyya,Ishani Bhattacharyya
1718,56548,32769,D Minhas,Damyanti Minhas
709,56549,32769,Abeer Grover,Abeer Grover
857,56552,32771,Xavier Jhaveri,Xavier Jhaveri
227,56559,32776,Wridesh Dewan,Wridesh Dewan
1784,56560,32776,P. Oza,Patrick Oza
1132,56561,32776,Fitan Lata,Fitan Lata
1274,56563,32777,Rachit Bava,Rachit Bava
1260,56570,32780,Ishani Bhattacharyya,Ishani Bhattacharyya
414,56572,32781,S Barman,Sudiksha Barman
1394,56573,32782,Chakradhar Bobal,Chakradhar Bobal
611,56578,32784,Krisna Basu,Krishna Basu
870,56583,32788,Laksh Anne,Laksh Anne
1017,56584,32789,T. Ganesan,Timothy Ganesan
455,56586,32791,E. Gupta,Ekansh Gupta
1661,56587,32792,Harshil Kara,Harshil Kara
255,56589,32792,Finn Sur,Finn Sur
1247,56595,32797,R. Saini,Ryan Saini
862,56598,32798,Anay Sani,Anay Sani
982,56600,32799,C Ramakrishnan,Chandran Ramakrishnan
841,56602,32801,H. Dayal,Hamsini Dayal
841,56604,32802,H Dayal,Hamsini Dayal
414,56607,32804,Sudiksha Barman,Sudiksha Barman
1784,56611,32807,P. Oza,Patrick Oza
1214,56613,32808,X Wali,Xavier Wali
1406,56617,32811,Vidhi Sehgal,Vidhi Sehgal
537,56621,32815,K. Balan,Kevin Balan
115,56624,32817,H. Nanda,Harrison Nanda
1122,56626,32818,Xavier Parekh,Xavier Parekh
781,56629,32819,Ekaja Bhakta,Ekaja Bhakta
1782,56631,32820,P Rao,Peter Rao
115,56634,32821,H. Nanda,Harrison Nanda
258,56635,32821,D Sule,Darsh Sule
1405,56640,32825,Imaran Dayal,Imaran Dayal
288,56642,32826,R. Desai,Rudra Desai
306,56652,32830,O Sunder,Ojas Sunder
1782,56655,32831,P Rao,Peter Rao
928,56658,32833,Rusil Oza,Rushil Oza
1144,56660,32834,Parth Sinha,Parth Sinha
844,56661,32834,Champak Mani,Champak Mani
1045,56666,32836,C. Modi,Chandran Modi
258,56669,32838,Dars Sule,Darsh Sule
932,56673,32842,Robert Goswami,Robert Goswami
270,56674,32843,Pratyush Rastogi,Pratyush Rastogi
1132,56677,32844,Fitan Lata,Fitan Lata
982,56682,32848,C Ramakrishnan,Chandran Ramakrishnan
453,56683,32848,P. Rana,Pranav Rana
982,56689,32852,Chandran Ramakrisnan,Chandran Ramakrishnan
1123,56690,32853,K Dhawan,Krish Dhawan
270,56693,32855,Pratyush Rastogi,Pratyush Rastogi
1784,56699,32860,Patrick Oza,Patrick Oza
1144,56700,32860,P Sinha,Parth Sinha
1247,56701,32861,Ryan Saini,Ryan Saini
1699,56702,32861,O Narasimhan,Ojas Narasimhan
1123,56704,32862,Krish Dhawan,Krish Dhawan
414,56707,32865,S Barman,Sudiksha Barman
227,56708,32866,Wridesh Dewan,Wridesh Dewan
781,56710,32866,Ekaja Bhakta,Ekaja Bhakta
537,56716,32868,Kewin Balan,Kevin Balan
1247,56720,32870,R. Saini,Ryan Saini
255,56721,32870,F Sur,Finn Sur
369,56725,32872,Max Kashyap,Max Kashyap
1017,56728,32873,Timothy Ganesan,Timothy Ganesan
982,56731,32874,C Ramakrishnan,Chandran Ramakrishnan
220,56735,32875,C Handa,Caleb Handa
115,56737,32877,Harrison Nanda,Harrison Nanda
781,56739,32878,E Bhakta,Ekaja Bhakta
1144,56740,32879,Parth Sinha,Parth Sinha
505,56743,32881,D Mittal,Dakshesh Mittal
1394,56745,32882,Chakradhar Bobal,Chakradhar Bobal
836,56747,32883,Kewin Bumb,Kevin Bumb
357,56749,32884,Hredhaan Memon,Hredhaan Memon
668,56754,32888,Yahwi Sule,Yahvi Sule
357,56755,32889,Hredhaan Memon,Hredhaan Memon
1285,56757,32890,K Bhagat,Kamala Bhagat
537,56762,32893,Kewin Balan,Kevin Balan
857,56763,32893,Xawier Jhaweri,Xavier Jhaveri
23,56764,32894,J. Chanda,Jeet Chanda
564,56765,32895,Avi Handa,Avi Handa
528,56768,32897,Y Borde,Yuvraj Borde
836,56772,32899,K Bumb,Kevin Bumb
862,56773,32900,Anay Sani,Anay Sani
982,56776,32901,Chandran Ramakrisnan,Chandran Ramakrishnan
911,56781,32903,T. Gera,Thomas Gera
1093,56782,32904,Warinder Dara,Warinder Dara
219,56785,32907,S. Swaminathan,Shivansh Swaminathan
1352,56791,32910,Gopal Hans,Gopal Hans
270,56795,32912,P. Rastogi,Pratyush Rastogi
857,56797,32912,Xavier Jhaveri,Xavier Jhaveri
1419,56801,32914,S. Sankar,Saksham Sankar
836,56810,32921,Kewin Bumb,Kevin Bumb
455,56812,32923,Ekans Gupta,Ekansh Gupta
227,56813,32923,Wridesh Dewan,Wridesh Dewan
369,56823,32929,M. Kashyap,Max Kashyap
390,56825,32931,Bhavani Nayak,Bhavani Nayak
1017,56827,32932,Timothy Ganesan,Timothy Ganesan
1637,56830,32935,P. Balakrishnan,Parth Balakrishnan
841,56833,32937,Hamsini Dayal,Hamsini Dayal
369,56835,32938,Max Kasyap,Max Kashyap
1247,56836,32939,R. Saini,Ryan Saini
357,56839,32940,H Memon,Hredhaan Memon
1260,56843,32942,Ishani Bhattacharyya,Ishani Bhattacharyya
288,56844,32943,Rudra Desai,Rudra Desai
1321,56852,32949,Advay Kanda,Advay Kanda
306,56854,32950,Ojas Sunder,Ojas Sunder
507,56855,32950,Rudra Tank,Rudra Tank
857,56856,32951,X. Jhaveri,Xavier Jhaveri
1330,56858,32952,Rushil Sankar,Rushil Sankar
115,56860,32953,H Nanda,Harrison Nanda
1017,56861,32954,Timothy Ganesan,Timothy Ganesan
1260,56862,32954,I Bhattacharyya,Ishani Bhattacharyya
564,56866,32955,Avi Handa,Avi Handa
390,56871,32957,Bhavani Nayak,Bhavani Nayak
1351,56872,32957,Michael Kakar,Michael Kakar
668,56878,32961,Yahvi Sule,Yahvi Sule
369,56879,32962,M Kashyap,Max Kashyap
551,56888,32964,Mason Atwal,Mason Atwal
862,56890,32965,A Sani,Anay Sani
1632,56891,32966,Darpan More,Darpan More
946,56892,32967,J Pal,Jackson Pal
1063,56895,32969,Faqid Raj,Faqid Raj
841,56896,32970,Hamsini Dayal,Hamsini Dayal
1310,56897,32971,M. Narang,Michael Narang
390,56898,32972,B. Nayak,Bhavani Nayak
390,56914,32980,B Nayak,Bhavani Nayak
870,56915,32981,Laksh Anne,Laksh Anne
564,56924,32987,A. Handa,Avi Handa
932,56925,32988,R. Goswami,Robert Goswami
271,56929,32991,Ikbal Som,Ikbal Som
365,56930,32991,Imaran Lanka,Imaran Lanka
709,56939,32997,A. Grover,Abeer Grover
1637,56946,33001,P. Balakrishnan,Parth Balakrishnan
1132,56948,33002,F. Lata,Fitan Lata
1260,56951,33003,I Bhattacharyya,Ishani Bhattacharyya
1063,56952,33003,F Raj,Faqid Raj
781,56954,33004,E Bhakta,Ekaja Bhakta
551,56955,33004,Mason Atwal,Mason Atwal
588,56956,33004,C Natarajan,Charles Natarajan
115,56957,33005,Harrison Nanda,Harrison Nanda
369,56959,33006,Max Kashyap,Max Kashyap
1063,56962,33006,Faqid Raj,Faqid Raj
551,56966,33008,M Atwal,Mason Atwal
1117,56967,33009,Aryan Grewal,Aryan Grewal
1132,56973,33012,Fitan Lata,Fitan Lata
258,56976,33013,D. Sule,Darsh Sule
841,56979,33014,Hamsini Dayal,Hamsini Dayal
1144,56981,33015,P Sinha,Parth Sinha
1637,56982,33015,Parth Balakrishnan,Parth Balakrishnan
1247,56983,33015,Ryan Saini,Ryan Saini
1252,56985,33016,Chandran Devan,Chandran Devan
1637,56986,33017,Parth Balakrishnan,Parth Balakrishnan
1718,56987,33018,D. Minhas,Damyanti Minhas
644,56989,33019,K. Doshi,Kabir Doshi
932,56993,33021,Robert Goswami,Robert Goswami
932,56995,33022,R. Goswami,Robert Goswami
1564,56997,33024,Indrajit Dada,Indrajit Dada
271,57000,33024,I. Som,Ikbal Som
299,57001,33025,R Dasgupta,Rushil Dasgupta
1260,57004,33028,I Bhattacharyya,Ishani Bhattacharyya
982,57005,33028,Chandran Ramakrisnan,Chandran Ramakrishnan
551,57007,33030,Mason Atwal,Mason Atwal
709,57010,33032,Abir Grower,Abeer Grover
862,57013,33032,A Sani,Anay Sani
1247,57014,33033,R. Saini,Ryan Saini
1122,57015,33034,Xavier Parekh,Xavier Parekh
1247,57016,33035,R. Saini,Ryan Saini
1792,57017,33035,E. Nagy,Eshana Nagy
1367,57019,33036,Maanav Swamy,Maanav Swamy
769,57020,33037,O Sagar,Omkaar Sagar
1394,57025,33040,Chakradhar Bobal,Chakradhar Bobal
1637,57028,33042,Parth Balakrishnan,Parth Balakrishnan
193,57029,33043,G. Bhatnagar,Ganga Bhatnagar
1321,57030,33043,A. Kanda,Advay Kanda
870,57031,33043,Laksh Anne,Laksh Anne
306,57035,33045,Ojas Sunder,Ojas Sunder
1122,57041,33048,Xavier Parekh,Xavier Parekh
1122,57042,33048,Xavier Parekh,Xavier Parekh
1406,57045,33050,V. Sehgal,Vidhi Sehgal
1063,57050,33052,F Raj,Faqid Raj
338,57053,33055,E Char,Ekantika Char
1336,57058,33057,Ryan Dave,Ryan Dave
862,57061,33059,Anay Sani,Anay Sani
947,57066,33060,Udarsh Borde,Udarsh Borde
306,57068,33062,O. Sunder,Ojas Sunder
1367,57069,33063,Maanaw Swamy,Maanav Swamy
1661,57070,33064,Harshil Kara,Harshil Kara
1394,57071,33065,Chakradhar Bobal,Chakradhar Bobal
1123,57072,33065,Krish Dhawan,Krish Dhawan
288,57074,33066,Rudra Desay,Rudra Desai
1394,57077,33068,Chakradhar Bobal,Chakradhar Bobal
115,57081,33069,H. Nanda,Harrison Nanda
37,57083,33070,Logan Bobal,Logan Bobal
1784,57090,33074,Patrick Oza,Patrick Oza
1661,57097,33079,Harshil Kara,Harshil Kara
781,57098,33080,E. Bhakta,Ekaja Bhakta
932,57099,33080,Robert Goswami,Robert Goswami
1661,57102,33083,H. Kara,Harshil Kara
1247,57103,33084,R Saini,Ryan Saini
564,57104,33084,A Handa,Avi Handa
536,57112,33088,Warda Dalal,Warda Dalal
668,57119,33093,Yahvi Sule,Yahvi Sule
1405,57120,33093,Imaran Dayal,Imaran Dayal
306,57121,33094,O. Sunder,Ojas Sunder
857,57122,33094,Xavier Jhaveri,Xavier Jhaveri
182,57125,33096,Imaran Mann,Imaran Mann
1312,57126,33096,Aarnaw Rastogi,Aarnav Rastogi
928,57129,33098,Rusil Oza,Rushil Oza
1661,57134,33101,H Kara,Harshil Kara
1247,57135,33102,Ryan Saini,Ryan Saini
306,57137,33103,Ojas Sunder,Ojas Sunder
1122,57139,33103,X. Parekh,Xavier Parekh
528,57141,33105,Yuwraj Borde,Yuvraj Borde
1405,57149,33112,I Dayal,Imaran Dayal
857,57150,33113,Xavier Jhaveri,Xavier Jhaveri
1132,57152,33115,Fitan Lata,Fitan Lata
1578,57154,33116,Arjun Dara,Arjun Dara
390,57157,33118,Bhavani Nayak,Bhavani Nayak
1780,57158,33118,B Basak,Brijesh Basak
870,57159,33119,L Anne,Laksh Anne
1045,57161,33120,Chandran Modi,Chandran Modi
928,57168,33125,R Oza,Rushil Oza
932,57170,33127,Robert Goswami,Robert Goswami
528,57172,33128,Yuwraj Borde,Yuvraj Borde
1321,57176,33131,Advay Kanda,Advay Kanda
1654,57177,33132,Y Behl,Yuvraj Behl
1102,57182,33134,A. Wali,Ansh Wali
551,57184,33135,M. Atwal,Mason Atwal
862,57186,33137,Anay Sani,Anay Sani
1637,57187,33137,Parth Balakrishnan,Parth Balakrishnan
390,57190,33139,Bhavani Nayak,Bhavani Nayak
1406,57193,33140,widhi Sehgal,Vidhi Sehgal
1144,57194,33141,P Sinha,Parth Sinha
1252,57195,33141,Chandran Devan,Chandran Devan
1367,57196,33142,Maanav Swamy,Maanav Swamy
982,57198,33143,C. Ramakrishnan,Chandran Ramakrishnan
1637,57200,33144,P Balakrishnan,Parth Balakrishnan
1260,57203,33147,I. Bhattacharyya,Ishani Bhattacharyya
835,57204,33148,Jonatan wirk,Jonathan Virk
1144,57207,33148,Parth Sinha,Parth Sinha
338,57209,33149,Ekantika Char,Ekantika Char
369,57210,33150,Max Kashyap,Max Kashyap
982,57212,33151,C. Ramakrishnan,Chandran Ramakrishnan
1661,57213,33151,Harsil Kara,Harshil Kara
1578,57214,33152,Arjun Dara,Arjun Dara
1117,57215,33153,Aryan Grewal,Aryan Grewal
1718,57219,33155,D Minhas,Damyanti Minhas
369,57225,33157,M Kashyap,Max Kashyap
528,57228,33159,Yuvraj Borde,Yuvraj Borde
1406,57232,33161,Vidhi Sehgal,Vidhi Sehgal
1321,57233,33162,A. Kanda,Advay Kanda
1782,57237,33164,P Rao,Peter Rao
982,57239,33165,C. Ramakrishnan,Chandran Ramakrishnan
1045,57240,33166,Chandran Modi,Chandran Modi
709,57244,33170,Abeer Grover,Abeer Grover
1122,57248,33171,X. Parekh,Xavier Parekh
505,57250,33171,D. Mittal,Dakshesh Mittal
414,57252,33172,Sudiksa Barman,Sudiksha Barman
455,57257,33176,E. Gupta,Ekansh Gupta
288,57259,33178,Rudra Desai,Rudra Desai
1017,57264,33181,T. Ganesan,Timothy Ganesan
588,57272,33186,Charles Natarajan,Charles Natarajan
270,57274,33187,P. Rastogi,Pratyush Rastogi
1718,57275,33188,D Minhas,Damyanti Minhas
73,57279,33189,Jeet Parmer,Jeet Parmer
714,57281,33190,Nidhi Kale,Nidhi Kale
37,57282,33190,L. Bobal,Logan Bobal
1285,57284,33192,Kamala Bhagat,Kamala Bhagat
551,57288,33194,Mason Atwal,Mason Atwal
659,57298,33201,I. Kurian,Ishwar Kurian
805,57300,33203,Logan Patel,Logan Patel
1406,57302,33204,V Sehgal,Vidhi Sehgal
73,57304,33205,Jit Parmer,Jeet Parmer
781,57305,33206,E Bhakta,Ekaja Bhakta
870,57306,33206,Laksh Anne,Laksh Anne
277,57308,33207,Hredhaan Pradhan,Hredhaan Pradhan
1285,57315,33212,Kamala Bhagat,Kamala Bhagat
232,57316,33212,O Gara,Owen Gara
932,57317,33212,R. Goswami,Robert Goswami
764,57321,33213,W Arora,Warinder Arora
227,57324,33214,W Dewan,Wridesh Dewan
564,57326,33215,Avi Handa,Avi Handa
1394,57328,33216,C. Bobal,Chakradhar Bobal
1782,57329,33217,P Rao,Peter Rao
1782,57331,33218,Peter Rao,Peter Rao
1637,57333,33220,Part Balakrisnan,Parth Balakrishnan
1784,57334,33221,Patrick Oza,Patrick Oza
709,57335,33221,Abeer Grover,Abeer Grover
357,57337,33223,Hredhaan Memon,Hredhaan Memon
414,57338,33223,S. Barman,Sudiksha Barman
1285,57346,33226,K Bhagat,Kamala Bhagat
692,57348,33227,Lucky Kanda,Lucky Kanda
1367,57349,33227,Maanav Swamy,Maanav Swamy
1252,57352,33228,Chandran Devan,Chandran Devan
836,57354,33229,Kevin Bumb,Kevin Bumb
1017,57356,33231,T. Ganesan,Timothy Ganesan
1784,57358,33232,P Oza,Patrick Oza
1063,57362,33234,Faqid Raj,Faqid Raj
844,57363,33235,Champak Mani,Champak Mani
1252,57364,33236,Chandran Devan,Chandran Devan
862,57369,33238,A Sani,Anay Sani
1045,57373,33239,Chandran Modi,Chandran Modi
1405,57374,33240,I Dayal,Imaran Dayal
564,57375,33241,Awi Handa,Avi Handa
1661,57377,33243,Harsil Kara,Harshil Kara
564,57380,33243,A Handa,Avi Handa
928,57388,33248,R Oza,Rushil Oza
1613,57390,33248,C Jain,Chatura Jain
288,57391,33248,R. Desai,Rudra Desai
1572,57401,33257,A Chandra,Avi Chandra
943,57403,33258,Ansh Som,Ansh Som
1236,57405,33260,L Randhawa,Lucky Randhawa
1285,57408,33263,K Bhagat,Kamala Bhagat
357,57410,33264,Hredhaan Memon,Hredhaan Memon
1285,57412,33266,Kamala Bhagat,Kamala Bhagat
1661,57416,33267,Harshil Kara,Harshil Kara
1285,57417,33268,Kamala Bhagat,Kamala Bhagat
288,57421,33271,Rudra Desai,Rudra Desai
1045,57428,33276,Chandran Modi,Chandran Modi
564,57430,33277,Avi Handa,Avi Handa
455,57432,33278,E. Gupta,Ekansh Gupta
564,57435,33280,Awi Handa,Avi Handa
857,57444,33288,Xavier Jhaveri,Xavier Jhaveri
322,57445,33289,Q Dalal,Quincy Dalal
537,57446,33289,K Balan,Kevin Balan
1457,57447,33290,R. Mander,Rehaan Mander
1244,57449,33291,Frado Nat,Frado Nath
588,57450,33292,C Natarajan,Charles Natarajan
85,57453,33293,Gunit Chada,Guneet Chada
365,57454,33294,Imaran Lanka,Imaran Lanka
1367,57457,33295,Maanav Swamy,Maanav Swamy
115,57458,33295,H. Nanda,Harrison Nanda
844,57459,33295,Champak Mani,Champak Mani
1380,57461,33296,Nathaniel Seshadri,Nathaniel Seshadri
435,57465,33298,Triveni Kurian,Triveni Kurian
376,57466,33299,Vyanjana Kapur,Vyanjana Kapur
1737,57470,33301,Daks Nagar,Daksh Nagar
505,57473,33304,Dakshesh Mittal,Dakshesh Mittal
1260,57475,33304,Ishani Bhattacharyya,Ishani Bhattacharyya
709,57479,33306,A Grover,Abeer Grover
219,57486,33308,Shivansh Swaminathan,Shivansh Swaminathan
365,57487,33309,Imaran Lanka,Imaran Lanka
1729,57488,33310,S Gade,Saksham Gade
96,57491,33312,R. Din,Rehaan Din
1637,57494,33314,Part Balakrisnan,Parth Balakrishnan
1017,57496,33316,Timoty Ganesan,Timothy Ganesan
1144,57497,33317,Parth Sinha,Parth Sinha
1718,57498,33317,Damyanti Minhas,Damyanti Minhas
365,57501,33319,Imaran Lanka,Imaran Lanka
73,57509,33324,J Parmer,Jeet Parmer
1784,57510,33324,P Oza,Patrick Oza
528,57514,33328,Yuvraj Borde,Yuvraj Borde
1117,57525,33334,Aryan Grewal,Aryan Grewal
505,57526,33335,Dakshesh Mittal,Dakshesh Mittal
668,57528,33336,Yahvi Sule,Yahvi Sule
107,57532,33339,Daksa Sekon,Daksha Sekhon
357,57535,33340,Hredhaan Memon,Hredhaan Memon
338,57537,33341,Ekantika Char,Ekantika Char
277,57539,33341,H. Pradhan,Hredhaan Pradhan
870,57540,33342,Laksh Anne,Laksh Anne
227,57542,33344,W Dewan,Wridesh Dewan
655,57549,33348,A. Mannan,Abdul Mannan
1782,57555,33350,Peter Rao,Peter Rao
1252,57556,33350,C. Devan,Chandran Devan
455,57557,33350,Ekansh Gupta,Ekansh Gupta
550,57558,33350,Caleb Chaudry,Caleb Chaudry
1406,57560,33352,V Sehgal,Vidhi Sehgal
1122,57563,33355,X Parekh,Xavier Parekh
550,57564,33356,Caleb Chaudry,Caleb Chaudry
1585,57565,33357,Z Som,Zayan Som
390,57566,33358,Bhavani Nayak,Bhavani Nayak
227,57567,33359,Wridesh Dewan,Wridesh Dewan
781,57569,33360,Ekaja Bhakta,Ekaja Bhakta
395,57570,33361,L Virk,Laksh Virk
1782,57571,33362,P. Rao,Peter Rao
1132,57572,33363,F Lata,Fitan Lata
288,57573,33363,R. Desai,Rudra Desai
255,57574,33364,Finn Sur,Finn Sur
277,57580,33368,Hredhaan Pradhan,Hredhaan Pradhan
73,57588,33372,J Parmer,Jeet Parmer
338,57592,33376,Ekantika Char,Ekantika Char
1405,57593,33377,Imaran Dayal,Imaran Dayal
227,57594,33377,W Dewan,Wridesh Dewan
751,57596,33378,Farhan Goel,Farhan Goel
505,57599,33379,Dakshesh Mittal,Dakshesh Mittal
290,57601,33380,R. Deol,Raghav Deol
1425,57602,33381,Nihal Balakrisnan,Nihal Balakrishnan
781,57603,33382,Ekaja Bhakta,Ekaja Bhakta
1727,57604,33382,Peter Bajaj,Peter Bajaj
306,57605,33383,Ojas Sunder,Ojas Sunder
1242,57606,33383,Christopher Sahota,Christopher Sahota
1260,57607,33384,I Bhattacharyya,Ishani Bhattacharyya
365,57612,33385,Imaran Lanka,Imaran Lanka
841,57614,33387,H Dayal,Hamsini Dayal
442,57615,33388,G Johal,Gopal Johal
255,57616,33388,F Sur,Finn Sur
844,57617,33389,Champak Mani,Champak Mani
1252,57620,33390,C. Devan,Chandran Devan
1123,57623,33392,K. Dhawan,Krish Dhawan
198,57624,33392,A Gara,Anika Gara
537,57625,33393,Kewin Balan,Kevin Balan
1122,57628,33395,X Parekh,Xavier Parekh
365,57629,33396,Imaran Lanka,Imaran Lanka
588,57636,33399,Charles Natarajan,Charles Natarajan
1063,57637,33400,Faqid Raj,Faqid Raj
454,57641,33402,Abdul Rout,Abdul Rout
1578,57642,33403,A. Dara,Arjun Dara
306,57643,33403,Ojas Sunder,Ojas Sunder
749,57645,33404,H. Vohra,Harish Vohra
258,57646,33405,D. Sule,Darsh Sule
1017,57653,33410,Timoty Ganesan,Timothy Ganesan
357,57654,33411,Hredhaan Memon,Hredhaan Memon
219,57656,33413,Shivansh Swaminathan,Shivansh Swaminathan
980,57657,33414,Theodore Prabhakar,Theodore Prabhakar
982,57659,33416,C. Ramakrishnan,Chandran Ramakrishnan
1578,57660,33417,A. Dara,Arjun Dara
73,57664,33420,Jeet Parmer,Jeet Parmer
528,57667,33423,Yuwraj Borde,Yuvraj Borde
1017,57669,33425,Timoty Ganesan,Timothy Ganesan
1132,57671,33426,Fitan Lata,Fitan Lata
928,57672,33426,Rushil Oza,Rushil Oza
1394,57673,33427,C Bobal,Chakradhar Bobal
1181,57677,33429,Darpan Panchal,Darpan Panchal
668,57678,33430,Yahvi Sule,Yahvi Sule
943,57682,33431,Ansh Som,Ansh Som
277,57692,33437,Hredhaan Pradhan,Hredhaan Pradhan
73,57696,33439,Jeet Parmer,Jeet Parmer
1367,57708,33445,Maanaw Swamy,Maanav Swamy
1666,57717,33451,A. Lad,Ayush Lad
1406,57730,33456,Vidhi Sehgal,Vidhi Sehgal
1117,57732,33457,A. Grewal,Aryan Grewal
277,57734,33458,H Pradhan,Hredhaan Pradhan
255,57736,33459,F Sur,Finn Sur
1144,57743,33463,Parth Sinha,Parth Sinha
306,57746,33466,Ojas Sunder,Ojas Sunder
1122,57749,33467,X Parekh,Xavier Parekh
1491,57750,33467,I Gandhi,Ishwar Gandhi
550,57752,33468,C Chaudry,Caleb Chaudry
365,57757,33470,I Lanka,Imaran Lanka
369,57759,33471,M Kashyap,Max Kashyap
943,57765,33474,Ansh Som,Ansh Som
1784,57766,33475,Patrick Oza,Patrick Oza
857,57768,33477,X. Jhaveri,Xavier Jhaveri
551,57771,33478,Mason Atwal,Mason Atwal
943,57773,33479,A Som,Ansh Som
1285,57775,33481,K Bhagat,Kamala Bhagat
338,57788,33491,Ekantika Char,Ekantika Char
1406,57792,33494,widhi Sehgal,Vidhi Sehgal
1260,57793,33495,Ishani Bhattacharyya,Ishani Bhattacharyya
41,57796,33497,G Iyer,Gabriel Iyer
1321,57797,33497,Advay Kanda,Advay Kanda
288,57802,33500,Rudra Desai,Rudra Desai
414,57806,33503,S Barman,Sudiksha Barman
1394,57808,33504,Chakradhar Bobal,Chakradhar Bobal
709,57810,33505,A Grover,Abeer Grover
338,57812,33506,E Char,Ekantika Char
1746,57814,33506,P. Ratta,Praneel Ratta
588,57820,33510,Charles Natarajan,Charles Natarajan
369,57821,33511,M. Kashyap,Max Kashyap
1117,57825,33513,Aryan Grewal,Aryan Grewal
844,57826,33514,C Mani,Champak Mani
1784,57827,33514,Patrick Oza,Patrick Oza
73,57829,33515,Jeet Parmer,Jeet Parmer
749,57831,33516,Harish Vohra,Harish Vohra
588,57839,33518,Charles Natarajan,Charles Natarajan
1321,57842,33521,A. Kanda,Advay Kanda
73,57845,33523,Jit Parmer,Jeet Parmer
932,57846,33523,Robert Goswami,Robert Goswami
277,57847,33524,Hredhaan Pradhan,Hredhaan Pradhan
306,57853,33528,Ojas Sunder,Ojas Sunder
390,57855,33529,Bhavani Nayak,Bhavani Nayak
258,57856,33530,Darsh Sule,Darsh Sule
749,57860,33533,Harish Vohra,Harish Vohra
399,57865,33536,Praneel Palla,Praneel Palla
709,57867,33537,A Grover,Abeer Grover
564,57869,33537,A Handa,Avi Handa
1117,57871,33538,A Grewal,Aryan Grewal
1319,57873,33538,R Din,Ria Din
1321,57878,33542,Adway Kanda,Advay Kanda
255,57879,33543,Finn Sur,Finn Sur
1117,57880,33543,A Grewal,Aryan Grewal
1406,57885,33547,Vidhi Sehgal,Vidhi Sehgal
1718,57886,33548,Damyanti Minhas,Damyanti Minhas
365,57888,33550,Imaran Lanka,Imaran Lanka
1326,57889,33551,Ekaraj Narayanan,Ekaraj Narayanan
862,57891,33553,Anay Sani,Anay Sani
338,57893,33554,E Char,Ekantika Char
1406,57899,33558,V Sehgal,Vidhi Sehgal
1117,57904,33562,Aryan Grewal,Aryan Grewal
1321,57914,33569,Advay Kanda,Advay Kanda
928,57915,33570,Rushil Oza,Rushil Oza
1285,57917,33572,Kamala Bhagat,Kamala Bhagat
781,57923,33576,Ekaja Bhakta,Ekaja Bhakta
1167,57926,33578,M. Dave,Max Dave
1132,57928,33578,F. Lata,Fitan Lata
338,57944,33590,Ekantika Char,Ekantika Char
455,57945,33590,Ekans Gupta,Ekansh Gupta
841,57946,33590,Hamsini Dayal,Hamsini Dayal
928,57949,33591,Rusil Oza,Rushil Oza
1321,57950,33592,Adway Kanda,Advay Kanda
1784,57951,33593,Patrick Oza,Patrick Oza
1063,57955,33597,F Raj,Faqid Raj
1782,57959,33598,Peter Rao,Peter Rao
537,57960,33598,Kevin Balan,Kevin Balan
369,57963,33601,Max Kasyap,Max Kashyap
550,57965,33602,C Chaudry,Caleb Chaudry
528,57967,33603,Y Borde,Yuvraj Borde
1405,57969,33605,Imaran Dayal,Imaran Dayal
862,57970,33605,Anay Sani,Anay Sani
781,57973,33606,Ekaja Bhakta,Ekaja Bhakta
1117,57974,33607,Aryan Grewal,Aryan Grewal
115,57976,33608,H. Nanda,Harrison Nanda
115,57977,33609,H. Nanda,Harrison Nanda
1063,57981,33612,Faqid Raj,Faqid Raj
288,57983,33614,Rudra Desay,Rudra Desai
1661,57984,33615,H. Kara,Harshil Kara
390,57987,33617,B. Nayak,Bhavani Nayak
1394,57991,33618,Chakradhar Bobal,Chakradhar Bobal
1321,57992,33619,A Kanda,Advay Kanda
943,57994,33620,A. Som,Ansh Som
1117,57996,33622,A. Grewal,Aryan Grewal
781,57998,33622,Ekaja Bhakta,Ekaja Bhakta
862,58002,33626,Anay Sani,Anay Sani
1117,58005,33628,A. Grewal,Aryan Grewal
1122,58011,33633,X. Parekh,Xavier Parekh
741,58017,33634,W. Munshi,Watika Munshi
1252,58027,33640,Chandran Dewan,Chandran Devan
1247,58030,33640,Ryan Saini,Ryan Saini
932,58031,33641,R. Goswami,Robert Goswami
1144,58032,33642,P Sinha,Parth Sinha
841,58034,33643,H Dayal,Hamsini Dayal
528,58037,33646,Y Borde,Yuvraj Borde
505,58040,33649,D. Mittal,Dakshesh Mittal
414,58042,33650,Sudiksa Barman,Sudiksha Barman
870,58048,33653,Laksh Anne,Laksh Anne
1285,58050,33655,Kamala Bhagat,Kamala Bhagat
551,58051,33656,M. Atwal,Mason Atwal
455,58056,33660,Ekansh Gupta,Ekansh Gupta
1122,58057,33660,X Parekh,Xavier Parekh
668,58058,33661,Yahwi Sule,Yahvi Sule
288,58059,33661,Rudra Desai,Rudra Desai
505,58068,33668,Dakshesh Mittal,Dakshesh Mittal
357,58071,33670,Hredhaan Memon,Hredhaan Memon
1036,58072,33671,Qadim Brar,Qadim Brar
1144,58075,33672,Parth Sinha,Parth Sinha
943,58077,33673,Ansh Som,Ansh Som
1405,58078,33673,Imaran Dayal,Imaran Dayal
258,58080,33675,D Sule,Darsh Sule
270,58081,33676,Pratyush Rastogi,Pratyush Rastogi
836,58084,33677,Kevin Bumb,Kevin Bumb
1321,58087,33679,Advay Kanda,Advay Kanda
365,58094,33681,I. Lanka,Imaran Lanka
943,58103,33687,A. Som,Ansh Som
455,58107,33689,Ekansh Gupta,Ekansh Gupta
706,58112,33691,L. Hayre,Liam Hayre
1724,58113,33691,Zayyan wirk,Zayyan Virk
115,58116,33693,Harrison Nanda,Harrison Nanda
1367,58120,33695,M. Swamy,Maanav Swamy
332,58121,33696,Manbir Narasimhan,Manbir Narasimhan
1367,58125,33700,M. Swamy,Maanav Swamy
1367,58127,33701,M. Swamy,Maanav Swamy
1367,58133,33705,Maanav Swamy,Maanav Swamy
1572,58136,33705,Avi Chandra,Avi Chandra
1782,58138,33706,P Rao,Peter Rao
749,58139,33707,Haris wohra,Harish Vohra
1247,58140,33708,Ryan Sayni,Ryan Saini
481,58142,33710,S. Krish,Samar Krish
759,58149,33716,Aadi Sheth,Aadi Sheth
1263,58153,33718,Nachiket Narang,Nachiket Narang
282,58154,33718,Anirudh Prabhu,Anirudh Prabhu
1370,58157,33720,A Singh,Aarna Singh
1613,58161,33722,C Jain,Chatura Jain
929,58165,33725,H Jaggi,Harsh Jaggi
146,58169,33728,R Sankar,Rayaan Sankar
1263,58173,33730,N. Narang,Nachiket Narang
333,58179,33734,F. Barman,Farhan Barman
1103,58180,33735,Noah Sha,Noah Sha
1313,58183,33737,W Mani,Wazir Mani
1299,58184,33738,K Kapoor,Kai Kapoor
291,58194,33742,L Talwar,Laban Talwar
231,58195,33743,S Nadkarni,Saksham Nadkarni
1064,58201,33748,Samar Gokale,Samar Gokhale
1602,58207,33753,Pranav Raghavan,Pranav Raghavan
1461,58211,33756,F Pau,Frado Pau
388,58212,33757,Indrajit Gulati,Indrajit Gulati
1626,58215,33758,Atharv Sangha,Atharv Sangha
231,58218,33758,S Nadkarni,Saksham Nadkarni
751,58219,33759,F. Goel,Farhan Goel
1357,58229,33766,Om Boase,Om Boase
377,58232,33767,wincent Agate,Vincent Agate
1092,58235,33769,Pranaw Chand,Pranav Chand
1561,58237,33770,Yatin Seth,Yatin Seth
1031,58238,33770,Raghav Nayar,Raghav Nayar
1461,58239,33770,F Pau,Frado Pau
1763,58240,33771,Chandres Brar,Chandresh Brar
377,58243,33773,Vincent Agate,Vincent Agate
1639,58244,33774,Warinder Shroff,Warinder Shroff
923,58245,33775,C. Borra,Charles Borra
751,58246,33775,Farhan Goel,Farhan Goel
744,58247,33776,Jacob Bhatnagar,Jacob Bhatnagar
1263,58248,33776,N Narang,Nachiket Narang
1486,58250,33778,Aarnav Chhabra,Aarnav Chhabra
883,58255,33781,Ronith Ganesan,Ronith Ganesan
1642,58256,33782,Q. Venkatesh,Qadim Venkatesh
1763,58257,33782,C Brar,Chandresh Brar
1691,58258,33782,O. Varghese,Onveer Varghese
218,58263,33785,T. Bhargava,Tristan Bhargava
940,58265,33786,Y Saini,Yuvraj Saini
291,58267,33787,L. Talwar,Laban Talwar
518,58268,33788,Agastya Jain,Agastya Jain
744,58271,33790,Jacob Bhatnagar,Jacob Bhatnagar
377,58273,33791,V Agate,Vincent Agate
929,58275,33792,Hars Jaggi,Harsh Jaggi
1024,58277,33793,C. Ravel,Champak Ravel
379,58278,33793,William Chauhan,William Chauhan
1770,58279,33793,G. Sankar,Gabriel Sankar
1461,58281,33795,Frado Pau,Frado Pau
1058,58282,33795,Yatin Dalal,Yatin Dalal
280,58290,33799,Rachit Mall,Rachit Mall
518,58293,33801,Agastya Jain,Agastya Jain
883,58294,33801,Ronith Ganesan,Ronith Ganesan
1461,58295,33802,F Pau,Frado Pau
379,58296,33803,William Chauhan,William Chauhan
333,58305,33808,Farhan Barman,Farhan Barman
819,58308,33809,Gagan Chhabra,Gagan Chhabra
146,58313,33813,R Sankar,Rayaan Sankar
1525,58314,33814,Q. Shere,Quincy Shere
231,58317,33815,S. Nadkarni,Saksham Nadkarni
333,58318,33816,Farhan Barman,Farhan Barman
582,58322,33819,J. Sami,Jason Sami
518,58323,33819,A Jain,Agastya Jain
751,58325,33821,Farhan Goel,Farhan Goel
584,58330,33823,H Thakur,Harsh Thakur
929,58333,33825,H Jaggi,Harsh Jaggi
1121,58339,33828,Vincent Wali,Vincent Wali
1566,58340,33828,K. Soman,Kavya Soman
584,58342,33829,H. Thakur,Harsh Thakur
929,58345,33831,Hars Jaggi,Harsh Jaggi
1187,58351,33834,Maanas Varty,Maanas Varty
1763,58352,33835,Chandres Brar,Chandresh Brar
282,58354,33836,A Prabhu,Anirudh Prabhu
1364,58356,33837,Y Om,Yatin Om
1707,58359,33839,Harrison Prabhu,Harrison Prabhu
1697,58363,33841,A Bhagat,Anay Bhagat
379,58364,33841,William Chauhan,William Chauhan
1024,58367,33843,Champak Rawel,Champak Ravel
923,58370,33846,Charles Borra,Charles Borra
61,58371,33847,Z Bal,Zayan Bal
1233,58381,33854,Devansh Kala,Devansh Kala
582,58385,33856,Jason Sami,Jason Sami
518,58388,33859,A. Jain,Agastya Jain
1024,58392,33862,C Ravel,Champak Ravel
291,58404,33869,Laban Talwar,Laban Talwar
355,58405,33870,Om Vaydya,Om Vaidya
883,58407,33870,Ronith Ganesan,Ronith Ganesan
146,58408,33870,R. Sankar,Rayaan Sankar
291,58413,33873,L. Talwar,Laban Talwar
1064,58415,33874,S Gokhale,Samar Gokhale
805,58417,33875,Logan Patel,Logan Patel
584,58419,33875,Harsh Thakur,Harsh Thakur
529,58420,33876,I. Hayer,Isaac Hayer
61,58425,33878,Z Bal,Zayan Bal
96,58426,33879,Rehaan Din,Rehaan Din
1607,58427,33880,W. Chad,Wahab Chad
1691,58435,33884,O. Varghese,Onveer Varghese
1461,58439,33885,Frado Pau,Frado Pau
1263,58440,33885,Nachiket Narang,Nachiket Narang
819,58443,33886,G. Chhabra,Gagan Chhabra
940,58447,33888,Yuwraj Sayni,Yuvraj Saini
819,58455,33892,Gagan Chhabra,Gagan Chhabra
582,58456,33893,Jason Sami,Jason Sami
1544,58460,33894,L Kala,Laban Kala
1544,58462,33896,Laban Kala,Laban Kala
812,58464,33897,Nicholas Raju,Nicholas Raju
803,58466,33898,A. Gill,Azaan Gill
1479,58467,33899,A Thaman,Anay Thaman
1697,58470,33902,Anay Bhagat,Anay Bhagat
729,58473,33903,S Halder,Samar Halder
1064,58474,33904,S. Gokhale,Samar Gokhale
24,58475,33904,M. Narayan,Maanas Narayan
1233,58481,33908,Devansh Kala,Devansh Kala
379,58482,33908,W Chauhan,William Chauhan
146,58483,33909,Rayaan Sankar,Rayaan Sankar
742,58487,33911,Udars sankar,Udarsh Shankar
987,58489,33913,M Naik,Madhav Naik
805,58492,33915,L. Patel,Logan Patel
24,58494,33916,M Narayan,Maanas Narayan
1263,58497,33917,Nachiket Narang,Nachiket Narang
1248,58498,33917,Samar Kalita,Samar Kalita
1461,58500,33919,F Pau,Frado Pau
1357,58501,33920,Om Boase,Om Boase
216,58515,33926,Lekha Bobal,Lekha Bobal
1031,58516,33927,Raghaw Nayar,Raghav Nayar
282,58523,33932,Anirudh Prabhu,Anirudh Prabhu
1697,58528,33935,Anay Bhagat,Anay Bhagat
965,58532,33938,N Nagarajan,Nachiket Nagarajan
742,58534,33940,Udarsh Shankar,Udarsh Shankar
429,58535,33940,Faris Dhawan,Faris Dhawan
282,58536,33941,A Prabhu,Anirudh Prabhu
1058,58538,33941,Y Dalal,Yatin Dalal
1119,58540,33943,L. Varkey,Lucky Varkey
1058,58541,33944,Yatin Dalal,Yatin Dalal
729,58545,33945,Samar Halder,Samar Halder
1092,58555,33952,Pranaw Chand,Pranav Chand
1233,58556,33953,D. Kala,Devansh Kala
1697,58560,33955,Anay Bhagat,Anay Bhagat
883,58561,33955,Ronith Ganesan,Ronith Ganesan
1770,58567,33957,Gabriel Sankar,Gabriel Sankar
1092,58569,33958,P Chand,Pranav Chand
104,58572,33960,I Rama,Ishwar Rama
1121,58574,33961,V Wali,Vincent Wali
987,58575,33961,Madhav Naik,Madhav Naik
499,58580,33964,David Subramanian,David Subramanian
1479,58586,33967,Anay Thaman,Anay Thaman
869,58587,33968,Anmol Acharya,Anmol Acharya
1035,58588,33968,E. Vyas,Ekaraj Vyas
146,58591,33970,Rayaan Sankar,Rayaan Sankar
940,58600,33975,Yuwraj Sayni,Yuvraj Saini
1561,58608,33978,Yatin Seth,Yatin Seth
1233,58611,33980,Devansh Kala,Devansh Kala
210,58612,33980,Tristan Balan,Tristan Balan
1121,58613,33980,Vincent Wali,Vincent Wali
1714,58616,33982,Utkarsh Chana,Utkarsh Chana
819,58620,33983,G Chhabra,Gagan Chhabra
518,58621,33984,A. Jain,Agastya Jain
529,58623,33985,Isaac Hayer,Isaac Hayer
640,58628,33989,Anirudh Buch,Anirudh Buch
742,58633,33992,Udars sankar,Udarsh Shankar
1033,58634,33992,Qabil Sarkar,Qabil Sarkar
340,58638,33995,Qabil Chandran,Qabil Chandran
1058,58642,33997,Yatin Dalal,Yatin Dalal
812,58644,33998,N. Raju,Nicholas Raju
529,58646,34000,I. Hayer,Isaac Hayer
1233,58647,34001,Devansh Kala,Devansh Kala
215,58650,34003,Warinder Trivedi,Warinder Trivedi
1263,58651,34003,N. Narang,Nachiket Narang
379,58656,34007,William Chauhan,William Chauhan
751,58658,34008,F Goel,Farhan Goel
1064,58662,34009,S Gokhale,Samar Gokhale
803,58667,34013,A. Gill,Azaan Gill
1263,58669,34015,N Narang,Nachiket Narang
1763,58670,34015,C Brar,Chandresh Brar
293,58674,34017,R. Lad,Rachit Lad
803,58675,34017,A Gill,Azaan Gill
1024,58677,34018,Champak Rawel,Champak Ravel
1233,58678,34019,Devans Kala,Devansh Kala
210,58679,34019,Tristan Balan,Tristan Balan
146,58680,34020,R. Sankar,Rayaan Sankar
1031,58683,34022,Raghav Nayar,Raghav Nayar
1404,58684,34023,Hemangini Chanda,Hemangini Chanda
1024,58685,34024,Champak Ravel,Champak Ravel
1357,58686,34024,O Boase,Om Boase
1357,58688,34025,Om Boase,Om Boase
1461,58689,34026,Frado Pau,Frado Pau
1568,58691,34026,Anirudh Apte,Anirudh Apte
1479,58692,34027,Anay taman,Anay Thaman
248,58695,34029,P Thakkar,Priya Thakkar
305,58699,34031,George Khare,George Khare
499,58703,34032,David Subramanian,David Subramanian
481,58707,34035,Samar Krish,Samar Krish
1249,58713,34040,William Krishna,William Krishna
1263,58715,34041,N Narang,Nachiket Narang
1479,58719,34043,Anay taman,Anay Thaman
1445,58722,34044,Arjun Pant,Arjun Pant
1031,58723,34044,R Nayar,Raghav Nayar
1024,58726,34045,C Ravel,Champak Ravel
388,58730,34048,Indrajit Gulati,Indrajit Gulati
146,58733,34049,R Sankar,Rayaan Sankar
836,58737,34052,K Bumb,Kevin Bumb
1064,58738,34053,S Gokhale,Samar Gokhale
1707,58742,34054,H Prabhu,Harrison Prabhu
61,58749,34058,Z. Bal,Zayan Bal
582,58756,34063,Jason Sami,Jason Sami
1795,58758,34063,Lawanya Datta,Lavanya Datta
1763,58771,34070,C Brar,Chandresh Brar
812,58773,34072,N. Raju,Nicholas Raju
1479,58776,34074,A Thaman,Anay Thaman
805,58778,34075,L. Patel,Logan Patel
812,58780,34076,N Raju,Nicholas Raju
1313,58783,34078,Wazir Mani,Wazir Mani
1064,58784,34079,Samar Gokhale,Samar Gokhale
742,58787,34081,Udarsh Shankar,Udarsh Shankar
805,58788,34081,Logan Patel,Logan Patel
938,58790,34081,Harish Sehgal,Harish Sehgal
465,58796,34086,T Pandit,Tanay Pandit
1417,58799,34087,G Srivastava,Gaurang Srivastava
388,58800,34088,I Gulati,Indrajit Gulati
210,58802,34089,Tristan Balan,Tristan Balan
1313,58805,34092,Wazir Mani,Wazir Mani
1626,58806,34093,Atharv Sangha,Atharv Sangha
248,58808,34094,P Thakkar,Priya Thakkar
305,58810,34095,G Khare,George Khare
431,58812,34095,Frado Pandya,Frado Pandya
584,58813,34096,H Thakur,Harsh Thakur
1770,58817,34099,Gabriel Sankar,Gabriel Sankar
291,58818,34099,Laban Talwar,Laban Talwar
249,58819,34100,P. Sangha,Peter Sangha
819,58825,34105,G Chhabra,Gagan Chhabra
210,58826,34105,Tristan Balan,Tristan Balan
819,58830,34107,G. Chhabra,Gagan Chhabra
940,58837,34111,Yuwraj Sayni,Yuvraj Saini
1217,58839,34111,F Pillay,Faris Pillay
305,58843,34114,G Khare,George Khare
1217,58847,34115,Faris Pillay,Faris Pillay
1770,58848,34116,Gabriel Sankar,Gabriel Sankar
231,58849,34117,Saksham Nadkarni,Saksham Nadkarni
803,58850,34118,A. Gill,Azaan Gill
561,58853,34121,L Muni,Laban Muni
481,58857,34124,S Krish,Samar Krish
499,58859,34125,D. Subramanian,David Subramanian
1058,58863,34127,Yatin Dalal,Yatin Dalal
518,58869,34132,Agastya Jain,Agastya Jain
929,58870,34133,Hars Jaggi,Harsh Jaggi
1233,58871,34134,Dewansh Kala,Devansh Kala
803,58876,34138,Azaan Gill,Azaan Gill
819,58877,34139,G Chhabra,Gagan Chhabra
1121,58878,34140,Vincent Wali,Vincent Wali
923,58890,34144,C Borra,Charles Borra
789,58893,34147,Owen Verma,Owen Verma
742,58897,34150,Udarsh Shankar,Udarsh Shankar
1697,58899,34152,A Bhagat,Anay Bhagat
481,58902,34153,Samar Krish,Samar Krish
1697,58904,34155,Anay Bhagat,Anay Bhagat
377,58905,34156,Vincent Agate,Vincent Agate
1799,58906,34157,Vedant Sangha,Vedant Sangha
61,58907,34158,Zayan Bal,Zayan Bal
1357,58909,34159,Om Boase,Om Boase
481,58910,34159,Samar Kris,Samar Krish
1697,58911,34160,A. Bhagat,Anay Bhagat
231,58912,34161,Saksham Nadkarni,Saksham Nadkarni
1371,58917,34163,Dhruw Tella,Dhruv Tella
1064,58919,34165,S. Gokhale,Samar Gokhale
923,58921,34166,Charles Borra,Charles Borra
248,58922,34167,P Thakkar,Priya Thakkar
805,58923,34167,L. Patel,Logan Patel
805,58926,34169,L. Patel,Logan Patel
1626,58928,34171,Atharv Sangha,Atharv Sangha
582,58931,34172,Jason Sami,Jason Sami
1359,58935,34174,A. Handa,Ayushman Handa
1544,58939,34178,Laban Kala,Laban Kala
248,58940,34178,P Thakkar,Priya Thakkar
1024,58943,34180,Champak Rawel,Champak Ravel
848,58945,34182,T. Mitra,Tanmayi Mitra
582,58950,34185,Jason Sami,Jason Sami
923,58951,34186,Charles Borra,Charles Borra
282,58954,34188,Anirudh Prabhu,Anirudh Prabhu
1479,58956,34189,Anay Thaman,Anay Thaman
1121,58957,34189,Vincent Wali,Vincent Wali
1217,58963,34193,Faris Pillay,Faris Pillay
69,58965,34194,F Raj,Faris Raj
1626,58976,34201,Atharv Sangha,Atharv Sangha
1544,58977,34202,L. Kala,Laban Kala
819,58980,34204,Gagan Chhabra,Gagan Chhabra
146,58983,34207,Rayaan Sankar,Rayaan Sankar
1058,58985,34209,Y Dalal,Yatin Dalal
883,58988,34210,Ronith Ganesan,Ronith Ganesan
61,58990,34211,Z. Bal,Zayan Bal
1707,58992,34212,Harrison Prabhu,Harrison Prabhu
282,59000,34217,Anirudh Prabhu,Anirudh Prabhu
729,59002,34218,S. Halder,Samar Halder
1119,59004,34219,Lucky Varkey,Lucky Varkey
1770,59005,34220,G. Sankar,Gabriel Sankar
1092,59007,34220,Pranav Chand,Pranav Chand
248,59008,34221,P. Thakkar,Priya Thakkar
1188,59012,34223,E. Mahal,Ekansh Mahal
282,59014,34223,Anirudh Prabhu,Anirudh Prabhu
1025,59016,34225,Aditya Kashyap,Aditya Kashyap
340,59019,34228,Q. Chandran,Qabil Chandran
751,59020,34228,F. Goel,Farhan Goel
1707,59023,34229,H Prabhu,Harrison Prabhu
555,59024,34230,B. Muni,Bhanumati Muni
231,59031,34234,Saksam Nadkarni,Saksham Nadkarni
231,59034,34235,S Nadkarni,Saksham Nadkarni
1121,59036,34236,Vincent Wali,Vincent Wali
582,59043,34241,Jason Sami,Jason Sami
1092,59044,34242,Pranav Chand,Pranav Chand
231,59046,34244,S Nadkarni,Saksham Nadkarni
1337,59059,34252,George Bali,George Bali
1119,59062,34254,Lucky Varkey,Lucky Varkey
1763,59066,34256,C. Brar,Chandresh Brar
481,59067,34257,S. Krish,Samar Krish
481,59068,34257,S. Krish,Samar Krish
930,59070,34259,S Manda,Sathvik Manda
987,59071,34259,Madhav Naik,Madhav Naik
1628,59072,34259,Navin Choudhry,Naveen Choudhry
231,59074,34261,Saksham Nadkarni,Saksham Nadkarni
379,59076,34262,W Chauhan,William Chauhan
1763,59081,34264,C Brar,Chandresh Brar
518,59083,34266,Agastya Jain,Agastya Jain
291,59085,34268,L Talwar,Laban Talwar
819,59086,34268,G Chhabra,Gagan Chhabra
901,59087,34269,Chandresh Sani,Chandresh Sani
670,59090,34270,Chandresh Viswanathan,Chandresh Viswanathan
1691,59091,34271,O. Varghese,Onveer Varghese
744,59092,34272,Jacob Bhatnagar,Jacob Bhatnagar
1461,59093,34273,Frado Pau,Frado Pau
1064,59094,34273,S. Gokhale,Samar Gokhale
61,59096,34275,Zayan Bal,Zayan Bal
1233,59097,34276,Devansh Kala,Devansh Kala
940,59100,34278,Yuwraj Sayni,Yuvraj Saini
803,59106,34282,Azaan Gill,Azaan Gill
729,59109,34283,Samar Halder,Samar Halder
340,59110,34283,Qabil Chandran,Qabil Chandran
883,59111,34284,Ronith Ganesan,Ronith Ganesan
940,59113,34286,Yuvraj Saini,Yuvraj Saini
499,59114,34287,Dawid Subramanian,David Subramanian
532,59117,34288,M. Choudhary,Mohammed Choudhary
61,59121,34291,Zayan Bal,Zayan Bal
1024,59122,34292,C. Ravel,Champak Ravel
729,59124,34293,S. Halder,Samar Halder
1461,59130,34296,F Pau,Frado Pau
1561,59132,34297,Y Seth,Yatin Seth
231,59133,34298,Saksam Nadkarni,Saksham Nadkarni
1121,59135,34299,V. Wali,Vincent Wali
1119,59137,34301,Lucky Varkey,Lucky Varkey
1568,59138,34301,A Apte,Anirudh Apte
499,59141,34302,Dawid Subramanian,David Subramanian
744,59143,34304,J Bhatnagar,Jacob Bhatnagar
883,59144,34304,R Ganesan,Ronith Ganesan
518,59147,34307,Agastya Jain,Agastya Jain
819,59151,34309,Gagan Chhabra,Gagan Chhabra
1133,59153,34311,Girik Bhargava,Girik Bhargava
758,59155,34312,Bahadurjit Merchant,Bahadurjit Merchant
1105,59156,34313,A. Chakraborty,Aditya Chakraborty
605,59157,34313,Nathan Bhat,Nathan Bhat
1121,59158,34313,V. Wali,Vincent Wali
1770,59160,34314,G Sankar,Gabriel Sankar
305,59162,34316,George Khare,George Khare
751,59164,34317,Farhan Goel,Farhan Goel
1177,59165,34317,Samarth Din,Samarth Din
481,59170,34319,Samar Krish,Samar Krish
1064,59171,34320,Samar Gokale,Samar Gokhale
812,59180,34327,N. Raju,Nicholas Raju
742,59181,34328,Udars sankar,Udarsh Shankar
805,59182,34328,L. Patel,Logan Patel
1092,59185,34330,Pranaw Chand,Pranav Chand
24,59186,34330,Maanas Narayan,Maanas Narayan
680,59190,34332,A Mishra,Anthony Mishra
1770,59191,34333,Gabriel Sankar,Gabriel Sankar
729,59193,34334,S. Halder,Samar Halder
1092,59194,34335,Pranaw Chand,Pranav Chand
1461,59200,34337,Frado Pau,Frado Pau
1024,59208,34341,Champak Ravel,Champak Ravel
853,59218,34348,Rachit Narayan,Rachit Narayan
61,59221,34350,Zayan Bal,Zayan Bal
1058,59222,34351,Yatin Dalal,Yatin Dalal
819,59224,34351,Gagan Chhabra,Gagan Chhabra
1568,59231,34357,A Apte,Anirudh Apte
1313,59236,34361,Wazir Mani,Wazir Mani
1691,59238,34363,Onveer Varghese,Onveer Varghese
584,59244,34369,Harsh Thakur,Harsh Thakur
812,59245,34369,Nicholas Raju,Nicholas Raju
841,59246,34370,Hamsini Dayal,Hamsini Dayal
1031,59252,34374,Raghav Nayar,Raghav Nayar
1024,59254,34375,Champak Ravel,Champak Ravel
742,59255,34375,Udarsh Shankar,Udarsh Shankar
729,59259,34377,S Halder,Samar Halder
729,59261,34379,S. Halder,Samar Halder
1544,59265,34382,Laban Kala,Laban Kala
582,59268,34385,J. Sami,Jason Sami
744,59269,34386,J. Bhatnagar,Jacob Bhatnagar
987,59270,34387,M Naik,Madhav Naik
582,59272,34388,Jason Sami,Jason Sami
1763,59276,34391,Chandres Brar,Chandresh Brar
584,59277,34392,H. Thakur,Harsh Thakur
267,59283,34396,Chandran Sankar,Chandran Sankar
248,59286,34397,P Thakkar,Priya Thakkar
581,59287,34398,Ronith Sridhar,Ronith Sridhar
751,59288,34398,Farhan Goel,Farhan Goel
751,59290,34399,Farhan Goel,Farhan Goel
402,59303,34406,F Mandal,Farhan Mandal
987,59304,34406,M. Naik,Madhav Naik
803,59305,34406,Azaan Gill,Azaan Gill
803,59308,34407,Azaan Gill,Azaan Gill
481,59311,34410,Samar Krish,Samar Krish
146,59312,34411,Rayaan Sankar,Rayaan Sankar
742,59315,34413,Udarsh Shankar,Udarsh Shankar
481,59317,34414,S. Krish,Samar Krish
61,59319,34415,Z Bal,Zayan Bal
677,59321,34417,J Oommen,Jatin Oommen
340,59322,34418,Qabil Chandran,Qabil Chandran
1119,59324,34420,Lucky warkey,Lucky Varkey
1707,59328,34422,Harrison Prabhu,Harrison Prabhu
248,59329,34422,P. Thakkar,Priya Thakkar
1119,59340,34429,L Varkey,Lucky Varkey
1064,59341,34429,Samar Gokale,Samar Gokhale
61,59342,34430,Zayan Bal,Zayan Bal
1461,59344,34431,F Pau,Frado Pau
333,59347,34433,Farhan Barman,Farhan Barman
305,59353,34436,George kare,George Khare
1121,59354,34437,V Wali,Vincent Wali
1697,59356,34439,A Bhagat,Anay Bhagat
1058,59359,34442,Yatin Dalal,Yatin Dalal
333,59364,34443,Farhan Barman,Farhan Barman
235,59365,34444,D. Sodhi,Darsh Sodhi
1626,59367,34445,A. Sangha,Atharv Sangha
1031,59368,34445,R. Nayar,Raghav Nayar
1626,59370,34447,Atharv Sangha,Atharv Sangha
742,59372,34449,U. Shankar,Udarsh Shankar
146,59374,34451,Rayaan Sankar,Rayaan Sankar
582,59375,34452,J Sami,Jason Sami
742,59376,34453,U. Shankar,Udarsh Shankar
1752,59377,34454,Nataniel Mann,Nathaniel Mann
1295,59381,34455,Laban Tata,Laban Tata
1119,59383,34457,Lucky warkey,Lucky Varkey
940,59384,34457,Y Saini,Yuvraj Saini
340,59393,34461,Q Chandran,Qabil Chandran
518,59395,34463,Agastya Jain,Agastya Jain
305,59398,34464,George Khare,George Khare
1313,59400,34464,W. Mani,Wazir Mani
518,59401,34465,Agastya Jain,Agastya Jain
923,59403,34466,Charles Borra,Charles Borra
1621,59407,34468,Aditya Lal,Aditya Lal
210,59408,34468,Tristan Balan,Tristan Balan
1589,59413,34473,Anmol Parekh,Anmol Parekh
1620,59414,34473,Ayaan Sura,Ayaan Sura
1413,59419,34477,William Sengupta,William Sengupta
610,59423,34480,Dars Cherian,Darsh Cherian
1589,59428,34483,A Parekh,Anmol Parekh
1620,59431,34486,Ayaan Sura,Ayaan Sura
1792,59432,34486,E. Nagy,Eshana Nagy
1147,59434,34487,G. Balan,Girik Balan
1758,59437,34489,S Bala,Samaksh Bala
548,59440,34491,Veda Prabhu,Veda Prabhu
1636,59442,34492,Lucky Krisnan,Lucky Krishnan
545,59444,34493,Rayaan Bali,Rayaan Bali
1589,59447,34494,Anmol Parek,Anmol Parekh
21,59448,34494,C. Zacharia,Chaitanya Zacharia
610,59456,34498,Dars Cherian,Darsh Cherian
858,59458,34499,Bahadurjit Dash,Bahadurjit Dash
686,59461,34500,K. Bail,Kevin Bail
696,59466,34503,E Nadig,Ekavir Nadig
200,59477,34512,Ayush Mangal,Ayush Mangal
236,59479,34513,C Singh,Charan Singh
1103,59481,34513,Noah Sha,Noah Sha
1451,59482,34514,I Rastogi,Ishwar Rastogi
1451,59486,34517,I Rastogi,Ishwar Rastogi
1372,59490,34518,M Dugal,Mohammed Dugal
298,59492,34519,B. Dey,Brijesh Dey
383,59503,34524,Baljiwan Andra,Baljiwan Andra
1792,59507,34527,Eshana Nagy,Eshana Nagy
383,59512,34531,Baljiwan Andra,Baljiwan Andra
997,59515,34534,Pranil Manda,Praneel Manda
1147,59518,34536,Girik Balan,Girik Balan
1581,59519,34537,Abeer Thaman,Abeer Thaman
1032,59522,34540,T Goyal,Tanish Goyal
1274,59526,34543,R. Bava,Rachit Bava
1800,59531,34547,ayshani Narasimhan,Aishani Narasimhan
1413,59532,34548,W. Sengupta,William Sengupta
1451,59533,34549,I Rastogi,Ishwar Rastogi
324,59534,34549,Logan Nayak,Logan Nayak
1136,59536,34551,K. Gupta,Karan Gupta
74,59540,34552,J Sinha,Jackson Sinha
1131,59542,34554,J Sethi,Jai Sethi
1724,59545,34554,Z. Virk,Zayyan Virk
1171,59547,34556,Hamsini Mallick,Hamsini Mallick
779,59549,34556,Lohit Oza,Lohit Oza
319,59550,34557,Yatan Ramaswamy,Yatan Ramaswamy
1792,59553,34559,Eshana Nagy,Eshana Nagy
324,59556,34561,Logan Nayak,Logan Nayak
383,59557,34562,B Andra,Baljiwan Andra
1710,59560,34564,Reyansh Kant,Reyansh Kant
1047,59561,34565,Y. Kala,Yashoda Kala
1611,59571,34569,L. Bal,Lakshit Bal
1372,59572,34569,Mohammed Dugal,Mohammed Dugal
1372,59575,34571,Mohammed Dugal,Mohammed Dugal
1103,59577,34572,Noah Sha,Noah Sha
779,59582,34575,L. Oza,Lohit Oza
1389,59588,34577,Atharv Mannan,Atharv Mannan
215,59590,34578,Warinder Trivedi,Warinder Trivedi
1758,59591,34578,S. Bala,Samaksh Bala
1800,59592,34578,Aishani Narasimhan,Aishani Narasimhan
414,59594,34579,Sudiksha Barman,Sudiksha Barman
1529,59597,34580,Y Rao,Yagnesh Rao
686,59598,34580,K. Bail,Kevin Bail
1131,59599,34581,Jai Sethi,Jai Sethi
1389,59601,34583,A. Mannan,Atharv Mannan
1636,59602,34584,L. Krishnan,Lucky Krishnan
1611,59611,34588,Lakshit Bal,Lakshit Bal
1131,59620,34595,Jay Seti,Jai Sethi
1589,59623,34596,Anmol Parek,Anmol Parekh
211,59625,34597,Amara Mani,Amara Mani
997,59629,34599,P. Manda,Praneel Manda
471,59630,34600,Udars Set,Udarsh Seth
1163,59635,34603,Ekiya Morar,Ekiya Morar
752,59637,34603,T Prakash,Timothy Prakash
1018,59638,34604,Guneet Seshadri,Guneet Seshadri
233,59647,34608,Wazir Sinha,Wazir Sinha
900,59653,34610,Luke Gaba,Luke Gaba
1413,59654,34610,W Sengupta,William Sengupta
1136,59657,34612,Karan Gupta,Karan Gupta
1346,59660,34613,William Morar,William Morar
200,59665,34615,A Mangal,Ayush Mangal
1250,59669,34617,E Oza,Ekanta Oza
383,59674,34621,B Andra,Baljiwan Andra
1047,59676,34622,Yasoda Kala,Yashoda Kala
813,59680,34624,Ansh Verma,Ansh Verma
1451,59682,34626,Ishwar Rastogi,Ishwar Rastogi
610,59683,34627,D Cherian,Darsh Cherian
1792,59686,34629,Eshana Nagy,Eshana Nagy
756,59688,34629,Anmol Sarkar,Anmol Sarkar
858,59694,34633,B Dash,Bahadurjit Dash
686,59696,34633,Kevin Bail,Kevin Bail
1573,59697,34634,W. Srivastava,Wridesh Srivastava
610,59698,34635,Darsh Cherian,Darsh Cherian
1742,59703,34639,Tanay Vora,Tanay Vora
1346,59706,34641,W. Morar,William Morar
1581,59712,34644,Abir taman,Abeer Thaman
324,59713,34645,L Nayak,Logan Nayak
610,59714,34646,Darsh Cherian,Darsh Cherian
324,59715,34646,Logan Nayak,Logan Nayak
1710,59716,34647,R. Kant,Reyansh Kant
894,59718,34648,Robert Dhar,Robert Dhar
1226,59719,34649,Tanay Chaudhary,Tanay Chaudhary
1136,59724,34653,K. Gupta,Karan Gupta
610,59726,34654,D Cherian,Darsh Cherian
735,59729,34656,Januja Manda,Januja Manda
1800,59734,34658,A. Narasimhan,Aishani Narasimhan
1581,59740,34661,Abeer Thaman,Abeer Thaman
1061,59741,34662,Shaurya Saxena,Shaurya Saxena
1589,59745,34665,Anmol Parek,Anmol Parekh
1136,59746,34666,Karan Gupta,Karan Gupta
1758,59750,34668,S Bala,Samaksh Bala
813,59755,34670,A. Verma,Ansh Verma
779,59759,34673,Lohit Oza,Lohit Oza
591,59760,34673,F. Bhavsar,Faras Bhavsar
1346,59761,34674,W. Morar,William Morar
1758,59767,34677,S. Bala,Samaksh Bala
1589,59772,34681,Anmol Parekh,Anmol Parekh
224,59775,34683,Azad Mallick,Azad Mallick
756,59776,34684,Anmol Sarkar,Anmol Sarkar
686,59778,34685,K. Bail,Kevin Bail
1581,59779,34686,Abeer Thaman,Abeer Thaman
686,59780,34687,Kevin Bail,Kevin Bail
1493,59783,34690,Z Natarajan,Zayan Natarajan
1792,59786,34691,Eshana Nagy,Eshana Nagy
1800,59791,34693,Aishani Narasimhan,Aishani Narasimhan
1714,59793,34695,Utkarsh Chana,Utkarsh Chana
1572,59794,34695,A Chandra,Avi Chandra
1413,59795,34695,W Sengupta,William Sengupta
858,59799,34697,B. Dash,Bahadurjit Dash
1710,59803,34700,Reyansh Kant,Reyansh Kant
858,59804,34701,Bahadurjit Dash,Bahadurjit Dash
1589,59808,34702,A Parekh,Anmol Parekh
1047,59809,34703,Yasoda Kala,Yashoda Kala
752,59811,34703,Timothy Prakash,Timothy Prakash
21,59812,34704,Chaitanya Zacharia,Chaitanya Zacharia
1451,59814,34706,I. Rastogi,Ishwar Rastogi
1047,59815,34706,Yashoda Kala,Yashoda Kala
1226,59817,34707,Tanay Chaudhary,Tanay Chaudhary
712,59820,34709,L. Bhattacharyya,Lavanya Bhattacharyya
1629,59821,34709,Kiaan Dayal,Kiaan Dayal
686,59823,34711,K. Bail,Kevin Bail
21,59826,34712,C. Zacharia,Chaitanya Zacharia
1018,59827,34713,Gunit Sesadri,Guneet Seshadri
1130,59829,34715,Abdul Roy,Abdul Roy
1018,59841,34720,Guneet Seshadri,Guneet Seshadri
1413,59842,34720,William Sengupta,William Sengupta
1413,59843,34721,William Sengupta,William Sengupta
1587,59845,34722,D Natt,Dev Natt
1274,59846,34722,R Bava,Rachit Bava
514,59847,34722,B Saxena,Balveer Saxena
1462,59849,34724,C Bali,Chakrika Bali
1758,59850,34725,S. Bala,Samaksh Bala
1792,59862,34735,Esana Nagy,Eshana Nagy
1800,59864,34736,Aishani Narasimhan,Aishani Narasimhan
1792,59867,34737,Eshana Nagy,Eshana Nagy
779,59868,34737,L. Oza,Lohit Oza
200,59869,34738,Ayush Mangal,Ayush Mangal
1047,59873,34740,Yashoda Kala,Yashoda Kala
1147,59880,34743,G. Balan,Girik Balan
1631,59882,34744,E. Sastry,Ekavir Sastry
1681,59886,34747,Aayush Ghosh,Aayush Ghosh
1018,59887,34747,G. Seshadri,Guneet Seshadri
1774,59888,34747,Max Chakraborty,Max Chakraborty
1413,59891,34749,William Sengupta,William Sengupta
1792,59892,34750,E. Nagy,Eshana Nagy
685,59893,34750,Aarnav Comar,Aarnav Comar
67,59894,34751,Nimrat Goel,Nimrat Goel
1529,59896,34753,Y Rao,Yagnesh Rao
190,59898,34754,Yachana Samra,Yachana Samra
1551,59900,34756,J Kohli,Jeet Kohli
1147,59902,34757,Girik Balan,Girik Balan
1061,59910,34761,Shaurya Saxena,Shaurya Saxena
960,59912,34762,Lina Kulkarni,Leena Kulkarni
328,59913,34763,A. Acharya,Azaan Acharya
1758,59914,34763,Samaksh Bala,Samaksh Bala
1800,59915,34763,ayshani Narasimhan,Aishani Narasimhan
734,59917,34764,K Sane,Kabir Sane
1520,59918,34765,F Natt,Faqid Natt
1413,59921,34767,W Sengupta,William Sengupta
858,59923,34768,Bahadurjit Dash,Bahadurjit Dash
858,59924,34769,Bahadurjit Dash,Bahadurjit Dash
858,59926,34769,Bahadurjit Dash,Bahadurjit Dash
1061,59927,34770,Shaurya Saxena,Shaurya Saxena
851,59937,34776,E. Sama,Ethan Sama
1163,59939,34776,Ekiya Morar,Ekiya Morar
193,59943,34780,Ganga Bhatnagar,Ganga Bhatnagar
735,59944,34781,Januja Manda,Januja Manda
1792,59957,34788,Eshana Nagy,Eshana Nagy
21,59960,34790,C. Zacharia,Chaitanya Zacharia
1462,59963,34792,C. Bali,Chakrika Bali
1710,59966,34794,R. Kant,Reyansh Kant
1346,59973,34796,W. Morar,William Morar
1581,59974,34796,A. Thaman,Abeer Thaman
1581,59977,34798,Abir taman,Abeer Thaman
21,59978,34798,C Zacharia,Chaitanya Zacharia
21,59983,34802,Chaytanya Zacharia,Chaitanya Zacharia
1346,59984,34802,William Morar,William Morar
471,59986,34803,U Seth,Udarsh Seth
1280,59991,34805,Kay Narasimhan,Kai Narasimhan
735,59994,34807,J. Manda,Januja Manda
21,60000,34812,C Zacharia,Chaitanya Zacharia
1573,60001,34812,W. Srivastava,Wridesh Srivastava
536,60004,34815,Warda Dalal,Warda Dalal
1589,60005,34815,Anmol Parekh,Anmol Parekh
1620,60008,34818,A Sura,Ayaan Sura
1182,60010,34818,Frado Chaudhuri,Frado Chaudhuri
1529,60011,34819,Y. Rao,Yagnesh Rao
686,60012,34819,Kevin Bail,Kevin Bail
21,60016,34820,Chaitanya Zacharia,Chaitanya Zacharia
545,60017,34820,Rayaan Bali,Rayaan Bali
1032,60018,34821,T. Goyal,Tanish Goyal
1103,60021,34823,Noah Sha,Noah Sha
779,60023,34825,L Oza,Lohit Oza
1451,60024,34826,I Rastogi,Ishwar Rastogi
324,60032,34830,L Nayak,Logan Nayak
1310,60035,34831,M Narang,Michael Narang
1136,60036,34832,K. Gupta,Karan Gupta
1095,60039,34833,Max Babu,Max Babu
215,60041,34834,W. Trivedi,Warinder Trivedi
1147,60043,34835,Girik Balan,Girik Balan
1451,60045,34835,Ishwar Rastogi,Ishwar Rastogi
1131,60047,34836,Jay Seti,Jai Sethi
1226,60049,34837,Tanay Chaudhary,Tanay Chaudhary
1103,60050,34837,Noah Sha,Noah Sha
1372,60058,34841,Mohammed Dugal,Mohammed Dugal
1103,60062,34843,N. Sha,Noah Sha
1589,60063,34844,Anmol Parekh,Anmol Parekh
1189,60064,34845,Sachi Anand,Sachi Anand
735,60066,34845,Januja Manda,Januja Manda
1103,60070,34847,Noah sa,Noah Sha
1147,60074,34849,Girik Balan,Girik Balan
1346,60077,34852,William Morar,William Morar
240,60080,34853,Sathvik Devi,Sathvik Devi
735,60081,34854,J. Manda,Januja Manda
1389,60083,34856,A. Mannan,Atharv Mannan
1629,60085,34858,Kiaan Dayal,Kiaan Dayal
1758,60086,34859,Samaks Bala,Samaksh Bala
700,60087,34859,G. Chaudhuri,George Chaudhuri
1389,60092,34863,A Mannan,Atharv Mannan
1629,60094,34864,Kiaan Dayal,Kiaan Dayal
324,60099,34866,Logan Nayak,Logan Nayak
1636,60100,34867,Lucky Krisnan,Lucky Krishnan
1103,60105,34870,Noah Sha,Noah Sha
1662,60106,34871,F Som,Faras Som
1758,60109,34872,Samaks Bala,Samaksh Bala
841,60110,34872,H. Dayal,Hamsini Dayal
997,60113,34875,P Manda,Praneel Manda
1064,60116,34876,Samar Gokhale,Samar Gokhale
1117,60118,34878,Aryan Grewal,Aryan Grewal
21,60119,34878,Chaitanya Zacharia,Chaitanya Zacharia
752,60121,34879,T Prakash,Timothy Prakash
193,60122,34879,G. Bhatnagar,Ganga Bhatnagar
779,60123,34879,Lohit Oza,Lohit Oza
1163,60124,34880,Ekiya Morar,Ekiya Morar
268,60128,34882,Kewin Bali,Kevin Bali
610,60135,34885,D. Cherian,Darsh Cherian
172,60137,34886,Y Bawa,Yash Bawa
1163,60138,34887,Ekiya Morar,Ekiya Morar
779,60139,34888,L. Oza,Lohit Oza
450,60146,34893,T. Johal,Tristan Johal
1372,60152,34898,Mohammed Dugal,Mohammed Dugal
735,60153,34898,Januja Manda,Januja Manda
1581,60154,34899,A. Thaman,Abeer Thaman
1573,60155,34900,Wrides Sriwastava,Wridesh Srivastava
1018,60158,34901,Guneet Seshadri,Guneet Seshadri
997,60160,34901,Pranil Manda,Praneel Manda
200,60161,34902,Ayus Mangal,Ayush Mangal
211,60163,34904,A. Mani,Amara Mani
1573,60164,34905,Wridesh Srivastava,Wridesh Srivastava
1018,60167,34907,Guneet Seshadri,Guneet Seshadri
1224,60168,34907,Chanakya Sandal,Chanakya Sandal
756,60179,34914,Anmol Sarkar,Anmol Sarkar
545,60180,34915,Rayaan Bali,Rayaan Bali
756,60182,34916,Anmol Sarkar,Anmol Sarkar
1147,60183,34916,G Balan,Girik Balan
545,60184,34917,Rayaan Bali,Rayaan Bali
1274,60185,34917,R. Bava,Rachit Bava
1800,60187,34917,Aisani Narasimhan,Aishani Narasimhan
1611,60193,34921,Lakshit Bal,Lakshit Bal
1758,60195,34923,S Bala,Samaksh Bala
545,60197,34924,R. Bali,Rayaan Bali
471,60198,34925,Udars Set,Udarsh Seth
1372,60199,34926,Mohammed Dugal,Mohammed Dugal
1163,60206,34931,Ekiya Morar,Ekiya Morar
211,60209,34934,A Mani,Amara Mani
1413,60210,34935,William Sengupta,William Sengupta
1710,60211,34935,Reyans Kant,Reyansh Kant
1629,60217,34939,Kiaan Dayal,Kiaan Dayal
858,60220,34941,Bahadurjit Dash,Bahadurjit Dash
1061,60221,34942,S Saxena,Shaurya Saxena
1601,60228,34946,Sarthak Patil,Sarthak Patil
1226,60236,34951,T. Chaudhary,Tanay Chaudhary
1629,60239,34952,Kiaan Dayal,Kiaan Dayal
1573,60246,34956,W Srivastava,Wridesh Srivastava
1131,60249,34958,J. Sethi,Jai Sethi
1389,60252,34958,Atharv Mannan,Atharv Mannan
211,60254,34959,Amara Mani,Amara Mani
1226,60255,34959,Tanay Chaudhary,Tanay Chaudhary
1601,60258,34960,Sartak Patil,Sarthak Patil
1774,60261,34963,Max Chakraborty,Max Chakraborty
1018,60265,34964,G. Seshadri,Guneet Seshadri
193,60267,34965,G Bhatnagar,Ganga Bhatnagar
1147,60268,34966,Girik Balan,Girik Balan
1758,60273,34968,Samaks Bala,Samaksh Bala
610,60276,34970,D Cherian,Darsh Cherian
1060,60280,34972,Zayyan Sami,Zayyan Sami
1462,60288,34977,Chakrika Bali,Chakrika Bali
1346,60289,34977,W Morar,William Morar
233,60290,34978,Wazir Sinha,Wazir Sinha
21,60293,34979,C. Zacharia,Chaitanya Zacharia
471,60294,34979,Udarsh Seth,Udarsh Seth
615,60297,34980,S Nagy,Samarth Nagy
813,60298,34981,A Verma,Ansh Verma
1629,60302,34983,Kiaan Dayal,Kiaan Dayal
1018,60303,34984,Guneet Seshadri,Guneet Seshadri
383,60304,34985,B Andra,Baljiwan Andra
836,60306,34986,Kevin Bumb,Kevin Bumb
752,60311,34988,Timothy Prakash,Timothy Prakash
1032,60313,34990,Tanis Goyal,Tanish Goyal
1696,60314,34990,R. Merchant,Raghav Merchant
1662,60321,34994,Faras Som,Faras Som
1662,60325,34996,Faras Som,Faras Som
997,60329,34997,Pranil Manda,Praneel Manda
1589,60330,34997,Anmol Parekh,Anmol Parekh
216,60332,34998,L. Bobal,Lekha Bobal
383,60333,34999,B. Andra,Baljiwan Andra
1061,60337,35003,Shaurya Saxena,Shaurya Saxena
1462,60338,35003,Chakrika Bali,Chakrika Bali
1611,60339,35003,L Bal,Lakshit Bal
1611,60342,35005,Lakshit Bal,Lakshit Bal
756,60343,35005,A Sarkar,Anmol Sarkar
1131,60344,35006,J. Sethi,Jai Sethi
193,60348,35008,Ganga Bhatnagar,Ganga Bhatnagar
1620,60350,35009,A. Sura,Ayaan Sura
1413,60352,35011,W Sengupta,William Sengupta
1346,60353,35011,William Morar,William Morar
1774,60357,35014,Max Chakraborty,Max Chakraborty
1710,60361,35016,Reyans Kant,Reyansh Kant
610,60362,35016,Dars Cherian,Darsh Cherian
1226,60364,35018,T. Chaudhary,Tanay Chaudhary
200,60367,35020,Ayush Mangal,Ayush Mangal
1024,60368,35020,Champak Ravel,Champak Ravel
21,60369,35021,C Zacharia,Chaitanya Zacharia
1640,60371,35023,F Venkataraman,Fitan Venkataraman
756,60378,35025,Anmol Sarkar,Anmol Sarkar
1103,60382,35026,Noah sa,Noah Sha
813,60383,35026,A. Verma,Ansh Verma
1139,60385,35028,Z Yohannan,Zayan Yohannan
858,60386,35029,Bahadurjit Das,Bahadurjit Dash
1462,60387,35029,C Bali,Chakrika Bali
1800,60393,35032,Aisani Narasimhan,Aishani Narasimhan
631,60395,35033,Andrew Dugar,Andrew Dugar
1800,60396,35033,Aisani Narasimhan,Aishani Narasimhan
211,60398,35034,A Mani,Amara Mani
1413,60402,35038,W. Sengupta,William Sengupta
1529,60404,35040,Y Rao,Yagnesh Rao
1047,60405,35041,Yashoda Kala,Yashoda Kala
779,60406,35042,Lohit Oza,Lohit Oza
1103,60410,35045,N Sha,Noah Sha
543,60416,35048,D. Handa,Dalbir Handa
1372,60423,35053,Mohammed Dugal,Mohammed Dugal
1047,60424,35054,Yashoda Kala,Yashoda Kala
1047,60425,35054,Yashoda Kala,Yashoda Kala
383,60426,35055,B. Andra,Baljiwan Andra
1529,60428,35056,Y. Rao,Yagnesh Rao
1529,60429,35057,Y Rao,Yagnesh Rao
324,60433,35059,Logan Nayak,Logan Nayak
1103,60434,35060,Noah sa,Noah Sha
1061,60435,35061,S. Saxena,Shaurya Saxena
858,60437,35062,Bahadurjit Dash,Bahadurjit Dash
858,60439,35063,B. Dash,Bahadurjit Dash
1710,60440,35064,R. Kant,Reyansh Kant
1589,60443,35067,A. Parekh,Anmol Parekh
1147,60445,35068,Girik Balan,Girik Balan
1372,60447,35069,Mohammed Dugal,Mohammed Dugal
193,60448,35070,Ganga Bhatnagar,Ganga Bhatnagar
1032,60449,35070,Tanish Goyal,Tanish Goyal
1581,60451,35071,Abir taman,Abeer Thaman
1147,60452,35072,Girik Balan,Girik Balan
1755,60455,35074,N Kanda,Neel Kanda
39,60458,35076,Anmol Kumer,Anmol Kumer
1032,60460,35076,T. Goyal,Tanish Goyal
1758,60466,35081,Samaksh Bala,Samaksh Bala
1611,60470,35084,L. Bal,Lakshit Bal
1147,60475,35088,G. Balan,Girik Balan
1529,60478,35089,Y. Rao,Yagnesh Rao
752,60480,35091,Timothy Prakash,Timothy Prakash
1589,60481,35092,Anmol Parekh,Anmol Parekh
200,60482,35093,Ayus Mangal,Ayush Mangal
1413,60484,35094,William Sengupta,William Sengupta
1032,60485,35094,Tanish Goyal,Tanish Goyal
1346,60486,35094,William Morar,William Morar
1274,60488,35095,Rachit Bava,Rachit Bava
752,60497,35099,Timothy Prakash,Timothy Prakash
1520,60499,35100,F. Natt,Faqid Natt
754,60503,35103,Matthew Rao,Matthew Rao
997,60504,35103,Praneel Manda,Praneel Manda
1226,60505,35104,Tanay Chaudhary,Tanay Chaudhary
1018,60506,35104,Guneet Seshadri,Guneet Seshadri
1462,60507,35105,C Bali,Chakrika Bali
1286,60510,35105,Lucky Patil,Lucky Patil
889,60522,35112,Udant Grewal,Udant Grewal
261,60523,35113,Saksham Chahal,Saksham Chahal
671,60524,35113,Aarini Desay,Aarini Desai
183,60529,35116,Brijesh Balasubramanian,Brijesh Balasubramanian
69,60532,35118,F Raj,Faris Raj
1742,60542,35125,Tanay Vora,Tanay Vora
458,60544,35127,A. Devan,Advaith Devan
161,60549,35131,U Mital,Upkaar Mital
838,60551,35132,J. Palla,Jeet Palla
926,60555,35135,I Shan,Isaac Shan
881,60558,35136,Anay Saran,Anay Saran
1640,60560,35138,Fitan Venkataraman,Fitan Venkataraman
1527,60561,35139,Shaurya Keer,Shaurya Keer
181,60562,35139,Isaiah Varty,Isaiah Varty
657,60565,35140,V. Singh,Victor Singh
1726,60566,35141,Patrick Chatterjee,Patrick Chatterjee
217,60568,35142,David Garg,David Garg
608,60577,35145,Chatresh Mishra,Chatresh Mishra
1640,60580,35146,F Venkataraman,Fitan Venkataraman
183,60583,35148,Brijesh Balasubramanian,Brijesh Balasubramanian
443,60585,35148,Ekaraj Peri,Ekaraj Peri
838,60587,35149,J Palla,Jeet Palla
652,60594,35154,Tanis Mangal,Tanish Mangal
1111,60597,35156,Karan Basak,Karan Basak
1753,60601,35159,Arjun Divan,Arjun Divan
657,60603,35160,wictor Singh,Victor Singh
653,60605,35162,Z. Dhaliwal,Zayyan Dhaliwal
1527,60606,35162,Shaurya Keer,Shaurya Keer
1284,60609,35164,Oliver Warrior,Oliver Warrior
889,60610,35165,Udant Grewal,Udant Grewal
183,60611,35165,Brijesh Balasubramanian,Brijesh Balasubramanian
1082,60616,35168,Faraj Kashyap,Faraj Kashyap
516,60619,35169,S Bhagat,Sai Bhagat
1082,60620,35170,F Kashyap,Faraj Kashyap
1492,60626,35174,S Sachdeva,Samuel Sachdeva
1491,60627,35174,Ishwar Gandhi,Ishwar Gandhi
123,60629,35175,Jason Walla,Jason Walla
1318,60632,35177,Peter Bajwa,Peter Bajwa
1347,60636,35180,Gavin Keer,Gavin Keer
1111,60639,35182,K Basak,Karan Basak
1520,60642,35184,F Natt,Faqid Natt
1082,60644,35186,F Kashyap,Faraj Kashyap
1527,60653,35190,saurya Kir,Shaurya Keer
1500,60654,35190,Zayan Parekh,Zayan Parekh
707,60655,35191,W. Bhandari,Widisha Bhandari
1640,60658,35193,F Venkataraman,Fitan Venkataraman
618,60661,35195,Etan Gera,Ethan Gera
629,60664,35196,George Chopra,George Chopra
1620,60665,35196,Ayaan Sura,Ayaan Sura
458,60668,35199,Advaith Devan,Advaith Devan
1284,60671,35201,O. Warrior,Oliver Warrior
653,60673,35201,Z. Dhaliwal,Zayyan Dhaliwal
652,60676,35202,Tanis Mangal,Tanish Mangal
516,60677,35203,Sai Bhagat,Sai Bhagat
1318,60680,35204,Peter Bajwa,Peter Bajwa
1776,60682,35206,Manan Ranganatan,Manan Ranganathan
1006,60683,35207,Hemal Deep,Hemal Deep
1284,60684,35208,O. Warrior,Oliver Warrior
1640,60691,35210,Fitan Venkataraman,Fitan Venkataraman
1527,60696,35213,S Keer,Shaurya Keer
1680,60700,35215,F Mani,Finn Mani
618,60701,35215,E. Gera,Ethan Gera
1726,60702,35216,P. Chatterjee,Patrick Chatterjee
96,60704,35218,Rehaan Din,Rehaan Din
654,60710,35221,W Sekhon,Wyatt Sekhon
1669,60711,35221,Urmi Nagarajan,Urmi Nagarajan
96,60713,35222,R Din,Rehaan Din
273,60717,35224,Girish Lad,Girish Lad
1026,60719,35224,T Lata,Tanish Lata
629,60720,35225,George Chopra,George Chopra
1244,60725,35227,Frado Nath,Frado Nath
1347,60735,35233,Gavin Keer,Gavin Keer
1527,60736,35233,saurya Kir,Shaurya Keer
1006,60744,35238,Hemal Deep,Hemal Deep
839,60750,35243,Chatura Kala,Chatura Kala
1082,60759,35249,Faraj Kasyap,Faraj Kashyap
1347,60763,35252,G Keer,Gavin Keer
653,60764,35253,Zayyan Dhaliwal,Zayyan Dhaliwal
1071,60767,35255,Ayush Mohan,Ayush Mohan
657,60771,35257,V. Singh,Victor Singh
731,60773,35259,I. Walla,Isaac Walla
1726,60774,35260,Patrick Chatterji,Patrick Chatterjee
123,60778,35263,Jason Walla,Jason Walla
181,60782,35265,Isaiah Varty,Isaiah Varty
654,60787,35266,Wyatt Sekon,Wyatt Sekhon
926,60791,35268,I Shan,Isaac Shan
833,60795,35270,Chaytanya kare,Chaitanya Khare
564,60798,35273,Avi Handa,Avi Handa
926,60803,35276,Isaac san,Isaac Shan
1699,60806,35279,O Narasimhan,Ojas Narasimhan
1527,60807,35279,S. Keer,Shaurya Keer
1640,60811,35282,Fitan wenkataraman,Fitan Venkataraman
1491,60812,35283,I. Gandhi,Ishwar Gandhi
731,60813,35284,Isaac Walla,Isaac Walla
1639,60815,35285,W Shroff,Warinder Shroff
652,60816,35286,Tanis Mangal,Tanish Mangal
731,60817,35286,Isaac Walla,Isaac Walla
1570,60822,35290,Michael Choudhary,Michael Choudhary
654,60823,35291,Wyatt Sekhon,Wyatt Sekhon
1134,60824,35291,Gunbir Goda,Gunbir Goda
1255,60825,35292,Y Pau,Yatan Pau
838,60829,35296,Jeet Palla,Jeet Palla
123,60831,35297,J. Walla,Jason Walla
1150,60832,35298,Frado Sharaf,Frado Sharaf
604,60842,35304,T Divan,Tarak Divan
653,60843,35304,Zayyan Dhaliwal,Zayyan Dhaliwal
123,60851,35308,J Walla,Jason Walla
1639,60852,35309,W. Shroff,Warinder Shroff
940,60855,35310,Y Saini,Yuvraj Saini
541,60856,35310,Ekapad Chhabra,Ekapad Chhabra
940,60861,35313,Yuvraj Saini,Yuvraj Saini
912,60871,35323,Aryan Dara,Aryan Dara
181,60874,35326,Isayah warty,Isaiah Varty
1006,60877,35328,Hemal Dip,Hemal Deep
989,60878,35329,Balvan Ramesh,Balvan Ramesh
618,60879,35330,Etan Gera,Ethan Gera
608,60888,35335,Chatres Misra,Chatresh Mishra
1699,60889,35336,O Narasimhan,Ojas Narasimhan
1715,60894,35339,K Badal,Krishna Badal
935,60898,35341,C Pal,Chasmum Pal
1491,60899,35341,Ishwar Gandhi,Ishwar Gandhi
839,60904,35343,C. Kala,Chatura Kala
1726,60909,35346,P Chatterjee,Patrick Chatterjee
217,60910,35346,David Garg,David Garg
161,60911,35347,Upkaar Mital,Upkaar Mital
183,60912,35348,Brijesh Balasubramanian,Brijesh Balasubramanian
652,60914,35349,Tanis Mangal,Tanish Mangal
1347,60915,35349,G. Keer,Gavin Keer
1554,60917,35350,Dayamay Magar,Dayamai Magar
1726,60919,35352,Patrick Chatterjee,Patrick Chatterjee
22,60921,35353,Charan Chokshi,Charan Chokshi
989,60922,35353,B. Ramesh,Balvan Ramesh
96,60923,35353,R Din,Rehaan Din
839,60924,35354,C. Kala,Chatura Kala
217,60928,35357,David Garg,David Garg
1120,60930,35357,Faras Dubey,Faras Dubey
1082,60934,35359,Faraj Kasyap,Faraj Kashyap
1134,60935,35359,G Goda,Gunbir Goda
604,60939,35362,Tarak Divan,Tarak Divan
1111,60941,35363,K Basak,Karan Basak
618,60944,35365,Etan Gera,Ethan Gera
613,60950,35367,H Shere,Harini Shere
1150,60951,35367,Frado Sharaf,Frado Sharaf
604,60953,35368,Tarak Diwan,Tarak Divan
1699,60960,35369,Ojas Narasimhan,Ojas Narasimhan
1640,60961,35370,F. Venkataraman,Fitan Venkataraman
1026,60962,35370,Tanish Lata,Tanish Lata
1082,60967,35375,F. Kashyap,Faraj Kashyap
269,60970,35376,L Arora,Luke Arora
1347,60972,35377,Gawin Kir,Gavin Keer
474,60974,35378,Agastya Chowdhury,Agastya Chowdhury
657,60975,35379,Victor Singh,Victor Singh
1726,60977,35381,P Chatterjee,Patrick Chatterjee
989,60978,35382,B Ramesh,Balvan Ramesh
1318,60979,35383,P. Bajwa,Peter Bajwa
629,60986,35386,George Chopra,George Chopra
1527,60989,35389,S Keer,Shaurya Keer
838,60990,35390,J. Palla,Jeet Palla
1082,60991,35390,Faraj Kashyap,Faraj Kashyap
889,60994,35393,Udant Grewal,Udant Grewal
1453,60999,35396,Daksh Mohan,Daksh Mohan
96,61000,35396,R. Din,Rehaan Din
183,61002,35397,Brijesh Balasubramanian,Brijesh Balasubramanian
1639,61003,35397,W. Shroff,Warinder Shroff
1082,61009,35399,F Kashyap,Faraj Kashyap
650,61014,35401,F Kumar,Faqid Kumar
654,61018,35404,W. Sekhon,Wyatt Sekhon
117,61021,35407,A Prakash,Abhiram Prakash
52,61028,35411,P. Tailor,Patrick Tailor
800,61032,35413,Azaan Lala,Azaan Lala
244,61034,35413,A. Sridhar,Alexander Sridhar
889,61038,35415,Udant Grewal,Udant Grewal
1699,61039,35415,O. Narasimhan,Ojas Narasimhan
2,61041,35417,Devansh Mittal,Devansh Mittal
831,61042,35418,L Kumer,Lakshit Kumer
800,61045,35420,Azaan Lala,Azaan Lala
731,61047,35422,I. Walla,Isaac Walla
424,61052,35426,Ryan Dave,Ryan Dave
1462,61058,35429,C Bali,Chakrika Bali
189,61060,35431,E Aurora,Ekbal Aurora
123,61064,35434,J. Walla,Jason Walla
721,61067,35436,Harrison Devan,Harrison Devan
1491,61071,35439,I Gandhi,Ishwar Gandhi
1527,61079,35444,Shaurya Keer,Shaurya Keer
838,61086,35449,J Palla,Jeet Palla
1699,61091,35451,O Narasimhan,Ojas Narasimhan
1026,61092,35452,Tanish Lata,Tanish Lata
604,61097,35455,Tarak Divan,Tarak Divan
1318,61114,35464,Peter Bajwa,Peter Bajwa
652,61125,35470,T. Mangal,Tanish Mangal
1491,61132,35475,Ishwar Gandhi,Ishwar Gandhi
653,61133,35475,Z. Dhaliwal,Zayyan Dhaliwal
654,61134,35476,Wyatt Sekhon,Wyatt Sekhon
653,61136,35477,Zayyan Dhaliwal,Zayyan Dhaliwal
652,61140,35479,Tanis Mangal,Tanish Mangal
1026,61145,35481,Tanish Lata,Tanish Lata
816,61150,35484,K Anand,Kabir Anand
653,61152,35486,Z. Dhaliwal,Zayyan Dhaliwal
1318,61155,35488,P. Bajwa,Peter Bajwa
1150,61156,35489,Frado saraf,Frado Sharaf
652,61158,35491,Tanish Mangal,Tanish Mangal
1781,61167,35498,Wazir Badal,Wazir Badal
889,61170,35498,Udant Grewal,Udant Grewal
1026,61171,35499,Tanis Lata,Tanish Lata
161,61173,35499,Upkaar Mital,Upkaar Mital
1111,61176,35500,K Basak,Karan Basak
618,61179,35502,E Gera,Ethan Gera
261,61181,35503,S. Chahal,Saksham Chahal
887,61182,35503,N Bhasin,Neel Bhasin
608,61188,35508,Chatresh Mishra,Chatresh Mishra
1640,61193,35509,Fitan wenkataraman,Fitan Venkataraman
1284,61195,35510,O Warrior,Oliver Warrior
652,61198,35512,T Mangal,Tanish Mangal
1318,61199,35513,Peter Bajwa,Peter Bajwa
604,61200,35513,Tarak Diwan,Tarak Divan
1340,61201,35514,Wahab Sridhar,Wahab Sridhar
516,61203,35514,S. Bhagat,Sai Bhagat
831,61205,35515,Lakshit Kumer,Lakshit Kumer
261,61206,35516,Saksham Chahal,Saksham Chahal
96,61213,35520,Rehaan Din,Rehaan Din
424,61218,35523,R Dave,Ryan Dave
96,61219,35523,R Din,Rehaan Din
192,61220,35524,Balvan Pingle,Balvan Pingle
1491,61222,35524,I. Gandhi,Ishwar Gandhi
526,61227,35527,Samar Vasa,Samar Vasa
1033,61239,35533,Q Sarkar,Qabil Sarkar
458,61241,35534,Advaith Devan,Advaith Devan
831,61242,35534,Laksit Kumer,Lakshit Kumer
606,61246,35536,Parth Rajagopalan,Parth Rajagopalan
652,61256,35543,Tanish Mangal,Tanish Mangal
798,61257,35543,A. Radhakrishnan,Aryan Radhakrishnan
1640,61258,35543,Fitan Venkataraman,Fitan Venkataraman
1006,61260,35545,Hemal Dip,Hemal Deep
1527,61261,35545,S Keer,Shaurya Keer
800,61265,35548,A. Lala,Azaan Lala
123,61266,35549,J. Walla,Jason Walla
1158,61267,35549,Dominic Banerji,Dominic Banerjee
1023,61272,35552,Kevin Patel,Kevin Patel
1026,61280,35556,Tanish Lata,Tanish Lata
926,61283,35558,I. Shan,Isaac Shan
604,61286,35559,T Divan,Tarak Divan
1244,61295,35564,Frado Nath,Frado Nath
889,61296,35565,U Grewal,Udant Grewal
822,61300,35569,Aadi Raj,Aadi Raj
633,61301,35570,Zashil Shukla,Zashil Shukla
618,61304,35571,Etan Gera,Ethan Gera
500,61305,35572,Hars Badami,Harsh Badami
652,61307,35573,Tanish Mangal,Tanish Mangal
1318,61309,35575,Peter Bajwa,Peter Bajwa
1347,61312,35578,Gavin Keer,Gavin Keer
96,61313,35579,Rehaan Din,Rehaan Din
604,61314,35579,Tarak Divan,Tarak Divan
1071,61315,35580,Ayus Mohan,Ayush Mohan
1318,61319,35582,Peter Bajwa,Peter Bajwa
516,61320,35582,Sai Bhagat,Sai Bhagat
629,61323,35584,George Chopra,George Chopra
926,61329,35586,Isaac Shan,Isaac Shan
604,61335,35590,T Divan,Tarak Divan
1318,61341,35595,Peter Bajwa,Peter Bajwa
1071,61342,35596,Ayush Mohan,Ayush Mohan
654,61344,35597,W. Sekhon,Wyatt Sekhon
822,61345,35598,A. Raj,Aadi Raj
652,61348,35600,Tanis Mangal,Tanish Mangal
1134,61349,35601,G Goda,Gunbir Goda
1640,61350,35601,F Venkataraman,Fitan Venkataraman
1111,61356,35604,K Basak,Karan Basak
652,61361,35608,T Mangal,Tanish Mangal
1244,61363,35609,Frado Nat,Frado Nath
271,61364,35610,Ikbal Som,Ikbal Som
1491,61367,35611,Ishwar Gandhi,Ishwar Gandhi
657,61368,35611,Victor Singh,Victor Singh
1726,61370,35613,P. Chatterjee,Patrick Chatterjee
1026,61371,35614,T Lata,Tanish Lata
1082,61374,35615,Faraj Kasyap,Faraj Kashyap
1640,61378,35619,Fitan Venkataraman,Fitan Venkataraman
1639,61379,35620,Warinder Shroff,Warinder Shroff
1347,61380,35621,Gavin Keer,Gavin Keer
724,61382,35622,Z. Solanki,Zehaan Solanki
1284,61387,35624,Oliwer Warrior,Oliver Warrior
1006,61388,35625,Hemal Deep,Hemal Deep
516,61394,35630,Say Bhagat,Sai Bhagat
800,61396,35630,A Lala,Azaan Lala
96,61397,35631,Rehaan Din,Rehaan Din
1111,61403,35635,Karan Basak,Karan Basak
604,61405,35635,Tarak Diwan,Tarak Divan
693,61406,35636,V Kannan,Vincent Kannan
1284,61409,35638,Oliver Warrior,Oliver Warrior
96,61414,35643,Rehaan Din,Rehaan Din
652,61415,35644,T. Mangal,Tanish Mangal
1491,61416,35644,Iswar Gandhi,Ishwar Gandhi
1082,61418,35645,F Kashyap,Faraj Kashyap
657,61420,35647,wictor Singh,Victor Singh
629,61424,35650,George Chopra,George Chopra
1346,61425,35651,William Morar,William Morar
608,61426,35652,Chatresh Mishra,Chatresh Mishra
1318,61429,35653,Peter Bajwa,Peter Bajwa
657,61431,35655,V. Singh,Victor Singh
608,61437,35660,Chatresh Mishra,Chatresh Mishra
839,61442,35663,Chatura Kala,Chatura Kala
516,61445,35665,S. Bhagat,Sai Bhagat
1318,61446,35666,Peter Bajwa,Peter Bajwa
1244,61448,35666,Frado Nath,Frado Nath
1699,61449,35667,Ojas Narasimhan,Ojas Narasimhan
989,61453,35669,Balvan Ramesh,Balvan Ramesh
1284,61457,35670,O. Warrior,Oliver Warrior
1699,61459,35672,Ojas Narasimhan,Ojas Narasimhan
989,61461,35674,Balwan Rames,Balvan Ramesh
1006,61463,35675,Hemal Dip,Hemal Deep
198,61464,35675,Anika Gara,Anika Gara
458,61467,35677,Advaith Devan,Advaith Devan
608,61468,35678,Chatres Misra,Chatresh Mishra
608,61473,35680,Chatresh Mishra,Chatresh Mishra
424,61478,35682,Ryan Dave,Ryan Dave
652,61482,35684,T Mangal,Tanish Mangal
731,61488,35687,Isaac Walla,Isaac Walla
96,61492,35689,Rehaan Din,Rehaan Din
290,61494,35690,R Deol,Raghav Deol
1150,61496,35691,Frado Sharaf,Frado Sharaf
458,61497,35692,A Devan,Advaith Devan
123,61498,35693,Jason Walla,Jason Walla
183,61501,35695,B Balasubramanian,Brijesh Balasubramanian
123,61502,35696,Jason Walla,Jason Walla
608,61508,35698,Chatresh Mishra,Chatresh Mishra
424,61511,35699,R. Dave,Ryan Dave
653,61514,35700,Zayyan Dhaliwal,Zayyan Dhaliwal
1322,61515,35700,Jack Dewi,Jack Devi
172,61522,35705,Y Bawa,Yash Bawa
1000,61529,35707,K Naik,Kamala Naik
1318,61531,35708,P. Bajwa,Peter Bajwa
123,61532,35708,Jason Walla,Jason Walla
731,61534,35709,Isaac Walla,Isaac Walla
1071,61540,35714,A Mohan,Ayush Mohan
1006,61542,35716,H Deep,Hemal Deep
496,61543,35717,Udant Chauhan,Udant Chauhan
21,61547,35718,Chaitanya Zacharia,Chaitanya Zacharia
989,61549,35720,B Ramesh,Balvan Ramesh
1284,61550,35721,O Warrior,Oliver Warrior
657,61556,35725,wictor Singh,Victor Singh
161,61558,35726,Upkaar Mital,Upkaar Mital
1135,61559,35727,Gunbir Kaur,Gunbir Kaur
516,61562,35729,Sai Bhagat,Sai Bhagat
1134,61563,35730,Gunbir Goda,Gunbir Goda
261,61565,35732,S Chahal,Saksham Chahal
839,61568,35733,C. Kala,Chatura Kala
1071,61571,35735,Ayus Mohan,Ayush Mohan
96,61578,35739,Rehaan Din,Rehaan Din
1284,61583,35743,O. Warrior,Oliver Warrior
1082,61585,35743,F. Kashyap,Faraj Kashyap
458,61588,35744,A. Devan,Advaith Devan
1639,61592,35747,Warinder sroff,Warinder Shroff
1527,61599,35750,S Keer,Shaurya Keer
652,61604,35754,T Mangal,Tanish Mangal
1632,61606,35754,D More,Darpan More
657,61609,35756,Victor Singh,Victor Singh
618,61614,35757,Etan Gera,Ethan Gera
847,61616,35758,Faqid Pillai,Faqid Pillai
1134,61623,35762,G. Goda,Gunbir Goda
652,61624,35763,Tanis Mangal,Tanish Mangal
1284,61625,35763,O. Warrior,Oliver Warrior
1285,61628,35764,K Bhagat,Kamala Bhagat
649,61630,35766,Agastya Gour,Agastya Gour
1026,61631,35767,T. Lata,Tanish Lata
800,61635,35769,Azaan Lala,Azaan Lala
981,61638,35771,Xalak Nagar,Xalak Nagar
217,61641,35773,Dawid Garg,David Garg
1082,61642,35773,Faraj Kashyap,Faraj Kashyap
921,61643,35774,M Sethi,Maanas Sethi
458,61645,35776,Advayth Dewan,Advaith Devan
653,61648,35777,Zayyan Dhaliwal,Zayyan Dhaliwal
652,61650,35778,T. Mangal,Tanish Mangal
775,61653,35780,Onveer Korpal,Onveer Korpal
731,61654,35781,Isaac Walla,Isaac Walla
79,61655,35782,Yashoda Andra,Yashoda Andra
313,61656,35782,Chakradhar Barman,Chakradhar Barman
1284,61657,35783,O. Warrior,Oliver Warrior
1639,61658,35784,W. Shroff,Warinder Shroff
1111,61659,35784,Karan Basak,Karan Basak
1111,61660,35785,K. Basak,Karan Basak
800,61662,35786,Azaan Lala,Azaan Lala
844,61664,35787,Champak Mani,Champak Mani
1284,61665,35788,O Warrior,Oliver Warrior
1418,61666,35789,Vedant Kaur,Vedant Kaur
1082,61669,35791,Faraj Kasyap,Faraj Kashyap
1640,61673,35793,F. Venkataraman,Fitan Venkataraman
1639,61675,35794,Warinder Shroff,Warinder Shroff
1491,61676,35795,I Gandhi,Ishwar Gandhi
1244,61677,35796,Frado Nat,Frado Nath
64,61682,35799,E Rai,Ekapad Rai
1134,61683,35800,G Goda,Gunbir Goda
1134,61684,35801,Gunbir Goda,Gunbir Goda
759,61686,35801,Aadi Sheth,Aadi Sheth
217,61687,35802,David Garg,David Garg
618,61689,35803,E. Gera,Ethan Gera
822,61690,35803,Aadi Raj,Aadi Raj
830,61698,35808,Isaiah Boase,Isaiah Boase
458,61699,35808,A Devan,Advaith Devan
923,61701,35809,Charles Borra,Charles Borra
261,61702,35810,Saksam Chahal,Saksham Chahal
1134,61704,35812,Gunbir Goda,Gunbir Goda
1527,61708,35814,Shaurya Keer,Shaurya Keer
181,61711,35817,Isaiah Varty,Isaiah Varty
989,61712,35817,B Ramesh,Balvan Ramesh
1276,61714,35818,K. Mander,Kai Mander
653,61715,35819,Zayyan Dhaliwal,Zayyan Dhaliwal
604,61720,35821,Tarak Divan,Tarak Divan
1527,61721,35821,Shaurya Keer,Shaurya Keer
731,61724,35822,I Walla,Isaac Walla
161,61727,35825,U. Mital,Upkaar Mital
604,61733,35830,Tarak Diwan,Tarak Divan
653,61739,35832,Zayyan Dhaliwal,Zayyan Dhaliwal
1639,61740,35832,W. Shroff,Warinder Shroff
822,61741,35833,Aadi Raj,Aadi Raj
181,61745,35835,I. Varty,Isaiah Varty
96,61747,35836,R Din,Rehaan Din
608,61748,35836,Chatresh Mishra,Chatresh Mishra
96,61749,35836,Rehaan Din,Rehaan Din
199,61750,35836,Gabriel Nayr,Gabriel Nair
141,61757,35839,Raagini Walia,Raagini Walia
604,61762,35843,Tarak Divan,Tarak Divan
889,61763,35844,Udant Grewal,Udant Grewal
1152,61765,35846,Amol Prasad,Amol Prasad
1389,61767,35848,Atharv Mannan,Atharv Mannan
424,61768,35849,R. Dave,Ryan Dave
1318,61770,35851,Peter Bajwa,Peter Bajwa
1175,61771,35852,Warda Saraf,Warda Saraf
889,61773,35853,U Grewal,Udant Grewal
831,61776,35854,Lakshit Kumer,Lakshit Kumer
1527,61780,35855,S. Keer,Shaurya Keer
889,61789,35862,Udant Grewal,Udant Grewal
1006,61793,35863,Hemal Deep,Hemal Deep
839,61796,35863,Chatura Kala,Chatura Kala
653,61802,35867,Zayyan Dhaliwal,Zayyan Dhaliwal
161,61805,35870,Upkaar Mital,Upkaar Mital
731,61807,35872,Isaac Walla,Isaac Walla
1527,61811,35873,Shaurya Keer,Shaurya Keer
653,61812,35873,Z. Dhaliwal,Zayyan Dhaliwal
1552,61814,35873,C. Ghosh,Christopher Ghosh
831,61815,35874,L Kumer,Lakshit Kumer
217,61817,35876,D Garg,David Garg
1699,61819,35877,O. Narasimhan,Ojas Narasimhan
1150,61821,35879,Frado Sharaf,Frado Sharaf
1111,61822,35880,Karan Basak,Karan Basak
1017,61823,35880,Timoty Ganesan,Timothy Ganesan
1318,61824,35881,P Bajwa,Peter Bajwa
516,61825,35881,Sai Bhagat,Sai Bhagat
750,61826,35881,Chandran Mohanty,Chandran Mohanty
80,61829,35882,Hredhaan Lad,Hredhaan Lad
1527,61842,35890,S Keer,Shaurya Keer
1527,61843,35891,Shaurya Keer,Shaurya Keer
989,61851,35896,B. Ramesh,Balvan Ramesh
735,61853,35898,Januja Manda,Januja Manda
1699,61855,35899,O Narasimhan,Ojas Narasimhan
839,61869,35905,C Kala,Chatura Kala
174,61870,35905,Chanakya Dubey,Chanakya Dubey
1244,61875,35908,Frado Nat,Frado Nath
1726,61876,35908,P. Chatterjee,Patrick Chatterjee
618,61884,35913,Ethan Gera,Ethan Gera
926,61885,35913,Isaac Shan,Isaac Shan
424,61890,35916,Ryan Dave,Ryan Dave
1026,61891,35917,T. Lata,Tanish Lata
1006,61894,35918,Hemal Dip,Hemal Deep
1111,61896,35920,K. Basak,Karan Basak
261,61897,35921,S. Chahal,Saksham Chahal
1006,61899,35923,Hemal Deep,Hemal Deep
1006,61902,35925,H. Deep,Hemal Deep
1284,61906,35928,O. Warrior,Oliver Warrior
217,61918,35938,Dawid Garg,David Garg
657,61920,35939,Victor Singh,Victor Singh
217,61923,35940,D. Garg,David Garg
1347,61926,35942,Gavin Keer,Gavin Keer
516,61928,35944,Sai Bhagat,Sai Bhagat
1071,61929,35945,Ayus Mohan,Ayush Mohan
654,61931,35946,Wyatt Sekhon,Wyatt Sekhon
1639,61938,35949,W. Shroff,Warinder Shroff
657,61940,35950,V. Singh,Victor Singh
1150,61945,35952,Frado Sharaf,Frado Sharaf
176,61953,35955,H. Deol,Hardik Deol
313,61955,35956,Chakradhar Barman,Chakradhar Barman
183,61956,35957,B Balasubramanian,Brijesh Balasubramanian
839,61961,35959,Chatura Kala,Chatura Kala
629,61963,35960,George Chopra,George Chopra
1071,61964,35961,Ayush Mohan,Ayush Mohan
1082,61965,35961,F. Kashyap,Faraj Kashyap
424,61974,35966,R. Dave,Ryan Dave
1726,61976,35966,Patrick Chatterjee,Patrick Chatterjee
614,61977,35967,Alexander Talwar,Alexander Talwar
1356,61980,35968,A Dubey,Ayaan Dubey
1006,61982,35970,Hemal Deep,Hemal Deep
653,61986,35973,Z. Dhaliwal,Zayyan Dhaliwal
1496,61988,35974,Y. Loyal,Yagnesh Loyal
831,61989,35975,Lakshit Kumer,Lakshit Kumer
1111,61990,35975,Karan Basak,Karan Basak
731,61991,35975,Isaac Walla,Isaac Walla
926,62001,35980,I. Shan,Isaac Shan
744,62008,35984,J. Bhatnagar,Jacob Bhatnagar
349,62016,35991,Krishna Rege,Krishna Rege
1134,62023,35995,G Goda,Gunbir Goda
1699,62025,35997,Ojas Narasimhan,Ojas Narasimhan
1026,62033,36001,T Lata,Tanish Lata
618,62035,36002,Etan Gera,Ethan Gera
618,62039,36005,Ethan Gera,Ethan Gera
1026,62044,36007,T. Lata,Tanish Lata
1491,62056,36012,Ishwar Gandhi,Ishwar Gandhi
926,62059,36014,Isaac Shan,Isaac Shan
926,62060,36014,I. Shan,Isaac Shan
1535,62062,36015,P Padmanabhan,Pavani Padmanabhan
1527,62068,36017,Shaurya Keer,Shaurya Keer
1150,62071,36018,F. Sharaf,Frado Sharaf
652,62080,36021,T. Mangal,Tanish Mangal
183,62081,36022,Brijesh Balasubramanian,Brijesh Balasubramanian
1079,62090,36029,Caleb Chaudhary,Caleb Chaudhary
1639,62092,36030,Warinder Shroff,Warinder Shroff
339,62094,36032,Xalak sukla,Xalak Shukla
1026,62098,36036,T. Lata,Tanish Lata
926,62103,36038,Isaac Shan,Isaac Shan
608,62107,36039,Chatres Misra,Chatresh Mishra
1347,62112,36042,Gavin Keer,Gavin Keer
1640,62116,36044,Fitan wenkataraman,Fitan Venkataraman
618,62119,36047,E Gera,Ethan Gera
800,62120,36048,Azaan Lala,Azaan Lala
800,62129,36052,A. Lala,Azaan Lala
1071,62130,36053,Ayush Mohan,Ayush Mohan
1699,62133,36055,O Narasimhan,Ojas Narasimhan
1150,62134,36055,Frado Sharaf,Frado Sharaf
458,62137,36058,A. Devan,Advaith Devan
1387,62139,36060,Chatresh Ravel,Chatresh Ravel
1527,62144,36062,saurya Kir,Shaurya Keer
822,62147,36064,Aadi Raj,Aadi Raj
123,62149,36065,Jason Walla,Jason Walla
1082,62150,36065,F. Kashyap,Faraj Kashyap
1726,62153,36066,Patrick Chatterjee,Patrick Chatterjee
161,62156,36069,U Mital,Upkaar Mital
604,62158,36070,T Divan,Tarak Divan
433,62161,36072,Pranit Balan,Pranit Balan
778,62164,36074,Gaurav Chada,Gaurav Chada
1481,62176,36081,R Lall,Robert Lall
1522,62177,36082,A Mukhopadhyay,Aarush Mukhopadhyay
311,62178,36083,Kabir wirk,Kabir Virk
382,62181,36084,Wriddhish Banik,Wriddhish Banik
1772,62183,36085,Imaran Dixit,Imaran Dixit
166,62189,36087,Lohit Rajagopalan,Lohit Rajagopalan
1110,62191,36089,Falan Chadha,Falan Chadha
899,62194,36091,Ikbal Lala,Ikbal Lala
576,62196,36091,Y Varma,Yatin Varma
1223,62201,36093,J Merchant,Jeremiah Merchant
724,62204,36094,Z Solanki,Zehaan Solanki
886,62209,36098,K. Maharaj,Kamala Maharaj
886,62211,36099,K Maharaj,Kamala Maharaj
1324,62213,36099,Kamala Sankaran,Kamala Sankaran
21,62216,36101,C Zacharia,Chaitanya Zacharia
259,62220,36104,William kalsa,William Khalsa
790,62222,36105,Raghaw Madan,Raghav Madan
182,62226,36108,Imaran Mann,Imaran Mann
332,62228,36110,Manbir Narasimhan,Manbir Narasimhan
1421,62233,36111,Siddhart Modi,Siddharth Modi
175,62234,36111,N. Parmar,Nachiket Parmar
1630,62237,36114,C Dani,Chandresh Dani
899,62241,36117,Ikbal Lala,Ikbal Lala
1110,62245,36119,Falan Chadha,Falan Chadha
851,62248,36120,Etan Sama,Ethan Sama
877,62251,36122,Ayush Rajan,Ayush Rajan
885,62253,36123,N. Agrawal,Nicholas Agrawal
810,62254,36124,A Merchant,Avi Merchant
784,62261,36128,George Peri,George Peri
1556,62266,36133,Yasti Mukherji,Yasti Mukherjee
859,62269,36136,H. Gaba,Hredhaan Gaba
1151,62270,36137,Tirth Nayak,Teerth Nayak
1237,62271,36138,Anmol Kaul,Anmol Kaul
78,62278,36144,I. Dhaliwal,Isaac Dhaliwal
78,62279,36145,I Dhaliwal,Isaac Dhaliwal
594,62280,36146,B. Chhabra,Bachittar Chhabra
1158,62281,36146,Dominic Banerjee,Dominic Banerjee
1192,62282,36147,Chandresh Manda,Chandresh Manda
1692,62284,36148,G Choudhury,Gagan Choudhury
72,62287,36149,Awi Mangat,Avi Mangat
1556,62288,36150,Y. Mukherjee,Yasti Mukherjee
1324,62290,36150,Kamala Sankaran,Kamala Sankaran
886,62292,36151,K Maharaj,Kamala Maharaj
585,62294,36153,J. Chada,Jack Chada
1277,62299,36157,Jeet Chand,Jeet Chand
1481,62304,36159,Robert Lall,Robert Lall
311,62307,36160,K. Virk,Kabir Virk
737,62313,36165,B Madan,Balendra Madan
1555,62315,36167,G. Swamy,Gunbir Swamy
147,62317,36168,Jairaj Oza,Jairaj Oza
788,62318,36168,Qadim Batra,Qadim Batra
429,62320,36169,Faris Dhawan,Faris Dhawan
359,62323,36171,Vivaan Bassi,Vivaan Bassi
888,62325,36171,E. D’Alia,Ekalinga D’Alia
1261,62332,36174,G. Borah,Guneet Borah
1378,62333,36175,Nilima Korpal,Nilima Korpal
855,62334,36176,Nihal Hora,Nihal Hora
594,62338,36178,Bachittar Chhabra,Bachittar Chhabra
1223,62339,36179,Jeremiah Merchant,Jeremiah Merchant
332,62340,36179,M. Narasimhan,Manbir Narasimhan
1261,62341,36180,Guneet Borah,Guneet Borah
166,62343,36182,Lohit Rajagopalan,Lohit Rajagopalan
851,62345,36182,Ethan Sama,Ethan Sama
1780,62351,36185,B. Basak,Brijesh Basak
1202,62354,36187,Tejas Parsa,Tejas Parsa
162,62357,36190,Yasti Ganguly,Yasti Ganguly
1238,62359,36191,Zashil Bhatia,Zashil Bhatia
548,62363,36195,Veda Prabhu,Veda Prabhu
1618,62364,36196,Aryan Bedi,Aryan Bedi
780,62365,36197,Onveer Panchal,Onveer Panchal
835,62370,36201,Jonathan Virk,Jonathan Virk
882,62372,36203,Reyansh Vaidya,Reyansh Vaidya
1772,62377,36205,I Dixit,Imaran Dixit
1223,62378,36205,Jeremiah Merchant,Jeremiah Merchant
882,62380,36207,R. Vaidya,Reyansh Vaidya
724,62385,36211,Z. Solanki,Zehaan Solanki
820,62386,36212,D Ahuja,Darsh Ahuja
7,62387,36212,Rishi Magar,Rishi Magar
1303,62388,36212,Laksh Mohan,Laksh Mohan
166,62389,36213,Lohit Rajagopalan,Lohit Rajagopalan
570,62391,36214,Yashawini Chacko,Yashawini Chacko
750,62397,36216,C. Mohanty,Chandran Mohanty
1000,62403,36218,K. Naik,Kamala Naik
851,62407,36219,Etan Sama,Ethan Sama
886,62410,36221,Kamala Maharaj,Kamala Maharaj
332,62411,36222,Manbir Narasimhan,Manbir Narasimhan
1023,62420,36228,K. Patel,Kevin Patel
147,62426,36231,Jayraj Oza,Jairaj Oza
1232,62428,36232,Umang Ahluwalia,Umang Ahluwalia
790,62429,36233,Raghav Madan,Raghav Madan
899,62435,36237,I Lala,Ikbal Lala
1753,62439,36239,A Divan,Arjun Divan
1303,62440,36240,Laksh Mohan,Laksh Mohan
899,62443,36241,I Lala,Ikbal Lala
1630,62444,36242,Chandres Dani,Chandresh Dani
166,62448,36244,L. Rajagopalan,Lohit Rajagopalan
1772,62451,36244,I Dixit,Imaran Dixit
1223,62452,36245,Jeremiah Merchant,Jeremiah Merchant
259,62457,36248,William Khalsa,William Khalsa
576,62458,36248,Y Varma,Yatin Varma
743,62467,36252,Kashwi Sodhi,Kashvi Sodhi
835,62468,36252,J Virk,Jonathan Virk
899,62469,36253,Ikbal Lala,Ikbal Lala
594,62470,36254,B Chhabra,Bachittar Chhabra
1192,62473,36255,C Manda,Chandresh Manda
1784,62477,36257,Patrick Oza,Patrick Oza
851,62480,36259,E Sama,Ethan Sama
1378,62483,36260,Nilima Korpal,Nilima Korpal
942,62486,36261,Champak Tripathi,Champak Tripathi
65,62487,36262,A. Sanghvi,Anjali Sanghvi
1202,62494,36265,Tejas Parsa,Tejas Parsa
1797,62495,36266,Zayan Pillai,Zayan Pillai
742,62496,36266,Udars sankar,Udarsh Shankar
899,62504,36271,Ikbal Lala,Ikbal Lala
147,62505,36271,Jayraj Oza,Jairaj Oza
1421,62508,36273,Siddharth Modi,Siddharth Modi
788,62510,36274,Q. Batra,Qadim Batra
594,62511,36274,Bachittar Chhabra,Bachittar Chhabra
1421,62516,36278,S. Modi,Siddharth Modi
1729,62518,36279,S Gade,Saksham Gade
30,62523,36282,N Minhas,Nakul Minhas
1238,62524,36282,Z Bhatia,Zashil Bhatia
1702,62529,36285,Max Hayer,Max Hayer
1277,62531,36286,Jeet Chand,Jeet Chand
1727,62532,36286,P. Bajaj,Peter Bajaj
7,62533,36286,Rishi Magar,Rishi Magar
1702,62544,36292,Max Hayer,Max Hayer
1556,62547,36294,Yasti Mukherjee,Yasti Mukherjee
30,62548,36295,N Minhas,Nakul Minhas
1110,62549,36296,Falan Chadha,Falan Chadha
888,62556,36299,Ekalinga D’Alia,Ekalinga D’Alia
1799,62558,36300,V. Sangha,Vedant Sangha
1481,62560,36301,Robert Lall,Robert Lall
1580,62564,36302,N Hora,Nakul Hora
1232,62565,36302,U Ahluwalia,Umang Ahluwalia
51,62570,36305,Krisna Arya,Krishna Arya
1702,62572,36307,Max Hayer,Max Hayer
1626,62573,36308,A Sangha,Atharv Sangha
501,62576,36310,E. Balakrishnan,Ethan Balakrishnan
389,62577,36311,Gunit Sarma,Guneet Sarma
787,62578,36312,S Kothari,Siddharth Kothari
1277,62582,36314,Jit Chand,Jeet Chand
780,62585,36317,Onveer Panchal,Onveer Panchal
1522,62589,36319,Aarush Mukhopadhyay,Aarush Mukhopadhyay
1054,62590,36320,Vidhi Arya,Vidhi Arya
1421,62595,36323,S. Modi,Siddharth Modi
1421,62596,36324,S. Modi,Siddharth Modi
1561,62598,36326,Yatin Seth,Yatin Seth
382,62603,36328,W. Banik,Wriddhish Banik
877,62605,36329,A Rajan,Ayush Rajan
1303,62607,36330,L. Mohan,Laksh Mohan
1421,62611,36332,Siddhart Modi,Siddharth Modi
304,62612,36333,B. Comar,Balendra Comar
1105,62613,36333,A Chakraborty,Aditya Chakraborty
1630,62614,36334,Chandresh Dani,Chandresh Dani
147,62615,36335,J. Oza,Jairaj Oza
560,62616,36336,Darpan Mangal,Darpan Mangal
389,62622,36338,Gunit Sarma,Guneet Sarma
1023,62623,36339,Kevin Patel,Kevin Patel
750,62624,36339,Chandran Mohanty,Chandran Mohanty
876,62627,36340,Yatan Dasgupta,Yatan Dasgupta
674,62629,36341,F. Goswami,Falan Goswami
51,62636,36344,Krisna Arya,Krishna Arya
1772,62637,36345,Imaran Dixit,Imaran Dixit
820,62641,36347,Darsh Ahuja,Darsh Ahuja
382,62643,36348,Wriddhish Banik,Wriddhish Banik
1110,62647,36349,F. Chadha,Falan Chadha
382,62648,36350,Wriddhish Banik,Wriddhish Banik
790,62654,36353,R Madan,Raghav Madan
896,62660,36356,Hritik Kale,Hritik Kale
1580,62666,36361,Nakul Hora,Nakul Hora
1692,62682,36366,G Choudhury,Gagan Choudhury
259,62684,36367,W Khalsa,William Khalsa
787,62689,36371,Siddharth Kothari,Siddharth Kothari
886,62690,36372,Kamala Maharaj,Kamala Maharaj
896,62691,36373,Hritik Kale,Hritik Kale
1692,62694,36374,Gagan Choudhury,Gagan Choudhury
1485,62695,36374,Chanakya Bera,Chanakya Bera
1485,62700,36377,C Bera,Chanakya Bera
259,62701,36377,William Khalsa,William Khalsa
1122,62702,36378,Xawier Parek,Xavier Parekh
72,62704,36379,A Mangat,Avi Mangat
304,62706,36381,Balendra Comar,Balendra Comar
1110,62708,36382,Falan Chadha,Falan Chadha
1350,62710,36383,F Rout,Frado Rout
1618,62715,36386,Aryan Bedi,Aryan Bedi
820,62717,36387,Darsh Ahuja,Darsh Ahuja
311,62718,36387,Kabir wirk,Kabir Virk
382,62719,36388,W Banik,Wriddhish Banik
1580,62731,36393,Nakul Hora,Nakul Hora
1348,62734,36396,T Sha,Tarak Sha
72,62736,36397,A Mangat,Avi Mangat
790,62739,36399,Raghaw Madan,Raghav Madan
1261,62740,36400,G Borah,Guneet Borah
359,62743,36401,V Bassi,Vivaan Bassi
787,62746,36402,Siddhart Kotari,Siddharth Kothari
1055,62747,36403,Timoty Lall,Timothy Lall
750,62749,36404,Chandran Mohanty,Chandran Mohanty
1186,62751,36405,Siddharth Shroff,Siddharth Shroff
1651,62761,36411,Lakshit Bal,Lakshit Bal
810,62763,36412,A. Merchant,Avi Merchant
65,62766,36415,Anjali Sanghvi,Anjali Sanghvi
743,62768,36416,Kashvi Sodhi,Kashvi Sodhi
1277,62774,36419,Jeet Chand,Jeet Chand
1625,62775,36419,S. Kala,Sarthak Kala
740,62776,36419,Gauraw Sarma,Gaurav Sarma
1780,62785,36422,B Basak,Brijesh Basak
1556,62787,36422,Yasti Mukherji,Yasti Mukherjee
882,62791,36425,Reyans Vaydya,Reyansh Vaidya
1421,62792,36426,Siddhart Modi,Siddharth Modi
1421,62794,36428,Siddhart Modi,Siddharth Modi
65,62796,36429,Anjali Sanghwi,Anjali Sanghvi
1105,62799,36431,Aditya Chakraborty,Aditya Chakraborty
1192,62800,36431,C Manda,Chandresh Manda
1481,62802,36432,Robert Lall,Robert Lall
851,62808,36435,Etan Sama,Ethan Sama
389,62811,36437,Guneet Sarma,Guneet Sarma
877,62812,36437,Ayush Rajan,Ayush Rajan
1609,62814,36438,I Shankar,Ira Shankar
1481,62816,36439,Robert Lall,Robert Lall
864,62817,36439,W Bose,Wahab Bose
1083,62819,36441,Victor Majumdar,Victor Majumdar
820,62820,36442,Darsh Ahuja,Darsh Ahuja
1202,62822,36444,Tejas Parsa,Tejas Parsa
864,62827,36448,W Bose,Wahab Bose
304,62829,36450,B Comar,Balendra Comar
1630,62831,36451,Chandresh Dani,Chandresh Dani
576,62833,36452,Y Varma,Yatin Varma
788,62837,36455,Qadim Batra,Qadim Batra
594,62838,36455,Bachittar Chhabra,Bachittar Chhabra
1192,62842,36457,C. Manda,Chandresh Manda
787,62847,36458,Siddharth Kothari,Siddharth Kothari
750,62862,36466,C. Mohanty,Chandran Mohanty
1470,62864,36468,F Om,Faris Om
1557,62865,36469,A. Shukla,Anirudh Shukla
750,62867,36471,C. Mohanty,Chandran Mohanty
147,62876,36478,Jayraj Oza,Jairaj Oza
740,62880,36481,Gauraw Sarma,Gaurav Sarma
882,62884,36483,Reyansh Vaidya,Reyansh Vaidya
1277,62885,36484,Jeet Chand,Jeet Chand
166,62886,36485,Lohit Rajagopalan,Lohit Rajagopalan
65,62887,36485,Anjali Sanghvi,Anjali Sanghvi
332,62888,36486,Manbir Narasimhan,Manbir Narasimhan
724,62890,36487,Zehaan Solanki,Zehaan Solanki
65,62892,36488,Anjali Sanghwi,Anjali Sanghvi
788,62894,36489,Qadim Batra,Qadim Batra
785,62901,36492,O Ahuja,Orinder Ahuja
1202,62904,36493,T. Parsa,Tejas Parsa
680,62905,36493,A. Mishra,Anthony Mishra
790,62909,36497,R Madan,Raghav Madan
51,62910,36498,Krishna Arya,Krishna Arya
332,62915,36502,Manbir Narasimhan,Manbir Narasimhan
886,62917,36503,Kamala Maharaj,Kamala Maharaj
30,62918,36504,N. Minhas,Nakul Minhas
1223,62920,36505,J Merchant,Jeremiah Merchant
576,62925,36508,Y Varma,Yatin Varma
1772,62932,36510,I Dixit,Imaran Dixit
548,62933,36510,Veda Prabhu,Veda Prabhu
1644,62934,36510,W Kumer,Wyatt Kumer
1105,62936,36511,A Chakraborty,Aditya Chakraborty
877,62938,36512,Ayush Rajan,Ayush Rajan
882,62939,36513,R. Vaidya,Reyansh Vaidya
1556,62940,36513,Yasti Mukherjee,Yasti Mukherjee
864,62942,36514,Wahab Bose,Wahab Bose
1202,62944,36516,T. Parsa,Tejas Parsa
72,62950,36519,A. Mangat,Avi Mangat
1561,62952,36520,Yatin Seth,Yatin Seth
51,62954,36522,K Arya,Krishna Arya
788,62958,36525,Q Batra,Qadim Batra
835,62959,36526,Jonathan Virk,Jonathan Virk
835,62961,36528,Jonathan Virk,Jonathan Virk
1261,62971,36536,G Borah,Guneet Borah
780,62973,36538,O Panchal,Onveer Panchal
1238,62974,36538,Zashil Bhatia,Zashil Bhatia
548,62978,36541,V Prabhu,Veda Prabhu
1563,62980,36541,Harrison Modi,Harrison Modi
304,62987,36547,Balendra Comar,Balendra Comar
332,62995,36551,Manbir Narasimhan,Manbir Narasimhan
940,62996,36552,Y. Saini,Yuvraj Saini
750,62999,36554,Chandran Mohanty,Chandran Mohanty
851,63011,36561,Etan Sama,Ethan Sama
835,63014,36563,Jonathan Virk,Jonathan Virk
851,63020,36567,Ethan Sama,Ethan Sama
820,63026,36570,D. Ahuja,Darsh Ahuja
1702,63027,36571,Max Hayer,Max Hayer
548,63029,36572,V. Prabhu,Veda Prabhu
594,63030,36572,B Chhabra,Bachittar Chhabra
1324,63033,36574,Kamala Sankaran,Kamala Sankaran
1299,63035,36574,Kay Kapur,Kai Kapoor
1277,63037,36575,Jeet Chand,Jeet Chand
978,63041,36579,Advay Purohit,Advay Purohit
785,63044,36580,O Ahuja,Orinder Ahuja
389,63046,36582,G Sarma,Guneet Sarma
576,63048,36583,Yatin Varma,Yatin Varma
877,63054,36586,A. Rajan,Ayush Rajan
1421,63057,36587,S Modi,Siddharth Modi
1110,63064,36592,Falan Chadha,Falan Chadha
1512,63065,36592,Caleb Bat,Caleb Bath
78,63067,36594,Isaac Dhaliwal,Isaac Dhaliwal
1378,63068,36594,N Korpal,Nilima Korpal
7,63069,36594,R. Magar,Rishi Magar
1023,63073,36597,K Patel,Kevin Patel
864,63077,36600,W. Bose,Wahab Bose
882,63081,36602,R Vaidya,Reyansh Vaidya
1209,63088,36606,Ekans Magar,Ekansh Magar
750,63090,36607,Chandran Mohanty,Chandran Mohanty
282,63093,36608,Anirudh Prabhu,Anirudh Prabhu
896,63095,36609,Hritik Kale,Hritik Kale
1192,63096,36610,Chandres Manda,Chandresh Manda
877,63097,36611,Ayus Rajan,Ayush Rajan
787,63098,36612,S Kothari,Siddharth Kothari
594,63099,36613,Bachittar Chhabra,Bachittar Chhabra
1339,63100,36613,S. Dass,Shivansh Dass
1378,63102,36615,Nilima Korpal,Nilima Korpal
382,63103,36615,W Banik,Wriddhish Banik
851,63104,36615,E. Sama,Ethan Sama
1391,63105,36616,R. Gade,Ranveer Gade
1697,63109,36618,A. Bhagat,Anay Bhagat
820,63110,36619,Darsh Ahuja,Darsh Ahuja
724,63112,36620,Zehaan Solanki,Zehaan Solanki
1202,63113,36620,T Parsa,Tejas Parsa
232,63114,36620,Owen Gara,Owen Gara
1324,63116,36621,K. Sankaran,Kamala Sankaran
102,63126,36627,L Borde,Lopa Borde
124,63127,36627,Zayan Chauhan,Zayan Chauhan
1580,63128,36627,N Hora,Nakul Hora
1121,63129,36628,Vincent Wali,Vincent Wali
332,63130,36629,Manbir Narasimhan,Manbir Narasimhan
1729,63131,36629,Saksam Gade,Saksham Gade
864,63132,36630,Wahab Bose,Wahab Bose
750,63136,36631,C. Mohanty,Chandran Mohanty
886,63137,36632,Kamala Maharaj,Kamala Maharaj
166,63141,36634,Lohit Rajagopalan,Lohit Rajagopalan
1192,63142,36634,C. Manda,Chandresh Manda
1107,63151,36637,Abir Dass,Abeer Dass
1232,63152,36638,U Ahluwalia,Umang Ahluwalia
1324,63153,36639,K. Sankaran,Kamala Sankaran
820,63154,36640,D. Ahuja,Darsh Ahuja
851,63158,36641,Ethan Sama,Ethan Sama
1378,63159,36642,N. Korpal,Nilima Korpal
886,63160,36642,K. Maharaj,Kamala Maharaj
1470,63161,36643,Faris Om,Faris Om
899,63165,36645,I. Lala,Ikbal Lala
7,63166,36646,Rishi Magar,Rishi Magar
864,63170,36648,W Bose,Wahab Bose
304,63171,36649,B Comar,Balendra Comar
1023,63172,36650,K. Patel,Kevin Patel
1618,63173,36650,A Bedi,Aryan Bedi
1151,63178,36653,Teerth Nayak,Teerth Nayak
888,63182,36655,E D’Alia,Ekalinga D’Alia
743,63183,36656,Kashvi Sodhi,Kashvi Sodhi
790,63186,36658,R Madan,Raghav Madan
72,63187,36658,Awi Mangat,Avi Mangat
548,63189,36660,Veda Prabhu,Veda Prabhu
72,63193,36662,Awi Mangat,Avi Mangat
788,63194,36663,Qadim Batra,Qadim Batra
899,63195,36663,Ikbal Lala,Ikbal Lala
332,63199,36665,Manbir Narasimhan,Manbir Narasimhan
1178,63201,36666,Ikbal Barad,Ikbal Barad
1192,63203,36667,C Manda,Chandresh Manda
30,63206,36669,Nakul Minhas,Nakul Minhas
1023,63208,36670,Kevin Patel,Kevin Patel
1105,63213,36674,A Chakraborty,Aditya Chakraborty
1729,63218,36676,Saksham Gade,Saksham Gade
1023,63220,36677,K. Patel,Kevin Patel
1470,63222,36678,Faris Om,Faris Om
899,63223,36678,Ikbal Lala,Ikbal Lala
1110,63226,36679,F. Chadha,Falan Chadha
166,63231,36682,L. Rajagopalan,Lohit Rajagopalan
750,63232,36683,Chandran Mohanty,Chandran Mohanty
1277,63233,36683,Jeet Chand,Jeet Chand
1522,63240,36688,Aarush Mukhopadhyay,Aarush Mukhopadhyay
888,63243,36691,E D’Alia,Ekalinga D’Alia
1556,63246,36692,Yasti Mukerjee,Yasti Mukherjee
332,63254,36695,M Narasimhan,Manbir Narasimhan
51,63256,36696,Krishna Arya,Krishna Arya
1743,63258,36696,O Bala,Onveer Bala
899,63259,36696,I. Lala,Ikbal Lala
1644,63261,36697,Wyatt Kumer,Wyatt Kumer
788,63266,36699,Q. Batra,Qadim Batra
724,63267,36700,Z Solanki,Zehaan Solanki
565,63269,36701,Ayush Sahni,Ayush Sahni
882,63277,36705,R Vaidya,Reyansh Vaidya
382,63279,36707,W Banik,Wriddhish Banik
271,63283,36708,Ikbal Som,Ikbal Som
886,63285,36709,K. Maharaj,Kamala Maharaj
51,63299,36718,Krishna Arya,Krishna Arya
1223,63301,36720,J Merchant,Jeremiah Merchant
877,63308,36723,Ayush Rajan,Ayush Rajan
1232,63311,36725,U. Ahluwalia,Umang Ahluwalia
871,63313,36726,Finn Seth,Finn Seth
750,63316,36728,Chandran Mohanty,Chandran Mohanty
931,63320,36730,Charles Ganesh,Charles Ganesh
1261,63326,36733,Guneet Borah,Guneet Borah
332,63329,36736,Manbir Narasimhan,Manbir Narasimhan
1780,63336,36741,Brijesh Basak,Brijesh Basak
332,63337,36742,M. Narasimhan,Manbir Narasimhan
30,63344,36746,Nakul Minhas,Nakul Minhas
780,63345,36747,O Panchal,Onveer Panchal
1485,63356,36752,Chanakya Bera,Chanakya Bera
816,63365,36756,Kabir Anand,Kabir Anand
1378,63368,36759,N. Korpal,Nilima Korpal
851,63371,36761,E. Sama,Ethan Sama
715,63374,36762,Yatin Ramaswamy,Yatin Ramaswamy
893,63376,36764,Neel Master,Neel Master
1626,63377,36764,Atharv Sangha,Atharv Sangha
1378,63378,36764,Nilima Korpal,Nilima Korpal
1202,63380,36765,Tejas Parsa,Tejas Parsa
820,63383,36768,D Ahuja,Darsh Ahuja
51,63385,36770,Krisna Arya,Krishna Arya
1686,63386,36771,Ayaan Balay,Ayaan Balay
896,63387,36771,Hritik Kale,Hritik Kale
835,63389,36772,Jonatan wirk,Jonathan Virk
576,63397,36775,Yatin Varma,Yatin Varma
147,63400,36777,Jairaj Oza,Jairaj Oza
868,63401,36777,N Gupta,Neel Gupta
389,63409,36781,G Sarma,Guneet Sarma
797,63410,36781,A Bal,Aditya Bal
443,63411,36782,Ekaraj Peri,Ekaraj Peri
1202,63412,36783,Tejas Parsa,Tejas Parsa
750,63413,36783,Chandran Mohanty,Chandran Mohanty
1378,63414,36783,Nilima Korpal,Nilima Korpal
1580,63415,36784,Nakul Hora,Nakul Hora
332,63420,36788,Manbir Narasimhan,Manbir Narasimhan
743,63422,36788,Kashvi Sodhi,Kashvi Sodhi
1252,63436,36797,Chandran Dewan,Chandran Devan
1324,63437,36797,Kamala Sankaran,Kamala Sankaran
1110,63438,36798,Falan Chadha,Falan Chadha
1192,63444,36801,C Manda,Chandresh Manda
1630,63449,36803,C Dani,Chandresh Dani
259,63450,36804,W Khalsa,William Khalsa
1023,63452,36804,Kevin Patel,Kevin Patel
151,63456,36806,Wahab Kant,Wahab Kant
899,63458,36808,Ikbal Lala,Ikbal Lala
896,63460,36809,Hritik Kale,Hritik Kale
1630,63462,36810,C. Dani,Chandresh Dani
1277,63464,36812,J Chand,Jeet Chand
72,63465,36813,A Mangat,Avi Mangat
1192,63466,36813,C Manda,Chandresh Manda
1303,63467,36814,Laks Mohan,Laksh Mohan
1192,63471,36818,Chandres Manda,Chandresh Manda
810,63472,36818,Avi Merchant,Avi Merchant
1470,63473,36818,Faris Om,Faris Om
166,63481,36823,Lohit Rajagopalan,Lohit Rajagopalan
359,63488,36827,Vivaan Bassi,Vivaan Bassi
820,63492,36828,Dars Ahuja,Darsh Ahuja
835,63493,36828,Jonathan Virk,Jonathan Virk
1421,63495,36830,S Modi,Siddharth Modi
1151,63496,36831,Teerth Nayak,Teerth Nayak
882,63497,36832,Reyansh Vaidya,Reyansh Vaidya
1616,63500,36834,Tarak Kulkarni,Tarak Kulkarni
30,63501,36834,N Minhas,Nakul Minhas
921,63506,36838,M. Sethi,Maanas Sethi
1430,63507,36838,G Korpal,Guneet Korpal
1430,63509,36838,Guneet Korpal,Guneet Korpal
1631,63510,36839,E. Sastry,Ekavir Sastry
1631,63511,36839,E. Sastry,Ekavir Sastry
1536,63514,36841,Chaitanya Ramakrishnan,Chaitanya Ramakrishnan
558,63515,36841,Z Johal,Zaitra Johal
1072,63518,36844,Pahal Sekhon,Pahal Sekhon
466,63521,36846,Laban Hans,Laban Hans
35,63524,36849,Teerth Sha,Teerth Sha
1194,63529,36853,Harish Sanghvi,Harish Sanghvi
905,63531,36855,Neel Guha,Neel Guha
1622,63534,36857,B Badami,Brijesh Badami
1194,63536,36857,Haris Sanghwi,Harish Sanghvi
1108,63537,36858,E Mitra,Ekalinga Mitra
921,63538,36859,Maanas Sethi,Maanas Sethi
1455,63542,36861,Bhavani Batra,Bhavani Batra
1255,63545,36862,Yatan Pau,Yatan Pau
897,63548,36863,Vansa sroff,Vansha Shroff
685,63550,36864,A. Comar,Aarnav Comar
441,63551,36865,I Shah,Ishita Shah
976,63554,36867,Balhaar Goel,Balhaar Goel
602,63555,36868,Abhiram Mani,Abhiram Mani
1680,63559,36869,F Mani,Finn Mani
188,63564,36872,Anmol Prasad,Anmol Prasad
616,63566,36872,G Dhingra,Girindra Dhingra
1631,63568,36874,E Sastry,Ekavir Sastry
558,63569,36874,Z Johal,Zaitra Johal
1255,63570,36875,Yatan Pau,Yatan Pau
921,63576,36878,Maanas Sethi,Maanas Sethi
188,63578,36880,A Prasad,Anmol Prasad
724,63580,36881,Z Solanki,Zehaan Solanki
1133,63583,36882,Girik Bhargawa,Girik Bhargava
1126,63585,36883,Abdul Naidu,Abdul Naidu
1113,63586,36884,Sanya Chandran,Sanya Chandran
1787,63587,36885,Ronith Sunder,Ronith Sunder
1438,63594,36889,J Parsa,Jeet Parsa
669,63595,36890,Udant Gupta,Udant Gupta
140,63599,36893,Mitesh Radhakrishnan,Mitesh Radhakrishnan
1292,63601,36894,Iswar Pall,Ishwar Pall
881,63603,36895,A Saran,Anay Saran
669,63607,36898,U Gupta,Udant Gupta
975,63619,36904,Banjeet Halder,Banjeet Halder
466,63622,36907,L Hans,Laban Hans
140,63629,36910,Mitesh Radhakrishnan,Mitesh Radhakrishnan
669,63632,36913,Udant Gupta,Udant Gupta
433,63634,36914,Pranit Balan,Pranit Balan
801,63637,36915,Samart Ray,Samarth Ray
1438,63641,36917,Jeet Parsa,Jeet Parsa
964,63645,36920,L Mandal,Luke Mandal
916,63646,36921,Akshay Sridhar,Akshay Sridhar
1751,63647,36922,C. Bandi,Chaitanya Bandi
1135,63649,36922,Gunbir Kaur,Gunbir Kaur
1213,63660,36928,Z. Mohan,Zehaan Mohan
558,63662,36930,Zaitra Johal,Zaitra Johal
921,63668,36935,M Sethi,Maanas Sethi
669,63669,36936,Udant Gupta,Udant Gupta
140,63673,36938,Mites Radhakrisnan,Mitesh Radhakrishnan
976,63676,36940,B Goel,Balhaar Goel
881,63680,36942,Anay Saran,Anay Saran
881,63681,36942,Anay Saran,Anay Saran
1108,63682,36942,E Mitra,Ekalinga Mitra
515,63683,36943,Faqid Halder,Faqid Halder
1345,63686,36945,Amaira Anand,Amaira Anand
732,63687,36946,U. Dyal,Udyati Dyal
1424,63692,36949,I. Vohra,Isaac Vohra
1090,63694,36950,Faraj Bhavsar,Faraj Bhavsar
515,63695,36951,F. Halder,Faqid Halder
905,63697,36952,Neel Guha,Neel Guha
732,63702,36956,U. Dyal,Udyati Dyal
732,63710,36960,U Dyal,Udyati Dyal
1049,63711,36961,A. Chaudhary,Azaan Chaudhary
1049,63716,36964,A. Chaudhary,Azaan Chaudhary
513,63718,36965,Haris Dugar,Harish Dugar
1194,63720,36966,Harish Sanghvi,Harish Sanghvi
1090,63722,36967,F Bhavsar,Faraj Bhavsar
1049,63724,36967,A Chaudhary,Azaan Chaudhary
32,63726,36969,A. Edwin,Aditya Edwin
485,63727,36970,Ranbir Chana,Ranbir Chana
1430,63729,36972,G. Korpal,Guneet Korpal
32,63733,36976,Aditya Edwin,Aditya Edwin
32,63735,36978,A. Edwin,Aditya Edwin
801,63736,36978,S Ray,Samarth Ray
1714,63740,36980,Utkarsh Chana,Utkarsh Chana
1328,63741,36980,Ayushman Nair,Ayushman Nair
466,63748,36984,Laban Hans,Laban Hans
1536,63749,36985,Chaitanya Ramakrishnan,Chaitanya Ramakrishnan
479,63750,36986,Jonathan Kapur,Jonathan Kapur
1789,63751,36987,G. Tak,Gopal Tak
1113,63753,36989,Sanya Chandran,Sanya Chandran
1000,63754,36989,Kamala Naik,Kamala Naik
1622,63755,36990,Brijesh Badami,Brijesh Badami
669,63758,36991,U Gupta,Udant Gupta
513,63759,36992,Harish Dugar,Harish Dugar
976,63764,36994,Balhaar Goel,Balhaar Goel
905,63766,36995,Neel Guha,Neel Guha
1171,63768,36996,Hamsini Mallick,Hamsini Mallick
433,63770,36997,Pranit Balan,Pranit Balan
732,63776,37001,Udyati Dyal,Udyati Dyal
1622,63778,37002,Brijes Badami,Brijesh Badami
1113,63779,37002,Sanya Chandran,Sanya Chandran
1622,63782,37003,Brijesh Badami,Brijesh Badami
1678,63783,37004,Z. Kade,Zashil Kade
1456,63789,37009,Champak Goyal,Champak Goyal
35,63791,37011,T Sha,Teerth Sha
1072,63796,37013,P Sekhon,Pahal Sekhon
1706,63798,37015,Oscar Murty,Oscar Murty
1000,63804,37020,K. Naik,Kamala Naik
976,63807,37022,B Goel,Balhaar Goel
1654,63809,37024,Yuvraj Behl,Yuvraj Behl
684,63813,37026,Rushil Cheema,Rushil Cheema
1622,63815,37028,Brijes Badami,Brijesh Badami
669,63823,37034,U Gupta,Udant Gupta
1228,63824,37034,Bakhsi Sridhar,Bakhshi Sridhar
1194,63826,37036,H. Sanghvi,Harish Sanghvi
1678,63828,37036,Zashil Kade,Zashil Kade
1255,63830,37038,Yatan Pau,Yatan Pau
921,63832,37038,M. Sethi,Maanas Sethi
188,63835,37040,Anmol Prasad,Anmol Prasad
35,63836,37041,T. Sha,Teerth Sha
1723,63837,37041,Leena Sawhney,Leena Sawhney
885,63840,37043,N Agrawal,Nicholas Agrawal
466,63845,37046,Laban Hans,Laban Hans
1108,63847,37047,Ekalinga Mitra,Ekalinga Mitra
56,63848,37047,Onkar Ravi,Onkar Ravi
859,63850,37049,H. Gaba,Hredhaan Gaba
1605,63857,37053,Mohammed Dash,Mohammed Dash
1536,63858,37054,C. Ramakrishnan,Chaitanya Ramakrishnan
1536,63864,37056,C. Ramakrishnan,Chaitanya Ramakrishnan
921,63866,37057,M. Sethi,Maanas Sethi
921,63870,37061,M Sethi,Maanas Sethi
441,63872,37061,Ishita Shah,Ishita Shah
801,63873,37062,Samarth Ray,Samarth Ray
1723,63881,37068,Leena Sawhney,Leena Sawhney
1631,63886,37070,E. Sastry,Ekavir Sastry
188,63891,37072,Anmol Prasad,Anmol Prasad
859,63892,37073,Hredhaan Gaba,Hredhaan Gaba
485,63893,37074,R Chana,Ranbir Chana
35,63898,37076,Tirth sa,Teerth Sha
948,63903,37081,Chatura Chandra,Chatura Chandra
513,63907,37083,H Dugar,Harish Dugar
32,63908,37083,Aditya Edwin,Aditya Edwin
32,63910,37085,A Edwin,Aditya Edwin
76,63913,37087,E Sarna,Ekapad Sarna
235,63917,37089,D Sodhi,Darsh Sodhi
680,63920,37091,Anthony Mishra,Anthony Mishra
964,63921,37091,L Mandal,Luke Mandal
1171,63922,37091,Hamsini Mallick,Hamsini Mallick
441,63924,37093,Ishita Shah,Ishita Shah
732,63926,37095,U Dyal,Udyati Dyal
1678,63931,37096,Zashil Kade,Zashil Kade
1113,63933,37098,Sanya Chandran,Sanya Chandran
1622,63934,37099,B. Badami,Brijesh Badami
948,63935,37100,Chatura Chandra,Chatura Chandra
1379,63938,37101,Gauri Chaudhuri,Gauri Chaudhuri
1637,63941,37104,Parth Balakrishnan,Parth Balakrishnan
1536,63944,37106,Chaytanya Ramakrisnan,Chaitanya Ramakrishnan
1678,63946,37107,Z. Kade,Zashil Kade
1319,63947,37108,R. Din,Ria Din
1787,63951,37109,Ronit Sunder,Ronith Sunder
515,63952,37109,Faqid Halder,Faqid Halder
188,63955,37111,Anmol Prasad,Anmol Prasad
1090,63962,37116,Faraj Bhawsar,Faraj Bhavsar
616,63967,37118,Girindra Dhingra,Girindra Dhingra
188,63968,37119,Anmol Prasad,Anmol Prasad
1678,63969,37120,Z. Kade,Zashil Kade
1171,63971,37122,Hamsini Mallick,Hamsini Mallick
235,63973,37123,Dars Sodhi,Darsh Sodhi
1622,63975,37124,B Badami,Brijesh Badami
1379,63977,37126,G. Chaudhuri,Gauri Chaudhuri
485,63983,37128,Ranbir Chana,Ranbir Chana
1741,63986,37130,M Parmer,Manthan Parmer
1678,63990,37132,Z. Kade,Zashil Kade
1654,63992,37133,Yuvraj Behl,Yuvraj Behl
1428,63995,37134,Vidhi Bhasin,Vidhi Bhasin
976,63998,37135,Balhaar Goel,Balhaar Goel
466,64002,37139,Laban Hans,Laban Hans
669,64004,37141,Udant Gupta,Udant Gupta
921,64006,37142,M Sethi,Maanas Sethi
897,64013,37147,Vansha Shroff,Vansha Shroff
1631,64015,37148,E Sastry,Ekavir Sastry
822,64021,37150,Aadi Raj,Aadi Raj
859,64022,37151,Hredhaan Gaba,Hredhaan Gaba
617,64023,37152,M. Agarwal,Mason Agarwal
153,64024,37152,F Mand,Frado Mand
1090,64026,37153,Faraj Bhavsar,Faraj Bhavsar
881,64028,37155,Anay Saran,Anay Saran
921,64029,37155,Maanas Sethi,Maanas Sethi
496,64032,37156,U Chauhan,Udant Chauhan
859,64038,37159,H Gaba,Hredhaan Gaba
1000,64040,37160,Kamala Naik,Kamala Naik
1789,64042,37161,G Tak,Gopal Tak
1524,64044,37162,O. Wali,Onveer Wali
920,64046,37163,R Bansal,Raksha Bansal
1723,64049,37164,Leena Sawhney,Leena Sawhney
921,64051,37164,Maanas Seti,Maanas Sethi
1787,64053,37165,R. Sunder,Ronith Sunder
1678,64054,37166,Z. Kade,Zashil Kade
466,64056,37167,Laban Hans,Laban Hans
1521,64057,37168,J Mukherjee,Jairaj Mukherjee
612,64058,37168,T. Jani,Tanveer Jani
1190,64063,37170,Kiaan senoy,Kiaan Shenoy
1723,64069,37172,Leena Sawhney,Leena Sawhney
943,64076,37179,A Som,Ansh Som
1072,64077,37180,Pahal Sekhon,Pahal Sekhon
240,64081,37182,S Devi,Sathvik Devi
1678,64084,37184,Zasil Kade,Zashil Kade
680,64086,37185,Anthony Mishra,Anthony Mishra
1113,64093,37188,Sanya Chandran,Sanya Chandran
664,64098,37191,Raghaw wasa,Raghav Vasa
706,64102,37192,Liam Hayre,Liam Hayre
1533,64104,37193,Laksit seth,Lakshit Sheth
67,64105,37194,N. Goel,Nimrat Goel
492,64107,37195,Zashil Gour,Zashil Gour
40,64108,37196,Henry Pall,Henry Pall
1533,64109,37196,L Sheth,Lakshit Sheth
660,64111,37198,R. Dada,Rudra Dada
430,64112,37198,Faris D’Alia,Faris D’Alia
1638,64114,37200,wihaan Purohit,Vihaan Purohit
476,64120,37202,Nataniel Mutti,Nathaniel Mutti
998,64125,37204,B. Bawa,Bahadurjit Bawa
1429,64127,37205,N. Narain,Nilima Narain
1206,64133,37208,Wahab Bera,Wahab Bera
1129,64134,37209,C. Sarraf,Charles Sarraf
755,64136,37211,R. Ghose,Rachit Ghose
218,64140,37213,Tristan Bhargava,Tristan Bhargava
489,64142,37214,Kabir Magar,Kabir Magar
1129,64145,37215,Charles Sarraf,Charles Sarraf
1206,64146,37216,Wahab Bera,Wahab Bera
1386,64149,37217,V. Vaidya,Viraj Vaidya
198,64151,37219,Anika Gara,Anika Gara
969,64152,37220,Hardik Salwi,Hardik Salvi
1751,64153,37220,Chaitanya Bandi,Chaitanya Bandi
969,64157,37222,Hardik Salwi,Hardik Salvi
660,64158,37222,Rudra Dada,Rudra Dada
1796,64159,37223,W. Vohra,Warinder Vohra
1206,64162,37224,Wahab Bera,Wahab Bera
847,64164,37226,Faqid Pillai,Faqid Pillai
1129,64166,37227,Charles Sarraf,Charles Sarraf
1796,64167,37227,Warinder Vohra,Warinder Vohra
755,64169,37228,Rachit Ghose,Rachit Ghose
909,64171,37229,Xavier Seshadri,Xavier Seshadri
1382,64172,37229,N Sankar,Nihal Sankar
1360,64173,37230,Neel Sibal,Neel Sibal
165,64182,37235,Ekavir Bajwa,Ekavir Bajwa
198,64189,37240,Anika Gara,Anika Gara
1396,64190,37241,Ojas Patla,Ojas Patla
567,64194,37244,wictor Gala,Victor Gala
1396,64196,37246,Ojas Patla,Ojas Patla
476,64198,37247,N. Mutti,Nathaniel Mutti
1206,64199,37248,W Bera,Wahab Bera
1336,64200,37248,Ryan Dave,Ryan Dave
969,64203,37250,Hardik Salvi,Hardik Salvi
1336,64207,37253,Ryan Dawe,Ryan Dave
67,64209,37255,Nimrat Goel,Nimrat Goel
660,64210,37256,Rudra Dada,Rudra Dada
476,64211,37257,Nataniel Mutti,Nathaniel Mutti
165,64214,37258,E. Bajwa,Ekavir Bajwa
567,64217,37260,wictor Gala,Victor Gala
643,64219,37262,W. Gupta,Wahab Gupta
1153,64220,37263,A. Lata,Avi Lata
302,64222,37264,Y Jani,Yatan Jani
1153,64225,37264,A Lata,Avi Lata
567,64228,37266,wictor Gala,Victor Gala
1638,64229,37267,wihaan Purohit,Vihaan Purohit
1751,64235,37270,C Bandi,Chaitanya Bandi
1425,64236,37270,Nihal Balakrishnan,Nihal Balakrishnan
7,64239,37273,Rishi Magar,Rishi Magar
1206,64244,37276,Wahab Bera,Wahab Bera
1129,64246,37278,Charles Sarraf,Charles Sarraf
1382,64247,37279,Nihal Sankar,Nihal Sankar
1297,64250,37282,C. Master,Chanchal Master
567,64255,37286,V Gala,Victor Gala
664,64259,37288,R Vasa,Raghav Vasa
26,64264,37291,T Sarma,Timothy Sarma
1546,64265,37292,A Soni,Advik Soni
969,64268,37292,Hardik Salwi,Hardik Salvi
863,64269,37293,Nitesh Seth,Nitesh Seth
1297,64274,37295,C Master,Chanchal Master
1037,64275,37295,Wazir Rattan,Wazir Rattan
664,64276,37295,Raghaw wasa,Raghav Vasa
1206,64283,37300,W. Bera,Wahab Bera
706,64286,37301,L. Hayre,Liam Hayre
980,64287,37302,teodore Prabhakar,Theodore Prabhakar
745,64295,37308,N. Kakar,Nihal Kakar
222,64296,37309,Ranbir Misra,Ranbir Mishra
664,64303,37313,Raghav Vasa,Raghav Vasa
847,64307,37316,Faqid Pillay,Faqid Pillai
998,64309,37316,Bahadurjit Bawa,Bahadurjit Bawa
465,64310,37317,Tanay Pandit,Tanay Pandit
489,64311,37317,K Magar,Kabir Magar
1428,64318,37321,Vidhi Bhasin,Vidhi Bhasin
67,64319,37321,Nimrat Goel,Nimrat Goel
67,64320,37322,Nimrat Goel,Nimrat Goel
103,64322,37324,T. Madan,Tarak Madan
104,64324,37326,I. Rama,Ishwar Rama
130,64328,37329,Ranvir Raman,Ranveer Raman
627,64330,37330,Etan Sriwastava,Ethan Srivastava
1386,64332,37331,Viraj Vaidya,Viraj Vaidya
1297,64336,37334,C. Master,Chanchal Master
267,64338,37335,Chandran Sankar,Chandran Sankar
847,64341,37337,Faqid Pillay,Faqid Pillai
643,64345,37339,Wahab Gupta,Wahab Gupta
267,64348,37340,Chandran Sankar,Chandran Sankar
412,64349,37340,D. Comar,Darpan Comar
302,64350,37341,Yatan Jani,Yatan Jani
1153,64351,37342,A Lata,Avi Lata
1740,64352,37343,K. Buch,Krishna Buch
1336,64356,37345,R Dave,Ryan Dave
969,64357,37345,H. Salvi,Hardik Salvi
343,64358,37346,W Brahmbhatt,Warjas Brahmbhatt
1796,64359,37347,W Vohra,Warinder Vohra
1172,64361,37348,Atharv Sunder,Atharv Sunder
353,64365,37350,M Loke,Mitesh Loke
1297,64370,37354,Chanchal Master,Chanchal Master
1206,64371,37354,W Bera,Wahab Bera
1206,64372,37355,Wahab Bera,Wahab Bera
1172,64374,37357,Atharw Sunder,Atharv Sunder
1221,64376,37357,Aryan Bora,Aryan Bora
1745,64379,37360,Tejas Amble,Tejas Amble
1433,64386,37363,Joshua Thaman,Joshua Thaman
1546,64389,37364,Adwik Soni,Advik Soni
315,64396,37366,Maanav Shankar,Maanav Shankar
430,64397,37367,Faris D’Alia,Faris D’Alia
755,64398,37368,R Ghose,Rachit Ghose
784,64399,37369,George Peri,George Peri
353,64401,37370,M. Loke,Mitesh Loke
664,64408,37373,Raghav Vasa,Raghav Vasa
1382,64409,37374,Nihal Sankar,Nihal Sankar
1068,64410,37375,Gaurav Badami,Gaurav Badami
267,64413,37376,C Sankar,Chandran Sankar
302,64414,37377,Yatan Jani,Yatan Jani
1012,64416,37377,G Keer,Gautam Keer
1497,64418,37379,Jackson Sarna,Jackson Sarna
274,64424,37381,Reyansh Mitter,Reyansh Mitter
489,64425,37382,Kabir Magar,Kabir Magar
131,64427,37384,Aayus sroff,Aayush Shroff
489,64428,37385,K. Magar,Kabir Magar
1546,64429,37385,Advik Soni,Advik Soni
1386,64430,37385,wiraj waidya,Viraj Vaidya
3,64436,37388,Wriddhish Divan,Wriddhish Divan
1382,64438,37389,Nihal Sankar,Nihal Sankar
1153,64439,37390,A. Lata,Avi Lata
1336,64440,37391,R. Dave,Ryan Dave
664,64444,37394,R Vasa,Raghav Vasa
267,64448,37397,C Sankar,Chandran Sankar
1796,64452,37400,Warinder Vohra,Warinder Vohra
67,64454,37400,Nimrat Goel,Nimrat Goel
1068,64456,37401,Gaurav Badami,Gaurav Badami
706,64457,37402,L Hayre,Liam Hayre
25,64466,37406,E Mangal,Ekta Mangal
1448,64467,37407,F Iyer,Faqid Iyer
159,64472,37409,Girish Shankar,Girish Shankar
104,64475,37412,Ishwar Rama,Ishwar Rama
1339,64476,37413,S. Dass,Shivansh Dass
318,64477,37413,K. Sheth,Karan Sheth
1751,64479,37415,Chaytanya Bandi,Chaitanya Bandi
1297,64489,37421,Chanchal Master,Chanchal Master
159,64498,37426,Giris sankar,Girish Shankar
318,64503,37429,Karan Shet,Karan Sheth
1734,64505,37431,H. Bhavsar,Harshil Bhavsar
378,64506,37432,C. Venkataraman,Chanchal Venkataraman
131,64508,37434,Aayus sroff,Aayush Shroff
567,64516,37438,wictor Gala,Victor Gala
1336,64521,37440,R Dave,Ryan Dave
159,64522,37441,G. Shankar,Girish Shankar
1638,64523,37441,Vihaan Purohit,Vihaan Purohit
1297,64524,37441,Chanchal Master,Chanchal Master
1,64529,37445,Y. Wagle,Yatin Wagle
131,64530,37445,Aayus sroff,Aayush Shroff
492,64533,37446,Zasil Gour,Zashil Gour
1206,64535,37447,W Bera,Wahab Bera
706,64539,37448,Liam Hayre,Liam Hayre
159,64541,37450,Girish Shankar,Girish Shankar
1428,64542,37451,V Bhasin,Vidhi Bhasin
664,64543,37452,R. Vasa,Raghav Vasa
222,64545,37452,Ranbir Mishra,Ranbir Mishra
1334,64551,37455,Tarak Ramanathan,Tarak Ramanathan
1542,64553,37457,I. Dass,Imaran Dass
1029,64555,37458,Hemal Goel,Hemal Goel
1206,64557,37459,W Bera,Wahab Bera
643,64560,37462,Wahab Gupta,Wahab Gupta
1725,64563,37463,A. Chaudry,Agastya Chaudry
198,64564,37464,A Gara,Anika Gara
97,64566,37465,Qabil Krishna,Qabil Krishna
1448,64567,37466,F Iyer,Faqid Iyer
1533,64575,37472,L. Sheth,Lakshit Sheth
1382,64576,37472,N. Sankar,Nihal Sankar
430,64578,37473,Faris D’Alia,Faris D’Alia
302,64582,37476,Y Jani,Yatan Jani
499,64583,37477,David Subramanian,David Subramanian
159,64584,37478,Girish Shankar,Girish Shankar
131,64590,37481,Aayush Shroff,Aayush Shroff
1777,64591,37481,Z. Prashad,Zilmil Prashad
489,64604,37490,K Magar,Kabir Magar
567,64606,37490,wictor Gala,Victor Gala
1386,64607,37491,Viraj Vaidya,Viraj Vaidya
353,64611,37493,Mitesh Loke,Mitesh Loke
165,64616,37496,Ekavir Bajwa,Ekavir Bajwa
1336,64619,37498,Ryan Dawe,Ryan Dave
990,64621,37500,Harrison Sandal,Harrison Sandal
567,64622,37501,V Gala,Victor Gala
1287,64626,37503,Kiaan Sangha,Kiaan Sangha
1448,64627,37504,Faqid Iyer,Faqid Iyer
1796,64636,37507,Warinder wohra,Warinder Vohra
753,64638,37509,G. Krishnamurthy,Girik Krishnamurthy
567,64641,37511,V. Gala,Victor Gala
1796,64642,37512,W Vohra,Warinder Vohra
573,64647,37516,Wridesh Bhat,Wridesh Bhat
412,64648,37517,Darpan Comar,Darpan Comar
1382,64650,37518,N Sankar,Nihal Sankar
81,64659,37523,Mites Tur,Mitesh Toor
1409,64660,37524,Z Ganguly,Zayan Ganguly
476,64661,37524,Nathaniel Mutti,Nathaniel Mutti
660,64663,37526,R. Dada,Rudra Dada
1154,64664,37526,Dhriti Kala,Dhriti Kala
222,64665,37526,Ranbir Mishra,Ranbir Mishra
1320,64666,37526,Upkaar Bhatia,Upkaar Bhatia
1740,64675,37534,Krishna Buch,Krishna Buch
26,64677,37534,Timoty Sarma,Timothy Sarma
251,64678,37534,Harsil Sandal,Harshil Sandal
1428,64681,37536,V. Bhasin,Vidhi Bhasin
1396,64688,37540,Ojas Patla,Ojas Patla
198,64690,37541,A Gara,Anika Gara
1428,64693,37544,V Bhasin,Vidhi Bhasin
1336,64698,37547,R. Dave,Ryan Dave
1396,64700,37549,Ojas Patla,Ojas Patla
1708,64704,37550,T. Dutt,Timothy Dutt
1533,64706,37551,Lakshit Sheth,Lakshit Sheth
1409,64708,37552,Z. Ganguly,Zayan Ganguly
660,64709,37553,Rudra Dada,Rudra Dada
706,64715,37555,L Hayre,Liam Hayre
660,64721,37560,R. Dada,Rudra Dada
1297,64722,37560,Chanchal Master,Chanchal Master
706,64725,37562,L Hayre,Liam Hayre
412,64728,37563,Darpan Comar,Darpan Comar
1396,64730,37565,Ojas Patla,Ojas Patla
1428,64731,37566,Vidhi Bhasin,Vidhi Bhasin
1751,64732,37566,Chaitanya Bandi,Chaitanya Bandi
302,64734,37566,Yatan Jani,Yatan Jani
353,64735,37567,M. Loke,Mitesh Loke
664,64738,37570,Raghav Vasa,Raghav Vasa
1336,64748,37578,Ryan Dawe,Ryan Dave
1448,64755,37581,Faqid Iyer,Faqid Iyer
1409,64759,37583,Z Ganguly,Zayan Ganguly
26,64760,37584,T. Sarma,Timothy Sarma
1448,64768,37589,Faqid Iyer,Faqid Iyer
660,64773,37592,R Dada,Rudra Dada
104,64777,37595,Ishwar Rama,Ishwar Rama
1068,64778,37596,Gaurav Badami,Gaurav Badami
664,64779,37597,R Vasa,Raghav Vasa
1319,64781,37599,Ria Din,Ria Din
1058,64782,37599,Y Dalal,Yatin Dalal
1382,64785,37600,N. Sankar,Nihal Sankar
1638,64787,37602,V Purohit,Vihaan Purohit
1320,64788,37602,U. Bhatia,Upkaar Bhatia
1428,64817,37618,V Bhasin,Vidhi Bhasin
998,64818,37619,Bahadurjit Bawa,Bahadurjit Bawa
1386,64820,37621,wiraj Vaydya,Viraj Vaidya
1320,64823,37623,Upkaar Bhatia,Upkaar Bhatia
1471,64826,37626,Qasim Karnik,Qasim Karnik
1745,64828,37628,T Amble,Tejas Amble
1206,64830,37629,Wahab Bera,Wahab Bera
1297,64836,37632,Chanchal Master,Chanchal Master
643,64841,37635,Wahab Gupta,Wahab Gupta
1129,64847,37637,Charles Sarraf,Charles Sarraf
412,64850,37639,D. Comar,Darpan Comar
159,64854,37641,Girish Shankar,Girish Shankar
131,64856,37643,Aayush Shroff,Aayush Shroff
318,64861,37648,K Sheth,Karan Sheth
847,64862,37648,Faqid Pillai,Faqid Pillai
1546,64865,37649,A. Soni,Advik Soni
67,64871,37653,Nimrat Goel,Nimrat Goel
706,64872,37653,L Hayre,Liam Hayre
660,64874,37653,Rudra Dada,Rudra Dada
755,64876,37655,R Ghose,Rachit Ghose
174,64879,37656,Chanakya Dubey,Chanakya Dubey
318,64882,37657,Karan seth,Karan Sheth
329,64884,37658,Chakradew Kadakia,Chakradev Kadakia
1745,64885,37659,T Amble,Tejas Amble
67,64886,37660,N. Goel,Nimrat Goel
1676,64887,37660,F Sawhney,Finn Sawhney
1297,64888,37660,Chanchal Master,Chanchal Master
267,64902,37666,C. Sankar,Chandran Sankar
1320,64903,37667,U Bhatia,Upkaar Bhatia
755,64908,37671,R Ghose,Rachit Ghose
222,64913,37673,Ranbir Mishra,Ranbir Mishra
165,64920,37678,E Bajwa,Ekavir Bajwa
1751,64923,37680,C. Bandi,Chaitanya Bandi
159,64924,37681,Girish Shankar,Girish Shankar
1484,64928,37682,Faris Balakrisnan,Faris Balakrishnan
1382,64930,37683,Nihal Sankar,Nihal Sankar
706,64935,37685,L Hayre,Liam Hayre
847,64936,37685,F Pillai,Faqid Pillai
1751,64937,37686,Chaytanya Bandi,Chaitanya Bandi
1206,64946,37690,Wahab Bera,Wahab Bera
1428,64951,37693,Vidhi Bhasin,Vidhi Bhasin
479,64953,37695,J Kapur,Jonathan Kapur
755,64955,37697,Rachit Ghose,Rachit Ghose
1371,64959,37700,Dhruv Tella,Dhruv Tella
378,64966,37703,Chanchal Venkataraman,Chanchal Venkataraman
1129,64968,37704,Charles Sarraf,Charles Sarraf
1751,64972,37707,C Bandi,Chaitanya Bandi
1751,64973,37707,Chaitanya Bandi,Chaitanya Bandi
222,64976,37710,Ranbir Mishra,Ranbir Mishra
1089,64980,37711,I Bhavsar,Isaac Bhavsar
1336,64981,37711,Ryan Dave,Ryan Dave
1153,64982,37712,Avi Lata,Avi Lata
1187,64984,37713,Maanas Varty,Maanas Varty
1796,64986,37715,W Vohra,Warinder Vohra
267,64991,37717,Chandran Sankar,Chandran Sankar
1382,64993,37717,Nihal Sankar,Nihal Sankar
131,64996,37719,A. Shroff,Aayush Shroff
660,65002,37722,R. Dada,Rudra Dada
1638,65006,37723,V. Purohit,Vihaan Purohit
353,65007,37724,M Loke,Mitesh Loke
1390,65008,37724,Guneet Maharaj,Guneet Maharaj
660,65012,37726,Rudra Dada,Rudra Dada
1360,65016,37730,Nil Sibal,Neel Sibal
165,65018,37731,Ekavir Bajwa,Ekavir Bajwa
508,65019,37732,W Mitra,William Mitra
567,65023,37733,V Gala,Victor Gala
1740,65029,37737,Krishna Buch,Krishna Buch
1206,65030,37738,Wahab Bera,Wahab Bera
656,65031,37738,R. Bhatia,Reyansh Bhatia
1129,65037,37742,C. Sarraf,Charles Sarraf
1297,65040,37744,Chanchal Master,Chanchal Master
412,65049,37749,Darpan Comar,Darpan Comar
457,65050,37750,Dakshesh Bava,Dakshesh Bava
492,65052,37751,Z Gour,Zashil Gour
302,65057,37753,Yatan Jani,Yatan Jani
1382,65058,37754,N. Sankar,Nihal Sankar
1740,65061,37756,Krishna Buch,Krishna Buch
1360,65062,37756,N Sibal,Neel Sibal
1638,65063,37757,Vihaan Purohit,Vihaan Purohit
177,65064,37758,G. Buch,Guneet Buch
302,65065,37758,Y. Jani,Yatan Jani
492,65068,37761,Z. Gour,Zashil Gour
1386,65071,37763,wiraj Vaydya,Viraj Vaidya
795,65072,37763,M Chandra,Max Chandra
1346,65073,37763,William Morar,William Morar
755,65074,37764,R Ghose,Rachit Ghose
104,65075,37765,Ishwar Rama,Ishwar Rama
652,65081,37768,T Mangal,Tanish Mangal
10,65083,37769,Vincent Varkey,Vincent Varkey
1624,65085,37769,L Seth,Laban Seth
165,65086,37770,E. Bajwa,Ekavir Bajwa
1745,65087,37771,Tejas Amble,Tejas Amble
1297,65088,37771,Chanchal Master,Chanchal Master
165,65089,37771,Ekavir Bajwa,Ekavir Bajwa
1396,65096,37776,Ojas Patla,Ojas Patla
847,65098,37778,F Pillai,Faqid Pillai
489,65100,37778,Kabir Magar,Kabir Magar
378,65101,37778,C Venkataraman,Chanchal Venkataraman
1796,65102,37779,Warinder Vohra,Warinder Vohra
1533,65108,37783,L Sheth,Lakshit Sheth
1300,65109,37783,S Loke,Sai Loke
476,65115,37785,N Mutti,Nathaniel Mutti
1319,65116,37785,Ria Din,Ria Din
302,65118,37786,Y. Jani,Yatan Jani
753,65120,37786,G Krishnamurthy,Girik Krishnamurthy
353,65127,37790,Mites Loke,Mitesh Loke
567,65128,37791,Victor Gala,Victor Gala
1638,65129,37792,wihaan Purohit,Vihaan Purohit
1360,65133,37794,Neel Sibal,Neel Sibal
567,65137,37796,wictor Gala,Victor Gala
302,65139,37797,Yatan Jani,Yatan Jani
159,65141,37799,Girish Shankar,Girish Shankar
1546,65142,37799,Advik Soni,Advik Soni
476,65150,37805,Nataniel Mutti,Nathaniel Mutti
1297,65158,37811,Chanchal Master,Chanchal Master
753,65159,37812,Girik Krishnamurthy,Girik Krishnamurthy
567,65160,37813,V Gala,Victor Gala
476,65170,37820,Nataniel Mutti,Nathaniel Mutti
131,65173,37821,Aayus sroff,Aayush Shroff
302,65175,37822,Y Jani,Yatan Jani
1172,65182,37826,A. Sunder,Atharv Sunder
1153,65184,37827,Avi Lata,Avi Lata
831,65189,37830,Laksit Kumer,Lakshit Kumer
795,65191,37832,Max Chandra,Max Chandra
104,65192,37833,I. Rama,Ishwar Rama
753,65195,37834,Girik Krishnamurthy,Girik Krishnamurthy
1159,65199,37837,Rudra Singhal,Rudra Singhal
26,65203,37838,Timothy Sarma,Timothy Sarma
430,65204,37838,Faris D’Alia,Faris D’Alia
998,65206,37840,Bahadurjit Bawa,Bahadurjit Bawa
1386,65207,37840,V. Vaidya,Viraj Vaidya
1107,65208,37841,Abeer Dass,Abeer Dass
165,65209,37842,Ekavir Bajwa,Ekavir Bajwa
1319,65213,37843,R Din,Ria Din
759,65216,37846,Aadi Sheth,Aadi Sheth
267,65224,37851,C. Sankar,Chandran Sankar
1546,65231,37855,A. Soni,Advik Soni
1336,65232,37855,Ryan Dave,Ryan Dave
1655,65235,37856,V. Pau,Veda Pau
1153,65236,37856,Avi Lata,Avi Lata
67,65240,37859,Nimrat Goel,Nimrat Goel
1546,65242,37859,A Soni,Advik Soni
1537,65247,37864,wictor Chhabra,Victor Chhabra
998,65250,37867,B. Bawa,Bahadurjit Bawa
412,65253,37868,Darpan Comar,Darpan Comar
198,65256,37870,Anika Gara,Anika Gara
1345,65262,37874,A Anand,Amaira Anand
567,65264,37876,Victor Gala,Victor Gala
1382,65266,37877,N Sankar,Nihal Sankar
492,65273,37881,Zashil Gour,Zashil Gour
664,65275,37882,Raghav Vasa,Raghav Vasa
1745,65277,37884,T Amble,Tejas Amble
1523,65279,37885,N Chaudhari,Nikita Chaudhari
969,65282,37887,H. Salvi,Hardik Salvi
1428,65285,37888,V Bhasin,Vidhi Bhasin
302,65288,37891,Y Jani,Yatan Jani
1428,65300,37899,V. Bhasin,Vidhi Bhasin
378,65301,37899,Chanchal wenkataraman,Chanchal Venkataraman
159,65303,37900,G. Shankar,Girish Shankar
1297,65304,37901,Chanchal Master,Chanchal Master
1336,65311,37907,Ryan Dave,Ryan Dave
476,65312,37908,N Mutti,Nathaniel Mutti
998,65313,37908,Bahadurjit Bawa,Bahadurjit Bawa
706,65317,37910,L Hayre,Liam Hayre
159,65319,37910,Girish Shankar,Girish Shankar
659,65328,37914,I Kurian,Ishwar Kurian
1386,65330,37916,V Vaidya,Viraj Vaidya
378,65331,37917,C. Venkataraman,Chanchal Venkataraman
489,65334,37919,Kabir Magar,Kabir Magar
353,65335,37920,Mitesh Loke,Mitesh Loke
1745,65342,37923,T Amble,Tejas Amble
1297,65344,37925,Chanchal Master,Chanchal Master
643,65346,37927,Wahab Gupta,Wahab Gupta
476,65351,37930,Nataniel Mutti,Nathaniel Mutti
1740,65355,37931,Krisna Buch,Krishna Buch
26,65358,37932,T. Sarma,Timothy Sarma
492,65361,37934,Z Gour,Zashil Gour
412,65363,37934,D Comar,Darpan Comar
664,65365,37935,Raghaw wasa,Raghav Vasa
1068,65370,37937,Gaurav Badami,Gaurav Badami
1172,65376,37941,A Sunder,Atharv Sunder
1129,65377,37941,C. Sarraf,Charles Sarraf
1745,65378,37942,Tejas Amble,Tejas Amble
1336,65381,37943,Ryan Dave,Ryan Dave
1382,65382,37944,N. Sankar,Nihal Sankar
1206,65383,37945,W Bera,Wahab Bera
318,65384,37945,K Sheth,Karan Sheth
1638,65388,37948,wihaan Purohit,Vihaan Purohit
1297,65390,37950,Chanchal Master,Chanchal Master
1106,65392,37952,E Virk,Ekavir Virk
67,65401,37957,N Goel,Nimrat Goel
1297,65405,37960,C. Master,Chanchal Master
492,65407,37961,Z Gour,Zashil Gour
1382,65408,37961,N Sankar,Nihal Sankar
1129,65413,37964,C Sarraf,Charles Sarraf
1320,65416,37965,Upkaar Bhatia,Upkaar Bhatia
969,65417,37965,Hardik Salvi,Hardik Salvi
1068,65420,37967,G. Badami,Gaurav Badami
222,65423,37968,Ranbir Misra,Ranbir Mishra
26,65424,37969,T. Sarma,Timothy Sarma
1297,65428,37970,Chanchal Master,Chanchal Master
318,65436,37978,K Sheth,Karan Sheth
664,65439,37981,R Vasa,Raghav Vasa
1172,65442,37982,Atharv Sunder,Atharv Sunder
59,65445,37984,W. Biswas,Wyatt Biswas
318,65448,37985,Karan Sheth,Karan Sheth
1448,65449,37985,Faqid Iyer,Faqid Iyer
1297,65450,37985,C. Master,Chanchal Master
222,65452,37986,Ranbir Mishra,Ranbir Mishra
1638,65456,37989,V Purohit,Vihaan Purohit
1740,65458,37990,K Buch,Krishna Buch
755,65459,37990,Rachit Ghose,Rachit Ghose
1320,65460,37991,Upkaar Bhatia,Upkaar Bhatia
1319,65471,37999,Ria Din,Ria Din
26,65472,38000,T Sarma,Timothy Sarma
1382,65473,38000,Nihal Sankar,Nihal Sankar
992,65478,38002,Girindra Suresh,Girindra Suresh
642,65481,38004,V Nadig,Vedant Nadig
131,65483,38005,Aayush Shroff,Aayush Shroff
818,65484,38006,Chatres More,Chatresh More
660,65487,38006,Rudra Dada,Rudra Dada
643,65492,38009,Wahab Gupta,Wahab Gupta
159,65493,38009,Giris sankar,Girish Shankar
1319,65495,38010,Ria Din,Ria Din
1319,65496,38011,Ria Din,Ria Din
1320,65499,38012,Upkaar Bhatia,Upkaar Bhatia
969,65503,38015,Hardik Salvi,Hardik Salvi
430,65507,38016,Faris D’Alia,Faris D’Alia
998,65508,38017,Bahadurjit Bawa,Bahadurjit Bawa
755,65511,38019,Rachit Ghose,Rachit Ghose
1068,65512,38020,G Badami,Gaurav Badami
1409,65520,38023,Zayan Ganguly,Zayan Ganguly
67,65527,38027,Nimrat Goel,Nimrat Goel
660,65528,38028,Rudra Dada,Rudra Dada
412,65530,38029,Darpan Comar,Darpan Comar
1129,65533,38031,C. Sarraf,Charles Sarraf
1172,65537,38034,A Sunder,Atharv Sunder
198,65541,38037,Anika Gara,Anika Gara
1068,65542,38038,Gaurav Badami,Gaurav Badami
998,65546,38040,B Bawa,Bahadurjit Bawa
1336,65547,38040,Ryan Dave,Ryan Dave
378,65549,38041,Chanchal Venkataraman,Chanchal Venkataraman
1546,65551,38043,Advik Soni,Advik Soni
318,65553,38043,Karan seth,Karan Sheth
1796,65559,38048,Warinder Vohra,Warinder Vohra
1129,65560,38049,Charles Sarraf,Charles Sarraf
1740,65563,38050,Krishna Buch,Krishna Buch
1336,65565,38051,Ryan Dave,Ryan Dave
1751,65568,38053,C Bandi,Chaitanya Bandi
412,65569,38053,D. Comar,Darpan Comar
706,65572,38055,Liam Hayre,Liam Hayre
664,65575,38055,Raghaw wasa,Raghav Vasa
447,65580,38059,Vedant Dugar,Vedant Dugar
432,65583,38061,Z. Mangat,Zansi Mangat
163,65584,38061,R Devi,Rudra Devi
1523,65586,38062,N Chaudhari,Nikita Chaudhari
773,65594,38068,W Peri,Wahab Peri
778,65595,38069,Gaurav Chada,Gaurav Chada
1020,65597,38069,Nitara Taylor,Nitara Tailor
169,65598,38069,Ojas Sachar,Ojas Sachar
999,65599,38070,Chaytanya Jayaraman,Chaitanya Jayaraman
120,65603,38072,A. Bhasin,Abeer Bhasin
633,65607,38075,Z. Shukla,Zashil Shukla
1293,65610,38077,Raghav Shenoy,Raghav Shenoy
120,65613,38079,A. Bhasin,Abeer Bhasin
712,65615,38081,L Bhattacharyya,Lavanya Bhattacharyya
1609,65627,38089,Ira sankar,Ira Shankar
642,65631,38091,Vedant Nadig,Vedant Nadig
362,65632,38092,Januja Mammen,Januja Mammen
1601,65633,38092,S Patil,Sarthak Patil
1501,65634,38093,Siddharth Dube,Siddharth Dube
1400,65636,38095,Thomas Chacko,Thomas Chacko
191,65637,38096,Jack Handa,Jack Handa
488,65649,38104,Ojas Subramaniam,Ojas Subramaniam
1594,65657,38109,G. Grewal,Garima Grewal
778,65669,38117,Gauraw Chada,Gaurav Chada
438,65670,38118,A Chada,Alexander Chada
761,65675,38122,S. Comar,Samarth Comar
1288,65684,38127,Pranit Lalla,Pranit Lalla
1035,65687,38129,Ekaraj Vyas,Ekaraj Vyas
1212,65693,38132,H. Joshi,Harita Joshi
310,65694,38133,Aayush Ahluwalia,Aayush Ahluwalia
736,65696,38134,S. Rama,Siddharth Rama
761,65697,38134,Samart Comar,Samarth Comar
1214,65701,38138,Xawier Wali,Xavier Wali
432,65708,38143,Zansi Mangat,Zansi Mangat
1601,65710,38145,S. Patil,Sarthak Patil
446,65713,38146,Yadavi Jaggi,Yadavi Jaggi
1601,65714,38146,Sartak Patil,Sarthak Patil
1482,65719,38148,Indrajit Sant,Indrajit Sant
422,65720,38149,L. Kota,Laban Kota
619,65721,38149,Abhimanyu Din,Abhimanyu Din
711,65723,38150,Gagan Sankaran,Gagan Sankaran
1459,65724,38151,Gavin Om,Gavin Om
191,65725,38151,J. Handa,Jack Handa
773,65726,38152,Wahab Peri,Wahab Peri
1214,65728,38154,Xawier Wali,Xavier Wali
1035,65732,38156,Ekaraj Vyas,Ekaraj Vyas
773,65733,38157,Wahab Peri,Wahab Peri
1523,65734,38157,Nikita Chaudhari,Nikita Chaudhari
1717,65740,38161,G. Dube,Gunbir Dube
1542,65742,38163,Imaran Dass,Imaran Dass
1035,65745,38165,E. Vyas,Ekaraj Vyas
1417,65749,38169,Gaurang Sriwastava,Gaurang Srivastava
1601,65750,38170,Sartak Patil,Sarthak Patil
50,65754,38172,Gopal Kala,Gopal Kala
1201,65757,38173,Samesh Jaggi,Samesh Jaggi
525,65759,38174,F Balasubramanian,Finn Balasubramanian
633,65762,38175,Z. Shukla,Zashil Shukla
163,65765,38177,Rudra Dewi,Rudra Devi
1609,65766,38178,I. Shankar,Ira Shankar
1156,65768,38180,Daksh Munshi,Daksh Munshi
362,65769,38181,Januja Mammen,Januja Mammen
1020,65770,38182,Nitara Taylor,Nitara Tailor
1627,65771,38183,Qabil Nadkarni,Qabil Nadkarni
184,65773,38184,Sarthak Wadhwa,Sarthak Wadhwa
609,65777,38185,Krish Chokshi,Krish Chokshi
450,65780,38187,Tristan Johal,Tristan Johal
761,65783,38189,S. Comar,Samarth Comar
619,65794,38195,Abhimanyu Din,Abhimanyu Din
1146,65796,38197,Henry Muni,Henry Muni
761,65799,38199,Samarth Comar,Samarth Comar
736,65807,38203,S. Rama,Siddharth Rama
773,65810,38204,Wahab Peri,Wahab Peri
609,65815,38208,K Chokshi,Krish Chokshi
1443,65818,38211,L Borde,Lakshmi Borde
595,65827,38216,U Anne,Unnati Anne
169,65830,38218,Ojas Sachar,Ojas Sachar
1035,65834,38220,E Vyas,Ekaraj Vyas
603,65835,38221,Xawier wenkataraman,Xavier Venkataraman
1269,65837,38223,Yutika Soman,Yutika Soman
712,65845,38228,Lawanya Bhattacharyya,Lavanya Bhattacharyya
1596,65847,38230,Avi Boase,Avi Boase
1146,65848,38231,Henry Muni,Henry Muni
619,65849,38232,Abhimanyu Din,Abhimanyu Din
1520,65850,38232,F. Natt,Faqid Natt
447,65855,38235,Vedant Dugar,Vedant Dugar
120,65863,38239,A. Bhasin,Abeer Bhasin
1594,65864,38240,Garima Grewal,Garima Grewal
1547,65865,38241,Simon Koshy,Simon Koshy
1138,65866,38241,R. Master,Ranbir Master
1302,65867,38241,Peter Taneja,Peter Taneja
184,65870,38243,Sartak Wadhwa,Sarthak Wadhwa
488,65875,38245,Ojas Subramaniam,Ojas Subramaniam
712,65879,38246,Lawanya Bhattacharyya,Lavanya Bhattacharyya
1020,65881,38247,Nitara Taylor,Nitara Tailor
1520,65882,38247,Faqid Natt,Faqid Natt
1601,65884,38248,S. Patil,Sarthak Patil
1726,65886,38250,Patrick Chatterjee,Patrick Chatterjee
432,65892,38253,Z. Mangat,Zansi Mangat
1035,65893,38253,E. Vyas,Ekaraj Vyas
1528,65895,38255,T Das,Tanish Das
1594,65899,38257,G Grewal,Garima Grewal
1259,65900,38257,Noah Mall,Noah Mall
1212,65908,38264,H Joshi,Harita Joshi
772,65912,38268,Pranit Oommen,Pranit Oommen
1737,65914,38268,Daksh Nagar,Daksh Nagar
1172,65915,38269,Atharv Sunder,Atharv Sunder
1146,65916,38270,Henry Muni,Henry Muni
1341,65917,38270,Adway Hegde,Advay Hegde
1537,65920,38272,V Chhabra,Victor Chhabra
849,65922,38274,Michael Mohanty,Michael Mohanty
1543,65927,38277,Advik Kar,Advik Kar
1501,65931,38280,S. Dube,Siddharth Dube
1476,65932,38280,Samuel Atwal,Samuel Atwal
1349,65939,38284,Pratyush Mitra,Pratyush Mitra
633,65940,38285,Zasil sukla,Zashil Shukla
1665,65942,38286,Chanakya Patla,Chanakya Patla
184,65943,38286,Sarthak Wadhwa,Sarthak Wadhwa
778,65945,38288,G. Chada,Gaurav Chada
438,65949,38290,Alexander Chada,Alexander Chada
894,65952,38292,Robert Dhar,Robert Dhar
1035,65957,38296,Ekaraj wyas,Ekaraj Vyas
539,65958,38297,O. Bhatt,Onkar Bhatt
1443,65961,38299,Lakshmi Borde,Lakshmi Borde
1357,65964,38301,Om Boase,Om Boase
539,65965,38302,Onkar Bhatt,Onkar Bhatt
1737,65968,38303,D Nagar,Daksh Nagar
143,65969,38304,Iswar Sabharwal,Ishwar Sabharwal
438,65973,38306,A Chada,Alexander Chada
999,65975,38307,Chaytanya Jayaraman,Chaitanya Jayaraman
122,65983,38312,Frederick Arya,Frederick Arya
1044,65986,38314,Yas Palla,Yash Palla
268,65988,38315,K Bali,Kevin Bali
539,65990,38315,O. Bhatt,Onkar Bhatt
184,65991,38316,S Wadhwa,Sarthak Wadhwa
1542,65992,38316,I. Dass,Imaran Dass
834,65993,38316,F. Bal,Faras Bal
268,65994,38316,Kevin Bali,Kevin Bali
642,65999,38319,Vedant Nadig,Vedant Nadig
1601,66013,38326,Sartak Patil,Sarthak Patil
252,66015,38328,Krishna Mishra,Krishna Mishra
1269,66016,38328,Yutika Soman,Yutika Soman
850,66018,38330,Wishi Ghose,Wishi Ghose
1094,66019,38330,O Sen,Oliver Sen
184,66020,38330,S Wadhwa,Sarthak Wadhwa
694,66021,38331,H. Koshy,Harrison Koshy
163,66023,38331,Rudra Devi,Rudra Devi
191,66029,38335,J. Handa,Jack Handa
1212,66031,38335,H Joshi,Harita Joshi
712,66032,38335,L Bhattacharyya,Lavanya Bhattacharyya
1146,66033,38336,Henry Muni,Henry Muni
1201,66037,38338,Sames Jaggi,Samesh Jaggi
881,66041,38341,Anay Saran,Anay Saran
1537,66042,38342,Victor Chhabra,Victor Chhabra
252,66043,38343,Krishna Mishra,Krishna Mishra
447,66044,38343,Vedant Dugar,Vedant Dugar
1501,66045,38343,Siddhart Dube,Siddharth Dube
1520,66047,38344,F. Natt,Faqid Natt
1096,66048,38344,Mantan Singh,Manthan Singh
1601,66049,38344,Sartak Patil,Sarthak Patil
1417,66052,38346,Gaurang Srivastava,Gaurang Srivastava
163,66053,38347,Rudra Devi,Rudra Devi
1417,66056,38348,G Srivastava,Gaurang Srivastava
642,66057,38349,wedant Nadig,Vedant Nadig
778,66059,38351,Gaurav Chada,Gaurav Chada
82,66061,38352,G Basu,Gunbir Basu
1138,66066,38354,R Master,Ranbir Master
265,66071,38356,Baljiwan Bassi,Baljiwan Bassi
849,66073,38356,M. Mohanty,Michael Mohanty
761,66077,38359,Samarth Comar,Samarth Comar
265,66083,38364,B Bassi,Baljiwan Bassi
252,66084,38365,K. Mishra,Krishna Mishra
354,66085,38365,Mites Dutta,Mitesh Dutta
761,66088,38367,Samarth Comar,Samarth Comar
1035,66089,38368,E Vyas,Ekaraj Vyas
184,66090,38369,Sartak Wadhwa,Sarthak Wadhwa
1156,66092,38371,Daksh Munshi,Daksh Munshi
1652,66097,38376,F. Babu,Faqid Babu
7,66100,38378,R Magar,Rishi Magar
1482,66101,38378,Indrajit Sant,Indrajit Sant
1044,66107,38383,Yas Palla,Yash Palla
438,66110,38385,Alexander Chada,Alexander Chada
1523,66116,38391,N. Chaudhari,Nikita Chaudhari
82,66117,38391,Gunbir Basu,Gunbir Basu
619,66118,38391,A. Din,Abhimanyu Din
772,66119,38391,Pranit Oommen,Pranit Oommen
633,66123,38393,Zasil sukla,Zashil Shukla
1657,66126,38396,Baljiwan Sahota,Baljiwan Sahota
1214,66127,38397,X Wali,Xavier Wali
426,66128,38397,Bachittar Magar,Bachittar Magar
1054,66131,38398,Vidhi Arya,Vidhi Arya
1341,66134,38400,A Hegde,Advay Hegde
642,66138,38404,Vedant Nadig,Vedant Nadig
589,66144,38408,Henry Aurora,Henry Aurora
1537,66146,38409,V. Chhabra,Victor Chhabra
82,66147,38410,G Basu,Gunbir Basu
849,66150,38411,Michael Mohanty,Michael Mohanty
184,66151,38411,S. Wadhwa,Sarthak Wadhwa
642,66152,38412,Vedant Nadig,Vedant Nadig
283,66155,38413,S Mangal,Sai Mangal
1537,66156,38414,Victor Chhabra,Victor Chhabra
1417,66159,38415,Gaurang Sriwastava,Gaurang Srivastava
438,66160,38416,Alexander Chada,Alexander Chada
1259,66162,38417,Noah Mall,Noah Mall
554,66163,38418,Madhaw Krisnamurthy,Madhav Krishnamurthy
1482,66164,38419,I Sant,Indrajit Sant
1443,66172,38426,Laksmi Borde,Lakshmi Borde
1269,66173,38426,Yutika Soman,Yutika Soman
1542,66174,38426,Imaran Dass,Imaran Dass
484,66177,38428,C Randhawa,Chaitanya Randhawa
27,66178,38428,U Goda,Utkarsh Goda
122,66179,38429,Frederick Arya,Frederick Arya
519,66182,38429,E. Goel,Ekavir Goel
1613,66187,38432,Chatura Jain,Chatura Jain
484,66188,38432,Chaitanya Randhawa,Chaitanya Randhawa
27,66193,38435,U. Goda,Utkarsh Goda
761,66196,38437,S. Comar,Samarth Comar
712,66198,38439,L. Bhattacharyya,Lavanya Bhattacharyya
82,66199,38440,G. Basu,Gunbir Basu
1288,66201,38442,Pranit Lalla,Pranit Lalla
1259,66204,38444,Noah Mall,Noah Mall
761,66205,38445,S. Comar,Samarth Comar
432,66210,38449,Z Mangat,Zansi Mangat
1604,66211,38450,Karan Bhakta,Karan Bhakta
169,66214,38451,Ojas Sachar,Ojas Sachar
104,66219,38453,I Rama,Ishwar Rama
736,66220,38453,Siddhart Rama,Siddharth Rama
1520,66232,38459,Faqid Natt,Faqid Natt
164,66234,38461,Samaksh Sahni,Samaksh Sahni
1482,66235,38462,I Sant,Indrajit Sant
1035,66236,38462,Ekaraj Vyas,Ekaraj Vyas
1300,66239,38463,S. Loke,Sai Loke
122,66243,38465,Frederick Arya,Frederick Arya
438,66244,38465,Alexander Chada,Alexander Chada
1717,66251,38471,G Dube,Gunbir Dube
699,66253,38473,Darika Basak,Darika Basak
1717,66256,38475,G Dube,Gunbir Dube
1250,66257,38475,E Oza,Ekanta Oza
1035,66261,38477,Ekaraj Vyas,Ekaraj Vyas
276,66262,38477,Chaitaly Agarwal,Chaitaly Agarwal
488,66268,38480,Ojas Subramaniam,Ojas Subramaniam
122,66269,38480,Frederick Arya,Frederick Arya
362,66272,38481,Januja Mammen,Januja Mammen
644,66273,38482,K. Doshi,Kabir Doshi
163,66280,38487,R Devi,Rudra Devi
334,66281,38487,T Tiwari,Tristan Tiwari
694,66283,38488,Harrison Koshy,Harrison Koshy
818,66286,38488,C. More,Chatresh More
447,66289,38491,Vedant Dugar,Vedant Dugar
270,66291,38491,Pratyush Rastogi,Pratyush Rastogi
1400,66299,38496,Thomas Chacko,Thomas Chacko
1601,66300,38496,Sarthak Patil,Sarthak Patil
1609,66301,38497,Ira Shankar,Ira Shankar
1044,66306,38499,Yas Palla,Yash Palla
992,66307,38500,Girindra Sures,Girindra Suresh
484,66308,38501,C. Randhawa,Chaitanya Randhawa
1594,66310,38502,Garima Grewal,Garima Grewal
999,66311,38502,Chaitanya Jayaraman,Chaitanya Jayaraman
712,66315,38505,L Bhattacharyya,Lavanya Bhattacharyya
1594,66316,38506,G. Grewal,Garima Grewal
108,66318,38507,P. Oommen,Pratyush Oommen
169,66319,38507,Ojas Sachar,Ojas Sachar
265,66321,38509,Baljiwan Bassi,Baljiwan Bassi
1542,66324,38510,Imaran Dass,Imaran Dass
1138,66326,38510,R Master,Ranbir Master
488,66330,38513,Ojas Subramaniam,Ojas Subramaniam
628,66333,38515,Mason Bhalla,Mason Bhalla
595,66334,38515,U Anne,Unnati Anne
1523,66335,38515,N. Chaudhari,Nikita Chaudhari
1621,66342,38520,Aditya Lal,Aditya Lal
1613,66343,38521,C Jain,Chatura Jain
1138,66345,38523,R Master,Ranbir Master
310,66346,38524,Aayus Ahluwalia,Aayush Ahluwalia
619,66347,38524,Abhimanyu Din,Abhimanyu Din
122,66348,38524,Frederick Arya,Frederick Arya
1482,66350,38525,Indrajit Sant,Indrajit Sant
1096,66351,38526,Mantan Singh,Manthan Singh
1537,66354,38529,V Chhabra,Victor Chhabra
184,66358,38532,Sarthak Wadhwa,Sarthak Wadhwa
1214,66359,38533,Xavier Wali,Xavier Wali
999,66360,38533,Chaitanya Jayaraman,Chaitanya Jayaraman
1508,66363,38534,Q. Dalal,Qadim Dalal
432,66365,38536,Zansi Mangat,Zansi Mangat
488,66372,38539,O. Subramaniam,Ojas Subramaniam
1020,66378,38543,N. Tailor,Nitara Tailor
1288,66382,38545,Pranit Lalla,Pranit Lalla
1501,66385,38547,S. Dube,Siddharth Dube
1234,66387,38547,wivaan Parsa,Vivaan Parsa
268,66389,38549,Kewin Bali,Kevin Bali
122,66391,38550,Frederick Arya,Frederick Arya
1543,66392,38551,Adwik Kar,Advik Kar
82,66405,38560,G Basu,Gunbir Basu
633,66408,38562,Z Shukla,Zashil Shukla
642,66409,38562,Vedant Nadig,Vedant Nadig
1501,66416,38565,Siddharth Dube,Siddharth Dube
107,66419,38567,D. Sekhon,Daksha Sekhon
184,66426,38571,Sarthak Wadhwa,Sarthak Wadhwa
1212,66428,38573,H Joshi,Harita Joshi
362,66432,38576,Januja Mammen,Januja Mammen
1704,66433,38577,O. Gokhale,Onveer Gokhale
432,66437,38578,Z. Mangat,Zansi Mangat
1609,66439,38579,I Shankar,Ira Shankar
447,66440,38580,V. Dugar,Vedant Dugar
850,66443,38581,Wishi Ghose,Wishi Ghose
1400,66450,38586,Thomas Chacko,Thomas Chacko
82,66453,38587,Gunbir Basu,Gunbir Basu
1601,66455,38588,Sarthak Patil,Sarthak Patil
426,66459,38590,Bachittar Magar,Bachittar Magar
487,66463,38591,C. Kara,Chanakya Kara
1601,66464,38592,Sarthak Patil,Sarthak Patil
1717,66465,38592,Gunbir Dube,Gunbir Dube
61,66470,38593,Z Bal,Zayan Bal
642,66471,38593,V Nadig,Vedant Nadig
310,66475,38597,Aayush Ahluwalia,Aayush Ahluwalia
772,66476,38597,Pranit Oommen,Pranit Oommen
1517,66481,38600,K. Jaggi,Kamya Jaggi
1044,66482,38601,Yas Palla,Yash Palla
85,66484,38603,Gunit Chada,Guneet Chada
644,66485,38604,Kabir Dosi,Kabir Doshi
122,66486,38605,Frederick Arya,Frederick Arya
778,66487,38605,Gauraw Chada,Gaurav Chada
1417,66490,38606,Gaurang Srivastava,Gaurang Srivastava
1201,66492,38607,Samesh Jaggi,Samesh Jaggi
1542,66499,38610,I Dass,Imaran Dass
1156,66500,38611,D. Munshi,Daksh Munshi
1288,66504,38613,Pranit Lalla,Pranit Lalla
719,66505,38614,Gaurangi Chand,Gaurangi Chand
447,66507,38615,Vedant Dugar,Vedant Dugar
1417,66508,38616,Gaurang Srivastava,Gaurang Srivastava
1201,66514,38621,S Jaggi,Samesh Jaggi
1482,66515,38621,I. Sant,Indrajit Sant
1269,66516,38622,Y. Soman,Yutika Soman
1035,66517,38623,Ekaraj wyas,Ekaraj Vyas
633,66518,38624,Zasil sukla,Zashil Shukla
761,66519,38625,S Comar,Samarth Comar
850,66521,38626,Wisi Ghose,Wishi Ghose
644,66524,38628,K Doshi,Kabir Doshi
595,66526,38629,Unnati Anne,Unnati Anne
1288,66528,38631,Pranit Lalla,Pranit Lalla
850,66529,38631,Wishi Ghose,Wishi Ghose
772,66532,38633,Pranit Oommen,Pranit Oommen
191,66533,38633,J Handa,Jack Handa
447,66540,38636,wedant Dugar,Vedant Dugar
1020,66542,38637,N Tailor,Nitara Tailor
1609,66543,38637,Ira sankar,Ira Shankar
1443,66547,38641,Laksmi Borde,Lakshmi Borde
633,66549,38641,Zashil Shukla,Zashil Shukla
1201,66551,38642,S Jaggi,Samesh Jaggi
484,66564,38647,Chaytanya Randhawa,Chaitanya Randhawa
1288,66565,38648,P. Lalla,Pranit Lalla
113,66579,38658,F. Bava,Finn Bava
265,66580,38658,Baljiwan Bassi,Baljiwan Bassi
1628,66581,38659,N. Choudhry,Naveen Choudhry
1466,66584,38662,Lohit Zachariah,Lohit Zachariah
1443,66586,38663,L Borde,Lakshmi Borde
438,66587,38664,A Chada,Alexander Chada
1543,66591,38667,Adwik Kar,Advik Kar
642,66596,38670,wedant Nadig,Vedant Nadig
539,66598,38670,Onkar Bhatt,Onkar Bhatt
1156,66604,38673,D Munshi,Daksh Munshi
694,66607,38674,H. Koshy,Harrison Koshy
1609,66611,38676,I. Shankar,Ira Shankar
1726,66612,38677,P. Chatterjee,Patrick Chatterjee
1537,66617,38681,V Chhabra,Victor Chhabra
1609,66618,38682,Ira Shankar,Ira Shankar
265,66619,38683,B Bassi,Baljiwan Bassi
169,66626,38687,Ojas Sachar,Ojas Sachar
484,66631,38688,Chaytanya Randhawa,Chaitanya Randhawa
1138,66634,38690,Ranbir Master,Ranbir Master
424,66635,38691,Ryan Dawe,Ryan Dave
1466,66637,38692,Lohit Zachariah,Lohit Zachariah
1542,66638,38692,I Dass,Imaran Dass
265,66640,38693,B. Bassi,Baljiwan Bassi
1609,66642,38694,Ira Shankar,Ira Shankar
1341,66643,38694,A Hegde,Advay Hegde
999,66644,38695,Chaitanya Jayaraman,Chaitanya Jayaraman
1138,66648,38697,Ranbir Master,Ranbir Master
120,66650,38698,A. Bhasin,Abeer Bhasin
1020,66652,38700,Nitara Tailor,Nitara Tailor
1422,66656,38704,Jatin Balakrishnan,Jatin Balakrishnan
633,66660,38706,Z. Shukla,Zashil Shukla
633,66664,38708,Zashil Shukla,Zashil Shukla
850,66665,38708,W. Ghose,Wishi Ghose
1259,66670,38711,Noah Mall,Noah Mall
463,66671,38712,D. Gola,Dalbir Gola
1543,66674,38714,Adwik Kar,Advik Kar
546,66681,38719,Adway wasa,Advay Vasa
695,66683,38720,Hredhaan Chauhan,Hredhaan Chauhan
1365,66684,38721,Hemang Pal,Hemang Pal
1768,66693,38725,Zayan Mital,Zayan Mital
1605,66694,38726,Mohammed Das,Mohammed Dash
1085,66696,38727,Aadi Chakraborty,Aadi Chakraborty
1768,66697,38727,Z Mital,Zayan Mital
1365,66705,38732,H Pal,Hemang Pal
81,66714,38739,M Toor,Mitesh Toor
494,66720,38743,Upasna Tella,Upasna Tella
1012,66721,38743,G. Keer,Gautam Keer
641,66725,38744,A Sarma,Atharv Sarma
275,66727,38745,Jeremiah Trivedi,Jeremiah Trivedi
912,66730,38746,Aryan Dara,Aryan Dara
348,66734,38750,Ojas Maharaj,Ojas Maharaj
45,66740,38753,Chaman Srinivasan,Chaman Srinivasan
546,66741,38754,A. Vasa,Advay Vasa
1480,66742,38755,F. Raval,Fitan Raval
1365,66745,38757,Hemang Pal,Hemang Pal
1701,66746,38758,D. Bhatt,Dakshesh Bhatt
1701,66753,38761,Dakshesh Bhatt,Dakshesh Bhatt
81,66757,38764,Mites Tur,Mitesh Toor
868,66758,38765,N. Gupta,Neel Gupta
659,66759,38766,I. Kurian,Ishwar Kurian
331,66760,38766,Mohammed Shankar,Mohammed Shankar
297,66762,38768,J. Mital,Jonathan Mital
903,66763,38768,Daniel Kalla,Daniel Kalla
297,66765,38770,J. Mital,Jonathan Mital
917,66769,38771,V Pau,Veer Pau
1078,66770,38772,V. Bhakta,Vedant Bhakta
1256,66780,38776,Lakshit Kapoor,Lakshit Kapoor
193,66788,38780,G Bhatnagar,Ganga Bhatnagar
1517,66793,38781,Kamya Jaggi,Kamya Jaggi
863,66797,38782,N Seth,Nitesh Seth
650,66802,38785,Faqid Kumar,Faqid Kumar
996,66812,38790,T Mammen,Tanay Mammen
1078,66813,38790,Vedant Bhakta,Vedant Bhakta
868,66817,38793,Neel Gupta,Neel Gupta
695,66822,38795,H Chauhan,Hredhaan Chauhan
114,66823,38796,Samart wirk,Samarth Virk
114,66826,38798,Samart wirk,Samarth Virk
1664,66828,38798,Daksesh Ramakrisnan,Dakshesh Ramakrishnan
1078,66830,38799,V. Bhakta,Vedant Bhakta
421,66843,38807,J Bora,Jeremiah Bora
1465,66845,38809,J Bhatia,Jagat Bhatia
285,66848,38812,Charles Ganguly,Charles Ganguly
1310,66850,38812,M. Narang,Michael Narang
331,66852,38814,M. Shankar,Mohammed Shankar
1701,66853,38815,D. Bhatt,Dakshesh Bhatt
912,66856,38815,A Dara,Aryan Dara
1392,66857,38816,Kritika Sangha,Kritika Sangha
546,66860,38816,Advay Vasa,Advay Vasa
903,66861,38817,D Kalla,Daniel Kalla
868,66862,38817,N Gupta,Neel Gupta
256,66863,38817,G. Grover,Gaurangi Grover
1170,66866,38818,B Nath,Barkha Nath
1052,66868,38819,Faras Randhawa,Faras Randhawa
759,66873,38821,Aadi Sheth,Aadi Sheth
256,66875,38823,Gaurangi Grower,Gaurangi Grover
868,66880,38825,Neel Gupta,Neel Gupta
695,66881,38825,Hredhaan Chauhan,Hredhaan Chauhan
354,66882,38826,M Dutta,Mitesh Dutta
605,66884,38827,Natan Bhat,Nathan Bhat
1564,66887,38828,Indrajit Dada,Indrajit Dada
546,66890,38830,A Vasa,Advay Vasa
1085,66892,38832,A Chakraborty,Aadi Chakraborty
1160,66895,38834,Maanav Chandra,Maanav Chandra
1091,66896,38835,Ansh Chadha,Ansh Chadha
285,66899,38838,C Ganguly,Charles Ganguly
1342,66901,38839,Qasim Devan,Qasim Devan
1135,66902,38840,Gunbir Kaur,Gunbir Kaur
415,66904,38841,V. Sarma,Vihaan Sarma
546,66910,38844,Advay Vasa,Advay Vasa
45,66914,38845,Chaman Srinivasan,Chaman Srinivasan
1310,66915,38846,M Narang,Michael Narang
1392,66919,38848,Kritika Sangha,Kritika Sangha
1096,66922,38850,M Singh,Manthan Singh
45,66924,38851,Chaman Sriniwasan,Chaman Srinivasan
917,66925,38852,V. Pau,Veer Pau
531,66927,38853,Samuel wig,Samuel Vig
1085,66932,38857,A Chakraborty,Aadi Chakraborty
1365,66938,38861,H Pal,Hemang Pal
1223,66939,38861,J Merchant,Jeremiah Merchant
531,66943,38864,Samuel wig,Samuel Vig
1711,66947,38865,Gavin Sandhu,Gavin Sandhu
1085,66950,38866,A Chakraborty,Aadi Chakraborty
1310,66954,38868,Michael Narang,Michael Narang
1775,66956,38870,C Rout,Caleb Rout
152,66959,38873,W Dugal,Wazir Dugal
1605,66962,38875,Mohammed Das,Mohammed Dash
472,66963,38876,Gabriel Ben,Gabriel Ben
903,66965,38877,Daniel Kalla,Daniel Kalla
903,66966,38878,Daniel Kalla,Daniel Kalla
285,66967,38879,C. Ganguly,Charles Ganguly
45,66978,38883,C Srinivasan,Chaman Srinivasan
1392,66980,38884,Kritika Sangha,Kritika Sangha
895,66981,38884,Faras Raj,Faras Raj
1078,66982,38884,V. Bhakta,Vedant Bhakta
1496,66983,38884,Y. Loyal,Yagnesh Loyal
81,66985,38885,M Toor,Mitesh Toor
1170,66990,38888,B. Nath,Barkha Nath
952,66994,38891,F. Deep,Fitan Deep
1459,66995,38892,Gavin Om,Gavin Om
1465,66996,38893,Jagat Bhatia,Jagat Bhatia
659,67003,38898,I Kurian,Ishwar Kurian
421,67008,38902,Jeremiah Bora,Jeremiah Bora
744,67010,38904,Jacob Bhatnagar,Jacob Bhatnagar
1496,67012,38904,Yagnes Loyal,Yagnesh Loyal
367,67015,38906,Hardik Kohli,Hardik Kohli
969,67019,38907,Hardik Salvi,Hardik Salvi
602,67021,38908,Abhiram Mani,Abhiram Mani
767,67022,38908,Y. Ahluwalia,Yochana Ahluwalia
1564,67025,38910,I. Dada,Indrajit Dada
1078,67029,38913,V Bhakta,Vedant Bhakta
641,67032,38916,Atarv Sarma,Atharv Sarma
602,67033,38917,Abhiram Mani,Abhiram Mani
868,67034,38918,Neel Gupta,Neel Gupta
81,67036,38919,M Toor,Mitesh Toor
602,67042,38922,Abhiram Mani,Abhiram Mani
917,67044,38922,Veer Pau,Veer Pau
1768,67045,38922,Zayan Mital,Zayan Mital
995,67046,38923,G. Bandi,Gagan Bandi
1517,67051,38926,Kamya Jaggi,Kamya Jaggi
1459,67053,38926,Gavin Om,Gavin Om
662,67054,38927,B. Swamy,Baljiwan Swamy
675,67060,38928,D Kaul,Dipta Kaul
1365,67061,38929,Hemang Pal,Hemang Pal
1085,67062,38930,A. Chakraborty,Aadi Chakraborty
1078,67064,38932,V Bhakta,Vedant Bhakta
995,67066,38934,G Bandi,Gagan Bandi
1634,67068,38936,O Narayanan,Owen Narayanan
1576,67071,38937,Kalpit Nori,Kalpit Nori
1191,67072,38937,Sarthak Kalla,Sarthak Kalla
675,67076,38941,Dipta Kaul,Dipta Kaul
1496,67078,38942,Yagnesh Loyal,Yagnesh Loyal
1294,67083,38946,A. Kamdar,Anthony Kamdar
195,67084,38946,Abhimanyu Cherian,Abhimanyu Cherian
421,67087,38949,Jeremiah Bora,Jeremiah Bora
759,67092,38951,A. Sheth,Aadi Sheth
1085,67097,38954,Aadi Chakraborty,Aadi Chakraborty
767,67101,38957,Yochana Ahluwalia,Yochana Ahluwalia
297,67104,38958,J. Mital,Jonathan Mital
331,67106,38959,Mohammed Shankar,Mohammed Shankar
895,67109,38961,Faras Raj,Faras Raj
641,67112,38964,Atharv Sarma,Atharv Sarma
662,67114,38965,B Swamy,Baljiwan Swamy
1564,67117,38966,I. Dada,Indrajit Dada
256,67118,38966,Gaurangi Grover,Gaurangi Grover
1605,67120,38967,Mohammed Dash,Mohammed Dash
1688,67122,38969,Ranbir Oommen,Ranbir Oommen
297,67135,38976,J. Mital,Jonathan Mital
675,67136,38977,Dipta Kaul,Dipta Kaul
903,67137,38978,Daniel Kalla,Daniel Kalla
1517,67139,38979,Kamya Jaggi,Kamya Jaggi
917,67141,38979,weer Pau,Veer Pau
713,67142,38979,Panini Borde,Panini Borde
512,67145,38981,Arjun Reddy,Arjun Reddy
1397,67146,38981,Manan Sekhon,Manan Sekhon
1658,67147,38982,Logan Nanda,Logan Nanda
1701,67151,38985,D Bhatt,Dakshesh Bhatt
1605,67154,38987,M Dash,Mohammed Dash
1588,67155,38987,tomas Dora,Thomas Dora
917,67161,38990,Veer Pau,Veer Pau
1052,67163,38991,F Randhawa,Faras Randhawa
806,67165,38991,I Bera,Ishwar Bera
546,67169,38995,Adway wasa,Advay Vasa
367,67176,38999,H Kohli,Hardik Kohli
1599,67177,39000,Azad Deep,Azad Deep
806,67180,39002,Iswar Bera,Ishwar Bera
220,67184,39005,Caleb Handa,Caleb Handa
1392,67186,39007,Kritika Sangha,Kritika Sangha
131,67188,39008,Aayush Shroff,Aayush Shroff
114,67193,39010,S. Virk,Samarth Virk
174,67194,39011,C Dubey,Chanakya Dubey
1215,67195,39011,E Chaudhry,Eiravati Chaudhry
1392,67206,39019,K. Sangha,Kritika Sangha
586,67212,39023,Teerth Krish,Teerth Krish
367,67213,39023,H. Kohli,Hardik Kohli
421,67216,39024,J Bora,Jeremiah Bora
1151,67220,39027,Tirth Nayak,Teerth Nayak
1588,67222,39028,tomas Dora,Thomas Dora
1605,67225,39030,M. Dash,Mohammed Dash
767,67228,39032,Yochana Ahluwalia,Yochana Ahluwalia
1442,67229,39032,A Vohra,Aarnav Vohra
1465,67232,39034,Jagat Bhatia,Jagat Bhatia
546,67235,39036,A. Vasa,Advay Vasa
863,67240,39038,Nites Set,Nitesh Seth
1012,67242,39039,Gautam Keer,Gautam Keer
912,67246,39042,A. Dara,Aryan Dara
421,67255,39046,Jeremiah Bora,Jeremiah Bora
114,67256,39046,Samarth Virk,Samarth Virk
348,67258,39048,Ojas Maharaj,Ojas Maharaj
1132,67259,39049,F. Lata,Fitan Lata
1335,67261,39050,Nandini Pant,Nandini Pant
1333,67262,39050,Nimrat Dora,Nimrat Dora
759,67267,39054,Aadi Sheth,Aadi Sheth
1078,67268,39054,Vedant Bhakta,Vedant Bhakta
1052,67270,39055,Faras Randhawa,Faras Randhawa
1785,67272,39057,Banjeet Mital,Banjeet Mital
1135,67280,39062,Gunbir Kaur,Gunbir Kaur
675,67285,39066,D. Kaul,Dipta Kaul
1256,67286,39067,L. Kapoor,Lakshit Kapoor
1768,67290,39069,Zayan Mital,Zayan Mital
1166,67293,39070,Farhan Saraf,Farhan Saraf
256,67299,39075,G Grover,Gaurangi Grover
695,67301,39076,Hredhaan Chauhan,Hredhaan Chauhan
1193,67304,39079,Aarnav Maharaj,Aarnav Maharaj
662,67306,39081,Baljiwan Swamy,Baljiwan Swamy
531,67307,39082,Samuel wig,Samuel Vig
1400,67308,39082,Thomas Chacko,Thomas Chacko
1078,67310,39082,V. Bhakta,Vedant Bhakta
114,67311,39083,S Virk,Samarth Virk
1768,67312,39083,Z Mital,Zayan Mital
297,67316,39087,Jonathan Mital,Jonathan Mital
331,67330,39094,Mohammed sankar,Mohammed Shankar
64,67332,39096,Ekapad Ray,Ekapad Rai
348,67333,39096,O Maharaj,Ojas Maharaj
1517,67336,39098,K. Jaggi,Kamya Jaggi
806,67338,39099,I Bera,Ishwar Bera
350,67341,39102,Y. Bhalla,Yuvraj Bhalla
1256,67342,39103,L. Kapoor,Lakshit Kapoor
1256,67347,39108,Lakshit Kapoor,Lakshit Kapoor
1351,67350,39109,Michael Kakar,Michael Kakar
903,67355,39111,Daniel Kalla,Daniel Kalla
1351,67360,39113,Michael Kakar,Michael Kakar
1053,67361,39114,O Bedi,Omya Bedi
546,67365,39117,A Vasa,Advay Vasa
1256,67366,39118,L. Kapoor,Lakshit Kapoor
806,67374,39124,I. Bera,Ishwar Bera
1465,67383,39131,Jagat Bhatia,Jagat Bhatia
641,67386,39131,Atharw Sarma,Atharv Sarma
662,67392,39135,B. Swamy,Baljiwan Swamy
912,67395,39137,Aryan Dara,Aryan Dara
546,67399,39139,Advay Vasa,Advay Vasa
912,67404,39141,Aryan Dara,Aryan Dara
1576,67405,39141,K Nori,Kalpit Nori
903,67409,39144,D Kalla,Daniel Kalla
1564,67410,39145,I Dada,Indrajit Dada
1523,67411,39145,N. Chaudhari,Nikita Chaudhari
917,67412,39145,Veer Pau,Veer Pau
605,67413,39146,Nathan Bhat,Nathan Bhat
1732,67416,39149,R. Bhatti,Rehaan Bhatti
662,67417,39150,Baljiwan Swamy,Baljiwan Swamy
1392,67420,39152,Kritika Sangha,Kritika Sangha
256,67427,39156,Gaurangi Grover,Gaurangi Grover
1576,67428,39156,K. Nori,Kalpit Nori
1392,67429,39156,Kritika Sangha,Kritika Sangha
1435,67434,39159,Rachit Sibal,Rachit Sibal
602,67436,39160,Abhiram Mani,Abhiram Mani
874,67442,39165,J. Sahota,Jeet Sahota
1170,67445,39167,Barkha Nath,Barkha Nath
1549,67452,39171,M. Kurian,Michael Kurian
1105,67456,39174,Aditya Chakraborty,Aditya Chakraborty
531,67463,39177,Samuel Vig,Samuel Vig
659,67464,39178,Ishwar Kurian,Ishwar Kurian
45,67467,39180,Chaman Srinivasan,Chaman Srinivasan
1351,67469,39181,Michael Kakar,Michael Kakar
1496,67470,39181,Y. Loyal,Yagnesh Loyal
1588,67474,39185,T. Dora,Thomas Dora
1459,67479,39187,Gawin Om,Gavin Om
1753,67480,39188,Arjun Diwan,Arjun Divan
441,67482,39189,Isita sah,Ishita Shah
1078,67487,39193,Vedant Bhakta,Vedant Bhakta
297,67491,39196,J. Mital,Jonathan Mital
1256,67494,39198,L. Kapoor,Lakshit Kapoor
895,67495,39199,F. Raj,Faras Raj
1465,67496,39200,Jagat Bhatia,Jagat Bhatia
641,67498,39202,Atharv Sarma,Atharv Sarma
275,67499,39202,J. Trivedi,Jeremiah Trivedi
421,67507,39206,Jeremiah Bora,Jeremiah Bora
1564,67509,39207,Indrajit Dada,Indrajit Dada
662,67511,39207,B. Swamy,Baljiwan Swamy
1496,67515,39210,Yagnesh Loyal,Yagnesh Loyal
586,67517,39211,T. Krish,Teerth Krish
1012,67518,39211,G Keer,Gautam Keer
602,67521,39212,Abhiram Mani,Abhiram Mani
1564,67522,39213,Indrajit Dada,Indrajit Dada
45,67524,39215,C. Srinivasan,Chaman Srinivasan
1256,67526,39216,Lakshit Kapoor,Lakshit Kapoor
1351,67529,39217,M Kakar,Michael Kakar
1256,67530,39217,L. Kapoor,Lakshit Kapoor
1605,67535,39220,M. Dash,Mohammed Dash
605,67537,39220,N Bhat,Nathan Bhat
1135,67538,39221,G. Kaur,Gunbir Kaur
1553,67539,39222,Umang Venkataraman,Umang Venkataraman
285,67544,39225,Charles Ganguly,Charles Ganguly
995,67545,39226,G. Bandi,Gagan Bandi
903,67549,39229,Daniel Kalla,Daniel Kalla
605,67550,39230,Nathan Bhat,Nathan Bhat
348,67554,39232,Ojas Maharaj,Ojas Maharaj
806,67565,39239,Ishwar Bera,Ishwar Bera
1484,67566,39240,Faris Balakrisnan,Faris Balakrishnan
868,67569,39241,N Gupta,Neel Gupta
675,67571,39242,D. Kaul,Dipta Kaul
81,67572,39242,Mitesh Toor,Mitesh Toor
297,67579,39248,Jonatan Mital,Jonathan Mital
903,67582,39251,D Kalla,Daniel Kalla
754,67584,39251,M Rao,Matthew Rao
1564,67585,39251,I Dada,Indrajit Dada
605,67589,39254,Nathan Bhat,Nathan Bhat
1695,67593,39257,Mugdha Yadaw,Mugdha Yadav
473,67601,39261,V Sengupta,Vincent Sengupta
1664,67604,39263,Daksesh Ramakrisnan,Dakshesh Ramakrishnan
662,67606,39264,Baljiwan Swamy,Baljiwan Swamy
1459,67609,39265,G Om,Gavin Om
614,67612,39266,A. Talwar,Alexander Talwar
331,67616,39267,Mohammed sankar,Mohammed Shankar
1012,67621,39270,G Keer,Gautam Keer
1335,67623,39270,Nandini Pant,Nandini Pant
1465,67624,39271,Jagat Bhatia,Jagat Bhatia
654,67627,39273,Wyatt Sekhon,Wyatt Sekhon
81,67629,39274,Mitesh Toor,Mitesh Toor
641,67630,39275,A Sarma,Atharv Sarma
605,67635,39278,Natan Bhat,Nathan Bhat
946,67637,39279,J Pal,Jackson Pal
1628,67638,39280,N Choudhry,Naveen Choudhry
1465,67643,39282,J Bhatia,Jagat Bhatia
1078,67649,39286,Vedant Bhakta,Vedant Bhakta
114,67652,39287,Samart wirk,Samarth Virk
45,67660,39291,C. Srinivasan,Chaman Srinivasan
546,67663,39294,Advay Vasa,Advay Vasa
1392,67665,39294,Kritika Sangha,Kritika Sangha
1664,67671,39300,Dakshesh Ramakrishnan,Dakshesh Ramakrishnan
659,67674,39301,Ishwar Kurian,Ishwar Kurian
174,67676,39302,C. Dubey,Chanakya Dubey
605,67678,39303,N Bhat,Nathan Bhat
546,67679,39303,Advay Vasa,Advay Vasa
1517,67680,39304,K. Jaggi,Kamya Jaggi
297,67687,39308,J Mital,Jonathan Mital
531,67688,39309,S. Vig,Samuel Vig
995,67689,39310,G Bandi,Gagan Bandi
1256,67690,39310,Laksit Kapur,Lakshit Kapoor
531,67696,39313,S. Vig,Samuel Vig
917,67698,39313,weer Pau,Veer Pau
806,67700,39314,Iswar Bera,Ishwar Bera
1078,67703,39315,Vedant Bhakta,Vedant Bhakta
641,67706,39316,Atharv Sarma,Atharv Sarma
695,67708,39318,Hredhaan Chauhan,Hredhaan Chauhan
1012,67711,39319,Gautam Keer,Gautam Keer
367,67714,39322,H. Kohli,Hardik Kohli
695,67715,39323,Hredhaan Chauhan,Hredhaan Chauhan
256,67720,39326,G. Grover,Gaurangi Grover
1795,67726,39330,Lavanya Datta,Lavanya Datta
1664,67731,39333,D. Ramakrishnan,Dakshesh Ramakrishnan
659,67735,39336,Ishwar Kurian,Ishwar Kurian
695,67738,39339,Hredhaan Chauhan,Hredhaan Chauhan
917,67739,39340,Veer Pau,Veer Pau
759,67742,39340,Aadi Sheth,Aadi Sheth
1135,67743,39341,G Kaur,Gunbir Kaur
662,67745,39343,B. Swamy,Baljiwan Swamy
331,67746,39343,M Shankar,Mohammed Shankar
912,67751,39347,Aryan Dara,Aryan Dara
602,67757,39352,Abhiram Mani,Abhiram Mani
546,67760,39354,A Vasa,Advay Vasa
767,67763,39356,Y. Ahluwalia,Yochana Ahluwalia
605,67775,39362,Nathan Bhat,Nathan Bhat
1592,67777,39363,Chatres Acharya,Chatresh Acharya
1138,67779,39365,R Master,Ranbir Master
662,67782,39367,B. Swamy,Baljiwan Swamy
1317,67790,39370,O Sem,Ojas Sem
641,67791,39370,A Sarma,Atharv Sarma
759,67792,39370,Aadi Sheth,Aadi Sheth
715,67794,39372,Y. Ramaswamy,Yatin Ramaswamy
602,67795,39373,Abhiram Mani,Abhiram Mani
1722,67798,39374,T Raghavan,Tanveer Raghavan
602,67802,39375,Abhiram Mani,Abhiram Mani
1012,67803,39375,G Keer,Gautam Keer
1465,67805,39376,J Bhatia,Jagat Bhatia
1135,67807,39377,G. Kaur,Gunbir Kaur
1768,67809,39379,Z Mital,Zayan Mital
151,67816,39384,Wahab Kant,Wahab Kant
1564,67818,39385,I. Dada,Indrajit Dada
427,67821,39387,Chatres sankar,Chatresh Shankar
1588,67822,39388,T. Dora,Thomas Dora
1335,67824,39388,Nandini Pant,Nandini Pant
1177,67828,39392,Samarth Din,Samarth Din
546,67829,39392,A Vasa,Advay Vasa
586,67833,39394,Teerth Krish,Teerth Krish
1392,67834,39394,K. Sangha,Kritika Sangha
367,67837,39396,Hardik Kohli,Hardik Kohli
1351,67838,39397,M. Kakar,Michael Kakar
767,67846,39401,Y Ahluwalia,Yochana Ahluwalia
546,67848,39403,Adway wasa,Advay Vasa
81,67850,39404,M Toor,Mitesh Toor
1064,67851,39404,S. Gokhale,Samar Gokhale
1465,67856,39407,J Bhatia,Jagat Bhatia
331,67863,39411,M Shankar,Mohammed Shankar
1664,67866,39413,Dakshesh Ramakrishnan,Dakshesh Ramakrishnan
1576,67868,39414,K Nori,Kalpit Nori
1588,67873,39417,Thomas Dora,Thomas Dora
695,67876,39419,Hredhaan Chauhan,Hredhaan Chauhan
1335,67878,39420,Nandini Pant,Nandini Pant
912,67879,39421,Aryan Dara,Aryan Dara
806,67885,39424,I Bera,Ishwar Bera
662,67886,39424,B. Swamy,Baljiwan Swamy
1701,67888,39425,D. Bhatt,Dakshesh Bhatt
1135,67891,39427,G Kaur,Gunbir Kaur
806,67896,39429,Iswar Bera,Ishwar Bera
912,67897,39430,A. Dara,Aryan Dara
1664,67899,39431,Daksesh Ramakrisnan,Dakshesh Ramakrishnan
45,67903,39433,C. Srinivasan,Chaman Srinivasan
285,67904,39434,Charles Ganguly,Charles Ganguly
546,67905,39434,Advay Vasa,Advay Vasa
114,67906,39434,S. Virk,Samarth Virk
211,67907,39435,Amara Mani,Amara Mani
1496,67910,39437,Yagnesh Loyal,Yagnesh Loyal
1768,67912,39438,Zayan Mital,Zayan Mital
912,67915,39440,Aryan Dara,Aryan Dara
767,67917,39442,Yochana Ahluwalia,Yochana Ahluwalia
1078,67931,39452,V Bhakta,Vedant Bhakta
546,67933,39454,A. Vasa,Advay Vasa
1088,67935,39455,Gabriel Bal,Gabriel Bal
331,67936,39455,M. Shankar,Mohammed Shankar
605,67938,39456,N Bhat,Nathan Bhat
1564,67939,39456,I Dada,Indrajit Dada
806,67946,39462,Ishwar Bera,Ishwar Bera
586,67947,39462,Teert Kris,Teerth Krish
605,67949,39463,Nathan Bhat,Nathan Bhat
1037,67952,39464,Wazir Rattan,Wazir Rattan
962,67956,39467,Z Sehgal,Zashil Sehgal
586,67957,39468,Teert Kris,Teerth Krish
367,67958,39468,Hardik Kohli,Hardik Kohli
662,67960,39469,Baljiwan Swamy,Baljiwan Swamy
1576,67967,39475,K Nori,Kalpit Nori
297,67968,39476,Jonathan Mital,Jonathan Mital
641,67973,39477,Atarv Sarma,Atharv Sarma
1485,67975,39478,C. Bera,Chanakya Bera
285,67976,39478,Charles Ganguly,Charles Ganguly
1135,67977,39479,G. Kaur,Gunbir Kaur
1605,67979,39480,Mohammed Dash,Mohammed Dash
1768,67983,39482,Zayan Mital,Zayan Mital
1000,67987,39486,K. Naik,Kamala Naik
1334,67988,39487,T. Ramanathan,Tarak Ramanathan
367,67996,39493,Hardik Kohli,Hardik Kohli
868,67999,39495,Neel Gupta,Neel Gupta
348,68000,39495,Ojas Maharaj,Ojas Maharaj
1605,68005,39498,Mohammed Dash,Mohammed Dash
675,68007,39500,D. Kaul,Dipta Kaul
675,68012,39503,Dipta Kaul,Dipta Kaul
823,68014,39504,B. Khosla,Balvan Khosla
275,68016,39505,Jeremiah Triwedi,Jeremiah Trivedi
348,68022,39511,O. Maharaj,Ojas Maharaj
1017,68024,39511,T Ganesan,Timothy Ganesan
348,68027,39512,Ojas Maharaj,Ojas Maharaj
275,68030,39514,J Trivedi,Jeremiah Trivedi
695,68032,39515,Hredhaan Chauhan,Hredhaan Chauhan
1335,68040,39519,N. Pant,Nandini Pant
641,68041,39520,Atharv Sarma,Atharv Sarma
246,68048,39523,Aarush Shenoy,Aarush Shenoy
1517,68049,39524,K. Jaggi,Kamya Jaggi
81,68050,39524,Mitesh Toor,Mitesh Toor
1768,68052,39525,Zayan Mital,Zayan Mital
331,68053,39525,M Shankar,Mohammed Shankar
1256,68056,39527,Laksit Kapur,Lakshit Kapoor
1392,68058,39528,Kritika Sangha,Kritika Sangha
863,68062,39531,N Seth,Nitesh Seth
659,68067,39533,Iswar Kurian,Ishwar Kurian
767,68069,39533,Y. Ahluwalia,Yochana Ahluwalia
1078,68071,39534,Vedant Bhakta,Vedant Bhakta
1160,68074,39535,Maanav Chandra,Maanav Chandra
662,68075,39535,Baljiwan Swamy,Baljiwan Swamy
968,68079,39537,Ekiya Borde,Ekiya Borde
421,68085,39541,J. Bora,Jeremiah Bora
995,68089,39543,G. Bandi,Gagan Bandi
995,68092,39545,Gagan Bandi,Gagan Bandi
1605,68094,39546,Mohammed Dash,Mohammed Dash
1351,68095,39546,Michael Kakar,Michael Kakar
81,68098,39548,Mitesh Toor,Mitesh Toor
1459,68105,39552,G. Om,Gavin Om
602,68108,39552,Abhiram Mani,Abhiram Mani
1170,68114,39555,Barka Nat,Barkha Nath
659,68115,39555,I. Kurian,Ishwar Kurian
285,68120,39559,Charles Ganguly,Charles Ganguly
759,68121,39559,A Sheth,Aadi Sheth
659,68123,39561,Ishwar Kurian,Ishwar Kurian
1078,68125,39561,Vedant Bhakta,Vedant Bhakta
1333,68127,39562,Nimrat Dora,Nimrat Dora
704,68130,39564,Karan Kashyap,Karan Kashyap
531,68140,39570,Samuel Vig,Samuel Vig
1735,68142,39571,Nathan More,Nathan More
806,68144,39573,Ishwar Bera,Ishwar Bera
868,68145,39573,N. Gupta,Neel Gupta
1351,68152,39577,Michael Kakar,Michael Kakar
1254,68154,39578,A Sharaf,Abeer Sharaf
1170,68156,39578,B Nath,Barkha Nath
1564,68158,39580,I Dada,Indrajit Dada
45,68161,39583,Chaman Srinivasan,Chaman Srinivasan
1392,68162,39584,K. Sangha,Kritika Sangha
695,68165,39586,Hredhaan Chauhan,Hredhaan Chauhan
1664,68166,39586,Dakshesh Ramakrishnan,Dakshesh Ramakrishnan
912,68171,39588,Aryan Dara,Aryan Dara
695,68173,39589,Hredhaan Chauhan,Hredhaan Chauhan
675,68175,39591,D Kaul,Dipta Kaul
607,68181,39596,G Khare,Gauri Khare
1588,68183,39598,T. Dora,Thomas Dora
1576,68186,39600,Kalpit Nori,Kalpit Nori
641,68193,39603,Atarv Sarma,Atharv Sarma
