ResolvedPersonID,n_cases,n_districts,cross_jurisdiction,n_co_accused_links,community_id,dominant_crime_subhead_id
24481,108,22,True,126,10,12
26399,76,12,True,90,3,5
3144,73,9,True,90,114,12
54015,67,21,True,79,95,5
2893,65,5,True,87,3,12
36791,64,12,True,99,3,12
38563,63,10,True,60,35,18
34728,63,9,True,76,44,12
19931,62,24,True,76,59,13
30565,62,9,True,88,80,12
41005,61,13,True,83,3,12
45863,60,13,True,59,25,18
54395,59,7,True,81,3,12
39463,58,19,True,73,74,12
21191,58,6,True,58,3,12
49443,57,20,True,55,2,12
121,57,3,True,64,3,12
173,56,5,True,72,3,12
289,56,5,True,86,3,12
9637,54,16,True,67,53,12
32708,54,12,True,66,14,12
159,54,4,True,69,3,12
9999,52,20,True,65,58,5
35374,52,17,True,56,58,12
7566,52,7,True,75,3,12
826,52,5,True,74,3,14
12,52,2,True,64,3,5
11814,51,11,True,65,62,12
10789,51,8,True,69,3,12
25,51,6,True,61,3,12
20,51,4,True,72,3,12
48,51,4,True,57,3,12
351,51,3,True,63,3,12
588,51,2,True,69,3,12
34126,50,13,True,52,23,12
258,50,8,True,65,3,12
23510,50,6,True,60,3,12
39764,50,6,True,58,3,12
124,50,5,True,53,3,5
49468,49,24,True,57,70,5
12789,49,11,True,60,0,12
15119,49,9,True,50,12,12
107,49,5,True,58,3,12
382,49,5,True,54,3,5
704,49,4,True,47,3,5
61,49,3,True,59,3,12
34263,48,12,True,60,59,5
274,48,7,True,51,3,5
83,48,4,True,41,10,12
86,48,4,True,69,3,12
347,48,3,True,56,3,12
14359,47,14,True,56,54,18
42307,47,10,True,60,62,12
707,46,12,True,60,105,12
217,46,5,True,56,3,5
375,46,4,True,52,3,12
46469,45,16,True,46,72,5
26037,45,12,True,46,1,12
973,45,5,True,52,3,20
66,45,4,True,52,3,12
43,45,2,True,50,3,9
417,45,2,True,58,3,12
41116,44,19,True,59,30,5
35658,44,16,True,59,18,12
138,44,8,True,51,3,12
234,44,2,True,51,3,12
41180,43,13,True,52,6,5
172,43,5,True,59,114,12
282,43,3,True,47,3,12
226,43,1,False,55,3,12
699,42,8,True,56,3,12
25781,42,3,True,55,3,12
69,42,2,True,48,3,5
177,42,1,False,51,3,12
1639,41,12,True,37,25,12
24801,41,10,True,39,7,12
24831,41,6,True,53,3,4
7074,41,3,True,39,3,12
59571,40,20,True,50,14,12
23341,40,18,True,49,86,12
902,40,16,True,51,111,5
1179,40,11,True,46,37,12
183,40,4,True,48,3,5
7590,39,11,True,49,22,13
10618,39,10,True,40,62,12
15672,39,10,True,51,40,12
56253,39,5,True,50,3,12
106,39,3,True,34,95,4
348,39,3,True,51,3,12
51669,38,11,True,44,1,12
220,38,4,True,49,3,12
49230,37,17,True,42,135,14
16888,37,12,True,45,6,12
42927,37,12,True,41,73,12
34994,37,10,True,31,164,18
42542,37,9,True,50,53,12
46805,37,8,True,40,0,18
8169,37,5,True,41,43,12
15141,37,5,True,36,161,12
14363,37,4,True,40,3,5
11339,36,18,True,47,64,5
22903,36,17,True,44,27,6
11488,36,13,True,45,2,12
2692,36,11,True,51,1,12
14148,36,11,True,45,19,12
44044,35,19,True,46,105,12
46449,35,17,True,42,97,12
26093,35,12,True,33,62,12
39258,35,12,True,37,106,5
13976,35,9,True,38,52,5
5513,35,7,True,32,3,12
1361,35,6,True,50,3,12
2589,35,5,True,39,3,5
160,35,3,True,38,3,12
210,35,1,False,54,3,4
17123,34,12,True,41,135,5
3511,34,10,True,44,59,15
32274,34,10,True,42,12,12
32844,34,8,True,31,1,12
2367,34,7,True,41,43,5
18828,34,6,True,50,43,12
11691,34,4,True,45,62,5
11715,33,7,True,42,28,5
18732,33,6,True,42,14,12
13455,33,5,True,38,62,18
28101,32,12,True,38,48,4
23095,32,11,True,34,22,12
6719,32,9,True,46,63,13
43677,32,9,True,44,105,12
41881,32,6,True,43,3,9
48263,31,15,True,38,51,5
40732,31,14,True,28,12,5
15723,31,9,True,32,1,12
42644,31,8,True,47,68,12
11694,31,5,True,35,62,12
298,31,2,True,39,3,5
25057,30,17,True,29,30,20
31792,30,16,True,36,179,18
59659,30,16,True,47,43,12
10992,30,15,True,32,126,12
32604,30,10,True,48,2,14
11547,30,9,True,43,19,5
15803,30,9,True,39,1,12
5847,30,5,True,39,1,12
11789,30,5,True,38,28,13
15183,30,3,True,46,1,12
15045,30,2,True,34,64,14
52556,29,15,True,31,20,12
35947,29,12,True,38,37,12
1559,29,10,True,29,54,5
25398,29,9,True,31,137,5
38538,29,9,True,31,93,12
3076,29,8,True,37,12,12
27662,29,8,True,40,62,5
22305,29,7,True,43,44,4
637,29,6,True,36,59,12
307,29,5,True,38,3,8
54880,28,12,True,31,45,12
11852,28,8,True,29,62,14
15146,28,5,True,28,166,14
24941,28,5,True,33,52,13
431,28,4,True,40,3,8
15016,28,4,True,37,1,12
15041,28,4,True,35,43,12
36039,28,4,True,29,1,12
11884,28,3,True,40,62,12
695,28,2,True,33,3,14
54963,27,16,True,31,1,14
60737,27,16,True,44,58,9
2553,27,9,True,35,62,12
39250,27,9,True,31,62,12
12294,27,7,True,32,105,18
24703,27,7,True,29,161,12
28652,27,7,True,28,179,13
34093,27,7,True,41,56,12
15272,27,5,True,31,166,12
14966,27,4,True,35,2,11
25557,26,13,True,25,6,4
2235,26,12,True,29,126,12
10314,26,11,True,22,2,12
51691,26,11,True,32,12,12
14830,26,10,True,32,18,5
28394,26,10,True,29,54,18
48616,26,10,True,32,70,12
54911,26,10,True,26,73,12
11451,26,9,True,24,1,12
22748,26,8,True,35,37,12
27009,26,8,True,36,53,11
21769,26,7,True,27,10,5
13959,26,6,True,32,12,12
15242,26,5,True,37,14,18
14468,26,4,True,34,62,12
15031,26,4,True,32,52,12
1103,26,3,True,39,14,12
7280,26,3,True,24,51,12
10884,26,3,True,30,48,12
15583,26,2,True,33,1,5
51590,25,16,True,26,0,12
51548,25,15,True,31,22,12
20251,25,12,True,35,106,5
29191,25,12,True,38,126,12
3740,25,9,True,26,30,5
16338,25,8,True,24,58,13
5628,25,7,True,40,31,5
38150,25,7,True,22,294,14
11703,25,6,True,25,62,5
32585,25,6,True,26,30,5
15464,25,5,True,33,51,5
16801,25,5,True,36,25,13
64222,25,4,True,33,14,12
459,25,3,True,29,3,13
11670,25,3,True,30,62,12
15201,25,3,True,34,43,18
25921,25,3,True,35,53,4
29245,25,3,True,35,64,4
15618,25,2,True,26,166,13
42798,24,15,True,30,10,5
49861,24,14,True,36,80,5
32499,24,13,True,21,86,14
26823,24,12,True,30,93,4
29547,24,10,True,30,105,12
30658,24,10,True,24,31,12
14444,24,9,True,28,23,12
36935,24,8,True,21,68,15
23755,24,7,True,32,105,12
25260,24,7,True,32,16,5
2336,24,6,True,27,51,5
26131,24,6,True,30,62,12
45514,24,6,True,26,48,13
56982,24,6,True,31,37,18
12892,24,5,True,29,14,14
17613,24,5,True,41,0,20
18720,24,5,True,23,70,5
18036,23,12,True,33,56,12
42182,23,12,True,25,86,12
6528,23,10,True,23,7,5
10654,23,10,True,30,6,5
21543,23,10,True,23,12,12
28261,23,10,True,33,56,12
5050,23,8,True,23,45,5
8593,23,8,True,29,59,5
13571,23,8,True,27,74,18
20442,23,8,True,29,6,12
28449,23,8,True,35,221,5
3348,23,7,True,32,135,12
10786,23,7,True,33,19,12
12451,23,6,True,23,135,12
12742,23,6,True,20,43,12
27169,23,6,True,38,62,12
6421,23,5,True,19,53,4
16763,23,5,True,31,12,12
9983,23,4,True,35,1,9
15069,23,4,True,31,64,12
22850,23,4,True,25,52,20
25829,23,4,True,30,59,9
32943,23,4,True,27,74,14
17783,23,1,False,34,1,12
6608,22,11,True,30,10,9
23441,22,11,True,31,86,12
30952,22,11,True,32,53,5
41404,22,10,True,28,14,5
4194,22,9,True,33,10,12
28719,22,9,True,26,12,12
56453,22,8,True,30,111,8
12076,22,7,True,28,26,12
16522,22,7,True,19,25,5
26176,22,7,True,31,68,20
34766,22,7,True,25,2,12
54396,22,7,True,29,1,12
407,22,6,True,22,126,12
3528,22,6,True,28,25,14
9461,22,6,True,36,63,12
331,22,5,True,26,19,12
2672,22,5,True,25,53,12
16854,22,5,True,32,63,12
4517,22,4,True,26,114,14
11680,22,4,True,19,62,12
11908,22,3,True,33,105,18
15510,22,3,True,36,43,12
15271,22,2,True,27,166,5
16975,21,13,True,28,114,12
14863,21,11,True,19,48,18
35466,21,11,True,28,16,12
45644,21,11,True,25,25,20
60198,21,10,True,30,86,12
8907,21,9,True,33,166,9
20513,21,8,True,24,18,20
24347,21,8,True,21,52,12
28668,21,8,True,22,64,5
4917,21,7,True,29,19,12
6973,21,7,True,24,52,18
12513,21,7,True,33,22,12
14841,21,7,True,26,25,12
36530,21,7,True,29,62,20
40728,21,7,True,27,93,12
10480,21,6,True,29,19,4
22635,21,6,True,18,53,12
26074,21,6,True,18,6,4
39238,21,6,True,24,139,13
62461,21,6,True,21,74,5
11700,21,5,True,22,135,12
11879,21,5,True,28,221,5
11880,21,5,True,20,62,20
17664,21,5,True,18,20,14
32362,21,5,True,21,44,5
44635,21,5,True,32,59,11
1696,21,4,True,21,19,13
5809,21,4,True,23,126,5
11966,21,4,True,27,12,9
25340,21,4,True,15,221,18
425,21,3,True,19,25,20
7200,21,3,True,22,62,12
16542,21,3,True,31,25,20
4605,21,2,True,33,74,5
15048,21,2,True,23,70,5
11764,21,1,False,25,135,12
14989,21,1,False,29,0,12
32406,21,1,False,28,14,27
25370,20,11,True,32,161,14
28892,20,9,True,14,56,18
40525,20,9,True,25,93,15
40639,20,9,True,30,80,12
27641,20,8,True,24,62,13
4222,20,7,True,20,142,18
2244,20,6,True,28,12,12
2556,20,6,True,20,74,4
8486,20,6,True,23,161,12
16622,20,6,True,20,12,12
18172,20,6,True,28,7,12
31288,20,6,True,29,56,12
53504,20,6,True,34,54,2
24231,20,5,True,24,44,5
22087,20,4,True,26,142,13
27671,20,4,True,13,68,12
32370,20,4,True,22,23,12
50897,20,4,True,19,35,5
1941,20,3,True,22,63,12
12105,20,3,True,21,62,12
15306,20,3,True,26,43,12
23142,20,3,True,24,40,12
60594,20,3,True,23,111,13
339,20,2,True,17,111,9
20379,20,2,True,25,19,12
32510,20,2,True,26,126,5
30818,19,12,True,22,0,12
31650,19,12,True,22,86,18
38871,19,11,True,20,106,12
52256,19,11,True,19,31,5
13316,19,9,True,17,63,9
17890,19,9,True,27,70,18
33680,19,9,True,22,6,20
55905,19,9,True,17,111,15
21428,19,8,True,21,10,12
22121,19,8,True,27,53,12
25804,19,8,True,22,166,14
26190,19,8,True,21,7,14
2373,19,7,True,34,28,20
3980,19,7,True,31,142,12
7370,19,7,True,19,86,12
22902,19,7,True,25,86,18
3911,19,6,True,25,54,12
10401,19,6,True,19,97,20
14012,19,6,True,16,161,9
16720,19,6,True,16,37,13
34154,19,6,True,23,142,12
15410,19,5,True,14,37,12
20757,19,5,True,31,86,17
21295,19,5,True,16,52,5
21354,19,5,True,19,105,5
32665,19,5,True,28,44,18
32927,19,5,True,25,12,12
4799,19,4,True,23,10,14
8213,19,4,True,21,86,5
11960,19,4,True,19,105,12
19953,19,4,True,20,30,12
21224,19,4,True,15,6,4
22960,19,4,True,24,54,9
36629,19,4,True,28,19,13
8739,19,3,True,15,70,7
15250,19,3,True,11,64,8
15411,19,3,True,25,43,14
51390,19,3,True,23,12,5
399,19,2,True,26,1,5
9900,19,2,True,30,114,12
11853,19,2,True,22,62,20
11967,19,2,True,19,62,20
15433,19,2,True,19,59,13
16816,19,2,True,21,166,12
23162,19,2,True,18,70,9
41057,19,2,True,28,12,5
44581,18,13,True,23,139,12
56449,18,12,True,19,70,12
46380,18,11,True,24,2,14
27922,18,10,True,24,179,12
41096,18,10,True,24,22,4
13690,18,9,True,17,95,13
14461,18,9,True,15,51,12
19849,18,9,True,21,70,12
32524,18,9,True,21,19,5
44446,18,9,True,28,23,24
2322,18,8,True,22,73,5
9857,18,8,True,16,114,12
16035,18,8,True,27,294,5
37189,18,8,True,23,45,12
43739,18,8,True,24,93,8
43745,18,8,True,11,95,12
7412,18,7,True,18,31,20
21586,18,7,True,19,105,12
22342,18,7,True,32,25,13
23237,18,7,True,26,0,12
34749,18,7,True,22,70,5
38474,18,7,True,26,31,5
55492,18,7,True,19,95,5
450,18,6,True,24,126,12
687,18,6,True,24,73,14
899,18,6,True,17,44,13
5595,18,6,True,21,7,18
6424,18,6,True,18,137,5
11244,18,6,True,27,45,8
22126,18,6,True,24,30,14
22892,18,6,True,24,28,5
26913,18,6,True,13,114,2
34183,18,6,True,22,52,12
36887,18,6,True,31,135,5
37733,18,6,True,16,86,18
1050,18,5,True,22,31,12
3128,18,5,True,24,114,12
5618,18,5,True,18,43,4
11909,18,5,True,15,62,5
16866,18,5,True,21,12,5
24389,18,5,True,27,43,12
61942,18,5,True,19,43,5
62488,18,5,True,18,6,18
1862,18,4,True,16,10,5
10865,18,4,True,18,93,12
20716,18,4,True,29,0,20
21360,18,4,True,24,25,9
22160,18,4,True,24,135,12
26549,18,4,True,11,30,12
30558,18,4,True,17,58,14
40212,18,4,True,21,3,17
44401,18,4,True,24,12,12
3292,18,3,True,12,25,20
4094,18,3,True,22,72,12
5468,18,3,True,18,126,13
12082,18,3,True,24,52,12
23900,18,3,True,19,86,14
25917,18,3,True,19,59,20
31843,18,3,True,28,74,20
39150,18,3,True,19,63,5
51631,18,3,True,23,12,12
6566,18,2,True,16,14,20
7843,18,2,True,25,97,6
15040,18,2,True,17,14,12
15153,18,2,True,25,51,8
15391,18,2,True,28,26,12
313,18,1,False,20,3,9
11663,18,1,False,16,62,12
55797,17,12,True,21,0,12
134,17,11,True,17,294,12
15010,17,11,True,19,10,8
28309,17,11,True,24,14,14
30493,17,10,True,23,72,14
52990,17,10,True,23,48,12
6418,17,9,True,19,2,12
8464,17,9,True,22,114,5
36757,17,9,True,20,294,12
38663,17,9,True,20,63,20
42311,17,9,True,16,139,12
176,17,8,True,22,126,5
29697,17,8,True,17,40,5
41239,17,8,True,20,72,12
43887,17,8,True,17,161,5
6188,17,7,True,22,54,12
25888,17,7,True,15,161,4
40951,17,7,True,24,105,12
54981,17,7,True,21,62,12
191,17,6,True,22,30,12
3526,17,6,True,26,51,13
6123,17,6,True,22,22,5
10625,17,6,True,22,142,12
21287,17,6,True,24,56,5
21426,17,6,True,14,10,5
26002,17,6,True,21,59,12
43904,17,6,True,11,63,4
552,17,5,True,22,35,12
2517,17,5,True,24,237,14
4037,17,5,True,19,27,5
8288,17,5,True,28,12,12
11682,17,5,True,23,86,12
12992,17,5,True,22,16,12
16303,17,5,True,28,59,12
20663,17,5,True,23,25,12
53556,17,5,True,18,179,5
551,17,4,True,19,18,5
5480,17,4,True,23,52,12
25904,17,4,True,24,43,2
28166,17,4,True,21,31,5
28498,17,4,True,28,51,12
32792,17,4,True,24,44,9
36680,17,4,True,25,161,4
64172,17,4,True,19,93,20
1163,17,3,True,25,2,12
2973,17,3,True,21,137,12
13439,17,3,True,22,25,13
25532,17,3,True,27,135,14
30465,17,3,True,22,52,18
73,17,2,True,18,3,12
527,17,2,True,21,26,12
2204,17,2,True,16,164,18
6233,17,2,True,19,294,12
11889,17,2,True,17,28,12
12642,17,2,True,18,59,20
16343,17,2,True,20,161,12
22900,17,2,True,18,164,12
25896,17,2,True,14,59,5
26838,17,2,True,31,179,5
34691,17,2,True,19,70,9
41200,17,2,True,16,12,14
32440,17,1,False,19,44,12
32488,17,1,False,13,111,5
16463,16,12,True,21,35,12
13391,16,11,True,24,135,5
4181,16,10,True,15,80,12
47658,16,10,True,22,30,5
2568,16,9,True,20,54,18
4704,16,9,True,17,97,12
25595,16,9,True,16,54,5
38240,16,9,True,20,30,12
45734,16,9,True,20,7,14
24394,16,8,True,21,106,12
48154,16,8,True,15,294,5
60983,16,8,True,19,164,18
5533,16,7,True,24,221,5
19501,16,7,True,24,64,12
742,16,6,True,24,40,9
3001,16,6,True,8,68,5
3775,16,6,True,17,25,8
7561,16,6,True,18,221,5
7754,16,6,True,30,19,5
9569,16,6,True,21,70,12
10436,16,6,True,23,114,4
10645,16,6,True,27,86,12
11308,16,6,True,25,139,8
11746,16,6,True,21,14,9
12861,16,6,True,22,64,12
13051,16,6,True,18,63,14
16169,16,6,True,15,106,12
18469,16,6,True,15,111,12
24534,16,6,True,22,2,5
1550,16,5,True,27,97,5
1723,16,5,True,22,137,9
9460,16,5,True,20,6,5
12829,16,5,True,17,105,12
16982,16,5,True,17,25,12
23138,16,5,True,23,80,14
24731,16,5,True,15,59,5
25880,16,5,True,25,63,5
26628,16,5,True,14,10,13
31366,16,5,True,15,51,5
32949,16,5,True,20,30,12
41966,16,5,True,18,139,4
46861,16,5,True,10,30,9
48951,16,5,True,14,63,12
3442,16,4,True,12,51,5
8536,16,4,True,19,14,24
10499,16,4,True,28,93,12
11363,16,4,True,15,16,17
12014,16,4,True,19,62,12
16012,16,4,True,7,12,12
20418,16,4,True,16,93,12
26857,16,4,True,11,19,9
42391,16,4,True,24,12,12
12078,16,3,True,23,62,5
12494,16,3,True,18,139,12
20351,16,3,True,19,74,5
29253,16,3,True,19,37,5
30406,16,3,True,20,56,5
30466,16,3,True,20,52,12
31442,16,3,True,14,53,13
9251,16,2,True,20,164,12
10775,16,2,True,22,18,12
22879,16,2,True,20,86,20
36625,16,2,True,16,114,12
53481,16,2,True,18,80,8
22091,16,1,False,20,161,12
32366,16,1,False,25,14,14
51725,16,1,False,13,12,13
25203,15,12,True,21,56,13
5066,15,11,True,15,70,9
8149,15,11,True,27,51,12
52833,15,11,True,13,105,11
10799,15,10,True,22,59,12
24708,15,10,True,16,10,13
25138,15,10,True,21,2,5
35951,15,10,True,20,30,18
41148,15,10,True,10,179,12
1617,15,9,True,14,1,12
28478,15,9,True,11,106,4
15443,15,8,True,15,86,12
46857,15,8,True,18,30,14
319,15,7,True,17,114,18
2764,15,7,True,18,25,5
3646,15,7,True,22,53,5
15881,15,7,True,22,6,13
17133,15,7,True,15,93,12
18243,15,7,True,20,14,4
26790,15,7,True,12,28,12
30953,15,7,True,21,31,5
31934,15,7,True,24,72,12
52575,15,7,True,16,179,12
52968,15,7,True,18,12,5
2382,15,6,True,19,19,12
3555,15,6,True,19,68,12
4113,15,6,True,18,30,5
6135,15,6,True,26,44,12
6213,15,6,True,26,161,5
15661,15,6,True,18,52,12
30728,15,6,True,14,26,5
30884,15,6,True,21,14,12
31040,15,6,True,16,166,12
33699,15,6,True,24,111,14
38734,15,6,True,19,35,5
42052,15,6,True,18,40,12
50169,15,6,True,15,2,12
2875,15,5,True,20,139,12
4787,15,5,True,24,161,5
5124,15,5,True,19,237,5
6161,15,5,True,13,62,5
14853,15,5,True,18,86,12
14927,15,5,True,20,114,12
15335,15,5,True,24,25,13
15435,15,5,True,17,51,12
17595,15,5,True,18,237,12
18305,15,5,True,19,19,12
24691,15,5,True,20,19,12
28288,15,5,True,22,74,8
32429,15,5,True,24,35,9
1654,15,4,True,20,161,12
1870,15,4,True,19,31,5
1948,15,4,True,20,37,12
2187,15,4,True,25,30,5
5179,15,4,True,17,7,12
8708,15,4,True,13,35,11
8790,15,4,True,22,44,5
12487,15,4,True,19,22,14
13665,15,4,True,14,30,4
13808,15,4,True,20,25,5
15209,15,4,True,27,73,9
16971,15,4,True,18,237,5
20357,15,4,True,13,28,9
24053,15,4,True,15,70,3
28361,15,4,True,11,137,12
29152,15,4,True,15,70,12
36124,15,4,True,21,58,9
37749,15,4,True,15,93,14
44951,15,4,True,18,51,12
46331,15,4,True,14,43,12
2137,15,3,True,19,16,9
4310,15,3,True,15,12,12
10778,15,3,True,20,59,8
17891,15,3,True,17,86,12
23992,15,3,True,18,28,5
25850,15,3,True,18,59,20
26198,15,3,True,21,59,12
28978,15,3,True,18,126,8
36701,15,3,True,11,19,5
36961,15,3,True,16,161,5
2910,15,2,True,23,142,7
11619,15,2,True,22,2,12
11666,15,2,True,21,35,12
11693,15,2,True,18,62,12
11786,15,2,True,7,62,12
20263,15,2,True,17,48,7
25898,15,2,True,18,12,5
28491,15,2,True,27,54,12
34700,15,2,True,14,25,9
52633,15,2,True,23,18,4
42729,15,1,False,13,294,4
51439,15,1,False,23,12,12
38401,14,12,True,21,18,12
45561,14,11,True,6,27,14
30448,14,10,True,20,26,4
16322,14,9,True,21,19,12
25839,14,9,True,22,73,13
32842,14,9,True,15,0,12
467,14,8,True,12,7,4
10361,14,8,True,23,30,12
14495,14,8,True,25,19,13
17083,14,8,True,14,52,5
37855,14,8,True,17,80,5
43321,14,8,True,17,51,12
731,14,7,True,18,294,8
4446,14,7,True,28,179,5
14792,14,7,True,21,74,12
26335,14,7,True,12,114,18
28524,14,7,True,18,114,18
31129,14,7,True,12,114,16
62372,14,7,True,15,45,12
2974,14,6,True,24,19,15
4894,14,6,True,11,30,4
7782,14,6,True,12,14,12
10741,14,6,True,13,6,20
14087,14,6,True,16,18,13
15337,14,6,True,9,19,18
15543,14,6,True,12,26,11
19041,14,6,True,20,51,5
20276,14,6,True,20,25,14
27823,14,6,True,15,45,5
28019,14,6,True,15,25,12
28532,14,6,True,21,54,20
31508,14,6,True,12,12,13
34343,14,6,True,18,126,4
43232,14,6,True,20,68,4
46337,14,6,True,10,114,12
52096,14,6,True,7,56,12
54124,14,6,True,8,111,5
2175,14,5,True,15,27,5
2606,14,5,True,21,12,12
2806,14,5,True,11,62,5
6737,14,5,True,18,48,8
8016,14,5,True,21,12,12
10752,14,5,True,21,294,5
12574,14,5,True,23,62,20
14384,14,5,True,20,86,12
15748,14,5,True,26,31,20
17799,14,5,True,18,126,9
18201,14,5,True,26,68,9
27173,14,5,True,13,161,18
29186,14,5,True,22,51,12
32110,14,5,True,17,59,12
34041,14,5,True,15,68,5
41347,14,5,True,23,63,12
2088,14,4,True,13,80,5
4266,14,4,True,17,10,12
4675,14,4,True,18,16,12
5140,14,4,True,13,126,4
6622,14,4,True,13,30,12
6788,14,4,True,18,25,4
6816,14,4,True,18,26,8
8514,14,4,True,11,166,12
17579,14,4,True,13,12,5
21325,14,4,True,26,25,14
21708,14,4,True,21,126,14
29818,14,4,True,17,44,12
31884,14,4,True,14,80,12
34761,14,4,True,11,105,14
42410,14,4,True,19,56,13
53543,14,4,True,15,179,5
54898,14,4,True,22,105,5
4616,14,3,True,16,70,5
10566,14,3,True,24,166,5
11212,14,3,True,21,37,12
11737,14,3,True,22,62,12
12429,14,3,True,15,22,12
12721,14,3,True,13,1,12
12899,14,3,True,17,114,12
13939,14,3,True,13,68,12
14376,14,3,True,14,63,18
15074,14,3,True,15,19,5
15949,14,3,True,24,53,5
19442,14,3,True,18,137,12
20206,14,3,True,13,294,8
28070,14,3,True,13,63,12
29263,14,3,True,17,58,14
31067,14,3,True,19,31,9
38233,14,3,True,25,68,12
39391,14,3,True,23,31,18
40705,14,3,True,9,135,4
64194,14,3,True,13,179,24
7753,14,2,True,22,70,12
8368,14,2,True,17,2,20
10556,14,2,True,15,294,5
11659,14,2,True,16,28,12
20338,14,2,True,14,27,12
24807,14,2,True,14,31,5
25143,14,2,True,16,54,4
29926,14,2,True,23,68,12
34694,14,2,True,15,70,20
36618,14,2,True,21,161,12
36833,14,2,True,19,161,14
46323,14,2,True,18,72,5
52054,14,2,True,17,12,14
60840,14,2,True,17,10,12
32629,14,1,False,19,142,5
32186,13,11,True,16,45,4
41666,13,11,True,18,20,8
18705,13,9,True,20,62,8
49697,13,9,True,21,45,12
4852,13,8,True,10,45,12
49873,13,8,True,17,70,12
53758,13,8,True,14,105,8
9823,13,7,True,13,16,6
10671,13,7,True,11,28,12
12965,13,7,True,18,45,12
14316,13,7,True,17,63,12
14605,13,7,True,19,26,12
18749,13,7,True,13,3,5
26689,13,7,True,15,126,5
52555,13,7,True,16,20,13
4034,13,6,True,13,237,14
5318,13,6,True,22,16,12
6466,13,6,True,15,93,5
14597,13,6,True,22,56,12
20147,13,6,True,18,114,12
27567,13,6,True,14,72,12
28685,13,6,True,8,62,12
30689,13,6,True,19,135,5
33517,13,6,True,18,294,13
34836,13,6,True,12,139,13
52677,13,6,True,19,54,5
66769,13,6,True,23,86,12
85,13,5,True,19,16,12
231,13,5,True,20,37,4
1488,13,5,True,16,12,12
4019,13,5,True,11,44,14
4152,13,5,True,19,221,14
6315,13,5,True,15,86,12
8354,13,5,True,22,161,2
11582,13,5,True,6,114,5
12935,13,5,True,12,62,12
14319,13,5,True,7,44,12
19108,13,5,True,12,114,9
19747,13,5,True,16,0,5
20417,13,5,True,13,106,8
23455,13,5,True,12,26,12
25060,13,5,True,17,95,5
30903,13,5,True,16,30,5
32392,13,5,True,10,126,14
32778,13,5,True,20,114,18
38676,13,5,True,20,179,13
38826,13,5,True,15,2,14
44064,13,5,True,14,51,9
45754,13,5,True,15,161,12
54296,13,5,True,22,179,14
823,13,4,True,14,35,18
5365,13,4,True,21,53,8
5659,13,4,True,14,237,5
9302,13,4,True,18,68,9
10492,13,4,True,14,44,13
10638,13,4,True,11,142,12
13722,13,4,True,11,48,12
14477,13,4,True,11,2,12
16905,13,4,True,11,54,12
17221,13,4,True,20,44,5
17779,13,4,True,18,73,5
18997,13,4,True,15,114,5
20593,13,4,True,14,86,12
22862,13,4,True,16,86,12
22913,13,4,True,14,62,12
30079,13,4,True,12,12,5
44417,13,4,True,19,56,4
56547,13,4,True,16,30,4
58415,13,4,True,20,70,4
1565,13,3,True,17,80,12
3341,13,3,True,17,30,20
4116,13,3,True,12,62,5
4990,13,3,True,14,6,9
7315,13,3,True,16,139,12
8108,13,3,True,20,114,12
8432,13,3,True,17,27,12
8948,13,3,True,9,44,12
10215,13,3,True,23,10,5
12546,13,3,True,14,97,12
14934,13,3,True,17,137,12
19346,13,3,True,17,58,12
19533,13,3,True,10,106,13
21222,13,3,True,19,56,14
22870,13,3,True,17,7,8
24732,13,3,True,13,40,9
26047,13,3,True,20,1,11
28971,13,3,True,17,54,12
32477,13,3,True,15,111,12
36640,13,3,True,15,161,1
47400,13,3,True,18,43,12
48055,13,3,True,21,14,13
53524,13,3,True,17,179,12
1375,13,2,True,16,179,4
2595,13,2,True,19,12,12
2897,13,2,True,16,72,5
6038,13,2,True,15,2,14
11776,13,2,True,17,62,12
20312,13,2,True,11,106,13
20788,13,2,True,16,25,12
22853,13,2,True,23,86,12
25847,13,2,True,17,59,9
30487,13,2,True,11,62,12
35045,13,2,True,18,105,12
37642,13,2,True,19,164,12
38813,13,2,True,8,97,8
39863,13,2,True,17,2,18
42825,13,2,True,16,0,12
11730,13,1,False,14,62,13
22994,13,1,False,18,70,12
25851,13,1,False,19,37,4
36774,13,1,False,14,161,14
43115,13,1,False,14,106,12
44356,13,1,False,16,7,5
48157,13,1,False,13,51,12
60609,13,1,False,10,18,5
15836,12,10,True,15,135,12
48818,12,9,True,16,0,5
4506,12,8,True,15,35,12
6968,12,8,True,13,95,5
7783,12,8,True,10,40,18
7997,12,8,True,16,142,13
11795,12,8,True,16,114,8
22767,12,8,True,8,3,5
6085,12,7,True,11,25,12
13788,12,7,True,13,22,12
15393,12,7,True,19,37,5
21521,12,7,True,11,6,14
23161,12,7,True,14,6,12
25885,12,7,True,23,30,4
26852,12,7,True,15,111,4
37072,12,7,True,13,14,12
50514,12,7,True,19,37,5
59522,12,7,True,15,72,5
1626,12,6,True,9,114,14
2977,12,6,True,13,12,13
11860,12,6,True,15,62,12
15002,12,6,True,10,68,12
18139,12,6,True,28,6,5
18847,12,6,True,16,294,4
19679,12,6,True,11,63,5
22224,12,6,True,15,1,12
24898,12,6,True,15,62,12
27383,12,6,True,13,114,14
27526,12,6,True,22,97,5
45922,12,6,True,16,72,12
49931,12,6,True,23,51,12
53581,12,6,True,11,27,5
3018,12,5,True,10,126,18
4844,12,5,True,15,0,12
5301,12,5,True,12,56,8
9244,12,5,True,21,2,14
10727,12,5,True,13,1,20
12870,12,5,True,9,59,15
13837,12,5,True,16,40,8
14075,12,5,True,9,68,18
18001,12,5,True,22,43,12
21910,12,5,True,12,52,9
23325,12,5,True,14,237,14
30770,12,5,True,7,68,20
32614,12,5,True,17,164,14
35310,12,5,True,19,105,12
38672,12,5,True,14,58,14
9,12,4,True,20,2,14
549,12,4,True,9,31,5
1114,12,4,True,14,105,8
1903,12,4,True,11,31,6
2359,12,4,True,17,27,9
2363,12,4,True,10,63,12
3819,12,4,True,14,30,5
4284,12,4,True,22,31,12
4316,12,4,True,16,64,5
6422,12,4,True,11,164,5
6651,12,4,True,18,86,4
7526,12,4,True,17,10,5
8524,12,4,True,13,97,5
9392,12,4,True,11,31,1
9779,12,4,True,13,28,12
12600,12,4,True,18,2,12
13296,12,4,True,15,3,1
26167,12,4,True,16,10,13
28114,12,4,True,20,73,12
28250,12,4,True,15,31,12
33095,12,4,True,24,179,12
33994,12,4,True,10,53,9
36803,12,4,True,13,62,4
37917,12,4,True,12,12,12
40112,12,4,True,17,64,4
40178,12,4,True,18,95,14
46479,12,4,True,18,53,12
48279,12,4,True,15,44,12
49513,12,4,True,20,12,8
65675,12,4,True,10,95,12
3726,12,3,True,13,161,12
3830,12,3,True,17,2,14
4584,12,3,True,18,114,13
5823,12,3,True,11,53,4
10092,12,3,True,14,105,12
14244,12,3,True,9,72,12
15791,12,3,True,10,25,4
17359,12,3,True,15,63,12
20927,12,3,True,18,51,5
21098,12,3,True,16,44,5
21616,12,3,True,9,86,12
23031,12,3,True,19,52,5
26025,12,3,True,19,37,12
28234,12,3,True,15,53,20
28501,12,3,True,19,51,23
29479,12,3,True,12,95,18
36657,12,3,True,18,72,12
36956,12,3,True,17,114,12
37811,12,3,True,19,12,5
39646,12,3,True,13,70,13
40184,12,3,True,21,31,13
59850,12,3,True,13,126,13
1973,12,2,True,12,27,16
2224,12,2,True,15,3,5
8884,12,2,True,17,70,2
18268,12,2,True,15,30,12
21454,12,2,True,14,64,5
22848,12,2,True,18,164,12
26592,12,2,True,12,114,5
28960,12,2,True,18,221,13
31948,12,2,True,19,12,12
32523,12,2,True,15,30,14
38661,12,2,True,16,58,6
47131,12,2,True,18,70,14
21964,12,1,False,15,106,5
22911,12,1,False,13,105,8
43333,12,1,False,13,68,6
22200,11,10,True,16,97,13
40196,11,10,True,19,56,10
10911,11,9,True,8,111,5
26950,11,9,True,14,73,12
6721,11,8,True,15,31,8
8231,11,8,True,11,164,12
57700,11,8,True,13,3,12
7047,11,7,True,11,43,9
16996,11,7,True,18,74,12
27355,11,7,True,12,25,12
1830,11,6,True,14,86,5
1841,11,6,True,7,63,12
7586,11,6,True,15,12,14
14941,11,6,True,12,52,5
15879,11,6,True,12,111,18
22164,11,6,True,16,58,15
23172,11,6,True,13,63,14
29298,11,6,True,15,27,12
30055,11,6,True,15,25,9
51677,11,6,True,14,10,12
634,11,5,True,15,37,5
962,11,5,True,8,22,12
2550,11,5,True,16,22,2
3320,11,5,True,17,139,5
6730,11,5,True,6,179,7
8330,11,5,True,9,93,12
9977,11,5,True,21,19,13
10213,11,5,True,14,294,6
10931,11,5,True,18,294,12
11242,11,5,True,9,105,5
12128,11,5,True,15,1,5
14054,11,5,True,10,135,5
15319,11,5,True,17,164,12
17781,11,5,True,13,28,12
23223,11,5,True,13,164,12
25723,11,5,True,8,294,12
27727,11,5,True,12,179,12
28417,11,5,True,14,51,12
30857,11,5,True,11,166,5
42027,11,5,True,21,6,12
46729,11,5,True,13,86,12
59596,11,5,True,14,137,5
923,11,4,True,20,80,12
2626,11,4,True,15,54,11
3398,11,4,True,11,114,22
4115,11,4,True,17,31,4
9803,11,4,True,10,30,13
12914,11,4,True,14,52,12
13757,11,4,True,17,27,18
14650,11,4,True,19,54,5
16267,11,4,True,10,80,12
16379,11,4,True,12,10,12
18114,11,4,True,15,59,4
18234,11,4,True,18,7,5
18273,11,4,True,11,56,5
19818,11,4,True,20,126,12
24186,11,4,True,7,25,18
24654,11,4,True,21,31,5
30431,11,4,True,13,80,5
30935,11,4,True,8,68,5
33457,11,4,True,15,20,9
34602,11,4,True,21,68,12
34828,11,4,True,18,58,12
34857,11,4,True,14,111,12
34915,11,4,True,12,48,12
37663,11,4,True,15,0,12
38234,11,4,True,16,30,5
38787,11,4,True,8,80,12
40114,11,4,True,15,35,8
43826,11,4,True,10,294,12
54454,11,4,True,20,105,5
54848,11,4,True,8,62,5
58958,11,4,True,15,12,14
171,11,3,True,12,2,12
852,11,3,True,14,22,12
885,11,3,True,15,16,4
2158,11,3,True,14,72,12
2920,11,3,True,11,135,4
6097,11,3,True,16,10,12
6175,11,3,True,13,2,5
7602,11,3,True,11,164,5
9066,11,3,True,9,114,8
9584,11,3,True,10,31,13
10418,11,3,True,14,137,5
12147,11,3,True,11,2,9
14379,11,3,True,11,12,12
15298,11,3,True,16,6,23
20583,11,3,True,11,86,12
20654,11,3,True,15,179,5
21181,11,3,True,9,27,5
24096,11,3,True,17,179,15
28263,11,3,True,10,20,12
28720,11,3,True,17,53,12
30369,11,3,True,18,52,12
30671,11,3,True,13,27,20
32619,11,3,True,20,14,12
39035,11,3,True,8,97,12
39833,11,3,True,5,73,5
40095,11,3,True,10,63,12
40724,11,3,True,16,93,5
40810,11,3,True,14,221,12
44326,11,3,True,12,23,12
46145,11,3,True,15,97,5
60824,11,3,True,10,86,12
63995,11,3,True,16,68,12
250,11,2,True,12,3,14
410,11,2,True,16,3,6
639,11,2,True,10,53,12
2392,11,2,True,10,294,12
3284,11,2,True,11,31,12
4405,11,2,True,15,40,4
10318,11,2,True,14,105,18
13019,11,2,True,15,31,12
13912,11,2,True,14,23,12
17155,11,2,True,18,58,12
20452,11,2,True,17,14,2
24245,11,2,True,17,59,12
25893,11,2,True,8,43,6
26630,11,2,True,13,59,10
30397,11,2,True,18,142,13
36375,11,2,True,11,31,9
41074,11,2,True,17,179,4
56600,11,2,True,13,26,8
56617,11,2,True,7,63,9
20214,11,1,False,10,221,5
23005,11,1,False,15,86,12
32397,11,1,False,7,23,9
42657,11,1,False,9,294,18
44559,11,1,False,13,2,14
51388,11,1,False,16,12,11
51422,11,1,False,13,68,6
56428,11,1,False,13,30,5
56524,11,1,False,8,58,9
56629,11,1,False,12,237,12
58211,11,1,False,12,105,5
59434,11,1,False,12,63,1
61609,11,1,False,7,51,5
66683,11,1,False,10,106,5
9021,10,9,True,10,18,5
12667,10,9,True,14,62,4
15171,10,9,True,14,73,14
47083,10,9,True,13,40,5
17589,10,8,True,8,31,12
17709,10,8,True,19,106,15
20111,10,8,True,11,64,14
22373,10,8,True,18,53,13
60687,10,8,True,13,10,5
23332,10,7,True,16,70,25
49410,10,7,True,8,48,12
51193,10,7,True,11,142,12
6376,10,6,True,10,95,12
6731,10,6,True,9,86,4
6864,10,6,True,9,68,12
8467,10,6,True,18,40,20
10881,10,6,True,13,52,5
20471,10,6,True,16,105,14
20642,10,6,True,11,30,5
22368,10,6,True,12,95,4
27881,10,6,True,15,10,13
30354,10,6,True,10,166,9
34830,10,6,True,14,2,2
545,10,5,True,9,63,5
808,10,5,True,16,80,9
1653,10,5,True,9,40,12
3223,10,5,True,13,3,12
4066,10,5,True,15,19,7
4648,10,5,True,11,20,12
5261,10,5,True,7,14,5
6102,10,5,True,14,80,5
6772,10,5,True,12,56,5
7007,10,5,True,16,25,14
7124,10,5,True,14,56,28
10574,10,5,True,15,294,4
12094,10,5,True,8,20,18
12379,10,5,True,14,142,14
14749,10,5,True,13,54,3
19247,10,5,True,10,51,5
20465,10,5,True,15,166,12
24056,10,5,True,10,2,5
24244,10,5,True,8,12,9
24299,10,5,True,18,27,5
24672,10,5,True,15,106,12
24785,10,5,True,5,3,12
26500,10,5,True,10,58,15
29871,10,5,True,11,126,12
32847,10,5,True,7,30,4
38547,10,5,True,11,14,5
59542,10,5,True,17,73,14
1128,10,4,True,9,294,20
2016,10,4,True,10,56,12
2711,10,4,True,11,26,12
4237,10,4,True,14,31,5
7940,10,4,True,12,53,20
8817,10,4,True,7,51,5
9450,10,4,True,10,72,18
11627,10,4,True,15,294,5
12075,10,4,True,5,93,11
12383,10,4,True,16,114,5
12796,10,4,True,6,18,4
12849,10,4,True,16,12,7
13524,10,4,True,14,12,12
15208,10,4,True,11,0,12
19299,10,4,True,20,12,5
26789,10,4,True,8,37,5
27150,10,4,True,9,52,5
29016,10,4,True,8,80,12
35987,10,4,True,13,28,12
40515,10,4,True,9,6,12
44902,10,4,True,11,126,11
47506,10,4,True,11,106,18
60832,10,4,True,14,142,12
1846,10,3,True,7,68,12
2388,10,3,True,12,54,5
3971,10,3,True,13,294,12
5911,10,3,True,14,31,5
7292,10,3,True,6,3,10
8853,10,3,True,20,25,12
10573,10,3,True,14,166,12
11159,10,3,True,11,20,14
11957,10,3,True,13,166,12
12123,10,3,True,21,56,12
12496,10,3,True,14,63,12
12646,10,3,True,20,58,15
13832,10,3,True,11,28,18
14954,10,3,True,12,73,12
16155,10,3,True,8,56,13
16853,10,3,True,17,2,12
17355,10,3,True,6,95,12
18863,10,3,True,25,114,13
22095,10,3,True,13,95,18
28829,10,3,True,6,44,13
29229,10,3,True,15,237,12
31427,10,3,True,8,58,8
32829,10,3,True,13,62,4
32980,10,3,True,12,44,5
33363,10,3,True,19,114,18
37073,10,3,True,9,166,5
46210,10,3,True,18,97,4
48074,10,3,True,15,12,1
51945,10,3,True,9,19,3
53519,10,3,True,8,31,12
57781,10,3,True,15,62,13
7488,10,2,True,13,54,18
10578,10,2,True,12,166,12
10621,10,2,True,12,294,9
10821,10,2,True,10,1,20
11241,10,2,True,9,294,12
14152,10,2,True,17,54,13
14338,10,2,True,15,95,20
18867,10,2,True,18,1,12
20253,10,2,True,9,73,18
20474,10,2,True,8,105,13
22888,10,2,True,12,164,5
25050,10,2,True,15,93,5
29657,10,2,True,12,105,15
35040,10,2,True,7,0,12
38688,10,2,True,17,37,13
39052,10,2,True,13,31,4
40416,10,2,True,18,31,5
40793,10,2,True,12,221,5
43518,10,2,True,11,12,12
57017,10,2,True,16,139,12
989,10,1,False,13,3,18
20203,10,1,False,14,56,12
25834,10,1,False,16,43,4
48047,10,1,False,14,105,12
57019,10,1,False,11,56,14
60629,10,1,False,14,18,14
13031,9,9,True,13,54,14
31065,9,9,True,9,2,13
44056,9,9,True,15,6,14
49818,9,9,True,11,37,21
16179,9,8,True,6,345,12
22493,9,8,True,8,59,12
25490,9,8,True,12,63,18
31048,9,8,True,10,14,20
55840,9,8,True,11,93,4
6224,9,7,True,10,3,12
6275,9,7,True,5,72,5
18177,9,7,True,10,114,12
19096,9,7,True,13,68,5
22641,9,7,True,11,166,7
25141,9,7,True,16,126,2
25977,9,7,True,12,53,17
38280,9,7,True,11,48,12
40609,9,7,True,6,58,18
213,9,6,True,13,48,12
1681,9,6,True,6,23,14
4248,9,6,True,11,2,14
7190,9,6,True,11,35,5
8059,9,6,True,13,3,5
10105,9,6,True,11,6,6
14007,9,6,True,9,2,12
14466,9,6,True,10,0,14
31890,9,6,True,11,74,5
34130,9,6,True,7,56,12
36552,9,6,True,10,70,9
37390,9,6,True,11,10,13
55562,9,6,True,9,62,13
2891,9,5,True,8,1,15
5915,9,5,True,14,10,12
8770,9,5,True,8,114,12
8885,9,5,True,12,53,24
9916,9,5,True,8,31,13
17231,9,5,True,9,10,18
19840,9,5,True,9,0,12
21762,9,5,True,10,221,13
27759,9,5,True,11,40,12
27845,9,5,True,10,53,5
28488,9,5,True,9,62,17
40513,9,5,True,12,179,5
42530,9,5,True,7,19,4
46596,9,5,True,5,105,12
48542,9,5,True,13,27,18
455,9,4,True,16,114,12
3408,9,4,True,7,62,20
3614,9,4,True,9,73,4
5499,9,4,True,13,53,8
9043,9,4,True,15,126,12
9930,9,4,True,11,1,25
10562,9,4,True,10,142,14
10850,9,4,True,15,166,14
11664,9,4,True,10,105,12
15916,9,4,True,14,72,14
16470,9,4,True,17,0,17
17159,9,4,True,15,23,15
19992,9,4,True,13,126,18
20026,9,4,True,12,74,25
22311,9,4,True,9,1,12
22522,9,4,True,13,51,12
26270,9,4,True,12,126,14
27050,9,4,True,12,31,12
33373,9,4,True,10,54,12
42688,9,4,True,11,139,12
42989,9,4,True,13,73,14
50410,9,4,True,15,12,6
50607,9,4,True,9,3,12
54902,9,4,True,8,30,5
66843,9,4,True,12,74,12
681,9,3,True,13,37,20
1106,9,3,True,8,54,4
3366,9,3,True,10,1,12
4170,9,3,True,6,48,12
4456,9,3,True,9,294,5
4724,9,3,True,11,14,4
5801,9,3,True,15,80,12
8782,9,3,True,10,62,12
11028,9,3,True,7,86,12
12669,9,3,True,13,73,5
13424,9,3,True,11,26,5
13800,9,3,True,12,26,12
14199,9,3,True,12,70,9
16051,9,3,True,13,68,12
17043,9,3,True,10,30,2
17800,9,3,True,16,68,4
18271,9,3,True,9,45,12
23821,9,3,True,10,30,5
26018,9,3,True,15,139,8
26174,9,3,True,12,22,4
28494,9,3,True,17,52,4
31561,9,3,True,9,63,1
31710,9,3,True,9,97,13
31817,9,3,True,11,31,12
32806,9,3,True,14,22,5
38723,9,3,True,14,80,6
39434,9,3,True,8,58,12
39862,9,3,True,11,2,14
42421,9,3,True,16,63,15
43508,9,3,True,14,80,12
46369,9,3,True,9,53,14
47700,9,3,True,12,179,12
55222,9,3,True,5,26,25
8932,9,2,True,8,37,2
9342,9,2,True,14,10,5
10597,9,2,True,12,68,12
11137,9,2,True,11,142,13
15702,9,2,True,8,3,12
16528,9,2,True,8,68,5
16944,9,2,True,11,74,12
18116,9,2,True,12,105,4
22718,9,2,True,17,53,6
23834,9,2,True,16,97,8
28817,9,2,True,9,106,5
32407,9,2,True,10,14,8
32651,9,2,True,10,2,18
34681,9,2,True,8,73,12
34690,9,2,True,9,137,20
36516,9,2,True,9,0,12
37471,9,2,True,11,97,12
37679,9,2,True,5,294,12
37767,9,2,True,10,30,18
38740,9,2,True,14,22,5
39317,9,2,True,12,31,9
46166,9,2,True,9,25,20
51504,9,2,True,13,6,8
55666,9,2,True,19,35,12
20228,9,1,False,4,48,12
20459,9,1,False,15,48,2
26829,9,1,False,12,59,5
28258,9,1,False,8,54,12
29085,9,1,False,17,54,13
32706,9,1,False,10,56,5
56421,9,1,False,12,237,6
59638,9,1,False,15,72,2
62209,9,1,False,7,27,5
12904,8,8,True,11,59,2
14750,8,8,True,5,63,5
28516,8,8,True,8,80,20
31063,8,8,True,6,30,5
38636,8,8,True,8,73,12
38994,8,8,True,12,51,5
9926,8,7,True,8,72,12
9933,8,7,True,9,72,4
14746,8,7,True,9,25,5
20764,8,7,True,11,56,5
22830,8,7,True,12,294,12
27404,8,7,True,14,54,14
30301,8,7,True,11,105,12
41999,8,7,True,10,22,5
47505,8,7,True,10,7,12
6425,8,6,True,8,18,4
9932,8,6,True,8,1,14
14986,8,6,True,6,106,12
18744,8,6,True,12,74,13
28109,8,6,True,8,14,10
39812,8,6,True,7,137,12
868,8,5,True,10,12,5
5816,8,5,True,7,0,9
9316,8,5,True,8,135,12
15079,8,5,True,16,95,18
16031,8,5,True,7,74,12
26906,8,5,True,13,26,5
30045,8,5,True,8,56,18
32761,8,5,True,7,2,5
35460,8,5,True,13,28,4
62284,8,5,True,8,139,12
1831,8,4,True,7,179,11
4524,8,4,True,7,166,5
4936,8,4,True,13,294,12
5473,8,4,True,13,237,13
6068,8,4,True,13,93,12
6474,8,4,True,12,31,18
6493,8,4,True,7,97,12
6589,8,4,True,8,0,12
8552,8,4,True,8,14,8
13795,8,4,True,15,56,3
18321,8,4,True,7,126,28
18878,8,4,True,6,22,18
21554,8,4,True,12,25,3
26903,8,4,True,14,294,12
27484,8,4,True,12,294,12
32827,8,4,True,5,25,9
33912,8,4,True,8,51,12
42602,8,4,True,8,3,18
43054,8,4,True,13,68,4
43600,8,4,True,13,74,12
45586,8,4,True,10,0,12
50866,8,4,True,10,95,5
53083,8,4,True,11,179,12
53497,8,4,True,10,179,12
1829,8,3,True,5,2,12
2991,8,3,True,11,20,13
4471,8,3,True,11,179,14
6841,8,3,True,12,27,12
7530,8,3,True,10,30,5
10095,8,3,True,4,105,4
11580,8,3,True,6,86,20
12454,8,3,True,6,31,12
13112,8,3,True,13,1,1
15906,8,3,True,10,26,12
17422,8,3,True,11,70,24
18592,8,3,True,13,12,5
21766,8,3,True,9,95,11
25126,8,3,True,9,6,14
26569,8,3,True,9,105,12
27491,8,3,True,6,52,12
28265,8,3,True,8,25,12
29678,8,3,True,14,53,5
31000,8,3,True,6,142,13
32340,8,3,True,8,68,12
36630,8,3,True,12,19,12
37202,8,3,True,5,135,2
37345,8,3,True,13,27,12
38136,8,3,True,8,12,2
38774,8,3,True,11,31,4
40868,8,3,True,6,22,5
48407,8,3,True,10,18,5
50183,8,3,True,10,52,14
50833,8,3,True,13,86,5
51774,8,3,True,12,0,14
59811,8,3,True,11,27,4
59820,8,3,True,10,0,18
62237,8,3,True,4,105,5
842,8,2,True,5,51,20
2866,8,2,True,7,43,12
2899,8,2,True,11,72,12
3831,8,2,True,14,80,12
6998,8,2,True,11,44,8
10155,8,2,True,14,63,3
10586,8,2,True,7,62,12
10657,8,2,True,11,139,18
10737,8,2,True,9,142,13
11872,8,2,True,8,53,9
15295,8,2,True,11,26,5
18902,8,2,True,9,93,14
21606,8,2,True,6,73,5
23108,8,2,True,7,70,3
24302,8,2,True,7,28,15
24750,8,2,True,15,31,24
25086,8,2,True,13,27,14
28616,8,2,True,13,51,13
28979,8,2,True,9,54,18
29083,8,2,True,9,161,5
30794,8,2,True,8,68,18
32979,8,2,True,7,294,1
33238,8,2,True,11,52,20
36714,8,2,True,8,30,4
39815,8,2,True,12,51,5
42993,8,2,True,12,16,12
51629,8,2,True,7,114,5
54924,8,2,True,13,7,18
56947,8,2,True,6,3,5
36787,8,1,False,9,161,1
40736,8,1,False,11,93,9
49766,8,1,False,7,37,18
54986,8,1,False,9,30,12
60529,8,1,False,10,72,13
67060,8,1,False,6,237,4
5211,7,7,True,5,3,9
21347,7,7,True,10,68,11
24125,7,7,True,2,221,14
27368,7,7,True,8,3,3
30596,7,7,True,12,30,12
34525,7,7,True,5,25,12
34589,7,7,True,7,59,15
37756,7,7,True,4,114,12
48044,7,7,True,6,142,5
58197,7,7,True,6,86,1
5510,7,6,True,10,52,5
6301,7,6,True,8,3,5
6928,7,6,True,5,294,12
8824,7,6,True,12,53,5
9527,7,6,True,8,86,8
10416,7,6,True,8,58,4
11996,7,6,True,6,31,8
15190,7,6,True,13,237,5
17191,7,6,True,2,43,12
18823,7,6,True,9,48,9
19928,7,6,True,8,73,12
20756,7,6,True,6,28,12
21667,7,6,True,10,12,12
32811,7,6,True,7,95,20
35437,7,6,True,6,72,4
36012,7,6,True,10,126,12
41409,7,6,True,11,56,4
41877,7,6,True,12,72,12
42899,7,6,True,12,95,12
44302,7,6,True,8,179,10
45263,7,6,True,14,72,13
46489,7,6,True,10,16,12
53058,7,6,True,8,12,12
55400,7,6,True,12,10,1
55710,7,6,True,13,30,2
1815,7,5,True,10,0,9
2074,7,5,True,5,80,4
2149,7,5,True,5,111,2
2354,7,5,True,10,25,5
2534,7,5,True,7,1,6
5237,7,5,True,16,37,18
6197,7,5,True,9,26,14
10732,7,5,True,10,3,12
11877,7,5,True,10,25,14
12374,7,5,True,8,86,25
14893,7,5,True,11,179,14
15715,7,5,True,16,52,12
17176,7,5,True,7,3,2
23132,7,5,True,16,164,12
24908,7,5,True,9,30,27
31991,7,5,True,9,105,4
32011,7,5,True,8,31,13
40202,7,5,True,9,64,8
42769,7,5,True,13,237,20
44420,7,5,True,10,40,12
48645,7,5,True,6,80,9
64085,7,5,True,10,40,23
563,7,4,True,9,6,18
1638,7,4,True,10,10,14
3956,7,4,True,9,80,18
6347,7,4,True,6,12,5
11713,7,4,True,7,62,6
13145,7,4,True,1,135,18
24362,7,4,True,5,111,25
25853,7,4,True,6,294,6
28899,7,4,True,10,26,12
34812,7,4,True,2,27,2
40220,7,4,True,5,139,15
56388,7,4,True,14,52,12
2773,7,3,True,9,80,8
4951,7,3,True,7,26,18
5186,7,3,True,5,23,20
5361,7,3,True,11,105,15
6947,7,3,True,9,35,12
7324,7,3,True,13,80,2
8161,7,3,True,6,40,2
10658,7,3,True,13,62,25
11261,7,3,True,15,63,8
11262,7,3,True,8,294,14
12504,7,3,True,9,62,12
14636,7,3,True,8,3,20
14735,7,3,True,11,44,14
15788,7,3,True,9,45,12
17066,7,3,True,8,80,12
18143,7,3,True,8,166,12
20667,7,3,True,9,12,5
23408,7,3,True,5,72,7
23470,7,3,True,12,16,5
24579,7,3,True,8,25,5
27508,7,3,True,15,139,14
28866,7,3,True,15,97,5
29442,7,3,True,6,139,5
34947,7,3,True,13,73,9
36246,7,3,True,10,10,5
38348,7,3,True,5,30,5
41217,7,3,True,7,1829,9
42215,7,3,True,6,16,12
49752,7,3,True,13,22,12
53846,7,3,True,9,164,12
53984,7,3,True,10,31,13
56337,7,3,True,9,62,4
65632,7,3,True,3,10,9
836,7,2,True,9,53,14
3695,7,2,True,9,80,13
9238,7,2,True,3,14,12
9827,7,2,True,6,51,4
11474,7,2,True,6,72,9
17331,7,2,True,9,1,12
20532,7,2,True,8,14,12
25935,7,2,True,9,37,12
26729,7,2,True,11,73,5
38273,7,2,True,9,56,20
43135,7,2,True,11,126,4
44415,7,2,True,7,48,5
46638,7,2,True,8,97,21
48146,7,2,True,9,137,4
48730,7,2,True,5,164,12
67222,7,2,True,8,93,7
373,7,1,False,10,10,28
2134,7,1,False,8,12,5
4564,7,1,False,13,68,12
10633,7,1,False,10,64,5
10957,7,1,False,9,166,18
12665,7,1,False,8,62,25
30499,7,1,False,10,43,5
36639,7,1,False,9,161,5
40742,7,1,False,11,93,5
42616,7,1,False,10,20,5
42725,7,1,False,10,68,4
48218,7,1,False,8,12,4
51484,7,1,False,6,12,5
55860,7,1,False,8,2,12
56621,7,1,False,11,44,12
4400,6,6,True,7,56,3
4915,6,6,True,10,95,13
9993,6,6,True,7,27,19
10254,6,6,True,8,19,1
11256,6,6,True,6,44,12
11433,6,6,True,6,31,13
12888,6,6,True,8,62,4
14388,6,6,True,3,237,5
17554,6,6,True,10,14,5
17944,6,6,True,10,64,4
20512,6,6,True,7,142,9
21410,6,6,True,8,2,8
21535,6,6,True,11,14,18
22075,6,6,True,6,19,12
22358,6,6,True,6,137,25
22790,6,6,True,5,70,12
27242,6,6,True,4,31,3
29303,6,6,True,5,51,9
30674,6,6,True,5,86,4
30997,6,6,True,10,48,12
31956,6,6,True,7,18,18
34204,6,6,True,8,52,12
35057,6,6,True,13,37,21
37790,6,6,True,5,37,12
41301,6,6,True,11,86,5
43284,6,6,True,4,1,5
44627,6,6,True,6,59,4
45245,6,6,True,8,54,20
47421,6,6,True,5,63,12
48773,6,6,True,6,30,1
49662,6,6,True,7,19,24
50223,6,6,True,8,139,14
57872,6,6,True,5,139,5
61427,6,6,True,6,26,6
1115,6,5,True,7,137,18
2027,6,5,True,6,3,12
3161,6,5,True,7,70,8
4191,6,5,True,9,10,2
5503,6,5,True,5,31,8
6335,6,5,True,5,30,5
6379,6,5,True,3,54,12
7385,6,5,True,9,105,17
7693,6,5,True,9,53,12
8005,6,5,True,11,62,6
9188,6,5,True,10,86,20
9433,6,5,True,6,40,20
10111,6,5,True,6,2,5
11919,6,5,True,8,2,5
14272,6,5,True,10,40,17
16049,6,5,True,5,62,5
16449,6,5,True,8,106,5
18432,6,5,True,5,1,1
19097,6,5,True,7,68,4
21198,6,5,True,6,95,20
23676,6,5,True,6,10,1
24699,6,5,True,9,54,4
25039,6,5,True,10,164,9
26766,6,5,True,2,23,2
27326,6,5,True,6,53,18
27447,6,5,True,9,14,5
33001,6,5,True,6,256,12
34818,6,5,True,12,40,14
35990,6,5,True,10,6,5
37449,6,5,True,6,161,20
39159,6,5,True,7,2,18
43617,6,5,True,9,53,13
50375,6,5,True,6,3,18
50715,6,5,True,7,126,18
54677,6,5,True,7,72,12
56717,6,5,True,10,19,12
57957,6,5,True,11,44,9
58126,6,5,True,3,28,20
668,6,4,True,5,27,18
714,6,4,True,6,48,14
1395,6,4,True,7,62,5
3090,6,4,True,10,14,5
3744,6,4,True,6,3,4
3953,6,4,True,6,58,5
5691,6,4,True,6,37,12
6536,6,4,True,6,3,8
6766,6,4,True,9,25,20
8523,6,4,True,8,139,5
9182,6,4,True,7,12,5
10367,6,4,True,5,51,9
13187,6,4,True,11,73,12
18099,6,4,True,4,10,5
23989,6,4,True,8,28,5
25436,6,4,True,7,12,5
27359,6,4,True,6,73,5
32374,6,4,True,5,44,5
39262,6,4,True,9,27,7
61529,6,4,True,10,95,24
1915,6,3,True,6,43,5
2321,6,3,True,8,294,20
3763,6,3,True,3,73,12
6812,6,3,True,8,139,9
8128,6,3,True,8,56,4
8439,6,3,True,3,80,5
8631,6,3,True,10,0,4
9010,6,3,True,10,25,7
9675,6,3,True,7,52,5
10044,6,3,True,8,179,5
10332,6,3,True,6,26,4
10627,6,3,True,7,6,15
14587,6,3,True,8,97,4
15342,6,3,True,10,52,12
16069,6,3,True,3,14,5
20273,6,3,True,6,25,9
20286,6,3,True,8,6,5
28268,6,3,True,7,54,1
30692,6,3,True,8,80,5
30930,6,3,True,9,164,20
32055,6,3,True,6,139,1
34765,6,3,True,13,48,4
35013,6,3,True,11,2,13
35502,6,3,True,7,25,5
50263,6,3,True,8,106,5
65900,6,3,True,4,6,5
5924,6,2,True,2,31,21
9410,6,2,True,10,56,12
9457,6,2,True,9,95,12
11750,6,2,True,10,62,3
15115,6,2,True,9,166,12
15404,6,2,True,9,40,2
20198,6,2,True,7,14,5
22464,6,2,True,5,114,13
24695,6,2,True,12,16,14
26987,6,2,True,7,10,18
30562,6,2,True,6,51,5
32095,6,2,True,2,48,12
34387,6,2,True,5,2,18
39630,6,2,True,8,179,13
44424,6,2,True,4,59,2
44606,6,2,True,4,16,12
46240,6,2,True,6,2,18
49221,6,2,True,5,221,12
49850,6,2,True,4,74,12
53535,6,2,True,7,86,18
136,6,1,False,2,3,18
4235,6,1,False,2,44,5
20896,6,1,False,6,294,5
42558,6,1,False,9,237,14
42826,6,1,False,8,137,12
49361,6,1,False,8,97,4
55977,6,1,False,2,25,5
64219,6,1,False,6,2,12
195,5,5,True,9,31,4
986,5,5,True,6,6,28
1760,5,5,True,9,179,18
3465,5,5,True,8,164,4
3668,5,5,True,6,12,3
4121,5,5,True,7,62,12
4317,5,5,True,9,93,18
4521,5,5,True,5,1,5
4806,5,5,True,10,70,12
5009,5,5,True,7,2,5
5287,5,5,True,4,2,11
5372,5,5,True,10,62,4
5655,5,5,True,9,6,12
6904,5,5,True,8,59,12
7479,5,5,True,7,3,9
8818,5,5,True,6,20,8
9537,5,5,True,7,30,9
9858,5,5,True,7,64,8
11636,5,5,True,4,26,25
11771,5,5,True,8,86,5
12097,5,5,True,12,135,2
12151,5,5,True,9,93,7
14203,5,5,True,7,70,4
14787,5,5,True,3,10,4
14914,5,5,True,6,0,13
15139,5,5,True,6,52,12
16482,5,5,True,8,20,4
17031,5,5,True,7,95,23
17361,5,5,True,9,179,6
17482,5,5,True,3,805,12
18966,5,5,True,6,1,12
19103,5,5,True,11,52,12
19355,5,5,True,9,63,12
19617,5,5,True,8,179,5
19619,5,5,True,4,14,5
20998,5,5,True,8,105,9
22627,5,5,True,8,52,5
23105,5,5,True,6,37,5
23211,5,5,True,6,56,4
23475,5,5,True,11,142,13
23818,5,5,True,3,80,12
23979,5,5,True,7,2,12
23981,5,5,True,10,22,5
24524,5,5,True,10,179,4
25123,5,5,True,3,54,6
25255,5,5,True,6,23,5
25337,5,5,True,7,31,5
25484,5,5,True,6,3,15
25942,5,5,True,9,221,4
26056,5,5,True,6,221,5
26240,5,5,True,7,0,9
26275,5,5,True,9,44,5
26282,5,5,True,7,221,12
27210,5,5,True,6,27,12
28150,5,5,True,6,22,7
28315,5,5,True,9,0,12
28708,5,5,True,12,137,5
29813,5,5,True,4,43,20
30200,5,5,True,4,139,12
30271,5,5,True,5,62,12
30421,5,5,True,10,25,4
30860,5,5,True,7,161,12
31080,5,5,True,6,20,12
31124,5,5,True,10,105,5
31613,5,5,True,5,114,23
31842,5,5,True,9,105,12
32119,5,5,True,6,2,18
32720,5,5,True,11,114,28
32784,5,5,True,7,179,9
33156,5,5,True,5,3,5
33654,5,5,True,3,86,4
35494,5,5,True,5,62,9
35539,5,5,True,12,26,5
36502,5,5,True,8,139,5
37310,5,5,True,7,221,5
37911,5,5,True,6,3,12
38640,5,5,True,6,74,5
39103,5,5,True,8,114,17
39188,5,5,True,3,1698,6
41109,5,5,True,5,44,12
42426,5,5,True,5,294,12
42720,5,5,True,4,294,12
42854,5,5,True,4,6,9
43040,5,5,True,7,1,5
43471,5,5,True,4,14,5
45517,5,5,True,10,31,12
46616,5,5,True,9,30,5
50652,5,5,True,6,70,14
52377,5,5,True,6,64,4
52673,5,5,True,4,25,12
54429,5,5,True,6,40,12
58565,5,5,True,8,59,18
62929,5,5,True,6,10,5
28,5,4,True,5,6,5
383,5,4,True,5,6,5
543,5,4,True,7,0,11
669,5,4,True,4,14,12
878,5,4,True,3,89,12
1446,5,4,True,6,56,4
1810,5,4,True,8,126,6
2513,5,4,True,8,114,4
3218,5,4,True,4,137,4
3711,5,4,True,7,54,4
4384,5,4,True,4,62,3
4385,5,4,True,8,62,4
5023,5,4,True,9,3,12
5226,5,4,True,6,44,8
5853,5,4,True,5,52,24
6774,5,4,True,4,95,8
7871,5,4,True,4,44,9
7912,5,4,True,8,80,1
8509,5,4,True,6,166,5
9054,5,4,True,5,164,17
9625,5,4,True,8,22,12
10032,5,4,True,1,80,12
10380,5,4,True,8,3,6
10500,5,4,True,4,3,4
10519,5,4,True,2,3,22
10721,5,4,True,4,70,9
10744,5,4,True,6,27,4
10833,5,4,True,6,64,14
11720,5,4,True,1,2670,4
12065,5,4,True,6,164,5
12153,5,4,True,7,114,13
12282,5,4,True,7,12,20
13791,5,4,True,4,114,18
13969,5,4,True,2,1050,6
14993,5,4,True,5,68,5
16424,5,4,True,7,2,13
16882,5,4,True,6,63,13
18575,5,4,True,6,126,18
21549,5,4,True,6,63,3
22079,5,4,True,3,114,12
23362,5,4,True,3,1074,5
23598,5,4,True,6,10,2
23854,5,4,True,12,63,8
24055,5,4,True,7,25,14
25301,5,4,True,8,70,4
25426,5,4,True,5,70,7
26784,5,4,True,6,58,12
30204,5,4,True,7,237,5
31284,5,4,True,7,16,13
31981,5,4,True,11,14,5
32276,5,4,True,8,27,4
32450,5,4,True,6,30,1
35739,5,4,True,4,126,9
35790,5,4,True,4,1449,18
36945,5,4,True,6,22,12
38214,5,4,True,7,0,9
39552,5,4,True,7,43,12
40209,5,4,True,5,1787,9
40221,5,4,True,7,35,5
41488,5,4,True,5,72,12
42334,5,4,True,5,62,13
43971,5,4,True,8,2,11
44404,5,4,True,5,106,4
45888,5,4,True,7,2,11
50872,5,4,True,5,53,18
52411,5,4,True,3,12,1
52884,5,4,True,6,142,12
53893,5,4,True,1,2467,5
56229,5,4,True,2,48,2
58748,5,4,True,8,7,12
63902,5,4,True,3,73,13
64227,5,4,True,6,3,4
377,5,3,True,6,35,12
1019,5,3,True,6,44,14
1667,5,3,True,2,95,9
3190,5,3,True,8,37,9
3356,5,3,True,7,54,4
3615,5,3,True,4,62,4
4749,5,3,True,9,56,4
6245,5,3,True,1,62,12
7191,5,3,True,8,14,5
7340,5,3,True,4,6,4
7744,5,3,True,5,111,5
10925,5,3,True,4,18,3
11131,5,3,True,4,56,12
11149,5,3,True,6,64,5
12009,5,3,True,9,114,8
12999,5,3,True,6,52,5
13027,5,3,True,7,26,28
16957,5,3,True,9,63,4
17876,5,3,True,6,73,5
18141,5,3,True,9,68,12
23720,5,3,True,2,351,15
32974,5,3,True,7,111,4
36682,5,3,True,2,70,12
37188,5,3,True,6,19,5
37544,5,3,True,7,105,12
38006,5,3,True,7,16,1
40517,5,3,True,8,44,12
45243,5,3,True,8,137,14
47476,5,3,True,5,179,5
50248,5,3,True,4,37,18
50900,5,3,True,6,139,5
29,5,2,True,8,7,12
5403,5,2,True,9,3,12
12489,5,2,True,10,22,24
12713,5,2,True,5,58,20
14840,5,2,True,2,62,8
14859,5,2,True,4,10,8
15885,5,2,True,10,1,2
20002,5,2,True,7,126,18
23185,5,2,True,9,18,5
23438,5,2,True,7,43,15
24621,5,2,True,9,95,13
25916,5,2,True,3,6,5
26871,5,2,True,5,10,5
29733,5,2,True,6,105,17
30854,5,2,True,7,37,7
33447,5,2,True,6,0,3
34887,5,2,True,12,51,18
45014,5,2,True,7,139,4
46363,5,2,True,8,30,4
46958,5,2,True,8,2,9
49855,5,2,True,10,105,21
55421,5,2,True,6,161,15
58799,5,2,True,6,6,14
61711,5,2,True,8,18,2
62544,5,2,True,5,1537,18
63837,5,2,True,8,10,9
67193,5,2,True,9,74,12
13182,5,1,False,5,62,12
15590,5,1,False,8,0,12
20245,5,1,False,3,25,5
23224,5,1,False,7,3,12
27531,5,1,False,9,6,18
42003,5,1,False,3,161,6
48088,5,1,False,5,30,5
49792,5,1,False,7,27,20
55113,5,1,False,6,22,5
58540,5,1,False,8,70,9
59519,5,1,False,1,72,12
59635,5,1,False,4,27,1
65657,5,1,False,8,6,1
65818,5,1,False,8,12,5
66083,5,1,False,4,14,5
66684,5,1,False,3,80,2
66763,5,1,False,4,95,26
709,4,4,True,5,54,11
837,4,4,True,5,7,15
845,4,4,True,3,3,9
1028,4,4,True,5,56,27
1632,4,4,True,2,6,12
1791,4,4,True,6,68,8
2028,4,4,True,1,153,5
2096,4,4,True,4,43,8
2197,4,4,True,5,54,11
2276,4,4,True,5,137,24
2466,4,4,True,3,56,18
2507,4,4,True,7,105,24
3061,4,4,True,4,28,19
3091,4,4,True,5,54,24
3103,4,4,True,8,7,12
3151,4,4,True,8,59,8
3360,4,4,True,6,68,9
3713,4,4,True,5,1,25
3720,4,4,True,4,18,9
3788,4,4,True,4,70,17
4375,4,4,True,3,3,25
4887,4,4,True,4,25,9
5067,4,4,True,7,54,26
5316,4,4,True,5,80,9
5391,4,4,True,8,40,1
5427,4,4,True,8,68,24
5868,4,4,True,8,3,24
5953,4,4,True,4,14,16
6267,4,4,True,4,2,24
6364,4,4,True,4,72,12
6441,4,4,True,3,2,18
6460,4,4,True,6,27,25
6477,4,4,True,3,3,1
6560,4,4,True,1,294,9
7061,4,4,True,3,30,4
7448,4,4,True,9,164,21
7580,4,4,True,4,35,8
7623,4,4,True,9,48,24
8252,4,4,True,9,3,9
8351,4,4,True,1,106,17
8618,4,4,True,3,294,20
8644,4,4,True,2,53,18
8678,4,4,True,3,166,25
8863,4,4,True,0,-1,12
9386,4,4,True,7,139,25
9436,4,4,True,3,53,13
9702,4,4,True,6,74,17
10564,4,4,True,3,126,5
10674,4,4,True,3,37,18
10922,4,4,True,6,86,18
11033,4,4,True,1,525,26
11457,4,4,True,8,142,12
11568,4,4,True,4,1,13
11629,4,4,True,7,114,18
11953,4,4,True,6,179,13
12028,4,4,True,4,6,12
12188,4,4,True,2,1149,8
12295,4,4,True,3,62,12
12635,4,4,True,2,62,9
12805,4,4,True,6,0,9
12809,4,4,True,5,161,8
13007,4,4,True,6,30,18
13306,4,4,True,7,70,13
13368,4,4,True,8,164,27
13564,4,4,True,0,-1,17
13695,4,4,True,6,135,12
13727,4,4,True,8,114,25
14200,4,4,True,4,19,16
14278,4,4,True,3,62,17
14334,4,4,True,3,62,10
14657,4,4,True,2,126,18
14766,4,4,True,2,59,18
15024,4,4,True,0,-1,5
15110,4,4,True,7,28,13
15143,4,4,True,3,105,17
15219,4,4,True,2,30,24
15520,4,4,True,5,53,27
15806,4,4,True,3,627,20
15914,4,4,True,2,56,24
16408,4,4,True,5,64,18
16413,4,4,True,4,19,9
16822,4,4,True,6,52,5
17284,4,4,True,3,54,12
17459,4,4,True,0,-1,25
17817,4,4,True,2,97,17
17893,4,4,True,1,1292,8
18050,4,4,True,5,72,1
18057,4,4,True,3,59,4
18121,4,4,True,3,27,11
18208,4,4,True,2,86,8
18296,4,4,True,3,294,12
18354,4,4,True,4,19,12
18364,4,4,True,3,179,12
18852,4,4,True,5,10,25
18937,4,4,True,11,30,9
19090,4,4,True,9,25,18
19119,4,4,True,4,3,16
19448,4,4,True,3,3,9
19550,4,4,True,4,74,11
19717,4,4,True,8,12,11
19781,4,4,True,7,111,8
20132,4,4,True,2,51,11
20260,4,4,True,5,2,20
20437,4,4,True,4,59,12
20715,4,4,True,6,0,12
20789,4,4,True,7,58,5
20932,4,4,True,4,1,11
21248,4,4,True,2,981,8
21444,4,4,True,4,179,25
21718,4,4,True,1,40,5
21954,4,4,True,4,27,8
21990,4,4,True,7,161,14
23141,4,4,True,11,80,5
23280,4,4,True,3,2,18
23462,4,4,True,7,31,12
23561,4,4,True,6,18,20
23609,4,4,True,0,-1,9
24029,4,4,True,5,18,5
24377,4,4,True,4,59,24
25309,4,4,True,5,10,8
25324,4,4,True,2,2139,8
25406,4,4,True,2,40,4
25811,4,4,True,6,59,26
25855,4,4,True,6,105,14
25988,4,4,True,6,1,12
26062,4,4,True,6,6,9
27317,4,4,True,4,30,12
27751,4,4,True,4,3,12
28171,4,4,True,6,139,8
28744,4,4,True,6,54,24
28891,4,4,True,7,56,14
29498,4,4,True,4,0,24
29525,4,4,True,4,237,8
29526,4,4,True,5,6,24
29629,4,4,True,3,114,8
29809,4,4,True,3,161,11
30039,4,4,True,3,0,12
30579,4,4,True,1,166,9
30600,4,4,True,7,106,25
30628,4,4,True,7,72,16
30684,4,4,True,5,56,17
30792,4,4,True,7,56,9
31314,4,4,True,5,142,17
31529,4,4,True,4,68,20
31785,4,4,True,9,31,9
32339,4,4,True,4,68,8
32413,4,4,True,8,27,8
32660,4,4,True,3,166,9
32908,4,4,True,3,25,19
32941,4,4,True,4,1482,5
33209,4,4,True,7,25,17
33488,4,4,True,7,164,12
34049,4,4,True,8,37,17
34064,4,4,True,5,86,8
34179,4,4,True,7,40,18
34779,4,4,True,4,114,17
34854,4,4,True,4,70,9
35114,4,4,True,7,16,27
35115,4,4,True,8,16,22
35182,4,4,True,8,27,9
35718,4,4,True,6,111,17
36829,4,4,True,7,58,18
37595,4,4,True,2,3,8
38004,4,4,True,3,16,5
38054,4,4,True,3,114,23
38252,4,4,True,5,114,18
38602,4,4,True,6,237,1
39175,4,4,True,5,37,12
39624,4,4,True,5,3,17
39743,4,4,True,3,59,12
39773,4,4,True,5,3,12
39950,4,4,True,8,114,9
41300,4,4,True,8,86,11
41455,4,4,True,4,28,5
41462,4,4,True,2,27,16
41599,4,4,True,3,3,17
42594,4,4,True,9,70,25
43122,4,4,True,6,31,27
43778,4,4,True,7,25,8
44605,4,4,True,2,2256,8
45647,4,4,True,4,114,4
45665,4,4,True,9,35,25
46247,4,4,True,3,59,4
46523,4,4,True,8,30,12
47256,4,4,True,4,12,14
47531,4,4,True,6,114,1
48186,4,4,True,7,25,25
48744,4,4,True,7,137,5
49097,4,4,True,8,97,12
49170,4,4,True,5,3,12
49687,4,4,True,1,30,17
50090,4,4,True,6,22,25
50162,4,4,True,3,31,5
51142,4,4,True,3,105,8
51411,4,4,True,6,10,5
52180,4,4,True,6,54,7
53378,4,4,True,9,12,16
55828,4,4,True,8,27,18
55838,4,4,True,7,161,20
56385,4,4,True,3,294,18
56454,4,4,True,11,37,12
58573,4,4,True,7,95,5
58739,4,4,True,10,70,25
59385,4,4,True,6,52,24
59721,4,4,True,3,0,17
60521,4,4,True,4,72,11
60724,4,4,True,4,19,12
65152,4,4,True,2,179,18
65283,4,4,True,3,16,12
461,4,3,True,6,58,18
532,4,3,True,6,40,16
1109,4,3,True,1,883,9
1433,4,3,True,5,80,24
1833,4,3,True,3,52,12
1917,4,3,True,6,22,8
2081,4,3,True,6,80,24
2194,4,3,True,2,114,5
2231,4,3,True,4,80,9
2246,4,3,True,8,53,28
2273,4,3,True,4,51,8
2294,4,3,True,3,3,9
2680,4,3,True,7,22,17
2687,4,3,True,3,3,9
2941,4,3,True,6,30,8
3208,4,3,True,6,23,18
3556,4,3,True,3,68,12
4444,4,3,True,6,12,12
4509,4,3,True,4,52,24
5034,4,3,True,7,10,8
5145,4,3,True,1,95,18
6228,4,3,True,4,43,18
6617,4,3,True,2,62,12
6795,4,3,True,7,80,24
6891,4,3,True,4,58,18
6894,4,3,True,3,373,21
7019,4,3,True,2,0,18
7284,4,3,True,5,3,13
7796,4,3,True,3,164,24
8394,4,3,True,2,135,18
9370,4,3,True,4,3,9
9517,4,3,True,1,105,8
9573,4,3,True,4,161,8
9728,4,3,True,6,3,2
10268,4,3,True,10,3,17
10542,4,3,True,1,2790,25
12051,4,3,True,5,51,12
12874,4,3,True,4,70,20
15972,4,3,True,7,53,17
16582,4,3,True,4,70,24
16762,4,3,True,6,179,5
18975,4,3,True,3,68,17
19026,4,3,True,9,166,25
19547,4,3,True,7,52,18
20622,4,3,True,5,44,12
23257,4,3,True,3,3,17
23320,4,3,True,2,86,18
23799,4,3,True,7,1093,2
23877,4,3,True,1,3,5
24083,4,3,True,9,179,12
24194,4,3,True,4,95,24
24325,4,3,True,6,3,17
24739,4,3,True,4,19,5
24866,4,3,True,5,1087,9
25147,4,3,True,4,70,8
26876,4,3,True,8,53,14
28644,4,3,True,5,74,15
29507,4,3,True,4,80,9
31649,4,3,True,4,31,25
32235,4,3,True,7,86,26
32409,4,3,True,2,1463,17
36624,4,3,True,5,74,24
37958,4,3,True,6,1,11
38177,4,3,True,5,59,18
40479,4,3,True,7,28,18
41570,4,3,True,3,114,3
43343,4,3,True,10,53,26
52158,4,3,True,3,31,12
54737,4,3,True,6,142,2
58161,4,3,True,6,26,2
64253,4,3,True,3,22,4
2352,4,2,True,1,196,26
2424,4,2,True,5,58,17
2491,4,2,True,8,19,14
2527,4,2,True,2,3,20
2618,4,2,True,1,196,2
3691,4,2,True,5,3,5
4244,4,2,True,4,30,12
6229,4,2,True,4,10,9
6313,4,2,True,5,97,8
7131,4,2,True,7,44,3
8751,4,2,True,10,164,18
10780,4,2,True,5,59,20
13312,4,2,True,4,139,17
13730,4,2,True,7,106,20
14935,4,2,True,6,1,16
15046,4,2,True,2,58,16
15120,4,2,True,5,699,6
18370,4,2,True,3,80,12
18501,4,2,True,4,26,9
20699,4,2,True,7,105,1
20823,4,2,True,7,179,24
20979,4,2,True,6,73,16
24381,4,2,True,5,16,12
25699,4,2,True,7,114,24
27034,4,2,True,3,63,8
28987,4,2,True,9,54,24
32357,4,2,True,2,58,8
34991,4,2,True,4,73,12
39013,4,2,True,1,2770,17
39198,4,2,True,4,0,8
44351,4,2,True,8,2,16
44603,4,2,True,2,142,24
48002,4,2,True,6,164,18
48979,4,2,True,5,64,24
52418,4,2,True,6,80,12
52826,4,2,True,6,10,18
54523,4,2,True,5,59,18
55000,4,2,True,10,45,9
55549,4,2,True,7,6,12
57488,4,2,True,2,52,24
57645,4,2,True,4,10,25
58487,4,2,True,6,80,12
62270,4,2,True,2,2894,1
1940,4,1,False,6,74,9
15950,4,1,False,1,736,9
17189,4,1,False,3,749,17
20961,4,1,False,6,25,12
26071,4,1,False,9,37,5
26637,4,1,False,7,53,26
28338,4,1,False,8,74,8
38823,4,1,False,7,93,18
42672,4,1,False,7,237,20
43147,4,1,False,8,68,12
46221,4,1,False,4,72,17
48397,4,1,False,7,51,18
49881,4,1,False,3,53,1
53660,4,1,False,1,12,8
57558,4,1,False,6,56,2
58232,4,1,False,5,90,9
66092,4,1,False,3,598,14
67463,4,1,False,5,86,20
71,3,3,True,3,51,12
133,3,3,True,3,23,24
292,3,3,True,8,44,20
370,3,3,True,5,14,1
374,3,3,True,7,53,8
421,3,3,True,8,54,12
547,3,3,True,4,10,9
562,3,3,True,3,68,18
676,3,3,True,2,48,13
705,3,3,True,1,86,18
752,3,3,True,4,80,26
781,3,3,True,4,58,16
789,3,3,True,6,3,25
791,3,3,True,5,68,8
830,3,3,True,3,1,2
999,3,3,True,3,64,17
1118,3,3,True,4,3,24
1150,3,3,True,6,3,5
1182,3,3,True,1,294,18
1196,3,3,True,3,3,11
1199,3,3,True,0,-1,18
1207,3,3,True,0,-1,13
1229,3,3,True,1,3,25
1332,3,3,True,4,111,12
1611,3,3,True,3,3,18
1657,3,3,True,4,133,17
1722,3,3,True,7,137,24
1728,3,3,True,5,2,16
1763,3,3,True,2,62,17
1858,3,3,True,5,3,5
1964,3,3,True,4,664,12
2025,3,3,True,4,3,27
2031,3,3,True,7,135,18
2032,3,3,True,5,135,18
2058,3,3,True,2,157,16
2089,3,3,True,5,80,18
2152,3,3,True,4,51,12
2155,3,3,True,2,2,9
2260,3,3,True,2,1,25
2300,3,3,True,6,139,20
2376,3,3,True,4,221,18
2408,3,3,True,3,179,5
2411,3,3,True,1,12,3
2414,3,3,True,2,3,20
2443,3,3,True,4,111,1
2515,3,3,True,4,1,16
2525,3,3,True,2,2520,18
2557,3,3,True,1,161,4
2562,3,3,True,5,74,24
2599,3,3,True,0,-1,12
2629,3,3,True,2,43,14
2633,3,3,True,1,70,14
2683,3,3,True,5,80,5
2713,3,3,True,4,7,20
2779,3,3,True,0,-1,9
2784,3,3,True,5,3,8
3133,3,3,True,5,12,1
3280,3,3,True,4,3,5
3334,3,3,True,4,63,5
3399,3,3,True,2,30,5
3423,3,3,True,8,28,26
3425,3,3,True,6,28,12
3444,3,3,True,6,6,12
3468,3,3,True,1,44,27
3475,3,3,True,6,80,24
3609,3,3,True,2,3,27
3675,3,3,True,4,3,9
3690,3,3,True,5,126,8
3747,3,3,True,5,86,9
3773,3,3,True,2,235,18
3851,3,3,True,4,126,17
4009,3,3,True,3,245,25
4041,3,3,True,3,2,28
4065,3,3,True,4,19,15
4130,3,3,True,2,1028,24
4139,3,3,True,7,19,23
4189,3,3,True,4,106,8
4218,3,3,True,1,252,2
4269,3,3,True,4,10,9
4287,3,3,True,4,45,5
4436,3,3,True,7,3,5
4531,3,3,True,5,179,25
4579,3,3,True,4,22,14
4682,3,3,True,4,51,28
4723,3,3,True,5,114,9
4761,3,3,True,5,59,24
4820,3,3,True,5,161,11
4880,3,3,True,4,3,9
4995,3,3,True,5,70,2
5068,3,3,True,5,54,13
5121,3,3,True,6,137,8
5192,3,3,True,4,51,20
5233,3,3,True,2,80,8
5247,3,3,True,2,56,17
5296,3,3,True,2,73,8
5303,3,3,True,2,62,17
5332,3,3,True,5,12,8
5336,3,3,True,6,44,25
5375,3,3,True,2,309,25
5462,3,3,True,6,72,12
5549,3,3,True,1,1317,18
5550,3,3,True,4,86,11
5617,3,3,True,1,1907,8
5674,3,3,True,3,19,10
5705,3,3,True,3,14,8
5707,3,3,True,4,16,8
5803,3,3,True,4,52,26
5883,3,3,True,1,105,9
5935,3,3,True,3,1091,17
5940,3,3,True,4,3,25
5966,3,3,True,7,3,26
6081,3,3,True,2,0,21
6087,3,3,True,0,-1,18
6167,3,3,True,6,142,12
6206,3,3,True,2,114,9
6259,3,3,True,4,26,9
6328,3,3,True,4,25,5
6365,3,3,True,3,73,12
6492,3,3,True,4,97,9
6534,3,3,True,4,3,12
6574,3,3,True,7,16,8
6580,3,3,True,2,1239,20
6703,3,3,True,3,3,12
6800,3,3,True,2,3,12
6835,3,3,True,6,18,14
6837,3,3,True,3,3,3
6851,3,3,True,3,6,11
6872,3,3,True,2,56,8
6885,3,3,True,3,93,20
6906,3,3,True,6,30,15
6945,3,3,True,4,3,9
6996,3,3,True,4,19,18
7151,3,3,True,3,114,12
7196,3,3,True,3,35,8
7217,3,3,True,5,35,13
7242,3,3,True,3,0,19
7253,3,3,True,4,392,12
7263,3,3,True,0,-1,7
7316,3,3,True,2,2,12
7378,3,3,True,3,44,24
7380,3,3,True,5,18,12
7388,3,3,True,3,70,12
7464,3,3,True,2,3,28
7587,3,3,True,4,31,20
7592,3,3,True,3,3,12
7655,3,3,True,5,114,25
7788,3,3,True,5,3,7
7804,3,3,True,4,3,17
7844,3,3,True,4,48,9
7850,3,3,True,4,97,12
7966,3,3,True,2,30,24
8107,3,3,True,4,31,18
8307,3,3,True,6,3,10
8311,3,3,True,6,95,25
8324,3,3,True,6,45,24
8325,3,3,True,7,45,20
8339,3,3,True,5,12,17
8379,3,3,True,3,80,25
8425,3,3,True,2,0,25
8516,3,3,True,5,16,25
8569,3,3,True,3,1,27
8599,3,3,True,4,63,16
8658,3,3,True,5,142,25
8725,3,3,True,5,28,16
8831,3,3,True,4,10,17
8947,3,3,True,1,59,25
9073,3,3,True,9,59,11
9080,3,3,True,1,70,24
9089,3,3,True,1,642,24
9403,3,3,True,5,114,12
9465,3,3,True,5,3,26
9494,3,3,True,5,2,9
9504,3,3,True,1,2571,2
9566,3,3,True,1,468,18
9609,3,3,True,1,19,17
9639,3,3,True,2,294,8
9882,3,3,True,6,294,18
9902,3,3,True,3,3,26
9921,3,3,True,7,62,8
9987,3,3,True,5,56,12
10051,3,3,True,5,237,9
10053,3,3,True,3,485,19
10077,3,3,True,3,10,25
10098,3,3,True,4,31,9
10106,3,3,True,1,1487,11
10153,3,3,True,3,3,17
10205,3,3,True,6,3,8
10276,3,3,True,2,221,9
10336,3,3,True,3,2,12
10368,3,3,True,5,135,9
10392,3,3,True,6,80,12
10473,3,3,True,5,2,20
10514,3,3,True,3,105,27
10561,3,3,True,4,142,4
10568,3,3,True,4,10,8
10639,3,3,True,3,27,16
10646,3,3,True,5,43,18
10753,3,3,True,5,31,12
10785,3,3,True,4,19,12
10811,3,3,True,2,70,17
10930,3,3,True,4,26,20
10964,3,3,True,0,-1,9
10991,3,3,True,5,114,16
10996,3,3,True,3,142,5
11022,3,3,True,1,57,12
11054,3,3,True,5,139,27
11055,3,3,True,3,139,18
11069,3,3,True,2,532,24
11221,3,3,True,2,6,9
11226,3,3,True,5,12,5
11249,3,3,True,1,544,13
11253,3,3,True,2,237,10
11377,3,3,True,2,37,18
11378,3,3,True,1,294,20
11417,3,3,True,5,63,16
11452,3,3,True,6,1,12
11504,3,3,True,4,0,12
11532,3,3,True,7,97,27
11548,3,3,True,3,93,18
11601,3,3,True,3,70,5
11739,3,3,True,2,561,12
11761,3,3,True,4,135,13
11807,3,3,True,6,164,17
11955,3,3,True,4,19,27
12001,3,3,True,3,161,10
12033,3,3,True,1,43,11
12106,3,3,True,3,62,8
12111,3,3,True,6,97,28
12344,3,3,True,4,70,4
12355,3,3,True,4,63,24
12390,3,3,True,5,72,20
12457,3,3,True,0,-1,24
12602,3,3,True,4,62,12
12607,3,3,True,5,97,12
12631,3,3,True,4,6,18
12637,3,3,True,5,12,12
12647,3,3,True,2,58,13
12658,3,3,True,6,161,2
12806,3,3,True,2,179,11
12813,3,3,True,5,62,18
12842,3,3,True,6,62,2
12853,3,3,True,5,62,26
12867,3,3,True,1,1477,17
12869,3,3,True,2,179,20
12902,3,3,True,3,27,8
12967,3,3,True,5,22,17
13110,3,3,True,6,35,9
13132,3,3,True,3,166,5
13159,3,3,True,3,10,16
13166,3,3,True,2,31,5
13194,3,3,True,5,63,17
13213,3,3,True,4,28,18
13269,3,3,True,3,950,5
13426,3,3,True,1,2638,16
13503,3,3,True,5,35,11
13590,3,3,True,5,30,5
13627,3,3,True,5,30,5
13734,3,3,True,4,7,4
13743,3,3,True,6,43,12
13774,3,3,True,5,62,8
13881,3,3,True,3,12,26
13920,3,3,True,5,68,25
13983,3,3,True,3,63,8
13993,3,3,True,2,62,20
14008,3,3,True,1,2,5
14066,3,3,True,5,58,12
14104,3,3,True,4,12,20
14239,3,3,True,3,19,12
14330,3,3,True,2,126,16
14343,3,3,True,4,12,9
14390,3,3,True,2,28,17
14434,3,3,True,5,142,18
14582,3,3,True,3,675,8
14700,3,3,True,2,53,28
14711,3,3,True,4,54,8
14721,3,3,True,5,35,17
14722,3,3,True,2,35,13
14938,3,3,True,4,80,8
15013,3,3,True,2,68,8
15033,3,3,True,3,31,17
15052,3,3,True,5,56,1
15095,3,3,True,8,126,17
15107,3,3,True,6,7,9
15160,3,3,True,2,700,5
15174,3,3,True,1,1192,25
15182,3,3,True,6,179,24
15275,3,3,True,2,12,17
15296,3,3,True,2,1261,12
15312,3,3,True,4,40,1
15379,3,3,True,2,12,25
15381,3,3,True,6,54,5
15388,3,3,True,4,52,5
15554,3,3,True,3,106,18
15647,3,3,True,4,114,18
15677,3,3,True,5,53,26
15725,3,3,True,3,294,9
15730,3,3,True,1,179,12
15764,3,3,True,5,37,9
15769,3,3,True,1,51,25
15808,3,3,True,6,25,27
15815,3,3,True,7,7,9
15842,3,3,True,6,0,9
15844,3,3,True,5,0,9
15899,3,3,True,4,48,24
15940,3,3,True,1,12,5
16058,3,3,True,1,105,24
16130,3,3,True,4,743,2
16144,3,3,True,5,111,18
16159,3,3,True,1,746,8
16188,3,3,True,3,1176,14
16205,3,3,True,1,59,18
16306,3,3,True,4,59,20
16411,3,3,True,7,114,17
16567,3,3,True,1,1996,9
16664,3,3,True,4,114,12
16685,3,3,True,5,10,26
16841,3,3,True,2,12,5
16843,3,3,True,2,45,9
16850,3,3,True,2,780,2
16908,3,3,True,3,59,2
17008,3,3,True,4,59,8
17018,3,3,True,3,56,18
17060,3,3,True,1,2744,21
17073,3,3,True,3,31,16
17398,3,3,True,1,45,12
17527,3,3,True,3,95,25
17626,3,3,True,2,3,9
17668,3,3,True,6,63,5
17915,3,3,True,1,823,8
17920,3,3,True,4,0,26
17922,3,3,True,6,114,6
17924,3,3,True,4,114,12
17932,3,3,True,1,44,24
17953,3,3,True,4,114,24
18004,3,3,True,5,43,8
18074,3,3,True,6,179,3
18078,3,3,True,3,52,12
18128,3,3,True,7,26,5
18200,3,3,True,2,68,9
18264,3,3,True,4,79,5
18339,3,3,True,1,2588,6
18398,3,3,True,2,59,24
18464,3,3,True,6,3,18
18544,3,3,True,4,1,12
18551,3,3,True,3,58,2
18591,3,3,True,3,48,12
18829,3,3,True,2,869,13
18843,3,3,True,5,1,16
18880,3,3,True,9,37,18
18954,3,3,True,8,14,12
18971,3,3,True,6,161,4
19046,3,3,True,0,-1,5
19194,3,3,True,5,12,12
19240,3,3,True,1,43,24
19375,3,3,True,3,14,9
19467,3,3,True,3,97,14
19574,3,3,True,2,126,18
19627,3,3,True,4,43,18
19628,3,3,True,5,43,9
19676,3,3,True,4,7,9
19947,3,3,True,2,921,12
20070,3,3,True,5,63,9
20126,3,3,True,6,43,18
20291,3,3,True,5,12,8
20327,3,3,True,2,62,18
20344,3,3,True,6,44,11
20364,3,3,True,5,62,1
20510,3,3,True,2,51,8
20580,3,3,True,2,62,10
20710,3,3,True,5,18,26
20791,3,3,True,0,-1,9
20871,3,3,True,5,31,12
20910,3,3,True,3,73,9
20933,3,3,True,5,1,25
20948,3,3,True,5,2,14
21006,3,3,True,6,3,18
21049,3,3,True,6,31,20
21130,3,3,True,6,25,12
21145,3,3,True,5,25,4
21197,3,3,True,3,95,20
21227,3,3,True,0,-1,18
21322,3,3,True,4,221,2
21411,3,3,True,9,2,12
21489,3,3,True,3,40,24
21519,3,3,True,3,73,9
21551,3,3,True,3,139,9
21557,3,3,True,1,998,16
21648,3,3,True,1,1346,18
21719,3,3,True,2,80,8
21783,3,3,True,4,19,20
21883,3,3,True,0,-1,18
22050,3,3,True,6,48,15
22062,3,3,True,3,59,24
22131,3,3,True,3,70,18
22159,3,3,True,3,126,1
22173,3,3,True,5,164,9
22270,3,3,True,4,48,24
22366,3,3,True,3,111,24
22385,3,3,True,3,73,12
22428,3,3,True,2,51,24
22448,3,3,True,5,48,4
22472,3,3,True,3,30,13
22533,3,3,True,5,6,9
22574,3,3,True,4,53,18
22590,3,3,True,2,10,18
22598,3,3,True,6,86,17
22723,3,3,True,4,10,5
22833,3,3,True,5,74,5
22876,3,3,True,5,62,27
22910,3,3,True,7,22,14
22963,3,3,True,7,54,25
23101,3,3,True,4,126,20
23115,3,3,True,5,72,17
23232,3,3,True,6,164,18
23259,3,3,True,4,114,25
23269,3,3,True,1,139,18
23542,3,3,True,4,10,4
23589,3,3,True,1,1088,12
23646,3,3,True,2,1710,6
23757,3,3,True,5,25,18
23763,3,3,True,1,58,18
23824,3,3,True,3,294,4
24015,3,3,True,5,70,28
24094,3,3,True,7,68,17
24232,3,3,True,2,135,18
24248,3,3,True,3,56,3
24284,3,3,True,4,74,8
24373,3,3,True,2,14,11
24475,3,3,True,3,20,17
24711,3,3,True,4,27,2
24738,3,3,True,4,12,9
24789,3,3,True,3,0,12
24817,3,3,True,3,31,18
24850,3,3,True,7,68,1
24933,3,3,True,5,135,8
25010,3,3,True,3,2246,3
25082,3,3,True,2,72,20
25128,3,3,True,5,3,9
25225,3,3,True,2,1735,20
25282,3,3,True,3,86,25
25333,3,3,True,7,63,20
25350,3,3,True,4,1168,5
25400,3,3,True,4,70,20
25449,3,3,True,6,22,12
25495,3,3,True,5,114,20
25692,3,3,True,3,72,12
25870,3,3,True,6,6,12
25908,3,3,True,5,126,8
25983,3,3,True,5,72,9
25994,3,3,True,8,63,18
25997,3,3,True,4,142,12
26058,3,3,True,2,14,8
26082,3,3,True,1,1407,25
26137,3,3,True,5,26,17
26276,3,3,True,1,2595,4
26322,3,3,True,5,27,18
26403,3,3,True,4,6,16
26496,3,3,True,6,179,26
26502,3,3,True,0,-1,12
26554,3,3,True,3,14,5
26571,3,3,True,2,72,8
26605,3,3,True,3,35,12
26711,3,3,True,6,43,12
26720,3,3,True,3,43,12
26949,3,3,True,2,3,20
27003,3,3,True,4,52,12
27027,3,3,True,4,59,18
27049,3,3,True,6,22,17
27094,3,3,True,2,114,12
27200,3,3,True,1,40,26
27204,3,3,True,0,-1,1
27235,3,3,True,4,59,4
27269,3,3,True,2,27,9
27311,3,3,True,6,111,13
27353,3,3,True,5,25,28
27354,3,3,True,7,25,18
27375,3,3,True,5,53,18
27561,3,3,True,1,237,12
27645,3,3,True,7,126,8
27724,3,3,True,2,95,18
27802,3,3,True,5,19,5
27942,3,3,True,5,74,20
27954,3,3,True,6,30,14
27993,3,3,True,3,0,11
28067,3,3,True,3,969,8
28121,3,3,True,8,19,18
28122,3,3,True,7,19,24
28214,3,3,True,5,53,8
28302,3,3,True,3,62,25
28343,3,3,True,3,1289,8
28368,3,3,True,5,221,26
28371,3,3,True,3,126,23
28392,3,3,True,1,10,12
28489,3,3,True,1,1296,5
28577,3,3,True,5,56,4
28593,3,3,True,2,749,18
28598,3,3,True,0,-1,24
28646,3,3,True,5,74,13
28741,3,3,True,1,37,10
28923,3,3,True,1,1934,20
29161,3,3,True,5,51,15
29258,3,3,True,5,31,5
29269,3,3,True,4,51,17
29275,3,3,True,5,35,9
29279,3,3,True,6,62,8
29369,3,3,True,7,6,18
29382,3,3,True,5,90,9
29472,3,3,True,4,139,8
29555,3,3,True,5,53,18
29698,3,3,True,4,40,5
29711,3,3,True,4,139,25
29797,3,3,True,7,30,17
29851,3,3,True,3,62,17
30028,3,3,True,6,52,12
30348,3,3,True,1,2560,2
30496,3,3,True,4,25,9
30509,3,3,True,0,-1,5
30514,3,3,True,3,16,12
30536,3,3,True,4,97,20
30561,3,3,True,3,70,18
30585,3,3,True,2,111,2
30620,3,3,True,1,52,18
30623,3,3,True,4,19,18
30624,3,3,True,7,25,20
30734,3,3,True,5,142,18
30757,3,3,True,4,56,25
30760,3,3,True,3,105,1
31143,3,3,True,4,111,24
31161,3,3,True,3,44,13
31179,3,3,True,3,31,20
31181,3,3,True,3,19,26
31408,3,3,True,3,80,9
31414,3,3,True,5,221,12
31437,3,3,True,6,161,10
31562,3,3,True,3,16,18
31593,3,3,True,1,232,25
31619,3,3,True,5,20,24
31763,3,3,True,5,25,13
31852,3,3,True,3,2,5
31881,3,3,True,4,114,8
31904,3,3,True,2,68,18
31935,3,3,True,5,51,11
31959,3,3,True,1,1443,9
31986,3,3,True,6,31,9
32045,3,3,True,4,27,17
32082,3,3,True,3,51,26
32198,3,3,True,3,1051,24
32305,3,3,True,0,-1,2
32312,3,3,True,1,26,12
32371,3,3,True,4,62,4
32652,3,3,True,4,2,17
32697,3,3,True,1,105,5
32743,3,3,True,5,2,12
32788,3,3,True,3,3,12
32862,3,3,True,4,6,4
32874,3,3,True,6,126,5
33223,3,3,True,7,53,12
33356,3,3,True,6,19,13
33359,3,3,True,0,-1,12
33461,3,3,True,4,58,5
33567,3,3,True,1,76,5
33774,3,3,True,6,48,12
33786,3,3,True,2,30,9
33809,3,3,True,2,25,17
33965,3,3,True,6,179,12
34218,3,3,True,3,26,12
34275,3,3,True,2,1532,26
34321,3,3,True,4,62,8
34328,3,3,True,1,23,8
34412,3,3,True,1,1732,8
34605,3,3,True,5,1549,18
34757,3,3,True,4,86,12
34815,3,3,True,2,53,5
35120,3,3,True,3,1573,12
35164,3,3,True,4,48,20
35180,3,3,True,2,53,9
35423,3,3,True,3,3,8
35451,3,3,True,5,70,26
35574,3,3,True,1,1838,2
35608,3,3,True,1,25,12
35614,3,3,True,3,59,8
35629,3,3,True,4,73,18
35730,3,3,True,2,68,12
35791,3,3,True,4,52,3
35804,3,3,True,4,3,12
35838,3,3,True,5,105,1
35849,3,3,True,3,52,25
35860,3,3,True,4,40,1
35942,3,3,True,2,20,18
35969,3,3,True,3,161,27
36134,3,3,True,3,1615,28
36219,3,3,True,4,97,17
36272,3,3,True,3,105,25
36276,3,3,True,3,0,12
36338,3,3,True,3,53,9
36364,3,3,True,2,40,3
36740,3,3,True,6,31,12
36990,3,3,True,2,25,24
37259,3,3,True,6,10,27
37333,3,3,True,1,30,8
37416,3,3,True,1,59,12
37508,3,3,True,3,37,27
37572,3,3,True,1,161,25
37685,3,3,True,2,161,8
37796,3,3,True,2,1691,17
37860,3,3,True,2,23,12
38056,3,3,True,4,63,25
38194,3,3,True,2,12,18
38250,3,3,True,6,114,18
38334,3,3,True,3,25,9
38526,3,3,True,0,-1,12
38592,3,3,True,1,1815,5
38679,3,3,True,1,97,25
38814,3,3,True,2,126,4
38839,3,3,True,5,73,5
38845,3,3,True,4,93,9
38980,3,3,True,4,221,9
39122,3,3,True,2,329,18
39978,3,3,True,6,7,8
40166,3,3,True,5,86,9
40348,3,3,True,4,58,13
40353,3,3,True,4,62,18
40413,3,3,True,5,3,9
40887,3,3,True,5,137,8
40910,3,3,True,5,95,4
40985,3,3,True,3,22,8
41009,3,3,True,1,2550,18
41105,3,3,True,4,31,9
41129,3,3,True,4,30,5
41213,3,3,True,8,53,25
41285,3,3,True,3,18,24
41498,3,3,True,4,68,11
41616,3,3,True,5,68,13
41713,3,3,True,6,56,9
41724,3,3,True,6,97,9
41755,3,3,True,8,0,24
41768,3,3,True,6,3,19
41826,3,3,True,4,14,11
41888,3,3,True,5,35,18
41937,3,3,True,3,62,18
42126,3,3,True,5,135,20
42261,3,3,True,4,40,8
42480,3,3,True,5,237,18
42609,3,3,True,4,14,17
42670,3,3,True,1,1885,8
42683,3,3,True,9,10,13
42685,3,3,True,6,58,9
42987,3,3,True,1,2037,18
43338,3,3,True,5,19,25
43483,3,3,True,6,31,18
43628,3,3,True,4,164,14
43714,3,3,True,5,16,12
43819,3,3,True,5,56,17
44479,3,3,True,2,24,8
44776,3,3,True,5,43,27
44810,3,3,True,4,48,8
44973,3,3,True,5,22,5
45019,3,3,True,8,294,13
45296,3,3,True,1,25,20
45302,3,3,True,4,73,12
45388,3,3,True,4,114,26
45401,3,3,True,2,70,9
45664,3,3,True,4,35,9
45711,3,3,True,5,166,9
46000,3,3,True,2,86,24
46218,3,3,True,1,18,8
46321,3,3,True,4,30,3
46436,3,3,True,3,126,4
46573,3,3,True,4,72,8
46942,3,3,True,5,53,18
46949,3,3,True,2,26,26
46951,3,3,True,4,0,9
47010,3,3,True,8,12,26
47074,3,3,True,6,30,5
47263,3,3,True,2,12,10
47405,3,3,True,5,44,10
47490,3,3,True,3,1371,18
47584,3,3,True,5,26,17
47650,3,3,True,6,58,17
47668,3,3,True,6,44,18
47785,3,3,True,4,37,13
47789,3,3,True,3,139,4
47906,3,3,True,1,2247,25
48270,3,3,True,1,534,9
48497,3,3,True,4,105,5
48781,3,3,True,6,237,9
48840,3,3,True,3,45,9
48945,3,3,True,5,27,22
49053,3,3,True,6,22,24
49214,3,3,True,5,80,2
49255,3,3,True,1,3,17
49559,3,3,True,3,2,8
49865,3,3,True,5,6,13
49876,3,3,True,4,12,18
50086,3,3,True,6,114,16
50293,3,3,True,2,63,20
50506,3,3,True,7,16,19
50555,3,3,True,3,51,4
50629,3,3,True,2,59,12
50750,3,3,True,6,1,15
51043,3,3,True,4,2,25
51318,3,3,True,3,62,20
52195,3,3,True,3,27,18
52291,3,3,True,4,179,11
52293,3,3,True,5,139,26
52505,3,3,True,3,6,18
52721,3,3,True,3,139,24
53062,3,3,True,6,139,17
53233,3,3,True,3,114,17
53445,3,3,True,0,-1,2
53653,3,3,True,3,161,8
53917,3,3,True,4,80,9
54152,3,3,True,4,90,10
54171,3,3,True,0,-1,12
54686,3,3,True,4,12,8
54938,3,3,True,3,3,9
55041,3,3,True,4,114,27
55257,3,3,True,2,137,18
55338,3,3,True,0,-1,11
55969,3,3,True,2,0,10
56188,3,3,True,3,35,15
57033,3,3,True,5,30,12
57721,3,3,True,5,26,18
57794,3,3,True,1,30,25
57877,3,3,True,3,95,8
59210,3,3,True,5,10,8
59225,3,3,True,1,161,8
59273,3,3,True,4,139,9
59965,3,3,True,3,164,18
60907,3,3,True,4,2555,5
61769,3,3,True,1,12,28
62834,3,3,True,1,2813,13
62907,3,3,True,4,137,24
63446,3,3,True,4,58,12
63960,3,3,True,5,74,18
64453,3,3,True,4,70,13
4,3,2,True,6,0,14
102,3,2,True,1,225,13
434,3,2,True,7,56,18
509,3,2,True,7,25,9
512,3,2,True,5,3,11
542,3,2,True,3,51,9
596,3,2,True,6,3,8
795,3,2,True,5,3,8
873,3,2,True,1,106,9
1069,3,2,True,4,105,26
1112,3,2,True,3,12,8
1195,3,2,True,5,3,17
1224,3,2,True,3,3,18
1288,3,2,True,6,3,12
1512,3,2,True,3,126,18
1534,3,2,True,3,56,5
1588,3,2,True,1,44,20
1598,3,2,True,3,31,17
1636,3,2,True,1,130,4
1881,3,2,True,1,699,14
1888,3,2,True,5,51,24
2068,3,2,True,5,3,24
2270,3,2,True,2,3,16
2278,3,2,True,5,45,18
2506,3,2,True,7,3,8
2676,3,2,True,4,64,2
2763,3,2,True,2,25,5
3081,3,2,True,4,44,17
3299,3,2,True,1,307,12
3307,3,2,True,1,3,5
3328,3,2,True,3,62,3
3421,3,2,True,3,48,5
3489,3,2,True,4,221,10
3653,3,2,True,4,26,1
3872,3,2,True,2,19,5
3895,3,2,True,4,12,3
3912,3,2,True,6,51,12
3993,3,2,True,4,12,1
4074,3,2,True,4,3,25
4107,3,2,True,6,3,28
4156,3,2,True,0,-1,25
4160,3,2,True,5,44,12
4201,3,2,True,2,52,8
4318,3,2,True,5,63,14
4494,3,2,True,4,114,25
4520,3,2,True,3,126,18
4788,3,2,True,0,-1,20
5158,3,2,True,8,62,25
5281,3,2,True,5,30,12
5383,3,2,True,5,3,8
5551,3,2,True,2,0,17
5878,3,2,True,3,3,18
5907,3,2,True,0,-1,8
5997,3,2,True,6,3,8
6009,3,2,True,3,62,9
6023,3,2,True,5,3,20
6166,3,2,True,1,70,14
6172,3,2,True,2,10,9
7002,3,2,True,2,380,12
7086,3,2,True,5,106,10
7161,3,2,True,5,12,12
7687,3,2,True,2,68,13
7878,3,2,True,7,135,17
7998,3,2,True,4,142,9
8245,3,2,True,7,114,12
8300,3,2,True,1,3,13
8592,3,2,True,4,10,12
8933,3,2,True,3,56,20
8942,3,2,True,4,3,9
9139,3,2,True,4,56,11
9240,3,2,True,5,226,11
9430,3,2,True,8,52,20
9516,3,2,True,2,3,26
9660,3,2,True,6,473,8
10114,3,2,True,7,126,8
10620,3,2,True,2,294,27
10855,3,2,True,0,-1,12
10950,3,2,True,4,161,12
11252,3,2,True,5,237,10
11793,3,2,True,4,68,17
11970,3,2,True,1,139,17
12158,3,2,True,5,70,20
13477,3,2,True,2,179,17
14285,3,2,True,7,179,18
14492,3,2,True,5,14,9
14568,3,2,True,3,37,24
15632,3,2,True,8,18,16
16296,3,2,True,2,72,24
16382,3,2,True,4,70,18
16610,3,2,True,1,767,23
16718,3,2,True,3,40,9
16746,3,2,True,3,43,17
16858,3,2,True,1,702,2
16955,3,2,True,3,63,18
17170,3,2,True,2,1,5
17345,3,2,True,4,14,25
17385,3,2,True,3,114,28
19372,3,2,True,5,22,12
19540,3,2,True,4,898,18
19665,3,2,True,4,37,24
20553,3,2,True,2,53,27
20621,3,2,True,1,1043,18
21257,3,2,True,3,44,27
21985,3,2,True,6,45,24
23036,3,2,True,4,19,20
23270,3,2,True,6,139,9
23489,3,2,True,4,14,18
24427,3,2,True,3,54,20
24508,3,2,True,3,59,25
24751,3,2,True,3,31,18
25317,3,2,True,4,86,13
26035,3,2,True,6,6,26
26534,3,2,True,5,86,8
26743,3,2,True,4,137,8
26868,3,2,True,5,10,27
27084,3,2,True,4,12,2
27276,3,2,True,8,0,17
27961,3,2,True,2,142,18
28084,3,2,True,4,179,12
28412,3,2,True,4,30,18
28976,3,2,True,4,179,16
29022,3,2,True,4,93,13
29499,3,2,True,2,0,12
30753,3,2,True,7,93,8
31412,3,2,True,4,221,11
32621,3,2,True,3,40,25
33355,3,2,True,5,19,13
33405,3,2,True,4,14,4
34213,3,2,True,5,142,16
35743,3,2,True,3,31,12
36325,3,2,True,0,-1,9
37564,3,2,True,7,161,2
37908,3,2,True,3,68,25
37995,3,2,True,5,114,12
39017,3,2,True,4,10,25
40819,3,2,True,2,26,9
40827,3,2,True,2,51,8
41120,3,2,True,3,20,25
41378,3,2,True,4,161,8
42642,3,2,True,2,126,24
43200,3,2,True,1,105,12
43280,3,2,True,5,26,11
44373,3,2,True,4,31,25
44416,3,2,True,5,0,20
44455,3,2,True,4,31,10
44610,3,2,True,5,58,25
45727,3,2,True,4,58,20
46176,3,2,True,6,72,18
47432,3,2,True,3,48,24
48308,3,2,True,6,35,17
48500,3,2,True,7,237,9
48686,3,2,True,8,10,12
49715,3,2,True,2,179,25
49745,3,2,True,1,30,4
50579,3,2,True,4,142,9
52620,3,2,True,6,35,9
54382,3,2,True,4,93,18
56189,3,2,True,4,166,18
56623,3,2,True,5,56,27
58265,3,2,True,6,73,25
61400,3,2,True,5,673,8
64263,3,2,True,3,68,18
64612,3,2,True,4,18,12
67655,3,2,True,3,245,9
466,3,1,False,1,286,8
2691,3,1,False,3,97,24
4167,3,1,False,3,3,2
4759,3,1,False,3,59,24
8632,3,1,False,2,0,5
10603,3,1,False,4,68,11
10763,3,1,False,4,166,18
15386,3,1,False,2,105,9
20370,3,1,False,3,12,4
20792,3,1,False,3,22,8
21331,3,1,False,4,86,19
23472,3,1,False,4,3,14
26088,3,1,False,6,43,17
32500,3,1,False,3,126,9
34989,3,1,False,7,70,9
35834,3,1,False,3,10,9
36764,3,1,False,5,161,13
38967,3,1,False,0,-1,8
44475,3,1,False,4,7,5
44489,3,1,False,5,126,24
44712,3,1,False,5,139,20
46750,3,1,False,2,2088,9
50764,3,1,False,4,2208,28
57891,3,1,False,3,22,8
58367,3,1,False,2,2501,12
58600,3,1,False,5,40,18
59712,3,1,False,3,86,25
60070,3,1,False,2,74,9
60632,3,1,False,6,18,9
60750,3,1,False,2,2604,18
63587,3,1,False,4,126,9
66392,3,1,False,2,2869,12
66681,3,1,False,5,2871,9
1,2,2,True,3,62,3
16,2,2,True,3,161,4
41,2,2,True,4,10,3
51,2,2,True,4,3,8
68,2,2,True,1,683,9
81,2,2,True,4,25,18
100,2,2,True,2,17,8
101,2,2,True,1,17,18
108,2,2,True,2,3,14
110,2,2,True,0,-1,9
113,2,2,True,4,19,18
116,2,2,True,2,20,8
120,2,2,True,2,3,20
125,2,2,True,2,0,20
126,2,2,True,1,62,28
132,2,2,True,1,23,24
137,2,2,True,4,12,9
140,2,2,True,0,-1,24
146,2,2,True,4,3,16
189,2,2,True,1,54,12
238,2,2,True,2,38,12
268,2,2,True,3,126,27
286,2,2,True,4,19,9
287,2,2,True,2,43,9
296,2,2,True,5,3,12
304,2,2,True,3,25,12
338,2,2,True,2,2,18
350,2,2,True,1,2873,25
363,2,2,True,1,164,9
400,2,2,True,2,1,12
419,2,2,True,1,86,12
460,2,2,True,1,58,18
488,2,2,True,2,7,20
492,2,2,True,5,3,11
495,2,2,True,0,-1,14
508,2,2,True,4,25,12
511,2,2,True,5,52,25
565,2,2,True,4,62,5
572,2,2,True,3,80,2
583,2,2,True,1,618,12
585,2,2,True,5,27,20
586,2,2,True,3,27,12
594,2,2,True,2,3,8
597,2,2,True,0,-1,18
598,2,2,True,3,43,12
606,2,2,True,0,-1,9
624,2,2,True,4,3,11
640,2,2,True,4,53,5
648,2,2,True,5,18,23
664,2,2,True,4,62,12
667,2,2,True,3,70,8
670,2,2,True,1,71,9
678,2,2,True,0,-1,19
684,2,2,True,1,3,27
685,2,2,True,3,73,9
690,2,2,True,3,74,25
693,2,2,True,2,75,20
717,2,2,True,3,3,13
729,2,2,True,2,70,12
740,2,2,True,1,72,9
741,2,2,True,2,72,1
759,2,2,True,1,15,18
766,2,2,True,1,114,27
779,2,2,True,4,58,16
792,2,2,True,2,72,12
820,2,2,True,1,85,17
859,2,2,True,0,-1,18
865,2,2,True,2,88,18
870,2,2,True,3,3,18
879,2,2,True,3,90,10
896,2,2,True,3,91,13
901,2,2,True,2,179,18
920,2,2,True,1,94,5
949,2,2,True,2,3,24
963,2,2,True,4,56,25
967,2,2,True,0,-1,13
971,2,2,True,3,3,27
984,2,2,True,5,3,2
1016,2,2,True,3,14,2
1020,2,2,True,4,48,12
1035,2,2,True,5,31,4
1040,2,2,True,3,3,12
1041,2,2,True,3,3,8
1055,2,2,True,0,-1,4
1060,2,2,True,0,-1,25
1073,2,2,True,0,-1,20
1075,2,2,True,2,126,14
1077,2,2,True,2,105,13
1093,2,2,True,3,114,13
1124,2,2,True,2,179,18
1138,2,2,True,3,3,5
1172,2,2,True,3,12,12
1176,2,2,True,4,44,11
1183,2,2,True,0,-1,18
1185,2,2,True,4,23,26
1202,2,2,True,0,-1,18
1216,2,2,True,3,63,12
1228,2,2,True,0,-1,8
1245,2,2,True,3,135,5
1246,2,2,True,1,73,18
1253,2,2,True,4,30,5
1258,2,2,True,1,1007,26
1259,2,2,True,2,35,9
1262,2,2,True,0,-1,12
1272,2,2,True,5,111,12
1280,2,2,True,1,113,13
1298,2,2,True,1,1407,25
1319,2,2,True,5,48,12
1330,2,2,True,2,106,8
1340,2,2,True,4,115,18
1343,2,2,True,1,116,27
1346,2,2,True,0,-1,9
1347,2,2,True,4,10,11
1381,2,2,True,2,26,25
1398,2,2,True,3,62,16
1414,2,2,True,3,3,8
1416,2,2,True,5,3,8
1417,2,2,True,4,56,18
1437,2,2,True,2,3,8
1447,2,2,True,4,56,24
1479,2,2,True,2,124,12
1496,2,2,True,1,1973,20
1497,2,2,True,4,25,4
1505,2,2,True,2,95,27
1511,2,2,True,2,16,16
1533,2,2,True,2,1106,18
1535,2,2,True,3,19,17
1561,2,2,True,3,54,8
1570,2,2,True,3,3,21
1580,2,2,True,2,128,13
1594,2,2,True,3,126,24
1615,2,2,True,4,44,25
1625,2,2,True,5,86,5
1637,2,2,True,3,86,20
1656,2,2,True,1,166,20
1672,2,2,True,1,134,11
1678,2,2,True,3,3,5
1702,2,2,True,3,56,18
1708,2,2,True,0,-1,12
1741,2,2,True,4,62,8
1743,2,2,True,0,-1,8
1746,2,2,True,2,25,12
1758,2,2,True,1,2121,16
1776,2,2,True,0,-1,25
1778,2,2,True,3,56,5
1820,2,2,True,0,-1,5
1828,2,2,True,2,2,12
1842,2,2,True,1,105,3
1851,2,2,True,3,72,5
1864,2,2,True,1,145,18
1867,2,2,True,3,3,9
1878,2,2,True,5,44,9
1905,2,2,True,4,80,15
1924,2,2,True,3,3,9
1927,2,2,True,3,68,18
1947,2,2,True,2,37,12
1956,2,2,True,5,22,26
1962,2,2,True,3,3,9
1965,2,2,True,2,10,13
1970,2,2,True,5,35,4
1992,2,2,True,2,2747,18
1994,2,2,True,2,2756,8
2007,2,2,True,2,3,18
2019,2,2,True,3,2,5
2065,2,2,True,2,3,18
2075,2,2,True,3,62,24
2086,2,2,True,3,80,28
2099,2,2,True,1,160,9
2115,2,2,True,3,237,12
2117,2,2,True,1,202,17
2132,2,2,True,3,237,24
2136,2,2,True,2,161,5
2139,2,2,True,3,16,9
2159,2,2,True,1,19,18
2203,2,2,True,6,106,11
2226,2,2,True,4,2,26
2240,2,2,True,6,3,18
2266,2,2,True,5,166,1
2277,2,2,True,5,45,9
2279,2,2,True,4,45,18
2281,2,2,True,2,168,20
2287,2,2,True,1,74,12
2297,2,2,True,1,1,4
2314,2,2,True,2,62,16
2316,2,2,True,4,3,17
2332,2,2,True,5,10,18
2335,2,2,True,1,166,9
2338,2,2,True,0,-1,18
2351,2,2,True,3,86,5
2380,2,2,True,4,19,2
2412,2,2,True,4,3,24
2430,2,2,True,6,10,12
2442,2,2,True,2,14,27
2446,2,2,True,2,137,18
2470,2,2,True,3,51,18
2483,2,2,True,3,68,20
2514,2,2,True,2,817,12
2518,2,2,True,5,237,17
2522,2,2,True,4,86,4
2572,2,2,True,4,177,1
2582,2,2,True,0,-1,17
2603,2,2,True,3,3,12
2624,2,2,True,3,93,13
2627,2,2,True,4,54,5
2630,2,2,True,2,43,20
2647,2,2,True,1,53,20
2664,2,2,True,0,-1,4
2677,2,2,True,0,-1,12
2702,2,2,True,3,3,5
2709,2,2,True,2,3,8
2726,2,2,True,5,40,16
2741,2,2,True,2,3,12
2743,2,2,True,2,187,12
2747,2,2,True,2,3,28
2753,2,2,True,5,14,18
2759,2,2,True,1,12,25
2798,2,2,True,4,64,20
2811,2,2,True,1,191,18
2822,2,2,True,0,-1,9
2826,2,2,True,1,192,18
2843,2,2,True,4,86,12
2848,2,2,True,2,195,20
2860,2,2,True,2,3,20
2888,2,2,True,4,59,18
2898,2,2,True,3,72,20
2905,2,2,True,3,70,12
2909,2,2,True,3,161,12
2915,2,2,True,3,93,17
2935,2,2,True,1,3,18
2939,2,2,True,1,2574,12
2953,2,2,True,2,202,17
2957,2,2,True,3,3,6
2959,2,2,True,4,54,17
3022,2,2,True,1,205,27
3023,2,2,True,2,205,12
3024,2,2,True,1,3,26
3044,2,2,True,1,105,2
3048,2,2,True,1,86,12
3051,2,2,True,3,12,12
3073,2,2,True,3,31,12
3077,2,2,True,6,12,20
3097,2,2,True,1,3,4
3105,2,2,True,3,2,8
3110,2,2,True,2,95,11
3125,2,2,True,2,35,18
3126,2,2,True,1,35,18
3132,2,2,True,2,12,1
3134,2,2,True,1,2475,11
3168,2,2,True,2,213,5
3173,2,2,True,3,95,25
3181,2,2,True,1,3,18
3182,2,2,True,2,12,12
3206,2,2,True,3,237,9
3210,2,2,True,4,105,18
3211,2,2,True,2,105,18
3228,2,2,True,0,-1,20
3234,2,2,True,3,27,12
3244,2,2,True,0,-1,8
3269,2,2,True,2,3,20
3274,2,2,True,3,3,2
3306,2,2,True,3,53,20
3313,2,2,True,2,35,11
3344,2,2,True,1,35,2
3345,2,2,True,3,35,9
3346,2,2,True,2,2272,13
3352,2,2,True,2,3,24
3365,2,2,True,2,14,18
3376,2,2,True,3,218,20
3435,2,2,True,1,2582,12
3456,2,2,True,5,3,28
3463,2,2,True,3,97,24
3467,2,2,True,2,35,18
3469,2,2,True,1,691,12
3476,2,2,True,5,80,24
3481,2,2,True,1,56,25
3483,2,2,True,3,161,18
3494,2,2,True,0,-1,12
3496,2,2,True,3,52,5
3499,2,2,True,3,3,24
3509,2,2,True,2,3,12
3516,2,2,True,3,63,17
3520,2,2,True,2,10,28
3532,2,2,True,4,97,9
3533,2,2,True,5,97,19
3534,2,2,True,0,-1,5
3540,2,2,True,1,3,17
3542,2,2,True,3,105,2
3560,2,2,True,2,70,12
3563,2,2,True,5,12,10
3570,2,2,True,3,166,18
3571,2,2,True,1,179,4
3578,2,2,True,2,3,12
3595,2,2,True,3,228,24
3606,2,2,True,1,56,18
3612,2,2,True,3,229,5
3637,2,2,True,0,-1,9
3656,2,2,True,2,2711,2
3659,2,2,True,1,179,24
3676,2,2,True,4,44,12
3680,2,2,True,5,114,18
3685,2,2,True,0,-1,9
3687,2,2,True,1,1197,12
3732,2,2,True,2,3,18
3738,2,2,True,2,27,18
3739,2,2,True,3,12,4
3751,2,2,True,4,30,20
3767,2,2,True,4,114,4
3794,2,2,True,4,19,1
3806,2,2,True,3,3,12
3834,2,2,True,4,74,12
3839,2,2,True,3,23,24
3846,2,2,True,5,70,20
3861,2,2,True,5,22,17
3873,2,2,True,4,135,12
3910,2,2,True,1,54,22
3924,2,2,True,3,62,21
3937,2,2,True,2,10,11
3942,2,2,True,0,-1,16
3964,2,2,True,0,-1,12
3966,2,2,True,1,3,9
3970,2,2,True,1,179,13
3982,2,2,True,4,10,5
3983,2,2,True,5,10,5
3985,2,2,True,4,10,26
3988,2,2,True,4,2,12
3992,2,2,True,3,114,18
3995,2,2,True,4,37,13
4000,2,2,True,4,30,19
4001,2,2,True,3,30,4
4011,2,2,True,0,-1,18
4050,2,2,True,3,93,1
4071,2,2,True,0,-1,19
4103,2,2,True,4,14,18
4111,2,2,True,2,3,24
4134,2,2,True,1,3,4
4145,2,2,True,2,3,12
4150,2,2,True,5,166,18
4171,2,2,True,2,58,5
4172,2,2,True,1,126,8
4193,2,2,True,3,62,5
4249,2,2,True,0,-1,18
4263,2,2,True,2,255,5
4293,2,2,True,2,52,17
4299,2,2,True,2,3,4
4312,2,2,True,3,2,11
4320,2,2,True,3,3,20
4329,2,2,True,4,53,8
4354,2,2,True,4,3,26
4379,2,2,True,5,86,12
4381,2,2,True,5,3,8
4413,2,2,True,1,3,20
4414,2,2,True,3,23,21
4420,2,2,True,1,179,18
4430,2,2,True,2,40,17
4439,2,2,True,4,3,14
4440,2,2,True,1,1022,3
4448,2,2,True,3,37,18
4467,2,2,True,2,10,9
4490,2,2,True,2,259,25
4525,2,2,True,0,-1,20
4529,2,2,True,1,1369,2
4535,2,2,True,3,3,24
4556,2,2,True,4,56,18
4561,2,2,True,5,22,8
4566,2,2,True,2,68,9
4569,2,2,True,5,10,12
4574,2,2,True,3,3,24
4576,2,2,True,2,2,15
4578,2,2,True,1,586,11
4621,2,2,True,3,264,28
4630,2,2,True,4,40,17
4635,2,2,True,4,105,13
4637,2,2,True,3,45,12
4659,2,2,True,4,266,2
4674,2,2,True,4,16,24
4701,2,2,True,0,-1,18
4707,2,2,True,3,20,9
4748,2,2,True,3,56,18
4774,2,2,True,1,23,24
4828,2,2,True,1,10,9
4889,2,2,True,4,80,17
4898,2,2,True,3,3,13
4903,2,2,True,2,53,12
4910,2,2,True,2,3,3
4933,2,2,True,3,43,25
4940,2,2,True,4,80,26
4950,2,2,True,2,26,17
4967,2,2,True,0,-1,17
4971,2,2,True,2,620,5
4978,2,2,True,2,68,25
4983,2,2,True,0,-1,5
5005,2,2,True,6,10,12
5010,2,2,True,1,27,5
5011,2,2,True,2,27,12
5022,2,2,True,4,19,18
5046,2,2,True,4,288,26
5060,2,2,True,0,-1,12
5085,2,2,True,3,30,18
5107,2,2,True,2,293,12
5126,2,2,True,1,295,11
5131,2,2,True,3,3,11
5150,2,2,True,1,297,18
5152,2,2,True,3,2162,2
5154,2,2,True,4,62,18
5203,2,2,True,2,114,12
5215,2,2,True,3,2757,24
5225,2,2,True,2,44,8
5243,2,2,True,1,3,2
5254,2,2,True,3,302,5
5262,2,2,True,2,19,24
5293,2,2,True,1,64,9
5320,2,2,True,6,106,22
5331,2,2,True,5,135,19
5337,2,2,True,4,114,6
5355,2,2,True,4,31,28
5363,2,2,True,2,3,12
5368,2,2,True,2,14,18
5390,2,2,True,3,40,1
5415,2,2,True,1,313,9
5422,2,2,True,1,2860,22
5429,2,2,True,5,3,5
5442,2,2,True,1,3,12
5458,2,2,True,4,3,18
5463,2,2,True,3,72,13
5496,2,2,True,2,316,18
5506,2,2,True,3,105,2
5543,2,2,True,4,3,26
5554,2,2,True,0,-1,24
5561,2,2,True,4,58,18
5565,2,2,True,5,64,9
5569,2,2,True,1,319,27
5586,2,2,True,2,53,24
5596,2,2,True,1,7,18
5604,2,2,True,1,320,12
5609,2,2,True,5,56,12
5633,2,2,True,0,-1,18
5636,2,2,True,1,323,18
5643,2,2,True,1,63,18
5645,2,2,True,6,161,5
5666,2,2,True,3,30,17
5709,2,2,True,4,16,24
5710,2,2,True,3,329,18
5715,2,2,True,1,330,25
5728,2,2,True,1,3,24
5732,2,2,True,0,-1,9
5752,2,2,True,1,2088,5
5753,2,2,True,1,62,24
5759,2,2,True,4,3,21
5783,2,2,True,2,68,4
5806,2,2,True,3,0,17
5814,2,2,True,1,1024,18
5827,2,2,True,0,-1,9
5828,2,2,True,0,-1,12
5840,2,2,True,4,43,18
5857,2,2,True,3,3,24
5879,2,2,True,3,3,12
5881,2,2,True,0,-1,11
5886,2,2,True,3,27,18
5893,2,2,True,3,105,12
5901,2,2,True,3,3,8
5909,2,2,True,5,62,12
5914,2,2,True,3,10,9
5925,2,2,True,2,1709,17
5950,2,2,True,2,62,20
5951,2,2,True,1,2554,12
5968,2,2,True,3,3,26
6012,2,2,True,1,338,17
6017,2,2,True,2,3,4
6028,2,2,True,1,80,9
6032,2,2,True,1,341,2
6050,2,2,True,4,64,19
6056,2,2,True,2,10,11
6061,2,2,True,2,56,11
6063,2,2,True,2,344,17
6096,2,2,True,6,10,20
6111,2,2,True,5,18,9
6112,2,2,True,5,18,9
6125,2,2,True,1,346,24
6134,2,2,True,2,44,28
6142,2,2,True,4,3,25
6176,2,2,True,3,2,4
6186,2,2,True,4,53,18
6193,2,2,True,0,-1,12
6196,2,2,True,1,10,25
6212,2,2,True,3,161,18
6257,2,2,True,2,3,28
6277,2,2,True,2,14,17
6282,2,2,True,3,86,4
6289,2,2,True,1,3,18
6338,2,2,True,6,54,20
6369,2,2,True,2,12,2
6390,2,2,True,0,-1,4
6395,2,2,True,2,59,18
6402,2,2,True,1,135,20
6406,2,2,True,1,3,18
6413,2,2,True,1,863,10
6447,2,2,True,3,135,4
6448,2,2,True,1,359,5
6451,2,2,True,2,360,27
6457,2,2,True,1,126,19
6473,2,2,True,5,68,4
6476,2,2,True,1,589,12
6485,2,2,True,5,161,12
6486,2,2,True,0,-1,18
6489,2,2,True,1,20,9
6511,2,2,True,3,52,18
6549,2,2,True,2,12,9
6551,2,2,True,2,573,12
6552,2,2,True,4,62,5
6555,2,2,True,2,363,14
6564,2,2,True,2,51,12
6573,2,2,True,2,74,12
6578,2,2,True,2,294,8
6590,2,2,True,2,31,9
6628,2,2,True,2,25,16
6638,2,2,True,3,62,5
6648,2,2,True,3,28,4
6650,2,2,True,0,-1,20
6661,2,2,True,1,521,24
6672,2,2,True,1,161,18
6702,2,2,True,4,3,12
6727,2,2,True,3,3,12
6734,2,2,True,3,52,26
6735,2,2,True,1,52,25
6736,2,2,True,0,-1,8
6738,2,2,True,2,48,24
6757,2,2,True,2,86,10
6770,2,2,True,4,56,19
6798,2,2,True,0,-1,12
6799,2,2,True,3,18,18
6823,2,2,True,4,3,12
6844,2,2,True,2,23,5
6858,2,2,True,3,139,25
6883,2,2,True,3,3,20
6889,2,2,True,3,3,22
6915,2,2,True,5,62,12
6927,2,2,True,3,105,12
6933,2,2,True,2,2,17
6934,2,2,True,2,86,26
6948,2,2,True,3,294,28
6955,2,2,True,3,31,4
6967,2,2,True,5,12,5
6977,2,2,True,0,-1,20
6990,2,2,True,4,3,1
6995,2,2,True,1,3,20
7042,2,2,True,1,3,14
7070,2,2,True,2,384,5
7080,2,2,True,2,3,12
7112,2,2,True,3,386,28
7117,2,2,True,5,3,20
7119,2,2,True,5,3,12
7136,2,2,True,2,114,13
7144,2,2,True,4,72,20
7145,2,2,True,5,72,4
7164,2,2,True,3,388,14
7176,2,2,True,1,3,21
7181,2,2,True,3,3,27
7202,2,2,True,3,51,12
7203,2,2,True,3,51,9
7206,2,2,True,5,3,10
7212,2,2,True,2,3,3
7213,2,2,True,2,105,13
7218,2,2,True,2,35,18
7239,2,2,True,1,2432,5
7294,2,2,True,2,3,20
7310,2,2,True,3,3,27
7320,2,2,True,0,-1,28
7331,2,2,True,4,80,8
7351,2,2,True,2,179,7
7376,2,2,True,2,114,17
7391,2,2,True,1,1080,13
7394,2,2,True,4,62,1
7401,2,2,True,4,3,28
7402,2,2,True,4,3,28
7425,2,2,True,0,-1,5
7426,2,2,True,1,394,20
7439,2,2,True,1,19,8
7472,2,2,True,2,3,14
7478,2,2,True,2,3,17
7506,2,2,True,1,2634,14
7512,2,2,True,0,-1,4
7514,2,2,True,2,3,4
7521,2,2,True,2,56,4
7523,2,2,True,1,3,5
7529,2,2,True,4,7,19
7556,2,2,True,2,0,10
7612,2,2,True,1,3,12
7639,2,2,True,6,31,28
7660,2,2,True,2,12,12
7685,2,2,True,2,54,20
7692,2,2,True,1,3,26
7720,2,2,True,1,59,20
7728,2,2,True,2,25,9
7749,2,2,True,2,114,20
7781,2,2,True,2,72,20
7784,2,2,True,2,114,4
7789,2,2,True,5,3,18
7808,2,2,True,1,1843,9
7830,2,2,True,4,64,2
7868,2,2,True,0,-1,9
7885,2,2,True,0,-1,6
7915,2,2,True,3,59,13
7921,2,2,True,4,3,2
7923,2,2,True,4,3,2
7927,2,2,True,6,164,13
7934,2,2,True,1,3,28
7992,2,2,True,3,3,5
8006,2,2,True,2,62,12
8020,2,2,True,3,126,24
8024,2,2,True,3,111,12
8038,2,2,True,4,164,12
8043,2,2,True,3,70,18
8062,2,2,True,4,40,18
8068,2,2,True,4,63,8
8077,2,2,True,6,37,12
8100,2,2,True,5,1,18
8122,2,2,True,3,415,8
8132,2,2,True,2,1,12
8137,2,2,True,2,62,18
8150,2,2,True,5,51,9
8200,2,2,True,6,53,18
8207,2,2,True,3,3,13
8212,2,2,True,4,2,8
8216,2,2,True,2,636,27
8221,2,2,True,4,19,4
8244,2,2,True,4,114,14
8257,2,2,True,0,-1,9
8264,2,2,True,6,3,18
8293,2,2,True,3,68,18
8309,2,2,True,3,95,25
8310,2,2,True,3,95,25
8320,2,2,True,0,-1,12
8321,2,2,True,0,-1,12
8370,2,2,True,4,161,4
8374,2,2,True,1,106,28
8383,2,2,True,5,63,13
8402,2,2,True,4,106,19
8408,2,2,True,1,3,12
8418,2,2,True,3,3,17
8423,2,2,True,3,74,24
8451,2,2,True,4,3,9
8460,2,2,True,2,3,2
8475,2,2,True,4,139,17
8483,2,2,True,3,126,17
8500,2,2,True,1,3,18
8501,2,2,True,3,30,12
8502,2,2,True,2,3,5
8538,2,2,True,3,14,24
8542,2,2,True,3,3,13
8576,2,2,True,2,3,14
8587,2,2,True,2,0,26
8626,2,2,True,1,427,5
8661,2,2,True,2,26,12
8675,2,2,True,4,93,9
8683,2,2,True,2,73,11
8691,2,2,True,3,3,13
8710,2,2,True,3,31,12
8730,2,2,True,2,51,9
8743,2,2,True,2,2794,18
8760,2,2,True,5,51,11
8765,2,2,True,2,114,12
8773,2,2,True,3,3,8
8852,2,2,True,4,25,8
8864,2,2,True,1,137,2
8867,2,2,True,0,-1,12
8902,2,2,True,2,3,18
8908,2,2,True,4,166,4
8936,2,2,True,5,3,4
8966,2,2,True,4,62,10
8970,2,2,True,3,114,16
8976,2,2,True,3,3,9
8977,2,2,True,3,3,9
8978,2,2,True,3,3,9
9024,2,2,True,0,-1,12
9032,2,2,True,1,3,18
9041,2,2,True,3,19,18
9047,2,2,True,4,3,25
9059,2,2,True,1,2413,18
9061,2,2,True,2,2251,11
9090,2,2,True,3,97,12
9099,2,2,True,0,-1,4
9112,2,2,True,1,447,13
9115,2,2,True,0,-1,18
9119,2,2,True,3,3,18
9127,2,2,True,2,3,11
9142,2,2,True,2,1,15
9145,2,2,True,2,3,4
9170,2,2,True,3,449,25
9196,2,2,True,4,80,5
9217,2,2,True,0,-1,12
9218,2,2,True,3,62,12
9225,2,2,True,4,62,9
9227,2,2,True,5,62,18
9263,2,2,True,2,294,8
9271,2,2,True,2,164,24
9311,2,2,True,5,44,18
9324,2,2,True,4,72,12
9356,2,2,True,1,456,3
9363,2,2,True,1,3,8
9364,2,2,True,3,166,25
9366,2,2,True,0,-1,12
9393,2,2,True,3,12,12
9397,2,2,True,2,64,8
9401,2,2,True,3,161,11
9422,2,2,True,2,3,18
9444,2,2,True,1,3,24
9447,2,2,True,5,86,11
9473,2,2,True,2,459,11
9476,2,2,True,3,460,9
9486,2,2,True,3,3,12
9522,2,2,True,3,464,12
9525,2,2,True,3,0,18
9554,2,2,True,0,-1,25
9562,2,2,True,3,3,18
9590,2,2,True,5,114,8
9598,2,2,True,1,469,12
9621,2,2,True,1,470,4
9622,2,2,True,2,470,4
9646,2,2,True,1,602,12
9647,2,2,True,2,3,20
9655,2,2,True,3,64,4
9658,2,2,True,2,473,4
9677,2,2,True,0,-1,9
9682,2,2,True,1,56,12
9693,2,2,True,0,-1,5
9700,2,2,True,4,74,12
9704,2,2,True,4,86,5
9712,2,2,True,4,3,12
9723,2,2,True,3,142,18
9724,2,2,True,3,166,27
9731,2,2,True,1,62,18
9732,2,2,True,2,62,12
9735,2,2,True,6,56,12
9745,2,2,True,3,3,26
9763,2,2,True,2,3,12
9793,2,2,True,3,114,5
9808,2,2,True,2,86,12
9831,2,2,True,3,95,17
9837,2,2,True,4,56,25
9844,2,2,True,0,-1,20
9845,2,2,True,4,139,12
9852,2,2,True,4,70,4
9883,2,2,True,4,294,18
9887,2,2,True,1,689,12
9907,2,2,True,0,-1,18
9937,2,2,True,2,3,5
9955,2,2,True,4,481,6
9978,2,2,True,4,3,6
10013,2,2,True,2,2397,20
10018,2,2,True,2,482,8
10028,2,2,True,3,483,4
10040,2,2,True,5,70,18
10046,2,2,True,1,484,18
10050,2,2,True,4,237,18
10052,2,2,True,1,485,2
10071,2,2,True,3,3,18
10085,2,2,True,0,-1,8
10089,2,2,True,4,489,1
10099,2,2,True,5,31,9
10112,2,2,True,2,126,8
10119,2,2,True,1,512,17
10122,2,2,True,1,70,20
10126,2,2,True,4,221,25
10198,2,2,True,2,3,12
10216,2,2,True,2,52,25
10227,2,2,True,3,495,12
10230,2,2,True,2,73,12
10232,2,2,True,0,-1,24
10253,2,2,True,0,-1,5
10262,2,2,True,2,1630,8
10273,2,2,True,2,14,20
10279,2,2,True,1,497,4
10283,2,2,True,2,498,12
10299,2,2,True,1,1243,27
10308,2,2,True,4,54,13
10313,2,2,True,0,-1,12
10321,2,2,True,0,-1,18
10326,2,2,True,0,-1,4
10330,2,2,True,1,2053,4
10378,2,2,True,2,63,25
10390,2,2,True,1,502,1
10395,2,2,True,4,3,9
10409,2,2,True,0,-1,11
10425,2,2,True,1,1672,2
10433,2,2,True,3,1,18
10438,2,2,True,3,114,17
10441,2,2,True,2,56,24
10463,2,2,True,3,70,4
10467,2,2,True,4,31,9
10478,2,2,True,3,3,12
10496,2,2,True,1,7,18
10517,2,2,True,1,1724,18
10536,2,2,True,1,56,18
10548,2,2,True,4,68,21
10558,2,2,True,4,62,11
10563,2,2,True,3,142,18
10570,2,2,True,4,161,13
10572,2,2,True,4,27,20
10576,2,2,True,3,508,18
10590,2,2,True,4,30,14
10628,2,2,True,2,6,11
10636,2,2,True,1,815,28
10637,2,2,True,3,31,2
10641,2,2,True,1,2,18
10656,2,2,True,1,2128,12
10669,2,2,True,3,6,13
10687,2,2,True,1,510,21
10691,2,2,True,4,12,24
10728,2,2,True,1,1,9
10731,2,2,True,2,2140,17
10735,2,2,True,3,53,5
10738,2,2,True,5,142,6
10759,2,2,True,1,18,27
10769,2,2,True,4,35,5
10805,2,2,True,2,43,5
10806,2,2,True,3,43,20
10809,2,2,True,5,43,20
10835,2,2,True,0,-1,8
10837,2,2,True,3,53,18
10844,2,2,True,0,-1,4
10880,2,2,True,1,97,9
10889,2,2,True,1,294,2
10897,2,2,True,0,-1,5
10909,2,2,True,0,-1,19
10940,2,2,True,1,520,9
10955,2,2,True,5,166,18
10976,2,2,True,3,126,20
10983,2,2,True,5,68,17
10985,2,2,True,3,68,12
10998,2,2,True,2,12,8
11005,2,2,True,2,294,17
11010,2,2,True,3,3,6
11060,2,2,True,4,142,3
11071,2,2,True,1,533,4
11073,2,2,True,2,1417,24
11085,2,2,True,4,23,18
11086,2,2,True,3,23,18
11089,2,2,True,1,19,12
11109,2,2,True,2,20,10
11117,2,2,True,4,62,25
11128,2,2,True,2,114,15
11147,2,2,True,3,44,9
11168,2,2,True,4,45,18
11184,2,2,True,3,114,8
11203,2,2,True,3,51,17
11210,2,2,True,3,6,5
11211,2,2,True,4,16,12
11230,2,2,True,1,6,13
11243,2,2,True,2,2089,4
11245,2,2,True,3,45,9
11254,2,2,True,3,237,10
11264,2,2,True,1,31,18
11284,2,2,True,0,-1,12
11299,2,2,True,4,70,19
11334,2,2,True,4,12,12
11349,2,2,True,2,12,28
11352,2,2,True,6,142,12
11357,2,2,True,3,25,19
11372,2,2,True,3,19,17
11388,2,2,True,2,2871,12
11398,2,2,True,5,18,12
11419,2,2,True,4,166,9
11434,2,2,True,2,86,4
11437,2,2,True,5,58,2
11465,2,2,True,2,28,28
11495,2,2,True,3,62,12
11514,2,2,True,2,555,4
11521,2,2,True,2,166,18
11524,2,2,True,2,64,28
11526,2,2,True,2,40,13
11538,2,2,True,3,1325,20
11555,2,2,True,1,31,21
11558,2,2,True,2,135,17
11564,2,2,True,2,37,5
11567,2,2,True,5,1,4
11570,2,2,True,3,63,12
11583,2,2,True,3,52,25
11593,2,2,True,5,135,12
11596,2,2,True,1,557,24
11609,2,2,True,5,294,12
11622,2,2,True,0,-1,5
11647,2,2,True,1,44,5
11669,2,2,True,4,95,17
11672,2,2,True,0,-1,24
11676,2,2,True,3,62,18
11684,2,2,True,1,93,18
11697,2,2,True,1,10,27
11701,2,2,True,4,135,12
11702,2,2,True,3,2,4
11732,2,2,True,4,62,8
11743,2,2,True,0,-1,11
11787,2,2,True,1,3,16
11812,2,2,True,6,56,26
11830,2,2,True,1,566,17
11835,2,2,True,3,567,18
11846,2,2,True,1,570,16
11861,2,2,True,2,572,4
11867,2,2,True,2,53,4
11874,2,2,True,4,12,26
11897,2,2,True,3,80,11
11911,2,2,True,3,62,5
11914,2,2,True,3,111,13
11926,2,2,True,4,54,18
11944,2,2,True,3,62,13
11945,2,2,True,3,62,5
11990,2,2,True,0,-1,14
12020,2,2,True,0,-1,16
12022,2,2,True,4,14,8
12024,2,2,True,3,14,9
12055,2,2,True,0,-1,12
12093,2,2,True,4,582,20
12120,2,2,True,4,54,12
12130,2,2,True,2,26,4
12146,2,2,True,4,2,9
12152,2,2,True,1,114,18
12171,2,2,True,1,93,4
12176,2,2,True,0,-1,12
12200,2,2,True,2,62,5
12201,2,2,True,3,62,4
12212,2,2,True,2,221,17
12227,2,2,True,0,-1,4
12253,2,2,True,2,10,10
12273,2,2,True,1,587,18
12276,2,2,True,3,62,12
12277,2,2,True,4,62,12
12278,2,2,True,3,62,12
12301,2,2,True,3,53,8
12302,2,2,True,6,62,24
12305,2,2,True,5,62,11
12309,2,2,True,6,52,9
12315,2,2,True,1,588,18
12323,2,2,True,6,62,20
12346,2,2,True,2,62,11
12351,2,2,True,4,86,18
12366,2,2,True,6,62,24
12380,2,2,True,2,142,26
12385,2,2,True,3,135,8
12394,2,2,True,3,43,13
12397,2,2,True,3,56,12
12403,2,2,True,5,62,17
12426,2,2,True,4,161,10
12431,2,2,True,2,28,12
12434,2,2,True,3,62,5
12437,2,2,True,1,1912,12
12439,2,2,True,0,-1,25
12447,2,2,True,4,48,12
12490,2,2,True,4,63,12
12501,2,2,True,3,62,17
12527,2,2,True,0,-1,12
12552,2,2,True,3,137,15
12563,2,2,True,1,10,25
12581,2,2,True,1,73,12
12583,2,2,True,1,179,13
12584,2,2,True,3,179,13
12588,2,2,True,2,62,11
12594,2,2,True,3,62,11
12601,2,2,True,1,2,13
12610,2,2,True,0,-1,26
12626,2,2,True,4,10,5
12645,2,2,True,4,598,9
12652,2,2,True,0,-1,27
12684,2,2,True,6,62,8
12708,2,2,True,4,3,18
12732,2,2,True,3,179,4
12744,2,2,True,3,86,16
12799,2,2,True,3,114,8
12810,2,2,True,3,105,9
12856,2,2,True,3,18,8
12884,2,2,True,1,608,4
12918,2,2,True,2,59,18
12923,2,2,True,4,10,14
12929,2,2,True,4,62,12
12930,2,2,True,5,62,12
12934,2,2,True,4,62,18
12942,2,2,True,4,111,9
12954,2,2,True,2,19,20
12983,2,2,True,1,1750,8
12995,2,2,True,4,28,9
12996,2,2,True,4,28,9
12997,2,2,True,4,28,9
13009,2,2,True,2,30,18
13016,2,2,True,2,62,12
13017,2,2,True,2,610,27
13020,2,2,True,5,28,11
13047,2,2,True,1,613,12
13049,2,2,True,0,-1,20
13065,2,2,True,0,-1,24
13125,2,2,True,0,-1,20
13151,2,2,True,3,619,12
13155,2,2,True,6,54,14
13181,2,2,True,3,62,8
13190,2,2,True,0,-1,12
13191,2,2,True,3,18,8
13198,2,2,True,1,1640,20
13201,2,2,True,6,62,5
13212,2,2,True,3,135,17
13228,2,2,True,0,-1,16
13245,2,2,True,2,622,4
13247,2,2,True,1,135,28
13268,2,2,True,2,0,17
13274,2,2,True,2,19,12
13303,2,2,True,2,114,9
13324,2,2,True,4,221,24
13331,2,2,True,1,63,8
13352,2,2,True,1,12,12
13388,2,2,True,5,135,5
13395,2,2,True,5,56,12
13396,2,2,True,4,56,5
13398,2,2,True,5,111,9
13403,2,2,True,2,630,9
13450,2,2,True,3,25,12
13458,2,2,True,3,114,12
13459,2,2,True,3,70,9
13504,2,2,True,3,35,12
13533,2,2,True,1,634,12
13550,2,2,True,4,114,12
13577,2,2,True,4,62,8
13593,2,2,True,0,-1,20
13623,2,2,True,1,639,8
13632,2,2,True,0,-1,18
13660,2,2,True,1,135,12
13691,2,2,True,1,95,25
13699,2,2,True,6,3,12
13710,2,2,True,3,54,20
13742,2,2,True,4,37,20
13770,2,2,True,4,62,17
13802,2,2,True,2,64,8
13831,2,2,True,2,62,17
13852,2,2,True,6,62,10
13855,2,2,True,2,12,10
13868,2,2,True,1,646,23
13889,2,2,True,0,-1,18
13900,2,2,True,0,-1,18
13901,2,2,True,2,2020,12
13902,2,2,True,2,19,17
13948,2,2,True,2,651,12
13965,2,2,True,2,54,17
13994,2,2,True,3,3,5
14023,2,2,True,2,74,18
14037,2,2,True,3,114,18
14048,2,2,True,1,1875,24
14051,2,2,True,3,657,24
14055,2,2,True,5,135,25
14078,2,2,True,3,95,12
14149,2,2,True,2,19,18
14157,2,2,True,3,18,14
14162,2,2,True,3,74,9
14174,2,2,True,2,62,25
14180,2,2,True,4,62,9
14187,2,2,True,5,62,24
14202,2,2,True,4,51,12
14250,2,2,True,5,126,25
14253,2,2,True,2,105,13
14264,2,2,True,6,28,12
14345,2,2,True,6,10,18
14355,2,2,True,2,664,12
14356,2,2,True,3,664,12
14358,2,2,True,1,142,18
14360,2,2,True,3,665,24
14364,2,2,True,4,10,12
14368,2,2,True,2,62,12
14374,2,2,True,1,45,18
14378,2,2,True,2,10,14
14398,2,2,True,0,-1,28
14399,2,2,True,2,667,18
14410,2,2,True,3,179,20
14441,2,2,True,1,668,13
14456,2,2,True,1,1544,9
14493,2,2,True,3,19,8
14494,2,2,True,5,19,17
14513,2,2,True,1,16,8
14525,2,2,True,3,106,18
14542,2,2,True,1,27,12
14550,2,2,True,6,40,9
14557,2,2,True,5,86,18
14559,2,2,True,3,12,5
14560,2,2,True,1,62,9
14566,2,2,True,2,674,25
14596,2,2,True,4,56,12
14604,2,2,True,2,62,8
14609,2,2,True,3,62,11
14649,2,2,True,3,25,13
14653,2,2,True,0,-1,20
14684,2,2,True,2,27,20
14688,2,2,True,3,179,8
14689,2,2,True,5,179,27
14713,2,2,True,3,64,20
14720,2,2,True,1,2805,4
14729,2,2,True,3,28,3
14759,2,2,True,3,684,9
14764,2,2,True,1,870,7
14783,2,2,True,2,685,12
14793,2,2,True,2,983,8
14795,2,2,True,0,-1,24
14808,2,2,True,1,687,16
14814,2,2,True,3,62,18
14838,2,2,True,1,93,27
14843,2,2,True,0,-1,4
14873,2,2,True,3,688,12
14885,2,2,True,1,2466,9
14898,2,2,True,2,48,4
14902,2,2,True,1,1791,11
14903,2,2,True,1,1861,20
14919,2,2,True,2,23,12
14925,2,2,True,2,62,18
14942,2,2,True,0,-1,8
14948,2,2,True,3,164,17
14960,2,2,True,2,54,2
14990,2,2,True,3,693,13
15092,2,2,True,0,-1,5
15118,2,2,True,3,97,8
15129,2,2,True,4,63,4
15130,2,2,True,2,1742,22
15163,2,2,True,0,-1,11
15165,2,2,True,5,20,26
15170,2,2,True,1,701,20
15187,2,2,True,1,2209,17
15196,2,2,True,5,53,12
15217,2,2,True,1,703,5
15236,2,2,True,5,179,25
15237,2,2,True,3,44,12
15243,2,2,True,4,14,27
15254,2,2,True,0,-1,28
15325,2,2,True,5,45,20
15328,2,2,True,1,707,8
15332,2,2,True,0,-1,7
15345,2,2,True,4,23,18
15356,2,2,True,3,43,12
15362,2,2,True,3,25,8
15364,2,2,True,3,48,13
15366,2,2,True,3,43,20
15436,2,2,True,5,51,12
15437,2,2,True,3,51,15
15440,2,2,True,3,43,9
15466,2,2,True,5,70,24
15471,2,2,True,3,64,18
15493,2,2,True,2,1,11
15497,2,2,True,4,52,17
15515,2,2,True,3,12,12
15548,2,2,True,2,37,4
15567,2,2,True,3,62,17
15568,2,2,True,4,14,9
15578,2,2,True,3,30,9
15581,2,2,True,1,51,12
15589,2,2,True,0,-1,18
15602,2,2,True,3,161,12
15609,2,2,True,2,142,2
15610,2,2,True,3,142,2
15622,2,2,True,3,179,12
15648,2,2,True,0,-1,28
15650,2,2,True,3,10,27
15654,2,2,True,2,161,13
15699,2,2,True,2,43,8
15714,2,2,True,4,52,11
15718,2,2,True,1,727,18
15727,2,2,True,0,-1,11
15736,2,2,True,1,59,18
15749,2,2,True,2,0,12
15766,2,2,True,4,37,9
15771,2,2,True,2,45,20
15800,2,2,True,3,64,18
15822,2,2,True,5,0,4
15859,2,2,True,5,25,18
15863,2,2,True,1,1233,17
15876,2,2,True,2,111,6
15894,2,2,True,1,22,13
15902,2,2,True,4,48,24
15939,2,2,True,3,137,12
15942,2,2,True,1,12,18
15947,2,2,True,3,53,4
15953,2,2,True,4,14,17
15956,2,2,True,3,142,20
15970,2,2,True,4,1,9
15989,2,2,True,4,43,18
16010,2,2,True,1,54,12
16023,2,2,True,4,179,18
16033,2,2,True,2,53,2
16034,2,2,True,5,53,28
16050,2,2,True,5,70,26
16073,2,2,True,0,-1,13
16075,2,2,True,2,73,12
16089,2,2,True,3,43,9
16112,2,2,True,1,741,12
16123,2,2,True,0,-1,14
16174,2,2,True,4,0,16
16183,2,2,True,2,40,12
16195,2,2,True,2,43,12
16252,2,2,True,3,53,12
16265,2,2,True,2,751,2
16269,2,2,True,1,30,12
16279,2,2,True,1,2736,17
16287,2,2,True,4,19,5
16309,2,2,True,3,166,14
16332,2,2,True,0,-1,18
16375,2,2,True,2,135,20
16401,2,2,True,3,59,2
16402,2,2,True,3,59,2
16436,2,2,True,2,757,5
16493,2,2,True,0,-1,19
16529,2,2,True,4,68,20
16570,2,2,True,2,62,9
16578,2,2,True,3,0,13
16584,2,2,True,2,40,5
16603,2,2,True,5,14,5
16605,2,2,True,3,105,25
16614,2,2,True,0,-1,12
16617,2,2,True,5,80,12
16631,2,2,True,4,1,25
16639,2,2,True,1,2586,12
16688,2,2,True,2,63,12
16694,2,2,True,0,-1,27
16724,2,2,True,1,772,12
16729,2,2,True,5,62,8
16750,2,2,True,4,294,18
16775,2,2,True,2,44,8
16798,2,2,True,3,97,26
16823,2,2,True,1,52,13
16827,2,2,True,2,2,26
16851,2,2,True,2,780,4
16864,2,2,True,5,97,20
16875,2,2,True,2,294,18
16896,2,2,True,3,166,16
16901,2,2,True,1,783,27
16906,2,2,True,0,-1,25
16943,2,2,True,0,-1,9
16950,2,2,True,1,179,5
16961,2,2,True,1,788,8
17023,2,2,True,2,43,5
17037,2,2,True,1,43,8
17039,2,2,True,4,1,12
17062,2,2,True,4,3,12
17076,2,2,True,3,161,24
17090,2,2,True,1,54,18
17095,2,2,True,3,64,12
17143,2,2,True,0,-1,24
17187,2,2,True,2,111,17
17199,2,2,True,1,0,20
17204,2,2,True,4,31,18
17212,2,2,True,1,74,11
17218,2,2,True,2,142,9
17248,2,2,True,2,86,26
17256,2,2,True,3,63,11
17258,2,2,True,3,294,26
17273,2,2,True,6,86,12
17274,2,2,True,5,25,12
17298,2,2,True,2,20,13
17299,2,2,True,4,221,18
17316,2,2,True,2,10,18
17328,2,2,True,2,3,20
17381,2,2,True,1,798,18
17394,2,2,True,5,31,27
17419,2,2,True,5,53,14
17420,2,2,True,2,53,17
17427,2,2,True,0,-1,5
17477,2,2,True,2,804,11
17478,2,2,True,3,804,11
17519,2,2,True,3,19,9
17535,2,2,True,3,7,12
17548,2,2,True,1,2522,12
17550,2,2,True,2,2755,18
17565,2,2,True,4,166,9
17570,2,2,True,1,810,18
17587,2,2,True,2,1,18
17608,2,2,True,3,6,12
17616,2,2,True,5,43,17
17629,2,2,True,4,139,18
17632,2,2,True,3,44,27
17633,2,2,True,1,142,18
17660,2,2,True,2,166,8
17663,2,2,True,1,2418,24
17676,2,2,True,1,12,1
17684,2,2,True,3,3,26
17693,2,2,True,1,59,14
17710,2,2,True,3,0,12
17747,2,2,True,1,3,25
17757,2,2,True,2,294,8
17833,2,2,True,4,1,12
17863,2,2,True,0,-1,11
17880,2,2,True,2,0,12
17883,2,2,True,0,-1,5
17902,2,2,True,2,0,12
17903,2,2,True,2,0,24
17913,2,2,True,3,137,14
17914,2,2,True,4,137,25
17917,2,2,True,2,25,20
17919,2,2,True,2,0,17
17949,2,2,True,1,1232,20
17959,2,2,True,3,1335,11
17992,2,2,True,1,827,3
17996,2,2,True,4,1,2
17997,2,2,True,4,114,24
18072,2,2,True,2,1,17
18089,2,2,True,5,62,17
18123,2,2,True,5,27,2
18124,2,2,True,2,54,9
18164,2,2,True,2,86,23
18168,2,2,True,0,-1,25
18170,2,2,True,2,2,12
18173,2,2,True,3,97,16
18174,2,2,True,0,-1,8
18176,2,2,True,2,114,4
18184,2,2,True,2,995,20
18210,2,2,True,3,74,8
18211,2,2,True,2,74,8
18227,2,2,True,5,12,18
18236,2,2,True,1,2323,9
18239,2,2,True,0,-1,20
18242,2,2,True,1,12,20
18274,2,2,True,1,44,12
18308,2,2,True,6,68,6
18313,2,2,True,2,12,14
18317,2,2,True,4,43,8
18326,2,2,True,3,10,18
18334,2,2,True,1,19,18
18352,2,2,True,4,166,18
18357,2,2,True,5,25,9
18372,2,2,True,4,0,5
18385,2,2,True,3,6,9
18397,2,2,True,3,59,9
18409,2,2,True,3,19,17
18418,2,2,True,4,72,24
18426,2,2,True,1,843,12
18435,2,2,True,0,-1,16
18436,2,2,True,3,3,20
18456,2,2,True,0,-1,16
18478,2,2,True,0,-1,26
18506,2,2,True,3,62,24
18507,2,2,True,1,2577,4
18520,2,2,True,3,161,17
18526,2,2,True,0,-1,24
18527,2,2,True,4,56,5
18528,2,2,True,2,56,25
18532,2,2,True,0,-1,13
18539,2,2,True,4,114,8
18541,2,2,True,4,114,8
18546,2,2,True,0,-1,12
18570,2,2,True,3,31,17
18595,2,2,True,1,6,8
18603,2,2,True,2,2899,26
18621,2,2,True,1,853,24
18672,2,2,True,3,14,8
18682,2,2,True,1,2358,25
18740,2,2,True,3,62,14
18750,2,2,True,3,106,18
18751,2,2,True,3,106,9
18793,2,2,True,1,53,5
18833,2,2,True,1,870,13
18854,2,2,True,3,10,18
18903,2,2,True,3,179,17
18917,2,2,True,3,63,18
18927,2,2,True,1,2350,26
18943,2,2,True,0,-1,24
18949,2,2,True,2,10,13
18960,2,2,True,3,1,5
18968,2,2,True,1,56,5
19003,2,2,True,2,877,9
19004,2,2,True,0,-1,20
19043,2,2,True,2,14,12
19050,2,2,True,0,-1,20
19057,2,2,True,2,43,17
19074,2,2,True,3,31,12
19089,2,2,True,2,25,18
19117,2,2,True,0,-1,8
19132,2,2,True,4,43,18
19149,2,2,True,0,-1,9
19211,2,2,True,1,106,13
19215,2,2,True,5,20,26
19264,2,2,True,2,221,8
19270,2,2,True,3,161,27
19306,2,2,True,1,126,12
19323,2,2,True,4,139,9
19332,2,2,True,3,45,11
19371,2,2,True,5,22,12
19393,2,2,True,4,0,9
19403,2,2,True,4,37,5
19406,2,2,True,3,70,12
19437,2,2,True,5,51,18
19519,2,2,True,1,896,12
19522,2,2,True,3,1,4
19557,2,2,True,0,-1,24
19560,2,2,True,5,48,4
19564,2,2,True,1,2532,10
19570,2,2,True,3,114,18
19578,2,2,True,1,31,4
19585,2,2,True,2,900,20
19630,2,2,True,4,0,20
19652,2,2,True,2,2374,12
19692,2,2,True,2,97,24
19708,2,2,True,4,22,4
19711,2,2,True,1,1,8
19724,2,2,True,2,907,26
19737,2,2,True,2,142,20
19749,2,2,True,1,910,4
19782,2,2,True,3,126,12
19797,2,2,True,3,63,9
19820,2,2,True,3,25,12
19826,2,2,True,3,1,26
19885,2,2,True,4,25,8
19894,2,2,True,2,2,8
19922,2,2,True,3,70,2
19976,2,2,True,1,1218,9
19977,2,2,True,3,48,13
20012,2,2,True,4,14,17
20025,2,2,True,2,0,5
20039,2,2,True,3,86,9
20042,2,2,True,2,62,12
20061,2,2,True,3,74,24
20062,2,2,True,2,37,12
20094,2,2,True,1,928,25
20101,2,2,True,3,63,17
20130,2,2,True,1,23,5
20139,2,2,True,2,63,17
20141,2,2,True,3,72,17
20167,2,2,True,1,930,9
20202,2,2,True,3,6,9
20215,2,2,True,5,221,4
20217,2,2,True,3,166,3
20278,2,2,True,1,74,20
20294,2,2,True,4,12,10
20307,2,2,True,4,22,13
20313,2,2,True,4,54,12
20314,2,2,True,4,3,6
20324,2,2,True,4,937,1
20346,2,2,True,0,-1,5
20366,2,2,True,3,237,9
20376,2,2,True,3,73,8
20391,2,2,True,2,10,13
20398,2,2,True,2,54,8
20411,2,2,True,2,59,8
20448,2,2,True,1,945,18
20494,2,2,True,0,-1,11
20502,2,2,True,4,86,2
20550,2,2,True,2,106,18
20570,2,2,True,2,25,5
20604,2,2,True,5,950,5
20649,2,2,True,3,37,9
20653,2,2,True,3,179,20
20670,2,2,True,4,68,13
20675,2,2,True,1,10,12
20676,2,2,True,1,59,4
20682,2,2,True,1,954,12
20748,2,2,True,3,86,18
20768,2,2,True,3,73,27
20808,2,2,True,1,962,14
20826,2,2,True,2,161,18
20833,2,2,True,0,-1,27
20849,2,2,True,2,25,15
20853,2,2,True,3,14,16
20857,2,2,True,1,74,18
20869,2,2,True,5,111,11
20876,2,2,True,6,43,18
20891,2,2,True,0,-1,19
20892,2,2,True,5,62,25
20895,2,2,True,4,62,28
20911,2,2,True,2,73,9
20955,2,2,True,3,30,28
20974,2,2,True,4,970,2
21004,2,2,True,4,95,4
21012,2,2,True,3,68,10
21025,2,2,True,2,30,20
21029,2,2,True,4,0,20
21035,2,2,True,5,63,27
21092,2,2,True,0,-1,25
21107,2,2,True,3,25,4
21111,2,2,True,3,25,12
21112,2,2,True,4,18,9
21117,2,2,True,6,56,20
21154,2,2,True,2,28,12
21159,2,2,True,2,135,18
21162,2,2,True,4,27,18
21167,2,2,True,3,51,8
21188,2,2,True,2,25,26
21244,2,2,True,4,105,26
21249,2,2,True,2,981,8
21274,2,2,True,2,2410,12
21276,2,2,True,6,86,12
21304,2,2,True,0,-1,20
21308,2,2,True,4,74,8
21326,2,2,True,4,25,27
21334,2,2,True,0,-1,14
21338,2,2,True,3,72,13
21363,2,2,True,4,25,4
21374,2,2,True,4,80,5
21384,2,2,True,6,56,4
21386,2,2,True,0,-1,12
21392,2,2,True,3,62,17
21405,2,2,True,4,18,18
21437,2,2,True,2,62,18
21445,2,2,True,5,48,28
21446,2,2,True,3,48,3
21448,2,2,True,3,14,25
21451,2,2,True,5,2,12
21469,2,2,True,3,19,12
21495,2,2,True,2,992,17
21500,2,2,True,4,86,5
21516,2,2,True,2,994,8
21520,2,2,True,3,1739,18
21522,2,2,True,2,6,27
21534,2,2,True,1,997,4
21537,2,2,True,2,48,4
21552,2,2,True,2,70,27
21562,2,2,True,3,999,20
21568,2,2,True,2,48,3
21569,2,2,True,1,51,8
21587,2,2,True,2,52,16
21598,2,2,True,2,73,4
21646,2,2,True,3,54,3
21680,2,2,True,3,135,6
21687,2,2,True,3,70,11
21697,2,2,True,6,14,25
21707,2,2,True,3,63,3
21721,2,2,True,0,-1,18
21730,2,2,True,5,106,17
21732,2,2,True,0,-1,27
21746,2,2,True,0,-1,4
21754,2,2,True,1,1006,12
21757,2,2,True,2,44,27
21770,2,2,True,4,51,26
21794,2,2,True,2,106,18
21800,2,2,True,4,22,2
21818,2,2,True,4,161,18
21819,2,2,True,1,22,17
21840,2,2,True,0,-1,10
21851,2,2,True,1,1904,11
21856,2,2,True,3,14,5
21860,2,2,True,1,62,18
21893,2,2,True,2,1011,12
21908,2,2,True,1,2,12
21915,2,2,True,3,74,12
21939,2,2,True,2,30,18
21951,2,2,True,1,25,18
21963,2,2,True,1,1014,3
21983,2,2,True,4,45,24
21986,2,2,True,3,22,25
22031,2,2,True,2,30,12
22060,2,2,True,1,1395,17
22069,2,2,True,1,2647,12
22072,2,2,True,3,2679,10
22102,2,2,True,2,10,24
22104,2,2,True,3,70,12
22113,2,2,True,0,-1,18
22118,2,2,True,3,126,18
22120,2,2,True,3,126,13
22127,2,2,True,2,48,24
22157,2,2,True,3,1264,9
22168,2,2,True,1,1098,13
22191,2,2,True,3,1594,4
22231,2,2,True,1,237,12
22235,2,2,True,3,19,12
22254,2,2,True,4,14,24
22262,2,2,True,4,1031,9
22288,2,2,True,3,166,20
22335,2,2,True,1,2277,9
22343,2,2,True,4,20,20
22355,2,2,True,5,56,24
22360,2,2,True,4,19,4
22404,2,2,True,0,-1,24
22453,2,2,True,3,25,12
22479,2,2,True,2,1183,20
22513,2,2,True,0,-1,12
22543,2,2,True,3,7,12
22560,2,2,True,1,59,18
22569,2,2,True,2,1045,8
22575,2,2,True,1,26,11
22594,2,2,True,2,1047,11
22603,2,2,True,4,51,18
22613,2,2,True,3,37,27
22618,2,2,True,1,114,12
22638,2,2,True,2,106,18
22646,2,2,True,6,25,19
22657,2,2,True,2,137,11
22720,2,2,True,4,6,25
22741,2,2,True,2,56,11
22755,2,2,True,6,86,17
22777,2,2,True,1,1053,11
22785,2,2,True,2,23,9
22789,2,2,True,0,-1,4
22811,2,2,True,2,25,25
22828,2,2,True,4,54,12
22847,2,2,True,1,2,12
22854,2,2,True,1,86,20
22856,2,2,True,4,51,4
22871,2,2,True,3,7,13
22875,2,2,True,4,70,27
22889,2,2,True,1,164,11
22945,2,2,True,1,0,5
22984,2,2,True,3,10,24
23021,2,2,True,5,164,12
23035,2,2,True,3,2390,13
23040,2,2,True,2,72,4
23043,2,2,True,1,2,4
23073,2,2,True,2,63,12
23099,2,2,True,2,105,17
23106,2,2,True,3,70,24
23114,2,2,True,4,6,13
23139,2,2,True,6,80,12
23145,2,2,True,1,48,5
23152,2,2,True,2,114,26
23163,2,2,True,2,1068,12
23192,2,2,True,3,0,20
23207,2,2,True,1,62,9
23225,2,2,True,1,3,12
23253,2,2,True,1,1958,12
23266,2,2,True,1,2,18
23279,2,2,True,2,2,20
23289,2,2,True,4,73,20
23291,2,2,True,2,86,18
23294,2,2,True,3,86,13
23299,2,2,True,2,70,12
23307,2,2,True,1,44,2
23333,2,2,True,5,7,8
23344,2,2,True,2,68,25
23357,2,2,True,1,2190,8
23385,2,2,True,6,137,9
23399,2,2,True,1,59,2
23409,2,2,True,3,2469,18
23461,2,2,True,4,7,4
23463,2,2,True,4,31,17
23504,2,2,True,5,63,12
23507,2,2,True,5,105,13
23605,2,2,True,0,-1,13
23607,2,2,True,5,164,13
23610,2,2,True,2,30,14
23632,2,2,True,2,70,13
23667,2,2,True,1,1094,18
23668,2,2,True,1,1214,21
23669,2,2,True,0,-1,12
23679,2,2,True,4,37,18
23692,2,2,True,2,97,9
23706,2,2,True,1,86,11
23775,2,2,True,2,70,25
23782,2,2,True,1,68,24
23783,2,2,True,4,68,12
23813,2,2,True,4,179,18
23814,2,2,True,5,179,18
23817,2,2,True,0,-1,17
23828,2,2,True,2,1100,2
23853,2,2,True,4,126,8
23856,2,2,True,1,1102,18
23867,2,2,True,4,27,17
23870,2,2,True,3,86,5
23891,2,2,True,1,1105,4
23911,2,2,True,1,2,8
23941,2,2,True,5,114,12
23971,2,2,True,4,62,16
23973,2,2,True,3,86,16
23976,2,2,True,2,1112,19
23977,2,2,True,2,1112,4
23980,2,2,True,3,2,18
23993,2,2,True,6,12,24
24026,2,2,True,3,58,20
24032,2,2,True,4,164,18
24033,2,2,True,2,164,5
24038,2,2,True,4,62,8
24062,2,2,True,4,18,21
24091,2,2,True,2,54,22
24095,2,2,True,5,44,12
24103,2,2,True,2,164,18
24109,2,2,True,1,25,18
24196,2,2,True,5,95,18
24239,2,2,True,1,52,3
24259,2,2,True,3,95,5
24267,2,2,True,0,-1,19
24308,2,2,True,3,114,24
24356,2,2,True,2,70,22
24384,2,2,True,2,1127,4
24410,2,2,True,3,111,8
24433,2,2,True,3,86,18
24449,2,2,True,4,105,9
24454,2,2,True,3,43,18
24459,2,2,True,3,10,8
24463,2,2,True,3,179,14
24476,2,2,True,3,111,8
24498,2,2,True,3,19,12
24574,2,2,True,3,23,2
24580,2,2,True,5,166,24
24591,2,2,True,5,1136,1
24603,2,2,True,5,135,8
24631,2,2,True,2,53,20
24648,2,2,True,3,63,9
24663,2,2,True,2,1137,12
24684,2,2,True,3,37,18
24685,2,2,True,1,37,18
24715,2,2,True,2,1139,21
24726,2,2,True,4,135,26
24746,2,2,True,2,62,10
24770,2,2,True,5,135,4
24787,2,2,True,1,1142,18
24810,2,2,True,1,54,3
24834,2,2,True,1,1143,9
24877,2,2,True,3,51,26
24896,2,2,True,5,63,5
24899,2,2,True,0,-1,9
24912,2,2,True,1,2703,12
24920,2,2,True,2,25,20
24923,2,2,True,0,-1,11
24964,2,2,True,2,63,1
24966,2,2,True,1,2453,24
24969,2,2,True,2,114,26
24970,2,2,True,3,114,26
24987,2,2,True,1,179,8
25033,2,2,True,4,58,17
25037,2,2,True,0,-1,6
25040,2,2,True,2,86,8
25061,2,2,True,4,63,16
25083,2,2,True,4,18,12
25084,2,2,True,3,54,12
25101,2,2,True,2,37,17
25118,2,2,True,5,70,13
25125,2,2,True,4,6,20
25132,2,2,True,4,26,12
25149,2,2,True,4,70,18
25165,2,2,True,3,1158,12
25170,2,2,True,3,16,24
25185,2,2,True,2,135,20
25197,2,2,True,2,10,2
25208,2,2,True,2,54,12
25222,2,2,True,3,114,18
25227,2,2,True,2,1162,12
25234,2,2,True,2,142,8
25235,2,2,True,4,12,17
25241,2,2,True,0,-1,24
25287,2,2,True,5,53,12
25300,2,2,True,3,72,18
25335,2,2,True,3,63,20
25342,2,2,True,1,2534,9
25348,2,2,True,1,54,17
25358,2,2,True,3,63,12
25364,2,2,True,4,111,9
25402,2,2,True,1,2259,26
25453,2,2,True,1,59,12
25471,2,2,True,1,2665,8
25485,2,2,True,0,-1,20
25491,2,2,True,2,111,18
25512,2,2,True,2,18,8
25534,2,2,True,3,95,21
25536,2,2,True,3,35,18
25545,2,2,True,4,18,9
25551,2,2,True,0,-1,11
25552,2,2,True,1,2186,16
25562,2,2,True,4,59,12
25565,2,2,True,0,-1,15
25600,2,2,True,2,86,4
25612,2,2,True,4,114,24
25643,2,2,True,4,52,12
25660,2,2,True,2,54,12
25673,2,2,True,0,-1,9
25682,2,2,True,6,10,9
25726,2,2,True,3,114,12
25736,2,2,True,4,54,12
25748,2,2,True,1,3,17
25760,2,2,True,0,-1,24
25765,2,2,True,3,70,4
25771,2,2,True,3,63,8
25796,2,2,True,2,63,11
25815,2,2,True,3,59,28
25833,2,2,True,6,43,20
25840,2,2,True,4,73,9
25841,2,2,True,2,1906,8
25843,2,2,True,3,59,2
25848,2,2,True,2,1,12
25899,2,2,True,3,22,18
25936,2,2,True,3,37,24
25937,2,2,True,3,37,9
25939,2,2,True,0,-1,12
25951,2,2,True,2,1195,20
25953,2,2,True,2,3,5
25963,2,2,True,1,2182,18
26013,2,2,True,3,86,17
26023,2,2,True,3,37,16
26027,2,2,True,2,1199,18
26045,2,2,True,1,73,20
26061,2,2,True,0,-1,12
26086,2,2,True,3,18,24
26148,2,2,True,3,25,8
26166,2,2,True,5,6,12
26184,2,2,True,5,22,18
26206,2,2,True,2,1206,12
26208,2,2,True,5,26,18
26210,2,2,True,2,26,4
26226,2,2,True,2,1207,12
26245,2,2,True,4,51,18
26251,2,2,True,3,161,18
26256,2,2,True,3,97,9
26266,2,2,True,3,43,9
26316,2,2,True,1,1783,10
26332,2,2,True,0,-1,18
26358,2,2,True,2,1214,18
26413,2,2,True,2,1216,14
26415,2,2,True,4,43,20
26422,2,2,True,4,126,12
26464,2,2,True,3,105,5
26473,2,2,True,5,22,25
26510,2,2,True,2,106,12
26524,2,2,True,2,58,17
26529,2,2,True,2,68,12
26531,2,2,True,3,68,4
26551,2,2,True,3,2,12
26567,2,2,True,1,35,9
26576,2,2,True,3,18,20
26613,2,2,True,3,58,20
26645,2,2,True,4,59,8
26651,2,2,True,1,1788,13
26655,2,2,True,2,2,17
26667,2,2,True,4,53,12
26686,2,2,True,4,25,9
26714,2,2,True,4,10,25
26742,2,2,True,3,137,11
26750,2,2,True,2,137,24
26756,2,2,True,1,106,18
26772,2,2,True,4,7,9
26785,2,2,True,0,-1,24
26800,2,2,True,1,51,20
26801,2,2,True,0,-1,12
26878,2,2,True,6,53,12
26922,2,2,True,3,68,1
26948,2,2,True,0,-1,24
26954,2,2,True,3,59,14
26964,2,2,True,4,31,12
26973,2,2,True,4,93,12
26995,2,2,True,2,114,12
27012,2,2,True,2,1236,27
27015,2,2,True,4,93,17
27064,2,2,True,3,23,20
27079,2,2,True,4,3,9
27113,2,2,True,4,0,12
27119,2,2,True,3,59,12
27132,2,2,True,6,237,20
27143,2,2,True,4,53,10
27158,2,2,True,1,2647,12
27174,2,2,True,1,12,4
27188,2,2,True,2,63,21
27212,2,2,True,2,6,26
27226,2,2,True,3,12,9
27290,2,2,True,1,0,25
27339,2,2,True,4,74,26
27342,2,2,True,1,237,1
27349,2,2,True,3,59,20
27357,2,2,True,1,2791,11
27376,2,2,True,3,53,12
27378,2,2,True,1,2151,20
27385,2,2,True,0,-1,3
27391,2,2,True,2,27,10
27418,2,2,True,3,64,4
27429,2,2,True,3,59,18
27436,2,2,True,2,2855,20
27445,2,2,True,3,294,12
27455,2,2,True,3,237,8
27457,2,2,True,3,59,16
27516,2,2,True,3,27,18
27530,2,2,True,6,80,12
27539,2,2,True,3,1256,18
27560,2,2,True,1,40,12
27579,2,2,True,3,59,14
27585,2,2,True,3,12,8
27600,2,2,True,3,43,5
27616,2,2,True,2,58,5
27617,2,2,True,2,23,16
27630,2,2,True,1,2,9
27634,2,2,True,4,95,8
27646,2,2,True,5,126,14
27649,2,2,True,2,30,10
27656,2,2,True,2,53,12
27703,2,2,True,1,58,12
27716,2,2,True,4,164,18
27733,2,2,True,0,-1,18
27771,2,2,True,1,62,9
27783,2,2,True,0,-1,2
27794,2,2,True,3,20,18
27798,2,2,True,4,62,12
27800,2,2,True,2,25,18
27856,2,2,True,0,-1,8
27868,2,2,True,1,72,9
27873,2,2,True,1,80,10
27877,2,2,True,4,51,24
27890,2,2,True,4,59,11
27911,2,2,True,3,37,17
27924,2,2,True,1,12,12
27951,2,2,True,5,59,4
27952,2,2,True,3,59,4
27957,2,2,True,4,30,8
27965,2,2,True,4,52,18
27994,2,2,True,3,0,12
28014,2,2,True,3,63,8
28037,2,2,True,0,-1,28
28047,2,2,True,3,126,9
28048,2,2,True,6,126,9
28051,2,2,True,0,-1,10
28072,2,2,True,2,63,12
28095,2,2,True,1,1273,24
28112,2,2,True,3,6,18
28134,2,2,True,1,80,18
28179,2,2,True,3,1280,4
28194,2,2,True,2,1281,8
28199,2,2,True,4,294,18
28215,2,2,True,4,53,12
28226,2,2,True,2,59,9
28282,2,2,True,3,0,12
28284,2,2,True,1,1878,18
28318,2,2,True,3,12,8
28345,2,2,True,1,14,12
28347,2,2,True,1,48,8
28350,2,2,True,1,2499,1
28356,2,2,True,0,-1,17
28362,2,2,True,2,137,26
28386,2,2,True,1,80,18
28465,2,2,True,3,53,4
28472,2,2,True,3,25,20
28479,2,2,True,0,-1,4
28499,2,2,True,3,51,14
28500,2,2,True,2,51,12
28505,2,2,True,3,20,4
28515,2,2,True,3,3,12
28537,2,2,True,3,237,18
28538,2,2,True,3,12,12
28589,2,2,True,3,179,5
28592,2,2,True,2,86,11
28606,2,2,True,3,51,8
28614,2,2,True,2,53,10
28629,2,2,True,3,22,18
28633,2,2,True,1,1513,9
28637,2,2,True,2,51,20
28643,2,2,True,1,62,17
28647,2,2,True,0,-1,27
28664,2,2,True,0,-1,25
28666,2,2,True,3,64,8
28686,2,2,True,1,12,18
28710,2,2,True,1,12,18
28735,2,2,True,3,52,20
28771,2,2,True,1,2253,14
28819,2,2,True,3,35,5
28850,2,2,True,3,139,8
28890,2,2,True,1,56,19
28897,2,2,True,3,161,20
28898,2,2,True,3,161,20
28927,2,2,True,4,93,12
28930,2,2,True,2,1313,18
28973,2,2,True,3,22,11
29013,2,2,True,4,105,4
29046,2,2,True,2,237,20
29051,2,2,True,5,25,10
29052,2,2,True,3,25,16
29067,2,2,True,2,1,9
29101,2,2,True,3,73,20
29104,2,2,True,5,54,28
29131,2,2,True,1,1548,9
29133,2,2,True,4,105,14
29134,2,2,True,2,105,18
29143,2,2,True,3,56,20
29164,2,2,True,1,1974,11
29166,2,2,True,5,1325,20
29176,2,2,True,2,2040,24
29192,2,2,True,3,126,24
29200,2,2,True,4,12,8
29210,2,2,True,0,-1,9
29244,2,2,True,2,1333,5
29250,2,2,True,0,-1,13
29257,2,2,True,3,31,5
29267,2,2,True,2,111,26
29282,2,2,True,3,51,12
29291,2,2,True,5,56,18
29318,2,2,True,3,16,12
29321,2,2,True,1,126,10
29373,2,2,True,4,63,14
29381,2,2,True,1,90,12
29387,2,2,True,1,2004,8
29395,2,2,True,2,51,24
29411,2,2,True,4,1340,17
29413,2,2,True,6,56,17
29491,2,2,True,0,-1,18
29493,2,2,True,0,-1,3
29533,2,2,True,5,221,13
29560,2,2,True,2,1406,19
29562,2,2,True,2,30,18
29592,2,2,True,4,1346,18
29596,2,2,True,1,1347,13
29627,2,2,True,3,114,25
29695,2,2,True,1,0,5
29717,2,2,True,1,10,14
29785,2,2,True,1,2014,24
29792,2,2,True,2,44,11
29798,2,2,True,6,30,11
29806,2,2,True,2,114,11
29811,2,2,True,2,1354,18
29817,2,2,True,4,31,17
29845,2,2,True,1,1356,9
29857,2,2,True,3,74,28
29911,2,2,True,3,86,11
29941,2,2,True,3,135,24
29950,2,2,True,3,44,4
29972,2,2,True,5,51,3
29975,2,2,True,2,73,17
29984,2,2,True,3,7,8
30011,2,2,True,3,51,12
30019,2,2,True,1,1363,9
30086,2,2,True,1,1366,9
30091,2,2,True,4,105,9
30123,2,2,True,2,54,5
30152,2,2,True,1,1368,19
30160,2,2,True,2,30,13
30165,2,2,True,1,48,8
30166,2,2,True,1,2288,11
30190,2,2,True,4,56,18
30193,2,2,True,3,106,17
30197,2,2,True,3,73,8
30199,2,2,True,3,139,22
30210,2,2,True,4,1371,18
30259,2,2,True,3,40,18
30317,2,2,True,2,52,3
30335,2,2,True,2,1378,5
30341,2,2,True,4,51,9
30343,2,2,True,1,1764,12
30361,2,2,True,2,1379,25
30392,2,2,True,4,26,25
30401,2,2,True,2,179,22
30404,2,2,True,3,53,9
30446,2,2,True,2,135,8
30450,2,2,True,6,37,17
30469,2,2,True,1,37,9
30479,2,2,True,0,-1,8
30497,2,2,True,3,25,12
30503,2,2,True,2,126,14
30518,2,2,True,3,40,13
30522,2,2,True,3,40,28
30533,2,2,True,2,1385,18
30571,2,2,True,5,142,5
30614,2,2,True,2,74,18
30621,2,2,True,3,40,18
30643,2,2,True,4,58,12
30649,2,2,True,5,2,9
30659,2,2,True,2,161,10
30664,2,2,True,2,6,25
30685,2,2,True,2,45,18
30700,2,2,True,1,62,8
30719,2,2,True,4,126,11
30762,2,2,True,2,0,5
30778,2,2,True,3,1396,5
30779,2,2,True,4,1396,12
30796,2,2,True,4,68,17
30797,2,2,True,1,2151,12
30805,2,2,True,2,126,4
30828,2,2,True,0,-1,18
30835,2,2,True,4,294,17
30856,2,2,True,1,166,12
30924,2,2,True,1,18,9
30934,2,2,True,2,72,4
30938,2,2,True,3,52,19
30975,2,2,True,4,93,8
30976,2,2,True,4,93,8
31003,2,2,True,1,6,20
31013,2,2,True,2,58,12
31083,2,2,True,3,111,5
31100,2,2,True,5,80,12
31168,2,2,True,4,56,10
31169,2,2,True,1,80,20
31191,2,2,True,1,68,12
31201,2,2,True,1,22,12
31207,2,2,True,0,-1,9
31239,2,2,True,0,-1,27
31240,2,2,True,3,25,18
31243,2,2,True,3,30,5
31248,2,2,True,3,16,8
31267,2,2,True,3,142,20
31286,2,2,True,3,56,2
31295,2,2,True,4,74,26
31304,2,2,True,3,43,28
31310,2,2,True,2,68,12
31329,2,2,True,1,2,11
31376,2,2,True,3,1424,27
31464,2,2,True,6,164,5
31473,2,2,True,2,25,20
31482,2,2,True,1,1425,4
31483,2,2,True,1,56,25
31491,2,2,True,2,31,15
31502,2,2,True,4,35,9
31559,2,2,True,2,52,24
31573,2,2,True,1,56,13
31614,2,2,True,0,-1,13
31655,2,2,True,6,59,12
31664,2,2,True,1,2874,12
31673,2,2,True,2,25,24
31701,2,2,True,3,58,9
31769,2,2,True,5,12,1
31821,2,2,True,0,-1,24
31840,2,2,True,0,-1,20
31893,2,2,True,3,56,26
31906,2,2,True,0,-1,20
31922,2,2,True,3,12,18
31927,2,2,True,2,1441,8
31953,2,2,True,2,114,18
31960,2,2,True,3,56,16
31969,2,2,True,4,28,20
31996,2,2,True,4,54,20
31998,2,2,True,2,35,9
32020,2,2,True,0,-1,14
32024,2,2,True,3,14,8
32039,2,2,True,1,43,1
32068,2,2,True,4,166,18
32080,2,2,True,2,31,9
32093,2,2,True,3,68,8
32097,2,2,True,4,0,2
32104,2,2,True,4,1447,5
32113,2,2,True,3,294,26
32167,2,2,True,3,48,12
32182,2,2,True,2,142,20
32205,2,2,True,6,142,9
32245,2,2,True,0,-1,8
32254,2,2,True,0,-1,2
32266,2,2,True,1,58,24
32330,2,2,True,1,139,8
32338,2,2,True,5,164,12
32372,2,2,True,3,51,24
32382,2,2,True,3,52,24
32388,2,2,True,3,1462,12
32426,2,2,True,2,137,9
32465,2,2,True,3,30,9
32475,2,2,True,2,179,18
32493,2,2,True,1,2401,18
32521,2,2,True,0,-1,8
32541,2,2,True,2,30,9
32568,2,2,True,2,93,13
32573,2,2,True,4,31,12
32581,2,2,True,2,19,24
32615,2,2,True,3,16,5
32616,2,2,True,1,31,24
32635,2,2,True,4,294,27
32679,2,2,True,1,1555,18
32680,2,2,True,3,12,12
32695,2,2,True,1,749,18
32696,2,2,True,2,139,5
32705,2,2,True,0,-1,2
32722,2,2,True,0,-1,18
32748,2,2,True,2,52,5
32752,2,2,True,3,937,1
32765,2,2,True,3,1473,12
32785,2,2,True,2,179,24
32791,2,2,True,2,12,9
32846,2,2,True,1,58,20
32893,2,2,True,3,25,17
32961,2,2,True,1,142,18
32967,2,2,True,2,1483,20
32973,2,2,True,0,-1,12
32997,2,2,True,4,30,18
33068,2,2,True,1,1681,9
33083,2,2,True,5,74,18
33124,2,2,True,2,1489,13
33139,2,2,True,1,1491,16
33170,2,2,True,5,0,9
33181,2,2,True,3,111,12
33182,2,2,True,3,111,8
33206,2,2,True,3,20,18
33225,2,2,True,5,142,12
33227,2,2,True,3,142,13
33262,2,2,True,1,1814,8
33325,2,2,True,2,25,26
33347,2,2,True,1,2538,2
33358,2,2,True,2,14,27
33372,2,2,True,2,37,2
33396,2,2,True,3,86,12
33439,2,2,True,4,68,12
33468,2,2,True,3,19,20
33475,2,2,True,3,30,18
33522,2,2,True,3,27,9
33577,2,2,True,3,44,25
33612,2,2,True,2,35,17
33613,2,2,True,2,30,12
33720,2,2,True,1,27,17
33763,2,2,True,1,62,27
33765,2,2,True,2,51,12
33782,2,2,True,1,44,8
33797,2,2,True,3,22,4
33801,2,2,True,4,105,22
33824,2,2,True,3,26,17
33828,2,2,True,4,137,25
33838,2,2,True,3,2301,18
33846,2,2,True,2,20,9
33972,2,2,True,4,14,20
33997,2,2,True,3,2685,18
34005,2,2,True,1,105,1
34013,2,2,True,4,161,8
34018,2,2,True,3,142,12
34046,2,2,True,3,1,12
34200,2,2,True,1,26,18
34202,2,2,True,3,72,19
34276,2,2,True,2,1532,4
34294,2,2,True,1,40,26
34338,2,2,True,5,142,18
34394,2,2,True,4,30,18
34400,2,2,True,2,45,18
34425,2,2,True,5,58,18
34427,2,2,True,4,1,12
34430,2,2,True,3,245,8
34453,2,2,True,5,44,8
34468,2,2,True,1,6,12
34487,2,2,True,3,53,25
34515,2,2,True,0,-1,12
34521,2,2,True,3,19,17
34529,2,2,True,3,111,18
34535,2,2,True,3,52,8
34551,2,2,True,2,179,12
34567,2,2,True,3,294,5
34636,2,2,True,3,142,12
34639,2,2,True,4,142,5
34640,2,2,True,4,80,17
34649,2,2,True,2,10,12
34668,2,2,True,1,1552,14
34692,2,2,True,4,137,20
34711,2,2,True,2,27,12
34720,2,2,True,3,1553,8
34736,2,2,True,3,126,9
34751,2,2,True,3,70,25
34805,2,2,True,2,73,17
34808,2,2,True,3,56,12
34837,2,2,True,3,106,28
34865,2,2,True,4,137,24
34880,2,2,True,0,-1,2
34885,2,2,True,3,30,15
34910,2,2,True,2,3,25
34927,2,2,True,1,142,3
34949,2,2,True,2,1564,16
34956,2,2,True,5,221,15
34993,2,2,True,0,-1,8
35066,2,2,True,5,23,18
35087,2,2,True,4,114,9
35096,2,2,True,2,161,10
35124,2,2,True,1,70,3
35155,2,2,True,3,1892,18
35163,2,2,True,3,48,9
35198,2,2,True,6,45,2
35200,2,2,True,3,45,6
35206,2,2,True,1,2357,20
35238,2,2,True,6,106,8
35270,2,2,True,3,73,12
35287,2,2,True,3,166,5
35297,2,2,True,2,1578,8
35298,2,2,True,1,1578,20
35326,2,2,True,2,73,27
35344,2,2,True,5,51,5
35345,2,2,True,4,51,10
35347,2,2,True,3,25,16
35406,2,2,True,0,-1,12
35408,2,2,True,1,105,19
35412,2,2,True,4,28,18
35443,2,2,True,5,70,22
35476,2,2,True,2,48,18
35483,2,2,True,2,135,18
35515,2,2,True,5,19,17
35538,2,2,True,1,26,12
35561,2,2,True,0,-1,13
35562,2,2,True,1,1590,18
35596,2,2,True,4,25,1
35668,2,2,True,3,72,8
35672,2,2,True,1,2549,20
35676,2,2,True,6,62,14
35725,2,2,True,4,70,18
35735,2,2,True,1,1596,12
35738,2,2,True,2,126,16
35746,2,2,True,4,105,19
35783,2,2,True,5,105,13
35803,2,2,True,1,3,4
35842,2,2,True,2,93,11
35843,2,2,True,4,93,12
35869,2,2,True,0,-1,9
35918,2,2,True,2,2,18
35927,2,2,True,1,1640,11
36001,2,2,True,3,1607,26
36002,2,2,True,0,-1,12
36005,2,2,True,3,139,12
36028,2,2,True,6,70,9
36030,2,2,True,1,1608,21
36048,2,2,True,3,164,24
36050,2,2,True,5,164,12
36061,2,2,True,0,-1,12
36078,2,2,True,2,139,23
36114,2,2,True,1,1611,4
36149,2,2,True,2,12,8
36151,2,2,True,2,1616,8
36175,2,2,True,4,56,12
36178,2,2,True,3,68,14
36224,2,2,True,0,-1,4
36231,2,2,True,4,37,21
36234,2,2,True,1,1620,9
36261,2,2,True,2,48,20
36280,2,2,True,0,-1,11
36286,2,2,True,2,28,24
36311,2,2,True,4,3,12
36380,2,2,True,4,73,18
36382,2,2,True,4,73,18
36430,2,2,True,0,-1,11
36452,2,2,True,2,1629,5
36513,2,2,True,3,51,12
36514,2,2,True,0,-1,18
36528,2,2,True,3,179,6
36531,2,2,True,3,63,5
36533,2,2,True,0,-1,26
36563,2,2,True,1,0,18
36572,2,2,True,1,2527,25
36601,2,2,True,6,28,8
36613,2,2,True,3,12,12
36634,2,2,True,1,2565,18
36652,2,2,True,2,111,22
36653,2,2,True,4,111,20
36659,2,2,True,3,44,9
36702,2,2,True,2,31,12
36823,2,2,True,2,1,12
36839,2,2,True,2,28,12
36840,2,2,True,2,28,12
36857,2,2,True,2,31,5
36869,2,2,True,4,31,16
36880,2,2,True,2,23,11
36922,2,2,True,3,237,8
36923,2,2,True,5,237,8
36941,2,2,True,1,1858,24
36958,2,2,True,2,161,8
36969,2,2,True,2,1658,24
36970,2,2,True,1,1882,20
36972,2,2,True,3,68,9
36982,2,2,True,0,-1,8
37024,2,2,True,1,2,18
37037,2,2,True,0,-1,17
37045,2,2,True,3,27,18
37060,2,2,True,4,62,24
37071,2,2,True,3,14,18
37078,2,2,True,1,1663,8
37097,2,2,True,6,31,18
37147,2,2,True,2,3,18
37176,2,2,True,4,114,18
37181,2,2,True,2,23,11
37219,2,2,True,2,10,3
37227,2,2,True,0,-1,18
37290,2,2,True,3,35,21
37299,2,2,True,1,1671,12
37323,2,2,True,4,30,9
37326,2,2,True,4,14,11
37336,2,2,True,4,72,12
37366,2,2,True,1,161,9
37429,2,2,True,2,105,9
37432,2,2,True,4,12,11
37445,2,2,True,5,114,18
37474,2,2,True,3,161,18
37505,2,2,True,3,54,3
37507,2,2,True,3,56,12
37509,2,2,True,3,72,9
37515,2,2,True,2,62,24
37517,2,2,True,2,161,17
37521,2,2,True,6,68,8
37596,2,2,True,0,-1,16
37604,2,2,True,1,329,12
37615,2,2,True,3,6,19
37616,2,2,True,1,6,4
37660,2,2,True,0,-1,18
37687,2,2,True,2,86,4
37721,2,2,True,3,12,11
37740,2,2,True,1,40,18
37750,2,2,True,3,93,21
37820,2,2,True,2,80,12
37852,2,2,True,5,45,9
37890,2,2,True,1,142,24
37898,2,2,True,1,1679,8
37915,2,2,True,2,1694,18
37940,2,2,True,6,28,24
37943,2,2,True,3,1695,16
37949,2,2,True,1,1697,27
37962,2,2,True,5,6,17
37968,2,2,True,3,1699,17
37969,2,2,True,1,1699,28
37973,2,2,True,2,114,12
37990,2,2,True,5,114,11
37996,2,2,True,1,114,26
38103,2,2,True,1,294,4
38139,2,2,True,4,53,13
38143,2,2,True,2,294,9
38160,2,2,True,3,68,12
38164,2,2,True,3,97,5
38170,2,2,True,3,37,4
38245,2,2,True,4,25,27
38282,2,2,True,1,3,16
38293,2,2,True,6,22,20
38325,2,2,True,4,37,18
38353,2,2,True,0,-1,20
38377,2,2,True,5,105,18
38387,2,2,True,1,25,12
38444,2,2,True,6,28,26
38463,2,2,True,1,1842,26
38466,2,2,True,1,2885,14
38487,2,2,True,1,56,12
38488,2,2,True,4,70,2
38524,2,2,True,2,164,9
38549,2,2,True,0,-1,20
38609,2,2,True,2,1720,25
38632,2,2,True,3,166,18
38635,2,2,True,3,73,2
38660,2,2,True,6,58,10
38677,2,2,True,3,135,8
38690,2,2,True,4,64,18
38699,2,2,True,4,63,9
38700,2,2,True,1,63,20
38709,2,2,True,1,56,8
38719,2,2,True,2,1723,20
38720,2,2,True,2,1723,20
38803,2,2,True,0,-1,8
38818,2,2,True,5,31,27
38857,2,2,True,5,63,28
38880,2,2,True,3,48,5
38883,2,2,True,1,1730,17
38888,2,2,True,4,1731,25
38899,2,2,True,2,54,5
38914,2,2,True,1,1732,12
38916,2,2,True,3,93,24
38917,2,2,True,2,93,24
38951,2,2,True,1,58,12
38952,2,2,True,2,37,8
38976,2,2,True,0,-1,8
39012,2,2,True,0,-1,12
39042,2,2,True,0,-1,17
39069,2,2,True,3,31,24
39187,2,2,True,2,68,27
39199,2,2,True,3,0,8
39207,2,2,True,6,64,18
39208,2,2,True,3,48,12
39222,2,2,True,1,2161,20
39225,2,2,True,3,1743,16
39235,2,2,True,1,68,9
39270,2,2,True,1,19,8
39307,2,2,True,3,31,15
39341,2,2,True,1,31,4
39344,2,2,True,4,20,12
39356,2,2,True,5,56,17
39362,2,2,True,4,139,11
39420,2,2,True,2,18,13
39425,2,2,True,3,2692,25
39462,2,2,True,0,-1,17
39505,2,2,True,0,-1,18
39512,2,2,True,1,1761,9
39545,2,2,True,2,70,21
39548,2,2,True,3,74,5
39579,2,2,True,3,7,2
39632,2,2,True,3,19,11
39663,2,2,True,4,62,18
39852,2,2,True,1,30,18
39853,2,2,True,3,30,5
39855,2,2,True,4,48,13
39865,2,2,True,5,2,18
39866,2,2,True,6,22,10
39903,2,2,True,2,1779,18
40008,2,2,True,5,2,18
40079,2,2,True,4,31,17
40118,2,2,True,0,-1,9
40169,2,2,True,2,25,19
40172,2,2,True,5,31,18
40192,2,2,True,0,-1,18
40245,2,2,True,4,45,20
40249,2,2,True,2,86,12
40257,2,2,True,4,53,8
40260,2,2,True,5,26,18
40286,2,2,True,1,74,27
40311,2,2,True,3,64,27
40336,2,2,True,2,1793,4
40393,2,2,True,3,58,28
40406,2,2,True,1,2667,20
40439,2,2,True,2,54,16
40454,2,2,True,4,6,20
40466,2,2,True,1,1905,26
40471,2,2,True,2,62,12
40478,2,2,True,1,1796,27
40532,2,2,True,3,93,17
40540,2,2,True,1,2337,8
40549,2,2,True,0,-1,13
40550,2,2,True,2,95,9
40551,2,2,True,1,95,18
40575,2,2,True,2,95,9
40580,2,2,True,4,93,25
40650,2,2,True,4,43,12
40656,2,2,True,1,93,20
40662,2,2,True,5,294,20
40734,2,2,True,1,2141,25
40735,2,2,True,4,139,26
40874,2,2,True,2,6,18
40923,2,2,True,0,-1,14
40960,2,2,True,1,2717,12
41015,2,2,True,2,68,4
41017,2,2,True,4,59,24
41023,2,2,True,4,139,8
41071,2,2,True,4,1823,18
41088,2,2,True,1,1824,9
41112,2,2,True,2,161,5
41130,2,2,True,2,0,5
41138,2,2,True,1,10,20
41170,2,2,True,1,68,17
41186,2,2,True,1,0,12
41203,2,2,True,4,44,9
41226,2,2,True,3,22,18
41249,2,2,True,5,97,11
41259,2,2,True,3,137,5
41271,2,2,True,3,22,16
41309,2,2,True,3,63,28
41329,2,2,True,5,45,12
41385,2,2,True,3,23,17
41447,2,2,True,1,26,12
41450,2,2,True,2,62,20
41479,2,2,True,1,37,17
41595,2,2,True,0,-1,11
41631,2,2,True,3,26,5
41669,2,2,True,1,1843,8
41670,2,2,True,1,1844,4
41751,2,2,True,1,2686,8
41770,2,2,True,1,1966,9
41803,2,2,True,5,10,18
41809,2,2,True,6,63,12
41868,2,2,True,4,22,25
41953,2,2,True,3,111,20
41978,2,2,True,4,1855,21
42033,2,2,True,1,2382,8
42089,2,2,True,0,-1,20
42157,2,2,True,1,114,8
42171,2,2,True,1,97,18
42189,2,2,True,4,1,12
42202,2,2,True,2,16,24
42234,2,2,True,2,93,5
42297,2,2,True,4,63,12
42366,2,2,True,4,86,25
42392,2,2,True,1,2561,8
42413,2,2,True,3,6,21
42433,2,2,True,3,294,12
42456,2,2,True,4,12,26
42460,2,2,True,2,1878,18
42505,2,2,True,1,161,5
42613,2,2,True,1,52,18
42649,2,2,True,3,7,17
42650,2,2,True,4,25,16
42692,2,2,True,3,1886,18
42693,2,2,True,2,1886,5
42745,2,2,True,0,-1,5
42771,2,2,True,1,37,2
42814,2,2,True,3,12,12
42820,2,2,True,6,68,17
42844,2,2,True,4,27,13
42851,2,2,True,5,40,9
42915,2,2,True,5,114,20
42923,2,2,True,2,64,18
42931,2,2,True,0,-1,20
42954,2,2,True,4,114,9
42958,2,2,True,0,-1,18
42960,2,2,True,2,1897,3
42961,2,2,True,0,-1,17
42973,2,2,True,3,63,17
43029,2,2,True,3,70,12
43046,2,2,True,2,294,18
43058,2,2,True,4,2,22
43091,2,2,True,4,31,11
43105,2,2,True,4,54,18
43110,2,2,True,3,2,18
43140,2,2,True,4,2,12
43157,2,2,True,3,2,17
43158,2,2,True,2,179,12
43183,2,2,True,3,63,17
43211,2,2,True,0,-1,4
43243,2,2,True,4,37,27
43281,2,2,True,4,26,2
43304,2,2,True,1,161,8
43318,2,2,True,2,1910,18
43320,2,2,True,2,1911,20
43323,2,2,True,3,51,18
43348,2,2,True,1,2362,8
43397,2,2,True,3,86,9
43428,2,2,True,1,3,12
43472,2,2,True,3,164,20
43513,2,2,True,5,6,4
43547,2,2,True,0,-1,25
43577,2,2,True,1,1918,25
43622,2,2,True,1,2632,26
43653,2,2,True,0,-1,12
43654,2,2,True,2,12,18
43679,2,2,True,1,74,5
43689,2,2,True,1,1922,9
43701,2,2,True,1,221,17
43749,2,2,True,4,44,8
43781,2,2,True,0,-1,16
43782,2,2,True,3,2773,21
43801,2,2,True,4,294,9
43823,2,2,True,2,2,13
43871,2,2,True,5,142,3
44025,2,2,True,3,28,18
44036,2,2,True,6,137,25
44051,2,2,True,3,37,28
44060,2,2,True,1,2594,2
44072,2,2,True,3,68,13
44101,2,2,True,4,179,5
44113,2,2,True,1,2241,17
44122,2,2,True,5,126,17
44123,2,2,True,4,126,17
44136,2,2,True,6,51,4
44186,2,2,True,2,2616,9
44192,2,2,True,3,1938,12
44215,2,2,True,1,63,5
44225,2,2,True,3,30,8
44227,2,2,True,2,137,24
44294,2,2,True,1,6,14
44320,2,2,True,3,7,5
44340,2,2,True,3,16,16
44480,2,2,True,2,2319,25
44506,2,2,True,3,1951,12
44510,2,2,True,1,86,4
44523,2,2,True,1,139,17
44543,2,2,True,5,1954,1
44556,2,2,True,1,95,1
44561,2,2,True,5,68,5
44562,2,2,True,0,-1,2
44590,2,2,True,3,54,11
44614,2,2,True,0,-1,27
44641,2,2,True,5,86,18
44683,2,2,True,4,12,9
44761,2,2,True,3,37,8
44779,2,2,True,2,114,17
44789,2,2,True,2,73,13
44820,2,2,True,3,1963,27
44835,2,2,True,5,16,11
44836,2,2,True,3,16,27
44894,2,2,True,2,27,12
44954,2,2,True,3,12,8
44986,2,2,True,2,126,4
45025,2,2,True,4,114,18
45035,2,2,True,4,105,26
45054,2,2,True,1,40,17
45072,2,2,True,4,53,18
45101,2,2,True,4,37,24
45109,2,2,True,3,126,24
45119,2,2,True,1,2,13
45136,2,2,True,2,37,9
45215,2,2,True,2,26,25
45262,2,2,True,3,12,5
45281,2,2,True,4,86,5
45325,2,2,True,3,12,25
45387,2,2,True,4,114,12
45389,2,2,True,2,86,22
45433,2,2,True,3,7,18
45448,2,2,True,3,58,12
45487,2,2,True,6,237,20
45553,2,2,True,1,20,26
45576,2,2,True,1,137,24
45614,2,2,True,1,2154,8
45642,2,2,True,2,20,18
45655,2,2,True,2,2319,11
45674,2,2,True,5,18,25
45691,2,2,True,5,63,12
45700,2,2,True,4,63,9
45714,2,2,True,0,-1,5
45761,2,2,True,2,59,18
45831,2,2,True,3,3,9
45842,2,2,True,3,44,12
45849,2,2,True,5,35,8
45861,2,2,True,1,2002,5
45873,2,2,True,3,51,18
45920,2,2,True,5,19,18
45921,2,2,True,4,72,18
45944,2,2,True,2,43,18
45953,2,2,True,1,237,11
46019,2,2,True,3,0,20
46035,2,2,True,3,35,18
46054,2,2,True,2,12,6
46096,2,2,True,0,-1,5
46136,2,2,True,6,3,13
46179,2,2,True,4,56,2
46231,2,2,True,4,53,1
46284,2,2,True,6,26,15
46346,2,2,True,2,52,18
46414,2,2,True,1,2025,14
46419,2,2,True,2,93,16
46439,2,2,True,2,2027,18
46454,2,2,True,3,56,18
46495,2,2,True,0,-1,5
46517,2,2,True,3,53,4
46526,2,2,True,0,-1,18
46542,2,2,True,0,-1,27
46549,2,2,True,2,25,18
46551,2,2,True,5,25,24
46572,2,2,True,1,2436,8
46576,2,2,True,0,-1,1
46593,2,2,True,3,72,12
46601,2,2,True,1,2368,8
46688,2,2,True,3,68,26
46882,2,2,True,2,2044,18
46897,2,2,True,3,22,17
46918,2,2,True,3,51,1
46937,2,2,True,2,126,18
46940,2,2,True,0,-1,4
46964,2,2,True,1,2347,8
47056,2,2,True,5,18,8
47058,2,2,True,6,35,4
47121,2,2,True,3,97,8
47133,2,2,True,2,1,25
47138,2,2,True,2,2260,20
47139,2,2,True,3,10,14
47164,2,2,True,4,179,12
47190,2,2,True,2,105,9
47192,2,2,True,2,2,26
47207,2,2,True,3,126,9
47223,2,2,True,2,3,12
47343,2,2,True,2,18,12
47443,2,2,True,0,-1,8
47457,2,2,True,4,30,20
47596,2,2,True,1,2077,16
47647,2,2,True,5,58,17
47660,2,2,True,5,30,20
47689,2,2,True,4,27,12
47736,2,2,True,0,-1,14
47740,2,2,True,0,-1,28
47744,2,2,True,4,1698,24
47746,2,2,True,3,1698,24
47754,2,2,True,1,40,4
47825,2,2,True,0,-1,12
47845,2,2,True,1,10,13
48018,2,2,True,2,31,12
48022,2,2,True,0,-1,13
48121,2,2,True,1,0,8
48249,2,2,True,2,30,12
48292,2,2,True,3,54,9
48342,2,2,True,0,-1,9
48414,2,2,True,3,86,18
48460,2,2,True,1,166,12
48473,2,2,True,0,-1,28
48520,2,2,True,0,-1,8
48544,2,2,True,2,2671,18
48572,2,2,True,3,86,25
48696,2,2,True,4,27,20
48704,2,2,True,6,105,8
48750,2,2,True,1,44,17
48799,2,2,True,0,-1,18
48803,2,2,True,1,2130,20
48825,2,2,True,2,114,16
48863,2,2,True,4,53,10
48867,2,2,True,1,2132,20
48879,2,2,True,1,2133,18
48959,2,2,True,1,105,18
49008,2,2,True,4,237,12
49150,2,2,True,2,54,12
49162,2,2,True,3,114,13
49212,2,2,True,3,53,25
49222,2,2,True,1,221,13
49227,2,2,True,4,114,9
49338,2,2,True,1,2759,24
49351,2,2,True,1,26,20
49374,2,2,True,1,86,18
49475,2,2,True,3,54,12
49589,2,2,True,1,30,28
49609,2,2,True,2,37,9
49659,2,2,True,1,2854,17
49670,2,2,True,3,237,18
49698,2,2,True,3,45,19
49734,2,2,True,2,25,5
49748,2,2,True,3,59,24
49753,2,2,True,4,48,9
49825,2,2,True,1,2363,8
49857,2,2,True,1,2171,18
49858,2,2,True,1,27,12
49870,2,2,True,4,70,6
49907,2,2,True,0,-1,18
49914,2,2,True,2,2173,9
49932,2,2,True,1,2294,8
49941,2,2,True,2,2,24
50002,2,2,True,3,68,9
50016,2,2,True,2,51,17
50126,2,2,True,3,14,9
50156,2,2,True,3,12,24
50172,2,2,True,3,2679,9
50177,2,2,True,4,45,14
50206,2,2,True,4,0,12
50252,2,2,True,2,56,5
50284,2,2,True,0,-1,12
50372,2,2,True,2,6,2
50424,2,2,True,2,54,24
50507,2,2,True,4,16,9
50537,2,2,True,3,30,12
50615,2,2,True,1,164,8
50748,2,2,True,1,2626,24
50755,2,2,True,4,80,10
50898,2,2,True,2,2,12
50903,2,2,True,0,-1,26
50973,2,2,True,3,54,18
51061,2,2,True,3,25,12
51081,2,2,True,3,137,12
51121,2,2,True,3,27,4
51123,2,2,True,5,27,9
51236,2,2,True,1,31,11
51237,2,2,True,2,25,12
51247,2,2,True,2,126,12
51253,2,2,True,0,-1,9
51307,2,2,True,6,53,17
51343,2,2,True,1,2617,12
51354,2,2,True,2,18,9
51383,2,2,True,2,25,8
51387,2,2,True,3,12,10
51400,2,2,True,3,31,5
51445,2,2,True,6,44,9
51480,2,2,True,1,2441,25
51531,2,2,True,1,2593,19
51575,2,2,True,1,674,25
51585,2,2,True,2,12,12
51729,2,2,True,2,59,9
51736,2,2,True,5,114,12
51893,2,2,True,4,126,9
51895,2,2,True,1,2739,8
51897,2,2,True,0,-1,20
51921,2,2,True,2,2257,9
51927,2,2,True,4,22,14
51970,2,2,True,0,-1,17
52013,2,2,True,0,-1,26
52029,2,2,True,3,12,12
52035,2,2,True,1,56,24
52041,2,2,True,1,2262,16
52050,2,2,True,1,495,10
52095,2,2,True,4,56,4
52118,2,2,True,2,2592,5
52129,2,2,True,1,161,12
52174,2,2,True,2,2403,18
52183,2,2,True,1,12,18
52205,2,2,True,3,10,13
52211,2,2,True,2,1829,20
52289,2,2,True,1,14,18
52306,2,2,True,2,992,17
52342,2,2,True,3,40,18
52360,2,2,True,5,12,24
52394,2,2,True,3,44,5
52406,2,2,True,2,54,18
52415,2,2,True,2,106,13
52440,2,2,True,3,97,16
52464,2,2,True,2,52,18
52784,2,2,True,1,2843,18
52874,2,2,True,2,111,5
52931,2,2,True,1,18,12
53138,2,2,True,0,-1,25
53144,2,2,True,3,237,5
53195,2,2,True,0,-1,5
53302,2,2,True,0,-1,12
53596,2,2,True,2,164,20
53666,2,2,True,0,-1,2
53737,2,2,True,4,179,12
54070,2,2,True,3,30,20
54076,2,2,True,4,105,16
54086,2,2,True,1,2643,9
54094,2,2,True,5,6,8
54105,2,2,True,1,2,18
54150,2,2,True,4,58,5
54205,2,2,True,4,164,18
54518,2,2,True,3,2,9
54606,2,2,True,5,179,25
54658,2,2,True,2,16,20
54663,2,2,True,1,62,8
54784,2,2,True,4,26,12
54803,2,2,True,4,40,17
54812,2,2,True,2,16,11
54831,2,2,True,3,179,8
54922,2,2,True,1,2358,25
55031,2,2,True,4,105,4
55056,2,2,True,0,-1,28
55075,2,2,True,1,56,12
55094,2,2,True,5,22,10
55126,2,2,True,1,2765,17
55157,2,2,True,1,2368,8
55235,2,2,True,4,693,13
55279,2,2,True,3,179,12
55315,2,2,True,3,2490,25
55391,2,2,True,5,95,18
55396,2,2,True,1,2555,18
55439,2,2,True,3,3,20
55597,2,2,True,5,0,4
55744,2,2,True,3,126,12
56054,2,2,True,1,2402,12
56083,2,2,True,1,2619,9
56103,2,2,True,1,164,13
56240,2,2,True,0,-1,17
56331,2,2,True,0,-1,11
56462,2,2,True,3,30,12
56471,2,2,True,3,294,12
56482,2,2,True,2,54,14
56545,2,2,True,2,2421,11
56567,2,2,True,4,460,24
56622,2,2,True,3,1,4
56628,2,2,True,3,26,13
56715,2,2,True,3,44,17
56775,2,2,True,4,58,12
56787,2,2,True,3,2435,2
56832,2,2,True,3,137,22
56874,2,2,True,5,19,5
56899,2,2,True,4,142,21
57032,2,2,True,0,-1,18
57123,2,2,True,4,40,18
57204,2,2,True,6,56,26
57247,2,2,True,3,105,6
57404,2,2,True,1,73,14
57438,2,2,True,0,-1,8
57533,2,2,True,4,114,9
57585,2,2,True,2,19,12
57621,2,2,True,0,-1,18
57704,2,2,True,1,2751,25
57866,2,2,True,3,105,17
57882,2,2,True,2,10,9
57905,2,2,True,4,139,19
57929,2,2,True,2,673,24
57936,2,2,True,4,26,8
58069,2,2,True,3,72,13
58085,2,2,True,1,86,18
58479,2,2,True,4,166,3
58734,2,2,True,1,28,12
58855,2,2,True,2,6,18
58867,2,2,True,3,106,9
58934,2,2,True,1,2527,5
59010,2,2,True,1,2533,18
59108,2,2,True,4,3,24
59212,2,2,True,2,54,12
59234,2,2,True,4,25,12
59258,2,2,True,4,52,18
59583,2,2,True,4,56,12
59609,2,2,True,2,14,12
59756,2,2,True,2,2845,12
59816,2,2,True,4,63,1
59872,2,2,True,1,2566,12
60022,2,2,True,2,10,9
60037,2,2,True,2,52,16
60055,2,2,True,2,14,12
60189,2,2,True,2,37,18
60252,2,2,True,3,73,4
60324,2,2,True,1,2585,24
60604,2,2,True,1,2821,12
60646,2,2,True,5,18,16
60718,2,2,True,5,27,4
60775,2,2,True,2,10,17
60860,2,2,True,2,73,9
60880,2,2,True,1,40,11
61159,2,2,True,2,30,18
61208,2,2,True,5,2620,5
61324,2,2,True,4,12,12
61332,2,2,True,2,12,14
61663,2,2,True,2,25,26
61775,2,2,True,3,111,20
61804,2,2,True,1,294,20
61944,2,2,True,2,43,1
62078,2,2,True,5,111,27
62610,2,2,True,3,14,5
62656,2,2,True,1,2681,12
62773,2,2,True,1,2689,2
62878,2,2,True,3,10,18
63052,2,2,True,2,3,24
63245,2,2,True,2,27,26
63552,2,2,True,3,294,5
63667,2,2,True,1,25,4
63730,2,2,True,0,-1,26
63799,2,2,True,3,139,19
63841,2,2,True,3,12,5
63984,2,2,True,1,2743,2
64763,2,2,True,4,6,9
65284,2,2,True,4,70,25
65894,2,2,True,2,2894,9
2,2,1,False,6,0,17
104,2,1,False,4,18,25
180,2,1,False,2,3,12
185,2,1,False,5,114,12
232,2,1,False,2,3,8
266,2,1,False,3,80,8
275,2,1,False,3,3,5
308,2,1,False,3,3,24
327,2,1,False,2,68,8
344,2,1,False,3,27,8
372,2,1,False,3,10,8
485,2,1,False,4,54,18
613,2,1,False,1,3,17
631,2,1,False,3,3,9
908,2,1,False,3,93,5
918,2,1,False,2,3,9
1023,2,1,False,4,3,18
1031,2,1,False,3,56,20
1147,2,1,False,2,108,18
1187,2,1,False,4,23,26
1309,2,1,False,2,3,25
1313,2,1,False,2,0,18
1327,2,1,False,2,299,18
1333,2,1,False,1,70,9
1635,2,1,False,1,130,12
1688,2,1,False,2,62,4
2346,2,1,False,1,3,20
2393,2,1,False,3,294,5
2438,2,1,False,3,3,9
2441,2,1,False,1,3,1
2469,2,1,False,3,3,9
2583,2,1,False,0,-1,1
2584,2,1,False,0,-1,8
2675,2,1,False,1,183,27
2685,2,1,False,4,106,18
2697,2,1,False,3,126,9
2722,2,1,False,2,185,9
2761,2,1,False,4,37,18
2768,2,1,False,5,23,26
2799,2,1,False,1,448,5
2895,2,1,False,0,-1,13
2992,2,1,False,2,37,12
3124,2,1,False,2,10,20
3278,2,1,False,3,3,4
3390,2,1,False,2,3,17
3605,2,1,False,2,284,9
3640,2,1,False,4,126,4
3792,2,1,False,3,3,5
3882,2,1,False,2,3,17
3940,2,1,False,2,62,9
3957,2,1,False,1,27,12
3977,2,1,False,2,481,12
4008,2,1,False,5,63,12
4148,2,1,False,3,51,11
4206,2,1,False,1,251,20
4366,2,1,False,5,95,9
4415,2,1,False,3,23,12
4518,2,1,False,4,105,4
4545,2,1,False,3,3,26
4981,2,1,False,1,3,12
5172,2,1,False,3,409,4
5386,2,1,False,3,311,9
5531,2,1,False,5,221,8
5605,2,1,False,3,3,12
5762,2,1,False,5,70,27
5846,2,1,False,3,1,12
5870,2,1,False,4,3,24
5933,2,1,False,4,3,8
6024,2,1,False,4,3,20
6078,2,1,False,2,3,26
6156,2,1,False,1,12,9
6157,2,1,False,1,3,18
6674,2,1,False,2,3,26
6796,2,1,False,6,80,4
6806,2,1,False,5,10,8
7012,2,1,False,2,3,5
7246,2,1,False,5,3,5
7480,2,1,False,5,3,17
7750,2,1,False,3,114,20
8143,2,1,False,3,135,8
8878,2,1,False,3,30,12
9245,2,1,False,4,3,26
11012,2,1,False,0,-1,12
11796,2,1,False,1,105,20
13556,2,1,False,3,62,27
13586,2,1,False,3,62,12
13928,2,1,False,2,135,8
14056,2,1,False,4,135,18
15082,2,1,False,1,43,8
15240,2,1,False,1,106,25
15277,2,1,False,0,-1,20
15316,2,1,False,3,706,12
15385,2,1,False,3,105,3
15545,2,1,False,5,70,2
15620,2,1,False,1,43,17
15697,2,1,False,1,726,28
16026,2,1,False,4,19,12
16452,2,1,False,0,-1,5
16586,2,1,False,2,27,28
16717,2,1,False,3,40,13
16918,2,1,False,5,25,8
17211,2,1,False,4,74,25
17541,2,1,False,3,126,9
17581,2,1,False,3,0,20
17744,2,1,False,2,14,17
17745,2,1,False,1,137,25
17869,2,1,False,0,-1,10
18356,2,1,False,3,14,9
20308,2,1,False,1,936,18
20316,2,1,False,3,25,24
20832,2,1,False,0,-1,24
20889,2,1,False,1,62,12
21127,2,1,False,3,28,11
21538,2,1,False,2,48,18
21861,2,1,False,3,106,12
22689,2,1,False,2,106,20
22985,2,1,False,2,10,12
23046,2,1,False,4,26,4
23173,2,1,False,4,63,24
23533,2,1,False,3,35,8
23671,2,1,False,3,135,20
23844,2,1,False,3,1101,9
24313,2,1,False,5,22,3
24367,2,1,False,2,53,8
24460,2,1,False,1,1157,10
24514,2,1,False,3,294,17
26408,2,1,False,2,74,8
26609,2,1,False,1,53,25
27423,2,1,False,1,1267,20
28251,2,1,False,3,31,18
28295,2,1,False,3,44,9
28360,2,1,False,1,1290,5
28583,2,1,False,6,16,18
29187,2,1,False,3,51,12
30420,2,1,False,4,25,4
31322,2,1,False,1,25,18
31338,2,1,False,4,25,11
31370,2,1,False,0,-1,1
31555,2,1,False,1,1453,18
33038,2,1,False,2,1485,25
33458,2,1,False,5,20,9
33891,2,1,False,2,1520,20
34942,2,1,False,2,1563,17
35009,2,1,False,4,18,12
35010,2,1,False,4,0,12
35316,2,1,False,4,105,18
35366,2,1,False,6,111,11
35373,2,1,False,5,58,3
35530,2,1,False,3,126,25
36428,2,1,False,6,28,8
36861,2,1,False,1,1686,19
37568,2,1,False,3,1679,8
37881,2,1,False,3,86,4
38944,2,1,False,2,63,12
39026,2,1,False,5,25,27
39399,2,1,False,4,62,26
39974,2,1,False,2,23,9
40761,2,1,False,2,237,12
40920,2,1,False,4,56,4
41140,2,1,False,2,10,24
41499,2,1,False,0,-1,12
41541,2,1,False,0,-1,17
41947,2,1,False,4,27,9
41995,2,1,False,6,63,3
42120,2,1,False,1,1866,8
42938,2,1,False,5,63,12
43082,2,1,False,4,6,26
43425,2,1,False,6,68,12
44284,2,1,False,0,-1,20
44301,2,1,False,4,179,27
44414,2,1,False,2,48,16
44433,2,1,False,1,2,11
45189,2,1,False,1,1983,25
45331,2,1,False,5,18,20
45704,2,1,False,2,62,8
45729,2,1,False,3,14,17
46225,2,1,False,1,59,12
46325,2,1,False,3,72,9
46416,2,1,False,2,72,9
46800,2,1,False,3,10,13
46901,2,1,False,4,72,5
47293,2,1,False,1,2083,5
48096,2,1,False,1,64,8
48120,2,1,False,3,0,18
48491,2,1,False,4,126,1
48515,2,1,False,5,86,3
48535,2,1,False,1,105,9
49847,2,1,False,4,0,12
49910,2,1,False,4,0,12
51386,2,1,False,4,12,4
51862,2,1,False,4,2,9
51913,2,1,False,3,12,24
52318,2,1,False,5,35,5
52412,2,1,False,5,12,11
53621,2,1,False,3,80,12
53674,2,1,False,1,179,5
54592,2,1,False,3,30,8
55013,2,1,False,2,30,9
55214,2,1,False,1,2376,12
55369,2,1,False,4,221,12
55894,2,1,False,3,1,20
56555,2,1,False,3,2422,4
56700,2,1,False,1,30,8
57074,2,1,False,1,2444,13
57135,2,1,False,4,27,9
59324,2,1,False,1,62,20
59442,2,1,False,1,2550,18
60559,2,1,False,1,2648,27
62178,2,1,False,3,95,11
62286,2,1,False,2,139,12
62695,2,1,False,4,139,12
62921,2,1,False,2,2697,18
64255,2,1,False,1,667,5
64498,2,1,False,2,2,12
64656,2,1,False,1,2767,12
65588,2,1,False,0,-1,17
65627,2,1,False,3,0,9
65749,2,1,False,1,2850,12
65917,2,1,False,2,135,18
65957,2,1,False,0,-1,9
66128,2,1,False,2,43,4
66178,2,1,False,1,1,20
66212,2,1,False,4,22,9
66313,2,1,False,3,12,9
67330,2,1,False,3,2903,14
67690,2,1,False,2,10,25
67700,2,1,False,0,-1,18
3,1,1,False,3,0,14
5,1,1,False,3,0,14
6,1,1,False,0,-1,12
7,1,1,False,1,1,22
11,1,1,False,1,3,14
13,1,1,False,0,-1,9
14,1,1,False,1,114,12
18,1,1,False,0,-1,20
21,1,1,False,2,3,7
23,1,1,False,0,-1,8
24,1,1,False,0,-1,15
26,1,1,False,2,106,15
31,1,1,False,2,3,14
32,1,1,False,2,3,14
34,1,1,False,2,70,3
36,1,1,False,0,-1,14
37,1,1,False,0,-1,17
38,1,1,False,3,10,12
39,1,1,False,3,10,12
45,1,1,False,2,3,5
50,1,1,False,3,3,8
52,1,1,False,0,-1,24
53,1,1,False,2,11,24
54,1,1,False,2,11,24
55,1,1,False,2,11,24
57,1,1,False,2,53,14
59,1,1,False,1,13,12
60,1,1,False,1,13,12
63,1,1,False,1,3,11
65,1,1,False,1,3,22
67,1,1,False,0,-1,2
70,1,1,False,1,3,13
72,1,1,False,2,3,5
74,1,1,False,2,3,5
75,1,1,False,0,-1,12
76,1,1,False,2,14,24
78,1,1,False,2,14,24
79,1,1,False,0,-1,27
82,1,1,False,0,-1,21
84,1,1,False,0,-1,26
87,1,1,False,3,16,15
88,1,1,False,3,16,15
89,1,1,False,1,3,21
91,1,1,False,0,-1,5
95,1,1,False,3,3,18
96,1,1,False,3,3,18
97,1,1,False,3,3,18
99,1,1,False,0,-1,9
103,1,1,False,0,-1,8
105,1,1,False,1,18,25
111,1,1,False,0,-1,14
112,1,1,False,0,-1,17
114,1,1,False,2,19,18
115,1,1,False,2,19,18
117,1,1,False,1,20,8
118,1,1,False,1,21,7
119,1,1,False,1,21,7
123,1,1,False,1,3,12
127,1,1,False,0,-1,13
128,1,1,False,1,22,8
131,1,1,False,0,-1,13
135,1,1,False,0,-1,10
142,1,1,False,3,25,18
143,1,1,False,3,25,18
148,1,1,False,3,3,5
149,1,1,False,3,3,5
152,1,1,False,0,-1,3
153,1,1,False,1,26,18
156,1,1,False,2,3,14
157,1,1,False,2,3,14
158,1,1,False,0,-1,20
161,1,1,False,0,-1,14
162,1,1,False,2,27,18
163,1,1,False,2,27,18
165,1,1,False,2,3,7
166,1,1,False,2,3,7
168,1,1,False,0,-1,13
169,1,1,False,0,-1,12
179,1,1,False,2,3,12
181,1,1,False,0,-1,3
184,1,1,False,2,114,5
186,1,1,False,1,29,7
187,1,1,False,1,29,7
188,1,1,False,0,-1,14
190,1,1,False,0,-1,12
196,1,1,False,1,31,4
198,1,1,False,0,-1,12
199,1,1,False,1,32,14
200,1,1,False,1,32,14
201,1,1,False,1,3,14
204,1,1,False,1,33,8
205,1,1,False,1,33,8
206,1,1,False,1,34,12
207,1,1,False,1,34,12
208,1,1,False,1,35,15
214,1,1,False,1,45,22
216,1,1,False,0,-1,13
222,1,1,False,0,-1,12
223,1,1,False,1,3,14
225,1,1,False,2,3,5
227,1,1,False,2,3,5
228,1,1,False,3,37,23
229,1,1,False,3,37,23
230,1,1,False,3,37,23
233,1,1,False,1,3,22
236,1,1,False,1,114,7
237,1,1,False,2,38,22
239,1,1,False,2,38,22
240,1,1,False,0,-1,17
242,1,1,False,0,-1,18
243,1,1,False,3,3,16
245,1,1,False,3,3,16
247,1,1,False,0,-1,18
249,1,1,False,1,3,8
251,1,1,False,0,-1,12
252,1,1,False,3,3,14
253,1,1,False,3,3,14
256,1,1,False,1,39,2
257,1,1,False,1,39,2
259,1,1,False,0,-1,12
261,1,1,False,1,40,14
264,1,1,False,2,80,8
265,1,1,False,2,80,8
267,1,1,False,2,126,4
269,1,1,False,2,126,4
270,1,1,False,2,3,18
272,1,1,False,2,3,18
277,1,1,False,0,-1,25
278,1,1,False,1,3,13
281,1,1,False,1,80,22
283,1,1,False,0,-1,18
284,1,1,False,2,19,9
285,1,1,False,2,19,9
288,1,1,False,1,43,9
290,1,1,False,0,-1,13
293,1,1,False,2,44,20
294,1,1,False,0,-1,18
297,1,1,False,3,3,12
300,1,1,False,3,72,18
301,1,1,False,3,72,18
302,1,1,False,3,72,18
303,1,1,False,1,25,12
305,1,1,False,0,-1,13
306,1,1,False,2,3,24
309,1,1,False,1,3,12
311,1,1,False,1,47,14
312,1,1,False,1,47,14
314,1,1,False,2,3,15
315,1,1,False,2,3,15
317,1,1,False,0,-1,9
320,1,1,False,2,48,18
321,1,1,False,3,3,12
323,1,1,False,3,3,12
328,1,1,False,0,-1,4
329,1,1,False,0,-1,5
330,1,1,False,3,19,12
332,1,1,False,3,19,12
333,1,1,False,3,19,12
334,1,1,False,0,-1,24
336,1,1,False,0,-1,4
337,1,1,False,0,-1,4
340,1,1,False,0,-1,15
341,1,1,False,3,27,8
343,1,1,False,3,27,8
346,1,1,False,2,23,18
349,1,1,False,1,3,2
352,1,1,False,1,49,14
353,1,1,False,1,49,14
354,1,1,False,1,50,28
355,1,1,False,1,50,28
356,1,1,False,0,-1,6
357,1,1,False,0,-1,12
359,1,1,False,0,-1,12
362,1,1,False,2,51,12
365,1,1,False,0,-1,12
369,1,1,False,1,14,1
371,1,1,False,0,-1,14
378,1,1,False,0,-1,14
379,1,1,False,0,-1,18
381,1,1,False,2,3,14
384,1,1,False,0,-1,20
385,1,1,False,0,-1,18
387,1,1,False,1,28,10
388,1,1,False,0,-1,20
389,1,1,False,0,-1,9
391,1,1,False,1,3,13
394,1,1,False,0,-1,18
395,1,1,False,0,-1,9
403,1,1,False,0,-1,9
404,1,1,False,1,55,8
405,1,1,False,1,55,8
406,1,1,False,1,126,14
411,1,1,False,3,3,8
413,1,1,False,3,3,8
414,1,1,False,2,80,12
415,1,1,False,2,80,12
418,1,1,False,0,-1,18
422,1,1,False,3,54,4
423,1,1,False,3,54,4
424,1,1,False,1,25,11
428,1,1,False,1,3,24
430,1,1,False,1,3,12
432,1,1,False,0,-1,27
439,1,1,False,1,57,12
441,1,1,False,2,3,5
442,1,1,False,2,3,5
444,1,1,False,0,-1,12
445,1,1,False,0,-1,5
446,1,1,False,3,3,25
449,1,1,False,3,3,25
452,1,1,False,1,80,8
454,1,1,False,1,3,5
457,1,1,False,1,3,18
458,1,1,False,0,-1,8
462,1,1,False,2,44,13
464,1,1,False,2,44,13
465,1,1,False,0,-1,20
468,1,1,False,2,7,12
472,1,1,False,0,-1,5
476,1,1,False,3,3,20
477,1,1,False,3,3,20
478,1,1,False,3,3,20
480,1,1,False,1,60,5
481,1,1,False,1,60,5
484,1,1,False,1,54,18
486,1,1,False,1,61,18
487,1,1,False,1,61,18
489,1,1,False,3,3,11
494,1,1,False,1,62,6
497,1,1,False,2,43,13
498,1,1,False,2,43,13
500,1,1,False,0,-1,5
502,1,1,False,1,63,11
505,1,1,False,2,73,20
506,1,1,False,0,-1,8
507,1,1,False,3,25,12
517,1,1,False,3,3,12
518,1,1,False,3,3,12
519,1,1,False,0,-1,12
520,1,1,False,0,-1,13
521,1,1,False,0,-1,12
523,1,1,False,0,-1,20
528,1,1,False,1,65,5
529,1,1,False,1,65,5
534,1,1,False,2,3,18
539,1,1,False,2,66,4
540,1,1,False,2,66,4
541,1,1,False,2,66,4
548,1,1,False,2,10,9
550,1,1,False,1,18,18
553,1,1,False,1,35,9
554,1,1,False,2,3,20
556,1,1,False,2,3,20
557,1,1,False,1,67,15
558,1,1,False,1,67,15
564,1,1,False,1,62,6
566,1,1,False,0,-1,5
569,1,1,False,2,3,18
570,1,1,False,3,80,2
573,1,1,False,3,80,2
577,1,1,False,2,3,4
578,1,1,False,2,3,4
581,1,1,False,1,3,8
582,1,1,False,0,-1,25
584,1,1,False,2,27,14
587,1,1,False,0,-1,9
589,1,1,False,3,3,14
591,1,1,False,3,3,14
595,1,1,False,2,3,8
602,1,1,False,0,-1,12
603,1,1,False,0,-1,12
604,1,1,False,0,-1,11
605,1,1,False,0,-1,22
608,1,1,False,1,69,9
609,1,1,False,1,69,9
610,1,1,False,0,-1,14
611,1,1,False,0,-1,18
612,1,1,False,0,-1,28
614,1,1,False,0,-1,22
615,1,1,False,0,-1,4
621,1,1,False,3,3,11
623,1,1,False,3,3,11
628,1,1,False,3,3,7
632,1,1,False,0,-1,8
633,1,1,False,1,37,14
635,1,1,False,0,-1,11
638,1,1,False,2,53,14
643,1,1,False,3,3,24
644,1,1,False,3,3,24
649,1,1,False,0,-1,8
651,1,1,False,1,3,17
653,1,1,False,1,7,1
655,1,1,False,0,-1,27
660,1,1,False,0,-1,18
662,1,1,False,2,62,12
663,1,1,False,2,62,12
665,1,1,False,0,-1,18
671,1,1,False,1,71,12
672,1,1,False,1,3,20
674,1,1,False,1,3,20
679,1,1,False,3,37,6
680,1,1,False,3,37,6
689,1,1,False,0,-1,20
692,1,1,False,2,75,20
694,1,1,False,2,75,20
702,1,1,False,1,3,12
706,1,1,False,0,-1,17
711,1,1,False,1,76,14
712,1,1,False,0,-1,8
713,1,1,False,0,-1,18
715,1,1,False,2,3,5
720,1,1,False,1,77,24
721,1,1,False,1,77,24
722,1,1,False,0,-1,14
724,1,1,False,3,3,18
726,1,1,False,3,3,18
727,1,1,False,3,3,18
728,1,1,False,2,70,5
733,1,1,False,2,10,22
739,1,1,False,1,3,13
744,1,1,False,1,79,11
748,1,1,False,0,-1,5
754,1,1,False,0,-1,14
755,1,1,False,0,-1,28
760,1,1,False,0,-1,6
761,1,1,False,0,-1,18
762,1,1,False,0,-1,23
764,1,1,False,0,-1,15
767,1,1,False,1,81,12
768,1,1,False,1,81,12
769,1,1,False,1,82,28
770,1,1,False,1,82,28
771,1,1,False,0,-1,26
773,1,1,False,0,-1,24
775,1,1,False,0,-1,13
776,1,1,False,0,-1,6
777,1,1,False,0,-1,4
778,1,1,False,0,-1,8
780,1,1,False,2,58,16
782,1,1,False,0,-1,14
784,1,1,False,1,3,12
785,1,1,False,0,-1,10
790,1,1,False,0,-1,12
793,1,1,False,1,72,14
796,1,1,False,0,-1,4
797,1,1,False,0,-1,14
798,1,1,False,0,-1,2
800,1,1,False,1,3,12
801,1,1,False,0,-1,9
802,1,1,False,2,3,4
804,1,1,False,2,3,4
807,1,1,False,1,80,9
810,1,1,False,1,3,8
812,1,1,False,3,114,12
816,1,1,False,1,84,7
817,1,1,False,1,84,7
818,1,1,False,0,-1,14
819,1,1,False,0,-1,15
821,1,1,False,1,85,14
822,1,1,False,1,35,12
829,1,1,False,2,3,25
832,1,1,False,0,-1,25
835,1,1,False,1,53,1
839,1,1,False,1,95,4
844,1,1,False,2,3,13
849,1,1,False,3,22,21
851,1,1,False,3,22,21
853,1,1,False,0,-1,5
858,1,1,False,1,3,5
864,1,1,False,2,88,18
866,1,1,False,2,88,18
867,1,1,False,1,12,18
869,1,1,False,3,3,18
874,1,1,False,2,3,9
876,1,1,False,2,3,9
877,1,1,False,1,89,15
880,1,1,False,1,90,5
881,1,1,False,0,-1,12
882,1,1,False,1,3,14
884,1,1,False,0,-1,2
886,1,1,False,1,16,8
887,1,1,False,1,3,20
892,1,1,False,0,-1,5
894,1,1,False,0,-1,20
895,1,1,False,3,91,14
897,1,1,False,3,91,14
898,1,1,False,3,91,14
900,1,1,False,1,179,18
904,1,1,False,0,-1,18
907,1,1,False,1,93,6
909,1,1,False,0,-1,28
911,1,1,False,2,44,18
912,1,1,False,2,44,18
913,1,1,False,0,-1,20
914,1,1,False,0,-1,9
915,1,1,False,0,-1,5
917,1,1,False,1,3,21
919,1,1,False,1,94,5
922,1,1,False,1,3,14
925,1,1,False,0,-1,14
927,1,1,False,1,3,8
931,1,1,False,2,3,12
933,1,1,False,2,3,12
934,1,1,False,1,3,2
936,1,1,False,1,80,28
942,1,1,False,0,-1,13
944,1,1,False,2,10,18
951,1,1,False,0,-1,18
952,1,1,False,0,-1,21
953,1,1,False,0,-1,15
954,1,1,False,0,-1,20
955,1,1,False,0,-1,14
960,1,1,False,0,-1,14
964,1,1,False,2,56,25
965,1,1,False,2,56,25
968,1,1,False,3,3,5
969,1,1,False,3,3,5
975,1,1,False,1,95,8
976,1,1,False,0,-1,6
977,1,1,False,0,-1,24
981,1,1,False,0,-1,20
982,1,1,False,2,3,2
985,1,1,False,3,6,28
987,1,1,False,3,6,28
988,1,1,False,3,6,28
992,1,1,False,1,96,20
993,1,1,False,1,96,20
994,1,1,False,1,3,12
997,1,1,False,1,3,12
1001,1,1,False,1,97,24
1004,1,1,False,3,3,20
1006,1,1,False,3,3,20
1007,1,1,False,3,3,20
1009,1,1,False,3,164,4
1011,1,1,False,3,164,4
1013,1,1,False,1,3,14
1014,1,1,False,1,99,12
1015,1,1,False,1,99,12
1018,1,1,False,2,44,14
1021,1,1,False,2,48,12
1022,1,1,False,2,48,12
1025,1,1,False,0,-1,1
1026,1,1,False,0,-1,13
1030,1,1,False,2,56,20
1032,1,1,False,2,56,20
1033,1,1,False,3,31,4
1037,1,1,False,1,3,9
1042,1,1,False,3,3,12
1043,1,1,False,1,101,13
1044,1,1,False,1,101,13
1045,1,1,False,1,102,24
1046,1,1,False,1,102,24
1049,1,1,False,0,-1,18
1051,1,1,False,0,-1,13
1054,1,1,False,0,-1,22
1056,1,1,False,0,-1,12
1058,1,1,False,1,103,26
1059,1,1,False,1,103,26
1062,1,1,False,0,-1,13
1063,1,1,False,1,104,12
1064,1,1,False,1,104,12
1067,1,1,False,1,3,27
1068,1,1,False,0,-1,5
1071,1,1,False,1,27,14
1074,1,1,False,0,-1,25
1076,1,1,False,1,105,22
1078,1,1,False,0,-1,4
1079,1,1,False,2,6,9
1082,1,1,False,3,97,26
1083,1,1,False,3,97,26
1085,1,1,False,3,97,26
1086,1,1,False,2,3,13
1089,1,1,False,1,72,14
1091,1,1,False,0,-1,12
1096,1,1,False,0,-1,23
1097,1,1,False,0,-1,10
1099,1,1,False,0,-1,12
1101,1,1,False,1,45,9
1107,1,1,False,0,-1,22
1116,1,1,False,0,-1,4
1119,1,1,False,1,107,12
1120,1,1,False,1,107,12
1122,1,1,False,0,-1,12
1123,1,1,False,0,-1,17
1131,1,1,False,1,3,12
1132,1,1,False,2,44,11
1133,1,1,False,2,44,11
1135,1,1,False,0,-1,5
1137,1,1,False,3,3,14
1140,1,1,False,0,-1,20
1141,1,1,False,2,70,22
1143,1,1,False,2,70,22
1144,1,1,False,0,-1,18
1145,1,1,False,0,-1,18
1146,1,1,False,1,108,18
1151,1,1,False,3,3,12
1153,1,1,False,0,-1,5
1155,1,1,False,1,3,14
1158,1,1,False,0,-1,23
1159,1,1,False,1,1,5
1161,1,1,False,1,3,24
1164,1,1,False,0,-1,14
1167,1,1,False,2,28,5
1168,1,1,False,0,-1,14
1169,1,1,False,1,3,6
1171,1,1,False,0,-1,28
1178,1,1,False,2,44,11
1180,1,1,False,0,-1,5
1181,1,1,False,0,-1,26
1186,1,1,False,3,23,26
1188,1,1,False,0,-1,14
1189,1,1,False,1,109,12
1190,1,1,False,1,109,12
1191,1,1,False,0,-1,7
1193,1,1,False,1,3,12
1197,1,1,False,3,3,11
1198,1,1,False,0,-1,5
1203,1,1,False,1,110,12
1204,1,1,False,1,110,12
1206,1,1,False,0,-1,24
1210,1,1,False,1,111,18
1215,1,1,False,0,-1,12
1221,1,1,False,0,-1,12
1226,1,1,False,1,112,8
1227,1,1,False,1,112,8
1231,1,1,False,0,-1,26
1232,1,1,False,3,3,5
1233,1,1,False,3,3,5
1234,1,1,False,3,3,5
1238,1,1,False,3,3,25
1243,1,1,False,2,3,12
1244,1,1,False,0,-1,20
1247,1,1,False,0,-1,6
1248,1,1,False,0,-1,14
1249,1,1,False,0,-1,18
1254,1,1,False,2,30,5
1255,1,1,False,2,30,5
1256,1,1,False,0,-1,15
1257,1,1,False,0,-1,15
1266,1,1,False,0,-1,26
1267,1,1,False,0,-1,12
1268,1,1,False,1,3,27
1271,1,1,False,1,10,13
1276,1,1,False,0,-1,5
1277,1,1,False,1,126,15
1281,1,1,False,1,113,13
1286,1,1,False,3,3,14
1287,1,1,False,3,3,14
1289,1,1,False,3,3,14
1290,1,1,False,0,-1,14
1293,1,1,False,3,3,5
1294,1,1,False,3,3,5
1295,1,1,False,0,-1,9
1297,1,1,False,0,-1,5
1300,1,1,False,0,-1,25
1302,1,1,False,2,3,3
1303,1,1,False,2,3,3
1311,1,1,False,2,0,18
1315,1,1,False,0,-1,5
1322,1,1,False,1,3,11
1325,1,1,False,1,3,13
1329,1,1,False,0,-1,12
1335,1,1,False,2,3,20
1338,1,1,False,2,115,18
1339,1,1,False,2,115,18
1341,1,1,False,0,-1,5
1342,1,1,False,1,116,27
1345,1,1,False,1,10,15
1350,1,1,False,3,31,12
1352,1,1,False,3,31,12
1353,1,1,False,1,118,10
1354,1,1,False,1,118,10
1356,1,1,False,1,119,6
1357,1,1,False,1,119,6
1360,1,1,False,2,3,8
1363,1,1,False,0,-1,13
1364,1,1,False,1,120,10
1365,1,1,False,1,120,10
1368,1,1,False,0,-1,18
1369,1,1,False,3,3,5
1370,1,1,False,3,3,5
1373,1,1,False,0,-1,12
1374,1,1,False,0,-1,5
1377,1,1,False,1,3,5
1384,1,1,False,1,3,28
1386,1,1,False,0,-1,19
1388,1,1,False,1,3,4
1389,1,1,False,3,3,12
1391,1,1,False,3,3,12
1392,1,1,False,3,3,12
1394,1,1,False,1,62,25
1400,1,1,False,1,3,15
1402,1,1,False,0,-1,18
1403,1,1,False,0,-1,12
1404,1,1,False,2,3,5
1405,1,1,False,2,3,5
1407,1,1,False,0,-1,23
1411,1,1,False,1,3,18
1415,1,1,False,3,3,8
1420,1,1,False,2,3,11
1421,1,1,False,2,3,11
1422,1,1,False,1,121,28
1423,1,1,False,1,121,28
1424,1,1,False,3,122,26
1425,1,1,False,3,122,26
1426,1,1,False,3,122,26
1427,1,1,False,3,122,26
1428,1,1,False,0,-1,18
1429,1,1,False,0,-1,12
1436,1,1,False,2,3,8
1440,1,1,False,1,3,17
1442,1,1,False,2,179,23
1448,1,1,False,0,-1,12
1454,1,1,False,2,142,18
1457,1,1,False,3,3,5
1458,1,1,False,3,3,5
1459,1,1,False,3,3,5
1461,1,1,False,0,-1,12
1462,1,1,False,3,44,13
1464,1,1,False,3,44,13
1467,1,1,False,2,3,18
1468,1,1,False,2,3,18
1470,1,1,False,1,3,5
1471,1,1,False,1,3,13
1473,1,1,False,2,3,15
1474,1,1,False,2,3,15
1476,1,1,False,0,-1,21
1478,1,1,False,1,3,12
1480,1,1,False,1,124,14
1481,1,1,False,1,114,12
1486,1,1,False,2,44,17
1489,1,1,False,1,12,12
1490,1,1,False,3,125,20
1491,1,1,False,3,125,20
1492,1,1,False,3,125,20
1493,1,1,False,3,125,20
1495,1,1,False,1,3,9
1498,1,1,False,1,25,4
1503,1,1,False,0,-1,14
1506,1,1,False,0,-1,14
1507,1,1,False,0,-1,17
1508,1,1,False,0,-1,13
1509,1,1,False,0,-1,18
1510,1,1,False,1,16,16
1513,1,1,False,2,126,18
1516,1,1,False,1,3,12
1518,1,1,False,0,-1,14
1520,1,1,False,2,3,11
1523,1,1,False,0,-1,5
1524,1,1,False,0,-1,18
1526,1,1,False,1,43,14
1527,1,1,False,0,-1,6
1530,1,1,False,3,28,13
1532,1,1,False,0,-1,15
1536,1,1,False,3,19,17
1537,1,1,False,3,19,17
1540,1,1,False,1,3,15
1543,1,1,False,0,-1,11
1544,1,1,False,0,-1,2
1545,1,1,False,1,127,6
1546,1,1,False,1,127,6
1549,1,1,False,2,97,28
1551,1,1,False,0,-1,20
1552,1,1,False,1,3,4
1556,1,1,False,0,-1,20
1558,1,1,False,3,54,5
1562,1,1,False,0,-1,18
1563,1,1,False,0,-1,12
1566,1,1,False,2,80,11
1569,1,1,False,2,3,20
1573,1,1,False,3,3,21
1575,1,1,False,0,-1,27
1578,1,1,False,1,3,20
1581,1,1,False,1,128,13
1584,1,1,False,0,-1,20
1585,1,1,False,0,-1,12
1587,1,1,False,1,53,25
1590,1,1,False,1,129,5
1591,1,1,False,1,129,5
1595,1,1,False,2,3,13
1597,1,1,False,2,3,13
1600,1,1,False,2,3,20
1603,1,1,False,1,3,14
1605,1,1,False,1,3,12
1606,1,1,False,0,-1,14
1607,1,1,False,1,3,9
1612,1,1,False,3,3,18
1623,1,1,False,3,86,5
1627,1,1,False,0,-1,9
1628,1,1,False,1,3,22
1641,1,1,False,0,-1,25
1645,1,1,False,3,3,19
1650,1,1,False,1,131,12
1651,1,1,False,1,131,12
1658,1,1,False,1,133,14
1661,1,1,False,0,-1,14
1662,1,1,False,2,3,13
1665,1,1,False,0,-1,18
1669,1,1,False,0,-1,17
1671,1,1,False,0,-1,10
1673,1,1,False,1,134,22
1679,1,1,False,0,-1,20
1682,1,1,False,0,-1,5
1687,1,1,False,1,31,12
1689,1,1,False,1,62,5
1690,1,1,False,0,-1,2
1692,1,1,False,2,3,14
1699,1,1,False,3,45,2
1703,1,1,False,2,53,9
1706,1,1,False,0,-1,14
1707,1,1,False,0,-1,5
1711,1,1,False,3,3,9
1712,1,1,False,3,3,9
1714,1,1,False,1,3,9
1715,1,1,False,1,136,18
1716,1,1,False,1,136,18
1718,1,1,False,2,3,12
1720,1,1,False,3,137,9
1721,1,1,False,3,137,9
1724,1,1,False,0,-1,12
1729,1,1,False,3,2,12
1731,1,1,False,0,-1,18
1735,1,1,False,1,3,5
1738,1,1,False,2,114,4
1742,1,1,False,1,62,8
1744,1,1,False,1,3,21
1747,1,1,False,0,-1,6
1749,1,1,False,3,3,12
1750,1,1,False,3,3,12
1752,1,1,False,3,30,27
1757,1,1,False,1,3,12
1761,1,1,False,1,138,18
1762,1,1,False,1,138,18
1765,1,1,False,1,3,6
1766,1,1,False,0,-1,26
1767,1,1,False,1,3,6
1772,1,1,False,0,-1,18
1773,1,1,False,0,-1,25
1775,1,1,False,0,-1,14
1780,1,1,False,1,26,21
1787,1,1,False,0,-1,12
1790,1,1,False,0,-1,14
1794,1,1,False,0,-1,14
1795,1,1,False,1,3,12
1798,1,1,False,1,140,20
1799,1,1,False,1,140,20
1805,1,1,False,3,3,15
1806,1,1,False,3,3,15
1807,1,1,False,3,3,15
1808,1,1,False,0,-1,15
1811,1,1,False,2,126,18
1812,1,1,False,1,141,12
1813,1,1,False,1,141,12
1814,1,1,False,3,0,18
1816,1,1,False,3,0,18
1817,1,1,False,3,0,18
1822,1,1,False,3,142,18
1823,1,1,False,3,142,18
1825,1,1,False,1,143,11
1826,1,1,False,1,143,11
1832,1,1,False,1,52,12
1834,1,1,False,0,-1,28
1836,1,1,False,1,3,12
1837,1,1,False,2,3,15
1843,1,1,False,2,114,26
1845,1,1,False,2,114,26
1847,1,1,False,1,68,14
1850,1,1,False,2,2,16
1853,1,1,False,3,72,13
1856,1,1,False,3,3,22
1857,1,1,False,3,3,22
1865,1,1,False,1,145,12
1866,1,1,False,3,3,9
1873,1,1,False,2,3,18
1879,1,1,False,1,58,6
1883,1,1,False,0,-1,12
1884,1,1,False,1,146,8
1885,1,1,False,1,146,8
1886,1,1,False,0,-1,5
1887,1,1,False,1,51,18
1890,1,1,False,2,3,4
1891,1,1,False,2,3,4
1892,1,1,False,0,-1,17
1894,1,1,False,2,3,20
1899,1,1,False,2,3,7
1900,1,1,False,2,3,7
1901,1,1,False,0,-1,5
1907,1,1,False,3,3,6
1909,1,1,False,3,3,6
1910,1,1,False,3,3,6
1911,1,1,False,3,28,24
1916,1,1,False,2,22,8
1919,1,1,False,1,19,20
1922,1,1,False,3,3,9
1926,1,1,False,0,-1,9
1928,1,1,False,1,30,17
1931,1,1,False,2,3,17
1934,1,1,False,1,3,9
1936,1,1,False,0,-1,24
1939,1,1,False,2,74,15
1942,1,1,False,1,63,12
1943,1,1,False,1,3,12
1945,1,1,False,0,-1,20
1946,1,1,False,2,37,12
1949,1,1,False,2,147,14
1950,1,1,False,2,147,14
1951,1,1,False,2,147,14
1952,1,1,False,0,-1,13
1953,1,1,False,3,22,26
1959,1,1,False,1,148,6
1960,1,1,False,1,148,6
1963,1,1,False,2,3,18
1967,1,1,False,0,-1,15
1971,1,1,False,2,35,5
1972,1,1,False,2,35,5
1974,1,1,False,3,149,6
1975,1,1,False,3,149,6
1976,1,1,False,3,149,6
1977,1,1,False,3,149,6
1978,1,1,False,0,-1,12
1979,1,1,False,0,-1,8
1980,1,1,False,0,-1,17
1981,1,1,False,0,-1,13
1985,1,1,False,3,0,20
1989,1,1,False,2,150,12
1990,1,1,False,2,150,12
1991,1,1,False,2,150,12
1995,1,1,False,3,51,16
1998,1,1,False,3,51,16
1999,1,1,False,0,-1,5
2000,1,1,False,0,-1,14
2001,1,1,False,3,151,12
2002,1,1,False,3,151,12
2003,1,1,False,3,151,12
2004,1,1,False,3,151,12
2008,1,1,False,0,-1,14
2010,1,1,False,3,64,17
2011,1,1,False,3,64,17
2014,1,1,False,1,58,6
2017,1,1,False,3,2,5
2021,1,1,False,1,3,15
2024,1,1,False,3,3,5
2029,1,1,False,1,153,12
2030,1,1,False,0,-1,14
2033,1,1,False,3,135,18
2034,1,1,False,3,135,18
2035,1,1,False,1,154,27
2036,1,1,False,1,154,27
2037,1,1,False,0,-1,12
2038,1,1,False,1,155,9
2039,1,1,False,1,155,9
2045,1,1,False,0,-1,12
2047,1,1,False,2,3,13
2048,1,1,False,2,3,13
2052,1,1,False,1,3,23
2054,1,1,False,2,3,5
2055,1,1,False,2,3,5
2059,1,1,False,1,157,4
2061,1,1,False,1,3,17
2062,1,1,False,0,-1,13
2063,1,1,False,0,-1,4
2066,1,1,False,2,3,22
2070,1,1,False,1,158,5
2071,1,1,False,1,158,5
2072,1,1,False,0,-1,18
2076,1,1,False,2,62,10
2079,1,1,False,0,-1,14
2082,1,1,False,2,80,2
2083,1,1,False,2,80,2
2087,1,1,False,3,80,28
2090,1,1,False,0,-1,6
2091,1,1,False,1,159,6
2092,1,1,False,1,159,6
2098,1,1,False,1,160,14
2102,1,1,False,0,-1,6
2105,1,1,False,2,3,25
2107,1,1,False,2,3,25
2108,1,1,False,0,-1,15
2109,1,1,False,0,-1,20
2118,1,1,False,0,-1,5
2121,1,1,False,3,3,7
2123,1,1,False,3,3,7
2133,1,1,False,1,12,12
2135,1,1,False,1,161,5
2138,1,1,False,2,16,9
2141,1,1,False,2,3,8
2142,1,1,False,2,3,8
2144,1,1,False,0,-1,16
2145,1,1,False,0,-1,4
2146,1,1,False,1,162,13
2147,1,1,False,1,162,13
2148,1,1,False,1,111,25
2153,1,1,False,2,51,14
2154,1,1,False,2,51,14
2160,1,1,False,0,-1,8
2162,1,1,False,2,163,1
2163,1,1,False,2,163,1
2164,1,1,False,2,163,1
2166,1,1,False,1,3,7
2168,1,1,False,1,3,12
2169,1,1,False,0,-1,15
2171,1,1,False,0,-1,28
2174,1,1,False,1,3,14
2176,1,1,False,0,-1,12
2177,1,1,False,0,-1,12
2180,1,1,False,2,111,18
2182,1,1,False,2,111,18
2183,1,1,False,3,3,12
2185,1,1,False,3,3,12
2186,1,1,False,3,3,12
2191,1,1,False,2,3,9
2192,1,1,False,2,3,9
2199,1,1,False,2,10,12
2208,1,1,False,3,22,26
2209,1,1,False,3,22,26
2211,1,1,False,1,3,12
2214,1,1,False,2,165,17
2215,1,1,False,2,165,17
2216,1,1,False,2,165,17
2220,1,1,False,1,3,13
2225,1,1,False,3,2,26
2228,1,1,False,3,2,26
2229,1,1,False,0,-1,6
2230,1,1,False,1,80,14
2232,1,1,False,0,-1,28
2234,1,1,False,3,126,4
2238,1,1,False,3,3,18
2239,1,1,False,3,3,18
2242,1,1,False,2,12,8
2245,1,1,False,0,-1,9
2247,1,1,False,1,53,28
2248,1,1,False,0,-1,5
2250,1,1,False,0,-1,5
2251,1,1,False,0,-1,12
2256,1,1,False,2,3,4
2257,1,1,False,0,-1,11
2258,1,1,False,1,3,17
2261,1,1,False,0,-1,18
2262,1,1,False,1,3,13
2264,1,1,False,1,37,14
2268,1,1,False,2,166,14
2271,1,1,False,1,167,15
2272,1,1,False,1,167,15
2274,1,1,False,2,51,7
2275,1,1,False,2,51,7
2280,1,1,False,1,168,13
2282,1,1,False,1,58,13
2284,1,1,False,0,-1,14
2291,1,1,False,1,3,12
2293,1,1,False,2,3,20
2302,1,1,False,1,169,13
2303,1,1,False,1,169,13
2309,1,1,False,0,-1,8
2310,1,1,False,0,-1,15
2311,1,1,False,0,-1,18
2313,1,1,False,1,93,15
2315,1,1,False,1,62,16
2318,1,1,False,2,3,17
2319,1,1,False,1,170,28
2320,1,1,False,1,170,28
2323,1,1,False,2,294,12
2325,1,1,False,2,53,7
2326,1,1,False,2,53,7
2337,1,1,False,0,-1,12
2339,1,1,False,0,-1,20
2341,1,1,False,1,25,25
2343,1,1,False,3,95,19
2344,1,1,False,3,95,19
2349,1,1,False,1,72,11
2350,1,1,False,1,86,5
2358,1,1,False,1,27,13
2360,1,1,False,1,51,24
2362,1,1,False,0,-1,25
2364,1,1,False,2,171,14
2365,1,1,False,2,171,14
2366,1,1,False,2,171,14
2368,1,1,False,1,43,8
2369,1,1,False,0,-1,2
2370,1,1,False,0,-1,28
2374,1,1,False,1,294,27
2378,1,1,False,1,3,12
2379,1,1,False,3,19,13
2381,1,1,False,3,19,13
2383,1,1,False,0,-1,13
2384,1,1,False,0,-1,20
2385,1,1,False,0,-1,5
2390,1,1,False,2,54,5
2397,1,1,False,1,172,15
2398,1,1,False,1,172,15
2399,1,1,False,1,173,10
2400,1,1,False,1,173,10
2404,1,1,False,0,-1,4
2406,1,1,False,1,139,12
2407,1,1,False,0,-1,9
2409,1,1,False,1,3,3
2415,1,1,False,2,40,5
2419,1,1,False,1,3,14
2422,1,1,False,0,-1,28
2423,1,1,False,0,-1,16
2425,1,1,False,1,174,8
2426,1,1,False,1,174,8
2429,1,1,False,1,3,4
2431,1,1,False,3,10,12
2433,1,1,False,3,10,12
2436,1,1,False,3,3,9
2439,1,1,False,3,3,9
2445,1,1,False,1,142,13
2447,1,1,False,1,137,20
2448,1,1,False,1,175,13
2449,1,1,False,1,175,13
2450,1,1,False,2,3,2
2452,1,1,False,2,3,2
2457,1,1,False,2,3,12
2459,1,1,False,3,3,4
2463,1,1,False,2,3,24
2465,1,1,False,2,3,24
2473,1,1,False,1,3,4
2476,1,1,False,0,-1,12
2477,1,1,False,1,3,5
2481,1,1,False,0,-1,1
2482,1,1,False,0,-1,12
2485,1,1,False,1,58,18
2489,1,1,False,0,-1,21
2490,1,1,False,3,19,14
2494,1,1,False,0,-1,5
2499,1,1,False,0,-1,12
2502,1,1,False,1,3,27
2509,1,1,False,0,-1,22
2510,1,1,False,1,176,1
2511,1,1,False,1,176,1
2512,1,1,False,1,114,4
2519,1,1,False,2,237,11
2520,1,1,False,2,86,4
2521,1,1,False,2,86,4
2524,1,1,False,0,-1,21
2528,1,1,False,0,-1,12
2530,1,1,False,2,294,9
2531,1,1,False,2,294,9
2536,1,1,False,3,3,8
2538,1,1,False,3,3,8
2541,1,1,False,2,3,24
2544,1,1,False,2,2,4
2546,1,1,False,0,-1,12
2548,1,1,False,1,26,25
2552,1,1,False,2,62,1
2555,1,1,False,0,-1,5
2561,1,1,False,2,3,1
2564,1,1,False,2,74,18
2569,1,1,False,3,177,18
2570,1,1,False,3,177,18
2571,1,1,False,3,177,18
2573,1,1,False,1,3,17
2578,1,1,False,2,3,2
2579,1,1,False,1,178,18
2580,1,1,False,1,178,18
2581,1,1,False,0,-1,28
2586,1,1,False,1,3,15
2588,1,1,False,0,-1,13
2590,1,1,False,0,-1,22
2592,1,1,False,1,3,2
2593,1,1,False,0,-1,18
2594,1,1,False,0,-1,13
2596,1,1,False,0,-1,13
2601,1,1,False,3,3,5
2602,1,1,False,3,3,5
2607,1,1,False,1,12,10
2608,1,1,False,1,180,18
2609,1,1,False,1,180,18
2610,1,1,False,3,72,5
2611,1,1,False,3,72,5
2613,1,1,False,3,72,5
2614,1,1,False,1,181,12
2615,1,1,False,1,181,12
2617,1,1,False,0,-1,4
2619,1,1,False,1,3,12
2622,1,1,False,1,3,18
2623,1,1,False,2,93,5
2631,1,1,False,1,10,15
2636,1,1,False,0,-1,21
2638,1,1,False,3,3,20
2641,1,1,False,3,3,20
2643,1,1,False,0,-1,20
2645,1,1,False,0,-1,11
2649,1,1,False,1,3,12
2652,1,1,False,2,166,13
2653,1,1,False,2,166,13
2657,1,1,False,3,3,9
2658,1,1,False,3,3,9
2659,1,1,False,2,3,16
2661,1,1,False,2,3,16
2666,1,1,False,1,182,12
2667,1,1,False,1,182,12
2668,1,1,False,0,-1,14
2670,1,1,False,0,-1,15
2671,1,1,False,0,-1,10
2678,1,1,False,2,22,12
2682,1,1,False,2,80,5
2686,1,1,False,0,-1,20
2689,1,1,False,1,3,9
2693,1,1,False,1,1,16
2694,1,1,False,1,183,27
2700,1,1,False,3,3,15
2701,1,1,False,3,3,15
2704,1,1,False,2,184,16
2705,1,1,False,2,184,16
2706,1,1,False,2,184,16
2707,1,1,False,0,-1,25
2710,1,1,False,0,-1,27
2716,1,1,False,3,135,8
2717,1,1,False,3,135,8
2718,1,1,False,3,135,8
2720,1,1,False,2,185,9
2721,1,1,False,2,185,9
2723,1,1,False,0,-1,18
2725,1,1,False,1,3,12
2727,1,1,False,2,40,5
2730,1,1,False,2,3,8
2731,1,1,False,2,3,8
2732,1,1,False,1,3,25
2734,1,1,False,0,-1,11
2735,1,1,False,2,3,1
2738,1,1,False,1,186,9
2739,1,1,False,1,186,9
2744,1,1,False,1,187,13
2746,1,1,False,0,-1,4
2749,1,1,False,1,3,17
2751,1,1,False,0,-1,20
2752,1,1,False,0,-1,20
2755,1,1,False,3,14,18
2757,1,1,False,1,114,12
2762,1,1,False,2,37,18
2765,1,1,False,3,23,26
2771,1,1,False,1,3,20
2775,1,1,False,1,188,25
2776,1,1,False,1,188,25
2777,1,1,False,0,-1,24
2780,1,1,False,0,-1,9
2781,1,1,False,0,-1,20
2788,1,1,False,1,3,20
2790,1,1,False,1,189,12
2791,1,1,False,1,189,12
2794,1,1,False,0,-1,18
2795,1,1,False,0,-1,13
2796,1,1,False,0,-1,3
2797,1,1,False,1,64,15
2803,1,1,False,2,190,2
2804,1,1,False,2,190,2
2805,1,1,False,2,190,2
2808,1,1,False,1,3,18
2810,1,1,False,1,191,18
2814,1,1,False,0,-1,25
2817,1,1,False,1,3,20
2820,1,1,False,2,3,11
2824,1,1,False,0,-1,8
2825,1,1,False,1,192,18
2827,1,1,False,0,-1,22
2828,1,1,False,0,-1,12
2829,1,1,False,3,3,12
2830,1,1,False,3,3,12
2834,1,1,False,1,193,12
2835,1,1,False,1,193,12
2841,1,1,False,2,86,12
2842,1,1,False,2,86,12
2844,1,1,False,1,194,24
2845,1,1,False,1,194,24
2849,1,1,False,1,195,20
2850,1,1,False,1,80,2
2852,1,1,False,0,-1,5
2855,1,1,False,0,-1,18
2857,1,1,False,2,3,25
2859,1,1,False,2,3,25
2864,1,1,False,1,197,20
2865,1,1,False,1,197,20
2867,1,1,False,1,43,8
2870,1,1,False,0,-1,14
2871,1,1,False,2,3,23
2872,1,1,False,2,3,23
2876,1,1,False,2,139,12
2877,1,1,False,2,237,5
2880,1,1,False,2,114,18
2881,1,1,False,2,114,18
2892,1,1,False,1,3,18
2901,1,1,False,1,3,17
2903,1,1,False,1,198,6
2904,1,1,False,1,198,6
2908,1,1,False,0,-1,21
2916,1,1,False,2,93,17
2917,1,1,False,0,-1,14
2922,1,1,False,0,-1,28
2923,1,1,False,0,-1,13
2925,1,1,False,1,54,6
2926,1,1,False,1,199,5
2927,1,1,False,1,199,5
2928,1,1,False,1,200,12
2929,1,1,False,1,200,12
2932,1,1,False,1,3,27
2933,1,1,False,0,-1,24
2936,1,1,False,1,3,4
2938,1,1,False,0,-1,18
2942,1,1,False,3,30,7
2944,1,1,False,0,-1,8
2947,1,1,False,2,3,4
2949,1,1,False,0,-1,20
2950,1,1,False,1,201,12
2951,1,1,False,1,201,12
2952,1,1,False,0,-1,2
2954,1,1,False,1,202,13
2955,1,1,False,3,3,15
2956,1,1,False,3,3,15
2962,1,1,False,1,3,6
2965,1,1,False,1,16,18
2966,1,1,False,1,203,13
2967,1,1,False,1,203,13
2969,1,1,False,1,54,5
2970,1,1,False,1,3,14
2972,1,1,False,1,137,27
2979,1,1,False,0,-1,12
2982,1,1,False,3,0,17
2984,1,1,False,3,0,17
2987,1,1,False,1,3,20
2990,1,1,False,3,20,17
2994,1,1,False,2,37,23
2995,1,1,False,0,-1,15
2998,1,1,False,0,-1,28
2999,1,1,False,1,204,18
3000,1,1,False,1,204,18
3002,1,1,False,1,3,5
3005,1,1,False,2,3,15
3006,1,1,False,2,3,15
3007,1,1,False,0,-1,4
3010,1,1,False,3,51,4
3011,1,1,False,3,51,4
3012,1,1,False,0,-1,21
3016,1,1,False,1,3,6
3017,1,1,False,3,126,12
3019,1,1,False,3,126,12
3020,1,1,False,3,126,12
3027,1,1,False,0,-1,20
3028,1,1,False,0,-1,14
3030,1,1,False,1,206,9
3031,1,1,False,1,206,9
3033,1,1,False,2,23,5
3038,1,1,False,2,70,14
3040,1,1,False,2,3,18
3042,1,1,False,0,-1,7
3047,1,1,False,1,14,12
3054,1,1,False,1,51,9
3056,1,1,False,1,207,4
3057,1,1,False,1,207,4
3058,1,1,False,1,10,12
3060,1,1,False,0,-1,24
3062,1,1,False,0,-1,5
3063,1,1,False,1,208,20
3064,1,1,False,1,208,20
3066,1,1,False,0,-1,12
3071,1,1,False,1,209,14
3072,1,1,False,1,209,14
3074,1,1,False,3,12,20
3075,1,1,False,3,12,20
3082,1,1,False,1,3,9
3084,1,1,False,1,210,5
3085,1,1,False,1,210,5
3086,1,1,False,2,3,5
3087,1,1,False,2,3,5
3092,1,1,False,1,211,15
3093,1,1,False,1,211,15
3094,1,1,False,0,-1,6
3098,1,1,False,3,0,24
3099,1,1,False,3,0,24
3100,1,1,False,3,0,24
3102,1,1,False,0,-1,27
3104,1,1,False,0,-1,26
3106,1,1,False,1,2,12
3108,1,1,False,0,-1,4
3109,1,1,False,0,-1,13
3112,1,1,False,0,-1,4
3113,1,1,False,0,-1,6
3116,1,1,False,1,212,14
3117,1,1,False,1,212,14
3119,1,1,False,1,48,14
3120,1,1,False,0,-1,20
3121,1,1,False,0,-1,13
3123,1,1,False,0,-1,22
3127,1,1,False,0,-1,25
3131,1,1,False,0,-1,12
3135,1,1,False,0,-1,9
3138,1,1,False,2,3,4
3139,1,1,False,2,3,4
3140,1,1,False,0,-1,11
3141,1,1,False,3,114,17
3142,1,1,False,3,114,17
3145,1,1,False,0,-1,8
3146,1,1,False,0,-1,22
3147,1,1,False,1,3,9
3149,1,1,False,0,-1,9
3150,1,1,False,1,59,13
3153,1,1,False,1,3,4
3157,1,1,False,3,74,5
3159,1,1,False,3,70,8
3160,1,1,False,3,70,8
3162,1,1,False,3,70,8
3164,1,1,False,2,3,12
3166,1,1,False,2,3,12
3167,1,1,False,0,-1,18
3169,1,1,False,2,213,13
3170,1,1,False,2,213,13
3171,1,1,False,1,3,12
3176,1,1,False,1,74,5
3178,1,1,False,1,214,5
3179,1,1,False,1,214,5
3183,1,1,False,1,12,14
3185,1,1,False,3,3,12
3187,1,1,False,3,3,12
3193,1,1,False,0,-1,12
3195,1,1,False,1,3,19
3197,1,1,False,1,3,13
3198,1,1,False,0,-1,20
3201,1,1,False,1,80,18
3212,1,1,False,0,-1,5
3214,1,1,False,0,-1,5
3215,1,1,False,0,-1,5
3217,1,1,False,1,3,14
3219,1,1,False,0,-1,5
3220,1,1,False,0,-1,18
3221,1,1,False,1,215,15
3222,1,1,False,1,215,15
3224,1,1,False,0,-1,12
3231,1,1,False,2,3,5
3236,1,1,False,2,216,12
3237,1,1,False,2,216,12
3238,1,1,False,2,216,12
3243,1,1,False,0,-1,7
3245,1,1,False,0,-1,20
3247,1,1,False,2,3,1
3249,1,1,False,1,53,13
3255,1,1,False,0,-1,20
3256,1,1,False,1,3,25
3258,1,1,False,0,-1,13
3260,1,1,False,1,93,8
3263,1,1,False,1,44,4
3267,1,1,False,3,3,9
3268,1,1,False,3,3,9
3271,1,1,False,2,3,7
3279,1,1,False,3,3,14
3281,1,1,False,3,3,14
3283,1,1,False,0,-1,26
3286,1,1,False,2,31,21
3288,1,1,False,1,3,18
3289,1,1,False,0,-1,12
3290,1,1,False,1,3,17
3300,1,1,False,0,-1,18
3301,1,1,False,2,10,9
3302,1,1,False,2,10,9
3305,1,1,False,1,2,20
3310,1,1,False,3,3,26
3311,1,1,False,3,3,26
3314,1,1,False,2,35,11
3316,1,1,False,0,-1,12
3319,1,1,False,3,139,20
3322,1,1,False,2,3,16
3324,1,1,False,2,3,16
3329,1,1,False,2,62,22
3330,1,1,False,2,3,14
3332,1,1,False,2,3,14
3333,1,1,False,0,-1,20
3335,1,1,False,0,-1,20
3336,1,1,False,0,-1,22
3340,1,1,False,2,30,13
3342,1,1,False,2,30,13
3347,1,1,False,1,135,14
3349,1,1,False,0,-1,25
3355,1,1,False,1,3,12
3358,1,1,False,1,3,5
3363,1,1,False,0,-1,5
3367,1,1,False,1,139,28
3369,1,1,False,2,3,6
3372,1,1,False,1,217,25
3373,1,1,False,1,217,25
3374,1,1,False,3,218,20
3375,1,1,False,3,218,20
3377,1,1,False,3,218,20
3378,1,1,False,0,-1,25
3381,1,1,False,0,-1,28
3382,1,1,False,0,-1,13
3383,1,1,False,0,-1,13
3384,1,1,False,0,-1,13
3385,1,1,False,3,237,5
3392,1,1,False,2,3,17
3393,1,1,False,0,-1,13
3394,1,1,False,0,-1,21
3396,1,1,False,3,114,22
3400,1,1,False,3,3,5
3402,1,1,False,3,3,5
3404,1,1,False,1,3,13
3411,1,1,False,0,-1,12
3414,1,1,False,1,3,12
3416,1,1,False,2,54,18
3420,1,1,False,0,-1,12
3424,1,1,False,3,28,14
3427,1,1,False,0,-1,12
3430,1,1,False,0,-1,15
3431,1,1,False,2,219,15
3432,1,1,False,2,219,15
3433,1,1,False,2,219,15
3434,1,1,False,0,-1,15
3439,1,1,False,2,3,12
3441,1,1,False,2,3,12
3445,1,1,False,2,6,12
3448,1,1,False,0,-1,4
3452,1,1,False,0,-1,18
3455,1,1,False,3,3,22
3459,1,1,False,0,-1,12
3460,1,1,False,2,3,13
3461,1,1,False,2,3,13
3466,1,1,False,1,35,18
3470,1,1,False,0,-1,12
3472,1,1,False,2,54,9
3473,1,1,False,2,54,9
3477,1,1,False,2,80,24
3478,1,1,False,0,-1,13
3479,1,1,False,0,-1,14
3485,1,1,False,0,-1,27
3486,1,1,False,1,220,18
3487,1,1,False,1,220,18
3488,1,1,False,3,221,10
3493,1,1,False,0,-1,20
3495,1,1,False,1,52,5
3502,1,1,False,0,-1,12
3504,1,1,False,2,3,4
3508,1,1,False,2,3,12
3512,1,1,False,1,222,4
3513,1,1,False,1,222,4
3514,1,1,False,1,223,15
3515,1,1,False,1,223,15
3519,1,1,False,1,10,28
3525,1,1,False,2,3,14
3531,1,1,False,2,97,5
3535,1,1,False,0,-1,4
3536,1,1,False,0,-1,11
3537,1,1,False,1,224,12
3538,1,1,False,1,224,12
3541,1,1,False,0,-1,5
3543,1,1,False,0,-1,18
3544,1,1,False,0,-1,5
3546,1,1,False,0,-1,26
3548,1,1,False,2,3,12
3550,1,1,False,0,-1,8
3554,1,1,False,2,68,12
3559,1,1,False,1,225,13
3561,1,1,False,0,-1,28
3564,1,1,False,3,12,10
3567,1,1,False,0,-1,5
3569,1,1,False,2,166,21
3574,1,1,False,2,226,11
3575,1,1,False,2,226,11
3576,1,1,False,0,-1,14
3581,1,1,False,0,-1,3
3582,1,1,False,0,-1,12
3583,1,1,False,1,3,20
3585,1,1,False,1,3,23
3588,1,1,False,0,-1,12
3590,1,1,False,2,227,9
3591,1,1,False,2,227,9
3592,1,1,False,2,227,9
3593,1,1,False,3,228,13
3594,1,1,False,3,228,13
3596,1,1,False,3,228,13
3597,1,1,False,0,-1,20
3598,1,1,False,0,-1,26
3599,1,1,False,0,-1,12
3601,1,1,False,1,3,15
3602,1,1,False,0,-1,18
3610,1,1,False,2,229,5
3611,1,1,False,2,229,5
3616,1,1,False,0,-1,12
3618,1,1,False,3,3,24
3621,1,1,False,0,-1,9
3622,1,1,False,0,-1,22
3629,1,1,False,2,3,4
3631,1,1,False,1,3,27
3632,1,1,False,0,-1,28
3633,1,1,False,2,105,12
3634,1,1,False,2,105,12
3636,1,1,False,0,-1,18
3638,1,1,False,0,-1,6
3642,1,1,False,2,126,4
3643,1,1,False,1,230,12
3644,1,1,False,1,230,12
3648,1,1,False,0,-1,1
3652,1,1,False,2,26,1
3654,1,1,False,2,26,1
3655,1,1,False,0,-1,12
3660,1,1,False,2,19,5
3663,1,1,False,3,3,14
3666,1,1,False,3,3,14
3669,1,1,False,1,12,19
3670,1,1,False,1,231,12
3671,1,1,False,1,231,12
3678,1,1,False,2,44,12
3684,1,1,False,2,3,5
3686,1,1,False,0,-1,12
3688,1,1,False,0,-1,3
3689,1,1,False,0,-1,17
3692,1,1,False,0,-1,2
3698,1,1,False,1,3,5
3699,1,1,False,0,-1,20
3700,1,1,False,0,-1,14
3701,1,1,False,3,35,9
3703,1,1,False,3,35,9
3704,1,1,False,3,35,9
3706,1,1,False,0,-1,6
3709,1,1,False,2,54,18
3712,1,1,False,0,-1,15
3718,1,1,False,1,10,28
3723,1,1,False,0,-1,18
3724,1,1,False,0,-1,18
3725,1,1,False,2,161,5
3727,1,1,False,2,161,5
3728,1,1,False,2,114,12
3731,1,1,False,2,3,12
3736,1,1,False,2,3,8
3741,1,1,False,2,30,8
3745,1,1,False,2,3,14
3749,1,1,False,1,3,25
3750,1,1,False,0,-1,15
3752,1,1,False,2,30,20
3753,1,1,False,2,30,20
3754,1,1,False,0,-1,12
3755,1,1,False,1,232,13
3757,1,1,False,0,-1,5
3759,1,1,False,1,233,4
3760,1,1,False,1,233,4
3762,1,1,False,0,-1,2
3764,1,1,False,0,-1,10
3766,1,1,False,3,114,5
3769,1,1,False,3,114,5
3770,1,1,False,1,234,8
3771,1,1,False,1,234,8
3772,1,1,False,0,-1,12
3774,1,1,False,1,235,14
3778,1,1,False,0,-1,13
3781,1,1,False,0,-1,12
3784,1,1,False,1,3,9
3785,1,1,False,2,236,13
3786,1,1,False,2,236,13
3787,1,1,False,2,236,13
3789,1,1,False,1,70,17
3797,1,1,False,1,54,13
3800,1,1,False,2,126,12
3801,1,1,False,2,126,12
3802,1,1,False,0,-1,24
3803,1,1,False,0,-1,5
3808,1,1,False,0,-1,23
3809,1,1,False,0,-1,13
3811,1,1,False,0,-1,12
3812,1,1,False,2,3,5
3813,1,1,False,2,3,5
3816,1,1,False,3,3,4
3817,1,1,False,3,3,4
3818,1,1,False,3,3,4
3820,1,1,False,2,30,14
3821,1,1,False,2,30,14
3822,1,1,False,2,3,7
3824,1,1,False,2,3,7
3826,1,1,False,1,3,9
3827,1,1,False,3,37,4
3832,1,1,False,2,74,12
3833,1,1,False,2,74,12
3835,1,1,False,1,238,18
3836,1,1,False,1,238,18
3840,1,1,False,2,23,18
3842,1,1,False,1,239,4
3843,1,1,False,1,239,4
3845,1,1,False,3,70,20
3847,1,1,False,3,70,20
3848,1,1,False,3,70,20
3850,1,1,False,2,126,4
3852,1,1,False,1,3,12
3854,1,1,False,0,-1,9
3855,1,1,False,0,-1,18
3856,1,1,False,0,-1,12
3857,1,1,False,0,-1,9
3858,1,1,False,0,-1,6
3859,1,1,False,3,22,17
3860,1,1,False,3,22,17
3862,1,1,False,3,22,17
3863,1,1,False,1,164,25
3865,1,1,False,0,-1,4
3868,1,1,False,2,63,5
3870,1,1,False,0,-1,12
3871,1,1,False,1,19,20
3877,1,1,False,1,10,9
3885,1,1,False,0,-1,20
3889,1,1,False,2,3,9
3894,1,1,False,3,3,13
3900,1,1,False,1,240,5
3901,1,1,False,1,240,5
3905,1,1,False,1,3,14
3907,1,1,False,2,241,12
3908,1,1,False,2,241,12
3909,1,1,False,2,241,12
3913,1,1,False,0,-1,12
3917,1,1,False,1,3,8
3921,1,1,False,1,80,9
3923,1,1,False,0,-1,12
3928,1,1,False,0,-1,2
3930,1,1,False,0,-1,6
3931,1,1,False,0,-1,5
3932,1,1,False,1,3,12
3935,1,1,False,0,-1,5
3939,1,1,False,2,10,11
3943,1,1,False,0,-1,13
3946,1,1,False,0,-1,4
3947,1,1,False,1,242,15
3948,1,1,False,1,242,15
3949,1,1,False,0,-1,23
3952,1,1,False,1,58,7
3954,1,1,False,2,80,9
3961,1,1,False,1,243,11
3962,1,1,False,1,243,11
3963,1,1,False,0,-1,12
3972,1,1,False,0,-1,5
3975,1,1,False,0,-1,12
3979,1,1,False,1,3,17
3984,1,1,False,2,10,5
3990,1,1,False,3,2,7
3994,1,1,False,0,-1,11
3998,1,1,False,3,37,13
3999,1,1,False,0,-1,20
4003,1,1,False,1,244,25
4004,1,1,False,1,244,25
4005,1,1,False,0,-1,18
4006,1,1,False,2,63,12
4007,1,1,False,2,63,12
4010,1,1,False,1,245,25
4012,1,1,False,0,-1,13
4015,1,1,False,1,3,9
4016,1,1,False,0,-1,4
4018,1,1,False,0,-1,12
4020,1,1,False,2,114,5
4022,1,1,False,2,114,5
4024,1,1,False,1,3,12
4029,1,1,False,1,3,9
4031,1,1,False,2,114,18
4032,1,1,False,2,114,18
4035,1,1,False,0,-1,5
4038,1,1,False,0,-1,14
4039,1,1,False,0,-1,22
4040,1,1,False,1,2,12
4044,1,1,False,3,56,12
4045,1,1,False,3,56,12
4046,1,1,False,3,56,12
4048,1,1,False,1,3,8
4054,1,1,False,0,-1,13
4057,1,1,False,2,70,14
4058,1,1,False,0,-1,4
4059,1,1,False,0,-1,16
4060,1,1,False,1,142,24
4062,1,1,False,0,-1,20
4067,1,1,False,3,19,15
4069,1,1,False,0,-1,14
4072,1,1,False,3,3,25
4078,1,1,False,1,3,21
4081,1,1,False,1,246,12
4082,1,1,False,1,246,12
4083,1,1,False,1,247,13
4084,1,1,False,1,247,13
4085,1,1,False,2,248,12
4086,1,1,False,2,248,12
4087,1,1,False,2,248,12
4088,1,1,False,0,-1,4
4092,1,1,False,0,-1,12
4093,1,1,False,2,72,26
4096,1,1,False,0,-1,22
4098,1,1,False,2,80,5
4101,1,1,False,0,-1,20
4104,1,1,False,3,14,12
4106,1,1,False,0,-1,27
4108,1,1,False,3,3,20
4112,1,1,False,1,3,9
4119,1,1,False,0,-1,7
4120,1,1,False,0,-1,17
4126,1,1,False,3,135,17
4128,1,1,False,0,-1,12
4129,1,1,False,0,-1,14
4131,1,1,False,0,-1,13
4132,1,1,False,1,249,4
4133,1,1,False,1,249,4
4137,1,1,False,2,19,23
4140,1,1,False,0,-1,5
4154,1,1,False,2,221,15
4158,1,1,False,0,-1,12
4159,1,1,False,1,44,12
4161,1,1,False,0,-1,17
4162,1,1,False,0,-1,13
4165,1,1,False,0,-1,9
4169,1,1,False,2,3,12
4177,1,1,False,1,250,18
4178,1,1,False,1,250,18
4179,1,1,False,0,-1,5
4182,1,1,False,0,-1,18
4183,1,1,False,0,-1,14
4184,1,1,False,2,179,12
4186,1,1,False,2,179,12
4197,1,1,False,0,-1,13
4199,1,1,False,0,-1,9
4202,1,1,False,0,-1,12
4203,1,1,False,0,-1,5
4204,1,1,False,0,-1,16
4207,1,1,False,1,251,14
4208,1,1,False,0,-1,5
4209,1,1,False,1,80,9
4211,1,1,False,0,-1,5
4212,1,1,False,1,3,18
4215,1,1,False,1,3,9
4216,1,1,False,0,-1,22
4217,1,1,False,0,-1,12
4219,1,1,False,1,252,27
4221,1,1,False,0,-1,9
4223,1,1,False,1,142,7
4224,1,1,False,2,253,18
4225,1,1,False,2,253,18
4226,1,1,False,2,253,18
4228,1,1,False,0,-1,24
4229,1,1,False,0,-1,18
4231,1,1,False,2,3,14
4232,1,1,False,2,3,14
4233,1,1,False,0,-1,23
4234,1,1,False,0,-1,23
4238,1,1,False,3,31,8
4240,1,1,False,3,31,8
4242,1,1,False,1,254,5
4243,1,1,False,1,254,5
4245,1,1,False,0,-1,12
4247,1,1,False,1,3,14
4251,1,1,False,0,-1,12
4255,1,1,False,0,-1,18
4258,1,1,False,0,-1,5
4259,1,1,False,1,3,12
4261,1,1,False,1,45,21
4264,1,1,False,1,255,22
4265,1,1,False,0,-1,8
4268,1,1,False,3,10,9
4272,1,1,False,1,3,15
4273,1,1,False,0,-1,28
4274,1,1,False,2,135,9
4276,1,1,False,2,135,9
4278,1,1,False,1,1,6
4279,1,1,False,0,-1,12
4283,1,1,False,1,31,2
4285,1,1,False,2,45,5
4286,1,1,False,2,45,5
4288,1,1,False,0,-1,2
4290,1,1,False,3,3,13
4294,1,1,False,0,-1,18
4297,1,1,False,0,-1,23
4298,1,1,False,0,-1,26
4301,1,1,False,2,3,4
4304,1,1,False,1,3,13
4308,1,1,False,0,-1,17
4309,1,1,False,0,-1,21
4311,1,1,False,2,2,5
4322,1,1,False,0,-1,12
4326,1,1,False,3,53,8
4328,1,1,False,3,53,8
4330,1,1,False,2,3,5
4331,1,1,False,2,3,5
4333,1,1,False,0,-1,14
4336,1,1,False,1,256,12
4337,1,1,False,0,-1,18
4338,1,1,False,1,257,19
4339,1,1,False,1,257,19
4340,1,1,False,0,-1,20
4341,1,1,False,0,-1,12
4342,1,1,False,0,-1,21
4344,1,1,False,0,-1,12
4347,1,1,False,3,3,17
4349,1,1,False,3,3,17
4351,1,1,False,2,3,17
4355,1,1,False,3,3,14
4356,1,1,False,3,3,14
4359,1,1,False,3,3,26
4360,1,1,False,3,3,26
4361,1,1,False,3,3,26
4368,1,1,False,0,-1,14
4369,1,1,False,2,18,8
4370,1,1,False,2,18,8
4372,1,1,False,3,3,23
4374,1,1,False,3,3,23
4376,1,1,False,3,86,12
4380,1,1,False,3,3,18
4389,1,1,False,0,-1,22
4390,1,1,False,0,-1,12
4391,1,1,False,2,3,24
4392,1,1,False,2,3,24
4394,1,1,False,0,-1,12
4395,1,1,False,2,3,13
4398,1,1,False,1,3,13
4401,1,1,False,1,56,20
4403,1,1,False,1,3,18
4404,1,1,False,3,40,13
4407,1,1,False,3,40,13
4410,1,1,False,0,-1,9
4416,1,1,False,0,-1,10
4419,1,1,False,0,-1,13
4426,1,1,False,3,3,4
4427,1,1,False,3,3,4
4433,1,1,False,3,14,12
4434,1,1,False,3,14,12
4435,1,1,False,3,14,12
4437,1,1,False,3,3,23
4441,1,1,False,2,114,18
4442,1,1,False,2,114,18
4454,1,1,False,0,-1,6
4455,1,1,False,0,-1,7
4459,1,1,False,3,0,13
4463,1,1,False,0,-1,5
4464,1,1,False,0,-1,5
4465,1,1,False,0,-1,26
4466,1,1,False,2,10,28
4472,1,1,False,1,258,11
4473,1,1,False,1,258,11
4477,1,1,False,2,58,13
4485,1,1,False,2,74,24
4487,1,1,False,2,3,5
4488,1,1,False,2,3,5
4491,1,1,False,2,259,12
4492,1,1,False,2,259,12
4493,1,1,False,0,-1,13
4495,1,1,False,1,114,25
4497,1,1,False,3,3,1
4498,1,1,False,3,3,1
4502,1,1,False,0,-1,14
4505,1,1,False,2,72,11
4507,1,1,False,1,35,25
4508,1,1,False,1,52,26
4510,1,1,False,2,3,13
4512,1,1,False,2,3,13
4514,1,1,False,3,3,12
4516,1,1,False,3,3,12
4519,1,1,False,0,-1,28
4522,1,1,False,1,1,5
4523,1,1,False,0,-1,17
4526,1,1,False,1,260,13
4527,1,1,False,1,260,13
4530,1,1,False,1,179,5
4539,1,1,False,0,-1,5
4541,1,1,False,0,-1,12
4543,1,1,False,3,3,23
4544,1,1,False,3,3,23
4547,1,1,False,2,3,15
4550,1,1,False,2,3,12
4555,1,1,False,2,56,18
4557,1,1,False,2,56,18
4558,1,1,False,1,28,20
4562,1,1,False,2,22,8
4563,1,1,False,0,-1,13
4565,1,1,False,2,68,9
4567,1,1,False,0,-1,13
4568,1,1,False,0,-1,4
4571,1,1,False,3,10,12
4580,1,1,False,1,62,9
4582,1,1,False,0,-1,6
4585,1,1,False,3,3,2
4589,1,1,False,0,-1,13
4591,1,1,False,2,3,8
4593,1,1,False,2,3,8
4594,1,1,False,0,-1,9
4595,1,1,False,0,-1,20
4596,1,1,False,1,261,14
4597,1,1,False,1,261,14
4600,1,1,False,1,262,24
4601,1,1,False,1,262,24
4608,1,1,False,3,74,9
4609,1,1,False,1,263,23
4610,1,1,False,1,263,23
4613,1,1,False,0,-1,8
4615,1,1,False,2,70,18
4618,1,1,False,3,264,14
4619,1,1,False,3,264,14
4620,1,1,False,3,264,14
4623,1,1,False,1,3,12
4625,1,1,False,2,3,7
4629,1,1,False,3,40,17
4631,1,1,False,3,40,17
4633,1,1,False,0,-1,9
4636,1,1,False,2,105,13
4639,1,1,False,0,-1,12
4640,1,1,False,0,-1,27
4643,1,1,False,3,3,12
4646,1,1,False,1,3,15
4647,1,1,False,0,-1,20
4649,1,1,False,1,45,5
4651,1,1,False,1,265,21
4652,1,1,False,1,265,21
4653,1,1,False,1,45,14
4655,1,1,False,0,-1,14
4657,1,1,False,3,266,20
4658,1,1,False,3,266,20
4660,1,1,False,3,266,20
4663,1,1,False,3,7,5
4665,1,1,False,3,267,18
4666,1,1,False,3,267,18
4667,1,1,False,3,267,18
4668,1,1,False,3,267,18
4670,1,1,False,2,268,12
4671,1,1,False,2,268,12
4672,1,1,False,2,268,12
4677,1,1,False,2,3,11
4679,1,1,False,2,3,11
4680,1,1,False,2,51,14
4684,1,1,False,0,-1,4
4686,1,1,False,3,74,8
4688,1,1,False,3,74,8
4689,1,1,False,1,269,11
4690,1,1,False,1,269,11
4692,1,1,False,0,-1,14
4697,1,1,False,1,270,21
4698,1,1,False,1,270,21
4702,1,1,False,0,-1,18
4708,1,1,False,2,20,18
4709,1,1,False,0,-1,28
4710,1,1,False,0,-1,23
4711,1,1,False,1,44,15
4713,1,1,False,1,271,12
4714,1,1,False,1,271,12
4715,1,1,False,0,-1,23
4717,1,1,False,0,-1,15
4718,1,1,False,0,-1,9
4721,1,1,False,2,114,9
4727,1,1,False,1,70,20
4730,1,1,False,0,-1,12
4731,1,1,False,2,3,2
4737,1,1,False,2,126,22
4739,1,1,False,1,272,17
4740,1,1,False,1,272,17
4741,1,1,False,2,3,13
4745,1,1,False,2,3,14
4750,1,1,False,2,56,18
4751,1,1,False,0,-1,25
4752,1,1,False,1,273,18
4753,1,1,False,1,273,18
4754,1,1,False,0,-1,12
4755,1,1,False,0,-1,13
4756,1,1,False,2,68,12
4758,1,1,False,2,68,12
4760,1,1,False,2,59,24
4763,1,1,False,1,108,12
4765,1,1,False,0,-1,5
4766,1,1,False,0,-1,12
4772,1,1,False,0,-1,20
4773,1,1,False,0,-1,12
4775,1,1,False,1,3,4
4777,1,1,False,0,-1,9
4778,1,1,False,1,3,5
4782,1,1,False,1,3,12
4784,1,1,False,0,-1,8
4785,1,1,False,2,161,20
4786,1,1,False,2,161,20
4789,1,1,False,0,-1,5
4790,1,1,False,1,274,21
4791,1,1,False,1,274,21
4796,1,1,False,1,95,6
4798,1,1,False,1,3,26
4800,1,1,False,0,-1,12
4804,1,1,False,0,-1,22
4807,1,1,False,0,-1,14
4808,1,1,False,1,275,9
4809,1,1,False,1,275,9
4812,1,1,False,2,25,18
4814,1,1,False,2,25,18
4815,1,1,False,0,-1,18
4819,1,1,False,2,161,7
4825,1,1,False,1,276,24
4826,1,1,False,1,276,24
4829,1,1,False,1,3,8
4831,1,1,False,0,-1,21
4833,1,1,False,2,277,11
4834,1,1,False,2,277,11
4835,1,1,False,2,277,11
4838,1,1,False,1,278,18
4839,1,1,False,1,278,18
4840,1,1,False,0,-1,22
4841,1,1,False,1,3,17
4845,1,1,False,1,0,4
4846,1,1,False,0,-1,15
4851,1,1,False,1,3,12
4854,1,1,False,1,279,13
4855,1,1,False,1,279,13
4856,1,1,False,0,-1,14
4858,1,1,False,0,-1,3
4863,1,1,False,0,-1,14
4865,1,1,False,2,3,21
4866,1,1,False,2,3,21
4867,1,1,False,1,280,9
4868,1,1,False,1,280,9
4869,1,1,False,1,35,12
4872,1,1,False,0,-1,8
4874,1,1,False,1,3,26
4875,1,1,False,0,-1,12
4876,1,1,False,0,-1,15
4877,1,1,False,0,-1,3
4878,1,1,False,0,-1,6
4881,1,1,False,3,3,9
4891,1,1,False,0,-1,4
4892,1,1,False,1,3,12
4896,1,1,False,1,3,18
4899,1,1,False,3,3,22
4901,1,1,False,3,3,22
4904,1,1,False,0,-1,13
4905,1,1,False,3,3,12
4906,1,1,False,3,3,12
4908,1,1,False,3,3,12
4911,1,1,False,1,281,18
4912,1,1,False,1,281,18
4914,1,1,False,2,95,8
4916,1,1,False,2,95,8
4920,1,1,False,2,3,28
4924,1,1,False,2,3,9
4926,1,1,False,2,3,5
4927,1,1,False,2,3,5
4930,1,1,False,0,-1,20
4932,1,1,False,1,43,25
4935,1,1,False,1,12,2
4937,1,1,False,2,294,13
4938,1,1,False,2,294,13
4939,1,1,False,0,-1,26
4941,1,1,False,3,80,26
4945,1,1,False,1,282,26
4946,1,1,False,1,282,26
4947,1,1,False,2,10,5
4949,1,1,False,2,10,5
4952,1,1,False,0,-1,5
4953,1,1,False,0,-1,6
4955,1,1,False,1,80,13
4956,1,1,False,1,3,12
4958,1,1,False,3,95,18
4959,1,1,False,3,95,18
4961,1,1,False,3,95,18
4962,1,1,False,0,-1,9
4963,1,1,False,0,-1,5
4964,1,1,False,1,283,5
4965,1,1,False,1,283,5
4966,1,1,False,0,-1,9
4969,1,1,False,2,3,11
4972,1,1,False,0,-1,16
4973,1,1,False,1,3,5
4976,1,1,False,1,3,23
4977,1,1,False,0,-1,25
4979,1,1,False,1,68,25
4980,1,1,False,0,-1,10
4984,1,1,False,0,-1,18
4985,1,1,False,1,52,20
4991,1,1,False,1,3,18
4993,1,1,False,1,3,20
4997,1,1,False,2,3,12
5000,1,1,False,0,-1,18
5002,1,1,False,0,-1,12
5006,1,1,False,3,10,23
5012,1,1,False,2,3,12
5014,1,1,False,2,3,12
5016,1,1,False,2,284,9
5017,1,1,False,2,284,9
5025,1,1,False,2,111,15
5027,1,1,False,2,111,15
5028,1,1,False,1,285,25
5029,1,1,False,1,285,25
5031,1,1,False,2,2,24
5033,1,1,False,2,10,8
5036,1,1,False,0,-1,13
5040,1,1,False,1,286,12
5041,1,1,False,1,287,14
5042,1,1,False,1,287,14
5043,1,1,False,0,-1,5
5047,1,1,False,2,288,6
5048,1,1,False,2,288,6
5049,1,1,False,0,-1,9
5053,1,1,False,2,164,9
5054,1,1,False,2,164,9
5057,1,1,False,3,56,10
5061,1,1,False,1,289,28
5062,1,1,False,1,289,28
5064,1,1,False,3,70,27
5065,1,1,False,3,70,27
5071,1,1,False,2,3,5
5074,1,1,False,0,-1,11
5075,1,1,False,0,-1,9
5078,1,1,False,0,-1,9
5080,1,1,False,1,62,4
5081,1,1,False,0,-1,12
5082,1,1,False,1,290,12
5083,1,1,False,1,290,12
5086,1,1,False,1,106,18
5088,1,1,False,0,-1,12
5089,1,1,False,1,291,12
5090,1,1,False,1,291,12
5092,1,1,False,3,3,18
5093,1,1,False,3,3,18
5094,1,1,False,3,3,18
5097,1,1,False,2,45,22
5098,1,1,False,2,45,22
5102,1,1,False,1,3,17
5104,1,1,False,1,292,28
5105,1,1,False,1,292,28
5106,1,1,False,0,-1,13
5108,1,1,False,2,293,23
5109,1,1,False,2,293,23
5113,1,1,False,0,-1,27
5114,1,1,False,0,-1,9
5115,1,1,False,0,-1,4
5118,1,1,False,3,137,18
5119,1,1,False,3,137,18
5120,1,1,False,3,137,18
5127,1,1,False,1,295,11
5128,1,1,False,1,296,7
5129,1,1,False,1,296,7
5132,1,1,False,3,3,11
5135,1,1,False,0,-1,12
5136,1,1,False,1,68,12
5139,1,1,False,1,126,4
5143,1,1,False,0,-1,4
5146,1,1,False,0,-1,20
5151,1,1,False,1,297,6
5156,1,1,False,2,62,25
5157,1,1,False,2,62,25
5163,1,1,False,2,166,14
5164,1,1,False,2,166,14
5165,1,1,False,0,-1,20
5166,1,1,False,0,-1,6
5169,1,1,False,0,-1,15
5175,1,1,False,0,-1,20
5176,1,1,False,1,3,13
5178,1,1,False,0,-1,5
5180,1,1,False,3,161,6
5181,1,1,False,3,161,6
5183,1,1,False,3,161,6
5184,1,1,False,0,-1,9
5187,1,1,False,0,-1,18
5190,1,1,False,3,51,5
5193,1,1,False,3,51,5
5197,1,1,False,1,298,14
5198,1,1,False,1,298,14
5199,1,1,False,0,-1,12
5200,1,1,False,2,299,20
5201,1,1,False,2,299,20
5208,1,1,False,1,3,6
5209,1,1,False,0,-1,17
5212,1,1,False,1,3,9
5218,1,1,False,0,-1,11
5219,1,1,False,1,3,12
5222,1,1,False,1,74,12
5223,1,1,False,0,-1,18
5229,1,1,False,0,-1,18
5230,1,1,False,1,300,20
5231,1,1,False,1,300,20
5232,1,1,False,0,-1,18
5234,1,1,False,0,-1,23
5235,1,1,False,2,37,18
5238,1,1,False,0,-1,14
5239,1,1,False,0,-1,20
5240,1,1,False,0,-1,25
5241,1,1,False,0,-1,28
5245,1,1,False,1,301,4
5246,1,1,False,1,301,4
5251,1,1,False,3,1,2
5253,1,1,False,2,302,5
5255,1,1,False,2,302,5
5256,1,1,False,1,303,9
5257,1,1,False,1,303,9
5258,1,1,False,2,304,22
5259,1,1,False,2,304,22
5260,1,1,False,2,304,22
5264,1,1,False,2,19,9
5268,1,1,False,0,-1,26
5269,1,1,False,0,-1,14
5270,1,1,False,0,-1,11
5273,1,1,False,0,-1,18
5274,1,1,False,0,-1,17
5278,1,1,False,2,305,12
5279,1,1,False,2,305,12
5280,1,1,False,2,305,12
5282,1,1,False,1,30,12
5283,1,1,False,0,-1,9
5284,1,1,False,1,306,6
5285,1,1,False,1,306,6
5286,1,1,False,1,2,14
5289,1,1,False,1,3,5
5292,1,1,False,0,-1,13
5294,1,1,False,0,-1,12
5299,1,1,False,0,-1,20
5300,1,1,False,1,56,5
5305,1,1,False,1,307,12
5306,1,1,False,0,-1,20
5307,1,1,False,1,308,13
5308,1,1,False,1,308,13
5309,1,1,False,3,3,12
5312,1,1,False,3,3,12
5314,1,1,False,3,80,9
5315,1,1,False,3,80,9
5322,1,1,False,3,106,22
5324,1,1,False,0,-1,14
5326,1,1,False,3,3,5
5327,1,1,False,3,3,5
5335,1,1,False,2,44,5
5340,1,1,False,0,-1,14
5341,1,1,False,0,-1,1
5344,1,1,False,2,3,21
5345,1,1,False,2,3,21
5347,1,1,False,2,45,5
5350,1,1,False,0,-1,18
5356,1,1,False,3,31,28
5357,1,1,False,3,31,28
5358,1,1,False,3,105,18
5364,1,1,False,0,-1,28
5369,1,1,False,0,-1,7
5373,1,1,False,0,-1,6
5374,1,1,False,2,309,25
5376,1,1,False,2,309,25
5377,1,1,False,3,310,8
5378,1,1,False,3,310,8
5379,1,1,False,3,310,8
5380,1,1,False,3,310,8
5382,1,1,False,2,3,12
5384,1,1,False,2,311,18
5385,1,1,False,2,311,18
5387,1,1,False,0,-1,5
5389,1,1,False,1,114,20
5393,1,1,False,3,40,1
5394,1,1,False,1,312,14
5395,1,1,False,1,312,14
5396,1,1,False,1,97,14
5399,1,1,False,1,3,21
5402,1,1,False,3,3,20
5404,1,1,False,2,62,17
5406,1,1,False,2,62,17
5407,1,1,False,0,-1,4
5409,1,1,False,2,3,23
5410,1,1,False,2,3,23
5411,1,1,False,1,3,5
5416,1,1,False,1,313,18
5417,1,1,False,2,314,15
5418,1,1,False,2,314,15
5419,1,1,False,2,314,15
5423,1,1,False,3,56,25
5433,1,1,False,1,315,12
5434,1,1,False,1,315,12
5435,1,1,False,0,-1,4
5436,1,1,False,1,3,13
5438,1,1,False,3,30,20
5440,1,1,False,3,30,20
5441,1,1,False,3,30,20
5445,1,1,False,3,3,15
5447,1,1,False,3,3,15
5449,1,1,False,1,70,20
5450,1,1,False,0,-1,9
5451,1,1,False,0,-1,26
5452,1,1,False,0,-1,2
5453,1,1,False,2,12,23
5456,1,1,False,0,-1,9
5457,1,1,False,2,3,20
5460,1,1,False,0,-1,7
5464,1,1,False,0,-1,5
5467,1,1,False,3,126,5
5469,1,1,False,3,126,5
5471,1,1,False,3,237,6
5472,1,1,False,3,237,6
5475,1,1,False,1,3,6
5476,1,1,False,3,105,12
5482,1,1,False,2,23,17
5483,1,1,False,2,23,17
5484,1,1,False,2,12,5
5485,1,1,False,2,12,5
5487,1,1,False,1,3,18
5489,1,1,False,0,-1,17
5490,1,1,False,0,-1,8
5491,1,1,False,1,3,2
5493,1,1,False,0,-1,12
5494,1,1,False,2,316,18
5495,1,1,False,2,316,18
5498,1,1,False,1,53,14
5505,1,1,False,1,3,5
5507,1,1,False,1,317,13
5508,1,1,False,1,317,13
5512,1,1,False,1,3,20
5520,1,1,False,3,53,12
5521,1,1,False,2,114,12
5522,1,1,False,2,114,12
5524,1,1,False,3,318,5
5525,1,1,False,3,318,5
5526,1,1,False,3,318,5
5527,1,1,False,3,318,5
5530,1,1,False,3,221,12
5532,1,1,False,3,221,12
5534,1,1,False,0,-1,13
5535,1,1,False,0,-1,13
5536,1,1,False,2,3,18
5538,1,1,False,2,3,18
5540,1,1,False,1,3,12
5541,1,1,False,0,-1,1
5545,1,1,False,3,3,11
5546,1,1,False,3,3,11
5548,1,1,False,0,-1,17
5556,1,1,False,1,63,25
5557,1,1,False,0,-1,16
5560,1,1,False,3,58,18
5563,1,1,False,3,58,18
5566,1,1,False,2,64,9
5567,1,1,False,2,64,9
5568,1,1,False,1,319,27
5571,1,1,False,1,3,10
5572,1,1,False,2,12,12
5575,1,1,False,0,-1,9
5576,1,1,False,1,74,23
5578,1,1,False,2,3,4
5579,1,1,False,2,3,4
5581,1,1,False,0,-1,24
5583,1,1,False,1,3,21
5588,1,1,False,0,-1,5
5589,1,1,False,0,-1,9
5590,1,1,False,0,-1,18
5591,1,1,False,3,3,13
5593,1,1,False,3,3,13
5594,1,1,False,3,3,13
5597,1,1,False,0,-1,14
5598,1,1,False,1,114,4
5600,1,1,False,0,-1,14
5603,1,1,False,1,320,12
5615,1,1,False,1,3,12
5620,1,1,False,0,-1,16
5622,1,1,False,1,321,8
5623,1,1,False,1,321,8
5624,1,1,False,0,-1,12
5625,1,1,False,1,3,5
5627,1,1,False,0,-1,5
5629,1,1,False,0,-1,23
5630,1,1,False,0,-1,25
5631,1,1,False,1,322,12
5632,1,1,False,1,322,12
5637,1,1,False,1,323,18
5638,1,1,False,1,30,9
5641,1,1,False,1,25,12
5644,1,1,False,0,-1,14
5646,1,1,False,3,161,5
5648,1,1,False,3,161,5
5651,1,1,False,2,2,13
5656,1,1,False,2,6,12
5661,1,1,False,2,237,27
5662,1,1,False,0,-1,8
5663,1,1,False,0,-1,5
5665,1,1,False,2,30,17
5667,1,1,False,2,30,17
5668,1,1,False,0,-1,20
5669,1,1,False,1,10,12
5671,1,1,False,1,324,16
5672,1,1,False,1,324,16
5673,1,1,False,0,-1,24
5676,1,1,False,0,-1,14
5678,1,1,False,3,3,8
5681,1,1,False,1,325,1
5682,1,1,False,1,325,1
5689,1,1,False,2,3,9
5692,1,1,False,0,-1,13
5694,1,1,False,1,326,18
5695,1,1,False,1,326,18
5697,1,1,False,1,327,6
5698,1,1,False,1,327,6
5699,1,1,False,0,-1,20
5700,1,1,False,1,328,4
5701,1,1,False,1,328,4
5702,1,1,False,0,-1,5
5703,1,1,False,0,-1,20
5706,1,1,False,0,-1,13
5708,1,1,False,2,16,28
5711,1,1,False,2,329,4
5712,1,1,False,2,329,4
5714,1,1,False,0,-1,8
5716,1,1,False,1,330,25
5717,1,1,False,0,-1,6
5718,1,1,False,3,3,18
5719,1,1,False,3,3,18
5722,1,1,False,1,3,7
5725,1,1,False,0,-1,6
5726,1,1,False,0,-1,18
5730,1,1,False,1,3,12
5733,1,1,False,3,3,5
5734,1,1,False,3,3,5
5736,1,1,False,3,3,5
5737,1,1,False,2,3,12
5740,1,1,False,0,-1,25
5746,1,1,False,2,23,12
5747,1,1,False,0,-1,17
5748,1,1,False,0,-1,9
5749,1,1,False,1,3,4
5751,1,1,False,0,-1,14
5755,1,1,False,1,3,20
5757,1,1,False,2,3,21
5758,1,1,False,2,3,21
5760,1,1,False,0,-1,5
5764,1,1,False,3,70,27
5765,1,1,False,3,70,27
5766,1,1,False,0,-1,8
5768,1,1,False,1,10,14
5769,1,1,False,1,331,5
5770,1,1,False,1,331,5
5773,1,1,False,0,-1,14
5776,1,1,False,3,3,12
5781,1,1,False,2,22,6
5784,1,1,False,1,68,4
5785,1,1,False,0,-1,20
5790,1,1,False,1,332,5
5791,1,1,False,1,332,5
5793,1,1,False,2,70,25
5795,1,1,False,0,-1,19
5799,1,1,False,0,-1,18
5808,1,1,False,0,-1,5
5810,1,1,False,1,333,11
5811,1,1,False,1,333,11
5824,1,1,False,2,53,12
5825,1,1,False,0,-1,20
5826,1,1,False,0,-1,14
5829,1,1,False,0,-1,4
5830,1,1,False,1,3,5
5834,1,1,False,3,93,15
5835,1,1,False,3,93,15
5837,1,1,False,1,95,14
5845,1,1,False,0,-1,20
5848,1,1,False,2,1,13
5849,1,1,False,0,-1,4
5854,1,1,False,0,-1,20
5855,1,1,False,0,-1,25
5858,1,1,False,1,3,14
5865,1,1,False,1,3,4
5866,1,1,False,0,-1,5
5867,1,1,False,3,3,24
5874,1,1,False,0,-1,14
5875,1,1,False,0,-1,27
5877,1,1,False,3,3,15
5880,1,1,False,0,-1,20
5882,1,1,False,0,-1,23
5884,1,1,False,1,334,20
5885,1,1,False,1,334,20
5887,1,1,False,0,-1,12
5889,1,1,False,1,0,18
5899,1,1,False,3,3,13
5900,1,1,False,3,3,13
5903,1,1,False,2,3,13
5904,1,1,False,0,-1,1
5906,1,1,False,1,19,25
5910,1,1,False,2,3,5
5913,1,1,False,0,-1,6
5916,1,1,False,0,-1,5
5918,1,1,False,1,3,21
5920,1,1,False,0,-1,24
5927,1,1,False,1,68,8
5928,1,1,False,1,335,14
5929,1,1,False,1,335,14
5930,1,1,False,0,-1,20
5938,1,1,False,3,3,25
5941,1,1,False,3,3,25
5944,1,1,False,0,-1,17
5945,1,1,False,0,-1,27
5946,1,1,False,0,-1,13
5947,1,1,False,0,-1,13
5948,1,1,False,0,-1,12
5949,1,1,False,1,62,14
5956,1,1,False,2,31,12
5958,1,1,False,0,-1,12
5961,1,1,False,1,3,19
5965,1,1,False,3,3,26
5969,1,1,False,2,336,12
5970,1,1,False,2,336,12
5971,1,1,False,2,336,12
5973,1,1,False,1,3,21
5975,1,1,False,0,-1,18
5976,1,1,False,1,337,5
5977,1,1,False,1,337,5
5978,1,1,False,0,-1,6
5979,1,1,False,1,0,13
5981,1,1,False,0,-1,4
5982,1,1,False,0,-1,21
5983,1,1,False,0,-1,14
5984,1,1,False,2,56,23
5990,1,1,False,0,-1,1
5991,1,1,False,0,-1,13
5992,1,1,False,0,-1,20
5993,1,1,False,0,-1,25
5994,1,1,False,0,-1,8
5995,1,1,False,0,-1,12
5998,1,1,False,3,3,15
5999,1,1,False,3,3,15
6000,1,1,False,1,3,4
6003,1,1,False,1,3,22
6005,1,1,False,3,3,21
6006,1,1,False,3,3,21
6011,1,1,False,1,338,5
6013,1,1,False,1,339,12
6014,1,1,False,1,339,12
6016,1,1,False,0,-1,8
6021,1,1,False,1,340,20
6022,1,1,False,1,340,20
6025,1,1,False,3,3,20
6030,1,1,False,0,-1,12
6033,1,1,False,1,341,12
6034,1,1,False,0,-1,13
6035,1,1,False,2,342,18
6036,1,1,False,2,342,18
6037,1,1,False,2,342,18
6039,1,1,False,1,3,24
6044,1,1,False,1,343,14
6045,1,1,False,1,343,14
6053,1,1,False,3,3,12
6055,1,1,False,3,3,12
6057,1,1,False,1,10,11
6058,1,1,False,0,-1,15
6059,1,1,False,0,-1,15
6062,1,1,False,1,344,17
6067,1,1,False,0,-1,20
6069,1,1,False,0,-1,26
6070,1,1,False,0,-1,19
6073,1,1,False,0,-1,17
6075,1,1,False,2,62,12
6077,1,1,False,1,3,12
6084,1,1,False,0,-1,22
6086,1,1,False,0,-1,25
6089,1,1,False,0,-1,5
6093,1,1,False,2,53,12
6099,1,1,False,1,345,12
6100,1,1,False,0,-1,15
6101,1,1,False,1,80,23
6103,1,1,False,1,3,12
6107,1,1,False,2,70,15
6110,1,1,False,2,3,27
6113,1,1,False,2,18,9
6114,1,1,False,0,-1,5
6116,1,1,False,2,3,18
6117,1,1,False,2,3,18
6118,1,1,False,2,3,15
6122,1,1,False,1,3,5
6124,1,1,False,1,346,12
6128,1,1,False,2,3,18
6129,1,1,False,0,-1,17
6131,1,1,False,1,73,22
6138,1,1,False,0,-1,20
6141,1,1,False,3,3,14
6143,1,1,False,0,-1,13
6145,1,1,False,0,-1,4
6146,1,1,False,0,-1,12
6147,1,1,False,0,-1,5
6148,1,1,False,0,-1,24
6149,1,1,False,0,-1,8
6150,1,1,False,0,-1,20
6153,1,1,False,3,80,8
6154,1,1,False,3,80,8
6159,1,1,False,0,-1,14
6160,1,1,False,0,-1,20
6163,1,1,False,0,-1,14
6164,1,1,False,0,-1,24
6170,1,1,False,2,10,9
6173,1,1,False,0,-1,11
6174,1,1,False,0,-1,12
6177,1,1,False,2,2,21
6179,1,1,False,3,3,20
6181,1,1,False,3,3,20
6184,1,1,False,3,53,18
6187,1,1,False,0,-1,20
6190,1,1,False,2,54,20
6194,1,1,False,0,-1,25
6198,1,1,False,2,26,6
6200,1,1,False,1,347,7
6201,1,1,False,1,347,7
6203,1,1,False,1,348,12
6204,1,1,False,1,348,12
6205,1,1,False,1,114,9
6207,1,1,False,0,-1,28
6209,1,1,False,0,-1,5
6210,1,1,False,3,161,5
6215,1,1,False,1,51,14
6220,1,1,False,2,349,4
6221,1,1,False,2,349,4
6222,1,1,False,2,349,4
6225,1,1,False,3,3,4
6227,1,1,False,0,-1,13
6230,1,1,False,1,10,9
6231,1,1,False,2,294,28
6232,1,1,False,2,294,28
6235,1,1,False,1,350,1
6236,1,1,False,1,350,1
6237,1,1,False,3,106,2
6240,1,1,False,3,106,2
6242,1,1,False,1,351,15
6244,1,1,False,1,1,27
6247,1,1,False,0,-1,22
6248,1,1,False,0,-1,20
6250,1,1,False,0,-1,7
6258,1,1,False,0,-1,12
6260,1,1,False,1,26,9
6264,1,1,False,0,-1,18
6265,1,1,False,1,6,23
6273,1,1,False,2,86,20
6274,1,1,False,2,86,20
6279,1,1,False,0,-1,18
6283,1,1,False,1,352,5
6284,1,1,False,1,352,5
6285,1,1,False,1,353,18
6286,1,1,False,1,353,18
6287,1,1,False,0,-1,14
6290,1,1,False,2,3,15
6293,1,1,False,3,3,14
6294,1,1,False,3,3,14
6297,1,1,False,1,354,12
6298,1,1,False,1,354,12
6300,1,1,False,3,3,5
6303,1,1,False,1,3,22
6306,1,1,False,0,-1,12
6307,1,1,False,0,-1,4
6308,1,1,False,2,355,18
6309,1,1,False,2,355,18
6310,1,1,False,2,355,18
6317,1,1,False,0,-1,8
6318,1,1,False,0,-1,18
6319,1,1,False,0,-1,18
6320,1,1,False,2,3,5
6323,1,1,False,0,-1,12
6324,1,1,False,1,3,12
6327,1,1,False,1,3,14
6336,1,1,False,3,54,20
6339,1,1,False,3,54,20
6340,1,1,False,0,-1,5
6342,1,1,False,3,3,25
6343,1,1,False,3,3,25
6344,1,1,False,3,3,25
6345,1,1,False,0,-1,5
6348,1,1,False,1,356,13
6349,1,1,False,1,356,13
6351,1,1,False,0,-1,5
6352,1,1,False,0,-1,18
6353,1,1,False,2,3,15
6356,1,1,False,0,-1,1
6357,1,1,False,0,-1,4
6358,1,1,False,0,-1,22
6359,1,1,False,2,3,14
6361,1,1,False,2,3,14
6363,1,1,False,1,3,14
6370,1,1,False,0,-1,15
6371,1,1,False,0,-1,27
6372,1,1,False,0,-1,15
6373,1,1,False,0,-1,8
6374,1,1,False,2,95,12
6375,1,1,False,2,95,12
6380,1,1,False,2,54,12
6382,1,1,False,0,-1,5
6384,1,1,False,2,3,18
6385,1,1,False,2,3,18
6386,1,1,False,2,357,20
6387,1,1,False,2,357,20
6388,1,1,False,2,357,20
6391,1,1,False,0,-1,9
6392,1,1,False,0,-1,27
6396,1,1,False,1,59,15
6404,1,1,False,0,-1,15
6405,1,1,False,0,-1,6
6408,1,1,False,0,-1,12
6410,1,1,False,3,63,28
6414,1,1,False,2,3,5
6415,1,1,False,2,3,5
6417,1,1,False,0,-1,21
6426,1,1,False,0,-1,14
6428,1,1,False,0,-1,15
6430,1,1,False,0,-1,20
6432,1,1,False,0,-1,13
6435,1,1,False,3,6,12
6436,1,1,False,3,6,12
6437,1,1,False,3,6,12
6439,1,1,False,1,358,12
6440,1,1,False,1,358,12
6442,1,1,False,0,-1,13
6443,1,1,False,0,-1,17
6445,1,1,False,1,3,26
6449,1,1,False,1,359,15
6450,1,1,False,2,360,27
6452,1,1,False,2,360,27
6453,1,1,False,2,3,23
6455,1,1,False,2,3,23
6458,1,1,False,2,27,25
6459,1,1,False,2,27,25
6461,1,1,False,1,361,15
6462,1,1,False,1,361,15
6467,1,1,False,2,3,12
6469,1,1,False,2,3,12
6471,1,1,False,3,68,4
6472,1,1,False,3,68,4
6479,1,1,False,2,3,18
6480,1,1,False,0,-1,5
6481,1,1,False,0,-1,12
6483,1,1,False,3,161,23
6490,1,1,False,0,-1,14
6498,1,1,False,2,3,20
6499,1,1,False,1,362,12
6500,1,1,False,1,362,12
6501,1,1,False,1,105,8
6504,1,1,False,1,19,22
6509,1,1,False,1,3,5
6510,1,1,False,0,-1,28
6513,1,1,False,3,52,14
6514,1,1,False,3,52,14
6516,1,1,False,2,80,27
6517,1,1,False,2,80,27
6518,1,1,False,1,37,8
6522,1,1,False,0,-1,26
6523,1,1,False,0,-1,18
6524,1,1,False,0,-1,19
6529,1,1,False,1,7,5
6532,1,1,False,1,22,13
6537,1,1,False,3,3,18
6542,1,1,False,0,-1,25
6544,1,1,False,3,3,28
6556,1,1,False,1,363,14
6557,1,1,False,0,-1,5
6559,1,1,False,0,-1,9
6562,1,1,False,1,364,18
6563,1,1,False,1,364,18
6565,1,1,False,1,51,12
6569,1,1,False,0,-1,5
6571,1,1,False,1,3,12
6572,1,1,False,1,74,23
6576,1,1,False,2,16,14
6581,1,1,False,1,28,6
6583,1,1,False,1,365,17
6584,1,1,False,1,365,17
6588,1,1,False,1,0,12
6591,1,1,False,1,31,9
6592,1,1,False,0,-1,26
6593,1,1,False,0,-1,28
6596,1,1,False,3,3,8
6597,1,1,False,3,3,8
6600,1,1,False,1,3,12
6603,1,1,False,0,-1,9
6605,1,1,False,0,-1,18
6606,1,1,False,0,-1,8
6610,1,1,False,2,2,17
6613,1,1,False,1,3,8
6614,1,1,False,1,366,3
6615,1,1,False,1,366,3
6619,1,1,False,0,-1,5
6620,1,1,False,0,-1,18
6625,1,1,False,2,3,12
6627,1,1,False,0,-1,20
6631,1,1,False,2,3,4
6632,1,1,False,0,-1,5
6639,1,1,False,0,-1,12
6640,1,1,False,0,-1,18
6641,1,1,False,1,3,10
6647,1,1,False,0,-1,13
6649,1,1,False,0,-1,13
6653,1,1,False,3,86,12
6657,1,1,False,2,51,21
6658,1,1,False,2,3,25
6660,1,1,False,2,3,25
6663,1,1,False,1,3,12
6664,1,1,False,0,-1,20
6665,1,1,False,0,-1,25
6667,1,1,False,2,59,14
6668,1,1,False,2,59,14
6670,1,1,False,0,-1,25
6673,1,1,False,1,3,15
6675,1,1,False,1,367,14
6676,1,1,False,1,367,14
6680,1,1,False,2,3,22
6682,1,1,False,2,3,22
6684,1,1,False,3,10,5
6689,1,1,False,0,-1,21
6696,1,1,False,3,2,8
6697,1,1,False,3,2,8
6700,1,1,False,0,-1,12
6701,1,1,False,0,-1,12
6704,1,1,False,3,3,12
6711,1,1,False,3,3,18
6713,1,1,False,3,3,18
6715,1,1,False,1,10,15
6717,1,1,False,1,368,5
6718,1,1,False,1,368,5
6722,1,1,False,1,369,18
6723,1,1,False,1,369,18
6724,1,1,False,0,-1,12
6729,1,1,False,0,-1,26
6733,1,1,False,1,18,13
6739,1,1,False,0,-1,12
6740,1,1,False,0,-1,27
6742,1,1,False,2,3,15
6743,1,1,False,2,3,15
6744,1,1,False,0,-1,9
6745,1,1,False,3,59,15
6747,1,1,False,3,59,15
6750,1,1,False,2,3,20
6752,1,1,False,0,-1,13
6753,1,1,False,2,44,13
6758,1,1,False,1,86,14
6759,1,1,False,0,-1,6
6760,1,1,False,1,35,18
6769,1,1,False,3,56,15
6777,1,1,False,0,-1,3
6779,1,1,False,1,3,13
6781,1,1,False,2,73,15
6782,1,1,False,2,73,15
6783,1,1,False,0,-1,17
6789,1,1,False,1,25,13
6791,1,1,False,0,-1,9
6792,1,1,False,0,-1,20
6794,1,1,False,3,80,13
6802,1,1,False,2,3,5
6804,1,1,False,0,-1,26
6808,1,1,False,0,-1,2
6813,1,1,False,3,139,23
6819,1,1,False,2,52,28
6820,1,1,False,2,52,28
6821,1,1,False,3,3,12
6827,1,1,False,2,3,18
6828,1,1,False,0,-1,14
6829,1,1,False,3,370,12
6830,1,1,False,3,370,12
6831,1,1,False,3,370,12
6832,1,1,False,3,370,12
6834,1,1,False,0,-1,14
6838,1,1,False,1,3,4
6840,1,1,False,0,-1,25
6846,1,1,False,0,-1,12
6849,1,1,False,2,3,2
6850,1,1,False,2,3,2
6852,1,1,False,1,6,22
6853,1,1,False,1,371,4
6854,1,1,False,1,371,4
6859,1,1,False,3,139,25
6861,1,1,False,3,139,25
6865,1,1,False,0,-1,14
6867,1,1,False,1,3,18
6869,1,1,False,0,-1,12
6870,1,1,False,0,-1,26
6873,1,1,False,0,-1,5
6874,1,1,False,2,372,9
6875,1,1,False,2,372,9
6876,1,1,False,2,372,9
6878,1,1,False,3,3,27
6882,1,1,False,3,3,20
6884,1,1,False,3,3,20
6888,1,1,False,2,3,22
6890,1,1,False,0,-1,13
6893,1,1,False,2,373,14
6895,1,1,False,2,373,14
6896,1,1,False,0,-1,20
6897,1,1,False,3,3,11
6898,1,1,False,3,3,11
6908,1,1,False,2,374,14
6909,1,1,False,2,374,14
6910,1,1,False,2,374,14
6911,1,1,False,1,375,18
6912,1,1,False,1,375,18
6914,1,1,False,2,62,12
6919,1,1,False,0,-1,18
6925,1,1,False,0,-1,27
6929,1,1,False,1,3,21
6936,1,1,False,2,86,26
6941,1,1,False,1,10,6
6944,1,1,False,2,3,28
6946,1,1,False,0,-1,5
6949,1,1,False,1,294,22
6951,1,1,False,1,376,28
6952,1,1,False,1,376,28
6954,1,1,False,1,31,4
6956,1,1,False,0,-1,4
6957,1,1,False,2,377,5
6958,1,1,False,2,377,5
6959,1,1,False,2,377,5
6960,1,1,False,2,2,18
6961,1,1,False,2,2,18
6963,1,1,False,0,-1,12
6965,1,1,False,3,12,5
6969,1,1,False,1,378,24
6970,1,1,False,1,378,24
6974,1,1,False,3,37,18
6975,1,1,False,1,379,5
6976,1,1,False,1,379,5
6980,1,1,False,0,-1,16
6981,1,1,False,0,-1,18
6982,1,1,False,0,-1,20
6986,1,1,False,2,111,18
6987,1,1,False,0,-1,12
6988,1,1,False,3,3,5
6993,1,1,False,0,-1,6
6997,1,1,False,0,-1,12
7000,1,1,False,2,380,12
7001,1,1,False,2,380,12
7003,1,1,False,2,3,12
7004,1,1,False,2,3,12
7009,1,1,False,2,25,15
7010,1,1,False,0,-1,4
7013,1,1,False,0,-1,12
7014,1,1,False,1,3,15
7017,1,1,False,2,3,9
7020,1,1,False,1,0,19
7021,1,1,False,0,-1,8
7022,1,1,False,1,381,20
7023,1,1,False,1,381,20
7028,1,1,False,0,-1,12
7029,1,1,False,3,382,4
7030,1,1,False,3,382,4
7031,1,1,False,3,382,4
7032,1,1,False,3,382,4
7033,1,1,False,1,3,22
7035,1,1,False,0,-1,25
7036,1,1,False,2,221,5
7037,1,1,False,2,221,5
7041,1,1,False,0,-1,27
7046,1,1,False,1,14,4
7048,1,1,False,2,3,4
7049,1,1,False,2,3,4
7051,1,1,False,0,-1,15
7055,1,1,False,2,64,5
7057,1,1,False,1,383,18
7058,1,1,False,1,383,18
7059,1,1,False,0,-1,8
7060,1,1,False,0,-1,6
7063,1,1,False,3,3,12
7064,1,1,False,3,3,12
7065,1,1,False,3,3,12
7067,1,1,False,0,-1,9
7068,1,1,False,1,3,9
7071,1,1,False,1,384,21
7072,1,1,False,1,373,5
7075,1,1,False,1,3,12
7079,1,1,False,2,3,15
7082,1,1,False,0,-1,27
7083,1,1,False,0,-1,25
7087,1,1,False,1,106,13
7088,1,1,False,0,-1,12
7089,1,1,False,0,-1,7
7090,1,1,False,1,385,18
7091,1,1,False,1,385,18
7093,1,1,False,2,40,23
7095,1,1,False,1,3,18
7100,1,1,False,0,-1,24
7104,1,1,False,3,80,4
7105,1,1,False,3,80,4
7106,1,1,False,3,80,4
7110,1,1,False,1,3,5
7113,1,1,False,3,386,28
7114,1,1,False,3,386,28
7115,1,1,False,3,386,28
7116,1,1,False,0,-1,5
7120,1,1,False,3,3,22
7121,1,1,False,0,-1,21
7122,1,1,False,0,-1,20
7123,1,1,False,1,56,5
7125,1,1,False,3,179,12
7128,1,1,False,3,179,12
7129,1,1,False,1,3,15
7139,1,1,False,1,3,12
7140,1,1,False,0,-1,4
7141,1,1,False,1,387,14
7142,1,1,False,1,387,14
7146,1,1,False,3,72,15
7147,1,1,False,3,72,15
7150,1,1,False,3,114,12
7153,1,1,False,1,3,12
7156,1,1,False,0,-1,5
7158,1,1,False,1,3,20
7159,1,1,False,0,-1,13
7163,1,1,False,1,388,15
7165,1,1,False,3,25,20
7168,1,1,False,3,25,20
7169,1,1,False,0,-1,5
7174,1,1,False,1,179,20
7177,1,1,False,0,-1,20
7178,1,1,False,0,-1,9
7179,1,1,False,2,3,11
7182,1,1,False,0,-1,5
7186,1,1,False,1,3,15
7188,1,1,False,0,-1,11
7189,1,1,False,0,-1,13
7192,1,1,False,1,3,18
7194,1,1,False,1,389,3
7195,1,1,False,1,389,3
7198,1,1,False,1,390,13
7199,1,1,False,1,390,13
7201,1,1,False,0,-1,12
7204,1,1,False,2,3,12
7209,1,1,False,0,-1,20
7210,1,1,False,0,-1,5
7216,1,1,False,1,3,8
7220,1,1,False,1,391,15
7221,1,1,False,1,391,15
7225,1,1,False,1,3,9
7228,1,1,False,2,3,16
7229,1,1,False,2,3,16
7234,1,1,False,0,-1,16
7236,1,1,False,0,-1,20
7237,1,1,False,0,-1,20
7240,1,1,False,0,-1,12
7243,1,1,False,0,-1,12
7244,1,1,False,0,-1,20
7247,1,1,False,3,3,14
7248,1,1,False,3,3,14
7252,1,1,False,2,392,12
7254,1,1,False,2,392,12
7256,1,1,False,1,3,5
7259,1,1,False,3,2,14
7268,1,1,False,2,114,14
7271,1,1,False,3,62,2
7272,1,1,False,3,62,2
7274,1,1,False,0,-1,22
7276,1,1,False,2,10,14
7277,1,1,False,2,10,14
7279,1,1,False,1,51,14
7282,1,1,False,1,3,14
7283,1,1,False,3,3,24
7285,1,1,False,3,3,24
7287,1,1,False,0,-1,18
7288,1,1,False,3,53,12
7291,1,1,False,3,53,12
7295,1,1,False,0,-1,14
7299,1,1,False,0,-1,5
7301,1,1,False,1,3,20
7303,1,1,False,1,3,18
7304,1,1,False,2,3,25
7305,1,1,False,2,3,25
7309,1,1,False,3,3,14
7313,1,1,False,1,80,15
7321,1,1,False,0,-1,14
7322,1,1,False,0,-1,21
7323,1,1,False,0,-1,22
7326,1,1,False,3,80,20
7328,1,1,False,0,-1,25
7332,1,1,False,1,3,18
7334,1,1,False,0,-1,7
7335,1,1,False,0,-1,17
7338,1,1,False,3,3,9
7341,1,1,False,0,-1,15
7349,1,1,False,0,-1,27
7354,1,1,False,2,111,6
7355,1,1,False,2,111,6
7357,1,1,False,0,-1,12
7362,1,1,False,2,3,26
7363,1,1,False,2,3,26
7364,1,1,False,3,35,5
7366,1,1,False,3,35,5
7373,1,1,False,0,-1,25
7374,1,1,False,2,114,5
7377,1,1,False,1,44,20
7387,1,1,False,2,3,17
7389,1,1,False,1,93,14
7393,1,1,False,1,3,10
7398,1,1,False,0,-1,8
7399,1,1,False,3,3,28
7404,1,1,False,1,2,18
7406,1,1,False,0,-1,25
7407,1,1,False,3,93,12
7410,1,1,False,3,93,12
7413,1,1,False,1,393,9
7414,1,1,False,1,393,9
7419,1,1,False,3,18,12
7422,1,1,False,1,3,20
7427,1,1,False,1,394,20
7429,1,1,False,2,12,4
7430,1,1,False,2,12,4
7435,1,1,False,0,-1,12
7438,1,1,False,1,48,14
7445,1,1,False,0,-1,20
7446,1,1,False,0,-1,13
7447,1,1,False,0,-1,15
7451,1,1,False,3,164,13
7453,1,1,False,1,3,23
7455,1,1,False,3,95,8
7456,1,1,False,3,95,8
7463,1,1,False,0,-1,12
7466,1,1,False,2,80,14
7469,1,1,False,0,-1,14
7473,1,1,False,1,395,12
7474,1,1,False,1,395,12
7476,1,1,False,0,-1,14
7484,1,1,False,2,3,17
7489,1,1,False,0,-1,9
7498,1,1,False,2,3,28
7504,1,1,False,2,3,13
7505,1,1,False,2,3,13
7508,1,1,False,0,-1,26
7510,1,1,False,0,-1,7
7513,1,1,False,2,3,4
7516,1,1,False,1,396,11
7517,1,1,False,1,396,11
7518,1,1,False,1,179,14
7520,1,1,False,0,-1,12
7524,1,1,False,0,-1,14
7528,1,1,False,2,7,5
7531,1,1,False,1,30,13
7532,1,1,False,3,397,24
7533,1,1,False,3,397,24
7534,1,1,False,3,397,24
7535,1,1,False,3,397,24
7537,1,1,False,1,22,8
7543,1,1,False,2,52,17
7548,1,1,False,1,63,13
7555,1,1,False,3,95,18
7559,1,1,False,1,3,18
7563,1,1,False,2,221,8
7567,1,1,False,1,3,9
7569,1,1,False,1,3,23
7572,1,1,False,2,22,5
7573,1,1,False,2,22,5
7575,1,1,False,0,-1,9
7576,1,1,False,0,-1,14
7579,1,1,False,1,35,27
7581,1,1,False,2,3,15
7589,1,1,False,0,-1,6
7591,1,1,False,0,-1,5
7593,1,1,False,1,398,14
7594,1,1,False,1,398,14
7595,1,1,False,0,-1,12
7603,1,1,False,1,3,26
7606,1,1,False,2,3,13
7614,1,1,False,1,3,9
7616,1,1,False,0,-1,14
7619,1,1,False,0,-1,5
7622,1,1,False,2,114,8
7625,1,1,False,0,-1,15
7626,1,1,False,0,-1,13
7629,1,1,False,3,10,20
7631,1,1,False,0,-1,14
7633,1,1,False,0,-1,6
7634,1,1,False,0,-1,22
7635,1,1,False,0,-1,23
7636,1,1,False,3,31,28
7638,1,1,False,3,31,28
7641,1,1,False,1,3,24
7642,1,1,False,0,-1,26
7643,1,1,False,0,-1,25
7644,1,1,False,0,-1,19
7646,1,1,False,1,10,25
7649,1,1,False,1,399,11
7650,1,1,False,1,399,11
7652,1,1,False,1,400,5
7653,1,1,False,1,400,5
7654,1,1,False,2,114,25
7657,1,1,False,0,-1,5
7662,1,1,False,2,12,14
7664,1,1,False,0,-1,12
7665,1,1,False,0,-1,4
7667,1,1,False,0,-1,18
7669,1,1,False,2,54,2
7671,1,1,False,1,3,2
7673,1,1,False,3,37,12
7680,1,1,False,3,3,19
7681,1,1,False,2,3,2
7683,1,1,False,2,3,2
7686,1,1,False,0,-1,4
7689,1,1,False,0,-1,24
7690,1,1,False,0,-1,12
7696,1,1,False,0,-1,20
7697,1,1,False,2,80,4
7698,1,1,False,2,80,4
7700,1,1,False,0,-1,14
7701,1,1,False,0,-1,12
7703,1,1,False,0,-1,21
7705,1,1,False,1,59,12
7707,1,1,False,2,3,25
7708,1,1,False,2,3,25
7710,1,1,False,1,2,20
7711,1,1,False,0,-1,25
7714,1,1,False,3,3,12
7716,1,1,False,3,3,12
7718,1,1,False,0,-1,12
7719,1,1,False,0,-1,21
7721,1,1,False,1,401,18
7722,1,1,False,1,401,18
7723,1,1,False,0,-1,14
7725,1,1,False,0,-1,12
7726,1,1,False,1,402,9
7727,1,1,False,1,402,9
7729,1,1,False,1,95,4
7732,1,1,False,0,-1,24
7736,1,1,False,3,3,12
7741,1,1,False,1,403,26
7742,1,1,False,1,403,26
7743,1,1,False,0,-1,17
7745,1,1,False,1,73,12
7748,1,1,False,2,114,20
7757,1,1,False,3,19,12
7759,1,1,False,0,-1,8
7763,1,1,False,2,3,1
7765,1,1,False,2,3,1
7769,1,1,False,0,-1,14
7770,1,1,False,3,3,18
7772,1,1,False,3,3,18
7773,1,1,False,3,3,18
7777,1,1,False,1,44,12
7787,1,1,False,1,3,26
7790,1,1,False,3,3,7
7793,1,1,False,0,-1,23
7794,1,1,False,1,44,12
7798,1,1,False,0,-1,8
7799,1,1,False,0,-1,8
7800,1,1,False,0,-1,5
7801,1,1,False,0,-1,28
7803,1,1,False,0,-1,14
7806,1,1,False,2,3,5
7807,1,1,False,0,-1,21
7810,1,1,False,2,3,12
7811,1,1,False,2,3,12
7812,1,1,False,1,3,22
7814,1,1,False,2,3,25
7815,1,1,False,2,3,25
7819,1,1,False,3,3,12
7825,1,1,False,0,-1,12
7826,1,1,False,1,311,9
7829,1,1,False,2,64,2
7831,1,1,False,2,64,2
7832,1,1,False,2,3,18
7835,1,1,False,1,404,22
7836,1,1,False,1,404,22
7839,1,1,False,2,142,12
7840,1,1,False,2,142,12
7842,1,1,False,1,97,17
7845,1,1,False,1,48,15
7847,1,1,False,3,31,12
7848,1,1,False,3,31,12
7849,1,1,False,3,31,12
7852,1,1,False,2,405,12
7853,1,1,False,2,405,12
7854,1,1,False,2,405,12
7855,1,1,False,0,-1,25
7856,1,1,False,1,406,5
7857,1,1,False,1,406,5
7859,1,1,False,0,-1,13
7860,1,1,False,0,-1,17
7864,1,1,False,0,-1,4
7865,1,1,False,0,-1,9
7866,1,1,False,1,164,18
7869,1,1,False,1,407,25
7870,1,1,False,1,407,25
7872,1,1,False,0,-1,12
7873,1,1,False,0,-1,15
7875,1,1,False,3,135,17
7876,1,1,False,3,135,17
7879,1,1,False,0,-1,11
7882,1,1,False,2,3,8
7886,1,1,False,2,408,5
7887,1,1,False,2,408,5
7888,1,1,False,2,408,5
7890,1,1,False,1,80,8
7894,1,1,False,3,80,1
7898,1,1,False,0,-1,12
7902,1,1,False,3,409,13
7903,1,1,False,3,409,13
7904,1,1,False,3,409,13
7905,1,1,False,2,95,12
7906,1,1,False,2,95,12
7909,1,1,False,0,-1,21
7916,1,1,False,3,59,13
7918,1,1,False,3,59,13
7920,1,1,False,1,10,18
7924,1,1,False,3,3,2
7926,1,1,False,3,164,14
7930,1,1,False,0,-1,5
7931,1,1,False,0,-1,8
7935,1,1,False,0,-1,23
7936,1,1,False,0,-1,14
7938,1,1,False,1,53,8
7943,1,1,False,2,58,14
7944,1,1,False,2,58,14
7946,1,1,False,0,-1,10
7947,1,1,False,3,161,25
7949,1,1,False,3,161,25
7951,1,1,False,1,3,5
7954,1,1,False,1,14,12
7955,1,1,False,2,3,15
7957,1,1,False,2,3,15
7958,1,1,False,3,3,13
7961,1,1,False,3,3,13
7964,1,1,False,0,-1,12
7967,1,1,False,0,-1,2
7969,1,1,False,1,237,20
7971,1,1,False,1,3,20
7972,1,1,False,0,-1,4
7974,1,1,False,1,410,4
7975,1,1,False,1,410,4
7976,1,1,False,0,-1,28
7977,1,1,False,1,411,21
7978,1,1,False,1,411,21
7979,1,1,False,0,-1,1
7980,1,1,False,0,-1,15
7982,1,1,False,1,3,24
7984,1,1,False,3,105,4
7985,1,1,False,3,105,4
7990,1,1,False,2,3,5
7995,1,1,False,1,3,12
7996,1,1,False,3,142,26
7999,1,1,False,3,142,26
8010,1,1,False,1,3,19
8013,1,1,False,1,59,20
8017,1,1,False,3,12,9
8018,1,1,False,3,12,9
8019,1,1,False,3,12,9
8022,1,1,False,1,3,18
8029,1,1,False,0,-1,22
8031,1,1,False,0,-1,3
8032,1,1,False,0,-1,6
8034,1,1,False,1,3,11
8035,1,1,False,0,-1,11
8041,1,1,False,1,3,20
8042,1,1,False,0,-1,25
8045,1,1,False,1,114,8
8047,1,1,False,1,3,6
8049,1,1,False,0,-1,21
8050,1,1,False,1,37,18
8053,1,1,False,1,256,16
8056,1,1,False,1,412,17
8057,1,1,False,1,412,17
8061,1,1,False,3,3,14
8063,1,1,False,1,40,20
8066,1,1,False,0,-1,14
8067,1,1,False,0,-1,15
8070,1,1,False,1,413,18
8071,1,1,False,1,413,18
8073,1,1,False,1,26,4
8074,1,1,False,0,-1,20
8075,1,1,False,3,37,12
8076,1,1,False,3,37,12
8078,1,1,False,3,37,12
8080,1,1,False,1,3,8
8081,1,1,False,0,-1,2
8084,1,1,False,1,3,17
8086,1,1,False,0,-1,18
8090,1,1,False,0,-1,15
8091,1,1,False,1,414,24
8092,1,1,False,1,414,24
8093,1,1,False,0,-1,17
8095,1,1,False,1,3,8
8102,1,1,False,2,3,18
8105,1,1,False,0,-1,13
8106,1,1,False,1,31,18
8111,1,1,False,2,3,13
8112,1,1,False,2,3,13
8113,1,1,False,0,-1,18
8114,1,1,False,2,3,14
8116,1,1,False,2,3,14
8117,1,1,False,2,3,9
8119,1,1,False,2,3,9
8120,1,1,False,3,415,12
8121,1,1,False,3,415,12
8123,1,1,False,3,415,12
8124,1,1,False,0,-1,17
8126,1,1,False,0,-1,9
8127,1,1,False,0,-1,25
8129,1,1,False,0,-1,13
8131,1,1,False,1,22,14
8134,1,1,False,1,3,20
8136,1,1,False,0,-1,5
8140,1,1,False,0,-1,8
8142,1,1,False,3,135,13
8145,1,1,False,3,135,13
8146,1,1,False,0,-1,9
8151,1,1,False,3,51,14
8154,1,1,False,0,-1,14
8155,1,1,False,1,416,12
8156,1,1,False,1,416,12
8159,1,1,False,0,-1,14
8164,1,1,False,1,16,15
8166,1,1,False,1,23,12
8168,1,1,False,1,43,17
8172,1,1,False,2,3,11
8173,1,1,False,0,-1,5
8174,1,1,False,2,105,23
8179,1,1,False,2,3,18
8181,1,1,False,1,70,12
8184,1,1,False,3,3,17
8185,1,1,False,3,3,17
8189,1,1,False,0,-1,14
8195,1,1,False,0,-1,12
8196,1,1,False,1,44,28
8202,1,1,False,3,53,18
8203,1,1,False,3,53,18
8204,1,1,False,0,-1,16
8206,1,1,False,2,3,5
8210,1,1,False,2,3,18
8211,1,1,False,1,2,5
8214,1,1,False,1,86,5
8215,1,1,False,0,-1,25
8217,1,1,False,0,-1,5
8218,1,1,False,0,-1,15
8220,1,1,False,2,19,13
8222,1,1,False,1,16,12
8224,1,1,False,0,-1,15
8225,1,1,False,0,-1,26
8226,1,1,False,1,3,21
8228,1,1,False,1,3,9
8233,1,1,False,0,-1,18
8234,1,1,False,3,3,4
8235,1,1,False,3,3,4
8238,1,1,False,1,3,13
8241,1,1,False,1,95,2
8242,1,1,False,3,114,14
8243,1,1,False,3,114,14
8246,1,1,False,0,-1,20
8247,1,1,False,1,417,5
8248,1,1,False,1,417,5
8249,1,1,False,0,-1,18
8251,1,1,False,3,3,12
8254,1,1,False,0,-1,24
8255,1,1,False,0,-1,19
8260,1,1,False,0,-1,28
8262,1,1,False,3,3,28
8263,1,1,False,3,3,28
8266,1,1,False,1,31,9
8268,1,1,False,0,-1,18
8269,1,1,False,0,-1,2
8270,1,1,False,1,3,5
8273,1,1,False,0,-1,9
8275,1,1,False,0,-1,28
8276,1,1,False,0,-1,23
8284,1,1,False,1,3,12
8286,1,1,False,0,-1,14
8287,1,1,False,1,12,2
8290,1,1,False,0,-1,11
8291,1,1,False,3,68,4
8295,1,1,False,0,-1,12
8296,1,1,False,0,-1,4
8303,1,1,False,2,3,12
8305,1,1,False,2,3,12
8306,1,1,False,2,3,14
8312,1,1,False,3,95,25
8313,1,1,False,1,418,12
8314,1,1,False,1,418,12
8315,1,1,False,0,-1,8
8317,1,1,False,1,3,12
8322,1,1,False,0,-1,27
8326,1,1,False,3,45,20
8328,1,1,False,0,-1,14
8332,1,1,False,3,1,9
8333,1,1,False,3,1,9
8335,1,1,False,0,-1,5
8337,1,1,False,1,35,9
8341,1,1,False,2,12,12
8342,1,1,False,0,-1,9
8344,1,1,False,1,3,8
8346,1,1,False,1,3,23
8348,1,1,False,0,-1,28
8349,1,1,False,1,10,5
8353,1,1,False,3,161,2
8355,1,1,False,3,161,2
8358,1,1,False,1,419,4
8359,1,1,False,1,419,4
8361,1,1,False,0,-1,12
8364,1,1,False,0,-1,14
8366,1,1,False,0,-1,18
8367,1,1,False,1,2,20
8373,1,1,False,0,-1,18
8375,1,1,False,2,3,7
8382,1,1,False,1,95,13
8387,1,1,False,2,3,14
8388,1,1,False,2,3,14
8390,1,1,False,0,-1,9
8391,1,1,False,0,-1,18
8392,1,1,False,1,420,14
8393,1,1,False,1,420,14
8395,1,1,False,0,-1,20
8397,1,1,False,1,80,12
8401,1,1,False,2,106,19
8403,1,1,False,0,-1,13
8406,1,1,False,0,-1,14
8407,1,1,False,0,-1,15
8412,1,1,False,3,3,16
8414,1,1,False,0,-1,13
8416,1,1,False,3,3,23
8419,1,1,False,3,3,23
8426,1,1,False,0,-1,18
8428,1,1,False,3,421,8
8429,1,1,False,3,421,8
8430,1,1,False,3,421,8
8431,1,1,False,3,421,8
8435,1,1,False,0,-1,12
8440,1,1,False,3,3,25
8444,1,1,False,0,-1,6
8452,1,1,False,2,3,9
8453,1,1,False,0,-1,5
8454,1,1,False,0,-1,5
8455,1,1,False,2,422,22
8456,1,1,False,2,422,22
8457,1,1,False,2,422,22
8461,1,1,False,2,3,2
8462,1,1,False,0,-1,21
8463,1,1,False,3,114,9
8465,1,1,False,3,114,9
8466,1,1,False,3,114,9
8469,1,1,False,2,40,20
8472,1,1,False,0,-1,17
8473,1,1,False,1,423,10
8474,1,1,False,1,423,10
8479,1,1,False,2,3,15
8481,1,1,False,2,3,15
8484,1,1,False,0,-1,4
8485,1,1,False,0,-1,8
8487,1,1,False,0,-1,16
8489,1,1,False,1,3,12
8490,1,1,False,0,-1,12
8491,1,1,False,0,-1,18
8492,1,1,False,0,-1,7
8496,1,1,False,3,44,13
8498,1,1,False,3,44,13
8505,1,1,False,0,-1,5
8507,1,1,False,1,35,20
8510,1,1,False,2,3,14
8512,1,1,False,2,3,14
8513,1,1,False,2,166,12
8517,1,1,False,0,-1,12
8520,1,1,False,2,45,24
8521,1,1,False,2,45,24
8522,1,1,False,0,-1,18
8527,1,1,False,3,3,9
8528,1,1,False,3,3,9
8531,1,1,False,0,-1,18
8532,1,1,False,0,-1,20
8539,1,1,False,2,424,25
8540,1,1,False,2,424,25
8541,1,1,False,2,424,25
8544,1,1,False,2,3,13
8546,1,1,False,0,-1,9
8548,1,1,False,1,56,13
8549,1,1,False,0,-1,12
8550,1,1,False,0,-1,5
8551,1,1,False,0,-1,12
8554,1,1,False,3,3,12
8556,1,1,False,3,3,12
8557,1,1,False,0,-1,7
8560,1,1,False,1,3,17
8562,1,1,False,0,-1,18
8564,1,1,False,1,80,8
8567,1,1,False,1,35,20
8570,1,1,False,1,1,5
8573,1,1,False,2,3,9
8574,1,1,False,2,3,9
8579,1,1,False,0,-1,12
8580,1,1,False,0,-1,11
8582,1,1,False,1,2,12
8583,1,1,False,0,-1,4
8584,1,1,False,0,-1,11
8585,1,1,False,0,-1,8
8588,1,1,False,2,0,7
8595,1,1,False,1,425,8
8596,1,1,False,1,425,8
8597,1,1,False,0,-1,22
8598,1,1,False,1,63,16
8600,1,1,False,2,3,25
8602,1,1,False,2,3,25
8603,1,1,False,1,426,5
8604,1,1,False,1,426,5
8605,1,1,False,3,3,12
8606,1,1,False,3,3,12
8609,1,1,False,0,-1,4
8610,1,1,False,3,166,15
8611,1,1,False,3,166,15
8613,1,1,False,3,166,15
8614,1,1,False,0,-1,3
8615,1,1,False,0,-1,24
8624,1,1,False,2,3,28
8625,1,1,False,2,3,28
8627,1,1,False,1,427,7
8628,1,1,False,0,-1,5
8635,1,1,False,0,-1,22
8637,1,1,False,0,-1,18
8640,1,1,False,0,-1,18
8642,1,1,False,1,3,12
8648,1,1,False,0,-1,10
8649,1,1,False,1,428,13
8650,1,1,False,1,428,13
8651,1,1,False,0,-1,4
8652,1,1,False,3,12,5
8653,1,1,False,3,12,5
8654,1,1,False,3,12,5
8656,1,1,False,2,142,27
8657,1,1,False,2,142,27
8660,1,1,False,1,3,24
8662,1,1,False,1,26,12
8663,1,1,False,0,-1,13
8665,1,1,False,3,3,15
8666,1,1,False,3,3,15
8667,1,1,False,3,3,15
8669,1,1,False,1,3,6
8670,1,1,False,2,3,17
8672,1,1,False,2,3,17
8673,1,1,False,0,-1,5
8676,1,1,False,2,93,9
8679,1,1,False,1,166,2
8686,1,1,False,1,3,20
8689,1,1,False,1,3,14
8692,1,1,False,3,3,13
8693,1,1,False,3,3,13
8695,1,1,False,1,429,12
8696,1,1,False,1,429,12
8699,1,1,False,2,3,9
8702,1,1,False,0,-1,12
8704,1,1,False,0,-1,20
8706,1,1,False,1,95,4
8707,1,1,False,0,-1,9
8709,1,1,False,1,35,18
8711,1,1,False,3,430,25
8712,1,1,False,3,430,25
8713,1,1,False,3,430,25
8714,1,1,False,3,430,25
8715,1,1,False,0,-1,18
8718,1,1,False,1,10,7
8721,1,1,False,1,431,13
8722,1,1,False,1,431,13
8723,1,1,False,0,-1,14
8724,1,1,False,2,28,5
8728,1,1,False,0,-1,12
8729,1,1,False,0,-1,26
8731,1,1,False,0,-1,2
8732,1,1,False,0,-1,20
8735,1,1,False,0,-1,4
8736,1,1,False,0,-1,2
8737,1,1,False,1,432,3
8738,1,1,False,1,432,3
8740,1,1,False,0,-1,18
8741,1,1,False,0,-1,4
8745,1,1,False,3,3,16
8746,1,1,False,3,3,16
8753,1,1,False,3,164,5
8754,1,1,False,0,-1,13
8755,1,1,False,0,-1,12
8757,1,1,False,1,62,11
8758,1,1,False,1,433,5
8759,1,1,False,1,433,5
8761,1,1,False,2,51,11
8764,1,1,False,0,-1,20
8766,1,1,False,0,-1,1
8768,1,1,False,1,3,12
8769,1,1,False,1,114,20
8772,1,1,False,0,-1,17
8774,1,1,False,2,3,15
8778,1,1,False,2,3,9
8779,1,1,False,0,-1,20
8781,1,1,False,2,62,2
8787,1,1,False,2,3,5
8789,1,1,False,2,3,5
8793,1,1,False,3,44,25
8794,1,1,False,0,-1,5
8800,1,1,False,0,-1,3
8804,1,1,False,3,3,15
8806,1,1,False,3,3,15
8807,1,1,False,1,434,13
8808,1,1,False,1,434,13
8814,1,1,False,1,3,4
8815,1,1,False,0,-1,3
8821,1,1,False,1,3,17
8823,1,1,False,1,53,6
8825,1,1,False,1,3,18
8827,1,1,False,0,-1,12
8834,1,1,False,2,80,5
8835,1,1,False,2,80,5
8839,1,1,False,1,435,7
8840,1,1,False,1,435,7
8842,1,1,False,0,-1,11
8847,1,1,False,0,-1,15
8849,1,1,False,0,-1,20
8851,1,1,False,3,25,8
8855,1,1,False,1,436,14
8856,1,1,False,1,436,14
8857,1,1,False,0,-1,18
8860,1,1,False,0,-1,15
8862,1,1,False,1,86,18
8865,1,1,False,0,-1,12
8866,1,1,False,0,-1,27
8870,1,1,False,0,-1,12
8873,1,1,False,2,437,5
8874,1,1,False,2,437,5
8875,1,1,False,2,437,5
8877,1,1,False,2,30,21
8879,1,1,False,2,30,21
8880,1,1,False,2,438,13
8881,1,1,False,2,438,13
8882,1,1,False,2,438,13
8887,1,1,False,2,53,11
8889,1,1,False,2,53,11
8890,1,1,False,1,439,12
8891,1,1,False,1,439,12
8892,1,1,False,0,-1,28
8893,1,1,False,0,-1,9
8895,1,1,False,1,72,12
8897,1,1,False,1,3,27
8898,1,1,False,2,440,20
8899,1,1,False,2,440,20
8900,1,1,False,2,440,20
8903,1,1,False,2,3,11
8904,1,1,False,0,-1,8
8905,1,1,False,0,-1,17
8909,1,1,False,3,166,4
8911,1,1,False,0,-1,11
8912,1,1,False,0,-1,9
8915,1,1,False,0,-1,20
8917,1,1,False,1,3,6
8920,1,1,False,0,-1,24
8921,1,1,False,1,441,14
8922,1,1,False,1,441,14
8923,1,1,False,2,3,23
8926,1,1,False,1,442,5
8927,1,1,False,1,442,5
8931,1,1,False,0,-1,4
8937,1,1,False,3,3,4
8938,1,1,False,3,3,4
8940,1,1,False,3,3,9
8945,1,1,False,0,-1,18
8946,1,1,False,0,-1,24
8950,1,1,False,0,-1,20
8951,1,1,False,0,-1,14
8952,1,1,False,0,-1,17
8953,1,1,False,1,3,18
8957,1,1,False,1,3,9
8958,1,1,False,0,-1,12
8959,1,1,False,1,12,6
8961,1,1,False,0,-1,23
8973,1,1,False,0,-1,16
8983,1,1,False,3,16,5
8984,1,1,False,3,16,5
8988,1,1,False,0,-1,12
8989,1,1,False,1,443,9
8990,1,1,False,1,443,9
8993,1,1,False,1,3,12
8995,1,1,False,1,10,13
8997,1,1,False,1,3,10
8999,1,1,False,1,3,13
9004,1,1,False,3,3,4
9005,1,1,False,3,3,4
9006,1,1,False,0,-1,5
9011,1,1,False,2,3,23
9012,1,1,False,2,3,23
9020,1,1,False,0,-1,7
9022,1,1,False,1,444,18
9023,1,1,False,1,444,18
9026,1,1,False,2,3,9
9029,1,1,False,1,445,13
9030,1,1,False,1,445,13
9035,1,1,False,1,3,13
9036,1,1,False,0,-1,17
9039,1,1,False,0,-1,24
9040,1,1,False,1,19,18
9042,1,1,False,0,-1,20
9044,1,1,False,2,3,11
9046,1,1,False,2,3,11
9049,1,1,False,2,3,25
9058,1,1,False,0,-1,9
9062,1,1,False,2,3,12
9065,1,1,False,0,-1,14
9067,1,1,False,2,446,14
9068,1,1,False,2,446,14
9069,1,1,False,2,446,14
9070,1,1,False,1,3,26
9076,1,1,False,0,-1,24
9077,1,1,False,1,40,8
9079,1,1,False,0,-1,26
9083,1,1,False,0,-1,5
9085,1,1,False,1,3,15
9086,1,1,False,2,237,14
9088,1,1,False,2,237,14
9091,1,1,False,1,97,12
9103,1,1,False,3,126,19
9104,1,1,False,3,126,19
9106,1,1,False,3,126,19
9107,1,1,False,0,-1,12
9113,1,1,False,1,447,13
9114,1,1,False,0,-1,5
9116,1,1,False,0,-1,3
9118,1,1,False,1,448,5
9122,1,1,False,3,3,18
9124,1,1,False,2,3,28
9126,1,1,False,2,3,28
9129,1,1,False,2,3,11
9134,1,1,False,3,3,22
9135,1,1,False,3,3,22
9138,1,1,False,3,56,12
9144,1,1,False,2,3,4
9146,1,1,False,0,-1,12
9150,1,1,False,3,62,12
9157,1,1,False,1,2,12
9159,1,1,False,0,-1,18
9160,1,1,False,1,3,5
9162,1,1,False,0,-1,25
9166,1,1,False,3,97,14
9169,1,1,False,2,14,5
9171,1,1,False,1,449,25
9173,1,1,False,2,97,14
9174,1,1,False,2,97,14
9180,1,1,False,0,-1,5
9181,1,1,False,0,-1,23
9186,1,1,False,3,16,13
9190,1,1,False,0,-1,25
9192,1,1,False,0,-1,5
9194,1,1,False,0,-1,27
9197,1,1,False,0,-1,18
9198,1,1,False,2,450,7
9199,1,1,False,2,450,7
9200,1,1,False,2,450,7
9201,1,1,False,0,-1,12
9205,1,1,False,3,52,13
9208,1,1,False,0,-1,15
9212,1,1,False,0,-1,12
9213,1,1,False,1,3,20
9215,1,1,False,0,-1,12
9219,1,1,False,1,62,12
9222,1,1,False,3,12,21
9226,1,1,False,3,62,14
9228,1,1,False,3,62,14
9229,1,1,False,0,-1,12
9233,1,1,False,3,3,9
9236,1,1,False,1,451,13
9237,1,1,False,1,451,13
9241,1,1,False,3,2,2
9242,1,1,False,3,2,2
9243,1,1,False,3,2,2
9246,1,1,False,1,3,26
9249,1,1,False,2,164,27
9256,1,1,False,2,86,8
9258,1,1,False,2,86,8
9260,1,1,False,1,452,21
9261,1,1,False,1,452,21
9265,1,1,False,0,-1,8
9272,1,1,False,0,-1,27
9274,1,1,False,2,30,1
9276,1,1,False,1,453,15
9277,1,1,False,1,453,15
9278,1,1,False,1,454,13
9279,1,1,False,1,454,13
9280,1,1,False,0,-1,28
9285,1,1,False,2,114,5
9286,1,1,False,2,114,5
9288,1,1,False,0,-1,7
9290,1,1,False,2,3,13
9291,1,1,False,2,3,13
9293,1,1,False,3,3,18
9294,1,1,False,3,3,18
9298,1,1,False,2,3,15
9299,1,1,False,2,3,15
9305,1,1,False,2,3,27
9308,1,1,False,0,-1,18
9309,1,1,False,1,53,12
9313,1,1,False,2,44,12
9314,1,1,False,0,-1,13
9317,1,1,False,0,-1,2
9318,1,1,False,3,455,20
9319,1,1,False,3,455,20
9320,1,1,False,3,455,20
9321,1,1,False,3,455,20
9322,1,1,False,1,179,18
9327,1,1,False,3,80,12
9328,1,1,False,3,80,12
9329,1,1,False,3,80,12
9331,1,1,False,0,-1,12
9333,1,1,False,1,44,12
9339,1,1,False,1,3,4
9344,1,1,False,3,10,18
9345,1,1,False,3,10,18
9347,1,1,False,0,-1,4
9348,1,1,False,1,3,13
9350,1,1,False,0,-1,8
9351,1,1,False,0,-1,18
9352,1,1,False,2,14,18
9354,1,1,False,2,14,18
9355,1,1,False,1,456,5
9357,1,1,False,0,-1,12
9365,1,1,False,0,-1,11
9369,1,1,False,2,114,5
9374,1,1,False,1,3,25
9378,1,1,False,0,-1,17
9380,1,1,False,1,457,14
9381,1,1,False,1,457,14
9383,1,1,False,1,3,20
9387,1,1,False,0,-1,5
9389,1,1,False,2,3,24
9394,1,1,False,2,3,12
9396,1,1,False,2,3,12
9398,1,1,False,2,64,8
9400,1,1,False,1,161,11
9402,1,1,False,0,-1,20
9407,1,1,False,0,-1,25
9409,1,1,False,2,3,9
9411,1,1,False,3,3,20
9413,1,1,False,3,3,20
9414,1,1,False,3,3,20
9416,1,1,False,0,-1,5
9418,1,1,False,0,-1,7
9419,1,1,False,2,458,18
9420,1,1,False,2,458,18
9421,1,1,False,2,458,18
9423,1,1,False,1,3,27
9424,1,1,False,1,3,12
9428,1,1,False,3,52,20
9434,1,1,False,1,114,5
9437,1,1,False,0,-1,28
9439,1,1,False,0,-1,13
9440,1,1,False,1,44,9
9443,1,1,False,0,-1,20
9446,1,1,False,0,-1,8
9449,1,1,False,2,86,12
9451,1,1,False,0,-1,25
9452,1,1,False,0,-1,15
9455,1,1,False,2,3,4
9459,1,1,False,0,-1,12
9466,1,1,False,2,3,12
9467,1,1,False,3,3,26
9468,1,1,False,3,3,26
9471,1,1,False,0,-1,17
9472,1,1,False,2,459,4
9474,1,1,False,2,459,4
9475,1,1,False,0,-1,4
9477,1,1,False,1,460,9
9479,1,1,False,0,-1,14
9480,1,1,False,0,-1,17
9481,1,1,False,0,-1,12
9491,1,1,False,0,-1,12
9496,1,1,False,2,3,3
9497,1,1,False,2,3,3
9499,1,1,False,1,461,5
9500,1,1,False,1,461,5
9501,1,1,False,0,-1,13
9503,1,1,False,0,-1,6
9505,1,1,False,1,462,17
9506,1,1,False,1,462,17
9507,1,1,False,0,-1,13
9508,1,1,False,1,463,20
9509,1,1,False,1,463,20
9510,1,1,False,0,-1,4
9511,1,1,False,0,-1,4
9513,1,1,False,0,-1,12
9521,1,1,False,0,-1,7
9523,1,1,False,1,464,13
9524,1,1,False,0,-1,4
9526,1,1,False,0,-1,12
9528,1,1,False,0,-1,20
9529,1,1,False,0,-1,22
9530,1,1,False,1,3,1
9532,1,1,False,1,465,12
9533,1,1,False,1,465,12
9534,1,1,False,1,16,12
9536,1,1,False,0,-1,23
9542,1,1,False,1,3,12
9544,1,1,False,0,-1,12
9545,1,1,False,3,466,12
9546,1,1,False,3,466,12
9547,1,1,False,3,466,12
9548,1,1,False,3,466,12
9550,1,1,False,3,3,18
9551,1,1,False,3,3,18
9555,1,1,False,1,467,14
9556,1,1,False,1,467,14
9558,1,1,False,0,-1,5
9559,1,1,False,0,-1,5
9563,1,1,False,2,3,18
9564,1,1,False,0,-1,4
9565,1,1,False,1,468,13
9567,1,1,False,0,-1,5
9568,1,1,False,0,-1,6
9570,1,1,False,1,70,6
9571,1,1,False,0,-1,4
9575,1,1,False,2,3,5
9576,1,1,False,2,3,5
9577,1,1,False,3,95,18
9578,1,1,False,3,95,18
9579,1,1,False,3,95,18
9582,1,1,False,0,-1,14
9585,1,1,False,1,31,9
9588,1,1,False,3,114,8
9589,1,1,False,3,114,8
9592,1,1,False,0,-1,28
9593,1,1,False,0,-1,13
9597,1,1,False,1,469,12
9600,1,1,False,3,51,12
9606,1,1,False,1,3,12
9610,1,1,False,0,-1,25
9611,1,1,False,0,-1,17
9612,1,1,False,0,-1,24
9614,1,1,False,0,-1,17
9616,1,1,False,3,16,4
9617,1,1,False,3,16,4
9618,1,1,False,3,16,4
9620,1,1,False,0,-1,5
9626,1,1,False,3,22,12
9628,1,1,False,3,22,12
9629,1,1,False,0,-1,5
9633,1,1,False,1,3,20
9641,1,1,False,1,3,15
9643,1,1,False,3,25,4
9649,1,1,False,1,471,9
9650,1,1,False,1,471,9
9651,1,1,False,1,472,17
9652,1,1,False,1,472,17
9656,1,1,False,1,114,15
9659,1,1,False,2,473,4
9661,1,1,False,0,-1,17
9663,1,1,False,0,-1,18
9665,1,1,False,0,-1,12
9666,1,1,False,0,-1,10
9670,1,1,False,3,14,11
9671,1,1,False,3,14,11
9672,1,1,False,1,161,4
9674,1,1,False,0,-1,9
9676,1,1,False,1,52,17
9678,1,1,False,0,-1,12
9680,1,1,False,0,-1,15
9681,1,1,False,0,-1,9
9683,1,1,False,2,3,12
9685,1,1,False,2,3,12
9686,1,1,False,1,474,12
9687,1,1,False,1,474,12
9688,1,1,False,0,-1,22
9691,1,1,False,0,-1,10
9692,1,1,False,0,-1,20
9694,1,1,False,0,-1,20
9695,1,1,False,1,3,12
9698,1,1,False,1,3,5
9703,1,1,False,1,86,5
9707,1,1,False,0,-1,28
9710,1,1,False,2,3,20
9711,1,1,False,0,-1,5
9713,1,1,False,3,3,22
9714,1,1,False,3,3,22
9717,1,1,False,2,80,11
9718,1,1,False,2,80,11
9720,1,1,False,3,142,18
9721,1,1,False,3,142,18
9725,1,1,False,0,-1,25
9726,1,1,False,2,3,5
9733,1,1,False,0,-1,20
9736,1,1,False,3,56,12
9739,1,1,False,0,-1,7
9747,1,1,False,0,-1,9
9750,1,1,False,1,52,12
9756,1,1,False,0,-1,5
9757,1,1,False,3,22,25
9758,1,1,False,3,22,25
9761,1,1,False,0,-1,20
9762,1,1,False,0,-1,12
9764,1,1,False,2,3,12
9766,1,1,False,0,-1,14
9768,1,1,False,2,3,7
9769,1,1,False,2,3,7
9772,1,1,False,0,-1,8
9776,1,1,False,0,-1,5
9777,1,1,False,0,-1,20
9778,1,1,False,0,-1,5
9780,1,1,False,1,28,21
9781,1,1,False,2,3,18
9782,1,1,False,2,3,18
9784,1,1,False,1,475,12
9785,1,1,False,1,475,12
9786,1,1,False,0,-1,20
9787,1,1,False,1,3,28
9790,1,1,False,3,114,13
9792,1,1,False,3,114,13
9796,1,1,False,0,-1,13
9797,1,1,False,0,-1,14
9799,1,1,False,1,10,7
9802,1,1,False,2,3,22
9807,1,1,False,0,-1,12
9809,1,1,False,0,-1,20
9817,1,1,False,1,3,12
9819,1,1,False,3,2,14
9821,1,1,False,3,2,14
9824,1,1,False,1,3,18
9826,1,1,False,0,-1,12
9828,1,1,False,0,-1,18
9830,1,1,False,3,95,14
9832,1,1,False,3,95,14
9839,1,1,False,3,56,25
9841,1,1,False,0,-1,8
9846,1,1,False,1,139,5
9849,1,1,False,1,476,5
9850,1,1,False,1,476,5
9854,1,1,False,1,477,27
9855,1,1,False,1,477,27
9856,1,1,False,0,-1,23
9859,1,1,False,2,64,14
9860,1,1,False,2,64,14
9861,1,1,False,0,-1,14
9862,1,1,False,3,35,23
9864,1,1,False,3,35,23
9865,1,1,False,3,35,23
9867,1,1,False,0,-1,9
9875,1,1,False,0,-1,12
9876,1,1,False,0,-1,14
9877,1,1,False,1,3,23
9880,1,1,False,2,3,22
9884,1,1,False,2,294,18
9885,1,1,False,0,-1,12
9891,1,1,False,0,-1,20
9893,1,1,False,1,478,12
9894,1,1,False,1,478,12
9895,1,1,False,1,479,12
9896,1,1,False,1,479,12
9899,1,1,False,2,114,12
9903,1,1,False,0,-1,5
9905,1,1,False,0,-1,12
9906,1,1,False,0,-1,13
9909,1,1,False,0,-1,12
9910,1,1,False,0,-1,12
9911,1,1,False,2,480,12
9912,1,1,False,2,480,12
9913,1,1,False,2,480,12
9915,1,1,False,1,56,6
9922,1,1,False,3,62,1
9929,1,1,False,3,1,7
9931,1,1,False,3,1,7
9945,1,1,False,3,3,26
9947,1,1,False,0,-1,8
9948,1,1,False,1,237,20
9951,1,1,False,1,3,8
9952,1,1,False,0,-1,18
9954,1,1,False,2,481,23
9956,1,1,False,2,3,18
9958,1,1,False,2,3,18
9963,1,1,False,3,56,14
9966,1,1,False,1,3,5
9969,1,1,False,2,68,12
9970,1,1,False,2,68,12
9971,1,1,False,1,3,20
9973,1,1,False,0,-1,9
9981,1,1,False,0,-1,12
9982,1,1,False,0,-1,7
9984,1,1,False,1,1,9
9985,1,1,False,0,-1,12
9986,1,1,False,2,56,12
9988,1,1,False,2,56,12
9989,1,1,False,0,-1,16
9992,1,1,False,2,3,5
9996,1,1,False,2,3,5
10001,1,1,False,1,3,27
10003,1,1,False,0,-1,7
10004,1,1,False,0,-1,5
10007,1,1,False,0,-1,9
10008,1,1,False,0,-1,8
10009,1,1,False,0,-1,2
10011,1,1,False,2,31,17
10012,1,1,False,2,31,17
10014,1,1,False,0,-1,12
10016,1,1,False,2,3,9
10019,1,1,False,1,482,9
10021,1,1,False,1,30,14
10023,1,1,False,1,3,12
10025,1,1,False,1,86,28
10029,1,1,False,3,483,14
10030,1,1,False,3,483,14
10031,1,1,False,3,483,14
10034,1,1,False,3,3,22
10037,1,1,False,0,-1,17
10038,1,1,False,2,70,5
10042,1,1,False,2,12,12
10045,1,1,False,0,-1,10
10047,1,1,False,1,484,27
10048,1,1,False,0,-1,18
10049,1,1,False,2,237,5
10058,1,1,False,0,-1,14
10059,1,1,False,0,-1,19
10062,1,1,False,0,-1,24
10064,1,1,False,0,-1,20
10069,1,1,False,3,3,18
10072,1,1,False,3,3,18
10074,1,1,False,1,486,12
10075,1,1,False,1,486,12
10080,1,1,False,0,-1,4
10082,1,1,False,1,487,24
10083,1,1,False,1,487,24
10084,1,1,False,0,-1,5
10086,1,1,False,1,488,13
10087,1,1,False,1,488,13
10088,1,1,False,3,489,1
10090,1,1,False,3,489,1
10091,1,1,False,3,489,1
10094,1,1,False,3,105,8
10097,1,1,False,2,31,9
10101,1,1,False,1,3,12
10104,1,1,False,2,6,24
10107,1,1,False,1,3,12
10109,1,1,False,0,-1,20
10115,1,1,False,1,490,12
10116,1,1,False,1,490,12
10117,1,1,False,1,3,15
10120,1,1,False,1,491,23
10121,1,1,False,1,491,23
10124,1,1,False,0,-1,4
10125,1,1,False,0,-1,8
10127,1,1,False,2,221,25
10128,1,1,False,2,221,25
10129,1,1,False,0,-1,25
10130,1,1,False,0,-1,8
10132,1,1,False,2,3,8
10133,1,1,False,2,3,8
10137,1,1,False,1,492,5
10138,1,1,False,1,492,5
10139,1,1,False,1,14,5
10141,1,1,False,0,-1,18
10142,1,1,False,1,493,8
10143,1,1,False,1,493,8
10144,1,1,False,1,3,5
10147,1,1,False,0,-1,23
10149,1,1,False,3,3,17
10150,1,1,False,3,3,17
10151,1,1,False,3,3,17
10154,1,1,False,2,3,3
10156,1,1,False,1,63,13
10165,1,1,False,0,-1,5
10167,1,1,False,2,179,18
10168,1,1,False,2,179,18
10171,1,1,False,1,3,20
10174,1,1,False,0,-1,22
10179,1,1,False,3,3,12
10181,1,1,False,3,3,12
10182,1,1,False,2,3,12
10185,1,1,False,2,494,24
10186,1,1,False,2,494,24
10187,1,1,False,2,494,24
10189,1,1,False,3,68,27
10195,1,1,False,2,3,18
10196,1,1,False,2,3,18
10199,1,1,False,2,3,12
10200,1,1,False,1,139,18
10202,1,1,False,3,3,20
10207,1,1,False,0,-1,21
10209,1,1,False,3,3,12
10210,1,1,False,3,3,12
10211,1,1,False,3,3,12
10212,1,1,False,0,-1,23
10214,1,1,False,1,10,6
10224,1,1,False,0,-1,6
10226,1,1,False,0,-1,13
10228,1,1,False,2,495,13
10229,1,1,False,2,495,13
10231,1,1,False,0,-1,12
10233,1,1,False,3,496,5
10234,1,1,False,3,496,5
10235,1,1,False,3,496,5
10236,1,1,False,3,496,5
10237,1,1,False,0,-1,12
10239,1,1,False,1,3,20
10240,1,1,False,0,-1,5
10243,1,1,False,0,-1,22
10245,1,1,False,3,3,10
10247,1,1,False,3,3,10
10249,1,1,False,2,3,10
10251,1,1,False,2,3,10
10255,1,1,False,1,19,24
10257,1,1,False,2,3,12
10258,1,1,False,2,3,12
10261,1,1,False,0,-1,5
10269,1,1,False,3,3,6
10274,1,1,False,1,14,15
10280,1,1,False,1,497,4
10281,1,1,False,2,498,12
10282,1,1,False,2,498,12
10285,1,1,False,1,3,13
10287,1,1,False,0,-1,5
10292,1,1,False,1,499,20
10293,1,1,False,1,499,20
10294,1,1,False,0,-1,11
10295,1,1,False,1,237,15
10297,1,1,False,0,-1,9
10298,1,1,False,0,-1,13
10301,1,1,False,2,70,16
10303,1,1,False,2,70,16
10304,1,1,False,1,500,20
10305,1,1,False,1,500,20
10306,1,1,False,0,-1,12
10310,1,1,False,0,-1,13
10312,1,1,False,1,72,2
10315,1,1,False,0,-1,12
10319,1,1,False,2,105,27
10320,1,1,False,2,105,27
10329,1,1,False,0,-1,6
10333,1,1,False,1,26,20
10334,1,1,False,0,-1,20
10337,1,1,False,1,3,14
10340,1,1,False,1,106,14
10341,1,1,False,0,-1,22
10342,1,1,False,0,-1,20
10344,1,1,False,3,80,12
10348,1,1,False,0,-1,14
10349,1,1,False,1,3,13
10353,1,1,False,0,-1,5
10359,1,1,False,2,3,23
10365,1,1,False,0,-1,24
10366,1,1,False,0,-1,5
10371,1,1,False,1,70,4
10374,1,1,False,1,501,6
10375,1,1,False,1,501,6
10379,1,1,False,0,-1,12
10381,1,1,False,3,3,24
10383,1,1,False,3,3,24
10385,1,1,False,1,10,13
10386,1,1,False,2,3,11
10388,1,1,False,2,3,11
10389,1,1,False,1,502,1
10393,1,1,False,1,503,18
10394,1,1,False,1,503,18
10396,1,1,False,2,3,9
10399,1,1,False,1,25,20
10402,1,1,False,0,-1,9
10403,1,1,False,1,504,16
10404,1,1,False,1,504,16
10405,1,1,False,3,505,2
10406,1,1,False,3,505,2
10407,1,1,False,3,505,2
10408,1,1,False,3,505,2
10411,1,1,False,0,-1,18
10414,1,1,False,2,473,8
10415,1,1,False,2,473,8
10417,1,1,False,1,58,12
10419,1,1,False,1,137,27
10420,1,1,False,0,-1,15
10421,1,1,False,1,506,5
10422,1,1,False,1,506,5
10426,1,1,False,0,-1,14
10427,1,1,False,3,18,20
10429,1,1,False,3,18,20
10444,1,1,False,3,3,26
10445,1,1,False,3,3,26
10446,1,1,False,3,3,26
10448,1,1,False,2,37,25
10450,1,1,False,2,37,25
10451,1,1,False,0,-1,13
10452,1,1,False,0,-1,4
10453,1,1,False,1,507,12
10454,1,1,False,1,507,12
10458,1,1,False,3,3,12
10459,1,1,False,3,3,12
10465,1,1,False,0,-1,4
10466,1,1,False,1,31,9
10468,1,1,False,0,-1,5
10470,1,1,False,2,135,12
10471,1,1,False,2,135,12
10472,1,1,False,0,-1,18
10479,1,1,False,2,3,12
10482,1,1,False,3,19,26
10484,1,1,False,0,-1,15
10486,1,1,False,2,40,18
10493,1,1,False,2,3,13
10494,1,1,False,0,-1,17
10495,1,1,False,0,-1,2
10502,1,1,False,2,3,13
10503,1,1,False,0,-1,24
10505,1,1,False,1,0,12
10506,1,1,False,0,-1,8
10507,1,1,False,2,3,4
10510,1,1,False,0,-1,8
10515,1,1,False,1,105,27
10524,1,1,False,3,0,14
10525,1,1,False,2,3,14
10526,1,1,False,2,3,14
10529,1,1,False,2,3,4
10530,1,1,False,2,3,4
10533,1,1,False,2,3,17
10534,1,1,False,2,3,17
10538,1,1,False,0,-1,9
10540,1,1,False,2,44,12
10541,1,1,False,2,44,12
10544,1,1,False,1,3,12
10545,1,1,False,1,3,5
10547,1,1,False,0,-1,12
10550,1,1,False,2,68,22
10552,1,1,False,1,3,11
10567,1,1,False,2,2,18
10569,1,1,False,1,161,13
10571,1,1,False,0,-1,12
10575,1,1,False,1,508,18
10577,1,1,False,0,-1,14
10579,1,1,False,0,-1,4
10581,1,1,False,3,3,2
10582,1,1,False,3,3,2
10583,1,1,False,3,3,2
10584,1,1,False,2,62,4
10585,1,1,False,2,62,4
10589,1,1,False,1,30,12
10591,1,1,False,1,30,14
10592,1,1,False,0,-1,16
10594,1,1,False,3,166,1
10599,1,1,False,3,25,17
10600,1,1,False,3,25,17
10602,1,1,False,0,-1,12
10608,1,1,False,2,30,14
10610,1,1,False,1,509,12
10611,1,1,False,1,509,12
10612,1,1,False,1,105,14
10617,1,1,False,2,62,28
10623,1,1,False,2,142,13
10626,1,1,False,2,6,6
10632,1,1,False,3,64,20
10635,1,1,False,0,-1,26
10640,1,1,False,0,-1,24
10643,1,1,False,3,0,15
10648,1,1,False,0,-1,20
10650,1,1,False,1,3,6
10652,1,1,False,0,-1,24
10660,1,1,False,0,-1,22
10664,1,1,False,2,139,20
10665,1,1,False,2,139,20
10670,1,1,False,2,6,15
10672,1,1,False,1,28,21
10675,1,1,False,0,-1,12
10684,1,1,False,3,294,9
10688,1,1,False,1,510,6
10692,1,1,False,0,-1,18
10695,1,1,False,2,56,5
10696,1,1,False,2,56,5
10700,1,1,False,2,2,20
10703,1,1,False,0,-1,5
10704,1,1,False,1,139,9
10706,1,1,False,0,-1,12
10708,1,1,False,1,294,6
10710,1,1,False,0,-1,12
10711,1,1,False,0,-1,14
10712,1,1,False,0,-1,14
10713,1,1,False,0,-1,4
10719,1,1,False,0,-1,18
10720,1,1,False,2,70,9
10722,1,1,False,2,70,9
10725,1,1,False,2,3,19
10726,1,1,False,2,3,19
10729,1,1,False,0,-1,6
10733,1,1,False,1,3,27
10743,1,1,False,2,6,15
10745,1,1,False,1,27,4
10747,1,1,False,1,511,18
10748,1,1,False,1,511,18
10750,1,1,False,2,294,20
10751,1,1,False,2,294,20
10755,1,1,False,3,166,20
10756,1,1,False,3,166,20
10758,1,1,False,0,-1,14
10760,1,1,False,2,73,15
10762,1,1,False,2,73,15
10764,1,1,False,1,166,12
10765,1,1,False,0,-1,5
10766,1,1,False,1,166,21
10768,1,1,False,1,35,15
10771,1,1,False,3,166,5
10773,1,1,False,3,166,5
10774,1,1,False,1,18,26
10776,1,1,False,0,-1,9
10777,1,1,False,3,59,20
10781,1,1,False,3,294,20
10788,1,1,False,1,512,6
10792,1,1,False,1,68,6
10794,1,1,False,3,12,12
10795,1,1,False,3,12,12
10797,1,1,False,3,12,12
10798,1,1,False,0,-1,18
10800,1,1,False,0,-1,21
10803,1,1,False,2,68,15
10804,1,1,False,0,-1,18
10807,1,1,False,3,43,20
10810,1,1,False,1,70,18
10812,1,1,False,3,62,18
10813,1,1,False,3,62,18
10815,1,1,False,3,62,18
10817,1,1,False,0,-1,20
10818,1,1,False,0,-1,23
10822,1,1,False,1,1,18
10825,1,1,False,1,237,18
10827,1,1,False,0,-1,4
10828,1,1,False,1,513,5
10829,1,1,False,1,513,5
10834,1,1,False,0,-1,14
10836,1,1,False,1,53,12
10838,1,1,False,0,-1,25
10839,1,1,False,0,-1,21
10841,1,1,False,2,56,28
10845,1,1,False,0,-1,9
10846,1,1,False,2,514,14
10847,1,1,False,2,514,14
10848,1,1,False,2,514,14
10849,1,1,False,0,-1,13
10851,1,1,False,3,166,14
10852,1,1,False,3,166,14
10853,1,1,False,3,166,14
10854,1,1,False,0,-1,22
10856,1,1,False,0,-1,16
10858,1,1,False,2,27,4
10859,1,1,False,2,27,4
10861,1,1,False,0,-1,22
10862,1,1,False,0,-1,8
10864,1,1,False,0,-1,16
10868,1,1,False,0,-1,22
10869,1,1,False,2,20,17
10878,1,1,False,2,294,15
10883,1,1,False,0,-1,15
10886,1,1,False,2,23,23
10891,1,1,False,3,68,2
10893,1,1,False,3,68,2
10894,1,1,False,3,68,2
10895,1,1,False,1,515,19
10896,1,1,False,1,515,19
10898,1,1,False,0,-1,5
10899,1,1,False,0,-1,5
10904,1,1,False,3,294,17
10907,1,1,False,1,68,12
10912,1,1,False,2,111,5
10913,1,1,False,2,111,5
10915,1,1,False,1,62,17
10916,1,1,False,1,516,20
10917,1,1,False,1,516,20
10919,1,1,False,2,237,20
10923,1,1,False,1,30,19
10932,1,1,False,0,-1,9
10933,1,1,False,2,517,19
10934,1,1,False,2,517,19
10935,1,1,False,2,517,19
10936,1,1,False,1,518,18
10937,1,1,False,1,518,18
10938,1,1,False,1,519,5
10939,1,1,False,1,519,5
10941,1,1,False,1,520,9
10942,1,1,False,2,3,5
10943,1,1,False,2,3,5
10945,1,1,False,0,-1,19
10946,1,1,False,0,-1,5
10948,1,1,False,1,521,24
10949,1,1,False,0,-1,9
10951,1,1,False,1,0,21
10958,1,1,False,1,166,12
10959,1,1,False,0,-1,15
10960,1,1,False,1,522,5
10961,1,1,False,1,522,5
10965,1,1,False,0,-1,15
10971,1,1,False,0,-1,8
10972,1,1,False,1,23,10
10977,1,1,False,0,-1,9
10978,1,1,False,1,294,18
10981,1,1,False,1,166,20
10984,1,1,False,2,68,12
10986,1,1,False,2,523,12
10987,1,1,False,2,523,12
10988,1,1,False,2,523,12
10990,1,1,False,2,114,28
10993,1,1,False,1,126,7
10994,1,1,False,2,142,12
10997,1,1,False,2,12,8
11001,1,1,False,1,64,7
11003,1,1,False,2,80,6
11006,1,1,False,2,294,15
11013,1,1,False,0,-1,14
11014,1,1,False,0,-1,20
11017,1,1,False,3,166,17
11018,1,1,False,3,166,17
11019,1,1,False,0,-1,8
11020,1,1,False,1,54,22
11023,1,1,False,0,-1,12
11024,1,1,False,0,-1,15
11025,1,1,False,1,524,24
11026,1,1,False,1,524,24
11029,1,1,False,3,86,17
11032,1,1,False,1,525,12
11034,1,1,False,1,526,18
11035,1,1,False,1,526,18
11036,1,1,False,0,-1,14
11037,1,1,False,2,527,4
11038,1,1,False,2,527,4
11039,1,1,False,2,527,4
11040,1,1,False,1,528,9
11041,1,1,False,1,528,9
11042,1,1,False,0,-1,11
11043,1,1,False,2,529,15
11044,1,1,False,2,529,15
11045,1,1,False,2,529,15
11048,1,1,False,0,-1,9
11050,1,1,False,2,166,13
11056,1,1,False,0,-1,8
11061,1,1,False,1,530,22
11062,1,1,False,1,530,22
11064,1,1,False,2,64,14
11065,1,1,False,2,64,14
11066,1,1,False,1,531,5
11067,1,1,False,1,531,5
11068,1,1,False,2,532,24
11070,1,1,False,2,532,24
11072,1,1,False,1,533,4
11075,1,1,False,2,62,25
11076,1,1,False,2,62,25
11078,1,1,False,1,139,22
11080,1,1,False,3,64,12
11081,1,1,False,3,64,12
11088,1,1,False,1,294,28
11091,1,1,False,1,534,9
11094,1,1,False,0,-1,18
11095,1,1,False,2,31,15
11096,1,1,False,2,31,15
11099,1,1,False,2,62,21
11102,1,1,False,1,535,20
11103,1,1,False,1,535,20
11108,1,1,False,1,62,12
11110,1,1,False,2,20,12
11113,1,1,False,2,166,12
11115,1,1,False,0,-1,22
11116,1,1,False,0,-1,18
11118,1,1,False,3,62,25
11122,1,1,False,3,166,12
11123,1,1,False,3,166,12
11125,1,1,False,1,536,7
11126,1,1,False,1,536,7
11127,1,1,False,0,-1,14
11130,1,1,False,0,-1,21
11133,1,1,False,2,142,13
11135,1,1,False,3,142,6
11138,1,1,False,3,142,6
11140,1,1,False,2,294,12
11141,1,1,False,2,294,12
11142,1,1,False,0,-1,21
11148,1,1,False,2,64,23
11150,1,1,False,2,64,23
11153,1,1,False,0,-1,5
11154,1,1,False,0,-1,12
11155,1,1,False,0,-1,18
11156,1,1,False,0,-1,5
11161,1,1,False,2,20,14
11162,1,1,False,0,-1,14
11167,1,1,False,1,45,20
11171,1,1,False,3,294,4
11174,1,1,False,2,31,5
11175,1,1,False,2,31,5
11178,1,1,False,0,-1,12
11179,1,1,False,0,-1,12
11180,1,1,False,1,68,12
11182,1,1,False,0,-1,4
11183,1,1,False,2,114,17
11188,1,1,False,3,226,11
11189,1,1,False,3,226,11
11190,1,1,False,3,226,11
11191,1,1,False,0,-1,12
11192,1,1,False,0,-1,20
11193,1,1,False,2,537,14
11194,1,1,False,2,537,14
11195,1,1,False,2,537,14
11196,1,1,False,2,538,26
11197,1,1,False,2,538,26
11198,1,1,False,2,538,26
11199,1,1,False,1,539,14
11200,1,1,False,1,539,14
11205,1,1,False,0,-1,12
11206,1,1,False,0,-1,27
11208,1,1,False,1,540,12
11209,1,1,False,1,540,12
11213,1,1,False,2,541,7
11214,1,1,False,2,541,7
11215,1,1,False,2,541,7
11216,1,1,False,0,-1,25
11219,1,1,False,0,-1,4
11222,1,1,False,2,542,12
11223,1,1,False,2,542,12
11224,1,1,False,2,542,12
11225,1,1,False,1,12,7
11233,1,1,False,0,-1,17
11234,1,1,False,2,294,14
11238,1,1,False,1,543,17
11239,1,1,False,1,543,17
11246,1,1,False,3,45,7
11247,1,1,False,3,45,7
11248,1,1,False,1,544,14
11251,1,1,False,1,106,4
11265,1,1,False,0,-1,22
11266,1,1,False,0,-1,28
11270,1,1,False,2,64,5
11272,1,1,False,0,-1,15
11273,1,1,False,0,-1,12
11274,1,1,False,3,166,15
11277,1,1,False,3,166,15
11278,1,1,False,1,105,26
11282,1,1,False,0,-1,12
11285,1,1,False,2,294,18
11288,1,1,False,0,-1,15
11289,1,1,False,0,-1,3
11292,1,1,False,3,70,18
11293,1,1,False,3,70,18
11294,1,1,False,0,-1,13
11296,1,1,False,2,545,12
11297,1,1,False,2,545,12
11298,1,1,False,2,545,12
11301,1,1,False,2,70,7
11302,1,1,False,3,142,6
11304,1,1,False,3,142,6
11307,1,1,False,0,-1,12
11310,1,1,False,2,294,18
11312,1,1,False,2,294,18
11313,1,1,False,1,105,11
11316,1,1,False,1,19,18
11318,1,1,False,1,546,20
11319,1,1,False,1,546,20
11320,1,1,False,1,547,18
11321,1,1,False,1,547,18
11322,1,1,False,0,-1,12
11327,1,1,False,1,548,11
11328,1,1,False,1,548,11
11335,1,1,False,0,-1,25
11338,1,1,False,0,-1,13
11343,1,1,False,0,-1,5
11344,1,1,False,2,62,4
11346,1,1,False,2,62,4
11351,1,1,False,3,142,12
11353,1,1,False,3,142,12
11354,1,1,False,1,43,4
11358,1,1,False,0,-1,22
11361,1,1,False,1,294,24
11366,1,1,False,0,-1,20
11367,1,1,False,1,23,12
11370,1,1,False,0,-1,12
11371,1,1,False,0,-1,13
11373,1,1,False,0,-1,20
11374,1,1,False,0,-1,4
11387,1,1,False,0,-1,8
11392,1,1,False,2,166,21
11393,1,1,False,2,166,21
11395,1,1,False,2,22,23
11397,1,1,False,3,18,14
11399,1,1,False,3,18,14
11400,1,1,False,3,18,14
11401,1,1,False,0,-1,28
11402,1,1,False,2,549,12
11403,1,1,False,2,549,12
11404,1,1,False,2,549,12
11407,1,1,False,1,166,22
11408,1,1,False,0,-1,5
11410,1,1,False,0,-1,12
11412,1,1,False,2,294,14
11413,1,1,False,2,294,14
11416,1,1,False,1,63,15
11420,1,1,False,0,-1,20
11422,1,1,False,2,54,14
11423,1,1,False,2,54,14
11425,1,1,False,2,30,18
11426,1,1,False,2,30,18
11427,1,1,False,1,550,9
11428,1,1,False,1,550,9
11432,1,1,False,1,31,20
11436,1,1,False,2,86,5
11438,1,1,False,2,58,2
11441,1,1,False,1,12,7
11445,1,1,False,0,-1,22
11447,1,1,False,0,-1,18
11449,1,1,False,0,-1,20
11453,1,1,False,2,1,12
11454,1,1,False,1,551,8
11455,1,1,False,1,551,8
11459,1,1,False,3,142,12
11460,1,1,False,3,142,12
11461,1,1,False,0,-1,12
11462,1,1,False,1,62,20
11468,1,1,False,1,294,20
11470,1,1,False,1,166,2
11475,1,1,False,0,-1,8
11476,1,1,False,0,-1,5
11478,1,1,False,2,552,8
11479,1,1,False,2,552,8
11480,1,1,False,2,552,8
11483,1,1,False,0,-1,5
11485,1,1,False,1,553,22
11486,1,1,False,1,553,22
11491,1,1,False,2,294,17
11494,1,1,False,3,62,15
11498,1,1,False,1,294,5
11502,1,1,False,0,-1,17
11503,1,1,False,0,-1,7
11505,1,1,False,1,554,27
11506,1,1,False,1,554,27
11509,1,1,False,0,-1,15
11510,1,1,False,0,-1,4
11513,1,1,False,2,555,4
11515,1,1,False,2,555,4
11516,1,1,False,0,-1,14
11517,1,1,False,0,-1,4
11519,1,1,False,1,70,20
11523,1,1,False,2,64,6
11527,1,1,False,0,-1,9
11528,1,1,False,0,-1,2
11529,1,1,False,0,-1,27
11530,1,1,False,0,-1,11
11533,1,1,False,2,97,12
11534,1,1,False,0,-1,14
11535,1,1,False,0,-1,18
11537,1,1,False,1,294,18
11542,1,1,False,2,1,20
11543,1,1,False,2,1,20
11546,1,1,False,1,19,24
11552,1,1,False,1,166,12
11556,1,1,False,0,-1,5
11557,1,1,False,0,-1,12
11559,1,1,False,1,294,18
11561,1,1,False,0,-1,5
11563,1,1,False,1,70,4
11565,1,1,False,0,-1,6
11577,1,1,False,3,166,13
11581,1,1,False,0,-1,16
11584,1,1,False,1,52,3
11586,1,1,False,1,556,5
11587,1,1,False,1,556,5
11590,1,1,False,3,294,14
11591,1,1,False,3,294,14
11595,1,1,False,1,557,24
11598,1,1,False,0,-1,14
11603,1,1,False,1,558,12
11604,1,1,False,1,558,12
11608,1,1,False,3,294,12
11615,1,1,False,0,-1,20
11618,1,1,False,0,-1,28
11620,1,1,False,1,2,12
11624,1,1,False,1,1,7
11628,1,1,False,3,294,25
11631,1,1,False,2,114,27
11635,1,1,False,2,139,18
11637,1,1,False,1,26,14
11639,1,1,False,1,559,5
11640,1,1,False,1,559,5
11641,1,1,False,1,142,19
11644,1,1,False,2,294,12
11646,1,1,False,0,-1,1
11648,1,1,False,0,-1,12
11650,1,1,False,0,-1,26
11652,1,1,False,1,19,13
11653,1,1,False,3,106,10
11657,1,1,False,0,-1,25
11665,1,1,False,1,35,12
11667,1,1,False,0,-1,20
11668,1,1,False,1,95,17
11671,1,1,False,1,62,26
11674,1,1,False,0,-1,5
11675,1,1,False,0,-1,17
11679,1,1,False,0,-1,24
11681,1,1,False,0,-1,12
11683,1,1,False,0,-1,12
11685,1,1,False,0,-1,13
11686,1,1,False,3,560,17
11687,1,1,False,3,560,17
11688,1,1,False,3,560,17
11689,1,1,False,3,560,17
11690,1,1,False,0,-1,3
11696,1,1,False,3,62,12
11698,1,1,False,3,135,12
11699,1,1,False,3,135,12
11704,1,1,False,0,-1,21
11705,1,1,False,0,-1,5
11706,1,1,False,1,3,27
11708,1,1,False,0,-1,28
11710,1,1,False,2,14,18
11711,1,1,False,2,14,18
11712,1,1,False,0,-1,20
11716,1,1,False,0,-1,5
11717,1,1,False,0,-1,18
11718,1,1,False,0,-1,16
11719,1,1,False,0,-1,15
11721,1,1,False,2,62,12
11722,1,1,False,2,62,12
11724,1,1,False,0,-1,12
11725,1,1,False,0,-1,13
11727,1,1,False,2,62,12
11731,1,1,False,3,62,12
11738,1,1,False,2,561,24
11740,1,1,False,2,561,24
11751,1,1,False,3,62,3
11753,1,1,False,2,35,6
11755,1,1,False,2,35,6
11756,1,1,False,0,-1,19
11757,1,1,False,1,93,25
11759,1,1,False,0,-1,4
11760,1,1,False,2,135,13
11763,1,1,False,1,135,17
11767,1,1,False,3,135,19
11772,1,1,False,0,-1,26
11773,1,1,False,2,562,20
11774,1,1,False,2,562,20
11775,1,1,False,2,562,20
11777,1,1,False,1,62,15
11778,1,1,False,0,-1,20
11783,1,1,False,0,-1,18
11784,1,1,False,1,563,20
11785,1,1,False,1,563,20
11788,1,1,False,1,28,9
11791,1,1,False,1,294,13
11792,1,1,False,0,-1,20
11799,1,1,False,1,35,5
11801,1,1,False,0,-1,20
11802,1,1,False,0,-1,27
11803,1,1,False,2,10,14
11805,1,1,False,2,10,14
11808,1,1,False,1,164,12
11809,1,1,False,3,62,20
11811,1,1,False,3,62,20
11815,1,1,False,1,62,13
11816,1,1,False,0,-1,12
11817,1,1,False,1,564,12
11818,1,1,False,1,564,12
11822,1,1,False,2,565,12
11823,1,1,False,2,565,12
11824,1,1,False,2,565,12
11826,1,1,False,1,3,7
11827,1,1,False,0,-1,12
11829,1,1,False,0,-1,9
11831,1,1,False,1,566,18
11832,1,1,False,0,-1,4
11833,1,1,False,0,-1,11
11834,1,1,False,1,567,18
11837,1,1,False,3,106,14
11838,1,1,False,3,106,14
11839,1,1,False,3,106,14
11841,1,1,False,1,568,12
11842,1,1,False,1,568,12
11843,1,1,False,1,569,5
11844,1,1,False,1,569,5
11845,1,1,False,0,-1,2
11847,1,1,False,1,570,16
11848,1,1,False,2,62,18
11851,1,1,False,0,-1,12
11854,1,1,False,1,62,5
11855,1,1,False,2,571,13
11856,1,1,False,2,571,13
11857,1,1,False,2,571,13
11858,1,1,False,2,51,15
11862,1,1,False,2,572,4
11863,1,1,False,2,572,4
11864,1,1,False,0,-1,13
11869,1,1,False,2,53,4
11870,1,1,False,0,-1,12
11871,1,1,False,0,-1,14
11873,1,1,False,0,-1,12
11875,1,1,False,2,12,26
11885,1,1,False,3,7,12
11887,1,1,False,3,7,12
11890,1,1,False,0,-1,4
11894,1,1,False,3,135,4
11896,1,1,False,0,-1,12
11904,1,1,False,0,-1,8
11910,1,1,False,2,62,15
11915,1,1,False,3,111,13
11917,1,1,False,2,2,16
11921,1,1,False,0,-1,17
11922,1,1,False,0,-1,20
11923,1,1,False,0,-1,2
11925,1,1,False,0,-1,5
11927,1,1,False,1,54,18
11928,1,1,False,1,25,5
11932,1,1,False,2,573,14
11933,1,1,False,2,573,14
11934,1,1,False,2,22,9
11939,1,1,False,2,126,25
11940,1,1,False,2,126,25
11943,1,1,False,3,62,13
11952,1,1,False,2,179,3
11954,1,1,False,0,-1,9
11956,1,1,False,3,166,24
11964,1,1,False,1,574,9
11965,1,1,False,1,574,9
11969,1,1,False,0,-1,18
11973,1,1,False,0,-1,12
11974,1,1,False,0,-1,12
11975,1,1,False,0,-1,11
11979,1,1,False,2,54,17
11981,1,1,False,1,62,20
11983,1,1,False,1,575,20
11984,1,1,False,1,575,20
11985,1,1,False,0,-1,17
11988,1,1,False,2,221,24
11989,1,1,False,2,221,24
11992,1,1,False,3,106,21
11993,1,1,False,3,106,21
11997,1,1,False,0,-1,13
11999,1,1,False,1,576,12
12000,1,1,False,1,576,12
12003,1,1,False,0,-1,9
12006,1,1,False,3,114,8
12011,1,1,False,1,62,13
12012,1,1,False,0,-1,5
12013,1,1,False,1,62,27
12017,1,1,False,2,62,18
12019,1,1,False,0,-1,12
12025,1,1,False,3,14,9
12026,1,1,False,0,-1,14
12027,1,1,False,0,-1,5
12031,1,1,False,0,-1,15
12034,1,1,False,0,-1,8
12035,1,1,False,0,-1,12
12036,1,1,False,1,577,11
12037,1,1,False,1,577,11
12040,1,1,False,1,578,26
12041,1,1,False,1,578,26
12043,1,1,False,1,6,12
12044,1,1,False,1,62,16
12047,1,1,False,2,62,5
12052,1,1,False,0,-1,24
12053,1,1,False,0,-1,5
12054,1,1,False,0,-1,15
12057,1,1,False,3,579,4
12058,1,1,False,3,579,4
12059,1,1,False,3,579,4
12060,1,1,False,3,579,4
12061,1,1,False,1,62,12
12064,1,1,False,1,59,26
12067,1,1,False,2,164,8
12068,1,1,False,0,-1,20
12069,1,1,False,0,-1,20
12070,1,1,False,1,580,12
12071,1,1,False,1,580,12
12073,1,1,False,0,-1,25
12079,1,1,False,0,-1,13
12081,1,1,False,0,-1,12
12083,1,1,False,2,135,12
12086,1,1,False,1,581,26
12087,1,1,False,1,581,26
12091,1,1,False,1,10,12
12092,1,1,False,1,582,20
12098,1,1,False,3,135,5
12100,1,1,False,0,-1,9
12101,1,1,False,1,111,14
12103,1,1,False,3,62,18
12104,1,1,False,3,62,18
12109,1,1,False,3,62,13
12114,1,1,False,2,105,13
12115,1,1,False,1,30,14
12121,1,1,False,1,54,13
12122,1,1,False,3,56,14
12124,1,1,False,3,56,14
12125,1,1,False,3,56,14
12129,1,1,False,2,1,25
12135,1,1,False,1,20,12
12136,1,1,False,1,105,10
12138,1,1,False,0,-1,12
12139,1,1,False,0,-1,18
12141,1,1,False,2,135,5
12143,1,1,False,2,583,5
12144,1,1,False,2,583,5
12145,1,1,False,2,583,5
12148,1,1,False,2,2,9
12149,1,1,False,0,-1,20
12154,1,1,False,0,-1,7
12155,1,1,False,2,62,15
12156,1,1,False,2,62,15
12160,1,1,False,0,-1,5
12163,1,1,False,3,10,5
12165,1,1,False,3,10,5
12168,1,1,False,2,62,20
12170,1,1,False,2,62,20
12172,1,1,False,3,62,4
12174,1,1,False,3,62,4
12175,1,1,False,3,62,4
12177,1,1,False,1,584,17
12178,1,1,False,1,584,17
12179,1,1,False,0,-1,14
12180,1,1,False,0,-1,4
12181,1,1,False,0,-1,12
12182,1,1,False,0,-1,3
12191,1,1,False,1,135,14
12193,1,1,False,0,-1,12
12195,1,1,False,0,-1,17
12196,1,1,False,0,-1,12
12198,1,1,False,1,0,5
12205,1,1,False,0,-1,5
12207,1,1,False,1,28,26
12208,1,1,False,3,62,14
12209,1,1,False,3,62,14
12214,1,1,False,3,28,18
12216,1,1,False,3,28,18
12217,1,1,False,3,28,18
12218,1,1,False,2,62,16
12221,1,1,False,2,56,24
12222,1,1,False,2,56,24
12224,1,1,False,0,-1,12
12225,1,1,False,0,-1,23
12226,1,1,False,0,-1,18
12229,1,1,False,2,62,1
12232,1,1,False,0,-1,13
12235,1,1,False,2,35,25
12239,1,1,False,2,256,22
12240,1,1,False,2,256,22
12242,1,1,False,0,-1,9
12245,1,1,False,2,62,5
12247,1,1,False,2,62,5
12248,1,1,False,0,-1,17
12249,1,1,False,1,585,27
12250,1,1,False,1,585,27
12251,1,1,False,1,56,17
12255,1,1,False,1,54,2
12261,1,1,False,0,-1,4
12263,1,1,False,1,62,4
12265,1,1,False,1,586,12
12269,1,1,False,0,-1,18
12272,1,1,False,0,-1,9
12274,1,1,False,1,587,7
12275,1,1,False,0,-1,18
12281,1,1,False,2,12,20
12283,1,1,False,2,12,20
12284,1,1,False,2,62,17
12285,1,1,False,2,62,17
12287,1,1,False,0,-1,18
12288,1,1,False,3,105,22
12292,1,1,False,0,-1,25
12293,1,1,False,0,-1,27
12297,1,1,False,0,-1,13
12303,1,1,False,3,62,11
12308,1,1,False,3,52,9
12316,1,1,False,1,588,18
12319,1,1,False,1,589,12
12321,1,1,False,3,62,20
12325,1,1,False,0,-1,4
12326,1,1,False,2,62,15
12328,1,1,False,2,62,15
12330,1,1,False,3,10,5
12334,1,1,False,0,-1,24
12335,1,1,False,1,590,22
12336,1,1,False,1,590,22
12338,1,1,False,0,-1,20
12339,1,1,False,2,591,9
12340,1,1,False,2,591,9
12341,1,1,False,2,591,9
12343,1,1,False,1,70,4
12348,1,1,False,0,-1,15
12352,1,1,False,1,86,6
12353,1,1,False,0,-1,14
12354,1,1,False,0,-1,22
12356,1,1,False,1,105,24
12358,1,1,False,0,-1,14
12360,1,1,False,1,62,18
12361,1,1,False,0,-1,15
12363,1,1,False,1,592,2
12364,1,1,False,1,592,2
12365,1,1,False,3,62,12
12368,1,1,False,3,62,12
12370,1,1,False,0,-1,6
12376,1,1,False,0,-1,18
12378,1,1,False,0,-1,18
12381,1,1,False,2,142,14
12382,1,1,False,2,114,5
12384,1,1,False,2,114,5
12386,1,1,False,3,135,8
12388,1,1,False,3,135,8
12389,1,1,False,0,-1,14
12392,1,1,False,2,72,20
12395,1,1,False,0,-1,25
12399,1,1,False,3,56,12
12402,1,1,False,2,62,12
12404,1,1,False,0,-1,14
12407,1,1,False,0,-1,12
12408,1,1,False,2,237,20
12411,1,1,False,2,62,17
12413,1,1,False,2,62,17
12414,1,1,False,0,-1,8
12415,1,1,False,0,-1,18
12416,1,1,False,1,62,11
12419,1,1,False,0,-1,20
12423,1,1,False,2,593,18
12424,1,1,False,2,593,18
12425,1,1,False,2,593,18
12433,1,1,False,3,62,22
12435,1,1,False,3,62,22
12436,1,1,False,0,-1,5
12438,1,1,False,0,-1,5
12440,1,1,False,0,-1,20
12444,1,1,False,2,142,20
12446,1,1,False,2,142,20
12449,1,1,False,0,-1,9
12450,1,1,False,1,135,5
12452,1,1,False,0,-1,25
12453,1,1,False,1,31,5
12459,1,1,False,0,-1,13
12460,1,1,False,1,594,8
12461,1,1,False,1,594,8
12467,1,1,False,3,105,14
12469,1,1,False,0,-1,17
12475,1,1,False,1,62,19
12476,1,1,False,0,-1,12
12477,1,1,False,0,-1,12
12478,1,1,False,0,-1,18
12481,1,1,False,0,-1,20
12482,1,1,False,0,-1,26
12488,1,1,False,3,22,24
12491,1,1,False,2,63,13
12492,1,1,False,2,63,13
12493,1,1,False,2,139,4
12495,1,1,False,2,139,4
12498,1,1,False,1,62,15
12500,1,1,False,0,-1,11
12502,1,1,False,2,62,23
12506,1,1,False,3,62,26
12510,1,1,False,1,62,22
12511,1,1,False,0,-1,23
12512,1,1,False,2,22,22
12514,1,1,False,2,22,22
12515,1,1,False,0,-1,10
12517,1,1,False,1,59,18
12518,1,1,False,1,62,12
12520,1,1,False,0,-1,12
12523,1,1,False,2,62,4
12526,1,1,False,0,-1,17
12528,1,1,False,0,-1,9
12530,1,1,False,0,-1,9
12532,1,1,False,1,135,13
12533,1,1,False,1,595,5
12534,1,1,False,1,595,5
12536,1,1,False,0,-1,5
12541,1,1,False,2,62,13
12542,1,1,False,2,62,13
12544,1,1,False,0,-1,25
12547,1,1,False,1,62,12
12549,1,1,False,2,95,21
12551,1,1,False,2,95,21
12555,1,1,False,1,10,20
12556,1,1,False,3,45,5
12560,1,1,False,0,-1,18
12564,1,1,False,1,23,12
12567,1,1,False,1,596,4
12568,1,1,False,1,596,4
12571,1,1,False,1,62,2
12572,1,1,False,3,62,5
12573,1,1,False,3,62,5
12578,1,1,False,1,135,22
12582,1,1,False,0,-1,8
12585,1,1,False,0,-1,12
12589,1,1,False,0,-1,4
12590,1,1,False,0,-1,12
12596,1,1,False,1,135,5
12599,1,1,False,0,-1,12
12609,1,1,False,0,-1,12
12611,1,1,False,1,28,24
12613,1,1,False,0,-1,21
12615,1,1,False,2,135,5
12616,1,1,False,2,135,5
12618,1,1,False,1,597,20
12619,1,1,False,1,597,20
12621,1,1,False,2,62,12
12627,1,1,False,0,-1,4
12628,1,1,False,0,-1,2
12630,1,1,False,2,6,12
12638,1,1,False,0,-1,8
12641,1,1,False,0,-1,5
12643,1,1,False,2,598,9
12644,1,1,False,2,598,9
12648,1,1,False,2,58,15
12649,1,1,False,0,-1,12
12650,1,1,False,1,599,12
12651,1,1,False,1,599,12
12655,1,1,False,2,62,24
12656,1,1,False,2,62,24
12657,1,1,False,1,161,21
12659,1,1,False,1,600,12
12660,1,1,False,1,600,12
12662,1,1,False,0,-1,14
12663,1,1,False,1,62,20
12670,1,1,False,2,62,9
12671,1,1,False,2,62,9
12674,1,1,False,1,62,15
12678,1,1,False,0,-1,11
12680,1,1,False,2,3,8
12682,1,1,False,3,62,17
12685,1,1,False,3,62,17
12686,1,1,False,1,62,12
12693,1,1,False,1,62,13
12694,1,1,False,0,-1,9
12695,1,1,False,0,-1,4
12696,1,1,False,2,62,11
12701,1,1,False,2,135,7
12707,1,1,False,2,3,18
12709,1,1,False,3,161,20
12711,1,1,False,3,161,20
12712,1,1,False,3,161,20
12719,1,1,False,2,0,5
12720,1,1,False,2,0,5
12725,1,1,False,0,-1,4
12726,1,1,False,1,62,12
12730,1,1,False,0,-1,5
12734,1,1,False,1,62,5
12736,1,1,False,1,601,21
12737,1,1,False,1,601,21
12738,1,1,False,0,-1,7
12740,1,1,False,0,-1,22
12743,1,1,False,1,86,1
12747,1,1,False,0,-1,4
12750,1,1,False,2,62,4
12752,1,1,False,1,48,6
12755,1,1,False,1,62,27
12756,1,1,False,0,-1,8
12758,1,1,False,1,62,20
12759,1,1,False,1,602,28
12762,1,1,False,0,-1,18
12763,1,1,False,1,603,12
12764,1,1,False,1,603,12
12765,1,1,False,0,-1,22
12767,1,1,False,0,-1,12
12769,1,1,False,2,62,26
12771,1,1,False,1,62,8
12773,1,1,False,0,-1,12
12774,1,1,False,2,142,12
12775,1,1,False,2,142,12
12777,1,1,False,0,-1,14
12780,1,1,False,0,-1,4
12781,1,1,False,3,35,23
12782,1,1,False,3,35,23
12784,1,1,False,3,35,23
12787,1,1,False,2,73,14
12793,1,1,False,1,59,8
12795,1,1,False,1,135,12
12797,1,1,False,1,18,4
12800,1,1,False,1,604,5
12801,1,1,False,1,604,5
12803,1,1,False,0,-1,20
12807,1,1,False,2,161,8
12812,1,1,False,1,62,1
12815,1,1,False,1,605,15
12816,1,1,False,1,605,15
12818,1,1,False,1,606,15
12819,1,1,False,1,606,15
12823,1,1,False,2,135,14
12825,1,1,False,0,-1,12
12826,1,1,False,0,-1,18
12827,1,1,False,0,-1,9
12828,1,1,False,0,-1,12
12832,1,1,False,3,6,1
12835,1,1,False,0,-1,11
12836,1,1,False,2,607,12
12837,1,1,False,2,607,12
12838,1,1,False,2,607,12
12841,1,1,False,0,-1,5
12845,1,1,False,3,62,26
12851,1,1,False,3,62,26
12857,1,1,False,1,18,8
12864,1,1,False,1,62,9
12868,1,1,False,1,179,15
12873,1,1,False,3,70,12
12878,1,1,False,0,-1,4
12883,1,1,False,1,608,4
12885,1,1,False,1,28,13
12890,1,1,False,0,-1,18
12895,1,1,False,2,111,18
12898,1,1,False,2,114,7
12900,1,1,False,2,114,7
12906,1,1,False,2,59,17
12910,1,1,False,2,105,13
12913,1,1,False,2,52,22
12917,1,1,False,1,59,18
12920,1,1,False,0,-1,14
12921,1,1,False,0,-1,22
12922,1,1,False,0,-1,9
12925,1,1,False,0,-1,13
12927,1,1,False,2,62,25
12940,1,1,False,2,111,9
12941,1,1,False,2,111,9
12945,1,1,False,2,62,5
12946,1,1,False,0,-1,15
12949,1,1,False,2,62,18
12955,1,1,False,0,-1,13
12956,1,1,False,1,609,6
12957,1,1,False,1,609,6
12960,1,1,False,2,28,20
12961,1,1,False,2,28,20
12962,1,1,False,3,45,5
12963,1,1,False,3,45,5
12972,1,1,False,2,62,24
12976,1,1,False,1,62,20
12981,1,1,False,2,62,13
12982,1,1,False,0,-1,5
12986,1,1,False,3,43,9
12987,1,1,False,3,43,9
12988,1,1,False,3,43,9
12991,1,1,False,1,20,14
12993,1,1,False,0,-1,8
12998,1,1,False,0,-1,15
13000,1,1,False,2,52,27
13001,1,1,False,2,52,27
13002,1,1,False,2,135,20
13006,1,1,False,0,-1,14
13008,1,1,False,2,30,13
13011,1,1,False,2,62,8
13012,1,1,False,2,62,8
13018,1,1,False,1,610,27
13021,1,1,False,3,28,11
13023,1,1,False,3,28,11
13024,1,1,False,2,611,13
13025,1,1,False,2,611,13
13026,1,1,False,2,611,13
13029,1,1,False,2,54,26
13030,1,1,False,2,54,26
13032,1,1,False,0,-1,5
13034,1,1,False,0,-1,12
13038,1,1,False,1,80,18
13045,1,1,False,1,612,28
13046,1,1,False,1,612,28
13048,1,1,False,1,613,14
13050,1,1,False,0,-1,7
13052,1,1,False,0,-1,13
13053,1,1,False,0,-1,28
13054,1,1,False,2,614,13
13055,1,1,False,2,614,13
13056,1,1,False,2,614,13
13057,1,1,False,0,-1,13
13059,1,1,False,1,6,5
13060,1,1,False,0,-1,17
13062,1,1,False,3,62,13
13067,1,1,False,2,70,20
13068,1,1,False,2,70,20
13073,1,1,False,0,-1,14
13074,1,1,False,2,95,25
13076,1,1,False,2,95,25
13077,1,1,False,1,14,14
13079,1,1,False,1,62,5
13082,1,1,False,1,62,12
13084,1,1,False,1,62,5
13086,1,1,False,0,-1,12
13087,1,1,False,0,-1,6
13088,1,1,False,0,-1,21
13089,1,1,False,0,-1,20
13090,1,1,False,2,135,22
13091,1,1,False,2,135,22
13093,1,1,False,1,3,5
13095,1,1,False,2,62,14
13097,1,1,False,2,62,14
13099,1,1,False,0,-1,11
13101,1,1,False,1,615,5
13102,1,1,False,1,615,5
13104,1,1,False,3,62,20
13109,1,1,False,2,35,9
13113,1,1,False,3,1,12
13114,1,1,False,3,1,12
13117,1,1,False,0,-1,13
13120,1,1,False,2,616,28
13121,1,1,False,2,616,28
13122,1,1,False,2,616,28
13123,1,1,False,0,-1,12
13124,1,1,False,0,-1,8
13128,1,1,False,3,53,9
13130,1,1,False,3,53,9
13134,1,1,False,2,135,25
13136,1,1,False,0,-1,12
13140,1,1,False,2,617,12
13141,1,1,False,2,617,12
13142,1,1,False,2,617,12
13144,1,1,False,0,-1,2
13147,1,1,False,1,62,12
13148,1,1,False,1,618,6
13150,1,1,False,3,619,12
13152,1,1,False,3,619,12
13153,1,1,False,3,619,12
13154,1,1,False,3,54,14
13158,1,1,False,2,10,18
13162,1,1,False,0,-1,8
13163,1,1,False,1,105,4
13165,1,1,False,0,-1,9
13167,1,1,False,0,-1,20
13170,1,1,False,0,-1,12
13173,1,1,False,2,62,17
13174,1,1,False,2,62,17
13175,1,1,False,1,62,4
13178,1,1,False,0,-1,12
13183,1,1,False,2,27,4
13186,1,1,False,0,-1,18
13189,1,1,False,0,-1,18
13197,1,1,False,1,135,20
13205,1,1,False,2,620,22
13206,1,1,False,2,620,22
13208,1,1,False,0,-1,18
13209,1,1,False,1,621,18
13210,1,1,False,1,621,18
13211,1,1,False,1,135,17
13215,1,1,False,1,10,18
13217,1,1,False,2,135,14
13218,1,1,False,2,135,14
13225,1,1,False,0,-1,18
13227,1,1,False,1,105,26
13234,1,1,False,3,62,8
13235,1,1,False,3,62,8
13239,1,1,False,3,62,9
13240,1,1,False,3,62,9
13242,1,1,False,3,62,9
13243,1,1,False,0,-1,9
13244,1,1,False,2,622,22
13246,1,1,False,2,622,22
13249,1,1,False,2,623,9
13250,1,1,False,2,623,9
13251,1,1,False,2,623,9
13253,1,1,False,0,-1,6
13256,1,1,False,0,-1,7
13257,1,1,False,0,-1,5
13258,1,1,False,1,624,16
13259,1,1,False,1,624,16
13261,1,1,False,0,-1,13
13262,1,1,False,0,-1,6
13264,1,1,False,1,16,5
13265,1,1,False,0,-1,20
13266,1,1,False,0,-1,13
13267,1,1,False,1,0,5
13272,1,1,False,0,-1,10
13277,1,1,False,2,625,13
13278,1,1,False,2,625,13
13279,1,1,False,2,625,13
13283,1,1,False,1,135,15
13286,1,1,False,3,137,18
13287,1,1,False,3,137,18
13289,1,1,False,3,137,18
13292,1,1,False,1,135,24
13293,1,1,False,1,62,12
13297,1,1,False,0,-1,18
13298,1,1,False,0,-1,20
13300,1,1,False,2,62,13
13304,1,1,False,3,70,13
13305,1,1,False,3,70,13
13307,1,1,False,3,70,13
13309,1,1,False,0,-1,14
13310,1,1,False,0,-1,26
13311,1,1,False,0,-1,12
13317,1,1,False,0,-1,13
13319,1,1,False,2,62,5
13322,1,1,False,0,-1,10
13325,1,1,False,0,-1,5
13326,1,1,False,0,-1,7
13327,1,1,False,3,62,12
13334,1,1,False,1,626,21
13335,1,1,False,1,626,21
13336,1,1,False,2,627,20
13337,1,1,False,2,627,20
13339,1,1,False,3,62,15
13340,1,1,False,3,62,15
13342,1,1,False,3,62,15
13344,1,1,False,0,-1,18
13346,1,1,False,0,-1,4
13347,1,1,False,1,62,18
13349,1,1,False,0,-1,20
13354,1,1,False,3,62,8
13355,1,1,False,3,62,8
13357,1,1,False,3,70,25
13360,1,1,False,3,70,25
13361,1,1,False,2,628,12
13362,1,1,False,2,628,12
13363,1,1,False,2,628,12
13365,1,1,False,1,28,12
13372,1,1,False,0,-1,4
13376,1,1,False,1,59,27
13378,1,1,False,3,62,5
13379,1,1,False,3,62,5
13383,1,1,False,0,-1,18
13386,1,1,False,2,62,8
13387,1,1,False,2,62,8
13389,1,1,False,3,135,5
13392,1,1,False,0,-1,4
13394,1,1,False,2,56,5
13399,1,1,False,3,111,9
13401,1,1,False,1,629,2
13402,1,1,False,1,629,2
13404,1,1,False,2,630,5
13405,1,1,False,2,630,5
13406,1,1,False,2,449,12
13408,1,1,False,2,449,12
13409,1,1,False,0,-1,24
13412,1,1,False,3,30,15
13413,1,1,False,3,30,15
13414,1,1,False,0,-1,14
13415,1,1,False,1,631,7
13416,1,1,False,1,631,7
13420,1,1,False,2,221,9
13422,1,1,False,1,105,9
13427,1,1,False,3,62,20
13429,1,1,False,3,62,20
13430,1,1,False,3,62,20
13431,1,1,False,0,-1,11
13432,1,1,False,0,-1,15
13435,1,1,False,0,-1,18
13437,1,1,False,1,43,13
13438,1,1,False,2,25,13
13440,1,1,False,2,25,13
13441,1,1,False,0,-1,8
13452,1,1,False,0,-1,15
13460,1,1,False,2,70,4
13461,1,1,False,2,70,4
13463,1,1,False,3,28,12
13465,1,1,False,3,28,12
13466,1,1,False,2,62,17
13467,1,1,False,2,62,17
13472,1,1,False,0,-1,20
13473,1,1,False,0,-1,22
13474,1,1,False,0,-1,12
13475,1,1,False,0,-1,24
13476,1,1,False,1,179,27
13478,1,1,False,1,632,14
13479,1,1,False,1,632,14
13480,1,1,False,0,-1,5
13481,1,1,False,3,62,26
13483,1,1,False,3,62,26
13486,1,1,False,0,-1,4
13487,1,1,False,0,-1,12
13490,1,1,False,1,22,8
13493,1,1,False,1,135,27
13494,1,1,False,1,59,5
13496,1,1,False,2,62,13
13498,1,1,False,2,62,13
13500,1,1,False,0,-1,18
13505,1,1,False,3,105,12
13506,1,1,False,3,105,12
13507,1,1,False,3,105,12
13511,1,1,False,1,25,17
13512,1,1,False,0,-1,12
13513,1,1,False,2,105,1
13516,1,1,False,0,-1,18
13517,1,1,False,1,62,25
13519,1,1,False,1,62,9
13522,1,1,False,1,633,12
13523,1,1,False,1,633,12
13525,1,1,False,2,12,20
13526,1,1,False,2,12,20
13529,1,1,False,3,62,18
13530,1,1,False,3,62,18
13532,1,1,False,3,62,18
13534,1,1,False,1,634,13
13535,1,1,False,2,62,9
13536,1,1,False,2,62,9
13538,1,1,False,1,62,18
13543,1,1,False,1,635,18
13544,1,1,False,1,635,18
13545,1,1,False,0,-1,18
13546,1,1,False,2,636,27
13547,1,1,False,2,636,27
13551,1,1,False,1,114,15
13553,1,1,False,0,-1,12
13554,1,1,False,0,-1,27
13557,1,1,False,3,62,14
13558,1,1,False,3,62,14
13562,1,1,False,1,135,12
13565,1,1,False,2,105,6
13566,1,1,False,2,105,6
13572,1,1,False,0,-1,12
13574,1,1,False,2,43,14
13578,1,1,False,2,62,8
13579,1,1,False,1,12,13
13583,1,1,False,3,62,16
13587,1,1,False,0,-1,9
13588,1,1,False,0,-1,23
13589,1,1,False,0,-1,9
13591,1,1,False,0,-1,27
13592,1,1,False,0,-1,20
13595,1,1,False,3,62,28
13600,1,1,False,0,-1,12
13601,1,1,False,0,-1,12
13602,1,1,False,1,135,24
13604,1,1,False,0,-1,5
13605,1,1,False,1,637,14
13606,1,1,False,1,637,14
13610,1,1,False,2,135,11
13612,1,1,False,2,135,11
13613,1,1,False,1,59,20
13615,1,1,False,1,638,4
13616,1,1,False,1,638,4
13618,1,1,False,1,62,14
13624,1,1,False,1,639,8
13625,1,1,False,1,62,12
13629,1,1,False,3,30,11
13630,1,1,False,3,30,11
13631,1,1,False,0,-1,28
13634,1,1,False,1,28,12
13636,1,1,False,0,-1,4
13638,1,1,False,1,62,12
13639,1,1,False,0,-1,12
13641,1,1,False,3,62,4
13642,1,1,False,3,62,4
13645,1,1,False,2,640,7
13646,1,1,False,2,640,7
13647,1,1,False,2,640,7
13648,1,1,False,0,-1,8
13650,1,1,False,3,62,5
13652,1,1,False,3,62,5
13653,1,1,False,0,-1,13
13656,1,1,False,2,62,12
13657,1,1,False,0,-1,9
13659,1,1,False,0,-1,7
13666,1,1,False,2,97,4
13668,1,1,False,0,-1,15
13670,1,1,False,1,62,14
13676,1,1,False,1,18,17
13678,1,1,False,0,-1,12
13679,1,1,False,1,35,12
13681,1,1,False,1,641,23
13682,1,1,False,1,641,23
13685,1,1,False,0,-1,18
13686,1,1,False,0,-1,5
13692,1,1,False,0,-1,17
13694,1,1,False,0,-1,13
13698,1,1,False,3,3,22
13700,1,1,False,3,3,22
13702,1,1,False,1,166,24
13703,1,1,False,3,62,14
13704,1,1,False,3,62,14
13706,1,1,False,3,62,14
13708,1,1,False,0,-1,4
13717,1,1,False,1,642,24
13718,1,1,False,3,3,5
13720,1,1,False,3,3,5
13721,1,1,False,3,3,5
13725,1,1,False,1,53,14
13729,1,1,False,0,-1,5
13731,1,1,False,2,106,20
13732,1,1,False,2,106,20
13736,1,1,False,1,643,12
13737,1,1,False,1,643,12
13744,1,1,False,1,62,20
13746,1,1,False,0,-1,15
13747,1,1,False,1,644,4
13748,1,1,False,1,644,4
13749,1,1,False,0,-1,28
13750,1,1,False,0,-1,15
13752,1,1,False,3,62,10
13755,1,1,False,0,-1,4
13756,1,1,False,1,27,18
13760,1,1,False,2,62,12
13762,1,1,False,1,62,13
13763,1,1,False,1,62,9
13766,1,1,False,0,-1,12
13767,1,1,False,0,-1,12
13768,1,1,False,0,-1,20
13775,1,1,False,3,62,7
13778,1,1,False,0,-1,8
13780,1,1,False,1,28,14
13785,1,1,False,0,-1,18
13789,1,1,False,0,-1,12
13790,1,1,False,0,-1,6
13792,1,1,False,1,63,27
13794,1,1,False,0,-1,20
13796,1,1,False,0,-1,21
13797,1,1,False,3,26,9
13799,1,1,False,3,26,9
13804,1,1,False,2,64,8
13806,1,1,False,2,25,14
13807,1,1,False,2,25,14
13809,1,1,False,1,7,23
13811,1,1,False,1,62,5
13813,1,1,False,0,-1,6
13815,1,1,False,1,62,8
13818,1,1,False,0,-1,21
13820,1,1,False,3,62,17
13821,1,1,False,3,62,17
13827,1,1,False,1,62,14
13830,1,1,False,2,62,12
13834,1,1,False,3,28,18
13836,1,1,False,1,40,8
13838,1,1,False,0,-1,6
13840,1,1,False,0,-1,17
13841,1,1,False,0,-1,15
13844,1,1,False,0,-1,12
13846,1,1,False,1,62,18
13847,1,1,False,3,645,25
13848,1,1,False,3,645,25
13849,1,1,False,3,645,25
13850,1,1,False,3,645,25
13851,1,1,False,3,62,10
13854,1,1,False,3,62,10
13856,1,1,False,1,12,20
13857,1,1,False,0,-1,4
13858,1,1,False,0,-1,7
13859,1,1,False,0,-1,14
13867,1,1,False,1,646,15
13869,1,1,False,0,-1,9
13870,1,1,False,0,-1,15
13877,1,1,False,2,28,18
13879,1,1,False,1,62,9
13880,1,1,False,1,12,26
13882,1,1,False,0,-1,14
13883,1,1,False,0,-1,12
13886,1,1,False,2,62,4
13888,1,1,False,1,3,21
13890,1,1,False,2,647,13
13891,1,1,False,2,647,13
13892,1,1,False,2,647,13
13894,1,1,False,1,111,9
13897,1,1,False,3,62,27
13898,1,1,False,3,62,27
13903,1,1,False,1,19,5
13904,1,1,False,0,-1,12
13905,1,1,False,1,62,13
13908,1,1,False,1,111,12
13910,1,1,False,1,221,11
13915,1,1,False,2,44,4
13917,1,1,False,2,44,4
13918,1,1,False,1,648,8
13919,1,1,False,1,648,8
13922,1,1,False,0,-1,21
13924,1,1,False,1,649,26
13925,1,1,False,1,649,26
13926,1,1,False,2,135,8
13929,1,1,False,1,650,20
13930,1,1,False,1,650,20
13931,1,1,False,0,-1,7
13932,1,1,False,2,56,23
13934,1,1,False,2,56,23
13936,1,1,False,1,27,4
13937,1,1,False,1,62,12
13940,1,1,False,2,68,28
13941,1,1,False,2,68,28
13942,1,1,False,0,-1,21
13944,1,1,False,1,135,28
13949,1,1,False,2,651,12
13950,1,1,False,2,651,12
13953,1,1,False,0,-1,12
13955,1,1,False,0,-1,15
13960,1,1,False,1,12,13
13961,1,1,False,1,62,12
13963,1,1,False,2,54,5
13967,1,1,False,1,652,9
13968,1,1,False,1,652,9
13970,1,1,False,0,-1,13
13971,1,1,False,0,-1,5
13973,1,1,False,1,161,20
13980,1,1,False,2,237,22
13981,1,1,False,2,237,22
13986,1,1,False,2,53,13
13989,1,1,False,1,653,7
13990,1,1,False,1,653,7
13995,1,1,False,1,3,15
13996,1,1,False,0,-1,12
13997,1,1,False,0,-1,20
13998,1,1,False,0,-1,12
13999,1,1,False,2,654,22
14000,1,1,False,2,654,22
14001,1,1,False,2,654,22
14004,1,1,False,2,25,27
14013,1,1,False,1,105,4
14015,1,1,False,2,655,20
14016,1,1,False,2,655,20
14017,1,1,False,2,655,20
14019,1,1,False,1,1,27
14022,1,1,False,1,74,20
14024,1,1,False,0,-1,16
14026,1,1,False,0,-1,14
14030,1,1,False,2,62,13
14031,1,1,False,1,135,5
14035,1,1,False,2,25,18
14036,1,1,False,0,-1,12
14039,1,1,False,0,-1,26
14041,1,1,False,0,-1,18
14042,1,1,False,2,133,15
14043,1,1,False,2,133,15
14045,1,1,False,0,-1,14
14046,1,1,False,1,656,17
14047,1,1,False,1,656,17
14049,1,1,False,0,-1,23
14050,1,1,False,1,657,24
14052,1,1,False,0,-1,12
14060,1,1,False,0,-1,4
14061,1,1,False,2,105,18
14062,1,1,False,2,105,18
14068,1,1,False,2,58,12
14069,1,1,False,0,-1,14
14071,1,1,False,2,62,12
14072,1,1,False,2,62,12
14074,1,1,False,0,-1,12
14077,1,1,False,2,95,12
14080,1,1,False,1,105,19
14083,1,1,False,2,95,27
14085,1,1,False,2,95,27
14090,1,1,False,1,28,10
14093,1,1,False,2,95,14
14094,1,1,False,2,95,14
14096,1,1,False,2,95,20
14097,1,1,False,2,95,20
14098,1,1,False,0,-1,9
14103,1,1,False,1,12,12
14108,1,1,False,0,-1,12
14111,1,1,False,2,62,13
14113,1,1,False,0,-1,13
14115,1,1,False,0,-1,15
14118,1,1,False,3,62,13
14121,1,1,False,0,-1,2
14123,1,1,False,0,-1,17
14124,1,1,False,3,62,5
14126,1,1,False,3,62,5
14127,1,1,False,3,62,5
14128,1,1,False,2,105,14
14129,1,1,False,2,105,14
14135,1,1,False,3,105,15
14136,1,1,False,3,105,15
14137,1,1,False,0,-1,18
14140,1,1,False,1,658,16
14141,1,1,False,1,658,16
14143,1,1,False,0,-1,12
14144,1,1,False,0,-1,8
14146,1,1,False,0,-1,20
14147,1,1,False,0,-1,12
14150,1,1,False,0,-1,8
14153,1,1,False,1,23,13
14156,1,1,False,0,-1,20
14161,1,1,False,0,-1,20
14163,1,1,False,1,74,9
14164,1,1,False,0,-1,14
14165,1,1,False,1,659,18
14166,1,1,False,1,659,18
14167,1,1,False,0,-1,5
14168,1,1,False,2,660,18
14169,1,1,False,2,660,18
14170,1,1,False,2,660,18
14173,1,1,False,2,62,25
14184,1,1,False,0,-1,24
14186,1,1,False,2,62,24
14189,1,1,False,2,62,9
14194,1,1,False,0,-1,17
14195,1,1,False,1,12,5
14198,1,1,False,1,68,5
14201,1,1,False,1,19,6
14204,1,1,False,1,10,14
14211,1,1,False,0,-1,12
14212,1,1,False,0,-1,25
14214,1,1,False,1,62,18
14215,1,1,False,2,661,9
14216,1,1,False,2,661,9
14217,1,1,False,2,661,9
14218,1,1,False,0,-1,5
14219,1,1,False,0,-1,9
14220,1,1,False,0,-1,27
14221,1,1,False,1,221,9
14224,1,1,False,0,-1,6
14225,1,1,False,1,135,17
14227,1,1,False,1,662,12
14228,1,1,False,1,662,12
14232,1,1,False,1,62,18
14234,1,1,False,1,62,12
14236,1,1,False,0,-1,24
14237,1,1,False,2,19,22
14242,1,1,False,2,135,12
14243,1,1,False,1,72,4
14245,1,1,False,0,-1,9
14246,1,1,False,0,-1,18
14248,1,1,False,2,68,18
14249,1,1,False,2,68,18
14251,1,1,False,2,126,25
14252,1,1,False,2,126,25
14254,1,1,False,2,105,6
14256,1,1,False,0,-1,15
14257,1,1,False,0,-1,15
14259,1,1,False,0,-1,20
14263,1,1,False,3,28,12
14267,1,1,False,3,62,6
14269,1,1,False,3,62,6
14274,1,1,False,0,-1,13
14275,1,1,False,1,663,13
14276,1,1,False,1,663,13
14281,1,1,False,1,105,20
14284,1,1,False,2,179,18
14286,1,1,False,3,62,19
14288,1,1,False,3,62,19
14289,1,1,False,3,62,19
14290,1,1,False,0,-1,12
14291,1,1,False,0,-1,18
14292,1,1,False,2,3,12
14294,1,1,False,2,3,12
14305,1,1,False,1,62,13
14307,1,1,False,0,-1,8
14308,1,1,False,1,62,13
14310,1,1,False,0,-1,6
14311,1,1,False,0,-1,12
14312,1,1,False,0,-1,12
14317,1,1,False,0,-1,11
14318,1,1,False,0,-1,18
14320,1,1,False,2,44,5
14322,1,1,False,0,-1,27
14323,1,1,False,0,-1,4
14326,1,1,False,1,23,18
14327,1,1,False,2,62,18
14328,1,1,False,2,62,18
14333,1,1,False,1,62,20
14335,1,1,False,2,62,10
14337,1,1,False,0,-1,4
14342,1,1,False,1,12,9
14346,1,1,False,3,10,18
14351,1,1,False,2,294,20
14353,1,1,False,0,-1,14
14357,1,1,False,0,-1,13
14361,1,1,False,2,665,9
14362,1,1,False,2,665,9
14365,1,1,False,1,10,12
14367,1,1,False,2,62,12
14372,1,1,False,1,30,15
14380,1,1,False,0,-1,10
14381,1,1,False,2,62,5
14382,1,1,False,2,62,5
14392,1,1,False,1,666,14
14393,1,1,False,1,666,14
14396,1,1,False,1,54,12
14400,1,1,False,1,667,18
14401,1,1,False,0,-1,18
14402,1,1,False,0,-1,23
14403,1,1,False,1,135,4
14405,1,1,False,3,135,16
14406,1,1,False,3,135,16
14407,1,1,False,3,135,16
14417,1,1,False,0,-1,5
14418,1,1,False,3,28,14
14422,1,1,False,0,-1,5
14424,1,1,False,2,62,20
14425,1,1,False,2,62,20
14428,1,1,False,0,-1,9
14429,1,1,False,0,-1,14
14433,1,1,False,1,142,5
14435,1,1,False,0,-1,14
14437,1,1,False,1,135,12
14439,1,1,False,1,62,26
14440,1,1,False,1,668,13
14442,1,1,False,3,23,12
14443,1,1,False,3,23,12
14446,1,1,False,0,-1,12
14447,1,1,False,1,669,19
14448,1,1,False,1,669,19
14449,1,1,False,3,105,18
14451,1,1,False,3,105,18
14453,1,1,False,2,670,13
14454,1,1,False,2,670,13
14455,1,1,False,2,670,13
14457,1,1,False,0,-1,12
14460,1,1,False,0,-1,17
14464,1,1,False,1,221,12
14467,1,1,False,1,62,17
14469,1,1,False,0,-1,5
14472,1,1,False,0,-1,16
14473,1,1,False,2,111,9
14480,1,1,False,1,59,12
14482,1,1,False,1,135,24
14485,1,1,False,0,-1,8
14486,1,1,False,0,-1,6
14499,1,1,False,3,28,8
14501,1,1,False,3,28,8
14502,1,1,False,3,28,8
14512,1,1,False,0,-1,19
14514,1,1,False,2,74,24
14515,1,1,False,2,74,24
14517,1,1,False,0,-1,12
14518,1,1,False,1,671,5
14519,1,1,False,1,671,5
14520,1,1,False,0,-1,20
14521,1,1,False,2,25,12
14522,1,1,False,2,25,12
14524,1,1,False,0,-1,14
14526,1,1,False,1,672,25
14527,1,1,False,1,672,25
14528,1,1,False,3,673,8
14529,1,1,False,3,673,8
14531,1,1,False,3,673,8
14533,1,1,False,3,179,6
14534,1,1,False,3,179,6
14536,1,1,False,3,179,6
14538,1,1,False,2,48,20
14539,1,1,False,2,48,20
14541,1,1,False,0,-1,10
14545,1,1,False,3,18,2
14547,1,1,False,2,62,9
14552,1,1,False,3,40,13
14553,1,1,False,3,40,13
14555,1,1,False,3,86,12
14556,1,1,False,3,86,12
14563,1,1,False,2,62,18
14564,1,1,False,2,62,18
14565,1,1,False,0,-1,17
14567,1,1,False,1,674,18
14571,1,1,False,2,51,20
14573,1,1,False,0,-1,16
14577,1,1,False,2,62,18
14579,1,1,False,1,72,5
14581,1,1,False,1,28,11
14583,1,1,False,2,675,5
14584,1,1,False,2,675,5
14585,1,1,False,0,-1,12
14589,1,1,False,1,10,8
14590,1,1,False,1,676,24
14591,1,1,False,1,676,24
14592,1,1,False,1,677,25
14593,1,1,False,1,677,25
14594,1,1,False,3,56,12
14595,1,1,False,3,56,12
14599,1,1,False,3,59,16
14600,1,1,False,3,59,16
14601,1,1,False,3,59,16
14606,1,1,False,1,62,25
14612,1,1,False,1,18,5
14614,1,1,False,1,62,23
14618,1,1,False,0,-1,20
14624,1,1,False,0,-1,12
14626,1,1,False,1,105,8
14631,1,1,False,0,-1,15
14632,1,1,False,2,25,22
14634,1,1,False,2,25,22
14638,1,1,False,1,22,22
14642,1,1,False,0,-1,13
14646,1,1,False,3,43,13
14647,1,1,False,0,-1,2
14648,1,1,False,1,25,15
14651,1,1,False,2,54,22
14652,1,1,False,2,54,22
14655,1,1,False,1,678,20
14656,1,1,False,1,678,20
14665,1,1,False,1,679,4
14666,1,1,False,1,679,4
14667,1,1,False,2,680,28
14668,1,1,False,2,680,28
14669,1,1,False,2,680,28
14670,1,1,False,0,-1,13
14672,1,1,False,1,681,3
14673,1,1,False,1,681,3
14675,1,1,False,3,22,14
14676,1,1,False,3,22,14
14677,1,1,False,3,22,14
14680,1,1,False,3,62,11
14681,1,1,False,3,62,11
14683,1,1,False,0,-1,21
14685,1,1,False,1,27,6
14686,1,1,False,0,-1,15
14690,1,1,False,0,-1,18
14692,1,1,False,1,682,12
14693,1,1,False,1,682,12
14695,1,1,False,2,62,14
14697,1,1,False,0,-1,5
14702,1,1,False,2,62,11
14707,1,1,False,1,28,6
14712,1,1,False,1,54,18
14715,1,1,False,0,-1,8
14717,1,1,False,1,3,5
14725,1,1,False,3,62,20
14728,1,1,False,0,-1,13
14733,1,1,False,2,97,16
14736,1,1,False,1,44,14
14737,1,1,False,0,-1,7
14738,1,1,False,1,62,24
14740,1,1,False,0,-1,26
14741,1,1,False,0,-1,20
14742,1,1,False,0,-1,12
14744,1,1,False,0,-1,3
14745,1,1,False,0,-1,28
14747,1,1,False,1,683,4
14752,1,1,False,0,-1,27
14753,1,1,False,3,105,20
14756,1,1,False,3,105,20
14760,1,1,False,1,684,9
14763,1,1,False,1,105,13
14770,1,1,False,3,62,2
14771,1,1,False,0,-1,18
14772,1,1,False,1,95,12
14774,1,1,False,0,-1,5
14776,1,1,False,2,105,27
14777,1,1,False,2,105,27
14782,1,1,False,1,685,13
14786,1,1,False,1,62,22
14790,1,1,False,1,686,22
14791,1,1,False,1,686,22
14794,1,1,False,0,-1,9
14797,1,1,False,2,62,15
14800,1,1,False,1,135,18
14802,1,1,False,0,-1,13
14803,1,1,False,0,-1,12
14804,1,1,False,3,20,18
14806,1,1,False,3,20,18
14807,1,1,False,3,20,18
14809,1,1,False,1,687,20
14812,1,1,False,3,62,20
14813,1,1,False,3,62,20
14815,1,1,False,0,-1,9
14825,1,1,False,0,-1,6
14831,1,1,False,2,105,20
14834,1,1,False,0,-1,2
14835,1,1,False,2,23,21
14836,1,1,False,2,23,21
14845,1,1,False,2,30,23
14847,1,1,False,2,135,18
14850,1,1,False,0,-1,12
14852,1,1,False,0,-1,6
14854,1,1,False,1,86,5
14855,1,1,False,0,-1,25
14857,1,1,False,1,10,5
14858,1,1,False,0,-1,18
14860,1,1,False,0,-1,23
14861,1,1,False,0,-1,9
14864,1,1,False,1,48,18
14869,1,1,False,3,59,5
14870,1,1,False,3,59,5
14872,1,1,False,3,59,5
14874,1,1,False,1,688,13
14875,1,1,False,2,166,12
14877,1,1,False,2,166,12
14881,1,1,False,1,62,15
14882,1,1,False,0,-1,5
14883,1,1,False,0,-1,5
14884,1,1,False,0,-1,18
14887,1,1,False,0,-1,18
14888,1,1,False,0,-1,9
14892,1,1,False,0,-1,13
14894,1,1,False,0,-1,13
14895,1,1,False,1,179,27
14897,1,1,False,0,-1,12
14900,1,1,False,1,68,5
14901,1,1,False,0,-1,22
14906,1,1,False,3,62,12
14915,1,1,False,2,25,9
14916,1,1,False,2,25,9
14921,1,1,False,2,23,12
14923,1,1,False,1,689,12
14926,1,1,False,0,-1,5
14931,1,1,False,0,-1,18
14932,1,1,False,0,-1,14
14936,1,1,False,2,80,15
14937,1,1,False,2,80,15
14940,1,1,False,2,52,5
14943,1,1,False,0,-1,15
14946,1,1,False,1,135,20
14949,1,1,False,2,164,17
14950,1,1,False,3,14,12
14951,1,1,False,3,14,12
14952,1,1,False,3,14,12
14955,1,1,False,1,62,13
14959,1,1,False,2,54,2
14962,1,1,False,0,-1,3
14965,1,1,False,0,-1,9
14967,1,1,False,1,690,8
14968,1,1,False,1,690,8
14970,1,1,False,1,70,15
14972,1,1,False,1,691,15
14974,1,1,False,2,6,28
14977,1,1,False,0,-1,12
14982,1,1,False,1,64,12
14983,1,1,False,1,692,9
14984,1,1,False,1,692,9
14985,1,1,False,0,-1,5
14988,1,1,False,0,-1,22
14991,1,1,False,1,693,5
14992,1,1,False,1,68,5
14994,1,1,False,0,-1,28
14996,1,1,False,0,-1,14
14999,1,1,False,0,-1,12
15000,1,1,False,1,694,9
15001,1,1,False,1,694,9
15005,1,1,False,3,68,12
15007,1,1,False,1,1,8
15009,1,1,False,1,0,14
15011,1,1,False,1,695,13
15012,1,1,False,1,695,13
15014,1,1,False,0,-1,18
15019,1,1,False,3,51,18
15021,1,1,False,1,696,14
15022,1,1,False,1,696,14
15025,1,1,False,1,697,12
15026,1,1,False,1,697,12
15028,1,1,False,2,28,6
15030,1,1,False,2,28,6
15034,1,1,False,0,-1,20
15037,1,1,False,1,7,18
15039,1,1,False,3,166,14
15042,1,1,False,0,-1,12
15050,1,1,False,1,44,15
15053,1,1,False,2,3,15
15055,1,1,False,2,3,15
15057,1,1,False,3,1,5
15059,1,1,False,3,1,5
15061,1,1,False,0,-1,5
15065,1,1,False,0,-1,15
15066,1,1,False,2,1,14
15067,1,1,False,2,1,14
15072,1,1,False,3,64,12
15076,1,1,False,2,19,25
15077,1,1,False,3,95,12
15080,1,1,False,3,95,12
15083,1,1,False,0,-1,5
15087,1,1,False,1,114,4
15088,1,1,False,0,-1,4
15089,1,1,False,0,-1,18
15091,1,1,False,0,-1,5
15097,1,1,False,1,698,5
15098,1,1,False,1,698,5
15101,1,1,False,3,48,8
15102,1,1,False,3,48,8
15103,1,1,False,0,-1,12
15105,1,1,False,1,14,12
15106,1,1,False,0,-1,13
15109,1,1,False,2,7,18
15111,1,1,False,1,28,14
15112,1,1,False,1,51,13
15117,1,1,False,1,2,12
15122,1,1,False,0,-1,15
15123,1,1,False,0,-1,22
15124,1,1,False,1,43,20
15127,1,1,False,0,-1,6
15128,1,1,False,1,63,4
15131,1,1,False,0,-1,8
15133,1,1,False,1,19,15
15136,1,1,False,0,-1,12
15137,1,1,False,1,0,12
15140,1,1,False,1,52,12
15142,1,1,False,0,-1,5
15144,1,1,False,1,105,17
15147,1,1,False,1,166,12
15151,1,1,False,3,105,12
15155,1,1,False,2,43,12
15157,1,1,False,2,43,12
15158,1,1,False,0,-1,9
15159,1,1,False,1,700,5
15162,1,1,False,0,-1,12
15168,1,1,False,0,-1,18
15169,1,1,False,1,701,20
15172,1,1,False,1,73,20
15173,1,1,False,0,-1,14
15175,1,1,False,0,-1,14
15178,1,1,False,0,-1,5
15179,1,1,False,0,-1,28
15185,1,1,False,0,-1,14
15186,1,1,False,0,-1,1
15188,1,1,False,3,237,12
15189,1,1,False,3,237,12
15192,1,1,False,0,-1,18
15193,1,1,False,0,-1,5
15197,1,1,False,2,53,14
15198,1,1,False,0,-1,14
15203,1,1,False,0,-1,24
15204,1,1,False,0,-1,18
15211,1,1,False,2,25,16
15212,1,1,False,2,25,16
15213,1,1,False,0,-1,4
15214,1,1,False,1,702,2
15216,1,1,False,1,703,5
15220,1,1,False,0,-1,12
15221,1,1,False,0,-1,9
15224,1,1,False,0,-1,20
15228,1,1,False,0,-1,2
15230,1,1,False,0,-1,9
15232,1,1,False,2,161,18
15233,1,1,False,2,161,18
15235,1,1,False,2,179,25
15238,1,1,False,0,-1,14
15247,1,1,False,1,62,18
15251,1,1,False,2,704,12
15252,1,1,False,2,704,12
15253,1,1,False,2,704,12
15260,1,1,False,1,705,10
15261,1,1,False,1,705,10
15266,1,1,False,0,-1,5
15269,1,1,False,3,166,2
15270,1,1,False,3,166,2
15274,1,1,False,1,14,4
15276,1,1,False,0,-1,20
15279,1,1,False,0,-1,12
15281,1,1,False,1,64,15
15283,1,1,False,0,-1,14
15284,1,1,False,0,-1,5
15285,1,1,False,0,-1,14
15287,1,1,False,0,-1,12
15288,1,1,False,0,-1,14
15293,1,1,False,2,179,15
15294,1,1,False,1,26,18
15300,1,1,False,0,-1,12
15301,1,1,False,1,168,20
15304,1,1,False,0,-1,9
15307,1,1,False,1,43,20
15313,1,1,False,0,-1,22
15314,1,1,False,0,-1,17
15317,1,1,False,1,706,12
15318,1,1,False,0,-1,12
15321,1,1,False,1,51,12
15322,1,1,False,1,14,9
15327,1,1,False,3,45,20
15329,1,1,False,1,707,11
15333,1,1,False,0,-1,18
15336,1,1,False,2,25,18
15341,1,1,False,2,52,12
15344,1,1,False,0,-1,22
15347,1,1,False,2,1,4
15349,1,1,False,2,1,4
15350,1,1,False,0,-1,15
15351,1,1,False,1,72,12
15353,1,1,False,1,708,17
15354,1,1,False,1,708,17
15358,1,1,False,2,43,14
15359,1,1,False,1,709,13
15360,1,1,False,1,709,13
15363,1,1,False,2,25,12
15365,1,1,False,1,48,5
15367,1,1,False,2,43,20
15369,1,1,False,0,-1,22
15370,1,1,False,1,710,18
15371,1,1,False,1,710,18
15374,1,1,False,1,711,13
15375,1,1,False,1,711,13
15376,1,1,False,0,-1,18
15377,1,1,False,0,-1,13
15378,1,1,False,2,12,5
15387,1,1,False,1,52,21
15389,1,1,False,0,-1,12
15390,1,1,False,0,-1,18
15395,1,1,False,2,712,10
15396,1,1,False,2,712,10
15397,1,1,False,2,712,10
15403,1,1,False,1,40,13
15405,1,1,False,0,-1,13
15407,1,1,False,1,713,1
15408,1,1,False,1,713,1
15412,1,1,False,2,43,9
15413,1,1,False,2,43,9
15415,1,1,False,3,12,14
15417,1,1,False,3,12,14
15419,1,1,False,0,-1,14
15420,1,1,False,0,-1,14
15423,1,1,False,1,14,14
15425,1,1,False,0,-1,12
15426,1,1,False,1,714,14
15427,1,1,False,1,714,14
15428,1,1,False,2,715,5
15429,1,1,False,2,715,5
15430,1,1,False,2,715,5
15438,1,1,False,3,51,15
15439,1,1,False,3,43,12
15442,1,1,False,3,43,12
15444,1,1,False,0,-1,20
15445,1,1,False,0,-1,12
15446,1,1,False,1,716,15
15447,1,1,False,1,716,15
15449,1,1,False,2,48,25
15450,1,1,False,2,48,25
15451,1,1,False,0,-1,18
15453,1,1,False,2,1,12
15456,1,1,False,3,48,13
15458,1,1,False,3,48,13
15460,1,1,False,2,1,11
15461,1,1,False,2,1,11
15463,1,1,False,0,-1,9
15467,1,1,False,2,70,24
15469,1,1,False,2,37,11
15470,1,1,False,2,37,11
15472,1,1,False,2,64,18
15477,1,1,False,0,-1,14
15483,1,1,False,1,25,7
15485,1,1,False,1,74,21
15488,1,1,False,2,1,13
15489,1,1,False,2,1,13
15490,1,1,False,0,-1,12
15492,1,1,False,0,-1,15
15494,1,1,False,2,1,11
15496,1,1,False,0,-1,5
15498,1,1,False,3,52,17
15500,1,1,False,3,52,17
15504,1,1,False,0,-1,23
15505,1,1,False,1,717,14
15506,1,1,False,1,717,14
15507,1,1,False,0,-1,8
15508,1,1,False,0,-1,13
15511,1,1,False,3,43,12
15513,1,1,False,3,43,12
15514,1,1,False,2,12,5
15516,1,1,False,2,12,5
15519,1,1,False,1,53,12
15522,1,1,False,2,72,16
15526,1,1,False,0,-1,18
15531,1,1,False,0,-1,6
15533,1,1,False,1,718,27
15534,1,1,False,1,718,27
15535,1,1,False,1,719,5
15536,1,1,False,1,719,5
15538,1,1,False,0,-1,7
15541,1,1,False,0,-1,5
15542,1,1,False,0,-1,18
15546,1,1,False,2,70,2
15549,1,1,False,0,-1,14
15550,1,1,False,0,-1,20
15553,1,1,False,0,-1,4
15558,1,1,False,2,51,20
15560,1,1,False,2,51,20
15562,1,1,False,2,1,2
15563,1,1,False,2,1,2
15566,1,1,False,2,62,17
15569,1,1,False,3,14,9
15570,1,1,False,3,14,9
15573,1,1,False,0,-1,14
15575,1,1,False,2,166,13
15576,1,1,False,2,166,13
15579,1,1,False,1,720,20
15580,1,1,False,1,720,20
15584,1,1,False,1,1,15
15587,1,1,False,1,1,20
15593,1,1,False,1,166,4
15595,1,1,False,2,721,9
15596,1,1,False,2,721,9
15597,1,1,False,2,721,9
15598,1,1,False,2,0,9
15599,1,1,False,2,0,9
15601,1,1,False,0,-1,27
15604,1,1,False,1,114,13
15607,1,1,False,3,14,4
15613,1,1,False,2,1,5
15615,1,1,False,2,19,9
15617,1,1,False,2,19,9
15623,1,1,False,3,179,12
15624,1,1,False,3,179,12
15630,1,1,False,1,27,12
15636,1,1,False,0,-1,4
15637,1,1,False,2,722,4
15638,1,1,False,2,722,4
15639,1,1,False,2,722,4
15640,1,1,False,0,-1,17
15641,1,1,False,3,25,9
15645,1,1,False,0,-1,15
15649,1,1,False,0,-1,18
15651,1,1,False,1,10,6
15655,1,1,False,3,43,16
15660,1,1,False,1,37,25
15663,1,1,False,1,74,15
15666,1,1,False,0,-1,9
15669,1,1,False,1,723,4
15670,1,1,False,1,723,4
15673,1,1,False,1,724,26
15674,1,1,False,1,724,26
15680,1,1,False,3,1,5
15681,1,1,False,3,1,5
15683,1,1,False,3,1,5
15685,1,1,False,0,-1,18
15686,1,1,False,3,725,18
15687,1,1,False,3,725,18
15688,1,1,False,3,725,18
15689,1,1,False,3,725,18
15690,1,1,False,3,62,10
15691,1,1,False,3,62,10
15692,1,1,False,3,62,10
15694,1,1,False,0,-1,12
15696,1,1,False,0,-1,15
15698,1,1,False,1,726,15
15704,1,1,False,1,72,12
15707,1,1,False,0,-1,18
15709,1,1,False,0,-1,9
15710,1,1,False,0,-1,20
15711,1,1,False,0,-1,24
15713,1,1,False,3,52,12
15716,1,1,False,0,-1,23
15717,1,1,False,0,-1,23
15719,1,1,False,1,727,18
15721,1,1,False,1,25,20
15724,1,1,False,1,294,9
15728,1,1,False,1,64,13
15731,1,1,False,0,-1,20
15733,1,1,False,0,-1,12
15734,1,1,False,1,728,14
15735,1,1,False,1,728,14
15737,1,1,False,2,729,22
15738,1,1,False,2,729,22
15739,1,1,False,2,729,22
15740,1,1,False,1,730,12
15741,1,1,False,1,730,12
15743,1,1,False,1,731,5
15744,1,1,False,1,731,5
15745,1,1,False,3,31,14
15746,1,1,False,3,31,14
15750,1,1,False,0,-1,8
15754,1,1,False,3,3,24
15755,1,1,False,3,3,24
15758,1,1,False,0,-1,5
15760,1,1,False,1,68,9
15763,1,1,False,1,14,26
15767,1,1,False,0,-1,19
15768,1,1,False,0,-1,12
15777,1,1,False,3,166,15
15778,1,1,False,3,166,15
15783,1,1,False,1,732,12
15784,1,1,False,1,732,12
15786,1,1,False,1,43,14
15789,1,1,False,0,-1,12
15792,1,1,False,1,25,18
15794,1,1,False,1,14,20
15795,1,1,False,2,733,27
15796,1,1,False,2,733,27
15797,1,1,False,2,733,27
15798,1,1,False,2,64,18
15802,1,1,False,3,1,12
15804,1,1,False,3,1,12
15805,1,1,False,0,-1,12
15816,1,1,False,2,7,9
15818,1,1,False,2,14,5
15821,1,1,False,0,-1,11
15823,1,1,False,3,0,4
15824,1,1,False,3,0,4
15826,1,1,False,0,-1,2
15827,1,1,False,0,-1,14
15832,1,1,False,2,52,8
15833,1,1,False,2,52,8
15835,1,1,False,1,135,26
15838,1,1,False,3,64,13
15839,1,1,False,3,64,13
15840,1,1,False,3,64,13
15843,1,1,False,3,0,9
15848,1,1,False,3,74,18
15854,1,1,False,1,105,9
15856,1,1,False,3,25,18
15858,1,1,False,3,25,18
15861,1,1,False,1,1,20
15864,1,1,False,0,-1,12
15865,1,1,False,1,1,22
15869,1,1,False,0,-1,13
15872,1,1,False,3,28,20
15873,1,1,False,3,28,20
15875,1,1,False,0,-1,22
15880,1,1,False,2,111,12
15882,1,1,False,2,6,2
15883,1,1,False,2,6,2
15886,1,1,False,1,1,12
15887,1,1,False,2,106,12
15890,1,1,False,0,-1,14
15891,1,1,False,1,30,9
15897,1,1,False,0,-1,11
15898,1,1,False,0,-1,27
15901,1,1,False,3,48,24
15903,1,1,False,0,-1,12
15904,1,1,False,1,734,12
15905,1,1,False,1,734,12
15908,1,1,False,0,-1,15
15909,1,1,False,0,-1,5
15911,1,1,False,3,52,14
15920,1,1,False,0,-1,9
15921,1,1,False,1,74,15
15928,1,1,False,0,-1,18
15929,1,1,False,1,735,2
15930,1,1,False,1,735,2
15931,1,1,False,0,-1,20
15932,1,1,False,0,-1,18
15933,1,1,False,1,1,13
15937,1,1,False,2,74,11
15941,1,1,False,0,-1,14
15946,1,1,False,3,53,14
15951,1,1,False,1,736,14
15955,1,1,False,3,14,13
15958,1,1,False,2,142,20
15961,1,1,False,0,-1,20
15964,1,1,False,2,43,14
15965,1,1,False,2,74,25
15966,1,1,False,2,74,25
15969,1,1,False,3,1,14
15971,1,1,False,3,1,14
15973,1,1,False,2,53,13
15975,1,1,False,0,-1,23
15978,1,1,False,0,-1,5
15980,1,1,False,1,166,2
15986,1,1,False,1,43,4
15990,1,1,False,3,43,18
15991,1,1,False,1,737,26
15992,1,1,False,1,737,26
15998,1,1,False,1,142,12
16000,1,1,False,2,97,12
16003,1,1,False,0,-1,27
16005,1,1,False,0,-1,27
16011,1,1,False,0,-1,18
16015,1,1,False,3,126,6
16020,1,1,False,3,1,8
16021,1,1,False,3,1,8
16024,1,1,False,1,179,18
16027,1,1,False,2,19,12
16028,1,1,False,1,70,9
16030,1,1,False,0,-1,14
16036,1,1,False,1,64,14
16038,1,1,False,0,-1,12
16039,1,1,False,1,738,8
16040,1,1,False,1,738,8
16043,1,1,False,1,739,23
16044,1,1,False,1,739,23
16047,1,1,False,1,166,5
16054,1,1,False,2,26,5
16059,1,1,False,1,740,4
16060,1,1,False,1,740,4
16061,1,1,False,0,-1,12
16062,1,1,False,0,-1,23
16066,1,1,False,0,-1,20
16068,1,1,False,0,-1,5
16070,1,1,False,1,14,19
16071,1,1,False,0,-1,20
16074,1,1,False,0,-1,20
16079,1,1,False,0,-1,27
16080,1,1,False,3,48,14
16081,1,1,False,3,48,14
16083,1,1,False,3,48,14
16085,1,1,False,3,106,15
16086,1,1,False,3,106,15
16087,1,1,False,3,106,15
16090,1,1,False,2,43,9
16092,1,1,False,0,-1,19
16093,1,1,False,2,64,8
16094,1,1,False,2,64,8
16096,1,1,False,0,-1,5
16098,1,1,False,1,64,8
16105,1,1,False,1,14,13
16108,1,1,False,2,44,24
16111,1,1,False,0,-1,12
16113,1,1,False,1,741,23
16114,1,1,False,0,-1,14
16115,1,1,False,0,-1,22
16116,1,1,False,1,742,12
16117,1,1,False,1,742,12
16118,1,1,False,1,1,14
16121,1,1,False,2,3,24
16122,1,1,False,2,3,24
16125,1,1,False,0,-1,18
16126,1,1,False,2,14,20
16127,1,1,False,2,14,20
16129,1,1,False,1,743,2
16132,1,1,False,1,744,19
16133,1,1,False,1,744,19
16135,1,1,False,0,-1,8
16136,1,1,False,3,0,23
16137,1,1,False,3,0,23
16139,1,1,False,3,0,23
16145,1,1,False,0,-1,8
16146,1,1,False,1,745,14
16147,1,1,False,1,745,14
16148,1,1,False,2,51,9
16150,1,1,False,2,51,9
16151,1,1,False,1,52,12
16153,1,1,False,0,-1,13
16154,1,1,False,0,-1,11
16158,1,1,False,1,746,8
16162,1,1,False,0,-1,12
16163,1,1,False,0,-1,27
16164,1,1,False,0,-1,22
16165,1,1,False,1,747,13
16166,1,1,False,1,747,13
16170,1,1,False,2,14,17
16172,1,1,False,2,14,17
16175,1,1,False,3,0,16
16176,1,1,False,3,0,16
16177,1,1,False,0,-1,2
16180,1,1,False,2,345,18
16181,1,1,False,2,345,18
16182,1,1,False,0,-1,12
16184,1,1,False,1,40,12
16185,1,1,False,0,-1,14
16190,1,1,False,2,1,15
16192,1,1,False,2,1,15
16194,1,1,False,2,43,12
16196,1,1,False,2,748,5
16197,1,1,False,2,748,5
16198,1,1,False,2,748,5
16200,1,1,False,3,1,9
16204,1,1,False,0,-1,13
16207,1,1,False,0,-1,13
16208,1,1,False,0,-1,14
16209,1,1,False,0,-1,12
16211,1,1,False,2,14,8
16212,1,1,False,2,14,8
16214,1,1,False,0,-1,12
16215,1,1,False,0,-1,4
16216,1,1,False,1,43,12
16219,1,1,False,2,30,11
16223,1,1,False,0,-1,12
16224,1,1,False,0,-1,23
16225,1,1,False,1,62,2
16233,1,1,False,3,166,25
16243,1,1,False,2,43,24
16244,1,1,False,2,43,24
16248,1,1,False,3,699,6
16250,1,1,False,3,699,6
16251,1,1,False,3,699,6
16256,1,1,False,2,0,11
16260,1,1,False,0,-1,9
16261,1,1,False,1,750,12
16262,1,1,False,1,750,12
16263,1,1,False,0,-1,14
16264,1,1,False,2,751,12
16266,1,1,False,2,751,12
16273,1,1,False,3,1,18
16275,1,1,False,0,-1,12
16278,1,1,False,2,126,22
16282,1,1,False,0,-1,20
16284,1,1,False,1,48,24
16288,1,1,False,2,19,5
16289,1,1,False,3,752,9
16290,1,1,False,3,752,9
16291,1,1,False,3,752,9
16292,1,1,False,3,752,9
16293,1,1,False,2,86,23
16295,1,1,False,2,86,23
16297,1,1,False,0,-1,17
16298,1,1,False,0,-1,4
16301,1,1,False,1,16,17
16305,1,1,False,3,59,13
16307,1,1,False,0,-1,20
16308,1,1,False,0,-1,14
16312,1,1,False,0,-1,5
16313,1,1,False,1,753,26
16314,1,1,False,1,753,26
16316,1,1,False,1,74,5
16321,1,1,False,3,62,24
16323,1,1,False,0,-1,17
16324,1,1,False,1,1,8
16326,1,1,False,2,14,11
16330,1,1,False,0,-1,13
16334,1,1,False,0,-1,5
16335,1,1,False,0,-1,14
16339,1,1,False,0,-1,5
16344,1,1,False,2,14,1
16345,1,1,False,2,14,1
16349,1,1,False,1,14,12
16350,1,1,False,0,-1,12
16351,1,1,False,1,62,8
16354,1,1,False,0,-1,5
16356,1,1,False,1,1,20
16357,1,1,False,0,-1,21
16359,1,1,False,1,44,5
16360,1,1,False,0,-1,4
16363,1,1,False,2,14,17
16364,1,1,False,2,14,17
16368,1,1,False,1,0,18
16371,1,1,False,2,19,20
16372,1,1,False,2,19,20
16376,1,1,False,0,-1,18
16383,1,1,False,3,14,14
16387,1,1,False,1,754,9
16388,1,1,False,1,754,9
16389,1,1,False,1,755,12
16390,1,1,False,1,755,12
16396,1,1,False,2,1,12
16397,1,1,False,1,166,13
16399,1,1,False,0,-1,12
16403,1,1,False,3,59,2
16404,1,1,False,0,-1,24
16405,1,1,False,2,64,17
16406,1,1,False,2,64,17
16409,1,1,False,1,64,18
16415,1,1,False,2,1,12
16417,1,1,False,2,1,12
16419,1,1,False,1,756,4
16420,1,1,False,1,756,4
16421,1,1,False,2,74,20
16426,1,1,False,0,-1,5
16427,1,1,False,0,-1,18
16428,1,1,False,1,64,15
16430,1,1,False,2,161,13
16431,1,1,False,2,161,13
16433,1,1,False,0,-1,24
16434,1,1,False,2,757,14
16435,1,1,False,2,757,14
16440,1,1,False,2,54,18
16441,1,1,False,0,-1,27
16444,1,1,False,2,12,8
16447,1,1,False,0,-1,15
16453,1,1,False,0,-1,14
16455,1,1,False,1,758,4
16456,1,1,False,1,758,4
16458,1,1,False,1,166,17
16459,1,1,False,0,-1,18
16460,1,1,False,0,-1,12
16461,1,1,False,0,-1,7
16466,1,1,False,3,35,9
16467,1,1,False,0,-1,10
16469,1,1,False,3,0,26
16472,1,1,False,3,0,26
16473,1,1,False,0,-1,12
16476,1,1,False,3,23,14
16477,1,1,False,3,23,14
16478,1,1,False,3,23,14
16479,1,1,False,2,40,18
16483,1,1,False,1,20,4
16485,1,1,False,2,26,20
16486,1,1,False,2,26,20
16489,1,1,False,1,759,20
16490,1,1,False,1,759,20
16491,1,1,False,1,294,12
16494,1,1,False,2,166,11
16495,1,1,False,2,166,11
16498,1,1,False,1,10,26
16501,1,1,False,1,760,6
16502,1,1,False,1,760,6
16505,1,1,False,1,166,13
16506,1,1,False,0,-1,5
16508,1,1,False,1,761,27
16509,1,1,False,1,761,27
16510,1,1,False,0,-1,18
16511,1,1,False,0,-1,9
16512,1,1,False,1,762,12
16513,1,1,False,1,762,12
16514,1,1,False,0,-1,18
16515,1,1,False,0,-1,18
16516,1,1,False,0,-1,12
16519,1,1,False,0,-1,20
16520,1,1,False,0,-1,20
16523,1,1,False,2,485,5
16524,1,1,False,2,485,5
16526,1,1,False,0,-1,13
16534,1,1,False,2,73,12
16535,1,1,False,2,43,13
16541,1,1,False,1,25,12
16543,1,1,False,0,-1,15
16544,1,1,False,0,-1,5
16545,1,1,False,2,763,12
16546,1,1,False,2,763,12
16547,1,1,False,2,763,12
16548,1,1,False,0,-1,14
16549,1,1,False,3,22,5
16552,1,1,False,3,22,5
16553,1,1,False,1,764,17
16554,1,1,False,1,764,17
16558,1,1,False,3,62,8
16559,1,1,False,0,-1,14
16560,1,1,False,0,-1,15
16562,1,1,False,1,70,7
16563,1,1,False,0,-1,8
16565,1,1,False,1,765,22
16566,1,1,False,1,765,22
16568,1,1,False,0,-1,20
16569,1,1,False,2,62,15
16574,1,1,False,0,-1,27
16577,1,1,False,3,0,5
16579,1,1,False,3,0,5
16581,1,1,False,0,-1,12
16583,1,1,False,0,-1,17
16588,1,1,False,0,-1,2
16589,1,1,False,1,766,1
16590,1,1,False,1,766,1
16592,1,1,False,1,0,12
16598,1,1,False,2,43,13
16599,1,1,False,0,-1,24
16600,1,1,False,3,14,15
16602,1,1,False,3,14,15
16604,1,1,False,2,105,3
16607,1,1,False,0,-1,17
16609,1,1,False,1,52,12
16611,1,1,False,1,767,23
16612,1,1,False,0,-1,5
16615,1,1,False,0,-1,20
16618,1,1,False,2,80,7
16623,1,1,False,1,86,21
16625,1,1,False,2,3,6
16626,1,1,False,2,3,6
16629,1,1,False,3,1,5
16634,1,1,False,2,64,11
16635,1,1,False,2,64,11
16636,1,1,False,0,-1,14
16641,1,1,False,1,0,4
16646,1,1,False,3,1,5
16647,1,1,False,3,1,5
16652,1,1,False,2,64,15
16655,1,1,False,2,44,12
16657,1,1,False,0,-1,4
16659,1,1,False,3,1,4
16660,1,1,False,3,1,4
16661,1,1,False,3,1,4
16665,1,1,False,1,114,21
16666,1,1,False,0,-1,12
16668,1,1,False,2,1,11
16670,1,1,False,2,768,12
16671,1,1,False,2,768,12
16672,1,1,False,2,768,12
16676,1,1,False,3,166,27
16677,1,1,False,1,769,13
16678,1,1,False,1,769,13
16679,1,1,False,0,-1,24
16680,1,1,False,1,770,1
16681,1,1,False,1,770,1
16686,1,1,False,2,10,26
16687,1,1,False,2,10,26
16689,1,1,False,3,74,27
16691,1,1,False,3,74,27
16695,1,1,False,0,-1,15
16701,1,1,False,0,-1,25
16706,1,1,False,0,-1,11
16708,1,1,False,1,58,13
16709,1,1,False,2,771,5
16710,1,1,False,2,771,5
16711,1,1,False,2,771,5
16712,1,1,False,0,-1,2
16716,1,1,False,2,166,12
16719,1,1,False,2,40,13
16723,1,1,False,0,-1,22
16725,1,1,False,1,772,12
16727,1,1,False,2,1,5
16731,1,1,False,3,62,8
16734,1,1,False,3,52,22
16736,1,1,False,3,52,22
16741,1,1,False,0,-1,20
16742,1,1,False,1,773,11
16743,1,1,False,1,773,11
16744,1,1,False,0,-1,5
16745,1,1,False,0,-1,2
16749,1,1,False,1,294,18
16754,1,1,False,3,70,4
16756,1,1,False,1,774,12
16757,1,1,False,1,774,12
16758,1,1,False,0,-1,18
16766,1,1,False,2,14,12
16767,1,1,False,0,-1,12
16768,1,1,False,1,74,4
16771,1,1,False,1,1,5
16772,1,1,False,2,70,23
16773,1,1,False,2,70,23
16780,1,1,False,0,-1,18
16782,1,1,False,2,53,8
16783,1,1,False,2,53,8
16785,1,1,False,1,1,9
16789,1,1,False,0,-1,13
16792,1,1,False,1,775,12
16793,1,1,False,1,775,12
16794,1,1,False,0,-1,20
16795,1,1,False,0,-1,3
16796,1,1,False,1,97,12
16802,1,1,False,1,776,18
16803,1,1,False,1,776,18
16805,1,1,False,0,-1,14
16808,1,1,False,2,777,12
16809,1,1,False,2,777,12
16810,1,1,False,2,777,12
16811,1,1,False,1,778,10
16812,1,1,False,1,778,10
16813,1,1,False,2,43,12
16818,1,1,False,0,-1,14
16820,1,1,False,2,70,12
16821,1,1,False,2,70,12
16824,1,1,False,0,-1,28
16825,1,1,False,1,166,23
16830,1,1,False,2,26,6
16831,1,1,False,0,-1,2
16832,1,1,False,0,-1,13
16833,1,1,False,3,3,21
16835,1,1,False,3,3,21
16836,1,1,False,3,3,21
16838,1,1,False,1,779,13
16839,1,1,False,1,779,13
16847,1,1,False,1,10,14
16859,1,1,False,2,781,14
16860,1,1,False,2,781,14
16861,1,1,False,2,781,14
16863,1,1,False,1,16,17
16865,1,1,False,2,97,20
16868,1,1,False,1,0,13
16869,1,1,False,0,-1,12
16872,1,1,False,2,782,18
16873,1,1,False,2,782,18
16874,1,1,False,2,782,18
16876,1,1,False,1,294,7
16879,1,1,False,2,43,18
16890,1,1,False,2,22,14
16893,1,1,False,0,-1,17
16898,1,1,False,3,166,16
16899,1,1,False,3,166,16
16900,1,1,False,0,-1,5
16902,1,1,False,1,783,27
16907,1,1,False,1,59,14
16909,1,1,False,0,-1,14
16911,1,1,False,3,52,23
16913,1,1,False,3,52,23
16914,1,1,False,1,784,26
16915,1,1,False,1,784,26
16916,1,1,False,0,-1,24
16917,1,1,False,2,25,8
16919,1,1,False,2,25,8
16921,1,1,False,1,64,18
16922,1,1,False,1,785,17
16923,1,1,False,1,785,17
16924,1,1,False,1,786,18
16925,1,1,False,1,786,18
16927,1,1,False,0,-1,24
16929,1,1,False,2,43,22
16932,1,1,False,0,-1,20
16937,1,1,False,0,-1,9
16939,1,1,False,1,64,25
16941,1,1,False,0,-1,12
16945,1,1,False,1,787,20
16946,1,1,False,1,787,20
16947,1,1,False,0,-1,26
16948,1,1,False,0,-1,5
16953,1,1,False,1,1,14
16954,1,1,False,3,63,15
16959,1,1,False,0,-1,13
16960,1,1,False,1,788,12
16964,1,1,False,2,43,8
16966,1,1,False,2,43,8
16968,1,1,False,3,0,20
16970,1,1,False,3,0,20
16973,1,1,False,3,51,9
16974,1,1,False,3,51,9
16978,1,1,False,2,0,12
16979,1,1,False,2,0,12
16980,1,1,False,2,25,14
16981,1,1,False,2,25,14
16983,1,1,False,0,-1,12
16985,1,1,False,0,-1,15
16988,1,1,False,1,789,5
16989,1,1,False,1,789,5
16992,1,1,False,0,-1,20
16993,1,1,False,3,74,5
16994,1,1,False,3,74,5
16998,1,1,False,2,56,18
17000,1,1,False,0,-1,20
17001,1,1,False,0,-1,18
17002,1,1,False,2,166,14
17005,1,1,False,0,-1,19
17006,1,1,False,1,790,12
17007,1,1,False,1,790,12
17010,1,1,False,2,59,26
17013,1,1,False,3,43,23
17014,1,1,False,3,43,23
17017,1,1,False,1,25,18
17021,1,1,False,2,1,13
17022,1,1,False,2,1,13
17025,1,1,False,0,-1,23
17026,1,1,False,0,-1,6
17032,1,1,False,0,-1,8
17040,1,1,False,3,1,12
17041,1,1,False,3,1,12
17044,1,1,False,2,25,20
17054,1,1,False,1,14,13
17055,1,1,False,2,7,5
17057,1,1,False,2,7,5
17059,1,1,False,0,-1,9
17061,1,1,False,0,-1,8
17065,1,1,False,1,74,21
17070,1,1,False,0,-1,14
17071,1,1,False,0,-1,8
17072,1,1,False,1,31,16
17075,1,1,False,0,-1,9
17077,1,1,False,1,161,24
17079,1,1,False,2,86,22
17080,1,1,False,2,86,22
17081,1,1,False,0,-1,18
17082,1,1,False,0,-1,1
17085,1,1,False,0,-1,2
17088,1,1,False,0,-1,14
17091,1,1,False,0,-1,5
17096,1,1,False,0,-1,20
17097,1,1,False,1,161,14
17099,1,1,False,2,1,18
17103,1,1,False,0,-1,13
17104,1,1,False,1,43,5
17107,1,1,False,2,791,5
17108,1,1,False,2,791,5
17109,1,1,False,2,791,5
17110,1,1,False,0,-1,14
17111,1,1,False,0,-1,10
17112,1,1,False,0,-1,6
17115,1,1,False,2,0,20
17116,1,1,False,0,-1,12
17119,1,1,False,3,52,2
17120,1,1,False,3,52,2
17121,1,1,False,0,-1,11
17122,1,1,False,0,-1,20
17124,1,1,False,1,792,10
17125,1,1,False,1,792,10
17130,1,1,False,3,64,18
17132,1,1,False,1,93,11
17134,1,1,False,0,-1,12
17136,1,1,False,0,-1,25
17137,1,1,False,0,-1,8
17138,1,1,False,2,43,12
17140,1,1,False,2,43,12
17141,1,1,False,0,-1,26
17142,1,1,False,0,-1,12
17145,1,1,False,2,1,27
17147,1,1,False,2,1,27
17148,1,1,False,0,-1,9
17149,1,1,False,1,1,20
17157,1,1,False,0,-1,22
17158,1,1,False,2,23,17
17167,1,1,False,2,2,4
17168,1,1,False,2,2,4
17177,1,1,False,3,26,11
17179,1,1,False,3,26,11
17180,1,1,False,3,26,11
17181,1,1,False,2,62,18
17190,1,1,False,1,749,17
17193,1,1,False,0,-1,14
17195,1,1,False,1,40,20
17197,1,1,False,1,22,13
17201,1,1,False,3,31,18
17202,1,1,False,3,31,18
17205,1,1,False,0,-1,20
17209,1,1,False,3,64,17
17210,1,1,False,3,64,17
17215,1,1,False,3,86,20
17217,1,1,False,0,-1,24
17225,1,1,False,1,793,22
17226,1,1,False,1,793,22
17227,1,1,False,0,-1,11
17229,1,1,False,1,105,11
17230,1,1,False,2,10,2
17235,1,1,False,2,51,12
17237,1,1,False,0,-1,20
17238,1,1,False,0,-1,16
17239,1,1,False,0,-1,17
17241,1,1,False,2,14,5
17249,1,1,False,0,-1,12
17250,1,1,False,1,40,11
17253,1,1,False,1,1,2
17255,1,1,False,2,63,11
17260,1,1,False,2,794,13
17261,1,1,False,2,794,13
17262,1,1,False,2,794,13
17263,1,1,False,2,14,12
17267,1,1,False,1,0,21
17268,1,1,False,0,-1,17
17277,1,1,False,3,25,12
17278,1,1,False,2,388,14
17279,1,1,False,2,388,14
17289,1,1,False,2,64,13
17292,1,1,False,0,-1,25
17293,1,1,False,1,68,5
17296,1,1,False,0,-1,26
17297,1,1,False,1,20,13
17301,1,1,False,3,43,14
17303,1,1,False,3,43,14
17304,1,1,False,3,43,14
17305,1,1,False,0,-1,20
17307,1,1,False,2,86,17
17308,1,1,False,2,86,17
17312,1,1,False,2,706,5
17313,1,1,False,2,706,5
17314,1,1,False,0,-1,28
17317,1,1,False,0,-1,5
17319,1,1,False,0,-1,14
17320,1,1,False,0,-1,14
17321,1,1,False,0,-1,6
17323,1,1,False,1,237,5
17325,1,1,False,2,1,16
17326,1,1,False,2,1,16
17327,1,1,False,1,3,20
17329,1,1,False,0,-1,17
17330,1,1,False,2,1,13
17333,1,1,False,1,64,17
17335,1,1,False,1,126,22
17337,1,1,False,1,795,22
17338,1,1,False,1,795,22
17341,1,1,False,2,74,24
17346,1,1,False,2,14,25
17348,1,1,False,0,-1,15
17349,1,1,False,2,796,18
17350,1,1,False,2,796,18
17351,1,1,False,2,796,18
17353,1,1,False,1,19,20
17354,1,1,False,0,-1,19
17357,1,1,False,2,63,20
17365,1,1,False,2,797,15
17366,1,1,False,2,797,15
17367,1,1,False,2,797,15
17368,1,1,False,0,-1,16
17370,1,1,False,0,-1,23
17372,1,1,False,2,30,14
17374,1,1,False,0,-1,24
17382,1,1,False,1,798,18
17383,1,1,False,0,-1,13
17384,1,1,False,1,114,20
17388,1,1,False,2,19,22
17389,1,1,False,2,19,22
17395,1,1,False,3,31,4
17396,1,1,False,3,31,4
17397,1,1,False,3,31,4
17400,1,1,False,0,-1,26
17403,1,1,False,0,-1,13
17404,1,1,False,0,-1,15
17405,1,1,False,1,799,4
17406,1,1,False,1,799,4
17407,1,1,False,0,-1,13
17408,1,1,False,0,-1,9
17410,1,1,False,3,1,4
17411,1,1,False,3,1,4
17413,1,1,False,0,-1,12
17414,1,1,False,1,800,9
17415,1,1,False,1,800,9
17416,1,1,False,1,801,18
17417,1,1,False,1,801,18
17418,1,1,False,2,53,14
17428,1,1,False,0,-1,12
17429,1,1,False,1,802,8
17430,1,1,False,1,802,8
17431,1,1,False,2,74,18
17433,1,1,False,2,74,18
17436,1,1,False,3,70,20
17437,1,1,False,3,70,20
17438,1,1,False,0,-1,5
17441,1,1,False,0,-1,18
17446,1,1,False,1,52,25
17447,1,1,False,0,-1,17
17450,1,1,False,1,1,12
17452,1,1,False,0,-1,2
17453,1,1,False,0,-1,12
17454,1,1,False,1,58,17
17457,1,1,False,1,803,6
17458,1,1,False,1,803,6
17462,1,1,False,2,1,7
17471,1,1,False,0,-1,13
17474,1,1,False,0,-1,28
17475,1,1,False,0,-1,5
17476,1,1,False,0,-1,5
17479,1,1,False,2,804,11
17480,1,1,False,0,-1,7
17481,1,1,False,2,805,12
17483,1,1,False,2,805,12
17490,1,1,False,2,166,5
17491,1,1,False,2,806,12
17492,1,1,False,2,806,12
17493,1,1,False,2,806,12
17494,1,1,False,0,-1,14
17495,1,1,False,0,-1,9
17496,1,1,False,1,807,12
17497,1,1,False,1,807,12
17501,1,1,False,3,51,11
17507,1,1,False,0,-1,27
17512,1,1,False,0,-1,4
17513,1,1,False,0,-1,5
17515,1,1,False,1,166,21
17516,1,1,False,2,808,4
17517,1,1,False,2,808,4
17518,1,1,False,2,808,4
17520,1,1,False,1,19,20
17521,1,1,False,0,-1,4
17522,1,1,False,0,-1,9
17524,1,1,False,0,-1,27
17525,1,1,False,0,-1,9
17526,1,1,False,2,95,18
17528,1,1,False,2,95,18
17531,1,1,False,1,809,20
17532,1,1,False,1,809,20
17533,1,1,False,0,-1,17
17534,1,1,False,0,-1,13
17537,1,1,False,2,14,12
17538,1,1,False,2,14,12
17539,1,1,False,3,126,12
17545,1,1,False,0,-1,13
17552,1,1,False,2,14,22
17556,1,1,False,2,43,14
17557,1,1,False,2,43,14
17560,1,1,False,3,1,14
17563,1,1,False,2,166,9
17566,1,1,False,1,93,18
17568,1,1,False,0,-1,6
17569,1,1,False,0,-1,17
17571,1,1,False,1,810,12
17575,1,1,False,1,27,25
17577,1,1,False,1,811,12
17578,1,1,False,1,811,12
17580,1,1,False,0,-1,10
17585,1,1,False,2,51,14
17590,1,1,False,0,-1,16
17591,1,1,False,1,812,18
17592,1,1,False,1,812,18
17593,1,1,False,0,-1,14
17597,1,1,False,2,237,20
17598,1,1,False,1,813,14
17599,1,1,False,1,813,14
17601,1,1,False,1,14,13
17604,1,1,False,1,48,12
17606,1,1,False,1,25,13
17609,1,1,False,0,-1,4
17611,1,1,False,2,27,12
17617,1,1,False,3,43,17
17619,1,1,False,3,43,17
17621,1,1,False,0,-1,6
17623,1,1,False,1,0,18
17624,1,1,False,0,-1,9
17625,1,1,False,1,3,12
17631,1,1,False,0,-1,23
17635,1,1,False,0,-1,14
17637,1,1,False,1,64,13
17638,1,1,False,1,814,12
17639,1,1,False,1,814,12
17642,1,1,False,1,105,20
17643,1,1,False,2,14,27
17645,1,1,False,2,14,27
17646,1,1,False,0,-1,18
17651,1,1,False,0,-1,9
17655,1,1,False,0,-1,20
17656,1,1,False,0,-1,12
17658,1,1,False,2,166,8
17670,1,1,False,2,63,4
17671,1,1,False,0,-1,14
17675,1,1,False,0,-1,4
17678,1,1,False,0,-1,21
17679,1,1,False,1,7,4
17683,1,1,False,1,3,14
17685,1,1,False,0,-1,9
17686,1,1,False,0,-1,27
17688,1,1,False,1,70,7
17694,1,1,False,0,-1,18
17695,1,1,False,1,64,17
17699,1,1,False,1,27,28
17700,1,1,False,3,28,18
17702,1,1,False,3,28,18
17703,1,1,False,3,28,18
17706,1,1,False,1,815,15
17707,1,1,False,0,-1,18
17714,1,1,False,0,-1,13
17715,1,1,False,0,-1,28
17716,1,1,False,2,1,21
17718,1,1,False,2,1,21
17719,1,1,False,2,26,15
17720,1,1,False,2,26,15
17723,1,1,False,1,80,24
17726,1,1,False,0,-1,12
17728,1,1,False,2,43,15
17732,1,1,False,0,-1,18
17734,1,1,False,0,-1,4
17735,1,1,False,0,-1,12
17737,1,1,False,0,-1,18
17738,1,1,False,2,19,5
17739,1,1,False,2,19,5
17741,1,1,False,0,-1,18
17748,1,1,False,2,12,18
17749,1,1,False,2,12,18
17752,1,1,False,1,31,26
17753,1,1,False,0,-1,6
17758,1,1,False,2,294,8
17760,1,1,False,3,43,11
17762,1,1,False,3,43,11
17764,1,1,False,0,-1,20
17765,1,1,False,1,1,15
17768,1,1,False,1,0,20
17769,1,1,False,3,166,11
17770,1,1,False,3,166,11
17773,1,1,False,1,816,22
17774,1,1,False,1,816,22
17776,1,1,False,1,14,23
17780,1,1,False,0,-1,14
17785,1,1,False,3,1,4
17786,1,1,False,2,10,1
17788,1,1,False,2,10,1
17789,1,1,False,0,-1,5
17791,1,1,False,1,166,14
17793,1,1,False,0,-1,12
17796,1,1,False,2,1,23
17801,1,1,False,0,-1,5
17803,1,1,False,1,37,13
17805,1,1,False,3,1,20
17809,1,1,False,1,45,21
17814,1,1,False,2,817,12
17815,1,1,False,2,817,12
17818,1,1,False,2,97,17
17822,1,1,False,3,1,18
17824,1,1,False,3,1,18
17827,1,1,False,1,1,11
17829,1,1,False,1,3,5
17831,1,1,False,1,64,8
17839,1,1,False,0,-1,12
17840,1,1,False,0,-1,12
17842,1,1,False,1,818,22
17843,1,1,False,1,818,22
17846,1,1,False,1,819,5
17847,1,1,False,1,819,5
17852,1,1,False,2,19,11
17853,1,1,False,2,19,11
17856,1,1,False,2,1,19
17857,1,1,False,2,1,19
17858,1,1,False,0,-1,13
17860,1,1,False,1,64,5
17862,1,1,False,0,-1,27
17864,1,1,False,1,43,8
17866,1,1,False,1,820,23
17867,1,1,False,1,820,23
17868,1,1,False,0,-1,17
17870,1,1,False,0,-1,5
17875,1,1,False,0,-1,14
17878,1,1,False,2,0,12
17881,1,1,False,1,821,4
17882,1,1,False,1,821,4
17884,1,1,False,2,14,13
17886,1,1,False,2,14,13
17892,1,1,False,0,-1,13
17895,1,1,False,3,1,14
17904,1,1,False,1,822,5
17905,1,1,False,1,822,5
17907,1,1,False,1,114,15
17909,1,1,False,0,-1,6
17911,1,1,False,2,59,11
17916,1,1,False,1,823,8
17918,1,1,False,0,-1,26
17923,1,1,False,2,114,12
17926,1,1,False,0,-1,12
17928,1,1,False,3,1,12
17929,1,1,False,3,1,12
17930,1,1,False,3,1,12
17934,1,1,False,1,22,14
17935,1,1,False,0,-1,12
17936,1,1,False,0,-1,18
17937,1,1,False,0,-1,20
17938,1,1,False,0,-1,26
17939,1,1,False,0,-1,18
17943,1,1,False,2,64,9
17946,1,1,False,0,-1,14
17947,1,1,False,0,-1,4
17952,1,1,False,2,48,18
17955,1,1,False,1,106,6
17958,1,1,False,1,14,15
17960,1,1,False,2,14,12
17962,1,1,False,2,14,12
17963,1,1,False,1,824,18
17964,1,1,False,1,824,18
17965,1,1,False,0,-1,27
17966,1,1,False,0,-1,19
17967,1,1,False,1,43,14
17969,1,1,False,1,825,12
17970,1,1,False,1,825,12
17972,1,1,False,0,-1,28
17973,1,1,False,0,-1,13
17977,1,1,False,2,26,22
17978,1,1,False,0,-1,12
17983,1,1,False,1,25,14
17985,1,1,False,0,-1,12
17986,1,1,False,1,826,18
17987,1,1,False,1,826,18
17990,1,1,False,0,-1,14
17991,1,1,False,1,827,14
17993,1,1,False,3,1,12
17995,1,1,False,3,1,12
18002,1,1,False,3,43,9
18005,1,1,False,0,-1,14
18007,1,1,False,1,1,8
18009,1,1,False,2,30,25
18010,1,1,False,2,30,25
18011,1,1,False,1,14,8
18013,1,1,False,0,-1,11
18014,1,1,False,0,-1,8
18018,1,1,False,2,52,25
18019,1,1,False,0,-1,5
18020,1,1,False,2,114,12
18022,1,1,False,2,114,12
18024,1,1,False,1,43,19
18025,1,1,False,2,1,5
18030,1,1,False,1,828,8
18031,1,1,False,1,828,8
18032,1,1,False,0,-1,9
18034,1,1,False,1,1,20
18035,1,1,False,0,-1,9
18040,1,1,False,1,829,21
18041,1,1,False,1,829,21
18043,1,1,False,1,830,20
18044,1,1,False,1,830,20
18047,1,1,False,2,1,8
18049,1,1,False,2,1,8
18055,1,1,False,0,-1,14
18059,1,1,False,0,-1,25
18060,1,1,False,0,-1,15
18061,1,1,False,2,14,18
18063,1,1,False,2,14,18
18066,1,1,False,2,64,12
18076,1,1,False,1,1,5
18079,1,1,False,2,52,12
18081,1,1,False,1,56,12
18082,1,1,False,1,70,13
18084,1,1,False,2,70,20
18086,1,1,False,2,70,20
18091,1,1,False,0,-1,13
18095,1,1,False,0,-1,5
18098,1,1,False,0,-1,5
18100,1,1,False,2,10,21
18101,1,1,False,2,10,21
18103,1,1,False,1,221,12
18106,1,1,False,0,-1,27
18109,1,1,False,2,74,5
18113,1,1,False,3,14,20
18115,1,1,False,1,59,4
18117,1,1,False,0,-1,14
18118,1,1,False,0,-1,21
18119,1,1,False,0,-1,18
18120,1,1,False,0,-1,22
18122,1,1,False,2,27,20
18126,1,1,False,1,62,12
18129,1,1,False,3,26,6
18130,1,1,False,3,26,6
18134,1,1,False,3,14,12
18135,1,1,False,3,14,12
18136,1,1,False,3,6,11
18138,1,1,False,3,6,11
18140,1,1,False,0,-1,17
18142,1,1,False,0,-1,23
18145,1,1,False,0,-1,12
18149,1,1,False,3,53,4
18151,1,1,False,3,53,4
18152,1,1,False,0,-1,15
18153,1,1,False,1,2,13
18155,1,1,False,1,831,20
18156,1,1,False,1,831,20
18160,1,1,False,1,19,5
18162,1,1,False,1,2,1
18180,1,1,False,3,72,18
18181,1,1,False,3,72,18
18183,1,1,False,3,72,18
18187,1,1,False,1,19,5
18188,1,1,False,2,62,9
18190,1,1,False,2,62,9
18192,1,1,False,1,0,8
18193,1,1,False,2,832,1
18194,1,1,False,2,832,1
18195,1,1,False,2,832,1
18196,1,1,False,1,135,23
18198,1,1,False,0,-1,11
18199,1,1,False,0,-1,17
18202,1,1,False,2,68,9
18203,1,1,False,0,-1,25
18204,1,1,False,0,-1,16
18205,1,1,False,0,-1,8
18212,1,1,False,2,74,8
18213,1,1,False,1,43,4
18215,1,1,False,1,833,12
18216,1,1,False,1,833,12
18218,1,1,False,1,31,12
18221,1,1,False,2,19,18
18224,1,1,False,1,43,14
18226,1,1,False,3,12,4
18229,1,1,False,3,12,4
18230,1,1,False,0,-1,12
18231,1,1,False,0,-1,15
18233,1,1,False,0,-1,8
18235,1,1,False,1,7,5
18238,1,1,False,0,-1,6
18240,1,1,False,1,834,7
18241,1,1,False,1,834,7
18245,1,1,False,0,-1,22
18246,1,1,False,1,835,20
18247,1,1,False,1,835,20
18248,1,1,False,0,-1,18
18249,1,1,False,1,836,5
18250,1,1,False,1,836,5
18251,1,1,False,0,-1,22
18252,1,1,False,0,-1,12
18253,1,1,False,1,12,12
18258,1,1,False,2,64,4
18260,1,1,False,0,-1,5
18262,1,1,False,0,-1,18
18263,1,1,False,2,79,13
18265,1,1,False,2,79,13
18270,1,1,False,1,45,14
18272,1,1,False,0,-1,20
18275,1,1,False,0,-1,4
18276,1,1,False,0,-1,22
18278,1,1,False,1,837,8
18279,1,1,False,1,837,8
18280,1,1,False,2,19,4
18282,1,1,False,2,19,4
18286,1,1,False,3,166,12
18289,1,1,False,1,838,5
18290,1,1,False,1,838,5
18297,1,1,False,0,-1,4
18302,1,1,False,2,74,14
18303,1,1,False,0,-1,13
18306,1,1,False,3,68,6
18309,1,1,False,3,68,6
18310,1,1,False,0,-1,2
18311,1,1,False,0,-1,28
18312,1,1,False,0,-1,5
18319,1,1,False,3,43,12
18320,1,1,False,3,43,12
18325,1,1,False,1,37,12
18328,1,1,False,0,-1,23
18329,1,1,False,0,-1,13
18331,1,1,False,0,-1,12
18332,1,1,False,1,839,13
18333,1,1,False,1,839,13
18341,1,1,False,1,43,3
18342,1,1,False,0,-1,9
18347,1,1,False,1,51,14
18351,1,1,False,2,166,11
18353,1,1,False,0,-1,14
18355,1,1,False,0,-1,12
18359,1,1,False,1,840,6
18360,1,1,False,1,840,6
18362,1,1,False,0,-1,15
18367,1,1,False,1,43,13
18373,1,1,False,3,0,14
18374,1,1,False,3,0,14
18375,1,1,False,0,-1,12
18376,1,1,False,1,1,11
18382,1,1,False,0,-1,22
18383,1,1,False,0,-1,28
18387,1,1,False,0,-1,12
18388,1,1,False,0,-1,15
18389,1,1,False,0,-1,8
18390,1,1,False,2,43,13
18393,1,1,False,0,-1,17
18394,1,1,False,1,105,4
18396,1,1,False,0,-1,2
18399,1,1,False,2,59,6
18400,1,1,False,3,14,17
18402,1,1,False,3,14,17
18403,1,1,False,3,14,17
18404,1,1,False,0,-1,20
18405,1,1,False,1,841,22
18406,1,1,False,1,841,22
18408,1,1,False,3,19,20
18411,1,1,False,1,842,8
18412,1,1,False,1,842,8
18414,1,1,False,2,70,14
18415,1,1,False,2,70,14
18416,1,1,False,2,72,24
18419,1,1,False,0,-1,18
18420,1,1,False,0,-1,18
18423,1,1,False,1,14,7
18425,1,1,False,0,-1,13
18427,1,1,False,1,843,12
18429,1,1,False,3,1,20
18433,1,1,False,1,844,9
18434,1,1,False,1,844,9
18438,1,1,False,0,-1,18
18439,1,1,False,3,25,5
18441,1,1,False,3,25,5
18444,1,1,False,2,31,14
18452,1,1,False,0,-1,20
18453,1,1,False,0,-1,12
18454,1,1,False,1,845,4
18455,1,1,False,1,845,4
18460,1,1,False,1,166,8
18461,1,1,False,0,-1,8
18463,1,1,False,1,3,5
18465,1,1,False,0,-1,12
18468,1,1,False,1,111,7
18471,1,1,False,1,80,14
18473,1,1,False,2,19,12
18474,1,1,False,2,19,12
18482,1,1,False,0,-1,20
18485,1,1,False,1,64,14
18487,1,1,False,1,62,12
18489,1,1,False,1,1,18
18491,1,1,False,1,1,14
18492,1,1,False,1,846,11
18493,1,1,False,1,846,11
18496,1,1,False,2,0,22
18502,1,1,False,1,847,25
18503,1,1,False,1,847,25
18504,1,1,False,1,74,18
18509,1,1,False,0,-1,16
18510,1,1,False,0,-1,21
18511,1,1,False,0,-1,14
18512,1,1,False,0,-1,12
18514,1,1,False,2,161,11
18515,1,1,False,2,161,11
18518,1,1,False,1,126,12
18521,1,1,False,1,848,21
18522,1,1,False,1,848,21
18529,1,1,False,0,-1,17
18530,1,1,False,1,849,20
18531,1,1,False,1,849,20
18533,1,1,False,1,850,18
18534,1,1,False,1,850,18
18535,1,1,False,1,95,25
18540,1,1,False,2,114,8
18543,1,1,False,2,1,12
18552,1,1,False,2,851,18
18553,1,1,False,2,851,18
18554,1,1,False,2,851,18
18556,1,1,False,0,-1,13
18560,1,1,False,1,72,18
18561,1,1,False,0,-1,25
18562,1,1,False,0,-1,18
18567,1,1,False,3,56,9
18574,1,1,False,0,-1,12
18576,1,1,False,1,126,14
18583,1,1,False,3,166,12
18585,1,1,False,0,-1,20
18586,1,1,False,0,-1,23
18588,1,1,False,0,-1,6
18589,1,1,False,1,114,18
18593,1,1,False,2,12,4
18597,1,1,False,1,852,27
18598,1,1,False,1,852,27
18601,1,1,False,0,-1,12
18602,1,1,False,0,-1,20
18604,1,1,False,0,-1,12
18609,1,1,False,0,-1,6
18613,1,1,False,1,161,5
18619,1,1,False,3,51,14
18620,1,1,False,1,853,24
18624,1,1,False,0,-1,26
18626,1,1,False,1,166,11
18631,1,1,False,0,-1,4
18632,1,1,False,0,-1,8
18636,1,1,False,2,135,5
18637,1,1,False,0,-1,26
18638,1,1,False,1,854,12
18639,1,1,False,1,854,12
18641,1,1,False,1,179,24
18643,1,1,False,3,161,18
18644,1,1,False,3,161,18
18645,1,1,False,3,161,18
18648,1,1,False,0,-1,20
18649,1,1,False,0,-1,25
18652,1,1,False,3,26,13
18654,1,1,False,0,-1,5
18656,1,1,False,3,14,11
18657,1,1,False,3,14,11
18662,1,1,False,0,-1,21
18665,1,1,False,0,-1,20
18667,1,1,False,1,14,25
18669,1,1,False,2,64,20
18670,1,1,False,2,64,20
18674,1,1,False,0,-1,12
18679,1,1,False,1,855,17
18680,1,1,False,1,855,17
18681,1,1,False,0,-1,15
18685,1,1,False,0,-1,5
18687,1,1,False,0,-1,4
18694,1,1,False,1,54,8
18696,1,1,False,1,856,12
18697,1,1,False,1,856,12
18698,1,1,False,0,-1,5
18699,1,1,False,1,857,5
18700,1,1,False,1,857,5
18701,1,1,False,1,858,14
18702,1,1,False,1,858,14
18703,1,1,False,1,859,12
18704,1,1,False,1,859,12
18707,1,1,False,1,106,17
18709,1,1,False,1,860,22
18710,1,1,False,1,860,22
18715,1,1,False,1,861,12
18716,1,1,False,1,861,12
18717,1,1,False,3,70,2
18718,1,1,False,3,70,2
18719,1,1,False,3,70,2
18721,1,1,False,1,862,14
18722,1,1,False,1,862,14
18723,1,1,False,0,-1,9
18724,1,1,False,1,863,12
18726,1,1,False,0,-1,12
18729,1,1,False,2,52,4
18730,1,1,False,1,864,12
18731,1,1,False,1,864,12
18733,1,1,False,1,14,5
18737,1,1,False,0,-1,18
18739,1,1,False,1,62,14
18741,1,1,False,0,-1,24
18752,1,1,False,2,106,6
18753,1,1,False,1,865,14
18754,1,1,False,1,865,14
18756,1,1,False,3,74,8
18757,1,1,False,3,74,8
18758,1,1,False,3,74,8
18759,1,1,False,0,-1,4
18760,1,1,False,0,-1,4
18766,1,1,False,2,166,5
18767,1,1,False,2,166,5
18769,1,1,False,0,-1,18
18770,1,1,False,0,-1,12
18771,1,1,False,0,-1,14
18773,1,1,False,0,-1,12
18778,1,1,False,0,-1,15
18779,1,1,False,0,-1,23
18782,1,1,False,1,866,12
18783,1,1,False,1,866,12
18785,1,1,False,3,1,12
18787,1,1,False,3,1,12
18789,1,1,False,1,139,18
18791,1,1,False,0,-1,18
18792,1,1,False,0,-1,12
18795,1,1,False,0,-1,20
18799,1,1,False,0,-1,14
18800,1,1,False,0,-1,5
18802,1,1,False,1,86,12
18804,1,1,False,0,-1,12
18805,1,1,False,0,-1,14
18807,1,1,False,0,-1,14
18808,1,1,False,1,867,20
18809,1,1,False,1,867,20
18810,1,1,False,1,868,6
18811,1,1,False,1,868,6
18812,1,1,False,2,19,18
18814,1,1,False,2,19,18
18815,1,1,False,0,-1,20
18817,1,1,False,1,1,27
18819,1,1,False,3,1,23
18824,1,1,False,2,48,17
18827,1,1,False,0,-1,5
18830,1,1,False,1,869,5
18836,1,1,False,3,26,14
18840,1,1,False,1,14,14
18845,1,1,False,0,-1,12
18846,1,1,False,1,294,4
18853,1,1,False,2,10,18
18856,1,1,False,0,-1,12
18865,1,1,False,3,1,14
18871,1,1,False,1,664,5
18873,1,1,False,1,48,11
18877,1,1,False,2,22,6
18882,1,1,False,3,37,18
18883,1,1,False,1,871,10
18884,1,1,False,1,871,10
18887,1,1,False,2,86,25
18888,1,1,False,2,86,25
18891,1,1,False,3,43,12
18897,1,1,False,1,872,5
18898,1,1,False,1,872,5
18900,1,1,False,0,-1,20
18904,1,1,False,2,73,6
18905,1,1,False,2,73,6
18907,1,1,False,0,-1,24
18911,1,1,False,2,1,13
18914,1,1,False,2,25,12
18915,1,1,False,2,25,12
18918,1,1,False,1,63,18
18919,1,1,False,0,-1,24
18920,1,1,False,0,-1,5
18922,1,1,False,2,14,5
18923,1,1,False,2,14,5
18926,1,1,False,2,26,12
18931,1,1,False,3,126,5
18932,1,1,False,2,59,15
18934,1,1,False,2,59,15
18935,1,1,False,3,30,9
18938,1,1,False,3,30,9
18939,1,1,False,1,873,8
18940,1,1,False,1,873,8
18944,1,1,False,2,874,12
18945,1,1,False,2,874,12
18946,1,1,False,2,874,12
18947,1,1,False,1,59,2
18950,1,1,False,0,-1,12
18952,1,1,False,1,875,12
18953,1,1,False,1,875,12
18955,1,1,False,3,14,12
18956,1,1,False,3,14,12
18959,1,1,False,3,1,5
18963,1,1,False,0,-1,12
18965,1,1,False,0,-1,2
18970,1,1,False,3,161,22
18972,1,1,False,3,161,22
18974,1,1,False,0,-1,22
18977,1,1,False,2,20,7
18980,1,1,False,2,74,12
18981,1,1,False,2,74,12
18984,1,1,False,0,-1,9
18988,1,1,False,1,114,12
18991,1,1,False,2,114,2
18994,1,1,False,1,876,11
18995,1,1,False,1,876,11
18998,1,1,False,2,114,25
18999,1,1,False,0,-1,13
19001,1,1,False,1,3,5
19002,1,1,False,1,877,15
19006,1,1,False,3,1,2
19009,1,1,False,0,-1,13
19010,1,1,False,2,59,14
19013,1,1,False,2,1,26
19015,1,1,False,2,1,26
19016,1,1,False,2,878,14
19017,1,1,False,2,878,14
19018,1,1,False,2,878,14
19020,1,1,False,2,43,14
19021,1,1,False,2,43,14
19022,1,1,False,1,1,12
19025,1,1,False,1,31,8
19033,1,1,False,3,43,5
19037,1,1,False,1,14,14
19039,1,1,False,2,161,13
19042,1,1,False,1,51,11
19044,1,1,False,2,14,12
19047,1,1,False,1,56,5
19053,1,1,False,1,48,20
19054,1,1,False,1,879,5
19055,1,1,False,1,879,5
19058,1,1,False,1,25,23
19062,1,1,False,2,86,12
19063,1,1,False,2,142,12
19065,1,1,False,2,142,12
19067,1,1,False,1,880,11
19068,1,1,False,1,880,11
19069,1,1,False,1,166,8
19076,1,1,False,0,-1,14
19081,1,1,False,1,881,25
19082,1,1,False,1,881,25
19085,1,1,False,3,1,12
19086,1,1,False,3,1,12
19087,1,1,False,3,1,12
19088,1,1,False,2,25,18
19091,1,1,False,0,-1,14
19092,1,1,False,1,64,27
19094,1,1,False,1,882,8
19095,1,1,False,1,882,8
19100,1,1,False,1,12,20
19102,1,1,False,2,52,12
19106,1,1,False,1,883,13
19107,1,1,False,1,114,18
19109,1,1,False,0,-1,21
19111,1,1,False,0,-1,13
19116,1,1,False,0,-1,6
19118,1,1,False,0,-1,12
19123,1,1,False,2,1,11
19126,1,1,False,0,-1,24
19133,1,1,False,3,43,12
19137,1,1,False,2,30,5
19139,1,1,False,1,37,5
19142,1,1,False,2,14,13
19144,1,1,False,2,14,13
19145,1,1,False,3,43,11
19147,1,1,False,3,43,11
19148,1,1,False,3,43,11
19150,1,1,False,0,-1,12
19151,1,1,False,2,12,18
19152,1,1,False,2,12,18
19155,1,1,False,1,164,21
19156,1,1,False,0,-1,14
19157,1,1,False,3,43,24
19160,1,1,False,3,43,24
19162,1,1,False,2,19,12
19164,1,1,False,2,166,4
19167,1,1,False,2,884,7
19168,1,1,False,2,884,7
19169,1,1,False,2,884,7
19170,1,1,False,1,885,12
19171,1,1,False,1,885,12
19172,1,1,False,0,-1,4
19173,1,1,False,0,-1,12
19175,1,1,False,0,-1,18
19178,1,1,False,2,1,14
19180,1,1,False,2,26,9
19181,1,1,False,2,26,9
19182,1,1,False,0,-1,13
19185,1,1,False,1,0,18
19187,1,1,False,3,80,11
19192,1,1,False,3,12,23
19193,1,1,False,3,12,23
19196,1,1,False,0,-1,14
19197,1,1,False,0,-1,11
19198,1,1,False,0,-1,1
19199,1,1,False,1,886,21
19200,1,1,False,1,886,21
19202,1,1,False,1,14,5
19204,1,1,False,3,1,15
19205,1,1,False,3,1,15
19208,1,1,False,2,51,12
19212,1,1,False,2,72,12
19214,1,1,False,2,72,12
19216,1,1,False,2,20,26
19217,1,1,False,2,20,26
19219,1,1,False,0,-1,14
19222,1,1,False,1,12,9
19224,1,1,False,2,1,5
19225,1,1,False,2,1,5
19230,1,1,False,0,-1,10
19231,1,1,False,2,887,12
19232,1,1,False,2,887,12
19233,1,1,False,2,887,12
19237,1,1,False,1,19,13
19242,1,1,False,1,43,12
19243,1,1,False,0,-1,12
19245,1,1,False,1,14,18
19251,1,1,False,3,43,12
19252,1,1,False,3,43,12
19253,1,1,False,3,43,12
19254,1,1,False,2,20,9
19256,1,1,False,2,20,9
19258,1,1,False,1,888,12
19259,1,1,False,1,888,12
19260,1,1,False,1,74,2
19262,1,1,False,1,3,16
19271,1,1,False,1,889,12
19272,1,1,False,1,889,12
19276,1,1,False,0,-1,9
19277,1,1,False,0,-1,26
19278,1,1,False,0,-1,5
19280,1,1,False,1,64,6
19281,1,1,False,0,-1,6
19283,1,1,False,2,166,7
19286,1,1,False,2,1,17
19287,1,1,False,2,1,17
19288,1,1,False,0,-1,24
19289,1,1,False,0,-1,22
19292,1,1,False,3,26,13
19294,1,1,False,1,26,25
19297,1,1,False,1,470,12
19298,1,1,False,3,12,17
19302,1,1,False,0,-1,15
19303,1,1,False,0,-1,23
19305,1,1,False,1,35,22
19307,1,1,False,1,890,6
19308,1,1,False,1,890,6
19309,1,1,False,0,-1,5
19310,1,1,False,0,-1,12
19311,1,1,False,0,-1,2
19312,1,1,False,3,45,18
19315,1,1,False,3,45,18
19317,1,1,False,0,-1,11
19320,1,1,False,2,43,5
19321,1,1,False,0,-1,25
19324,1,1,False,0,-1,20
19326,1,1,False,1,749,14
19328,1,1,False,0,-1,12
19331,1,1,False,0,-1,12
19333,1,1,False,1,105,12
19335,1,1,False,0,-1,21
19337,1,1,False,2,14,13
19338,1,1,False,2,14,13
19340,1,1,False,3,74,25
19341,1,1,False,3,74,25
19344,1,1,False,0,-1,12
19345,1,1,False,3,58,4
19347,1,1,False,3,58,4
19349,1,1,False,0,-1,14
19352,1,1,False,2,80,7
19353,1,1,False,2,63,11
19356,1,1,False,0,-1,17
19358,1,1,False,2,0,12
19360,1,1,False,0,-1,14
19361,1,1,False,0,-1,5
19363,1,1,False,1,95,21
19367,1,1,False,2,891,12
19368,1,1,False,2,891,12
19369,1,1,False,2,891,12
19378,1,1,False,1,62,24
19379,1,1,False,0,-1,9
19381,1,1,False,0,-1,15
19383,1,1,False,2,53,17
19384,1,1,False,2,53,17
19387,1,1,False,1,43,5
19389,1,1,False,0,-1,15
19391,1,1,False,0,-1,17
19392,1,1,False,0,-1,5
19394,1,1,False,1,0,9
19395,1,1,False,1,1,13
19398,1,1,False,3,59,10
19399,1,1,False,3,59,10
19401,1,1,False,3,59,10
19404,1,1,False,3,70,12
19405,1,1,False,3,70,12
19408,1,1,False,2,892,9
19409,1,1,False,2,892,9
19410,1,1,False,2,892,9
19411,1,1,False,0,-1,22
19413,1,1,False,2,893,9
19414,1,1,False,2,893,9
19415,1,1,False,2,893,9
19419,1,1,False,1,16,5
19421,1,1,False,1,30,5
19424,1,1,False,0,-1,14
19426,1,1,False,0,-1,26
19427,1,1,False,1,59,20
19429,1,1,False,0,-1,12
19430,1,1,False,1,1,9
19432,1,1,False,2,64,12
19434,1,1,False,2,64,12
19435,1,1,False,1,294,24
19439,1,1,False,3,51,5
19440,1,1,False,3,51,5
19441,1,1,False,0,-1,26
19444,1,1,False,0,-1,14
19445,1,1,False,2,53,12
19446,1,1,False,2,53,12
19450,1,1,False,0,-1,9
19452,1,1,False,0,-1,13
19455,1,1,False,2,70,20
19456,1,1,False,0,-1,12
19457,1,1,False,0,-1,18
19460,1,1,False,3,166,5
19461,1,1,False,3,166,5
19462,1,1,False,3,43,12
19466,1,1,False,0,-1,5
19468,1,1,False,1,1,24
19472,1,1,False,1,1,14
19475,1,1,False,2,51,13
19476,1,1,False,0,-1,8
19479,1,1,False,3,43,15
19481,1,1,False,3,43,15
19482,1,1,False,3,43,15
19483,1,1,False,2,135,12
19485,1,1,False,2,135,12
19486,1,1,False,0,-1,9
19488,1,1,False,1,1,24
19490,1,1,False,0,-1,4
19492,1,1,False,1,51,13
19494,1,1,False,0,-1,25
19496,1,1,False,1,14,5
19497,1,1,False,1,1,25
19500,1,1,False,3,64,5
19502,1,1,False,3,64,5
19507,1,1,False,2,63,5
19509,1,1,False,0,-1,28
19510,1,1,False,1,894,24
19511,1,1,False,1,894,24
19513,1,1,False,1,10,20
19514,1,1,False,0,-1,5
19515,1,1,False,1,895,5
19516,1,1,False,1,895,5
19517,1,1,False,0,-1,24
19520,1,1,False,1,896,6
19525,1,1,False,3,1,4
19527,1,1,False,0,-1,11
19528,1,1,False,0,-1,14
19529,1,1,False,0,-1,18
19531,1,1,False,1,1,20
19532,1,1,False,0,-1,6
19534,1,1,False,1,106,28
19535,1,1,False,1,897,5
19536,1,1,False,1,897,5
19539,1,1,False,0,-1,22
19541,1,1,False,2,898,13
19542,1,1,False,2,898,13
19545,1,1,False,2,64,25
19546,1,1,False,3,52,18
19548,1,1,False,3,52,18
19551,1,1,False,2,74,15
19555,1,1,False,2,37,17
19556,1,1,False,2,37,17
19558,1,1,False,0,-1,11
19562,1,1,False,3,48,4
19566,1,1,False,3,43,12
19567,1,1,False,3,43,12
19572,1,1,False,1,6,28
19576,1,1,False,1,1,17
19577,1,1,False,0,-1,13
19579,1,1,False,0,-1,15
19580,1,1,False,2,899,14
19581,1,1,False,2,899,14
19582,1,1,False,2,899,14
19583,1,1,False,2,900,13
19584,1,1,False,2,900,13
19586,1,1,False,0,-1,8
19589,1,1,False,3,51,9
19590,1,1,False,3,51,9
19591,1,1,False,3,1,20
19592,1,1,False,3,1,20
19595,1,1,False,1,93,11
19597,1,1,False,0,-1,27
19600,1,1,False,0,-1,20
19601,1,1,False,1,901,12
19602,1,1,False,1,901,12
19605,1,1,False,3,166,27
19606,1,1,False,3,166,27
19607,1,1,False,0,-1,5
19609,1,1,False,3,37,5
19610,1,1,False,3,37,5
19612,1,1,False,2,902,20
19613,1,1,False,2,902,20
19614,1,1,False,2,902,20
19616,1,1,False,2,179,5
19620,1,1,False,1,903,23
19621,1,1,False,1,903,23
19623,1,1,False,1,30,4
19626,1,1,False,0,-1,14
19631,1,1,False,3,0,20
19633,1,1,False,3,0,20
19634,1,1,False,2,74,25
19635,1,1,False,2,74,25
19638,1,1,False,1,166,17
19640,1,1,False,0,-1,7
19642,1,1,False,0,-1,15
19644,1,1,False,1,3,12
19645,1,1,False,0,-1,23
19647,1,1,False,1,904,20
19648,1,1,False,1,904,20
19653,1,1,False,0,-1,23
19659,1,1,False,2,1,13
19660,1,1,False,2,1,13
19662,1,1,False,0,-1,12
19671,1,1,False,1,166,17
19673,1,1,False,0,-1,12
19674,1,1,False,0,-1,20
19677,1,1,False,0,-1,24
19678,1,1,False,0,-1,5
19682,1,1,False,3,14,8
19683,1,1,False,3,14,8
19687,1,1,False,3,51,12
19693,1,1,False,1,905,12
19694,1,1,False,1,905,12
19696,1,1,False,0,-1,14
19697,1,1,False,0,-1,12
19699,1,1,False,3,51,11
19701,1,1,False,3,51,11
19703,1,1,False,0,-1,18
19707,1,1,False,3,22,4
19709,1,1,False,3,22,4
19718,1,1,False,0,-1,5
19720,1,1,False,1,906,18
19721,1,1,False,1,906,18
19722,1,1,False,2,907,27
19723,1,1,False,2,907,27
19729,1,1,False,2,43,20
19731,1,1,False,1,908,22
19732,1,1,False,1,908,22
19734,1,1,False,1,64,12
19735,1,1,False,0,-1,12
19738,1,1,False,0,-1,4
19742,1,1,False,2,51,13
19745,1,1,False,1,909,18
19746,1,1,False,1,909,18
19750,1,1,False,1,910,4
19754,1,1,False,3,1,16
19756,1,1,False,3,1,16
19757,1,1,False,0,-1,22
19760,1,1,False,1,0,5
19761,1,1,False,1,1,18
19763,1,1,False,2,911,21
19764,1,1,False,2,911,21
19765,1,1,False,2,911,21
19766,1,1,False,0,-1,28
19767,1,1,False,0,-1,18
19768,1,1,False,0,-1,27
19772,1,1,False,1,59,15
19775,1,1,False,2,52,12
19779,1,1,False,1,1,13
19783,1,1,False,2,126,12
19784,1,1,False,2,126,12
19786,1,1,False,2,51,22
19791,1,1,False,0,-1,12
19794,1,1,False,1,26,11
19796,1,1,False,1,1,16
19799,1,1,False,1,1,20
19800,1,1,False,0,-1,5
19801,1,1,False,1,166,8
19803,1,1,False,0,-1,12
19805,1,1,False,0,-1,5
19806,1,1,False,0,-1,20
19807,1,1,False,0,-1,18
19810,1,1,False,2,1,15
19813,1,1,False,1,48,25
19815,1,1,False,0,-1,9
19817,1,1,False,3,126,24
19819,1,1,False,3,126,24
19821,1,1,False,1,25,12
19824,1,1,False,2,1,12
19827,1,1,False,0,-1,23
19828,1,1,False,1,912,3
19829,1,1,False,1,912,3
19831,1,1,False,0,-1,24
19832,1,1,False,0,-1,20
19835,1,1,False,0,-1,24
19836,1,1,False,1,137,20
19839,1,1,False,1,0,14
19842,1,1,False,1,64,2
19845,1,1,False,1,2,11
19847,1,1,False,0,-1,22
19853,1,1,False,1,913,6
19854,1,1,False,1,913,6
19859,1,1,False,1,12,12
19862,1,1,False,0,-1,9
19863,1,1,False,1,914,14
19864,1,1,False,1,914,14
19865,1,1,False,1,915,14
19866,1,1,False,1,915,14
19869,1,1,False,1,52,18
19872,1,1,False,2,14,14
19875,1,1,False,2,1,13
19876,1,1,False,0,-1,14
19877,1,1,False,0,-1,4
19878,1,1,False,0,-1,3
19880,1,1,False,1,0,13
19881,1,1,False,0,-1,12
19882,1,1,False,3,25,15
19884,1,1,False,3,25,15
19888,1,1,False,1,1,12
19891,1,1,False,1,25,14
19892,1,1,False,0,-1,20
19895,1,1,False,0,-1,12
19896,1,1,False,1,166,20
19900,1,1,False,0,-1,4
19903,1,1,False,0,-1,13
19905,1,1,False,1,916,10
19906,1,1,False,1,916,10
19908,1,1,False,3,16,23
19909,1,1,False,3,16,23
19910,1,1,False,3,16,23
19911,1,1,False,0,-1,18
19915,1,1,False,0,-1,15
19916,1,1,False,0,-1,25
19917,1,1,False,2,52,8
19924,1,1,False,1,917,13
19925,1,1,False,1,917,13
19929,1,1,False,3,59,6
19930,1,1,False,3,59,6
19932,1,1,False,3,59,6
19933,1,1,False,0,-1,12
19934,1,1,False,0,-1,28
19935,1,1,False,1,918,14
19936,1,1,False,1,918,14
19937,1,1,False,1,919,9
19938,1,1,False,1,919,9
19939,1,1,False,1,1,12
19943,1,1,False,1,920,20
19944,1,1,False,1,920,20
19946,1,1,False,1,921,5
19951,1,1,False,1,74,5
19957,1,1,False,2,106,3
19958,1,1,False,2,106,3
19965,1,1,False,3,44,26
19971,1,1,False,3,48,5
19975,1,1,False,0,-1,26
19980,1,1,False,0,-1,5
19981,1,1,False,0,-1,13
19982,1,1,False,0,-1,25
19983,1,1,False,0,-1,20
19985,1,1,False,0,-1,12
19990,1,1,False,3,126,8
19993,1,1,False,1,922,17
19994,1,1,False,1,922,17
19995,1,1,False,1,923,5
19996,1,1,False,1,923,5
19998,1,1,False,1,48,12
19999,1,1,False,0,-1,25
20000,1,1,False,0,-1,14
20001,1,1,False,2,126,18
20005,1,1,False,0,-1,12
20008,1,1,False,0,-1,9
20011,1,1,False,3,14,17
20014,1,1,False,0,-1,14
20017,1,1,False,0,-1,5
20018,1,1,False,1,25,13
20023,1,1,False,1,86,27
20027,1,1,False,1,74,8
20028,1,1,False,1,1,13
20030,1,1,False,3,924,5
20031,1,1,False,3,924,5
20032,1,1,False,3,924,5
20033,1,1,False,3,924,5
20037,1,1,False,3,166,15
20038,1,1,False,3,166,15
20041,1,1,False,1,62,12
20043,1,1,False,0,-1,22
20045,1,1,False,1,0,8
20046,1,1,False,2,925,13
20047,1,1,False,2,925,13
20048,1,1,False,2,925,13
20050,1,1,False,1,44,6
20052,1,1,False,0,-1,4
20055,1,1,False,3,0,20
20059,1,1,False,3,74,24
20063,1,1,False,1,37,13
20064,1,1,False,0,-1,8
20067,1,1,False,3,70,5
20068,1,1,False,3,70,5
20071,1,1,False,2,3,25
20073,1,1,False,2,3,25
20074,1,1,False,0,-1,18
20075,1,1,False,0,-1,15
20077,1,1,False,1,35,5
20078,1,1,False,0,-1,5
20082,1,1,False,1,74,14
20085,1,1,False,1,926,7
20086,1,1,False,1,926,7
20088,1,1,False,2,927,26
20089,1,1,False,2,927,26
20090,1,1,False,2,927,26
20092,1,1,False,0,-1,12
20093,1,1,False,1,928,12
20098,1,1,False,0,-1,12
20102,1,1,False,2,63,17
20105,1,1,False,3,1,5
20106,1,1,False,3,1,5
20107,1,1,False,3,1,5
20108,1,1,False,0,-1,8
20109,1,1,False,0,-1,12
20110,1,1,False,3,64,14
20113,1,1,False,3,64,14
20117,1,1,False,0,-1,24
20118,1,1,False,0,-1,8
20121,1,1,False,0,-1,13
20124,1,1,False,2,74,12
20127,1,1,False,0,-1,8
20128,1,1,False,1,1,12
20136,1,1,False,0,-1,17
20137,1,1,False,0,-1,22
20138,1,1,False,0,-1,18
20140,1,1,False,1,63,12
20142,1,1,False,0,-1,4
20143,1,1,False,0,-1,13
20146,1,1,False,1,114,13
20151,1,1,False,3,126,12
20152,1,1,False,3,126,12
20153,1,1,False,3,126,12
20155,1,1,False,1,10,20
20160,1,1,False,0,-1,18
20163,1,1,False,2,51,7
20164,1,1,False,0,-1,24
20165,1,1,False,1,929,6
20166,1,1,False,1,929,6
20168,1,1,False,1,930,9
20169,1,1,False,1,931,17
20170,1,1,False,1,931,17
20176,1,1,False,1,10,17
20178,1,1,False,1,932,21
20179,1,1,False,1,932,21
20180,1,1,False,0,-1,11
20186,1,1,False,1,52,14
20187,1,1,False,0,-1,27
20188,1,1,False,3,1,13
20190,1,1,False,3,1,13
20193,1,1,False,1,12,12
20195,1,1,False,0,-1,6
20196,1,1,False,0,-1,13
20199,1,1,False,0,-1,5
20201,1,1,False,1,6,9
20205,1,1,False,2,56,5
20207,1,1,False,1,294,12
20209,1,1,False,2,45,14
20210,1,1,False,2,45,14
20211,1,1,False,1,114,14
20213,1,1,False,3,221,5
20216,1,1,False,3,221,5
20218,1,1,False,0,-1,14
20221,1,1,False,0,-1,12
20222,1,1,False,1,6,13
20224,1,1,False,0,-1,24
20226,1,1,False,0,-1,13
20227,1,1,False,0,-1,12
20230,1,1,False,0,-1,21
20232,1,1,False,1,19,12
20235,1,1,False,1,10,27
20238,1,1,False,2,126,11
20241,1,1,False,1,933,8
20242,1,1,False,1,933,8
20243,1,1,False,0,-1,5
20246,1,1,False,0,-1,12
20252,1,1,False,0,-1,17
20254,1,1,False,0,-1,24
20255,1,1,False,1,934,18
20256,1,1,False,1,934,18
20258,1,1,False,0,-1,2
20261,1,1,False,1,2,20
20262,1,1,False,0,-1,2
20265,1,1,False,2,52,18
20269,1,1,False,1,935,7
20270,1,1,False,1,935,7
20271,1,1,False,3,25,9
20275,1,1,False,2,25,18
20277,1,1,False,2,25,18
20279,1,1,False,0,-1,5
20281,1,1,False,2,25,20
20282,1,1,False,2,25,20
20284,1,1,False,1,14,13
20289,1,1,False,0,-1,12
20292,1,1,False,0,-1,13
20295,1,1,False,0,-1,14
20296,1,1,False,3,582,22
20298,1,1,False,3,582,22
20299,1,1,False,3,582,22
20301,1,1,False,0,-1,12
20302,1,1,False,0,-1,18
20305,1,1,False,0,-1,14
20309,1,1,False,1,936,12
20311,1,1,False,0,-1,9
20315,1,1,False,0,-1,18
20317,1,1,False,1,25,9
20318,1,1,False,0,-1,13
20320,1,1,False,0,-1,12
20322,1,1,False,0,-1,14
20323,1,1,False,2,937,12
20325,1,1,False,2,937,12
20329,1,1,False,2,25,14
20331,1,1,False,2,26,15
20336,1,1,False,1,938,8
20337,1,1,False,1,938,8
20339,1,1,False,1,27,18
20340,1,1,False,1,86,5
20342,1,1,False,0,-1,14
20345,1,1,False,1,44,12
20355,1,1,False,0,-1,28
20356,1,1,False,1,28,24
20358,1,1,False,0,-1,2
20360,1,1,False,2,27,4
20361,1,1,False,2,27,4
20365,1,1,False,2,62,14
20367,1,1,False,0,-1,26
20371,1,1,False,1,25,2
20375,1,1,False,0,-1,20
20377,1,1,False,1,939,4
20378,1,1,False,1,939,4
20381,1,1,False,2,27,18
20384,1,1,False,2,86,17
20385,1,1,False,2,86,17
20386,1,1,False,0,-1,12
20388,1,1,False,2,58,5
20389,1,1,False,2,58,5
20393,1,1,False,2,97,15
20395,1,1,False,2,97,15
20396,1,1,False,0,-1,12
20399,1,1,False,3,14,5
20400,1,1,False,3,14,5
20402,1,1,False,3,14,5
20404,1,1,False,0,-1,12
20405,1,1,False,1,940,6
20406,1,1,False,1,940,6
20409,1,1,False,2,68,1
20410,1,1,False,2,59,15
20413,1,1,False,1,941,6
20414,1,1,False,1,941,6
20415,1,1,False,1,942,13
20416,1,1,False,1,942,13
20419,1,1,False,1,943,14
20420,1,1,False,1,943,14
20422,1,1,False,0,-1,5
20424,1,1,False,2,14,18
20425,1,1,False,2,14,18
20429,1,1,False,0,-1,15
20432,1,1,False,2,93,20
20433,1,1,False,0,-1,15
20434,1,1,False,2,19,25
20436,1,1,False,2,19,25
20438,1,1,False,1,944,12
20439,1,1,False,1,944,12
20440,1,1,False,0,-1,18
20445,1,1,False,2,27,14
20447,1,1,False,0,-1,21
20449,1,1,False,1,945,12
20451,1,1,False,1,70,18
20460,1,1,False,1,946,15
20461,1,1,False,1,946,15
20462,1,1,False,3,166,23
20463,1,1,False,3,166,23
20466,1,1,False,0,-1,4
20467,1,1,False,1,164,5
20469,1,1,False,0,-1,14
20472,1,1,False,2,105,12
20473,1,1,False,2,105,14
20477,1,1,False,1,164,13
20478,1,1,False,0,-1,24
20479,1,1,False,1,947,12
20480,1,1,False,1,947,12
20483,1,1,False,1,48,20
20485,1,1,False,0,-1,4
20487,1,1,False,2,59,12
20488,1,1,False,2,59,12
20490,1,1,False,1,12,22
20492,1,1,False,0,-1,9
20495,1,1,False,0,-1,18
20498,1,1,False,3,48,23
20499,1,1,False,3,48,23
20504,1,1,False,1,948,13
20505,1,1,False,1,948,13
20506,1,1,False,2,6,14
20509,1,1,False,0,-1,14
20515,1,1,False,0,-1,9
20516,1,1,False,0,-1,9
20517,1,1,False,2,56,12
20521,1,1,False,2,25,24
20527,1,1,False,1,56,5
20528,1,1,False,3,73,12
20529,1,1,False,3,73,12
20531,1,1,False,3,73,12
20534,1,1,False,2,14,12
20536,1,1,False,0,-1,12
20537,1,1,False,0,-1,18
20538,1,1,False,1,51,4
20542,1,1,False,0,-1,5
20544,1,1,False,1,27,7
20545,1,1,False,2,25,5
20546,1,1,False,2,25,5
20549,1,1,False,2,106,18
20552,1,1,False,1,19,9
20554,1,1,False,0,-1,20
20555,1,1,False,3,19,18
20557,1,1,False,3,19,18
20558,1,1,False,3,19,18
20559,1,1,False,0,-1,25
20561,1,1,False,1,30,12
20566,1,1,False,1,114,12
20567,1,1,False,0,-1,9
20568,1,1,False,0,-1,12
20572,1,1,False,2,949,12
20573,1,1,False,2,949,12
20574,1,1,False,2,949,12
20575,1,1,False,0,-1,18
20581,1,1,False,1,62,10
20582,1,1,False,1,86,12
20584,1,1,False,0,-1,12
20585,1,1,False,0,-1,11
20587,1,1,False,3,25,27
20588,1,1,False,3,25,27
20592,1,1,False,3,86,14
20599,1,1,False,3,80,15
20600,1,1,False,3,80,15
20602,1,1,False,3,950,5
20603,1,1,False,3,950,5
20612,1,1,False,1,951,2
20613,1,1,False,1,951,2
20616,1,1,False,2,28,18
20618,1,1,False,1,73,18
20619,1,1,False,1,68,11
20628,1,1,False,0,-1,21
20629,1,1,False,0,-1,14
20630,1,1,False,1,86,4
20632,1,1,False,0,-1,14
20634,1,1,False,1,952,12
20635,1,1,False,1,952,12
20641,1,1,False,1,30,28
20644,1,1,False,0,-1,14
20645,1,1,False,0,-1,14
20646,1,1,False,2,28,13
20648,1,1,False,2,28,13
20650,1,1,False,1,953,12
20651,1,1,False,1,953,12
20652,1,1,False,0,-1,12
20655,1,1,False,0,-1,14
20659,1,1,False,0,-1,12
20664,1,1,False,2,25,11
20669,1,1,False,1,68,13
20672,1,1,False,1,25,14
20673,1,1,False,0,-1,23
20677,1,1,False,3,19,12
20680,1,1,False,3,19,12
20681,1,1,False,0,-1,18
20683,1,1,False,1,954,12
20685,1,1,False,2,955,18
20686,1,1,False,2,955,18
20687,1,1,False,2,955,18
20690,1,1,False,0,-1,20
20691,1,1,False,1,956,12
20692,1,1,False,1,956,12
20693,1,1,False,0,-1,13
20695,1,1,False,1,957,8
20696,1,1,False,1,957,8
20697,1,1,False,0,-1,13
20700,1,1,False,0,-1,18
20702,1,1,False,2,25,14
20703,1,1,False,2,25,14
20705,1,1,False,2,221,5
20713,1,1,False,1,30,12
20714,1,1,False,3,0,12
20717,1,1,False,3,0,12
20720,1,1,False,3,6,14
20722,1,1,False,1,958,17
20723,1,1,False,1,958,17
20726,1,1,False,0,-1,8
20728,1,1,False,1,73,12
20730,1,1,False,0,-1,12
20733,1,1,False,2,294,9
20734,1,1,False,2,294,9
20737,1,1,False,1,959,20
20738,1,1,False,1,959,20
20739,1,1,False,0,-1,12
20742,1,1,False,2,14,25
20743,1,1,False,1,19,9
20745,1,1,False,0,-1,9
20749,1,1,False,0,-1,12
20753,1,1,False,0,-1,18
20758,1,1,False,3,86,14
20759,1,1,False,3,86,14
20765,1,1,False,1,960,14
20766,1,1,False,1,960,14
20767,1,1,False,2,73,27
20772,1,1,False,2,961,5
20773,1,1,False,2,961,5
20774,1,1,False,2,961,5
20775,1,1,False,0,-1,28
20778,1,1,False,2,25,20
20780,1,1,False,1,45,25
20784,1,1,False,2,161,18
20786,1,1,False,0,-1,12
20787,1,1,False,0,-1,20
20790,1,1,False,1,58,12
20793,1,1,False,2,22,8
20794,1,1,False,2,22,8
20795,1,1,False,0,-1,4
20797,1,1,False,1,294,5
20799,1,1,False,2,30,20
20800,1,1,False,2,30,20
20802,1,1,False,3,18,14
20805,1,1,False,3,18,14
20806,1,1,False,1,25,9
20809,1,1,False,1,962,15
20810,1,1,False,1,48,13
20812,1,1,False,0,-1,4
20813,1,1,False,3,54,22
20814,1,1,False,3,54,22
20815,1,1,False,3,54,22
20817,1,1,False,0,-1,28
20818,1,1,False,0,-1,5
20824,1,1,False,0,-1,14
20827,1,1,False,0,-1,20
20828,1,1,False,1,963,5
20829,1,1,False,1,963,5
20830,1,1,False,1,964,14
20831,1,1,False,1,964,14
20835,1,1,False,1,18,20
20842,1,1,False,2,106,13
20843,1,1,False,2,106,13
20844,1,1,False,0,-1,12
20847,1,1,False,2,25,15
20850,1,1,False,0,-1,5
20851,1,1,False,0,-1,5
20859,1,1,False,2,10,26
20861,1,1,False,2,10,26
20863,1,1,False,3,7,14
20864,1,1,False,3,7,14
20866,1,1,False,3,7,14
20872,1,1,False,0,-1,7
20875,1,1,False,3,106,22
20881,1,1,False,2,56,17
20883,1,1,False,0,-1,14
20893,1,1,False,3,62,28
20898,1,1,False,1,86,8
20904,1,1,False,0,-1,15
20905,1,1,False,0,-1,18
20908,1,1,False,3,294,13
20909,1,1,False,3,294,13
20912,1,1,False,1,965,7
20913,1,1,False,1,965,7
20917,1,1,False,1,30,27
20920,1,1,False,3,179,12
20921,1,1,False,3,179,12
20926,1,1,False,1,48,24
20929,1,1,False,2,142,15
20931,1,1,False,2,142,15
20936,1,1,False,1,966,16
20937,1,1,False,1,966,16
20938,1,1,False,1,97,21
20947,1,1,False,1,2,14
20949,1,1,False,1,967,13
20950,1,1,False,1,967,13
20951,1,1,False,0,-1,20
20952,1,1,False,0,-1,27
20958,1,1,False,1,968,23
20959,1,1,False,1,968,23
20963,1,1,False,2,25,12
20965,1,1,False,1,969,20
20966,1,1,False,1,7,5
20968,1,1,False,3,28,9
20970,1,1,False,3,28,9
20971,1,1,False,3,28,9
20972,1,1,False,3,970,20
20973,1,1,False,3,970,20
20975,1,1,False,3,970,20
20976,1,1,False,3,73,16
20980,1,1,False,2,294,5
20981,1,1,False,2,294,5
20983,1,1,False,3,86,18
20985,1,1,False,3,86,18
20986,1,1,False,3,86,18
20988,1,1,False,0,-1,12
20989,1,1,False,2,86,12
20990,1,1,False,2,86,12
20993,1,1,False,0,-1,12
20994,1,1,False,0,-1,18
20996,1,1,False,0,-1,2
20997,1,1,False,0,-1,9
20999,1,1,False,1,105,12
21008,1,1,False,1,3,17
21009,1,1,False,0,-1,13
21010,1,1,False,0,-1,8
21014,1,1,False,1,6,24
21015,1,1,False,0,-1,18
21017,1,1,False,1,971,21
21018,1,1,False,1,971,21
21020,1,1,False,1,40,6
21021,1,1,False,1,972,24
21022,1,1,False,1,972,24
21027,1,1,False,1,19,12
21030,1,1,False,1,0,20
21032,1,1,False,1,973,9
21033,1,1,False,1,973,9
21038,1,1,False,2,30,19
21041,1,1,False,1,48,17
21043,1,1,False,0,-1,18
21044,1,1,False,2,25,11
21046,1,1,False,2,25,11
21048,1,1,False,1,179,22
21050,1,1,False,1,31,20
21051,1,1,False,0,-1,12
21052,1,1,False,0,-1,25
21054,1,1,False,1,25,20
21057,1,1,False,1,974,4
21058,1,1,False,1,974,4
21059,1,1,False,0,-1,23
21060,1,1,False,0,-1,17
21063,1,1,False,3,161,4
21064,1,1,False,3,161,4
21067,1,1,False,1,302,6
21068,1,1,False,1,975,12
21069,1,1,False,1,975,12
21077,1,1,False,0,-1,20
21078,1,1,False,2,62,20
21080,1,1,False,2,62,20
21081,1,1,False,3,12,26
21084,1,1,False,3,12,26
21087,1,1,False,3,26,5
21088,1,1,False,3,26,5
21090,1,1,False,0,-1,8
21091,1,1,False,0,-1,18
21093,1,1,False,1,56,19
21095,1,1,False,0,-1,12
21100,1,1,False,2,44,24
21104,1,1,False,1,28,12
21105,1,1,False,0,-1,17
21106,1,1,False,0,-1,18
21108,1,1,False,0,-1,4
21109,1,1,False,2,25,5
21114,1,1,False,2,18,9
21115,1,1,False,3,56,20
21119,1,1,False,0,-1,8
21120,1,1,False,0,-1,12
21128,1,1,False,2,28,14
21129,1,1,False,0,-1,26
21131,1,1,False,0,-1,20
21132,1,1,False,0,-1,18
21133,1,1,False,0,-1,5
21135,1,1,False,2,74,5
21136,1,1,False,2,74,5
21138,1,1,False,0,-1,12
21139,1,1,False,0,-1,19
21141,1,1,False,0,-1,18
21143,1,1,False,1,976,12
21144,1,1,False,1,976,12
21147,1,1,False,3,25,12
21149,1,1,False,0,-1,21
21150,1,1,False,1,28,23
21153,1,1,False,1,294,20
21161,1,1,False,2,27,20
21164,1,1,False,3,51,8
21165,1,1,False,3,51,8
21169,1,1,False,1,48,20
21170,1,1,False,0,-1,12
21171,1,1,False,0,-1,28
21172,1,1,False,1,977,12
21173,1,1,False,1,977,12
21176,1,1,False,1,19,7
21179,1,1,False,2,139,12
21180,1,1,False,0,-1,20
21182,1,1,False,0,-1,9
21183,1,1,False,1,48,24
21186,1,1,False,1,27,20
21192,1,1,False,0,-1,5
21193,1,1,False,0,-1,8
21194,1,1,False,0,-1,9
21203,1,1,False,3,25,20
21206,1,1,False,1,978,12
21207,1,1,False,1,978,12
21208,1,1,False,0,-1,12
21209,1,1,False,3,979,14
21210,1,1,False,3,979,14
21211,1,1,False,3,979,14
21212,1,1,False,3,979,14
21213,1,1,False,1,3,13
21215,1,1,False,1,19,26
21218,1,1,False,0,-1,8
21220,1,1,False,3,56,14
21225,1,1,False,0,-1,8
21229,1,1,False,0,-1,20
21230,1,1,False,0,-1,25
21231,1,1,False,2,106,18
21236,1,1,False,2,35,12
21238,1,1,False,1,135,13
21239,1,1,False,0,-1,25
21240,1,1,False,0,-1,23
21242,1,1,False,1,19,9
21243,1,1,False,0,-1,23
21245,1,1,False,1,105,14
21246,1,1,False,1,980,18
21247,1,1,False,1,980,18
21250,1,1,False,2,981,8
21253,1,1,False,1,53,12
21254,1,1,False,0,-1,17
21255,1,1,False,1,52,5
21259,1,1,False,2,22,12
21260,1,1,False,2,22,12
21265,1,1,False,1,3,12
21266,1,1,False,1,2,9
21268,1,1,False,0,-1,14
21270,1,1,False,2,126,20
21271,1,1,False,2,126,20
21273,1,1,False,0,-1,20
21277,1,1,False,3,86,12
21278,1,1,False,3,86,12
21280,1,1,False,0,-1,5
21281,1,1,False,0,-1,12
21284,1,1,False,3,44,18
21285,1,1,False,3,44,18
21286,1,1,False,0,-1,18
21290,1,1,False,1,14,13
21292,1,1,False,1,56,28
21293,1,1,False,0,-1,5
21296,1,1,False,1,982,25
21297,1,1,False,1,982,25
21299,1,1,False,1,25,3
21302,1,1,False,2,983,14
21303,1,1,False,2,983,14
21305,1,1,False,0,-1,15
21306,1,1,False,0,-1,12
21310,1,1,False,3,74,18
21312,1,1,False,1,984,5
21313,1,1,False,1,984,5
21314,1,1,False,2,294,18
21317,1,1,False,2,164,20
21324,1,1,False,3,25,27
21327,1,1,False,1,985,14
21328,1,1,False,1,985,14
21329,1,1,False,1,986,15
21330,1,1,False,1,986,15
21332,1,1,False,1,10,15
21335,1,1,False,3,72,7
21336,1,1,False,3,72,7
21343,1,1,False,1,105,11
21344,1,1,False,1,987,8
21345,1,1,False,1,987,8
21348,1,1,False,0,-1,14
21349,1,1,False,0,-1,15
21350,1,1,False,0,-1,18
21352,1,1,False,1,25,4
21353,1,1,False,1,105,5
21357,1,1,False,1,179,18
21358,1,1,False,2,25,25
21364,1,1,False,2,25,4
21365,1,1,False,0,-1,18
21368,1,1,False,1,44,13
21371,1,1,False,1,12,3
21375,1,1,False,2,80,14
21378,1,1,False,0,-1,12
21380,1,1,False,2,54,15
21381,1,1,False,2,54,15
21382,1,1,False,3,56,4
21383,1,1,False,3,56,4
21387,1,1,False,2,988,14
21388,1,1,False,2,988,14
21389,1,1,False,2,988,14
21391,1,1,False,0,-1,13
21393,1,1,False,3,62,17
21397,1,1,False,2,28,13
21399,1,1,False,2,28,13
21400,1,1,False,1,3,1
21407,1,1,False,2,18,21
21408,1,1,False,3,2,12
21409,1,1,False,3,2,12
21413,1,1,False,0,-1,14
21415,1,1,False,1,392,12
21417,1,1,False,0,-1,20
21418,1,1,False,0,-1,12
21419,1,1,False,3,40,9
21420,1,1,False,3,40,9
21421,1,1,False,3,40,9
21425,1,1,False,1,28,9
21427,1,1,False,3,10,20
21429,1,1,False,3,10,20
21430,1,1,False,1,14,15
21432,1,1,False,1,126,13
21434,1,1,False,1,989,12
21435,1,1,False,1,989,12
21439,1,1,False,2,56,15
21441,1,1,False,0,-1,9
21442,1,1,False,0,-1,18
21449,1,1,False,1,14,25
21452,1,1,False,2,2,12
21455,1,1,False,1,64,5
21456,1,1,False,0,-1,15
21457,1,1,False,1,237,6
21460,1,1,False,0,-1,5
21463,1,1,False,1,19,5
21466,1,1,False,2,106,20
21467,1,1,False,0,-1,12
21471,1,1,False,1,135,15
21475,1,1,False,1,54,12
21477,1,1,False,0,-1,12
21481,1,1,False,2,19,17
21486,1,1,False,1,990,9
21487,1,1,False,1,990,9
21488,1,1,False,1,40,24
21491,1,1,False,1,991,14
21492,1,1,False,1,991,14
21496,1,1,False,1,992,14
21497,1,1,False,0,-1,12
21498,1,1,False,0,-1,25
21499,1,1,False,0,-1,21
21501,1,1,False,1,86,5
21502,1,1,False,1,25,13
21504,1,1,False,0,-1,4
21511,1,1,False,2,56,12
21512,1,1,False,2,56,12
21514,1,1,False,1,993,14
21515,1,1,False,1,993,14
21517,1,1,False,2,994,8
21518,1,1,False,2,994,8
21523,1,1,False,2,995,12
21525,1,1,False,2,995,12
21530,1,1,False,1,996,20
21531,1,1,False,1,996,20
21532,1,1,False,0,-1,4
21533,1,1,False,1,997,4
21541,1,1,False,2,28,25
21544,1,1,False,0,-1,26
21548,1,1,False,3,63,5
21556,1,1,False,1,998,16
21560,1,1,False,2,999,21
21561,1,1,False,2,999,21
21563,1,1,False,1,48,14
21565,1,1,False,0,-1,12
21567,1,1,False,0,-1,17
21575,1,1,False,0,-1,13
21577,1,1,False,0,-1,20
21579,1,1,False,3,31,12
21581,1,1,False,3,31,12
21582,1,1,False,3,31,12
21583,1,1,False,0,-1,6
21584,1,1,False,0,-1,11
21585,1,1,False,0,-1,14
21591,1,1,False,2,74,20
21592,1,1,False,0,-1,4
21595,1,1,False,0,-1,12
21603,1,1,False,1,114,20
21604,1,1,False,1,1000,10
21605,1,1,False,1,1000,10
21607,1,1,False,0,-1,14
21609,1,1,False,0,-1,5
21613,1,1,False,0,-1,6
21614,1,1,False,0,-1,24
21617,1,1,False,2,86,12
21619,1,1,False,0,-1,6
21621,1,1,False,2,86,24
21628,1,1,False,0,-1,1
21629,1,1,False,1,1001,24
21630,1,1,False,1,1001,24
21631,1,1,False,0,-1,12
21635,1,1,False,1,56,4
21637,1,1,False,2,684,12
21639,1,1,False,2,684,12
21641,1,1,False,0,-1,26
21644,1,1,False,1,294,4
21650,1,1,False,0,-1,18
21654,1,1,False,2,27,17
21656,1,1,False,1,106,13
21657,1,1,False,0,-1,9
21658,1,1,False,2,86,15
21659,1,1,False,2,86,15
21662,1,1,False,0,-1,20
21664,1,1,False,1,48,4
21665,1,1,False,0,-1,4
21666,1,1,False,0,-1,20
21671,1,1,False,0,-1,12
21673,1,1,False,2,97,27
21674,1,1,False,2,97,27
21679,1,1,False,1,135,6
21683,1,1,False,1,3,13
21690,1,1,False,0,-1,18
21691,1,1,False,0,-1,9
21696,1,1,False,3,14,25
21700,1,1,False,1,22,12
21701,1,1,False,0,-1,5
21703,1,1,False,1,25,8
21711,1,1,False,1,1002,4
21712,1,1,False,1,1002,4
21714,1,1,False,1,25,12
21716,1,1,False,0,-1,26
21717,1,1,False,0,-1,12
21722,1,1,False,0,-1,5
21724,1,1,False,1,86,14
21731,1,1,False,3,106,17
21733,1,1,False,1,25,25
21735,1,1,False,1,1003,11
21736,1,1,False,1,1003,11
21739,1,1,False,1,1004,14
21740,1,1,False,1,1004,14
21742,1,1,False,1,25,12
21744,1,1,False,1,1005,12
21745,1,1,False,1,1005,12
21747,1,1,False,0,-1,12
21749,1,1,False,2,19,28
21753,1,1,False,1,1006,22
21755,1,1,False,0,-1,4
21760,1,1,False,2,0,20
21764,1,1,False,0,-1,7
21765,1,1,False,1,95,8
21767,1,1,False,1,27,27
21772,1,1,False,1,44,14
21773,1,1,False,0,-1,14
21774,1,1,False,0,-1,5
21775,1,1,False,0,-1,14
21777,1,1,False,0,-1,14
21779,1,1,False,1,126,28
21780,1,1,False,1,25,20
21786,1,1,False,0,-1,13
21787,1,1,False,2,3,11
21789,1,1,False,2,3,11
21791,1,1,False,0,-1,25
21792,1,1,False,1,14,13
21796,1,1,False,0,-1,27
21801,1,1,False,0,-1,14
21808,1,1,False,0,-1,4
21810,1,1,False,0,-1,4
21813,1,1,False,0,-1,20
21815,1,1,False,3,161,18
21817,1,1,False,3,161,18
21820,1,1,False,0,-1,14
21822,1,1,False,1,1007,15
21823,1,1,False,0,-1,3
21824,1,1,False,0,-1,15
21826,1,1,False,0,-1,23
21827,1,1,False,1,1008,10
21828,1,1,False,1,1008,10
21830,1,1,False,2,26,28
21831,1,1,False,2,26,28
21833,1,1,False,0,-1,12
21834,1,1,False,0,-1,14
21835,1,1,False,0,-1,25
21837,1,1,False,1,86,12
21847,1,1,False,3,25,13
21848,1,1,False,3,25,13
21854,1,1,False,0,-1,14
21855,1,1,False,0,-1,2
21858,1,1,False,3,14,5
21859,1,1,False,3,14,5
21863,1,1,False,2,106,5
21866,1,1,False,1,1009,5
21867,1,1,False,1,1009,5
21868,1,1,False,0,-1,15
21869,1,1,False,3,126,12
21870,1,1,False,3,126,12
21871,1,1,False,3,126,12
21873,1,1,False,1,1010,3
21874,1,1,False,1,1010,3
21876,1,1,False,1,25,28
21877,1,1,False,2,106,11
21879,1,1,False,2,106,11
21885,1,1,False,0,-1,12
21888,1,1,False,1,106,13
21891,1,1,False,2,1011,12
21892,1,1,False,2,1011,12
21895,1,1,False,2,25,4
21901,1,1,False,1,56,4
21902,1,1,False,0,-1,17
21904,1,1,False,0,-1,20
21905,1,1,False,0,-1,6
21912,1,1,False,0,-1,2
21913,1,1,False,2,74,12
21917,1,1,False,1,7,9
21918,1,1,False,0,-1,4
21919,1,1,False,1,1012,18
21920,1,1,False,1,1012,18
21921,1,1,False,1,1013,9
21922,1,1,False,1,1013,9
21925,1,1,False,3,114,22
21926,1,1,False,3,114,22
21928,1,1,False,0,-1,6
21930,1,1,False,1,25,20
21932,1,1,False,0,-1,5
21933,1,1,False,0,-1,2
21934,1,1,False,0,-1,27
21936,1,1,False,2,30,15
21938,1,1,False,2,30,15
21942,1,1,False,2,294,12
21944,1,1,False,0,-1,27
21949,1,1,False,0,-1,12
21950,1,1,False,0,-1,5
21960,1,1,False,0,-1,17
21961,1,1,False,0,-1,17
21962,1,1,False,1,1014,3
21965,1,1,False,1,137,20
21970,1,1,False,1,1015,12
21971,1,1,False,1,1015,12
21975,1,1,False,2,19,12
21978,1,1,False,0,-1,14
21979,1,1,False,0,-1,9
21981,1,1,False,1,0,15
21984,1,1,False,2,45,24
21987,1,1,False,0,-1,8
21989,1,1,False,2,161,14
21993,1,1,False,2,7,27
21994,1,1,False,0,-1,15
21995,1,1,False,1,12,2
21998,1,1,False,1,48,12
21999,1,1,False,0,-1,13
22001,1,1,False,2,294,5
22003,1,1,False,0,-1,12
22004,1,1,False,0,-1,5
22008,1,1,False,0,-1,21
22010,1,1,False,2,1016,5
22011,1,1,False,2,1016,5
22012,1,1,False,2,1016,5
22013,1,1,False,2,1017,9
22014,1,1,False,2,1017,9
22015,1,1,False,2,1017,9
22016,1,1,False,1,31,8
22018,1,1,False,1,161,25
22020,1,1,False,0,-1,18
22022,1,1,False,0,-1,8
22026,1,1,False,3,25,20
22027,1,1,False,3,25,20
22028,1,1,False,1,106,4
22032,1,1,False,0,-1,12
22033,1,1,False,0,-1,14
22034,1,1,False,0,-1,20
22036,1,1,False,2,12,15
22037,1,1,False,2,12,15
22039,1,1,False,0,-1,2
22040,1,1,False,0,-1,17
22041,1,1,False,0,-1,18
22044,1,1,False,0,-1,19
22045,1,1,False,0,-1,22
22047,1,1,False,1,1018,20
22048,1,1,False,1,1018,20
22049,1,1,False,3,48,15
22053,1,1,False,1,70,14
22057,1,1,False,1,56,28
22059,1,1,False,0,-1,18
22066,1,1,False,1,1019,14
22067,1,1,False,1,1019,14
22070,1,1,False,0,-1,20
22073,1,1,False,0,-1,20
22074,1,1,False,0,-1,20
22077,1,1,False,0,-1,15
22078,1,1,False,0,-1,12
22080,1,1,False,2,48,13
22082,1,1,False,2,48,13
22083,1,1,False,0,-1,13
22084,1,1,False,0,-1,13
22085,1,1,False,2,142,28
22086,1,1,False,2,142,28
22088,1,1,False,1,22,25
22094,1,1,False,1,48,22
22097,1,1,False,3,48,2
22098,1,1,False,3,48,2
22099,1,1,False,3,48,2
22100,1,1,False,1,59,6
22103,1,1,False,0,-1,9
22106,1,1,False,2,70,13
22107,1,1,False,3,14,16
22108,1,1,False,3,14,16
22119,1,1,False,2,126,22
22123,1,1,False,0,-1,18
22125,1,1,False,1,73,12
22133,1,1,False,0,-1,4
22134,1,1,False,3,27,16
22135,1,1,False,3,27,16
22141,1,1,False,0,-1,22
22143,1,1,False,1,1020,5
22144,1,1,False,1,1020,5
22146,1,1,False,2,19,13
22147,1,1,False,2,19,13
22151,1,1,False,2,14,13
22152,1,1,False,1,1021,23
22153,1,1,False,1,1021,23
22155,1,1,False,1,1022,4
22156,1,1,False,0,-1,20
22158,1,1,False,1,126,7
22161,1,1,False,0,-1,14
22162,1,1,False,0,-1,20
22167,1,1,False,0,-1,12
22169,1,1,False,1,1023,20
22170,1,1,False,1,1023,20
22171,1,1,False,1,869,13
22176,1,1,False,2,18,5
22178,1,1,False,2,18,5
22180,1,1,False,1,294,27
22181,1,1,False,1,86,22
22184,1,1,False,1,1024,18
22185,1,1,False,3,106,12
22188,1,1,False,3,106,12
22189,1,1,False,1,1025,16
22190,1,1,False,1,1025,16
22192,1,1,False,1,1026,11
22193,1,1,False,1,1026,11
22196,1,1,False,2,294,5
22198,1,1,False,3,97,8
22199,1,1,False,3,97,8
22202,1,1,False,0,-1,13
22204,1,1,False,2,25,15
22205,1,1,False,2,25,15
22207,1,1,False,0,-1,13
22208,1,1,False,1,52,1
22214,1,1,False,1,1027,14
22215,1,1,False,1,1027,14
22216,1,1,False,1,135,4
22218,1,1,False,1,25,5
22220,1,1,False,3,86,12
22222,1,1,False,3,86,12
22223,1,1,False,3,86,12
22225,1,1,False,2,1028,2
22227,1,1,False,2,1028,2
22229,1,1,False,0,-1,18
22230,1,1,False,0,-1,28
22232,1,1,False,1,25,8
22237,1,1,False,3,19,12
22238,1,1,False,3,19,12
22240,1,1,False,1,1029,15
22241,1,1,False,1,1029,15
22242,1,1,False,1,1030,5
22243,1,1,False,1,1030,5
22244,1,1,False,0,-1,18
22246,1,1,False,0,-1,23
22247,1,1,False,0,-1,9
22251,1,1,False,1,237,11
22253,1,1,False,2,14,5
22255,1,1,False,0,-1,13
22256,1,1,False,1,31,13
22258,1,1,False,0,-1,5
22260,1,1,False,2,1031,9
22261,1,1,False,2,1031,9
22263,1,1,False,0,-1,20
22264,1,1,False,0,-1,12
22267,1,1,False,3,19,5
22268,1,1,False,3,19,5
22275,1,1,False,1,294,14
22281,1,1,False,3,1032,20
22282,1,1,False,3,1032,20
22283,1,1,False,3,1032,20
22284,1,1,False,3,1032,20
22285,1,1,False,0,-1,15
22286,1,1,False,3,166,14
22289,1,1,False,3,166,14
22290,1,1,False,1,74,5
22293,1,1,False,0,-1,15
22295,1,1,False,1,294,13
22309,1,1,False,0,-1,18
22310,1,1,False,0,-1,9
22312,1,1,False,0,-1,18
22313,1,1,False,1,1033,12
22314,1,1,False,1,1033,12
22315,1,1,False,0,-1,18
22318,1,1,False,2,294,12
22319,1,1,False,2,294,12
22322,1,1,False,0,-1,16
22323,1,1,False,0,-1,14
22324,1,1,False,2,25,5
22326,1,1,False,2,25,5
22330,1,1,False,0,-1,15
22332,1,1,False,1,70,5
22333,1,1,False,1,1034,18
22334,1,1,False,1,1034,18
22336,1,1,False,2,12,4
22337,1,1,False,2,12,4
22339,1,1,False,3,25,20
22341,1,1,False,3,25,20
22347,1,1,False,1,30,13
22351,1,1,False,2,86,9
22352,1,1,False,2,86,9
22359,1,1,False,2,19,4
22363,1,1,False,0,-1,20
22370,1,1,False,3,95,12
22374,1,1,False,2,53,23
22375,1,1,False,2,53,23
22377,1,1,False,2,161,11
22378,1,1,False,2,161,11
22380,1,1,False,3,126,15
22382,1,1,False,3,126,15
22384,1,1,False,2,73,20
22386,1,1,False,0,-1,25
22387,1,1,False,0,-1,18
22389,1,1,False,0,-1,14
22391,1,1,False,1,1035,6
22392,1,1,False,1,1035,6
22394,1,1,False,0,-1,25
22395,1,1,False,1,28,18
22397,1,1,False,3,25,20
22398,1,1,False,3,25,20
22402,1,1,False,2,25,8
22403,1,1,False,2,25,8
22408,1,1,False,3,62,13
22410,1,1,False,3,62,13
22411,1,1,False,3,62,13
22413,1,1,False,3,48,13
22415,1,1,False,3,48,13
22416,1,1,False,0,-1,25
22417,1,1,False,3,25,14
22421,1,1,False,0,-1,13
22422,1,1,False,1,1036,21
22423,1,1,False,1,1036,21
22424,1,1,False,0,-1,5
22429,1,1,False,2,19,13
22430,1,1,False,2,19,13
22434,1,1,False,2,25,1
22437,1,1,False,1,64,12
22441,1,1,False,1,1037,5
22442,1,1,False,1,1037,5
22443,1,1,False,0,-1,14
22444,1,1,False,1,1038,20
22445,1,1,False,1,1038,20
22449,1,1,False,3,48,7
22450,1,1,False,0,-1,12
22451,1,1,False,0,-1,12
22454,1,1,False,2,25,5
22457,1,1,False,1,25,14
22458,1,1,False,1,164,12
22461,1,1,False,1,74,4
22465,1,1,False,0,-1,18
22468,1,1,False,1,48,20
22470,1,1,False,1,126,12
22474,1,1,False,0,-1,26
22475,1,1,False,0,-1,9
22480,1,1,False,1,1039,16
22481,1,1,False,1,1039,16
22482,1,1,False,0,-1,13
22484,1,1,False,1,1040,18
22485,1,1,False,1,1040,18
22487,1,1,False,0,-1,4
22489,1,1,False,0,-1,14
22490,1,1,False,0,-1,18
22496,1,1,False,0,-1,9
22498,1,1,False,2,12,5
22500,1,1,False,2,12,5
22501,1,1,False,2,1041,4
22502,1,1,False,2,1041,4
22503,1,1,False,2,1041,4
22504,1,1,False,0,-1,20
22505,1,1,False,0,-1,12
22506,1,1,False,0,-1,11
22507,1,1,False,1,1042,18
22508,1,1,False,1,1042,18
22509,1,1,False,0,-1,20
22510,1,1,False,0,-1,12
22516,1,1,False,0,-1,20
22517,1,1,False,0,-1,17
22518,1,1,False,1,1043,22
22521,1,1,False,0,-1,17
22523,1,1,False,2,51,2
22524,1,1,False,2,51,2
22525,1,1,False,1,1044,22
22526,1,1,False,1,1044,22
22527,1,1,False,0,-1,5
22529,1,1,False,2,31,15
22534,1,1,False,1,6,9
22536,1,1,False,2,12,17
22539,1,1,False,0,-1,16
22550,1,1,False,3,19,6
22552,1,1,False,3,19,6
22553,1,1,False,3,19,6
22554,1,1,False,0,-1,18
22557,1,1,False,1,161,12
22559,1,1,False,0,-1,14
22561,1,1,False,1,179,28
22565,1,1,False,3,19,13
22568,1,1,False,2,1045,18
22570,1,1,False,2,1045,18
22571,1,1,False,0,-1,9
22577,1,1,False,0,-1,23
22580,1,1,False,0,-1,2
22584,1,1,False,0,-1,5
22586,1,1,False,1,27,9
22587,1,1,False,1,1046,14
22588,1,1,False,1,1046,14
22589,1,1,False,1,10,20
22592,1,1,False,0,-1,21
22593,1,1,False,0,-1,13
22595,1,1,False,2,1047,14
22596,1,1,False,2,1047,14
22601,1,1,False,1,294,16
22604,1,1,False,1,86,22
22608,1,1,False,0,-1,12
22609,1,1,False,2,106,5
22612,1,1,False,0,-1,15
22615,1,1,False,1,1048,13
22616,1,1,False,1,1048,13
22617,1,1,False,0,-1,9
22619,1,1,False,0,-1,6
22620,1,1,False,0,-1,7
22621,1,1,False,1,25,12
22628,1,1,False,2,52,5
22629,1,1,False,2,52,5
22630,1,1,False,1,73,25
22632,1,1,False,0,-1,20
22633,1,1,False,2,53,11
22634,1,1,False,2,53,11
22639,1,1,False,0,-1,28
22640,1,1,False,1,166,12
22642,1,1,False,1,1049,11
22643,1,1,False,1,1049,11
22649,1,1,False,3,25,12
22650,1,1,False,0,-1,12
22652,1,1,False,0,-1,17
22654,1,1,False,0,-1,15
22658,1,1,False,3,126,9
22660,1,1,False,3,126,9
22663,1,1,False,1,161,12
22665,1,1,False,0,-1,14
22668,1,1,False,0,-1,12
22669,1,1,False,1,1050,13
22672,1,1,False,0,-1,22
22675,1,1,False,2,12,12
22677,1,1,False,2,62,20
22678,1,1,False,2,62,20
22681,1,1,False,1,19,5
22686,1,1,False,1,1051,14
22688,1,1,False,0,-1,17
22692,1,1,False,1,70,12
22693,1,1,False,0,-1,5
22695,1,1,False,2,18,12
22696,1,1,False,2,18,12
22699,1,1,False,0,-1,14
22701,1,1,False,0,-1,4
22703,1,1,False,2,25,4
22704,1,1,False,2,25,4
22705,1,1,False,0,-1,21
22706,1,1,False,0,-1,14
22707,1,1,False,0,-1,13
22710,1,1,False,2,86,8
22711,1,1,False,0,-1,21
22713,1,1,False,0,-1,13
22714,1,1,False,1,1052,14
22715,1,1,False,1,1052,14
22721,1,1,False,3,6,25
22722,1,1,False,3,6,25
22726,1,1,False,3,56,14
22727,1,1,False,3,56,14
22730,1,1,False,0,-1,20
22733,1,1,False,2,52,2
22736,1,1,False,1,73,12
22738,1,1,False,0,-1,20
22740,1,1,False,2,56,14
22743,1,1,False,1,14,4
22745,1,1,False,0,-1,12
22751,1,1,False,1,3,14
22752,1,1,False,1,25,14
22756,1,1,False,3,86,12
22758,1,1,False,3,294,14
22759,1,1,False,3,294,14
22762,1,1,False,0,-1,12
22765,1,1,False,2,86,12
22768,1,1,False,0,-1,18
22770,1,1,False,0,-1,23
22775,1,1,False,2,48,14
22778,1,1,False,1,1053,11
22779,1,1,False,0,-1,18
22780,1,1,False,0,-1,5
22781,1,1,False,2,294,27
22783,1,1,False,2,294,27
22784,1,1,False,0,-1,18
22786,1,1,False,1,23,15
22788,1,1,False,0,-1,4
22793,1,1,False,0,-1,14
22794,1,1,False,1,1054,2
22795,1,1,False,1,1054,2
22798,1,1,False,0,-1,12
22802,1,1,False,3,54,12
22804,1,1,False,0,-1,13
22805,1,1,False,0,-1,20
22812,1,1,False,2,25,25
22814,1,1,False,0,-1,4
22816,1,1,False,2,56,3
22817,1,1,False,2,56,3
22820,1,1,False,3,25,22
22822,1,1,False,3,25,22
22824,1,1,False,0,-1,14
22826,1,1,False,3,54,13
22829,1,1,False,1,294,5
22831,1,1,False,0,-1,20
22832,1,1,False,1,74,12
22838,1,1,False,3,18,23
22839,1,1,False,3,18,23
22843,1,1,False,1,19,18
22846,1,1,False,0,-1,18
22849,1,1,False,1,52,20
22851,1,1,False,1,1055,11
22852,1,1,False,1,1055,11
22858,1,1,False,0,-1,20
22861,1,1,False,1,59,4
22863,1,1,False,0,-1,4
22864,1,1,False,3,2,18
22865,1,1,False,3,2,18
22867,1,1,False,3,2,18
22868,1,1,False,3,7,14
22873,1,1,False,1,3,14
22880,1,1,False,2,86,8
22882,1,1,False,1,114,14
22884,1,1,False,1,1,8
22885,1,1,False,0,-1,21
22893,1,1,False,3,28,5
22895,1,1,False,1,63,5
22896,1,1,False,0,-1,12
22897,1,1,False,0,-1,15
22899,1,1,False,0,-1,15
22904,1,1,False,3,27,4
22905,1,1,False,3,27,4
22906,1,1,False,3,27,4
22907,1,1,False,0,-1,13
22912,1,1,False,2,105,14
22915,1,1,False,0,-1,20
22917,1,1,False,1,1056,18
22918,1,1,False,1,1056,18
22920,1,1,False,1,1057,16
22921,1,1,False,1,1057,16
22923,1,1,False,1,25,12
22924,1,1,False,1,19,5
22926,1,1,False,0,-1,5
22927,1,1,False,0,-1,22
22928,1,1,False,1,54,14
22930,1,1,False,1,1058,5
22931,1,1,False,1,1058,5
22934,1,1,False,3,70,12
22938,1,1,False,2,164,24
22941,1,1,False,1,1059,9
22942,1,1,False,1,1059,9
22946,1,1,False,1,63,28
22948,1,1,False,0,-1,9
22949,1,1,False,1,1060,5
22950,1,1,False,1,1060,5
22951,1,1,False,2,63,24
22956,1,1,False,3,2,14
22958,1,1,False,3,2,14
22961,1,1,False,3,54,14
22967,1,1,False,2,74,23
22968,1,1,False,1,1061,5
22969,1,1,False,1,1061,5
22970,1,1,False,0,-1,18
22971,1,1,False,0,-1,14
22972,1,1,False,0,-1,3
22973,1,1,False,0,-1,20
22974,1,1,False,1,1062,8
22975,1,1,False,1,1062,8
22977,1,1,False,2,105,20
22978,1,1,False,2,105,20
22981,1,1,False,0,-1,14
22982,1,1,False,0,-1,12
22989,1,1,False,1,1063,12
22990,1,1,False,1,1063,12
22992,1,1,False,1,1064,13
22993,1,1,False,1,1064,13
22996,1,1,False,3,86,14
22997,1,1,False,3,86,14
22998,1,1,False,3,86,14
23000,1,1,False,1,59,20
23013,1,1,False,1,126,6
23014,1,1,False,1,72,5
23016,1,1,False,0,-1,6
23019,1,1,False,3,164,12
23020,1,1,False,3,164,12
23022,1,1,False,0,-1,18
23027,1,1,False,0,-1,12
23030,1,1,False,2,52,14
23032,1,1,False,0,-1,12
23034,1,1,False,1,52,26
23037,1,1,False,1,19,21
23041,1,1,False,0,-1,25
23047,1,1,False,1,26,4
23049,1,1,False,0,-1,22
23050,1,1,False,0,-1,25
23054,1,1,False,2,3,13
23056,1,1,False,2,3,13
23058,1,1,False,2,70,18
23063,1,1,False,2,70,22
23065,1,1,False,2,59,28
23066,1,1,False,2,59,28
23069,1,1,False,2,86,12
23072,1,1,False,0,-1,20
23077,1,1,False,0,-1,6
23079,1,1,False,0,-1,4
23081,1,1,False,0,-1,12
23087,1,1,False,2,2,23
23088,1,1,False,2,2,23
23090,1,1,False,0,-1,27
23097,1,1,False,0,-1,18
23102,1,1,False,1,1065,15
23103,1,1,False,1,1065,15
23104,1,1,False,1,37,8
23109,1,1,False,3,25,19
23112,1,1,False,3,25,19
23117,1,1,False,0,-1,8
23118,1,1,False,1,1066,12
23119,1,1,False,1,1066,12
23120,1,1,False,0,-1,12
23121,1,1,False,0,-1,12
23123,1,1,False,0,-1,6
23124,1,1,False,1,1067,13
23125,1,1,False,1,1067,13
23126,1,1,False,2,105,12
23127,1,1,False,2,105,12
23130,1,1,False,3,164,12
23133,1,1,False,3,164,12
23149,1,1,False,2,59,20
23150,1,1,False,1,164,5
23153,1,1,False,1,114,3
23156,1,1,False,3,25,20
23158,1,1,False,3,25,20
23164,1,1,False,1,1068,12
23166,1,1,False,2,95,12
23167,1,1,False,2,95,12
23169,1,1,False,0,-1,9
23170,1,1,False,0,-1,5
23174,1,1,False,0,-1,5
23179,1,1,False,0,-1,9
23183,1,1,False,0,-1,23
23184,1,1,False,3,18,5
23186,1,1,False,3,18,5
23190,1,1,False,0,-1,12
23193,1,1,False,0,-1,18
23194,1,1,False,1,114,23
23199,1,1,False,0,-1,15
23200,1,1,False,0,-1,15
23203,1,1,False,1,62,15
23210,1,1,False,2,56,4
23215,1,1,False,3,12,13
23216,1,1,False,2,86,5
23217,1,1,False,2,86,5
23219,1,1,False,0,-1,20
23222,1,1,False,0,-1,23
23226,1,1,False,0,-1,5
23227,1,1,False,2,62,18
23230,1,1,False,2,164,18
23235,1,1,False,2,2,23
23238,1,1,False,0,-1,9
23239,1,1,False,1,1069,18
23240,1,1,False,1,1069,18
23241,1,1,False,0,-1,12
23243,1,1,False,0,-1,4
23244,1,1,False,0,-1,12
23245,1,1,False,0,-1,8
23246,1,1,False,2,126,16
23247,1,1,False,2,126,16
23249,1,1,False,3,26,13
23252,1,1,False,3,26,13
23254,1,1,False,0,-1,5
23256,1,1,False,0,-1,21
23258,1,1,False,1,3,28
23260,1,1,False,2,166,11
23261,1,1,False,2,166,11
23263,1,1,False,1,27,12
23265,1,1,False,0,-1,22
23267,1,1,False,1,27,8
23271,1,1,False,1,1070,13
23272,1,1,False,1,1070,13
23276,1,1,False,3,179,12
23277,1,1,False,3,179,12
23278,1,1,False,0,-1,18
23282,1,1,False,1,3,27
23283,1,1,False,0,-1,1
23288,1,1,False,2,2,4
23290,1,1,False,1,73,20
23292,1,1,False,0,-1,24
23296,1,1,False,3,86,5
23303,1,1,False,1,86,6
23304,1,1,False,0,-1,21
23305,1,1,False,1,86,5
23311,1,1,False,1,1071,20
23312,1,1,False,1,1071,20
23314,1,1,False,1,1072,12
23315,1,1,False,1,1072,12
23316,1,1,False,1,1073,23
23317,1,1,False,1,1073,23
23322,1,1,False,2,59,22
23330,1,1,False,2,164,18
23331,1,1,False,2,164,18
23338,1,1,False,2,137,13
23339,1,1,False,2,137,13
23342,1,1,False,0,-1,23
23347,1,1,False,1,164,12
23349,1,1,False,0,-1,11
23351,1,1,False,1,135,7
23353,1,1,False,1,70,12
23355,1,1,False,0,-1,11
23360,1,1,False,3,1074,20
23361,1,1,False,3,1074,20
23363,1,1,False,3,1074,20
23364,1,1,False,0,-1,4
23365,1,1,False,0,-1,5
23366,1,1,False,1,10,5
23368,1,1,False,2,1075,7
23369,1,1,False,2,1075,7
23370,1,1,False,2,1075,7
23373,1,1,False,3,164,18
23375,1,1,False,0,-1,4
23384,1,1,False,3,137,9
23388,1,1,False,1,70,27
23389,1,1,False,2,86,8
23390,1,1,False,2,86,8
23392,1,1,False,2,1076,12
23393,1,1,False,2,1076,12
23394,1,1,False,2,1076,12
23396,1,1,False,0,-1,8
23401,1,1,False,1,1077,6
23402,1,1,False,1,1077,6
23405,1,1,False,1,86,12
23407,1,1,False,1,72,8
23411,1,1,False,1,164,8
23412,1,1,False,1,54,4
23415,1,1,False,2,28,12
23416,1,1,False,2,28,12
23421,1,1,False,3,86,23
23428,1,1,False,0,-1,2
23430,1,1,False,1,1078,20
23431,1,1,False,1,1078,20
23434,1,1,False,0,-1,5
23436,1,1,False,1,72,20
23442,1,1,False,0,-1,12
23443,1,1,False,0,-1,12
23445,1,1,False,3,68,13
23447,1,1,False,3,68,13
23449,1,1,False,1,1079,12
23450,1,1,False,1,1079,12
23451,1,1,False,0,-1,12
23453,1,1,False,1,1080,13
23454,1,1,False,0,-1,6
23456,1,1,False,2,26,12
23457,1,1,False,2,26,12
23458,1,1,False,0,-1,5
23460,1,1,False,2,7,5
23464,1,1,False,2,31,4
23466,1,1,False,0,-1,18
23469,1,1,False,2,16,5
23473,1,1,False,1,3,14
23474,1,1,False,3,142,7
23476,1,1,False,3,142,7
23477,1,1,False,3,142,7
23480,1,1,False,2,54,9
23481,1,1,False,2,54,9
23484,1,1,False,3,62,24
23485,1,1,False,3,62,24
23487,1,1,False,0,-1,14
23488,1,1,False,1,14,18
23491,1,1,False,1,1081,8
23492,1,1,False,1,1081,8
23498,1,1,False,1,1082,23
23499,1,1,False,1,1082,23
23500,1,1,False,1,1083,18
23501,1,1,False,1,1083,18
23505,1,1,False,3,63,12
23506,1,1,False,2,105,13
23509,1,1,False,2,35,14
23513,1,1,False,0,-1,18
23517,1,1,False,1,54,14
23520,1,1,False,1,1084,10
23521,1,1,False,1,1084,10
23527,1,1,False,0,-1,4
23529,1,1,False,2,19,5
23530,1,1,False,2,19,5
23539,1,1,False,0,-1,4
23543,1,1,False,1,10,6
23549,1,1,False,1,86,17
23551,1,1,False,0,-1,11
23552,1,1,False,0,-1,5
23553,1,1,False,0,-1,20
23555,1,1,False,0,-1,27
23556,1,1,False,1,1085,20
23557,1,1,False,1,1085,20
23558,1,1,False,1,1086,7
23559,1,1,False,1,1086,7
23560,1,1,False,2,18,14
23562,1,1,False,2,18,14
23563,1,1,False,0,-1,23
23564,1,1,False,3,1087,18
23566,1,1,False,3,1087,18
23567,1,1,False,3,1087,18
23569,1,1,False,0,-1,26
23571,1,1,False,2,54,9
23573,1,1,False,0,-1,15
23576,1,1,False,0,-1,5
23578,1,1,False,1,166,18
23580,1,1,False,1,10,12
23582,1,1,False,0,-1,14
23583,1,1,False,0,-1,25
23585,1,1,False,2,62,12
23586,1,1,False,2,62,12
23587,1,1,False,0,-1,18
23588,1,1,False,1,1088,12
23590,1,1,False,1,1089,4
23591,1,1,False,1,1089,4
23595,1,1,False,1,1090,20
23596,1,1,False,1,1090,20
23600,1,1,False,2,25,12
23601,1,1,False,2,25,12
23602,1,1,False,0,-1,12
23603,1,1,False,0,-1,5
23604,1,1,False,0,-1,14
23608,1,1,False,2,164,13
23612,1,1,False,0,-1,23
23613,1,1,False,2,1091,17
23615,1,1,False,2,1091,17
23617,1,1,False,2,86,18
23626,1,1,False,3,35,8
23627,1,1,False,3,35,8
23629,1,1,False,1,1092,18
23630,1,1,False,1,1092,18
23637,1,1,False,0,-1,18
23639,1,1,False,3,1093,2
23640,1,1,False,3,1093,2
23641,1,1,False,3,1093,2
23644,1,1,False,0,-1,13
23645,1,1,False,0,-1,20
23649,1,1,False,1,59,4
23651,1,1,False,0,-1,4
23654,1,1,False,2,464,12
23655,1,1,False,2,464,12
23657,1,1,False,1,14,14
23658,1,1,False,1,6,20
23662,1,1,False,2,59,18
23665,1,1,False,0,-1,12
23666,1,1,False,1,1094,18
23674,1,1,False,0,-1,20
23675,1,1,False,2,10,14
23678,1,1,False,1,37,18
23681,1,1,False,2,22,12
23682,1,1,False,2,22,12
23684,1,1,False,1,70,12
23686,1,1,False,2,0,6
23687,1,1,False,2,0,6
23688,1,1,False,0,-1,12
23699,1,1,False,0,-1,14
23700,1,1,False,1,1095,20
23701,1,1,False,1,1095,20
23707,1,1,False,0,-1,4
23712,1,1,False,2,1096,17
23713,1,1,False,2,1096,17
23714,1,1,False,2,1096,17
23717,1,1,False,3,70,6
23725,1,1,False,1,114,14
23729,1,1,False,2,30,12
23730,1,1,False,1,59,9
23732,1,1,False,0,-1,17
23734,1,1,False,2,25,8
23738,1,1,False,1,2,13
23742,1,1,False,1,135,20
23743,1,1,False,3,59,9
23745,1,1,False,3,59,9
23746,1,1,False,3,59,9
23748,1,1,False,0,-1,24
23749,1,1,False,0,-1,17
23752,1,1,False,0,-1,22
23754,1,1,False,2,105,11
23758,1,1,False,1,1097,14
23759,1,1,False,1,1097,14
23761,1,1,False,0,-1,11
23764,1,1,False,1,1098,14
23767,1,1,False,3,164,8
23770,1,1,False,0,-1,4
23772,1,1,False,0,-1,20
23776,1,1,False,0,-1,25
23784,1,1,False,2,63,11
23786,1,1,False,2,63,11
23788,1,1,False,2,86,28
23790,1,1,False,1,22,20
23795,1,1,False,2,70,13
23796,1,1,False,1,1099,18
23797,1,1,False,1,1099,18
23798,1,1,False,1,1093,12
23800,1,1,False,0,-1,18
23801,1,1,False,0,-1,25
23803,1,1,False,3,161,12
23804,1,1,False,3,161,12
23806,1,1,False,3,161,12
23810,1,1,False,0,-1,13
23812,1,1,False,3,179,18
23815,1,1,False,0,-1,4
23820,1,1,False,1,164,8
23822,1,1,False,1,30,28
23826,1,1,False,0,-1,5
23827,1,1,False,0,-1,5
23829,1,1,False,2,1100,12
23830,1,1,False,2,1100,12
23835,1,1,False,2,86,28
23836,1,1,False,2,86,28
23839,1,1,False,0,-1,13
23841,1,1,False,1,62,14
23843,1,1,False,3,1101,12
23845,1,1,False,3,1101,12
23846,1,1,False,3,1101,12
23855,1,1,False,1,63,13
23857,1,1,False,1,1102,13
23858,1,1,False,1,1103,14
23859,1,1,False,1,1103,14
23861,1,1,False,1,35,11
23865,1,1,False,3,63,21
23868,1,1,False,2,27,17
23872,1,1,False,3,86,15
23873,1,1,False,3,86,15
23878,1,1,False,1,1104,5
23879,1,1,False,1,1104,5
23880,1,1,False,0,-1,18
23882,1,1,False,0,-1,4
23889,1,1,False,1,135,14
23892,1,1,False,1,1105,4
23893,1,1,False,0,-1,14
23894,1,1,False,2,1106,18
23895,1,1,False,2,1106,18
23899,1,1,False,3,105,14
23902,1,1,False,1,6,27
23903,1,1,False,0,-1,14
23906,1,1,False,0,-1,25
23912,1,1,False,2,1107,22
23913,1,1,False,2,1107,22
23914,1,1,False,2,1107,22
23921,1,1,False,2,22,2
23923,1,1,False,2,22,2
23924,1,1,False,0,-1,15
23925,1,1,False,0,-1,12
23927,1,1,False,2,51,16
23928,1,1,False,2,51,16
23930,1,1,False,1,97,12
23931,1,1,False,2,2,20
23935,1,1,False,2,18,5
23937,1,1,False,0,-1,13
23938,1,1,False,0,-1,14
23940,1,1,False,2,114,12
23942,1,1,False,0,-1,5
23944,1,1,False,1,70,17
23945,1,1,False,0,-1,12
23946,1,1,False,0,-1,27
23947,1,1,False,1,1108,6
23948,1,1,False,1,1108,6
23950,1,1,False,1,62,20
23951,1,1,False,1,1109,24
23952,1,1,False,1,1109,24
23953,1,1,False,0,-1,5
23956,1,1,False,3,52,12
23959,1,1,False,3,52,12
23960,1,1,False,0,-1,9
23961,1,1,False,0,-1,18
23962,1,1,False,1,1110,8
23963,1,1,False,1,1110,8
23965,1,1,False,1,1111,19
23966,1,1,False,1,1111,19
23970,1,1,False,0,-1,14
23978,1,1,False,2,1112,4
23984,1,1,False,3,22,5
23987,1,1,False,3,86,18
23988,1,1,False,3,86,18
23991,1,1,False,0,-1,5
23998,1,1,False,1,1113,20
23999,1,1,False,1,1113,20
24001,1,1,False,1,30,18
24002,1,1,False,1,68,14
24005,1,1,False,1,1114,12
24006,1,1,False,1,1114,12
24009,1,1,False,0,-1,12
24010,1,1,False,0,-1,27
24013,1,1,False,2,70,28
24018,1,1,False,3,63,12
24019,1,1,False,3,63,12
24021,1,1,False,2,1115,8
24022,1,1,False,2,1115,8
24023,1,1,False,2,1115,8
24028,1,1,False,0,-1,6
24031,1,1,False,0,-1,13
24037,1,1,False,3,62,8
24040,1,1,False,0,-1,12
24043,1,1,False,1,63,8
24045,1,1,False,1,68,14
24048,1,1,False,0,-1,12
24057,1,1,False,1,1116,18
24058,1,1,False,1,1116,18
24060,1,1,False,0,-1,9
24061,1,1,False,2,18,5
24064,1,1,False,0,-1,2
24066,1,1,False,2,70,28
24068,1,1,False,0,-1,14
24071,1,1,False,2,105,18
24072,1,1,False,2,105,18
24076,1,1,False,1,52,18
24078,1,1,False,2,6,26
24079,1,1,False,2,6,26
24082,1,1,False,2,179,5
24087,1,1,False,3,80,20
24088,1,1,False,3,80,20
24089,1,1,False,1,1117,17
24090,1,1,False,1,1117,17
24093,1,1,False,2,54,22
24097,1,1,False,0,-1,27
24098,1,1,False,1,1118,3
24099,1,1,False,1,1118,3
24101,1,1,False,1,95,13
24107,1,1,False,3,70,24
24108,1,1,False,3,70,24
24111,1,1,False,0,-1,4
24112,1,1,False,1,166,18
24114,1,1,False,1,1119,18
24115,1,1,False,1,1119,18
24117,1,1,False,2,54,2
24118,1,1,False,2,54,2
24119,1,1,False,1,97,9
24122,1,1,False,1,166,15
24127,1,1,False,1,70,10
24128,1,1,False,1,1120,14
24129,1,1,False,1,1120,14
24137,1,1,False,0,-1,13
24139,1,1,False,3,86,12
24141,1,1,False,3,86,12
24145,1,1,False,0,-1,12
24149,1,1,False,1,52,15
24151,1,1,False,0,-1,14
24154,1,1,False,0,-1,12
24155,1,1,False,2,1121,12
24156,1,1,False,2,1121,12
24157,1,1,False,2,1121,12
24159,1,1,False,1,58,13
24161,1,1,False,0,-1,14
24162,1,1,False,1,70,14
24164,1,1,False,0,-1,18
24167,1,1,False,2,54,28
24169,1,1,False,1,62,5
24170,1,1,False,0,-1,4
24171,1,1,False,0,-1,12
24174,1,1,False,1,10,15
24175,1,1,False,0,-1,12
24176,1,1,False,2,135,12
24180,1,1,False,2,86,12
24181,1,1,False,2,86,12
24183,1,1,False,0,-1,7
24188,1,1,False,3,3,14
24190,1,1,False,3,3,14
24191,1,1,False,1,63,12
24197,1,1,False,1,56,9
24199,1,1,False,0,-1,8
24200,1,1,False,0,-1,13
24202,1,1,False,1,86,17
24204,1,1,False,0,-1,15
24205,1,1,False,0,-1,12
24208,1,1,False,1,10,9
24209,1,1,False,0,-1,12
24210,1,1,False,0,-1,15
24212,1,1,False,2,63,13
24214,1,1,False,0,-1,23
24218,1,1,False,1,86,9
24219,1,1,False,0,-1,12
24222,1,1,False,0,-1,13
24223,1,1,False,3,59,12
24224,1,1,False,3,59,12
24228,1,1,False,0,-1,12
24229,1,1,False,1,1122,17
24230,1,1,False,1,1122,17
24234,1,1,False,0,-1,5
24236,1,1,False,1,54,12
24242,1,1,False,2,70,23
24251,1,1,False,1,164,12
24253,1,1,False,0,-1,12
24255,1,1,False,1,58,17
24257,1,1,False,0,-1,23
24258,1,1,False,1,95,5
24264,1,1,False,0,-1,22
24265,1,1,False,0,-1,4
24266,1,1,False,0,-1,12
24268,1,1,False,0,-1,18
24269,1,1,False,3,1123,9
24270,1,1,False,3,1123,9
24271,1,1,False,3,1123,9
24272,1,1,False,3,1123,9
24275,1,1,False,1,72,13
24279,1,1,False,3,63,18
24281,1,1,False,3,164,4
24282,1,1,False,3,164,4
24287,1,1,False,0,-1,24
24288,1,1,False,0,-1,15
24289,1,1,False,2,62,14
24295,1,1,False,1,1124,19
24296,1,1,False,1,1124,19
24297,1,1,False,0,-1,13
24298,1,1,False,0,-1,4
24300,1,1,False,1,27,9
24301,1,1,False,2,28,15
24305,1,1,False,1,1125,28
24306,1,1,False,1,1125,28
24307,1,1,False,0,-1,4
24311,1,1,False,0,-1,12
24317,1,1,False,1,72,5
24318,1,1,False,0,-1,15
24321,1,1,False,0,-1,13
24324,1,1,False,3,86,18
24328,1,1,False,2,70,2
24332,1,1,False,2,70,9
24333,1,1,False,0,-1,14
24337,1,1,False,2,68,23
24339,1,1,False,0,-1,23
24341,1,1,False,2,86,12
24342,1,1,False,2,86,12
24346,1,1,False,1,54,12
24348,1,1,False,0,-1,20
24349,1,1,False,0,-1,3
24350,1,1,False,0,-1,4
24355,1,1,False,0,-1,19
24359,1,1,False,0,-1,22
24361,1,1,False,0,-1,25
24363,1,1,False,3,59,7
24364,1,1,False,3,59,7
24366,1,1,False,3,59,7
24368,1,1,False,0,-1,4
24379,1,1,False,1,1126,14
24380,1,1,False,1,1126,14
24382,1,1,False,1,16,18
24383,1,1,False,1,1127,21
24385,1,1,False,1,1128,16
24386,1,1,False,1,1128,16
24387,1,1,False,0,-1,11
24388,1,1,False,0,-1,15
24390,1,1,False,3,43,18
24393,1,1,False,0,-1,5
24395,1,1,False,2,86,21
24396,1,1,False,2,86,21
24399,1,1,False,0,-1,14
24401,1,1,False,0,-1,22
24404,1,1,False,3,164,8
24407,1,1,False,0,-1,5
24408,1,1,False,0,-1,9
24409,1,1,False,0,-1,18
24413,1,1,False,2,3,12
24416,1,1,False,0,-1,19
24417,1,1,False,0,-1,22
24421,1,1,False,0,-1,18
24423,1,1,False,1,18,26
24425,1,1,False,1,86,12
24426,1,1,False,0,-1,12
24429,1,1,False,2,59,6
24430,1,1,False,2,59,6
24431,1,1,False,0,-1,2
24434,1,1,False,2,1129,20
24435,1,1,False,2,1129,20
24436,1,1,False,2,1129,20
24437,1,1,False,2,19,12
24438,1,1,False,2,19,12
24441,1,1,False,2,37,24
24442,1,1,False,2,37,24
24443,1,1,False,0,-1,14
24456,1,1,False,3,10,6
24457,1,1,False,3,10,6
24461,1,1,False,0,-1,5
24466,1,1,False,0,-1,12
24467,1,1,False,1,489,20
24469,1,1,False,0,-1,21
24471,1,1,False,1,1130,14
24472,1,1,False,1,1130,14
24473,1,1,False,1,86,24
24477,1,1,False,1,111,3
24480,1,1,False,2,70,12
24482,1,1,False,0,-1,14
24487,1,1,False,0,-1,23
24497,1,1,False,1,19,13
24499,1,1,False,1,1131,17
24500,1,1,False,1,1131,17
24501,1,1,False,1,27,13
24505,1,1,False,1,1132,20
24506,1,1,False,1,1132,20
24509,1,1,False,3,59,25
24511,1,1,False,3,59,25
24513,1,1,False,1,294,12
24515,1,1,False,1,1133,12
24516,1,1,False,1,1133,12
24518,1,1,False,1,59,21
24520,1,1,False,0,-1,12
24525,1,1,False,1,179,9
24529,1,1,False,1,52,10
24530,1,1,False,0,-1,12
24532,1,1,False,0,-1,11
24535,1,1,False,2,2,7
24538,1,1,False,0,-1,13
24544,1,1,False,3,54,14
24548,1,1,False,1,1134,12
24549,1,1,False,1,1134,12
24550,1,1,False,0,-1,24
24554,1,1,False,2,44,22
24556,1,1,False,0,-1,5
24561,1,1,False,3,70,25
24564,1,1,False,1,1135,25
24565,1,1,False,1,1135,25
24566,1,1,False,0,-1,9
24568,1,1,False,2,86,6
24569,1,1,False,2,86,6
24571,1,1,False,0,-1,18
24573,1,1,False,1,23,2
24576,1,1,False,0,-1,20
24577,1,1,False,0,-1,20
24581,1,1,False,3,166,28
24583,1,1,False,3,166,28
24586,1,1,False,0,-1,13
24588,1,1,False,0,-1,14
24590,1,1,False,3,1136,1
24592,1,1,False,3,1136,1
24593,1,1,False,3,1136,1
24596,1,1,False,2,105,13
24599,1,1,False,0,-1,10
24600,1,1,False,0,-1,8
24604,1,1,False,0,-1,20
24606,1,1,False,3,28,18
24607,1,1,False,3,28,18
24608,1,1,False,3,28,18
24609,1,1,False,0,-1,21
24610,1,1,False,0,-1,9
24612,1,1,False,2,114,5
24616,1,1,False,0,-1,15
24618,1,1,False,0,-1,20
24619,1,1,False,0,-1,14
24622,1,1,False,0,-1,10
24626,1,1,False,1,86,12
24627,1,1,False,1,164,20
24630,1,1,False,0,-1,14
24636,1,1,False,1,70,5
24638,1,1,False,0,-1,4
24640,1,1,False,3,86,5
24643,1,1,False,0,-1,12
24645,1,1,False,1,25,12
24650,1,1,False,2,63,9
24651,1,1,False,0,-1,20
24657,1,1,False,1,28,12
24660,1,1,False,1,3,12
24661,1,1,False,0,-1,12
24662,1,1,False,2,1137,14
24664,1,1,False,2,1137,14
24665,1,1,False,1,80,18
24667,1,1,False,0,-1,20
24668,1,1,False,0,-1,21
24669,1,1,False,1,135,23
24671,1,1,False,1,106,12
24674,1,1,False,2,114,27
24676,1,1,False,1,1138,15
24677,1,1,False,1,1138,15
24686,1,1,False,0,-1,15
24688,1,1,False,1,86,13
24689,1,1,False,3,19,4
24690,1,1,False,3,19,4
24694,1,1,False,2,16,6
24696,1,1,False,2,16,6
24697,1,1,False,0,-1,13
24698,1,1,False,2,54,17
24702,1,1,False,3,18,12
24707,1,1,False,0,-1,24
24709,1,1,False,0,-1,6
24713,1,1,False,2,1139,13
24714,1,1,False,2,1139,13
24717,1,1,False,2,10,18
24724,1,1,False,3,135,13
24727,1,1,False,3,135,13
24728,1,1,False,1,1140,13
24729,1,1,False,1,1140,13
24733,1,1,False,0,-1,23
24734,1,1,False,1,1141,14
24735,1,1,False,1,1141,14
24736,1,1,False,0,-1,9
24742,1,1,False,2,126,13
24743,1,1,False,2,126,13
24747,1,1,False,0,-1,10
24753,1,1,False,0,-1,12
24755,1,1,False,2,7,11
24757,1,1,False,0,-1,21
24758,1,1,False,0,-1,4
24761,1,1,False,1,14,4
24762,1,1,False,0,-1,22
24764,1,1,False,1,59,17
24766,1,1,False,0,-1,8
24769,1,1,False,3,135,5
24775,1,1,False,0,-1,5
24778,1,1,False,2,70,15
24783,1,1,False,1,14,18
24786,1,1,False,1,1142,18
24788,1,1,False,0,-1,27
24791,1,1,False,0,-1,17
24792,1,1,False,0,-1,6
24793,1,1,False,3,22,25
24795,1,1,False,3,22,25
24798,1,1,False,1,30,14
24803,1,1,False,3,70,12
24808,1,1,False,0,-1,20
24815,1,1,False,1,86,17
24823,1,1,False,1,135,22
24830,1,1,False,0,-1,9
24835,1,1,False,1,1143,9
24836,1,1,False,0,-1,18
24837,1,1,False,1,1144,12
24838,1,1,False,1,1144,12
24840,1,1,False,1,54,4
24842,1,1,False,2,54,14
24844,1,1,False,1,135,24
24847,1,1,False,1,72,12
24848,1,1,False,0,-1,18
24851,1,1,False,2,68,5
24854,1,1,False,0,-1,18
24855,1,1,False,3,164,4
24857,1,1,False,3,164,4
24861,1,1,False,2,30,9
24863,1,1,False,1,52,18
24865,1,1,False,2,1087,5
24867,1,1,False,2,1087,5
24869,1,1,False,1,1,18
24871,1,1,False,1,86,12
24872,1,1,False,0,-1,12
24873,1,1,False,0,-1,22
24875,1,1,False,1,86,9
24876,1,1,False,0,-1,20
24878,1,1,False,3,51,12
24881,1,1,False,0,-1,9
24882,1,1,False,0,-1,20
24883,1,1,False,0,-1,12
24884,1,1,False,1,1145,9
24885,1,1,False,1,1145,9
24886,1,1,False,1,1146,20
24887,1,1,False,1,1146,20
24888,1,1,False,0,-1,20
24893,1,1,False,0,-1,5
24894,1,1,False,3,63,5
24897,1,1,False,3,63,5
24900,1,1,False,0,-1,27
24901,1,1,False,0,-1,8
24903,1,1,False,1,1147,5
24904,1,1,False,1,1147,5
24906,1,1,False,0,-1,5
24909,1,1,False,0,-1,14
24910,1,1,False,0,-1,13
24911,1,1,False,0,-1,22
24913,1,1,False,0,-1,22
24914,1,1,False,0,-1,18
24915,1,1,False,2,1148,17
24916,1,1,False,2,1148,17
24917,1,1,False,2,1148,17
24919,1,1,False,2,25,20
24921,1,1,False,1,1,18
24924,1,1,False,0,-1,5
24925,1,1,False,0,-1,18
24926,1,1,False,1,1149,4
24928,1,1,False,2,164,5
24930,1,1,False,2,164,5
24931,1,1,False,3,135,8
24934,1,1,False,3,135,8
24935,1,1,False,0,-1,8
24937,1,1,False,0,-1,26
24942,1,1,False,2,1150,12
24943,1,1,False,2,1150,12
24944,1,1,False,2,1150,12
24945,1,1,False,3,86,13
24947,1,1,False,3,86,13
24953,1,1,False,0,-1,2
24954,1,1,False,0,-1,14
24955,1,1,False,0,-1,22
24956,1,1,False,1,1151,5
24957,1,1,False,1,1151,5
24960,1,1,False,3,86,6
24961,1,1,False,3,86,6
24963,1,1,False,1,63,4
24967,1,1,False,0,-1,22
24971,1,1,False,0,-1,5
24972,1,1,False,0,-1,5
24977,1,1,False,0,-1,24
24978,1,1,False,0,-1,11
24981,1,1,False,1,1152,27
24982,1,1,False,1,1152,27
24983,1,1,False,0,-1,17
24985,1,1,False,1,25,12
24988,1,1,False,0,-1,25
24990,1,1,False,3,70,12
24993,1,1,False,3,70,12
24995,1,1,False,1,164,7
24996,1,1,False,3,54,5
24997,1,1,False,3,54,5
25003,1,1,False,0,-1,1
25004,1,1,False,1,142,14
25007,1,1,False,3,70,14
25012,1,1,False,0,-1,21
25013,1,1,False,0,-1,9
25014,1,1,False,1,54,13
25020,1,1,False,0,-1,8
25021,1,1,False,1,1153,5
25022,1,1,False,1,1153,5
25026,1,1,False,2,70,18
25027,1,1,False,2,70,18
25029,1,1,False,0,-1,6
25034,1,1,False,3,58,17
25035,1,1,False,0,-1,10
25043,1,1,False,2,1154,9
25044,1,1,False,2,1154,9
25045,1,1,False,2,1154,9
25048,1,1,False,0,-1,13
25049,1,1,False,0,-1,2
25051,1,1,False,0,-1,18
25055,1,1,False,2,30,20
25062,1,1,False,2,63,16
25064,1,1,False,1,1155,20
25065,1,1,False,1,1155,20
25068,1,1,False,3,70,4
25069,1,1,False,3,70,4
25073,1,1,False,1,70,12
25074,1,1,False,0,-1,12
25075,1,1,False,0,-1,27
25077,1,1,False,0,-1,14
25079,1,1,False,2,2,14
25081,1,1,False,2,2,14
25085,1,1,False,0,-1,7
25087,1,1,False,0,-1,14
25088,1,1,False,1,3,22
25092,1,1,False,1,1156,20
25093,1,1,False,1,1156,20
25094,1,1,False,0,-1,5
25097,1,1,False,1,1157,10
25098,1,1,False,0,-1,16
25100,1,1,False,0,-1,12
25102,1,1,False,3,2,12
25104,1,1,False,3,2,12
25105,1,1,False,3,2,12
25110,1,1,False,3,70,18
25114,1,1,False,3,20,8
25116,1,1,False,0,-1,5
25124,1,1,False,0,-1,22
25127,1,1,False,1,3,12
25129,1,1,False,0,-1,14
25130,1,1,False,0,-1,18
25134,1,1,False,1,54,5
25136,1,1,False,1,105,16
25140,1,1,False,2,126,2
25142,1,1,False,2,126,2
25145,1,1,False,0,-1,12
25146,1,1,False,0,-1,12
25151,1,1,False,0,-1,18
25156,1,1,False,0,-1,11
25159,1,1,False,2,63,20
25161,1,1,False,2,63,20
25164,1,1,False,3,1158,12
25166,1,1,False,3,1158,12
25167,1,1,False,3,1158,12
25169,1,1,False,3,16,24
25172,1,1,False,3,16,24
25178,1,1,False,2,72,8
25181,1,1,False,1,63,12
25182,1,1,False,0,-1,21
25186,1,1,False,1,1159,21
25187,1,1,False,1,1159,21
25190,1,1,False,2,23,12
25193,1,1,False,2,164,14
25200,1,1,False,0,-1,12
25201,1,1,False,0,-1,8
25205,1,1,False,2,86,18
25206,1,1,False,2,86,18
25207,1,1,False,0,-1,6
25214,1,1,False,3,97,19
25217,1,1,False,0,-1,12
25218,1,1,False,1,1160,22
25219,1,1,False,1,1160,22
25223,1,1,False,1,1161,22
25224,1,1,False,1,1161,22
25228,1,1,False,1,1162,12
25229,1,1,False,3,1163,20
25230,1,1,False,3,1163,20
25231,1,1,False,3,1163,20
25232,1,1,False,3,1163,20
25233,1,1,False,0,-1,20
25237,1,1,False,2,12,11
25238,1,1,False,0,-1,5
25243,1,1,False,1,114,25
25245,1,1,False,0,-1,12
25248,1,1,False,0,-1,9
25249,1,1,False,1,1164,9
25250,1,1,False,1,1164,9
25253,1,1,False,1,1165,12
25254,1,1,False,1,1165,12
25256,1,1,False,0,-1,8
25258,1,1,False,1,1166,13
25259,1,1,False,1,1166,13
25261,1,1,False,1,16,10
25262,1,1,False,1,1167,15
25263,1,1,False,1,1167,15
25264,1,1,False,0,-1,22
25265,1,1,False,0,-1,13
25268,1,1,False,0,-1,9
25270,1,1,False,1,63,20
25273,1,1,False,1,111,14
25275,1,1,False,2,54,22
25276,1,1,False,2,54,22
25278,1,1,False,3,86,14
25279,1,1,False,3,86,14
25280,1,1,False,3,86,14
25283,1,1,False,0,-1,5
25285,1,1,False,0,-1,12
25286,1,1,False,0,-1,24
25288,1,1,False,3,53,12
25290,1,1,False,3,53,12
25293,1,1,False,0,-1,5
25294,1,1,False,0,-1,5
25296,1,1,False,0,-1,15
25297,1,1,False,3,72,18
25298,1,1,False,3,72,18
25304,1,1,False,2,54,20
25306,1,1,False,2,54,20
25307,1,1,False,0,-1,24
25310,1,1,False,1,10,8
25312,1,1,False,1,54,5
25314,1,1,False,0,-1,17
25315,1,1,False,0,-1,12
25318,1,1,False,3,86,5
25322,1,1,False,0,-1,24
25323,1,1,False,0,-1,27
25325,1,1,False,0,-1,27
25326,1,1,False,0,-1,12
25327,1,1,False,0,-1,23
25328,1,1,False,3,22,3
25329,1,1,False,3,22,3
25330,1,1,False,3,22,3
25341,1,1,False,0,-1,25
25343,1,1,False,2,63,17
25346,1,1,False,0,-1,3
25347,1,1,False,0,-1,12
25349,1,1,False,1,1168,9
25356,1,1,False,2,12,14
25357,1,1,False,2,63,12
25360,1,1,False,0,-1,9
25361,1,1,False,1,1169,20
25362,1,1,False,1,1169,20
25363,1,1,False,2,111,9
25365,1,1,False,2,111,9
25368,1,1,False,1,68,17
25374,1,1,False,2,139,9
25376,1,1,False,2,139,9
25380,1,1,False,0,-1,12
25381,1,1,False,0,-1,2
25385,1,1,False,2,7,25
25386,1,1,False,0,-1,5
25390,1,1,False,0,-1,12
25392,1,1,False,2,567,12
25393,1,1,False,2,567,12
25396,1,1,False,2,114,5
25397,1,1,False,0,-1,18
25401,1,1,False,0,-1,13
25403,1,1,False,0,-1,12
25405,1,1,False,0,-1,5
25407,1,1,False,0,-1,2
25411,1,1,False,0,-1,14
25413,1,1,False,1,3,20
25416,1,1,False,1,59,12
25419,1,1,False,2,1170,25
25420,1,1,False,2,1170,25
25421,1,1,False,2,1170,25
25422,1,1,False,2,179,17
25424,1,1,False,2,179,17
25427,1,1,False,0,-1,18
25429,1,1,False,2,10,7
25430,1,1,False,2,10,7
25432,1,1,False,1,86,12
25433,1,1,False,0,-1,20
25435,1,1,False,1,12,21
25441,1,1,False,2,43,18
25445,1,1,False,1,1171,12
25446,1,1,False,1,1171,12
25447,1,1,False,2,22,12
25454,1,1,False,0,-1,5
25458,1,1,False,1,1172,3
25459,1,1,False,1,1172,3
25463,1,1,False,0,-1,14
25464,1,1,False,0,-1,9
25467,1,1,False,0,-1,6
25470,1,1,False,2,52,2
25472,1,1,False,0,-1,9
25473,1,1,False,0,-1,12
25474,1,1,False,0,-1,12
25475,1,1,False,1,1173,5
25476,1,1,False,1,1173,5
25477,1,1,False,0,-1,12
25479,1,1,False,1,86,5
25483,1,1,False,1,3,15
25486,1,1,False,0,-1,12
25487,1,1,False,2,70,20
25489,1,1,False,2,70,20
25494,1,1,False,1,114,7
25497,1,1,False,1,1174,18
25498,1,1,False,1,1174,18
25499,1,1,False,2,86,25
25500,1,1,False,2,86,25
25502,1,1,False,1,1175,5
25503,1,1,False,1,1175,5
25505,1,1,False,1,63,5
25509,1,1,False,2,59,8
25510,1,1,False,2,59,8
25515,1,1,False,1,70,5
25518,1,1,False,3,62,12
25519,1,1,False,3,62,12
25521,1,1,False,0,-1,26
25523,1,1,False,1,164,25
25525,1,1,False,3,70,28
25526,1,1,False,3,70,28
25528,1,1,False,3,70,28
25529,1,1,False,0,-1,4
25535,1,1,False,1,35,28
25538,1,1,False,2,27,13
25541,1,1,False,2,1176,14
25542,1,1,False,2,1176,14
25543,1,1,False,1,52,5
25549,1,1,False,2,86,14
25550,1,1,False,0,-1,15
25555,1,1,False,2,114,12
25559,1,1,False,3,59,12
25561,1,1,False,3,59,12
25564,1,1,False,1,63,18
25566,1,1,False,0,-1,26
25568,1,1,False,3,164,9
25570,1,1,False,3,164,9
25571,1,1,False,3,164,9
25573,1,1,False,3,86,28
25577,1,1,False,1,70,4
25584,1,1,False,0,-1,4
25585,1,1,False,1,1177,12
25586,1,1,False,1,1177,12
25587,1,1,False,2,164,5
25588,1,1,False,2,164,5
25590,1,1,False,0,-1,15
25591,1,1,False,0,-1,20
25592,1,1,False,1,62,5
25596,1,1,False,2,1178,28
25597,1,1,False,2,1178,28
25598,1,1,False,2,1178,28
25603,1,1,False,3,70,6
25604,1,1,False,3,70,6
25605,1,1,False,0,-1,12
25606,1,1,False,3,70,12
25607,1,1,False,3,70,12
25609,1,1,False,3,70,12
25616,1,1,False,1,70,15
25624,1,1,False,1,70,9
25625,1,1,False,0,-1,14
25626,1,1,False,1,1179,20
25627,1,1,False,1,1179,20
25629,1,1,False,1,1180,7
25630,1,1,False,1,1180,7
25632,1,1,False,2,86,5
25636,1,1,False,1,177,1
25637,1,1,False,0,-1,22
25638,1,1,False,0,-1,13
25642,1,1,False,3,52,12
25644,1,1,False,3,52,12
25646,1,1,False,0,-1,3
25649,1,1,False,0,-1,22
25650,1,1,False,0,-1,7
25654,1,1,False,0,-1,20
25655,1,1,False,0,-1,3
25656,1,1,False,1,1181,8
25657,1,1,False,1,1181,8
25658,1,1,False,0,-1,12
25664,1,1,False,3,70,12
25666,1,1,False,3,70,12
25670,1,1,False,1,7,4
25672,1,1,False,0,-1,21
25674,1,1,False,1,1182,12
25675,1,1,False,1,1182,12
25677,1,1,False,1,2,10
25678,1,1,False,1,52,5
25680,1,1,False,1,54,25
25683,1,1,False,3,10,9
25684,1,1,False,3,10,9
25685,1,1,False,3,10,9
25687,1,1,False,0,-1,15
25689,1,1,False,1,16,14
25690,1,1,False,1,2,16
25693,1,1,False,1,72,12
25698,1,1,False,1,86,12
25700,1,1,False,3,114,14
25701,1,1,False,3,114,14
25702,1,1,False,3,114,14
25706,1,1,False,2,105,18
25707,1,1,False,2,105,18
25709,1,1,False,2,1183,6
25710,1,1,False,2,1183,6
25714,1,1,False,2,68,7
25716,1,1,False,1,45,4
25718,1,1,False,2,86,3
25720,1,1,False,2,86,3
25722,1,1,False,0,-1,12
25729,1,1,False,2,86,13
25730,1,1,False,2,86,13
25734,1,1,False,3,86,27
25737,1,1,False,1,54,12
25747,1,1,False,0,-1,12
25751,1,1,False,0,-1,7
25752,1,1,False,1,1184,15
25753,1,1,False,1,1184,15
25757,1,1,False,0,-1,18
25758,1,1,False,0,-1,20
25762,1,1,False,0,-1,12
25763,1,1,False,2,70,4
25766,1,1,False,1,1185,4
25767,1,1,False,1,1185,4
25768,1,1,False,1,63,17
25772,1,1,False,0,-1,5
25775,1,1,False,1,1186,20
25776,1,1,False,1,1186,20
25777,1,1,False,0,-1,20
25778,1,1,False,0,-1,23
25780,1,1,False,2,164,20
25785,1,1,False,1,70,18
25786,1,1,False,1,164,18
25790,1,1,False,3,62,14
25793,1,1,False,2,1187,17
25794,1,1,False,2,1187,17
25795,1,1,False,2,1187,17
25799,1,1,False,0,-1,18
25802,1,1,False,1,63,5
25805,1,1,False,1,1188,5
25806,1,1,False,1,1188,5
25809,1,1,False,2,59,7
25812,1,1,False,0,-1,12
25814,1,1,False,2,59,6
25821,1,1,False,1,25,14
25822,1,1,False,0,-1,5
25824,1,1,False,1,1189,18
25825,1,1,False,1,1189,18
25828,1,1,False,3,20,3
25831,1,1,False,3,43,14
25835,1,1,False,0,-1,5
25836,1,1,False,1,43,4
25842,1,1,False,0,-1,12
25844,1,1,False,2,59,20
25852,1,1,False,1,37,1
25857,1,1,False,0,-1,9
25859,1,1,False,1,30,27
25861,1,1,False,2,18,25
25862,1,1,False,2,18,25
25864,1,1,False,1,10,24
25866,1,1,False,0,-1,22
25867,1,1,False,0,-1,12
25868,1,1,False,0,-1,24
25874,1,1,False,1,1190,20
25875,1,1,False,1,1190,20
25878,1,1,False,3,59,24
25881,1,1,False,2,1191,12
25882,1,1,False,2,1191,12
25883,1,1,False,2,1191,12
25884,1,1,False,2,30,9
25887,1,1,False,0,-1,14
25889,1,1,False,0,-1,24
25891,1,1,False,1,51,20
25892,1,1,False,0,-1,13
25894,1,1,False,0,-1,12
25903,1,1,False,1,37,21
25905,1,1,False,2,43,5
25906,1,1,False,2,43,5
25907,1,1,False,3,126,8
25909,1,1,False,3,126,8
25910,1,1,False,3,126,8
25911,1,1,False,0,-1,26
25912,1,1,False,0,-1,12
25913,1,1,False,0,-1,27
25918,1,1,False,1,59,13
25922,1,1,False,1,1192,15
25924,1,1,False,2,1193,26
25925,1,1,False,2,1193,26
25926,1,1,False,2,1193,26
25928,1,1,False,1,1194,5
25929,1,1,False,1,1194,5
25931,1,1,False,0,-1,15
25932,1,1,False,1,53,10
25938,1,1,False,0,-1,13
25940,1,1,False,0,-1,18
25943,1,1,False,1,221,22
25944,1,1,False,0,-1,3
25946,1,1,False,0,-1,15
25949,1,1,False,2,1195,20
25950,1,1,False,2,1195,20
25955,1,1,False,0,-1,14
25957,1,1,False,0,-1,1
25959,1,1,False,3,59,8
25964,1,1,False,1,1196,7
25965,1,1,False,1,1196,7
25967,1,1,False,3,53,20
25968,1,1,False,3,53,20
25972,1,1,False,1,59,12
25974,1,1,False,0,-1,9
25975,1,1,False,1,25,4
25979,1,1,False,2,53,6
25980,1,1,False,0,-1,18
25981,1,1,False,0,-1,12
25985,1,1,False,3,72,18
25989,1,1,False,1,1,6
25991,1,1,False,1,1197,12
25996,1,1,False,0,-1,12
25998,1,1,False,1,142,14
26000,1,1,False,2,179,14
26003,1,1,False,0,-1,15
26005,1,1,False,3,58,18
26006,1,1,False,3,58,18
26009,1,1,False,1,3,5
26011,1,1,False,1,1198,18
26012,1,1,False,1,1198,18
26014,1,1,False,0,-1,20
26016,1,1,False,1,53,25
26020,1,1,False,0,-1,5
26021,1,1,False,0,-1,18
26024,1,1,False,3,37,5
26026,1,1,False,0,-1,12
26028,1,1,False,1,1199,18
26031,1,1,False,0,-1,17
26032,1,1,False,0,-1,12
26033,1,1,False,0,-1,2
26036,1,1,False,3,6,26
26038,1,1,False,0,-1,28
26039,1,1,False,1,1200,20
26040,1,1,False,1,1200,20
26043,1,1,False,2,20,20
26044,1,1,False,2,20,20
26049,1,1,False,3,1,8
26051,1,1,False,3,1201,9
26052,1,1,False,3,1201,9
26053,1,1,False,3,1201,9
26054,1,1,False,3,1201,9
26064,1,1,False,1,137,18
26068,1,1,False,2,59,4
26070,1,1,False,2,59,4
26073,1,1,False,2,37,4
26077,1,1,False,0,-1,14
26078,1,1,False,2,86,18
26080,1,1,False,2,86,18
26091,1,1,False,0,-1,24
26094,1,1,False,2,139,12
26096,1,1,False,0,-1,5
26100,1,1,False,0,-1,12
26101,1,1,False,1,126,20
26103,1,1,False,1,1202,12
26104,1,1,False,1,1202,12
26105,1,1,False,2,1203,4
26106,1,1,False,2,1203,4
26107,1,1,False,2,1203,4
26109,1,1,False,1,1204,15
26110,1,1,False,1,1204,15
26113,1,1,False,0,-1,5
26117,1,1,False,0,-1,23
26121,1,1,False,0,-1,13
26126,1,1,False,0,-1,12
26129,1,1,False,1,59,15
26130,1,1,False,0,-1,4
26132,1,1,False,0,-1,15
26133,1,1,False,0,-1,20
26134,1,1,False,0,-1,20
26138,1,1,False,1,73,4
26140,1,1,False,2,59,7
26141,1,1,False,2,59,7
26144,1,1,False,1,93,12
26153,1,1,False,0,-1,22
26154,1,1,False,0,-1,17
26156,1,1,False,2,10,14
26158,1,1,False,1,1205,13
26159,1,1,False,1,1205,13
26160,1,1,False,2,37,12
26161,1,1,False,2,37,12
26164,1,1,False,3,6,12
26165,1,1,False,3,6,12
26169,1,1,False,2,10,17
26170,1,1,False,0,-1,17
26172,1,1,False,0,-1,21
26175,1,1,False,2,22,5
26177,1,1,False,0,-1,20
26178,1,1,False,0,-1,5
26181,1,1,False,3,62,4
26182,1,1,False,3,62,4
26185,1,1,False,3,22,6
26186,1,1,False,3,22,6
26187,1,1,False,3,22,6
26189,1,1,False,1,7,14
26192,1,1,False,1,30,26
26199,1,1,False,2,63,11
26201,1,1,False,2,63,11
26202,1,1,False,0,-1,18
26205,1,1,False,1,1206,5
26209,1,1,False,2,26,4
26211,1,1,False,3,53,22
26214,1,1,False,3,53,22
26216,1,1,False,2,59,5
26217,1,1,False,2,59,5
26218,1,1,False,0,-1,14
26222,1,1,False,2,164,25
26223,1,1,False,2,164,25
26227,1,1,False,1,1207,15
26230,1,1,False,0,-1,4
26234,1,1,False,1,1208,26
26235,1,1,False,1,1208,26
26238,1,1,False,1,1209,13
26239,1,1,False,1,1209,13
26242,1,1,False,1,59,5
26244,1,1,False,1,51,18
26246,1,1,False,0,-1,28
26250,1,1,False,3,59,5
26254,1,1,False,0,-1,2
26264,1,1,False,0,-1,12
26265,1,1,False,3,43,9
26271,1,1,False,0,-1,22
26272,1,1,False,0,-1,10
26277,1,1,False,3,53,17
26279,1,1,False,3,53,17
26280,1,1,False,3,53,17
26287,1,1,False,0,-1,13
26288,1,1,False,1,1210,10
26289,1,1,False,1,1210,10
26290,1,1,False,1,1211,14
26291,1,1,False,1,1211,14
26292,1,1,False,1,1212,20
26293,1,1,False,1,1212,20
26294,1,1,False,0,-1,12
26296,1,1,False,3,59,12
26302,1,1,False,2,19,12
26304,1,1,False,2,126,9
26305,1,1,False,2,126,9
26307,1,1,False,1,1213,12
26308,1,1,False,1,1213,12
26309,1,1,False,1,19,2
26311,1,1,False,0,-1,4
26312,1,1,False,3,72,17
26313,1,1,False,3,72,17
26314,1,1,False,3,72,17
26325,1,1,False,0,-1,12
26326,1,1,False,0,-1,8
26329,1,1,False,1,665,24
26331,1,1,False,0,-1,15
26334,1,1,False,1,53,12
26336,1,1,False,0,-1,12
26338,1,1,False,3,59,11
26339,1,1,False,3,59,11
26342,1,1,False,1,59,18
26345,1,1,False,0,-1,22
26347,1,1,False,0,-1,9
26350,1,1,False,0,-1,4
26352,1,1,False,3,70,5
26356,1,1,False,1,59,13
26359,1,1,False,1,1214,18
26360,1,1,False,2,43,10
26361,1,1,False,2,43,10
26365,1,1,False,2,10,15
26373,1,1,False,1,1215,14
26374,1,1,False,1,1215,14
26377,1,1,False,2,70,13
26378,1,1,False,0,-1,15
26381,1,1,False,0,-1,5
26383,1,1,False,2,126,12
26384,1,1,False,2,126,12
26386,1,1,False,2,14,24
26387,1,1,False,2,14,24
26389,1,1,False,1,6,12
26395,1,1,False,1,59,25
26400,1,1,False,2,51,18
26401,1,1,False,2,51,18
26405,1,1,False,2,6,16
26406,1,1,False,1,30,8
26409,1,1,False,1,74,18
26410,1,1,False,0,-1,12
26411,1,1,False,2,1216,14
26412,1,1,False,2,1216,14
26416,1,1,False,1,166,22
26421,1,1,False,2,63,4
26423,1,1,False,1,126,5
26424,1,1,False,2,59,20
26428,1,1,False,2,59,15
26429,1,1,False,2,59,15
26432,1,1,False,1,25,2
26434,1,1,False,0,-1,14
26435,1,1,False,1,14,1
26437,1,1,False,1,1217,12
26438,1,1,False,1,1217,12
26439,1,1,False,2,14,13
26442,1,1,False,3,126,17
26446,1,1,False,0,-1,8
26448,1,1,False,1,1218,9
26450,1,1,False,3,53,5
26452,1,1,False,3,53,5
26454,1,1,False,1,1219,16
26455,1,1,False,1,1219,16
26456,1,1,False,1,72,20
26460,1,1,False,2,6,14
26462,1,1,False,0,-1,13
26463,1,1,False,1,105,5
26469,1,1,False,1,51,11
26470,1,1,False,1,1220,14
26471,1,1,False,1,1220,14
26472,1,1,False,2,22,15
26474,1,1,False,2,22,15
26481,1,1,False,1,43,2
26483,1,1,False,0,-1,12
26485,1,1,False,1,1221,14
26486,1,1,False,1,1221,14
26488,1,1,False,0,-1,6
26490,1,1,False,0,-1,12
26495,1,1,False,3,179,5
26497,1,1,False,0,-1,3
26499,1,1,False,1,139,20
26509,1,1,False,1,106,23
26515,1,1,False,1,1222,16
26516,1,1,False,1,1222,16
26517,1,1,False,3,53,12
26519,1,1,False,3,53,12
26522,1,1,False,0,-1,3
26523,1,1,False,0,-1,7
26532,1,1,False,0,-1,4
26533,1,1,False,2,86,8
26537,1,1,False,1,1223,11
26538,1,1,False,1,1223,11
26541,1,1,False,1,10,8
26543,1,1,False,1,12,12
26544,1,1,False,2,59,9
26547,1,1,False,0,-1,20
26550,1,1,False,1,30,6
26557,1,1,False,0,-1,5
26558,1,1,False,0,-1,22
26560,1,1,False,1,63,12
26562,1,1,False,3,59,22
26563,1,1,False,3,59,22
26565,1,1,False,3,59,22
26566,1,1,False,0,-1,1
26568,1,1,False,2,105,12
26572,1,1,False,0,-1,18
26574,1,1,False,0,-1,6
26575,1,1,False,1,18,20
26577,1,1,False,1,1224,5
26578,1,1,False,1,1224,5
26582,1,1,False,1,59,14
26585,1,1,False,1,179,12
26590,1,1,False,0,-1,20
26596,1,1,False,2,6,4
26598,1,1,False,1,1225,13
26599,1,1,False,1,1225,13
26602,1,1,False,1,53,5
26603,1,1,False,2,35,28
26604,1,1,False,2,35,28
26607,1,1,False,0,-1,12
26611,1,1,False,1,58,4
26616,1,1,False,1,164,14
26618,1,1,False,2,6,23
26620,1,1,False,2,6,23
26621,1,1,False,0,-1,18
26624,1,1,False,0,-1,13
26626,1,1,False,3,10,15
26629,1,1,False,3,10,15
26634,1,1,False,0,-1,2
26635,1,1,False,1,1226,27
26636,1,1,False,1,1226,27
26638,1,1,False,1,53,23
26641,1,1,False,3,105,15
26643,1,1,False,0,-1,5
26646,1,1,False,3,59,20
26649,1,1,False,1,179,13
26653,1,1,False,0,-1,3
26656,1,1,False,3,53,9
26658,1,1,False,3,53,9
26660,1,1,False,0,-1,9
26662,1,1,False,2,53,13
26664,1,1,False,0,-1,9
26676,1,1,False,3,59,12
26679,1,1,False,1,1227,17
26680,1,1,False,1,1227,17
26682,1,1,False,1,126,18
26684,1,1,False,2,25,21
26685,1,1,False,2,25,21
26693,1,1,False,0,-1,20
26696,1,1,False,3,1,12
26697,1,1,False,3,1,12
26698,1,1,False,3,1,12
26703,1,1,False,1,73,28
26705,1,1,False,1,6,4
26706,1,1,False,0,-1,12
26708,1,1,False,1,59,15
26710,1,1,False,3,43,12
26713,1,1,False,0,-1,12
26716,1,1,False,2,10,12
26725,1,1,False,2,70,18
26727,1,1,False,2,73,12
26728,1,1,False,2,73,12
26731,1,1,False,2,43,2
26734,1,1,False,1,1228,18
26735,1,1,False,1,1228,18
26747,1,1,False,1,59,12
26749,1,1,False,2,137,21
26751,1,1,False,0,-1,17
26754,1,1,False,0,-1,20
26755,1,1,False,0,-1,24
26757,1,1,False,0,-1,14
26758,1,1,False,0,-1,14
26762,1,1,False,3,179,5
26764,1,1,False,1,45,13
26769,1,1,False,0,-1,22
26770,1,1,False,0,-1,1
26771,1,1,False,1,7,9
26773,1,1,False,1,59,12
26777,1,1,False,0,-1,18
26781,1,1,False,3,53,14
26782,1,1,False,3,53,14
26783,1,1,False,0,-1,11
26786,1,1,False,0,-1,23
26787,1,1,False,0,-1,28
26793,1,1,False,1,142,25
26796,1,1,False,1,3,12
26798,1,1,False,1,1229,17
26799,1,1,False,1,1229,17
26802,1,1,False,2,1230,5
26803,1,1,False,2,1230,5
26804,1,1,False,2,1230,5
26805,1,1,False,0,-1,18
26806,1,1,False,0,-1,20
26809,1,1,False,0,-1,9
26810,1,1,False,0,-1,12
26816,1,1,False,1,53,14
26820,1,1,False,3,56,12
26825,1,1,False,3,93,11
26826,1,1,False,3,93,11
26827,1,1,False,0,-1,24
26828,1,1,False,3,59,8
26832,1,1,False,1,80,12
26835,1,1,False,0,-1,28
26840,1,1,False,0,-1,17
26843,1,1,False,3,58,27
26844,1,1,False,3,58,27
26847,1,1,False,1,1231,4
26848,1,1,False,1,1231,4
26849,1,1,False,0,-1,17
26850,1,1,False,1,164,12
26854,1,1,False,0,-1,12
26855,1,1,False,0,-1,14
26858,1,1,False,0,-1,15
26859,1,1,False,0,-1,18
26860,1,1,False,1,40,9
26865,1,1,False,2,135,14
26866,1,1,False,2,135,14
26869,1,1,False,3,10,17
26870,1,1,False,3,10,17
26872,1,1,False,0,-1,12
26874,1,1,False,1,37,13
26879,1,1,False,0,-1,20
26880,1,1,False,0,-1,20
26881,1,1,False,0,-1,22
26882,1,1,False,1,12,27
26885,1,1,False,0,-1,1
26887,1,1,False,1,70,14
26888,1,1,False,2,139,7
26890,1,1,False,2,139,7
26892,1,1,False,1,86,14
26894,1,1,False,1,14,9
26898,1,1,False,2,59,4
26899,1,1,False,2,59,4
26901,1,1,False,1,6,12
26902,1,1,False,1,294,12
26905,1,1,False,0,-1,13
26910,1,1,False,2,59,5
26912,1,1,False,1,114,9
26914,1,1,False,2,43,12
26916,1,1,False,2,43,12
26917,1,1,False,0,-1,12
26924,1,1,False,1,43,18
26927,1,1,False,1,1232,14
26928,1,1,False,0,-1,8
26931,1,1,False,0,-1,17
26932,1,1,False,1,10,7
26934,1,1,False,2,37,24
26936,1,1,False,2,37,24
26937,1,1,False,1,54,9
26939,1,1,False,1,1233,4
26942,1,1,False,2,51,20
26943,1,1,False,2,51,20
26945,1,1,False,2,1234,20
26946,1,1,False,2,1234,20
26947,1,1,False,2,1234,20
26952,1,1,False,0,-1,14
26955,1,1,False,2,59,15
26956,1,1,False,2,135,4
26957,1,1,False,2,135,4
26959,1,1,False,3,53,20
26960,1,1,False,3,53,20
26961,1,1,False,3,53,20
26968,1,1,False,0,-1,13
26969,1,1,False,2,43,14
26972,1,1,False,2,93,12
26974,1,1,False,2,93,12
26976,1,1,False,1,53,15
26977,1,1,False,0,-1,6
26980,1,1,False,0,-1,5
26982,1,1,False,1,31,25
26985,1,1,False,0,-1,20
26988,1,1,False,2,10,4
26990,1,1,False,1,27,17
26992,1,1,False,2,59,7
26993,1,1,False,2,59,7
26994,1,1,False,0,-1,7
26997,1,1,False,2,80,18
26999,1,1,False,2,1235,18
27000,1,1,False,2,1235,18
27001,1,1,False,2,1235,18
27002,1,1,False,1,52,13
27004,1,1,False,0,-1,6
27005,1,1,False,0,-1,12
27007,1,1,False,2,53,11
27008,1,1,False,2,53,11
27010,1,1,False,0,-1,5
27011,1,1,False,0,-1,5
27013,1,1,False,1,1236,13
27017,1,1,False,1,59,25
27018,1,1,False,0,-1,5
27020,1,1,False,3,12,20
27024,1,1,False,1,56,12
27029,1,1,False,3,59,18
27030,1,1,False,0,-1,15
27035,1,1,False,1,28,26
27039,1,1,False,0,-1,14
27044,1,1,False,0,-1,5
27055,1,1,False,1,1237,12
27056,1,1,False,1,1237,12
27057,1,1,False,1,1238,14
27058,1,1,False,1,1238,14
27060,1,1,False,1,37,8
27061,1,1,False,2,70,4
27069,1,1,False,1,62,8
27070,1,1,False,2,1239,20
27071,1,1,False,2,1239,20
27073,1,1,False,0,-1,13
27074,1,1,False,0,-1,14
27075,1,1,False,0,-1,12
27076,1,1,False,0,-1,15
27078,1,1,False,3,3,9
27080,1,1,False,3,3,9
27086,1,1,False,0,-1,8
27087,1,1,False,0,-1,25
27093,1,1,False,1,10,18
27096,1,1,False,1,106,24
27099,1,1,False,1,59,4
27101,1,1,False,1,1240,20
27102,1,1,False,1,1240,20
27106,1,1,False,2,37,8
27108,1,1,False,0,-1,6
27112,1,1,False,2,0,12
27114,1,1,False,1,1241,9
27115,1,1,False,1,1241,9
27116,1,1,False,0,-1,25
27117,1,1,False,0,-1,18
27118,1,1,False,0,-1,5
27121,1,1,False,3,59,12
27123,1,1,False,0,-1,12
27124,1,1,False,0,-1,27
27130,1,1,False,3,237,20
27133,1,1,False,0,-1,9
27136,1,1,False,1,74,11
27138,1,1,False,3,59,11
27140,1,1,False,3,59,11
27142,1,1,False,3,53,15
27144,1,1,False,3,53,15
27146,1,1,False,0,-1,12
27149,1,1,False,1,139,5
27151,1,1,False,2,52,12
27152,1,1,False,2,52,12
27153,1,1,False,0,-1,18
27156,1,1,False,1,59,23
27159,1,1,False,1,1242,12
27160,1,1,False,1,1242,12
27162,1,1,False,2,59,20
27164,1,1,False,0,-1,14
27167,1,1,False,3,43,28
27172,1,1,False,1,161,8
27176,1,1,False,0,-1,5
27178,1,1,False,1,53,15
27179,1,1,False,1,25,22
27183,1,1,False,0,-1,12
27186,1,1,False,1,3,5
27189,1,1,False,2,63,13
27193,1,1,False,1,1243,27
27195,1,1,False,0,-1,20
27197,1,1,False,3,43,19
27205,1,1,False,2,37,20
27207,1,1,False,2,37,20
27208,1,1,False,0,-1,7
27209,1,1,False,1,27,12
27211,1,1,False,0,-1,25
27216,1,1,False,1,53,26
27221,1,1,False,1,114,18
27222,1,1,False,0,-1,28
27223,1,1,False,0,-1,11
27224,1,1,False,1,1244,12
27225,1,1,False,1,1244,12
27230,1,1,False,0,-1,12
27231,1,1,False,0,-1,8
27237,1,1,False,1,1245,12
27238,1,1,False,1,1245,12
27240,1,1,False,1,179,7
27241,1,1,False,0,-1,15
27243,1,1,False,3,12,14
27246,1,1,False,3,12,14
27247,1,1,False,1,37,4
27249,1,1,False,0,-1,22
27251,1,1,False,1,53,28
27253,1,1,False,0,-1,9
27255,1,1,False,0,-1,6
27258,1,1,False,1,59,12
27259,1,1,False,3,6,12
27260,1,1,False,3,6,12
27262,1,1,False,3,6,12
27263,1,1,False,0,-1,12
27265,1,1,False,0,-1,6
27266,1,1,False,1,1246,12
27267,1,1,False,1,1246,12
27268,1,1,False,1,27,13
27270,1,1,False,1,1247,12
27271,1,1,False,1,1247,12
27273,1,1,False,0,-1,9
27274,1,1,False,3,0,13
27275,1,1,False,3,0,13
27278,1,1,False,1,59,17
27283,1,1,False,0,-1,13
27285,1,1,False,1,59,14
27291,1,1,False,0,-1,24
27294,1,1,False,0,-1,14
27297,1,1,False,0,-1,11
27299,1,1,False,1,68,5
27300,1,1,False,0,-1,5
27303,1,1,False,3,1248,20
27304,1,1,False,3,1248,20
27305,1,1,False,3,1248,20
27306,1,1,False,3,1248,20
27308,1,1,False,1,1249,5
27309,1,1,False,1,1249,5
27310,1,1,False,2,111,4
27313,1,1,False,0,-1,8
27316,1,1,False,2,43,4
27318,1,1,False,1,59,17
27330,1,1,False,1,53,23
27332,1,1,False,0,-1,4
27336,1,1,False,0,-1,25
27338,1,1,False,1,59,16
27340,1,1,False,1,74,26
27347,1,1,False,3,59,20
27348,1,1,False,3,59,20
27356,1,1,False,0,-1,12
27361,1,1,False,0,-1,13
27362,1,1,False,0,-1,18
27364,1,1,False,2,37,24
27366,1,1,False,1,1250,27
27367,1,1,False,1,1250,27
27372,1,1,False,0,-1,5
27379,1,1,False,0,-1,28
27388,1,1,False,1,54,2
27395,1,1,False,0,-1,12
27396,1,1,False,0,-1,24
27398,1,1,False,0,-1,18
27399,1,1,False,0,-1,20
27402,1,1,False,1,22,14
27403,1,1,False,1,54,8
27405,1,1,False,0,-1,12
27410,1,1,False,1,128,7
27411,1,1,False,0,-1,12
27415,1,1,False,1,1251,20
27416,1,1,False,1,1251,20
27417,1,1,False,1,64,5
27419,1,1,False,2,1252,9
27420,1,1,False,2,1252,9
27421,1,1,False,2,1252,9
27422,1,1,False,0,-1,17
27424,1,1,False,0,-1,14
27425,1,1,False,0,-1,14
27426,1,1,False,0,-1,17
27428,1,1,False,1,59,18
27430,1,1,False,0,-1,12
27431,1,1,False,1,1253,14
27432,1,1,False,1,1253,14
27435,1,1,False,0,-1,20
27439,1,1,False,1,59,20
27442,1,1,False,0,-1,27
27444,1,1,False,3,294,12
27446,1,1,False,3,294,12
27450,1,1,False,1,43,2
27452,1,1,False,1,59,25
27459,1,1,False,1,0,9
27461,1,1,False,1,53,12
27466,1,1,False,0,-1,14
27467,1,1,False,1,12,14
27470,1,1,False,1,1254,5
27471,1,1,False,1,1254,5
27472,1,1,False,2,53,5
27475,1,1,False,0,-1,5
27476,1,1,False,0,-1,22
27479,1,1,False,1,126,12
27480,1,1,False,0,-1,5
27482,1,1,False,0,-1,23
27486,1,1,False,1,53,13
27489,1,1,False,0,-1,8
27494,1,1,False,0,-1,20
27495,1,1,False,0,-1,9
27496,1,1,False,2,1,14
27497,1,1,False,2,1,14
27499,1,1,False,2,10,13
27501,1,1,False,2,10,13
27502,1,1,False,2,59,15
27504,1,1,False,2,59,15
27507,1,1,False,3,139,17
27510,1,1,False,1,6,12
27511,1,1,False,1,51,9
27514,1,1,False,0,-1,5
27515,1,1,False,0,-1,12
27517,1,1,False,1,27,18
27518,1,1,False,3,3,18
27519,1,1,False,3,3,18
27520,1,1,False,3,3,18
27522,1,1,False,1,1255,5
27523,1,1,False,1,1255,5
27524,1,1,False,1,62,5
27533,1,1,False,0,-1,15
27534,1,1,False,0,-1,6
27536,1,1,False,1,0,12
27537,1,1,False,3,1256,18
27538,1,1,False,3,1256,18
27540,1,1,False,3,1256,18
27541,1,1,False,0,-1,5
27543,1,1,False,1,179,13
27550,1,1,False,3,6,5
27552,1,1,False,2,1257,15
27553,1,1,False,2,1257,15
27554,1,1,False,2,1257,15
27556,1,1,False,1,105,15
27562,1,1,False,3,70,22
27563,1,1,False,3,70,22
27565,1,1,False,3,70,22
27566,1,1,False,0,-1,14
27568,1,1,False,3,72,12
27569,1,1,False,3,72,12
27570,1,1,False,3,72,12
27571,1,1,False,2,30,14
27573,1,1,False,2,30,14
27575,1,1,False,0,-1,4
27577,1,1,False,1,1258,14
27578,1,1,False,1,1258,14
27580,1,1,False,2,59,23
27581,1,1,False,2,59,23
27582,1,1,False,0,-1,8
27589,1,1,False,1,53,7
27590,1,1,False,1,59,12
27593,1,1,False,2,7,23
27595,1,1,False,1,37,20
27597,1,1,False,3,43,14
27599,1,1,False,3,43,14
27601,1,1,False,0,-1,18
27602,1,1,False,2,105,18
27608,1,1,False,2,63,5
27613,1,1,False,0,-1,20
27620,1,1,False,2,59,13
27633,1,1,False,2,59,7
27642,1,1,False,0,-1,12
27643,1,1,False,0,-1,19
27647,1,1,False,0,-1,12
27648,1,1,False,0,-1,27
27651,1,1,False,2,30,10
27652,1,1,False,2,1259,23
27653,1,1,False,2,1259,23
27654,1,1,False,2,1259,23
27661,1,1,False,0,-1,17
27663,1,1,False,2,62,21
27665,1,1,False,0,-1,15
27666,1,1,False,1,1260,20
27667,1,1,False,1,1260,20
27669,1,1,False,2,43,25
27673,1,1,False,3,59,9
27675,1,1,False,3,59,9
27678,1,1,False,2,74,14
27681,1,1,False,1,63,24
27689,1,1,False,2,221,5
27691,1,1,False,0,-1,4
27692,1,1,False,2,1261,12
27694,1,1,False,2,1261,12
27704,1,1,False,1,1262,5
27705,1,1,False,1,1262,5
27706,1,1,False,0,-1,21
27708,1,1,False,1,53,13
27709,1,1,False,1,25,5
27711,1,1,False,0,-1,12
27712,1,1,False,0,-1,11
27717,1,1,False,3,164,12
27719,1,1,False,3,164,12
27721,1,1,False,1,59,22
27725,1,1,False,0,-1,12
27726,1,1,False,0,-1,11
27730,1,1,False,3,179,21
27732,1,1,False,0,-1,12
27735,1,1,False,0,-1,20
27736,1,1,False,1,137,20
27738,1,1,False,2,59,18
27740,1,1,False,2,59,18
27741,1,1,False,0,-1,14
27743,1,1,False,1,1263,15
27744,1,1,False,1,1263,15
27746,1,1,False,2,53,4
27747,1,1,False,2,53,4
27749,1,1,False,1,30,18
27753,1,1,False,0,-1,12
27757,1,1,False,1,3,12
27760,1,1,False,3,1264,5
27761,1,1,False,3,1264,5
27763,1,1,False,3,1264,5
27765,1,1,False,1,1176,14
27774,1,1,False,2,59,7
27776,1,1,False,1,1,27
27778,1,1,False,0,-1,17
27780,1,1,False,1,37,19
27787,1,1,False,1,59,21
27788,1,1,False,0,-1,12
27789,1,1,False,0,-1,8
27790,1,1,False,0,-1,6
27792,1,1,False,3,20,12
27795,1,1,False,2,139,12
27796,1,1,False,2,139,12
27805,1,1,False,1,3,28
27811,1,1,False,1,59,14
27815,1,1,False,1,1265,11
27816,1,1,False,1,1265,11
27817,1,1,False,2,25,18
27819,1,1,False,2,25,18
27820,1,1,False,1,12,10
27822,1,1,False,1,45,5
27824,1,1,False,2,62,4
27827,1,1,False,0,-1,14
27829,1,1,False,1,3,11
27833,1,1,False,2,53,4
27838,1,1,False,1,80,23
27840,1,1,False,0,-1,12
27844,1,1,False,2,53,20
27849,1,1,False,0,-1,14
27853,1,1,False,3,6,5
27857,1,1,False,1,59,4
27859,1,1,False,0,-1,12
27862,1,1,False,2,72,11
27863,1,1,False,1,1266,4
27864,1,1,False,1,1266,4
27865,1,1,False,1,56,24
27867,1,1,False,0,-1,22
27871,1,1,False,2,12,14
27874,1,1,False,0,-1,9
27875,1,1,False,2,51,24
27876,1,1,False,2,51,24
27878,1,1,False,0,-1,14
27884,1,1,False,0,-1,18
27886,1,1,False,1,59,9
27892,1,1,False,3,59,11
27893,1,1,False,0,-1,12
27894,1,1,False,0,-1,13
27895,1,1,False,3,59,18
27896,1,1,False,3,59,18
27897,1,1,False,3,59,18
27900,1,1,False,2,53,4
27902,1,1,False,2,53,4
27903,1,1,False,3,63,14
27906,1,1,False,3,63,14
27909,1,1,False,0,-1,13
27913,1,1,False,3,37,5
27915,1,1,False,0,-1,5
27919,1,1,False,1,59,12
27921,1,1,False,0,-1,5
27931,1,1,False,0,-1,14
27937,1,1,False,0,-1,9
27938,1,1,False,2,53,24
27945,1,1,False,1,14,5
27949,1,1,False,2,139,1
27953,1,1,False,0,-1,7
27955,1,1,False,3,30,14
27956,1,1,False,3,30,14
27958,1,1,False,1,1267,12
27963,1,1,False,2,52,13
27964,1,1,False,2,52,13
27968,1,1,False,0,-1,12
27971,1,1,False,1,14,13
27974,1,1,False,1,62,14
27975,1,1,False,0,-1,8
27977,1,1,False,0,-1,12
27978,1,1,False,0,-1,11
27979,1,1,False,0,-1,18
27981,1,1,False,0,-1,1
27982,1,1,False,0,-1,10
27983,1,1,False,0,-1,13
27984,1,1,False,3,59,20
27985,1,1,False,3,59,20
27988,1,1,False,1,1268,24
27989,1,1,False,1,1268,24
27991,1,1,False,2,59,15
27996,1,1,False,0,-1,18
28001,1,1,False,3,59,14
28002,1,1,False,3,59,14
28003,1,1,False,3,59,14
28006,1,1,False,0,-1,17
28007,1,1,False,0,-1,18
28009,1,1,False,0,-1,12
28011,1,1,False,3,59,15
28013,1,1,False,3,59,15
28017,1,1,False,2,25,15
28022,1,1,False,2,25,5
28023,1,1,False,2,25,5
28028,1,1,False,1,1269,9
28029,1,1,False,1,1269,9
28030,1,1,False,0,-1,5
28031,1,1,False,3,25,13
28034,1,1,False,3,25,13
28038,1,1,False,0,-1,24
28040,1,1,False,1,1270,18
28041,1,1,False,1,1270,18
28043,1,1,False,1,1271,12
28044,1,1,False,1,1271,12
28046,1,1,False,3,126,9
28050,1,1,False,0,-1,12
28052,1,1,False,0,-1,12
28053,1,1,False,0,-1,5
28054,1,1,False,3,86,9
28057,1,1,False,3,86,9
28060,1,1,False,1,1272,23
28061,1,1,False,1,1272,23
28063,1,1,False,0,-1,25
28065,1,1,False,0,-1,11
28066,1,1,False,0,-1,1
28071,1,1,False,2,63,12
28073,1,1,False,1,294,14
28075,1,1,False,2,53,15
28076,1,1,False,2,53,15
28080,1,1,False,2,43,15
28082,1,1,False,1,25,5
28083,1,1,False,0,-1,20
28088,1,1,False,2,179,15
28090,1,1,False,0,-1,20
28093,1,1,False,0,-1,12
28094,1,1,False,1,1273,12
28097,1,1,False,0,-1,9
28098,1,1,False,0,-1,16
28103,1,1,False,1,14,9
28107,1,1,False,2,126,13
28113,1,1,False,2,6,18
28115,1,1,False,1,73,13
28116,1,1,False,1,6,18
28118,1,1,False,0,-1,5
28119,1,1,False,3,19,4
28124,1,1,False,2,1274,5
28125,1,1,False,2,1274,5
28126,1,1,False,2,1274,5
28127,1,1,False,0,-1,1
28132,1,1,False,2,62,10
28133,1,1,False,0,-1,18
28135,1,1,False,0,-1,9
28137,1,1,False,1,30,17
28142,1,1,False,1,1275,12
28143,1,1,False,1,1275,12
28144,1,1,False,0,-1,4
28145,1,1,False,1,1276,24
28146,1,1,False,1,1276,24
28147,1,1,False,0,-1,4
28148,1,1,False,1,1277,2
28149,1,1,False,1,1277,2
28152,1,1,False,1,114,11
28157,1,1,False,0,-1,14
28158,1,1,False,1,1278,5
28159,1,1,False,1,1278,5
28161,1,1,False,0,-1,20
28162,1,1,False,0,-1,8
28167,1,1,False,1,31,20
28168,1,1,False,1,1279,18
28169,1,1,False,1,1279,18
28176,1,1,False,0,-1,12
28177,1,1,False,2,1280,4
28178,1,1,False,2,1280,4
28181,1,1,False,1,59,12
28182,1,1,False,0,-1,25
28187,1,1,False,1,26,22
28188,1,1,False,0,-1,18
28193,1,1,False,1,1281,8
28195,1,1,False,2,86,9
28197,1,1,False,2,86,9
28203,1,1,False,0,-1,14
28204,1,1,False,1,1282,9
28205,1,1,False,1,1282,9
28206,1,1,False,0,-1,5
28207,1,1,False,0,-1,28
28208,1,1,False,0,-1,22
28209,1,1,False,1,53,11
28217,1,1,False,3,37,12
28218,1,1,False,3,37,12
28221,1,1,False,1,1283,14
28222,1,1,False,1,1283,14
28223,1,1,False,0,-1,24
28224,1,1,False,0,-1,3
28227,1,1,False,2,59,9
28231,1,1,False,0,-1,14
28232,1,1,False,1,1284,22
28233,1,1,False,1,1284,22
28237,1,1,False,1,1285,15
28238,1,1,False,1,1285,15
28239,1,1,False,1,1286,13
28240,1,1,False,1,1286,13
28243,1,1,False,2,26,5
28244,1,1,False,2,26,5
28245,1,1,False,0,-1,22
28248,1,1,False,2,221,26
28249,1,1,False,2,221,26
28253,1,1,False,0,-1,21
28254,1,1,False,0,-1,3
28255,1,1,False,0,-1,12
28256,1,1,False,1,1287,17
28257,1,1,False,1,1287,17
28259,1,1,False,0,-1,12
28262,1,1,False,2,56,5
28267,1,1,False,1,54,13
28269,1,1,False,0,-1,28
28278,1,1,False,2,1,12
28279,1,1,False,1,1288,23
28280,1,1,False,1,1288,23
28281,1,1,False,1,0,12
28285,1,1,False,0,-1,7
28290,1,1,False,0,-1,12
28291,1,1,False,0,-1,22
28293,1,1,False,1,26,5
28305,1,1,False,3,52,5
28308,1,1,False,1,344,20
28311,1,1,False,0,-1,6
28316,1,1,False,1,30,20
28322,1,1,False,0,-1,20
28323,1,1,False,0,-1,14
28326,1,1,False,2,62,14
28329,1,1,False,2,62,5
28332,1,1,False,3,62,4
28334,1,1,False,1,56,7
28336,1,1,False,0,-1,5
28337,1,1,False,1,74,9
28340,1,1,False,1,44,20
28342,1,1,False,0,-1,8
28344,1,1,False,1,1289,8
28346,1,1,False,0,-1,6
28349,1,1,False,0,-1,18
28351,1,1,False,0,-1,12
28352,1,1,False,1,221,14
28359,1,1,False,1,1290,5
28363,1,1,False,0,-1,14
28364,1,1,False,0,-1,15
28366,1,1,False,3,221,26
28367,1,1,False,3,221,26
28370,1,1,False,1,126,23
28372,1,1,False,1,1291,4
28373,1,1,False,1,1291,4
28374,1,1,False,0,-1,26
28375,1,1,False,0,-1,13
28379,1,1,False,1,1292,26
28380,1,1,False,0,-1,16
28382,1,1,False,3,54,12
28384,1,1,False,3,54,12
28389,1,1,False,3,31,5
28390,1,1,False,3,31,5
28395,1,1,False,0,-1,18
28396,1,1,False,0,-1,20
28397,1,1,False,0,-1,26
28399,1,1,False,2,114,14
28400,1,1,False,2,114,14
28402,1,1,False,1,16,9
28404,1,1,False,0,-1,5
28407,1,1,False,1,51,5
28408,1,1,False,2,30,5
28410,1,1,False,2,30,5
28411,1,1,False,0,-1,9
28415,1,1,False,0,-1,12
28416,1,1,False,1,51,5
28418,1,1,False,3,51,5
28421,1,1,False,3,51,5
28422,1,1,False,1,1293,5
28423,1,1,False,1,1293,5
28428,1,1,False,1,62,8
28429,1,1,False,0,-1,9
28430,1,1,False,0,-1,19
28432,1,1,False,2,221,13
28436,1,1,False,1,1294,13
28437,1,1,False,1,1294,13
28438,1,1,False,1,30,24
28441,1,1,False,0,-1,27
28443,1,1,False,0,-1,13
28452,1,1,False,0,-1,14
28454,1,1,False,3,72,4
28455,1,1,False,3,72,4
28456,1,1,False,3,72,4
28459,1,1,False,1,392,5
28461,1,1,False,1,54,18
28462,1,1,False,0,-1,10
28463,1,1,False,1,25,8
28466,1,1,False,3,53,4
28469,1,1,False,0,-1,12
28471,1,1,False,0,-1,9
28473,1,1,False,2,54,18
28474,1,1,False,2,54,18
28483,1,1,False,2,1295,24
28484,1,1,False,2,1295,24
28485,1,1,False,2,1295,24
28487,1,1,False,1,62,17
28490,1,1,False,1,1296,7
28493,1,1,False,2,54,12
28495,1,1,False,3,52,5
28502,1,1,False,1,51,5
28506,1,1,False,1,44,14
28511,1,1,False,1,1297,14
28512,1,1,False,1,1297,14
28514,1,1,False,0,-1,13
28518,1,1,False,1,1298,12
28519,1,1,False,1,1298,12
28522,1,1,False,2,114,12
28523,1,1,False,2,114,12
28525,1,1,False,0,-1,12
28529,1,1,False,3,30,14
28530,1,1,False,3,30,14
28531,1,1,False,3,30,14
28533,1,1,False,2,25,14
28535,1,1,False,2,25,14
28536,1,1,False,1,237,12
28540,1,1,False,0,-1,18
28542,1,1,False,1,93,4
28546,1,1,False,3,221,14
28547,1,1,False,3,221,14
28548,1,1,False,3,221,14
28549,1,1,False,0,-1,20
28550,1,1,False,0,-1,18
28552,1,1,False,2,3,5
28556,1,1,False,2,221,8
28558,1,1,False,1,30,12
28559,1,1,False,0,-1,12
28560,1,1,False,1,1299,12
28561,1,1,False,1,1299,12
28562,1,1,False,2,221,5
28568,1,1,False,2,30,20
28570,1,1,False,2,30,20
28571,1,1,False,0,-1,8
28572,1,1,False,3,54,6
28575,1,1,False,3,54,6
28576,1,1,False,2,56,4
28579,1,1,False,1,40,12
28581,1,1,False,3,16,6
28584,1,1,False,3,16,6
28585,1,1,False,0,-1,5
28586,1,1,False,1,1300,12
28587,1,1,False,1,1300,12
28588,1,1,False,0,-1,12
28596,1,1,False,2,54,14
28597,1,1,False,0,-1,9
28599,1,1,False,0,-1,14
28600,1,1,False,1,1,2
28605,1,1,False,3,51,8
28607,1,1,False,3,51,8
28611,1,1,False,0,-1,4
28612,1,1,False,0,-1,12
28618,1,1,False,2,51,13
28620,1,1,False,1,16,14
28622,1,1,False,3,54,14
28623,1,1,False,3,54,14
28626,1,1,False,0,-1,13
28627,1,1,False,1,68,13
28630,1,1,False,0,-1,22
28632,1,1,False,1,20,4
28634,1,1,False,2,51,20
28641,1,1,False,1,52,8
28642,1,1,False,0,-1,13
28649,1,1,False,0,-1,8
28650,1,1,False,0,-1,9
28651,1,1,False,1,179,18
28657,1,1,False,3,52,13
28659,1,1,False,1,68,5
28662,1,1,False,2,30,14
28667,1,1,False,3,64,8
28669,1,1,False,1,1301,11
28670,1,1,False,1,1301,11
28672,1,1,False,2,53,5
28674,1,1,False,1,1302,9
28675,1,1,False,1,1302,9
28676,1,1,False,0,-1,12
28677,1,1,False,1,54,8
28687,1,1,False,0,-1,9
28690,1,1,False,3,2,16
28691,1,1,False,3,2,16
28692,1,1,False,3,2,16
28694,1,1,False,2,52,18
28698,1,1,False,2,53,28
28699,1,1,False,1,1303,8
28700,1,1,False,1,1303,8
28704,1,1,False,1,1304,4
28705,1,1,False,1,1304,4
28712,1,1,False,3,93,12
28713,1,1,False,3,93,12
28714,1,1,False,3,93,12
28716,1,1,False,2,1305,2
28717,1,1,False,2,1305,2
28718,1,1,False,2,1305,2
28722,1,1,False,2,45,12
28727,1,1,False,3,44,5
28728,1,1,False,2,25,10
28731,1,1,False,0,-1,14
28732,1,1,False,0,-1,22
28734,1,1,False,2,52,20
28736,1,1,False,0,-1,4
28739,1,1,False,1,7,25
28742,1,1,False,1,1306,25
28743,1,1,False,1,1306,25
28745,1,1,False,2,28,13
28749,1,1,False,1,93,9
28753,1,1,False,2,53,15
28755,1,1,False,3,31,14
28756,1,1,False,3,31,14
28757,1,1,False,3,31,14
28763,1,1,False,1,40,18
28765,1,1,False,1,72,15
28767,1,1,False,2,1307,13
28768,1,1,False,2,1307,13
28769,1,1,False,2,1307,13
28775,1,1,False,2,52,18
28777,1,1,False,3,0,15
28778,1,1,False,3,0,15
28779,1,1,False,3,0,15
28781,1,1,False,0,-1,27
28782,1,1,False,0,-1,12
28783,1,1,False,2,52,9
28784,1,1,False,2,52,9
28786,1,1,False,1,1308,13
28787,1,1,False,1,1308,13
28791,1,1,False,0,-1,13
28793,1,1,False,1,1309,4
28794,1,1,False,1,1309,4
28797,1,1,False,2,54,20
28800,1,1,False,0,-1,20
28802,1,1,False,0,-1,14
28804,1,1,False,0,-1,13
28807,1,1,False,3,25,12
28808,1,1,False,3,25,12
28813,1,1,False,2,294,12
28816,1,1,False,0,-1,12
28818,1,1,False,0,-1,1
28822,1,1,False,3,44,24
28823,1,1,False,3,44,24
28825,1,1,False,0,-1,12
28827,1,1,False,2,44,12
28834,1,1,False,3,51,14
28837,1,1,False,2,62,13
28839,1,1,False,2,62,13
28842,1,1,False,3,44,14
28846,1,1,False,0,-1,15
28848,1,1,False,0,-1,12
28849,1,1,False,1,139,5
28851,1,1,False,0,-1,18
28852,1,1,False,3,74,13
28853,1,1,False,3,74,13
28854,1,1,False,3,74,13
28859,1,1,False,3,30,13
28860,1,1,False,1,1310,4
28861,1,1,False,1,1310,4
28863,1,1,False,3,56,8
28867,1,1,False,1,97,12
28869,1,1,False,0,-1,5
28871,1,1,False,3,30,15
28872,1,1,False,3,30,15
28874,1,1,False,2,54,5
28876,1,1,False,2,54,5
28877,1,1,False,0,-1,5
28878,1,1,False,0,-1,13
28879,1,1,False,0,-1,5
28881,1,1,False,1,1311,2
28882,1,1,False,1,1311,2
28883,1,1,False,1,86,17
28887,1,1,False,2,114,17
28888,1,1,False,0,-1,14
28893,1,1,False,2,80,20
28896,1,1,False,2,161,20
28904,1,1,False,2,56,14
28909,1,1,False,0,-1,12
28910,1,1,False,3,51,13
28912,1,1,False,3,51,13
28916,1,1,False,0,-1,4
28918,1,1,False,1,1312,13
28919,1,1,False,1,1312,13
28920,1,1,False,2,53,12
28921,1,1,False,2,53,12
28924,1,1,False,0,-1,22
28925,1,1,False,2,93,12
28928,1,1,False,0,-1,15
28929,1,1,False,2,1313,14
28931,1,1,False,2,1313,14
28932,1,1,False,0,-1,12
28933,1,1,False,0,-1,5
28935,1,1,False,1,6,13
28937,1,1,False,1,106,12
28938,1,1,False,0,-1,14
28940,1,1,False,0,-1,14
28943,1,1,False,0,-1,14
28945,1,1,False,0,-1,12
28946,1,1,False,0,-1,1
28947,1,1,False,0,-1,18
28948,1,1,False,1,1314,12
28949,1,1,False,1,1314,12
28954,1,1,False,1,1315,11
28955,1,1,False,1,1315,11
28956,1,1,False,0,-1,13
28958,1,1,False,0,-1,24
28962,1,1,False,1,93,6
28964,1,1,False,0,-1,27
28966,1,1,False,1,74,8
28972,1,1,False,3,54,12
28975,1,1,False,0,-1,20
28977,1,1,False,2,179,16
28980,1,1,False,2,25,18
28981,1,1,False,2,25,18
28984,1,1,False,3,54,12
28986,1,1,False,3,54,12
28989,1,1,False,2,54,18
28991,1,1,False,0,-1,2
28992,1,1,False,1,1316,12
28993,1,1,False,1,1316,12
28997,1,1,False,2,56,4
28998,1,1,False,2,56,4
29002,1,1,False,2,54,25
29004,1,1,False,0,-1,5
29005,1,1,False,1,51,5
29010,1,1,False,2,44,18
29011,1,1,False,2,44,18
29015,1,1,False,0,-1,20
29018,1,1,False,0,-1,21
29020,1,1,False,1,44,15
29021,1,1,False,1,93,14
29023,1,1,False,1,30,20
29025,1,1,False,0,-1,17
29028,1,1,False,2,53,12
29032,1,1,False,1,1317,18
29033,1,1,False,1,1318,24
29034,1,1,False,1,1318,24
29040,1,1,False,0,-1,14
29041,1,1,False,0,-1,12
29043,1,1,False,1,3,12
29045,1,1,False,0,-1,12
29048,1,1,False,1,235,18
29050,1,1,False,3,25,10
29054,1,1,False,3,53,8
29055,1,1,False,3,53,8
29058,1,1,False,1,53,13
29064,1,1,False,1,6,15
29066,1,1,False,1,1,9
29068,1,1,False,1,53,12
29070,1,1,False,0,-1,5
29073,1,1,False,0,-1,9
29076,1,1,False,0,-1,6
29077,1,1,False,0,-1,14
29078,1,1,False,0,-1,13
29079,1,1,False,0,-1,6
29082,1,1,False,2,161,12
29088,1,1,False,0,-1,26
29089,1,1,False,2,30,23
29090,1,1,False,2,30,23
29092,1,1,False,0,-1,15
29094,1,1,False,1,1319,4
29095,1,1,False,1,1319,4
29096,1,1,False,1,114,18
29102,1,1,False,3,54,5
29106,1,1,False,0,-1,18
29107,1,1,False,0,-1,13
29110,1,1,False,2,1320,18
29111,1,1,False,2,1320,18
29112,1,1,False,2,1320,18
29113,1,1,False,0,-1,7
29114,1,1,False,2,28,17
29117,1,1,False,0,-1,25
29120,1,1,False,1,1321,8
29121,1,1,False,1,1321,8
29123,1,1,False,0,-1,17
29124,1,1,False,0,-1,7
29125,1,1,False,2,1322,18
29126,1,1,False,2,1322,18
29127,1,1,False,2,1322,18
29130,1,1,False,0,-1,18
29132,1,1,False,2,105,14
29135,1,1,False,0,-1,21
29137,1,1,False,2,6,21
29140,1,1,False,1,1323,18
29141,1,1,False,1,1323,18
29144,1,1,False,3,56,20
29153,1,1,False,2,1324,18
29154,1,1,False,2,1324,18
29155,1,1,False,2,1324,18
29165,1,1,False,3,1325,20
29167,1,1,False,3,1325,20
29170,1,1,False,0,-1,9
29174,1,1,False,1,1326,12
29175,1,1,False,1,1326,12
29180,1,1,False,1,54,13
29181,1,1,False,1,1327,13
29182,1,1,False,1,1327,13
29189,1,1,False,3,126,15
29193,1,1,False,1,1328,12
29194,1,1,False,1,1328,12
29196,1,1,False,2,44,19
29198,1,1,False,0,-1,26
29199,1,1,False,2,12,8
29201,1,1,False,2,12,8
29202,1,1,False,1,1329,12
29203,1,1,False,1,1329,12
29208,1,1,False,1,221,14
29211,1,1,False,1,1330,16
29212,1,1,False,1,1330,16
29214,1,1,False,2,54,18
29217,1,1,False,1,1331,13
29218,1,1,False,1,1331,13
29221,1,1,False,1,27,12
29224,1,1,False,2,1332,13
29225,1,1,False,2,1332,13
29226,1,1,False,2,1332,13
29228,1,1,False,0,-1,9
29230,1,1,False,3,237,13
29231,1,1,False,3,237,13
29232,1,1,False,3,237,13
29236,1,1,False,3,54,11
29237,1,1,False,2,40,12
29240,1,1,False,0,-1,14
29241,1,1,False,0,-1,3
29243,1,1,False,1,1333,5
29247,1,1,False,3,64,11
29248,1,1,False,3,64,11
29249,1,1,False,0,-1,11
29252,1,1,False,2,37,21
29256,1,1,False,1,54,12
29260,1,1,False,0,-1,2
29262,1,1,False,1,58,13
29264,1,1,False,2,30,21
29266,1,1,False,2,30,21
29276,1,1,False,0,-1,13
29280,1,1,False,2,62,12
29284,1,1,False,3,51,12
29285,1,1,False,3,51,12
29286,1,1,False,1,1334,5
29287,1,1,False,1,1334,5
29299,1,1,False,2,25,27
29302,1,1,False,1,51,24
29306,1,1,False,0,-1,18
29309,1,1,False,0,-1,14
29312,1,1,False,3,1335,11
29313,1,1,False,3,1335,11
29314,1,1,False,3,1335,11
29322,1,1,False,1,1336,14
29323,1,1,False,1,1336,14
29328,1,1,False,1,384,5
29331,1,1,False,0,-1,11
29333,1,1,False,1,45,12
29335,1,1,False,2,72,5
29337,1,1,False,2,72,5
29338,1,1,False,2,14,18
29339,1,1,False,2,14,18
29341,1,1,False,2,6,12
29344,1,1,False,0,-1,25
29345,1,1,False,1,1337,13
29346,1,1,False,1,1337,13
29348,1,1,False,1,72,20
29349,1,1,False,0,-1,12
29351,1,1,False,0,-1,20
29352,1,1,False,0,-1,15
29353,1,1,False,0,-1,12
29355,1,1,False,1,1338,2
29356,1,1,False,1,1338,2
29357,1,1,False,1,25,26
29360,1,1,False,1,74,5
29362,1,1,False,1,221,5
29364,1,1,False,2,62,14
29366,1,1,False,1,59,25
29371,1,1,False,2,6,11
29374,1,1,False,2,63,14
29375,1,1,False,2,63,14
29376,1,1,False,0,-1,6
29377,1,1,False,1,114,26
29380,1,1,False,1,54,14
29385,1,1,False,1,14,7
29386,1,1,False,0,-1,12
29388,1,1,False,3,1339,4
29389,1,1,False,3,1339,4
29390,1,1,False,3,1339,4
29391,1,1,False,3,1339,4
29392,1,1,False,0,-1,18
29398,1,1,False,0,-1,21
29399,1,1,False,0,-1,12
29402,1,1,False,2,44,14
29403,1,1,False,2,44,14
29404,1,1,False,0,-1,12
29405,1,1,False,0,-1,22
29409,1,1,False,3,1340,17
29410,1,1,False,3,1340,17
29412,1,1,False,3,1340,17
29414,1,1,False,3,56,5
29415,1,1,False,3,56,5
29416,1,1,False,3,56,5
29419,1,1,False,0,-1,20
29421,1,1,False,0,-1,12
29423,1,1,False,1,54,9
29425,1,1,False,2,54,8
29426,1,1,False,2,54,8
29429,1,1,False,1,53,20
29431,1,1,False,1,44,13
29437,1,1,False,2,40,4
29440,1,1,False,0,-1,9
29441,1,1,False,0,-1,9
29443,1,1,False,3,139,9
29448,1,1,False,1,64,14
29451,1,1,False,1,1341,5
29452,1,1,False,1,1341,5
29455,1,1,False,0,-1,12
29456,1,1,False,0,-1,13
29457,1,1,False,0,-1,20
29461,1,1,False,1,56,28
29463,1,1,False,0,-1,12
29464,1,1,False,2,1342,14
29465,1,1,False,2,1342,14
29466,1,1,False,2,1342,14
29467,1,1,False,0,-1,14
29468,1,1,False,0,-1,4
29471,1,1,False,2,164,27
29473,1,1,False,1,139,20
29474,1,1,False,1,126,8
29476,1,1,False,0,-1,28
29481,1,1,False,2,44,7
29484,1,1,False,0,-1,13
29485,1,1,False,0,-1,23
29486,1,1,False,0,-1,8
29488,1,1,False,2,27,5
29489,1,1,False,2,27,5
29492,1,1,False,0,-1,8
29496,1,1,False,0,-1,12
29497,1,1,False,2,0,14
29500,1,1,False,0,-1,12
29501,1,1,False,1,1343,12
29502,1,1,False,1,1343,12
29505,1,1,False,1,54,6
29510,1,1,False,1,72,9
29512,1,1,False,0,-1,3
29514,1,1,False,2,54,19
29515,1,1,False,2,54,19
29516,1,1,False,1,1344,12
29517,1,1,False,1,1344,12
29518,1,1,False,0,-1,5
29519,1,1,False,1,51,5
29527,1,1,False,2,6,24
29529,1,1,False,2,64,14
29530,1,1,False,2,64,14
29532,1,1,False,3,221,13
29534,1,1,False,3,221,13
29536,1,1,False,0,-1,11
29541,1,1,False,1,62,14
29544,1,1,False,2,106,15
29545,1,1,False,2,106,15
29546,1,1,False,0,-1,20
29550,1,1,False,0,-1,8
29552,1,1,False,2,221,13
29556,1,1,False,0,-1,12
29557,1,1,False,0,-1,13
29563,1,1,False,0,-1,22
29565,1,1,False,1,25,12
29567,1,1,False,0,-1,5
29568,1,1,False,3,54,5
29571,1,1,False,3,54,5
29576,1,1,False,2,12,12
29577,1,1,False,2,12,12
29579,1,1,False,0,-1,5
29581,1,1,False,2,1345,23
29582,1,1,False,2,1345,23
29583,1,1,False,2,1345,23
29586,1,1,False,0,-1,4
29587,1,1,False,0,-1,13
29590,1,1,False,2,40,27
29595,1,1,False,1,1347,13
29597,1,1,False,1,1348,5
29598,1,1,False,1,1348,5
29603,1,1,False,3,54,18
29606,1,1,False,2,44,27
29608,1,1,False,0,-1,12
29609,1,1,False,1,30,6
29614,1,1,False,0,-1,14
29616,1,1,False,2,221,13
29618,1,1,False,2,221,13
29623,1,1,False,1,48,26
29625,1,1,False,0,-1,5
29628,1,1,False,2,114,26
29631,1,1,False,3,6,8
29638,1,1,False,3,30,15
29640,1,1,False,3,30,15
29641,1,1,False,1,54,12
29643,1,1,False,1,1349,27
29644,1,1,False,1,1349,27
29650,1,1,False,1,1350,9
29651,1,1,False,1,1350,9
29652,1,1,False,3,221,5
29654,1,1,False,3,221,5
29656,1,1,False,1,105,15
29661,1,1,False,3,74,8
29663,1,1,False,0,-1,9
29664,1,1,False,3,54,28
29667,1,1,False,3,54,28
29669,1,1,False,1,56,19
29676,1,1,False,0,-1,12
29677,1,1,False,3,53,18
29680,1,1,False,3,53,18
29681,1,1,False,3,54,4
29686,1,1,False,3,93,22
29688,1,1,False,3,93,22
29690,1,1,False,1,54,9
29691,1,1,False,1,56,13
29696,1,1,False,0,-1,13
29699,1,1,False,0,-1,20
29700,1,1,False,0,-1,24
29701,1,1,False,1,106,14
29705,1,1,False,3,44,13
29707,1,1,False,3,44,13
29708,1,1,False,0,-1,18
29712,1,1,False,0,-1,12
29714,1,1,False,0,-1,2
29716,1,1,False,0,-1,13
29719,1,1,False,3,221,13
29722,1,1,False,2,44,8
29725,1,1,False,0,-1,6
29727,1,1,False,0,-1,13
29736,1,1,False,0,-1,24
29737,1,1,False,3,30,20
29740,1,1,False,3,30,20
29742,1,1,False,2,54,5
29744,1,1,False,0,-1,24
29746,1,1,False,0,-1,12
29748,1,1,False,0,-1,14
29749,1,1,False,2,1351,12
29750,1,1,False,2,1351,12
29751,1,1,False,2,1351,12
29753,1,1,False,1,52,25
29754,1,1,False,1,1352,28
29755,1,1,False,1,1352,28
29756,1,1,False,0,-1,5
29758,1,1,False,1,22,24
29759,1,1,False,0,-1,12
29760,1,1,False,0,-1,28
29763,1,1,False,0,-1,14
29766,1,1,False,1,70,18
29769,1,1,False,3,44,5
29770,1,1,False,3,44,5
29772,1,1,False,0,-1,20
29780,1,1,False,1,221,12
29783,1,1,False,0,-1,18
29784,1,1,False,0,-1,8
29788,1,1,False,2,54,12
29789,1,1,False,1,1353,18
29790,1,1,False,1,1353,18
29791,1,1,False,2,44,12
29796,1,1,False,3,30,11
29799,1,1,False,3,30,11
29800,1,1,False,0,-1,5
29807,1,1,False,2,161,11
29810,1,1,False,2,1354,18
29812,1,1,False,2,1354,18
29822,1,1,False,1,106,8
29825,1,1,False,3,25,15
29826,1,1,False,3,25,15
29828,1,1,False,3,37,11
29829,1,1,False,3,37,11
29830,1,1,False,3,37,11
29831,1,1,False,3,54,9
29833,1,1,False,3,54,9
29835,1,1,False,1,1355,13
29836,1,1,False,1,1355,13
29841,1,1,False,0,-1,22
29844,1,1,False,1,43,12
29846,1,1,False,1,1356,4
29847,1,1,False,0,-1,12
29853,1,1,False,2,53,2
29858,1,1,False,3,74,5
29860,1,1,False,3,74,5
29864,1,1,False,1,54,25
29865,1,1,False,0,-1,15
29866,1,1,False,1,54,14
29874,1,1,False,3,74,25
29876,1,1,False,1,1357,9
29877,1,1,False,1,1357,9
29878,1,1,False,0,-1,20
29881,1,1,False,3,44,8
29882,1,1,False,3,44,8
29883,1,1,False,3,44,8
29890,1,1,False,1,1358,13
29891,1,1,False,1,1358,13
29893,1,1,False,1,3,8
29896,1,1,False,0,-1,12
29900,1,1,False,1,1359,12
29901,1,1,False,1,1359,12
29906,1,1,False,3,54,13
29908,1,1,False,0,-1,14
29909,1,1,False,0,-1,14
29910,1,1,False,0,-1,22
29913,1,1,False,1,10,22
29915,1,1,False,1,53,12
29917,1,1,False,0,-1,13
29920,1,1,False,2,54,12
29922,1,1,False,2,54,12
29923,1,1,False,0,-1,18
29925,1,1,False,0,-1,8
29929,1,1,False,3,54,13
29932,1,1,False,3,126,14
29934,1,1,False,0,-1,1
29936,1,1,False,1,56,5
29940,1,1,False,2,135,24
29942,1,1,False,2,135,24
29946,1,1,False,2,1360,9
29947,1,1,False,2,1360,9
29948,1,1,False,2,1360,9
29951,1,1,False,3,44,4
29952,1,1,False,3,44,4
29953,1,1,False,0,-1,18
29954,1,1,False,3,31,13
29957,1,1,False,3,31,13
29959,1,1,False,0,-1,20
29966,1,1,False,1,14,2
29967,1,1,False,0,-1,5
29968,1,1,False,1,27,26
29970,1,1,False,1,1361,7
29971,1,1,False,1,1361,7
29973,1,1,False,2,51,4
29977,1,1,False,1,74,4
29981,1,1,False,2,51,20
29983,1,1,False,2,7,8
29986,1,1,False,1,51,21
29988,1,1,False,0,-1,14
29989,1,1,False,1,1362,14
29990,1,1,False,1,1362,14
29992,1,1,False,1,52,22
29994,1,1,False,0,-1,2
29999,1,1,False,0,-1,17
30001,1,1,False,0,-1,14
30002,1,1,False,0,-1,13
30004,1,1,False,1,58,12
30006,1,1,False,0,-1,8
30010,1,1,False,1,54,20
30013,1,1,False,2,51,5
30014,1,1,False,0,-1,23
30015,1,1,False,1,51,5
30017,1,1,False,0,-1,4
30018,1,1,False,0,-1,20
30020,1,1,False,1,1363,9
30022,1,1,False,1,53,20
30023,1,1,False,0,-1,5
30024,1,1,False,0,-1,8
30026,1,1,False,0,-1,12
30036,1,1,False,0,-1,15
30037,1,1,False,1,56,25
30042,1,1,False,3,70,20
30043,1,1,False,3,70,20
30046,1,1,False,2,56,9
30049,1,1,False,1,1364,13
30050,1,1,False,1,1364,13
30051,1,1,False,2,74,11
30054,1,1,False,1,25,18
30058,1,1,False,3,37,4
30059,1,1,False,3,37,4
30064,1,1,False,0,-1,4
30066,1,1,False,0,-1,8
30068,1,1,False,0,-1,9
30071,1,1,False,3,51,17
30072,1,1,False,3,51,17
30073,1,1,False,0,-1,28
30076,1,1,False,3,52,13
30077,1,1,False,3,52,13
30080,1,1,False,1,1365,18
30081,1,1,False,1,1365,18
30085,1,1,False,0,-1,20
30087,1,1,False,1,1366,9
30088,1,1,False,0,-1,18
30090,1,1,False,3,105,2
30092,1,1,False,3,105,2
30093,1,1,False,3,105,2
30096,1,1,False,3,53,13
30099,1,1,False,3,53,13
30100,1,1,False,0,-1,5
30101,1,1,False,0,-1,26
30102,1,1,False,0,-1,12
30103,1,1,False,1,1367,14
30104,1,1,False,1,1367,14
30106,1,1,False,1,51,5
30107,1,1,False,0,-1,20
30108,1,1,False,1,106,22
30113,1,1,False,1,3,18
30114,1,1,False,0,-1,4
30118,1,1,False,2,44,5
30119,1,1,False,2,44,5
30120,1,1,False,0,-1,14
30130,1,1,False,1,30,20
30133,1,1,False,2,12,4
30134,1,1,False,2,12,4
30136,1,1,False,0,-1,5
30137,1,1,False,0,-1,8
30140,1,1,False,1,351,12
30144,1,1,False,3,40,14
30146,1,1,False,0,-1,18
30148,1,1,False,2,80,12
30150,1,1,False,2,80,12
30153,1,1,False,1,1368,19
30156,1,1,False,3,58,8
30157,1,1,False,3,58,8
30161,1,1,False,0,-1,18
30162,1,1,False,0,-1,5
30163,1,1,False,0,-1,11
30164,1,1,False,0,-1,14
30167,1,1,False,0,-1,9
30168,1,1,False,2,221,13
30169,1,1,False,2,221,13
30172,1,1,False,2,30,5
30173,1,1,False,2,30,5
30174,1,1,False,1,1369,13
30176,1,1,False,0,-1,22
30179,1,1,False,2,31,13
30182,1,1,False,2,48,9
30183,1,1,False,1,1370,13
30184,1,1,False,1,1370,13
30187,1,1,False,1,64,15
30189,1,1,False,1,51,23
30191,1,1,False,1,56,13
30192,1,1,False,1,106,17
30195,1,1,False,3,73,17
30196,1,1,False,3,73,17
30201,1,1,False,1,14,5
30203,1,1,False,0,-1,13
30205,1,1,False,2,64,14
30206,1,1,False,2,64,14
30208,1,1,False,1,56,5
30211,1,1,False,3,1371,18
30213,1,1,False,3,1371,18
30216,1,1,False,0,-1,5
30222,1,1,False,1,1372,7
30223,1,1,False,1,1372,7
30226,1,1,False,2,51,20
30228,1,1,False,1,1373,9
30229,1,1,False,1,1373,9
30233,1,1,False,0,-1,14
30236,1,1,False,2,161,13
30237,1,1,False,0,-1,9
30238,1,1,False,2,221,18
30242,1,1,False,0,-1,5
30243,1,1,False,0,-1,14
30246,1,1,False,1,40,20
30247,1,1,False,0,-1,21
30249,1,1,False,0,-1,23
30251,1,1,False,0,-1,20
30255,1,1,False,0,-1,9
30257,1,1,False,0,-1,18
30258,1,1,False,1,40,5
30262,1,1,False,0,-1,12
30263,1,1,False,2,25,14
30265,1,1,False,2,25,14
30266,1,1,False,1,1374,17
30267,1,1,False,1,1374,17
30268,1,1,False,1,1375,27
30269,1,1,False,1,1375,27
30272,1,1,False,0,-1,22
30273,1,1,False,0,-1,14
30275,1,1,False,1,37,2
30277,1,1,False,2,74,18
30278,1,1,False,2,74,18
30282,1,1,False,0,-1,8
30286,1,1,False,0,-1,4
30288,1,1,False,1,54,27
30289,1,1,False,1,7,27
30292,1,1,False,3,1376,12
30293,1,1,False,3,1376,12
30294,1,1,False,3,1376,12
30295,1,1,False,3,1376,12
30296,1,1,False,0,-1,20
30298,1,1,False,2,62,12
30304,1,1,False,1,221,5
30305,1,1,False,0,-1,12
30306,1,1,False,3,51,12
30309,1,1,False,3,51,12
30311,1,1,False,1,2,14
30314,1,1,False,1,43,5
30320,1,1,False,1,58,13
30322,1,1,False,0,-1,6
30323,1,1,False,0,-1,12
30325,1,1,False,1,105,14
30327,1,1,False,0,-1,5
30330,1,1,False,1,59,2
30332,1,1,False,1,1377,5
30333,1,1,False,1,1377,5
30334,1,1,False,1,1378,5
30336,1,1,False,1,54,18
30338,1,1,False,0,-1,10
30340,1,1,False,2,51,9
30342,1,1,False,0,-1,14
30346,1,1,False,1,30,22
30347,1,1,False,0,-1,5
30350,1,1,False,0,-1,14
30352,1,1,False,0,-1,23
30353,1,1,False,0,-1,8
30356,1,1,False,0,-1,12
30357,1,1,False,0,-1,14
30358,1,1,False,0,-1,13
30360,1,1,False,2,1379,25
30362,1,1,False,2,1379,25
30370,1,1,False,0,-1,13
30371,1,1,False,0,-1,20
30373,1,1,False,2,25,8
30376,1,1,False,0,-1,2
30377,1,1,False,0,-1,8
30379,1,1,False,0,-1,5
30380,1,1,False,2,52,20
30384,1,1,False,3,1,7
30385,1,1,False,3,1,7
30387,1,1,False,0,-1,5
30388,1,1,False,0,-1,11
30391,1,1,False,0,-1,12
30393,1,1,False,1,26,25
30394,1,1,False,0,-1,1
30396,1,1,False,2,114,13
30399,1,1,False,1,1380,20
30400,1,1,False,1,1380,20
30402,1,1,False,2,179,22
30407,1,1,False,1,56,12
30412,1,1,False,2,14,13
30413,1,1,False,2,14,13
30416,1,1,False,1,1381,7
30417,1,1,False,1,1381,7
30422,1,1,False,3,25,4
30424,1,1,False,0,-1,18
30425,1,1,False,2,31,5
30430,1,1,False,0,-1,12
30432,1,1,False,1,80,21
30435,1,1,False,1,28,16
30443,1,1,False,0,-1,20
30444,1,1,False,2,135,9
30453,1,1,False,1,1382,25
30454,1,1,False,1,1382,25
30459,1,1,False,1,1383,14
30460,1,1,False,1,1383,14
30461,1,1,False,1,161,20
30464,1,1,False,2,52,6
30472,1,1,False,2,135,12
30473,1,1,False,2,135,12
30476,1,1,False,1,1384,12
30477,1,1,False,1,1384,12
30481,1,1,False,1,3,14
30482,1,1,False,2,16,5
30484,1,1,False,2,16,5
30485,1,1,False,0,-1,16
30486,1,1,False,0,-1,5
30489,1,1,False,1,166,4
30490,1,1,False,0,-1,8
30500,1,1,False,3,63,5
30501,1,1,False,3,63,5
30506,1,1,False,1,16,12
30510,1,1,False,0,-1,8
30515,1,1,False,0,-1,9
30517,1,1,False,3,40,13
30519,1,1,False,3,40,13
30523,1,1,False,1,3,28
30526,1,1,False,0,-1,12
30527,1,1,False,0,-1,12
30529,1,1,False,3,19,1
30534,1,1,False,2,1385,13
30535,1,1,False,2,1385,13
30537,1,1,False,2,31,12
30541,1,1,False,1,14,8
30544,1,1,False,0,-1,18
30546,1,1,False,1,10,6
30547,1,1,False,2,54,4
30549,1,1,False,2,54,4
30553,1,1,False,2,16,25
30557,1,1,False,1,28,12
30564,1,1,False,3,80,5
30566,1,1,False,3,80,5
30568,1,1,False,1,7,18
30569,1,1,False,3,142,5
30570,1,1,False,3,142,5
30577,1,1,False,1,7,20
30578,1,1,False,0,-1,22
30580,1,1,False,1,1386,1
30581,1,1,False,1,1386,1
30582,1,1,False,2,1387,6
30583,1,1,False,2,1387,6
30584,1,1,False,2,1387,6
30586,1,1,False,2,2,12
30588,1,1,False,2,2,12
30589,1,1,False,0,-1,8
30591,1,1,False,0,-1,5
30593,1,1,False,1,166,15
30597,1,1,False,0,-1,13
30599,1,1,False,2,106,12
30603,1,1,False,2,25,11
30604,1,1,False,2,25,11
30606,1,1,False,0,-1,8
30609,1,1,False,2,31,14
30613,1,1,False,1,166,10
30617,1,1,False,1,1388,5
30618,1,1,False,1,1388,5
30619,1,1,False,0,-1,20
30622,1,1,False,0,-1,20
30627,1,1,False,3,25,5
30629,1,1,False,3,52,12
30630,1,1,False,3,52,12
30631,1,1,False,3,52,12
30634,1,1,False,1,1389,24
30635,1,1,False,1,1389,24
30637,1,1,False,0,-1,20
30638,1,1,False,1,1390,20
30639,1,1,False,1,1390,20
30641,1,1,False,0,-1,12
30647,1,1,False,0,-1,13
30651,1,1,False,2,2,9
30652,1,1,False,0,-1,12
30653,1,1,False,3,166,12
30655,1,1,False,3,166,12
30657,1,1,False,0,-1,14
30663,1,1,False,0,-1,12
30666,1,1,False,1,1391,12
30667,1,1,False,1,1391,12
30668,1,1,False,2,1392,25
30669,1,1,False,2,1392,25
30670,1,1,False,2,1392,25
30672,1,1,False,2,164,4
30675,1,1,False,1,74,20
30678,1,1,False,0,-1,18
30683,1,1,False,1,56,17
30687,1,1,False,3,135,26
30688,1,1,False,3,135,26
30690,1,1,False,2,80,5
30694,1,1,False,1,1393,12
30695,1,1,False,1,1393,12
30698,1,1,False,2,25,12
30703,1,1,False,1,7,26
30705,1,1,False,1,3,5
30712,1,1,False,3,74,20
30713,1,1,False,3,74,20
30715,1,1,False,3,74,20
30717,1,1,False,0,-1,20
30718,1,1,False,2,126,11
30722,1,1,False,3,16,20
30723,1,1,False,3,16,20
30724,1,1,False,3,16,20
30729,1,1,False,1,26,20
30730,1,1,False,0,-1,21
30731,1,1,False,0,-1,25
30735,1,1,False,3,142,5
30741,1,1,False,3,142,26
30743,1,1,False,0,-1,13
30744,1,1,False,0,-1,18
30745,1,1,False,0,-1,16
30747,1,1,False,2,179,13
30749,1,1,False,3,7,12
30750,1,1,False,3,7,12
30751,1,1,False,3,7,12
30759,1,1,False,0,-1,13
30764,1,1,False,1,58,5
30765,1,1,False,2,1394,14
30766,1,1,False,2,1394,14
30767,1,1,False,2,1394,14
30768,1,1,False,1,1395,17
30772,1,1,False,0,-1,6
30775,1,1,False,1,58,12
30777,1,1,False,0,-1,12
30780,1,1,False,3,1396,13
30781,1,1,False,3,1396,13
30782,1,1,False,0,-1,5
30783,1,1,False,0,-1,20
30785,1,1,False,1,73,25
30786,1,1,False,0,-1,8
30788,1,1,False,1,126,23
30791,1,1,False,0,-1,18
30798,1,1,False,1,70,5
30800,1,1,False,0,-1,8
30802,1,1,False,0,-1,18
30804,1,1,False,1,16,20
30808,1,1,False,0,-1,4
30809,1,1,False,1,1397,6
30810,1,1,False,1,1397,6
30820,1,1,False,0,-1,5
30821,1,1,False,1,166,18
30826,1,1,False,2,25,9
30827,1,1,False,2,25,9
30837,1,1,False,0,-1,15
30838,1,1,False,2,14,22
30840,1,1,False,2,14,22
30842,1,1,False,1,3,20
30845,1,1,False,2,7,14
30847,1,1,False,0,-1,18
30850,1,1,False,0,-1,4
30853,1,1,False,1,126,20
30855,1,1,False,0,-1,14
30862,1,1,False,0,-1,25
30863,1,1,False,1,25,8
30865,1,1,False,0,-1,4
30866,1,1,False,0,-1,28
30867,1,1,False,0,-1,3
30869,1,1,False,1,62,7
30870,1,1,False,0,-1,18
30871,1,1,False,0,-1,18
30873,1,1,False,1,1398,6
30874,1,1,False,1,1398,6
30876,1,1,False,2,1399,12
30877,1,1,False,2,1399,12
30878,1,1,False,2,1399,12
30879,1,1,False,0,-1,5
30880,1,1,False,0,-1,12
30882,1,1,False,1,1400,13
30883,1,1,False,1,1400,13
30887,1,1,False,1,31,15
30892,1,1,False,0,-1,4
30893,1,1,False,0,-1,13
30894,1,1,False,1,7,20
30896,1,1,False,0,-1,12
30897,1,1,False,0,-1,6
30901,1,1,False,1,1401,12
30902,1,1,False,1,1401,12
30904,1,1,False,1,30,12
30905,1,1,False,0,-1,15
30906,1,1,False,1,1402,13
30907,1,1,False,1,1402,13
30909,1,1,False,2,31,14
30911,1,1,False,3,7,3
30912,1,1,False,3,7,3
30915,1,1,False,2,898,4
30917,1,1,False,2,898,4
30918,1,1,False,1,16,12
30920,1,1,False,3,6,15
30922,1,1,False,3,6,15
30925,1,1,False,0,-1,12
30926,1,1,False,0,-1,5
30928,1,1,False,0,-1,1
30929,1,1,False,0,-1,13
30942,1,1,False,1,161,26
30945,1,1,False,2,179,20
30947,1,1,False,2,142,24
30948,1,1,False,2,142,24
30950,1,1,False,0,-1,15
30951,1,1,False,0,-1,22
30954,1,1,False,1,1403,28
30955,1,1,False,1,1403,28
30956,1,1,False,0,-1,6
30958,1,1,False,0,-1,14
30961,1,1,False,0,-1,5
30963,1,1,False,2,166,24
30964,1,1,False,2,166,24
30966,1,1,False,1,63,3
30969,1,1,False,1,1404,8
30970,1,1,False,1,1404,8
30971,1,1,False,1,7,4
30974,1,1,False,3,93,8
30977,1,1,False,2,1405,20
30978,1,1,False,2,1405,20
30979,1,1,False,2,1405,20
30982,1,1,False,0,-1,2
30984,1,1,False,0,-1,14
30988,1,1,False,1,12,6
30989,1,1,False,0,-1,13
30991,1,1,False,3,126,14
30992,1,1,False,3,126,14
30995,1,1,False,3,48,12
30998,1,1,False,3,48,12
30999,1,1,False,1,142,13
31005,1,1,False,1,135,14
31009,1,1,False,2,1406,19
31010,1,1,False,2,1406,19
31012,1,1,False,1,58,14
31018,1,1,False,1,6,13
31020,1,1,False,0,-1,5
31023,1,1,False,1,1408,25
31024,1,1,False,1,1408,25
31028,1,1,False,1,12,7
31030,1,1,False,2,58,4
31033,1,1,False,0,-1,4
31036,1,1,False,2,12,1
31038,1,1,False,2,12,1
31045,1,1,False,0,-1,5
31047,1,1,False,1,1,28
31049,1,1,False,2,48,25
31053,1,1,False,0,-1,5
31054,1,1,False,0,-1,13
31057,1,1,False,3,237,17
31058,1,1,False,3,237,17
31060,1,1,False,3,126,25
31062,1,1,False,3,126,25
31069,1,1,False,2,126,9
31070,1,1,False,2,126,9
31072,1,1,False,2,1409,12
31073,1,1,False,2,1409,12
31074,1,1,False,2,1409,12
31076,1,1,False,3,7,6
31078,1,1,False,3,7,6
31082,1,1,False,3,111,15
31085,1,1,False,3,111,15
31086,1,1,False,1,1410,20
31087,1,1,False,1,1410,20
31090,1,1,False,0,-1,21
31095,1,1,False,1,1411,16
31096,1,1,False,1,1411,16
31099,1,1,False,3,80,12
31101,1,1,False,0,-1,11
31102,1,1,False,0,-1,18
31104,1,1,False,1,56,1
31106,1,1,False,2,1,5
31107,1,1,False,2,1,5
31108,1,1,False,0,-1,12
31110,1,1,False,2,44,5
31111,1,1,False,2,44,5
31114,1,1,False,3,43,26
31115,1,1,False,3,43,26
31117,1,1,False,2,31,20
31121,1,1,False,2,1,14
31122,1,1,False,2,1,14
31126,1,1,False,3,105,5
31130,1,1,False,3,63,4
31131,1,1,False,3,63,4
31137,1,1,False,2,135,25
31140,1,1,False,1,7,18
31144,1,1,False,1,1412,8
31145,1,1,False,1,1412,8
31146,1,1,False,1,1413,8
31147,1,1,False,1,1413,8
31148,1,1,False,0,-1,21
31149,1,1,False,3,31,6
31151,1,1,False,3,31,6
31152,1,1,False,3,31,6
31154,1,1,False,3,142,12
31158,1,1,False,1,43,18
31160,1,1,False,1,44,8
31163,1,1,False,0,-1,12
31165,1,1,False,1,14,8
31167,1,1,False,2,56,21
31170,1,1,False,1,6,12
31173,1,1,False,0,-1,12
31174,1,1,False,0,-1,3
31176,1,1,False,1,80,5
31177,1,1,False,1,139,20
31180,1,1,False,0,-1,10
31185,1,1,False,0,-1,17
31187,1,1,False,0,-1,18
31188,1,1,False,0,-1,22
31189,1,1,False,0,-1,14
31190,1,1,False,0,-1,5
31194,1,1,False,3,7,14
31195,1,1,False,3,7,14
31196,1,1,False,0,-1,2
31200,1,1,False,0,-1,18
31202,1,1,False,2,1414,17
31203,1,1,False,2,1414,17
31204,1,1,False,2,1414,17
31209,1,1,False,1,95,20
31211,1,1,False,3,37,11
31212,1,1,False,3,37,11
31213,1,1,False,3,37,11
31215,1,1,False,2,22,14
31219,1,1,False,1,137,8
31227,1,1,False,3,12,3
31228,1,1,False,3,12,3
31229,1,1,False,0,-1,24
31230,1,1,False,2,31,5
31232,1,1,False,2,31,5
31233,1,1,False,1,1415,13
31234,1,1,False,1,1415,13
31236,1,1,False,1,1416,12
31237,1,1,False,1,1416,12
31238,1,1,False,0,-1,22
31241,1,1,False,0,-1,12
31242,1,1,False,0,-1,5
31244,1,1,False,0,-1,20
31246,1,1,False,3,16,8
31250,1,1,False,0,-1,11
31251,1,1,False,1,25,18
31253,1,1,False,1,6,12
31256,1,1,False,3,106,8
31260,1,1,False,2,27,19
31261,1,1,False,2,27,19
31262,1,1,False,1,62,24
31268,1,1,False,3,142,13
31269,1,1,False,3,142,13
31271,1,1,False,3,80,13
31274,1,1,False,3,80,13
31275,1,1,False,0,-1,6
31276,1,1,False,0,-1,5
31277,1,1,False,0,-1,5
31278,1,1,False,1,16,18
31283,1,1,False,0,-1,14
31289,1,1,False,3,56,5
31290,1,1,False,0,-1,8
31291,1,1,False,0,-1,12
31293,1,1,False,3,74,26
31294,1,1,False,3,74,26
31297,1,1,False,2,74,20
31298,1,1,False,2,74,20
31299,1,1,False,1,7,20
31301,1,1,False,2,135,14
31302,1,1,False,2,135,14
31306,1,1,False,2,43,28
31308,1,1,False,2,3,12
31309,1,1,False,2,3,12
31311,1,1,False,1,68,12
31312,1,1,False,1,31,9
31316,1,1,False,1,16,12
31317,1,1,False,2,1417,11
31318,1,1,False,2,1417,11
31323,1,1,False,1,1418,18
31324,1,1,False,1,1418,18
31325,1,1,False,2,1419,14
31326,1,1,False,2,1419,14
31327,1,1,False,2,1419,14
31328,1,1,False,0,-1,15
31330,1,1,False,0,-1,8
31331,1,1,False,3,1420,27
31332,1,1,False,3,1420,27
31333,1,1,False,3,1420,27
31334,1,1,False,3,1420,27
31335,1,1,False,0,-1,26
31336,1,1,False,3,25,11
31339,1,1,False,3,25,11
31340,1,1,False,0,-1,4
31347,1,1,False,1,53,12
31349,1,1,False,2,31,12
31350,1,1,False,2,31,12
31351,1,1,False,0,-1,5
31353,1,1,False,0,-1,5
31356,1,1,False,2,52,18
31357,1,1,False,0,-1,28
31358,1,1,False,1,1421,12
31359,1,1,False,1,1421,12
31363,1,1,False,1,1422,5
31364,1,1,False,1,1422,5
31367,1,1,False,1,51,5
31368,1,1,False,0,-1,28
31371,1,1,False,1,1423,12
31372,1,1,False,1,1423,12
31375,1,1,False,1,1424,27
31377,1,1,False,0,-1,18
31379,1,1,False,0,-1,14
31381,1,1,False,0,-1,9
31382,1,1,False,0,-1,6
31383,1,1,False,0,-1,14
31390,1,1,False,2,114,26
31392,1,1,False,2,26,20
31393,1,1,False,2,26,20
31394,1,1,False,3,16,20
31397,1,1,False,3,16,20
31399,1,1,False,0,-1,15
31400,1,1,False,0,-1,12
31409,1,1,False,2,80,9
31411,1,1,False,0,-1,20
31415,1,1,False,3,221,14
31416,1,1,False,0,-1,9
31417,1,1,False,1,126,25
31419,1,1,False,2,62,19
31423,1,1,False,0,-1,18
31425,1,1,False,0,-1,6
31429,1,1,False,0,-1,12
31434,1,1,False,2,7,4
31435,1,1,False,2,7,4
31438,1,1,False,3,161,11
31440,1,1,False,3,161,11
31441,1,1,False,0,-1,22
31454,1,1,False,0,-1,14
31459,1,1,False,0,-1,12
31461,1,1,False,1,7,12
31467,1,1,False,3,164,13
31468,1,1,False,0,-1,20
31470,1,1,False,2,7,17
31476,1,1,False,2,3,20
31477,1,1,False,2,3,20
31479,1,1,False,0,-1,5
31480,1,1,False,0,-1,11
31481,1,1,False,1,1425,4
31485,1,1,False,2,51,6
31487,1,1,False,2,51,6
31490,1,1,False,0,-1,20
31493,1,1,False,0,-1,18
31494,1,1,False,2,25,12
31496,1,1,False,2,25,12
31497,1,1,False,0,-1,19
31498,1,1,False,2,3,5
31499,1,1,False,2,3,5
31503,1,1,False,0,-1,15
31504,1,1,False,0,-1,13
31505,1,1,False,1,1426,28
31506,1,1,False,1,1426,28
31509,1,1,False,0,-1,12
31511,1,1,False,0,-1,14
31513,1,1,False,0,-1,13
31514,1,1,False,0,-1,12
31517,1,1,False,2,7,8
31518,1,1,False,0,-1,4
31526,1,1,False,3,126,5
31528,1,1,False,3,126,5
31532,1,1,False,2,26,4
31536,1,1,False,0,-1,18
31537,1,1,False,0,-1,22
31542,1,1,False,2,135,25
31543,1,1,False,2,135,25
31547,1,1,False,2,111,15
31551,1,1,False,0,-1,5
31552,1,1,False,0,-1,18
31553,1,1,False,0,-1,8
31557,1,1,False,2,52,20
31558,1,1,False,2,52,20
31560,1,1,False,0,-1,9
31563,1,1,False,1,16,18
31564,1,1,False,0,-1,4
31565,1,1,False,0,-1,20
31566,1,1,False,0,-1,18
31567,1,1,False,0,-1,21
31571,1,1,False,0,-1,21
31574,1,1,False,1,7,20
31577,1,1,False,2,31,25
31580,1,1,False,1,1427,5
31581,1,1,False,1,1427,5
31582,1,1,False,2,74,15
31584,1,1,False,2,74,15
31590,1,1,False,2,68,12
31591,1,1,False,2,68,12
31592,1,1,False,0,-1,2
31596,1,1,False,3,1,14
31597,1,1,False,3,1,14
31602,1,1,False,0,-1,12
31606,1,1,False,1,1,14
31611,1,1,False,1,142,12
31615,1,1,False,1,3,27
31617,1,1,False,2,20,24
31618,1,1,False,2,20,24
31621,1,1,False,2,12,18
31628,1,1,False,0,-1,12
31630,1,1,False,0,-1,4
31631,1,1,False,3,1,20
31633,1,1,False,3,1,20
31635,1,1,False,2,1428,12
31636,1,1,False,2,1428,12
31637,1,1,False,2,1428,12
31638,1,1,False,1,1429,18
31639,1,1,False,1,1429,18
31641,1,1,False,0,-1,2
31643,1,1,False,1,31,12
31644,1,1,False,3,126,1
31645,1,1,False,3,126,1
31648,1,1,False,0,-1,19
31651,1,1,False,0,-1,20
31652,1,1,False,3,59,14
31654,1,1,False,3,59,14
31656,1,1,False,0,-1,11
31657,1,1,False,1,1430,14
31658,1,1,False,1,1430,14
31659,1,1,False,3,1431,8
31660,1,1,False,3,1431,8
31661,1,1,False,3,1431,8
31662,1,1,False,3,1431,8
31665,1,1,False,0,-1,20
31666,1,1,False,0,-1,12
31667,1,1,False,0,-1,18
31668,1,1,False,0,-1,15
31671,1,1,False,0,-1,8
31674,1,1,False,1,25,24
31675,1,1,False,2,135,14
31678,1,1,False,2,135,14
31680,1,1,False,2,135,14
31681,1,1,False,0,-1,14
31683,1,1,False,1,221,18
31688,1,1,False,2,1432,12
31689,1,1,False,2,1432,12
31690,1,1,False,2,1432,12
31691,1,1,False,3,62,12
31695,1,1,False,0,-1,22
31697,1,1,False,3,52,14
31705,1,1,False,2,126,26
31707,1,1,False,2,27,22
31708,1,1,False,2,27,22
31711,1,1,False,2,97,12
31713,1,1,False,0,-1,18
31714,1,1,False,0,-1,12
31717,1,1,False,0,-1,21
31719,1,1,False,1,26,20
31721,1,1,False,1,31,13
31723,1,1,False,1,1433,26
31724,1,1,False,1,1433,26
31728,1,1,False,0,-1,28
31729,1,1,False,1,26,24
31733,1,1,False,0,-1,20
31734,1,1,False,0,-1,8
31735,1,1,False,0,-1,18
31736,1,1,False,0,-1,25
31737,1,1,False,0,-1,9
31740,1,1,False,2,142,7
31744,1,1,False,3,59,5
31745,1,1,False,3,59,5
31746,1,1,False,0,-1,24
31748,1,1,False,0,-1,12
31751,1,1,False,3,80,15
31753,1,1,False,2,54,4
31755,1,1,False,2,54,4
31756,1,1,False,1,1434,12
31757,1,1,False,1,1434,12
31759,1,1,False,3,31,22
31761,1,1,False,3,31,22
31766,1,1,False,1,58,21
31767,1,1,False,0,-1,20
31768,1,1,False,0,-1,7
31770,1,1,False,2,12,1
31771,1,1,False,2,12,1
31775,1,1,False,2,80,5
31776,1,1,False,2,80,5
31778,1,1,False,3,7,13
31780,1,1,False,3,7,13
31781,1,1,False,3,7,13
31783,1,1,False,3,31,9
31788,1,1,False,3,142,7
31789,1,1,False,3,142,7
31791,1,1,False,0,-1,18
31800,1,1,False,2,221,18
31801,1,1,False,2,221,18
31808,1,1,False,1,73,24
31809,1,1,False,1,1435,18
31810,1,1,False,1,1435,18
31811,1,1,False,1,53,12
31813,1,1,False,1,52,3
31818,1,1,False,1,31,18
31820,1,1,False,1,54,18
31824,1,1,False,1,56,24
31825,1,1,False,0,-1,14
31827,1,1,False,2,86,19
31829,1,1,False,2,86,19
31830,1,1,False,1,1436,22
31831,1,1,False,1,1436,22
31832,1,1,False,0,-1,12
31833,1,1,False,2,56,15
31835,1,1,False,2,56,15
31841,1,1,False,0,-1,20
31846,1,1,False,0,-1,8
31848,1,1,False,2,80,12
31854,1,1,False,3,74,20
31859,1,1,False,2,664,5
31860,1,1,False,2,664,5
31863,1,1,False,1,14,4
31864,1,1,False,0,-1,17
31865,1,1,False,0,-1,9
31866,1,1,False,0,-1,12
31869,1,1,False,0,-1,18
31870,1,1,False,1,1437,5
31871,1,1,False,1,1437,5
31873,1,1,False,0,-1,6
31874,1,1,False,1,1438,5
31875,1,1,False,1,1438,5
31879,1,1,False,1,1439,12
31880,1,1,False,1,1439,12
31883,1,1,False,2,80,9
31886,1,1,False,0,-1,12
31888,1,1,False,1,221,18
31891,1,1,False,3,74,18
31894,1,1,False,1,56,26
31899,1,1,False,1,68,12
31901,1,1,False,0,-1,14
31903,1,1,False,2,68,11
31905,1,1,False,0,-1,27
31908,1,1,False,1,56,4
31909,1,1,False,0,-1,17
31910,1,1,False,0,-1,6
31913,1,1,False,1,2,12
31915,1,1,False,0,-1,5
31917,1,1,False,0,-1,16
31918,1,1,False,2,16,4
31920,1,1,False,2,16,4
31924,1,1,False,1,1440,5
31925,1,1,False,1,1440,5
31926,1,1,False,1,1441,14
31928,1,1,False,1,126,5
31937,1,1,False,2,31,26
31941,1,1,False,1,16,20
31943,1,1,False,3,1442,17
31944,1,1,False,3,1442,17
31945,1,1,False,3,1442,17
31946,1,1,False,3,1442,17
31952,1,1,False,2,114,5
31955,1,1,False,0,-1,14
31957,1,1,False,1,18,23
31958,1,1,False,1,1443,13
31962,1,1,False,2,56,17
31964,1,1,False,1,58,12
31967,1,1,False,2,28,20
31968,1,1,False,2,28,20
31975,1,1,False,1,7,15
31978,1,1,False,3,56,20
31980,1,1,False,3,56,20
31982,1,1,False,2,14,20
31985,1,1,False,3,31,6
31987,1,1,False,3,31,6
31990,1,1,False,2,105,4
31992,1,1,False,2,105,4
31993,1,1,False,0,-1,12
31997,1,1,False,1,54,14
31999,1,1,False,1,35,12
32003,1,1,False,3,114,6
32004,1,1,False,1,1444,18
32005,1,1,False,1,1444,18
32008,1,1,False,0,-1,14
32010,1,1,False,3,31,13
32012,1,1,False,3,31,13
32013,1,1,False,0,-1,14
32014,1,1,False,0,-1,14
32018,1,1,False,0,-1,13
32019,1,1,False,0,-1,12
32021,1,1,False,3,14,20
32026,1,1,False,1,86,12
32028,1,1,False,1,58,14
32031,1,1,False,2,221,4
32035,1,1,False,0,-1,14
32036,1,1,False,0,-1,4
32043,1,1,False,3,27,14
32044,1,1,False,3,27,14
32046,1,1,False,1,1445,24
32047,1,1,False,1,1445,24
32049,1,1,False,2,52,25
32050,1,1,False,2,52,25
32052,1,1,False,2,142,26
32053,1,1,False,2,142,26
32061,1,1,False,0,-1,14
32063,1,1,False,1,1446,13
32064,1,1,False,1,1446,13
32066,1,1,False,3,166,18
32067,1,1,False,3,166,18
32069,1,1,False,2,6,12
32070,1,1,False,2,6,12
32076,1,1,False,0,-1,14
32083,1,1,False,0,-1,24
32089,1,1,False,3,16,14
32092,1,1,False,3,16,14
32094,1,1,False,1,68,8
32096,1,1,False,0,-1,5
32098,1,1,False,2,0,2
32102,1,1,False,1,1091,5
32103,1,1,False,3,1447,22
32105,1,1,False,3,1447,22
32106,1,1,False,3,1447,22
32108,1,1,False,1,58,13
32109,1,1,False,3,59,12
32117,1,1,False,0,-1,18
32118,1,1,False,2,2,13
32122,1,1,False,3,166,27
32125,1,1,False,3,56,21
32128,1,1,False,3,56,21
32130,1,1,False,2,56,5
32132,1,1,False,3,52,13
32134,1,1,False,3,52,13
32135,1,1,False,3,52,13
32137,1,1,False,1,1448,27
32138,1,1,False,1,1448,27
32139,1,1,False,0,-1,9
32141,1,1,False,0,-1,4
32144,1,1,False,0,-1,12
32146,1,1,False,0,-1,13
32148,1,1,False,1,1449,12
32149,1,1,False,0,-1,5
32150,1,1,False,1,114,12
32155,1,1,False,0,-1,12
32156,1,1,False,1,25,13
32159,1,1,False,2,27,5
32160,1,1,False,2,27,5
32162,1,1,False,0,-1,5
32163,1,1,False,0,-1,9
32165,1,1,False,0,-1,14
32171,1,1,False,3,135,5
32176,1,1,False,0,-1,18
32177,1,1,False,2,16,24
32179,1,1,False,2,16,24
32183,1,1,False,0,-1,4
32184,1,1,False,0,-1,13
32187,1,1,False,0,-1,22
32189,1,1,False,0,-1,8
32190,1,1,False,1,1450,5
32191,1,1,False,1,1450,5
32193,1,1,False,2,126,10
32194,1,1,False,2,126,10
32195,1,1,False,0,-1,12
32196,1,1,False,1,166,14
32199,1,1,False,1,1051,12
32200,1,1,False,0,-1,5
32201,1,1,False,1,16,13
32204,1,1,False,3,142,4
32207,1,1,False,3,142,4
32208,1,1,False,1,1451,12
32209,1,1,False,1,1451,12
32210,1,1,False,1,25,17
32212,1,1,False,1,166,12
32214,1,1,False,1,19,5
32216,1,1,False,1,1452,15
32217,1,1,False,1,1452,15
32224,1,1,False,0,-1,2
32225,1,1,False,0,-1,4
32227,1,1,False,0,-1,20
32229,1,1,False,1,1453,18
32230,1,1,False,1,56,13
32233,1,1,False,1,68,9
32237,1,1,False,3,86,6
32240,1,1,False,0,-1,18
32243,1,1,False,2,14,18
32246,1,1,False,2,1454,13
32247,1,1,False,2,1454,13
32248,1,1,False,2,1454,13
32249,1,1,False,2,126,12
32256,1,1,False,1,1455,5
32257,1,1,False,1,1455,5
32258,1,1,False,3,19,13
32260,1,1,False,3,19,13
32262,1,1,False,1,1456,15
32263,1,1,False,1,1456,15
32265,1,1,False,1,142,20
32269,1,1,False,0,-1,10
32271,1,1,False,1,3,14
32272,1,1,False,0,-1,5
32273,1,1,False,0,-1,18
32275,1,1,False,0,-1,14
32277,1,1,False,1,27,18
32278,1,1,False,1,139,28
32282,1,1,False,1,3,18
32284,1,1,False,0,-1,9
32285,1,1,False,0,-1,14
32286,1,1,False,0,-1,14
32287,1,1,False,0,-1,18
32290,1,1,False,1,7,14
32292,1,1,False,1,1457,12
32293,1,1,False,1,1457,12
32301,1,1,False,2,25,8
32302,1,1,False,2,25,8
32306,1,1,False,2,1458,8
32307,1,1,False,2,1458,8
32308,1,1,False,2,1458,8
32310,1,1,False,0,-1,14
32313,1,1,False,1,1459,4
32314,1,1,False,1,1459,4
32317,1,1,False,1,54,14
32318,1,1,False,2,126,14
32321,1,1,False,0,-1,12
32322,1,1,False,1,95,5
32324,1,1,False,1,14,13
32326,1,1,False,1,80,11
32332,1,1,False,1,7,11
32334,1,1,False,0,-1,15
32336,1,1,False,3,164,15
32337,1,1,False,3,164,15
32341,1,1,False,2,68,7
32345,1,1,False,1,1460,12
32346,1,1,False,1,1460,12
32347,1,1,False,1,80,18
32349,1,1,False,0,-1,15
32350,1,1,False,0,-1,13
32353,1,1,False,0,-1,7
32354,1,1,False,0,-1,28
32358,1,1,False,1,58,9
32361,1,1,False,0,-1,8
32363,1,1,False,0,-1,24
32364,1,1,False,0,-1,12
32367,1,1,False,2,25,12
32369,1,1,False,2,25,12
32376,1,1,False,1,44,13
32377,1,1,False,0,-1,13
32379,1,1,False,0,-1,15
32380,1,1,False,1,1461,23
32381,1,1,False,1,1461,23
32383,1,1,False,2,52,24
32387,1,1,False,2,1462,12
32389,1,1,False,2,1462,12
32390,1,1,False,1,23,1
32394,1,1,False,0,-1,22
32398,1,1,False,0,-1,12
32401,1,1,False,1,111,27
32405,1,1,False,3,14,1
32410,1,1,False,2,1463,18
32411,1,1,False,2,1463,18
32412,1,1,False,1,27,13
32419,1,1,False,1,1464,12
32420,1,1,False,1,1464,12
32421,1,1,False,0,-1,3
32430,1,1,False,2,35,18
32433,1,1,False,0,-1,12
32435,1,1,False,1,23,5
32438,1,1,False,0,-1,11
32442,1,1,False,3,23,24
32443,1,1,False,3,23,24
32444,1,1,False,3,23,24
32446,1,1,False,1,43,5
32447,1,1,False,0,-1,13
32449,1,1,False,1,30,7
32451,1,1,False,2,3,7
32452,1,1,False,2,3,7
32455,1,1,False,1,114,11
32457,1,1,False,0,-1,5
32458,1,1,False,1,30,13
32463,1,1,False,2,30,14
32464,1,1,False,2,30,14
32470,1,1,False,2,35,13
32472,1,1,False,0,-1,27
32481,1,1,False,2,6,15
32483,1,1,False,2,52,15
32484,1,1,False,2,52,15
32487,1,1,False,0,-1,20
32491,1,1,False,2,52,12
32494,1,1,False,3,1465,9
32495,1,1,False,3,1465,9
32496,1,1,False,3,1465,9
32497,1,1,False,3,1465,9
32501,1,1,False,1,126,9
32502,1,1,False,2,97,5
32506,1,1,False,1,142,12
32508,1,1,False,0,-1,13
32509,1,1,False,0,-1,9
32513,1,1,False,1,142,12
32515,1,1,False,0,-1,5
32517,1,1,False,0,-1,28
32518,1,1,False,0,-1,5
32519,1,1,False,0,-1,20
32520,1,1,False,0,-1,11
32528,1,1,False,3,126,12
32529,1,1,False,3,126,12
32530,1,1,False,0,-1,25
32531,1,1,False,1,1207,12
32536,1,1,False,3,44,5
32539,1,1,False,3,44,5
32544,1,1,False,3,1,9
32545,1,1,False,3,1,9
32546,1,1,False,3,1,9
32551,1,1,False,1,114,15
32553,1,1,False,1,1466,15
32554,1,1,False,1,1466,15
32555,1,1,False,0,-1,5
32556,1,1,False,0,-1,2
32557,1,1,False,3,142,6
32559,1,1,False,3,142,6
32561,1,1,False,3,14,11
32569,1,1,False,0,-1,18
32570,1,1,False,0,-1,13
32572,1,1,False,2,31,15
32575,1,1,False,1,0,15
32578,1,1,False,2,30,12
32579,1,1,False,2,30,12
32584,1,1,False,1,56,14
32586,1,1,False,3,30,14
32589,1,1,False,2,3,5
32592,1,1,False,1,179,20
32598,1,1,False,2,179,11
32601,1,1,False,2,20,13
32602,1,1,False,1,1467,18
32603,1,1,False,1,1467,18
32606,1,1,False,1,1468,27
32607,1,1,False,1,1468,27
32609,1,1,False,0,-1,8
32612,1,1,False,1,44,28
32622,1,1,False,2,40,25
32625,1,1,False,3,56,2
32627,1,1,False,0,-1,20
32633,1,1,False,0,-1,17
32636,1,1,False,2,294,27
32637,1,1,False,1,1469,15
32638,1,1,False,1,1469,15
32642,1,1,False,0,-1,6
32645,1,1,False,1,23,5
32648,1,1,False,0,-1,20
32650,1,1,False,2,2,18
32655,1,1,False,3,44,9
32656,1,1,False,3,44,9
32659,1,1,False,0,-1,12
32661,1,1,False,1,31,12
32666,1,1,False,3,52,15
32667,1,1,False,3,52,15
32669,1,1,False,1,22,14
32670,1,1,False,0,-1,14
32671,1,1,False,0,-1,21
32678,1,1,False,0,-1,12
32681,1,1,False,0,-1,6
32683,1,1,False,0,-1,8
32685,1,1,False,0,-1,7
32687,1,1,False,1,1470,20
32688,1,1,False,1,1470,20
32689,1,1,False,0,-1,9
32690,1,1,False,2,14,18
32691,1,1,False,2,14,18
32694,1,1,False,0,-1,5
32699,1,1,False,1,3,12
32702,1,1,False,1,111,13
32703,1,1,False,1,1471,25
32704,1,1,False,1,1471,25
32710,1,1,False,0,-1,12
32711,1,1,False,0,-1,4
32712,1,1,False,0,-1,4
32714,1,1,False,1,52,25
32716,1,1,False,1,126,6
32717,1,1,False,0,-1,20
32718,1,1,False,0,-1,15
32723,1,1,False,0,-1,14
32724,1,1,False,0,-1,24
32727,1,1,False,2,19,4
32732,1,1,False,1,23,9
32737,1,1,False,3,14,14
32738,1,1,False,3,14,14
32741,1,1,False,0,-1,20
32742,1,1,False,0,-1,7
32746,1,1,False,1,44,12
32750,1,1,False,0,-1,2
32751,1,1,False,2,937,1
32754,1,1,False,1,1472,8
32755,1,1,False,1,1472,8
32758,1,1,False,2,64,13
32759,1,1,False,2,64,13
32760,1,1,False,0,-1,9
32763,1,1,False,2,2,25
32764,1,1,False,3,1473,21
32766,1,1,False,3,1473,21
32767,1,1,False,3,1473,21
32768,1,1,False,1,1474,21
32769,1,1,False,1,1474,21
32770,1,1,False,1,1475,13
32771,1,1,False,1,1475,13
32775,1,1,False,0,-1,13
32776,1,1,False,0,-1,14
32779,1,1,False,1,52,4
32782,1,1,False,1,237,13
32783,1,1,False,2,179,24
32786,1,1,False,0,-1,12
32793,1,1,False,1,56,4
32796,1,1,False,0,-1,9
32799,1,1,False,1,805,20
32801,1,1,False,1,1476,5
32802,1,1,False,1,1476,5
32805,1,1,False,1,62,2
32807,1,1,False,0,-1,22
32812,1,1,False,3,44,7
32815,1,1,False,3,44,7
32817,1,1,False,1,1477,17
32822,1,1,False,0,-1,4
32823,1,1,False,0,-1,6
32824,1,1,False,1,1478,8
32825,1,1,False,1,1478,8
32832,1,1,False,2,1479,13
32833,1,1,False,2,1479,13
32834,1,1,False,2,1479,13
32835,1,1,False,0,-1,12
32836,1,1,False,0,-1,5
32837,1,1,False,0,-1,2
32843,1,1,False,1,1,3
32850,1,1,False,0,-1,12
32851,1,1,False,1,1480,4
32852,1,1,False,1,1480,4
32854,1,1,False,1,86,14
32858,1,1,False,0,-1,24
32860,1,1,False,1,64,12
32861,1,1,False,0,-1,13
32868,1,1,False,0,-1,20
32870,1,1,False,1,72,12
32872,1,1,False,3,126,5
32873,1,1,False,3,126,5
32875,1,1,False,3,126,5
32876,1,1,False,1,14,27
32879,1,1,False,0,-1,12
32881,1,1,False,0,-1,12
32882,1,1,False,0,-1,9
32885,1,1,False,3,111,22
32887,1,1,False,2,52,10
32894,1,1,False,0,-1,12
32897,1,1,False,0,-1,18
32898,1,1,False,2,14,22
32907,1,1,False,0,-1,23
32909,1,1,False,3,3,20
32911,1,1,False,3,3,20
32912,1,1,False,3,3,20
32913,1,1,False,0,-1,20
32914,1,1,False,0,-1,6
32918,1,1,False,3,35,4
32919,1,1,False,1,1481,5
32920,1,1,False,1,1481,5
32921,1,1,False,0,-1,18
32925,1,1,False,1,52,18
32926,1,1,False,0,-1,22
32928,1,1,False,0,-1,9
32932,1,1,False,3,44,14
32934,1,1,False,3,44,14
32937,1,1,False,2,48,18
32938,1,1,False,3,1482,5
32939,1,1,False,3,1482,5
32940,1,1,False,3,1482,5
32946,1,1,False,1,14,9
32947,1,1,False,0,-1,17
32948,1,1,False,3,30,7
32951,1,1,False,3,30,7
32952,1,1,False,3,52,18
32957,1,1,False,3,14,3
32964,1,1,False,3,23,12
32966,1,1,False,3,23,12
32968,1,1,False,1,1483,20
32970,1,1,False,2,30,12
32978,1,1,False,0,-1,25
32981,1,1,False,0,-1,13
32982,1,1,False,0,-1,13
32988,1,1,False,2,44,14
32990,1,1,False,0,-1,17
32991,1,1,False,2,30,9
32993,1,1,False,2,30,9
32994,1,1,False,0,-1,13
32995,1,1,False,1,142,17
33004,1,1,False,1,1484,3
33005,1,1,False,1,1484,3
33006,1,1,False,0,-1,15
33007,1,1,False,3,97,18
33008,1,1,False,3,97,18
33011,1,1,False,3,3,24
33012,1,1,False,3,3,24
33014,1,1,False,3,3,24
33015,1,1,False,1,14,5
33018,1,1,False,0,-1,14
33022,1,1,False,0,-1,25
33023,1,1,False,2,14,24
33025,1,1,False,2,14,24
33028,1,1,False,0,-1,5
33029,1,1,False,2,14,12
33030,1,1,False,2,14,12
33032,1,1,False,2,105,12
33034,1,1,False,2,105,12
33037,1,1,False,1,1485,12
33039,1,1,False,0,-1,5
33042,1,1,False,0,-1,5
33044,1,1,False,1,1486,20
33045,1,1,False,1,1486,20
33049,1,1,False,0,-1,11
33056,1,1,False,3,14,12
33057,1,1,False,3,14,12
33062,1,1,False,1,142,5
33064,1,1,False,0,-1,12
33065,1,1,False,0,-1,17
33067,1,1,False,0,-1,22
33070,1,1,False,0,-1,12
33071,1,1,False,0,-1,25
33073,1,1,False,1,30,14
33079,1,1,False,0,-1,12
33081,1,1,False,3,74,4
33082,1,1,False,3,74,4
33084,1,1,False,3,52,17
33089,1,1,False,0,-1,13
33090,1,1,False,1,27,9
33093,1,1,False,3,179,12
33094,1,1,False,3,179,12
33097,1,1,False,1,1487,11
33099,1,1,False,0,-1,13
33101,1,1,False,0,-1,15
33102,1,1,False,1,22,13
33105,1,1,False,3,135,8
33106,1,1,False,3,135,8
33108,1,1,False,3,135,8
33109,1,1,False,0,-1,17
33111,1,1,False,3,111,24
33113,1,1,False,3,111,24
33116,1,1,False,0,-1,14
33118,1,1,False,1,1488,17
33119,1,1,False,1,1488,17
33120,1,1,False,0,-1,4
33122,1,1,False,2,2,14
33123,1,1,False,2,2,14
33125,1,1,False,2,1489,5
33126,1,1,False,2,1489,5
33127,1,1,False,1,52,9
33129,1,1,False,1,1490,11
33130,1,1,False,1,1490,11
33131,1,1,False,0,-1,14
33132,1,1,False,1,95,17
33134,1,1,False,0,-1,8
33136,1,1,False,3,294,5
33137,1,1,False,3,294,5
33138,1,1,False,3,294,5
33140,1,1,False,1,1491,17
33141,1,1,False,0,-1,18
33142,1,1,False,0,-1,5
33143,1,1,False,0,-1,27
33144,1,1,False,1,126,8
33147,1,1,False,1,30,2
33148,1,1,False,1,52,9
33150,1,1,False,2,1492,17
33151,1,1,False,2,1492,17
33152,1,1,False,2,1492,17
33154,1,1,False,1,43,5
33155,1,1,False,2,3,5
33157,1,1,False,2,3,5
33158,1,1,False,2,53,8
33162,1,1,False,1,22,18
33164,1,1,False,0,-1,20
33168,1,1,False,3,0,9
33169,1,1,False,3,0,9
33172,1,1,False,1,1493,14
33173,1,1,False,1,1493,14
33174,1,1,False,0,-1,9
33176,1,1,False,0,-1,23
33179,1,1,False,3,111,12
33184,1,1,False,2,51,12
33186,1,1,False,2,1494,26
33187,1,1,False,2,1494,26
33188,1,1,False,2,1494,26
33190,1,1,False,1,2,20
33191,1,1,False,1,1495,12
33192,1,1,False,1,1495,12
33193,1,1,False,0,-1,9
33195,1,1,False,1,43,8
33198,1,1,False,0,-1,14
33199,1,1,False,0,-1,4
33200,1,1,False,0,-1,7
33202,1,1,False,2,1496,27
33203,1,1,False,2,1496,27
33204,1,1,False,2,1496,27
33207,1,1,False,2,20,15
33208,1,1,False,1,25,14
33212,1,1,False,1,20,20
33214,1,1,False,1,161,14
33218,1,1,False,3,31,12
33219,1,1,False,1,44,18
33221,1,1,False,0,-1,18
33226,1,1,False,3,142,13
33229,1,1,False,3,19,15
33230,1,1,False,3,19,15
33231,1,1,False,3,19,15
33233,1,1,False,0,-1,15
33236,1,1,False,0,-1,3
33241,1,1,False,3,43,14
33243,1,1,False,3,43,14
33247,1,1,False,0,-1,20
33248,1,1,False,3,142,5
33249,1,1,False,3,142,5
33252,1,1,False,0,-1,13
33255,1,1,False,3,142,12
33259,1,1,False,2,44,14
33261,1,1,False,0,-1,4
33263,1,1,False,3,19,28
33266,1,1,False,3,19,28
33268,1,1,False,3,1497,5
33269,1,1,False,3,1497,5
33270,1,1,False,3,1497,5
33271,1,1,False,3,1497,5
33272,1,1,False,0,-1,8
33273,1,1,False,0,-1,18
33275,1,1,False,0,-1,24
33277,1,1,False,2,23,12
33278,1,1,False,2,23,12
33283,1,1,False,0,-1,15
33284,1,1,False,2,19,4
33285,1,1,False,2,19,4
33288,1,1,False,1,14,27
33289,1,1,False,0,-1,15
33291,1,1,False,0,-1,9
33293,1,1,False,0,-1,2
33297,1,1,False,1,1498,15
33298,1,1,False,1,1498,15
33301,1,1,False,2,12,20
33302,1,1,False,2,12,20
33303,1,1,False,0,-1,20
33305,1,1,False,2,14,17
33306,1,1,False,2,14,17
33307,1,1,False,0,-1,12
33309,1,1,False,1,58,12
33312,1,1,False,1,14,4
33313,1,1,False,0,-1,4
33315,1,1,False,1,52,9
33316,1,1,False,2,52,20
33317,1,1,False,2,52,20
33320,1,1,False,0,-1,13
33321,1,1,False,3,44,12
33323,1,1,False,3,44,12
33327,1,1,False,0,-1,12
33336,1,1,False,2,294,12
33338,1,1,False,1,1499,12
33339,1,1,False,1,1499,12
33341,1,1,False,0,-1,12
33346,1,1,False,0,-1,2
33348,1,1,False,1,25,17
33350,1,1,False,2,126,22
33354,1,1,False,3,19,5
33360,1,1,False,0,-1,7
33365,1,1,False,3,114,12
33366,1,1,False,3,114,12
33368,1,1,False,0,-1,28
33369,1,1,False,2,35,14
33375,1,1,False,0,-1,25
33376,1,1,False,1,1500,5
33377,1,1,False,1,1500,5
33379,1,1,False,2,30,20
33382,1,1,False,0,-1,14
33383,1,1,False,0,-1,14
33385,1,1,False,2,44,12
33389,1,1,False,2,7,5
33392,1,1,False,0,-1,25
33393,1,1,False,1,44,14
33395,1,1,False,0,-1,23
33397,1,1,False,1,19,9
33400,1,1,False,3,105,27
33401,1,1,False,3,105,27
33403,1,1,False,0,-1,23
33406,1,1,False,0,-1,25
33409,1,1,False,3,44,13
33410,1,1,False,3,44,13
33411,1,1,False,3,44,13
33412,1,1,False,3,19,4
33413,1,1,False,3,19,4
33414,1,1,False,3,19,4
33417,1,1,False,1,111,4
33418,1,1,False,1,1501,17
33419,1,1,False,1,1501,17
33425,1,1,False,1,1502,17
33426,1,1,False,1,1502,17
33427,1,1,False,1,105,20
33431,1,1,False,3,27,2
33432,1,1,False,3,27,2
33436,1,1,False,1,52,12
33438,1,1,False,1,68,12
33440,1,1,False,3,111,12
33442,1,1,False,3,111,12
33443,1,1,False,3,111,12
33448,1,1,False,1,59,2
33456,1,1,False,3,20,9
33459,1,1,False,3,20,9
33460,1,1,False,1,58,5
33463,1,1,False,1,294,11
33464,1,1,False,1,51,13
33466,1,1,False,0,-1,20
33467,1,1,False,0,-1,6
33470,1,1,False,1,126,14
33472,1,1,False,2,1503,20
33473,1,1,False,2,1503,20
33474,1,1,False,2,1503,20
33477,1,1,False,3,74,8
33479,1,1,False,3,74,8
33480,1,1,False,3,74,8
33481,1,1,False,0,-1,12
33483,1,1,False,0,-1,8
33485,1,1,False,3,1,26
33490,1,1,False,2,114,7
33493,1,1,False,2,44,12
33494,1,1,False,2,44,12
33496,1,1,False,1,44,11
33497,1,1,False,0,-1,15
33500,1,1,False,1,27,20
33504,1,1,False,0,-1,14
33505,1,1,False,1,1504,7
33506,1,1,False,1,1504,7
33507,1,1,False,3,3,22
33508,1,1,False,3,3,22
33510,1,1,False,3,3,22
33511,1,1,False,1,23,18
33513,1,1,False,1,1505,13
33514,1,1,False,1,1505,13
33518,1,1,False,3,294,14
33523,1,1,False,0,-1,8
33524,1,1,False,0,-1,18
33526,1,1,False,0,-1,24
33540,1,1,False,0,-1,2
33543,1,1,False,2,1506,22
33544,1,1,False,2,1506,22
33545,1,1,False,2,1506,22
33550,1,1,False,3,44,9
33555,1,1,False,0,-1,14
33556,1,1,False,2,27,9
33558,1,1,False,2,27,9
33559,1,1,False,1,1507,13
33560,1,1,False,1,1507,13
33565,1,1,False,1,1508,15
33566,1,1,False,1,1508,15
33569,1,1,False,2,44,12
33570,1,1,False,2,44,12
33573,1,1,False,0,-1,19
33575,1,1,False,0,-1,8
33578,1,1,False,2,44,25
33580,1,1,False,2,126,5
33583,1,1,False,3,111,12
33585,1,1,False,3,111,12
33590,1,1,False,3,105,4
33591,1,1,False,3,105,4
33592,1,1,False,3,105,4
33597,1,1,False,2,59,5
33598,1,1,False,2,59,5
33599,1,1,False,0,-1,27
33601,1,1,False,1,142,9
33603,1,1,False,3,40,9
33608,1,1,False,2,12,13
33609,1,1,False,0,-1,12
33610,1,1,False,2,35,17
33614,1,1,False,2,30,13
33617,1,1,False,1,1,5
33618,1,1,False,1,1509,22
33619,1,1,False,1,1509,22
33620,1,1,False,1,58,17
33624,1,1,False,0,-1,20
33625,1,1,False,0,-1,5
33631,1,1,False,0,-1,17
33634,1,1,False,0,-1,8
33635,1,1,False,1,44,18
33639,1,1,False,0,-1,12
33640,1,1,False,0,-1,4
33642,1,1,False,2,19,14
33647,1,1,False,1,44,22
33648,1,1,False,1,142,11
33651,1,1,False,2,1510,25
33652,1,1,False,2,1510,25
33653,1,1,False,2,1510,25
33656,1,1,False,2,19,9
33659,1,1,False,1,1511,14
33660,1,1,False,1,1511,14
33661,1,1,False,0,-1,5
33662,1,1,False,0,-1,15
33663,1,1,False,0,-1,5
33664,1,1,False,0,-1,5
33666,1,1,False,2,137,24
33669,1,1,False,2,62,11
33670,1,1,False,2,62,11
33671,1,1,False,3,70,21
33672,1,1,False,3,70,21
33673,1,1,False,3,70,21
33675,1,1,False,1,1512,12
33676,1,1,False,1,1512,12
33682,1,1,False,1,62,28
33683,1,1,False,0,-1,12
33687,1,1,False,3,126,1
33688,1,1,False,3,126,1
33689,1,1,False,3,126,1
33690,1,1,False,0,-1,23
33692,1,1,False,0,-1,20
33694,1,1,False,0,-1,11
33695,1,1,False,0,-1,25
33696,1,1,False,0,-1,28
33698,1,1,False,3,111,13
33707,1,1,False,0,-1,8
33708,1,1,False,1,44,21
33713,1,1,False,2,44,9
33715,1,1,False,0,-1,9
33716,1,1,False,0,-1,5
33717,1,1,False,1,1513,11
33725,1,1,False,1,14,12
33727,1,1,False,0,-1,28
33728,1,1,False,3,137,18
33729,1,1,False,3,137,18
33734,1,1,False,2,142,23
33735,1,1,False,2,142,23
33736,1,1,False,0,-1,14
33737,1,1,False,0,-1,6
33740,1,1,False,0,-1,1
33741,1,1,False,0,-1,4
33743,1,1,False,2,179,12
33745,1,1,False,2,179,12
33746,1,1,False,0,-1,24
33747,1,1,False,1,1514,11
33748,1,1,False,1,1514,11
33750,1,1,False,0,-1,20
33751,1,1,False,2,52,20
33753,1,1,False,2,52,20
33754,1,1,False,1,1515,5
33755,1,1,False,1,1515,5
33756,1,1,False,0,-1,12
33759,1,1,False,0,-1,12
33760,1,1,False,0,-1,20
33764,1,1,False,0,-1,17
33767,1,1,False,1,1516,12
33768,1,1,False,1,1516,12
33775,1,1,False,3,48,14
33777,1,1,False,0,-1,15
33778,1,1,False,0,-1,5
33780,1,1,False,0,-1,7
33784,1,1,False,0,-1,5
33789,1,1,False,2,44,9
33791,1,1,False,0,-1,4
33793,1,1,False,1,62,12
33794,1,1,False,0,-1,18
33795,1,1,False,0,-1,4
33799,1,1,False,1,135,9
33800,1,1,False,3,105,22
33802,1,1,False,3,105,22
33804,1,1,False,0,-1,20
33805,1,1,False,0,-1,8
33806,1,1,False,0,-1,15
33807,1,1,False,0,-1,21
33810,1,1,False,0,-1,12
33811,1,1,False,2,74,15
33812,1,1,False,2,74,15
33814,1,1,False,2,1,11
33815,1,1,False,2,1,11
33821,1,1,False,0,-1,14
33822,1,1,False,0,-1,2
33827,1,1,False,1,137,18
33829,1,1,False,3,14,15
33832,1,1,False,3,14,15
33834,1,1,False,2,1,20
33836,1,1,False,0,-1,22
33837,1,1,False,0,-1,24
33839,1,1,False,0,-1,17
33840,1,1,False,1,51,18
33845,1,1,False,0,-1,15
33848,1,1,False,1,1517,4
33849,1,1,False,1,1517,4
33851,1,1,False,0,-1,11
33854,1,1,False,1,1518,4
33855,1,1,False,1,1518,4
33858,1,1,False,2,2,20
33860,1,1,False,2,70,5
33863,1,1,False,3,126,22
33864,1,1,False,3,126,22
33866,1,1,False,0,-1,25
33867,1,1,False,1,1519,4
33868,1,1,False,1,1519,4
33869,1,1,False,0,-1,9
33872,1,1,False,1,68,4
33875,1,1,False,2,111,12
33878,1,1,False,0,-1,20
33880,1,1,False,1,59,4
33881,1,1,False,3,40,4
33882,1,1,False,3,40,4
33884,1,1,False,3,40,4
33886,1,1,False,1,1,15
33888,1,1,False,0,-1,18
33892,1,1,False,2,1520,20
33893,1,1,False,2,1520,20
33895,1,1,False,0,-1,14
33899,1,1,False,1,23,28
33902,1,1,False,2,1093,18
33903,1,1,False,2,1093,18
33905,1,1,False,0,-1,13
33906,1,1,False,0,-1,12
33908,1,1,False,2,23,20
33915,1,1,False,0,-1,15
33916,1,1,False,0,-1,13
33917,1,1,False,2,1521,16
33918,1,1,False,2,1521,16
33919,1,1,False,2,1521,16
33922,1,1,False,0,-1,12
33924,1,1,False,2,56,12
33927,1,1,False,1,44,8
33928,1,1,False,0,-1,2
33930,1,1,False,0,-1,17
33933,1,1,False,2,142,28
33936,1,1,False,2,44,20
33939,1,1,False,1,105,5
33941,1,1,False,1,1522,12
33942,1,1,False,1,1522,12
33944,1,1,False,2,22,12
33947,1,1,False,1,25,20
33949,1,1,False,0,-1,18
33950,1,1,False,2,97,5
33951,1,1,False,2,97,5
33954,1,1,False,0,-1,5
33956,1,1,False,3,14,20
33958,1,1,False,3,14,20
33963,1,1,False,3,52,13
33964,1,1,False,1,179,14
33966,1,1,False,0,-1,14
33967,1,1,False,0,-1,8
33968,1,1,False,1,1485,25
33970,1,1,False,1,1523,26
33971,1,1,False,1,1523,26
33975,1,1,False,3,14,20
33982,1,1,False,0,-1,16
33985,1,1,False,0,-1,24
33987,1,1,False,0,-1,15
33988,1,1,False,1,22,20
33991,1,1,False,2,111,12
33992,1,1,False,2,111,12
33999,1,1,False,0,-1,12
34002,1,1,False,2,43,5
34003,1,1,False,0,-1,9
34006,1,1,False,0,-1,22
34008,1,1,False,0,-1,14
34014,1,1,False,1,137,8
34016,1,1,False,2,142,7
34019,1,1,False,0,-1,23
34022,1,1,False,3,14,17
34023,1,1,False,3,14,17
34024,1,1,False,1,3,26
34030,1,1,False,2,111,8
34031,1,1,False,2,111,8
34032,1,1,False,0,-1,7
34033,1,1,False,0,-1,3
34035,1,1,False,0,-1,6
34036,1,1,False,2,142,9
34038,1,1,False,2,142,9
34039,1,1,False,0,-1,28
34042,1,1,False,0,-1,8
34045,1,1,False,0,-1,9
34047,1,1,False,1,1,12
34052,1,1,False,0,-1,12
34053,1,1,False,1,2,12
34055,1,1,False,0,-1,26
34056,1,1,False,1,111,18
34059,1,1,False,0,-1,13
34065,1,1,False,0,-1,1
34067,1,1,False,0,-1,5
34068,1,1,False,1,161,20
34070,1,1,False,1,1524,12
34071,1,1,False,1,1524,12
34072,1,1,False,0,-1,14
34073,1,1,False,0,-1,12
34074,1,1,False,2,6,26
34075,1,1,False,2,6,26
34077,1,1,False,0,-1,9
34080,1,1,False,3,97,25
34088,1,1,False,1,1525,5
34089,1,1,False,1,1525,5
34090,1,1,False,1,14,21
34096,1,1,False,0,-1,12
34098,1,1,False,1,70,17
34100,1,1,False,2,1,20
34102,1,1,False,1,142,14
34104,1,1,False,0,-1,11
34105,1,1,False,0,-1,18
34106,1,1,False,0,-1,12
34109,1,1,False,0,-1,20
34113,1,1,False,2,44,9
34114,1,1,False,2,44,9
34116,1,1,False,1,19,14
34117,1,1,False,0,-1,18
34119,1,1,False,1,59,25
34121,1,1,False,1,28,20
34125,1,1,False,2,56,18
34128,1,1,False,1,44,24
34132,1,1,False,3,56,12
34133,1,1,False,0,-1,20
34135,1,1,False,2,30,7
34139,1,1,False,0,-1,4
34140,1,1,False,0,-1,18
34141,1,1,False,0,-1,12
34144,1,1,False,0,-1,24
34145,1,1,False,3,105,12
34148,1,1,False,3,105,12
34149,1,1,False,0,-1,14
34151,1,1,False,3,164,20
34155,1,1,False,1,126,12
34158,1,1,False,0,-1,4
34159,1,1,False,3,142,20
34160,1,1,False,3,142,20
34162,1,1,False,3,142,20
34164,1,1,False,3,1526,11
34165,1,1,False,3,1526,11
34166,1,1,False,3,1526,11
34167,1,1,False,3,1526,11
34168,1,1,False,1,54,8
34170,1,1,False,0,-1,13
34171,1,1,False,1,126,12
34173,1,1,False,0,-1,25
34174,1,1,False,0,-1,4
34175,1,1,False,1,1527,13
34176,1,1,False,1,1527,13
34182,1,1,False,1,1,14
34184,1,1,False,1,52,4
34185,1,1,False,0,-1,27
34186,1,1,False,0,-1,5
34188,1,1,False,2,142,23
34190,1,1,False,2,142,23
34193,1,1,False,3,44,12
34194,1,1,False,3,44,12
34198,1,1,False,0,-1,5
34199,1,1,False,0,-1,22
34211,1,1,False,2,86,16
34217,1,1,False,0,-1,7
34219,1,1,False,3,44,27
34223,1,1,False,0,-1,13
34224,1,1,False,1,1528,12
34225,1,1,False,1,1528,12
34228,1,1,False,3,19,5
34232,1,1,False,2,142,4
34233,1,1,False,2,142,4
34234,1,1,False,3,1529,8
34235,1,1,False,3,1529,8
34236,1,1,False,3,1529,8
34237,1,1,False,3,1529,8
34240,1,1,False,1,44,24
34246,1,1,False,0,-1,25
34248,1,1,False,1,780,7
34251,1,1,False,1,1530,27
34252,1,1,False,1,1530,27
34254,1,1,False,0,-1,12
34258,1,1,False,1,1531,1
34259,1,1,False,1,1531,1
34262,1,1,False,3,59,15
34266,1,1,False,2,111,20
34274,1,1,False,2,1532,4
34277,1,1,False,2,44,12
34289,1,1,False,1,1533,21
34290,1,1,False,1,1533,21
34291,1,1,False,0,-1,21
34296,1,1,False,0,-1,27
34297,1,1,False,0,-1,15
34299,1,1,False,0,-1,1
34300,1,1,False,2,1534,18
34301,1,1,False,2,1534,18
34302,1,1,False,2,1534,18
34305,1,1,False,0,-1,14
34306,1,1,False,0,-1,18
34307,1,1,False,1,1535,4
34308,1,1,False,1,1535,4
34309,1,1,False,1,52,19
34311,1,1,False,3,44,8
34313,1,1,False,3,44,8
34314,1,1,False,3,44,8
34318,1,1,False,2,1536,11
34319,1,1,False,2,1536,11
34320,1,1,False,2,1536,11
34326,1,1,False,0,-1,18
34331,1,1,False,0,-1,11
34334,1,1,False,2,30,8
34336,1,1,False,2,45,24
34339,1,1,False,3,142,18
34350,1,1,False,3,1537,18
34351,1,1,False,3,1537,18
34352,1,1,False,3,1537,18
34353,1,1,False,0,-1,5
34356,1,1,False,0,-1,4
34359,1,1,False,1,12,18
34364,1,1,False,3,52,1
34365,1,1,False,3,52,1
34366,1,1,False,0,-1,12
34367,1,1,False,3,44,5
34370,1,1,False,3,44,5
34372,1,1,False,2,2,5
34373,1,1,False,2,2,5
34378,1,1,False,1,126,5
34380,1,1,False,1,12,4
34382,1,1,False,1,1441,8
34383,1,1,False,1,52,8
34386,1,1,False,1,22,13
34388,1,1,False,0,-1,14
34389,1,1,False,0,-1,20
34392,1,1,False,3,142,6
34393,1,1,False,3,142,6
34397,1,1,False,3,30,18
34398,1,1,False,0,-1,12
34399,1,1,False,0,-1,20
34402,1,1,False,0,-1,12
34403,1,1,False,1,1538,9
34404,1,1,False,1,1538,9
34405,1,1,False,2,111,15
34406,1,1,False,2,111,15
34411,1,1,False,0,-1,18
34414,1,1,False,0,-1,17
34416,1,1,False,1,52,20
34418,1,1,False,1,142,23
34429,1,1,False,1,245,8
34434,1,1,False,1,44,18
34436,1,1,False,0,-1,21
34437,1,1,False,0,-1,20
34438,1,1,False,1,1539,4
34439,1,1,False,1,1539,4
34448,1,1,False,2,72,21
34449,1,1,False,2,72,21
34451,1,1,False,0,-1,20
34452,1,1,False,0,-1,12
34456,1,1,False,0,-1,27
34458,1,1,False,1,1540,27
34459,1,1,False,1,1540,27
34461,1,1,False,0,-1,12
34464,1,1,False,0,-1,9
34465,1,1,False,0,-1,13
34470,1,1,False,1,14,8
34472,1,1,False,1,44,20
34473,1,1,False,0,-1,19
34474,1,1,False,1,1541,12
34475,1,1,False,1,1541,12
34478,1,1,False,1,111,15
34482,1,1,False,0,-1,21
34483,1,1,False,0,-1,15
34489,1,1,False,0,-1,24
34490,1,1,False,1,1542,14
34491,1,1,False,1,1542,14
34492,1,1,False,0,-1,18
34495,1,1,False,2,20,14
34498,1,1,False,0,-1,20
34499,1,1,False,2,3,12
34500,1,1,False,2,3,12
34502,1,1,False,0,-1,15
34504,1,1,False,1,114,11
34505,1,1,False,0,-1,20
34508,1,1,False,3,0,20
34510,1,1,False,1,1543,27
34511,1,1,False,1,1543,27
34512,1,1,False,0,-1,12
34517,1,1,False,0,-1,20
34519,1,1,False,1,44,5
34526,1,1,False,3,111,12
34527,1,1,False,3,111,12
34531,1,1,False,0,-1,9
34533,1,1,False,0,-1,12
34536,1,1,False,2,52,8
34538,1,1,False,1,1544,14
34540,1,1,False,0,-1,20
34541,1,1,False,0,-1,12
34542,1,1,False,0,-1,15
34544,1,1,False,3,19,12
34546,1,1,False,3,19,12
34547,1,1,False,1,30,15
34554,1,1,False,0,-1,19
34556,1,1,False,1,2,13
34560,1,1,False,2,25,7
34561,1,1,False,1,1545,20
34562,1,1,False,1,1545,20
34563,1,1,False,0,-1,12
34565,1,1,False,1,135,11
34569,1,1,False,2,294,15
34571,1,1,False,1,1546,8
34572,1,1,False,1,1546,8
34573,1,1,False,2,1547,5
34574,1,1,False,2,1547,5
34575,1,1,False,2,1547,5
34576,1,1,False,0,-1,11
34578,1,1,False,1,25,14
34582,1,1,False,1,1548,9
34584,1,1,False,0,-1,20
34587,1,1,False,0,-1,12
34588,1,1,False,0,-1,20
34591,1,1,False,2,35,9
34593,1,1,False,3,63,22
34594,1,1,False,3,63,22
34596,1,1,False,3,63,22
34597,1,1,False,0,-1,8
34603,1,1,False,2,1549,23
34604,1,1,False,2,1549,23
34606,1,1,False,0,-1,5
34608,1,1,False,0,-1,12
34612,1,1,False,0,-1,20
34613,1,1,False,1,1550,4
34614,1,1,False,1,1550,4
34615,1,1,False,1,780,2
34618,1,1,False,1,221,6
34620,1,1,False,0,-1,18
34621,1,1,False,1,14,5
34624,1,1,False,2,93,28
34625,1,1,False,2,93,28
34628,1,1,False,1,30,14
34629,1,1,False,2,27,11
34630,1,1,False,2,27,11
34632,1,1,False,0,-1,15
34633,1,1,False,2,142,9
34644,1,1,False,0,-1,20
34646,1,1,False,1,23,20
34650,1,1,False,2,10,5
34652,1,1,False,2,44,5
34657,1,1,False,2,1551,12
34658,1,1,False,2,1551,12
34659,1,1,False,2,1551,12
34662,1,1,False,1,111,15
34664,1,1,False,0,-1,5
34666,1,1,False,0,-1,5
34667,1,1,False,1,1552,14
34669,1,1,False,1,294,20
34673,1,1,False,2,56,12
34674,1,1,False,0,-1,4
34676,1,1,False,0,-1,13
34678,1,1,False,1,31,14
34679,1,1,False,0,-1,24
34680,1,1,False,2,73,20
34683,1,1,False,0,-1,12
34684,1,1,False,0,-1,15
34687,1,1,False,2,114,20
34688,1,1,False,0,-1,12
34693,1,1,False,0,-1,13
34695,1,1,False,2,70,17
34702,1,1,False,1,105,13
34703,1,1,False,1,0,4
34706,1,1,False,2,63,12
34710,1,1,False,2,70,4
34714,1,1,False,2,22,12
34715,1,1,False,1,106,14
34718,1,1,False,3,1553,8
34719,1,1,False,3,1553,8
34721,1,1,False,3,1553,8
34724,1,1,False,1,1554,2
34725,1,1,False,1,1554,2
34726,1,1,False,0,-1,8
34731,1,1,False,2,111,4
34737,1,1,False,1,25,9
34739,1,1,False,1,1555,18
34741,1,1,False,0,-1,12
34742,1,1,False,0,-1,12
34744,1,1,False,3,56,4
34747,1,1,False,1,93,18
34753,1,1,False,3,25,16
34754,1,1,False,3,25,16
34755,1,1,False,3,25,16
34756,1,1,False,2,86,12
34760,1,1,False,0,-1,15
34762,1,1,False,0,-1,4
34763,1,1,False,3,2,26
34772,1,1,False,1,1556,9
34773,1,1,False,1,1556,9
34775,1,1,False,2,31,11
34778,1,1,False,2,114,17
34781,1,1,False,3,6,20
34782,1,1,False,3,6,20
34783,1,1,False,3,6,20
34786,1,1,False,3,56,15
34792,1,1,False,0,-1,18
34796,1,1,False,1,1557,24
34797,1,1,False,1,1557,24
34798,1,1,False,0,-1,5
34799,1,1,False,0,-1,5
34800,1,1,False,0,-1,25
34802,1,1,False,1,12,8
34803,1,1,False,1,1206,12
34807,1,1,False,2,56,12
34809,1,1,False,0,-1,5
34810,1,1,False,1,1558,26
34811,1,1,False,1,1558,26
34823,1,1,False,2,31,5
34824,1,1,False,2,31,5
34826,1,1,False,0,-1,21
34833,1,1,False,0,-1,13
34834,1,1,False,0,-1,12
34835,1,1,False,1,139,28
34841,1,1,False,1,25,7
34843,1,1,False,1,105,24
34845,1,1,False,1,1559,5
34846,1,1,False,1,1559,5
34851,1,1,False,2,19,7
34859,1,1,False,2,20,11
34860,1,1,False,2,20,11
34869,1,1,False,1,137,13
34871,1,1,False,3,1560,19
34872,1,1,False,3,1560,19
34873,1,1,False,3,1560,19
34874,1,1,False,3,1560,19
34878,1,1,False,1,0,14
34882,1,1,False,2,137,20
34884,1,1,False,2,137,20
34886,1,1,False,2,51,18
34890,1,1,False,1,25,9
34891,1,1,False,0,-1,5
34893,1,1,False,1,1,12
34901,1,1,False,0,-1,20
34905,1,1,False,3,0,12
34906,1,1,False,3,0,12
34909,1,1,False,0,-1,5
34911,1,1,False,1,3,25
34914,1,1,False,0,-1,17
34917,1,1,False,1,105,13
34919,1,1,False,2,1561,12
34920,1,1,False,2,1561,12
34921,1,1,False,2,1561,12
34922,1,1,False,0,-1,4
34923,1,1,False,0,-1,4
34925,1,1,False,1,1562,12
34926,1,1,False,1,1562,12
34931,1,1,False,1,6,12
34934,1,1,False,0,-1,28
34937,1,1,False,0,-1,19
34939,1,1,False,1,62,12
34940,1,1,False,0,-1,28
34941,1,1,False,0,-1,19
34943,1,1,False,1,1563,17
34945,1,1,False,0,-1,22
34948,1,1,False,1,73,9
34950,1,1,False,1,1564,16
34951,1,1,False,0,-1,5
34952,1,1,False,2,137,7
34954,1,1,False,2,137,7
34955,1,1,False,0,-1,22
34957,1,1,False,2,221,7
34958,1,1,False,2,221,7
34959,1,1,False,1,1565,11
34960,1,1,False,1,1565,11
34962,1,1,False,0,-1,7
34963,1,1,False,0,-1,18
34965,1,1,False,2,31,12
34966,1,1,False,2,31,12
34967,1,1,False,0,-1,18
34968,1,1,False,3,56,9
34969,1,1,False,3,56,9
34972,1,1,False,1,1566,8
34973,1,1,False,1,1566,8
34974,1,1,False,1,1567,20
34975,1,1,False,1,1567,20
34977,1,1,False,1,54,13
34978,1,1,False,2,31,6
34983,1,1,False,2,1,12
34987,1,1,False,1,137,4
34988,1,1,False,1,70,9
34990,1,1,False,0,-1,12
34995,1,1,False,1,1568,14
34996,1,1,False,1,1568,14
35000,1,1,False,1,3,2
35003,1,1,False,1,58,4
35005,1,1,False,2,105,4
35007,1,1,False,2,105,4
35011,1,1,False,2,2,8
35015,1,1,False,0,-1,20
35016,1,1,False,0,-1,14
35017,1,1,False,0,-1,20
35020,1,1,False,2,31,5
35021,1,1,False,0,-1,24
35023,1,1,False,1,52,5
35026,1,1,False,1,1,1
35029,1,1,False,0,-1,8
35032,1,1,False,1,126,12
35033,1,1,False,1,1569,14
35034,1,1,False,1,1569,14
35035,1,1,False,0,-1,13
35038,1,1,False,1,51,18
35039,1,1,False,1,0,9
35043,1,1,False,2,30,5
35046,1,1,False,1,70,4
35048,1,1,False,0,-1,21
35049,1,1,False,2,73,12
35055,1,1,False,2,73,5
35059,1,1,False,2,105,14
35060,1,1,False,2,105,14
35061,1,1,False,2,1570,5
35062,1,1,False,2,1570,5
35063,1,1,False,2,1570,5
35068,1,1,False,0,-1,13
35077,1,1,False,2,73,22
35078,1,1,False,2,73,22
35082,1,1,False,0,-1,8
35083,1,1,False,0,-1,2
35084,1,1,False,0,-1,20
35085,1,1,False,0,-1,20
35088,1,1,False,0,-1,21
35089,1,1,False,0,-1,9
35092,1,1,False,0,-1,13
35093,1,1,False,1,27,26
35095,1,1,False,0,-1,14
35098,1,1,False,1,1571,12
35099,1,1,False,1,1571,12
35100,1,1,False,0,-1,13
35102,1,1,False,1,25,22
35104,1,1,False,2,58,12
35108,1,1,False,2,1572,18
35109,1,1,False,2,1572,18
35110,1,1,False,2,1572,18
35113,1,1,False,1,70,23
35119,1,1,False,1,58,13
35121,1,1,False,3,1573,6
35122,1,1,False,3,1573,6
35123,1,1,False,3,1573,6
35126,1,1,False,0,-1,20
35128,1,1,False,1,18,8
35131,1,1,False,2,27,18
35134,1,1,False,2,10,27
35136,1,1,False,0,-1,18
35137,1,1,False,3,25,19
35139,1,1,False,3,25,19
35141,1,1,False,0,-1,20
35144,1,1,False,2,28,3
35148,1,1,False,0,-1,4
35150,1,1,False,0,-1,18
35151,1,1,False,1,48,24
35154,1,1,False,1,111,17
35158,1,1,False,3,0,22
35162,1,1,False,0,-1,12
35169,1,1,False,1,3,12
35171,1,1,False,2,1574,25
35172,1,1,False,2,1574,25
35173,1,1,False,2,1574,25
35175,1,1,False,1,62,20
35178,1,1,False,2,106,2
35179,1,1,False,0,-1,5
35181,1,1,False,3,27,9
35184,1,1,False,3,27,9
35185,1,1,False,0,-1,5
35186,1,1,False,0,-1,26
35189,1,1,False,2,25,18
35191,1,1,False,2,25,18
35199,1,1,False,3,45,15
35201,1,1,False,3,45,15
35202,1,1,False,0,-1,24
35207,1,1,False,0,-1,13
35208,1,1,False,0,-1,12
35209,1,1,False,0,-1,12
35212,1,1,False,2,86,4
35214,1,1,False,0,-1,20
35217,1,1,False,2,27,5
35219,1,1,False,0,-1,14
35220,1,1,False,0,-1,8
35225,1,1,False,0,-1,14
35227,1,1,False,0,-1,9
35229,1,1,False,1,27,4
35233,1,1,False,1,1575,12
35234,1,1,False,1,1575,12
35235,1,1,False,1,1576,5
35236,1,1,False,1,1576,5
35237,1,1,False,3,106,13
35240,1,1,False,3,106,13
35243,1,1,False,1,1577,13
35244,1,1,False,1,1577,13
35246,1,1,False,1,43,8
35251,1,1,False,1,105,12
35253,1,1,False,0,-1,12
35258,1,1,False,0,-1,12
35261,1,1,False,1,2,3
35264,1,1,False,0,-1,12
35266,1,1,False,3,126,12
35267,1,1,False,3,126,12
35268,1,1,False,3,126,12
35271,1,1,False,0,-1,4
35272,1,1,False,0,-1,27
35273,1,1,False,0,-1,25
35275,1,1,False,0,-1,12
35277,1,1,False,0,-1,11
35278,1,1,False,2,10,27
35280,1,1,False,2,10,27
35281,1,1,False,0,-1,8
35282,1,1,False,0,-1,12
35284,1,1,False,1,0,6
35286,1,1,False,0,-1,12
35288,1,1,False,0,-1,5
35289,1,1,False,1,137,6
35291,1,1,False,0,-1,4
35292,1,1,False,0,-1,11
35294,1,1,False,0,-1,12
35299,1,1,False,1,16,28
35301,1,1,False,0,-1,5
35303,1,1,False,0,-1,18
35308,1,1,False,0,-1,17
35312,1,1,False,1,1579,20
35313,1,1,False,1,1579,20
35314,1,1,False,0,-1,15
35317,1,1,False,2,105,18
35319,1,1,False,0,-1,14
35320,1,1,False,1,1580,14
35321,1,1,False,1,1580,14
35322,1,1,False,1,63,5
35325,1,1,False,0,-1,2
35328,1,1,False,2,73,27
35331,1,1,False,3,105,26
35332,1,1,False,3,105,26
35337,1,1,False,0,-1,17
35338,1,1,False,0,-1,12
35340,1,1,False,1,111,24
35342,1,1,False,1,19,5
35343,1,1,False,3,51,23
35348,1,1,False,1,106,22
35356,1,1,False,1,105,12
35359,1,1,False,1,40,2
35360,1,1,False,1,1581,24
35361,1,1,False,1,1581,24
35362,1,1,False,0,-1,12
35365,1,1,False,3,111,28
35368,1,1,False,1,1582,14
35369,1,1,False,1,1582,14
35370,1,1,False,0,-1,21
35371,1,1,False,1,294,8
35375,1,1,False,3,58,14
35377,1,1,False,0,-1,14
35383,1,1,False,1,1583,13
35384,1,1,False,1,1583,13
35386,1,1,False,0,-1,5
35387,1,1,False,0,-1,27
35388,1,1,False,1,126,20
35390,1,1,False,0,-1,17
35391,1,1,False,1,1584,28
35392,1,1,False,1,1584,28
35394,1,1,False,2,14,14
35397,1,1,False,2,25,15
35399,1,1,False,2,25,15
35405,1,1,False,1,1,5
35409,1,1,False,0,-1,12
35410,1,1,False,3,28,18
35413,1,1,False,3,28,18
35414,1,1,False,1,54,22
35416,1,1,False,0,-1,12
35417,1,1,False,0,-1,14
35420,1,1,False,1,1585,24
35421,1,1,False,1,1585,24
35422,1,1,False,1,3,20
35424,1,1,False,2,2,20
35428,1,1,False,0,-1,21
35430,1,1,False,1,70,13
35432,1,1,False,0,-1,14
35435,1,1,False,1,1586,24
35436,1,1,False,1,1586,24
35439,1,1,False,2,294,12
35441,1,1,False,1,25,20
35444,1,1,False,2,70,15
35446,1,1,False,1,137,14
35452,1,1,False,2,70,26
35464,1,1,False,0,-1,21
35467,1,1,False,0,-1,12
35468,1,1,False,1,1587,2
35469,1,1,False,1,1587,2
35470,1,1,False,0,-1,5
35472,1,1,False,1,3,14
35478,1,1,False,1,40,18
35480,1,1,False,2,80,21
35481,1,1,False,2,80,21
35484,1,1,False,1,31,24
35486,1,1,False,1,1,11
35488,1,1,False,1,53,14
35496,1,1,False,0,-1,4
35497,1,1,False,1,1588,19
35498,1,1,False,1,1588,19
35499,1,1,False,3,25,21
35503,1,1,False,1,25,8
35505,1,1,False,0,-1,18
35506,1,1,False,0,-1,7
35507,1,1,False,0,-1,5
35508,1,1,False,0,-1,5
35510,1,1,False,1,25,12
35511,1,1,False,0,-1,18
35512,1,1,False,0,-1,14
35514,1,1,False,3,19,17
35518,1,1,False,3,14,22
35523,1,1,False,1,31,13
35525,1,1,False,1,1589,12
35526,1,1,False,1,1589,12
35527,1,1,False,0,-1,14
35529,1,1,False,3,126,25
35531,1,1,False,3,126,25
35532,1,1,False,0,-1,26
35536,1,1,False,2,40,8
35542,1,1,False,1,1,28
35545,1,1,False,3,31,14
35547,1,1,False,2,70,12
35551,1,1,False,2,137,12
35552,1,1,False,2,137,12
35555,1,1,False,3,106,12
35556,1,1,False,3,106,12
35563,1,1,False,1,1590,14
35564,1,1,False,0,-1,5
35571,1,1,False,3,126,8
35572,1,1,False,0,-1,28
35575,1,1,False,0,-1,21
35578,1,1,False,1,6,6
35580,1,1,False,0,-1,12
35582,1,1,False,1,126,27
35584,1,1,False,2,70,10
35585,1,1,False,2,70,10
35586,1,1,False,3,28,12
35587,1,1,False,3,28,12
35591,1,1,False,1,31,4
35594,1,1,False,3,25,20
35595,1,1,False,3,25,20
35599,1,1,False,0,-1,28
35600,1,1,False,3,105,12
35601,1,1,False,3,105,12
35605,1,1,False,3,72,6
35606,1,1,False,3,72,6
35611,1,1,False,1,31,17
35613,1,1,False,3,59,8
35615,1,1,False,3,59,8
35616,1,1,False,2,1591,5
35617,1,1,False,2,1591,5
35618,1,1,False,2,1591,5
35619,1,1,False,0,-1,5
35621,1,1,False,1,30,20
35625,1,1,False,0,-1,1
35626,1,1,False,0,-1,12
35627,1,1,False,0,-1,6
35628,1,1,False,0,-1,20
35631,1,1,False,0,-1,8
35632,1,1,False,0,-1,8
35633,1,1,False,3,1592,14
35634,1,1,False,3,1592,14
35635,1,1,False,3,1592,14
35636,1,1,False,3,1592,14
35638,1,1,False,0,-1,12
35640,1,1,False,1,1593,5
35641,1,1,False,1,1593,5
35642,1,1,False,0,-1,13
35643,1,1,False,3,1594,14
35644,1,1,False,3,1594,14
35645,1,1,False,3,1594,14
35649,1,1,False,2,0,20
35651,1,1,False,0,-1,12
35652,1,1,False,0,-1,14
35653,1,1,False,3,70,14
35654,1,1,False,3,70,14
35655,1,1,False,3,70,14
35659,1,1,False,1,137,13
35661,1,1,False,0,-1,2
35662,1,1,False,0,-1,18
35664,1,1,False,0,-1,18
35665,1,1,False,1,1,13
35667,1,1,False,1,72,8
35673,1,1,False,0,-1,22
35674,1,1,False,3,62,14
35678,1,1,False,0,-1,12
35679,1,1,False,0,-1,6
35680,1,1,False,3,25,12
35683,1,1,False,3,25,12
35686,1,1,False,2,53,13
35690,1,1,False,2,105,22
35691,1,1,False,2,105,22
35692,1,1,False,0,-1,5
35693,1,1,False,1,106,13
35705,1,1,False,2,28,16
35706,1,1,False,2,28,16
35709,1,1,False,2,48,12
35710,1,1,False,2,31,13
35712,1,1,False,2,31,13
35713,1,1,False,0,-1,21
35714,1,1,False,2,31,11
35716,1,1,False,2,31,11
35723,1,1,False,2,14,18
35726,1,1,False,3,70,18
35727,1,1,False,3,70,18
35728,1,1,False,0,-1,25
35731,1,1,False,2,1595,13
35732,1,1,False,2,1595,13
35733,1,1,False,2,1595,13
35734,1,1,False,0,-1,26
35736,1,1,False,1,1596,23
35737,1,1,False,0,-1,22
35741,1,1,False,1,28,28
35744,1,1,False,2,31,12
35749,1,1,False,1,1597,15
35750,1,1,False,1,1597,15
35752,1,1,False,1,1598,20
35753,1,1,False,1,1598,20
35757,1,1,False,0,-1,20
35758,1,1,False,1,1599,12
35759,1,1,False,1,1599,12
35761,1,1,False,3,58,8
35762,1,1,False,3,58,8
35763,1,1,False,3,58,8
35764,1,1,False,2,111,24
35772,1,1,False,0,-1,5
35774,1,1,False,0,-1,11
35778,1,1,False,1,166,4
35786,1,1,False,2,0,18
35789,1,1,False,1,164,5
35792,1,1,False,2,52,6
35793,1,1,False,2,52,6
35795,1,1,False,0,-1,9
35798,1,1,False,0,-1,7
35800,1,1,False,3,31,7
35805,1,1,False,0,-1,9
35806,1,1,False,0,-1,1
35807,1,1,False,0,-1,20
35808,1,1,False,2,31,14
35811,1,1,False,0,-1,12
35813,1,1,False,2,142,14
35814,1,1,False,2,142,14
35815,1,1,False,0,-1,17
35816,1,1,False,0,-1,5
35821,1,1,False,1,1600,5
35822,1,1,False,1,1600,5
35824,1,1,False,0,-1,12
35826,1,1,False,0,-1,14
35829,1,1,False,1,31,20
35837,1,1,False,3,10,9
35840,1,1,False,2,105,4
35844,1,1,False,2,93,14
35845,1,1,False,0,-1,7
35848,1,1,False,0,-1,12
35851,1,1,False,1,111,18
35852,1,1,False,0,-1,7
35853,1,1,False,0,-1,22
35856,1,1,False,3,26,11
35857,1,1,False,3,26,11
35859,1,1,False,1,40,1
35861,1,1,False,1,22,20
35865,1,1,False,1,70,14
35870,1,1,False,3,105,12
35873,1,1,False,3,105,12
35875,1,1,False,3,40,13
35876,1,1,False,3,40,13
35880,1,1,False,1,25,20
35882,1,1,False,0,-1,18
35884,1,1,False,2,1601,15
35885,1,1,False,2,1601,15
35886,1,1,False,2,1601,15
35887,1,1,False,0,-1,12
35889,1,1,False,0,-1,22
35891,1,1,False,0,-1,28
35892,1,1,False,0,-1,13
35895,1,1,False,1,114,25
35897,1,1,False,1,1602,20
35898,1,1,False,1,1602,20
35900,1,1,False,1,70,26
35901,1,1,False,1,1603,9
35902,1,1,False,1,1603,9
35904,1,1,False,1,31,2
35905,1,1,False,0,-1,2
35907,1,1,False,0,-1,5
35908,1,1,False,2,1289,17
35909,1,1,False,2,1289,17
35913,1,1,False,2,114,3
35915,1,1,False,1,73,15
35917,1,1,False,1,2,18
35919,1,1,False,0,-1,12
35920,1,1,False,0,-1,14
35921,1,1,False,0,-1,20
35922,1,1,False,0,-1,17
35925,1,1,False,1,70,5
35928,1,1,False,0,-1,9
35929,1,1,False,0,-1,5
35930,1,1,False,0,-1,23
35931,1,1,False,0,-1,15
35932,1,1,False,0,-1,2
35933,1,1,False,0,-1,3
35936,1,1,False,0,-1,12
35939,1,1,False,2,137,17
35941,1,1,False,1,48,5
35943,1,1,False,1,20,18
35945,1,1,False,1,95,13
35946,1,1,False,3,31,14
35950,1,1,False,1,30,18
35954,1,1,False,2,106,20
35955,1,1,False,2,106,20
35956,1,1,False,0,-1,20
35957,1,1,False,0,-1,24
35959,1,1,False,0,-1,20
35965,1,1,False,3,31,17
35967,1,1,False,3,31,17
35973,1,1,False,2,45,15
35974,1,1,False,2,45,15
35976,1,1,False,1,1604,7
35977,1,1,False,1,1604,7
35978,1,1,False,0,-1,26
35979,1,1,False,0,-1,14
35980,1,1,False,1,18,28
35982,1,1,False,0,-1,12
35984,1,1,False,0,-1,21
35985,1,1,False,1,1605,12
35986,1,1,False,1,1605,12
35988,1,1,False,3,6,22
35989,1,1,False,3,6,22
35992,1,1,False,0,-1,18
35993,1,1,False,0,-1,23
35995,1,1,False,0,-1,12
35996,1,1,False,1,1606,11
35997,1,1,False,1,1606,11
35999,1,1,False,0,-1,5
36000,1,1,False,1,1607,13
36009,1,1,False,1,62,13
36015,1,1,False,1,105,23
36016,1,1,False,0,-1,25
36022,1,1,False,0,-1,17
36023,1,1,False,1,93,13
36031,1,1,False,1,1608,21
36032,1,1,False,1,105,9
36034,1,1,False,0,-1,5
36035,1,1,False,0,-1,20
36041,1,1,False,3,40,14
36042,1,1,False,3,40,14
36043,1,1,False,3,40,14
36046,1,1,False,0,-1,22
36047,1,1,False,3,164,12
36049,1,1,False,3,164,12
36053,1,1,False,2,3,26
36056,1,1,False,2,58,15
36058,1,1,False,0,-1,17
36066,1,1,False,0,-1,9
36067,1,1,False,0,-1,2
36069,1,1,False,1,40,5
36071,1,1,False,0,-1,18
36072,1,1,False,2,1609,20
36073,1,1,False,2,1609,20
36074,1,1,False,2,1609,20
36076,1,1,False,0,-1,5
36077,1,1,False,0,-1,20
36080,1,1,False,2,139,23
36082,1,1,False,1,40,17
36083,1,1,False,0,-1,14
36086,1,1,False,1,3,27
36088,1,1,False,0,-1,9
36089,1,1,False,0,-1,24
36094,1,1,False,0,-1,14
36100,1,1,False,1,56,12
36101,1,1,False,0,-1,15
36102,1,1,False,0,-1,18
36103,1,1,False,3,31,6
36108,1,1,False,1,1610,9
36109,1,1,False,1,1610,9
36110,1,1,False,0,-1,5
36111,1,1,False,0,-1,13
36115,1,1,False,1,1611,6
36118,1,1,False,1,1612,5
36119,1,1,False,1,1612,5
36125,1,1,False,1,1613,13
36126,1,1,False,1,1613,13
36127,1,1,False,1,1614,5
36128,1,1,False,1,1614,5
36129,1,1,False,1,27,12
36132,1,1,False,2,1615,14
36133,1,1,False,2,1615,14
36136,1,1,False,0,-1,23
36138,1,1,False,1,7,8
36144,1,1,False,0,-1,12
36145,1,1,False,1,142,8
36150,1,1,False,2,1616,8
36152,1,1,False,2,1616,8
36158,1,1,False,3,86,20
36161,1,1,False,1,53,20
36162,1,1,False,0,-1,24
36164,1,1,False,1,166,13
36165,1,1,False,1,1617,25
36166,1,1,False,1,1617,25
36168,1,1,False,2,43,2
36173,1,1,False,1,105,12
36177,1,1,False,0,-1,9
36180,1,1,False,1,166,21
36182,1,1,False,0,-1,27
36183,1,1,False,1,1618,24
36184,1,1,False,1,1618,24
36185,1,1,False,0,-1,12
36190,1,1,False,1,25,14
36191,1,1,False,0,-1,25
36195,1,1,False,0,-1,14
36196,1,1,False,0,-1,17
36197,1,1,False,0,-1,5
36201,1,1,False,0,-1,14
36204,1,1,False,2,28,13
36208,1,1,False,1,1619,18
36209,1,1,False,1,1619,18
36210,1,1,False,0,-1,18
36211,1,1,False,0,-1,20
36212,1,1,False,2,40,6
36213,1,1,False,2,40,6
36216,1,1,False,0,-1,17
36217,1,1,False,1,10,24
36220,1,1,False,0,-1,12
36221,1,1,False,0,-1,18
36223,1,1,False,1,126,18
36227,1,1,False,0,-1,12
36229,1,1,False,1,31,1
36230,1,1,False,1,37,21
36232,1,1,False,0,-1,5
36233,1,1,False,1,1620,9
36235,1,1,False,0,-1,14
36236,1,1,False,0,-1,4
36238,1,1,False,1,1621,13
36239,1,1,False,1,1621,13
36241,1,1,False,1,1,18
36243,1,1,False,1,27,6
36244,1,1,False,1,126,13
36247,1,1,False,2,10,4
36248,1,1,False,2,10,4
36250,1,1,False,0,-1,20
36256,1,1,False,2,1622,27
36257,1,1,False,2,1622,27
36258,1,1,False,2,1622,27
36260,1,1,False,0,-1,13
36263,1,1,False,0,-1,14
36267,1,1,False,1,25,9
36271,1,1,False,2,105,28
36281,1,1,False,2,62,9
36284,1,1,False,0,-1,12
36285,1,1,False,0,-1,18
36288,1,1,False,2,28,24
36292,1,1,False,3,111,21
36293,1,1,False,3,111,21
36294,1,1,False,3,111,21
36296,1,1,False,0,-1,13
36299,1,1,False,2,62,23
36300,1,1,False,2,62,23
36305,1,1,False,0,-1,14
36307,1,1,False,0,-1,24
36309,1,1,False,2,3,12
36310,1,1,False,2,3,12
36312,1,1,False,3,40,14
36313,1,1,False,3,40,14
36315,1,1,False,3,40,14
36316,1,1,False,0,-1,28
36317,1,1,False,2,105,14
36318,1,1,False,2,105,14
36320,1,1,False,0,-1,12
36321,1,1,False,0,-1,7
36324,1,1,False,0,-1,15
36327,1,1,False,3,1,12
36329,1,1,False,3,1,12
36330,1,1,False,2,31,1
36331,1,1,False,2,31,1
36343,1,1,False,0,-1,6
36345,1,1,False,1,14,5
36347,1,1,False,0,-1,20
36348,1,1,False,2,1623,12
36349,1,1,False,2,1623,12
36350,1,1,False,2,1623,12
36351,1,1,False,1,111,11
36354,1,1,False,1,0,12
36355,1,1,False,0,-1,20
36356,1,1,False,3,26,12
36357,1,1,False,3,26,12
36358,1,1,False,3,26,12
36361,1,1,False,2,1624,8
36362,1,1,False,2,1624,8
36363,1,1,False,2,1624,8
36365,1,1,False,1,22,10
36367,1,1,False,1,74,5
36370,1,1,False,1,19,18
36372,1,1,False,2,166,2
36373,1,1,False,2,166,2
36377,1,1,False,3,31,23
36383,1,1,False,0,-1,17
36389,1,1,False,3,0,9
36390,1,1,False,3,0,9
36392,1,1,False,0,-1,2
36393,1,1,False,1,1625,17
36394,1,1,False,1,1625,17
36397,1,1,False,3,18,5
36402,1,1,False,1,114,20
36405,1,1,False,2,70,20
36406,1,1,False,2,70,20
36407,1,1,False,1,1626,22
36408,1,1,False,1,1626,22
36412,1,1,False,0,-1,15
36413,1,1,False,0,-1,5
36414,1,1,False,1,48,9
36417,1,1,False,1,62,12
36420,1,1,False,1,1563,22
36421,1,1,False,1,1627,18
36422,1,1,False,1,1627,18
36427,1,1,False,3,28,18
36432,1,1,False,1,73,5
36439,1,1,False,1,1628,12
36440,1,1,False,1,1628,12
36446,1,1,False,3,31,15
36447,1,1,False,0,-1,24
36449,1,1,False,1,28,14
36451,1,1,False,1,1629,5
36453,1,1,False,3,25,17
36455,1,1,False,3,25,17
36456,1,1,False,3,25,17
36457,1,1,False,0,-1,17
36458,1,1,False,0,-1,4
36459,1,1,False,0,-1,18
36461,1,1,False,0,-1,13
36462,1,1,False,2,1630,10
36463,1,1,False,2,1630,10
36465,1,1,False,0,-1,18
36467,1,1,False,3,3,21
36468,1,1,False,3,3,21
36472,1,1,False,0,-1,10
36474,1,1,False,0,-1,20
36479,1,1,False,3,70,4
36482,1,1,False,3,70,4
36490,1,1,False,2,135,11
36494,1,1,False,0,-1,14
36497,1,1,False,1,62,27
36499,1,1,False,0,-1,18
36505,1,1,False,2,18,15
36509,1,1,False,1,25,2
36511,1,1,False,1,1631,14
36512,1,1,False,1,1631,14
36515,1,1,False,0,-1,25
36519,1,1,False,2,62,20
36520,1,1,False,2,62,20
36523,1,1,False,0,-1,12
36526,1,1,False,2,179,15
36534,1,1,False,2,137,12
36538,1,1,False,0,-1,12
36540,1,1,False,0,-1,12
36541,1,1,False,0,-1,13
36542,1,1,False,0,-1,20
36543,1,1,False,1,0,19
36545,1,1,False,0,-1,5
36546,1,1,False,2,1632,5
36547,1,1,False,2,1632,5
36548,1,1,False,2,1632,5
36554,1,1,False,3,14,18
36555,1,1,False,3,14,18
36557,1,1,False,2,166,12
36560,1,1,False,0,-1,13
36561,1,1,False,0,-1,20
36565,1,1,False,2,106,15
36566,1,1,False,2,106,15
36568,1,1,False,0,-1,22
36569,1,1,False,0,-1,5
36571,1,1,False,0,-1,25
36573,1,1,False,1,1633,27
36574,1,1,False,1,1633,27
36575,1,1,False,1,1634,5
36576,1,1,False,1,1634,5
36579,1,1,False,2,3,25
36581,1,1,False,2,3,25
36583,1,1,False,1,1635,13
36584,1,1,False,1,1635,13
36586,1,1,False,1,52,5
36587,1,1,False,0,-1,12
36590,1,1,False,0,-1,7
36591,1,1,False,1,221,13
36594,1,1,False,0,-1,12
36596,1,1,False,1,30,9
36597,1,1,False,0,-1,7
36598,1,1,False,1,1636,17
36599,1,1,False,1,1636,17
36602,1,1,False,3,28,8
36606,1,1,False,0,-1,17
36607,1,1,False,0,-1,8
36608,1,1,False,0,-1,12
36610,1,1,False,1,1637,9
36611,1,1,False,1,1637,9
36612,1,1,False,0,-1,15
36614,1,1,False,2,19,6
36615,1,1,False,2,19,6
36619,1,1,False,1,1638,18
36620,1,1,False,1,1638,18
36621,1,1,False,0,-1,5
36622,1,1,False,0,-1,3
36623,1,1,False,0,-1,4
36626,1,1,False,2,1639,6
36627,1,1,False,2,1639,6
36628,1,1,False,2,1639,6
36631,1,1,False,3,19,15
36632,1,1,False,3,19,15
36633,1,1,False,0,-1,15
36638,1,1,False,3,161,22
36641,1,1,False,3,161,22
36645,1,1,False,3,114,1
36650,1,1,False,1,30,13
36651,1,1,False,2,111,22
36654,1,1,False,0,-1,21
36660,1,1,False,2,126,18
36662,1,1,False,2,126,18
36665,1,1,False,3,114,14
36666,1,1,False,3,114,14
36668,1,1,False,3,114,14
36669,1,1,False,0,-1,8
36670,1,1,False,0,-1,27
36671,1,1,False,2,62,15
36672,1,1,False,2,62,15
36677,1,1,False,0,-1,13
36678,1,1,False,1,1641,12
36679,1,1,False,1,1641,12
36684,1,1,False,1,105,15
36685,1,1,False,0,-1,4
36686,1,1,False,2,1642,12
36687,1,1,False,2,1642,12
36688,1,1,False,2,1642,12
36689,1,1,False,2,161,26
36691,1,1,False,2,161,26
36693,1,1,False,2,45,22
36694,1,1,False,2,45,22
36697,1,1,False,2,12,13
36703,1,1,False,1,31,12
36704,1,1,False,1,37,18
36706,1,1,False,0,-1,12
36707,1,1,False,2,80,14
36709,1,1,False,2,80,14
36710,1,1,False,0,-1,8
36711,1,1,False,0,-1,14
36712,1,1,False,1,161,5
36716,1,1,False,1,161,4
36717,1,1,False,3,105,14
36720,1,1,False,3,105,14
36725,1,1,False,0,-1,19
36726,1,1,False,2,161,9
36727,1,1,False,2,161,9
36729,1,1,False,2,688,12
36731,1,1,False,2,688,12
36734,1,1,False,2,10,15
36737,1,1,False,2,114,7
36738,1,1,False,0,-1,24
36739,1,1,False,0,-1,5
36742,1,1,False,0,-1,9
36744,1,1,False,3,45,8
36745,1,1,False,3,45,8
36748,1,1,False,2,53,26
36749,1,1,False,2,53,26
36751,1,1,False,2,114,5
36753,1,1,False,3,45,20
36754,1,1,False,3,45,20
36755,1,1,False,3,45,20
36759,1,1,False,0,-1,24
36762,1,1,False,1,54,18
36763,1,1,False,0,-1,12
36765,1,1,False,3,161,27
36766,1,1,False,3,161,27
36767,1,1,False,3,161,27
36768,1,1,False,1,1643,5
36769,1,1,False,1,1643,5
36770,1,1,False,2,114,20
36775,1,1,False,3,161,1
36777,1,1,False,1,179,12
36781,1,1,False,3,1644,6
36782,1,1,False,3,1644,6
36783,1,1,False,3,1644,6
36784,1,1,False,3,1644,6
36785,1,1,False,1,1645,14
36786,1,1,False,1,1645,14
36789,1,1,False,1,19,10
36794,1,1,False,3,80,14
36795,1,1,False,3,80,14
36797,1,1,False,1,74,11
36798,1,1,False,1,1646,11
36799,1,1,False,1,1646,11
36800,1,1,False,2,1647,11
36801,1,1,False,2,1647,11
36802,1,1,False,2,1647,11
36804,1,1,False,3,12,14
36806,1,1,False,3,12,14
36807,1,1,False,3,12,14
36811,1,1,False,3,73,18
36814,1,1,False,3,73,18
36815,1,1,False,1,1648,14
36816,1,1,False,1,1648,14
36819,1,1,False,1,114,12
36820,1,1,False,2,1649,28
36821,1,1,False,2,1649,28
36822,1,1,False,2,1649,28
36825,1,1,False,3,114,24
36827,1,1,False,3,114,24
36830,1,1,False,1,1650,12
36831,1,1,False,1,1650,12
36832,1,1,False,3,161,5
36834,1,1,False,3,161,5
36836,1,1,False,1,1651,8
36837,1,1,False,1,1651,8
36841,1,1,False,0,-1,14
36842,1,1,False,0,-1,9
36843,1,1,False,0,-1,14
36844,1,1,False,2,23,12
36847,1,1,False,0,-1,4
36849,1,1,False,1,1652,5
36850,1,1,False,1,1652,5
36852,1,1,False,0,-1,14
36853,1,1,False,0,-1,9
36858,1,1,False,1,161,5
36860,1,1,False,0,-1,15
36864,1,1,False,1,114,12
36865,1,1,False,1,166,27
36867,1,1,False,0,-1,12
36868,1,1,False,1,31,16
36873,1,1,False,1,161,14
36875,1,1,False,0,-1,18
36876,1,1,False,2,6,13
36877,1,1,False,2,6,13
36882,1,1,False,0,-1,11
36883,1,1,False,0,-1,8
36884,1,1,False,1,1653,12
36885,1,1,False,1,1653,12
36886,1,1,False,0,-1,4
36888,1,1,False,1,1654,14
36889,1,1,False,1,1654,14
36890,1,1,False,0,-1,12
36891,1,1,False,0,-1,9
36893,1,1,False,3,19,23
36897,1,1,False,2,114,15
36898,1,1,False,2,114,15
36900,1,1,False,0,-1,12
36901,1,1,False,0,-1,18
36906,1,1,False,0,-1,28
36907,1,1,False,0,-1,15
36915,1,1,False,3,114,27
36918,1,1,False,0,-1,5
36920,1,1,False,3,237,8
36921,1,1,False,3,237,8
36925,1,1,False,0,-1,9
36926,1,1,False,0,-1,4
36927,1,1,False,0,-1,10
36930,1,1,False,1,1655,28
36931,1,1,False,1,1655,28
36934,1,1,False,3,68,21
36938,1,1,False,1,74,5
36944,1,1,False,0,-1,14
36949,1,1,False,0,-1,5
36950,1,1,False,1,1656,14
36951,1,1,False,1,1656,14
36952,1,1,False,2,1657,6
36953,1,1,False,2,1657,6
36954,1,1,False,2,1657,6
36960,1,1,False,1,161,18
36964,1,1,False,2,68,5
36965,1,1,False,1,161,5
36967,1,1,False,2,1658,6
36968,1,1,False,2,1658,6
36971,1,1,False,1,68,21
36973,1,1,False,1,19,19
36975,1,1,False,2,19,22
36976,1,1,False,2,19,22
36978,1,1,False,2,161,17
36980,1,1,False,2,161,17
36981,1,1,False,0,-1,12
36983,1,1,False,2,80,19
36992,1,1,False,0,-1,5
36995,1,1,False,2,161,5
37000,1,1,False,3,161,1
37004,1,1,False,0,-1,14
37006,1,1,False,1,95,20
37008,1,1,False,0,-1,11
37011,1,1,False,2,56,10
37012,1,1,False,2,56,10
37013,1,1,False,2,161,24
37015,1,1,False,2,161,24
37016,1,1,False,1,1659,27
37017,1,1,False,1,1659,27
37018,1,1,False,0,-1,13
37021,1,1,False,1,161,9
37022,1,1,False,1,1660,14
37023,1,1,False,1,1660,14
37026,1,1,False,2,2,20
37027,1,1,False,2,2,20
37031,1,1,False,1,95,13
37036,1,1,False,0,-1,8
37042,1,1,False,1,62,4
37043,1,1,False,1,1661,7
37044,1,1,False,1,1661,7
37046,1,1,False,1,27,18
37047,1,1,False,0,-1,12
37050,1,1,False,2,1662,18
37051,1,1,False,2,1662,18
37052,1,1,False,2,1662,18
37053,1,1,False,0,-1,5
37056,1,1,False,0,-1,13
37059,1,1,False,2,62,17
37061,1,1,False,0,-1,24
37065,1,1,False,0,-1,17
37066,1,1,False,2,161,10
37069,1,1,False,0,-1,12
37070,1,1,False,2,14,18
37074,1,1,False,1,166,12
37076,1,1,False,1,63,25
37077,1,1,False,1,1663,18
37082,1,1,False,1,3,22
37084,1,1,False,2,114,18
37086,1,1,False,2,114,18
37088,1,1,False,2,28,18
37090,1,1,False,2,28,18
37096,1,1,False,3,31,4
37098,1,1,False,3,31,4
37100,1,1,False,1,1664,9
37101,1,1,False,1,1664,9
37102,1,1,False,0,-1,20
37104,1,1,False,2,114,4
37106,1,1,False,1,80,12
37110,1,1,False,3,7,5
37113,1,1,False,1,161,18
37117,1,1,False,3,111,11
37118,1,1,False,3,114,18
37121,1,1,False,3,114,18
37124,1,1,False,0,-1,25
37126,1,1,False,1,19,12
37127,1,1,False,1,1665,24
37128,1,1,False,1,1665,24
37133,1,1,False,2,37,20
37137,1,1,False,0,-1,14
37138,1,1,False,1,1666,14
37139,1,1,False,1,1666,14
37141,1,1,False,0,-1,11
37142,1,1,False,0,-1,21
37146,1,1,False,1,70,19
37148,1,1,False,1,3,18
37150,1,1,False,0,-1,14
37151,1,1,False,2,105,8
37155,1,1,False,0,-1,4
37157,1,1,False,0,-1,23
37160,1,1,False,2,7,2
37161,1,1,False,0,-1,5
37162,1,1,False,0,-1,18
37169,1,1,False,2,86,14
37170,1,1,False,2,86,14
37172,1,1,False,0,-1,13
37177,1,1,False,3,161,4
37179,1,1,False,3,161,4
37182,1,1,False,2,1667,15
37183,1,1,False,2,1667,15
37184,1,1,False,2,1667,15
37185,1,1,False,0,-1,12
37186,1,1,False,0,-1,14
37191,1,1,False,0,-1,6
37192,1,1,False,0,-1,6
37196,1,1,False,1,161,12
37200,1,1,False,2,137,5
37201,1,1,False,2,137,5
37213,1,1,False,1,161,5
37223,1,1,False,3,105,18
37225,1,1,False,3,105,18
37229,1,1,False,0,-1,13
37230,1,1,False,0,-1,6
37231,1,1,False,0,-1,22
37233,1,1,False,1,31,5
37235,1,1,False,1,19,17
37236,1,1,False,0,-1,8
37238,1,1,False,0,-1,18
37239,1,1,False,1,1668,6
37240,1,1,False,1,1668,6
37242,1,1,False,2,12,5
37243,1,1,False,2,12,5
37247,1,1,False,0,-1,12
37248,1,1,False,0,-1,20
37250,1,1,False,1,1669,5
37251,1,1,False,1,1669,5
37252,1,1,False,0,-1,20
37255,1,1,False,2,161,24
37257,1,1,False,1,1670,17
37258,1,1,False,1,1670,17
37260,1,1,False,1,1,14
37263,1,1,False,3,80,6
37264,1,1,False,3,80,6
37269,1,1,False,1,114,18
37273,1,1,False,3,25,9
37274,1,1,False,3,25,9
37275,1,1,False,3,25,9
37280,1,1,False,3,80,14
37282,1,1,False,3,80,14
37285,1,1,False,3,114,20
37287,1,1,False,3,114,20
37291,1,1,False,2,114,21
37297,1,1,False,0,-1,4
37298,1,1,False,1,1671,5
37300,1,1,False,0,-1,20
37301,1,1,False,0,-1,12
37302,1,1,False,0,-1,6
37305,1,1,False,1,1672,4
37307,1,1,False,1,1673,11
37308,1,1,False,1,1673,11
37309,1,1,False,0,-1,5
37311,1,1,False,1,221,11
37312,1,1,False,0,-1,20
37314,1,1,False,2,657,9
37315,1,1,False,2,657,9
37324,1,1,False,3,30,15
37327,1,1,False,2,14,11
37329,1,1,False,3,30,27
37335,1,1,False,0,-1,5
37337,1,1,False,1,72,13
37342,1,1,False,1,161,13
37344,1,1,False,2,25,14
37347,1,1,False,0,-1,13
37348,1,1,False,0,-1,5
37354,1,1,False,2,114,16
37355,1,1,False,0,-1,9
37359,1,1,False,2,80,8
37367,1,1,False,0,-1,25
37369,1,1,False,1,25,12
37371,1,1,False,1,1674,12
37372,1,1,False,1,1674,12
37373,1,1,False,3,161,18
37379,1,1,False,3,25,9
37380,1,1,False,3,25,9
37381,1,1,False,3,114,18
37384,1,1,False,3,114,18
37387,1,1,False,0,-1,13
37388,1,1,False,0,-1,13
37391,1,1,False,2,114,11
37393,1,1,False,0,-1,12
37394,1,1,False,0,-1,1
37395,1,1,False,1,30,28
37397,1,1,False,2,1675,14
37398,1,1,False,2,1675,14
37399,1,1,False,2,1675,14
37401,1,1,False,0,-1,12
37403,1,1,False,2,161,13
37404,1,1,False,2,161,13
37405,1,1,False,0,-1,12
37406,1,1,False,0,-1,12
37408,1,1,False,2,161,4
37410,1,1,False,0,-1,27
37411,1,1,False,0,-1,5
37413,1,1,False,3,2,22
37414,1,1,False,3,2,22
37415,1,1,False,3,2,22
37418,1,1,False,3,31,8
37419,1,1,False,3,31,8
37420,1,1,False,3,31,8
37421,1,1,False,1,161,26
37423,1,1,False,1,1676,4
37424,1,1,False,1,1676,4
37425,1,1,False,0,-1,12
37427,1,1,False,1,164,10
37430,1,1,False,0,-1,25
37435,1,1,False,2,237,9
37436,1,1,False,0,-1,9
37438,1,1,False,1,114,13
37439,1,1,False,2,19,15
37444,1,1,False,3,114,18
37451,1,1,False,1,161,20
37453,1,1,False,0,-1,21
37456,1,1,False,3,161,13
37457,1,1,False,3,161,13
37458,1,1,False,3,161,13
37459,1,1,False,3,166,11
37461,1,1,False,3,166,11
37463,1,1,False,0,-1,12
37467,1,1,False,2,1677,14
37468,1,1,False,2,1677,14
37469,1,1,False,2,1677,14
37470,1,1,False,0,-1,4
37473,1,1,False,3,161,18
37476,1,1,False,3,161,18
37478,1,1,False,2,161,12
37480,1,1,False,0,-1,27
37483,1,1,False,2,25,5
37484,1,1,False,2,25,5
37490,1,1,False,0,-1,18
37493,1,1,False,2,111,2
37496,1,1,False,0,-1,14
37498,1,1,False,0,-1,22
37499,1,1,False,0,-1,14
37500,1,1,False,0,-1,6
37510,1,1,False,1,72,5
37512,1,1,False,0,-1,26
37514,1,1,False,1,62,9
37519,1,1,False,2,161,17
37520,1,1,False,0,-1,14
37525,1,1,False,1,10,5
37527,1,1,False,0,-1,12
37530,1,1,False,1,111,5
37533,1,1,False,0,-1,12
37535,1,1,False,1,68,5
37545,1,1,False,3,105,20
37546,1,1,False,3,105,20
37548,1,1,False,1,1447,5
37551,1,1,False,0,-1,16
37552,1,1,False,0,-1,21
37553,1,1,False,0,-1,5
37556,1,1,False,1,1678,17
37557,1,1,False,1,1678,17
37558,1,1,False,0,-1,15
37559,1,1,False,0,-1,10
37560,1,1,False,1,135,14
37562,1,1,False,0,-1,20
37567,1,1,False,2,1679,5
37569,1,1,False,2,1679,5
37570,1,1,False,0,-1,12
37574,1,1,False,2,45,27
37576,1,1,False,2,1680,9
37577,1,1,False,2,1680,9
37578,1,1,False,2,1680,9
37579,1,1,False,0,-1,12
37581,1,1,False,1,1681,13
37583,1,1,False,0,-1,14
37584,1,1,False,1,56,20
37591,1,1,False,2,1682,14
37592,1,1,False,2,1682,14
37593,1,1,False,2,1682,14
37597,1,1,False,1,1683,17
37598,1,1,False,1,1683,17
37599,1,1,False,2,3,24
37601,1,1,False,2,3,24
37602,1,1,False,1,3,14
37606,1,1,False,0,-1,1
37609,1,1,False,2,114,23
37617,1,1,False,0,-1,13
37619,1,1,False,0,-1,12
37620,1,1,False,0,-1,9
37621,1,1,False,1,114,13
37623,1,1,False,0,-1,8
37625,1,1,False,1,19,12
37627,1,1,False,2,56,15
37632,1,1,False,1,114,25
37636,1,1,False,1,1684,16
37637,1,1,False,1,1684,16
37641,1,1,False,0,-1,7
37644,1,1,False,2,1685,12
37645,1,1,False,2,1685,12
37646,1,1,False,2,1685,12
37649,1,1,False,0,-1,14
37651,1,1,False,0,-1,5
37653,1,1,False,0,-1,9
37654,1,1,False,0,-1,18
37655,1,1,False,0,-1,2
37661,1,1,False,0,-1,4
37662,1,1,False,0,-1,27
37672,1,1,False,1,19,9
37675,1,1,False,1,363,23
37678,1,1,False,0,-1,2
37682,1,1,False,0,-1,12
37686,1,1,False,2,161,14
37690,1,1,False,0,-1,11
37692,1,1,False,1,56,20
37693,1,1,False,1,114,26
37696,1,1,False,1,1686,20
37701,1,1,False,0,-1,12
37702,1,1,False,1,1687,17
37703,1,1,False,1,1687,17
37706,1,1,False,3,114,20
37709,1,1,False,0,-1,20
37710,1,1,False,0,-1,2
37712,1,1,False,2,73,14
37713,1,1,False,2,73,14
37715,1,1,False,1,1688,11
37716,1,1,False,1,1688,11
37717,1,1,False,0,-1,12
37719,1,1,False,2,114,24
37730,1,1,False,0,-1,13
37732,1,1,False,1,62,20
37736,1,1,False,1,62,2
37739,1,1,False,2,114,5
37742,1,1,False,1,86,18
37743,1,1,False,2,161,10
37745,1,1,False,2,161,10
37747,1,1,False,3,93,14
37748,1,1,False,3,93,14
37751,1,1,False,1,1689,28
37752,1,1,False,1,1689,28
37754,1,1,False,0,-1,14
37755,1,1,False,0,-1,20
37760,1,1,False,1,56,19
37763,1,1,False,1,19,27
37766,1,1,False,2,30,14
37768,1,1,False,0,-1,27
37769,1,1,False,0,-1,9
37770,1,1,False,0,-1,18
37776,1,1,False,3,1690,5
37777,1,1,False,3,1690,5
37778,1,1,False,3,1690,5
37779,1,1,False,3,1690,5
37782,1,1,False,0,-1,18
37789,1,1,False,1,37,20
37795,1,1,False,0,-1,20
37797,1,1,False,2,1691,17
37798,1,1,False,2,1691,17
37800,1,1,False,0,-1,12
37802,1,1,False,1,52,22
37803,1,1,False,0,-1,24
37804,1,1,False,0,-1,6
37805,1,1,False,1,20,5
37808,1,1,False,1,73,18
37812,1,1,False,0,-1,22
37813,1,1,False,1,1692,11
37814,1,1,False,1,1692,11
37819,1,1,False,2,80,5
37822,1,1,False,1,16,28
37828,1,1,False,2,161,12
37829,1,1,False,0,-1,18
37830,1,1,False,2,139,12
37831,1,1,False,2,139,12
37833,1,1,False,0,-1,9
37834,1,1,False,0,-1,20
37836,1,1,False,0,-1,7
37839,1,1,False,1,19,5
37841,1,1,False,2,114,9
37842,1,1,False,2,114,9
37845,1,1,False,1,62,15
37846,1,1,False,2,25,13
37850,1,1,False,3,45,9
37859,1,1,False,1,19,5
37861,1,1,False,0,-1,15
37864,1,1,False,3,114,9
37870,1,1,False,1,25,8
37875,1,1,False,0,-1,25
37879,1,1,False,1,161,1
37882,1,1,False,1,86,4
37891,1,1,False,2,97,4
37892,1,1,False,2,97,4
37894,1,1,False,0,-1,24
37897,1,1,False,1,114,13
37901,1,1,False,3,19,28
37904,1,1,False,0,-1,26
37905,1,1,False,0,-1,5
37907,1,1,False,1,68,20
37910,1,1,False,1,3,12
37912,1,1,False,1,1693,10
37913,1,1,False,1,1693,10
37914,1,1,False,2,1694,18
37916,1,1,False,2,1694,18
37921,1,1,False,0,-1,7
37923,1,1,False,2,62,14
37924,1,1,False,2,62,14
37931,1,1,False,2,114,5
37933,1,1,False,2,114,5
37936,1,1,False,2,114,18
37939,1,1,False,3,28,24
37942,1,1,False,3,28,24
37944,1,1,False,1,1695,13
37945,1,1,False,0,-1,20
37946,1,1,False,1,1696,18
37947,1,1,False,1,1696,18
37948,1,1,False,1,1697,12
37950,1,1,False,0,-1,13
37951,1,1,False,1,86,12
37953,1,1,False,1,1698,6
37956,1,1,False,1,56,28
37959,1,1,False,1,68,20
37963,1,1,False,2,6,12
37965,1,1,False,2,114,12
37967,1,1,False,0,-1,6
37972,1,1,False,2,114,13
37974,1,1,False,1,53,5
37977,1,1,False,0,-1,20
37978,1,1,False,0,-1,17
37979,1,1,False,1,1700,18
37980,1,1,False,1,1700,18
37981,1,1,False,1,1701,9
37982,1,1,False,1,1701,9
37983,1,1,False,0,-1,20
37984,1,1,False,2,19,26
37988,1,1,False,3,114,11
37991,1,1,False,1,105,13
37999,1,1,False,1,114,1
38002,1,1,False,0,-1,12
38005,1,1,False,2,16,5
38010,1,1,False,3,23,14
38011,1,1,False,3,161,25
38013,1,1,False,3,161,25
38014,1,1,False,3,161,25
38017,1,1,False,2,25,9
38018,1,1,False,3,7,14
38021,1,1,False,3,7,14
38022,1,1,False,0,-1,26
38023,1,1,False,1,80,17
38028,1,1,False,0,-1,4
38031,1,1,False,1,114,8
38033,1,1,False,3,10,12
38034,1,1,False,3,10,12
38035,1,1,False,3,10,12
38038,1,1,False,0,-1,5
38039,1,1,False,0,-1,9
38041,1,1,False,2,114,5
38044,1,1,False,0,-1,18
38045,1,1,False,3,114,6
38046,1,1,False,3,114,6
38050,1,1,False,1,114,13
38055,1,1,False,0,-1,25
38058,1,1,False,1,19,10
38059,1,1,False,0,-1,26
38063,1,1,False,0,-1,13
38065,1,1,False,2,114,13
38068,1,1,False,1,3,17
38069,1,1,False,1,53,18
38073,1,1,False,2,16,9
38076,1,1,False,0,-1,12
38081,1,1,False,2,19,13
38084,1,1,False,0,-1,18
38085,1,1,False,0,-1,12
38087,1,1,False,1,6,11
38089,1,1,False,1,1199,18
38091,1,1,False,0,-1,6
38093,1,1,False,0,-1,12
38095,1,1,False,2,1702,4
38096,1,1,False,2,1702,4
38097,1,1,False,2,1702,4
38101,1,1,False,1,1703,24
38102,1,1,False,1,1703,24
38105,1,1,False,0,-1,14
38106,1,1,False,0,-1,12
38107,1,1,False,1,1704,18
38108,1,1,False,1,1704,18
38113,1,1,False,3,1705,4
38114,1,1,False,3,1705,4
38115,1,1,False,3,1705,4
38116,1,1,False,3,1705,4
38117,1,1,False,2,114,12
38118,1,1,False,2,114,12
38121,1,1,False,2,161,13
38127,1,1,False,0,-1,16
38130,1,1,False,2,106,18
38132,1,1,False,1,52,14
38133,1,1,False,0,-1,19
38135,1,1,False,3,44,5
38140,1,1,False,2,53,14
38145,1,1,False,0,-1,17
38146,1,1,False,1,1706,18
38147,1,1,False,1,1706,18
38148,1,1,False,1,1707,28
38149,1,1,False,1,1707,28
38158,1,1,False,2,161,18
38159,1,1,False,1,68,12
38162,1,1,False,0,-1,5
38166,1,1,False,1,64,22
38171,1,1,False,0,-1,12
38179,1,1,False,1,63,7
38180,1,1,False,0,-1,8
38182,1,1,False,1,25,2
38183,1,1,False,0,-1,5
38184,1,1,False,2,12,9
38185,1,1,False,2,12,9
38187,1,1,False,0,-1,5
38188,1,1,False,1,1708,12
38189,1,1,False,1,1708,12
38193,1,1,False,2,52,5
38196,1,1,False,2,70,12
38197,1,1,False,2,70,12
38198,1,1,False,3,161,12
38200,1,1,False,3,161,12
38201,1,1,False,3,161,12
38205,1,1,False,0,-1,11
38209,1,1,False,2,161,15
38211,1,1,False,3,54,14
38212,1,1,False,3,54,14
38215,1,1,False,2,1709,20
38216,1,1,False,2,1709,20
38218,1,1,False,0,-1,5
38221,1,1,False,2,1710,25
38222,1,1,False,2,1710,25
38224,1,1,False,0,-1,5
38225,1,1,False,1,73,20
38227,1,1,False,0,-1,18
38229,1,1,False,3,37,21
38236,1,1,False,1,1711,3
38237,1,1,False,1,1711,3
38239,1,1,False,1,30,12
38241,1,1,False,0,-1,8
38247,1,1,False,0,-1,19
38248,1,1,False,0,-1,28
38254,1,1,False,3,1712,24
38255,1,1,False,3,1712,24
38256,1,1,False,3,1712,24
38257,1,1,False,3,1712,24
38258,1,1,False,0,-1,5
38259,1,1,False,1,44,20
38266,1,1,False,0,-1,21
38268,1,1,False,1,166,15
38270,1,1,False,0,-1,20
38275,1,1,False,1,3,13
38277,1,1,False,1,23,18
38283,1,1,False,1,95,18
38287,1,1,False,3,19,14
38288,1,1,False,3,19,14
38291,1,1,False,2,111,23
38292,1,1,False,3,22,6
38294,1,1,False,3,22,6
38295,1,1,False,3,22,6
38298,1,1,False,2,19,20
38300,1,1,False,1,1713,13
38301,1,1,False,1,1713,13
38302,1,1,False,3,62,13
38303,1,1,False,3,62,13
38304,1,1,False,3,62,13
38308,1,1,False,2,114,12
38312,1,1,False,0,-1,13
38315,1,1,False,2,114,24
38317,1,1,False,0,-1,23
38320,1,1,False,0,-1,10
38322,1,1,False,0,-1,2
38323,1,1,False,0,-1,16
38324,1,1,False,1,37,13
38326,1,1,False,2,59,28
38330,1,1,False,2,19,12
38331,1,1,False,2,19,12
38333,1,1,False,3,25,12
38336,1,1,False,3,25,12
38337,1,1,False,0,-1,20
38342,1,1,False,1,161,14
38346,1,1,False,2,25,9
38347,1,1,False,2,25,9
38351,1,1,False,0,-1,26
38358,1,1,False,0,-1,12
38359,1,1,False,2,161,9
38362,1,1,False,0,-1,4
38365,1,1,False,0,-1,13
38366,1,1,False,2,1714,25
38367,1,1,False,2,1714,25
38368,1,1,False,2,1714,25
38371,1,1,False,1,114,14
38374,1,1,False,0,-1,14
38376,1,1,False,2,105,18
38385,1,1,False,1,80,12
38390,1,1,False,3,62,6
38391,1,1,False,3,62,6
38393,1,1,False,2,114,10
38394,1,1,False,2,114,10
38396,1,1,False,0,-1,24
38397,1,1,False,0,-1,5
38398,1,1,False,0,-1,9
38403,1,1,False,1,19,13
38406,1,1,False,0,-1,12
38408,1,1,False,0,-1,12
38409,1,1,False,0,-1,9
38410,1,1,False,1,68,21
38412,1,1,False,0,-1,13
38413,1,1,False,1,1715,18
38414,1,1,False,1,1715,18
38417,1,1,False,0,-1,15
38418,1,1,False,0,-1,27
38421,1,1,False,3,10,11
38424,1,1,False,3,10,11
38425,1,1,False,0,-1,4
38429,1,1,False,1,22,12
38431,1,1,False,0,-1,14
38432,1,1,False,0,-1,2
38436,1,1,False,3,53,9
38438,1,1,False,0,-1,13
38440,1,1,False,1,114,5
38442,1,1,False,3,28,26
38449,1,1,False,0,-1,8
38450,1,1,False,3,19,20
38455,1,1,False,3,93,14
38457,1,1,False,3,93,14
38458,1,1,False,2,53,8
38461,1,1,False,0,-1,1
38462,1,1,False,0,-1,20
38468,1,1,False,3,161,18
38470,1,1,False,3,161,18
38471,1,1,False,1,161,10
38476,1,1,False,0,-1,9
38479,1,1,False,0,-1,13
38480,1,1,False,0,-1,12
38482,1,1,False,2,73,12
38485,1,1,False,0,-1,18
38493,1,1,False,0,-1,17
38494,1,1,False,0,-1,12
38498,1,1,False,3,114,27
38500,1,1,False,3,114,27
38501,1,1,False,3,114,27
38504,1,1,False,1,1716,14
38505,1,1,False,1,1716,14
38506,1,1,False,2,1717,8
38507,1,1,False,2,1717,8
38508,1,1,False,2,1717,8
38509,1,1,False,2,161,9
38510,1,1,False,2,161,9
38515,1,1,False,1,114,25
38516,1,1,False,0,-1,13
38519,1,1,False,1,18,4
38522,1,1,False,0,-1,15
38527,1,1,False,0,-1,9
38529,1,1,False,1,1718,8
38530,1,1,False,1,1718,8
38532,1,1,False,1,28,13
38533,1,1,False,0,-1,18
38535,1,1,False,1,23,23
38537,1,1,False,1,93,28
38540,1,1,False,3,30,2
38542,1,1,False,3,30,2
38543,1,1,False,3,30,2
38545,1,1,False,1,59,12
38548,1,1,False,0,-1,9
38552,1,1,False,1,19,20
38554,1,1,False,0,-1,15
38555,1,1,False,0,-1,9
38564,1,1,False,1,35,23
38567,1,1,False,0,-1,1
38569,1,1,False,2,80,18
38571,1,1,False,2,80,18
38573,1,1,False,1,52,13
38574,1,1,False,1,45,15
38578,1,1,False,2,161,18
38579,1,1,False,2,161,18
38582,1,1,False,2,56,8
38584,1,1,False,2,56,8
38585,1,1,False,0,-1,7
38586,1,1,False,1,64,4
38589,1,1,False,3,19,15
38590,1,1,False,3,19,15
38593,1,1,False,0,-1,12
38595,1,1,False,1,161,22
38596,1,1,False,0,-1,12
38597,1,1,False,2,73,5
38598,1,1,False,2,73,5
38604,1,1,False,1,1719,4
38605,1,1,False,1,1719,4
38606,1,1,False,0,-1,12
38607,1,1,False,2,1720,12
38608,1,1,False,2,1720,12
38610,1,1,False,1,1721,15
38611,1,1,False,1,1721,15
38613,1,1,False,1,114,12
38616,1,1,False,1,93,23
38618,1,1,False,1,30,5
38622,1,1,False,2,161,12
38626,1,1,False,3,80,12
38628,1,1,False,0,-1,12
38630,1,1,False,1,161,5
38631,1,1,False,1,166,5
38637,1,1,False,2,73,2
38638,1,1,False,0,-1,8
38639,1,1,False,0,-1,13
38642,1,1,False,0,-1,7
38644,1,1,False,3,54,3
38649,1,1,False,1,161,12
38651,1,1,False,0,-1,26
38654,1,1,False,1,1722,12
38655,1,1,False,1,1722,12
38658,1,1,False,0,-1,18
38659,1,1,False,3,58,10
38664,1,1,False,2,0,5
38666,1,1,False,2,0,5
38667,1,1,False,0,-1,12
38668,1,1,False,2,63,12
38670,1,1,False,2,63,12
38680,1,1,False,1,14,18
38682,1,1,False,2,25,15
38683,1,1,False,2,25,15
38685,1,1,False,3,37,26
38686,1,1,False,3,37,26
38687,1,1,False,3,37,26
38692,1,1,False,2,64,18
38697,1,1,False,0,-1,14
38701,1,1,False,0,-1,4
38703,1,1,False,2,0,13
38708,1,1,False,0,-1,25
38710,1,1,False,2,31,12
38713,1,1,False,1,68,12
38716,1,1,False,2,37,12
38721,1,1,False,2,1723,20
38722,1,1,False,0,-1,27
38725,1,1,False,2,0,18
38730,1,1,False,1,1724,18
38733,1,1,False,0,-1,20
38739,1,1,False,3,22,25
38741,1,1,False,3,22,25
38742,1,1,False,3,22,25
38744,1,1,False,1,37,17
38745,1,1,False,1,59,12
38747,1,1,False,0,-1,16
38748,1,1,False,2,1725,17
38749,1,1,False,2,1725,17
38750,1,1,False,2,1725,17
38751,1,1,False,3,114,8
38752,1,1,False,3,114,8
38753,1,1,False,3,114,8
38758,1,1,False,2,25,8
38759,1,1,False,2,25,8
38761,1,1,False,1,700,13
38763,1,1,False,0,-1,11
38764,1,1,False,2,6,22
38766,1,1,False,2,6,22
38771,1,1,False,0,-1,17
38775,1,1,False,1,0,20
38780,1,1,False,0,-1,13
38781,1,1,False,0,-1,13
38783,1,1,False,1,1726,18
38784,1,1,False,1,1726,18
38785,1,1,False,0,-1,13
38789,1,1,False,2,30,9
38792,1,1,False,1,1727,17
38793,1,1,False,1,1727,17
38796,1,1,False,2,58,12
38798,1,1,False,1,1728,12
38799,1,1,False,1,1728,12
38806,1,1,False,2,0,21
38807,1,1,False,2,0,21
38815,1,1,False,0,-1,27
38816,1,1,False,3,31,27
38821,1,1,False,2,93,18
38824,1,1,False,0,-1,21
38825,1,1,False,0,-1,5
38828,1,1,False,0,-1,24
38841,1,1,False,0,-1,18
38843,1,1,False,0,-1,27
38844,1,1,False,3,93,18
38848,1,1,False,0,-1,21
38851,1,1,False,0,-1,8
38854,1,1,False,0,-1,20
38855,1,1,False,0,-1,18
38856,1,1,False,2,63,28
38859,1,1,False,0,-1,5
38860,1,1,False,1,1729,8
38861,1,1,False,1,1729,8
38865,1,1,False,1,31,12
38868,1,1,False,2,14,12
38879,1,1,False,3,48,23
38882,1,1,False,3,48,23
38884,1,1,False,1,1730,18
38886,1,1,False,2,1731,12
38887,1,1,False,2,1731,12
38889,1,1,False,2,106,8
38895,1,1,False,0,-1,17
38896,1,1,False,0,-1,14
38898,1,1,False,0,-1,15
38901,1,1,False,0,-1,14
38903,1,1,False,2,31,9
38906,1,1,False,2,31,5
38908,1,1,False,0,-1,18
38909,1,1,False,2,179,9
38910,1,1,False,2,179,9
38912,1,1,False,0,-1,5
38919,1,1,False,3,30,18
38921,1,1,False,3,30,18
38927,1,1,False,2,97,8
38928,1,1,False,1,1733,5
38929,1,1,False,1,1733,5
38931,1,1,False,0,-1,9
38932,1,1,False,1,1734,18
38933,1,1,False,1,1734,18
38935,1,1,False,0,-1,6
38942,1,1,False,0,-1,12
38943,1,1,False,1,63,15
38945,1,1,False,0,-1,18
38947,1,1,False,2,1735,20
38948,1,1,False,2,1735,20
38950,1,1,False,0,-1,20
38954,1,1,False,2,37,8
38958,1,1,False,2,80,15
38960,1,1,False,0,-1,14
38961,1,1,False,1,30,12
38964,1,1,False,0,-1,9
38969,1,1,False,1,62,18
38970,1,1,False,1,1736,4
38971,1,1,False,1,1736,4
38973,1,1,False,3,179,5
38978,1,1,False,2,221,14
38984,1,1,False,1,25,20
38989,1,1,False,2,97,25
38990,1,1,False,1,19,12
38992,1,1,False,2,51,5
38995,1,1,False,0,-1,5
38997,1,1,False,0,-1,26
38999,1,1,False,1,70,17
39003,1,1,False,3,51,20
39004,1,1,False,3,51,20
39006,1,1,False,0,-1,13
39008,1,1,False,2,18,22
39009,1,1,False,2,18,22
39010,1,1,False,0,-1,12
39015,1,1,False,1,31,12
39018,1,1,False,1,1,25
39021,1,1,False,0,-1,18
39022,1,1,False,0,-1,14
39029,1,1,False,1,1737,19
39030,1,1,False,1,1737,19
39032,1,1,False,0,-1,13
39036,1,1,False,2,97,12
39038,1,1,False,2,31,7
39040,1,1,False,2,31,7
39043,1,1,False,1,43,5
39047,1,1,False,2,14,27
39050,1,1,False,3,31,12
39053,1,1,False,1,31,12
39064,1,1,False,1,1738,13
39065,1,1,False,1,1738,13
39066,1,1,False,0,-1,12
39070,1,1,False,3,31,4
39074,1,1,False,2,97,9
39076,1,1,False,1,97,18
39081,1,1,False,0,-1,12
39082,1,1,False,0,-1,15
39084,1,1,False,1,25,14
39086,1,1,False,2,31,6
39090,1,1,False,2,74,12
39092,1,1,False,2,74,12
39093,1,1,False,3,294,12
39094,1,1,False,3,294,12
39095,1,1,False,3,294,12
39098,1,1,False,1,237,8
39099,1,1,False,2,51,15
39102,1,1,False,1,114,4
39106,1,1,False,0,-1,6
39107,1,1,False,2,19,17
39111,1,1,False,3,63,15
39112,1,1,False,3,63,15
39113,1,1,False,3,63,15
39115,1,1,False,1,179,14
39117,1,1,False,0,-1,9
39123,1,1,False,3,1739,18
39125,1,1,False,3,1739,18
39126,1,1,False,3,1739,18
39127,1,1,False,1,1740,18
39128,1,1,False,1,1740,18
39137,1,1,False,0,-1,14
39139,1,1,False,1,105,24
39141,1,1,False,1,58,9
39144,1,1,False,2,14,13
39149,1,1,False,0,-1,20
39152,1,1,False,0,-1,20
39160,1,1,False,0,-1,9
39161,1,1,False,0,-1,20
39162,1,1,False,0,-1,12
39163,1,1,False,0,-1,7
39167,1,1,False,0,-1,25
39169,1,1,False,1,6,15
39170,1,1,False,0,-1,3
39172,1,1,False,0,-1,18
39174,1,1,False,2,37,12
39176,1,1,False,3,93,5
39182,1,1,False,2,63,12
39189,1,1,False,2,97,14
39191,1,1,False,2,97,14
39195,1,1,False,1,1741,7
39196,1,1,False,1,1741,7
39200,1,1,False,0,-1,6
39201,1,1,False,2,1742,14
39203,1,1,False,2,1742,14
39205,1,1,False,3,64,18
39206,1,1,False,3,64,18
39211,1,1,False,3,31,18
39219,1,1,False,3,64,17
39221,1,1,False,3,64,17
39223,1,1,False,2,1743,14
39224,1,1,False,2,1743,14
39226,1,1,False,1,105,18
39228,1,1,False,1,1744,20
39229,1,1,False,1,1744,20
39232,1,1,False,2,2,12
39233,1,1,False,0,-1,12
39237,1,1,False,2,139,12
39239,1,1,False,0,-1,9
39240,1,1,False,0,-1,24
39242,1,1,False,3,31,28
39243,1,1,False,3,31,28
39249,1,1,False,2,31,12
39252,1,1,False,0,-1,18
39257,1,1,False,0,-1,8
39261,1,1,False,0,-1,25
39266,1,1,False,2,93,14
39271,1,1,False,1,1745,17
39272,1,1,False,1,1745,17
39273,1,1,False,3,31,15
39274,1,1,False,3,31,15
39276,1,1,False,3,31,15
39277,1,1,False,1,1746,7
39278,1,1,False,1,1746,7
39279,1,1,False,2,6,9
39283,1,1,False,2,114,8
39286,1,1,False,1,1747,13
39287,1,1,False,1,1747,13
39288,1,1,False,1,23,20
39290,1,1,False,0,-1,18
39292,1,1,False,1,1748,23
39293,1,1,False,1,1748,23
39295,1,1,False,1,31,24
39296,1,1,False,0,-1,9
39297,1,1,False,0,-1,12
39300,1,1,False,1,1749,14
39301,1,1,False,1,1749,14
39302,1,1,False,0,-1,7
39304,1,1,False,1,1750,25
39305,1,1,False,2,31,7
39309,1,1,False,2,31,22
39311,1,1,False,1,18,5
39313,1,1,False,1,1751,18
39314,1,1,False,1,1751,18
39318,1,1,False,1,6,12
39320,1,1,False,0,-1,20
39321,1,1,False,1,1752,22
39322,1,1,False,1,1752,22
39324,1,1,False,1,31,4
39325,1,1,False,1,1753,20
39326,1,1,False,1,1753,20
39330,1,1,False,3,58,9
39331,1,1,False,3,58,9
39332,1,1,False,3,58,9
39334,1,1,False,1,58,20
39337,1,1,False,0,-1,14
39339,1,1,False,2,31,4
39346,1,1,False,1,58,7
39348,1,1,False,2,62,9
39350,1,1,False,2,62,9
39353,1,1,False,2,63,20
39354,1,1,False,1,3,12
39357,1,1,False,2,56,17
39359,1,1,False,0,-1,10
39365,1,1,False,0,-1,12
39368,1,1,False,0,-1,1
39369,1,1,False,1,52,18
39371,1,1,False,1,31,18
39374,1,1,False,2,1754,5
39375,1,1,False,2,1754,5
39376,1,1,False,2,1754,5
39377,1,1,False,3,1,12
39379,1,1,False,3,1,12
39382,1,1,False,2,25,20
39384,1,1,False,1,1755,14
39385,1,1,False,1,1755,14
39386,1,1,False,0,-1,5
39387,1,1,False,0,-1,27
39390,1,1,False,3,22,5
39405,1,1,False,0,-1,13
39406,1,1,False,0,-1,12
39407,1,1,False,0,-1,9
39411,1,1,False,1,1756,5
39412,1,1,False,1,1756,5
39414,1,1,False,2,6,18
39416,1,1,False,1,1,18
39422,1,1,False,0,-1,14
39423,1,1,False,0,-1,12
39427,1,1,False,0,-1,5
39429,1,1,False,2,72,22
39431,1,1,False,2,1,28
39435,1,1,False,0,-1,5
39436,1,1,False,0,-1,13
39438,1,1,False,3,37,15
39439,1,1,False,3,37,15
39444,1,1,False,3,25,20
39446,1,1,False,0,-1,5
39448,1,1,False,1,6,15
39449,1,1,False,3,14,17
39450,1,1,False,3,14,17
39451,1,1,False,3,14,17
39454,1,1,False,2,58,22
39458,1,1,False,0,-1,18
39459,1,1,False,0,-1,28
39461,1,1,False,1,31,4
39464,1,1,False,1,74,18
39465,1,1,False,1,19,15
39467,1,1,False,3,35,14
39469,1,1,False,3,35,14
39473,1,1,False,3,114,15
39475,1,1,False,1,1757,12
39476,1,1,False,1,1757,12
39480,1,1,False,2,93,17
39481,1,1,False,2,93,17
39482,1,1,False,1,1758,15
39483,1,1,False,1,1758,15
39484,1,1,False,0,-1,22
39485,1,1,False,3,93,12
39486,1,1,False,3,93,12
39493,1,1,False,0,-1,5
39496,1,1,False,2,62,25
39498,1,1,False,1,1759,24
39499,1,1,False,1,1759,24
39500,1,1,False,1,1760,22
39501,1,1,False,1,1760,22
39502,1,1,False,0,-1,26
39509,1,1,False,0,-1,14
39510,1,1,False,0,-1,12
39511,1,1,False,1,1761,9
39516,1,1,False,0,-1,9
39517,1,1,False,3,1762,5
39518,1,1,False,3,1762,5
39519,1,1,False,3,1762,5
39520,1,1,False,3,1762,5
39523,1,1,False,0,-1,20
39526,1,1,False,0,-1,14
39527,1,1,False,0,-1,27
39528,1,1,False,1,1763,12
39529,1,1,False,1,1763,12
39530,1,1,False,0,-1,7
39534,1,1,False,3,31,13
39538,1,1,False,0,-1,27
39539,1,1,False,0,-1,5
39541,1,1,False,2,80,20
39544,1,1,False,0,-1,12
39546,1,1,False,1,70,21
39550,1,1,False,0,-1,15
39553,1,1,False,3,25,12
39555,1,1,False,1,31,8
39557,1,1,False,0,-1,12
39558,1,1,False,0,-1,5
39559,1,1,False,0,-1,12
39560,1,1,False,1,30,26
39563,1,1,False,1,12,5
39565,1,1,False,2,37,13
39567,1,1,False,1,19,13
39573,1,1,False,1,1764,12
39575,1,1,False,0,-1,7
39576,1,1,False,3,7,2
39578,1,1,False,3,7,2
39582,1,1,False,1,1765,17
39583,1,1,False,1,1765,17
39584,1,1,False,0,-1,12
39588,1,1,False,2,64,5
39590,1,1,False,1,23,26
39592,1,1,False,2,139,5
39596,1,1,False,2,35,9
39597,1,1,False,2,35,9
39599,1,1,False,0,-1,11
39601,1,1,False,2,58,14
39602,1,1,False,2,58,14
39604,1,1,False,0,-1,20
39607,1,1,False,0,-1,21
39610,1,1,False,0,-1,13
39614,1,1,False,2,64,13
39617,1,1,False,2,93,12
39619,1,1,False,2,31,12
39621,1,1,False,2,31,12
39627,1,1,False,2,1,3
39629,1,1,False,2,1,3
39633,1,1,False,0,-1,20
39634,1,1,False,0,-1,4
39638,1,1,False,2,0,12
39641,1,1,False,1,7,12
39642,1,1,False,1,1766,12
39643,1,1,False,1,1766,12
39647,1,1,False,2,70,6
39650,1,1,False,2,25,27
39652,1,1,False,1,93,14
39654,1,1,False,1,14,12
39655,1,1,False,0,-1,8
39656,1,1,False,0,-1,13
39665,1,1,False,1,1767,15
39666,1,1,False,1,1767,15
39667,1,1,False,1,43,20
39670,1,1,False,2,1768,14
39671,1,1,False,2,1768,14
39672,1,1,False,2,1768,14
39675,1,1,False,3,63,8
39684,1,1,False,2,31,18
39687,1,1,False,3,1769,4
39688,1,1,False,3,1769,4
39689,1,1,False,3,1769,4
39690,1,1,False,3,1769,4
39691,1,1,False,0,-1,17
39700,1,1,False,2,72,12
39703,1,1,False,2,58,9
39705,1,1,False,1,74,15
39707,1,1,False,1,31,14
39712,1,1,False,1,30,9
39714,1,1,False,0,-1,5
39716,1,1,False,2,142,8
39720,1,1,False,2,45,14
39721,1,1,False,2,45,14
39722,1,1,False,0,-1,14
39723,1,1,False,2,135,14
39726,1,1,False,1,135,5
39728,1,1,False,1,1770,4
39729,1,1,False,1,1770,4
39730,1,1,False,2,52,5
39733,1,1,False,1,1771,12
39734,1,1,False,1,1771,12
39739,1,1,False,3,164,5
39740,1,1,False,3,164,5
39741,1,1,False,3,164,5
39742,1,1,False,0,-1,14
39744,1,1,False,2,31,18
39750,1,1,False,0,-1,14
39754,1,1,False,2,25,8
39758,1,1,False,2,58,5
39762,1,1,False,3,31,20
39765,1,1,False,2,1772,11
39766,1,1,False,2,1772,11
39767,1,1,False,2,1772,11
39770,1,1,False,2,1,13
39771,1,1,False,0,-1,20
39772,1,1,False,2,3,12
39774,1,1,False,2,3,12
39776,1,1,False,1,80,2
39780,1,1,False,1,58,24
39781,1,1,False,0,-1,18
39784,1,1,False,2,1773,22
39785,1,1,False,2,1773,22
39786,1,1,False,2,1773,22
39788,1,1,False,2,6,12
39792,1,1,False,1,1774,13
39793,1,1,False,1,1774,13
39795,1,1,False,0,-1,7
39803,1,1,False,3,43,11
39805,1,1,False,3,43,11
39806,1,1,False,3,43,11
39808,1,1,False,1,1,18
39810,1,1,False,0,-1,2
39811,1,1,False,0,-1,9
39813,1,1,False,1,137,13
39816,1,1,False,1,51,17
39819,1,1,False,1,97,12
39822,1,1,False,2,179,12
39824,1,1,False,1,1775,8
39825,1,1,False,1,1775,8
39827,1,1,False,1,58,14
39834,1,1,False,1,1776,28
39835,1,1,False,1,1776,28
39837,1,1,False,2,62,5
39842,1,1,False,2,0,14
39844,1,1,False,2,0,14
39845,1,1,False,0,-1,8
39847,1,1,False,0,-1,19
39848,1,1,False,0,-1,26
39849,1,1,False,0,-1,21
39850,1,1,False,0,-1,1
39851,1,1,False,0,-1,24
39854,1,1,False,1,48,22
39870,1,1,False,2,25,11
39873,1,1,False,0,-1,12
39875,1,1,False,1,1,12
39877,1,1,False,1,37,12
39879,1,1,False,1,1777,17
39880,1,1,False,1,1777,17
39882,1,1,False,1,31,14
39883,1,1,False,2,1,12
39884,1,1,False,2,1,12
39886,1,1,False,1,16,8
39889,1,1,False,3,1778,25
39890,1,1,False,3,1778,25
39891,1,1,False,3,1778,25
39892,1,1,False,3,1778,25
39893,1,1,False,0,-1,13
39894,1,1,False,0,-1,21
39898,1,1,False,0,-1,14
39900,1,1,False,1,6,14
39902,1,1,False,1,1779,5
39905,1,1,False,3,58,12
39906,1,1,False,3,58,12
39908,1,1,False,0,-1,13
39909,1,1,False,0,-1,24
39910,1,1,False,0,-1,5
39911,1,1,False,1,6,25
39914,1,1,False,1,35,5
39917,1,1,False,1,31,9
39918,1,1,False,3,56,24
39919,1,1,False,3,56,24
39920,1,1,False,3,56,24
39922,1,1,False,0,-1,9
39924,1,1,False,3,86,13
39927,1,1,False,3,86,13
39929,1,1,False,3,31,11
39931,1,1,False,3,31,11
39935,1,1,False,3,37,28
39941,1,1,False,2,1,14
39944,1,1,False,3,14,9
39945,1,1,False,3,14,9
39946,1,1,False,3,14,9
39949,1,1,False,2,114,21
39951,1,1,False,2,114,21
39952,1,1,False,2,1780,20
39953,1,1,False,2,1780,20
39954,1,1,False,2,1780,20
39955,1,1,False,0,-1,4
39960,1,1,False,1,161,9
39961,1,1,False,3,31,2
39964,1,1,False,3,31,2
39966,1,1,False,1,1781,20
39967,1,1,False,1,1781,20
39968,1,1,False,3,62,5
39970,1,1,False,3,62,5
39971,1,1,False,3,62,5
39972,1,1,False,0,-1,22
39979,1,1,False,3,7,8
39981,1,1,False,3,7,8
39982,1,1,False,0,-1,8
39983,1,1,False,0,-1,20
39984,1,1,False,0,-1,10
39987,1,1,False,2,58,25
39988,1,1,False,0,-1,10
39990,1,1,False,0,-1,12
39991,1,1,False,3,45,25
39992,1,1,False,3,45,25
39993,1,1,False,3,45,25
39996,1,1,False,0,-1,2
40002,1,1,False,3,12,12
40003,1,1,False,3,12,12
40004,1,1,False,3,12,12
40007,1,1,False,0,-1,20
40011,1,1,False,0,-1,14
40013,1,1,False,1,1,20
40017,1,1,False,2,14,12
40019,1,1,False,1,64,11
40023,1,1,False,3,97,5
40029,1,1,False,2,59,21
40030,1,1,False,2,59,21
40033,1,1,False,2,63,5
40039,1,1,False,1,80,12
40042,1,1,False,0,-1,6
40044,1,1,False,0,-1,11
40045,1,1,False,0,-1,26
40047,1,1,False,0,-1,15
40049,1,1,False,0,-1,18
40050,1,1,False,0,-1,25
40051,1,1,False,0,-1,9
40052,1,1,False,1,58,9
40055,1,1,False,1,1782,12
40056,1,1,False,1,1782,12
40064,1,1,False,1,31,6
40066,1,1,False,3,97,12
40067,1,1,False,3,97,12
40071,1,1,False,1,93,22
40072,1,1,False,2,6,3
40075,1,1,False,0,-1,5
40078,1,1,False,3,31,23
40081,1,1,False,2,90,5
40083,1,1,False,2,90,5
40084,1,1,False,0,-1,12
40085,1,1,False,0,-1,28
40086,1,1,False,0,-1,9
40087,1,1,False,0,-1,17
40088,1,1,False,0,-1,12
40090,1,1,False,0,-1,12
40091,1,1,False,0,-1,5
40092,1,1,False,0,-1,26
40094,1,1,False,1,70,23
40097,1,1,False,0,-1,4
40106,1,1,False,2,14,4
40107,1,1,False,2,14,4
40111,1,1,False,0,-1,18
40113,1,1,False,1,64,12
40115,1,1,False,1,35,28
40116,1,1,False,1,114,6
40121,1,1,False,1,1783,10
40126,1,1,False,3,31,12
40127,1,1,False,1,294,8
40130,1,1,False,0,-1,11
40133,1,1,False,2,25,27
40134,1,1,False,2,25,27
40136,1,1,False,3,64,10
40137,1,1,False,3,64,10
40144,1,1,False,0,-1,5
40145,1,1,False,0,-1,8
40150,1,1,False,1,1784,15
40151,1,1,False,1,1784,15
40153,1,1,False,1,1785,25
40154,1,1,False,1,1785,25
40155,1,1,False,0,-1,9
40157,1,1,False,1,0,27
40159,1,1,False,1,1786,20
40160,1,1,False,1,1786,20
40162,1,1,False,1,111,17
40164,1,1,False,0,-1,13
40165,1,1,False,0,-1,5
40174,1,1,False,2,31,5
40175,1,1,False,0,-1,12
40182,1,1,False,1,93,13
40187,1,1,False,0,-1,12
40188,1,1,False,1,111,12
40190,1,1,False,0,-1,4
40191,1,1,False,0,-1,26
40193,1,1,False,1,56,12
40195,1,1,False,0,-1,21
40197,1,1,False,0,-1,4
40199,1,1,False,2,74,7
40200,1,1,False,2,74,7
40204,1,1,False,2,64,14
40205,1,1,False,1,179,3
40207,1,1,False,0,-1,5
40208,1,1,False,1,1787,9
40210,1,1,False,2,3,26
40211,1,1,False,2,3,26
40213,1,1,False,1,114,12
40215,1,1,False,3,80,22
40217,1,1,False,3,80,22
40223,1,1,False,0,-1,25
40224,1,1,False,0,-1,18
40226,1,1,False,0,-1,28
40229,1,1,False,2,114,12
40231,1,1,False,0,-1,9
40232,1,1,False,3,31,8
40237,1,1,False,2,14,21
40241,1,1,False,1,1788,13
40244,1,1,False,1,25,13
40248,1,1,False,1,31,13
40253,1,1,False,2,19,12
40254,1,1,False,2,19,12
40258,1,1,False,0,-1,20
40259,1,1,False,2,26,5
40261,1,1,False,2,26,5
40264,1,1,False,3,0,17
40265,1,1,False,3,0,17
40268,1,1,False,0,-1,18
40270,1,1,False,0,-1,23
40271,1,1,False,1,0,12
40273,1,1,False,0,-1,14
40274,1,1,False,1,73,13
40276,1,1,False,1,1789,13
40277,1,1,False,1,1789,13
40280,1,1,False,2,508,12
40282,1,1,False,2,508,12
40284,1,1,False,1,1790,4
40285,1,1,False,1,1790,4
40287,1,1,False,2,93,12
40288,1,1,False,2,93,12
40291,1,1,False,0,-1,18
40299,1,1,False,1,1791,11
40302,1,1,False,3,31,5
40303,1,1,False,3,31,5
40304,1,1,False,3,31,5
40306,1,1,False,0,-1,12
40307,1,1,False,1,3,18
40309,1,1,False,2,64,27
40314,1,1,False,3,1,20
40317,1,1,False,0,-1,28
40321,1,1,False,2,7,20
40322,1,1,False,1,137,14
40324,1,1,False,1,1792,22
40325,1,1,False,1,1792,22
40329,1,1,False,3,179,15
40330,1,1,False,3,179,15
40331,1,1,False,3,179,15
40333,1,1,False,1,31,28
40335,1,1,False,0,-1,6
40337,1,1,False,1,1793,4
40341,1,1,False,0,-1,12
40343,1,1,False,2,1,12
40344,1,1,False,2,1,12
40349,1,1,False,2,58,10
40354,1,1,False,3,62,5
40356,1,1,False,0,-1,14
40357,1,1,False,0,-1,8
40359,1,1,False,2,23,9
40362,1,1,False,0,-1,12
40363,1,1,False,0,-1,4
40364,1,1,False,0,-1,5
40365,1,1,False,1,31,12
40367,1,1,False,1,74,1
40370,1,1,False,0,-1,14
40371,1,1,False,1,1794,5
40372,1,1,False,1,1794,5
40374,1,1,False,0,-1,21
40375,1,1,False,1,70,21
40377,1,1,False,1,1795,17
40378,1,1,False,1,1795,17
40379,1,1,False,0,-1,8
40384,1,1,False,2,31,5
40387,1,1,False,0,-1,13
40389,1,1,False,0,-1,18
40390,1,1,False,0,-1,5
40392,1,1,False,0,-1,14
40394,1,1,False,1,58,28
40395,1,1,False,0,-1,11
40397,1,1,False,1,72,14
40398,1,1,False,0,-1,13
40400,1,1,False,3,73,9
40401,1,1,False,3,73,9
40402,1,1,False,3,73,9
40404,1,1,False,1,7,18
40409,1,1,False,0,-1,14
40410,1,1,False,0,-1,27
40412,1,1,False,2,3,5
40414,1,1,False,0,-1,28
40417,1,1,False,2,31,9
40419,1,1,False,3,35,5
40421,1,1,False,3,35,5
40422,1,1,False,0,-1,17
40423,1,1,False,0,-1,24
40427,1,1,False,2,126,10
40429,1,1,False,2,126,10
40431,1,1,False,2,64,18
40434,1,1,False,0,-1,5
40436,1,1,False,0,-1,25
40438,1,1,False,1,54,13
40440,1,1,False,0,-1,11
40443,1,1,False,1,19,20
40448,1,1,False,3,58,12
40450,1,1,False,0,-1,13
40451,1,1,False,3,6,5
40455,1,1,False,3,31,5
40456,1,1,False,3,31,5
40458,1,1,False,3,31,5
40460,1,1,False,2,73,1
40461,1,1,False,2,73,1
40464,1,1,False,2,56,22
40465,1,1,False,2,56,22
40469,1,1,False,0,-1,7
40472,1,1,False,0,-1,7
40473,1,1,False,0,-1,20
40474,1,1,False,0,-1,14
40475,1,1,False,0,-1,12
40476,1,1,False,0,-1,17
40477,1,1,False,1,1796,5
40480,1,1,False,1,28,12
40482,1,1,False,0,-1,5
40483,1,1,False,0,-1,20
40485,1,1,False,1,1797,12
40486,1,1,False,1,1797,12
40489,1,1,False,2,31,13
40490,1,1,False,2,31,13
40494,1,1,False,3,72,20
40495,1,1,False,3,72,20
40496,1,1,False,3,72,20
40499,1,1,False,0,-1,20
40500,1,1,False,2,6,14
40502,1,1,False,2,6,14
40507,1,1,False,2,105,22
40508,1,1,False,1,3,3
40510,1,1,False,1,111,9
40514,1,1,False,2,6,10
40520,1,1,False,3,31,24
40521,1,1,False,3,31,24
40522,1,1,False,3,31,24
40523,1,1,False,0,-1,2
40524,1,1,False,1,93,8
40539,1,1,False,1,58,12
40542,1,1,False,1,31,18
40544,1,1,False,1,1798,20
40545,1,1,False,1,1798,20
40553,1,1,False,1,1799,13
40554,1,1,False,1,1799,13
40555,1,1,False,0,-1,5
40557,1,1,False,1,1,6
40559,1,1,False,3,70,10
40560,1,1,False,3,70,10
40561,1,1,False,3,70,10
40562,1,1,False,0,-1,13
40563,1,1,False,0,-1,24
40564,1,1,False,0,-1,12
40565,1,1,False,3,1800,20
40566,1,1,False,3,1800,20
40567,1,1,False,3,1800,20
40568,1,1,False,3,1800,20
40569,1,1,False,2,37,20
40571,1,1,False,2,37,20
40576,1,1,False,2,74,13
40579,1,1,False,1,93,25
40582,1,1,False,2,93,26
40583,1,1,False,2,93,26
40584,1,1,False,0,-1,4
40585,1,1,False,2,1801,18
40586,1,1,False,2,1801,18
40587,1,1,False,2,1801,18
40588,1,1,False,2,31,12
40590,1,1,False,2,31,12
40596,1,1,False,2,31,27
40598,1,1,False,0,-1,7
40601,1,1,False,1,1802,5
40602,1,1,False,1,1802,5
40603,1,1,False,0,-1,5
40604,1,1,False,2,31,23
40610,1,1,False,1,1803,2
40611,1,1,False,1,1803,2
40613,1,1,False,3,23,20
40614,1,1,False,3,23,20
40617,1,1,False,1,1804,12
40618,1,1,False,1,1804,12
40619,1,1,False,0,-1,17
40620,1,1,False,1,1805,9
40621,1,1,False,1,1805,9
40624,1,1,False,2,16,6
40628,1,1,False,0,-1,13
40632,1,1,False,1,2,5
40633,1,1,False,0,-1,11
40634,1,1,False,0,-1,5
40636,1,1,False,1,97,12
40641,1,1,False,1,1,12
40642,1,1,False,3,2,12
40644,1,1,False,3,2,12
40655,1,1,False,0,-1,20
40664,1,1,False,2,294,22
40666,1,1,False,1,1806,9
40667,1,1,False,1,1806,9
40668,1,1,False,0,-1,13
40672,1,1,False,1,1807,22
40673,1,1,False,1,1807,22
40677,1,1,False,3,64,14
40681,1,1,False,0,-1,28
40682,1,1,False,3,62,24
40683,1,1,False,3,62,24
40684,1,1,False,3,62,24
40686,1,1,False,0,-1,9
40687,1,1,False,0,-1,14
40688,1,1,False,1,52,9
40690,1,1,False,0,-1,20
40692,1,1,False,3,31,15
40696,1,1,False,0,-1,4
40697,1,1,False,0,-1,4
40698,1,1,False,0,-1,20
40699,1,1,False,0,-1,27
40700,1,1,False,0,-1,14
40701,1,1,False,0,-1,11
40706,1,1,False,0,-1,22
40708,1,1,False,2,294,12
40709,1,1,False,2,294,12
40711,1,1,False,0,-1,25
40713,1,1,False,1,126,12
40715,1,1,False,1,53,12
40717,1,1,False,0,-1,4
40719,1,1,False,2,1325,4
40721,1,1,False,2,1325,4
40722,1,1,False,1,31,13
40727,1,1,False,1,93,26
40730,1,1,False,2,35,15
40733,1,1,False,0,-1,13
40740,1,1,False,3,93,16
40741,1,1,False,3,93,16
40744,1,1,False,1,1808,6
40745,1,1,False,1,1808,6
40753,1,1,False,3,161,23
40754,1,1,False,3,114,4
40756,1,1,False,3,114,4
40757,1,1,False,3,114,4
40758,1,1,False,1,44,12
40764,1,1,False,0,-1,8
40767,1,1,False,3,161,5
40769,1,1,False,0,-1,4
40770,1,1,False,0,-1,28
40775,1,1,False,1,1,12
40776,1,1,False,1,1809,22
40777,1,1,False,1,1809,22
40778,1,1,False,0,-1,6
40780,1,1,False,0,-1,18
40784,1,1,False,2,135,14
40785,1,1,False,0,-1,20
40788,1,1,False,0,-1,20
40789,1,1,False,2,1810,13
40790,1,1,False,2,1810,13
40791,1,1,False,2,1810,13
40792,1,1,False,0,-1,5
40794,1,1,False,1,1811,12
40795,1,1,False,1,1811,12
40799,1,1,False,1,1812,4
40800,1,1,False,1,1812,4
40801,1,1,False,1,1813,18
40802,1,1,False,1,1813,18
40805,1,1,False,1,93,18
40807,1,1,False,1,1814,18
40809,1,1,False,0,-1,20
40812,1,1,False,0,-1,8
40813,1,1,False,0,-1,26
40815,1,1,False,1,93,15
40822,1,1,False,1,1815,7
40829,1,1,False,1,52,24
40832,1,1,False,1,63,8
40834,1,1,False,0,-1,5
40837,1,1,False,0,-1,21
40839,1,1,False,2,63,8
40842,1,1,False,0,-1,2
40844,1,1,False,3,10,14
40845,1,1,False,3,10,14
40849,1,1,False,3,161,13
40850,1,1,False,3,161,13
40852,1,1,False,3,161,13
40853,1,1,False,2,1816,5
40854,1,1,False,2,1816,5
40855,1,1,False,2,1816,5
40857,1,1,False,1,93,20
40862,1,1,False,1,19,15
40864,1,1,False,0,-1,20
40865,1,1,False,1,294,22
40871,1,1,False,1,10,24
40879,1,1,False,0,-1,2
40882,1,1,False,0,-1,11
40884,1,1,False,1,93,8
40888,1,1,False,2,137,20
40889,1,1,False,2,137,20
40890,1,1,False,0,-1,24
40891,1,1,False,1,237,12
40893,1,1,False,2,12,9
40896,1,1,False,0,-1,18
40897,1,1,False,2,969,8
40898,1,1,False,2,969,8
40900,1,1,False,1,63,16
40904,1,1,False,0,-1,6
40905,1,1,False,0,-1,20
40906,1,1,False,0,-1,12
40907,1,1,False,0,-1,18
40911,1,1,False,1,1817,12
40912,1,1,False,1,1817,12
40914,1,1,False,3,68,18
40917,1,1,False,2,12,14
40922,1,1,False,2,56,4
40924,1,1,False,0,-1,13
40927,1,1,False,1,25,17
40929,1,1,False,1,44,12
40930,1,1,False,2,1818,5
40931,1,1,False,2,1818,5
40932,1,1,False,2,1818,5
40935,1,1,False,3,221,16
40937,1,1,False,0,-1,21
40939,1,1,False,2,221,20
40941,1,1,False,0,-1,2
40943,1,1,False,0,-1,4
40946,1,1,False,1,1819,5
40947,1,1,False,1,1819,5
40949,1,1,False,3,105,12
40953,1,1,False,3,95,20
40955,1,1,False,3,95,20
40957,1,1,False,1,63,20
40959,1,1,False,0,-1,15
40961,1,1,False,3,97,25
40963,1,1,False,3,97,25
40965,1,1,False,0,-1,22
40966,1,1,False,2,56,4
40968,1,1,False,2,56,4
40969,1,1,False,3,1820,5
40970,1,1,False,3,1820,5
40971,1,1,False,3,1820,5
40972,1,1,False,3,1820,5
40974,1,1,False,0,-1,5
40975,1,1,False,0,-1,7
40976,1,1,False,0,-1,25
40977,1,1,False,1,221,1
40981,1,1,False,2,30,26
40982,1,1,False,2,30,26
40984,1,1,False,1,3,12
40988,1,1,False,2,86,9
40989,1,1,False,0,-1,4
40992,1,1,False,3,37,4
40994,1,1,False,3,68,12
40996,1,1,False,3,68,12
40997,1,1,False,3,68,12
40999,1,1,False,1,16,9
41002,1,1,False,2,68,12
41006,1,1,False,2,1821,4
41007,1,1,False,2,1821,4
41008,1,1,False,2,1821,4
41010,1,1,False,0,-1,6
41013,1,1,False,2,68,4
41022,1,1,False,1,139,26
41028,1,1,False,0,-1,4
41032,1,1,False,0,-1,12
41034,1,1,False,2,1822,15
41035,1,1,False,2,1822,15
41036,1,1,False,2,1822,15
41039,1,1,False,3,63,8
41042,1,1,False,2,37,10
41046,1,1,False,0,-1,6
41048,1,1,False,1,93,23
41049,1,1,False,3,63,19
41050,1,1,False,3,63,19
41054,1,1,False,1,48,8
41058,1,1,False,2,93,8
41059,1,1,False,0,-1,6
41060,1,1,False,1,62,13
41062,1,1,False,0,-1,10
41063,1,1,False,3,68,17
41066,1,1,False,3,68,17
41070,1,1,False,2,1823,12
41072,1,1,False,2,1823,12
41078,1,1,False,0,-1,14
41081,1,1,False,0,-1,23
41083,1,1,False,2,93,13
41085,1,1,False,2,93,13
41089,1,1,False,1,1824,9
41091,1,1,False,1,68,12
41094,1,1,False,2,63,14
41095,1,1,False,0,-1,15
41101,1,1,False,2,93,7
41103,1,1,False,2,93,7
41107,1,1,False,1,1378,22
41108,1,1,False,0,-1,12
41115,1,1,False,1,30,5
41118,1,1,False,1,1825,5
41119,1,1,False,1,1825,5
41125,1,1,False,0,-1,13
41128,1,1,False,0,-1,5
41134,1,1,False,2,63,3
41143,1,1,False,0,-1,22
41146,1,1,False,1,221,12
41147,1,1,False,0,-1,15
41154,1,1,False,3,1826,25
41155,1,1,False,3,1826,25
41156,1,1,False,3,1826,25
41157,1,1,False,3,1826,25
41158,1,1,False,2,93,14
41163,1,1,False,0,-1,17
41166,1,1,False,3,16,22
41167,1,1,False,3,16,22
41169,1,1,False,3,16,22
41172,1,1,False,3,95,18
41174,1,1,False,3,95,18
41177,1,1,False,1,161,12
41179,1,1,False,1,30,9
41181,1,1,False,1,6,23
41187,1,1,False,0,-1,17
41189,1,1,False,0,-1,9
41190,1,1,False,1,1827,15
41191,1,1,False,1,1827,15
41194,1,1,False,2,53,12
41198,1,1,False,1,1828,12
41199,1,1,False,1,1828,12
41206,1,1,False,3,73,2
41208,1,1,False,3,73,2
41209,1,1,False,1,237,20
41211,1,1,False,0,-1,12
41212,1,1,False,3,53,25
41215,1,1,False,3,53,25
41216,1,1,False,2,1829,15
41218,1,1,False,2,1829,15
41220,1,1,False,2,48,12
41222,1,1,False,2,48,12
41223,1,1,False,3,22,5
41224,1,1,False,3,22,5
41229,1,1,False,1,52,5
41230,1,1,False,0,-1,4
41231,1,1,False,1,19,5
41235,1,1,False,1,1564,12
41237,1,1,False,0,-1,4
41238,1,1,False,2,72,12
41240,1,1,False,2,72,12
41241,1,1,False,1,93,5
41244,1,1,False,1,64,14
41247,1,1,False,3,97,11
41248,1,1,False,3,97,11
41250,1,1,False,0,-1,13
41252,1,1,False,1,1830,23
41253,1,1,False,1,1830,23
41254,1,1,False,3,1831,14
41255,1,1,False,3,1831,14
41256,1,1,False,3,1831,14
41257,1,1,False,3,1831,14
41258,1,1,False,3,137,21
41263,1,1,False,0,-1,5
41264,1,1,False,2,1832,17
41265,1,1,False,2,1832,17
41266,1,1,False,2,1832,17
41267,1,1,False,0,-1,12
41277,1,1,False,3,221,5
41280,1,1,False,3,93,10
41281,1,1,False,3,93,10
41282,1,1,False,3,93,10
41283,1,1,False,0,-1,11
41286,1,1,False,1,18,24
41290,1,1,False,2,31,25
41291,1,1,False,2,31,25
41298,1,1,False,2,161,5
41302,1,1,False,3,86,11
41304,1,1,False,0,-1,22
41307,1,1,False,2,63,28
41315,1,1,False,1,93,9
41316,1,1,False,0,-1,24
41317,1,1,False,0,-1,6
41318,1,1,False,0,-1,9
41319,1,1,False,3,63,3
41321,1,1,False,3,63,3
41324,1,1,False,2,23,24
41325,1,1,False,2,23,24
41327,1,1,False,2,45,12
41328,1,1,False,2,45,12
41332,1,1,False,1,59,9
41336,1,1,False,3,53,2
41337,1,1,False,3,53,2
41339,1,1,False,1,1833,14
41340,1,1,False,1,1833,14
41341,1,1,False,2,1834,8
41342,1,1,False,2,1834,8
41343,1,1,False,2,1834,8
41345,1,1,False,2,63,4
41348,1,1,False,0,-1,25
41349,1,1,False,1,63,5
41353,1,1,False,0,-1,18
41355,1,1,False,1,12,2
41356,1,1,False,0,-1,20
41362,1,1,False,2,135,12
41364,1,1,False,0,-1,12
41367,1,1,False,1,161,20
41369,1,1,False,1,1835,18
41370,1,1,False,1,1835,18
41372,1,1,False,1,10,1
41376,1,1,False,3,161,14
41377,1,1,False,3,161,14
41380,1,1,False,1,1836,12
41381,1,1,False,1,1836,12
41382,1,1,False,0,-1,15
41383,1,1,False,0,-1,12
41390,1,1,False,3,139,8
41391,1,1,False,3,139,8
41392,1,1,False,3,10,20
41394,1,1,False,3,10,20
41396,1,1,False,0,-1,18
41399,1,1,False,3,63,28
41401,1,1,False,0,-1,13
41405,1,1,False,2,93,16
41408,1,1,False,3,56,14
41410,1,1,False,1,3,5
41418,1,1,False,1,10,5
41420,1,1,False,0,-1,18
41421,1,1,False,0,-1,20
41424,1,1,False,2,27,20
41425,1,1,False,2,3,12
41428,1,1,False,0,-1,20
41430,1,1,False,1,105,12
41432,1,1,False,0,-1,17
41435,1,1,False,0,-1,8
41436,1,1,False,0,-1,4
41437,1,1,False,0,-1,12
41440,1,1,False,0,-1,5
41441,1,1,False,0,-1,12
41443,1,1,False,0,-1,22
41445,1,1,False,1,97,24
41451,1,1,False,1,1837,20
41452,1,1,False,1,1837,20
41454,1,1,False,1,63,15
41458,1,1,False,0,-1,12
41459,1,1,False,0,-1,11
41464,1,1,False,1,19,2
41465,1,1,False,0,-1,25
41467,1,1,False,3,95,13
41468,1,1,False,3,95,13
41469,1,1,False,3,95,13
41471,1,1,False,1,93,14
41473,1,1,False,2,93,11
41475,1,1,False,0,-1,13
41477,1,1,False,2,31,12
41482,1,1,False,1,1838,6
41484,1,1,False,0,-1,3
41487,1,1,False,0,-1,14
41493,1,1,False,1,221,12
41501,1,1,False,0,-1,9
41503,1,1,False,1,1839,12
41504,1,1,False,1,1839,12
41508,1,1,False,3,93,12
41511,1,1,False,0,-1,13
41513,1,1,False,1,221,5
41516,1,1,False,1,699,4
41517,1,1,False,1,1840,8
41518,1,1,False,1,1840,8
41519,1,1,False,1,64,24
41523,1,1,False,2,93,5
41526,1,1,False,0,-1,6
41532,1,1,False,0,-1,7
41533,1,1,False,0,-1,23
41534,1,1,False,1,105,8
41536,1,1,False,0,-1,17
41540,1,1,False,0,-1,12
41543,1,1,False,1,111,21
41546,1,1,False,1,31,7
41547,1,1,False,1,93,17
41549,1,1,False,0,-1,12
41550,1,1,False,0,-1,12
41553,1,1,False,1,25,18
41556,1,1,False,2,31,25
41558,1,1,False,2,31,25
41559,1,1,False,1,63,4
41561,1,1,False,0,-1,12
41567,1,1,False,0,-1,12
41569,1,1,False,1,93,24
41572,1,1,False,0,-1,15
41579,1,1,False,1,37,12
41580,1,1,False,0,-1,18
41585,1,1,False,2,179,5
41586,1,1,False,2,179,5
41588,1,1,False,3,161,17
41589,1,1,False,3,161,17
41593,1,1,False,0,-1,25
41594,1,1,False,0,-1,13
41598,1,1,False,0,-1,22
41601,1,1,False,0,-1,25
41605,1,1,False,3,1346,15
41607,1,1,False,3,1346,15
41608,1,1,False,3,1346,15
41614,1,1,False,3,68,12
41615,1,1,False,3,68,12
41617,1,1,False,0,-1,13
41618,1,1,False,0,-1,6
41623,1,1,False,1,221,5
41624,1,1,False,0,-1,20
41625,1,1,False,0,-1,2
41627,1,1,False,0,-1,28
41633,1,1,False,3,6,26
41636,1,1,False,3,6,26
41637,1,1,False,2,179,7
41642,1,1,False,2,161,20
41649,1,1,False,1,22,20
41652,1,1,False,1,1841,5
41653,1,1,False,1,1841,5
41660,1,1,False,1,1842,26
41661,1,1,False,0,-1,12
41663,1,1,False,1,164,4
41671,1,1,False,1,1844,5
41672,1,1,False,1,1743,16
41675,1,1,False,3,93,18
41678,1,1,False,0,-1,12
41680,1,1,False,1,95,12
41683,1,1,False,1,237,14
41686,1,1,False,1,63,17
41687,1,1,False,1,1845,25
41688,1,1,False,1,1845,25
41690,1,1,False,0,-1,28
41691,1,1,False,1,95,22
41694,1,1,False,2,126,12
41695,1,1,False,2,126,12
41699,1,1,False,2,22,12
41700,1,1,False,0,-1,14
41704,1,1,False,2,80,5
41707,1,1,False,1,1846,14
41708,1,1,False,1,1846,14
41709,1,1,False,0,-1,5
41710,1,1,False,1,63,13
41712,1,1,False,1,56,12
41717,1,1,False,3,23,13
41718,1,1,False,3,23,13
41719,1,1,False,0,-1,14
41720,1,1,False,2,56,14
41722,1,1,False,2,56,14
41723,1,1,False,3,97,14
41728,1,1,False,0,-1,24
41729,1,1,False,2,1847,13
41730,1,1,False,2,1847,13
41731,1,1,False,2,1847,13
41732,1,1,False,1,1848,20
41733,1,1,False,1,1848,20
41737,1,1,False,3,63,27
41738,1,1,False,3,63,27
41739,1,1,False,3,63,27
41742,1,1,False,0,-1,20
41747,1,1,False,0,-1,12
41748,1,1,False,2,93,5
41761,1,1,False,3,63,6
41763,1,1,False,3,63,6
41771,1,1,False,0,-1,14
41772,1,1,False,1,12,4
41774,1,1,False,0,-1,13
41776,1,1,False,0,-1,24
41777,1,1,False,0,-1,13
41781,1,1,False,2,53,7
41782,1,1,False,2,53,7
41784,1,1,False,2,48,20
41790,1,1,False,1,23,12
41792,1,1,False,0,-1,21
41796,1,1,False,0,-1,8
41798,1,1,False,0,-1,17
41802,1,1,False,2,221,5
41804,1,1,False,3,10,22
41808,1,1,False,3,63,12
41813,1,1,False,0,-1,25
41814,1,1,False,0,-1,23
41815,1,1,False,2,10,7
41821,1,1,False,2,161,5
41823,1,1,False,2,161,5
41824,1,1,False,0,-1,8
41828,1,1,False,0,-1,4
41832,1,1,False,2,135,20
41833,1,1,False,2,135,20
41835,1,1,False,2,63,9
41837,1,1,False,0,-1,25
41839,1,1,False,2,1,5
41840,1,1,False,2,1,5
41842,1,1,False,1,1849,7
41843,1,1,False,1,1849,7
41844,1,1,False,0,-1,20
41847,1,1,False,1,1850,5
41848,1,1,False,1,1850,5
41849,1,1,False,0,-1,17
41851,1,1,False,1,53,17
41853,1,1,False,0,-1,2
41855,1,1,False,2,18,12
41856,1,1,False,2,18,12
41858,1,1,False,0,-1,20
41859,1,1,False,2,48,15
41863,1,1,False,1,221,5
41869,1,1,False,0,-1,22
41875,1,1,False,3,72,13
41876,1,1,False,3,72,13
41884,1,1,False,3,97,6
41886,1,1,False,0,-1,4
41889,1,1,False,1,35,5
41890,1,1,False,1,1851,20
41891,1,1,False,1,1851,20
41892,1,1,False,0,-1,12
41894,1,1,False,0,-1,8
41895,1,1,False,3,12,16
41897,1,1,False,3,12,16
41898,1,1,False,3,12,16
41901,1,1,False,0,-1,12
41902,1,1,False,2,1852,14
41903,1,1,False,2,1852,14
41904,1,1,False,2,1852,14
41906,1,1,False,1,3,20
41908,1,1,False,1,23,25
41910,1,1,False,1,10,14
41912,1,1,False,0,-1,13
41917,1,1,False,3,294,10
41922,1,1,False,3,68,6
41925,1,1,False,2,1853,26
41926,1,1,False,2,1853,26
41927,1,1,False,2,1853,26
41929,1,1,False,1,161,14
41932,1,1,False,3,73,12
41933,1,1,False,3,73,12
41934,1,1,False,3,73,12
41939,1,1,False,0,-1,11
41941,1,1,False,1,72,13
41943,1,1,False,0,-1,13
41944,1,1,False,0,-1,18
41945,1,1,False,0,-1,5
41946,1,1,False,0,-1,14
41954,1,1,False,1,97,19
41957,1,1,False,0,-1,7
41960,1,1,False,2,25,14
41963,1,1,False,1,1854,14
41964,1,1,False,1,1854,14
41965,1,1,False,3,139,13
41968,1,1,False,3,139,13
41969,1,1,False,3,20,20
41971,1,1,False,3,20,20
41972,1,1,False,3,20,20
41973,1,1,False,0,-1,13
41974,1,1,False,0,-1,8
41977,1,1,False,2,1855,13
41979,1,1,False,2,1855,13
41980,1,1,False,0,-1,18
41981,1,1,False,1,0,12
41983,1,1,False,1,1856,24
41984,1,1,False,1,1856,24
41986,1,1,False,3,22,14
41992,1,1,False,1,1857,20
41993,1,1,False,1,1857,20
41994,1,1,False,3,63,3
41997,1,1,False,3,63,3
42001,1,1,False,3,22,17
42002,1,1,False,3,22,17
42004,1,1,False,0,-1,12
42005,1,1,False,0,-1,12
42010,1,1,False,1,93,21
42013,1,1,False,0,-1,5
42019,1,1,False,3,97,23
42021,1,1,False,3,97,23
42023,1,1,False,1,1858,5
42025,1,1,False,2,6,12
42026,1,1,False,2,6,12
42028,1,1,False,2,1859,5
42029,1,1,False,2,1859,5
42030,1,1,False,2,1859,5
42031,1,1,False,1,1860,15
42032,1,1,False,1,1860,15
42034,1,1,False,1,54,13
42038,1,1,False,3,93,14
42043,1,1,False,0,-1,16
42046,1,1,False,1,1861,23
42047,1,1,False,1,161,12
42049,1,1,False,0,-1,10
42050,1,1,False,0,-1,24
42051,1,1,False,2,40,6
42054,1,1,False,0,-1,21
42058,1,1,False,1,1862,8
42059,1,1,False,1,1862,8
42062,1,1,False,1,221,8
42067,1,1,False,0,-1,13
42068,1,1,False,0,-1,15
42075,1,1,False,1,2,12
42076,1,1,False,1,1863,20
42077,1,1,False,1,1863,20
42078,1,1,False,0,-1,20
42080,1,1,False,1,37,8
42090,1,1,False,0,-1,9
42092,1,1,False,1,1864,5
42093,1,1,False,1,1864,5
42096,1,1,False,0,-1,10
42097,1,1,False,0,-1,26
42101,1,1,False,3,14,18
42102,1,1,False,3,14,18
42103,1,1,False,3,14,18
42108,1,1,False,1,1865,26
42109,1,1,False,1,1865,26
42110,1,1,False,3,19,3
42113,1,1,False,3,19,3
42119,1,1,False,1,1866,13
42122,1,1,False,2,93,12
42124,1,1,False,1,31,25
42128,1,1,False,0,-1,12
42137,1,1,False,2,6,26
42139,1,1,False,2,6,26
42141,1,1,False,0,-1,15
42142,1,1,False,0,-1,1
42143,1,1,False,0,-1,10
42148,1,1,False,2,1867,13
42149,1,1,False,2,1867,13
42150,1,1,False,2,1867,13
42152,1,1,False,1,95,10
42153,1,1,False,0,-1,17
42158,1,1,False,0,-1,7
42160,1,1,False,1,221,13
42161,1,1,False,1,1868,23
42162,1,1,False,1,1868,23
42166,1,1,False,0,-1,18
42168,1,1,False,1,19,5
42169,1,1,False,1,1869,14
42170,1,1,False,1,1869,14
42174,1,1,False,0,-1,20
42176,1,1,False,0,-1,5
42183,1,1,False,0,-1,20
42184,1,1,False,1,1870,24
42185,1,1,False,1,1870,24
42186,1,1,False,2,1871,15
42187,1,1,False,2,1871,15
42188,1,1,False,2,1871,15
42190,1,1,False,1,1,5
42191,1,1,False,1,1872,18
42192,1,1,False,1,1872,18
42195,1,1,False,1,93,5
42197,1,1,False,2,221,6
42198,1,1,False,2,221,6
42201,1,1,False,1,16,4
42203,1,1,False,0,-1,25
42204,1,1,False,0,-1,12
42206,1,1,False,2,80,12
42211,1,1,False,1,72,5
42213,1,1,False,1,58,4
42214,1,1,False,0,-1,3
42220,1,1,False,2,10,12
42224,1,1,False,1,10,6
42226,1,1,False,0,-1,14
42228,1,1,False,2,161,25
42229,1,1,False,2,161,25
42235,1,1,False,2,93,5
42236,1,1,False,0,-1,19
42238,1,1,False,0,-1,18
42239,1,1,False,0,-1,2
42242,1,1,False,1,63,22
42245,1,1,False,2,52,10
42253,1,1,False,1,221,27
42254,1,1,False,3,97,16
42257,1,1,False,3,97,16
42258,1,1,False,1,804,12
42262,1,1,False,3,40,2
42263,1,1,False,3,40,2
42264,1,1,False,0,-1,21
42265,1,1,False,0,-1,12
42267,1,1,False,3,19,5
42269,1,1,False,3,19,5
42271,1,1,False,1,1873,20
42272,1,1,False,1,1873,20
42275,1,1,False,0,-1,28
42277,1,1,False,0,-1,5
42278,1,1,False,0,-1,5
42281,1,1,False,3,43,12
42282,1,1,False,3,43,12
42283,1,1,False,3,43,12
42285,1,1,False,0,-1,13
42287,1,1,False,3,22,22
42288,1,1,False,3,22,22
42292,1,1,False,3,27,20
42295,1,1,False,3,63,12
42298,1,1,False,1,161,6
42300,1,1,False,0,-1,13
42309,1,1,False,1,48,15
42320,1,1,False,1,1874,8
42321,1,1,False,1,1874,8
42325,1,1,False,1,30,12
42327,1,1,False,1,221,14
42332,1,1,False,0,-1,2
42338,1,1,False,1,53,9
42340,1,1,False,1,221,18
42341,1,1,False,0,-1,12
42343,1,1,False,1,1875,6
42345,1,1,False,1,97,12
42347,1,1,False,2,63,18
42349,1,1,False,2,63,18
42350,1,1,False,2,63,7
42353,1,1,False,2,1876,25
42354,1,1,False,2,1876,25
42355,1,1,False,2,1876,25
42356,1,1,False,0,-1,25
42357,1,1,False,0,-1,25
42358,1,1,False,0,-1,20
42363,1,1,False,0,-1,18
42365,1,1,False,1,62,17
42370,1,1,False,2,45,20
42371,1,1,False,2,45,20
42375,1,1,False,3,221,15
42378,1,1,False,1,68,25
42380,1,1,False,1,221,22
42383,1,1,False,2,161,14
42385,1,1,False,1,73,14
42386,1,1,False,2,1731,25
42388,1,1,False,2,1731,25
42393,1,1,False,0,-1,12
42398,1,1,False,1,1877,13
42399,1,1,False,1,1877,13
42404,1,1,False,2,48,4
42407,1,1,False,1,73,12
42411,1,1,False,0,-1,9
42412,1,1,False,0,-1,5
42414,1,1,False,3,6,5
42418,1,1,False,0,-1,26
42420,1,1,False,1,63,4
42429,1,1,False,1,135,12
42430,1,1,False,0,-1,18
42431,1,1,False,0,-1,22
42434,1,1,False,3,18,4
42437,1,1,False,3,18,4
42446,1,1,False,3,73,13
42448,1,1,False,2,161,22
42451,1,1,False,1,3,7
42454,1,1,False,1,31,17
42457,1,1,False,0,-1,5
42459,1,1,False,1,1878,15
42461,1,1,False,1,63,5
42463,1,1,False,0,-1,8
42464,1,1,False,1,161,4
42467,1,1,False,1,10,18
42469,1,1,False,2,97,22
42470,1,1,False,2,97,22
42474,1,1,False,2,23,20
42476,1,1,False,0,-1,9
42478,1,1,False,0,-1,9
42479,1,1,False,2,237,18
42483,1,1,False,2,93,1
42484,1,1,False,2,93,1
42485,1,1,False,0,-1,14
42486,1,1,False,0,-1,24
42488,1,1,False,1,68,20
42489,1,1,False,2,3,5
42490,1,1,False,2,3,5
42493,1,1,False,3,23,24
42496,1,1,False,0,-1,13
42497,1,1,False,1,1879,14
42498,1,1,False,1,1879,14
42499,1,1,False,1,237,17
42501,1,1,False,1,1880,13
42502,1,1,False,1,1880,13
42504,1,1,False,1,93,14
42508,1,1,False,0,-1,12
42509,1,1,False,0,-1,20
42512,1,1,False,2,93,20
42514,1,1,False,2,179,14
42519,1,1,False,1,126,15
42520,1,1,False,0,-1,14
42521,1,1,False,0,-1,5
42522,1,1,False,1,1881,20
42523,1,1,False,1,1881,20
42525,1,1,False,2,19,18
42527,1,1,False,0,-1,6
42529,1,1,False,0,-1,20
42532,1,1,False,0,-1,12
42534,1,1,False,1,1882,4
42537,1,1,False,0,-1,4
42538,1,1,False,0,-1,27
42539,1,1,False,0,-1,16
42546,1,1,False,0,-1,18
42548,1,1,False,2,23,24
42549,1,1,False,2,23,24
42550,1,1,False,0,-1,5
42551,1,1,False,0,-1,4
42552,1,1,False,0,-1,8
42554,1,1,False,1,68,11
42556,1,1,False,3,237,9
42557,1,1,False,3,237,9
42559,1,1,False,3,237,9
42563,1,1,False,2,16,24
42566,1,1,False,0,-1,14
42567,1,1,False,0,-1,27
42569,1,1,False,1,1883,12
42570,1,1,False,1,1883,12
42571,1,1,False,0,-1,14
42573,1,1,False,2,12,14
42574,1,1,False,2,12,14
42583,1,1,False,0,-1,15
42584,1,1,False,0,-1,6
42585,1,1,False,0,-1,27
42588,1,1,False,0,-1,12
42589,1,1,False,0,-1,9
42590,1,1,False,0,-1,17
42592,1,1,False,2,6,12
42593,1,1,False,2,6,12
42595,1,1,False,1,70,22
42603,1,1,False,3,3,14
42607,1,1,False,2,14,12
42608,1,1,False,2,14,12
42611,1,1,False,2,68,6
42612,1,1,False,2,68,6
42615,1,1,False,1,10,26
42620,1,1,False,0,-1,15
42623,1,1,False,3,62,20
42624,1,1,False,3,62,20
42625,1,1,False,3,62,20
42627,1,1,False,3,68,17
42631,1,1,False,0,-1,16
42633,1,1,False,2,40,18
42636,1,1,False,1,16,22
42638,1,1,False,0,-1,20
42640,1,1,False,0,-1,15
42641,1,1,False,0,-1,20
42647,1,1,False,0,-1,1
42648,1,1,False,0,-1,5
42655,1,1,False,2,294,18
42656,1,1,False,2,294,18
42658,1,1,False,1,1884,5
42659,1,1,False,1,1884,5
42660,1,1,False,2,73,18
42664,1,1,False,1,12,13
42667,1,1,False,0,-1,24
42671,1,1,False,1,1885,8
42674,1,1,False,3,237,20
42675,1,1,False,3,237,20
42677,1,1,False,1,37,7
42679,1,1,False,0,-1,18
42680,1,1,False,0,-1,13
42681,1,1,False,0,-1,18
42686,1,1,False,1,114,13
42689,1,1,False,0,-1,28
42690,1,1,False,0,-1,11
42691,1,1,False,2,1886,14
42694,1,1,False,0,-1,18
42695,1,1,False,2,16,12
42696,1,1,False,2,16,12
42701,1,1,False,2,68,3
42702,1,1,False,2,68,3
42704,1,1,False,0,-1,2
42706,1,1,False,0,-1,12
42709,1,1,False,0,-1,14
42710,1,1,False,1,56,27
42715,1,1,False,3,54,21
42717,1,1,False,1,3,19
42723,1,1,False,2,68,25
42728,1,1,False,0,-1,15
42731,1,1,False,0,-1,5
42734,1,1,False,2,56,20
42736,1,1,False,3,37,18
42741,1,1,False,3,19,4
42746,1,1,False,0,-1,18
42749,1,1,False,0,-1,12
42751,1,1,False,1,68,9
42753,1,1,False,0,-1,4
42754,1,1,False,2,53,22
42757,1,1,False,0,-1,18
42759,1,1,False,1,40,14
42761,1,1,False,0,-1,14
42765,1,1,False,1,1887,12
42766,1,1,False,1,1887,12
42768,1,1,False,3,237,2
42773,1,1,False,0,-1,5
42774,1,1,False,0,-1,14
42775,1,1,False,0,-1,12
42778,1,1,False,0,-1,20
42779,1,1,False,0,-1,9
42780,1,1,False,1,1888,5
42781,1,1,False,1,1888,5
42782,1,1,False,1,68,9
42784,1,1,False,0,-1,12
42785,1,1,False,2,139,16
42787,1,1,False,2,139,16
42788,1,1,False,0,-1,27
42789,1,1,False,0,-1,27
42790,1,1,False,2,58,12
42792,1,1,False,2,58,12
42796,1,1,False,3,294,14
42797,1,1,False,1,10,9
42801,1,1,False,3,68,15
42802,1,1,False,3,68,15
42805,1,1,False,0,-1,12
42806,1,1,False,1,1889,22
42807,1,1,False,1,1889,22
42808,1,1,False,0,-1,21
42809,1,1,False,1,1890,5
42810,1,1,False,1,1890,5
42819,1,1,False,3,68,20
42823,1,1,False,2,19,12
42827,1,1,False,0,-1,5
42828,1,1,False,0,-1,5
42829,1,1,False,0,-1,18
42830,1,1,False,2,164,12
42832,1,1,False,2,164,12
42833,1,1,False,0,-1,18
42834,1,1,False,0,-1,6
42837,1,1,False,0,-1,13
42839,1,1,False,1,6,17
42840,1,1,False,0,-1,5
42841,1,1,False,1,30,23
42843,1,1,False,1,27,5
42845,1,1,False,0,-1,11
42849,1,1,False,0,-1,20
42852,1,1,False,2,40,15
42853,1,1,False,0,-1,20
42858,1,1,False,3,63,17
42859,1,1,False,3,63,17
42862,1,1,False,1,1891,17
42863,1,1,False,1,1891,17
42865,1,1,False,1,63,9
42866,1,1,False,0,-1,18
42868,1,1,False,3,1892,18
42870,1,1,False,3,1892,18
42871,1,1,False,3,1892,18
42873,1,1,False,0,-1,11
42874,1,1,False,0,-1,20
42876,1,1,False,2,86,14
42877,1,1,False,2,86,14
42878,1,1,False,0,-1,12
42879,1,1,False,3,68,13
42882,1,1,False,3,68,13
42884,1,1,False,2,19,5
42885,1,1,False,2,19,5
42886,1,1,False,1,68,15
42888,1,1,False,1,62,25
42893,1,1,False,1,1893,13
42894,1,1,False,1,1893,13
42896,1,1,False,2,37,13
42898,1,1,False,0,-1,18
42900,1,1,False,3,95,5
42901,1,1,False,3,95,5
42902,1,1,False,3,95,5
42905,1,1,False,0,-1,15
42907,1,1,False,2,37,22
42909,1,1,False,2,37,22
42916,1,1,False,3,114,20
42918,1,1,False,0,-1,8
42919,1,1,False,1,1894,18
42920,1,1,False,1,1894,18
42924,1,1,False,1,1895,24
42925,1,1,False,1,1895,24
42928,1,1,False,2,63,21
42929,1,1,False,0,-1,18
42930,1,1,False,0,-1,13
42932,1,1,False,0,-1,14
42933,1,1,False,2,73,12
42935,1,1,False,2,73,12
42940,1,1,False,3,6,5
42941,1,1,False,3,6,5
42943,1,1,False,0,-1,9
42944,1,1,False,0,-1,26
42947,1,1,False,1,1896,18
42948,1,1,False,1,1896,18
42949,1,1,False,0,-1,9
42956,1,1,False,1,237,11
42959,1,1,False,1,1897,12
42962,1,1,False,2,1699,17
42964,1,1,False,2,1699,17
42965,1,1,False,0,-1,18
42967,1,1,False,1,161,11
42968,1,1,False,1,40,17
42975,1,1,False,3,68,9
42978,1,1,False,3,68,9
42980,1,1,False,0,-1,27
42988,1,1,False,1,73,14
42991,1,1,False,1,142,20
42994,1,1,False,1,16,5
42995,1,1,False,0,-1,20
42997,1,1,False,2,26,3
43000,1,1,False,0,-1,5
43001,1,1,False,0,-1,10
43004,1,1,False,2,68,5
43008,1,1,False,1,1898,26
43009,1,1,False,1,1898,26
43010,1,1,False,0,-1,12
43012,1,1,False,0,-1,15
43013,1,1,False,1,0,12
43017,1,1,False,1,68,25
43018,1,1,False,2,20,21
43020,1,1,False,2,20,21
43021,1,1,False,2,1899,14
43022,1,1,False,2,1899,14
43023,1,1,False,2,1899,14
43026,1,1,False,2,20,20
43028,1,1,False,0,-1,15
43031,1,1,False,3,70,12
43037,1,1,False,1,105,20
43039,1,1,False,1,1,28
43044,1,1,False,2,52,27
43047,1,1,False,1,1900,1
43048,1,1,False,1,1900,1
43050,1,1,False,1,12,21
43053,1,1,False,0,-1,20
43060,1,1,False,0,-1,9
43066,1,1,False,0,-1,20
43067,1,1,False,0,-1,4
43068,1,1,False,0,-1,14
43069,1,1,False,1,1901,9
43070,1,1,False,1,1901,9
43072,1,1,False,3,68,18
43073,1,1,False,3,68,18
43074,1,1,False,3,68,18
43079,1,1,False,0,-1,9
43083,1,1,False,1,0,27
43085,1,1,False,1,1902,24
43086,1,1,False,1,1902,24
43087,1,1,False,0,-1,5
43090,1,1,False,3,31,20
43092,1,1,False,3,31,20
43095,1,1,False,0,-1,13
43096,1,1,False,0,-1,28
43097,1,1,False,0,-1,14
43098,1,1,False,0,-1,14
43099,1,1,False,0,-1,20
43101,1,1,False,3,20,12
43103,1,1,False,3,20,12
43104,1,1,False,1,54,27
43106,1,1,False,0,-1,10
43108,1,1,False,2,68,12
43109,1,1,False,2,68,12
43111,1,1,False,0,-1,15
43117,1,1,False,3,106,16
43119,1,1,False,2,68,12
43120,1,1,False,2,68,12
43124,1,1,False,0,-1,8
43125,1,1,False,2,237,12
43127,1,1,False,2,237,12
43129,1,1,False,1,16,5
43130,1,1,False,0,-1,13
43132,1,1,False,1,37,12
43138,1,1,False,2,2,12
43139,1,1,False,2,2,12
43142,1,1,False,1,68,14
43143,1,1,False,2,6,22
43149,1,1,False,2,68,9
43155,1,1,False,2,54,14
43156,1,1,False,2,54,14
43166,1,1,False,2,20,8
43167,1,1,False,2,20,8
43168,1,1,False,2,12,3
43169,1,1,False,2,12,3
43173,1,1,False,0,-1,13
43174,1,1,False,2,20,12
43175,1,1,False,2,20,12
43178,1,1,False,2,6,23
43179,1,1,False,2,6,23
43180,1,1,False,1,37,7
43184,1,1,False,3,63,12
43188,1,1,False,0,-1,14
43191,1,1,False,3,68,14
43192,1,1,False,3,68,14
43194,1,1,False,2,294,13
43196,1,1,False,2,294,13
43199,1,1,False,2,45,20
43201,1,1,False,0,-1,20
43202,1,1,False,2,1903,12
43203,1,1,False,2,1903,12
43204,1,1,False,2,1903,12
43205,1,1,False,1,53,12
43207,1,1,False,2,53,22
43209,1,1,False,2,53,22
43212,1,1,False,0,-1,15
43215,1,1,False,0,-1,12
43218,1,1,False,1,1904,15
43219,1,1,False,0,-1,14
43220,1,1,False,2,294,4
43221,1,1,False,2,294,4
43223,1,1,False,1,56,25
43229,1,1,False,1,37,28
43233,1,1,False,1,68,4
43235,1,1,False,1,1905,15
43236,1,1,False,1,37,20
43241,1,1,False,1,114,2
43242,1,1,False,0,-1,12
43246,1,1,False,0,-1,11
43247,1,1,False,0,-1,21
43254,1,1,False,0,-1,14
43258,1,1,False,2,68,5
43261,1,1,False,0,-1,14
43262,1,1,False,0,-1,15
43264,1,1,False,1,3,20
43268,1,1,False,2,14,14
43270,1,1,False,0,-1,18
43276,1,1,False,2,1906,8
43278,1,1,False,2,1906,8
43282,1,1,False,2,1,5
43283,1,1,False,2,1,5
43287,1,1,False,2,137,20
43289,1,1,False,0,-1,9
43294,1,1,False,1,1907,22
43297,1,1,False,1,294,20
43300,1,1,False,1,1908,26
43301,1,1,False,1,1908,26
43302,1,1,False,0,-1,16
43306,1,1,False,1,1909,15
43307,1,1,False,1,1909,15
43308,1,1,False,0,-1,13
43309,1,1,False,0,-1,26
43310,1,1,False,0,-1,22
43314,1,1,False,3,16,17
43317,1,1,False,1,1910,18
43319,1,1,False,1,1911,5
43322,1,1,False,2,51,18
43324,1,1,False,2,51,18
43326,1,1,False,2,135,12
43327,1,1,False,2,135,12
43330,1,1,False,1,237,14
43336,1,1,False,2,19,25
43337,1,1,False,2,19,25
43340,1,1,False,2,137,13
43347,1,1,False,1,68,14
43349,1,1,False,0,-1,9
43350,1,1,False,2,12,5
43354,1,1,False,1,1912,14
43356,1,1,False,0,-1,28
43358,1,1,False,1,68,12
43361,1,1,False,1,12,5
43365,1,1,False,1,16,5
43369,1,1,False,1,114,18
43372,1,1,False,0,-1,8
43375,1,1,False,2,126,18
43379,1,1,False,2,68,7
43382,1,1,False,1,1913,18
43383,1,1,False,1,1913,18
43384,1,1,False,0,-1,17
43386,1,1,False,3,179,2
43388,1,1,False,3,179,2
43394,1,1,False,2,62,18
43395,1,1,False,0,-1,13
43399,1,1,False,3,86,4
43402,1,1,False,0,-1,15
43403,1,1,False,0,-1,6
43405,1,1,False,0,-1,25
43410,1,1,False,0,-1,12
43414,1,1,False,2,111,12
43415,1,1,False,2,111,12
43417,1,1,False,0,-1,6
43418,1,1,False,0,-1,5
43424,1,1,False,3,68,12
43426,1,1,False,3,68,12
43429,1,1,False,0,-1,12
43437,1,1,False,2,68,11
43439,1,1,False,2,48,26
43444,1,1,False,0,-1,15
43447,1,1,False,2,86,11
43448,1,1,False,2,86,11
43449,1,1,False,0,-1,12
43453,1,1,False,2,3,16
43456,1,1,False,3,164,18
43457,1,1,False,3,164,18
43462,1,1,False,2,105,8
43466,1,1,False,2,114,8
43468,1,1,False,2,114,8
43474,1,1,False,0,-1,13
43475,1,1,False,0,-1,5
43477,1,1,False,2,294,17
43481,1,1,False,0,-1,18
43482,1,1,False,0,-1,12
43485,1,1,False,3,31,18
43486,1,1,False,3,31,18
43491,1,1,False,1,1914,20
43492,1,1,False,1,1914,20
43497,1,1,False,0,-1,14
43498,1,1,False,3,1915,9
43499,1,1,False,3,1915,9
43500,1,1,False,3,1915,9
43501,1,1,False,3,1915,9
43502,1,1,False,0,-1,8
43503,1,1,False,0,-1,11
43506,1,1,False,2,58,20
43507,1,1,False,0,-1,7
43509,1,1,False,1,80,17
43511,1,1,False,3,6,4
43512,1,1,False,3,6,4
43514,1,1,False,0,-1,27
43515,1,1,False,0,-1,18
43516,1,1,False,2,12,17
43519,1,1,False,0,-1,20
43521,1,1,False,1,31,5
43522,1,1,False,1,31,4
43526,1,1,False,0,-1,7
43527,1,1,False,3,86,11
43532,1,1,False,1,48,24
43535,1,1,False,0,-1,17
43537,1,1,False,0,-1,18
43541,1,1,False,0,-1,6
43543,1,1,False,0,-1,27
43544,1,1,False,2,37,26
43552,1,1,False,0,-1,5
43553,1,1,False,0,-1,12
43557,1,1,False,2,52,18
43558,1,1,False,1,1916,5
43559,1,1,False,1,1916,5
43560,1,1,False,1,114,27
43566,1,1,False,2,237,20
43567,1,1,False,1,62,25
43569,1,1,False,0,-1,13
43571,1,1,False,1,1917,12
43572,1,1,False,1,1917,12
43574,1,1,False,2,72,25
43576,1,1,False,2,72,25
43578,1,1,False,1,1918,28
43580,1,1,False,1,1919,12
43581,1,1,False,1,1919,12
43584,1,1,False,0,-1,7
43587,1,1,False,2,37,13
43588,1,1,False,1,106,12
43590,1,1,False,0,-1,5
43591,1,1,False,1,1920,23
43592,1,1,False,1,1920,23
43593,1,1,False,2,68,13
43597,1,1,False,0,-1,5
43598,1,1,False,0,-1,4
43602,1,1,False,3,74,5
43603,1,1,False,3,74,5
43604,1,1,False,0,-1,12
43608,1,1,False,1,1051,24
43611,1,1,False,1,86,13
43615,1,1,False,1,37,12
43616,1,1,False,0,-1,8
43619,1,1,False,2,53,11
43620,1,1,False,1,1615,28
43625,1,1,False,3,164,14
43626,1,1,False,3,164,14
43627,1,1,False,3,164,14
43629,1,1,False,3,68,17
43632,1,1,False,3,68,17
43633,1,1,False,0,-1,7
43634,1,1,False,0,-1,5
43639,1,1,False,1,345,13
43644,1,1,False,3,294,12
43646,1,1,False,1,59,15
43648,1,1,False,0,-1,18
43649,1,1,False,1,106,11
43656,1,1,False,0,-1,20
43657,1,1,False,0,-1,3
43660,1,1,False,0,-1,23
43662,1,1,False,2,111,7
43663,1,1,False,2,111,7
43666,1,1,False,1,3,18
43671,1,1,False,0,-1,9
43672,1,1,False,0,-1,13
43673,1,1,False,0,-1,22
43675,1,1,False,0,-1,24
43676,1,1,False,0,-1,5
43680,1,1,False,0,-1,14
43681,1,1,False,1,1921,17
43682,1,1,False,1,1921,17
43684,1,1,False,0,-1,4
43685,1,1,False,0,-1,17
43688,1,1,False,1,1922,9
43690,1,1,False,0,-1,11
43691,1,1,False,0,-1,20
43693,1,1,False,1,1923,24
43694,1,1,False,1,1923,24
43696,1,1,False,0,-1,3
43697,1,1,False,1,137,12
43699,1,1,False,0,-1,12
43700,1,1,False,0,-1,20
43705,1,1,False,3,68,18
43710,1,1,False,3,68,13
43711,1,1,False,3,68,13
43715,1,1,False,1,52,4
43719,1,1,False,0,-1,23
43725,1,1,False,2,20,22
43726,1,1,False,2,20,22
43727,1,1,False,0,-1,6
43733,1,1,False,3,1924,5
43734,1,1,False,3,1924,5
43735,1,1,False,3,1924,5
43736,1,1,False,3,1924,5
43738,1,1,False,2,93,10
43740,1,1,False,0,-1,23
43746,1,1,False,3,44,8
43747,1,1,False,3,44,8
43751,1,1,False,1,52,22
43752,1,1,False,0,-1,4
43753,1,1,False,0,-1,18
43754,1,1,False,0,-1,12
43757,1,1,False,0,-1,20
43760,1,1,False,3,68,11
43765,1,1,False,0,-1,9
43766,1,1,False,0,-1,8
43767,1,1,False,0,-1,15
43768,1,1,False,0,-1,19
43770,1,1,False,0,-1,14
43771,1,1,False,2,74,24
43772,1,1,False,2,74,24
43777,1,1,False,1,25,9
43779,1,1,False,0,-1,12
43783,1,1,False,0,-1,5
43785,1,1,False,0,-1,9
43788,1,1,False,0,-1,14
43792,1,1,False,1,294,24
43794,1,1,False,0,-1,23
43797,1,1,False,0,-1,11
43800,1,1,False,3,294,26
43807,1,1,False,0,-1,12
43809,1,1,False,1,1925,18
43810,1,1,False,1,1925,18
43811,1,1,False,2,37,13
43812,1,1,False,2,37,13
43816,1,1,False,0,-1,20
43821,1,1,False,0,-1,11
43824,1,1,False,1,2,5
43825,1,1,False,1,294,12
43830,1,1,False,2,68,28
43831,1,1,False,2,68,28
43835,1,1,False,2,37,24
43837,1,1,False,2,294,21
43839,1,1,False,2,294,21
43840,1,1,False,0,-1,5
43841,1,1,False,0,-1,13
43843,1,1,False,1,68,8
43845,1,1,False,0,-1,12
43850,1,1,False,2,68,12
43852,1,1,False,2,68,12
43853,1,1,False,0,-1,22
43857,1,1,False,0,-1,12
43858,1,1,False,0,-1,8
43859,1,1,False,0,-1,18
43860,1,1,False,3,93,15
43861,1,1,False,3,93,15
43863,1,1,False,3,93,15
43864,1,1,False,0,-1,13
43865,1,1,False,3,743,13
43866,1,1,False,3,743,13
43867,1,1,False,3,743,13
43869,1,1,False,2,142,12
43870,1,1,False,2,142,12
43874,1,1,False,0,-1,3
43876,1,1,False,0,-1,12
43877,1,1,False,0,-1,15
43879,1,1,False,1,68,6
43884,1,1,False,1,1926,26
43885,1,1,False,1,1926,26
43888,1,1,False,1,1927,14
43889,1,1,False,1,1927,14
43891,1,1,False,1,294,9
43892,1,1,False,2,1928,17
43893,1,1,False,2,1928,17
43894,1,1,False,2,1928,17
43895,1,1,False,1,126,20
43898,1,1,False,2,126,14
43903,1,1,False,1,63,4
43906,1,1,False,2,43,12
43910,1,1,False,2,68,10
43911,1,1,False,2,68,10
43912,1,1,False,3,1929,14
43913,1,1,False,3,1929,14
43914,1,1,False,3,1929,14
43915,1,1,False,3,1929,14
43920,1,1,False,0,-1,25
43923,1,1,False,2,1930,18
43924,1,1,False,2,1930,18
43925,1,1,False,2,1930,18
43928,1,1,False,1,1931,6
43929,1,1,False,1,1931,6
43932,1,1,False,3,114,14
43933,1,1,False,3,114,14
43936,1,1,False,3,37,15
43937,1,1,False,3,37,15
43940,1,1,False,0,-1,13
43943,1,1,False,1,31,20
43945,1,1,False,1,114,12
43948,1,1,False,1,126,12
43951,1,1,False,3,68,12
43953,1,1,False,2,294,20
43958,1,1,False,0,-1,15
43960,1,1,False,3,30,5
43962,1,1,False,3,30,5
43964,1,1,False,3,68,8
43965,1,1,False,3,68,8
43966,1,1,False,3,68,8
43967,1,1,False,0,-1,4
43970,1,1,False,2,68,21
43972,1,1,False,0,-1,17
43975,1,1,False,1,12,14
43979,1,1,False,3,126,9
43980,1,1,False,3,126,9
43981,1,1,False,1,1932,12
43982,1,1,False,1,1932,12
43983,1,1,False,0,-1,23
43988,1,1,False,3,68,12
43989,1,1,False,1,1933,5
43990,1,1,False,1,1933,5
43991,1,1,False,0,-1,14
43992,1,1,False,1,1934,20
43995,1,1,False,0,-1,6
43996,1,1,False,0,-1,22
44000,1,1,False,3,54,24
44004,1,1,False,2,68,14
44008,1,1,False,1,68,2
44009,1,1,False,1,179,15
44011,1,1,False,0,-1,17
44015,1,1,False,0,-1,14
44016,1,1,False,1,1935,23
44017,1,1,False,1,1935,23
44019,1,1,False,1,137,13
44022,1,1,False,1,114,17
44026,1,1,False,0,-1,4
44031,1,1,False,1,68,22
44038,1,1,False,2,58,15
44039,1,1,False,2,58,15
44041,1,1,False,1,1936,13
44042,1,1,False,1,1936,13
44043,1,1,False,2,105,5
44045,1,1,False,2,105,5
44050,1,1,False,0,-1,12
44054,1,1,False,2,52,9
44055,1,1,False,2,52,9
44058,1,1,False,2,6,9
44059,1,1,False,0,-1,3
44061,1,1,False,2,16,7
44063,1,1,False,2,16,7
44065,1,1,False,1,51,9
44068,1,1,False,1,19,5
44069,1,1,False,1,68,8
44076,1,1,False,3,164,9
44077,1,1,False,3,164,9
44078,1,1,False,3,164,9
44081,1,1,False,1,68,9
44083,1,1,False,1,16,21
44086,1,1,False,0,-1,5
44089,1,1,False,0,-1,4
44092,1,1,False,0,-1,13
44094,1,1,False,0,-1,15
44096,1,1,False,1,106,12
44097,1,1,False,1,294,25
44103,1,1,False,1,68,12
44105,1,1,False,0,-1,25
44108,1,1,False,0,-1,20
44109,1,1,False,0,-1,8
44110,1,1,False,0,-1,9
44111,1,1,False,1,20,9
44114,1,1,False,0,-1,4
44117,1,1,False,0,-1,22
44119,1,1,False,0,-1,12
44125,1,1,False,1,114,15
44128,1,1,False,2,37,15
44129,1,1,False,2,37,15
44132,1,1,False,0,-1,22
44139,1,1,False,3,52,12
44140,1,1,False,3,52,12
44141,1,1,False,2,74,17
44143,1,1,False,2,74,17
44144,1,1,False,0,-1,16
44146,1,1,False,3,68,15
44147,1,1,False,3,68,15
44149,1,1,False,1,68,2
44151,1,1,False,0,-1,18
44153,1,1,False,1,114,8
44155,1,1,False,3,73,14
44158,1,1,False,3,73,14
44160,1,1,False,2,63,14
44162,1,1,False,0,-1,5
44168,1,1,False,0,-1,22
44169,1,1,False,3,53,21
44171,1,1,False,3,53,21
44173,1,1,False,1,294,18
44175,1,1,False,0,-1,19
44176,1,1,False,1,1937,5
44177,1,1,False,1,1937,5
44179,1,1,False,0,-1,13
44184,1,1,False,0,-1,1
44187,1,1,False,2,68,26
44191,1,1,False,0,-1,22
44193,1,1,False,1,1938,12
44194,1,1,False,2,43,22
44196,1,1,False,2,43,22
44197,1,1,False,1,68,5
44199,1,1,False,0,-1,14
44201,1,1,False,2,294,13
44202,1,1,False,2,294,13
44203,1,1,False,2,68,13
44204,1,1,False,2,68,13
44207,1,1,False,2,68,9
44208,1,1,False,2,68,9
44217,1,1,False,1,52,20
44222,1,1,False,2,106,15
44230,1,1,False,2,237,18
44232,1,1,False,0,-1,18
44236,1,1,False,2,20,23
44239,1,1,False,2,97,12
44240,1,1,False,2,97,12
44241,1,1,False,0,-1,6
44245,1,1,False,0,-1,4
44251,1,1,False,0,-1,22
44252,1,1,False,0,-1,17
44253,1,1,False,1,1939,20
44254,1,1,False,1,1939,20
44258,1,1,False,3,68,4
44259,1,1,False,0,-1,12
44260,1,1,False,0,-1,9
44264,1,1,False,2,6,13
44266,1,1,False,0,-1,12
44268,1,1,False,3,7,12
44269,1,1,False,3,7,12
44272,1,1,False,0,-1,5
44277,1,1,False,2,142,22
44278,1,1,False,2,142,22
44281,1,1,False,1,59,22
44285,1,1,False,2,1940,9
44286,1,1,False,2,1940,9
44287,1,1,False,2,1940,9
44288,1,1,False,0,-1,18
44292,1,1,False,0,-1,11
44293,1,1,False,0,-1,4
44295,1,1,False,0,-1,12
44296,1,1,False,3,73,13
44299,1,1,False,3,73,13
44300,1,1,False,0,-1,8
44310,1,1,False,2,1941,23
44311,1,1,False,2,1941,23
44312,1,1,False,2,1941,23
44313,1,1,False,1,1942,12
44314,1,1,False,1,1942,12
44318,1,1,False,3,7,5
44322,1,1,False,0,-1,6
44324,1,1,False,0,-1,12
44327,1,1,False,1,23,15
44329,1,1,False,0,-1,24
44330,1,1,False,0,-1,7
44332,1,1,False,1,1943,13
44333,1,1,False,1,1943,13
44336,1,1,False,3,2,14
44338,1,1,False,2,16,9
44341,1,1,False,0,-1,12
44342,1,1,False,0,-1,12
44343,1,1,False,0,-1,18
44345,1,1,False,2,62,13
44346,1,1,False,2,62,13
44347,1,1,False,2,14,15
44352,1,1,False,1,68,13
44354,1,1,False,3,7,12
44355,1,1,False,3,7,12
44358,1,1,False,0,-1,14
44359,1,1,False,1,1944,6
44360,1,1,False,1,1944,6
44361,1,1,False,1,73,18
44363,1,1,False,0,-1,15
44367,1,1,False,0,-1,20
44374,1,1,False,1,1945,24
44375,1,1,False,1,1945,24
44381,1,1,False,2,51,14
44383,1,1,False,1,62,5
44385,1,1,False,1,62,4
44386,1,1,False,0,-1,16
44387,1,1,False,1,1946,12
44388,1,1,False,1,1946,12
44389,1,1,False,0,-1,5
44391,1,1,False,2,48,9
44392,1,1,False,2,48,9
44394,1,1,False,0,-1,17
44395,1,1,False,0,-1,9
44398,1,1,False,0,-1,14
44399,1,1,False,2,25,11
44403,1,1,False,1,106,21
44405,1,1,False,0,-1,5
44406,1,1,False,1,1947,13
44407,1,1,False,1,1947,13
44412,1,1,False,1,1948,10
44413,1,1,False,1,1948,10
44419,1,1,False,0,-1,18
44427,1,1,False,0,-1,26
44429,1,1,False,1,28,12
44430,1,1,False,0,-1,22
44434,1,1,False,0,-1,13
44435,1,1,False,0,-1,18
44438,1,1,False,3,86,18
44441,1,1,False,0,-1,13
44442,1,1,False,1,1949,9
44443,1,1,False,1,1949,9
44444,1,1,False,3,23,12
44445,1,1,False,3,23,12
44449,1,1,False,1,58,20
44450,1,1,False,0,-1,13
44453,1,1,False,1,1950,23
44454,1,1,False,1,1950,23
44456,1,1,False,2,0,7
44459,1,1,False,0,-1,4
44460,1,1,False,0,-1,22
44461,1,1,False,0,-1,15
44462,1,1,False,0,-1,5
44464,1,1,False,2,37,14
44466,1,1,False,2,37,14
44468,1,1,False,1,31,18
44470,1,1,False,0,-1,12
44471,1,1,False,1,7,23
44474,1,1,False,0,-1,6
44478,1,1,False,0,-1,24
44482,1,1,False,2,95,24
44483,1,1,False,2,95,24
44485,1,1,False,1,1333,6
44488,1,1,False,3,126,14
44492,1,1,False,2,0,5
44495,1,1,False,0,-1,21
44497,1,1,False,1,7,5
44503,1,1,False,2,45,9
44504,1,1,False,2,45,9
44507,1,1,False,1,1951,12
44508,1,1,False,1,48,18
44511,1,1,False,0,-1,25
44516,1,1,False,1,142,5
44520,1,1,False,0,-1,5
44521,1,1,False,1,1952,8
44522,1,1,False,1,1952,8
44524,1,1,False,1,14,15
44529,1,1,False,1,89,14
44530,1,1,False,0,-1,15
44531,1,1,False,0,-1,4
44535,1,1,False,2,1953,15
44536,1,1,False,2,1953,15
44537,1,1,False,2,1953,15
44538,1,1,False,0,-1,5
44539,1,1,False,1,10,4
44541,1,1,False,3,1954,12
44542,1,1,False,3,1954,12
44544,1,1,False,3,1954,12
44545,1,1,False,2,1955,6
44546,1,1,False,2,1955,6
44547,1,1,False,2,1955,6
44550,1,1,False,1,68,18
44551,1,1,False,0,-1,28
44553,1,1,False,3,16,12
44563,1,1,False,0,-1,14
44564,1,1,False,1,1956,27
44565,1,1,False,1,1956,27
44567,1,1,False,1,137,22
44570,1,1,False,0,-1,1
44572,1,1,False,2,179,18
44573,1,1,False,2,179,18
44576,1,1,False,1,1462,23
44578,1,1,False,0,-1,9
44580,1,1,False,1,106,8
44584,1,1,False,0,-1,23
44586,1,1,False,1,111,24
44587,1,1,False,1,1957,15
44588,1,1,False,1,1957,15
44589,1,1,False,0,-1,24
44593,1,1,False,0,-1,20
44597,1,1,False,2,62,24
44598,1,1,False,2,62,24
44599,1,1,False,0,-1,18
44600,1,1,False,0,-1,10
44601,1,1,False,0,-1,18
44608,1,1,False,0,-1,5
44609,1,1,False,0,-1,8
44615,1,1,False,0,-1,9
44616,1,1,False,0,-1,25
44617,1,1,False,3,7,5
44620,1,1,False,3,7,5
44621,1,1,False,0,-1,23
44626,1,1,False,1,59,12
44629,1,1,False,2,14,17
44632,1,1,False,0,-1,10
44636,1,1,False,2,37,17
44638,1,1,False,0,-1,6
44639,1,1,False,2,86,6
44642,1,1,False,0,-1,13
44643,1,1,False,0,-1,11
44647,1,1,False,0,-1,14
44650,1,1,False,3,2,14
44651,1,1,False,3,2,14
44653,1,1,False,2,64,4
44656,1,1,False,0,-1,13
44658,1,1,False,1,137,12
44660,1,1,False,0,-1,22
44661,1,1,False,2,62,5
44663,1,1,False,2,62,5
44668,1,1,False,1,1958,12
44670,1,1,False,2,221,4
44671,1,1,False,2,221,4
44674,1,1,False,3,73,18
44676,1,1,False,3,73,18
44677,1,1,False,0,-1,27
44678,1,1,False,0,-1,6
44681,1,1,False,2,12,14
44682,1,1,False,2,12,14
44688,1,1,False,1,2,12
44690,1,1,False,0,-1,5
44693,1,1,False,0,-1,20
44694,1,1,False,0,-1,13
44700,1,1,False,0,-1,12
44701,1,1,False,3,106,20
44703,1,1,False,3,106,20
44706,1,1,False,3,2,10
44708,1,1,False,3,2,10
44713,1,1,False,2,68,13
44715,1,1,False,2,68,13
44716,1,1,False,2,19,4
44718,1,1,False,2,19,4
44721,1,1,False,3,2,18
44722,1,1,False,3,2,18
44724,1,1,False,2,3,13
44725,1,1,False,2,3,13
44728,1,1,False,1,68,24
44734,1,1,False,2,7,4
44735,1,1,False,1,1959,14
44736,1,1,False,1,1959,14
44738,1,1,False,0,-1,12
44740,1,1,False,1,93,18
44743,1,1,False,2,63,28
44745,1,1,False,0,-1,23
44746,1,1,False,2,1960,12
44747,1,1,False,2,1960,12
44748,1,1,False,2,1960,12
44749,1,1,False,1,80,11
44753,1,1,False,1,12,20
44758,1,1,False,1,31,28
44759,1,1,False,0,-1,27
44763,1,1,False,3,73,20
44764,1,1,False,3,73,20
44765,1,1,False,3,73,20
44766,1,1,False,1,40,5
44771,1,1,False,2,73,9
44773,1,1,False,2,73,9
44775,1,1,False,1,43,27
44781,1,1,False,1,111,13
44782,1,1,False,1,1961,5
44783,1,1,False,1,1961,5
44787,1,1,False,1,14,12
44788,1,1,False,0,-1,6
44791,1,1,False,2,73,14
44792,1,1,False,2,1962,12
44793,1,1,False,2,1962,12
44794,1,1,False,2,1962,12
44800,1,1,False,2,62,11
44801,1,1,False,0,-1,14
44804,1,1,False,1,3,5
44811,1,1,False,2,3,4
44813,1,1,False,2,3,4
44814,1,1,False,0,-1,12
44816,1,1,False,1,2,22
44818,1,1,False,0,-1,4
44819,1,1,False,2,1963,27
44821,1,1,False,2,1963,27
44822,1,1,False,0,-1,16
44823,1,1,False,1,7,8
44825,1,1,False,0,-1,28
44828,1,1,False,1,1964,14
44829,1,1,False,1,1964,14
44831,1,1,False,0,-1,11
44832,1,1,False,0,-1,4
44833,1,1,False,3,16,12
44840,1,1,False,1,63,9
44843,1,1,False,0,-1,2
44845,1,1,False,1,12,26
44850,1,1,False,0,-1,14
44851,1,1,False,0,-1,4
44853,1,1,False,1,72,13
44855,1,1,False,2,139,21
44858,1,1,False,1,1965,21
44859,1,1,False,1,1965,21
44860,1,1,False,0,-1,24
44862,1,1,False,3,142,9
44863,1,1,False,3,142,9
44865,1,1,False,1,12,16
44868,1,1,False,0,-1,12
44871,1,1,False,0,-1,5
44872,1,1,False,0,-1,12
44876,1,1,False,1,74,23
44878,1,1,False,1,1966,9
44881,1,1,False,2,58,13
44882,1,1,False,2,58,13
44884,1,1,False,1,1967,4
44885,1,1,False,1,1967,4
44886,1,1,False,1,1968,13
44887,1,1,False,1,1968,13
44889,1,1,False,2,51,9
44891,1,1,False,1,1969,17
44892,1,1,False,1,1969,17
44893,1,1,False,0,-1,17
44896,1,1,False,2,14,24
44898,1,1,False,2,14,24
44900,1,1,False,3,126,11
44903,1,1,False,3,126,11
44905,1,1,False,1,139,20
44914,1,1,False,3,95,12
44917,1,1,False,3,95,12
44918,1,1,False,0,-1,28
44923,1,1,False,1,1970,15
44924,1,1,False,1,1970,15
44926,1,1,False,3,1971,9
44927,1,1,False,3,1971,9
44928,1,1,False,3,1971,9
44929,1,1,False,3,1971,9
44932,1,1,False,0,-1,18
44937,1,1,False,2,1972,1
44938,1,1,False,2,1972,1
44939,1,1,False,2,1972,1
44942,1,1,False,0,-1,12
44947,1,1,False,0,-1,15
44948,1,1,False,3,51,12
44949,1,1,False,3,51,12
44950,1,1,False,3,51,12
44956,1,1,False,0,-1,10
44957,1,1,False,3,44,12
44960,1,1,False,3,44,12
44964,1,1,False,3,73,2
44967,1,1,False,1,1973,4
44969,1,1,False,1,1974,11
44974,1,1,False,0,-1,5
44977,1,1,False,0,-1,18
44981,1,1,False,0,-1,12
44982,1,1,False,1,1975,13
44983,1,1,False,1,1975,13
44984,1,1,False,2,126,4
44988,1,1,False,0,-1,9
44991,1,1,False,0,-1,11
44992,1,1,False,0,-1,8
44993,1,1,False,0,-1,27
45000,1,1,False,1,58,13
45002,1,1,False,1,20,16
45005,1,1,False,1,93,8
45008,1,1,False,0,-1,12
45011,1,1,False,1,62,4
45013,1,1,False,0,-1,18
45015,1,1,False,0,-1,12
45016,1,1,False,0,-1,17
45017,1,1,False,0,-1,14
45018,1,1,False,2,43,13
45024,1,1,False,3,114,12
45029,1,1,False,2,95,14
45032,1,1,False,0,-1,15
45033,1,1,False,0,-1,4
45038,1,1,False,3,1976,14
45039,1,1,False,3,1976,14
45040,1,1,False,3,1976,14
45041,1,1,False,3,1976,14
45044,1,1,False,1,0,20
45045,1,1,False,0,-1,14
45049,1,1,False,2,1977,1
45050,1,1,False,2,1977,1
45051,1,1,False,2,1977,1
45052,1,1,False,0,-1,4
45055,1,1,False,2,161,5
45060,1,1,False,0,-1,10
45061,1,1,False,2,73,27
45064,1,1,False,0,-1,12
45065,1,1,False,0,-1,18
45067,1,1,False,1,31,5
45069,1,1,False,1,48,14
45070,1,1,False,3,53,18
45071,1,1,False,3,53,18
45074,1,1,False,1,1978,25
45075,1,1,False,1,1978,25
45077,1,1,False,3,161,4
45078,1,1,False,3,161,4
45081,1,1,False,0,-1,12
45082,1,1,False,3,1979,9
45083,1,1,False,3,1979,9
45084,1,1,False,3,1979,9
45085,1,1,False,3,1979,9
45087,1,1,False,2,139,17
45088,1,1,False,2,139,17
45090,1,1,False,2,45,7
45098,1,1,False,2,73,1
45102,1,1,False,2,45,18
45103,1,1,False,2,45,18
45105,1,1,False,2,114,12
45107,1,1,False,2,114,12
45111,1,1,False,2,111,14
45112,1,1,False,2,111,14
45113,1,1,False,0,-1,4
45114,1,1,False,1,1980,5
45115,1,1,False,1,1980,5
45116,1,1,False,1,7,19
45122,1,1,False,3,45,5
45123,1,1,False,3,45,5
45126,1,1,False,1,30,14
45130,1,1,False,3,56,9
45133,1,1,False,1,25,8
45140,1,1,False,2,35,20
45141,1,1,False,2,35,20
45143,1,1,False,0,-1,12
45144,1,1,False,2,63,17
45145,1,1,False,2,63,17
45147,1,1,False,0,-1,24
45151,1,1,False,2,18,14
45152,1,1,False,2,18,14
45155,1,1,False,1,68,12
45157,1,1,False,0,-1,8
45159,1,1,False,0,-1,14
45161,1,1,False,1,114,2
45163,1,1,False,3,54,20
45164,1,1,False,3,54,20
45166,1,1,False,3,54,20
45169,1,1,False,1,1981,12
45170,1,1,False,1,1981,12
45171,1,1,False,3,126,17
45172,1,1,False,3,126,17
45177,1,1,False,1,1982,12
45178,1,1,False,1,1982,12
45181,1,1,False,2,68,18
45190,1,1,False,1,1983,25
45195,1,1,False,3,95,1
45196,1,1,False,3,95,1
45197,1,1,False,3,95,1
45199,1,1,False,3,73,8
45201,1,1,False,3,73,8
45202,1,1,False,3,73,8
45203,1,1,False,1,1984,23
45204,1,1,False,1,1984,23
45208,1,1,False,0,-1,5
45213,1,1,False,0,-1,9
45219,1,1,False,0,-1,18
45220,1,1,False,1,40,12
45224,1,1,False,0,-1,22
45225,1,1,False,0,-1,6
45227,1,1,False,2,16,27
45228,1,1,False,2,16,27
45232,1,1,False,1,1985,13
45233,1,1,False,1,1985,13
45234,1,1,False,1,1986,13
45235,1,1,False,1,1986,13
45236,1,1,False,0,-1,15
45238,1,1,False,0,-1,13
45239,1,1,False,0,-1,13
45242,1,1,False,3,137,25
45244,1,1,False,0,-1,12
45246,1,1,False,2,54,20
45247,1,1,False,2,54,20
45250,1,1,False,0,-1,12
45251,1,1,False,1,164,12
45253,1,1,False,0,-1,20
45255,1,1,False,1,142,20
45257,1,1,False,0,-1,17
45258,1,1,False,1,1987,8
45259,1,1,False,1,1987,8
45261,1,1,False,3,12,14
45268,1,1,False,3,73,12
45270,1,1,False,3,73,12
45271,1,1,False,0,-1,23
45275,1,1,False,0,-1,5
45277,1,1,False,2,106,12
45279,1,1,False,1,95,27
45283,1,1,False,2,86,5
45284,1,1,False,1,1988,18
45285,1,1,False,1,1988,18
45291,1,1,False,0,-1,28
45295,1,1,False,0,-1,22
45300,1,1,False,3,73,14
45303,1,1,False,3,73,14
45304,1,1,False,3,1989,18
45305,1,1,False,3,1989,18
45306,1,1,False,3,1989,18
45307,1,1,False,3,1989,18
45313,1,1,False,1,59,6
45315,1,1,False,1,95,7
45316,1,1,False,0,-1,25
45317,1,1,False,0,-1,8
45318,1,1,False,0,-1,9
45320,1,1,False,2,0,17
45328,1,1,False,0,-1,18
45336,1,1,False,0,-1,6
45337,1,1,False,0,-1,18
45338,1,1,False,3,43,20
45340,1,1,False,3,43,20
45343,1,1,False,1,1990,22
45344,1,1,False,1,1990,22
45347,1,1,False,2,31,25
45349,1,1,False,0,-1,6
45350,1,1,False,0,-1,18
45355,1,1,False,2,7,28
45356,1,1,False,2,7,28
45359,1,1,False,1,7,14
45361,1,1,False,0,-1,27
45363,1,1,False,2,63,12
45365,1,1,False,0,-1,22
45366,1,1,False,0,-1,17
45369,1,1,False,2,0,15
45371,1,1,False,2,0,15
45373,1,1,False,2,68,18
45374,1,1,False,2,68,18
45379,1,1,False,1,1991,14
45380,1,1,False,1,1991,14
45384,1,1,False,0,-1,6
45386,1,1,False,2,114,12
45390,1,1,False,1,86,22
45391,1,1,False,1,80,12
45394,1,1,False,0,-1,13
45398,1,1,False,2,1992,25
45399,1,1,False,2,1992,25
45400,1,1,False,2,1992,25
45403,1,1,False,2,14,8
45410,1,1,False,2,80,19
45411,1,1,False,2,80,19
45414,1,1,False,0,-1,5
45417,1,1,False,2,68,26
45419,1,1,False,2,68,26
45422,1,1,False,0,-1,12
45423,1,1,False,0,-1,14
45424,1,1,False,0,-1,9
45425,1,1,False,0,-1,4
45426,1,1,False,0,-1,1
45429,1,1,False,1,3,14
45430,1,1,False,0,-1,17
45432,1,1,False,1,45,6
45435,1,1,False,2,7,14
45436,1,1,False,0,-1,5
45437,1,1,False,0,-1,13
45440,1,1,False,0,-1,17
45441,1,1,False,0,-1,14
45444,1,1,False,0,-1,22
45449,1,1,False,3,31,18
45450,1,1,False,3,31,18
45451,1,1,False,3,31,18
45453,1,1,False,0,-1,14
45454,1,1,False,1,126,5
45456,1,1,False,0,-1,12
45459,1,1,False,2,18,22
45461,1,1,False,2,18,22
45469,1,1,False,0,-1,8
45470,1,1,False,0,-1,24
45472,1,1,False,0,-1,4
45475,1,1,False,0,-1,1
45476,1,1,False,2,1993,12
45477,1,1,False,2,1993,12
45478,1,1,False,2,1993,12
45479,1,1,False,0,-1,2
45482,1,1,False,0,-1,21
45488,1,1,False,3,237,14
45489,1,1,False,3,237,14
45490,1,1,False,3,237,14
45491,1,1,False,0,-1,18
45494,1,1,False,2,126,14
45495,1,1,False,0,-1,8
45496,1,1,False,0,-1,24
45497,1,1,False,0,-1,27
45498,1,1,False,0,-1,9
45502,1,1,False,0,-1,13
45504,1,1,False,1,2,21
45505,1,1,False,1,95,5
45507,1,1,False,3,179,27
45508,1,1,False,3,179,27
45509,1,1,False,3,179,27
45511,1,1,False,2,62,18
45513,1,1,False,2,62,18
45518,1,1,False,3,106,5
45520,1,1,False,3,106,5
45521,1,1,False,3,106,5
45523,1,1,False,3,80,20
45525,1,1,False,3,80,20
45529,1,1,False,1,106,11
45531,1,1,False,2,62,18
45532,1,1,False,2,62,18
45533,1,1,False,0,-1,18
45535,1,1,False,0,-1,22
45536,1,1,False,0,-1,13
45538,1,1,False,0,-1,14
45540,1,1,False,0,-1,8
45541,1,1,False,2,35,18
45546,1,1,False,1,12,22
45549,1,1,False,1,1994,17
45550,1,1,False,1,1994,17
45554,1,1,False,0,-1,2
45557,1,1,False,0,-1,20
45560,1,1,False,0,-1,25
45562,1,1,False,0,-1,18
45564,1,1,False,1,7,11
45565,1,1,False,1,7,20
45567,1,1,False,0,-1,6
45568,1,1,False,0,-1,12
45571,1,1,False,1,1050,25
45581,1,1,False,3,37,17
45583,1,1,False,2,62,20
45584,1,1,False,2,62,20
45592,1,1,False,1,7,14
45593,1,1,False,0,-1,12
45594,1,1,False,0,-1,12
45596,1,1,False,1,27,15
45598,1,1,False,0,-1,14
45599,1,1,False,0,-1,22
45600,1,1,False,0,-1,14
45607,1,1,False,1,62,18
45609,1,1,False,1,2,3
45611,1,1,False,0,-1,10
45616,1,1,False,0,-1,9
45617,1,1,False,1,48,23
45619,1,1,False,1,1995,12
45620,1,1,False,1,1995,12
45621,1,1,False,0,-1,7
45622,1,1,False,1,43,10
45624,1,1,False,2,14,12
45628,1,1,False,0,-1,2
45629,1,1,False,0,-1,25
45637,1,1,False,2,95,15
45638,1,1,False,2,95,15
45648,1,1,False,0,-1,20
45650,1,1,False,0,-1,12
45653,1,1,False,1,1996,14
45657,1,1,False,0,-1,18
45660,1,1,False,2,62,12
45663,1,1,False,3,35,22
45666,1,1,False,0,-1,12
45671,1,1,False,1,2,11
45675,1,1,False,3,18,6
45676,1,1,False,3,18,6
45677,1,1,False,2,1997,13
45678,1,1,False,2,1997,13
45679,1,1,False,2,1997,13
45680,1,1,False,1,7,24
45683,1,1,False,0,-1,12
45687,1,1,False,3,7,12
45688,1,1,False,0,-1,20
45697,1,1,False,1,1998,28
45698,1,1,False,1,1998,28
45701,1,1,False,1,63,2
45702,1,1,False,0,-1,18
45705,1,1,False,0,-1,12
45706,1,1,False,0,-1,18
45707,1,1,False,3,2,21
45709,1,1,False,3,2,21
45710,1,1,False,3,2,21
45712,1,1,False,0,-1,6
45715,1,1,False,0,-1,8
45716,1,1,False,1,45,13
45719,1,1,False,0,-1,5
45722,1,1,False,2,2,5
45723,1,1,False,0,-1,6
45724,1,1,False,1,1999,28
45725,1,1,False,1,1999,28
45728,1,1,False,2,58,12
45730,1,1,False,0,-1,4
45731,1,1,False,1,62,17
45735,1,1,False,2,7,5
45736,1,1,False,0,-1,26
45740,1,1,False,0,-1,2
45743,1,1,False,0,-1,27
45745,1,1,False,3,142,3
45749,1,1,False,1,2,4
45756,1,1,False,1,179,7
45765,1,1,False,1,0,2
45771,1,1,False,0,-1,20
45774,1,1,False,0,-1,3
45775,1,1,False,2,7,22
45776,1,1,False,2,7,22
45779,1,1,False,3,58,14
45781,1,1,False,3,58,14
45784,1,1,False,0,-1,12
45785,1,1,False,1,52,4
45791,1,1,False,0,-1,19
45793,1,1,False,1,56,5
45801,1,1,False,0,-1,17
45802,1,1,False,0,-1,6
45804,1,1,False,2,62,5
45806,1,1,False,2,62,5
45807,1,1,False,1,2000,15
45808,1,1,False,1,2000,15
45810,1,1,False,1,70,5
45819,1,1,False,2,2,14
45827,1,1,False,1,135,5
45829,1,1,False,3,3,9
45832,1,1,False,0,-1,20
45835,1,1,False,1,59,2
45836,1,1,False,0,-1,18
45839,1,1,False,3,44,21
45840,1,1,False,3,44,21
45848,1,1,False,0,-1,28
45851,1,1,False,2,35,8
45852,1,1,False,0,-1,11
45853,1,1,False,1,2001,14
45854,1,1,False,1,2001,14
45860,1,1,False,1,2002,5
45866,1,1,False,2,73,8
45869,1,1,False,3,23,5
45872,1,1,False,3,23,5
45875,1,1,False,0,-1,9
45877,1,1,False,1,95,14
45878,1,1,False,0,-1,13
45879,1,1,False,0,-1,18
45882,1,1,False,2,142,13
45886,1,1,False,1,95,21
45889,1,1,False,3,2,24
45893,1,1,False,2,56,18
45897,1,1,False,0,-1,23
45898,1,1,False,1,37,18
45900,1,1,False,0,-1,20
45909,1,1,False,3,95,15
45910,1,1,False,3,95,15
45915,1,1,False,2,48,9
45916,1,1,False,2,44,17
45919,1,1,False,0,-1,12
45923,1,1,False,0,-1,8
45925,1,1,False,1,48,9
45927,1,1,False,2,14,20
45930,1,1,False,1,45,5
45931,1,1,False,0,-1,14
45932,1,1,False,0,-1,15
45933,1,1,False,0,-1,8
45935,1,1,False,1,2003,4
45936,1,1,False,1,2003,4
45937,1,1,False,0,-1,12
45940,1,1,False,0,-1,18
45941,1,1,False,0,-1,9
45943,1,1,False,1,28,20
45946,1,1,False,2,43,14
45948,1,1,False,1,2004,8
45949,1,1,False,0,-1,15
45950,1,1,False,0,-1,12
45951,1,1,False,1,157,13
45955,1,1,False,0,-1,23
45958,1,1,False,3,126,28
45959,1,1,False,3,126,28
45962,1,1,False,1,2005,20
45963,1,1,False,1,2005,20
45967,1,1,False,1,179,14
45969,1,1,False,3,7,6
45971,1,1,False,3,7,6
45973,1,1,False,0,-1,12
45974,1,1,False,1,2006,1
45975,1,1,False,1,2006,1
45978,1,1,False,2,73,12
45979,1,1,False,1,2007,9
45980,1,1,False,1,2007,9
45982,1,1,False,0,-1,5
45985,1,1,False,0,-1,9
45986,1,1,False,0,-1,2
45992,1,1,False,2,25,18
45995,1,1,False,0,-1,18
45997,1,1,False,2,44,5
45999,1,1,False,2,44,5
46001,1,1,False,0,-1,8
46002,1,1,False,0,-1,15
46005,1,1,False,3,31,12
46008,1,1,False,3,31,12
46011,1,1,False,2,126,6
46015,1,1,False,0,-1,21
46017,1,1,False,3,0,20
46021,1,1,False,2,95,11
46024,1,1,False,2,2008,12
46025,1,1,False,2,2008,12
46026,1,1,False,2,2008,12
46027,1,1,False,3,37,18
46030,1,1,False,3,37,18
46032,1,1,False,0,-1,9
46034,1,1,False,3,35,18
46036,1,1,False,3,35,18
46038,1,1,False,1,74,12
46040,1,1,False,1,95,5
46045,1,1,False,0,-1,8
46049,1,1,False,2,58,15
46050,1,1,False,2,58,15
46051,1,1,False,1,62,14
46057,1,1,False,0,-1,14
46059,1,1,False,1,114,2
46062,1,1,False,3,58,20
46063,1,1,False,3,58,20
46064,1,1,False,3,58,20
46066,1,1,False,1,126,9
46068,1,1,False,1,95,5
46071,1,1,False,0,-1,22
46073,1,1,False,1,30,11
46079,1,1,False,2,294,3
46080,1,1,False,2,294,3
46085,1,1,False,0,-1,9
46086,1,1,False,2,2009,20
46087,1,1,False,2,2009,20
46088,1,1,False,2,2009,20
46089,1,1,False,1,2010,14
46090,1,1,False,1,2010,14
46092,1,1,False,0,-1,26
46093,1,1,False,0,-1,14
46094,1,1,False,1,7,14
46101,1,1,False,1,54,11
46103,1,1,False,3,7,15
46105,1,1,False,3,7,15
46107,1,1,False,0,-1,12
46108,1,1,False,0,-1,26
46109,1,1,False,0,-1,12
46111,1,1,False,3,95,20
46115,1,1,False,0,-1,5
46116,1,1,False,0,-1,12
46117,1,1,False,0,-1,27
46118,1,1,False,3,2011,4
46119,1,1,False,3,2011,4
46120,1,1,False,3,2011,4
46121,1,1,False,3,2011,4
46125,1,1,False,0,-1,17
46127,1,1,False,0,-1,12
46128,1,1,False,3,2,18
46130,1,1,False,3,2,18
46131,1,1,False,3,2,18
46137,1,1,False,3,3,13
46138,1,1,False,3,3,13
46142,1,1,False,2,22,18
46146,1,1,False,2,97,13
46153,1,1,False,2,14,5
46154,1,1,False,1,14,17
46156,1,1,False,1,2012,25
46157,1,1,False,1,2012,25
46159,1,1,False,1,73,13
46164,1,1,False,3,25,2
46170,1,1,False,2,80,5
46171,1,1,False,2,80,5
46172,1,1,False,2,1136,5
46174,1,1,False,2,1136,5
46175,1,1,False,1,72,14
46180,1,1,False,0,-1,17
46181,1,1,False,0,-1,12
46187,1,1,False,1,0,22
46191,1,1,False,0,-1,5
46192,1,1,False,1,1911,20
46194,1,1,False,2,3,15
46195,1,1,False,2,3,15
46198,1,1,False,0,-1,21
46199,1,1,False,1,2013,8
46200,1,1,False,1,2013,8
46202,1,1,False,0,-1,14
46204,1,1,False,2,2,24
46205,1,1,False,2,2,24
46211,1,1,False,2,97,4
46212,1,1,False,2,97,4
46220,1,1,False,1,2014,12
46222,1,1,False,1,72,17
46223,1,1,False,0,-1,22
46227,1,1,False,2,2,17
46230,1,1,False,1,2,14
46234,1,1,False,3,53,12
46235,1,1,False,3,10,23
46237,1,1,False,3,10,23
46241,1,1,False,1,2,7
46244,1,1,False,1,3,25
46245,1,1,False,0,-1,12
46246,1,1,False,1,59,4
46248,1,1,False,0,-1,12
46249,1,1,False,2,2,5
46252,1,1,False,0,-1,7
46255,1,1,False,3,105,5
46256,1,1,False,3,105,5
46258,1,1,False,1,30,15
46259,1,1,False,1,97,9
46261,1,1,False,2,37,27
46262,1,1,False,2,37,27
46264,1,1,False,1,2015,17
46265,1,1,False,1,2015,17
46266,1,1,False,1,2016,9
46267,1,1,False,1,2016,9
46268,1,1,False,0,-1,9
46269,1,1,False,0,-1,12
46273,1,1,False,2,2017,5
46274,1,1,False,2,2017,5
46275,1,1,False,2,2017,5
46276,1,1,False,2,2,12
46277,1,1,False,2,2,12
46279,1,1,False,0,-1,25
46281,1,1,False,0,-1,5
46282,1,1,False,3,26,7
46283,1,1,False,3,26,7
46287,1,1,False,1,53,4
46288,1,1,False,1,2018,26
46289,1,1,False,1,2018,26
46290,1,1,False,2,72,5
46294,1,1,False,3,2,12
46298,1,1,False,0,-1,14
46299,1,1,False,1,28,20
46301,1,1,False,0,-1,24
46303,1,1,False,0,-1,9
46304,1,1,False,1,2019,5
46305,1,1,False,1,2019,5
46306,1,1,False,2,2020,12
46307,1,1,False,2,2020,12
46309,1,1,False,0,-1,12
46310,1,1,False,0,-1,8
46312,1,1,False,3,2,12
46313,1,1,False,3,2,12
46315,1,1,False,1,2021,22
46316,1,1,False,1,2021,22
46319,1,1,False,0,-1,18
46322,1,1,False,3,72,9
46327,1,1,False,0,-1,17
46329,1,1,False,1,74,13
46332,1,1,False,2,43,24
46334,1,1,False,0,-1,15
46338,1,1,False,1,114,8
46339,1,1,False,1,70,6
46344,1,1,False,2,16,8
46345,1,1,False,1,52,18
46348,1,1,False,3,2,4
46351,1,1,False,1,31,4
46356,1,1,False,3,97,20
46357,1,1,False,3,72,18
46358,1,1,False,3,72,18
46359,1,1,False,3,72,18
46361,1,1,False,2,30,12
46364,1,1,False,1,2022,6
46365,1,1,False,1,2022,6
46370,1,1,False,2,25,7
46372,1,1,False,0,-1,18
46373,1,1,False,2,2023,28
46374,1,1,False,2,2023,28
46375,1,1,False,2,2023,28
46377,1,1,False,3,2,23
46381,1,1,False,1,2024,8
46382,1,1,False,1,2024,8
46387,1,1,False,2,64,23
46396,1,1,False,2,31,18
46398,1,1,False,0,-1,4
46402,1,1,False,1,18,6
46405,1,1,False,3,97,14
46407,1,1,False,0,-1,20
46408,1,1,False,0,-1,4
46410,1,1,False,2,52,2
46411,1,1,False,2,52,2
46412,1,1,False,0,-1,13
46413,1,1,False,0,-1,18
46415,1,1,False,1,2025,14
46418,1,1,False,2,93,16
46422,1,1,False,2,2,15
46423,1,1,False,2,53,20
46425,1,1,False,2,53,20
46426,1,1,False,2,135,20
46428,1,1,False,2,135,20
46429,1,1,False,0,-1,12
46431,1,1,False,1,2026,13
46432,1,1,False,1,2026,13
46433,1,1,False,0,-1,5
46434,1,1,False,0,-1,28
46438,1,1,False,2,2027,23
46440,1,1,False,2,2027,23
46444,1,1,False,1,2028,24
46445,1,1,False,1,2028,24
46446,1,1,False,0,-1,10
46450,1,1,False,1,97,20
46451,1,1,False,0,-1,12
46461,1,1,False,0,-1,11
46462,1,1,False,0,-1,20
46465,1,1,False,2,53,12
46467,1,1,False,3,72,17
46468,1,1,False,3,72,17
46470,1,1,False,2,2029,5
46471,1,1,False,2,2029,5
46472,1,1,False,2,2029,5
46474,1,1,False,0,-1,13
46475,1,1,False,0,-1,20
46481,1,1,False,0,-1,5
46484,1,1,False,1,7,13
46485,1,1,False,0,-1,4
46487,1,1,False,2,16,20
46488,1,1,False,2,16,20
46492,1,1,False,1,62,12
46493,1,1,False,1,1793,23
46497,1,1,False,1,53,6
46499,1,1,False,3,6,6
46500,1,1,False,3,6,6
46503,1,1,False,1,2030,18
46504,1,1,False,1,2030,18
46505,1,1,False,1,64,5
46508,1,1,False,1,2,18
46511,1,1,False,3,53,14
46512,1,1,False,3,53,14
46527,1,1,False,1,53,8
46531,1,1,False,0,-1,6
46532,1,1,False,1,137,26
46534,1,1,False,0,-1,5
46536,1,1,False,0,-1,22
46537,1,1,False,0,-1,23
46538,1,1,False,0,-1,28
46540,1,1,False,1,2031,10
46541,1,1,False,1,2031,10
46543,1,1,False,0,-1,20
46546,1,1,False,0,-1,12
46552,1,1,False,1,2032,14
46553,1,1,False,1,2032,14
46554,1,1,False,0,-1,12
46555,1,1,False,3,53,5
46558,1,1,False,3,53,5
46559,1,1,False,0,-1,13
46565,1,1,False,0,-1,15
46566,1,1,False,2,72,6
46567,1,1,False,2,72,6
46570,1,1,False,1,2033,12
46571,1,1,False,1,2033,12
46577,1,1,False,0,-1,12
46578,1,1,False,1,2034,5
46579,1,1,False,1,2034,5
46581,1,1,False,1,72,13
46583,1,1,False,1,30,14
46586,1,1,False,1,139,3
46587,1,1,False,0,-1,12
46591,1,1,False,3,2,18
46594,1,1,False,1,2,27
46598,1,1,False,0,-1,13
46599,1,1,False,1,2,17
46603,1,1,False,0,-1,12
46604,1,1,False,2,2035,25
46605,1,1,False,2,2035,25
46606,1,1,False,2,2035,25
46607,1,1,False,0,-1,18
46608,1,1,False,0,-1,14
46609,1,1,False,0,-1,28
46610,1,1,False,2,1,5
46612,1,1,False,2,1,5
46617,1,1,False,3,53,6
46620,1,1,False,3,53,6
46622,1,1,False,2,97,14
46625,1,1,False,2,0,18
46627,1,1,False,2,0,18
46629,1,1,False,0,-1,15
46631,1,1,False,0,-1,12
46633,1,1,False,0,-1,14
46635,1,1,False,3,2,17
46637,1,1,False,3,2,17
46639,1,1,False,1,97,21
46646,1,1,False,3,139,5
46647,1,1,False,3,139,5
46649,1,1,False,3,139,5
46650,1,1,False,1,1,16
46653,1,1,False,2,22,12
46657,1,1,False,1,51,11
46659,1,1,False,1,2,15
46661,1,1,False,0,-1,4
46665,1,1,False,3,72,21
46667,1,1,False,2,72,27
46668,1,1,False,2,72,27
46669,1,1,False,0,-1,8
46670,1,1,False,0,-1,7
46672,1,1,False,1,14,15
46673,1,1,False,0,-1,5
46674,1,1,False,0,-1,12
46675,1,1,False,0,-1,20
46676,1,1,False,0,-1,18
46677,1,1,False,0,-1,28
46680,1,1,False,1,2,14
46681,1,1,False,1,2036,4
46682,1,1,False,1,2036,4
46683,1,1,False,0,-1,12
46684,1,1,False,0,-1,12
46685,1,1,False,0,-1,12
46692,1,1,False,1,2037,13
46695,1,1,False,3,2,20
46702,1,1,False,3,30,18
46704,1,1,False,3,30,18
46707,1,1,False,1,53,26
46709,1,1,False,1,139,4
46712,1,1,False,3,0,14
46715,1,1,False,2,30,12
46718,1,1,False,2,10,12
46719,1,1,False,2,10,12
46726,1,1,False,2,10,11
46730,1,1,False,0,-1,5
46734,1,1,False,1,2,5
46737,1,1,False,0,-1,14
46739,1,1,False,1,2,13
46740,1,1,False,0,-1,9
46741,1,1,False,1,2038,4
46742,1,1,False,1,2038,4
46745,1,1,False,3,72,20
46749,1,1,False,2,30,17
46751,1,1,False,0,-1,21
46753,1,1,False,1,2039,25
46754,1,1,False,1,2039,25
46758,1,1,False,0,-1,13
46760,1,1,False,3,97,5
46762,1,1,False,3,97,5
46763,1,1,False,3,97,5
46764,1,1,False,3,0,12
46766,1,1,False,3,0,12
46770,1,1,False,2,2040,5
46772,1,1,False,2,2040,5
46773,1,1,False,2,62,6
46777,1,1,False,2,86,12
46779,1,1,False,2,86,12
46781,1,1,False,1,97,14
46783,1,1,False,0,-1,23
46784,1,1,False,2,2041,12
46785,1,1,False,2,2041,12
46786,1,1,False,2,2041,12
46790,1,1,False,0,-1,13
46792,1,1,False,3,14,4
46795,1,1,False,3,14,4
46796,1,1,False,0,-1,12
46798,1,1,False,3,10,13
46801,1,1,False,0,-1,21
46807,1,1,False,0,-1,6
46808,1,1,False,0,-1,5
46810,1,1,False,0,-1,17
46817,1,1,False,3,2,21
46818,1,1,False,3,2,21
46819,1,1,False,0,-1,4
46821,1,1,False,0,-1,14
46823,1,1,False,2,97,13
46824,1,1,False,2,97,13
46826,1,1,False,0,-1,12
46827,1,1,False,0,-1,25
46831,1,1,False,0,-1,5
46836,1,1,False,0,-1,12
46839,1,1,False,0,-1,18
46840,1,1,False,0,-1,24
46843,1,1,False,2,53,14
46845,1,1,False,3,53,8
46848,1,1,False,0,-1,17
46852,1,1,False,2,26,26
46853,1,1,False,2,26,26
46858,1,1,False,0,-1,12
46859,1,1,False,0,-1,24
46860,1,1,False,1,30,8
46863,1,1,False,1,62,9
46866,1,1,False,2,2042,8
46867,1,1,False,2,2042,8
46868,1,1,False,2,2042,8
46871,1,1,False,2,22,2
46873,1,1,False,2,22,2
46874,1,1,False,2,72,5
46877,1,1,False,0,-1,5
46878,1,1,False,0,-1,20
46879,1,1,False,0,-1,22
46880,1,1,False,1,2043,17
46881,1,1,False,1,2043,17
46883,1,1,False,1,2044,18
46889,1,1,False,2,72,22
46890,1,1,False,2,72,22
46891,1,1,False,0,-1,8
46892,1,1,False,2,2,14
46896,1,1,False,2,22,17
46900,1,1,False,3,72,5
46903,1,1,False,3,72,5
46904,1,1,False,0,-1,8
46906,1,1,False,2,10,12
46907,1,1,False,2,10,12
46912,1,1,False,1,2045,27
46913,1,1,False,1,2045,27
46915,1,1,False,3,2,28
46917,1,1,False,3,2,28
46919,1,1,False,0,-1,25
46921,1,1,False,0,-1,4
46922,1,1,False,2,2046,9
46923,1,1,False,2,2046,9
46924,1,1,False,2,2046,9
46928,1,1,False,1,133,17
46930,1,1,False,1,97,12
46932,1,1,False,0,-1,5
46934,1,1,False,1,30,7
46936,1,1,False,2,126,18
46938,1,1,False,0,-1,8
46944,1,1,False,2,53,22
46945,1,1,False,0,-1,28
46946,1,1,False,0,-1,7
46947,1,1,False,0,-1,14
46950,1,1,False,2,26,15
46954,1,1,False,0,-1,9
46955,1,1,False,2,74,8
46962,1,1,False,3,97,28
46965,1,1,False,0,-1,23
46969,1,1,False,1,2047,9
46970,1,1,False,1,2047,9
46971,1,1,False,0,-1,11
46972,1,1,False,0,-1,12
46973,1,1,False,2,2048,18
46974,1,1,False,2,2048,18
46975,1,1,False,2,2048,18
46977,1,1,False,2,2,22
46981,1,1,False,1,59,25
46982,1,1,False,0,-1,12
46987,1,1,False,3,2,20
46988,1,1,False,3,2,20
46990,1,1,False,2,72,27
46992,1,1,False,2,72,27
46997,1,1,False,0,-1,9
46999,1,1,False,2,2,27
47001,1,1,False,0,-1,12
47003,1,1,False,0,-1,12
47011,1,1,False,3,12,26
47013,1,1,False,1,2049,20
47014,1,1,False,1,2049,20
47016,1,1,False,0,-1,27
47018,1,1,False,1,54,18
47022,1,1,False,0,-1,8
47024,1,1,False,1,51,5
47026,1,1,False,2,6,14
47028,1,1,False,2,6,14
47031,1,1,False,2,53,15
47033,1,1,False,0,-1,4
47034,1,1,False,0,-1,22
47035,1,1,False,0,-1,20
47036,1,1,False,3,48,24
47038,1,1,False,3,48,24
47041,1,1,False,3,2,14
47042,1,1,False,3,2,14
47043,1,1,False,3,2,14
47045,1,1,False,0,-1,18
47046,1,1,False,1,20,13
47048,1,1,False,0,-1,20
47050,1,1,False,1,2050,19
47051,1,1,False,1,2050,19
47052,1,1,False,0,-1,5
47053,1,1,False,3,18,12
47054,1,1,False,3,18,12
47059,1,1,False,3,35,4
47060,1,1,False,3,35,4
47061,1,1,False,1,2051,9
47062,1,1,False,1,2051,9
47063,1,1,False,0,-1,8
47064,1,1,False,0,-1,14
47067,1,1,False,2,48,13
47070,1,1,False,1,72,6
47073,1,1,False,3,30,5
47080,1,1,False,1,2,17
47085,1,1,False,2,18,17
47086,1,1,False,2,18,17
47087,1,1,False,0,-1,27
47088,1,1,False,0,-1,5
47091,1,1,False,0,-1,26
47095,1,1,False,1,97,12
47100,1,1,False,3,53,14
47105,1,1,False,3,237,5
47106,1,1,False,3,237,5
47108,1,1,False,3,237,5
47109,1,1,False,0,-1,11
47113,1,1,False,3,25,20
47116,1,1,False,0,-1,14
47118,1,1,False,3,53,7
47120,1,1,False,3,53,7
47122,1,1,False,2,97,8
47128,1,1,False,0,-1,4
47132,1,1,False,1,1,25
47135,1,1,False,1,72,8
47136,1,1,False,0,-1,13
47137,1,1,False,0,-1,20
47140,1,1,False,0,-1,9
47141,1,1,False,0,-1,9
47142,1,1,False,2,142,15
47144,1,1,False,2,142,15
47149,1,1,False,2,26,22
47154,1,1,False,2,93,12
47156,1,1,False,0,-1,18
47157,1,1,False,3,72,18
47158,1,1,False,3,72,18
47160,1,1,False,3,72,18
47166,1,1,False,2,179,13
47169,1,1,False,2,2052,15
47170,1,1,False,2,2052,15
47171,1,1,False,2,2052,15
47172,1,1,False,0,-1,4
47176,1,1,False,2,2,14
47179,1,1,False,2,68,12
47181,1,1,False,0,-1,5
47182,1,1,False,0,-1,27
47183,1,1,False,1,2053,15
47185,1,1,False,0,-1,13
47187,1,1,False,2,2,5
47189,1,1,False,2,2,5
47196,1,1,False,2,25,8
47199,1,1,False,2,2054,14
47200,1,1,False,2,2054,14
47201,1,1,False,2,2054,14
47202,1,1,False,1,86,12
47204,1,1,False,1,2055,12
47205,1,1,False,1,2055,12
47208,1,1,False,1,2056,14
47209,1,1,False,1,2056,14
47214,1,1,False,0,-1,12
47216,1,1,False,0,-1,18
47217,1,1,False,0,-1,4
47221,1,1,False,0,-1,4
47222,1,1,False,2,3,12
47227,1,1,False,3,2,8
47228,1,1,False,3,2,8
47229,1,1,False,3,2,8
47230,1,1,False,0,-1,11
47231,1,1,False,0,-1,4
47233,1,1,False,0,-1,5
47234,1,1,False,2,2,6
47239,1,1,False,0,-1,12
47240,1,1,False,2,2057,5
47241,1,1,False,2,2057,5
47242,1,1,False,2,2057,5
47243,1,1,False,0,-1,15
47245,1,1,False,1,53,23
47246,1,1,False,2,2058,8
47247,1,1,False,2,2058,8
47248,1,1,False,2,2058,8
47250,1,1,False,2,0,9
47252,1,1,False,1,2059,12
47253,1,1,False,1,2059,12
47255,1,1,False,1,35,25
47259,1,1,False,1,2060,20
47260,1,1,False,1,2060,20
47261,1,1,False,1,139,15
47264,1,1,False,1,1068,20
47266,1,1,False,0,-1,17
47269,1,1,False,2,2,20
47270,1,1,False,1,12,14
47272,1,1,False,0,-1,7
47273,1,1,False,1,2061,12
47274,1,1,False,1,2061,12
47278,1,1,False,2,45,28
47279,1,1,False,2,45,28
47281,1,1,False,0,-1,20
47282,1,1,False,0,-1,5
47284,1,1,False,2,2,11
47288,1,1,False,1,53,18
47290,1,1,False,0,-1,17
47292,1,1,False,1,2,23
47294,1,1,False,0,-1,7
47297,1,1,False,1,16,13
47302,1,1,False,1,59,9
47303,1,1,False,0,-1,25
47306,1,1,False,2,80,5
47307,1,1,False,2,80,5
47308,1,1,False,0,-1,12
47310,1,1,False,0,-1,24
47311,1,1,False,0,-1,7
47312,1,1,False,1,72,23
47315,1,1,False,1,2062,22
47316,1,1,False,1,2062,22
47318,1,1,False,2,53,15
47321,1,1,False,0,-1,1
47322,1,1,False,0,-1,15
47324,1,1,False,0,-1,11
47331,1,1,False,1,97,28
47339,1,1,False,2,97,14
47340,1,1,False,0,-1,9
47341,1,1,False,0,-1,13
47345,1,1,False,1,2063,12
47346,1,1,False,1,2063,12
47351,1,1,False,0,-1,18
47352,1,1,False,2,2064,17
47353,1,1,False,2,2064,17
47354,1,1,False,2,2064,17
47356,1,1,False,0,-1,12
47357,1,1,False,0,-1,21
47360,1,1,False,0,-1,18
47361,1,1,False,0,-1,8
47362,1,1,False,0,-1,12
47363,1,1,False,0,-1,12
47365,1,1,False,0,-1,20
47366,1,1,False,1,2,14
47368,1,1,False,0,-1,18
47370,1,1,False,1,3,12
47373,1,1,False,2,12,6
47374,1,1,False,2,12,6
47379,1,1,False,1,2,18
47381,1,1,False,1,97,14
47382,1,1,False,2,22,5
47387,1,1,False,3,68,11
47388,1,1,False,3,68,11
47392,1,1,False,3,25,4
47396,1,1,False,0,-1,6
47397,1,1,False,0,-1,13
47398,1,1,False,1,2065,1
47399,1,1,False,1,2065,1
47403,1,1,False,2,44,12
47410,1,1,False,0,-1,14
47415,1,1,False,1,2,4
47418,1,1,False,2,10,15
47420,1,1,False,0,-1,13
47422,1,1,False,1,2,6
47425,1,1,False,1,482,8
47431,1,1,False,0,-1,28
47434,1,1,False,2,2066,2
47435,1,1,False,2,2066,2
47436,1,1,False,2,2066,2
47438,1,1,False,0,-1,17
47440,1,1,False,0,-1,27
47441,1,1,False,1,30,12
47445,1,1,False,1,95,5
47446,1,1,False,1,2,18
47449,1,1,False,0,-1,21
47451,1,1,False,1,53,18
47452,1,1,False,1,2067,12
47453,1,1,False,1,2067,12
47454,1,1,False,0,-1,12
47455,1,1,False,2,30,7
47462,1,1,False,2,53,12
47463,1,1,False,2,53,12
47465,1,1,False,1,25,5
47467,1,1,False,2,2,12
47469,1,1,False,0,-1,18
47470,1,1,False,2,2068,5
47471,1,1,False,2,2068,5
47472,1,1,False,2,2068,5
47479,1,1,False,3,2,5
47482,1,1,False,3,2,5
47483,1,1,False,1,22,20
47485,1,1,False,0,-1,28
47488,1,1,False,2,6,5
47489,1,1,False,0,-1,17
47495,1,1,False,2,62,4
47498,1,1,False,0,-1,25
47499,1,1,False,1,2069,18
47500,1,1,False,1,2069,18
47508,1,1,False,0,-1,18
47511,1,1,False,1,2070,20
47512,1,1,False,1,2070,20
47517,1,1,False,0,-1,5
47518,1,1,False,2,2071,25
47519,1,1,False,2,2071,25
47520,1,1,False,2,2071,25
47521,1,1,False,1,2072,19
47522,1,1,False,1,2072,19
47523,1,1,False,1,2073,12
47524,1,1,False,1,2073,12
47527,1,1,False,2,70,13
47528,1,1,False,0,-1,9
47532,1,1,False,1,2,12
47535,1,1,False,1,2074,8
47536,1,1,False,1,2074,8
47537,1,1,False,1,2075,21
47538,1,1,False,1,2075,21
47541,1,1,False,2,53,20
47545,1,1,False,3,56,21
47547,1,1,False,3,56,21
47549,1,1,False,1,14,12
47551,1,1,False,3,52,12
47553,1,1,False,3,52,12
47556,1,1,False,0,-1,12
47560,1,1,False,3,2,20
47561,1,1,False,3,2,20
47566,1,1,False,1,53,12
47567,1,1,False,0,-1,13
47568,1,1,False,0,-1,8
47570,1,1,False,1,2,18
47571,1,1,False,0,-1,13
47572,1,1,False,0,-1,8
47573,1,1,False,0,-1,12
47574,1,1,False,1,2076,12
47575,1,1,False,1,2076,12
47577,1,1,False,0,-1,9
47578,1,1,False,1,0,18
47581,1,1,False,1,30,18
47583,1,1,False,0,-1,13
47585,1,1,False,0,-1,27
47587,1,1,False,2,1,20
47590,1,1,False,3,53,16
47592,1,1,False,3,53,16
47593,1,1,False,0,-1,25
47594,1,1,False,0,-1,28
47595,1,1,False,1,2077,16
47597,1,1,False,1,2,4
47600,1,1,False,2,25,26
47602,1,1,False,0,-1,17
47605,1,1,False,0,-1,5
47612,1,1,False,3,2,18
47615,1,1,False,0,-1,27
47617,1,1,False,0,-1,18
47618,1,1,False,0,-1,18
47619,1,1,False,1,2078,12
47620,1,1,False,1,2078,12
47622,1,1,False,1,2,18
47623,1,1,False,1,72,14
47626,1,1,False,1,105,14
47628,1,1,False,1,2079,18
47629,1,1,False,1,2079,18
47637,1,1,False,0,-1,2
47638,1,1,False,0,-1,20
47640,1,1,False,1,2080,5
47641,1,1,False,1,2080,5
47642,1,1,False,0,-1,22
47643,1,1,False,0,-1,18
47645,1,1,False,0,-1,20
47646,1,1,False,0,-1,20
47649,1,1,False,3,58,17
47651,1,1,False,1,1779,18
47654,1,1,False,1,73,12
47657,1,1,False,3,30,21
47659,1,1,False,3,30,21
47662,1,1,False,1,1371,10
47664,1,1,False,0,-1,5
47665,1,1,False,0,-1,14
47666,1,1,False,0,-1,24
47667,1,1,False,1,44,14
47671,1,1,False,1,53,18
47673,1,1,False,0,-1,12
47674,1,1,False,0,-1,5
47677,1,1,False,1,2081,3
47678,1,1,False,1,2081,3
47682,1,1,False,3,93,6
47693,1,1,False,1,2082,14
47694,1,1,False,1,2082,14
47695,1,1,False,1,2,15
47698,1,1,False,0,-1,14
47699,1,1,False,0,-1,13
47702,1,1,False,0,-1,18
47708,1,1,False,0,-1,14
47709,1,1,False,0,-1,8
47713,1,1,False,1,2,20
47719,1,1,False,1,3,12
47722,1,1,False,1,179,18
47724,1,1,False,1,2083,5
47727,1,1,False,1,68,12
47728,1,1,False,0,-1,1
47729,1,1,False,1,2084,22
47730,1,1,False,1,2084,22
47733,1,1,False,0,-1,12
47737,1,1,False,1,2085,13
47738,1,1,False,1,2085,13
47739,1,1,False,0,-1,20
47741,1,1,False,1,72,12
47745,1,1,False,2,1698,24
47747,1,1,False,0,-1,5
47748,1,1,False,1,3,14
47750,1,1,False,0,-1,5
47752,1,1,False,2,114,5
47753,1,1,False,2,114,5
47756,1,1,False,2,53,4
47757,1,1,False,2,53,4
47759,1,1,False,1,72,13
47760,1,1,False,0,-1,18
47761,1,1,False,2,2,7
47762,1,1,False,2,2,7
47764,1,1,False,1,2086,4
47765,1,1,False,1,2086,4
47770,1,1,False,1,64,17
47772,1,1,False,2,72,4
47774,1,1,False,2,72,4
47775,1,1,False,0,-1,18
47778,1,1,False,2,2,9
47780,1,1,False,1,10,14
47786,1,1,False,0,-1,14
47787,1,1,False,0,-1,25
47788,1,1,False,0,-1,27
47792,1,1,False,3,2087,14
47793,1,1,False,3,2087,14
47794,1,1,False,3,2087,14
47795,1,1,False,3,2087,14
47796,1,1,False,0,-1,12
47805,1,1,False,2,28,14
47810,1,1,False,0,-1,15
47811,1,1,False,1,2,14
47813,1,1,False,0,-1,4
47814,1,1,False,1,97,6
47819,1,1,False,1,2088,25
47820,1,1,False,0,-1,17
47829,1,1,False,2,97,5
47831,1,1,False,0,-1,18
47834,1,1,False,1,26,5
47835,1,1,False,0,-1,20
47837,1,1,False,2,2089,4
47838,1,1,False,2,2089,4
47839,1,1,False,0,-1,19
47840,1,1,False,0,-1,13
47846,1,1,False,0,-1,18
47847,1,1,False,1,2090,9
47848,1,1,False,1,2090,9
47851,1,1,False,3,142,12
47852,1,1,False,3,142,12
47856,1,1,False,1,2091,5
47857,1,1,False,1,2091,5
47858,1,1,False,0,-1,14
47859,1,1,False,0,-1,25
47862,1,1,False,2,97,22
47864,1,1,False,0,-1,20
47868,1,1,False,0,-1,12
47869,1,1,False,1,139,27
47872,1,1,False,0,-1,15
47873,1,1,False,0,-1,18
47876,1,1,False,2,97,15
47878,1,1,False,1,2092,14
47879,1,1,False,1,2092,14
47881,1,1,False,1,2093,4
47882,1,1,False,1,2093,4
47883,1,1,False,0,-1,20
47884,1,1,False,1,2094,25
47885,1,1,False,1,2094,25
47886,1,1,False,3,53,5
47887,1,1,False,3,53,5
47889,1,1,False,3,53,5
47890,1,1,False,0,-1,22
47891,1,1,False,0,-1,24
47892,1,1,False,1,2095,12
47893,1,1,False,1,2095,12
47895,1,1,False,2,137,26
47896,1,1,False,2,137,26
47897,1,1,False,0,-1,5
47898,1,1,False,0,-1,12
47899,1,1,False,0,-1,25
47901,1,1,False,1,25,20
47902,1,1,False,0,-1,14
47903,1,1,False,0,-1,13
47904,1,1,False,0,-1,9
47905,1,1,False,0,-1,12
47908,1,1,False,1,2096,9
47909,1,1,False,1,2096,9
47911,1,1,False,0,-1,14
47912,1,1,False,2,22,12
47915,1,1,False,1,72,23
47920,1,1,False,1,53,27
47922,1,1,False,1,2097,27
47923,1,1,False,1,2097,27
47924,1,1,False,0,-1,12
47925,1,1,False,0,-1,26
47926,1,1,False,2,63,15
47930,1,1,False,0,-1,12
47931,1,1,False,0,-1,5
47933,1,1,False,0,-1,12
47939,1,1,False,3,10,20
47941,1,1,False,3,10,20
47943,1,1,False,0,-1,13
47945,1,1,False,1,0,23
47947,1,1,False,3,53,19
47952,1,1,False,2,2098,26
47953,1,1,False,2,2098,26
47954,1,1,False,2,2098,26
47955,1,1,False,0,-1,13
47957,1,1,False,1,62,5
47959,1,1,False,0,-1,25
47960,1,1,False,1,2099,12
47961,1,1,False,1,2099,12
47962,1,1,False,0,-1,5
47963,1,1,False,2,25,13
47965,1,1,False,2,25,13
47966,1,1,False,0,-1,6
47967,1,1,False,0,-1,12
47968,1,1,False,2,14,8
47971,1,1,False,0,-1,13
47974,1,1,False,0,-1,27
47975,1,1,False,0,-1,20
47978,1,1,False,1,26,14
47981,1,1,False,3,95,24
47983,1,1,False,3,95,24
47984,1,1,False,3,95,24
47985,1,1,False,0,-1,22
47987,1,1,False,1,26,20
47989,1,1,False,0,-1,20
47990,1,1,False,0,-1,9
47992,1,1,False,0,-1,12
47993,1,1,False,1,135,24
47995,1,1,False,0,-1,12
47996,1,1,False,1,31,22
48000,1,1,False,3,105,12
48003,1,1,False,0,-1,21
48004,1,1,False,0,-1,12
48005,1,1,False,0,-1,12
48006,1,1,False,0,-1,11
48009,1,1,False,0,-1,4
48012,1,1,False,2,126,5
48013,1,1,False,0,-1,9
48016,1,1,False,2,12,15
48020,1,1,False,0,-1,20
48023,1,1,False,2,7,14
48024,1,1,False,2,7,14
48027,1,1,False,1,2100,17
48028,1,1,False,1,2100,17
48029,1,1,False,0,-1,12
48031,1,1,False,0,-1,2
48035,1,1,False,3,135,15
48037,1,1,False,0,-1,12
48046,1,1,False,3,105,13
48051,1,1,False,1,86,18
48052,1,1,False,1,137,12
48054,1,1,False,1,14,25
48056,1,1,False,1,2101,8
48057,1,1,False,1,2101,8
48061,1,1,False,0,-1,8
48062,1,1,False,0,-1,17
48063,1,1,False,0,-1,2
48064,1,1,False,2,137,25
48068,1,1,False,2,237,8
48069,1,1,False,2,237,8
48070,1,1,False,0,-1,18
48073,1,1,False,2,51,27
48075,1,1,False,1,12,24
48078,1,1,False,0,-1,21
48079,1,1,False,1,30,24
48090,1,1,False,1,68,14
48092,1,1,False,0,-1,6
48097,1,1,False,0,-1,13
48098,1,1,False,0,-1,18
48099,1,1,False,0,-1,22
48103,1,1,False,2,51,2
48104,1,1,False,1,2102,12
48105,1,1,False,1,2102,12
48106,1,1,False,0,-1,18
48107,1,1,False,0,-1,9
48117,1,1,False,1,51,8
48118,1,1,False,1,2103,5
48119,1,1,False,1,2103,5
48122,1,1,False,2,2104,4
48123,1,1,False,2,2104,4
48124,1,1,False,2,2104,4
48125,1,1,False,2,237,1
48128,1,1,False,0,-1,9
48129,1,1,False,0,-1,3
48135,1,1,False,3,137,26
48138,1,1,False,2,6,12
48143,1,1,False,1,2105,11
48144,1,1,False,1,2105,11
48145,1,1,False,0,-1,8
48152,1,1,False,1,48,12
48155,1,1,False,1,294,18
48156,1,1,False,0,-1,12
48158,1,1,False,0,-1,8
48159,1,1,False,1,2106,6
48160,1,1,False,1,2106,6
48164,1,1,False,1,26,24
48166,1,1,False,2,51,17
48167,1,1,False,2,51,17
48175,1,1,False,1,2107,12
48176,1,1,False,1,2107,12
48178,1,1,False,1,12,5
48179,1,1,False,0,-1,7
48180,1,1,False,1,3,13
48187,1,1,False,0,-1,18
48190,1,1,False,1,86,16
48191,1,1,False,1,51,12
48194,1,1,False,1,294,5
48195,1,1,False,0,-1,20
48197,1,1,False,0,-1,28
48199,1,1,False,2,86,27
48200,1,1,False,2,86,27
48202,1,1,False,1,51,12
48205,1,1,False,2,12,12
48206,1,1,False,2,12,12
48207,1,1,False,0,-1,2
48209,1,1,False,1,2108,13
48210,1,1,False,1,2108,13
48213,1,1,False,1,30,12
48214,1,1,False,0,-1,10
48215,1,1,False,1,2109,18
48216,1,1,False,1,2109,18
48217,1,1,False,2,12,13
48224,1,1,False,0,-1,12
48225,1,1,False,1,105,13
48231,1,1,False,3,18,18
48233,1,1,False,3,18,18
48238,1,1,False,2,59,14
48240,1,1,False,1,73,5
48242,1,1,False,0,-1,21
48246,1,1,False,1,86,24
48250,1,1,False,0,-1,18
48253,1,1,False,1,111,17
48254,1,1,False,0,-1,8
48255,1,1,False,3,93,5
48256,1,1,False,3,93,5
48258,1,1,False,3,93,5
48260,1,1,False,1,86,14
48261,1,1,False,2,51,5
48262,1,1,False,2,51,5
48266,1,1,False,0,-1,18
48268,1,1,False,0,-1,8
48272,1,1,False,1,10,13
48274,1,1,False,1,2110,17
48275,1,1,False,1,2110,17
48276,1,1,False,3,44,4
48278,1,1,False,3,44,4
48282,1,1,False,3,30,5
48283,1,1,False,3,30,5
48284,1,1,False,3,30,5
48285,1,1,False,2,28,12
48289,1,1,False,1,3,14
48293,1,1,False,3,54,9
48296,1,1,False,3,1,12
48298,1,1,False,1,137,12
48300,1,1,False,0,-1,26
48303,1,1,False,0,-1,18
48304,1,1,False,1,26,13
48307,1,1,False,1,12,12
48309,1,1,False,2,35,17
48310,1,1,False,2,35,17
48311,1,1,False,0,-1,18
48314,1,1,False,2,237,13
48316,1,1,False,1,2111,12
48317,1,1,False,1,2111,12
48318,1,1,False,0,-1,9
48323,1,1,False,0,-1,20
48326,1,1,False,1,124,12
48328,1,1,False,0,-1,13
48331,1,1,False,0,-1,17
48332,1,1,False,1,2112,13
48333,1,1,False,1,2112,13
48335,1,1,False,3,294,17
48338,1,1,False,3,294,17
48340,1,1,False,1,30,20
48344,1,1,False,1,142,27
48345,1,1,False,2,86,20
48346,1,1,False,2,86,20
48350,1,1,False,0,-1,3
48351,1,1,False,0,-1,15
48352,1,1,False,2,70,11
48354,1,1,False,2,70,11
48360,1,1,False,0,-1,13
48364,1,1,False,2,86,18
48365,1,1,False,2,86,18
48370,1,1,False,1,30,15
48371,1,1,False,0,-1,2
48372,1,1,False,1,2113,14
48373,1,1,False,1,2113,14
48374,1,1,False,1,2114,7
48375,1,1,False,1,2114,7
48377,1,1,False,1,52,5
48379,1,1,False,1,43,18
48382,1,1,False,1,111,27
48385,1,1,False,2,51,12
48386,1,1,False,2,137,18
48388,1,1,False,2,137,18
48391,1,1,False,0,-1,22
48393,1,1,False,1,2115,23
48394,1,1,False,1,2115,23
48398,1,1,False,1,86,17
48400,1,1,False,2,237,5
48404,1,1,False,1,2116,14
48405,1,1,False,1,2116,14
48408,1,1,False,2,18,14
48409,1,1,False,2,18,14
48413,1,1,False,3,7,15
48415,1,1,False,2,86,12
48420,1,1,False,0,-1,12
48422,1,1,False,0,-1,17
48426,1,1,False,3,54,22
48427,1,1,False,0,-1,12
48430,1,1,False,1,86,12
48434,1,1,False,1,2117,11
48435,1,1,False,1,2117,11
48437,1,1,False,0,-1,5
48445,1,1,False,0,-1,4
48446,1,1,False,0,-1,18
48448,1,1,False,2,86,24
48455,1,1,False,0,-1,22
48457,1,1,False,2,2118,14
48458,1,1,False,2,2118,14
48459,1,1,False,2,2118,14
48463,1,1,False,3,126,14
48464,1,1,False,3,126,14
48466,1,1,False,0,-1,27
48467,1,1,False,0,-1,13
48470,1,1,False,1,3,20
48475,1,1,False,0,-1,26
48478,1,1,False,0,-1,5
48481,1,1,False,1,294,27
48484,1,1,False,1,114,12
48487,1,1,False,0,-1,18
48488,1,1,False,0,-1,11
48492,1,1,False,3,126,1
48494,1,1,False,3,126,1
48495,1,1,False,1,2119,12
48496,1,1,False,1,2119,12
48501,1,1,False,1,237,9
48505,1,1,False,1,2120,5
48506,1,1,False,1,2120,5
48509,1,1,False,1,43,16
48514,1,1,False,3,86,3
48517,1,1,False,2,30,20
48521,1,1,False,0,-1,6
48525,1,1,False,2,111,4
48526,1,1,False,2,111,4
48527,1,1,False,0,-1,15
48529,1,1,False,0,-1,26
48536,1,1,False,0,-1,13
48537,1,1,False,0,-1,5
48539,1,1,False,1,2121,16
48541,1,1,False,2,27,20
48543,1,1,False,2,27,20
48547,1,1,False,0,-1,4
48550,1,1,False,2,1855,21
48551,1,1,False,2,1855,21
48557,1,1,False,0,-1,12
48558,1,1,False,1,2122,8
48559,1,1,False,1,2122,8
48560,1,1,False,0,-1,25
48561,1,1,False,0,-1,5
48564,1,1,False,2,25,28
48565,1,1,False,2,25,28
48567,1,1,False,0,-1,5
48571,1,1,False,2,86,25
48576,1,1,False,1,105,18
48581,1,1,False,1,2123,11
48582,1,1,False,1,2123,11
48588,1,1,False,0,-1,12
48590,1,1,False,3,126,8
48592,1,1,False,3,126,8
48593,1,1,False,3,126,8
48594,1,1,False,2,2124,25
48595,1,1,False,2,2124,25
48596,1,1,False,2,2124,25
48601,1,1,False,2,12,7
48603,1,1,False,1,2125,20
48604,1,1,False,1,2125,20
48608,1,1,False,1,3,16
48609,1,1,False,0,-1,10
48611,1,1,False,1,2126,17
48612,1,1,False,1,2126,17
48613,1,1,False,0,-1,12
48614,1,1,False,0,-1,20
48618,1,1,False,1,59,13
48620,1,1,False,0,-1,18
48622,1,1,False,3,59,12
48623,1,1,False,3,59,12
48624,1,1,False,3,59,12
48626,1,1,False,1,2127,5
48627,1,1,False,1,2127,5
48630,1,1,False,3,12,5
48633,1,1,False,0,-1,13
48634,1,1,False,0,-1,4
48642,1,1,False,0,-1,11
48643,1,1,False,0,-1,20
48644,1,1,False,2,80,9
48653,1,1,False,1,48,17
48654,1,1,False,1,30,9
48657,1,1,False,0,-1,26
48659,1,1,False,2,12,4
48661,1,1,False,2,12,4
48662,1,1,False,0,-1,27
48666,1,1,False,2,2,12
48669,1,1,False,0,-1,14
48670,1,1,False,0,-1,5
48678,1,1,False,0,-1,14
48683,1,1,False,1,6,15
48687,1,1,False,3,10,12
48688,1,1,False,3,10,12
48690,1,1,False,0,-1,4
48698,1,1,False,2,27,23
48701,1,1,False,1,59,4
48705,1,1,False,3,105,8
48709,1,1,False,2,6,28
48711,1,1,False,0,-1,28
48713,1,1,False,3,137,5
48715,1,1,False,3,137,5
48716,1,1,False,1,51,23
48719,1,1,False,0,-1,9
48721,1,1,False,1,2128,13
48724,1,1,False,1,2129,22
48725,1,1,False,1,2129,22
48728,1,1,False,2,137,5
48729,1,1,False,2,137,5
48732,1,1,False,2,30,20
48735,1,1,False,3,137,15
48736,1,1,False,3,137,15
48740,1,1,False,3,51,5
48743,1,1,False,2,137,18
48745,1,1,False,2,137,18
48752,1,1,False,2,161,3
48754,1,1,False,2,161,3
48755,1,1,False,1,72,10
48757,1,1,False,1,86,12
48762,1,1,False,2,105,26
48764,1,1,False,2,105,26
48768,1,1,False,3,51,24
48770,1,1,False,1,12,7
48774,1,1,False,3,30,1
48775,1,1,False,3,30,1
48778,1,1,False,3,237,9
48779,1,1,False,3,237,9
48788,1,1,False,0,-1,14
48794,1,1,False,0,-1,22
48796,1,1,False,2,58,15
48802,1,1,False,1,2130,20
48807,1,1,False,2,105,12
48810,1,1,False,2,105,18
48813,1,1,False,1,86,12
48816,1,1,False,0,-1,12
48817,1,1,False,0,-1,12
48820,1,1,False,0,-1,9
48821,1,1,False,0,-1,18
48823,1,1,False,0,-1,17
48824,1,1,False,0,-1,13
48827,1,1,False,0,-1,17
48828,1,1,False,0,-1,12
48830,1,1,False,2,30,12
48831,1,1,False,2,30,12
48833,1,1,False,1,2131,9
48834,1,1,False,1,2131,9
48836,1,1,False,0,-1,13
48838,1,1,False,2,45,15
48841,1,1,False,3,137,12
48843,1,1,False,3,137,12
48845,1,1,False,0,-1,21
48847,1,1,False,1,179,8
48848,1,1,False,0,-1,18
48850,1,1,False,3,48,15
48851,1,1,False,3,48,15
48853,1,1,False,3,48,15
48854,1,1,False,0,-1,12
48857,1,1,False,1,1698,15
48859,1,1,False,0,-1,12
48860,1,1,False,0,-1,4
48861,1,1,False,0,-1,9
48862,1,1,False,3,53,10
48864,1,1,False,3,53,10
48865,1,1,False,3,53,10
48866,1,1,False,1,2132,20
48868,1,1,False,3,23,1
48869,1,1,False,3,23,1
48870,1,1,False,3,23,1
48872,1,1,False,0,-1,20
48873,1,1,False,1,31,14
48875,1,1,False,1,114,8
48877,1,1,False,0,-1,12
48880,1,1,False,1,2133,18
48882,1,1,False,1,22,4
48891,1,1,False,0,-1,13
48897,1,1,False,0,-1,8
48899,1,1,False,1,106,5
48901,1,1,False,1,2134,8
48902,1,1,False,1,2134,8
48908,1,1,False,1,2135,12
48909,1,1,False,1,2135,12
48913,1,1,False,0,-1,6
48918,1,1,False,1,80,12
48924,1,1,False,3,51,5
48931,1,1,False,2,2136,17
48932,1,1,False,2,2136,17
48933,1,1,False,2,2136,17
48934,1,1,False,0,-1,15
48935,1,1,False,1,2137,12
48936,1,1,False,1,2137,12
48939,1,1,False,0,-1,12
48943,1,1,False,0,-1,13
48949,1,1,False,0,-1,5
48950,1,1,False,3,63,12
48953,1,1,False,3,63,12
48955,1,1,False,1,51,14
48962,1,1,False,3,105,12
48965,1,1,False,0,-1,22
48966,1,1,False,1,44,17
48968,1,1,False,0,-1,13
48971,1,1,False,2,73,9
48972,1,1,False,2,73,9
48975,1,1,False,0,-1,5
48977,1,1,False,2,53,24
48980,1,1,False,2,135,18
48982,1,1,False,2,135,18
48985,1,1,False,0,-1,6
48990,1,1,False,1,2138,11
48991,1,1,False,1,2138,11
48995,1,1,False,2,137,20
48996,1,1,False,0,-1,20
48999,1,1,False,1,105,18
49001,1,1,False,0,-1,4
49003,1,1,False,1,18,8
49006,1,1,False,0,-1,18
49007,1,1,False,0,-1,9
49011,1,1,False,3,237,5
49012,1,1,False,0,-1,5
49013,1,1,False,2,12,22
49015,1,1,False,2,12,22
49016,1,1,False,0,-1,6
49017,1,1,False,1,54,5
49019,1,1,False,1,12,12
49021,1,1,False,0,-1,28
49023,1,1,False,0,-1,22
49025,1,1,False,2,12,9
49026,1,1,False,2,12,9
49028,1,1,False,1,2139,11
49030,1,1,False,0,-1,20
49031,1,1,False,1,45,4
49035,1,1,False,2,3,4
49036,1,1,False,2,3,4
49038,1,1,False,3,3,13
49039,1,1,False,3,3,13
49040,1,1,False,3,3,13
49042,1,1,False,1,72,20
49047,1,1,False,2,86,12
49049,1,1,False,0,-1,12
49051,1,1,False,0,-1,6
49052,1,1,False,0,-1,12
49055,1,1,False,0,-1,17
49056,1,1,False,1,6,4
49059,1,1,False,0,-1,18
49060,1,1,False,0,-1,8
49061,1,1,False,0,-1,12
49062,1,1,False,0,-1,13
49063,1,1,False,0,-1,20
49064,1,1,False,0,-1,12
49065,1,1,False,0,-1,5
49068,1,1,False,0,-1,12
49070,1,1,False,3,93,5
49078,1,1,False,3,12,13
49080,1,1,False,3,12,13
49081,1,1,False,0,-1,18
49082,1,1,False,2,2140,17
49084,1,1,False,2,2140,17
49089,1,1,False,3,58,13
49092,1,1,False,1,2141,25
49096,1,1,False,0,-1,4
49098,1,1,False,2,97,12
49100,1,1,False,0,-1,20
49107,1,1,False,1,6,12
49110,1,1,False,3,105,13
49111,1,1,False,3,105,13
49114,1,1,False,2,237,8
49116,1,1,False,2,237,8
49117,1,1,False,1,2142,17
49118,1,1,False,1,2142,17
49119,1,1,False,1,73,5
49121,1,1,False,0,-1,12
49124,1,1,False,0,-1,17
49127,1,1,False,3,18,25
49128,1,1,False,3,18,25
49130,1,1,False,2,2143,15
49131,1,1,False,2,2143,15
49132,1,1,False,2,2143,15
49134,1,1,False,0,-1,12
49135,1,1,False,2,135,6
49141,1,1,False,1,30,5
49143,1,1,False,0,-1,25
49145,1,1,False,1,237,13
49149,1,1,False,1,30,13
49159,1,1,False,3,105,12
49167,1,1,False,1,2144,10
49168,1,1,False,1,2144,10
49174,1,1,False,1,12,12
49175,1,1,False,0,-1,6
49176,1,1,False,0,-1,5
49177,1,1,False,3,2145,25
49178,1,1,False,3,2145,25
49179,1,1,False,3,2145,25
49180,1,1,False,3,2145,25
49181,1,1,False,0,-1,18
49182,1,1,False,0,-1,9
49184,1,1,False,1,10,20
49188,1,1,False,2,12,21
49189,1,1,False,2,2146,25
49190,1,1,False,2,2146,25
49191,1,1,False,2,2146,25
49192,1,1,False,0,-1,28
49193,1,1,False,1,2147,18
49194,1,1,False,1,2147,18
49195,1,1,False,1,51,14
49198,1,1,False,0,-1,4
49201,1,1,False,0,-1,18
49203,1,1,False,1,12,13
49204,1,1,False,0,-1,17
49205,1,1,False,0,-1,24
49206,1,1,False,0,-1,18
49229,1,1,False,2,114,20
49231,1,1,False,3,135,5
49233,1,1,False,3,135,5
49235,1,1,False,0,-1,12
49239,1,1,False,0,-1,28
49240,1,1,False,2,0,18
49242,1,1,False,2,0,18
49246,1,1,False,2,86,14
49248,1,1,False,2,86,14
49250,1,1,False,2,70,9
49254,1,1,False,0,-1,20
49256,1,1,False,0,-1,4
49258,1,1,False,2,0,18
49265,1,1,False,3,137,4
49270,1,1,False,1,64,5
49271,1,1,False,0,-1,12
49272,1,1,False,0,-1,15
49275,1,1,False,1,2148,12
49276,1,1,False,1,2148,12
49280,1,1,False,1,80,4
49282,1,1,False,1,2149,11
49283,1,1,False,1,2149,11
49284,1,1,False,0,-1,5
49285,1,1,False,1,114,4
49288,1,1,False,1,12,5
49289,1,1,False,0,-1,12
49293,1,1,False,3,26,18
49294,1,1,False,0,-1,12
49295,1,1,False,0,-1,12
49300,1,1,False,1,126,18
49304,1,1,False,3,12,25
49305,1,1,False,3,12,25
49306,1,1,False,3,10,14
49309,1,1,False,3,10,14
49311,1,1,False,1,30,9
49314,1,1,False,0,-1,12
49316,1,1,False,1,51,19
49317,1,1,False,1,105,9
49319,1,1,False,1,2150,4
49320,1,1,False,1,2150,4
49321,1,1,False,0,-1,12
49326,1,1,False,2,64,18
49328,1,1,False,0,-1,12
49331,1,1,False,2,43,20
49332,1,1,False,2,43,20
49335,1,1,False,2,105,24
49336,1,1,False,2,105,24
49337,1,1,False,0,-1,20
49343,1,1,False,1,345,25
49346,1,1,False,0,-1,2
49347,1,1,False,3,64,5
49348,1,1,False,3,64,5
49354,1,1,False,0,-1,9
49359,1,1,False,3,97,14
49360,1,1,False,3,97,14
49363,1,1,False,1,2152,17
49364,1,1,False,1,2152,17
49371,1,1,False,1,179,21
49372,1,1,False,1,30,4
49375,1,1,False,0,-1,21
49376,1,1,False,2,19,18
49384,1,1,False,1,221,22
49386,1,1,False,1,1,18
49387,1,1,False,3,30,9
49390,1,1,False,3,30,9
49393,1,1,False,2,74,13
49394,1,1,False,2,74,13
49396,1,1,False,1,44,5
49397,1,1,False,1,105,21
49399,1,1,False,0,-1,11
49401,1,1,False,1,1,12
49404,1,1,False,2,137,12
49406,1,1,False,2,58,26
49408,1,1,False,2,58,26
49409,1,1,False,2,48,12
49411,1,1,False,2,48,12
49413,1,1,False,0,-1,5
49418,1,1,False,0,-1,12
49420,1,1,False,1,2153,6
49421,1,1,False,1,2153,6
49422,1,1,False,0,-1,13
49423,1,1,False,2,30,18
49427,1,1,False,0,-1,18
49428,1,1,False,2,135,12
49431,1,1,False,0,-1,20
49433,1,1,False,3,294,12
49436,1,1,False,3,294,12
49438,1,1,False,1,12,12
49442,1,1,False,0,-1,20
49444,1,1,False,0,-1,14
49446,1,1,False,3,237,14
49451,1,1,False,0,-1,12
49454,1,1,False,2,22,18
49457,1,1,False,1,2154,5
49462,1,1,False,3,45,12
49465,1,1,False,2,161,18
49470,1,1,False,0,-1,12
49471,1,1,False,1,97,11
49474,1,1,False,0,-1,5
49477,1,1,False,0,-1,9
49478,1,1,False,0,-1,12
49482,1,1,False,3,12,12
49483,1,1,False,3,12,12
49484,1,1,False,3,30,5
49490,1,1,False,2,2155,9
49491,1,1,False,2,2155,9
49492,1,1,False,2,2155,9
49493,1,1,False,0,-1,4
49495,1,1,False,2,12,8
49499,1,1,False,2,111,15
49502,1,1,False,0,-1,15
49508,1,1,False,2,12,9
49512,1,1,False,1,12,17
49515,1,1,False,1,2156,22
49516,1,1,False,1,2156,22
49517,1,1,False,2,59,20
49520,1,1,False,0,-1,6
49523,1,1,False,2,86,26
49528,1,1,False,1,59,13
49529,1,1,False,1,73,4
49531,1,1,False,0,-1,15
49533,1,1,False,1,30,12
49535,1,1,False,0,-1,15
49536,1,1,False,2,44,20
49538,1,1,False,2,44,20
49539,1,1,False,2,59,15
49541,1,1,False,2,59,15
49546,1,1,False,1,105,12
49548,1,1,False,3,6,20
49549,1,1,False,3,6,20
49550,1,1,False,3,6,20
49554,1,1,False,3,59,27
49555,1,1,False,3,59,27
49564,1,1,False,0,-1,12
49569,1,1,False,0,-1,15
49571,1,1,False,2,86,9
49573,1,1,False,2,86,9
49577,1,1,False,0,-1,20
49578,1,1,False,0,-1,7
49582,1,1,False,1,2,15
49588,1,1,False,1,26,12
49590,1,1,False,2,3,9
49592,1,1,False,2,3,9
49594,1,1,False,0,-1,12
49596,1,1,False,3,62,12
49598,1,1,False,3,62,12
49599,1,1,False,3,62,12
49603,1,1,False,3,74,14
49605,1,1,False,3,74,14
49608,1,1,False,1,179,24
49610,1,1,False,1,37,9
49612,1,1,False,3,30,13
49613,1,1,False,3,30,13
49616,1,1,False,2,137,20
49620,1,1,False,3,30,25
49621,1,1,False,3,30,25
49622,1,1,False,3,30,25
49625,1,1,False,1,114,18
49626,1,1,False,0,-1,9
49627,1,1,False,0,-1,1
49629,1,1,False,1,2157,14
49630,1,1,False,1,2157,14
49633,1,1,False,0,-1,17
49634,1,1,False,1,237,5
49639,1,1,False,3,64,12
49640,1,1,False,0,-1,12
49641,1,1,False,0,-1,14
49642,1,1,False,0,-1,15
49644,1,1,False,0,-1,12
49646,1,1,False,1,2158,18
49647,1,1,False,1,2158,18
49648,1,1,False,1,70,5
49650,1,1,False,0,-1,21
49651,1,1,False,1,2159,18
49652,1,1,False,1,2159,18
49654,1,1,False,1,58,28
49656,1,1,False,0,-1,13
49660,1,1,False,1,2160,12
49661,1,1,False,1,2160,12
49666,1,1,False,1,2161,20
49668,1,1,False,1,142,12
49672,1,1,False,2,256,12
49673,1,1,False,2,256,12
49677,1,1,False,3,30,8
49678,1,1,False,3,30,8
49679,1,1,False,3,2162,2
49680,1,1,False,3,2162,2
49682,1,1,False,3,2162,2
49683,1,1,False,0,-1,12
49689,1,1,False,0,-1,9
49693,1,1,False,2,142,22
49695,1,1,False,0,-1,24
49702,1,1,False,0,-1,12
49708,1,1,False,2,80,9
49710,1,1,False,1,62,12
49713,1,1,False,0,-1,4
49716,1,1,False,2,51,9
49721,1,1,False,1,2163,14
49722,1,1,False,1,2163,14
49723,1,1,False,0,-1,12
49725,1,1,False,1,80,18
49726,1,1,False,0,-1,22
49730,1,1,False,0,-1,8
49732,1,1,False,2,25,13
49736,1,1,False,1,6,13
49739,1,1,False,1,53,13
49741,1,1,False,2,37,24
49744,1,1,False,0,-1,18
49750,1,1,False,2,22,12
49751,1,1,False,2,22,12
49755,1,1,False,2,48,13
49756,1,1,False,0,-1,20
49757,1,1,False,0,-1,12
49758,1,1,False,0,-1,14
49759,1,1,False,1,114,14
49761,1,1,False,0,-1,18
49767,1,1,False,1,2164,4
49768,1,1,False,1,2164,4
49769,1,1,False,0,-1,5
49770,1,1,False,2,2165,12
49771,1,1,False,2,2165,12
49772,1,1,False,2,2165,12
49773,1,1,False,0,-1,12
49774,1,1,False,0,-1,5
49775,1,1,False,1,126,25
49778,1,1,False,1,0,15
49780,1,1,False,1,2166,20
49781,1,1,False,1,2166,20
49783,1,1,False,0,-1,17
49785,1,1,False,1,20,2
49787,1,1,False,2,37,8
49788,1,1,False,2,37,8
49789,1,1,False,0,-1,13
49791,1,1,False,1,35,13
49793,1,1,False,1,80,20
49795,1,1,False,0,-1,4
49797,1,1,False,1,37,26
49804,1,1,False,0,-1,12
49807,1,1,False,2,1,11
49808,1,1,False,0,-1,13
49809,1,1,False,2,70,13
49810,1,1,False,2,70,13
49812,1,1,False,1,80,12
49814,1,1,False,0,-1,13
49815,1,1,False,0,-1,9
49819,1,1,False,2,37,5
49823,1,1,False,0,-1,20
49826,1,1,False,1,2167,5
49827,1,1,False,1,2167,5
49828,1,1,False,1,2168,14
49829,1,1,False,1,2168,14
49833,1,1,False,1,2169,11
49834,1,1,False,1,2169,11
49835,1,1,False,3,2170,15
49836,1,1,False,3,2170,15
49837,1,1,False,3,2170,15
49838,1,1,False,3,2170,15
49840,1,1,False,2,58,25
49848,1,1,False,1,23,24
49852,1,1,False,3,105,21
49854,1,1,False,3,105,21
49856,1,1,False,1,2171,18
49859,1,1,False,0,-1,5
49863,1,1,False,2,6,13
49864,1,1,False,2,6,13
49866,1,1,False,1,80,1
49874,1,1,False,0,-1,7
49878,1,1,False,2,12,18
49883,1,1,False,0,-1,4
49885,1,1,False,0,-1,21
49886,1,1,False,0,-1,3
49887,1,1,False,1,10,27
49889,1,1,False,0,-1,12
49892,1,1,False,0,-1,5
49893,1,1,False,2,2172,24
49894,1,1,False,2,2172,24
49895,1,1,False,2,2172,24
49896,1,1,False,0,-1,26
49897,1,1,False,0,-1,12
49900,1,1,False,1,25,13
49909,1,1,False,3,0,14
49913,1,1,False,1,2173,9
49916,1,1,False,3,80,12
49918,1,1,False,3,80,12
49919,1,1,False,3,80,12
49920,1,1,False,1,2174,15
49921,1,1,False,1,2174,15
49924,1,1,False,2,70,22
49925,1,1,False,0,-1,3
49927,1,1,False,2,126,21
49928,1,1,False,2,126,21
49929,1,1,False,2,51,8
49945,1,1,False,1,48,4
49947,1,1,False,3,48,23
49949,1,1,False,3,48,23
49952,1,1,False,3,25,18
49957,1,1,False,1,2175,14
49958,1,1,False,1,2175,14
49960,1,1,False,1,80,2
49965,1,1,False,0,-1,24
49968,1,1,False,1,37,14
49970,1,1,False,1,80,18
49973,1,1,False,0,-1,14
49974,1,1,False,0,-1,20
49975,1,1,False,0,-1,13
49977,1,1,False,0,-1,17
49978,1,1,False,0,-1,5
49981,1,1,False,0,-1,2
49982,1,1,False,0,-1,4
49985,1,1,False,2,72,14
49987,1,1,False,1,2,18
49988,1,1,False,0,-1,22
49989,1,1,False,0,-1,16
49990,1,1,False,3,126,12
49992,1,1,False,3,126,12
49995,1,1,False,1,111,12
49999,1,1,False,1,126,5
50003,1,1,False,1,2176,21
50004,1,1,False,1,2176,21
50009,1,1,False,1,51,5
50012,1,1,False,0,-1,12
50018,1,1,False,1,62,9
50020,1,1,False,0,-1,12
50026,1,1,False,0,-1,18
50027,1,1,False,3,68,14
50029,1,1,False,3,68,14
50031,1,1,False,0,-1,6
50032,1,1,False,0,-1,20
50035,1,1,False,3,23,18
50040,1,1,False,0,-1,12
50041,1,1,False,1,2177,18
50042,1,1,False,1,2177,18
50044,1,1,False,1,40,25
50045,1,1,False,2,126,22
50048,1,1,False,0,-1,23
50049,1,1,False,2,2178,28
50050,1,1,False,2,2178,28
50051,1,1,False,2,2178,28
50052,1,1,False,0,-1,25
50053,1,1,False,1,111,20
50055,1,1,False,1,2179,21
50056,1,1,False,1,2179,21
50061,1,1,False,0,-1,19
50062,1,1,False,0,-1,5
50066,1,1,False,2,126,5
50067,1,1,False,1,31,5
50074,1,1,False,1,2180,26
50075,1,1,False,1,2180,26
50076,1,1,False,3,62,24
50077,1,1,False,3,62,24
50078,1,1,False,3,62,24
50080,1,1,False,1,2181,12
50081,1,1,False,1,2181,12
50082,1,1,False,0,-1,13
50083,1,1,False,2,10,22
50085,1,1,False,2,10,22
50089,1,1,False,0,-1,20
50091,1,1,False,1,22,25
50092,1,1,False,0,-1,4
50094,1,1,False,3,126,12
50095,1,1,False,3,126,12
50100,1,1,False,1,2182,18
50102,1,1,False,2,53,13
50105,1,1,False,3,28,20
50106,1,1,False,3,28,20
50108,1,1,False,3,28,20
50111,1,1,False,0,-1,12
50112,1,1,False,0,-1,5
50117,1,1,False,2,12,6
50118,1,1,False,2,12,6
50119,1,1,False,0,-1,26
50120,1,1,False,2,70,14
50123,1,1,False,2,12,12
50125,1,1,False,2,12,12
50127,1,1,False,0,-1,18
50128,1,1,False,1,30,4
50134,1,1,False,1,2183,12
50135,1,1,False,1,2183,12
50136,1,1,False,0,-1,17
50137,1,1,False,3,95,4
50139,1,1,False,3,95,4
50140,1,1,False,3,95,4
50141,1,1,False,2,62,18
50142,1,1,False,2,62,18
50144,1,1,False,1,2184,5
50145,1,1,False,1,2184,5
50146,1,1,False,0,-1,3
50147,1,1,False,0,-1,5
50149,1,1,False,0,-1,12
50151,1,1,False,2,74,12
50152,1,1,False,2,74,12
50160,1,1,False,1,37,18
50163,1,1,False,2,2185,20
50164,1,1,False,2,2185,20
50165,1,1,False,2,2185,20
50171,1,1,False,1,2186,16
50173,1,1,False,1,179,8
50175,1,1,False,0,-1,12
50178,1,1,False,2,45,14
50179,1,1,False,2,45,14
50180,1,1,False,1,2187,9
50181,1,1,False,1,2187,9
50182,1,1,False,0,-1,12
50184,1,1,False,1,48,12
50186,1,1,False,0,-1,18
50189,1,1,False,3,37,14
50194,1,1,False,2,126,15
50196,1,1,False,1,53,18
50207,1,1,False,3,0,12
50209,1,1,False,1,52,14
50212,1,1,False,0,-1,3
50214,1,1,False,0,-1,12
50215,1,1,False,1,2188,13
50216,1,1,False,1,2188,13
50217,1,1,False,0,-1,18
50218,1,1,False,0,-1,27
50219,1,1,False,1,2189,4
50220,1,1,False,1,2189,4
50221,1,1,False,0,-1,7
50222,1,1,False,1,139,14
50225,1,1,False,0,-1,14
50227,1,1,False,1,0,20
50229,1,1,False,2,16,5
50234,1,1,False,3,37,14
50235,1,1,False,3,37,14
50238,1,1,False,0,-1,14
50240,1,1,False,0,-1,12
50242,1,1,False,1,2190,8
50243,1,1,False,0,-1,12
50245,1,1,False,0,-1,24
50247,1,1,False,0,-1,23
50249,1,1,False,0,-1,11
50250,1,1,False,1,51,12
50255,1,1,False,1,27,17
50257,1,1,False,0,-1,14
50259,1,1,False,0,-1,12
50260,1,1,False,3,106,5
50264,1,1,False,2,53,18
50266,1,1,False,2,53,18
50267,1,1,False,1,106,13
50270,1,1,False,1,37,18
50272,1,1,False,2,62,12
50274,1,1,False,0,-1,15
50276,1,1,False,2,10,6
50278,1,1,False,0,-1,20
50280,1,1,False,2,80,8
50282,1,1,False,2,80,8
50285,1,1,False,0,-1,23
50286,1,1,False,0,-1,28
50287,1,1,False,1,37,12
50289,1,1,False,1,93,23
50291,1,1,False,1,37,5
50294,1,1,False,0,-1,25
50296,1,1,False,0,-1,22
50297,1,1,False,0,-1,21
50299,1,1,False,1,80,22
50300,1,1,False,0,-1,4
50301,1,1,False,2,126,18
50303,1,1,False,2,126,18
50304,1,1,False,0,-1,4
50305,1,1,False,0,-1,22
50308,1,1,False,0,-1,18
50309,1,1,False,2,80,24
50310,1,1,False,2,80,24
50312,1,1,False,1,2191,12
50313,1,1,False,1,2191,12
50318,1,1,False,2,126,9
50319,1,1,False,0,-1,2
50320,1,1,False,0,-1,8
50324,1,1,False,2,37,15
50327,1,1,False,1,2192,14
50328,1,1,False,1,2192,14
50329,1,1,False,1,80,23
50333,1,1,False,2,10,5
50335,1,1,False,1,51,12
50337,1,1,False,0,-1,12
50339,1,1,False,0,-1,12
50340,1,1,False,1,1280,12
50344,1,1,False,0,-1,9
50346,1,1,False,2,27,20
50350,1,1,False,1,105,12
50352,1,1,False,0,-1,14
50356,1,1,False,2,44,9
50359,1,1,False,1,37,12
50360,1,1,False,1,1787,13
50362,1,1,False,0,-1,15
50363,1,1,False,0,-1,18
50364,1,1,False,0,-1,13
50373,1,1,False,0,-1,4
50379,1,1,False,3,45,13
50380,1,1,False,3,45,13
50382,1,1,False,0,-1,18
50388,1,1,False,1,106,18
50390,1,1,False,1,2193,27
50391,1,1,False,1,2193,27
50394,1,1,False,2,45,15
50395,1,1,False,0,-1,20
50397,1,1,False,0,-1,14
50402,1,1,False,0,-1,15
50403,1,1,False,0,-1,17
50406,1,1,False,1,37,12
50407,1,1,False,0,-1,7
50409,1,1,False,2,12,20
50414,1,1,False,2,10,5
50415,1,1,False,1,2194,18
50416,1,1,False,1,2194,18
50420,1,1,False,3,70,24
50423,1,1,False,0,-1,12
50425,1,1,False,2,54,12
50427,1,1,False,0,-1,20
50428,1,1,False,0,-1,14
50431,1,1,False,2,1695,16
50433,1,1,False,2,1695,16
50434,1,1,False,2,179,8
50436,1,1,False,2,179,8
50438,1,1,False,1,2,4
50440,1,1,False,2,294,14
50441,1,1,False,2,294,14
50447,1,1,False,0,-1,12
50449,1,1,False,1,70,18
50454,1,1,False,1,142,12
50455,1,1,False,0,-1,18
50456,1,1,False,1,2195,14
50457,1,1,False,1,2195,14
50460,1,1,False,1,7,18
50462,1,1,False,0,-1,2
50464,1,1,False,0,-1,15
50465,1,1,False,3,86,17
50467,1,1,False,3,86,17
50468,1,1,False,3,86,17
50469,1,1,False,1,2196,14
50470,1,1,False,1,2196,14
50471,1,1,False,3,126,12
50475,1,1,False,2,51,9
50476,1,1,False,2,51,9
50478,1,1,False,0,-1,28
50479,1,1,False,1,19,3
50482,1,1,False,2,70,14
50484,1,1,False,0,-1,4
50485,1,1,False,0,-1,3
50487,1,1,False,0,-1,14
50489,1,1,False,1,1787,20
50492,1,1,False,1,37,12
50493,1,1,False,1,6,22
50495,1,1,False,1,126,12
50498,1,1,False,0,-1,14
50501,1,1,False,0,-1,17
50508,1,1,False,0,-1,18
50510,1,1,False,3,126,28
50513,1,1,False,3,37,6
50515,1,1,False,3,37,6
50519,1,1,False,0,-1,20
50520,1,1,False,0,-1,27
50521,1,1,False,0,-1,5
50522,1,1,False,0,-1,13
50523,1,1,False,0,-1,9
50524,1,1,False,1,80,12
50526,1,1,False,0,-1,24
50527,1,1,False,1,2197,24
50528,1,1,False,1,2197,24
50529,1,1,False,0,-1,12
50530,1,1,False,0,-1,9
50531,1,1,False,0,-1,20
50532,1,1,False,0,-1,23
50535,1,1,False,3,80,22
50536,1,1,False,3,80,22
50540,1,1,False,3,51,11
50541,1,1,False,3,51,11
50543,1,1,False,0,-1,5
50544,1,1,False,0,-1,21
50547,1,1,False,1,72,27
50549,1,1,False,0,-1,5
50551,1,1,False,1,80,7
50559,1,1,False,3,16,8
50564,1,1,False,0,-1,21
50565,1,1,False,0,-1,17
50566,1,1,False,3,52,14
50567,1,1,False,3,52,14
50571,1,1,False,0,-1,14
50572,1,1,False,0,-1,12
50573,1,1,False,1,2198,14
50574,1,1,False,1,2198,14
50575,1,1,False,1,62,12
50577,1,1,False,0,-1,12
50585,1,1,False,2,93,9
50587,1,1,False,2,93,9
50588,1,1,False,0,-1,4
50589,1,1,False,1,2199,27
50590,1,1,False,1,2199,27
50592,1,1,False,2,2200,15
50593,1,1,False,2,2200,15
50594,1,1,False,2,2200,15
50597,1,1,False,3,80,12
50599,1,1,False,3,80,12
50603,1,1,False,1,126,14
50604,1,1,False,1,70,23
50608,1,1,False,2,3,25
50614,1,1,False,1,1281,20
50620,1,1,False,0,-1,5
50625,1,1,False,1,126,11
50626,1,1,False,2,0,25
50627,1,1,False,2,0,25
50631,1,1,False,3,35,28
50632,1,1,False,3,35,28
50633,1,1,False,3,35,28
50634,1,1,False,3,51,18
50644,1,1,False,2,237,14
50646,1,1,False,2,16,26
50651,1,1,False,1,37,5
50656,1,1,False,1,2201,9
50657,1,1,False,1,2201,9
50659,1,1,False,1,2202,12
50660,1,1,False,1,2202,12
50661,1,1,False,0,-1,12
50663,1,1,False,2,10,12
50664,1,1,False,2,10,12
50667,1,1,False,1,142,5
50671,1,1,False,1,2203,2
50672,1,1,False,1,2203,2
50679,1,1,False,2,164,17
50681,1,1,False,2,164,17
50683,1,1,False,1,2204,5
50684,1,1,False,1,2204,5
50686,1,1,False,0,-1,5
50687,1,1,False,0,-1,23
50689,1,1,False,2,2205,4
50690,1,1,False,2,2205,4
50691,1,1,False,2,2205,4
50692,1,1,False,1,2206,20
50693,1,1,False,1,2206,20
50695,1,1,False,2,52,18
50696,1,1,False,2,52,18
50699,1,1,False,1,80,7
50700,1,1,False,2,2207,12
50701,1,1,False,2,2207,12
50702,1,1,False,2,2207,12
50703,1,1,False,0,-1,18
50708,1,1,False,3,37,5
50712,1,1,False,3,48,11
50714,1,1,False,3,48,11
50716,1,1,False,1,126,12
50717,1,1,False,2,68,5
50723,1,1,False,0,-1,13
50726,1,1,False,2,14,12
50728,1,1,False,0,-1,21
50729,1,1,False,3,294,12
50732,1,1,False,3,294,12
50733,1,1,False,0,-1,24
50747,1,1,False,1,10,18
50751,1,1,False,0,-1,15
50756,1,1,False,3,80,10
50760,1,1,False,2,51,18
50762,1,1,False,3,2208,28
50763,1,1,False,3,2208,28
50765,1,1,False,3,2208,28
50766,1,1,False,0,-1,12
50772,1,1,False,1,80,4
50778,1,1,False,2,7,12
50780,1,1,False,0,-1,14
50781,1,1,False,2,86,12
50783,1,1,False,2,86,12
50786,1,1,False,0,-1,5
50788,1,1,False,0,-1,14
50797,1,1,False,2,16,20
50800,1,1,False,1,37,5
50802,1,1,False,0,-1,12
50805,1,1,False,1,37,4
50806,1,1,False,1,2209,17
50808,1,1,False,1,35,4
50810,1,1,False,1,12,9
50812,1,1,False,2,294,4
50813,1,1,False,2,294,4
50816,1,1,False,0,-1,17
50817,1,1,False,0,-1,15
50819,1,1,False,0,-1,13
50822,1,1,False,3,126,9
50823,1,1,False,3,126,9
50824,1,1,False,3,126,9
50828,1,1,False,0,-1,5
50829,1,1,False,2,2210,12
50830,1,1,False,2,2210,12
50831,1,1,False,2,2210,12
50832,1,1,False,2,86,28
50836,1,1,False,1,19,17
50841,1,1,False,1,52,12
50842,1,1,False,0,-1,12
50847,1,1,False,3,37,14
50848,1,1,False,3,37,14
50849,1,1,False,0,-1,4
50850,1,1,False,0,-1,12
50852,1,1,False,1,2211,14
50853,1,1,False,1,2211,14
50855,1,1,False,0,-1,5
50857,1,1,False,3,51,12
50860,1,1,False,0,-1,9
50861,1,1,False,0,-1,5
50862,1,1,False,0,-1,20
50864,1,1,False,0,-1,12
50868,1,1,False,1,43,9
50873,1,1,False,0,-1,24
50874,1,1,False,0,-1,4
50875,1,1,False,2,80,7
50880,1,1,False,2,2212,4
50881,1,1,False,2,2212,4
50882,1,1,False,2,2212,4
50884,1,1,False,2,0,5
50891,1,1,False,3,37,19
50896,1,1,False,1,35,5
50902,1,1,False,2,139,14
50906,1,1,False,2,70,19
50907,1,1,False,2,70,19
50914,1,1,False,0,-1,12
50915,1,1,False,0,-1,13
50916,1,1,False,1,2213,8
50917,1,1,False,1,2213,8
50918,1,1,False,0,-1,15
50920,1,1,False,1,294,15
50926,1,1,False,1,52,24
50934,1,1,False,0,-1,14
50936,1,1,False,3,0,22
50938,1,1,False,3,0,22
50939,1,1,False,1,2214,8
50940,1,1,False,1,2214,8
50941,1,1,False,0,-1,26
50943,1,1,False,2,19,6
50945,1,1,False,2,19,6
50946,1,1,False,0,-1,18
50950,1,1,False,2,22,24
50952,1,1,False,2,22,24
50953,1,1,False,0,-1,4
50954,1,1,False,2,68,25
50957,1,1,False,0,-1,10
50959,1,1,False,1,3,20
50961,1,1,False,0,-1,24
50964,1,1,False,0,-1,20
50969,1,1,False,1,2215,18
50970,1,1,False,1,2215,18
50972,1,1,False,1,12,20
50974,1,1,False,1,54,18
50975,1,1,False,2,2216,25
50976,1,1,False,2,2216,25
50977,1,1,False,2,2216,25
50984,1,1,False,1,62,4
50989,1,1,False,1,73,9
50990,1,1,False,0,-1,18
50991,1,1,False,1,2217,13
50992,1,1,False,1,2217,13
50993,1,1,False,3,10,4
50995,1,1,False,3,10,4
50997,1,1,False,0,-1,13
51000,1,1,False,1,2218,18
51001,1,1,False,1,2218,18
51002,1,1,False,0,-1,14
51003,1,1,False,0,-1,13
51004,1,1,False,0,-1,20
51005,1,1,False,1,2219,9
51006,1,1,False,1,2219,9
51007,1,1,False,0,-1,6
51008,1,1,False,0,-1,5
51010,1,1,False,2,25,15
51012,1,1,False,2,95,18
51014,1,1,False,2,95,18
51015,1,1,False,1,37,20
51020,1,1,False,1,675,8
51022,1,1,False,0,-1,18
51023,1,1,False,0,-1,9
51025,1,1,False,2,62,22
51030,1,1,False,3,51,12
51036,1,1,False,1,25,15
51038,1,1,False,1,56,9
51040,1,1,False,1,2220,26
51041,1,1,False,1,2220,26
51045,1,1,False,2,114,12
51048,1,1,False,0,-1,18
51049,1,1,False,3,37,20
51050,1,1,False,3,37,20
51052,1,1,False,3,37,20
51054,1,1,False,1,2221,14
51055,1,1,False,1,2221,14
51056,1,1,False,3,73,14
51058,1,1,False,3,73,14
51063,1,1,False,2,95,12
51065,1,1,False,2,95,12
51066,1,1,False,2,2222,12
51067,1,1,False,2,2222,12
51068,1,1,False,2,2222,12
51069,1,1,False,3,27,7
51070,1,1,False,3,27,7
51072,1,1,False,3,27,7
51076,1,1,False,0,-1,14
51077,1,1,False,0,-1,20
51079,1,1,False,1,80,25
51080,1,1,False,0,-1,22
51082,1,1,False,1,137,12
51083,1,1,False,0,-1,12
51085,1,1,False,3,20,15
51088,1,1,False,0,-1,14
51097,1,1,False,2,37,27
51098,1,1,False,0,-1,19
51100,1,1,False,0,-1,26
51101,1,1,False,2,43,18
51108,1,1,False,2,294,12
51112,1,1,False,1,45,12
51113,1,1,False,3,294,23
51114,1,1,False,3,294,23
51115,1,1,False,3,294,23
51117,1,1,False,0,-1,9
51118,1,1,False,0,-1,9
51119,1,1,False,1,2223,4
51120,1,1,False,1,2223,4
51125,1,1,False,0,-1,9
51126,1,1,False,0,-1,5
51127,1,1,False,3,2224,6
51128,1,1,False,3,2224,6
51129,1,1,False,3,2224,6
51130,1,1,False,3,2224,6
51131,1,1,False,0,-1,1
51132,1,1,False,0,-1,5
51137,1,1,False,1,45,12
51139,1,1,False,1,2225,11
51140,1,1,False,1,2225,11
51141,1,1,False,0,-1,25
51143,1,1,False,0,-1,12
51144,1,1,False,0,-1,2
51147,1,1,False,2,45,14
51150,1,1,False,0,-1,8
51152,1,1,False,2,43,22
51157,1,1,False,0,-1,12
51163,1,1,False,0,-1,18
51170,1,1,False,1,86,18
51177,1,1,False,2,294,23
51182,1,1,False,1,2226,12
51183,1,1,False,1,2226,12
51187,1,1,False,2,80,6
51189,1,1,False,0,-1,14
51190,1,1,False,0,-1,25
51191,1,1,False,0,-1,12
51194,1,1,False,2,142,20
51196,1,1,False,1,25,3
51199,1,1,False,3,80,27
51202,1,1,False,3,80,12
51205,1,1,False,0,-1,12
51211,1,1,False,1,2227,5
51212,1,1,False,1,2227,5
51214,1,1,False,1,2208,7
51215,1,1,False,2,1823,18
51217,1,1,False,2,1823,18
51219,1,1,False,1,2228,20
51220,1,1,False,1,2228,20
51225,1,1,False,1,25,8
51232,1,1,False,2,1938,5
51234,1,1,False,2,1938,5
51239,1,1,False,0,-1,18
51242,1,1,False,2,64,26
51244,1,1,False,2,64,26
51246,1,1,False,0,-1,5
51249,1,1,False,1,45,5
51250,1,1,False,0,-1,4
51251,1,1,False,1,294,18
51254,1,1,False,0,-1,12
51255,1,1,False,1,2229,5
51256,1,1,False,1,2229,5
51257,1,1,False,1,105,12
51261,1,1,False,2,3,6
51264,1,1,False,0,-1,12
51266,1,1,False,1,2230,12
51267,1,1,False,1,2230,12
51268,1,1,False,0,-1,10
51270,1,1,False,1,80,17
51271,1,1,False,0,-1,3
51274,1,1,False,0,-1,5
51277,1,1,False,2,2231,18
51278,1,1,False,2,2231,18
51279,1,1,False,2,2231,18
51280,1,1,False,0,-1,17
51285,1,1,False,1,179,5
51286,1,1,False,0,-1,15
51287,1,1,False,0,-1,5
51288,1,1,False,0,-1,20
51289,1,1,False,0,-1,13
51290,1,1,False,0,-1,9
51291,1,1,False,1,2232,20
51292,1,1,False,1,2232,20
51295,1,1,False,3,74,4
51296,1,1,False,3,74,4
51297,1,1,False,0,-1,1
51302,1,1,False,1,89,12
51303,1,1,False,0,-1,12
51304,1,1,False,0,-1,13
51305,1,1,False,3,53,17
51311,1,1,False,1,2233,14
51312,1,1,False,1,2233,14
51317,1,1,False,0,-1,26
51321,1,1,False,2,30,2
51327,1,1,False,1,2234,18
51328,1,1,False,1,2234,18
51329,1,1,False,0,-1,13
51330,1,1,False,1,25,13
51332,1,1,False,0,-1,21
51334,1,1,False,1,12,26
51339,1,1,False,3,93,12
51340,1,1,False,0,-1,18
51342,1,1,False,0,-1,20
51344,1,1,False,1,28,16
51351,1,1,False,2,12,15
51353,1,1,False,0,-1,18
51355,1,1,False,1,2235,13
51356,1,1,False,1,2235,13
51359,1,1,False,3,12,28
51360,1,1,False,3,12,28
51364,1,1,False,2,40,15
51365,1,1,False,1,2236,20
51366,1,1,False,1,2236,20
51368,1,1,False,1,51,14
51371,1,1,False,2,12,14
51374,1,1,False,0,-1,17
51375,1,1,False,2,53,14
51377,1,1,False,2,53,14
51379,1,1,False,1,48,1
51380,1,1,False,0,-1,21
51382,1,1,False,0,-1,20
51391,1,1,False,2,35,12
51392,1,1,False,2,35,12
51395,1,1,False,0,-1,5
51396,1,1,False,1,106,12
51398,1,1,False,1,25,12
51403,1,1,False,0,-1,12
51405,1,1,False,1,52,17
51407,1,1,False,0,-1,27
51410,1,1,False,1,10,14
51413,1,1,False,1,12,15
51415,1,1,False,1,2237,12
51416,1,1,False,1,2237,12
51417,1,1,False,1,12,5
51420,1,1,False,0,-1,17
51423,1,1,False,0,-1,5
51424,1,1,False,0,-1,27
51425,1,1,False,0,-1,12
51426,1,1,False,0,-1,12
51427,1,1,False,0,-1,12
51428,1,1,False,0,-1,14
51431,1,1,False,0,-1,14
51434,1,1,False,1,18,13
51440,1,1,False,3,12,11
51443,1,1,False,1,2238,12
51444,1,1,False,1,2238,12
51448,1,1,False,3,44,11
51449,1,1,False,2,3,8
51451,1,1,False,2,3,8
51456,1,1,False,1,12,14
51462,1,1,False,2,3,5
51464,1,1,False,1,12,20
51465,1,1,False,1,35,27
51467,1,1,False,2,2239,24
51468,1,1,False,2,2239,24
51469,1,1,False,2,2239,24
51471,1,1,False,2,52,4
51475,1,1,False,1,2240,24
51476,1,1,False,1,2240,24
51479,1,1,False,2,12,12
51482,1,1,False,0,-1,24
51483,1,1,False,3,12,18
51487,1,1,False,3,12,11
51489,1,1,False,3,12,11
51490,1,1,False,3,12,11
51492,1,1,False,2,12,3
51494,1,1,False,0,-1,25
51495,1,1,False,0,-1,13
51496,1,1,False,1,51,18
51499,1,1,False,0,-1,14
51500,1,1,False,0,-1,17
51501,1,1,False,0,-1,17
51511,1,1,False,0,-1,13
51514,1,1,False,0,-1,9
51515,1,1,False,0,-1,5
51516,1,1,False,2,48,20
51518,1,1,False,2,48,20
51521,1,1,False,2,51,14
51524,1,1,False,0,-1,14
51527,1,1,False,2,86,9
51528,1,1,False,0,-1,20
51537,1,1,False,3,12,20
51538,1,1,False,1,294,12
51540,1,1,False,0,-1,18
51541,1,1,False,0,-1,7
51542,1,1,False,1,2241,17
51546,1,1,False,1,56,18
51547,1,1,False,0,-1,8
51550,1,1,False,2,1787,12
51551,1,1,False,2,1787,12
51553,1,1,False,0,-1,15
51555,1,1,False,1,111,13
51557,1,1,False,0,-1,21
51561,1,1,False,2,12,8
51562,1,1,False,1,2242,18
51563,1,1,False,1,2242,18
51564,1,1,False,0,-1,12
51568,1,1,False,0,-1,2
51571,1,1,False,0,-1,18
51578,1,1,False,3,40,13
51580,1,1,False,3,40,13
51581,1,1,False,3,40,13
51587,1,1,False,1,12,12
51591,1,1,False,1,0,20
51592,1,1,False,1,2243,18
51593,1,1,False,1,2243,18
51596,1,1,False,0,-1,12
51599,1,1,False,0,-1,21
51600,1,1,False,0,-1,23
51603,1,1,False,0,-1,12
51604,1,1,False,0,-1,28
51605,1,1,False,0,-1,6
51608,1,1,False,1,58,13
51613,1,1,False,0,-1,27
51614,1,1,False,0,-1,23
51616,1,1,False,0,-1,18
51617,1,1,False,0,-1,5
51625,1,1,False,3,142,23
51626,1,1,False,0,-1,8
51632,1,1,False,3,12,12
51635,1,1,False,1,3,20
51636,1,1,False,1,2244,13
51637,1,1,False,1,2244,13
51638,1,1,False,0,-1,12
51639,1,1,False,1,2245,3
51640,1,1,False,1,2245,3
51643,1,1,False,2,2246,3
51645,1,1,False,2,2246,3
51650,1,1,False,2,56,5
51651,1,1,False,0,-1,8
51652,1,1,False,0,-1,13
51654,1,1,False,0,-1,5
51656,1,1,False,0,-1,5
51658,1,1,False,0,-1,25
51659,1,1,False,1,74,4
51661,1,1,False,0,-1,4
51663,1,1,False,0,-1,23
51664,1,1,False,3,40,22
51665,1,1,False,3,40,22
51667,1,1,False,3,40,22
51674,1,1,False,1,2247,14
51678,1,1,False,0,-1,5
51680,1,1,False,1,3,9
51685,1,1,False,2,12,17
51688,1,1,False,2,35,12
51696,1,1,False,1,2248,14
51697,1,1,False,1,2248,14
51698,1,1,False,2,72,6
51701,1,1,False,2,12,18
51706,1,1,False,2,68,2
51707,1,1,False,2,52,5
51709,1,1,False,2,52,5
51717,1,1,False,0,-1,12
51719,1,1,False,2,51,28
51721,1,1,False,2,51,28
51723,1,1,False,0,-1,14
51724,1,1,False,0,-1,9
51727,1,1,False,1,12,24
51730,1,1,False,1,12,12
51734,1,1,False,2,12,25
51735,1,1,False,3,114,22
51737,1,1,False,3,114,22
51739,1,1,False,0,-1,13
51741,1,1,False,2,12,14
51742,1,1,False,2,12,14
51744,1,1,False,1,2249,20
51745,1,1,False,1,2249,20
51746,1,1,False,3,12,14
51749,1,1,False,3,12,14
51752,1,1,False,1,58,13
51759,1,1,False,2,2,20
51763,1,1,False,1,16,12
51768,1,1,False,0,-1,22
51769,1,1,False,1,40,18
51775,1,1,False,3,0,4
51776,1,1,False,0,-1,6
51777,1,1,False,1,1,20
51780,1,1,False,0,-1,17
51781,1,1,False,0,-1,12
51782,1,1,False,1,12,21
51786,1,1,False,0,-1,16
51792,1,1,False,3,12,6
51794,1,1,False,0,-1,5
51798,1,1,False,0,-1,12
51799,1,1,False,1,3,13
51805,1,1,False,0,-1,25
51808,1,1,False,2,51,20
51810,1,1,False,2,86,12
51818,1,1,False,2,68,10
51821,1,1,False,1,2250,25
51822,1,1,False,1,2250,25
51824,1,1,False,2,2251,11
51825,1,1,False,2,2251,11
51828,1,1,False,1,2252,12
51829,1,1,False,1,2252,12
51836,1,1,False,3,12,12
51840,1,1,False,2,12,5
51841,1,1,False,2,12,5
51844,1,1,False,1,2253,14
51846,1,1,False,2,12,15
51848,1,1,False,1,2254,12
51849,1,1,False,1,2254,12
51850,1,1,False,1,2255,9
51851,1,1,False,1,2255,9
51852,1,1,False,0,-1,18
51853,1,1,False,0,-1,12
51854,1,1,False,0,-1,5
51855,1,1,False,0,-1,13
51857,1,1,False,2,2256,17
51858,1,1,False,2,2256,17
51860,1,1,False,2,12,28
51865,1,1,False,0,-1,21
51866,1,1,False,0,-1,5
51870,1,1,False,0,-1,14
51871,1,1,False,0,-1,5
51873,1,1,False,0,-1,13
51874,1,1,False,0,-1,8
51879,1,1,False,2,14,16
51880,1,1,False,0,-1,12
51881,1,1,False,0,-1,15
51882,1,1,False,0,-1,12
51888,1,1,False,3,40,18
51890,1,1,False,3,40,18
51891,1,1,False,3,40,18
51892,1,1,False,1,126,13
51894,1,1,False,0,-1,4
51896,1,1,False,0,-1,5
51898,1,1,False,0,-1,9
51903,1,1,False,0,-1,12
51904,1,1,False,1,12,18
51910,1,1,False,3,12,14
51917,1,1,False,1,25,21
51918,1,1,False,0,-1,21
51919,1,1,False,2,2257,9
51920,1,1,False,2,2257,9
51922,1,1,False,0,-1,11
51930,1,1,False,2,20,12
51932,1,1,False,2,20,12
51933,1,1,False,1,25,9
51941,1,1,False,3,12,8
51942,1,1,False,3,12,8
51944,1,1,False,3,12,8
51949,1,1,False,1,17,8
51953,1,1,False,3,12,23
51957,1,1,False,1,16,21
51959,1,1,False,0,-1,27
51961,1,1,False,0,-1,12
51965,1,1,False,3,12,12
51972,1,1,False,2,68,18
51973,1,1,False,2,68,18
51978,1,1,False,2,2258,10
51979,1,1,False,2,2258,10
51980,1,1,False,2,2258,10
51981,1,1,False,1,12,25
51983,1,1,False,0,-1,14
51985,1,1,False,3,1,27
51989,1,1,False,0,-1,13
51991,1,1,False,2,12,27
51994,1,1,False,0,-1,5
51999,1,1,False,3,40,18
52001,1,1,False,1,2259,20
52003,1,1,False,2,2260,5
52005,1,1,False,2,2260,5
52014,1,1,False,0,-1,5
52015,1,1,False,0,-1,24
52019,1,1,False,1,40,12
52024,1,1,False,1,12,1
52027,1,1,False,3,12,15
52030,1,1,False,0,-1,12
52031,1,1,False,0,-1,5
52032,1,1,False,1,2261,20
52033,1,1,False,1,2261,20
52036,1,1,False,0,-1,20
52037,1,1,False,0,-1,18
52040,1,1,False,0,-1,18
52042,1,1,False,1,2262,16
52043,1,1,False,0,-1,9
52049,1,1,False,0,-1,13
52053,1,1,False,0,-1,12
52055,1,1,False,0,-1,14
52059,1,1,False,3,12,20
52060,1,1,False,3,12,20
52063,1,1,False,0,-1,14
52066,1,1,False,0,-1,15
52067,1,1,False,0,-1,5
52070,1,1,False,1,12,11
52075,1,1,False,3,40,19
52077,1,1,False,3,40,19
52080,1,1,False,0,-1,8
52082,1,1,False,1,30,12
52085,1,1,False,1,54,18
52086,1,1,False,1,2263,18
52087,1,1,False,1,2263,18
52091,1,1,False,0,-1,12
52098,1,1,False,1,63,14
52099,1,1,False,1,2264,19
52100,1,1,False,1,2264,19
52104,1,1,False,3,12,14
52105,1,1,False,3,12,14
52107,1,1,False,1,12,12
52112,1,1,False,2,35,20
52119,1,1,False,2,80,21
52121,1,1,False,2,80,21
52123,1,1,False,1,12,14
52127,1,1,False,1,25,5
52132,1,1,False,0,-1,5
52135,1,1,False,2,12,10
52136,1,1,False,1,12,9
52138,1,1,False,2,25,25
52141,1,1,False,0,-1,8
52143,1,1,False,0,-1,18
52144,1,1,False,0,-1,15
52146,1,1,False,0,-1,7
52147,1,1,False,1,58,5
52153,1,1,False,1,2265,12
52154,1,1,False,1,2265,12
52155,1,1,False,0,-1,13
52156,1,1,False,0,-1,8
52160,1,1,False,3,31,22
52166,1,1,False,0,-1,4
52168,1,1,False,1,62,9
52175,1,1,False,1,12,14
52178,1,1,False,1,6,13
52186,1,1,False,1,2266,20
52187,1,1,False,1,2266,20
52189,1,1,False,2,23,13
52190,1,1,False,2,23,13
52194,1,1,False,1,27,18
52198,1,1,False,1,53,26
52200,1,1,False,1,2267,9
52201,1,1,False,1,2267,9
52202,1,1,False,0,-1,5
52206,1,1,False,1,2268,8
52207,1,1,False,1,2268,8
52212,1,1,False,1,1829,15
52214,1,1,False,0,-1,12
52216,1,1,False,1,12,24
52217,1,1,False,1,2269,12
52218,1,1,False,1,2269,12
52221,1,1,False,3,51,13
52223,1,1,False,3,51,13
52225,1,1,False,0,-1,12
52226,1,1,False,2,63,14
52228,1,1,False,2,63,14
52229,1,1,False,0,-1,24
52230,1,1,False,0,-1,8
52232,1,1,False,1,2270,12
52233,1,1,False,1,2270,12
52236,1,1,False,0,-1,8
52237,1,1,False,2,105,13
52242,1,1,False,2,43,12
52243,1,1,False,2,43,12
52245,1,1,False,0,-1,14
52247,1,1,False,2,12,5
52248,1,1,False,2,12,5
52250,1,1,False,1,12,12
52251,1,1,False,3,12,12
52255,1,1,False,0,-1,14
52259,1,1,False,3,12,18
52260,1,1,False,3,12,18
52263,1,1,False,0,-1,15
52268,1,1,False,1,2271,25
52269,1,1,False,1,2271,25
52271,1,1,False,0,-1,12
52272,1,1,False,0,-1,18
52274,1,1,False,2,2272,13
52275,1,1,False,2,2272,13
52276,1,1,False,0,-1,10
52278,1,1,False,3,12,9
52279,1,1,False,3,12,9
52282,1,1,False,0,-1,6
52284,1,1,False,1,63,20
52287,1,1,False,1,12,12
52290,1,1,False,1,179,15
52292,1,1,False,1,139,13
52297,1,1,False,0,-1,5
52298,1,1,False,1,86,5
52300,1,1,False,0,-1,27
52303,1,1,False,3,12,9
52304,1,1,False,3,12,9
52309,1,1,False,0,-1,2
52312,1,1,False,0,-1,26
52317,1,1,False,3,35,21
52319,1,1,False,3,35,21
52320,1,1,False,3,35,21
52322,1,1,False,0,-1,7
52325,1,1,False,0,-1,13
52329,1,1,False,0,-1,20
52330,1,1,False,0,-1,7
52332,1,1,False,2,3,4
52333,1,1,False,2,3,4
52334,1,1,False,0,-1,12
52341,1,1,False,0,-1,20
52345,1,1,False,0,-1,22
52347,1,1,False,2,12,13
52348,1,1,False,2,12,13
52349,1,1,False,0,-1,25
52353,1,1,False,0,-1,5
52354,1,1,False,1,12,22
52356,1,1,False,0,-1,24
52357,1,1,False,2,14,19
52358,1,1,False,2,14,19
52361,1,1,False,3,12,24
52364,1,1,False,2,221,11
52365,1,1,False,2,221,11
52368,1,1,False,0,-1,12
52371,1,1,False,3,12,23
52373,1,1,False,3,12,23
52376,1,1,False,0,-1,5
52380,1,1,False,3,12,12
52381,1,1,False,3,12,12
52384,1,1,False,0,-1,8
52385,1,1,False,2,2273,12
52386,1,1,False,2,2273,12
52387,1,1,False,2,2273,12
52391,1,1,False,1,12,20
52392,1,1,False,0,-1,5
52397,1,1,False,1,12,20
52401,1,1,False,3,164,4
52403,1,1,False,0,-1,15
52408,1,1,False,2,54,18
52409,1,1,False,0,-1,20
52413,1,1,False,0,-1,28
52428,1,1,False,2,12,12
52430,1,1,False,2,12,12
52431,1,1,False,0,-1,15
52432,1,1,False,0,-1,14
52434,1,1,False,0,-1,24
52436,1,1,False,3,12,13
52442,1,1,False,2,97,16
52448,1,1,False,1,35,9
52450,1,1,False,1,12,12
52451,1,1,False,1,2274,22
52452,1,1,False,1,2274,22
52454,1,1,False,0,-1,18
52455,1,1,False,0,-1,4
52456,1,1,False,2,63,20
52461,1,1,False,0,-1,14
52463,1,1,False,0,-1,5
52468,1,1,False,2,31,12
52470,1,1,False,3,56,21
52471,1,1,False,3,56,21
52473,1,1,False,3,56,21
52474,1,1,False,3,12,25
52475,1,1,False,3,12,25
52478,1,1,False,1,2275,5
52479,1,1,False,1,2275,5
52480,1,1,False,2,111,4
52482,1,1,False,2,111,4
52487,1,1,False,1,51,9
52488,1,1,False,0,-1,1
52490,1,1,False,0,-1,5
52492,1,1,False,3,12,15
52495,1,1,False,1,51,7
52497,1,1,False,2,35,4
52503,1,1,False,0,-1,12
52506,1,1,False,3,221,4
52508,1,1,False,3,221,4
52509,1,1,False,3,221,4
52515,1,1,False,1,27,15
52518,1,1,False,3,12,9
52519,1,1,False,3,12,9
52521,1,1,False,1,2276,13
52522,1,1,False,1,2276,13
52524,1,1,False,0,-1,22
52526,1,1,False,1,30,8
52529,1,1,False,0,-1,18
52532,1,1,False,0,-1,15
52533,1,1,False,0,-1,21
52535,1,1,False,2,12,14
52537,1,1,False,2,12,14
52539,1,1,False,2,35,1
52541,1,1,False,2,35,1
52543,1,1,False,1,12,13
52544,1,1,False,0,-1,7
52546,1,1,False,1,48,4
52547,1,1,False,2,12,17
52550,1,1,False,0,-1,5
52552,1,1,False,1,12,3
52553,1,1,False,3,20,18
52558,1,1,False,1,35,5
52559,1,1,False,1,27,12
52562,1,1,False,2,12,6
52564,1,1,False,2,12,6
52565,1,1,False,0,-1,14
52566,1,1,False,0,-1,17
52567,1,1,False,3,35,28
52570,1,1,False,3,35,28
52576,1,1,False,0,-1,8
52577,1,1,False,3,105,20
52580,1,1,False,3,105,20
52583,1,1,False,1,12,8
52586,1,1,False,2,12,13
52589,1,1,False,0,-1,7
52590,1,1,False,0,-1,9
52591,1,1,False,0,-1,4
52593,1,1,False,2,12,7
52594,1,1,False,2,12,7
52597,1,1,False,1,2277,5
52605,1,1,False,2,105,1
52608,1,1,False,0,-1,14
52611,1,1,False,1,221,12
52612,1,1,False,3,237,11
52613,1,1,False,3,237,11
52616,1,1,False,2,10,16
52618,1,1,False,2,10,16
52621,1,1,False,2,35,9
52624,1,1,False,0,-1,14
52625,1,1,False,1,40,18
52627,1,1,False,3,48,26
52629,1,1,False,3,48,26
52630,1,1,False,3,48,26
52634,1,1,False,1,2278,18
52635,1,1,False,1,2278,18
52638,1,1,False,3,25,24
52639,1,1,False,3,25,24
52644,1,1,False,3,10,12
52647,1,1,False,2,7,12
52649,1,1,False,2,7,12
52654,1,1,False,3,12,13
52656,1,1,False,1,12,8
52657,1,1,False,0,-1,12
52658,1,1,False,0,-1,10
52659,1,1,False,1,2279,11
52660,1,1,False,1,2279,11
52665,1,1,False,3,62,14
52670,1,1,False,0,-1,25
52671,1,1,False,1,2280,12
52672,1,1,False,1,2280,12
52675,1,1,False,2,25,13
52679,1,1,False,2,294,12
52681,1,1,False,1,2281,14
52682,1,1,False,1,2281,14
52685,1,1,False,0,-1,25
52687,1,1,False,1,40,20
52695,1,1,False,2,12,18
52697,1,1,False,2,12,18
52699,1,1,False,2,166,18
52700,1,1,False,2,166,18
52703,1,1,False,2,2282,27
52704,1,1,False,2,2282,27
52705,1,1,False,2,2282,27
52707,1,1,False,1,2283,22
52708,1,1,False,1,2283,22
52712,1,1,False,1,12,4
52715,1,1,False,0,-1,24
52716,1,1,False,0,-1,4
52719,1,1,False,1,51,5
52720,1,1,False,0,-1,20
52725,1,1,False,0,-1,9
52726,1,1,False,1,51,20
52728,1,1,False,1,2284,9
52729,1,1,False,1,2284,9
52735,1,1,False,0,-1,26
52745,1,1,False,0,-1,20
52746,1,1,False,0,-1,18
52747,1,1,False,1,19,20
52749,1,1,False,3,12,6
52752,1,1,False,3,12,6
52756,1,1,False,0,-1,17
52761,1,1,False,0,-1,4
52768,1,1,False,0,-1,12
52774,1,1,False,3,63,5
52776,1,1,False,0,-1,13
52779,1,1,False,2,35,12
52780,1,1,False,2,35,12
52787,1,1,False,1,43,14
52788,1,1,False,3,12,12
52789,1,1,False,3,12,12
52792,1,1,False,2,114,5
52793,1,1,False,2,114,5
52798,1,1,False,1,12,7
52800,1,1,False,1,2,8
52802,1,1,False,0,-1,20
52807,1,1,False,2,2285,18
52808,1,1,False,2,2285,18
52809,1,1,False,2,2285,18
52811,1,1,False,0,-1,13
52820,1,1,False,0,-1,5
52821,1,1,False,0,-1,14
52822,1,1,False,2,52,11
52824,1,1,False,2,52,11
52827,1,1,False,2,22,14
52829,1,1,False,2,22,14
52831,1,1,False,1,6,9
52836,1,1,False,0,-1,13
52839,1,1,False,2,35,18
52840,1,1,False,2,35,18
52843,1,1,False,1,14,5
52846,1,1,False,2,3,5
52849,1,1,False,1,2286,11
52850,1,1,False,1,2286,11
52852,1,1,False,2,12,3
52855,1,1,False,1,12,14
52860,1,1,False,1,12,12
52861,1,1,False,1,2287,3
52862,1,1,False,1,2287,3
52864,1,1,False,2,12,21
52866,1,1,False,2,12,21
52870,1,1,False,0,-1,18
52871,1,1,False,1,80,12
52877,1,1,False,1,237,5
52879,1,1,False,0,-1,20
52880,1,1,False,0,-1,12
52881,1,1,False,0,-1,12
52882,1,1,False,1,59,15
52891,1,1,False,2,18,25
52893,1,1,False,2,18,25
52894,1,1,False,1,73,12
52897,1,1,False,0,-1,6
52900,1,1,False,1,12,12
52903,1,1,False,1,51,13
52905,1,1,False,0,-1,12
52906,1,1,False,0,-1,28
52908,1,1,False,0,-1,16
52913,1,1,False,0,-1,24
52915,1,1,False,0,-1,5
52916,1,1,False,0,-1,13
52919,1,1,False,2,19,14
52921,1,1,False,1,2288,5
52928,1,1,False,2,51,13
52929,1,1,False,2,51,13
52930,1,1,False,0,-1,13
52933,1,1,False,1,2289,12
52934,1,1,False,1,2289,12
52936,1,1,False,1,54,9
52938,1,1,False,2,12,5
52940,1,1,False,0,-1,9
52942,1,1,False,1,12,10
52945,1,1,False,2,12,18
52948,1,1,False,1,64,11
52949,1,1,False,0,-1,25
52950,1,1,False,3,12,20
52951,1,1,False,3,12,20
52952,1,1,False,3,12,20
52955,1,1,False,2,221,14
52956,1,1,False,2,221,14
52958,1,1,False,0,-1,18
52959,1,1,False,0,-1,13
52960,1,1,False,0,-1,13
52962,1,1,False,0,-1,6
52971,1,1,False,3,12,7
52973,1,1,False,0,-1,15
52974,1,1,False,1,2290,13
52975,1,1,False,1,2290,13
52977,1,1,False,1,86,12
52983,1,1,False,0,-1,12
52985,1,1,False,0,-1,12
52988,1,1,False,0,-1,17
52994,1,1,False,0,-1,28
52998,1,1,False,1,12,18
53004,1,1,False,1,187,12
53008,1,1,False,1,2291,12
53009,1,1,False,1,2291,12
53010,1,1,False,0,-1,12
53013,1,1,False,0,-1,13
53014,1,1,False,0,-1,4
53017,1,1,False,0,-1,26
53019,1,1,False,0,-1,26
53022,1,1,False,2,25,15
53029,1,1,False,2,137,4
53030,1,1,False,3,18,5
53031,1,1,False,3,18,5
53032,1,1,False,3,18,5
53036,1,1,False,0,-1,27
53037,1,1,False,3,1,12
53038,1,1,False,3,1,12
53039,1,1,False,3,1,12
53042,1,1,False,0,-1,12
53043,1,1,False,0,-1,12
53044,1,1,False,0,-1,21
53048,1,1,False,1,10,18
53051,1,1,False,0,-1,12
53053,1,1,False,2,12,22
53055,1,1,False,2,12,22
53057,1,1,False,1,30,15
53059,1,1,False,1,68,14
53061,1,1,False,1,139,20
53065,1,1,False,0,-1,9
53068,1,1,False,0,-1,5
53069,1,1,False,0,-1,14
53070,1,1,False,2,12,9
53073,1,1,False,0,-1,9
53074,1,1,False,2,3,19
53075,1,1,False,2,3,19
53077,1,1,False,1,12,22
53079,1,1,False,0,-1,23
53080,1,1,False,0,-1,24
53082,1,1,False,0,-1,5
53089,1,1,False,0,-1,8
53094,1,1,False,0,-1,12
53096,1,1,False,1,12,5
53098,1,1,False,1,2292,4
53099,1,1,False,1,2292,4
53100,1,1,False,1,59,14
53104,1,1,False,3,12,8
53106,1,1,False,0,-1,12
53110,1,1,False,1,2293,4
53111,1,1,False,1,2293,4
53118,1,1,False,3,12,12
53119,1,1,False,3,12,12
53120,1,1,False,0,-1,28
53122,1,1,False,1,12,26
53127,1,1,False,0,-1,5
53128,1,1,False,0,-1,22
53130,1,1,False,2,40,5
53135,1,1,False,2,35,13
53137,1,1,False,2,35,13
53139,1,1,False,0,-1,12
53140,1,1,False,0,-1,14
53143,1,1,False,0,-1,7
53146,1,1,False,1,12,15
53147,1,1,False,2,35,9
53156,1,1,False,1,31,12
53160,1,1,False,1,12,20
53162,1,1,False,0,-1,11
53163,1,1,False,1,30,17
53166,1,1,False,0,-1,27
53169,1,1,False,2,31,9
53175,1,1,False,3,12,12
53179,1,1,False,3,63,20
53183,1,1,False,0,-1,26
53185,1,1,False,3,114,15
53186,1,1,False,3,114,15
53187,1,1,False,3,114,15
53189,1,1,False,1,6,20
53194,1,1,False,1,12,20
53197,1,1,False,1,2294,13
53198,1,1,False,2,52,13
53200,1,1,False,2,52,13
53207,1,1,False,0,-1,1
53208,1,1,False,0,-1,12
53210,1,1,False,0,-1,12
53212,1,1,False,1,12,12
53215,1,1,False,3,164,20
53217,1,1,False,1,53,15
53222,1,1,False,1,25,19
53225,1,1,False,3,35,6
53228,1,1,False,1,2295,12
53229,1,1,False,1,2295,12
53231,1,1,False,0,-1,5
53235,1,1,False,1,53,12
53240,1,1,False,2,44,9
53243,1,1,False,2,12,6
53246,1,1,False,3,12,6
53247,1,1,False,3,12,6
53250,1,1,False,0,-1,9
53252,1,1,False,1,12,14
53254,1,1,False,1,58,20
53255,1,1,False,3,31,12
53256,1,1,False,3,31,12
53259,1,1,False,0,-1,12
53260,1,1,False,0,-1,20
53266,1,1,False,1,43,12
53269,1,1,False,2,58,21
53270,1,1,False,1,2296,17
53271,1,1,False,1,2296,17
53275,1,1,False,1,12,11
53278,1,1,False,2,12,12
53279,1,1,False,0,-1,20
53281,1,1,False,1,51,13
53282,1,1,False,0,-1,5
53283,1,1,False,1,12,4
53285,1,1,False,3,2297,24
53286,1,1,False,3,2297,24
53287,1,1,False,3,2297,24
53288,1,1,False,3,2297,24
53289,1,1,False,3,14,22
53291,1,1,False,3,14,22
53292,1,1,False,3,14,22
53293,1,1,False,1,294,18
53296,1,1,False,1,58,18
53297,1,1,False,0,-1,20
53299,1,1,False,0,-1,9
53304,1,1,False,0,-1,7
53306,1,1,False,3,12,2
53309,1,1,False,3,12,2
53311,1,1,False,2,2298,1
53312,1,1,False,2,2298,1
53313,1,1,False,2,2298,1
53314,1,1,False,0,-1,17
53318,1,1,False,1,12,5
53324,1,1,False,1,12,12
53328,1,1,False,1,12,8
53331,1,1,False,0,-1,14
53332,1,1,False,0,-1,21
53333,1,1,False,1,2299,15
53334,1,1,False,1,2299,15
53335,1,1,False,2,80,12
53336,1,1,False,2,80,12
53339,1,1,False,0,-1,7
53341,1,1,False,2,12,4
53342,1,1,False,2,12,4
53346,1,1,False,3,48,12
53348,1,1,False,3,48,12
53349,1,1,False,3,48,12
53350,1,1,False,1,2300,12
53351,1,1,False,1,2300,12
53354,1,1,False,1,14,22
53357,1,1,False,1,52,5
53360,1,1,False,1,12,20
53363,1,1,False,3,12,26
53364,1,1,False,3,12,26
53366,1,1,False,2,51,14
53367,1,1,False,2,51,14
53369,1,1,False,0,-1,23
53374,1,1,False,2,40,18
53375,1,1,False,2,12,25
53377,1,1,False,2,12,25
53382,1,1,False,3,2301,18
53383,1,1,False,3,2301,18
53385,1,1,False,3,2301,18
53387,1,1,False,1,64,13
53389,1,1,False,1,12,15
53391,1,1,False,2,2,10
53393,1,1,False,2,2,10
53394,1,1,False,0,-1,23
53395,1,1,False,0,-1,20
53396,1,1,False,1,12,5
53398,1,1,False,0,-1,4
53399,1,1,False,0,-1,7
53400,1,1,False,3,52,13
53401,1,1,False,3,52,13
53402,1,1,False,3,52,13
53408,1,1,False,3,12,13
53409,1,1,False,1,126,12
53412,1,1,False,0,-1,20
53413,1,1,False,0,-1,27
53415,1,1,False,1,12,5
53417,1,1,False,2,2302,20
53418,1,1,False,2,2302,20
53419,1,1,False,2,2302,20
53422,1,1,False,0,-1,25
53423,1,1,False,1,2303,8
53424,1,1,False,1,2303,8
53429,1,1,False,3,2304,19
53430,1,1,False,3,2304,19
53431,1,1,False,3,2304,19
53432,1,1,False,3,2304,19
53433,1,1,False,0,-1,12
53434,1,1,False,1,2305,5
53435,1,1,False,1,2305,5
53437,1,1,False,0,-1,12
53440,1,1,False,1,12,12
53442,1,1,False,0,-1,11
53444,1,1,False,0,-1,12
53447,1,1,False,0,-1,12
53449,1,1,False,0,-1,12
53451,1,1,False,1,30,26
53452,1,1,False,3,135,28
53454,1,1,False,3,135,28
53455,1,1,False,3,135,28
53456,1,1,False,0,-1,9
53457,1,1,False,0,-1,22
53458,1,1,False,1,2306,10
53459,1,1,False,1,2306,10
53462,1,1,False,2,2,15
53467,1,1,False,0,-1,15
53470,1,1,False,2,179,4
53471,1,1,False,1,2307,9
53472,1,1,False,1,2307,9
53473,1,1,False,1,31,25
53475,1,1,False,0,-1,12
53476,1,1,False,2,3,5
53478,1,1,False,2,3,5
53482,1,1,False,0,-1,23
53483,1,1,False,1,221,22
53485,1,1,False,2,164,14
53490,1,1,False,0,-1,12
53491,1,1,False,0,-1,5
53492,1,1,False,3,56,18
53493,1,1,False,3,56,18
53496,1,1,False,0,-1,6
53499,1,1,False,1,53,4
53503,1,1,False,0,-1,17
53507,1,1,False,2,179,13
53512,1,1,False,1,62,10
53514,1,1,False,2,30,18
53516,1,1,False,1,2308,3
53517,1,1,False,1,2308,3
53521,1,1,False,1,54,12
53525,1,1,False,2,179,12
53527,1,1,False,0,-1,11
53528,1,1,False,1,2309,20
53529,1,1,False,1,2309,20
53530,1,1,False,0,-1,12
53533,1,1,False,1,31,12
53537,1,1,False,1,70,12
53538,1,1,False,1,56,18
53540,1,1,False,0,-1,12
53548,1,1,False,3,179,15
53551,1,1,False,1,31,15
53553,1,1,False,2,3,18
53555,1,1,False,2,3,18
53558,1,1,False,1,2310,23
53559,1,1,False,1,2310,23
53564,1,1,False,1,2311,18
53565,1,1,False,1,2311,18
53568,1,1,False,0,-1,13
53572,1,1,False,1,179,10
53574,1,1,False,0,-1,12
53575,1,1,False,1,2312,12
53576,1,1,False,1,2312,12
53580,1,1,False,0,-1,12
53582,1,1,False,1,27,5
53584,1,1,False,1,2313,20
53585,1,1,False,1,2313,20
53586,1,1,False,1,1886,18
53588,1,1,False,0,-1,20
53589,1,1,False,0,-1,13
53591,1,1,False,1,179,14
53592,1,1,False,0,-1,22
53600,1,1,False,3,31,5
53604,1,1,False,0,-1,15
53605,1,1,False,0,-1,5
53608,1,1,False,0,-1,22
53611,1,1,False,2,179,12
53614,1,1,False,3,44,9
53615,1,1,False,3,44,9
53617,1,1,False,3,44,9
53622,1,1,False,0,-1,18
53625,1,1,False,0,-1,6
53630,1,1,False,0,-1,15
53631,1,1,False,0,-1,9
53635,1,1,False,0,-1,11
53636,1,1,False,3,30,9
53637,1,1,False,3,30,9
53638,1,1,False,3,30,9
53640,1,1,False,2,179,5
53641,1,1,False,2,179,5
53643,1,1,False,0,-1,11
53647,1,1,False,0,-1,21
53648,1,1,False,0,-1,5
53654,1,1,False,3,161,8
53656,1,1,False,1,179,16
53661,1,1,False,0,-1,14
53663,1,1,False,2,19,22
53664,1,1,False,2,19,22
53667,1,1,False,1,63,12
53669,1,1,False,1,2314,1
53670,1,1,False,1,2314,1
53671,1,1,False,0,-1,12
53672,1,1,False,0,-1,12
53675,1,1,False,0,-1,15
53677,1,1,False,3,179,9
53682,1,1,False,0,-1,7
53683,1,1,False,1,2315,27
53684,1,1,False,1,2315,27
53685,1,1,False,0,-1,5
53686,1,1,False,0,-1,5
53687,1,1,False,0,-1,5
53689,1,1,False,1,31,6
53691,1,1,False,2,139,25
53694,1,1,False,2,164,20
53695,1,1,False,2,164,20
53697,1,1,False,1,68,17
53700,1,1,False,3,86,18
53701,1,1,False,3,86,18
53703,1,1,False,3,2316,5
53704,1,1,False,3,2316,5
53705,1,1,False,3,2316,5
53706,1,1,False,3,2316,5
53708,1,1,False,1,2317,13
53709,1,1,False,1,2317,13
53710,1,1,False,1,2318,7
53711,1,1,False,1,2318,7
53715,1,1,False,3,179,25
53718,1,1,False,3,179,25
53719,1,1,False,1,93,12
53722,1,1,False,2,179,17
53724,1,1,False,0,-1,27
53729,1,1,False,3,58,12
53733,1,1,False,3,97,24
53734,1,1,False,0,-1,4
53735,1,1,False,3,179,12
53743,1,1,False,0,-1,4
53745,1,1,False,3,179,23
53746,1,1,False,3,179,23
53747,1,1,False,3,179,23
53750,1,1,False,0,-1,20
53751,1,1,False,0,-1,28
53752,1,1,False,0,-1,14
53757,1,1,False,3,105,2
53767,1,1,False,3,179,12
53769,1,1,False,2,2319,11
53772,1,1,False,0,-1,20
53775,1,1,False,0,-1,2
53783,1,1,False,2,59,23
53785,1,1,False,0,-1,12
53786,1,1,False,1,135,12
53790,1,1,False,1,73,20
53792,1,1,False,3,179,6
53793,1,1,False,3,179,6
53794,1,1,False,3,179,6
53797,1,1,False,1,2320,16
53798,1,1,False,1,2320,16
53799,1,1,False,0,-1,15
53801,1,1,False,0,-1,17
53803,1,1,False,0,-1,9
53808,1,1,False,1,2321,8
53809,1,1,False,1,2321,8
53815,1,1,False,1,53,17
53816,1,1,False,0,-1,12
53818,1,1,False,0,-1,13
53823,1,1,False,2,6,14
53825,1,1,False,1,179,20
53827,1,1,False,2,179,13
53828,1,1,False,2,179,13
53831,1,1,False,1,221,12
53833,1,1,False,1,2322,14
53834,1,1,False,1,2322,14
53840,1,1,False,0,-1,18
53841,1,1,False,0,-1,15
53842,1,1,False,1,56,12
53848,1,1,False,1,179,13
53851,1,1,False,3,25,5
53855,1,1,False,1,2323,5
53858,1,1,False,1,164,15
53860,1,1,False,3,80,6
53862,1,1,False,3,80,6
53863,1,1,False,0,-1,17
53866,1,1,False,0,-1,17
53867,1,1,False,0,-1,24
53868,1,1,False,2,179,5
53874,1,1,False,3,179,5
53876,1,1,False,1,179,14
53882,1,1,False,0,-1,14
53888,1,1,False,1,31,13
53889,1,1,False,3,111,19
53890,1,1,False,3,111,19
53891,1,1,False,3,111,19
53895,1,1,False,0,-1,11
53897,1,1,False,1,56,14
53898,1,1,False,1,164,5
53902,1,1,False,0,-1,2
53906,1,1,False,0,-1,12
53907,1,1,False,0,-1,13
53908,1,1,False,2,114,13
53911,1,1,False,0,-1,13
53912,1,1,False,0,-1,23
53913,1,1,False,0,-1,15
53915,1,1,False,3,80,15
53918,1,1,False,3,80,15
53920,1,1,False,0,-1,4
53921,1,1,False,1,2324,12
53922,1,1,False,1,2324,12
53924,1,1,False,0,-1,17
53926,1,1,False,0,-1,12
53928,1,1,False,3,179,5
53930,1,1,False,3,179,5
53931,1,1,False,2,2325,5
53932,1,1,False,2,2325,5
53933,1,1,False,2,2325,5
53937,1,1,False,0,-1,7
53938,1,1,False,2,179,20
53945,1,1,False,2,3,8
53946,1,1,False,0,-1,12
53947,1,1,False,2,25,18
53948,1,1,False,2,25,18
53950,1,1,False,2,80,26
53951,1,1,False,2,80,26
53953,1,1,False,0,-1,13
53954,1,1,False,0,-1,5
53956,1,1,False,1,221,12
53957,1,1,False,2,2326,4
53958,1,1,False,2,2326,4
53959,1,1,False,2,2326,4
53960,1,1,False,0,-1,12
53961,1,1,False,1,2327,9
53962,1,1,False,1,2327,9
53964,1,1,False,3,25,9
53965,1,1,False,3,25,9
53968,1,1,False,1,10,13
53971,1,1,False,0,-1,20
53973,1,1,False,0,-1,12
53976,1,1,False,1,179,12
53978,1,1,False,0,-1,21
53981,1,1,False,1,63,25
53982,1,1,False,2,31,18
53986,1,1,False,3,80,22
53989,1,1,False,3,80,22
53992,1,1,False,3,164,23
53993,1,1,False,3,164,23
53995,1,1,False,0,-1,9
53999,1,1,False,1,2328,4
54000,1,1,False,1,2328,4
54001,1,1,False,0,-1,13
54004,1,1,False,3,179,5
54008,1,1,False,0,-1,13
54009,1,1,False,0,-1,28
54016,1,1,False,0,-1,18
54018,1,1,False,0,-1,7
54019,1,1,False,1,2329,11
54020,1,1,False,1,2329,11
54022,1,1,False,1,25,4
54030,1,1,False,0,-1,12
54033,1,1,False,1,2330,4
54034,1,1,False,1,2330,4
54036,1,1,False,0,-1,14
54037,1,1,False,0,-1,5
54039,1,1,False,1,2331,12
54040,1,1,False,1,2331,12
54041,1,1,False,1,2332,14
54042,1,1,False,1,2332,14
54048,1,1,False,2,30,18
54051,1,1,False,2,179,2
54052,1,1,False,1,2333,2
54053,1,1,False,1,2333,2
54054,1,1,False,0,-1,7
54056,1,1,False,2,31,5
54057,1,1,False,2,31,5
54059,1,1,False,0,-1,20
54062,1,1,False,2,54,20
54066,1,1,False,3,56,4
54069,1,1,False,2,30,20
54073,1,1,False,0,-1,18
54074,1,1,False,0,-1,12
54075,1,1,False,3,105,22
54080,1,1,False,1,74,15
54082,1,1,False,0,-1,14
54087,1,1,False,0,-1,20
54089,1,1,False,0,-1,12
54093,1,1,False,3,6,8
54095,1,1,False,3,6,8
54097,1,1,False,1,30,5
54100,1,1,False,1,86,8
54102,1,1,False,1,31,5
54107,1,1,False,2,164,13
54112,1,1,False,3,53,12
54113,1,1,False,3,53,12
54114,1,1,False,3,53,12
54118,1,1,False,2,3,3
54120,1,1,False,3,30,28
54121,1,1,False,3,30,28
54123,1,1,False,3,30,28
54130,1,1,False,0,-1,18
54132,1,1,False,1,105,22
54134,1,1,False,0,-1,2
54136,1,1,False,3,179,5
54139,1,1,False,0,-1,9
54140,1,1,False,0,-1,20
54142,1,1,False,0,-1,12
54151,1,1,False,2,90,10
54161,1,1,False,3,179,5
54163,1,1,False,0,-1,26
54167,1,1,False,1,114,17
54172,1,1,False,0,-1,13
54176,1,1,False,3,179,15
54178,1,1,False,3,179,15
54180,1,1,False,0,-1,20
54181,1,1,False,1,2334,8
54182,1,1,False,1,2334,8
54185,1,1,False,2,179,13
54187,1,1,False,0,-1,18
54189,1,1,False,1,2335,12
54190,1,1,False,1,2335,12
54191,1,1,False,0,-1,15
54194,1,1,False,2,35,12
54195,1,1,False,2,35,12
54199,1,1,False,0,-1,15
54201,1,1,False,0,-1,12
54202,1,1,False,0,-1,5
54203,1,1,False,0,-1,22
54204,1,1,False,0,-1,28
54206,1,1,False,3,164,12
54209,1,1,False,1,2336,12
54210,1,1,False,1,2336,12
54211,1,1,False,0,-1,4
54219,1,1,False,3,179,14
54226,1,1,False,1,59,8
54227,1,1,False,0,-1,14
54230,1,1,False,1,179,17
54232,1,1,False,2,126,21
54242,1,1,False,0,-1,12
54250,1,1,False,2,164,20
54251,1,1,False,0,-1,6
54258,1,1,False,0,-1,9
54261,1,1,False,3,179,13
54264,1,1,False,3,179,13
54271,1,1,False,0,-1,25
54272,1,1,False,0,-1,4
54274,1,1,False,1,2337,13
54275,1,1,False,0,-1,12
54277,1,1,False,3,30,13
54279,1,1,False,3,30,13
54284,1,1,False,1,3,8
54286,1,1,False,1,1,8
54290,1,1,False,1,2338,15
54291,1,1,False,1,2338,15
54292,1,1,False,1,2339,5
54293,1,1,False,1,2339,5
54294,1,1,False,1,2340,6
54295,1,1,False,1,2340,6
54297,1,1,False,2,2341,12
54298,1,1,False,2,2341,12
54299,1,1,False,2,2341,12
54300,1,1,False,3,164,23
54307,1,1,False,1,164,18
54311,1,1,False,1,179,5
54321,1,1,False,0,-1,20
54322,1,1,False,1,2342,7
54323,1,1,False,1,2342,7
54324,1,1,False,1,3,18
54326,1,1,False,0,-1,20
54327,1,1,False,1,2343,8
54328,1,1,False,1,2343,8
54329,1,1,False,0,-1,4
54331,1,1,False,3,10,18
54332,1,1,False,3,10,18
54335,1,1,False,0,-1,18
54337,1,1,False,0,-1,9
54339,1,1,False,1,2344,8
54340,1,1,False,1,2344,8
54347,1,1,False,1,62,12
54348,1,1,False,1,2345,9
54349,1,1,False,1,2345,9
54350,1,1,False,0,-1,11
54351,1,1,False,0,-1,22
54354,1,1,False,3,179,5
54355,1,1,False,3,179,5
54356,1,1,False,2,179,12
54358,1,1,False,2,179,12
54359,1,1,False,0,-1,9
54363,1,1,False,3,59,4
54364,1,1,False,3,59,4
54365,1,1,False,3,59,4
54367,1,1,False,1,6,13
54370,1,1,False,0,-1,25
54371,1,1,False,1,25,13
54373,1,1,False,0,-1,13
54375,1,1,False,0,-1,13
54376,1,1,False,2,3,14
54381,1,1,False,2,179,18
54384,1,1,False,2,56,6
54392,1,1,False,2,6,20
54394,1,1,False,2,6,20
54397,1,1,False,0,-1,20
54400,1,1,False,3,179,4
54403,1,1,False,3,179,18
54406,1,1,False,3,179,18
54407,1,1,False,3,164,5
54408,1,1,False,3,164,5
54413,1,1,False,1,179,14
54421,1,1,False,2,2346,10
54422,1,1,False,2,2346,10
54423,1,1,False,2,2346,10
54424,1,1,False,1,166,9
54426,1,1,False,0,-1,6
54428,1,1,False,1,40,12
54431,1,1,False,1,970,2
54433,1,1,False,1,161,11
54435,1,1,False,0,-1,18
54437,1,1,False,0,-1,2
54438,1,1,False,2,179,5
54439,1,1,False,2,179,5
54447,1,1,False,0,-1,28
54452,1,1,False,0,-1,5
54453,1,1,False,3,105,20
54455,1,1,False,3,105,20
54456,1,1,False,3,105,20
54458,1,1,False,1,2347,18
54459,1,1,False,0,-1,4
54462,1,1,False,3,56,18
54463,1,1,False,3,56,18
54464,1,1,False,2,73,14
54468,1,1,False,1,2348,5
54469,1,1,False,1,2348,5
54471,1,1,False,1,126,9
54474,1,1,False,0,-1,9
54475,1,1,False,0,-1,14
54476,1,1,False,0,-1,13
54477,1,1,False,1,62,16
54480,1,1,False,0,-1,18
54486,1,1,False,0,-1,20
54490,1,1,False,0,-1,18
54493,1,1,False,2,166,24
54494,1,1,False,2,166,24
54495,1,1,False,3,164,5
54500,1,1,False,0,-1,5
54502,1,1,False,3,56,13
54506,1,1,False,0,-1,18
54509,1,1,False,0,-1,12
54510,1,1,False,0,-1,14
54512,1,1,False,3,59,12
54513,1,1,False,3,59,12
54517,1,1,False,0,-1,26
54520,1,1,False,0,-1,6
54522,1,1,False,0,-1,20
54524,1,1,False,3,59,18
54529,1,1,False,0,-1,20
54530,1,1,False,0,-1,24
54533,1,1,False,3,30,26
54534,1,1,False,3,30,26
54535,1,1,False,0,-1,13
54537,1,1,False,0,-1,5
54540,1,1,False,2,179,10
54544,1,1,False,0,-1,14
54545,1,1,False,1,179,1
54549,1,1,False,0,-1,26
54550,1,1,False,0,-1,4
54551,1,1,False,2,73,18
54554,1,1,False,0,-1,18
54555,1,1,False,0,-1,26
54557,1,1,False,2,53,5
54559,1,1,False,2,53,5
54560,1,1,False,3,179,5
54562,1,1,False,3,179,5
54564,1,1,False,0,-1,13
54565,1,1,False,2,30,23
54568,1,1,False,0,-1,18
54570,1,1,False,3,164,13
54571,1,1,False,3,164,13
54574,1,1,False,0,-1,18
54576,1,1,False,2,16,19
54578,1,1,False,0,-1,22
54581,1,1,False,0,-1,15
54583,1,1,False,0,-1,12
54584,1,1,False,0,-1,18
54588,1,1,False,1,31,19
54591,1,1,False,1,73,13
54593,1,1,False,1,30,8
54595,1,1,False,2,179,9
54597,1,1,False,0,-1,8
54598,1,1,False,1,30,13
54600,1,1,False,0,-1,13
54610,1,1,False,0,-1,12
54613,1,1,False,0,-1,12
54615,1,1,False,3,179,20
54625,1,1,False,1,30,9
54627,1,1,False,0,-1,13
54630,1,1,False,0,-1,22
54635,1,1,False,0,-1,13
54636,1,1,False,0,-1,15
54637,1,1,False,0,-1,5
54638,1,1,False,3,80,7
54643,1,1,False,2,12,5
54646,1,1,False,1,179,17
54650,1,1,False,0,-1,24
54651,1,1,False,0,-1,12
54653,1,1,False,3,80,9
54655,1,1,False,3,80,9
54659,1,1,False,3,164,24
54660,1,1,False,3,164,24
54661,1,1,False,3,164,24
54666,1,1,False,0,-1,5
54668,1,1,False,2,16,22
54669,1,1,False,2,16,22
54672,1,1,False,0,-1,11
54674,1,1,False,1,6,8
54675,1,1,False,1,2349,5
54676,1,1,False,1,2349,5
54681,1,1,False,2,164,18
54682,1,1,False,2,164,18
54687,1,1,False,0,-1,27
54688,1,1,False,0,-1,14
54689,1,1,False,0,-1,12
54690,1,1,False,0,-1,20
54691,1,1,False,0,-1,20
54692,1,1,False,0,-1,13
54695,1,1,False,1,2350,5
54697,1,1,False,0,-1,5
54699,1,1,False,0,-1,20
54700,1,1,False,3,161,5
54704,1,1,False,1,221,8
54706,1,1,False,0,-1,5
54713,1,1,False,2,59,23
54716,1,1,False,0,-1,12
54718,1,1,False,3,72,18
54720,1,1,False,3,72,18
54722,1,1,False,1,237,12
54728,1,1,False,1,2351,1
54729,1,1,False,1,2351,1
54736,1,1,False,1,142,21
54739,1,1,False,1,179,11
54740,1,1,False,3,221,13
54741,1,1,False,3,221,13
54743,1,1,False,3,221,13
54745,1,1,False,2,139,26
54747,1,1,False,0,-1,12
54750,1,1,False,3,80,12
54760,1,1,False,3,80,5
54761,1,1,False,0,-1,25
54770,1,1,False,0,-1,1
54771,1,1,False,2,2352,20
54772,1,1,False,2,2352,20
54773,1,1,False,2,2352,20
54776,1,1,False,2,30,18
54780,1,1,False,1,2353,5
54781,1,1,False,1,2353,5
54788,1,1,False,1,114,14
54789,1,1,False,1,2354,13
54790,1,1,False,1,2354,13
54791,1,1,False,1,63,22
54796,1,1,False,2,73,15
54798,1,1,False,2,73,15
54799,1,1,False,1,2355,4
54800,1,1,False,1,2355,4
54801,1,1,False,1,72,5
54805,1,1,False,3,40,18
54806,1,1,False,3,40,18
54808,1,1,False,0,-1,26
54810,1,1,False,0,-1,11
54813,1,1,False,1,16,11
54814,1,1,False,0,-1,6
54816,1,1,False,1,31,26
54817,1,1,False,2,31,2
54818,1,1,False,2,31,2
54820,1,1,False,0,-1,20
54821,1,1,False,1,2356,5
54822,1,1,False,1,2356,5
54829,1,1,False,3,179,8
54830,1,1,False,3,179,8
54834,1,1,False,1,0,14
54835,1,1,False,0,-1,12
54839,1,1,False,0,-1,6
54842,1,1,False,2,62,17
54843,1,1,False,2,62,17
54844,1,1,False,0,-1,22
54847,1,1,False,2,62,16
54849,1,1,False,0,-1,15
54854,1,1,False,2,3,12
54856,1,1,False,0,-1,15
54858,1,1,False,2,6,6
54867,1,1,False,2,2,13
54872,1,1,False,1,6,18
54876,1,1,False,0,-1,14
54877,1,1,False,0,-1,22
54879,1,1,False,2,22,9
54881,1,1,False,0,-1,13
54882,1,1,False,0,-1,28
54883,1,1,False,0,-1,4
54887,1,1,False,1,105,8
54889,1,1,False,2,0,18
54894,1,1,False,0,-1,12
54897,1,1,False,0,-1,27
54899,1,1,False,1,105,12
54901,1,1,False,1,56,8
54904,1,1,False,1,2173,18
54906,1,1,False,2,105,18
54910,1,1,False,0,-1,5
54912,1,1,False,1,2357,12
54915,1,1,False,1,111,18
54923,1,1,False,0,-1,5
54926,1,1,False,3,22,20
54928,1,1,False,0,-1,7
54929,1,1,False,0,-1,4
54931,1,1,False,1,7,6
54932,1,1,False,0,-1,12
54935,1,1,False,2,80,27
54940,1,1,False,0,-1,13
54942,1,1,False,0,-1,12
54943,1,1,False,0,-1,5
54945,1,1,False,1,2,12
54947,1,1,False,1,31,15
54950,1,1,False,1,20,11
54952,1,1,False,0,-1,12
54956,1,1,False,1,12,10
54958,1,1,False,2,2359,5
54959,1,1,False,2,2359,5
54960,1,1,False,2,2359,5
54964,1,1,False,3,52,25
54966,1,1,False,0,-1,14
54967,1,1,False,0,-1,18
54970,1,1,False,0,-1,3
54973,1,1,False,0,-1,8
54974,1,1,False,3,16,12
54977,1,1,False,3,16,12
54978,1,1,False,1,73,12
54980,1,1,False,0,-1,10
54983,1,1,False,1,2360,22
54984,1,1,False,1,2360,22
54985,1,1,False,3,30,14
54990,1,1,False,0,-1,12
54991,1,1,False,0,-1,11
54996,1,1,False,0,-1,12
54998,1,1,False,3,45,2
55005,1,1,False,0,-1,12
55006,1,1,False,0,-1,18
55007,1,1,False,3,6,15
55008,1,1,False,3,6,15
55011,1,1,False,0,-1,7
55012,1,1,False,1,30,9
55016,1,1,False,1,2361,12
55017,1,1,False,1,2361,12
55021,1,1,False,2,20,18
55022,1,1,False,2,20,18
55023,1,1,False,2,114,24
55025,1,1,False,2,114,24
55027,1,1,False,0,-1,12
55030,1,1,False,3,105,15
55035,1,1,False,0,-1,7
55040,1,1,False,2,114,20
55042,1,1,False,0,-1,20
55044,1,1,False,1,3,4
55045,1,1,False,2,22,5
55046,1,1,False,2,22,5
55048,1,1,False,1,22,2
55052,1,1,False,1,3,14
55054,1,1,False,2,25,2
55055,1,1,False,2,25,2
55058,1,1,False,1,627,12
55062,1,1,False,1,2362,7
55064,1,1,False,1,105,14
55066,1,1,False,0,-1,14
55068,1,1,False,2,3,9
55071,1,1,False,0,-1,5
55076,1,1,False,0,-1,5
55079,1,1,False,1,2363,8
55081,1,1,False,1,161,12
55084,1,1,False,1,73,14
55085,1,1,False,0,-1,17
55086,1,1,False,2,37,4
55087,1,1,False,2,37,4
55089,1,1,False,1,105,18
55092,1,1,False,3,22,10
55098,1,1,False,1,2364,6
55099,1,1,False,1,2364,6
55101,1,1,False,0,-1,12
55102,1,1,False,0,-1,9
55105,1,1,False,0,-1,13
55106,1,1,False,1,12,13
55109,1,1,False,1,22,12
55111,1,1,False,1,105,17
55114,1,1,False,2,22,12
55115,1,1,False,2,22,12
55118,1,1,False,2,10,4
55122,1,1,False,1,30,7
55123,1,1,False,0,-1,11
55124,1,1,False,0,-1,11
55125,1,1,False,0,-1,20
55127,1,1,False,0,-1,17
55128,1,1,False,1,2365,14
55129,1,1,False,1,2365,14
55131,1,1,False,2,1031,12
55133,1,1,False,2,1031,12
55134,1,1,False,0,-1,20
55135,1,1,False,0,-1,8
55136,1,1,False,0,-1,3
55137,1,1,False,2,105,17
55138,1,1,False,2,105,17
55141,1,1,False,0,-1,4
55142,1,1,False,0,-1,18
55145,1,1,False,2,7,18
55146,1,1,False,2,7,18
55147,1,1,False,0,-1,18
55148,1,1,False,1,2366,28
55149,1,1,False,1,2366,28
55150,1,1,False,1,2367,26
55151,1,1,False,1,2367,26
55153,1,1,False,2,6,27
55154,1,1,False,2,6,27
55162,1,1,False,0,-1,10
55163,1,1,False,1,2369,18
55164,1,1,False,1,2369,18
55167,1,1,False,1,7,8
55171,1,1,False,0,-1,12
55172,1,1,False,0,-1,9
55177,1,1,False,1,1,17
55180,1,1,False,2,111,5
55181,1,1,False,2,111,5
55186,1,1,False,0,-1,14
55187,1,1,False,1,106,12
55190,1,1,False,3,73,14
55196,1,1,False,0,-1,18
55198,1,1,False,1,22,8
55199,1,1,False,1,2370,13
55200,1,1,False,1,2370,13
55201,1,1,False,0,-1,8
55203,1,1,False,0,-1,9
55204,1,1,False,0,-1,13
55207,1,1,False,0,-1,20
55209,1,1,False,1,2371,5
55210,1,1,False,1,2371,5
55211,1,1,False,2,70,13
55212,1,1,False,2,70,13
55221,1,1,False,1,26,20
55223,1,1,False,2,30,4
55226,1,1,False,0,-1,20
55229,1,1,False,3,20,12
55231,1,1,False,3,20,12
55232,1,1,False,3,20,12
55233,1,1,False,1,3,21
55236,1,1,False,2,693,13
55238,1,1,False,1,30,4
55241,1,1,False,0,-1,18
55244,1,1,False,2,2,20
55246,1,1,False,0,-1,12
55247,1,1,False,1,2372,18
55248,1,1,False,1,2372,18
55250,1,1,False,1,18,4
55252,1,1,False,1,105,14
55258,1,1,False,0,-1,13
55259,1,1,False,0,-1,20
55265,1,1,False,1,31,6
55266,1,1,False,0,-1,5
55268,1,1,False,0,-1,12
55276,1,1,False,3,179,12
55280,1,1,False,0,-1,13
55286,1,1,False,2,30,5
55291,1,1,False,0,-1,12
55292,1,1,False,0,-1,3
55293,1,1,False,1,2373,17
55294,1,1,False,1,2373,17
55295,1,1,False,0,-1,9
55298,1,1,False,1,59,6
55300,1,1,False,2,31,13
55301,1,1,False,2,31,13
55305,1,1,False,0,-1,25
55311,1,1,False,3,3,12
55314,1,1,False,3,3,12
55318,1,1,False,0,-1,14
55319,1,1,False,2,2374,13
55321,1,1,False,2,2374,13
55326,1,1,False,1,30,15
55327,1,1,False,0,-1,12
55328,1,1,False,0,-1,15
55329,1,1,False,3,43,20
55332,1,1,False,3,43,20
55333,1,1,False,2,43,14
55334,1,1,False,2,43,14
55336,1,1,False,1,105,5
55341,1,1,False,1,2375,20
55342,1,1,False,1,2375,20
55343,1,1,False,0,-1,11
55349,1,1,False,1,73,21
55352,1,1,False,2,3,12
55353,1,1,False,2,3,12
55354,1,1,False,0,-1,18
55356,1,1,False,1,106,12
55362,1,1,False,2,54,22
55366,1,1,False,0,-1,15
55367,1,1,False,0,-1,9
55370,1,1,False,3,221,5
55374,1,1,False,1,2376,12
55378,1,1,False,3,105,21
55380,1,1,False,3,105,21
55381,1,1,False,1,0,12
55384,1,1,False,1,73,12
55386,1,1,False,1,43,14
55387,1,1,False,0,-1,13
55389,1,1,False,0,-1,16
55394,1,1,False,1,2377,14
55395,1,1,False,1,2377,14
55398,1,1,False,3,10,14
55404,1,1,False,1,2,7
55405,1,1,False,2,37,27
55410,1,1,False,2,105,4
55415,1,1,False,1,54,12
55419,1,1,False,2,105,12
55420,1,1,False,2,105,12
55422,1,1,False,1,161,12
55423,1,1,False,0,-1,20
55424,1,1,False,0,-1,20
55425,1,1,False,0,-1,13
55432,1,1,False,1,30,5
55433,1,1,False,0,-1,14
55435,1,1,False,0,-1,12
55436,1,1,False,0,-1,5
55437,1,1,False,2,3,20
55438,1,1,False,2,3,20
55442,1,1,False,1,6,18
55445,1,1,False,2,31,12
55448,1,1,False,1,73,18
55450,1,1,False,2,106,27
55453,1,1,False,0,-1,12
55459,1,1,False,0,-1,12
55461,1,1,False,3,179,15
55464,1,1,False,0,-1,4
55466,1,1,False,3,22,12
55468,1,1,False,3,22,12
55470,1,1,False,1,2378,10
55471,1,1,False,1,2378,10
55472,1,1,False,0,-1,20
55475,1,1,False,1,62,13
55476,1,1,False,3,73,13
55477,1,1,False,3,73,13
55478,1,1,False,3,73,13
55482,1,1,False,1,2379,12
55483,1,1,False,1,2379,12
55485,1,1,False,1,6,15
55486,1,1,False,0,-1,18
55489,1,1,False,1,105,15
55494,1,1,False,1,2380,18
55495,1,1,False,1,2380,18
55497,1,1,False,0,-1,12
55499,1,1,False,0,-1,12
55501,1,1,False,1,2381,12
55502,1,1,False,1,2381,12
55507,1,1,False,2,161,12
55509,1,1,False,0,-1,13
55512,1,1,False,3,28,12
55516,1,1,False,1,2382,8
55521,1,1,False,1,48,16
55525,1,1,False,2,105,5
55527,1,1,False,1,37,5
55530,1,1,False,1,22,12
55531,1,1,False,0,-1,23
55532,1,1,False,1,2383,28
55533,1,1,False,1,2383,28
55536,1,1,False,1,2384,18
55537,1,1,False,1,2384,18
55538,1,1,False,2,105,14
55541,1,1,False,0,-1,4
55547,1,1,False,3,68,12
55548,1,1,False,0,-1,11
55554,1,1,False,1,37,20
55555,1,1,False,1,73,13
55557,1,1,False,0,-1,12
55558,1,1,False,0,-1,25
55559,1,1,False,0,-1,28
55561,1,1,False,0,-1,14
55565,1,1,False,0,-1,18
55567,1,1,False,3,30,25
55570,1,1,False,1,2385,20
55571,1,1,False,1,2385,20
55574,1,1,False,3,28,4
55576,1,1,False,3,28,4
55578,1,1,False,2,2386,5
55579,1,1,False,2,2386,5
55580,1,1,False,2,2386,5
55582,1,1,False,1,12,14
55584,1,1,False,2,105,4
55591,1,1,False,3,111,4
55594,1,1,False,3,111,4
55598,1,1,False,2,0,4
55600,1,1,False,0,-1,18
55602,1,1,False,2,2387,12
55603,1,1,False,2,2387,12
55604,1,1,False,2,2387,12
55605,1,1,False,0,-1,18
55608,1,1,False,3,7,13
55610,1,1,False,3,7,13
55613,1,1,False,1,2388,14
55614,1,1,False,1,2388,14
55615,1,1,False,1,86,8
55618,1,1,False,1,30,3
55623,1,1,False,2,37,12
55627,1,1,False,0,-1,9
55630,1,1,False,3,6,17
55631,1,1,False,3,6,17
55632,1,1,False,3,6,17
55635,1,1,False,1,6,18
55637,1,1,False,0,-1,20
55639,1,1,False,1,56,14
55640,1,1,False,0,-1,7
55642,1,1,False,0,-1,5
55643,1,1,False,0,-1,15
55648,1,1,False,2,105,14
55651,1,1,False,0,-1,12
55652,1,1,False,2,2,16
55654,1,1,False,2,2,16
55655,1,1,False,0,-1,28
55656,1,1,False,1,22,21
55658,1,1,False,1,22,27
55660,1,1,False,1,2389,6
55661,1,1,False,1,2389,6
55665,1,1,False,1,35,20
55672,1,1,False,0,-1,4
55673,1,1,False,0,-1,14
55674,1,1,False,3,2390,14
55676,1,1,False,3,2390,14
55677,1,1,False,3,2390,14
55678,1,1,False,0,-1,14
55681,1,1,False,0,-1,14
55684,1,1,False,0,-1,25
55687,1,1,False,3,31,12
55690,1,1,False,1,3,1
55691,1,1,False,0,-1,13
55698,1,1,False,1,6,12
55700,1,1,False,3,6,12
55707,1,1,False,1,2391,14
55708,1,1,False,1,2391,14
55709,1,1,False,2,30,8
55712,1,1,False,2,105,12
55713,1,1,False,2,105,12
55719,1,1,False,0,-1,5
55721,1,1,False,0,-1,25
55723,1,1,False,2,0,15
55727,1,1,False,1,2392,22
55728,1,1,False,1,2392,22
55729,1,1,False,0,-1,5
55732,1,1,False,1,0,23
55734,1,1,False,1,2139,8
55736,1,1,False,0,-1,20
55749,1,1,False,1,62,9
55752,1,1,False,1,2393,15
55753,1,1,False,1,2393,15
55756,1,1,False,2,54,5
55759,1,1,False,1,2394,18
55760,1,1,False,1,2394,18
55761,1,1,False,0,-1,14
55762,1,1,False,0,-1,20
55772,1,1,False,1,97,15
55773,1,1,False,0,-1,15
55775,1,1,False,0,-1,6
55776,1,1,False,0,-1,24
55778,1,1,False,1,2395,14
55779,1,1,False,1,2395,14
55782,1,1,False,3,86,15
55784,1,1,False,3,86,15
55787,1,1,False,2,31,17
55790,1,1,False,3,0,14
55794,1,1,False,1,2396,12
55795,1,1,False,1,2396,12
55799,1,1,False,2,0,15
55801,1,1,False,1,25,13
55803,1,1,False,2,62,14
55804,1,1,False,2,62,14
55812,1,1,False,1,266,2
55816,1,1,False,2,25,9
55817,1,1,False,2,25,9
55822,1,1,False,0,-1,5
55824,1,1,False,0,-1,12
55826,1,1,False,2,2397,12
55827,1,1,False,2,2397,12
55833,1,1,False,0,-1,4
55835,1,1,False,1,105,18
55836,1,1,False,0,-1,6
55837,1,1,False,2,161,15
55841,1,1,False,1,93,4
55846,1,1,False,0,-1,13
55848,1,1,False,0,-1,13
55851,1,1,False,3,51,5
55852,1,1,False,3,51,5
55857,1,1,False,1,6,13
55861,1,1,False,2,2,14
55863,1,1,False,1,37,5
55865,1,1,False,0,-1,5
55868,1,1,False,3,22,12
55869,1,1,False,3,22,12
55872,1,1,False,0,-1,20
55874,1,1,False,1,30,14
55876,1,1,False,1,105,14
55880,1,1,False,1,31,18
55882,1,1,False,0,-1,5
55883,1,1,False,0,-1,13
55887,1,1,False,0,-1,28
55889,1,1,False,0,-1,6
55891,1,1,False,2,86,5
55896,1,1,False,2,111,25
55897,1,1,False,2,111,25
55899,1,1,False,1,0,18
55903,1,1,False,1,3,10
55906,1,1,False,0,-1,12
55909,1,1,False,0,-1,12
55910,1,1,False,1,2398,15
55911,1,1,False,1,2398,15
55912,1,1,False,0,-1,4
55913,1,1,False,0,-1,12
55914,1,1,False,2,1,13
55916,1,1,False,2,1,13
55917,1,1,False,1,3,24
55920,1,1,False,2,54,8
55922,1,1,False,2,54,8
55923,1,1,False,2,105,13
55926,1,1,False,1,2399,5
55927,1,1,False,1,2399,5
55929,1,1,False,1,30,14
55931,1,1,False,0,-1,20
55938,1,1,False,2,51,14
55943,1,1,False,1,62,9
55946,1,1,False,3,10,11
55950,1,1,False,0,-1,4
55951,1,1,False,2,3,18
55952,1,1,False,2,3,18
55956,1,1,False,2,31,20
55958,1,1,False,0,-1,7
55959,1,1,False,0,-1,20
55964,1,1,False,2,3,3
55965,1,1,False,2,3,3
55974,1,1,False,1,105,5
55979,1,1,False,1,10,12
55981,1,1,False,1,2400,5
55982,1,1,False,1,2400,5
55985,1,1,False,1,3,24
55989,1,1,False,1,73,11
55992,1,1,False,0,-1,27
55996,1,1,False,0,-1,12
56000,1,1,False,2,30,17
56003,1,1,False,0,-1,6
56006,1,1,False,0,-1,12
56009,1,1,False,2,43,12
56013,1,1,False,1,2401,5
56016,1,1,False,3,62,20
56017,1,1,False,3,62,20
56018,1,1,False,3,62,20
56019,1,1,False,0,-1,15
56022,1,1,False,0,-1,12
56024,1,1,False,2,22,25
56025,1,1,False,2,22,25
56027,1,1,False,0,-1,18
56029,1,1,False,3,73,5
56032,1,1,False,3,73,5
56033,1,1,False,0,-1,9
56038,1,1,False,0,-1,8
56040,1,1,False,1,105,17
56044,1,1,False,1,105,20
56045,1,1,False,2,54,15
56050,1,1,False,0,-1,18
56053,1,1,False,1,6,9
56055,1,1,False,1,2402,12
56058,1,1,False,0,-1,14
56059,1,1,False,1,2,12
56063,1,1,False,3,6,18
56066,1,1,False,1,1629,14
56069,1,1,False,2,14,12
56070,1,1,False,2,14,12
56071,1,1,False,2,64,25
56072,1,1,False,2,64,25
56074,1,1,False,3,37,27
56075,1,1,False,3,37,27
56080,1,1,False,3,22,12
56082,1,1,False,0,-1,15
56084,1,1,False,0,-1,7
56087,1,1,False,1,1,12
56089,1,1,False,0,-1,22
56090,1,1,False,0,-1,5
56091,1,1,False,0,-1,18
56092,1,1,False,0,-1,13
56093,1,1,False,1,6,27
56096,1,1,False,2,2403,5
56098,1,1,False,2,2403,5
56099,1,1,False,1,22,2
56104,1,1,False,0,-1,12
56105,1,1,False,1,25,20
56107,1,1,False,2,95,8
56110,1,1,False,0,-1,20
56111,1,1,False,1,139,5
56115,1,1,False,0,-1,6
56116,1,1,False,2,10,12
56117,1,1,False,2,10,12
56123,1,1,False,1,111,8
56124,1,1,False,0,-1,12
56129,1,1,False,1,2404,13
56130,1,1,False,1,2404,13
56132,1,1,False,1,2405,9
56133,1,1,False,1,2405,9
56135,1,1,False,0,-1,12
56136,1,1,False,1,2406,2
56137,1,1,False,1,2406,2
56139,1,1,False,1,105,9
56141,1,1,False,0,-1,21
56142,1,1,False,0,-1,12
56145,1,1,False,2,1,14
56147,1,1,False,2,1,14
56148,1,1,False,3,105,18
56161,1,1,False,3,6,12
56163,1,1,False,1,6,23
56164,1,1,False,2,6,9
56166,1,1,False,2,6,9
56167,1,1,False,0,-1,12
56169,1,1,False,2,105,25
56171,1,1,False,1,2407,13
56172,1,1,False,1,2407,13
56174,1,1,False,0,-1,12
56175,1,1,False,3,1,20
56176,1,1,False,3,1,20
56180,1,1,False,2,161,5
56181,1,1,False,2,161,5
56183,1,1,False,0,-1,5
56186,1,1,False,3,35,15
56190,1,1,False,0,-1,4
56194,1,1,False,1,2408,13
56195,1,1,False,1,2408,13
56196,1,1,False,3,43,20
56199,1,1,False,3,43,20
56205,1,1,False,3,30,20
56206,1,1,False,3,30,20
56207,1,1,False,3,30,20
56213,1,1,False,0,-1,18
56214,1,1,False,1,37,5
56216,1,1,False,0,-1,7
56219,1,1,False,1,2409,25
56220,1,1,False,1,2409,25
56221,1,1,False,2,2410,12
56222,1,1,False,2,2410,12
56225,1,1,False,0,-1,12
56226,1,1,False,0,-1,18
56227,1,1,False,1,2411,6
56228,1,1,False,1,2411,6
56230,1,1,False,0,-1,14
56231,1,1,False,1,62,4
56233,1,1,False,0,-1,20
56237,1,1,False,2,14,11
56238,1,1,False,2,14,11
56242,1,1,False,2,26,20
56245,1,1,False,1,2412,8
56246,1,1,False,1,2412,8
56248,1,1,False,1,2,19
56254,1,1,False,0,-1,15
56261,1,1,False,2,12,22
56263,1,1,False,2,12,22
56264,1,1,False,0,-1,8
56265,1,1,False,0,-1,18
56270,1,1,False,3,166,5
56271,1,1,False,3,166,5
56279,1,1,False,1,2413,18
56280,1,1,False,0,-1,17
56281,1,1,False,2,30,20
56287,1,1,False,1,43,12
56289,1,1,False,2,43,12
56291,1,1,False,2,43,12
56295,1,1,False,0,-1,6
56298,1,1,False,1,2414,11
56299,1,1,False,1,2414,11
56300,1,1,False,1,48,14
56302,1,1,False,1,31,8
56308,1,1,False,1,2,6
56312,1,1,False,0,-1,13
56313,1,1,False,0,-1,5
56314,1,1,False,0,-1,15
56315,1,1,False,0,-1,28
56319,1,1,False,0,-1,28
56320,1,1,False,0,-1,15
56321,1,1,False,2,2415,12
56322,1,1,False,2,2415,12
56323,1,1,False,2,2415,12
56324,1,1,False,1,105,23
56328,1,1,False,1,62,5
56332,1,1,False,2,93,20
56333,1,1,False,2,93,20
56335,1,1,False,1,58,13
56342,1,1,False,0,-1,12
56349,1,1,False,2,0,13
56351,1,1,False,2,221,5
56355,1,1,False,0,-1,25
56356,1,1,False,1,56,17
56358,1,1,False,0,-1,12
56361,1,1,False,2,0,17
56363,1,1,False,2,0,17
56364,1,1,False,2,10,5
56366,1,1,False,2,10,5
56370,1,1,False,1,105,12
56372,1,1,False,1,64,12
56374,1,1,False,0,-1,12
56375,1,1,False,0,-1,14
56377,1,1,False,2,1,13
56378,1,1,False,2,1,13
56382,1,1,False,1,105,15
56386,1,1,False,1,294,28
56387,1,1,False,2,52,12
56389,1,1,False,2,52,12
56390,1,1,False,1,52,5
56397,1,1,False,1,2416,18
56398,1,1,False,1,2416,18
56399,1,1,False,1,30,20
56403,1,1,False,2,2417,12
56404,1,1,False,2,2417,12
56405,1,1,False,2,2417,12
56407,1,1,False,1,2418,5
56413,1,1,False,2,35,18
56419,1,1,False,0,-1,18
56420,1,1,False,0,-1,19
56423,1,1,False,0,-1,21
56424,1,1,False,1,58,26
56426,1,1,False,3,30,22
56429,1,1,False,3,30,22
56430,1,1,False,2,37,20
56431,1,1,False,2,37,20
56436,1,1,False,2,23,14
56437,1,1,False,2,23,14
56438,1,1,False,0,-1,18
56439,1,1,False,0,-1,20
56440,1,1,False,2,2419,18
56441,1,1,False,2,2419,18
56442,1,1,False,2,2419,18
56448,1,1,False,0,-1,22
56457,1,1,False,0,-1,26
56460,1,1,False,3,30,12
56461,1,1,False,3,30,12
56463,1,1,False,3,2420,14
56464,1,1,False,3,2420,14
56465,1,1,False,3,2420,14
56466,1,1,False,3,2420,14
56467,1,1,False,2,56,25
56468,1,1,False,2,56,25
56475,1,1,False,2,0,5
56476,1,1,False,0,-1,20
56477,1,1,False,0,-1,5
56478,1,1,False,1,25,25
56480,1,1,False,0,-1,20
56483,1,1,False,2,54,14
56484,1,1,False,0,-1,20
56489,1,1,False,1,48,4
56492,1,1,False,1,44,5
56493,1,1,False,0,-1,4
56501,1,1,False,0,-1,9
56502,1,1,False,1,30,8
56504,1,1,False,2,19,4
56513,1,1,False,1,12,4
56516,1,1,False,2,19,20
56517,1,1,False,2,19,20
56518,1,1,False,0,-1,14
56526,1,1,False,3,237,20
56529,1,1,False,0,-1,14
56531,1,1,False,1,68,12
56532,1,1,False,2,58,25
56533,1,1,False,2,58,25
56536,1,1,False,2,14,8
56537,1,1,False,2,14,8
56538,1,1,False,1,30,5
56542,1,1,False,0,-1,28
56544,1,1,False,1,2421,11
56550,1,1,False,0,-1,12
56551,1,1,False,1,105,22
56553,1,1,False,2,2422,4
56554,1,1,False,2,2422,4
56556,1,1,False,0,-1,20
56557,1,1,False,0,-1,18
56558,1,1,False,0,-1,4
56564,1,1,False,2,53,12
56565,1,1,False,2,460,24
56566,1,1,False,2,460,24
56568,1,1,False,0,-1,5
56569,1,1,False,2,30,13
56574,1,1,False,3,2423,14
56575,1,1,False,3,2423,14
56576,1,1,False,3,2423,14
56577,1,1,False,3,2423,14
56579,1,1,False,1,2424,21
56580,1,1,False,1,2424,21
56585,1,1,False,0,-1,13
56588,1,1,False,2,105,12
56591,1,1,False,1,2425,13
56592,1,1,False,1,2425,13
56594,1,1,False,0,-1,18
56596,1,1,False,2,35,20
56597,1,1,False,2,35,20
56599,1,1,False,1,26,8
56601,1,1,False,0,-1,10
56605,1,1,False,0,-1,20
56606,1,1,False,1,294,9
56608,1,1,False,0,-1,23
56609,1,1,False,1,2426,8
56610,1,1,False,1,2426,8
56612,1,1,False,1,30,20
56615,1,1,False,1,1,5
56616,1,1,False,0,-1,12
56620,1,1,False,0,-1,26
56625,1,1,False,2,56,27
56627,1,1,False,1,30,1
56632,1,1,False,3,44,20
56636,1,1,False,0,-1,1
56638,1,1,False,0,-1,12
56641,1,1,False,2,26,15
56645,1,1,False,2,2427,12
56646,1,1,False,2,2427,12
56647,1,1,False,2,2427,12
56648,1,1,False,1,2428,8
56649,1,1,False,1,2428,8
56650,1,1,False,2,30,12
56651,1,1,False,2,30,12
56653,1,1,False,2,26,28
56656,1,1,False,0,-1,9
56659,1,1,False,2,26,12
56662,1,1,False,3,56,24
56664,1,1,False,0,-1,24
56665,1,1,False,1,1,14
56667,1,1,False,1,2429,11
56668,1,1,False,1,2429,11
56670,1,1,False,0,-1,5
56671,1,1,False,0,-1,17
56678,1,1,False,0,-1,18
56679,1,1,False,0,-1,27
56680,1,1,False,0,-1,28
56684,1,1,False,3,26,19
56686,1,1,False,1,2430,12
56687,1,1,False,1,2430,12
56688,1,1,False,0,-1,2
56691,1,1,False,1,2431,14
56692,1,1,False,1,2431,14
56695,1,1,False,0,-1,13
56697,1,1,False,1,53,14
56703,1,1,False,1,111,21
56705,1,1,False,0,-1,25
56706,1,1,False,0,-1,12
56711,1,1,False,1,2432,15
56713,1,1,False,3,44,18
56718,1,1,False,2,19,20
56719,1,1,False,2,19,20
56722,1,1,False,1,2433,5
56723,1,1,False,1,2433,5
56724,1,1,False,3,19,24
56726,1,1,False,3,19,24
56727,1,1,False,3,19,24
56730,1,1,False,2,30,26
56734,1,1,False,3,26,15
56736,1,1,False,0,-1,14
56741,1,1,False,0,-1,20
56742,1,1,False,2,30,7
56744,1,1,False,2,30,7
56748,1,1,False,1,86,25
56750,1,1,False,0,-1,5
56751,1,1,False,1,70,9
56758,1,1,False,1,58,18
56761,1,1,False,2,44,17
56763,1,1,False,2,44,17
56766,1,1,False,1,105,28
56769,1,1,False,1,2434,12
56770,1,1,False,1,2434,12
56771,1,1,False,1,86,5
56779,1,1,False,2,40,28
56783,1,1,False,0,-1,11
56786,1,1,False,2,2435,12
56788,1,1,False,2,2435,12
56789,1,1,False,0,-1,21
56792,1,1,False,3,3,17
56793,1,1,False,3,3,17
56794,1,1,False,0,-1,14
56800,1,1,False,1,97,4
56802,1,1,False,1,2436,4
56805,1,1,False,1,2422,14
56807,1,1,False,0,-1,5
56814,1,1,False,2,2437,14
56815,1,1,False,2,2437,14
56816,1,1,False,2,2437,14
56817,1,1,False,0,-1,8
56818,1,1,False,0,-1,14
56821,1,1,False,1,52,14
56826,1,1,False,1,19,8
56828,1,1,False,0,-1,9
56829,1,1,False,0,-1,10
56831,1,1,False,1,137,22
56834,1,1,False,1,26,12
56837,1,1,False,2,105,6
56840,1,1,False,2,294,12
56841,1,1,False,2,294,12
56842,1,1,False,0,-1,5
56847,1,1,False,0,-1,14
56849,1,1,False,0,-1,12
56850,1,1,False,1,2438,16
56851,1,1,False,1,2438,16
56853,1,1,False,2,30,18
56857,1,1,False,2,164,18
56859,1,1,False,2,164,18
56863,1,1,False,3,30,4
56864,1,1,False,3,30,4
56867,1,1,False,2,105,25
56868,1,1,False,2,86,12
56870,1,1,False,2,86,12
56876,1,1,False,0,-1,14
56882,1,1,False,3,221,12
56883,1,1,False,3,221,12
56886,1,1,False,3,161,22
56887,1,1,False,3,161,22
56889,1,1,False,1,35,28
56893,1,1,False,1,114,15
56894,1,1,False,0,-1,12
56900,1,1,False,2,142,14
56901,1,1,False,2,142,14
56902,1,1,False,3,35,5
56907,1,1,False,2,164,18
56908,1,1,False,2,164,18
56910,1,1,False,1,22,12
56911,1,1,False,0,-1,23
56913,1,1,False,0,-1,9
56917,1,1,False,1,2439,21
56918,1,1,False,1,2439,21
56919,1,1,False,0,-1,25
56920,1,1,False,0,-1,25
56922,1,1,False,2,105,12
56926,1,1,False,1,58,15
56927,1,1,False,0,-1,10
56931,1,1,False,0,-1,4
56933,1,1,False,2,25,5
56934,1,1,False,2,25,5
56936,1,1,False,1,2440,5
56937,1,1,False,1,2440,5
56938,1,1,False,0,-1,13
56940,1,1,False,1,105,13
56941,1,1,False,0,-1,5
56943,1,1,False,2,1,5
56944,1,1,False,2,1,5
56949,1,1,False,2,52,22
56950,1,1,False,2,52,22
56958,1,1,False,1,56,14
56960,1,1,False,3,19,18
56961,1,1,False,3,19,18
56964,1,1,False,2,58,9
56965,1,1,False,2,58,9
56969,1,1,False,3,48,12
56971,1,1,False,3,48,12
56972,1,1,False,3,48,12
56974,1,1,False,2,52,17
56975,1,1,False,2,52,17
56977,1,1,False,1,93,18
56978,1,1,False,1,26,18
56984,1,1,False,1,56,11
56988,1,1,False,1,12,1
56990,1,1,False,0,-1,20
56991,1,1,False,3,58,6
56992,1,1,False,3,58,6
56994,1,1,False,3,58,6
56996,1,1,False,0,-1,12
56999,1,1,False,3,52,20
57003,1,1,False,0,-1,18
57008,1,1,False,1,2441,13
57010,1,1,False,3,35,27
57011,1,1,False,3,35,27
57012,1,1,False,3,35,27
57018,1,1,False,1,56,13
57021,1,1,False,1,56,14
57022,1,1,False,1,2,13
57027,1,1,False,0,-1,13
57034,1,1,False,2,30,12
57036,1,1,False,2,2442,11
57037,1,1,False,2,2442,11
57038,1,1,False,2,2442,11
57039,1,1,False,0,-1,5
57040,1,1,False,1,30,25
57043,1,1,False,0,-1,12
57046,1,1,False,2,63,9
57047,1,1,False,2,2443,20
57048,1,1,False,2,2443,20
57049,1,1,False,2,2443,20
57051,1,1,False,0,-1,5
57054,1,1,False,1,54,14
57056,1,1,False,2,139,9
57057,1,1,False,2,139,9
57059,1,1,False,1,6,20
57060,1,1,False,0,-1,22
57063,1,1,False,3,35,12
57064,1,1,False,3,35,12
57065,1,1,False,1,51,12
57073,1,1,False,1,2444,6
57075,1,1,False,0,-1,13
57076,1,1,False,2,111,20
57079,1,1,False,3,56,22
57080,1,1,False,3,56,22
57082,1,1,False,3,56,22
57084,1,1,False,1,161,7
57085,1,1,False,0,-1,12
57086,1,1,False,2,62,14
57088,1,1,False,2,62,14
57091,1,1,False,2,93,12
57093,1,1,False,2,93,12
57096,1,1,False,0,-1,12
57100,1,1,False,0,-1,6
57101,1,1,False,0,-1,18
57106,1,1,False,3,105,5
57107,1,1,False,0,-1,14
57108,1,1,False,0,-1,3
57109,1,1,False,2,2445,12
57110,1,1,False,2,2445,12
57111,1,1,False,2,2445,12
57114,1,1,False,0,-1,26
57115,1,1,False,1,51,25
57118,1,1,False,2,22,6
57127,1,1,False,2,44,18
57128,1,1,False,0,-1,24
57130,1,1,False,0,-1,13
57131,1,1,False,1,2446,11
57132,1,1,False,1,2446,11
57133,1,1,False,1,105,12
57138,1,1,False,2,30,13
57140,1,1,False,0,-1,18
57142,1,1,False,0,-1,15
57144,1,1,False,1,2,11
57147,1,1,False,0,-1,10
57148,1,1,False,0,-1,18
57151,1,1,False,0,-1,5
57153,1,1,False,1,52,12
57155,1,1,False,1,56,4
57160,1,1,False,1,237,14
57163,1,1,False,2,14,15
57164,1,1,False,2,14,15
57166,1,1,False,0,-1,5
57167,1,1,False,0,-1,9
57169,1,1,False,0,-1,25
57171,1,1,False,1,58,12
57173,1,1,False,0,-1,20
57174,1,1,False,1,2447,9
57175,1,1,False,1,2447,9
57178,1,1,False,2,53,25
57180,1,1,False,1,27,9
57183,1,1,False,1,74,20
57185,1,1,False,0,-1,13
57189,1,1,False,0,-1,11
57191,1,1,False,1,19,9
57192,1,1,False,1,63,20
57199,1,1,False,1,26,9
57201,1,1,False,0,-1,28
57202,1,1,False,0,-1,12
57205,1,1,False,3,56,22
57206,1,1,False,3,56,22
57208,1,1,False,1,54,18
57211,1,1,False,2,26,8
57216,1,1,False,2,481,6
57218,1,1,False,2,481,6
57220,1,1,False,1,54,4
57221,1,1,False,1,2448,18
57222,1,1,False,1,2448,18
57224,1,1,False,2,19,12
57226,1,1,False,0,-1,12
57227,1,1,False,1,58,19
57229,1,1,False,0,-1,17
57234,1,1,False,1,63,5
57238,1,1,False,1,26,12
57241,1,1,False,0,-1,5
57242,1,1,False,0,-1,8
57245,1,1,False,3,105,6
57246,1,1,False,3,105,6
57249,1,1,False,3,30,12
57253,1,1,False,0,-1,2
57254,1,1,False,1,2449,15
57255,1,1,False,1,2449,15
57261,1,1,False,0,-1,2
57262,1,1,False,2,30,17
57263,1,1,False,2,30,17
57266,1,1,False,0,-1,11
57268,1,1,False,3,51,3
57271,1,1,False,3,51,3
57276,1,1,False,3,30,12
57278,1,1,False,3,30,12
57280,1,1,False,2,161,15
57283,1,1,False,0,-1,9
57285,1,1,False,2,58,15
57289,1,1,False,0,-1,12
57291,1,1,False,1,137,11
57293,1,1,False,1,2450,5
57294,1,1,False,1,2450,5
57296,1,1,False,1,2451,13
57297,1,1,False,1,2451,13
57299,1,1,False,0,-1,12
57303,1,1,False,1,30,6
57307,1,1,False,2,237,25
57309,1,1,False,1,80,4
57312,1,1,False,0,-1,12
57314,1,1,False,1,6,10
57318,1,1,False,3,58,14
57319,1,1,False,2,25,13
57322,1,1,False,2,237,8
57323,1,1,False,2,237,8
57325,1,1,False,2,105,20
57330,1,1,False,1,44,15
57332,1,1,False,0,-1,13
57336,1,1,False,0,-1,13
57339,1,1,False,3,137,5
57340,1,1,False,3,137,5
57342,1,1,False,3,137,5
57343,1,1,False,0,-1,6
57344,1,1,False,3,58,12
57347,1,1,False,3,58,12
57350,1,1,False,2,56,14
57351,1,1,False,2,56,5
57353,1,1,False,2,56,5
57355,1,1,False,0,-1,20
57357,1,1,False,1,30,5
57359,1,1,False,1,30,12
57360,1,1,False,1,2452,6
57361,1,1,False,1,2452,6
57366,1,1,False,1,2453,24
57367,1,1,False,3,35,22
57370,1,1,False,3,35,22
57371,1,1,False,2,1,13
57378,1,1,False,3,105,5
57379,1,1,False,3,105,5
57381,1,1,False,1,2454,20
57382,1,1,False,1,2454,20
57383,1,1,False,1,2455,22
57384,1,1,False,1,2455,22
57386,1,1,False,1,2456,7
57387,1,1,False,1,2456,7
57389,1,1,False,3,26,12
57392,1,1,False,1,2457,9
57393,1,1,False,1,2457,9
57394,1,1,False,0,-1,20
57395,1,1,False,0,-1,17
57396,1,1,False,0,-1,14
57397,1,1,False,0,-1,4
57398,1,1,False,0,-1,5
57399,1,1,False,0,-1,14
57400,1,1,False,0,-1,22
57406,1,1,False,0,-1,18
57407,1,1,False,0,-1,26
57409,1,1,False,1,294,12
57413,1,1,False,3,58,20
57414,1,1,False,3,58,20
57415,1,1,False,3,58,20
57419,1,1,False,1,93,24
57420,1,1,False,0,-1,12
57422,1,1,False,1,23,26
57424,1,1,False,0,-1,13
57426,1,1,False,1,2458,5
57427,1,1,False,1,2458,5
57433,1,1,False,1,237,12
57434,1,1,False,0,-1,12
57442,1,1,False,0,-1,17
57443,1,1,False,0,-1,23
57451,1,1,False,1,1,12
57456,1,1,False,2,44,13
57462,1,1,False,1,2459,12
57463,1,1,False,1,2459,12
57464,1,1,False,1,51,14
57467,1,1,False,2,2460,5
57468,1,1,False,2,2460,5
57469,1,1,False,2,2460,5
57472,1,1,False,0,-1,15
57478,1,1,False,3,105,26
57480,1,1,False,3,105,26
57481,1,1,False,3,105,26
57482,1,1,False,2,2461,5
57483,1,1,False,2,2461,5
57484,1,1,False,2,2461,5
57485,1,1,False,1,1,22
57490,1,1,False,0,-1,24
57492,1,1,False,1,2462,4
57493,1,1,False,1,2462,4
57495,1,1,False,0,-1,25
57500,1,1,False,0,-1,24
57502,1,1,False,1,2463,20
57503,1,1,False,1,2463,20
57504,1,1,False,1,2464,12
57505,1,1,False,1,2464,12
57506,1,1,False,0,-1,3
57507,1,1,False,0,-1,12
57508,1,1,False,2,30,13
57512,1,1,False,0,-1,18
57513,1,1,False,0,-1,15
57515,1,1,False,0,-1,9
57518,1,1,False,2,6,5
57519,1,1,False,2,6,5
57520,1,1,False,3,2465,20
57521,1,1,False,3,2465,20
57522,1,1,False,3,2465,20
57523,1,1,False,3,2465,20
57524,1,1,False,0,-1,11
57527,1,1,False,1,22,22
57529,1,1,False,0,-1,12
57531,1,1,False,1,2466,12
57534,1,1,False,2,114,9
57541,1,1,False,0,-1,14
57543,1,1,False,2,30,13
57544,1,1,False,2,30,13
57547,1,1,False,1,2467,22
57551,1,1,False,3,48,15
57553,1,1,False,1,16,20
57559,1,1,False,0,-1,14
57561,1,1,False,0,-1,13
57562,1,1,False,0,-1,15
57568,1,1,False,1,237,6
57575,1,1,False,1,72,14
57577,1,1,False,0,-1,14
57584,1,1,False,0,-1,20
57590,1,1,False,0,-1,8
57591,1,1,False,0,-1,20
57595,1,1,False,2,25,5
57597,1,1,False,2,25,5
57598,1,1,False,2,30,8
57600,1,1,False,2,30,8
57608,1,1,False,3,30,5
57609,1,1,False,3,30,5
57610,1,1,False,3,30,5
57611,1,1,False,1,44,12
57626,1,1,False,1,2468,13
57627,1,1,False,1,2468,13
57630,1,1,False,0,-1,26
57631,1,1,False,3,2469,18
57633,1,1,False,3,2469,18
57634,1,1,False,3,2469,18
57635,1,1,False,1,1,8
57640,1,1,False,1,68,4
57644,1,1,False,2,30,13
57648,1,1,False,0,-1,15
57649,1,1,False,2,19,27
57655,1,1,False,0,-1,8
57658,1,1,False,0,-1,6
57661,1,1,False,0,-1,5
57666,1,1,False,0,-1,13
57668,1,1,False,0,-1,19
57674,1,1,False,2,111,12
57675,1,1,False,2,111,12
57676,1,1,False,0,-1,11
57679,1,1,False,1,22,14
57680,1,1,False,2,14,5
57684,1,1,False,2,37,21
57685,1,1,False,2,37,21
57687,1,1,False,1,2470,7
57688,1,1,False,1,2470,7
57694,1,1,False,0,-1,7
57697,1,1,False,3,3,12
57701,1,1,False,1,27,12
57703,1,1,False,0,-1,20
57705,1,1,False,2,2471,15
57706,1,1,False,2,2471,15
57707,1,1,False,2,2471,15
57710,1,1,False,2,1,5
57711,1,1,False,2,1,5
57713,1,1,False,1,2472,4
57714,1,1,False,1,2472,4
57715,1,1,False,0,-1,13
57716,1,1,False,0,-1,13
57718,1,1,False,2,31,12
57719,1,1,False,2,31,12
57720,1,1,False,1,26,7
57722,1,1,False,1,53,28
57724,1,1,False,3,2473,12
57725,1,1,False,3,2473,12
57726,1,1,False,3,2473,12
57727,1,1,False,3,2473,12
57729,1,1,False,1,56,13
57731,1,1,False,1,63,9
57733,1,1,False,2,54,17
57735,1,1,False,2,54,17
57737,1,1,False,0,-1,13
57738,1,1,False,2,70,18
57740,1,1,False,2,70,18
57741,1,1,False,1,37,17
57745,1,1,False,0,-1,24
57747,1,1,False,1,30,21
57748,1,1,False,2,30,9
57751,1,1,False,2,56,13
57753,1,1,False,2,56,13
57754,1,1,False,2,2474,25
57755,1,1,False,2,2474,25
57756,1,1,False,2,2474,25
57758,1,1,False,1,19,20
57760,1,1,False,1,2475,12
57762,1,1,False,1,2476,12
57763,1,1,False,1,2476,12
57764,1,1,False,1,14,12
57767,1,1,False,0,-1,4
57769,1,1,False,1,105,7
57776,1,1,False,1,2477,14
57777,1,1,False,1,2477,14
57778,1,1,False,1,2478,6
57779,1,1,False,1,2478,6
57780,1,1,False,0,-1,1
57783,1,1,False,0,-1,15
57785,1,1,False,0,-1,14
57786,1,1,False,1,3,5
57789,1,1,False,1,54,18
57790,1,1,False,0,-1,21
57795,1,1,False,0,-1,13
57798,1,1,False,2,63,20
57799,1,1,False,0,-1,12
57803,1,1,False,0,-1,5
57804,1,1,False,1,1,5
57807,1,1,False,1,111,11
57809,1,1,False,2,53,26
57813,1,1,False,2,54,9
57816,1,1,False,0,-1,19
57817,1,1,False,0,-1,22
57818,1,1,False,2,1,12
57819,1,1,False,2,1,12
57822,1,1,False,1,2479,18
57823,1,1,False,1,2479,18
57824,1,1,False,1,139,23
57830,1,1,False,3,10,18
57833,1,1,False,3,10,18
57834,1,1,False,2,2480,12
57835,1,1,False,2,2480,12
57836,1,1,False,2,2480,12
57837,1,1,False,2,1,2
57838,1,1,False,2,1,2
57840,1,1,False,0,-1,4
57841,1,1,False,0,-1,5
57843,1,1,False,1,2481,4
57844,1,1,False,1,2481,4
57849,1,1,False,1,237,12
57852,1,1,False,1,30,25
57857,1,1,False,1,93,13
57859,1,1,False,0,-1,5
57861,1,1,False,0,-1,20
57863,1,1,False,2,27,5
57868,1,1,False,3,105,17
57870,1,1,False,3,139,19
57874,1,1,False,1,2482,17
57875,1,1,False,1,2482,17
57876,1,1,False,0,-1,12
57887,1,1,False,0,-1,21
57890,1,1,False,0,-1,5
57892,1,1,False,3,54,18
57895,1,1,False,3,54,18
57896,1,1,False,0,-1,9
57898,1,1,False,0,-1,11
57900,1,1,False,1,63,9
57902,1,1,False,0,-1,13
57903,1,1,False,0,-1,17
57906,1,1,False,0,-1,12
57907,1,1,False,0,-1,5
57908,1,1,False,1,2483,12
57909,1,1,False,1,2483,12
57912,1,1,False,0,-1,20
57913,1,1,False,1,63,5
57918,1,1,False,1,58,20
57920,1,1,False,0,-1,20
57921,1,1,False,1,2484,5
57922,1,1,False,1,2484,5
57924,1,1,False,0,-1,13
57925,1,1,False,3,52,13
57927,1,1,False,3,52,13
57930,1,1,False,1,2485,28
57931,1,1,False,1,2485,28
57933,1,1,False,0,-1,16
57934,1,1,False,0,-1,17
57935,1,1,False,1,26,12
57937,1,1,False,1,0,12
57939,1,1,False,0,-1,18
57940,1,1,False,0,-1,12
57947,1,1,False,2,26,15
57952,1,1,False,0,-1,4
57956,1,1,False,1,25,12
57958,1,1,False,3,44,15
57961,1,1,False,0,-1,20
57962,1,1,False,0,-1,9
57964,1,1,False,1,56,2
57966,1,1,False,1,58,18
57972,1,1,False,3,22,14
57975,1,1,False,1,56,5
57979,1,1,False,0,-1,12
57980,1,1,False,0,-1,9
57982,1,1,False,0,-1,12
57985,1,1,False,1,2486,14
57986,1,1,False,1,2486,14
57988,1,1,False,2,19,8
57989,1,1,False,2,19,8
57990,1,1,False,1,111,12
57993,1,1,False,1,14,13
57999,1,1,False,0,-1,4
58000,1,1,False,0,-1,14
58003,1,1,False,0,-1,17
58004,1,1,False,1,139,24
58006,1,1,False,0,-1,20
58007,1,1,False,0,-1,5
58008,1,1,False,0,-1,12
58010,1,1,False,3,30,12
58012,1,1,False,3,30,12
58013,1,1,False,3,30,12
58015,1,1,False,3,25,16
58020,1,1,False,1,2487,5
58021,1,1,False,1,2487,5
58023,1,1,False,1,3,14
58024,1,1,False,2,31,12
58026,1,1,False,2,31,12
58028,1,1,False,3,27,9
58035,1,1,False,0,-1,9
58036,1,1,False,0,-1,12
58038,1,1,False,0,-1,23
58039,1,1,False,0,-1,20
58041,1,1,False,3,294,18
58043,1,1,False,3,294,18
58044,1,1,False,3,294,18
58045,1,1,False,0,-1,4
58053,1,1,False,0,-1,13
58054,1,1,False,1,45,5
58060,1,1,False,0,-1,12
58061,1,1,False,1,2488,5
58062,1,1,False,1,2488,5
58063,1,1,False,0,-1,18
58064,1,1,False,1,2489,12
58065,1,1,False,1,2489,12
58066,1,1,False,0,-1,14
58067,1,1,False,0,-1,17
58070,1,1,False,1,294,12
58073,1,1,False,2,56,12
58074,1,1,False,2,56,12
58076,1,1,False,2,14,18
58079,1,1,False,0,-1,5
58082,1,1,False,2,74,12
58083,1,1,False,2,74,12
58088,1,1,False,2,63,7
58089,1,1,False,2,63,7
58090,1,1,False,3,2490,12
58092,1,1,False,3,2490,12
58093,1,1,False,3,2490,12
58095,1,1,False,0,-1,14
58097,1,1,False,1,19,5
58098,1,1,False,0,-1,9
58099,1,1,False,1,74,12
58105,1,1,False,2,0,5
58108,1,1,False,2,237,5
58109,1,1,False,2,237,5
58111,1,1,False,1,3,17
58115,1,1,False,0,-1,28
58118,1,1,False,2,44,6
58119,1,1,False,2,44,6
58122,1,1,False,0,-1,13
58123,1,1,False,0,-1,28
58128,1,1,False,0,-1,8
58129,1,1,False,1,2491,13
58130,1,1,False,1,2491,13
58131,1,1,False,1,10,24
58134,1,1,False,3,56,13
58135,1,1,False,3,56,13
58137,1,1,False,1,44,4
58139,1,1,False,0,-1,13
58141,1,1,False,0,-1,4
58143,1,1,False,0,-1,9
58144,1,1,False,0,-1,26
58145,1,1,False,0,-1,4
58147,1,1,False,1,70,26
58148,1,1,False,0,-1,7
58150,1,1,False,1,44,12
58151,1,1,False,0,-1,17
58152,1,1,False,2,105,14
58155,1,1,False,0,-1,11
58156,1,1,False,1,3,8
58158,1,1,False,1,2492,4
58159,1,1,False,1,2492,4
58162,1,1,False,2,26,22
58163,1,1,False,0,-1,18
58164,1,1,False,0,-1,7
58168,1,1,False,0,-1,13
58170,1,1,False,1,54,4
58172,1,1,False,1,105,12
58174,1,1,False,0,-1,4
58177,1,1,False,2,111,5
58181,1,1,False,0,-1,9
58182,1,1,False,1,63,8
58185,1,1,False,1,2493,9
58186,1,1,False,1,2493,9
58187,1,1,False,2,2494,13
58188,1,1,False,2,2494,13
58189,1,1,False,2,2494,13
58190,1,1,False,0,-1,9
58191,1,1,False,3,6,18
58192,1,1,False,3,6,18
58193,1,1,False,3,6,18
58196,1,1,False,0,-1,5
58198,1,1,False,0,-1,20
58200,1,1,False,1,3,17
58204,1,1,False,0,-1,9
58205,1,1,False,1,7,6
58208,1,1,False,1,1578,8
58210,1,1,False,0,-1,9
58213,1,1,False,2,25,11
58216,1,1,False,3,2,14
58220,1,1,False,0,-1,12
58221,1,1,False,0,-1,13
58222,1,1,False,0,-1,20
58223,1,1,False,1,2495,5
58224,1,1,False,1,2495,5
58227,1,1,False,1,18,12
58230,1,1,False,2,90,12
58233,1,1,False,0,-1,15
58234,1,1,False,1,56,5
58241,1,1,False,0,-1,18
58242,1,1,False,1,90,14
58249,1,1,False,0,-1,22
58251,1,1,False,2,142,13
58259,1,1,False,1,2496,22
58260,1,1,False,1,2496,22
58261,1,1,False,0,-1,23
58262,1,1,False,2,25,22
58266,1,1,False,1,73,25
58269,1,1,False,1,44,18
58270,1,1,False,0,-1,5
58272,1,1,False,2,90,9
58276,1,1,False,3,166,8
58280,1,1,False,0,-1,6
58285,1,1,False,3,86,13
58286,1,1,False,3,86,13
58287,1,1,False,0,-1,13
58289,1,1,False,1,59,24
58291,1,1,False,1,30,22
58292,1,1,False,0,-1,8
58297,1,1,False,2,2497,12
58298,1,1,False,2,2497,12
58299,1,1,False,2,2497,12
58301,1,1,False,2,54,24
58302,1,1,False,2,54,24
58306,1,1,False,1,0,18
58309,1,1,False,0,-1,5
58311,1,1,False,1,2498,27
58312,1,1,False,1,2498,27
58315,1,1,False,1,142,15
58321,1,1,False,1,2499,1
58324,1,1,False,0,-1,14
58328,1,1,False,3,166,14
58329,1,1,False,3,166,14
58331,1,1,False,0,-1,22
58332,1,1,False,1,40,20
58334,1,1,False,2,2500,14
58335,1,1,False,2,2500,14
58336,1,1,False,2,2500,14
58337,1,1,False,1,48,9
58341,1,1,False,2,114,11
58343,1,1,False,2,114,11
58344,1,1,False,0,-1,1
58346,1,1,False,1,40,14
58350,1,1,False,2,58,23
58353,1,1,False,1,97,25
58355,1,1,False,2,2,12
58358,1,1,False,0,-1,27
58362,1,1,False,0,-1,12
58365,1,1,False,0,-1,6
58366,1,1,False,1,2501,12
58368,1,1,False,0,-1,4
58373,1,1,False,1,2502,5
58374,1,1,False,1,2502,5
58375,1,1,False,1,2503,12
58376,1,1,False,1,2503,12
58378,1,1,False,0,-1,12
58380,1,1,False,0,-1,21
58383,1,1,False,2,166,12
58384,1,1,False,0,-1,6
58386,1,1,False,0,-1,12
58391,1,1,False,0,-1,2
58393,1,1,False,3,58,5
58397,1,1,False,0,-1,5
58398,1,1,False,0,-1,28
58399,1,1,False,0,-1,15
58401,1,1,False,0,-1,14
58403,1,1,False,2,6,5
58406,1,1,False,3,54,18
58416,1,1,False,2,59,15
58418,1,1,False,2,114,15
58421,1,1,False,3,43,20
58423,1,1,False,3,43,20
58424,1,1,False,0,-1,5
58428,1,1,False,2,2504,5
58429,1,1,False,2,2504,5
58430,1,1,False,2,2504,5
58431,1,1,False,0,-1,4
58432,1,1,False,0,-1,21
58433,1,1,False,3,97,8
58434,1,1,False,3,97,8
58436,1,1,False,3,97,8
58437,1,1,False,3,105,12
58438,1,1,False,3,105,12
58441,1,1,False,3,3,24
58442,1,1,False,3,3,24
58444,1,1,False,3,3,24
58445,1,1,False,1,2505,15
58446,1,1,False,1,2505,15
58448,1,1,False,3,14,12
58450,1,1,False,3,14,12
58451,1,1,False,1,2506,17
58452,1,1,False,1,2506,17
58453,1,1,False,0,-1,12
58454,1,1,False,0,-1,11
58458,1,1,False,3,105,12
58459,1,1,False,3,105,12
58461,1,1,False,0,-1,25
58462,1,1,False,1,2507,12
58463,1,1,False,1,2507,12
58468,1,1,False,0,-1,5
58469,1,1,False,0,-1,12
58476,1,1,False,0,-1,12
58478,1,1,False,0,-1,12
58484,1,1,False,1,54,18
58485,1,1,False,0,-1,17
58486,1,1,False,1,80,4
58488,1,1,False,0,-1,5
58490,1,1,False,1,31,13
58493,1,1,False,1,114,5
58495,1,1,False,3,12,5
58496,1,1,False,3,12,5
58499,1,1,False,0,-1,12
58502,1,1,False,2,166,6
58504,1,1,False,0,-1,12
58505,1,1,False,0,-1,7
58506,1,1,False,1,2508,14
58507,1,1,False,1,2508,14
58509,1,1,False,2,63,25
58510,1,1,False,2,63,25
58513,1,1,False,2,161,2
58514,1,1,False,2,161,2
58517,1,1,False,0,-1,5
58518,1,1,False,0,-1,5
58519,1,1,False,1,2509,12
58520,1,1,False,1,2509,12
58521,1,1,False,1,53,5
58525,1,1,False,0,-1,5
58526,1,1,False,2,139,18
58529,1,1,False,0,-1,22
58530,1,1,False,1,2510,9
58531,1,1,False,1,2510,9
58537,1,1,False,2,2,2
58548,1,1,False,1,2511,18
58549,1,1,False,1,2511,18
58550,1,1,False,0,-1,14
58551,1,1,False,2,2512,17
58552,1,1,False,2,2512,17
58553,1,1,False,2,2512,17
58554,1,1,False,0,-1,8
58558,1,1,False,3,139,8
58559,1,1,False,3,139,8
58563,1,1,False,3,59,20
58564,1,1,False,3,59,20
58568,1,1,False,2,166,4
58571,1,1,False,2,95,24
58577,1,1,False,0,-1,18
58578,1,1,False,0,-1,5
58583,1,1,False,2,44,4
58585,1,1,False,1,56,8
58592,1,1,False,2,54,12
58593,1,1,False,2,54,12
58594,1,1,False,0,-1,14
58595,1,1,False,1,2513,8
58596,1,1,False,1,2513,8
58605,1,1,False,3,105,23
58606,1,1,False,3,105,23
58607,1,1,False,3,105,23
58609,1,1,False,1,2514,12
58610,1,1,False,1,2514,12
58614,1,1,False,0,-1,14
58617,1,1,False,3,56,17
58618,1,1,False,3,56,17
58622,1,1,False,1,44,14
58626,1,1,False,0,-1,18
58627,1,1,False,0,-1,14
58630,1,1,False,1,2515,4
58631,1,1,False,1,2515,4
58632,1,1,False,0,-1,23
58635,1,1,False,0,-1,18
58639,1,1,False,2,105,18
58640,1,1,False,0,-1,12
58641,1,1,False,2,2,7
58643,1,1,False,2,2,7
58645,1,1,False,0,-1,8
58648,1,1,False,1,166,13
58652,1,1,False,0,-1,26
58655,1,1,False,2,166,9
58657,1,1,False,2,166,9
58659,1,1,False,3,70,6
58660,1,1,False,3,70,6
58661,1,1,False,3,70,6
58664,1,1,False,1,1,6
58665,1,1,False,0,-1,12
58666,1,1,False,0,-1,5
58668,1,1,False,0,-1,27
58672,1,1,False,1,2516,13
58673,1,1,False,1,2516,13
58676,1,1,False,2,14,22
58682,1,1,False,1,105,15
58696,1,1,False,0,-1,26
58700,1,1,False,3,63,9
58701,1,1,False,2,1829,12
58702,1,1,False,2,1829,12
58704,1,1,False,1,2517,27
58705,1,1,False,1,2517,27
58708,1,1,False,0,-1,18
58709,1,1,False,1,2518,8
58710,1,1,False,1,2518,8
58711,1,1,False,0,-1,8
58714,1,1,False,1,237,11
58716,1,1,False,1,105,5
58718,1,1,False,1,35,12
58720,1,1,False,2,3,14
58721,1,1,False,2,3,14
58724,1,1,False,2,80,9
58728,1,1,False,1,12,12
58732,1,1,False,2,25,18
58735,1,1,False,0,-1,15
58736,1,1,False,1,86,12
58740,1,1,False,3,70,4
58741,1,1,False,3,70,4
58743,1,1,False,1,114,25
58744,1,1,False,0,-1,4
58747,1,1,False,1,294,12
58750,1,1,False,0,-1,25
58751,1,1,False,0,-1,22
58753,1,1,False,1,25,4
58754,1,1,False,1,2519,5
58755,1,1,False,1,2519,5
58760,1,1,False,2,2520,12
58761,1,1,False,2,2520,12
58764,1,1,False,0,-1,26
58765,1,1,False,0,-1,18
58766,1,1,False,3,2521,6
58767,1,1,False,3,2521,6
58768,1,1,False,3,2521,6
58769,1,1,False,3,2521,6
58770,1,1,False,0,-1,4
58772,1,1,False,0,-1,17
58774,1,1,False,1,114,14
58775,1,1,False,0,-1,9
58779,1,1,False,2,114,13
58782,1,1,False,1,2522,12
58785,1,1,False,1,43,26
58789,1,1,False,3,114,12
58791,1,1,False,1,2523,13
58792,1,1,False,1,2523,13
58793,1,1,False,0,-1,8
58794,1,1,False,0,-1,1
58795,1,1,False,0,-1,14
58798,1,1,False,2,6,9
58801,1,1,False,1,25,27
58803,1,1,False,0,-1,2
58807,1,1,False,1,2,25
58811,1,1,False,3,63,27
58816,1,1,False,1,105,5
58821,1,1,False,0,-1,20
58822,1,1,False,0,-1,26
58823,1,1,False,0,-1,17
58824,1,1,False,0,-1,17
58827,1,1,False,2,80,20
58831,1,1,False,2,16,20
58833,1,1,False,0,-1,12
58834,1,1,False,0,-1,13
58835,1,1,False,1,2524,6
58836,1,1,False,1,2524,6
58842,1,1,False,3,63,8
58844,1,1,False,3,63,8
58845,1,1,False,3,63,8
58851,1,1,False,0,-1,5
58852,1,1,False,0,-1,8
58854,1,1,False,1,16,9
58856,1,1,False,0,-1,20
58860,1,1,False,1,1829,14
58861,1,1,False,1,142,14
58864,1,1,False,1,2,15
58865,1,1,False,0,-1,5
58872,1,1,False,0,-1,5
58873,1,1,False,0,-1,18
58875,1,1,False,1,1,26
58884,1,1,False,2,53,18
58885,1,1,False,2,2525,5
58886,1,1,False,2,2525,5
58887,1,1,False,2,2525,5
58888,1,1,False,0,-1,4
58892,1,1,False,0,-1,21
58894,1,1,False,0,-1,7
58895,1,1,False,1,2526,26
58896,1,1,False,1,2526,26
58898,1,1,False,0,-1,12
58900,1,1,False,2,221,13
58908,1,1,False,1,105,12
58914,1,1,False,3,64,5
58916,1,1,False,3,64,5
58920,1,1,False,1,70,4
58924,1,1,False,2,114,12
58925,1,1,False,0,-1,12
58929,1,1,False,1,2,20
58930,1,1,False,2,105,20
58932,1,1,False,2,105,20
58936,1,1,False,0,-1,11
58938,1,1,False,0,-1,4
58941,1,1,False,0,-1,20
58942,1,1,False,1,2501,14
58946,1,1,False,1,2528,18
58947,1,1,False,1,2528,18
58948,1,1,False,0,-1,11
58949,1,1,False,1,105,12
58952,1,1,False,1,2529,5
58953,1,1,False,1,2529,5
58955,1,1,False,1,2,14
58959,1,1,False,0,-1,5
58968,1,1,False,0,-1,12
58969,1,1,False,1,2530,20
58970,1,1,False,1,2530,20
58971,1,1,False,0,-1,8
58973,1,1,False,0,-1,18
58975,1,1,False,1,3,4
58978,1,1,False,0,-1,20
58979,1,1,False,1,3,24
58982,1,1,False,0,-1,21
58989,1,1,False,2,105,14
58991,1,1,False,2,105,14
58993,1,1,False,2,2531,11
58994,1,1,False,2,2531,11
58995,1,1,False,2,2531,11
58998,1,1,False,1,2532,27
59001,1,1,False,1,2,17
59003,1,1,False,1,70,8
59009,1,1,False,1,2533,20
59011,1,1,False,3,2,5
59013,1,1,False,3,2,5
59017,1,1,False,0,-1,12
59018,1,1,False,0,-1,18
59021,1,1,False,3,105,21
59022,1,1,False,3,105,21
59025,1,1,False,0,-1,13
59027,1,1,False,1,2534,14
59029,1,1,False,3,2,20
59030,1,1,False,3,2,20
59032,1,1,False,3,2,20
59033,1,1,False,1,2,12
59035,1,1,False,1,14,12
59037,1,1,False,1,2535,5
59038,1,1,False,1,2535,5
59040,1,1,False,0,-1,22
59042,1,1,False,1,179,18
59045,1,1,False,0,-1,20
59047,1,1,False,0,-1,18
59048,1,1,False,3,70,28
59051,1,1,False,3,70,28
59053,1,1,False,1,2536,27
59054,1,1,False,1,2536,27
59057,1,1,False,1,2537,9
59058,1,1,False,1,2537,9
59063,1,1,False,1,2538,2
59065,1,1,False,1,97,14
59073,1,1,False,0,-1,20
59075,1,1,False,1,166,12
59077,1,1,False,1,135,12
59080,1,1,False,2,97,5
59082,1,1,False,0,-1,5
59084,1,1,False,0,-1,13
59088,1,1,False,1,221,20
59089,1,1,False,1,25,13
59095,1,1,False,0,-1,12
59097,1,1,False,1,2539,6
59098,1,1,False,1,2539,6
59099,1,1,False,0,-1,4
59101,1,1,False,1,2540,2
59102,1,1,False,1,2540,2
59103,1,1,False,0,-1,20
59107,1,1,False,3,3,24
59112,1,1,False,0,-1,5
59115,1,1,False,1,1829,9
59116,1,1,False,1,62,12
59118,1,1,False,0,-1,28
59119,1,1,False,0,-1,9
59127,1,1,False,2,126,16
59128,1,1,False,1,2541,5
59129,1,1,False,1,2541,5
59131,1,1,False,1,105,23
59139,1,1,False,3,70,9
59140,1,1,False,3,70,9
59142,1,1,False,0,-1,4
59146,1,1,False,0,-1,18
59148,1,1,False,0,-1,13
59149,1,1,False,2,3,15
59150,1,1,False,2,3,15
59152,1,1,False,0,-1,4
59154,1,1,False,1,97,14
59163,1,1,False,1,63,11
59166,1,1,False,0,-1,22
59167,1,1,False,3,2,20
59168,1,1,False,3,2,20
59169,1,1,False,3,2,20
59175,1,1,False,0,-1,13
59177,1,1,False,0,-1,25
59178,1,1,False,0,-1,20
59179,1,1,False,0,-1,24
59183,1,1,False,1,2542,4
59184,1,1,False,1,2542,4
59187,1,1,False,2,56,5
59188,1,1,False,0,-1,1
59189,1,1,False,1,40,24
59192,1,1,False,1,56,12
59195,1,1,False,3,105,20
59196,1,1,False,3,105,20
59197,1,1,False,3,105,20
59201,1,1,False,1,2543,18
59202,1,1,False,1,2543,18
59203,1,1,False,3,139,14
59204,1,1,False,3,139,14
59205,1,1,False,3,139,14
59207,1,1,False,0,-1,12
59209,1,1,False,0,-1,15
59213,1,1,False,0,-1,15
59214,1,1,False,1,2421,20
59216,1,1,False,1,2,8
59219,1,1,False,1,37,18
59223,1,1,False,2,2,9
59230,1,1,False,1,70,25
59237,1,1,False,0,-1,12
59239,1,1,False,0,-1,8
59241,1,1,False,0,-1,9
59243,1,1,False,0,-1,12
59247,1,1,False,1,2544,4
59248,1,1,False,1,2544,4
59249,1,1,False,0,-1,25
59250,1,1,False,1,2545,9
59251,1,1,False,1,2545,9
59253,1,1,False,2,0,18
59256,1,1,False,2,52,12
59257,1,1,False,2,52,12
59262,1,1,False,1,56,13
59264,1,1,False,0,-1,17
59266,1,1,False,0,-1,18
59267,1,1,False,0,-1,4
59274,1,1,False,1,139,9
59275,1,1,False,0,-1,9
59280,1,1,False,0,-1,9
59281,1,1,False,1,2546,14
59282,1,1,False,1,2546,14
59284,1,1,False,1,93,7
59285,1,1,False,1,114,5
59289,1,1,False,2,105,5
59291,1,1,False,1,105,25
59292,1,1,False,0,-1,14
59293,1,1,False,2,25,27
59295,1,1,False,2,25,27
59298,1,1,False,1,2547,15
59299,1,1,False,1,2547,15
59300,1,1,False,0,-1,15
59301,1,1,False,1,2548,13
59302,1,1,False,1,2548,13
59307,1,1,False,1,3,8
59310,1,1,False,0,-1,12
59314,1,1,False,1,2549,20
59318,1,1,False,1,105,8
59320,1,1,False,0,-1,22
59323,1,1,False,0,-1,25
59327,1,1,False,2,30,15
59330,1,1,False,2,114,24
59331,1,1,False,0,-1,13
59332,1,1,False,1,74,14
59334,1,1,False,0,-1,13
59335,1,1,False,0,-1,13
59339,1,1,False,3,70,19
59343,1,1,False,1,105,24
59348,1,1,False,3,0,4
59349,1,1,False,3,0,4
59350,1,1,False,3,0,4
59353,1,1,False,0,-1,5
59355,1,1,False,0,-1,20
59360,1,1,False,3,2,14
59361,1,1,False,3,2,14
59362,1,1,False,3,2,14
59363,1,1,False,1,0,12
59366,1,1,False,2,105,23
59371,1,1,False,0,-1,21
59379,1,1,False,3,72,12
59382,1,1,False,0,-1,21
59386,1,1,False,2,52,24
59388,1,1,False,0,-1,14
59389,1,1,False,1,3,14
59392,1,1,False,2,105,14
59394,1,1,False,0,-1,25
59397,1,1,False,3,63,5
59402,1,1,False,1,30,12
59404,1,1,False,0,-1,12
59405,1,1,False,3,80,15
59406,1,1,False,3,80,15
59409,1,1,False,0,-1,5
59410,1,1,False,0,-1,11
59415,1,1,False,0,-1,14
59417,1,1,False,1,52,5
59418,1,1,False,0,-1,18
59420,1,1,False,0,-1,4
59421,1,1,False,1,126,13
59424,1,1,False,1,6,13
59426,1,1,False,1,30,7
59430,1,1,False,0,-1,25
59435,1,1,False,1,106,18
59438,1,1,False,0,-1,12
59439,1,1,False,1,3,21
59443,1,1,False,2,105,4
59445,1,1,False,2,105,4
59449,1,1,False,3,86,25
59450,1,1,False,0,-1,12
59452,1,1,False,0,-1,14
59455,1,1,False,3,6,13
59459,1,1,False,2,54,12
59460,1,1,False,1,97,14
59462,1,1,False,0,-1,12
59463,1,1,False,1,2551,18
59464,1,1,False,1,2551,18
59468,1,1,False,0,-1,20
59470,1,1,False,0,-1,8
59471,1,1,False,0,-1,17
59473,1,1,False,0,-1,14
59474,1,1,False,2,2552,24
59475,1,1,False,2,2552,24
59476,1,1,False,2,2552,24
59478,1,1,False,3,72,14
59480,1,1,False,3,72,14
59483,1,1,False,0,-1,11
59485,1,1,False,1,93,12
59487,1,1,False,2,63,22
59488,1,1,False,2,63,22
59489,1,1,False,1,20,15
59493,1,1,False,2,86,12
59494,1,1,False,0,-1,4
59495,1,1,False,0,-1,8
59499,1,1,False,2,114,5
59500,1,1,False,3,3,12
59504,1,1,False,0,-1,26
59505,1,1,False,0,-1,20
59506,1,1,False,2,139,13
59508,1,1,False,2,139,13
59509,1,1,False,0,-1,8
59513,1,1,False,0,-1,14
59514,1,1,False,0,-1,25
59516,1,1,False,1,2553,9
59517,1,1,False,1,2553,9
59520,1,1,False,0,-1,17
59523,1,1,False,0,-1,12
59527,1,1,False,0,-1,14
59529,1,1,False,1,56,18
59535,1,1,False,0,-1,12
59537,1,1,False,2,52,15
59538,1,1,False,2,52,15
59539,1,1,False,1,10,12
59541,1,1,False,0,-1,18
59543,1,1,False,3,73,20
59544,1,1,False,3,73,20
59546,1,1,False,0,-1,9
59552,1,1,False,1,139,11
59554,1,1,False,1,2554,6
59558,1,1,False,0,-1,12
59559,1,1,False,1,28,18
59562,1,1,False,1,63,25
59565,1,1,False,3,294,20
59566,1,1,False,3,294,20
59567,1,1,False,0,-1,8
59568,1,1,False,1,114,12
59574,1,1,False,1,20,8
59576,1,1,False,2,72,20
59578,1,1,False,2,72,20
59580,1,1,False,1,2555,4
59581,1,1,False,0,-1,18
59584,1,1,False,3,56,12
59587,1,1,False,2,14,18
59595,1,1,False,2,294,22
59600,1,1,False,0,-1,5
59602,1,1,False,0,-1,8
59603,1,1,False,3,95,4
59604,1,1,False,3,95,4
59605,1,1,False,3,95,4
59607,1,1,False,0,-1,25
59610,1,1,False,2,14,14
59612,1,1,False,0,-1,5
59613,1,1,False,2,135,20
59616,1,1,False,0,-1,14
59618,1,1,False,0,-1,12
59619,1,1,False,0,-1,20
59621,1,1,False,2,73,20
59622,1,1,False,2,73,20
59624,1,1,False,2,72,12
59626,1,1,False,2,72,12
59628,1,1,False,1,86,9
59631,1,1,False,1,86,9
59641,1,1,False,3,70,9
59643,1,1,False,2,2556,27
59644,1,1,False,2,2556,27
59645,1,1,False,2,2556,27
59646,1,1,False,0,-1,20
59648,1,1,False,2,221,5
59650,1,1,False,1,2557,21
59651,1,1,False,1,2557,21
59656,1,1,False,0,-1,18
59661,1,1,False,1,72,20
59663,1,1,False,1,22,17
59670,1,1,False,0,-1,14
59671,1,1,False,0,-1,10
59672,1,1,False,1,2558,5
59673,1,1,False,1,2558,5
59675,1,1,False,1,3,5
59677,1,1,False,1,1340,9
59679,1,1,False,1,74,5
59681,1,1,False,0,-1,13
59685,1,1,False,3,139,22
59689,1,1,False,0,-1,13
59690,1,1,False,2,2,14
59693,1,1,False,0,-1,5
59695,1,1,False,2,97,8
59699,1,1,False,1,6,4
59700,1,1,False,0,-1,21
59704,1,1,False,1,2559,5
59705,1,1,False,1,2559,5
59709,1,1,False,3,54,9
59710,1,1,False,0,-1,13
59711,1,1,False,0,-1,14
59717,1,1,False,1,2,14
59720,1,1,False,0,-1,20
59722,1,1,False,1,0,17
59723,1,1,False,0,-1,8
59725,1,1,False,1,6,17
59728,1,1,False,1,2560,15
59730,1,1,False,2,19,12
59731,1,1,False,2,19,12
59733,1,1,False,1,12,12
59735,1,1,False,2,19,18
59737,1,1,False,2,19,18
59738,1,1,False,1,2561,28
59748,1,1,False,1,70,11
59751,1,1,False,3,126,12
59752,1,1,False,3,126,12
59753,1,1,False,0,-1,5
59757,1,1,False,0,-1,26
59758,1,1,False,2,161,5
59762,1,1,False,2,72,15
59764,1,1,False,1,63,5
59766,1,1,False,0,-1,5
59770,1,1,False,0,-1,23
59771,1,1,False,0,-1,12
59773,1,1,False,0,-1,18
59774,1,1,False,1,3,12
59777,1,1,False,1,97,21
59784,1,1,False,2,62,25
59790,1,1,False,3,86,18
59792,1,1,False,0,-1,18
59797,1,1,False,1,58,6
59800,1,1,False,1,2562,12
59801,1,1,False,1,2562,12
59802,1,1,False,0,-1,17
59805,1,1,False,3,54,18
59806,1,1,False,3,54,18
59810,1,1,False,2,63,13
59813,1,1,False,0,-1,17
59818,1,1,False,0,-1,13
59819,1,1,False,2,0,4
59823,1,1,False,1,2563,12
59824,1,1,False,1,2563,12
59825,1,1,False,1,86,12
59830,1,1,False,1,2564,12
59831,1,1,False,1,2564,12
59832,1,1,False,3,31,12
59833,1,1,False,3,31,12
59834,1,1,False,3,31,12
59836,1,1,False,1,2,27
59838,1,1,False,0,-1,24
59840,1,1,False,3,72,20
59853,1,1,False,1,2565,12
59854,1,1,False,0,-1,12
59855,1,1,False,0,-1,17
59856,1,1,False,0,-1,5
59857,1,1,False,0,-1,10
59859,1,1,False,0,-1,27
59860,1,1,False,0,-1,15
59861,1,1,False,2,139,12
59863,1,1,False,2,139,12
59865,1,1,False,1,12,4
59870,1,1,False,1,45,17
59871,1,1,False,1,2566,14
59874,1,1,False,3,63,4
59875,1,1,False,3,63,4
59876,1,1,False,3,63,4
59878,1,1,False,1,3,20
59883,1,1,False,2,45,21
59884,1,1,False,0,-1,13
59885,1,1,False,0,-1,17
59889,1,1,False,1,2567,5
59890,1,1,False,1,2567,5
59895,1,1,False,0,-1,25
59899,1,1,False,0,-1,18
59901,1,1,False,3,63,6
59905,1,1,False,0,-1,5
59906,1,1,False,0,-1,24
59907,1,1,False,2,126,11
59908,1,1,False,2,126,11
59914,1,1,False,2,12,13
59916,1,1,False,1,3,18
59919,1,1,False,0,-1,12
59925,1,1,False,1,54,15
59928,1,1,False,0,-1,18
59929,1,1,False,0,-1,10
59930,1,1,False,2,95,12
59932,1,1,False,2,95,12
59934,1,1,False,2,30,18
59936,1,1,False,0,-1,8
59940,1,1,False,0,-1,5
59941,1,1,False,0,-1,20
59942,1,1,False,0,-1,9
59946,1,1,False,2,161,13
59947,1,1,False,2,161,13
59949,1,1,False,1,2568,8
59950,1,1,False,1,2568,8
59951,1,1,False,3,43,25
59953,1,1,False,3,43,25
59954,1,1,False,3,43,25
59958,1,1,False,0,-1,12
59959,1,1,False,2,114,22
59964,1,1,False,1,164,12
59968,1,1,False,3,28,6
59971,1,1,False,2,115,15
59972,1,1,False,2,115,15
59975,1,1,False,0,-1,26
59976,1,1,False,2,86,25
59979,1,1,False,0,-1,25
59980,1,1,False,0,-1,14
59981,1,1,False,0,-1,5
59982,1,1,False,3,72,12
59988,1,1,False,3,86,5
59990,1,1,False,0,-1,24
59992,1,1,False,1,161,14
59993,1,1,False,0,-1,25
59995,1,1,False,0,-1,8
59997,1,1,False,0,-1,13
59999,1,1,False,2,53,25
60002,1,1,False,0,-1,4
60003,1,1,False,0,-1,5
60006,1,1,False,0,-1,20
60007,1,1,False,0,-1,20
60015,1,1,False,3,86,22
60025,1,1,False,0,-1,19
60026,1,1,False,2,12,4
60027,1,1,False,2,12,4
60029,1,1,False,2,20,27
60031,1,1,False,2,20,27
60033,1,1,False,1,3,13
60034,1,1,False,1,106,12
60040,1,1,False,2,26,23
60046,1,1,False,3,63,22
60048,1,1,False,3,72,18
60051,1,1,False,3,72,18
60052,1,1,False,1,56,9
60054,1,1,False,0,-1,18
60056,1,1,False,1,14,12
60057,1,1,False,1,20,9
60059,1,1,False,1,2569,13
60060,1,1,False,1,2569,13
60061,1,1,False,1,72,14
60067,1,1,False,1,2570,11
60068,1,1,False,1,2570,11
60069,1,1,False,1,74,9
60071,1,1,False,2,126,12
60072,1,1,False,2,126,12
60076,1,1,False,0,-1,14
60078,1,1,False,2,19,5
60079,1,1,False,2,19,5
60082,1,1,False,0,-1,24
60089,1,1,False,0,-1,18
60091,1,1,False,1,685,12
60093,1,1,False,3,22,12
60098,1,1,False,1,2571,27
60101,1,1,False,0,-1,5
60102,1,1,False,2,2572,13
60103,1,1,False,2,2572,13
60104,1,1,False,2,2572,13
60111,1,1,False,0,-1,6
60112,1,1,False,0,-1,18
60114,1,1,False,1,86,12
60117,1,1,False,0,-1,19
60120,1,1,False,3,27,18
60125,1,1,False,2,2573,20
60126,1,1,False,2,2573,20
60127,1,1,False,2,2573,20
60128,1,1,False,2,16,9
60130,1,1,False,2,16,9
60131,1,1,False,0,-1,12
60133,1,1,False,1,51,8
60134,1,1,False,2,114,13
60142,1,1,False,1,2574,12
60143,1,1,False,1,2575,8
60144,1,1,False,1,2575,8
60145,1,1,False,0,-1,11
60147,1,1,False,0,-1,4
60148,1,1,False,0,-1,5
60149,1,1,False,0,-1,17
60150,1,1,False,0,-1,9
60151,1,1,False,2,20,18
60155,1,1,False,2,6,15
60156,1,1,False,2,6,15
60159,1,1,False,2,86,5
60162,1,1,False,0,-1,14
60165,1,1,False,0,-1,8
60169,1,1,False,2,2576,26
60170,1,1,False,2,2576,26
60171,1,1,False,2,2576,26
60173,1,1,False,1,2577,4
60174,1,1,False,1,2578,5
60175,1,1,False,1,2578,5
60177,1,1,False,0,-1,12
60181,1,1,False,2,63,5
60186,1,1,False,3,53,28
60188,1,1,False,1,37,5
60190,1,1,False,1,2579,11
60191,1,1,False,1,2579,11
60194,1,1,False,0,-1,14
60196,1,1,False,1,126,20
60201,1,1,False,2,20,4
60203,1,1,False,0,-1,18
60204,1,1,False,0,-1,12
60205,1,1,False,0,-1,9
60207,1,1,False,0,-1,20
60208,1,1,False,0,-1,5
60212,1,1,False,1,2580,24
60213,1,1,False,1,2580,24
60214,1,1,False,0,-1,9
60218,1,1,False,1,2581,12
60219,1,1,False,1,2581,12
60225,1,1,False,0,-1,25
60226,1,1,False,3,294,20
60229,1,1,False,3,294,20
60231,1,1,False,0,-1,18
60232,1,1,False,1,2582,12
60237,1,1,False,2,72,5
60238,1,1,False,1,22,4
60240,1,1,False,1,2583,8
60241,1,1,False,1,2583,8
60242,1,1,False,0,-1,18
60245,1,1,False,3,53,6
60248,1,1,False,0,-1,12
60251,1,1,False,3,73,4
60253,1,1,False,2,72,7
60257,1,1,False,2,294,12
60259,1,1,False,0,-1,18
60260,1,1,False,0,-1,24
60262,1,1,False,2,73,18
60274,1,1,False,0,-1,24
60275,1,1,False,3,6,17
60278,1,1,False,3,6,17
60279,1,1,False,0,-1,9
60281,1,1,False,2,25,7
60282,1,1,False,2,25,7
60283,1,1,False,1,2584,12
60284,1,1,False,1,2584,12
60287,1,1,False,0,-1,13
60291,1,1,False,2,221,7
60292,1,1,False,2,221,7
60295,1,1,False,3,86,14
60296,1,1,False,3,86,14
60299,1,1,False,1,74,22
60300,1,1,False,0,-1,15
60301,1,1,False,1,22,20
60305,1,1,False,2,86,17
60307,1,1,False,2,86,17
60312,1,1,False,0,-1,4
60315,1,1,False,0,-1,12
60316,1,1,False,1,294,15
60318,1,1,False,2,111,14
60319,1,1,False,2,111,14
60322,1,1,False,1,25,13
60323,1,1,False,1,2585,5
60326,1,1,False,2,25,18
60327,1,1,False,2,25,18
60328,1,1,False,3,86,23
60331,1,1,False,3,86,23
60335,1,1,False,0,-1,12
60336,1,1,False,0,-1,18
60345,1,1,False,1,73,13
60346,1,1,False,1,2586,12
60349,1,1,False,1,30,4
60351,1,1,False,0,-1,23
60355,1,1,False,1,2587,12
60356,1,1,False,1,2587,12
60358,1,1,False,1,73,14
60359,1,1,False,0,-1,9
60360,1,1,False,2,6,24
60365,1,1,False,1,2588,6
60370,1,1,False,0,-1,14
60372,1,1,False,2,86,18
60373,1,1,False,2,86,18
60375,1,1,False,3,19,24
60377,1,1,False,3,19,24
60380,1,1,False,3,139,5
60381,1,1,False,3,139,5
60388,1,1,False,2,54,21
60389,1,1,False,1,2589,12
60390,1,1,False,1,2589,12
60397,1,1,False,2,12,13
60400,1,1,False,0,-1,18
60401,1,1,False,0,-1,5
60403,1,1,False,0,-1,12
60407,1,1,False,0,-1,17
60409,1,1,False,3,72,13
60411,1,1,False,3,72,13
60413,1,1,False,0,-1,5
60414,1,1,False,0,-1,5
60417,1,1,False,0,-1,12
60418,1,1,False,0,-1,12
60419,1,1,False,0,-1,11
60421,1,1,False,2,58,5
60422,1,1,False,2,58,5
60427,1,1,False,1,3,11
60431,1,1,False,1,37,7
60432,1,1,False,1,3,17
60436,1,1,False,2,54,20
60438,1,1,False,2,54,20
60441,1,1,False,0,-1,18
60442,1,1,False,0,-1,22
60446,1,1,False,2,63,4
60450,1,1,False,1,86,10
60456,1,1,False,2,26,20
60459,1,1,False,2,72,10
60461,1,1,False,0,-1,5
60462,1,1,False,0,-1,5
60463,1,1,False,1,2590,18
60464,1,1,False,1,2590,18
60465,1,1,False,0,-1,14
60467,1,1,False,0,-1,6
60468,1,1,False,1,25,8
60471,1,1,False,0,-1,9
60472,1,1,False,0,-1,17
60474,1,1,False,1,3,14
60476,1,1,False,1,63,24
60477,1,1,False,1,97,18
60479,1,1,False,0,-1,22
60489,1,1,False,1,999,20
60491,1,1,False,3,3,15
60492,1,1,False,3,3,15
60496,1,1,False,1,18,9
60498,1,1,False,1,27,7
60500,1,1,False,0,-1,12
60501,1,1,False,0,-1,9
60502,1,1,False,2,86,12
60508,1,1,False,3,54,12
60509,1,1,False,3,54,12
60511,1,1,False,1,68,27
60514,1,1,False,2,3,28
60515,1,1,False,2,3,28
60518,1,1,False,1,25,12
60519,1,1,False,0,-1,27
60520,1,1,False,0,-1,4
60524,1,1,False,1,3,18
60525,1,1,False,0,-1,4
60526,1,1,False,1,2591,7
60527,1,1,False,1,2591,7
60528,1,1,False,2,37,13
60531,1,1,False,0,-1,20
60534,1,1,False,0,-1,15
60535,1,1,False,0,-1,2
60537,1,1,False,2,2592,5
60538,1,1,False,2,2592,5
60539,1,1,False,0,-1,15
60541,1,1,False,0,-1,25
60543,1,1,False,0,-1,12
60545,1,1,False,0,-1,14
60546,1,1,False,0,-1,20
60547,1,1,False,1,2593,23
60553,1,1,False,1,2594,2
60556,1,1,False,2,10,5
60557,1,1,False,2,10,5
60563,1,1,False,3,18,2
60564,1,1,False,3,18,2
60570,1,1,False,3,35,12
60576,1,1,False,3,0,12
60578,1,1,False,3,0,12
60579,1,1,False,3,0,12
60582,1,1,False,1,2595,14
60584,1,1,False,2,72,6
60586,1,1,False,2,105,26
60588,1,1,False,2,105,26
60592,1,1,False,1,14,20
60593,1,1,False,0,-1,1
60596,1,1,False,1,105,2
60598,1,1,False,0,-1,24
60599,1,1,False,1,2596,2
60600,1,1,False,1,2596,2
60607,1,1,False,2,18,14
60608,1,1,False,0,-1,13
60613,1,1,False,3,72,20
60614,1,1,False,0,-1,25
60617,1,1,False,2,18,12
60618,1,1,False,2,18,12
60622,1,1,False,2,35,12
60625,1,1,False,0,-1,20
60628,1,1,False,1,18,14
60630,1,1,False,1,2597,12
60631,1,1,False,1,2597,12
60635,1,1,False,2,62,10
60638,1,1,False,0,-1,12
60640,1,1,False,1,2598,24
60641,1,1,False,1,2598,24
60643,1,1,False,0,-1,6
60645,1,1,False,3,18,16
60649,1,1,False,0,-1,14
60650,1,1,False,0,-1,20
60651,1,1,False,3,45,12
60656,1,1,False,0,-1,13
60659,1,1,False,0,-1,8
60662,1,1,False,3,40,12
60663,1,1,False,3,40,12
60667,1,1,False,0,-1,12
60669,1,1,False,1,52,9
60678,1,1,False,2,139,14
60685,1,1,False,2,18,14
60686,1,1,False,2,18,14
60688,1,1,False,3,10,18
60689,1,1,False,3,10,18
60692,1,1,False,2,86,5
60693,1,1,False,2,86,5
60697,1,1,False,1,18,12
60703,1,1,False,0,-1,22
60706,1,1,False,2,62,26
60707,1,1,False,1,86,13
60709,1,1,False,0,-1,17
60712,1,1,False,2,62,13
60714,1,1,False,2,62,13
60716,1,1,False,1,25,18
60722,1,1,False,2,2,27
60727,1,1,False,2,95,5
60728,1,1,False,2,95,5
60729,1,1,False,0,-1,1
60730,1,1,False,2,25,12
60738,1,1,False,0,-1,5
60739,1,1,False,2,54,13
60740,1,1,False,2,54,13
60742,1,1,False,0,-1,17
60743,1,1,False,0,-1,14
60745,1,1,False,0,-1,8
60746,1,1,False,1,2599,27
60747,1,1,False,1,2599,27
60748,1,1,False,0,-1,14
60751,1,1,False,1,2600,15
60752,1,1,False,1,2600,15
60753,1,1,False,0,-1,5
60754,1,1,False,0,-1,9
60756,1,1,False,1,105,4
60757,1,1,False,1,2601,24
60758,1,1,False,1,2601,24
60760,1,1,False,0,-1,10
60761,1,1,False,1,2602,8
60762,1,1,False,1,2602,8
60765,1,1,False,1,63,3
60768,1,1,False,2,114,28
60770,1,1,False,2,114,28
60781,1,1,False,1,114,4
60783,1,1,False,2,18,24
60784,1,1,False,2,18,24
60785,1,1,False,3,86,13
60786,1,1,False,3,86,13
60792,1,1,False,2,2603,4
60793,1,1,False,2,2603,4
60794,1,1,False,2,2603,4
60796,1,1,False,0,-1,18
60797,1,1,False,0,-1,4
60800,1,1,False,2,53,5
60801,1,1,False,2,53,5
60803,1,1,False,0,-1,5
60804,1,1,False,0,-1,12
60805,1,1,False,0,-1,24
60808,1,1,False,2,137,7
60826,1,1,False,0,-1,9
60827,1,1,False,0,-1,12
60828,1,1,False,0,-1,12
60833,1,1,False,2,25,22
60835,1,1,False,2,25,22
60836,1,1,False,0,-1,27
60841,1,1,False,0,-1,5
60844,1,1,False,3,18,13
60845,1,1,False,3,18,13
60846,1,1,False,0,-1,23
60848,1,1,False,2,105,20
60849,1,1,False,2,105,20
60853,1,1,False,3,73,4
60854,1,1,False,3,73,4
60859,1,1,False,2,73,9
60863,1,1,False,0,-1,17
60865,1,1,False,0,-1,8
60866,1,1,False,0,-1,10
60867,1,1,False,0,-1,4
60868,1,1,False,0,-1,5
60870,1,1,False,0,-1,12
60873,1,1,False,0,-1,12
60874,1,1,False,0,-1,13
60875,1,1,False,0,-1,20
60881,1,1,False,1,45,5
60886,1,1,False,2,3,14
60887,1,1,False,2,3,14
60890,1,1,False,1,137,5
60891,1,1,False,0,-1,14
60892,1,1,False,0,-1,15
60893,1,1,False,2,3,15
60897,1,1,False,3,51,17
60900,1,1,False,3,51,17
60901,1,1,False,0,-1,23
60902,1,1,False,2,2604,18
60903,1,1,False,2,2604,18
60905,1,1,False,2,2555,12
60906,1,1,False,2,2555,12
60913,1,1,False,2,111,23
60918,1,1,False,0,-1,20
60920,1,1,False,3,114,12
60925,1,1,False,0,-1,17
60926,1,1,False,1,2605,14
60927,1,1,False,1,2605,14
60929,1,1,False,2,35,8
60933,1,1,False,2,86,12
60936,1,1,False,0,-1,12
60937,1,1,False,1,2606,12
60938,1,1,False,1,2606,12
60940,1,1,False,2,105,14
60942,1,1,False,2,105,14
60945,1,1,False,3,62,14
60946,1,1,False,3,62,14
60947,1,1,False,3,62,14
60949,1,1,False,3,0,12
60952,1,1,False,3,0,12
60954,1,1,False,3,105,20
60955,1,1,False,3,105,20
60956,1,1,False,3,105,20
60957,1,1,False,3,137,22
60959,1,1,False,3,137,22
60963,1,1,False,0,-1,4
60964,1,1,False,0,-1,12
60965,1,1,False,0,-1,18
60966,1,1,False,0,-1,12
60971,1,1,False,2,51,5
60973,1,1,False,1,3,21
60980,1,1,False,3,18,12
60981,1,1,False,3,18,12
60982,1,1,False,3,18,12
60992,1,1,False,0,-1,1
60996,1,1,False,1,2607,12
60997,1,1,False,1,2607,12
60998,1,1,False,2,52,4
61004,1,1,False,3,62,5
61005,1,1,False,3,62,5
61007,1,1,False,3,62,5
61008,1,1,False,2,18,20
61011,1,1,False,0,-1,14
61012,1,1,False,3,0,20
61015,1,1,False,3,0,20
61016,1,1,False,0,-1,20
61022,1,1,False,0,-1,8
61023,1,1,False,3,30,11
61025,1,1,False,3,30,11
61026,1,1,False,3,30,11
61029,1,1,False,2,30,14
61036,1,1,False,1,31,20
61037,1,1,False,2,72,20
61040,1,1,False,0,-1,5
61044,1,1,False,1,25,12
61046,1,1,False,0,-1,14
61048,1,1,False,1,27,11
61053,1,1,False,0,-1,22
61054,1,1,False,1,2608,4
61055,1,1,False,1,2608,4
61057,1,1,False,2,54,12
61059,1,1,False,0,-1,8
61061,1,1,False,0,-1,12
61065,1,1,False,1,3,18
61068,1,1,False,1,2609,17
61069,1,1,False,1,2609,17
61070,1,1,False,0,-1,14
61073,1,1,False,0,-1,5
61074,1,1,False,0,-1,12
61076,1,1,False,3,18,23
61078,1,1,False,3,18,23
61080,1,1,False,0,-1,8
61081,1,1,False,0,-1,20
61085,1,1,False,2,3,23
61088,1,1,False,2,2,14
61093,1,1,False,1,2610,8
61094,1,1,False,1,2610,8
61095,1,1,False,1,2611,25
61096,1,1,False,1,2611,25
61098,1,1,False,1,18,15
61099,1,1,False,3,3,26
61100,1,1,False,3,3,26
61102,1,1,False,3,3,26
61103,1,1,False,1,2612,27
61104,1,1,False,1,2612,27
61105,1,1,False,0,-1,17
61106,1,1,False,1,2613,20
61107,1,1,False,1,2613,20
61108,1,1,False,1,2614,8
61109,1,1,False,1,2614,8
61111,1,1,False,0,-1,5
61113,1,1,False,3,139,13
61115,1,1,False,3,139,13
61116,1,1,False,3,139,13
61119,1,1,False,1,2615,8
61120,1,1,False,1,2615,8
61121,1,1,False,2,2616,5
61122,1,1,False,2,2616,5
61124,1,1,False,0,-1,4
61126,1,1,False,1,63,20
61129,1,1,False,0,-1,20
61130,1,1,False,0,-1,19
61135,1,1,False,1,86,13
61138,1,1,False,0,-1,23
61139,1,1,False,3,111,13
61142,1,1,False,3,111,13
61144,1,1,False,1,2617,12
61146,1,1,False,2,2618,25
61147,1,1,False,2,2618,25
61148,1,1,False,2,2618,25
61151,1,1,False,0,-1,12
61160,1,1,False,2,25,25
61161,1,1,False,2,25,25
61164,1,1,False,0,-1,9
61165,1,1,False,0,-1,9
61166,1,1,False,0,-1,5
61168,1,1,False,3,72,12
61172,1,1,False,3,43,12
61174,1,1,False,3,43,12
61175,1,1,False,2,105,18
61177,1,1,False,2,105,18
61178,1,1,False,0,-1,7
61183,1,1,False,0,-1,14
61186,1,1,False,1,2619,5
61187,1,1,False,0,-1,7
61189,1,1,False,3,0,12
61190,1,1,False,3,0,12
61192,1,1,False,2,95,12
61196,1,1,False,0,-1,2
61197,1,1,False,1,111,17
61207,1,1,False,2,2620,5
61209,1,1,False,2,2620,5
61210,1,1,False,0,-1,6
61211,1,1,False,1,2621,11
61212,1,1,False,1,2621,11
61214,1,1,False,0,-1,26
61215,1,1,False,1,3,9
61217,1,1,False,2,137,13
61223,1,1,False,0,-1,12
61225,1,1,False,1,10,11
61226,1,1,False,1,106,5
61228,1,1,False,0,-1,1
61230,1,1,False,2,1424,20
61232,1,1,False,2,1424,20
61233,1,1,False,1,2622,15
61234,1,1,False,1,2622,15
61236,1,1,False,2,1951,12
61237,1,1,False,2,1951,12
61238,1,1,False,1,12,3
61240,1,1,False,2,52,9
61243,1,1,False,1,2623,17
61244,1,1,False,1,2623,17
61245,1,1,False,2,63,8
61247,1,1,False,2,63,8
61248,1,1,False,0,-1,14
61249,1,1,False,0,-1,14
61250,1,1,False,0,-1,9
61252,1,1,False,1,80,18
61255,1,1,False,3,86,14
61259,1,1,False,0,-1,28
61262,1,1,False,0,-1,27
61264,1,1,False,1,30,14
61267,1,1,False,1,18,18
61271,1,1,False,2,139,8
61273,1,1,False,0,-1,5
61275,1,1,False,1,31,15
61276,1,1,False,0,-1,5
61278,1,1,False,3,43,5
61279,1,1,False,3,43,5
61281,1,1,False,1,1482,5
61284,1,1,False,2,40,7
61287,1,1,False,2,18,20
61288,1,1,False,2,18,20
61289,1,1,False,0,-1,12
61292,1,1,False,0,-1,5
61293,1,1,False,0,-1,25
61299,1,1,False,0,-1,18
61303,1,1,False,1,40,18
61306,1,1,False,1,1,18
61308,1,1,False,0,-1,24
61316,1,1,False,1,56,12
61317,1,1,False,0,-1,5
61318,1,1,False,3,139,12
61321,1,1,False,3,139,12
61322,1,1,False,0,-1,8
61325,1,1,False,0,-1,12
61327,1,1,False,3,40,18
61328,1,1,False,3,40,18
61330,1,1,False,0,-1,14
61331,1,1,False,0,-1,9
61334,1,1,False,2,12,14
61336,1,1,False,0,-1,28
61337,1,1,False,0,-1,19
61338,1,1,False,0,-1,13
61340,1,1,False,1,23,24
61346,1,1,False,1,40,3
61347,1,1,False,0,-1,12
61351,1,1,False,2,86,2
61352,1,1,False,1,10,22
61355,1,1,False,1,610,20
61357,1,1,False,0,-1,14
61359,1,1,False,1,2624,20
61360,1,1,False,1,2624,20
61365,1,1,False,3,51,24
61366,1,1,False,3,51,24
61369,1,1,False,0,-1,24
61372,1,1,False,2,63,5
61375,1,1,False,0,-1,20
61376,1,1,False,0,-1,20
61377,1,1,False,0,-1,25
61384,1,1,False,2,2625,17
61385,1,1,False,2,2625,17
61386,1,1,False,2,2625,17
61389,1,1,False,0,-1,12
61390,1,1,False,0,-1,13
61391,1,1,False,0,-1,12
61392,1,1,False,0,-1,4
61395,1,1,False,3,62,9
61399,1,1,False,1,1149,13
61401,1,1,False,0,-1,20
61404,1,1,False,3,105,1
61411,1,1,False,0,-1,14
61412,1,1,False,0,-1,22
61417,1,1,False,2,111,9
61421,1,1,False,0,-1,11
61423,1,1,False,1,56,15
61428,1,1,False,1,139,28
61430,1,1,False,0,-1,12
61432,1,1,False,1,2626,18
61434,1,1,False,0,-1,12
61435,1,1,False,0,-1,11
61440,1,1,False,2,30,14
61441,1,1,False,0,-1,5
61447,1,1,False,2,126,23
61451,1,1,False,2,62,6
61454,1,1,False,2,114,5
61455,1,1,False,2,114,5
61456,1,1,False,1,18,3
61458,1,1,False,0,-1,24
61460,1,1,False,0,-1,18
61462,1,1,False,1,114,18
61466,1,1,False,0,-1,15
61470,1,1,False,2,1549,18
61471,1,1,False,2,1549,18
61472,1,1,False,2,0,24
61474,1,1,False,2,0,24
61475,1,1,False,1,2627,13
61476,1,1,False,1,2627,13
61480,1,1,False,2,25,5
61481,1,1,False,2,25,5
61483,1,1,False,0,-1,5
61484,1,1,False,1,2628,12
61485,1,1,False,1,2628,12
61487,1,1,False,3,27,18
61490,1,1,False,1,59,14
61493,1,1,False,1,62,26
61499,1,1,False,0,-1,3
61500,1,1,False,1,72,13
61505,1,1,False,3,18,4
61509,1,1,False,3,137,18
61510,1,1,False,3,137,18
61512,1,1,False,3,137,18
61513,1,1,False,3,18,5
61516,1,1,False,3,18,5
61520,1,1,False,0,-1,5
61521,1,1,False,2,105,8
61523,1,1,False,2,105,8
61526,1,1,False,3,95,17
61528,1,1,False,3,95,17
61530,1,1,False,3,18,18
61536,1,1,False,1,56,20
61537,1,1,False,0,-1,9
61538,1,1,False,0,-1,12
61539,1,1,False,0,-1,5
61544,1,1,False,3,139,12
61545,1,1,False,3,139,12
61553,1,1,False,2,460,4
61557,1,1,False,1,43,18
61561,1,1,False,0,-1,18
61566,1,1,False,2,95,17
61567,1,1,False,2,95,17
61569,1,1,False,1,10,5
61573,1,1,False,1,64,9
61579,1,1,False,0,-1,21
61580,1,1,False,1,114,18
61582,1,1,False,0,-1,26
61584,1,1,False,2,18,19
61586,1,1,False,2,52,13
61589,1,1,False,0,-1,4
61590,1,1,False,1,59,19
61592,1,1,False,0,-1,8
61593,1,1,False,1,2629,18
61594,1,1,False,1,2629,18
61595,1,1,False,0,-1,5
61597,1,1,False,3,18,4
61600,1,1,False,0,-1,22
61607,1,1,False,1,106,18
61610,1,1,False,2,51,5
61611,1,1,False,2,51,5
61612,1,1,False,3,40,16
61613,1,1,False,3,40,16
61617,1,1,False,1,179,14
61618,1,1,False,0,-1,18
61620,1,1,False,2,2630,22
61621,1,1,False,2,2630,22
61622,1,1,False,2,2630,22
61626,1,1,False,2,58,14
61629,1,1,False,0,-1,20
61636,1,1,False,1,25,18
61637,1,1,False,0,-1,24
61639,1,1,False,1,64,4
61644,1,1,False,0,-1,8
61645,1,1,False,2,2631,24
61646,1,1,False,2,2631,24
61647,1,1,False,2,2631,24
61649,1,1,False,1,111,14
61651,1,1,False,0,-1,12
61652,1,1,False,1,2632,12
61661,1,1,False,2,25,26
61667,1,1,False,1,2633,25
61668,1,1,False,1,2633,25
61670,1,1,False,1,18,12
61674,1,1,False,2,86,9
61680,1,1,False,1,2634,14
61685,1,1,False,2,86,15
61692,1,1,False,1,73,21
61695,1,1,False,2,63,5
61697,1,1,False,2,63,5
61707,1,1,False,2,6,18
61709,1,1,False,0,-1,17
61710,1,1,False,0,-1,9
61713,1,1,False,1,62,17
61716,1,1,False,1,18,13
61717,1,1,False,2,2635,8
61718,1,1,False,2,2635,8
61719,1,1,False,2,2635,8
61722,1,1,False,3,18,14
61723,1,1,False,3,18,14
61728,1,1,False,0,-1,5
61729,1,1,False,0,-1,22
61733,1,1,False,2,2636,18
61734,1,1,False,2,2636,18
61735,1,1,False,2,2636,18
61738,1,1,False,3,18,18
61742,1,1,False,1,2637,9
61743,1,1,False,1,2637,9
61744,1,1,False,2,18,4
61746,1,1,False,2,18,4
61750,1,1,False,2,62,16
61754,1,1,False,1,2638,20
61755,1,1,False,3,73,12
61759,1,1,False,0,-1,20
61764,1,1,False,0,-1,21
61774,1,1,False,2,72,12
61777,1,1,False,3,18,5
61778,1,1,False,3,18,5
61779,1,1,False,3,18,5
61783,1,1,False,0,-1,20
61784,1,1,False,0,-1,8
61785,1,1,False,2,2639,10
61786,1,1,False,2,2639,10
61787,1,1,False,2,2639,10
61788,1,1,False,0,-1,14
61790,1,1,False,3,72,14
61792,1,1,False,3,72,14
61795,1,1,False,3,95,4
61798,1,1,False,0,-1,6
61799,1,1,False,0,-1,9
61800,1,1,False,2,18,4
61801,1,1,False,2,18,4
61803,1,1,False,0,-1,12
61806,1,1,False,0,-1,5
61808,1,1,False,3,27,18
61809,1,1,False,3,27,18
61810,1,1,False,3,27,18
61818,1,1,False,1,35,20
61820,1,1,False,0,-1,8
61827,1,1,False,3,139,3
61828,1,1,False,1,179,9
61831,1,1,False,3,1449,18
61832,1,1,False,3,1449,18
61833,1,1,False,3,1449,18
61834,1,1,False,0,-1,26
61835,1,1,False,0,-1,5
61836,1,1,False,1,106,5
61839,1,1,False,0,-1,20
61840,1,1,False,1,2640,12
61841,1,1,False,1,2640,12
61844,1,1,False,1,18,11
61845,1,1,False,0,-1,18
61846,1,1,False,0,-1,22
61847,1,1,False,2,3,12
61849,1,1,False,2,3,12
61850,1,1,False,0,-1,8
61852,1,1,False,0,-1,12
61854,1,1,False,1,137,6
61856,1,1,False,3,59,6
61857,1,1,False,3,59,6
61859,1,1,False,3,59,6
61861,1,1,False,2,72,9
61863,1,1,False,1,70,17
61865,1,1,False,1,2641,12
61866,1,1,False,1,2641,12
61868,1,1,False,1,6,17
61871,1,1,False,0,-1,14
61872,1,1,False,2,2642,18
61873,1,1,False,2,2642,18
61874,1,1,False,2,2642,18
61877,1,1,False,0,-1,9
61879,1,1,False,0,-1,12
61881,1,1,False,1,2643,9
61882,1,1,False,3,40,9
61883,1,1,False,3,40,9
61886,1,1,False,0,-1,18
61887,1,1,False,2,139,12
61888,1,1,False,2,139,12
61892,1,1,False,2,105,12
61893,1,1,False,2,105,12
61895,1,1,False,0,-1,5
61900,1,1,False,1,2644,22
61901,1,1,False,1,2644,22
61903,1,1,False,1,95,12
61907,1,1,False,0,-1,5
61908,1,1,False,1,2645,13
61909,1,1,False,1,2645,13
61910,1,1,False,0,-1,25
61911,1,1,False,0,-1,7
61913,1,1,False,0,-1,5
61915,1,1,False,0,-1,5
61916,1,1,False,1,95,22
61919,1,1,False,1,35,17
61924,1,1,False,3,35,7
61925,1,1,False,0,-1,13
61927,1,1,False,0,-1,18
61932,1,1,False,2,86,16
61934,1,1,False,3,26,5
61935,1,1,False,3,26,5
61937,1,1,False,3,26,5
61939,1,1,False,1,18,5
61941,1,1,False,1,51,12
61946,1,1,False,1,142,12
61947,1,1,False,2,56,13
61949,1,1,False,2,56,13
61952,1,1,False,3,12,8
61957,1,1,False,2,54,25
61959,1,1,False,2,54,25
61960,1,1,False,1,95,20
61967,1,1,False,0,-1,12
61968,1,1,False,0,-1,13
61970,1,1,False,3,54,28
61971,1,1,False,3,54,28
61972,1,1,False,3,54,28
61973,1,1,False,3,137,11
61978,1,1,False,1,51,12
61979,1,1,False,1,70,13
61984,1,1,False,0,-1,9
61985,1,1,False,0,-1,12
61987,1,1,False,1,19,18
61992,1,1,False,1,2646,5
61993,1,1,False,1,2646,5
61994,1,1,False,0,-1,14
61995,1,1,False,2,30,22
61997,1,1,False,2,30,22
61999,1,1,False,1,31,17
62002,1,1,False,3,40,28
62003,1,1,False,3,40,28
62006,1,1,False,0,-1,5
62007,1,1,False,0,-1,5
62009,1,1,False,1,2648,27
62012,1,1,False,0,-1,18
62014,1,1,False,0,-1,18
62015,1,1,False,0,-1,20
62018,1,1,False,0,-1,12
62019,1,1,False,1,2649,13
62020,1,1,False,1,2649,13
62021,1,1,False,2,86,14
62026,1,1,False,0,-1,20
62027,1,1,False,1,59,5
62029,1,1,False,2,2650,8
62030,1,1,False,2,2650,8
62031,1,1,False,2,2650,8
62034,1,1,False,2,43,27
62036,1,1,False,0,-1,26
62038,1,1,False,1,16,22
62040,1,1,False,2,40,20
62041,1,1,False,2,40,20
62042,1,1,False,0,-1,12
62045,1,1,False,0,-1,14
62046,1,1,False,3,16,27
62047,1,1,False,3,16,27
62051,1,1,False,2,673,24
62053,1,1,False,0,-1,18
62057,1,1,False,0,-1,7
62061,1,1,False,3,179,18
62065,1,1,False,2,2651,8
62066,1,1,False,2,2651,8
62067,1,1,False,2,2651,8
62069,1,1,False,2,31,5
62072,1,1,False,1,142,17
62073,1,1,False,2,2652,25
62074,1,1,False,2,2652,25
62075,1,1,False,2,2652,25
62076,1,1,False,1,2653,24
62077,1,1,False,1,2653,24
62079,1,1,False,2,111,13
62082,1,1,False,1,2654,7
62083,1,1,False,1,2654,7
62084,1,1,False,0,-1,17
62086,1,1,False,1,2,9
62087,1,1,False,0,-1,4
62088,1,1,False,0,-1,20
62089,1,1,False,0,-1,15
62091,1,1,False,1,18,2
62095,1,1,False,0,-1,22
62096,1,1,False,0,-1,6
62097,1,1,False,0,-1,12
62099,1,1,False,2,2655,14
62100,1,1,False,2,2655,14
62101,1,1,False,2,2655,14
62104,1,1,False,2,40,15
62105,1,1,False,2,0,13
62106,1,1,False,2,0,13
62108,1,1,False,2,43,14
62110,1,1,False,2,43,14
62111,1,1,False,0,-1,25
62113,1,1,False,1,62,12
62114,1,1,False,0,-1,19
62115,1,1,False,1,19,18
62118,1,1,False,0,-1,12
62121,1,1,False,1,25,9
62122,1,1,False,0,-1,15
62123,1,1,False,0,-1,5
62124,1,1,False,2,2656,12
62125,1,1,False,2,2656,12
62126,1,1,False,2,2656,12
62127,1,1,False,2,25,14
62128,1,1,False,2,25,14
62131,1,1,False,1,2657,23
62132,1,1,False,1,2657,23
62135,1,1,False,0,-1,18
62136,1,1,False,0,-1,18
62141,1,1,False,0,-1,20
62142,1,1,False,2,45,20
62143,1,1,False,2,45,20
62148,1,1,False,3,18,8
62151,1,1,False,3,18,8
62152,1,1,False,1,137,12
62155,1,1,False,0,-1,20
62157,1,1,False,1,43,9
62159,1,1,False,1,2658,9
62160,1,1,False,1,2658,9
62162,1,1,False,1,2659,9
62163,1,1,False,1,2659,9
62165,1,1,False,1,2660,9
62166,1,1,False,1,2660,9
62167,1,1,False,1,2661,22
62168,1,1,False,1,2661,22
62169,1,1,False,0,-1,13
62172,1,1,False,1,126,5
62179,1,1,False,1,95,12
62180,1,1,False,1,27,7
62182,1,1,False,2,80,22
62184,1,1,False,2,80,22
62185,1,1,False,1,2662,14
62186,1,1,False,1,2662,14
62187,1,1,False,2,58,20
62188,1,1,False,2,58,20
62190,1,1,False,0,-1,18
62195,1,1,False,3,26,8
62198,1,1,False,2,2663,9
62199,1,1,False,2,2663,9
62200,1,1,False,2,2663,9
62202,1,1,False,1,80,23
62205,1,1,False,2,40,12
62206,1,1,False,0,-1,5
62207,1,1,False,0,-1,15
62212,1,1,False,3,27,12
62214,1,1,False,3,27,12
62215,1,1,False,0,-1,14
62217,1,1,False,0,-1,20
62218,1,1,False,0,-1,26
62219,1,1,False,2,58,12
62220,1,1,False,2,58,12
62223,1,1,False,1,2664,26
62224,1,1,False,1,2664,26
62227,1,1,False,0,-1,17
62229,1,1,False,2,54,25
62231,1,1,False,3,53,6
62232,1,1,False,3,53,6
62235,1,1,False,0,-1,25
62238,1,1,False,0,-1,26
62240,1,1,False,1,2665,8
62242,1,1,False,1,2666,21
62243,1,1,False,1,2666,21
62244,1,1,False,2,10,6
62249,1,1,False,2,27,17
62250,1,1,False,0,-1,14
62255,1,1,False,2,106,5
62257,1,1,False,2,106,5
62259,1,1,False,1,2667,20
62262,1,1,False,0,-1,9
62263,1,1,False,0,-1,14
62264,1,1,False,0,-1,26
62265,1,1,False,0,-1,2
62267,1,1,False,0,-1,6
62274,1,1,False,1,53,1
62276,1,1,False,0,-1,28
62277,1,1,False,0,-1,4
62281,1,1,False,1,26,4
62283,1,1,False,1,58,2
62285,1,1,False,2,139,23
62291,1,1,False,3,27,13
62293,1,1,False,0,-1,23
62297,1,1,False,0,-1,8
62298,1,1,False,2,73,4
62301,1,1,False,2,2668,15
62302,1,1,False,2,2668,15
62303,1,1,False,2,2668,15
62308,1,1,False,0,-1,4
62309,1,1,False,0,-1,11
62310,1,1,False,0,-1,7
62312,1,1,False,1,164,18
62314,1,1,False,0,-1,9
62316,1,1,False,3,26,12
62321,1,1,False,1,2669,18
62322,1,1,False,1,2669,18
62326,1,1,False,3,22,12
62330,1,1,False,0,-1,5
62331,1,1,False,1,139,20
62337,1,1,False,2,26,17
62342,1,1,False,0,-1,5
62347,1,1,False,2,12,23
62348,1,1,False,2,12,23
62356,1,1,False,0,-1,19
62358,1,1,False,1,14,28
62360,1,1,False,0,-1,26
62361,1,1,False,0,-1,20
62368,1,1,False,1,2670,5
62369,1,1,False,0,-1,5
62371,1,1,False,0,-1,17
62373,1,1,False,2,2671,12
62374,1,1,False,2,2671,12
62376,1,1,False,2,80,4
62379,1,1,False,0,-1,17
62381,1,1,False,0,-1,3
62382,1,1,False,0,-1,15
62383,1,1,False,0,-1,14
62392,1,1,False,2,63,7
62395,1,1,False,1,2435,2
62396,1,1,False,3,139,12
62398,1,1,False,3,139,12
62401,1,1,False,2,95,13
62402,1,1,False,2,95,13
62405,1,1,False,3,95,24
62408,1,1,False,0,-1,14
62412,1,1,False,1,95,12
62417,1,1,False,1,2672,20
62418,1,1,False,1,2672,20
62419,1,1,False,0,-1,14
62421,1,1,False,1,114,8
62423,1,1,False,0,-1,5
62425,1,1,False,3,26,17
62430,1,1,False,1,25,15
62431,1,1,False,0,-1,12
62434,1,1,False,1,26,9
62436,1,1,False,0,-1,5
62437,1,1,False,2,18,25
62441,1,1,False,2,26,8
62445,1,1,False,1,105,5
62446,1,1,False,1,2673,14
62447,1,1,False,1,2673,14
62450,1,1,False,3,58,2
62453,1,1,False,0,-1,9
62454,1,1,False,2,1607,26
62456,1,1,False,2,1607,26
62459,1,1,False,2,74,27
62460,1,1,False,2,74,27
62462,1,1,False,1,2674,18
62463,1,1,False,1,2674,18
62464,1,1,False,0,-1,5
62465,1,1,False,3,95,13
62471,1,1,False,2,58,12
62472,1,1,False,2,58,12
62474,1,1,False,0,-1,5
62476,1,1,False,2,30,19
62478,1,1,False,1,25,12
62482,1,1,False,2,27,12
62484,1,1,False,2,27,12
62489,1,1,False,1,68,13
62493,1,1,False,3,40,9
62497,1,1,False,3,80,12
62498,1,1,False,3,80,12
62499,1,1,False,0,-1,12
62500,1,1,False,0,-1,2
62502,1,1,False,1,53,26
62512,1,1,False,3,26,12
62513,1,1,False,0,-1,18
62514,1,1,False,0,-1,26
62517,1,1,False,1,53,2
62519,1,1,False,0,-1,15
62521,1,1,False,3,14,27
62525,1,1,False,2,2675,5
62526,1,1,False,2,2675,5
62527,1,1,False,2,2675,5
62530,1,1,False,1,1537,14
62535,1,1,False,0,-1,12
62536,1,1,False,2,2676,6
62537,1,1,False,2,2676,6
62538,1,1,False,2,2676,6
62539,1,1,False,1,1483,5
62543,1,1,False,1,35,8
62545,1,1,False,1,2677,28
62546,1,1,False,1,2677,28
62550,1,1,False,0,-1,11
62554,1,1,False,3,111,27
62557,1,1,False,2,22,24
62559,1,1,False,2,53,12
62561,1,1,False,2,53,12
62562,1,1,False,3,25,22
62566,1,1,False,2,111,20
62569,1,1,False,0,-1,15
62571,1,1,False,0,-1,6
62575,1,1,False,1,64,17
62579,1,1,False,1,22,21
62581,1,1,False,1,73,12
62583,1,1,False,0,-1,18
62584,1,1,False,0,-1,5
62587,1,1,False,1,135,14
62588,1,1,False,1,3,25
62592,1,1,False,1,2678,15
62593,1,1,False,1,2678,15
62594,1,1,False,1,53,13
62599,1,1,False,1,105,28
62600,1,1,False,0,-1,20
62602,1,1,False,3,27,20
62606,1,1,False,1,30,14
62608,1,1,False,2,14,13
62617,1,1,False,3,2679,12
62619,1,1,False,3,2679,12
62621,1,1,False,1,30,5
62626,1,1,False,3,139,8
62628,1,1,False,1,114,10
62630,1,1,False,1,2680,20
62631,1,1,False,1,2680,20
62632,1,1,False,2,40,6
62640,1,1,False,2,95,17
62642,1,1,False,2,95,17
62644,1,1,False,3,27,14
62645,1,1,False,3,27,14
62649,1,1,False,2,27,14
62651,1,1,False,0,-1,15
62652,1,1,False,1,1093,5
62655,1,1,False,0,-1,12
62657,1,1,False,1,2681,12
62659,1,1,False,2,25,14
62661,1,1,False,0,-1,25
62662,1,1,False,1,2682,9
62663,1,1,False,1,2682,9
62664,1,1,False,0,-1,5
62668,1,1,False,2,25,4
62669,1,1,False,2,2683,12
62670,1,1,False,2,2683,12
62671,1,1,False,2,2683,12
62674,1,1,False,2,72,9
62676,1,1,False,2,2,14
62677,1,1,False,2,2,14
62678,1,1,False,2,114,5
62680,1,1,False,2,114,5
62683,1,1,False,1,139,12
62687,1,1,False,1,7,14
62692,1,1,False,1,25,12
62693,1,1,False,3,139,12
62697,1,1,False,1,53,18
62699,1,1,False,0,-1,18
62703,1,1,False,1,45,18
62709,1,1,False,2,10,13
62712,1,1,False,1,2684,1
62713,1,1,False,1,2684,1
62714,1,1,False,1,139,25
62716,1,1,False,2,95,11
62724,1,1,False,3,2685,18
62726,1,1,False,3,2685,18
62727,1,1,False,3,2685,18
62728,1,1,False,0,-1,7
62729,1,1,False,2,25,12
62732,1,1,False,0,-1,18
62733,1,1,False,0,-1,5
62735,1,1,False,1,48,9
62737,1,1,False,0,-1,25
62738,1,1,False,1,25,12
62742,1,1,False,1,22,20
62744,1,1,False,2,22,12
62745,1,1,False,2,22,12
62748,1,1,False,2,139,5
62750,1,1,False,2,139,5
62754,1,1,False,1,2686,8
62755,1,1,False,1,2687,28
62756,1,1,False,1,2687,28
62757,1,1,False,0,-1,8
62758,1,1,False,0,-1,13
62762,1,1,False,1,26,14
62764,1,1,False,0,-1,25
62765,1,1,False,0,-1,14
62767,1,1,False,1,58,20
62769,1,1,False,1,95,22
62770,1,1,False,1,2688,6
62771,1,1,False,1,2688,6
62772,1,1,False,1,2689,20
62777,1,1,False,3,73,5
62780,1,1,False,3,70,14
62782,1,1,False,3,70,14
62786,1,1,False,3,27,12
62788,1,1,False,1,2690,14
62789,1,1,False,1,2690,14
62793,1,1,False,0,-1,14
62798,1,1,False,0,-1,18
62804,1,1,False,2,164,12
62805,1,1,False,2,164,12
62806,1,1,False,1,877,9
62809,1,1,False,1,18,24
62813,1,1,False,2,135,4
62818,1,1,False,0,-1,12
62821,1,1,False,0,-1,22
62823,1,1,False,0,-1,28
62825,1,1,False,1,3,13
62826,1,1,False,0,-1,12
62830,1,1,False,1,105,4
62832,1,1,False,1,26,20
62836,1,1,False,1,97,9
62840,1,1,False,1,2691,12
62841,1,1,False,1,2691,12
62844,1,1,False,3,58,22
62845,1,1,False,3,58,22
62846,1,1,False,1,22,18
62848,1,1,False,3,59,18
62849,1,1,False,3,59,18
62851,1,1,False,3,59,18
62853,1,1,False,3,2692,27
62855,1,1,False,3,2692,27
62856,1,1,False,3,2692,27
62857,1,1,False,0,-1,18
62859,1,1,False,0,-1,7
62860,1,1,False,1,2693,8
62861,1,1,False,1,2693,8
62863,1,1,False,0,-1,14
62866,1,1,False,0,-1,13
62868,1,1,False,0,-1,20
62869,1,1,False,0,-1,14
62871,1,1,False,1,2694,8
62872,1,1,False,1,2694,8
62875,1,1,False,0,-1,12
62879,1,1,False,1,10,18
62881,1,1,False,0,-1,13
62883,1,1,False,2,45,15
62889,1,1,False,1,40,5
62891,1,1,False,2,10,18
62896,1,1,False,2,2695,22
62897,1,1,False,2,2695,22
62898,1,1,False,2,2695,22
62899,1,1,False,1,2696,18
62900,1,1,False,1,2696,18
62903,1,1,False,3,40,14
62912,1,1,False,0,-1,18
62914,1,1,False,1,95,20
62916,1,1,False,1,27,28
62919,1,1,False,1,14,25
62922,1,1,False,2,2697,12
62923,1,1,False,2,2697,12
62924,1,1,False,0,-1,9
62927,1,1,False,2,26,6
62928,1,1,False,3,10,15
62935,1,1,False,1,22,9
62941,1,1,False,1,45,15
62943,1,1,False,0,-1,22
62945,1,1,False,1,40,14
62946,1,1,False,0,-1,22
62948,1,1,False,3,45,20
62949,1,1,False,3,45,20
62953,1,1,False,0,-1,18
62955,1,1,False,0,-1,28
62956,1,1,False,0,-1,12
62957,1,1,False,1,26,15
62964,1,1,False,0,-1,25
62965,1,1,False,0,-1,20
62968,1,1,False,1,1963,14
62969,1,1,False,0,-1,18
62976,1,1,False,0,-1,13
62982,1,1,False,0,-1,5
62983,1,1,False,0,-1,13
62985,1,1,False,1,64,24
62988,1,1,False,2,22,15
62989,1,1,False,2,22,15
62990,1,1,False,0,-1,12
62991,1,1,False,0,-1,13
62993,1,1,False,1,56,14
62998,1,1,False,0,-1,6
63000,1,1,False,2,2698,5
63001,1,1,False,2,2698,5
63002,1,1,False,2,2698,5
63006,1,1,False,2,93,20
63009,1,1,False,1,2699,22
63010,1,1,False,1,2699,22
63012,1,1,False,1,2700,2
63013,1,1,False,1,2700,2
63015,1,1,False,1,921,12
63018,1,1,False,0,-1,18
63019,1,1,False,1,27,18
63021,1,1,False,1,2701,26
63022,1,1,False,1,2701,26
63023,1,1,False,0,-1,5
63024,1,1,False,2,95,19
63025,1,1,False,2,95,19
63028,1,1,False,1,1537,20
63031,1,1,False,1,2702,18
63032,1,1,False,1,2702,18
63034,1,1,False,2,114,9
63036,1,1,False,1,73,28
63039,1,1,False,0,-1,6
63040,1,1,False,0,-1,20
63042,1,1,False,2,31,13
63045,1,1,False,0,-1,9
63050,1,1,False,0,-1,2
63053,1,1,False,2,3,20
63055,1,1,False,1,30,4
63056,1,1,False,2,53,14
63058,1,1,False,2,53,14
63059,1,1,False,0,-1,11
63060,1,1,False,0,-1,2
63062,1,1,False,0,-1,14
63066,1,1,False,0,-1,11
63070,1,1,False,3,27,18
63071,1,1,False,0,-1,12
63072,1,1,False,0,-1,11
63075,1,1,False,0,-1,8
63076,1,1,False,0,-1,27
63078,1,1,False,1,2703,5
63080,1,1,False,1,45,12
63082,1,1,False,0,-1,15
63083,1,1,False,0,-1,9
63086,1,1,False,3,6,18
63087,1,1,False,3,6,18
63091,1,1,False,2,2,8
63092,1,1,False,2,2,8
63094,1,1,False,1,25,28
63101,1,1,False,0,-1,22
63106,1,1,False,1,114,8
63107,1,1,False,0,-1,9
63108,1,1,False,1,139,22
63111,1,1,False,3,40,18
63115,1,1,False,1,27,24
63118,1,1,False,1,10,15
63119,1,1,False,1,2704,5
63120,1,1,False,1,2704,5
63121,1,1,False,0,-1,4
63122,1,1,False,2,2705,14
63123,1,1,False,2,2705,14
63124,1,1,False,2,2705,14
63133,1,1,False,3,139,12
63134,1,1,False,3,139,12
63138,1,1,False,1,52,17
63140,1,1,False,2,58,15
63144,1,1,False,3,53,12
63145,1,1,False,3,53,12
63148,1,1,False,3,86,14
63156,1,1,False,2,95,18
63157,1,1,False,1,27,5
63162,1,1,False,1,2706,3
63163,1,1,False,1,2706,3
63164,1,1,False,1,26,18
63167,1,1,False,2,2707,8
63168,1,1,False,2,2707,8
63169,1,1,False,2,2707,8
63174,1,1,False,2,139,24
63175,1,1,False,1,2708,8
63176,1,1,False,1,2708,8
63177,1,1,False,0,-1,2
63179,1,1,False,1,2709,12
63180,1,1,False,1,2709,12
63181,1,1,False,1,22,18
63184,1,1,False,1,95,13
63188,1,1,False,0,-1,12
63190,1,1,False,2,139,9
63192,1,1,False,2,139,9
63196,1,1,False,2,26,5
63197,1,1,False,0,-1,4
63198,1,1,False,2,95,3
63202,1,1,False,2,22,9
63211,1,1,False,0,-1,12
63217,1,1,False,1,35,24
63219,1,1,False,2,139,17
63221,1,1,False,2,139,17
63225,1,1,False,3,26,18
63234,1,1,False,2,73,9
63235,1,1,False,0,-1,8
63236,1,1,False,0,-1,5
63237,1,1,False,1,2710,8
63238,1,1,False,1,2710,8
63239,1,1,False,0,-1,5
63241,1,1,False,0,-1,15
63247,1,1,False,2,27,12
63249,1,1,False,1,70,12
63251,1,1,False,2,63,26
63252,1,1,False,2,63,26
63253,1,1,False,2,95,7
63257,1,1,False,3,26,14
63262,1,1,False,2,64,13
63264,1,1,False,2,64,13
63265,1,1,False,1,26,18
63268,1,1,False,3,27,9
63270,1,1,False,3,27,9
63271,1,1,False,3,27,9
63274,1,1,False,2,2711,2
63275,1,1,False,2,2711,2
63276,1,1,False,0,-1,20
63278,1,1,False,0,-1,12
63281,1,1,False,2,27,24
63282,1,1,False,2,52,20
63284,1,1,False,2,52,20
63287,1,1,False,1,1897,3
63289,1,1,False,0,-1,14
63292,1,1,False,2,74,18
63293,1,1,False,2,74,18
63295,1,1,False,1,2712,14
63296,1,1,False,1,2712,14
63297,1,1,False,1,2713,5
63298,1,1,False,1,2713,5
63303,1,1,False,3,2,12
63305,1,1,False,3,2,12
63310,1,1,False,1,105,5
63314,1,1,False,0,-1,12
63317,1,1,False,3,139,17
63318,1,1,False,3,139,17
63319,1,1,False,0,-1,26
63323,1,1,False,3,139,11
63324,1,1,False,3,139,11
63327,1,1,False,0,-1,20
63328,1,1,False,0,-1,7
63330,1,1,False,1,95,24
63331,1,1,False,0,-1,16
63332,1,1,False,0,-1,15
63333,1,1,False,1,2714,11
63334,1,1,False,1,2714,11
63339,1,1,False,0,-1,23
63342,1,1,False,3,14,20
63343,1,1,False,3,14,20
63346,1,1,False,1,14,25
63347,1,1,False,0,-1,5
63348,1,1,False,2,2715,20
63349,1,1,False,2,2715,20
63350,1,1,False,2,2715,20
63351,1,1,False,0,-1,23
63352,1,1,False,1,2716,11
63353,1,1,False,1,2716,11
63354,1,1,False,3,86,12
63355,1,1,False,3,86,12
63357,1,1,False,3,86,12
63358,1,1,False,0,-1,20
63359,1,1,False,3,2620,14
63360,1,1,False,3,2620,14
63361,1,1,False,3,2620,14
63364,1,1,False,1,2717,20
63366,1,1,False,0,-1,23
63367,1,1,False,0,-1,21
63369,1,1,False,0,-1,17
63370,1,1,False,1,27,15
63375,1,1,False,0,-1,5
63382,1,1,False,0,-1,5
63384,1,1,False,0,-1,14
63388,1,1,False,2,25,17
63392,1,1,False,3,56,26
63394,1,1,False,1,2718,5
63395,1,1,False,1,2718,5
63396,1,1,False,1,26,7
63398,1,1,False,0,-1,5
63403,1,1,False,0,-1,13
63405,1,1,False,3,43,15
63406,1,1,False,3,43,15
63408,1,1,False,0,-1,20
63416,1,1,False,1,25,9
63417,1,1,False,0,-1,12
63419,1,1,False,0,-1,4
63423,1,1,False,3,95,5
63426,1,1,False,1,1,12
63427,1,1,False,2,2719,16
63428,1,1,False,2,2719,16
63429,1,1,False,2,2719,16
63430,1,1,False,0,-1,13
63433,1,1,False,1,6,12
63439,1,1,False,1,10,15
63442,1,1,False,2,97,20
63447,1,1,False,1,2720,14
63448,1,1,False,1,2720,14
63451,1,1,False,2,139,11
63453,1,1,False,0,-1,11
63455,1,1,False,2,105,11
63463,1,1,False,0,-1,15
63468,1,1,False,0,-1,9
63469,1,1,False,0,-1,5
63470,1,1,False,0,-1,22
63475,1,1,False,0,-1,5
63476,1,1,False,2,2721,18
63477,1,1,False,2,2721,18
63478,1,1,False,2,2721,18
63479,1,1,False,0,-1,5
63480,1,1,False,2,58,18
63484,1,1,False,0,-1,14
63485,1,1,False,0,-1,13
63486,1,1,False,3,2722,12
63487,1,1,False,3,2722,12
63488,1,1,False,3,2722,12
63489,1,1,False,3,2722,12
63490,1,1,False,3,95,21
63491,1,1,False,3,95,21
63498,1,1,False,1,45,21
63499,1,1,False,0,-1,7
63503,1,1,False,0,-1,14
63504,1,1,False,0,-1,15
63505,1,1,False,0,-1,12
63512,1,1,False,0,-1,12
63513,1,1,False,2,51,18
63517,1,1,False,0,-1,26
63519,1,1,False,1,58,18
63523,1,1,False,0,-1,12
63525,1,1,False,0,-1,14
63526,1,1,False,1,2723,27
63527,1,1,False,1,2723,27
63530,1,1,False,0,-1,26
63532,1,1,False,1,135,4
63535,1,1,False,2,16,12
63536,1,1,False,2,16,12
63540,1,1,False,1,3,27
63541,1,1,False,3,135,12
63543,1,1,False,3,135,12
63544,1,1,False,3,135,12
63546,1,1,False,2,10,20
63547,1,1,False,2,10,20
63548,1,1,False,1,2724,28
63549,1,1,False,1,2724,28
63553,1,1,False,0,-1,15
63557,1,1,False,2,294,24
63560,1,1,False,2,135,12
63561,1,1,False,1,2725,22
63562,1,1,False,1,2725,22
63567,1,1,False,0,-1,6
63573,1,1,False,2,10,25
63581,1,1,False,3,40,20
63582,1,1,False,3,40,20
63588,1,1,False,1,2726,2
63589,1,1,False,1,2726,2
63590,1,1,False,2,53,18
63591,1,1,False,2,53,18
63596,1,1,False,0,-1,5
63598,1,1,False,1,51,12
63600,1,1,False,1,35,11
63605,1,1,False,0,-1,14
63609,1,1,False,2,52,4
63610,1,1,False,1,2727,20
63611,1,1,False,1,2727,20
63612,1,1,False,0,-1,15
63613,1,1,False,0,-1,9
63614,1,1,False,3,28,13
63615,1,1,False,3,28,13
63618,1,1,False,0,-1,1
63620,1,1,False,0,-1,15
63621,1,1,False,0,-1,4
63625,1,1,False,3,114,11
63627,1,1,False,3,114,11
63631,1,1,False,0,-1,5
63633,1,1,False,1,52,14
63636,1,1,False,2,80,13
63638,1,1,False,0,-1,5
63639,1,1,False,2,27,20
63640,1,1,False,2,27,20
63642,1,1,False,1,2728,10
63643,1,1,False,1,2728,10
63648,1,1,False,3,179,14
63650,1,1,False,3,179,14
63651,1,1,False,0,-1,20
63652,1,1,False,1,2729,12
63653,1,1,False,1,2729,12
63654,1,1,False,0,-1,14
63655,1,1,False,0,-1,6
63656,1,1,False,1,2730,20
63657,1,1,False,1,2730,20
63659,1,1,False,2,28,18
63661,1,1,False,0,-1,14
63663,1,1,False,0,-1,22
63664,1,1,False,0,-1,28
63671,1,1,False,2,35,13
63672,1,1,False,2,35,13
63675,1,1,False,3,0,9
63677,1,1,False,3,0,9
63679,1,1,False,0,-1,14
63685,1,1,False,0,-1,14
63689,1,1,False,0,-1,12
63690,1,1,False,0,-1,28
63696,1,1,False,1,135,12
63698,1,1,False,0,-1,20
63699,1,1,False,0,-1,27
63700,1,1,False,1,2731,18
63701,1,1,False,1,2731,18
63703,1,1,False,1,2732,18
63704,1,1,False,1,2732,18
63705,1,1,False,0,-1,21
63706,1,1,False,3,2733,14
63707,1,1,False,3,2733,14
63708,1,1,False,3,2733,14
63709,1,1,False,3,2733,14
63712,1,1,False,1,139,22
63713,1,1,False,1,30,6
63715,1,1,False,0,-1,18
63719,1,1,False,2,80,20
63721,1,1,False,2,80,20
63723,1,1,False,2,139,17
63728,1,1,False,0,-1,24
63732,1,1,False,0,-1,4
63734,1,1,False,0,-1,5
63738,1,1,False,1,114,5
63742,1,1,False,3,56,15
63752,1,1,False,0,-1,12
63756,1,1,False,1,16,18
63757,1,1,False,1,52,18
63760,1,1,False,2,3,4
63761,1,1,False,2,3,4
63762,1,1,False,1,2734,12
63763,1,1,False,1,2734,12
63765,1,1,False,2,135,5
63767,1,1,False,2,135,5
63769,1,1,False,1,23,23
63773,1,1,False,1,2735,12
63774,1,1,False,1,2735,12
63775,1,1,False,0,-1,11
63777,1,1,False,2,16,25
63780,1,1,False,2,16,28
63781,1,1,False,2,16,28
63784,1,1,False,1,3,20
63786,1,1,False,0,-1,20
63787,1,1,False,0,-1,14
63790,1,1,False,0,-1,2
63800,1,1,False,0,-1,2
63802,1,1,False,0,-1,18
63806,1,1,False,0,-1,14
63810,1,1,False,2,1,18
63812,1,1,False,2,1,18
63814,1,1,False,0,-1,17
63816,1,1,False,1,16,12
63817,1,1,False,0,-1,28
63818,1,1,False,0,-1,17
63819,1,1,False,0,-1,16
63820,1,1,False,1,68,6
63827,1,1,False,2,80,20
63829,1,1,False,0,-1,8
63833,1,1,False,3,10,8
63834,1,1,False,0,-1,4
63839,1,1,False,0,-1,25
63843,1,1,False,0,-1,13
63846,1,1,False,2,10,14
63849,1,1,False,0,-1,12
63852,1,1,False,1,2736,14
63854,1,1,False,1,2737,18
63855,1,1,False,1,2737,18
63859,1,1,False,1,51,9
63861,1,1,False,1,6,18
63863,1,1,False,3,51,12
63865,1,1,False,3,51,12
63868,1,1,False,0,-1,10
63875,1,1,False,1,37,12
63877,1,1,False,1,2738,17
63878,1,1,False,1,2738,17
63882,1,1,False,2,59,12
63883,1,1,False,2,59,12
63885,1,1,False,2,45,5
63887,1,1,False,2,45,5
63888,1,1,False,0,-1,12
63889,1,1,False,2,10,14
63894,1,1,False,2,2,13
63897,1,1,False,1,2739,26
63898,1,1,False,0,-1,5
63899,1,1,False,0,-1,18
63900,1,1,False,0,-1,24
63901,1,1,False,0,-1,12
63904,1,1,False,2,93,14
63905,1,1,False,2,93,14
63906,1,1,False,0,-1,25
63911,1,1,False,1,2740,14
63912,1,1,False,1,2740,14
63916,1,1,False,3,126,5
63918,1,1,False,3,126,5
63919,1,1,False,0,-1,6
63923,1,1,False,0,-1,3
63929,1,1,False,3,80,25
63930,1,1,False,3,80,25
63937,1,1,False,1,68,12
63940,1,1,False,0,-1,13
63945,1,1,False,1,51,25
63953,1,1,False,3,126,9
63954,1,1,False,0,-1,23
63956,1,1,False,0,-1,3
63959,1,1,False,2,74,18
63962,1,1,False,1,2741,27
63963,1,1,False,1,2741,27
63964,1,1,False,1,2742,13
63965,1,1,False,1,2742,13
63970,1,1,False,0,-1,7
63972,1,1,False,2,126,9
63976,1,1,False,0,-1,4
63978,1,1,False,3,68,8
63981,1,1,False,0,-1,8
63982,1,1,False,1,2,5
63985,1,1,False,1,2743,14
63988,1,1,False,2,237,18
63994,1,1,False,2,68,5
63996,1,1,False,2,68,5
63997,1,1,False,1,0,12
64000,1,1,False,0,-1,27
64005,1,1,False,1,10,14
64009,1,1,False,2,62,17
64012,1,1,False,0,-1,26
64016,1,1,False,2,45,28
64017,1,1,False,1,14,23
64019,1,1,False,2,40,4
64020,1,1,False,2,40,4
64030,1,1,False,3,10,13
64035,1,1,False,3,139,15
64036,1,1,False,3,139,15
64039,1,1,False,1,95,24
64041,1,1,False,1,126,12
64048,1,1,False,3,10,9
64050,1,1,False,3,10,9
64059,1,1,False,2,179,12
64060,1,1,False,0,-1,5
64062,1,1,False,2,111,15
64063,1,1,False,2,111,15
64065,1,1,False,3,27,13
64067,1,1,False,3,27,13
64068,1,1,False,1,10,9
64075,1,1,False,0,-1,13
64078,1,1,False,1,137,18
64079,1,1,False,1,2744,21
64082,1,1,False,1,19,5
64083,1,1,False,0,-1,5
64087,1,1,False,2,40,18
64088,1,1,False,0,-1,12
64090,1,1,False,2,1,16
64094,1,1,False,2,16,20
64096,1,1,False,0,-1,12
64099,1,1,False,2,44,12
64100,1,1,False,2,0,18
64103,1,1,False,1,2745,23
64104,1,1,False,1,2745,23
64106,1,1,False,1,68,8
64113,1,1,False,0,-1,12
64115,1,1,False,3,114,11
64116,1,1,False,3,114,11
64117,1,1,False,3,114,11
64118,1,1,False,1,2746,28
64119,1,1,False,1,2746,28
64122,1,1,False,2,2747,14
64123,1,1,False,2,2747,14
64124,1,1,False,1,6,18
64126,1,1,False,2,142,18
64129,1,1,False,0,-1,21
64130,1,1,False,1,2748,14
64131,1,1,False,1,2748,14
64132,1,1,False,1,6,18
64137,1,1,False,1,44,18
64143,1,1,False,2,179,12
64144,1,1,False,1,95,12
64150,1,1,False,0,-1,1
64154,1,1,False,3,179,24
64156,1,1,False,0,-1,7
64160,1,1,False,2,95,18
64161,1,1,False,2,95,18
64163,1,1,False,0,-1,15
64165,1,1,False,3,95,18
64175,1,1,False,0,-1,12
64177,1,1,False,2,53,15
64179,1,1,False,1,2749,24
64180,1,1,False,1,2749,24
64181,1,1,False,1,294,13
64183,1,1,False,0,-1,9
64184,1,1,False,0,-1,22
64191,1,1,False,1,2750,5
64192,1,1,False,1,2750,5
64195,1,1,False,0,-1,18
64201,1,1,False,1,59,20
64204,1,1,False,0,-1,5
64205,1,1,False,1,10,18
64208,1,1,False,0,-1,27
64212,1,1,False,1,139,20
64213,1,1,False,2,294,12
64218,1,1,False,0,-1,13
64221,1,1,False,1,80,9
64223,1,1,False,3,0,23
64230,1,1,False,3,64,4
64232,1,1,False,3,64,4
64233,1,1,False,3,64,4
64234,1,1,False,0,-1,12
64238,1,1,False,0,-1,22
64240,1,1,False,1,27,5
64241,1,1,False,1,2751,12
64245,1,1,False,0,-1,12
64249,1,1,False,0,-1,27
64252,1,1,False,0,-1,8
64254,1,1,False,0,-1,19
64258,1,1,False,1,54,12
64260,1,1,False,2,28,13
64261,1,1,False,2,28,13
64267,1,1,False,3,179,14
64271,1,1,False,2,1,27
64272,1,1,False,2,1,27
64279,1,1,False,1,72,15
64280,1,1,False,0,-1,14
64281,1,1,False,1,2752,24
64282,1,1,False,1,2752,24
64284,1,1,False,2,6,18
64285,1,1,False,2,6,18
64291,1,1,False,0,-1,9
64292,1,1,False,2,1954,1
64293,1,1,False,2,1954,1
64298,1,1,False,0,-1,6
64300,1,1,False,2,288,26
64301,1,1,False,2,288,26
64302,1,1,False,0,-1,14
64306,1,1,False,0,-1,5
64308,1,1,False,2,6,21
64312,1,1,False,0,-1,12
64313,1,1,False,2,2753,24
64314,1,1,False,2,2753,24
64315,1,1,False,2,2753,24
64316,1,1,False,0,-1,23
64321,1,1,False,0,-1,9
64323,1,1,False,0,-1,5
64325,1,1,False,0,-1,12
64327,1,1,False,1,195,21
64329,1,1,False,1,2754,14
64330,1,1,False,1,2754,14
64334,1,1,False,1,1,5
64335,1,1,False,0,-1,14
64337,1,1,False,1,114,5
64339,1,1,False,0,-1,14
64342,1,1,False,2,2755,28
64343,1,1,False,2,2755,28
64347,1,1,False,3,93,5
64353,1,1,False,1,73,5
64354,1,1,False,0,-1,11
64355,1,1,False,2,6,27
64362,1,1,False,2,2756,8
64364,1,1,False,2,2756,8
64367,1,1,False,0,-1,5
64368,1,1,False,0,-1,12
64373,1,1,False,0,-1,9
64377,1,1,False,0,-1,6
64380,1,1,False,3,44,9
64381,1,1,False,3,44,9
64382,1,1,False,3,44,9
64385,1,1,False,1,10,13
64387,1,1,False,2,53,12
64393,1,1,False,3,30,5
64394,1,1,False,3,30,5
64400,1,1,False,2,18,24
64402,1,1,False,2,18,24
64404,1,1,False,3,2757,24
64405,1,1,False,3,2757,24
64406,1,1,False,3,2757,24
64407,1,1,False,0,-1,24
64412,1,1,False,2,37,5
64415,1,1,False,2,294,15
64420,1,1,False,3,3,9
64421,1,1,False,3,3,9
64422,1,1,False,1,2758,21
64423,1,1,False,1,2758,21
64426,1,1,False,0,-1,5
64430,1,1,False,2,179,14
64432,1,1,False,1,2759,24
64433,1,1,False,2,2760,20
64434,1,1,False,2,2760,20
64435,1,1,False,2,2760,20
64437,1,1,False,1,93,12
64442,1,1,False,1,10,4
64443,1,1,False,0,-1,12
64445,1,1,False,0,-1,9
64449,1,1,False,1,93,8
64450,1,1,False,0,-1,12
64451,1,1,False,0,-1,17
64458,1,1,False,1,2761,14
64459,1,1,False,1,2761,14
64460,1,1,False,0,-1,18
64462,1,1,False,2,25,14
64464,1,1,False,2,31,4
64465,1,1,False,2,31,4
64471,1,1,False,1,114,9
64473,1,1,False,0,-1,9
64474,1,1,False,0,-1,26
64481,1,1,False,2,179,25
64482,1,1,False,0,-1,8
64483,1,1,False,0,-1,13
64485,1,1,False,1,0,5
64487,1,1,False,0,-1,5
64490,1,1,False,2,114,11
64491,1,1,False,1,1127,4
64496,1,1,False,0,-1,11
64497,1,1,False,1,2,13
64499,1,1,False,0,-1,15
64500,1,1,False,0,-1,26
64501,1,1,False,2,86,12
64507,1,1,False,0,-1,12
64509,1,1,False,1,43,15
64511,1,1,False,2,1698,27
64514,1,1,False,0,-1,13
64518,1,1,False,3,179,12
64519,1,1,False,3,179,12
64520,1,1,False,3,179,12
64526,1,1,False,0,-1,8
64531,1,1,False,3,43,15
64534,1,1,False,2,6,5
64536,1,1,False,2,6,5
64537,1,1,False,2,44,4
64538,1,1,False,2,44,4
64540,1,1,False,0,-1,28
64544,1,1,False,2,28,13
64546,1,1,False,1,2762,4
64547,1,1,False,1,2762,4
64550,1,1,False,2,31,12
64552,1,1,False,0,-1,20
64554,1,1,False,1,12,12
64558,1,1,False,0,-1,18
64561,1,1,False,2,2,12
64565,1,1,False,1,86,2
64568,1,1,False,1,58,20
64569,1,1,False,1,2763,18
64570,1,1,False,1,2763,18
64571,1,1,False,0,-1,9
64572,1,1,False,0,-1,17
64574,1,1,False,0,-1,20
64577,1,1,False,1,72,12
64579,1,1,False,0,-1,12
64585,1,1,False,1,114,12
64586,1,1,False,1,73,12
64588,1,1,False,0,-1,18
64589,1,1,False,3,6,15
64592,1,1,False,3,6,15
64593,1,1,False,2,0,4
64594,1,1,False,2,0,4
64596,1,1,False,0,-1,18
64600,1,1,False,0,-1,9
64605,1,1,False,2,179,23
64609,1,1,False,1,95,13
64613,1,1,False,0,-1,20
64617,1,1,False,1,2764,5
64618,1,1,False,1,2764,5
64620,1,1,False,0,-1,24
64624,1,1,False,1,2765,17
64628,1,1,False,1,58,5
64629,1,1,False,3,2766,5
64630,1,1,False,3,2766,5
64631,1,1,False,3,2766,5
64632,1,1,False,3,2766,5
64636,1,1,False,2,59,20
64637,1,1,False,0,-1,17
64643,1,1,False,1,95,18
64644,1,1,False,0,-1,25
64645,1,1,False,0,-1,18
64651,1,1,False,2,19,18
64652,1,1,False,2,19,18
64654,1,1,False,0,-1,10
64655,1,1,False,1,2767,12
64657,1,1,False,0,-1,4
64658,1,1,False,1,2768,13
64659,1,1,False,1,2768,13
64667,1,1,False,0,-1,23
64668,1,1,False,0,-1,12
64670,1,1,False,1,1549,18
64671,1,1,False,0,-1,12
64676,1,1,False,3,73,14
64682,1,1,False,2,68,5
64683,1,1,False,0,-1,6
64685,1,1,False,0,-1,25
64687,1,1,False,3,142,15
64689,1,1,False,3,142,15
64695,1,1,False,1,59,6
64697,1,1,False,0,-1,18
64699,1,1,False,0,-1,17
64702,1,1,False,3,142,8
64703,1,1,False,3,142,8
64710,1,1,False,1,164,12
64711,1,1,False,1,2769,23
64712,1,1,False,1,2769,23
64714,1,1,False,3,44,10
64716,1,1,False,3,44,10
64718,1,1,False,0,-1,7
64720,1,1,False,0,-1,20
64724,1,1,False,0,-1,18
64729,1,1,False,0,-1,18
64733,1,1,False,3,68,8
64736,1,1,False,0,-1,18
64737,1,1,False,0,-1,15
64739,1,1,False,0,-1,22
64740,1,1,False,0,-1,3
64743,1,1,False,2,2,5
64744,1,1,False,2,2,5
64745,1,1,False,0,-1,5
64749,1,1,False,1,2770,12
64750,1,1,False,2,7,14
64751,1,1,False,2,7,14
64754,1,1,False,1,62,18
64756,1,1,False,1,58,13
64757,1,1,False,1,58,26
64765,1,1,False,1,28,12
64767,1,1,False,0,-1,7
64772,1,1,False,0,-1,13
64774,1,1,False,1,164,13
64775,1,1,False,0,-1,15
64776,1,1,False,0,-1,7
64780,1,1,False,0,-1,12
64784,1,1,False,2,93,4
64786,1,1,False,0,-1,25
64789,1,1,False,1,58,4
64791,1,1,False,0,-1,12
64793,1,1,False,1,62,12
64794,1,1,False,0,-1,8
64795,1,1,False,1,294,9
64797,1,1,False,2,2771,21
64798,1,1,False,2,2771,21
64799,1,1,False,2,2771,21
64800,1,1,False,0,-1,13
64801,1,1,False,1,2772,25
64802,1,1,False,1,2772,25
64805,1,1,False,3,114,13
64806,1,1,False,3,114,13
64808,1,1,False,3,2773,14
64810,1,1,False,3,2773,14
64811,1,1,False,3,2773,14
64812,1,1,False,0,-1,8
64814,1,1,False,0,-1,5
64815,1,1,False,1,2774,28
64816,1,1,False,1,2774,28
64824,1,1,False,0,-1,20
64827,1,1,False,0,-1,20
64829,1,1,False,1,6,18
64831,1,1,False,1,59,12
64834,1,1,False,3,114,20
64835,1,1,False,3,114,20
64837,1,1,False,3,114,20
64838,1,1,False,0,-1,18
64839,1,1,False,0,-1,5
64842,1,1,False,2,2,9
64843,1,1,False,3,105,22
64844,1,1,False,3,105,22
64845,1,1,False,3,105,22
64849,1,1,False,0,-1,9
64851,1,1,False,2,93,26
64852,1,1,False,2,93,26
64853,1,1,False,0,-1,20
64855,1,1,False,0,-1,4
64857,1,1,False,0,-1,16
64858,1,1,False,0,-1,18
64859,1,1,False,0,-1,2
64860,1,1,False,0,-1,21
64863,1,1,False,3,86,18
64866,1,1,False,2,2775,10
64867,1,1,False,2,2775,10
64868,1,1,False,2,2775,10
64869,1,1,False,0,-1,12
64870,1,1,False,0,-1,12
64877,1,1,False,2,2,14
64878,1,1,False,2,2,14
64880,1,1,False,2,45,7
64881,1,1,False,2,45,7
64883,1,1,False,1,70,20
64894,1,1,False,2,2776,14
64895,1,1,False,2,2776,14
64896,1,1,False,2,2776,14
64898,1,1,False,3,22,22
64899,1,1,False,3,22,22
64901,1,1,False,1,93,12
64904,1,1,False,0,-1,2
64905,1,1,False,0,-1,22
64909,1,1,False,3,70,22
64910,1,1,False,3,70,22
64911,1,1,False,3,70,22
64917,1,1,False,1,2777,23
64918,1,1,False,1,2777,23
64919,1,1,False,0,-1,7
64921,1,1,False,0,-1,12
64922,1,1,False,1,179,28
64925,1,1,False,2,114,8
64927,1,1,False,1,7,17
64929,1,1,False,3,93,13
64931,1,1,False,3,93,13
64932,1,1,False,3,93,13
64934,1,1,False,2,179,17
64938,1,1,False,3,179,12
64940,1,1,False,3,179,12
64941,1,1,False,0,-1,15
64943,1,1,False,1,2778,11
64944,1,1,False,1,2778,11
64948,1,1,False,0,-1,4
64949,1,1,False,0,-1,12
64950,1,1,False,1,68,4
64952,1,1,False,0,-1,12
64954,1,1,False,0,-1,5
64956,1,1,False,1,73,26
64957,1,1,False,0,-1,12
64958,1,1,False,0,-1,6
64961,1,1,False,2,86,11
64963,1,1,False,2,2779,24
64964,1,1,False,2,2779,24
64965,1,1,False,2,2779,24
64969,1,1,False,1,35,27
64971,1,1,False,0,-1,4
64974,1,1,False,0,-1,18
64979,1,1,False,3,6,12
64983,1,1,False,1,80,14
64985,1,1,False,0,-1,2
64988,1,1,False,3,95,4
64989,1,1,False,3,95,4
64992,1,1,False,2,93,20
64994,1,1,False,0,-1,20
64997,1,1,False,2,2780,4
64998,1,1,False,2,2780,4
64999,1,1,False,2,2780,4
65000,1,1,False,0,-1,24
65001,1,1,False,2,10,5
65004,1,1,False,2,114,13
65005,1,1,False,2,114,13
65011,1,1,False,2,164,5
65015,1,1,False,0,-1,12
65017,1,1,False,1,73,12
65026,1,1,False,2,40,13
65028,1,1,False,0,-1,20
65033,1,1,False,0,-1,18
65034,1,1,False,2,37,18
65035,1,1,False,2,37,18
65038,1,1,False,1,2781,12
65039,1,1,False,1,2781,12
65041,1,1,False,1,114,12
65044,1,1,False,1,255,5
65046,1,1,False,1,2782,13
65047,1,1,False,1,2782,13
65051,1,1,False,2,93,14
65053,1,1,False,2,93,14
65055,1,1,False,2,44,22
65056,1,1,False,2,44,22
65060,1,1,False,1,166,5
65066,1,1,False,0,-1,5
65067,1,1,False,0,-1,5
65070,1,1,False,0,-1,12
65076,1,1,False,1,95,4
65077,1,1,False,2,2783,18
65078,1,1,False,2,2783,18
65079,1,1,False,2,2783,18
65080,1,1,False,0,-1,11
65082,1,1,False,3,139,18
65084,1,1,False,3,139,18
65089,1,1,False,3,114,25
65090,1,1,False,3,114,25
65091,1,1,False,1,2784,15
65092,1,1,False,1,2784,15
65093,1,1,False,0,-1,5
65095,1,1,False,0,-1,13
65097,1,1,False,0,-1,27
65099,1,1,False,3,179,15
65103,1,1,False,1,95,18
65104,1,1,False,1,2785,8
65105,1,1,False,1,2785,8
65106,1,1,False,0,-1,7
65110,1,1,False,2,2786,20
65111,1,1,False,2,2786,20
65112,1,1,False,2,2786,20
65113,1,1,False,3,139,8
65114,1,1,False,3,139,8
65117,1,1,False,3,14,8
65119,1,1,False,3,14,8
65124,1,1,False,2,139,2
65125,1,1,False,1,2787,5
65126,1,1,False,1,2787,5
65130,1,1,False,1,2788,18
65131,1,1,False,1,2788,18
65132,1,1,False,1,73,13
65136,1,1,False,2,179,20
65138,1,1,False,2,179,20
65140,1,1,False,0,-1,13
65143,1,1,False,0,-1,9
65147,1,1,False,0,-1,12
65151,1,1,False,0,-1,20
65154,1,1,False,0,-1,5
65155,1,1,False,2,18,24
65161,1,1,False,0,-1,5
65162,1,1,False,1,2789,24
65163,1,1,False,1,2789,24
65164,1,1,False,0,-1,12
65166,1,1,False,1,2790,5
65169,1,1,False,2,139,12
65171,1,1,False,2,139,12
65174,1,1,False,2,43,5
65177,1,1,False,1,2791,28
65179,1,1,False,2,2792,4
65180,1,1,False,2,2792,4
65181,1,1,False,2,2792,4
65188,1,1,False,2,52,18
65193,1,1,False,1,95,12
65200,1,1,False,3,166,14
65201,1,1,False,3,166,14
65202,1,1,False,3,166,14
65215,1,1,False,0,-1,21
65218,1,1,False,1,2793,12
65219,1,1,False,1,2793,12
65221,1,1,False,2,2794,5
65222,1,1,False,2,2794,5
65225,1,1,False,2,26,12
65226,1,1,False,2,26,12
65229,1,1,False,1,2795,22
65230,1,1,False,1,2795,22
65237,1,1,False,3,68,17
65243,1,1,False,0,-1,9
65244,1,1,False,0,-1,20
65245,1,1,False,0,-1,23
65246,1,1,False,0,-1,18
65248,1,1,False,0,-1,13
65249,1,1,False,0,-1,5
65252,1,1,False,2,6,9
65254,1,1,False,0,-1,5
65257,1,1,False,0,-1,8
65259,1,1,False,2,2796,5
65260,1,1,False,2,2796,5
65261,1,1,False,2,2796,5
65263,1,1,False,0,-1,7
65265,1,1,False,3,93,9
65267,1,1,False,3,93,9
65268,1,1,False,3,93,9
65269,1,1,False,1,2797,5
65270,1,1,False,1,2797,5
65274,1,1,False,1,28,12
65276,1,1,False,0,-1,5
65280,1,1,False,2,52,14
65281,1,1,False,0,-1,20
65293,1,1,False,0,-1,8
65294,1,1,False,0,-1,6
65296,1,1,False,1,70,13
65305,1,1,False,0,-1,3
65307,1,1,False,1,2798,12
65308,1,1,False,1,2798,12
65309,1,1,False,0,-1,11
65310,1,1,False,0,-1,12
65314,1,1,False,2,6,15
65316,1,1,False,1,56,5
65318,1,1,False,2,114,7
65320,1,1,False,3,2799,18
65321,1,1,False,3,2799,18
65322,1,1,False,3,2799,18
65323,1,1,False,3,2799,18
65324,1,1,False,2,2800,4
65325,1,1,False,2,2800,4
65326,1,1,False,2,2800,4
65327,1,1,False,0,-1,15
65329,1,1,False,0,-1,13
65336,1,1,False,1,2801,4
65337,1,1,False,1,2801,4
65338,1,1,False,3,28,16
65340,1,1,False,3,28,16
65341,1,1,False,3,28,16
65343,1,1,False,0,-1,12
65345,1,1,False,0,-1,12
65348,1,1,False,0,-1,11
65349,1,1,False,1,2802,12
65350,1,1,False,1,2802,12
65352,1,1,False,2,139,18
65354,1,1,False,1,73,4
65356,1,1,False,2,73,5
65359,1,1,False,1,2803,11
65360,1,1,False,1,2803,11
65362,1,1,False,3,93,5
65364,1,1,False,3,93,5
65366,1,1,False,1,2804,20
65367,1,1,False,1,2804,20
65369,1,1,False,2,37,20
65371,1,1,False,0,-1,12
65379,1,1,False,1,114,14
65380,1,1,False,1,6,1
65385,1,1,False,1,2805,12
65387,1,1,False,0,-1,21
65395,1,1,False,0,-1,13
65396,1,1,False,2,2806,12
65397,1,1,False,2,2806,12
65398,1,1,False,2,2806,12
65399,1,1,False,0,-1,8
65400,1,1,False,0,-1,18
65404,1,1,False,1,114,17
65409,1,1,False,1,2807,9
65410,1,1,False,1,2807,9
65412,1,1,False,1,95,4
65415,1,1,False,3,16,6
65418,1,1,False,1,2808,12
65419,1,1,False,1,2808,12
65421,1,1,False,1,37,15
65425,1,1,False,1,73,17
65427,1,1,False,2,114,27
65430,1,1,False,0,-1,13
65433,1,1,False,0,-1,5
65434,1,1,False,0,-1,26
65435,1,1,False,0,-1,12
65437,1,1,False,0,-1,24
65438,1,1,False,0,-1,18
65440,1,1,False,3,2,20
65443,1,1,False,3,2,20
65444,1,1,False,0,-1,27
65446,1,1,False,2,62,12
65447,1,1,False,2,62,12
65451,1,1,False,1,28,12
65455,1,1,False,2,114,18
65461,1,1,False,1,16,18
65462,1,1,False,1,2809,5
65463,1,1,False,1,2809,5
65466,1,1,False,0,-1,2
65468,1,1,False,1,2810,12
65469,1,1,False,1,2810,12
65470,1,1,False,0,-1,6
65474,1,1,False,2,73,5
65475,1,1,False,0,-1,19
65476,1,1,False,2,164,12
65480,1,1,False,1,12,5
65482,1,1,False,1,6,9
65485,1,1,False,3,164,23
65488,1,1,False,1,2811,20
65489,1,1,False,1,2811,20
65490,1,1,False,1,2812,12
65491,1,1,False,1,2812,12
65497,1,1,False,2,16,20
65498,1,1,False,2,16,20
65500,1,1,False,1,2813,12
65502,1,1,False,0,-1,12
65504,1,1,False,2,16,10
65505,1,1,False,2,16,10
65506,1,1,False,1,72,9
65509,1,1,False,1,6,14
65510,1,1,False,0,-1,13
65513,1,1,False,1,37,12
65514,1,1,False,2,2814,14
65515,1,1,False,2,2814,14
65516,1,1,False,2,2814,14
65517,1,1,False,1,2815,26
65518,1,1,False,1,2815,26
65519,1,1,False,1,95,13
65521,1,1,False,0,-1,15
65522,1,1,False,2,2816,5
65523,1,1,False,2,2816,5
65524,1,1,False,2,2816,5
65525,1,1,False,0,-1,20
65531,1,1,False,2,93,14
65534,1,1,False,0,-1,13
65535,1,1,False,1,2817,20
65536,1,1,False,1,2817,20
65538,1,1,False,1,2818,24
65539,1,1,False,1,2818,24
65540,1,1,False,0,-1,18
65544,1,1,False,1,2819,8
65545,1,1,False,1,2819,8
65548,1,1,False,2,6,8
65550,1,1,False,0,-1,20
65552,1,1,False,2,45,14
65554,1,1,False,1,70,25
65557,1,1,False,0,-1,18
65558,1,1,False,0,-1,5
65566,1,1,False,1,62,25
65570,1,1,False,2,179,4
65571,1,1,False,0,-1,10
65576,1,1,False,1,2820,17
65577,1,1,False,1,2820,17
65578,1,1,False,0,-1,26
65579,1,1,False,0,-1,5
65581,1,1,False,1,0,5
65589,1,1,False,1,2821,12
65593,1,1,False,0,-1,18
65596,1,1,False,3,10,14
65600,1,1,False,1,6,27
65601,1,1,False,1,22,5
65604,1,1,False,1,2822,13
65605,1,1,False,1,2822,13
65606,1,1,False,0,-1,12
65608,1,1,False,0,-1,13
65609,1,1,False,1,3,26
65611,1,1,False,0,-1,2
65612,1,1,False,1,0,18
65614,1,1,False,0,-1,14
65616,1,1,False,1,86,21
65618,1,1,False,0,-1,21
65621,1,1,False,0,-1,13
65622,1,1,False,0,-1,13
65623,1,1,False,0,-1,21
65624,1,1,False,0,-1,12
65625,1,1,False,2,0,9
65628,1,1,False,2,68,12
65630,1,1,False,2,68,12
65638,1,1,False,0,-1,5
65640,1,1,False,1,1910,18
65642,1,1,False,0,-1,1
65643,1,1,False,0,-1,20
65644,1,1,False,2,2823,12
65645,1,1,False,2,2823,12
65646,1,1,False,2,2823,12
65647,1,1,False,0,-1,17
65650,1,1,False,0,-1,14
65653,1,1,False,0,-1,4
65655,1,1,False,2,62,14
65658,1,1,False,3,6,12
65659,1,1,False,3,6,12
65660,1,1,False,3,6,12
65661,1,1,False,0,-1,5
65662,1,1,False,0,-1,22
65663,1,1,False,1,2824,9
65664,1,1,False,1,2824,9
65666,1,1,False,0,-1,20
65671,1,1,False,1,10,14
65673,1,1,False,0,-1,26
65674,1,1,False,0,-1,13
65676,1,1,False,1,95,8
65677,1,1,False,0,-1,24
65678,1,1,False,0,-1,12
65679,1,1,False,1,2825,5
65680,1,1,False,1,2825,5
65682,1,1,False,3,70,25
65685,1,1,False,3,70,25
65686,1,1,False,0,-1,12
65688,1,1,False,1,126,14
65689,1,1,False,0,-1,9
65690,1,1,False,1,2826,12
65691,1,1,False,1,2826,12
65695,1,1,False,1,26,20
65698,1,1,False,0,-1,4
65699,1,1,False,0,-1,14
65700,1,1,False,0,-1,13
65702,1,1,False,0,-1,15
65703,1,1,False,1,2827,13
65704,1,1,False,1,2827,13
65705,1,1,False,0,-1,12
65706,1,1,False,0,-1,4
65711,1,1,False,1,294,20
65712,1,1,False,3,54,22
65716,1,1,False,2,2828,5
65717,1,1,False,2,2828,5
65718,1,1,False,2,2828,5
65722,1,1,False,1,54,9
65729,1,1,False,1,43,20
65730,1,1,False,1,2829,14
65731,1,1,False,1,2829,14
65735,1,1,False,0,-1,24
65737,1,1,False,2,2830,12
65738,1,1,False,2,2830,12
65739,1,1,False,2,2830,12
65741,1,1,False,0,-1,12
65743,1,1,False,1,12,18
65744,1,1,False,0,-1,12
65747,1,1,False,0,-1,5
65748,1,1,False,0,-1,5
65751,1,1,False,1,294,5
65752,1,1,False,1,2831,11
65753,1,1,False,1,2831,11
65755,1,1,False,3,97,5
65756,1,1,False,3,97,5
65761,1,1,False,2,22,12
65763,1,1,False,0,-1,15
65764,1,1,False,1,3,2
65767,1,1,False,0,-1,5
65774,1,1,False,3,53,13
65781,1,1,False,0,-1,13
65782,1,1,False,1,95,10
65786,1,1,False,2,2832,15
65787,1,1,False,2,2832,15
65788,1,1,False,2,2832,15
65790,1,1,False,1,31,12
65791,1,1,False,0,-1,5
65792,1,1,False,0,-1,12
65793,1,1,False,1,27,21
65797,1,1,False,0,-1,17
65798,1,1,False,3,95,6
65801,1,1,False,3,95,6
65802,1,1,False,1,2833,12
65803,1,1,False,1,2833,12
65804,1,1,False,0,-1,5
65805,1,1,False,0,-1,13
65806,1,1,False,3,95,13
65808,1,1,False,3,95,13
65809,1,1,False,3,95,13
65811,1,1,False,1,53,13
65812,1,1,False,0,-1,14
65813,1,1,False,0,-1,15
65814,1,1,False,0,-1,15
65816,1,1,False,0,-1,13
65817,1,1,False,0,-1,20
65821,1,1,False,2,114,12
65822,1,1,False,0,-1,4
65823,1,1,False,0,-1,20
65824,1,1,False,2,2834,20
65825,1,1,False,2,2834,20
65826,1,1,False,2,2834,20
65828,1,1,False,1,2835,20
65829,1,1,False,1,2835,20
65831,1,1,False,0,-1,4
65833,1,1,False,2,126,4
65836,1,1,False,0,-1,2
65839,1,1,False,0,-1,13
65840,1,1,False,1,2836,8
65841,1,1,False,1,2836,8
65843,1,1,False,1,3,5
65844,1,1,False,0,-1,5
65846,1,1,False,0,-1,20
65851,1,1,False,0,-1,8
65853,1,1,False,2,74,25
65854,1,1,False,2,74,25
65856,1,1,False,2,95,1
65858,1,1,False,2,95,1
65859,1,1,False,1,2837,20
65860,1,1,False,1,2837,20
65861,1,1,False,1,2838,4
65862,1,1,False,1,2838,4
65868,1,1,False,1,2839,4
65869,1,1,False,1,2839,4
65874,1,1,False,1,2,27
65876,1,1,False,1,114,14
65878,1,1,False,3,0,12
65883,1,1,False,2,10,11
65888,1,1,False,3,137,15
65889,1,1,False,3,137,15
65890,1,1,False,0,-1,13
65891,1,1,False,0,-1,7
65896,1,1,False,2,93,22
65902,1,1,False,0,-1,19
65903,1,1,False,0,-1,11
65904,1,1,False,0,-1,12
65905,1,1,False,1,2840,8
65906,1,1,False,1,2840,8
65907,1,1,False,0,-1,23
65910,1,1,False,0,-1,14
65913,1,1,False,2,52,12
65914,1,1,False,2,52,12
65918,1,1,False,1,2841,10
65919,1,1,False,1,2841,10
65921,1,1,False,0,-1,14
65923,1,1,False,1,2842,16
65924,1,1,False,1,2842,16
65925,1,1,False,1,2843,18
65929,1,1,False,0,-1,16
65930,1,1,False,2,35,11
65933,1,1,False,0,-1,9
65938,1,1,False,2,80,4
65941,1,1,False,1,59,22
65944,1,1,False,0,-1,25
65946,1,1,False,1,2246,22
65950,1,1,False,0,-1,5
65953,1,1,False,0,-1,15
65954,1,1,False,0,-1,8
65956,1,1,False,1,56,5
65960,1,1,False,0,-1,22
65962,1,1,False,1,12,26
65963,1,1,False,0,-1,4
65966,1,1,False,1,12,14
65967,1,1,False,1,80,27
65970,1,1,False,1,2844,13
65971,1,1,False,1,2844,13
65976,1,1,False,0,-1,9
65977,1,1,False,1,64,23
65979,1,1,False,2,12,14
65980,1,1,False,2,12,14
65982,1,1,False,0,-1,14
65984,1,1,False,1,114,8
65985,1,1,False,0,-1,20
65987,1,1,False,1,3,14
65989,1,1,False,2,12,13
65995,1,1,False,2,2845,13
65997,1,1,False,2,2845,13
65998,1,1,False,0,-1,15
66000,1,1,False,2,2846,14
66001,1,1,False,2,2846,14
66002,1,1,False,2,2846,14
66003,1,1,False,0,-1,5
66004,1,1,False,2,43,12
66005,1,1,False,2,43,12
66007,1,1,False,0,-1,22
66008,1,1,False,0,-1,5
66009,1,1,False,0,-1,9
66010,1,1,False,3,294,14
66011,1,1,False,3,294,14
66012,1,1,False,3,294,14
66014,1,1,False,0,-1,12
66022,1,1,False,2,164,12
66026,1,1,False,2,86,5
66027,1,1,False,0,-1,3
66030,1,1,False,3,0,18
66034,1,1,False,0,-1,18
66035,1,1,False,3,97,5
66036,1,1,False,3,97,5
66038,1,1,False,3,97,5
66040,1,1,False,0,-1,12
66046,1,1,False,3,166,9
66051,1,1,False,1,6,14
66058,1,1,False,0,-1,20
66060,1,1,False,1,10,18
66062,1,1,False,3,2847,18
66063,1,1,False,3,2847,18
66064,1,1,False,3,2847,18
66065,1,1,False,3,2847,18
66067,1,1,False,3,12,18
66068,1,1,False,3,12,18
66069,1,1,False,3,12,18
66071,1,1,False,2,54,7
66072,1,1,False,2,54,7
66078,1,1,False,1,95,24
66079,1,1,False,0,-1,15
66080,1,1,False,0,-1,15
66081,1,1,False,0,-1,1
66082,1,1,False,0,-1,3
66086,1,1,False,1,2848,12
66087,1,1,False,1,2848,12
66091,1,1,False,0,-1,15
66096,1,1,False,0,-1,20
66098,1,1,False,0,-1,4
66099,1,1,False,2,27,18
66102,1,1,False,0,-1,12
66109,1,1,False,0,-1,4
66111,1,1,False,0,-1,11
66114,1,1,False,0,-1,24
66120,1,1,False,1,2849,17
66121,1,1,False,1,2849,17
66124,1,1,False,0,-1,15
66125,1,1,False,0,-1,14
66129,1,1,False,3,51,20
66133,1,1,False,0,-1,12
66134,1,1,False,0,-1,17
66136,1,1,False,0,-1,18
66139,1,1,False,1,12,12
66142,1,1,False,0,-1,13
66143,1,1,False,2,53,4
66145,1,1,False,2,53,4
66153,1,1,False,1,12,4
66154,1,1,False,1,142,4
66158,1,1,False,1,2850,12
66161,1,1,False,1,6,13
66166,1,1,False,0,-1,14
66167,1,1,False,0,-1,24
66168,1,1,False,1,2851,6
66169,1,1,False,1,2851,6
66170,1,1,False,0,-1,18
66171,1,1,False,0,-1,7
66175,1,1,False,3,12,5
66180,1,1,False,3,114,13
66181,1,1,False,3,114,13
66183,1,1,False,1,2852,5
66184,1,1,False,1,2852,5
66185,1,1,False,1,2853,9
66186,1,1,False,1,2853,9
66189,1,1,False,2,63,12
66191,1,1,False,2,63,12
66192,1,1,False,0,-1,5
66197,1,1,False,0,-1,11
66200,1,1,False,0,-1,19
66203,1,1,False,0,-1,15
66207,1,1,False,0,-1,15
66208,1,1,False,1,2854,20
66213,1,1,False,2,22,9
66215,1,1,False,2,10,19
66216,1,1,False,2,10,19
66217,1,1,False,0,-1,24
66218,1,1,False,2,95,12
66222,1,1,False,1,58,18
66223,1,1,False,2,2855,20
66225,1,1,False,2,2855,20
66228,1,1,False,2,31,15
66229,1,1,False,2,31,15
66233,1,1,False,0,-1,13
66237,1,1,False,3,126,13
66238,1,1,False,3,126,13
66240,1,1,False,0,-1,5
66242,1,1,False,3,114,18
66246,1,1,False,0,-1,25
66247,1,1,False,0,-1,17
66248,1,1,False,1,2856,12
66249,1,1,False,1,2856,12
66250,1,1,False,0,-1,17
66255,1,1,False,1,6,28
66260,1,1,False,2,166,15
66263,1,1,False,2,16,12
66264,1,1,False,1,2857,13
66265,1,1,False,1,2857,13
66267,1,1,False,3,114,16
66271,1,1,False,1,10,17
66274,1,1,False,1,2858,13
66275,1,1,False,1,2858,13
66276,1,1,False,0,-1,9
66277,1,1,False,1,2859,5
66278,1,1,False,1,2859,5
66279,1,1,False,0,-1,20
66284,1,1,False,3,164,24
66287,1,1,False,0,-1,27
66290,1,1,False,2,74,11
66292,1,1,False,1,205,5
66295,1,1,False,1,2860,14
66296,1,1,False,0,-1,4
66297,1,1,False,1,2861,14
66298,1,1,False,1,2861,14
66302,1,1,False,1,135,12
66304,1,1,False,1,25,8
66305,1,1,False,1,70,20
66309,1,1,False,3,6,20
66312,1,1,False,3,6,20
66323,1,1,False,2,14,4
66325,1,1,False,2,12,12
66327,1,1,False,0,-1,14
66329,1,1,False,2,114,11
66336,1,1,False,0,-1,18
66337,1,1,False,0,-1,20
66338,1,1,False,0,-1,9
66339,1,1,False,1,2862,9
66340,1,1,False,1,2862,9
66341,1,1,False,1,2,14
66352,1,1,False,0,-1,15
66353,1,1,False,0,-1,24
66356,1,1,False,1,3,3
66362,1,1,False,2,3,5
66370,1,1,False,2,10,20
66373,1,1,False,1,114,28
66375,1,1,False,0,-1,18
66377,1,1,False,2,0,12
66380,1,1,False,0,-1,28
66381,1,1,False,1,70,14
66386,1,1,False,3,35,27
66390,1,1,False,1,12,12
66394,1,1,False,1,10,20
66395,1,1,False,0,-1,5
66397,1,1,False,0,-1,11
66398,1,1,False,0,-1,26
66400,1,1,False,0,-1,11
66401,1,1,False,2,23,4
66402,1,1,False,2,23,4
66404,1,1,False,2,52,18
66406,1,1,False,2,52,18
66413,1,1,False,1,937,12
66414,1,1,False,1,20,11
66418,1,1,False,1,139,11
66420,1,1,False,2,114,4
66421,1,1,False,2,114,4
66422,1,1,False,0,-1,5
66423,1,1,False,1,2863,21
66424,1,1,False,1,2863,21
66425,1,1,False,0,-1,19
66429,1,1,False,1,0,4
66430,1,1,False,0,-1,20
66436,1,1,False,2,164,13
66438,1,1,False,2,164,13
66441,1,1,False,2,74,12
66444,1,1,False,0,-1,14
66445,1,1,False,2,45,12
66447,1,1,False,2,45,12
66448,1,1,False,0,-1,18
66449,1,1,False,0,-1,12
66456,1,1,False,1,294,8
66457,1,1,False,1,2864,20
66458,1,1,False,1,2864,20
66460,1,1,False,1,43,4
66461,1,1,False,2,14,24
66466,1,1,False,3,294,12
66468,1,1,False,3,12,14
66469,1,1,False,3,12,14
66473,1,1,False,0,-1,5
66474,1,1,False,0,-1,9
66477,1,1,False,1,2865,18
66478,1,1,False,1,2865,18
66483,1,1,False,0,-1,15
66485,1,1,False,0,-1,5
66489,1,1,False,3,10,13
66491,1,1,False,1,6,14
66493,1,1,False,3,97,8
66494,1,1,False,3,97,8
66495,1,1,False,3,97,8
66498,1,1,False,1,25,12
66502,1,1,False,2,598,14
66503,1,1,False,0,-1,18
66506,1,1,False,1,74,15
66509,1,1,False,0,-1,15
66510,1,1,False,1,2866,8
66511,1,1,False,1,2866,8
66512,1,1,False,0,-1,15
66513,1,1,False,0,-1,17
66520,1,1,False,1,95,14
66522,1,1,False,1,2867,14
66523,1,1,False,1,2867,14
66527,1,1,False,0,-1,26
66530,1,1,False,2,12,5
66531,1,1,False,0,-1,6
66534,1,1,False,1,2868,18
66535,1,1,False,1,2868,18
66541,1,1,False,2,74,12
66550,1,1,False,3,12,5
66552,1,1,False,3,97,12
66553,1,1,False,3,97,12
66554,1,1,False,3,97,12
66555,1,1,False,0,-1,9
66556,1,1,False,3,1168,5
66557,1,1,False,3,1168,5
66558,1,1,False,3,1168,5
66560,1,1,False,0,-1,14
66562,1,1,False,2,693,14
66563,1,1,False,2,693,14
66567,1,1,False,2,70,18
66568,1,1,False,0,-1,5
66570,1,1,False,0,-1,7
66571,1,1,False,0,-1,24
66573,1,1,False,1,345,8
66574,1,1,False,0,-1,18
66575,1,1,False,0,-1,25
66577,1,1,False,1,2044,2
66578,1,1,False,0,-1,6
66582,1,1,False,0,-1,20
66588,1,1,False,1,114,20
66592,1,1,False,1,2869,12
66593,1,1,False,1,2870,8
66594,1,1,False,1,2870,8
66595,1,1,False,0,-1,24
66597,1,1,False,3,12,14
66601,1,1,False,1,10,14
66603,1,1,False,1,598,24
66610,1,1,False,1,135,2
66613,1,1,False,0,-1,5
66622,1,1,False,0,-1,13
66623,1,1,False,1,111,13
66625,1,1,False,2,10,22
66627,1,1,False,2,10,22
66628,1,1,False,3,1,15
66629,1,1,False,3,1,15
66630,1,1,False,3,1,15
66635,1,1,False,0,-1,2
66641,1,1,False,1,14,5
66645,1,1,False,2,14,5
66646,1,1,False,2,14,5
66651,1,1,False,0,-1,17
66653,1,1,False,0,-1,22
66654,1,1,False,0,-1,6
66657,1,1,False,2,44,9
66659,1,1,False,0,-1,6
66661,1,1,False,2,12,15
66662,1,1,False,2,12,15
66663,1,1,False,0,-1,24
66667,1,1,False,3,12,9
66669,1,1,False,0,-1,13
66673,1,1,False,1,2869,11
66675,1,1,False,0,-1,25
66677,1,1,False,1,93,5
66679,1,1,False,0,-1,14
66680,1,1,False,2,2871,9
66682,1,1,False,2,2871,9
66685,1,1,False,1,2872,8
66686,1,1,False,1,2872,8
66687,1,1,False,1,2873,25
66690,1,1,False,3,139,19
66691,1,1,False,3,139,19
66695,1,1,False,1,20,12
66699,1,1,False,1,14,18
66700,1,1,False,0,-1,14
66702,1,1,False,1,44,10
66703,1,1,False,0,-1,20
66704,1,1,False,1,80,2
66706,1,1,False,0,-1,28
66707,1,1,False,0,-1,13
66709,1,1,False,1,2874,12
66711,1,1,False,0,-1,14
66715,1,1,False,0,-1,5
66718,1,1,False,2,30,12
66722,1,1,False,3,294,13
66726,1,1,False,2,86,20
66728,1,1,False,2,86,20
66731,1,1,False,0,-1,23
66735,1,1,False,3,2875,8
66736,1,1,False,3,2875,8
66737,1,1,False,3,2875,8
66738,1,1,False,3,2875,8
66739,1,1,False,0,-1,9
66743,1,1,False,1,2876,15
66744,1,1,False,1,2876,15
66748,1,1,False,1,139,24
66749,1,1,False,2,25,18
66751,1,1,False,2,25,18
66752,1,1,False,2,62,20
66755,1,1,False,0,-1,14
66756,1,1,False,0,-1,20
66757,1,1,False,0,-1,28
66766,1,1,False,1,114,11
66767,1,1,False,2,86,18
66768,1,1,False,2,86,18
66771,1,1,False,2,97,6
66773,1,1,False,2,97,6
66774,1,1,False,3,64,20
66775,1,1,False,3,64,20
66777,1,1,False,3,64,20
66778,1,1,False,1,2877,26
66779,1,1,False,1,2877,26
66782,1,1,False,0,-1,17
66783,1,1,False,1,2878,4
66784,1,1,False,1,2878,4
66787,1,1,False,2,179,6
66790,1,1,False,3,27,20
66792,1,1,False,1,126,9
66795,1,1,False,3,48,13
66796,1,1,False,3,48,13
66800,1,1,False,2,59,18
66801,1,1,False,0,-1,8
66803,1,1,False,0,-1,6
66806,1,1,False,1,2879,12
66807,1,1,False,1,2879,12
66809,1,1,False,1,3,6
66810,1,1,False,3,43,17
66814,1,1,False,0,-1,12
66816,1,1,False,1,161,12
66818,1,1,False,1,62,8
66819,1,1,False,2,2880,12
66820,1,1,False,2,2880,12
66821,1,1,False,2,2880,12
66825,1,1,False,0,-1,12
66831,1,1,False,1,135,9
66833,1,1,False,0,-1,23
66834,1,1,False,1,2881,12
66835,1,1,False,1,2881,12
66836,1,1,False,0,-1,25
66839,1,1,False,2,28,12
66840,1,1,False,2,28,12
66842,1,1,False,0,-1,24
66844,1,1,False,0,-1,11
66847,1,1,False,0,-1,4
66849,1,1,False,2,106,20
66851,1,1,False,0,-1,14
66855,1,1,False,3,62,12
66858,1,1,False,3,10,9
66859,1,1,False,3,10,9
66865,1,1,False,2,62,27
66869,1,1,False,2,6,11
66870,1,1,False,2,2882,23
66871,1,1,False,2,2882,23
66872,1,1,False,2,2882,23
66874,1,1,False,0,-1,19
66875,1,1,False,2,2883,18
66876,1,1,False,2,2883,18
66877,1,1,False,2,2883,18
66879,1,1,False,1,31,13
66883,1,1,False,1,20,5
66886,1,1,False,2,52,5
66889,1,1,False,1,10,24
66891,1,1,False,0,-1,9
66893,1,1,False,1,22,15
66894,1,1,False,0,-1,12
66897,1,1,False,0,-1,20
66898,1,1,False,0,-1,5
66903,1,1,False,2,74,12
66905,1,1,False,2,74,12
66906,1,1,False,1,2884,18
66907,1,1,False,1,2884,18
66908,1,1,False,0,-1,22
66909,1,1,False,3,10,5
66913,1,1,False,1,25,22
66916,1,1,False,0,-1,12
66918,1,1,False,2,10,13
66920,1,1,False,0,-1,27
66923,1,1,False,1,53,15
66930,1,1,False,0,-1,9
66933,1,1,False,3,22,5
66934,1,1,False,3,22,5
66935,1,1,False,0,-1,25
66936,1,1,False,0,-1,7
66937,1,1,False,0,-1,11
66944,1,1,False,1,114,9
66945,1,1,False,2,22,24
66946,1,1,False,2,22,24
66949,1,1,False,2,179,7
66951,1,1,False,2,3,9
66952,1,1,False,2,3,9
66961,1,1,False,1,2885,14
66964,1,1,False,1,44,15
66968,1,1,False,1,2886,24
66969,1,1,False,1,2886,24
66973,1,1,False,2,2887,20
66974,1,1,False,2,2887,20
66975,1,1,False,2,2887,20
66976,1,1,False,3,25,18
66984,1,1,False,2,237,19
66986,1,1,False,2,237,19
66987,1,1,False,0,-1,5
66988,1,1,False,0,-1,3
66989,1,1,False,1,62,6
66991,1,1,False,0,-1,18
66992,1,1,False,0,-1,20
66997,1,1,False,1,2888,5
66998,1,1,False,1,2888,5
66999,1,1,False,0,-1,12
67001,1,1,False,1,26,18
67002,1,1,False,0,-1,18
67005,1,1,False,0,-1,5
67009,1,1,False,0,-1,24
67011,1,1,False,2,19,7
67013,1,1,False,1,221,19
67016,1,1,False,1,62,18
67018,1,1,False,2,16,18
67023,1,1,False,3,294,5
67024,1,1,False,0,-1,14
67026,1,1,False,0,-1,4
67027,1,1,False,1,68,20
67030,1,1,False,0,-1,12
67031,1,1,False,0,-1,15
67035,1,1,False,1,62,18
67038,1,1,False,2,237,24
67039,1,1,False,1,1236,27
67041,1,1,False,0,-1,18
67047,1,1,False,2,10,17
67048,1,1,False,2,10,17
67049,1,1,False,0,-1,18
67055,1,1,False,2,70,4
67057,1,1,False,3,237,5
67063,1,1,False,0,-1,14
67065,1,1,False,0,-1,25
67073,1,1,False,0,-1,14
67077,1,1,False,1,237,16
67079,1,1,False,0,-1,6
67080,1,1,False,0,-1,1
67081,1,1,False,1,2889,3
67082,1,1,False,1,2889,3
67086,1,1,False,0,-1,13
67088,1,1,False,3,74,13
67090,1,1,False,3,74,13
67091,1,1,False,0,-1,5
67093,1,1,False,1,44,8
67094,1,1,False,1,27,22
67098,1,1,False,0,-1,24
67100,1,1,False,3,294,18
67102,1,1,False,3,294,18
67103,1,1,False,3,294,18
67107,1,1,False,1,2890,14
67108,1,1,False,1,2890,14
67115,1,1,False,3,52,5
67116,1,1,False,3,52,5
67119,1,1,False,1,20,12
67123,1,1,False,2,2891,13
67124,1,1,False,2,2891,13
67125,1,1,False,2,2891,13
67126,1,1,False,1,2892,13
67127,1,1,False,1,2892,13
67128,1,1,False,0,-1,12
67129,1,1,False,0,-1,14
67134,1,1,False,2,6,9
67143,1,1,False,1,2893,4
67144,1,1,False,1,2893,4
67149,1,1,False,0,-1,21
67150,1,1,False,0,-1,13
67152,1,1,False,1,1162,20
67157,1,1,False,2,30,5
67158,1,1,False,2,30,5
67159,1,1,False,0,-1,12
67162,1,1,False,3,62,12
67164,1,1,False,3,62,12
67166,1,1,False,0,-1,2
67167,1,1,False,0,-1,28
67171,1,1,False,2,2871,14
67172,1,1,False,0,-1,17
67182,1,1,False,0,-1,22
67183,1,1,False,1,54,14
67185,1,1,False,0,-1,9
67189,1,1,False,0,-1,5
67190,1,1,False,3,74,6
67191,1,1,False,3,74,6
67192,1,1,False,3,74,6
67197,1,1,False,0,-1,12
67198,1,1,False,0,-1,4
67199,1,1,False,0,-1,8
67201,1,1,False,0,-1,28
67203,1,1,False,3,3,5
67204,1,1,False,3,3,5
67209,1,1,False,2,161,13
67211,1,1,False,0,-1,18
67214,1,1,False,2,62,17
67215,1,1,False,1,74,12
67218,1,1,False,0,-1,5
67219,1,1,False,2,2894,19
67224,1,1,False,1,20,13
67226,1,1,False,0,-1,13
67227,1,1,False,3,294,9
67230,1,1,False,3,294,9
67231,1,1,False,0,-1,7
67233,1,1,False,1,2895,14
67234,1,1,False,1,2895,14
67237,1,1,False,1,992,18
67238,1,1,False,3,48,12
67239,1,1,False,3,48,12
67241,1,1,False,3,48,12
67242,1,1,False,0,-1,16
67243,1,1,False,1,2896,24
67244,1,1,False,1,2896,24
67245,1,1,False,0,-1,18
67248,1,1,False,1,2897,20
67249,1,1,False,1,2897,20
67250,1,1,False,0,-1,15
67251,1,1,False,2,2898,20
67252,1,1,False,2,2898,20
67253,1,1,False,2,2898,20
67254,1,1,False,2,74,12
67264,1,1,False,0,-1,20
67269,1,1,False,1,6,12
67273,1,1,False,0,-1,14
67277,1,1,False,2,2899,26
67278,1,1,False,2,2899,26
67282,1,1,False,0,-1,12
67283,1,1,False,0,-1,17
67288,1,1,False,0,-1,13
67289,1,1,False,2,294,13
67291,1,1,False,2,294,13
67292,1,1,False,2,1,13
67294,1,1,False,2,1,13
67295,1,1,False,0,-1,9
67297,1,1,False,0,-1,14
67300,1,1,False,1,106,6
67302,1,1,False,0,-1,14
67305,1,1,False,0,-1,7
67309,1,1,False,3,114,24
67315,1,1,False,0,-1,5
67317,1,1,False,1,114,20
67318,1,1,False,0,-1,7
67319,1,1,False,1,2900,20
67320,1,1,False,1,2900,20
67321,1,1,False,1,2901,5
67322,1,1,False,1,2901,5
67323,1,1,False,2,2902,16
67324,1,1,False,2,2902,16
67325,1,1,False,2,2902,16
67326,1,1,False,0,-1,12
67328,1,1,False,2,2903,14
67329,1,1,False,2,2903,14
67331,1,1,False,0,-1,27
67332,1,1,False,1,30,14
67334,1,1,False,0,-1,12
67337,1,1,False,1,62,4
67340,1,1,False,0,-1,6
67344,1,1,False,0,-1,12
67345,1,1,False,0,-1,13
67346,1,1,False,0,-1,21
67348,1,1,False,2,19,17
67349,1,1,False,2,19,17
67353,1,1,False,1,2904,19
67354,1,1,False,1,2904,19
67356,1,1,False,3,2905,20
67357,1,1,False,3,2905,20
67358,1,1,False,3,2905,20
67359,1,1,False,3,2905,20
67362,1,1,False,1,74,13
67363,1,1,False,0,-1,11
67364,1,1,False,0,-1,2
67367,1,1,False,1,19,5
67368,1,1,False,0,-1,14
67369,1,1,False,0,-1,2
67370,1,1,False,0,-1,26
67373,1,1,False,0,-1,23
67375,1,1,False,1,2906,9
67376,1,1,False,1,2906,9
67377,1,1,False,1,1396,12
67379,1,1,False,0,-1,6
67380,1,1,False,0,-1,4
67381,1,1,False,0,-1,14
67382,1,1,False,0,-1,20
67384,1,1,False,3,30,15
67385,1,1,False,3,30,15
67387,1,1,False,0,-1,13
67388,1,1,False,1,43,20
67391,1,1,False,1,70,11
67394,1,1,False,1,59,9
67396,1,1,False,1,62,12
67401,1,1,False,3,10,14
67402,1,1,False,1,2907,14
67403,1,1,False,1,2907,14
67407,1,1,False,1,2908,20
67408,1,1,False,1,2908,20
67415,1,1,False,0,-1,15
67418,1,1,False,1,16,4
67422,1,1,False,1,2909,12
67423,1,1,False,1,2909,12
67424,1,1,False,2,473,12
67426,1,1,False,2,473,12
67431,1,1,False,2,22,12
67435,1,1,False,1,54,12
67437,1,1,False,0,-1,27
67438,1,1,False,1,2910,6
67439,1,1,False,1,2910,6
67440,1,1,False,0,-1,11
67441,1,1,False,0,-1,15
67443,1,1,False,1,135,1
67444,1,1,False,0,-1,12
67447,1,1,False,0,-1,9
67448,1,1,False,2,2911,18
67449,1,1,False,2,2911,18
67450,1,1,False,2,2911,18
67451,1,1,False,1,56,11
67453,1,1,False,1,2912,13
67454,1,1,False,1,2912,13
67455,1,1,False,0,-1,24
67457,1,1,False,3,22,15
67459,1,1,False,3,22,15
67460,1,1,False,0,-1,12
67461,1,1,False,0,-1,5
67468,1,1,False,2,19,21
67471,1,1,False,0,-1,17
67472,1,1,False,0,-1,20
67473,1,1,False,0,-1,14
67476,1,1,False,0,-1,9
67478,1,1,False,2,294,23
67481,1,1,False,1,2913,14
67482,1,1,False,1,2913,14
67483,1,1,False,0,-1,18
67486,1,1,False,1,58,5
67488,1,1,False,0,-1,5
67489,1,1,False,1,16,12
67492,1,1,False,1,114,18
67493,1,1,False,0,-1,15
67497,1,1,False,0,-1,15
67501,1,1,False,3,30,13
67502,1,1,False,0,-1,14
67503,1,1,False,0,-1,27
67506,1,1,False,3,30,9
67507,1,1,False,3,30,9
67508,1,1,False,3,30,9
67512,1,1,False,0,-1,2
67513,1,1,False,0,-1,10
67519,1,1,False,2,294,9
67520,1,1,False,1,294,12
67525,1,1,False,1,25,5
67528,1,1,False,3,19,3
67531,1,1,False,2,105,7
67533,1,1,False,2,105,7
67534,1,1,False,0,-1,8
67536,1,1,False,2,20,12
67540,1,1,False,1,80,12
67542,1,1,False,1,2914,8
67543,1,1,False,1,2914,8
67546,1,1,False,0,-1,4
67547,1,1,False,1,0,13
67551,1,1,False,1,20,5
67552,1,1,False,0,-1,10
67553,1,1,False,3,30,2
67555,1,1,False,3,30,2
67556,1,1,False,3,30,2
67558,1,1,False,0,-1,20
67559,1,1,False,0,-1,12
67560,1,1,False,1,2915,7
67561,1,1,False,1,2915,7
67562,1,1,False,0,-1,14
67563,1,1,False,1,3,14
67567,1,1,False,3,62,1
67570,1,1,False,3,62,1
67573,1,1,False,0,-1,3
67576,1,1,False,0,-1,14
67577,1,1,False,1,2916,20
67578,1,1,False,1,2916,20
67580,1,1,False,0,-1,2
67581,1,1,False,0,-1,5
67583,1,1,False,3,52,13
67587,1,1,False,0,-1,12
67590,1,1,False,0,-1,8
67592,1,1,False,1,1,23
67595,1,1,False,1,70,3
67596,1,1,False,0,-1,21
67597,1,1,False,1,2917,12
67598,1,1,False,1,2917,12
67599,1,1,False,2,44,12
67600,1,1,False,2,44,12
67603,1,1,False,1,106,22
67605,1,1,False,3,70,18
67608,1,1,False,3,70,18
67610,1,1,False,2,294,12
67611,1,1,False,2,294,12
67613,1,1,False,3,51,18
67615,1,1,False,3,51,18
67617,1,1,False,1,2903,6
67618,1,1,False,0,-1,6
67619,1,1,False,0,-1,5
67620,1,1,False,3,294,3
67622,1,1,False,3,294,3
67625,1,1,False,1,30,24
67628,1,1,False,1,86,12
67632,1,1,False,1,45,19
67633,1,1,False,1,2918,12
67634,1,1,False,1,2918,12
67639,1,1,False,2,2919,26
67640,1,1,False,2,2919,26
67641,1,1,False,2,2919,26
67642,1,1,False,1,30,5
67645,1,1,False,1,2920,8
67646,1,1,False,1,2920,8
67647,1,1,False,1,2921,20
67648,1,1,False,1,2921,20
67650,1,1,False,2,106,15
67651,1,1,False,2,106,15
67653,1,1,False,1,4,12
67654,1,1,False,1,4,12
67656,1,1,False,1,245,13
67664,1,1,False,2,10,12
67666,1,1,False,0,-1,2
67667,1,1,False,0,-1,20
67669,1,1,False,0,-1,18
67670,1,1,False,0,-1,20
67672,1,1,False,1,106,11
67673,1,1,False,2,114,1
67675,1,1,False,2,114,1
67677,1,1,False,2,10,17
67684,1,1,False,2,139,5
67685,1,1,False,1,25,18
67691,1,1,False,1,25,17
67693,1,1,False,2,5,5
67694,1,1,False,2,5,5
67695,1,1,False,2,5,5
67697,1,1,False,3,86,12
67701,1,1,False,3,114,16
67704,1,1,False,3,114,16
67709,1,1,False,1,106,11
67712,1,1,False,0,-1,12
67716,1,1,False,1,106,28
67717,1,1,False,1,179,20
67719,1,1,False,0,-1,2
67721,1,1,False,0,-1,13
67722,1,1,False,0,-1,18
67723,1,1,False,1,132,12
67724,1,1,False,1,132,12
67727,1,1,False,1,164,17
67729,1,1,False,1,25,21
67732,1,1,False,0,-1,26
67733,1,1,False,1,8,15
67734,1,1,False,1,8,15
67736,1,1,False,0,-1,12
67737,1,1,False,0,-1,26
67740,1,1,False,3,86,6
67744,1,1,False,0,-1,12
67748,1,1,False,1,3,13
67752,1,1,False,0,-1,5
67755,1,1,False,0,-1,28
67759,1,1,False,1,3,14
67761,1,1,False,1,56,16
67764,1,1,False,1,294,17
67765,1,1,False,1,9,4
67766,1,1,False,1,9,4
67767,1,1,False,0,-1,15
67769,1,1,False,2,19,5
67772,1,1,False,1,15,15
67773,1,1,False,1,0,14
67776,1,1,False,1,54,28
67778,1,1,False,0,-1,26
67781,1,1,False,1,51,10
67783,1,1,False,3,70,25
67785,1,1,False,3,70,25
67788,1,1,False,1,137,26
67793,1,1,False,0,-1,5
67796,1,1,False,3,19,15
67797,1,1,False,3,19,15
67799,1,1,False,3,19,15
67800,1,1,False,3,294,12
67808,1,1,False,0,-1,6
67811,1,1,False,2,144,13
67812,1,1,False,2,144,13
67813,1,1,False,2,144,13
67814,1,1,False,0,-1,5
67815,1,1,False,0,-1,13
67819,1,1,False,1,79,5
67823,1,1,False,2,294,17
67825,1,1,False,0,-1,6
67826,1,1,False,0,-1,12
67831,1,1,False,2,950,6
67832,1,1,False,2,950,6
67836,1,1,False,1,62,24
67842,1,1,False,2,0,22
67843,1,1,False,2,0,22
67844,1,1,False,0,-1,5
67845,1,1,False,0,-1,10
67849,1,1,False,1,2871,26
67853,1,1,False,1,0,25
67854,1,1,False,1,3,5
67857,1,1,False,2,24,8
67859,1,1,False,2,24,8
67860,1,1,False,0,-1,20
67861,1,1,False,1,2,4
67864,1,1,False,1,152,20
67865,1,1,False,1,152,20
67869,1,1,False,2,72,19
67870,1,1,False,0,-1,5
67871,1,1,False,0,-1,17
67875,1,1,False,1,53,13
67880,1,1,False,1,62,22
67882,1,1,False,1,86,24
67883,1,1,False,0,-1,2
67890,1,1,False,0,-1,18
67893,1,1,False,3,2,22
67898,1,1,False,1,106,18
67900,1,1,False,2,156,11
67901,1,1,False,2,156,11
67902,1,1,False,2,156,11
67908,1,1,False,0,-1,9
67909,1,1,False,2,19,4
67911,1,1,False,2,19,4
67913,1,1,False,1,294,20
67916,1,1,False,0,-1,14
67918,1,1,False,0,-1,8
67919,1,1,False,0,-1,28
67920,1,1,False,0,-1,17
67924,1,1,False,3,1,15
67925,1,1,False,3,1,15
67926,1,1,False,0,-1,5
67927,1,1,False,1,86,22
67929,1,1,False,0,-1,13
67932,1,1,False,0,-1,24
67934,1,1,False,1,10,12
67940,1,1,False,0,-1,5
67941,1,1,False,0,-1,5
67945,1,1,False,1,80,9
67948,1,1,False,2,62,5
67950,1,1,False,1,20,18
67954,1,1,False,0,-1,5
67959,1,1,False,1,3,18
67961,1,1,False,0,-1,13
67962,1,1,False,1,36,13
67963,1,1,False,1,36,13
67966,1,1,False,0,-1,15
67969,1,1,False,3,114,20
67971,1,1,False,3,114,20
67972,1,1,False,2,30,12
67980,1,1,False,2,41,12
67981,1,1,False,2,41,12
67982,1,1,False,2,41,12
67985,1,1,False,0,-1,20
67986,1,1,False,0,-1,25
67989,1,1,False,0,-1,17
67991,1,1,False,0,-1,12
67992,1,1,False,0,-1,16
67994,1,1,False,3,62,5
67995,1,1,False,3,62,5
67997,1,1,False,3,62,5
68001,1,1,False,1,42,16
68002,1,1,False,1,42,16
68003,1,1,False,0,-1,19
68004,1,1,False,1,20,6
68006,1,1,False,0,-1,17
68008,1,1,False,1,46,8
68009,1,1,False,1,46,8
68010,1,1,False,1,74,27
68013,1,1,False,1,237,4
68016,1,1,False,0,-1,9
68018,1,1,False,0,-1,18
68019,1,1,False,0,-1,16
68020,1,1,False,0,-1,17
68021,1,1,False,0,-1,20
68023,1,1,False,3,30,11
68025,1,1,False,3,30,11
68026,1,1,False,2,30,18
68028,1,1,False,2,30,18
68029,1,1,False,0,-1,14
68034,1,1,False,2,106,20
68035,1,1,False,1,78,12
68036,1,1,False,1,78,12
68042,1,1,False,1,30,6
68043,1,1,False,1,126,9
68051,1,1,False,2,126,14
68054,1,1,False,0,-1,12
68057,1,1,False,2,10,5
68061,1,1,False,0,-1,5
68063,1,1,False,2,48,9
68065,1,1,False,1,83,12
68066,1,1,False,1,83,12
68076,1,1,False,0,-1,7
68078,1,1,False,2,59,8
68081,1,1,False,0,-1,14
68082,1,1,False,1,87,12
68083,1,1,False,1,87,12
68086,1,1,False,1,229,14
68093,1,1,False,2,20,9
68097,1,1,False,2,237,5
68099,1,1,False,2,237,5
68100,1,1,False,1,19,26
68102,1,1,False,1,92,14
68103,1,1,False,1,92,14
68106,1,1,False,3,294,14
68107,1,1,False,3,294,14
68109,1,1,False,0,-1,13
68111,1,1,False,2,18,8
68116,1,1,False,0,-1,5
68124,1,1,False,2,114,12
68128,1,1,False,0,-1,5
68129,1,1,False,1,52,11
68131,1,1,False,0,-1,20
68136,1,1,False,1,31,5
68139,1,1,False,1,86,20
68141,1,1,False,1,56,1
68143,1,1,False,0,-1,2
68146,1,1,False,3,62,20
68148,1,1,False,1,98,13
68149,1,1,False,1,98,13
68150,1,1,False,0,-1,23
68151,1,1,False,0,-1,2
68153,1,1,False,1,19,13
68157,1,1,False,0,-1,5
68159,1,1,False,0,-1,5
68160,1,1,False,0,-1,5
68163,1,1,False,1,10,17
68164,1,1,False,0,-1,18
68168,1,1,False,1,7,12
68170,1,1,False,1,62,5
68172,1,1,False,1,106,13
68174,1,1,False,0,-1,18
68177,1,1,False,1,100,9
68178,1,1,False,1,100,9
68179,1,1,False,0,-1,9
68184,1,1,False,1,117,5
68185,1,1,False,1,117,5
68187,1,1,False,2,72,14
68189,1,1,False,1,123,5
68190,1,1,False,1,123,5
68191,1,1,False,0,-1,12
